inhibitor,dbgap_rnaseq_sample,predictions,labels
Axitinib (AG-013736),BA3078R,174.09998,219.8894571
Axitinib (AG-013736),BA3079R,176.07477,222.5740099
Axitinib (AG-013736),BA3083R,171.53795,111.8436748
Axitinib (AG-013736),BA3084R,182.01286,223.6261492
Axitinib (AG-013736),BA3087R,216.43399,286.3279433
Axitinib (AG-013736),BA3089R,206.12529,253.1151011
Axitinib (AG-013736),BA3094R,196.35545,202.4792161
Axitinib (AG-013736),BA3099R,171.88844,111.4369439
Axitinib (AG-013736),BA3110R,182.64064,234.6879243
Axitinib (AG-013736),BA3114R,183.98766,232.5291013
Axitinib (AG-013736),BA3117R,203.02153,286.3279433
Axitinib (AG-013736),BA3118R,182.21486,11.74095827
Axitinib (AG-013736),BA3119R,200.39873,260.1240404
Axitinib (AG-013736),BA3126R,199.72325,152.5227834
Axitinib (AG-013736),BA3128R,194.5823,189.0978522
Axitinib (AG-013736),BA3133R,226.74593,222.5462217
Axitinib (AG-013736),BA3135R,192.4146,190.8905162
Axitinib (AG-013736),BA3137R,168.37248,147.3815294
Axitinib (AG-013736),BA3138R,210.06396,211.8843695
Axitinib (AG-013736),BA3139R,235.09433,219.2062054
Axitinib (AG-013736),BA3145R,216.98988,176.6350904
Axitinib (AG-013736),BA3146R,147.5188,144.0500385
Axitinib (AG-013736),BA3152R,183.02888,113.4603277
Axitinib (AG-013736),BA3153R,194.21777,111.4184575
Axitinib (AG-013736),BA3154R,217.43373,250.4155835
Axitinib (AG-013736),BA3157R,193.02794,265.535316
Axitinib (AG-013736),BA3158R,167.53726,38.88415163
Axitinib (AG-013736),BA3162R,182.27863,191.0083229
Axitinib (AG-013736),BA3163R,197.77432,174.2306299
Axitinib (AG-013736),BA3164R,194.5155,200.065703
Axitinib (AG-013736),BA3167R,188.28816,127.7379219
Axitinib (AG-013736),BA3169R,198.06113,116.1826287
Axitinib (AG-013736),BA3171R,223.66809,265.9968793
Axitinib (AG-013736),BA3174R,188.41109,203.1967789
Axitinib (AG-013736),BA3175R,191.08478,156.4989704
Axitinib (AG-013736),BA3177R,156.53168,129.4580159
Axitinib (AG-013736),BA3181R,207.496,185.1480619
Axitinib (AG-013736),BA3182R,169.64061,138.1178625
Axitinib (AG-013736),BA3183R,196.03207,224.42009
Axitinib (AG-013736),BA3186R,221.38167,286.1999074
Axitinib (AG-013736),BA3187R,194.69824,190.9494076
Axitinib (AG-013736),BA3189R,211.254,225.4505011
Axitinib (AG-013736),BA3190R,212.20042,238.8518941
Axitinib (AG-013736),BA3191R,178.3949,134.6848474
Axitinib (AG-013736),BA3192R,202.03957,153.6456455
Axitinib (AG-013736),BA3195R,186.57639,190.7911649
Axitinib (AG-013736),BA3197R,188.11664,213.9459796
Axitinib (AG-013736),BA3199R,176.21469,154.9738117
Axitinib (AG-013736),BA3203R,198.13544,243.7451599
Axitinib (AG-013736),BA3207R,214.53079,140.2758632
Axitinib (AG-013736),BA3208R,191.45493,164.4480499
Axitinib (AG-013736),BA3210R,202.32925,210.4958916
Axitinib (AG-013736),BA3211R,169.9475,101.2312883
Axitinib (AG-013736),BA3212R,226.11424,274.2677559
Axitinib (AG-013736),BA3213R,165.24423,142.4804164
Axitinib (AG-013736),BA3214R,215.33229,274.3555148
Axitinib (AG-013736),BA3216R,181.48257,201.4169628
Axitinib (AG-013736),BA3217R,190.86916,146.2154638
Axitinib (AG-013736),BA3219R,191.26488,202.6846238
Axitinib (AG-013736),BA3222R,214.85419,171.8709829
Axitinib (AG-013736),BA3225R,199.77045,133.2480893
Axitinib (AG-013736),BA3226R,201.97623,202.3964672
Axitinib (AG-013736),BA3227R,203.61523,181.4543557
Axitinib (AG-013736),BA3228R,178.11613,182.7516255
Axitinib (AG-013736),BA3229R,201.25511,228.7373325
Axitinib (AG-013736),BA3230R,220.77408,164.4359904
Axitinib (AG-013736),BA3232R,183.90878,245.0090718
Axitinib (AG-013736),BA3235R,191.6724,240.8975768
Axitinib (AG-013736),BA3240R,216.74675,98.82181195
Axitinib (AG-013736),BA3242R,193.59486,245.5281268
Axitinib (AG-013736),BA3243R,183.98064,163.2709548
Axitinib (AG-013736),BA3249R,221.50415,252.3073282
Axitinib (AG-013736),BA3250R,169.07971,257.33017
Axitinib (AG-013736),BA3251R,169.39641,165.8105464
Axitinib (AG-013736),BA3258R,181.93233,218.7389385
Axitinib (AG-013736),BA3260R,213.86795,177.4161174
Axitinib (AG-013736),BA3261R,221.21384,214.9654254
Axitinib (AG-013736),BA3264R,159.10526,184.1649554
Axitinib (AG-013736),BA3266R,174.90132,188.4350425
Axitinib (AG-013736),BA3268R,207.3653,209.7618122
Axitinib (AG-013736),BA3270R,191.73444,204.0120212
Axitinib (AG-013736),BA3273R,214.83887,140.4492402
Axitinib (AG-013736),BA3275R,193.58878,222.4151741
Axitinib (AG-013736),BA3277R,189.49811,214.7823124
Axitinib (AG-013736),BA3283R,171.72382,190.5869187
Axitinib (AG-013736),BA3285R,234.18346,257.620033
Axitinib (AG-013736),BA3286R,158.41495,183.9114382
Axitinib (AG-013736),BA3289R,176.67966,236.5839095
Axitinib (AG-013736),BA3290R,220.48145,226.1775307
Axitinib (AG-013736),BA3293R,209.3879,205.1851138
Axitinib (AG-013736),BA3295R,172.9431,200.7208173
Axitinib (AG-013736),BA3297R,181.2828,48.06896735
Axitinib (AG-013736),BA3299R,177.64929,153.2912124
Axitinib (AG-013736),BA3300R,213.87434,212.4581085
Axitinib (AG-013736),BA3302R,196.44482,199.4709819
Axitinib (AG-013736),BA3305R,196.35204,248.1879822
Axitinib (AG-013736),BA3306R,204.44055,188.4363662
Axitinib (AG-013736),BA3308R,185.76202,227.4476081
Axitinib (AG-013736),BA3310R,191.14508,222.8011141
Axitinib (AG-013736),BA3311R,183.55351,56.51969109
Axitinib (AG-013736),BA3312R,196.28946,209.2672656
Axitinib (AG-013736),BA3317R,208.20705,278.4918008
Axitinib (AG-013736),BA3319R,219.05724,131.418719
Axitinib (AG-013736),BA3324R,191.81174,152.8326535
Axitinib (AG-013736),BA3325R,194.36182,168.6986871
Axitinib (AG-013736),BA3326R,197.29413,216.4971743
Axitinib (AG-013736),BA3328R,199.0865,203.8026893
Axitinib (AG-013736),BA3332R,192.67415,200.411536
Axitinib (AG-013736),BA3333R,194.19228,248.6755708
Axitinib (AG-013736),BA3334R,186.46957,187.8510164
Axitinib (AG-013736),BA3341R,212.15025,224.1270045
Axitinib (AG-013736),BA3345R,175.13803,199.8834787
Axitinib (AG-013736),BA3347R,197.17381,160.3475762
Axitinib (AG-013736),BA3351R,229.63783,254.6513158
Axitinib (AG-013736),BA3352R,206.77914,235.1938493
Axitinib (AG-013736),BA3353R,209.4424,285.4794576
Axitinib (AG-013736),BA3357R,209.87094,247.6433999
Axitinib (AG-013736),BA3362R,217.79901,231.2638285
Axitinib (AG-013736),BA3367R,200.36067,126.0499671
Axitinib (AG-013736),BA3369R,158.3071,188.4102339
Axitinib (AG-013736),BA3373R,234.09436,270.283206
Axitinib (AG-013736),BA3374R,200.8226,259.6579376
Axitinib (AG-013736),BA3375R,185.46039,236.8442117
Axitinib (AG-013736),BA3379R,190.13332,225.0876444
Axitinib (AG-013736),BA3380R,190.14275,154.7553752
Axitinib (AG-013736),BA3381R,183.07631,194.7929687
Axitinib (AG-013736),BA3384R,182.44473,189.260923
Axitinib (AG-013736),BA3385R,165.49367,192.7644094
Axitinib (AG-013736),BA3386R,169.80267,198.8833595
Axitinib (AG-013736),BA3388R,209.1181,200.8900514
Axitinib (AG-013736),BA3390R,188.25018,222.776521
Axitinib (AG-013736),BA3394R,194.0183,189.0048657
Axitinib (AG-013736),BA3395R,214.49881,200.4910525
Axitinib (AG-013736),BA3397R,196.97037,190.172763
Axitinib (AG-013736),BA3399R,197.3563,213.7042567
Axitinib (AG-013736),BA3400R,220.62888,262.4104538
Axitinib (AG-013736),BA3403R,197.04315,199.9836813
Axitinib (AG-013736),BA3406R,189.6277,160.774786
Axitinib (AG-013736),BA3407R,187.90503,154.2586914
Axitinib (AG-013736),BA3411R,217.8717,243.9227817
Axitinib (AG-013736),BA3412R,217.77013,268.6046974
Axitinib (AG-013736),BA3415R,223.53435,258.9330276
Axitinib (AG-013736),BA3416R,233.12505,286.3279433
Axitinib (AG-013736),BA3417R,176.04453,107.1260662
Axitinib (AG-013736),BA3418R,206.00237,197.0834941
Axitinib (AG-013736),BA3421R,171.28444,192.9238639
Axitinib (AG-013736),BA3422R,216.64674,258.3693782
Axitinib (AG-013736),BA3423R,214.74614,176.645232
Axitinib (AG-013736),BA3431R,178.33719,178.5980751
Axitinib (AG-013736),BA3433R,203.28706,237.2895743
Axitinib (AG-013736),BA3434R,201.55388,202.1298151
Axitinib (AG-013736),BA3438R,201.2272,233.1479527
Axitinib (AG-013736),BA3445R,207.04422,242.5258375
Axitinib (AG-013736),BA3446R,171.86824,204.0503639
Axitinib (AG-013736),BA3449R,204.44867,252.345807
Axitinib (AG-013736),BA3451R,193.15546,205.3782205
Axitinib (AG-013736),BA3452R,188.55167,180.05128
Axitinib (AG-013736),BA3454R,181.11713,261.3703325
Crenolanib,BA3078R,190.97075,284.0315222
Crenolanib,BA3079R,195.36354,240.4862006
Crenolanib,BA3083R,201.32306,241.9251998
Crenolanib,BA3087R,218.43166,284.4069176
Crenolanib,BA3089R,205.16463,282.2138238
Crenolanib,BA3094R,206.92955,213.1492212
Crenolanib,BA3098R,192.33472,173.7750682
Crenolanib,BA3099R,181.61945,66.98621731
Crenolanib,BA3110R,198.21129,179.9440977
Crenolanib,BA3114R,211.32597,253.4547766
Crenolanib,BA3117R,223.66965,8.09E-09
Crenolanib,BA3118R,201.4434,158.2706777
Crenolanib,BA3119R,196.07565,285.915957
Crenolanib,BA3126R,224.70186,193.1794707
Crenolanib,BA3128R,192.6145,218.807494
Crenolanib,BA3130R,233.97235,280.9786027
Crenolanib,BA3133R,246.36685,268.2883674
Crenolanib,BA3135R,186.71513,142.839794
Crenolanib,BA3137R,192.20715,195.8972838
Crenolanib,BA3138R,240.4531,243.8838372
Crenolanib,BA3139R,232.67444,240.5904125
Crenolanib,BA3145R,215.81976,62.79771379
Crenolanib,BA3146R,168.61478,153.6547181
Crenolanib,BA3152R,211.92372,233.2733457
Crenolanib,BA3153R,206.3713,204.0519073
Crenolanib,BA3154R,219.18573,187.1373277
Crenolanib,BA3157R,191.49976,279.3994386
Crenolanib,BA3162R,202.92868,185.844873
Crenolanib,BA3163R,225.48662,214.1623857
Crenolanib,BA3164R,179.89902,83.61076114
Crenolanib,BA3167R,207.63284,125.6612952
Crenolanib,BA3169R,222.6642,202.9433528
Crenolanib,BA3171R,243.64339,283.6834192
Crenolanib,BA3174R,210.55037,149.2943641
Crenolanib,BA3175R,217.54193,225.0640048
Crenolanib,BA3177R,175.69785,138.3433473
Crenolanib,BA3181R,231.14638,231.2507021
Crenolanib,BA3182R,195.35936,178.5909395
Crenolanib,BA3183R,217.12694,245.5900399
Crenolanib,BA3185R,185.1286,212.823405
Crenolanib,BA3186R,227.39444,242.5864836
Crenolanib,BA3187R,219.4008,225.6827084
Crenolanib,BA3189R,219.9552,218.9356377
Crenolanib,BA3190R,234.18298,217.5727961
Crenolanib,BA3191R,202.603,146.0635048
Crenolanib,BA3192R,191.895,103.7066461
Crenolanib,BA3195R,202.82378,206.859169
Crenolanib,BA3197R,174.59106,2.94E-09
Crenolanib,BA3199R,197.15338,213.6619949
Crenolanib,BA3200R,210.44049,276.1935301
Crenolanib,BA3203R,223.52461,270.266706
Crenolanib,BA3206R,228.01152,254.134435
Crenolanib,BA3208R,201.27942,246.0981519
Crenolanib,BA3210R,226.57484,279.9522965
Crenolanib,BA3211R,186.18533,215.9730024
Crenolanib,BA3212R,231.57909,265.8058117
Crenolanib,BA3214R,221.09897,263.9669424
Crenolanib,BA3217R,182.56766,71.41139623
Crenolanib,BA3219R,216.87924,186.2365704
Crenolanib,BA3222R,230.08006,277.3773916
Crenolanib,BA3226R,204.35283,196.6108847
Crenolanib,BA3227R,192.81378,215.4455049
Crenolanib,BA3228R,198.62244,174.4533321
Crenolanib,BA3229R,231.33763,228.9054237
Crenolanib,BA3230R,244.98131,194.5947125
Crenolanib,BA3232R,207.57751,239.779345
Crenolanib,BA3235R,219.65086,159.8973095
Crenolanib,BA3240R,213.3375,264.7825534
Crenolanib,BA3242R,224.92381,256.3276808
Crenolanib,BA3249R,218.55653,286.0174495
Crenolanib,BA3250R,194.51524,226.6343668
Crenolanib,BA3251R,190.44653,195.5043143
Crenolanib,BA3258R,214.39981,124.0905322
Crenolanib,BA3260R,239.06563,250.4440542
Crenolanib,BA3261R,243.34106,285.2394031
Crenolanib,BA3264R,159.49039,129.4777641
Crenolanib,BA3266R,198.5549,261.9062113
Crenolanib,BA3268R,216.05214,260.8982224
Crenolanib,BA3270R,222.61339,231.6172077
Crenolanib,BA3271R,180.16966,142.2619449
Crenolanib,BA3275R,193.71042,247.0855523
Crenolanib,BA3277R,213.0642,252.8020003
Crenolanib,BA3283R,188.15448,136.9173918
Crenolanib,BA3285R,232.86475,241.7998794
Crenolanib,BA3286R,186.42017,185.2824512
Crenolanib,BA3289R,199.95596,229.3401257
Crenolanib,BA3290R,245.17125,242.0313332
Crenolanib,BA3293R,194.45158,68.1537433
Crenolanib,BA3295R,197.55487,208.4837634
Crenolanib,BA3297R,205.4066,210.3909011
Crenolanib,BA3299R,204.74866,212.6490159
Crenolanib,BA3300R,216.74243,250.8245463
Crenolanib,BA3302R,214.14594,162.5476201
Crenolanib,BA3305R,220.4849,277.121613
Crenolanib,BA3306R,195.32263,118.8952784
Crenolanib,BA3308R,198.88837,210.5093491
Crenolanib,BA3310R,195.89023,285.8089211
Crenolanib,BA3311R,210.13008,250.4396284
Crenolanib,BA3317R,202.16278,178.5426918
Crenolanib,BA3318R,221.38037,161.0660376
Crenolanib,BA3319R,231.22629,132.50636
Crenolanib,BA3324R,219.1987,170.053794
Crenolanib,BA3326R,223.82617,226.3525538
Crenolanib,BA3328R,208.39206,250.9175483
Crenolanib,BA3332R,200.18765,222.7637604
Crenolanib,BA3333R,201.20276,247.6430661
Crenolanib,BA3334R,212.18405,238.0752803
Crenolanib,BA3341R,227.87692,240.0490697
Crenolanib,BA3345R,202.7468,173.9362742
Crenolanib,BA3347R,223.83328,224.391438
Crenolanib,BA3351R,232.04895,285.5887784
Crenolanib,BA3352R,205.43927,113.3779918
Crenolanib,BA3353R,213.79019,230.9454313
Crenolanib,BA3357R,226.85454,286.3279433
Crenolanib,BA3362R,232.60947,160.0978909
Crenolanib,BA3367R,222.1534,227.6634609
Crenolanib,BA3369R,182.50146,190.0879219
Crenolanib,BA3374R,221.44339,260.0235838
Crenolanib,BA3375R,186.61478,247.3184344
Crenolanib,BA3376R,174.79852,232.2398514
Crenolanib,BA3379R,210.74693,231.7989048
Crenolanib,BA3380R,177.28918,120.7451172
Crenolanib,BA3381R,212.55588,252.5062244
Crenolanib,BA3384R,201.61522,239.0947801
Crenolanib,BA3385R,196.0311,83.81030479
Crenolanib,BA3386R,166.038,150.180717
Crenolanib,BA3388R,239.37262,255.7918886
Crenolanib,BA3390R,219.41939,247.5624997
Crenolanib,BA3394R,214.90172,229.0201376
Crenolanib,BA3397R,210.72131,204.3419387
Crenolanib,BA3399R,225.05377,145.5326106
Crenolanib,BA3400R,221.92696,211.0965233
Crenolanib,BA3403R,222.91249,286.2016948
Crenolanib,BA3406R,189.12524,27.76709746
Crenolanib,BA3407R,216.25058,161.0139831
Crenolanib,BA3411R,245.91718,281.7177141
Crenolanib,BA3412R,228.4746,248.9404676
Crenolanib,BA3415R,237.9876,244.9292641
Crenolanib,BA3416R,236.99118,8.09E-09
Crenolanib,BA3417R,196.46976,222.7956619
Crenolanib,BA3421R,196.10442,156.5843403
Crenolanib,BA3422R,211.1347,232.0671715
Crenolanib,BA3431R,202.29488,133.7180498
Crenolanib,BA3433R,202.6903,251.3066151
Crenolanib,BA3434R,224.82622,255.5682556
Crenolanib,BA3438R,210.24992,193.5257295
Crenolanib,BA3449R,213.67024,188.5624737
Crenolanib,BA3451R,226.36543,264.706884
Crenolanib,BA3452R,203.4344,77.51630465
Crenolanib,BA3454R,176.52144,41.02784271
Crizotinib (PF-2341066),BA3078R,182.61249,115.037423
Crizotinib (PF-2341066),BA3079R,186.88983,198.4346716
Crizotinib (PF-2341066),BA3083R,183.42203,214.4736604
Crizotinib (PF-2341066),BA3084R,173.44524,176.8044367
Crizotinib (PF-2341066),BA3087R,209.15929,227.8407784
Crizotinib (PF-2341066),BA3089R,201.74176,258.6998542
Crizotinib (PF-2341066),BA3094R,189.76817,231.7433945
Crizotinib (PF-2341066),BA3098R,185.94495,158.825963
Crizotinib (PF-2341066),BA3099R,185.97292,104.2282807
Crizotinib (PF-2341066),BA3109R,193.65945,254.4850365
Crizotinib (PF-2341066),BA3110R,187.96484,141.3016384
Crizotinib (PF-2341066),BA3114R,188.5431,186.3777147
Crizotinib (PF-2341066),BA3117R,202.49292,8.09E-09
Crizotinib (PF-2341066),BA3119R,189.29532,255.9557736
Crizotinib (PF-2341066),BA3126R,207.52057,162.3563197
Crizotinib (PF-2341066),BA3128R,193.0552,197.6099006
Crizotinib (PF-2341066),BA3130R,223.73648,246.5437189
Crizotinib (PF-2341066),BA3133R,219.18771,218.9517001
Crizotinib (PF-2341066),BA3137R,185.72559,216.0308863
Crizotinib (PF-2341066),BA3138R,209.1129,216.2071588
Crizotinib (PF-2341066),BA3145R,209.36096,165.8320503
Crizotinib (PF-2341066),BA3146R,169.43716,180.0620795
Crizotinib (PF-2341066),BA3152R,193.45813,113.5952772
Crizotinib (PF-2341066),BA3153R,193.62788,156.5405257
Crizotinib (PF-2341066),BA3157R,188.87001,241.0377602
Crizotinib (PF-2341066),BA3158R,177.45949,128.1189666
Crizotinib (PF-2341066),BA3162R,193.33797,223.5739269
Crizotinib (PF-2341066),BA3163R,205.00455,227.1314833
Crizotinib (PF-2341066),BA3164R,193.34439,198.9768499
Crizotinib (PF-2341066),BA3167R,193.9894,130.912887
Crizotinib (PF-2341066),BA3169R,201.76988,135.7125389
Crizotinib (PF-2341066),BA3171R,217.19905,253.2702979
Crizotinib (PF-2341066),BA3174R,196.3563,185.2428398
Crizotinib (PF-2341066),BA3175R,197.91267,211.9698193
Crizotinib (PF-2341066),BA3177R,177.25737,187.1962329
Crizotinib (PF-2341066),BA3181R,207.48741,192.1916964
Crizotinib (PF-2341066),BA3182R,185.62672,146.6413562
Crizotinib (PF-2341066),BA3183R,196.00412,187.7709079
Crizotinib (PF-2341066),BA3185R,175.36478,131.613552
Crizotinib (PF-2341066),BA3186R,214.20245,166.4805517
Crizotinib (PF-2341066),BA3187R,197.63211,224.9350259
Crizotinib (PF-2341066),BA3190R,205.8595,90.53727902
Crizotinib (PF-2341066),BA3191R,191.04591,159.5681424
Crizotinib (PF-2341066),BA3192R,191.30711,222.4475511
Crizotinib (PF-2341066),BA3195R,193.036,174.6141924
Crizotinib (PF-2341066),BA3197R,171.80801,48.95340287
Crizotinib (PF-2341066),BA3199R,188.4055,210.6372172
Crizotinib (PF-2341066),BA3200R,201.87018,257.7217104
Crizotinib (PF-2341066),BA3203R,197.81711,208.2231086
Crizotinib (PF-2341066),BA3206R,205.88133,198.758328
Crizotinib (PF-2341066),BA3208R,195.39885,137.5469092
Crizotinib (PF-2341066),BA3210R,203.56384,158.7895832
Crizotinib (PF-2341066),BA3212R,217.74872,261.3253427
Crizotinib (PF-2341066),BA3213R,184.72487,159.8819632
Crizotinib (PF-2341066),BA3214R,210.64624,261.4992354
Crizotinib (PF-2341066),BA3216R,184.84457,102.0289533
Crizotinib (PF-2341066),BA3219R,198.12398,209.7543696
Crizotinib (PF-2341066),BA3222R,209.82324,216.2156089
Crizotinib (PF-2341066),BA3225R,203.38681,139.2989378
Crizotinib (PF-2341066),BA3226R,197.99701,213.2640711
Crizotinib (PF-2341066),BA3227R,191.1137,103.2483308
Crizotinib (PF-2341066),BA3228R,193.62929,186.5302414
Crizotinib (PF-2341066),BA3229R,204.30476,117.6869216
Crizotinib (PF-2341066),BA3230R,212.29047,163.642371
Crizotinib (PF-2341066),BA3232R,193.19266,225.1204875
Crizotinib (PF-2341066),BA3235R,200.5387,204.9827434
Crizotinib (PF-2341066),BA3240R,206.3848,104.871913
Crizotinib (PF-2341066),BA3242R,198.88663,228.1734496
Crizotinib (PF-2341066),BA3243R,195.69565,170.8429293
Crizotinib (PF-2341066),BA3245R,201.54158,257.9645697
Crizotinib (PF-2341066),BA3249R,211.68083,238.535507
Crizotinib (PF-2341066),BA3250R,184.36842,255.7938065
Crizotinib (PF-2341066),BA3251R,182.5255,174.749055
Crizotinib (PF-2341066),BA3258R,194.5586,229.5253337
Crizotinib (PF-2341066),BA3260R,209.44347,244.3131508
Crizotinib (PF-2341066),BA3261R,214.70111,248.733697
Crizotinib (PF-2341066),BA3264R,167.19118,172.9522167
Crizotinib (PF-2341066),BA3266R,187.16594,111.0781501
Crizotinib (PF-2341066),BA3268R,203.14622,223.0590023
Crizotinib (PF-2341066),BA3270R,196.65668,148.5076664
Crizotinib (PF-2341066),BA3271R,176.26738,166.1050465
Crizotinib (PF-2341066),BA3273R,200.91693,215.6318788
Crizotinib (PF-2341066),BA3275R,183.28336,76.81800052
Crizotinib (PF-2341066),BA3277R,192.56569,217.0286195
Crizotinib (PF-2341066),BA3283R,184.55774,177.1801375
Crizotinib (PF-2341066),BA3285R,222.59628,183.9508006
Crizotinib (PF-2341066),BA3286R,176.91205,169.9775902
Crizotinib (PF-2341066),BA3289R,186.95099,190.9121515
Crizotinib (PF-2341066),BA3290R,212.38997,192.9277411
Crizotinib (PF-2341066),BA3295R,186.10545,216.7107686
Crizotinib (PF-2341066),BA3299R,186.23058,141.522946
Crizotinib (PF-2341066),BA3300R,210.32095,203.3168809
Crizotinib (PF-2341066),BA3302R,200.23105,170.8896781
Crizotinib (PF-2341066),BA3305R,198.49802,229.6705941
Crizotinib (PF-2341066),BA3306R,190.30373,199.1289021
Crizotinib (PF-2341066),BA3310R,180.91661,275.4983104
Crizotinib (PF-2341066),BA3311R,192.80411,99.68133321
Crizotinib (PF-2341066),BA3312R,200.45326,160.7975387
Crizotinib (PF-2341066),BA3317R,200.71278,224.1718369
Crizotinib (PF-2341066),BA3318R,206.63907,76.15188456
Crizotinib (PF-2341066),BA3319R,218.67535,189.5436135
Crizotinib (PF-2341066),BA3324R,200.1633,155.4270835
Crizotinib (PF-2341066),BA3326R,201.65848,222.849824
Crizotinib (PF-2341066),BA3328R,191.18513,137.7398372
Crizotinib (PF-2341066),BA3333R,190.26006,237.0381589
Crizotinib (PF-2341066),BA3334R,193.37582,171.7526295
Crizotinib (PF-2341066),BA3341R,202.31784,204.7002424
Crizotinib (PF-2341066),BA3345R,183.47641,189.9220514
Crizotinib (PF-2341066),BA3347R,202.34067,217.0684766
Crizotinib (PF-2341066),BA3351R,216.73552,123.1439697
Crizotinib (PF-2341066),BA3352R,197.80598,185.5690987
Crizotinib (PF-2341066),BA3353R,198.86714,150.5864607
Crizotinib (PF-2341066),BA3357R,204.33081,175.9975847
Crizotinib (PF-2341066),BA3362R,216.1536,207.1812151
Crizotinib (PF-2341066),BA3367R,196.98572,221.1404704
Crizotinib (PF-2341066),BA3369R,178.07562,234.9450115
Crizotinib (PF-2341066),BA3373R,228.67381,262.7042081
Crizotinib (PF-2341066),BA3374R,204.18484,224.7860729
Crizotinib (PF-2341066),BA3375R,171.87755,185.0796324
Crizotinib (PF-2341066),BA3376R,183.92523,230.9019556
Crizotinib (PF-2341066),BA3379R,197.4377,207.9563144
Crizotinib (PF-2341066),BA3380R,187.80278,177.2748463
Crizotinib (PF-2341066),BA3381R,193.86385,203.5694872
Crizotinib (PF-2341066),BA3384R,188.24174,229.6987169
Crizotinib (PF-2341066),BA3385R,181.86722,185.7043613
Crizotinib (PF-2341066),BA3386R,174.79242,170.9048901
Crizotinib (PF-2341066),BA3388R,209.23462,179.5258568
Crizotinib (PF-2341066),BA3390R,198.2275,285.4065118
Crizotinib (PF-2341066),BA3394R,204.15436,221.7570633
Crizotinib (PF-2341066),BA3395R,211.78026,201.4341443
Crizotinib (PF-2341066),BA3397R,200.29185,161.1443201
Crizotinib (PF-2341066),BA3399R,199.32285,247.9280025
Crizotinib (PF-2341066),BA3400R,204.93527,264.1250269
Crizotinib (PF-2341066),BA3403R,202.97586,245.2357163
Crizotinib (PF-2341066),BA3406R,185.12918,111.4684032
Crizotinib (PF-2341066),BA3407R,193.86192,226.9657622
Crizotinib (PF-2341066),BA3411R,212.61642,215.8329952
Crizotinib (PF-2341066),BA3412R,210.74161,256.5547004
Crizotinib (PF-2341066),BA3416R,219.20343,286.3279433
Crizotinib (PF-2341066),BA3417R,186.55818,171.0476347
Crizotinib (PF-2341066),BA3418R,203.93222,163.3413676
Crizotinib (PF-2341066),BA3421R,184.39215,184.9546275
Crizotinib (PF-2341066),BA3422R,198.61465,199.1734576
Crizotinib (PF-2341066),BA3423R,201.30994,169.4773323
Crizotinib (PF-2341066),BA3431R,189.47034,188.3449364
Crizotinib (PF-2341066),BA3433R,191.88515,249.8613068
Crizotinib (PF-2341066),BA3434R,204.1706,236.9370892
Crizotinib (PF-2341066),BA3438R,199.70433,190.9805053
Crizotinib (PF-2341066),BA3445R,197.56288,85.31215168
Crizotinib (PF-2341066),BA3446R,185.50362,205.8282474
Crizotinib (PF-2341066),BA3449R,205.49158,236.4266621
Crizotinib (PF-2341066),BA3451R,203.82918,198.5557687
Crizotinib (PF-2341066),BA3452R,194.10213,152.7302869
Crizotinib (PF-2341066),BA3454R,186.45026,43.98853283
Dasatinib,BA3078R,145.93404,134.3380525
Dasatinib,BA3079R,126.62362,99.77254689
Dasatinib,BA3083R,132.46922,99.58897716
Dasatinib,BA3084R,181.71846,181.4031215
Dasatinib,BA3087R,211.7119,226.2627317
Dasatinib,BA3089R,207.5717,211.2043026
Dasatinib,BA3094R,195.09518,238.9207903
Dasatinib,BA3095R,204.26704,104.3801271
Dasatinib,BA3098R,122.72721,78.60912692
Dasatinib,BA3099R,145.35394,42.9402263
Dasatinib,BA3109R,136.77077,228.9601482
Dasatinib,BA3110R,156.73146,100.7726332
Dasatinib,BA3114R,150.71754,135.3048636
Dasatinib,BA3117R,202.74103,237.3832285
Dasatinib,BA3118R,141.19731,154.8590824
Dasatinib,BA3119R,201.90884,207.0989448
Dasatinib,BA3126R,166.62843,63.31880735
Dasatinib,BA3128R,187.78366,160.4693946
Dasatinib,BA3130R,203.85147,254.1881628
Dasatinib,BA3133R,218.25865,218.2568273
Dasatinib,BA3135R,182.42943,115.5557283
Dasatinib,BA3137R,122.16073,147.9837808
Dasatinib,BA3138R,179.14096,148.676456
Dasatinib,BA3139R,228.84192,206.4210618
Dasatinib,BA3141R,217.22528,228.8700003
Dasatinib,BA3142R,206.3848,262.8071507
Dasatinib,BA3145R,217.32625,113.5473706
Dasatinib,BA3146R,103.6067,80.57197907
Dasatinib,BA3152R,149.52414,129.5006955
Dasatinib,BA3153R,171.39766,92.27889451
Dasatinib,BA3154R,205.66913,67.45016339
Dasatinib,BA3157R,189.58426,222.3741372
Dasatinib,BA3158R,151.03085,48.96937334
Dasatinib,BA3162R,141.11194,157.8117177
Dasatinib,BA3163R,163.13689,219.5893759
Dasatinib,BA3164R,186.92018,156.9199882
Dasatinib,BA3167R,165.00995,52.5784901
Dasatinib,BA3169R,171.84026,107.1879968
Dasatinib,BA3171R,213.97581,239.449033
Dasatinib,BA3174R,135.86446,98.06487409
Dasatinib,BA3175R,147.02525,157.4267183
Dasatinib,BA3176R,193.49738,217.550441
Dasatinib,BA3177R,118.77687,41.47003619
Dasatinib,BA3181R,173.26167,188.1864166
Dasatinib,BA3182R,126.23313,75.72911256
Dasatinib,BA3183R,187.87125,237.9534485
Dasatinib,BA3185R,139.84344,81.66321812
Dasatinib,BA3186R,213.30682,284.8386337
Dasatinib,BA3187R,169.27167,129.1724214
Dasatinib,BA3189R,209.451,202.6197229
Dasatinib,BA3190R,200.31213,216.5529306
Dasatinib,BA3191R,130.46162,133.0289928
Dasatinib,BA3192R,205.55782,112.382458
Dasatinib,BA3195R,154.32335,150.2064455
Dasatinib,BA3197R,190.86823,259.299154
Dasatinib,BA3199R,147.5304,181.9756887
Dasatinib,BA3200R,213.46991,143.7518157
Dasatinib,BA3203R,168.82178,216.4195604
Dasatinib,BA3206R,206.97289,209.8637009
Dasatinib,BA3207R,181.97406,90.98295781
Dasatinib,BA3208R,170.3492,74.68834537
Dasatinib,BA3210R,171.39919,129.8006621
Dasatinib,BA3211R,149.3562,88.80149408
Dasatinib,BA3212R,219.2677,282.8431475
Dasatinib,BA3213R,117.61185,72.73942822
Dasatinib,BA3214R,195.57188,246.5152532
Dasatinib,BA3216R,160.17749,141.3637345
Dasatinib,BA3217R,184.4576,67.30308283
Dasatinib,BA3219R,157.55276,99.83484201
Dasatinib,BA3222R,210.9903,264.6930863
Dasatinib,BA3225R,170.5095,49.55912273
Dasatinib,BA3226R,202.06854,239.0211116
Dasatinib,BA3227R,200.87125,170.4530005
Dasatinib,BA3228R,132.26495,90.76835291
Dasatinib,BA3229R,178.11528,152.357814
Dasatinib,BA3230R,212.34149,188.6968296
Dasatinib,BA3232R,165.05754,221.5009247
Dasatinib,BA3234R,135.1088,11.86705083
Dasatinib,BA3235R,145.93845,100.1548911
Dasatinib,BA3237R,178.33253,179.1847742
Dasatinib,BA3240R,210.67172,64.33398938
Dasatinib,BA3242R,169.71396,145.4615942
Dasatinib,BA3245R,194.05449,238.7845188
Dasatinib,BA3250R,134.01843,228.7680593
Dasatinib,BA3251R,131.49144,141.94365
Dasatinib,BA3255R,117.29012,200.8486982
Dasatinib,BA3258R,138.99582,155.4408442
Dasatinib,BA3260R,181.19601,246.2854159
Dasatinib,BA3261R,219.44221,209.8343614
Dasatinib,BA3264R,147.14294,200.9606998
Dasatinib,BA3266R,144.92865,56.30794263
Dasatinib,BA3268R,203.99391,236.62603
Dasatinib,BA3270R,156.60503,129.8837306
Dasatinib,BA3271R,112.96498,101.3140553
Dasatinib,BA3273R,201.92369,249.229432
Dasatinib,BA3275R,182.51683,107.4586976
Dasatinib,BA3277R,168.45221,169.597316
Dasatinib,BA3283R,124.49193,116.4789514
Dasatinib,BA3285R,229.88147,221.6178822
Dasatinib,BA3286R,117.94164,130.0894928
Dasatinib,BA3289R,120.054695,88.42148708
Dasatinib,BA3290R,207.52931,190.9987521
Dasatinib,BA3293R,206.9654,213.9372339
Dasatinib,BA3295R,135.95227,212.5792693
Dasatinib,BA3296R,176.04062,129.1461422
Dasatinib,BA3297R,153.62976,129.6962491
Dasatinib,BA3299R,131.23643,75.4359117
Dasatinib,BA3300R,206.99994,242.0288382
Dasatinib,BA3302R,186.55492,149.335692
Dasatinib,BA3305R,177.25313,229.8014389
Dasatinib,BA3306R,207.06335,130.5969752
Dasatinib,BA3308R,172.77046,117.347068
Dasatinib,BA3310R,187.40477,101.2811641
Dasatinib,BA3311R,135.40875,3.185388829
Dasatinib,BA3312R,189.47661,254.133376
Dasatinib,BA3315R,208.05632,238.8879367
Dasatinib,BA3317R,208.28316,143.3654631
Dasatinib,BA3318R,194.7302,39.36253819
Dasatinib,BA3319R,189.2252,141.2593587
Dasatinib,BA3324R,165.91121,109.2860947
Dasatinib,BA3325R,171.07596,139.1686416
Dasatinib,BA3326R,171.63116,188.7498443
Dasatinib,BA3328R,190.86108,205.0771924
Dasatinib,BA3329R,177.41425,109.0653935
Dasatinib,BA3332R,188.46901,191.8440706
Dasatinib,BA3333R,189.13503,203.3544658
Dasatinib,BA3334R,153.07713,153.7606115
Dasatinib,BA3335R,199.48729,209.3186524
Dasatinib,BA3339R,177.43831,163.7022228
Dasatinib,BA3341R,205.13968,214.4420454
Dasatinib,BA3345R,117.43716,110.4047936
Dasatinib,BA3347R,168.29701,97.51604593
Dasatinib,BA3351R,225.64656,245.3190471
Dasatinib,BA3352R,202.91199,188.8348835
Dasatinib,BA3357R,210.78972,201.6039139
Dasatinib,BA3362R,218.56639,235.0279965
Dasatinib,BA3367R,169.92043,207.7010949
Dasatinib,BA3369R,115.732704,209.2100736
Dasatinib,BA3373R,226.56638,273.3163954
Dasatinib,BA3374R,198.32721,211.5988323
Dasatinib,BA3375R,181.58545,183.5023381
Dasatinib,BA3379R,169.9775,208.2990705
Dasatinib,BA3380R,176.63385,138.7551596
Dasatinib,BA3381R,146.67723,175.5945471
Dasatinib,BA3384R,157.7345,223.6708833
Dasatinib,BA3385R,123.794914,149.1124855
Dasatinib,BA3386R,147.10193,182.812987
Dasatinib,BA3388R,180.13254,180.1901225
Dasatinib,BA3390R,143.79398,208.2444235
Dasatinib,BA3394R,157.44646,216.6360031
Dasatinib,BA3395R,201.31424,183.378779
Dasatinib,BA3397R,179.84583,134.8140679
Dasatinib,BA3399R,158.02155,124.919855
Dasatinib,BA3400R,214.56978,265.4338481
Dasatinib,BA3403R,191.6576,263.3406072
Dasatinib,BA3406R,175.69974,216.5942751
Dasatinib,BA3407R,144.08212,112.523097
Dasatinib,BA3411R,207.64114,200.1888641
Dasatinib,BA3412R,219.7342,261.7503164
Dasatinib,BA3415R,219.72026,141.943193
Dasatinib,BA3417R,128.35706,80.36973817
Dasatinib,BA3418R,182.65736,109.8154775
Dasatinib,BA3421R,119.22578,90.07803332
Dasatinib,BA3422R,215.78891,241.6658621
Dasatinib,BA3423R,215.7424,205.1386075
Dasatinib,BA3431R,124.897705,126.9384169
Dasatinib,BA3433R,197.1564,209.1421324
Dasatinib,BA3434R,173.4659,202.6806761
Dasatinib,BA3436R,214.66342,268.0742693
Dasatinib,BA3438R,198.29298,116.9879135
Dasatinib,BA3445R,195.25198,212.9149129
Dasatinib,BA3446R,133.0931,114.7873966
Dasatinib,BA3448R,211.99542,191.9796006
Dasatinib,BA3449R,185.97087,244.1916321
Dasatinib,BA3452R,158.83928,110.5976669
Dasatinib,BA3454R,169.63252,227.9368333
Erlotinib,BA3078R,211.21748,198.6583825
Erlotinib,BA3079R,224.10564,268.1277779
Erlotinib,BA3083R,223.72198,215.3821428
Erlotinib,BA3084R,192.46278,197.9431866
Erlotinib,BA3087R,215.86075,166.2640557
Erlotinib,BA3089R,212.02803,215.924603
Erlotinib,BA3094R,209.3566,224.2917303
Erlotinib,BA3098R,223.75963,232.7872456
Erlotinib,BA3099R,212.07285,176.9947341
Erlotinib,BA3110R,218.4114,143.138187
Erlotinib,BA3114R,228.10448,206.1045139
Erlotinib,BA3118R,233.14587,191.4264276
Erlotinib,BA3119R,202.8028,117.4914535
Erlotinib,BA3126R,235.85619,202.3633555
Erlotinib,BA3128R,209.1533,219.0767462
Erlotinib,BA3130R,240.82083,245.9296441
Erlotinib,BA3133R,241.88522,248.8660306
Erlotinib,BA3135R,198.90854,119.3402443
Erlotinib,BA3137R,227.0732,218.7813266
Erlotinib,BA3138R,247.58806,243.9693646
Erlotinib,BA3139R,225.46303,134.2707442
Erlotinib,BA3145R,218.07924,193.6722222
Erlotinib,BA3146R,212.17021,194.684956
Erlotinib,BA3152R,230.65065,187.5568699
Erlotinib,BA3153R,219.86034,246.7307402
Erlotinib,BA3154R,218.00813,184.8601007
Erlotinib,BA3157R,203.42792,229.57693
Erlotinib,BA3158R,206.48103,144.2170901
Erlotinib,BA3162R,232.63391,246.8275143
Erlotinib,BA3163R,236.43909,238.0093463
Erlotinib,BA3164R,205.17287,205.1540231
Erlotinib,BA3167R,223.63248,192.1232094
Erlotinib,BA3169R,237.36331,252.7189362
Erlotinib,BA3171R,241.8955,230.8382025
Erlotinib,BA3174R,235.28644,242.7339665
Erlotinib,BA3175R,236.89581,249.3234701
Erlotinib,BA3177R,212.0884,252.1109439
Erlotinib,BA3181R,241.89967,252.1103969
Erlotinib,BA3182R,222.4386,222.597567
Erlotinib,BA3183R,220.87202,233.5010936
Erlotinib,BA3185R,207.02525,182.4792351
Erlotinib,BA3186R,228.06703,219.9641261
Erlotinib,BA3187R,234.93887,253.6428089
Erlotinib,BA3189R,217.4972,198.9809516
Erlotinib,BA3190R,234.74864,210.6298688
Erlotinib,BA3191R,229.84831,201.0003025
Erlotinib,BA3192R,202.234,213.4863988
Erlotinib,BA3195R,224.92084,217.2100434
Erlotinib,BA3199R,215.59628,235.2668051
Erlotinib,BA3200R,209.15457,187.1685957
Erlotinib,BA3203R,234.28651,247.9703576
Erlotinib,BA3206R,221.91853,213.513698
Erlotinib,BA3207R,239.62273,223.1696103
Erlotinib,BA3208R,219.65533,177.5749593
Erlotinib,BA3210R,241.65219,199.640572
Erlotinib,BA3211R,209.016,131.5503216
Erlotinib,BA3212R,229.67538,217.651545
Erlotinib,BA3213R,227.6244,227.8937711
Erlotinib,BA3214R,233.32747,245.1743107
Erlotinib,BA3216R,218.59468,161.4694978
Erlotinib,BA3217R,202.0204,178.9892562
Erlotinib,BA3219R,228.27983,190.5586668
Erlotinib,BA3222R,228.03043,238.6519818
Erlotinib,BA3225R,228.40312,226.3654356
Erlotinib,BA3226R,213.38705,227.9566504
Erlotinib,BA3227R,201.86192,180.0613787
Erlotinib,BA3228R,230.45207,223.7244926
Erlotinib,BA3229R,238.67267,227.7896278
Erlotinib,BA3230R,240.93884,206.1451053
Erlotinib,BA3232R,222.76108,237.8099117
Erlotinib,BA3235R,238.33006,209.0863684
Erlotinib,BA3240R,210.20662,128.8168751
Erlotinib,BA3242R,233.73085,221.0097101
Erlotinib,BA3249R,216.00928,224.0019967
Erlotinib,BA3250R,221.38113,275.5681306
Erlotinib,BA3251R,222.26189,195.0918293
Erlotinib,BA3258R,233.28143,231.3288635
Erlotinib,BA3260R,244.26428,237.7965532
Erlotinib,BA3261R,237.14844,224.8882444
Erlotinib,BA3264R,195.07228,201.9502454
Erlotinib,BA3266R,217.80295,163.1957239
Erlotinib,BA3268R,217.22838,241.1704019
Erlotinib,BA3270R,236.57532,225.3953774
Erlotinib,BA3271R,220.16867,182.6028862
Erlotinib,BA3273R,220.44298,234.9120767
Erlotinib,BA3275R,205.38521,201.0101994
Erlotinib,BA3277R,226.01164,223.627478
Erlotinib,BA3283R,223.98546,238.5503912
Erlotinib,BA3285R,224.48163,165.5529308
Erlotinib,BA3286R,215.58505,192.6342548
Erlotinib,BA3289R,230.17955,217.1010319
Erlotinib,BA3290R,242.56607,228.7753982
Erlotinib,BA3293R,205.5024,190.9336428
Erlotinib,BA3295R,224.81178,188.0569707
Erlotinib,BA3297R,220.45863,233.8499911
Erlotinib,BA3299R,229.4966,193.0347474
Erlotinib,BA3300R,222.96997,267.498274
Erlotinib,BA3302R,221.70172,251.6450038
Erlotinib,BA3305R,230.91956,267.1854168
Erlotinib,BA3306R,202.8128,187.9695373
Erlotinib,BA3308R,210.03128,204.2741264
Erlotinib,BA3310R,200.75616,191.6122731
Erlotinib,BA3311R,231.78514,102.0653636
Erlotinib,BA3312R,224.79604,228.767386
Erlotinib,BA3317R,208.49748,143.7918028
Erlotinib,BA3318R,229.71957,93.70334142
Erlotinib,BA3319R,243.62352,188.2134958
Erlotinib,BA3324R,231.49689,221.5742286
Erlotinib,BA3325R,229.07925,234.9785984
Erlotinib,BA3326R,234.64845,236.1640605
Erlotinib,BA3328R,216.35016,197.4320857
Erlotinib,BA3333R,212.40237,235.756236
Erlotinib,BA3334R,229.36299,243.4431714
Erlotinib,BA3341R,229.67249,228.3854151
Erlotinib,BA3345R,227.8151,254.9782338
Erlotinib,BA3347R,240.45012,245.1580243
Erlotinib,BA3351R,232.89615,216.9400643
Erlotinib,BA3352R,213.6435,188.8556961
Erlotinib,BA3353R,208.77708,120.1072172
Erlotinib,BA3357R,221.83896,161.8111176
Erlotinib,BA3362R,231.78122,245.8276406
Erlotinib,BA3367R,235.1142,268.4919797
Erlotinib,BA3369R,218.37431,269.0924301
Erlotinib,BA3373R,240.73947,272.0510484
Erlotinib,BA3374R,225.78934,279.3267044
Erlotinib,BA3375R,194.59763,254.947579
Erlotinib,BA3376R,207.27039,173.5250495
Erlotinib,BA3379R,223.19211,216.0955844
Erlotinib,BA3380R,201.56679,187.9056726
Erlotinib,BA3381R,230.78378,250.2214723
Erlotinib,BA3384R,218.71246,248.0139856
Erlotinib,BA3385R,221.19597,242.0249756
Erlotinib,BA3386R,197.98607,220.659558
Erlotinib,BA3390R,236.71846,280.6912209
Erlotinib,BA3394R,235.35497,249.5356651
Erlotinib,BA3395R,243.27615,228.8305449
Erlotinib,BA3397R,222.17468,191.7006162
Erlotinib,BA3399R,239.04462,246.0995922
Erlotinib,BA3400R,221.51555,230.4384185
Erlotinib,BA3403R,229.43112,263.3231197
Erlotinib,BA3406R,206.52515,192.1781284
Erlotinib,BA3407R,237.84865,265.9729309
Erlotinib,BA3411R,244.48941,241.1523668
Erlotinib,BA3412R,225.19754,262.2301944
Erlotinib,BA3415R,232.58781,184.6443645
Erlotinib,BA3417R,223.21956,211.9161041
Erlotinib,BA3418R,233.76485,123.1454373
Erlotinib,BA3421R,228.02165,244.7445305
Erlotinib,BA3422R,205.48773,224.1645425
Erlotinib,BA3423R,203.07956,159.9422788
Erlotinib,BA3431R,232.10532,236.0136159
Erlotinib,BA3433R,209.37872,235.2617101
Erlotinib,BA3434R,235.198,228.294318
Erlotinib,BA3438R,219.64143,244.0527129
Erlotinib,BA3446R,222.59132,236.2232039
Erlotinib,BA3449R,229.34152,257.8426641
Erlotinib,BA3451R,240.40263,273.4334311
Erlotinib,BA3452R,222.35031,244.9941952
Gefitinib,BA3078R,225.32713,261.1519715
Gefitinib,BA3079R,233.99524,224.1839455
Gefitinib,BA3083R,228.89151,213.460199
Gefitinib,BA3084R,216.24384,214.4175513
Gefitinib,BA3087R,236.50261,269.6278795
Gefitinib,BA3089R,233.17773,246.6132224
Gefitinib,BA3094R,235.47382,253.3424532
Gefitinib,BA3098R,232.7067,230.5571166
Gefitinib,BA3099R,224.63504,172.1470403
Gefitinib,BA3110R,230.51653,191.9383268
Gefitinib,BA3114R,232.03654,200.1380119
Gefitinib,BA3118R,244.64642,208.1175916
Gefitinib,BA3119R,222.8073,235.6338641
Gefitinib,BA3126R,251.62479,237.3991541
Gefitinib,BA3128R,227.74605,223.9638251
Gefitinib,BA3130R,255.5853,249.2538918
Gefitinib,BA3133R,255.1372,242.0350878
Gefitinib,BA3137R,234.73863,241.9846199
Gefitinib,BA3138R,253.66647,240.0444821
Gefitinib,BA3139R,250.79994,209.2924194
Gefitinib,BA3145R,239.68266,199.6662966
Gefitinib,BA3146R,219.47179,217.3703611
Gefitinib,BA3152R,235.5352,220.158034
Gefitinib,BA3153R,239.19972,260.031042
Gefitinib,BA3154R,241.22144,258.1969702
Gefitinib,BA3157R,223.32271,260.4508823
Gefitinib,BA3158R,219.7611,181.1878293
Gefitinib,BA3162R,241.93362,251.2854651
Gefitinib,BA3163R,249.93793,243.9298914
Gefitinib,BA3164R,231.94022,212.0452655
Gefitinib,BA3167R,239.73509,170.7452876
Gefitinib,BA3169R,246.85251,197.7847508
Gefitinib,BA3171R,254.28644,242.9474673
Gefitinib,BA3174R,244.71144,241.99942
Gefitinib,BA3175R,246.9797,247.4151239
Gefitinib,BA3177R,226.97208,262.6790863
Gefitinib,BA3181R,252.54736,250.2968531
Gefitinib,BA3183R,232.57047,262.1532089
Gefitinib,BA3185R,224.72997,173.938106
Gefitinib,BA3186R,251.15863,267.012444
Gefitinib,BA3187R,240.87938,262.1527721
Gefitinib,BA3189R,236.62854,230.7263551
Gefitinib,BA3190R,248.43712,262.7249231
Gefitinib,BA3191R,243.86824,249.4011193
Gefitinib,BA3192R,225.81293,217.8335142
Gefitinib,BA3195R,236.11421,232.7022915
Gefitinib,BA3197R,213.40408,233.9633978
Gefitinib,BA3199R,227.1679,190.6555457
Gefitinib,BA3200R,235.19531,167.4407302
Gefitinib,BA3203R,240.88968,239.9632641
Gefitinib,BA3206R,235.02684,236.2865573
Gefitinib,BA3207R,257.35657,185.4619525
Gefitinib,BA3210R,251.8594,214.8695119
Gefitinib,BA3211R,220.6137,131.0271961
Gefitinib,BA3212R,249.39156,271.3014999
Gefitinib,BA3213R,233.96542,215.4215409
Gefitinib,BA3214R,253.88382,273.2869551
Gefitinib,BA3216R,230.61441,224.0978214
Gefitinib,BA3219R,246.15437,207.5447617
Gefitinib,BA3222R,243.24747,265.556814
Gefitinib,BA3225R,246.96364,233.703889
Gefitinib,BA3226R,232.9006,265.2058518
Gefitinib,BA3228R,239.37369,208.8760464
Gefitinib,BA3229R,246.3882,181.2354613
Gefitinib,BA3230R,249.92189,235.3480686
Gefitinib,BA3232R,231.43155,246.9715553
Gefitinib,BA3235R,250.10959,239.1055807
Gefitinib,BA3240R,237.35918,169.6104309
Gefitinib,BA3242R,238.45776,256.8178109
Gefitinib,BA3243R,238.8242,120.217863
Gefitinib,BA3250R,234.55118,281.036457
Gefitinib,BA3251R,228.19925,190.879797
Gefitinib,BA3258R,241.55368,249.0262485
Gefitinib,BA3260R,253.86006,229.4560871
Gefitinib,BA3261R,247.51613,224.3543235
Gefitinib,BA3264R,213.15462,209.9675115
Gefitinib,BA3266R,225.55139,210.8127852
Gefitinib,BA3268R,237.97495,251.8866907
Gefitinib,BA3270R,241.87967,237.3068983
Gefitinib,BA3271R,224.98897,194.6283718
Gefitinib,BA3275R,226.34767,218.956467
Gefitinib,BA3277R,234.2443,225.1840014
Gefitinib,BA3283R,240.04085,230.4427665
Gefitinib,BA3285R,251.02013,208.6076096
Gefitinib,BA3286R,221.81143,206.5512567
Gefitinib,BA3289R,238.98883,272.8603609
Gefitinib,BA3290R,251.12854,260.7667233
Gefitinib,BA3293R,232.44109,224.4782202
Gefitinib,BA3295R,234.15944,251.9948485
Gefitinib,BA3297R,231.2197,247.889704
Gefitinib,BA3299R,236.62228,230.4377814
Gefitinib,BA3300R,243.3693,280.1110263
Gefitinib,BA3302R,233.73802,264.8923408
Gefitinib,BA3305R,242.07193,275.7336118
Gefitinib,BA3306R,224.53818,178.5026982
Gefitinib,BA3308R,225.38774,205.711488
Gefitinib,BA3311R,242.73134,110.7682389
Gefitinib,BA3312R,235.9025,217.4470752
Gefitinib,BA3317R,228.65112,143.7897582
Gefitinib,BA3319R,258.859,248.5391276
Gefitinib,BA3324R,241.5224,229.5016895
Gefitinib,BA3325R,239.69424,241.4889471
Gefitinib,BA3326R,246.947,256.4878675
Gefitinib,BA3328R,233.17343,214.4842007
Gefitinib,BA3332R,224.61542,230.806938
Gefitinib,BA3333R,230.8274,252.3798175
Gefitinib,BA3334R,235.5679,231.0673488
Gefitinib,BA3341R,244.96625,230.1082779
Gefitinib,BA3345R,239.07747,222.8494317
Gefitinib,BA3347R,248.325,206.6513544
Gefitinib,BA3351R,253.76279,236.3171337
Gefitinib,BA3352R,233.14497,228.5482816
Gefitinib,BA3353R,229.18866,257.1315943
Gefitinib,BA3357R,239.38367,249.9040914
Gefitinib,BA3362R,251.78304,239.0991361
Gefitinib,BA3367R,244.87532,248.838728
Gefitinib,BA3369R,231.98335,273.2775221
Gefitinib,BA3373R,257.93002,284.3546952
Gefitinib,BA3374R,245.80464,263.4998987
Gefitinib,BA3376R,223.21169,248.8711896
Gefitinib,BA3379R,232.51277,232.3510541
Gefitinib,BA3380R,223.22646,209.4491781
Gefitinib,BA3381R,234.83879,253.6981181
Gefitinib,BA3384R,232.97113,260.0535183
Gefitinib,BA3385R,225.18661,277.3663533
Gefitinib,BA3386R,217.98878,231.0008832
Gefitinib,BA3390R,246.58151,284.7894799
Gefitinib,BA3394R,244.45377,263.0937309
Gefitinib,BA3395R,251.1701,233.4104672
Gefitinib,BA3397R,236.28523,217.8297428
Gefitinib,BA3399R,246.05267,193.7311068
Gefitinib,BA3400R,243.69269,246.5502703
Gefitinib,BA3403R,247.8924,270.3806517
Gefitinib,BA3406R,226.61385,252.08842
Gefitinib,BA3407R,240.5005,278.1632386
Gefitinib,BA3411R,250.58083,235.7941193
Gefitinib,BA3412R,247.90059,286.161313
Gefitinib,BA3415R,247.45955,201.1405613
Gefitinib,BA3416R,245.36505,262.3829702
Gefitinib,BA3417R,234.75215,249.8147934
Gefitinib,BA3418R,249.26985,187.528967
Gefitinib,BA3421R,234.73363,251.398271
Gefitinib,BA3422R,233.96811,229.6272787
Gefitinib,BA3423R,230.00246,167.5945019
Gefitinib,BA3431R,240.05344,236.0269812
Gefitinib,BA3433R,230.61014,224.1271696
Gefitinib,BA3434R,243.9718,262.1531354
Gefitinib,BA3438R,236.24594,193.8352735
Gefitinib,BA3445R,235.71118,222.2768424
Gefitinib,BA3446R,230.5288,229.7242859
Gefitinib,BA3449R,243.97292,263.3418762
Gefitinib,BA3451R,251.01894,260.0876897
Gefitinib,BA3452R,236.30731,240.8885058
Ibrutinib (PCI-32765),BA3078R,195.9379,158.8242792
Ibrutinib (PCI-32765),BA3079R,195.49898,137.3939013
Ibrutinib (PCI-32765),BA3083R,190.57625,160.0457667
Ibrutinib (PCI-32765),BA3084R,194.58499,157.1446937
Ibrutinib (PCI-32765),BA3087R,228.21487,266.8629362
Ibrutinib (PCI-32765),BA3089R,215.67316,247.1438073
Ibrutinib (PCI-32765),BA3094R,210.10118,183.3890932
Ibrutinib (PCI-32765),BA3098R,192.38611,243.4251578
Ibrutinib (PCI-32765),BA3099R,191.82724,61.85609894
Ibrutinib (PCI-32765),BA3109R,200.58762,208.1942017
Ibrutinib (PCI-32765),BA3110R,205.4422,207.9865346
Ibrutinib (PCI-32765),BA3114R,202.66269,118.1217224
Ibrutinib (PCI-32765),BA3117R,228.59883,8.09E-09
Ibrutinib (PCI-32765),BA3118R,206.75856,286.3279433
Ibrutinib (PCI-32765),BA3119R,205.80878,278.5639481
Ibrutinib (PCI-32765),BA3126R,203.21584,148.0187127
Ibrutinib (PCI-32765),BA3128R,209.45454,193.6938844
Ibrutinib (PCI-32765),BA3130R,212.00764,264.0305121
Ibrutinib (PCI-32765),BA3133R,242.09221,274.4820677
Ibrutinib (PCI-32765),BA3135R,194.82472,178.5744881
Ibrutinib (PCI-32765),BA3137R,192.44525,89.94414439
Ibrutinib (PCI-32765),BA3138R,224.40717,260.74076
Ibrutinib (PCI-32765),BA3139R,241.72768,165.128908
Ibrutinib (PCI-32765),BA3141R,225.20743,161.2042989
Ibrutinib (PCI-32765),BA3142R,231.95076,85.20464733
Ibrutinib (PCI-32765),BA3145R,228.01572,122.7049241
Ibrutinib (PCI-32765),BA3146R,173.4489,188.3343972
Ibrutinib (PCI-32765),BA3152R,199.60791,146.7983994
Ibrutinib (PCI-32765),BA3153R,215.79,211.7403807
Ibrutinib (PCI-32765),BA3154R,227.3805,157.8958022
Ibrutinib (PCI-32765),BA3157R,203.63019,241.6820522
Ibrutinib (PCI-32765),BA3158R,196.6308,230.3111272
Ibrutinib (PCI-32765),BA3162R,199.55193,225.167964
Ibrutinib (PCI-32765),BA3163R,198.85263,163.5964007
Ibrutinib (PCI-32765),BA3164R,201.81268,161.2843137
Ibrutinib (PCI-32765),BA3167R,206.96272,172.2867307
Ibrutinib (PCI-32765),BA3169R,207.77899,140.6070716
Ibrutinib (PCI-32765),BA3171R,239.84187,263.9874146
Ibrutinib (PCI-32765),BA3175R,204.08467,184.42467
Ibrutinib (PCI-32765),BA3176R,215.49178,185.5397371
Ibrutinib (PCI-32765),BA3177R,184.26869,198.7025177
Ibrutinib (PCI-32765),BA3181R,216.5937,211.9573339
Ibrutinib (PCI-32765),BA3182R,192.55753,138.3156999
Ibrutinib (PCI-32765),BA3183R,212.24089,188.1384464
Ibrutinib (PCI-32765),BA3185R,196.38991,153.7203431
Ibrutinib (PCI-32765),BA3186R,233.13483,236.1008889
Ibrutinib (PCI-32765),BA3187R,218.2709,262.1109279
Ibrutinib (PCI-32765),BA3189R,222.53369,157.3616766
Ibrutinib (PCI-32765),BA3190R,228.39633,206.0617491
Ibrutinib (PCI-32765),BA3191R,196.18639,91.86303032
Ibrutinib (PCI-32765),BA3192R,213.41603,240.0883478
Ibrutinib (PCI-32765),BA3195R,211.05493,174.9277565
Ibrutinib (PCI-32765),BA3197R,192.77565,20.43421425
Ibrutinib (PCI-32765),BA3200R,221.74045,200.1746128
Ibrutinib (PCI-32765),BA3203R,218.58707,236.0565789
Ibrutinib (PCI-32765),BA3206R,231.2018,228.2434207
Ibrutinib (PCI-32765),BA3207R,206.41309,182.4295745
Ibrutinib (PCI-32765),BA3208R,208.1681,232.0979059
Ibrutinib (PCI-32765),BA3210R,217.2577,191.3941236
Ibrutinib (PCI-32765),BA3211R,196.56493,135.0298246
Ibrutinib (PCI-32765),BA3212R,235.44391,273.3135872
Ibrutinib (PCI-32765),BA3213R,191.88557,187.2476083
Ibrutinib (PCI-32765),BA3214R,230.07451,281.6367071
Ibrutinib (PCI-32765),BA3216R,198.72487,25.95856154
Ibrutinib (PCI-32765),BA3217R,200.56606,143.765742
Ibrutinib (PCI-32765),BA3219R,193.51633,171.9244096
Ibrutinib (PCI-32765),BA3225R,197.77843,135.9282144
Ibrutinib (PCI-32765),BA3226R,212.97934,193.8741881
Ibrutinib (PCI-32765),BA3228R,199.4227,156.8883436
Ibrutinib (PCI-32765),BA3229R,219.45743,148.7115837
Ibrutinib (PCI-32765),BA3230R,237.82178,280.2942085
Ibrutinib (PCI-32765),BA3232R,204.01555,198.341104
Ibrutinib (PCI-32765),BA3234R,189.89899,140.1601392
Ibrutinib (PCI-32765),BA3235R,196.23541,188.1919439
Ibrutinib (PCI-32765),BA3237R,221.23355,247.9852862
Ibrutinib (PCI-32765),BA3242R,216.18533,265.24935
Ibrutinib (PCI-32765),BA3245R,220.30577,274.0015469
Ibrutinib (PCI-32765),BA3249R,232.28735,172.8043137
Ibrutinib (PCI-32765),BA3250R,189.4417,256.298187
Ibrutinib (PCI-32765),BA3251R,191.76424,188.3910947
Ibrutinib (PCI-32765),BA3255R,185.54471,225.7334648
Ibrutinib (PCI-32765),BA3258R,191.59143,186.2806311
Ibrutinib (PCI-32765),BA3260R,224.08316,124.3669666
Ibrutinib (PCI-32765),BA3261R,241.57832,241.5026968
Ibrutinib (PCI-32765),BA3264R,177.72105,167.6251336
Ibrutinib (PCI-32765),BA3266R,196.1746,99.24674894
Ibrutinib (PCI-32765),BA3268R,224.23376,202.8379085
Ibrutinib (PCI-32765),BA3270R,206.22397,233.0533164
Ibrutinib (PCI-32765),BA3271R,179.39781,151.5614324
Ibrutinib (PCI-32765),BA3273R,224.17847,225.4982848
Ibrutinib (PCI-32765),BA3275R,205.46565,166.503415
Ibrutinib (PCI-32765),BA3277R,208.19585,223.5015655
Ibrutinib (PCI-32765),BA3283R,196.80188,165.1547059
Ibrutinib (PCI-32765),BA3285R,241.24707,153.4490021
Ibrutinib (PCI-32765),BA3286R,181.40279,199.6829752
Ibrutinib (PCI-32765),BA3289R,187.70999,222.8615724
Ibrutinib (PCI-32765),BA3290R,239.95282,209.4498223
Ibrutinib (PCI-32765),BA3293R,213.8669,167.2375114
Ibrutinib (PCI-32765),BA3296R,220.09819,85.90430779
Ibrutinib (PCI-32765),BA3297R,198.92068,48.74429389
Ibrutinib (PCI-32765),BA3299R,192.87845,179.2396764
Ibrutinib (PCI-32765),BA3300R,231.24886,236.8644115
Ibrutinib (PCI-32765),BA3302R,217.30714,238.3743007
Ibrutinib (PCI-32765),BA3305R,217.42465,247.4034135
Ibrutinib (PCI-32765),BA3306R,211.77055,168.2614883
Ibrutinib (PCI-32765),BA3308R,207.65651,183.0920538
Ibrutinib (PCI-32765),BA3310R,199.72842,184.6512625
Ibrutinib (PCI-32765),BA3311R,194.04408,78.44339011
Ibrutinib (PCI-32765),BA3312R,219.09656,251.9985495
Ibrutinib (PCI-32765),BA3317R,222.7646,278.6602721
Ibrutinib (PCI-32765),BA3318R,223.031,142.387442
Ibrutinib (PCI-32765),BA3319R,209.3165,101.0121679
Ibrutinib (PCI-32765),BA3324R,211.30305,180.0167681
Ibrutinib (PCI-32765),BA3325R,215.39487,239.9280273
Ibrutinib (PCI-32765),BA3326R,205.96468,242.4730627
Ibrutinib (PCI-32765),BA3328R,209.21107,163.0947222
Ibrutinib (PCI-32765),BA3329R,216.07266,144.9594079
Ibrutinib (PCI-32765),BA3332R,210.0685,171.1168145
Ibrutinib (PCI-32765),BA3333R,203.6811,190.9210978
Ibrutinib (PCI-32765),BA3334R,205.9403,144.2434028
Ibrutinib (PCI-32765),BA3335R,211.46797,101.945978
Ibrutinib (PCI-32765),BA3339R,217.55418,93.15648335
Ibrutinib (PCI-32765),BA3341R,226.52962,201.2241885
Ibrutinib (PCI-32765),BA3345R,191.76463,229.0572816
Ibrutinib (PCI-32765),BA3347R,207.05869,165.492831
Ibrutinib (PCI-32765),BA3351R,237.93407,236.7258385
Ibrutinib (PCI-32765),BA3352R,213.46585,140.0044741
Ibrutinib (PCI-32765),BA3353R,223.5458,216.3662144
Ibrutinib (PCI-32765),BA3357R,232.08783,151.1905616
Ibrutinib (PCI-32765),BA3362R,227.4223,201.781202
Ibrutinib (PCI-32765),BA3367R,212.63152,228.1788882
Ibrutinib (PCI-32765),BA3369R,186.2839,179.3503152
Ibrutinib (PCI-32765),BA3373R,245.59085,286.3279433
Ibrutinib (PCI-32765),BA3374R,213.4831,190.1458242
Ibrutinib (PCI-32765),BA3375R,188.04349,130.1654842
Ibrutinib (PCI-32765),BA3380R,196.59602,87.81498672
Ibrutinib (PCI-32765),BA3381R,201.72475,187.8137796
Ibrutinib (PCI-32765),BA3384R,199.8119,200.0577866
Ibrutinib (PCI-32765),BA3385R,188.22319,211.2966728
Ibrutinib (PCI-32765),BA3386R,183.72778,185.8600063
Ibrutinib (PCI-32765),BA3388R,225.00993,217.4291274
Ibrutinib (PCI-32765),BA3390R,196.84074,70.57391263
Ibrutinib (PCI-32765),BA3394R,210.53673,85.13645789
Ibrutinib (PCI-32765),BA3395R,232.32877,267.3323989
Ibrutinib (PCI-32765),BA3397R,215.994,187.3443716
Ibrutinib (PCI-32765),BA3399R,210.96507,133.0188622
Ibrutinib (PCI-32765),BA3400R,226.61731,272.0957666
Ibrutinib (PCI-32765),BA3403R,212.70206,117.0967464
Ibrutinib (PCI-32765),BA3406R,202.8935,132.9487271
Ibrutinib (PCI-32765),BA3407R,208.00717,242.4925319
Ibrutinib (PCI-32765),BA3411R,240.39322,247.5462353
Ibrutinib (PCI-32765),BA3412R,227.06535,224.6355724
Ibrutinib (PCI-32765),BA3415R,239.46727,159.0016384
Ibrutinib (PCI-32765),BA3416R,245.748,85.9090914
Ibrutinib (PCI-32765),BA3417R,199.23274,136.3879557
Ibrutinib (PCI-32765),BA3418R,224.49939,119.1219471
Ibrutinib (PCI-32765),BA3421R,186.69186,204.5270355
Ibrutinib (PCI-32765),BA3422R,222.4165,195.3770157
Ibrutinib (PCI-32765),BA3423R,223.94002,197.8344473
Ibrutinib (PCI-32765),BA3431R,193.2894,191.2320698
Ibrutinib (PCI-32765),BA3433R,210.55656,251.697767
Ibrutinib (PCI-32765),BA3434R,222.28275,253.9344502
Ibrutinib (PCI-32765),BA3436R,225.21687,235.5627341
Ibrutinib (PCI-32765),BA3438R,219.2998,196.4133018
Ibrutinib (PCI-32765),BA3445R,221.72238,123.2899083
Ibrutinib (PCI-32765),BA3446R,193.11302,109.9266146
Ibrutinib (PCI-32765),BA3448R,225.36989,118.2780245
Ibrutinib (PCI-32765),BA3449R,220.11539,275.0754199
Ibrutinib (PCI-32765),BA3451R,196.07422,207.6660951
Ibrutinib (PCI-32765),BA3452R,206.40909,88.45854837
Ibrutinib (PCI-32765),BA3454R,192.26212,12.52915161
Imatinib,BA3078R,217.65408,139.6083064
Imatinib,BA3079R,217.84235,269.0391356
Imatinib,BA3083R,223.01556,201.7547385
Imatinib,BA3084R,218.23737,259.5167737
Imatinib,BA3087R,239.79657,234.4190764
Imatinib,BA3089R,238.47093,266.0821658
Imatinib,BA3094R,232.03235,271.8265558
Imatinib,BA3095R,231.35413,200.5334971
Imatinib,BA3098R,217.37825,206.4518045
Imatinib,BA3099R,221.65092,207.1774978
Imatinib,BA3109R,228.741,283.9444778
Imatinib,BA3110R,220.79958,182.1761794
Imatinib,BA3114R,222.92752,166.0199672
Imatinib,BA3117R,236.38834,286.3279433
Imatinib,BA3118R,228.94067,216.0047985
Imatinib,BA3119R,228.04988,210.7003172
Imatinib,BA3126R,242.02148,163.5902403
Imatinib,BA3128R,225.9882,247.1433479
Imatinib,BA3130R,248.63777,245.5637579
Imatinib,BA3133R,251.62866,279.821145
Imatinib,BA3135R,224.50087,204.9528784
Imatinib,BA3137R,217.67479,179.5535016
Imatinib,BA3138R,244.43172,189.8881754
Imatinib,BA3139R,251.89604,170.7561641
Imatinib,BA3141R,238.83818,259.8870307
Imatinib,BA3142R,244.73325,286.2362625
Imatinib,BA3145R,240.51794,219.5555756
Imatinib,BA3146R,207.83887,173.9152474
Imatinib,BA3152R,223.50716,195.5603588
Imatinib,BA3153R,228.95082,238.9045473
Imatinib,BA3154R,237.24857,192.5924652
Imatinib,BA3157R,228.13489,272.6208186
Imatinib,BA3158R,213.29784,125.3625161
Imatinib,BA3162R,227.29222,268.696443
Imatinib,BA3163R,241.19057,277.1445668
Imatinib,BA3164R,236.36232,262.6970702
Imatinib,BA3167R,228.22424,213.9694115
Imatinib,BA3169R,238.6884,238.0850719
Imatinib,BA3171R,250.63228,256.4555476
Imatinib,BA3174R,229.34636,264.9142542
Imatinib,BA3175R,235.15929,245.7866491
Imatinib,BA3176R,231.00987,247.6583077
Imatinib,BA3177R,212.44235,215.8358497
Imatinib,BA3181R,243.3888,55.91098666
Imatinib,BA3182R,220.5401,93.65291905
Imatinib,BA3183R,231.92375,247.3923928
Imatinib,BA3185R,210.37482,206.7888809
Imatinib,BA3186R,246.36194,280.6110139
Imatinib,BA3187R,231.90099,166.4742304
Imatinib,BA3189R,240.4407,245.1822795
Imatinib,BA3190R,240.78491,241.4290698
Imatinib,BA3191R,227.70448,224.0637595
Imatinib,BA3192R,226.84372,252.9235273
Imatinib,BA3195R,225.65092,210.4385182
Imatinib,BA3197R,221.80513,154.3022678
Imatinib,BA3199R,219.10251,286.3279433
Imatinib,BA3200R,237.69537,272.4680253
Imatinib,BA3203R,234.16388,279.7102043
Imatinib,BA3206R,236.23926,228.2925796
Imatinib,BA3207R,249.83481,252.1114163
Imatinib,BA3208R,227.89078,190.4501816
Imatinib,BA3210R,238.93239,201.4839718
Imatinib,BA3211R,214.8489,161.2178919
Imatinib,BA3212R,248.90315,266.8058678
Imatinib,BA3213R,217.4246,229.4272063
Imatinib,BA3214R,244.84988,268.9021282
Imatinib,BA3216R,223.46375,268.0264333
Imatinib,BA3219R,235.62067,247.6930197
Imatinib,BA3222R,244.12656,275.7006741
Imatinib,BA3225R,236.54306,179.4950224
Imatinib,BA3226R,236.57123,145.1038059
Imatinib,BA3227R,232.40314,235.8581504
Imatinib,BA3228R,227.33572,218.7874483
Imatinib,BA3229R,236.13724,200.4053586
Imatinib,BA3230R,246.81676,214.1475114
Imatinib,BA3232R,229.38562,245.555625
Imatinib,BA3235R,240.32965,238.8163503
Imatinib,BA3237R,238.68794,248.255886
Imatinib,BA3240R,242.41762,100.5750863
Imatinib,BA3242R,231.07053,225.2683413
Imatinib,BA3243R,227.46227,137.721426
Imatinib,BA3245R,236.95612,260.7014221
Imatinib,BA3249R,240.90015,197.858668
Imatinib,BA3250R,220.1057,279.5645668
Imatinib,BA3251R,218.10654,199.4744986
Imatinib,BA3255R,214.80724,263.0681676
Imatinib,BA3258R,232.99023,245.8434982
Imatinib,BA3260R,246.90977,254.8748813
Imatinib,BA3261R,247.50577,285.6327455
Imatinib,BA3264R,209.43813,249.1284891
Imatinib,BA3266R,222.026,222.0337098
Imatinib,BA3268R,236.4454,231.5284654
Imatinib,BA3270R,234.90419,241.9643056
Imatinib,BA3271R,214.57242,200.6920324
Imatinib,BA3273R,233.19395,149.4564837
Imatinib,BA3275R,227.25133,253.8516803
Imatinib,BA3277R,226.93785,217.5427275
Imatinib,BA3283R,220.29005,256.0512516
Imatinib,BA3285R,251.35252,239.6780452
Imatinib,BA3286R,208.17001,218.2865711
Imatinib,BA3289R,222.57562,215.8349795
Imatinib,BA3290R,247.5074,266.0371561
Imatinib,BA3293R,239.03976,262.8519523
Imatinib,BA3295R,218.73706,264.2916468
Imatinib,BA3296R,237.9432,234.978219
Imatinib,BA3297R,224.14679,210.4356572
Imatinib,BA3299R,224.16513,232.1777143
Imatinib,BA3300R,242.0998,261.1275161
Imatinib,BA3302R,230.6742,249.36662
Imatinib,BA3305R,233.51688,249.1349705
Imatinib,BA3306R,228.31644,238.5860307
Imatinib,BA3308R,222.67961,244.736807
Imatinib,BA3310R,223.3896,211.933792
Imatinib,BA3311R,230.858,62.25108247
Imatinib,BA3312R,233.98947,280.0981392
Imatinib,BA3317R,233.00462,276.8559475
Imatinib,BA3319R,251.26851,258.310295
Imatinib,BA3324R,230.31522,216.5414882
Imatinib,BA3325R,232.7334,242.6252977
Imatinib,BA3326R,240.8555,250.540902
Imatinib,BA3328R,231.80197,234.3387647
Imatinib,BA3329R,232.84787,237.0018844
Imatinib,BA3332R,225.39583,234.9398218
Imatinib,BA3333R,227.3909,275.3952802
Imatinib,BA3334R,224.75618,167.0553548
Imatinib,BA3335R,229.07306,246.2274575
Imatinib,BA3339R,230.00739,221.266897
Imatinib,BA3341R,239.08856,239.1137931
Imatinib,BA3345R,222.14325,264.150069
Imatinib,BA3347R,241.55412,178.9783606
Imatinib,BA3351R,251.07703,279.5174049
Imatinib,BA3352R,232.35942,274.1410665
Imatinib,BA3353R,234.16359,198.3340116
Imatinib,BA3357R,239.12146,228.4099101
Imatinib,BA3362R,251.00024,279.8331662
Imatinib,BA3367R,237.30756,176.2491536
Imatinib,BA3369R,214.78476,276.520882
Imatinib,BA3373R,256.66342,286.3279433
Imatinib,BA3374R,241.90167,234.0338778
Imatinib,BA3376R,224.58421,115.667716
Imatinib,BA3379R,226.59004,246.1946144
Imatinib,BA3380R,226.04443,233.6874856
Imatinib,BA3381R,222.22632,230.6650948
Imatinib,BA3384R,230.46161,242.6482903
Imatinib,BA3385R,217.68866,229.0474147
Imatinib,BA3386R,221.12677,233.8881054
Imatinib,BA3388R,244.15459,242.7203208
Imatinib,BA3390R,235.85565,286.249996
Imatinib,BA3394R,233.57059,271.1541561
Imatinib,BA3395R,246.15562,240.6395165
Imatinib,BA3397R,231.38966,208.1812139
Imatinib,BA3399R,235.11526,266.0093076
Imatinib,BA3400R,239.33414,264.9394698
Imatinib,BA3403R,241.48123,254.9294679
Imatinib,BA3406R,223.93031,97.55263965
Imatinib,BA3407R,230.005,206.801286
Imatinib,BA3411R,246.78622,255.3452926
Imatinib,BA3412R,246.59811,267.9917653
Imatinib,BA3415R,248.25864,269.4056242
Imatinib,BA3416R,249.85123,235.7909933
Imatinib,BA3417R,220.70828,191.7877083
Imatinib,BA3418R,237.66652,180.8318359
Imatinib,BA3421R,216.50684,231.3191998
Imatinib,BA3422R,234.51112,253.5106849
Imatinib,BA3423R,236.82593,247.2724965
Imatinib,BA3431R,224.98508,252.3408517
Imatinib,BA3433R,227.4912,245.9653064
Imatinib,BA3434R,236.77579,212.7765863
Imatinib,BA3436R,237.49045,251.5286948
Imatinib,BA3438R,233.33214,194.740149
Imatinib,BA3445R,233.30809,181.7475789
Imatinib,BA3446R,222.0055,208.5098535
Imatinib,BA3448R,236.25851,246.5195761
Imatinib,BA3449R,234.79092,278.0323605
Imatinib,BA3451R,246.70296,263.6603866
Imatinib,BA3452R,226.9144,260.4989924
Imatinib,BA3454R,228.77219,280.7534031
Lapatinib,BA3078R,217.6802,160.7262817
Lapatinib,BA3079R,224.68782,226.1600568
Lapatinib,BA3083R,225.71185,220.4122906
Lapatinib,BA3084R,205.72797,192.4437561
Lapatinib,BA3087R,227.61658,258.6816839
Lapatinib,BA3089R,226.01625,238.6912805
Lapatinib,BA3094R,223.2078,258.7052556
Lapatinib,BA3098R,225.93852,215.6820752
Lapatinib,BA3099R,222.347,160.0295479
Lapatinib,BA3110R,223.42122,229.6193872
Lapatinib,BA3114R,225.49463,190.4730125
Lapatinib,BA3117R,228.08073,144.9915893
Lapatinib,BA3118R,232.37984,208.0828647
Lapatinib,BA3119R,207.82477,286.3166556
Lapatinib,BA3126R,243.33127,237.4940492
Lapatinib,BA3128R,223.36511,222.8944896
Lapatinib,BA3130R,248.19098,256.3834617
Lapatinib,BA3133R,246.27017,260.0689172
Lapatinib,BA3137R,226.18974,270.1405526
Lapatinib,BA3138R,243.38116,282.9840604
Lapatinib,BA3139R,242.47469,158.4706823
Lapatinib,BA3145R,232.16905,214.1817475
Lapatinib,BA3146R,216.86572,213.0600065
Lapatinib,BA3153R,224.86177,181.5981627
Lapatinib,BA3154R,229.94052,163.9137563
Lapatinib,BA3157R,218.92137,261.2604554
Lapatinib,BA3158R,213.97133,111.4262219
Lapatinib,BA3162R,230.58705,208.5350264
Lapatinib,BA3163R,240.65286,199.5200524
Lapatinib,BA3164R,224.58644,219.0738449
Lapatinib,BA3167R,228.14067,199.277321
Lapatinib,BA3169R,235.29105,130.7166544
Lapatinib,BA3171R,244.94989,268.5604903
Lapatinib,BA3174R,232.9052,245.8926704
Lapatinib,BA3175R,237.16731,248.2348004
Lapatinib,BA3177R,220.26668,212.0605792
Lapatinib,BA3181R,242.52863,229.1571643
Lapatinib,BA3182R,228.08229,171.2535813
Lapatinib,BA3185R,215.10016,173.1310917
Lapatinib,BA3186R,239.638,199.2293079
Lapatinib,BA3187R,232.9043,264.0551051
Lapatinib,BA3189R,230.1186,212.1274713
Lapatinib,BA3190R,236.75761,232.3384576
Lapatinib,BA3192R,221.28346,219.4211308
Lapatinib,BA3195R,226.5535,227.5120728
Lapatinib,BA3199R,220.9211,202.8012067
Lapatinib,BA3200R,219.59665,200.9351449
Lapatinib,BA3203R,231.87714,245.5201435
Lapatinib,BA3206R,228.36932,187.0923283
Lapatinib,BA3207R,246.85841,248.7313014
Lapatinib,BA3208R,224.30174,225.3316694
Lapatinib,BA3210R,235.3155,242.853785
Lapatinib,BA3212R,240.0049,264.7399688
Lapatinib,BA3213R,226.12953,225.6494178
Lapatinib,BA3214R,241.10944,246.689795
Lapatinib,BA3216R,222.00461,207.9900688
Lapatinib,BA3217R,214.66946,183.6702075
Lapatinib,BA3219R,235.6609,244.9547984
Lapatinib,BA3222R,237.04274,254.2358261
Lapatinib,BA3226R,225.69638,191.5493408
Lapatinib,BA3228R,231.1981,216.7999046
Lapatinib,BA3229R,237.77438,178.5370926
Lapatinib,BA3230R,242.7361,189.3275113
Lapatinib,BA3232R,226.70364,237.4719768
Lapatinib,BA3235R,240.68237,251.7756491
Lapatinib,BA3240R,226.72598,198.4016442
Lapatinib,BA3242R,230.55606,251.5738463
Lapatinib,BA3243R,229.12187,138.4972666
Lapatinib,BA3249R,231.28781,200.3543201
Lapatinib,BA3250R,225.13588,265.827201
Lapatinib,BA3251R,224.37906,222.7696462
Lapatinib,BA3258R,232.44653,242.6021256
Lapatinib,BA3260R,242.33565,209.0323047
Lapatinib,BA3261R,239.16264,228.3680494
Lapatinib,BA3264R,204.45398,203.8051434
Lapatinib,BA3266R,222.08553,228.4051237
Lapatinib,BA3268R,227.43762,247.8864635
Lapatinib,BA3270R,233.8096,214.3539489
Lapatinib,BA3271R,222.26053,235.9792261
Lapatinib,BA3273R,229.08931,211.0311154
Lapatinib,BA3275R,218.41742,193.1270418
Lapatinib,BA3277R,225.47667,235.0574028
Lapatinib,BA3283R,226.24101,219.3724017
Lapatinib,BA3286R,219.32693,244.1636769
Lapatinib,BA3289R,226.28581,239.3529925
Lapatinib,BA3290R,242.91379,247.4127267
Lapatinib,BA3293R,226.8783,232.15657
Lapatinib,BA3295R,226.89734,271.1790292
Lapatinib,BA3299R,225.52689,222.2374913
Lapatinib,BA3300R,232.98439,274.6331898
Lapatinib,BA3302R,227.14215,247.7995572
Lapatinib,BA3305R,232.96689,256.9766955
Lapatinib,BA3306R,221.88133,266.0221336
Lapatinib,BA3308R,216.63635,184.0284748
Lapatinib,BA3310R,208.86017,211.7792998
Lapatinib,BA3311R,231.8919,142.7756648
Lapatinib,BA3312R,228.33528,245.0691349
Lapatinib,BA3318R,237.41988,159.8558076
Lapatinib,BA3319R,250.00381,181.2558497
Lapatinib,BA3324R,233.40689,180.8189915
Lapatinib,BA3325R,230.39311,251.1282529
Lapatinib,BA3326R,238.98593,190.1708744
Lapatinib,BA3328R,223.2279,204.1432972
Lapatinib,BA3332R,218.67735,192.8201334
Lapatinib,BA3333R,218.46262,214.6073894
Lapatinib,BA3341R,233.0426,202.9974269
Lapatinib,BA3345R,225.39522,247.6434456
Lapatinib,BA3347R,236.79532,198.9726322
Lapatinib,BA3351R,242.64998,228.7907745
Lapatinib,BA3352R,224.2159,235.3546696
Lapatinib,BA3353R,220.46902,227.1524684
Lapatinib,BA3357R,228.40666,252.4532164
Lapatinib,BA3362R,244.11057,254.9381229
Lapatinib,BA3367R,235.53227,222.9043779
Lapatinib,BA3369R,222.72365,276.627836
Lapatinib,BA3373R,249.72038,255.9046169
Lapatinib,BA3374R,236.96603,236.6498158
Lapatinib,BA3376R,215.6467,277.873777
Lapatinib,BA3379R,226.16273,246.3020579
Lapatinib,BA3380R,219.07832,239.969062
Lapatinib,BA3381R,229.22607,225.8534117
Lapatinib,BA3384R,226.05801,226.6448453
Lapatinib,BA3385R,221.63806,264.7223795
Lapatinib,BA3386R,211.46892,226.3691834
Lapatinib,BA3388R,243.18149,286.3279433
Lapatinib,BA3390R,236.92688,272.9353381
Lapatinib,BA3395R,243.45505,252.8087739
Lapatinib,BA3397R,228.47174,209.7241362
Lapatinib,BA3400R,231.84702,245.5991983
Lapatinib,BA3406R,219.79877,163.906555
Lapatinib,BA3407R,228.24522,239.9091563
Lapatinib,BA3411R,242.18634,232.4838611
Lapatinib,BA3412R,237.92766,228.0235746
Lapatinib,BA3415R,241.00792,205.1827025
Lapatinib,BA3416R,230.73874,231.8547014
Lapatinib,BA3417R,224.15154,200.3646034
Lapatinib,BA3418R,235.70708,180.3752404
Lapatinib,BA3421R,223.39023,206.0052302
Lapatinib,BA3422R,221.38327,233.8489788
Lapatinib,BA3423R,222.6008,210.0106222
Lapatinib,BA3431R,228.27112,210.7584993
Lapatinib,BA3433R,220.30879,244.9930135
Lapatinib,BA3434R,235.4318,236.4732676
Lapatinib,BA3438R,228.40059,200.6584895
Lapatinib,BA3445R,225.50595,176.6556383
Lapatinib,BA3446R,225.56604,213.6241362
Lapatinib,BA3449R,236.41136,249.5981357
Lapatinib,BA3451R,242.8877,212.4449693
Lapatinib,BA3452R,227.32347,202.3153943
Lapatinib,BA3454R,220.99916,133.6192372
Nilotinib,BA3078R,210.31754,270.0485132
Nilotinib,BA3079R,207.99664,212.7733184
Nilotinib,BA3083R,210.7688,232.3551028
Nilotinib,BA3084R,248.02223,238.4126189
Nilotinib,BA3087R,249.03218,285.0399755
Nilotinib,BA3089R,251.07722,267.6581921
Nilotinib,BA3094R,241.47112,235.6760748
Nilotinib,BA3095R,254.34314,184.2474702
Nilotinib,BA3098R,206.62213,157.7453285
Nilotinib,BA3099R,220.07544,142.2985367
Nilotinib,BA3109R,211.10747,273.1353619
Nilotinib,BA3110R,219.0237,158.1290894
Nilotinib,BA3114R,216.52444,230.989299
Nilotinib,BA3117R,240.26569,3.34037668
Nilotinib,BA3118R,216.49507,175.9237243
Nilotinib,BA3119R,255.10603,282.5287098
Nilotinib,BA3126R,215.9875,229.6866795
Nilotinib,BA3128R,242.33553,245.6392352
Nilotinib,BA3130R,229.62874,237.671521
Nilotinib,BA3133R,245.8291,222.5709927
Nilotinib,BA3137R,203.8658,210.0595744
Nilotinib,BA3138R,230.6023,215.2956665
Nilotinib,BA3139R,256.63525,286.3279433
Nilotinib,BA3145R,255.0104,189.6629976
Nilotinib,BA3146R,199.18724,213.6181061
Nilotinib,BA3152R,207.52335,175.3356117
Nilotinib,BA3153R,229.48773,174.889712
Nilotinib,BA3154R,243.67932,255.0336369
Nilotinib,BA3157R,250.57516,268.0126584
Nilotinib,BA3158R,223.96904,228.9858033
Nilotinib,BA3162R,208.94395,184.4413425
Nilotinib,BA3163R,211.82373,195.448678
Nilotinib,BA3164R,249.67746,217.4670377
Nilotinib,BA3167R,216.75394,142.2115083
Nilotinib,BA3169R,217.4524,184.4978972
Nilotinib,BA3171R,244.51172,220.6139128
Nilotinib,BA3174R,209.14061,173.823093
Nilotinib,BA3177R,205.01361,212.8528381
Nilotinib,BA3181R,224.02724,192.1629185
Nilotinib,BA3182R,201.37967,155.6966445
Nilotinib,BA3183R,238.14128,258.5362329
Nilotinib,BA3185R,218.45384,167.766959
Nilotinib,BA3186R,244.90405,211.7121094
Nilotinib,BA3187R,229.8665,169.31116
Nilotinib,BA3189R,248.46552,271.56225
Nilotinib,BA3190R,236.84084,186.5310926
Nilotinib,BA3191R,203.12817,118.4419498
Nilotinib,BA3192R,251.45833,239.1392307
Nilotinib,BA3195R,224.61142,246.7543982
Nilotinib,BA3197R,254.38339,56.70971811
Nilotinib,BA3199R,216.22949,226.3683011
Nilotinib,BA3200R,255.27628,286.3279433
Nilotinib,BA3203R,230.12703,240.4783113
Nilotinib,BA3206R,243.8508,231.4851763
Nilotinib,BA3208R,236.23578,251.5654036
Nilotinib,BA3210R,225.00635,254.7738992
Nilotinib,BA3211R,223.63171,273.6344407
Nilotinib,BA3212R,245.66895,231.4959945
Nilotinib,BA3213R,205.79433,259.2542758
Nilotinib,BA3214R,241.90121,238.6756959
Nilotinib,BA3216R,227.61893,241.4182663
Nilotinib,BA3219R,209.71254,160.8630701
Nilotinib,BA3222R,241.86584,255.7908201
Nilotinib,BA3225R,211.44026,175.2250532
Nilotinib,BA3226R,249.82019,254.3068647
Nilotinib,BA3227R,253.4609,281.5241952
Nilotinib,BA3228R,207.58583,226.8699599
Nilotinib,BA3229R,227.04695,163.569605
Nilotinib,BA3230R,242.77661,168.9750123
Nilotinib,BA3232R,224.15833,237.7342003
Nilotinib,BA3235R,206.42874,186.9551693
Nilotinib,BA3240R,251.8455,201.5467033
Nilotinib,BA3243R,216.50821,200.155899
Nilotinib,BA3245R,232.2478,255.9781348
Nilotinib,BA3250R,200.31763,284.4270134
Nilotinib,BA3251R,212.89285,186.4282415
Nilotinib,BA3258R,204.26677,122.7494166
Nilotinib,BA3260R,233.99594,206.2203121
Nilotinib,BA3261R,247.79059,228.3897617
Nilotinib,BA3264R,237.66762,238.5486537
Nilotinib,BA3266R,221.4354,206.325223
Nilotinib,BA3268R,243.19618,236.1120279
Nilotinib,BA3270R,216.53697,265.5579137
Nilotinib,BA3271R,200.13889,185.4291956
Nilotinib,BA3273R,242.48112,257.1025556
Nilotinib,BA3277R,225.80632,260.9250752
Nilotinib,BA3283R,211.36507,118.4667719
Nilotinib,BA3285R,255.46347,283.8794555
Nilotinib,BA3286R,200.37329,204.2200685
Nilotinib,BA3289R,202.18127,189.4915237
Nilotinib,BA3290R,243.94308,210.7785162
Nilotinib,BA3293R,251.46133,249.2522561
Nilotinib,BA3295R,204.69771,190.2102927
Nilotinib,BA3297R,218.89989,268.9470121
Nilotinib,BA3299R,208.37166,183.90992
Nilotinib,BA3300R,247.65692,231.2418805
Nilotinib,BA3302R,231.40868,172.6089477
Nilotinib,BA3305R,232.26071,204.987167
Nilotinib,BA3306R,254.81819,231.3420719
Nilotinib,BA3310R,251.62791,286.3279433
Nilotinib,BA3311R,206.10143,149.6258236
Nilotinib,BA3312R,231.38264,219.9056746
Nilotinib,BA3317R,252.46614,286.3279433
Nilotinib,BA3318R,236.44261,237.1187219
Nilotinib,BA3319R,218.98053,160.3664125
Nilotinib,BA3324R,220.48836,269.9468873
Nilotinib,BA3325R,228.32701,271.3162578
Nilotinib,BA3326R,221.68954,283.91029
Nilotinib,BA3328R,240.47543,238.8499929
Nilotinib,BA3332R,244.52596,279.9632848
Nilotinib,BA3333R,243.31412,240.8652397
Nilotinib,BA3334R,217.45892,201.8806931
Nilotinib,BA3341R,239.95108,272.573174
Nilotinib,BA3345R,204.4415,167.611393
Nilotinib,BA3347R,220.52512,197.0645845
Nilotinib,BA3351R,251.54942,261.4881934
Nilotinib,BA3352R,249.99702,274.4032109
Nilotinib,BA3353R,253.19989,253.9011975
Nilotinib,BA3357R,248.34158,286.3279433
Nilotinib,BA3362R,244.27211,231.0997419
Nilotinib,BA3367R,223.8521,137.5315205
Nilotinib,BA3369R,201.15417,178.7072976
Nilotinib,BA3373R,252.19995,70.66516573
Nilotinib,BA3374R,229.22533,179.0607378
Nilotinib,BA3375R,251.8645,286.3279433
Nilotinib,BA3376R,242.73358,283.6684069
Nilotinib,BA3379R,223.92828,241.4029492
Nilotinib,BA3380R,247.03897,248.8046276
Nilotinib,BA3381R,209.38121,215.643485
Nilotinib,BA3384R,223.73712,217.8950272
Nilotinib,BA3385R,207.95837,136.9693041
Nilotinib,BA3386R,240.18407,191.2018552
Nilotinib,BA3388R,231.39542,238.3599748
Nilotinib,BA3394R,215.60492,269.8557612
Nilotinib,BA3395R,236.50192,241.197521
Nilotinib,BA3397R,231.67291,272.8920036
Nilotinib,BA3399R,221.5769,149.8476329
Nilotinib,BA3400R,249.2243,266.8606029
Nilotinib,BA3403R,227.38867,205.843561
Nilotinib,BA3406R,239.54921,93.93018027
Nilotinib,BA3407R,216.27373,187.7560461
Nilotinib,BA3411R,242.67346,230.1400887
Nilotinib,BA3412R,248.38223,220.7527214
Nilotinib,BA3415R,247.22528,262.6944784
Nilotinib,BA3417R,204.33566,220.7208509
Nilotinib,BA3418R,232.54219,277.0811555
Nilotinib,BA3421R,200.6271,216.5352684
Nilotinib,BA3422R,257.55844,286.2532927
Nilotinib,BA3423R,257.12793,274.8087044
Nilotinib,BA3431R,204.5447,150.0603668
Nilotinib,BA3433R,248.47908,269.0062054
Nilotinib,BA3434R,229.71654,242.0598778
Nilotinib,BA3438R,241.55377,220.7235643
Nilotinib,BA3445R,242.77058,69.60158845
Nilotinib,BA3446R,206.5019,159.6194322
Nilotinib,BA3451R,210.0841,213.9878822
Nilotinib,BA3452R,223.28851,127.197739
Nilotinib,BA3454R,239.97882,11.21204824
Pazopanib (GW786034),BA3079R,195.99982,270.1956648
Pazopanib (GW786034),BA3083R,198.31395,113.8967471
Pazopanib (GW786034),BA3084R,200.18774,229.4185964
Pazopanib (GW786034),BA3087R,230.5999,230.475365
Pazopanib (GW786034),BA3089R,217.77072,258.4964801
Pazopanib (GW786034),BA3094R,220.08527,276.2423943
Pazopanib (GW786034),BA3098R,191.82196,154.5366722
Pazopanib (GW786034),BA3099R,191.56073,151.752383
Pazopanib (GW786034),BA3110R,205.54608,149.0879519
Pazopanib (GW786034),BA3114R,207.43784,148.0690939
Pazopanib (GW786034),BA3117R,222.4694,286.3279433
Pazopanib (GW786034),BA3118R,213.44894,223.2096408
Pazopanib (GW786034),BA3119R,211.35678,251.6542201
Pazopanib (GW786034),BA3126R,231.22226,181.5869422
Pazopanib (GW786034),BA3128R,205.44142,225.7122923
Pazopanib (GW786034),BA3130R,245.07425,251.7234319
Pazopanib (GW786034),BA3133R,241.64783,254.6366642
Pazopanib (GW786034),BA3135R,203.43182,273.3348025
Pazopanib (GW786034),BA3138R,235.08792,204.8683169
Pazopanib (GW786034),BA3139R,242.21924,197.0130073
Pazopanib (GW786034),BA3145R,225.57727,165.3684397
Pazopanib (GW786034),BA3146R,173.49313,160.7199189
Pazopanib (GW786034),BA3152R,208.26694,217.2741494
Pazopanib (GW786034),BA3153R,213.51118,208.2441194
Pazopanib (GW786034),BA3154R,229.54396,179.5189488
Pazopanib (GW786034),BA3157R,208.1619,286.3097878
Pazopanib (GW786034),BA3158R,192.9101,96.70273955
Pazopanib (GW786034),BA3162R,211.14099,150.773744
Pazopanib (GW786034),BA3163R,233.82411,270.9987747
Pazopanib (GW786034),BA3164R,204.62749,202.6487916
Pazopanib (GW786034),BA3171R,241.11047,218.6657712
Pazopanib (GW786034),BA3174R,213.40756,175.6647376
Pazopanib (GW786034),BA3175R,221.1554,262.6955308
Pazopanib (GW786034),BA3177R,183.49632,90.605028
Pazopanib (GW786034),BA3181R,233.23949,232.6560556
Pazopanib (GW786034),BA3182R,199.82898,157.3618565
Pazopanib (GW786034),BA3183R,214.85774,249.899667
Pazopanib (GW786034),BA3186R,235.20203,220.618274
Pazopanib (GW786034),BA3187R,216.3225,213.7376505
Pazopanib (GW786034),BA3189R,224.47906,216.2517555
Pazopanib (GW786034),BA3190R,231.15451,241.0063543
Pazopanib (GW786034),BA3191R,209.45976,211.8208866
Pazopanib (GW786034),BA3192R,210.97447,204.0554446
Pazopanib (GW786034),BA3195R,206.242,213.8883819
Pazopanib (GW786034),BA3197R,201.95546,197.2615353
Pazopanib (GW786034),BA3199R,195.79503,213.1980872
Pazopanib (GW786034),BA3200R,223.51668,282.3681863
Pazopanib (GW786034),BA3203R,219.23499,259.6282901
Pazopanib (GW786034),BA3206R,224.21231,226.548351
Pazopanib (GW786034),BA3207R,240.26294,257.3138129
Pazopanib (GW786034),BA3208R,206.82784,222.3718731
Pazopanib (GW786034),BA3210R,227.41469,254.6889466
Pazopanib (GW786034),BA3212R,240.54436,258.0751888
Pazopanib (GW786034),BA3213R,194.47748,152.6966754
Pazopanib (GW786034),BA3214R,231.34071,286.3279433
Pazopanib (GW786034),BA3216R,204.01294,240.3902492
Pazopanib (GW786034),BA3217R,201.45369,156.7718375
Pazopanib (GW786034),BA3219R,220.45163,177.0459647
Pazopanib (GW786034),BA3222R,237.63182,246.1683006
Pazopanib (GW786034),BA3225R,225.14781,234.0751753
Pazopanib (GW786034),BA3226R,213.44104,131.1831763
Pazopanib (GW786034),BA3227R,214.98799,259.8893071
Pazopanib (GW786034),BA3228R,205.42953,163.3732654
Pazopanib (GW786034),BA3229R,223.19261,133.6426993
Pazopanib (GW786034),BA3230R,238.733,205.4111148
Pazopanib (GW786034),BA3232R,207.15959,235.5224808
Pazopanib (GW786034),BA3235R,226.8716,203.003693
Pazopanib (GW786034),BA3240R,224.88196,148.2117487
Pazopanib (GW786034),BA3242R,213.49709,194.4783001
Pazopanib (GW786034),BA3243R,207.33904,171.5857079
Pazopanib (GW786034),BA3249R,229.31342,193.715157
Pazopanib (GW786034),BA3250R,201.91653,277.9338874
Pazopanib (GW786034),BA3251R,194.63043,194.2923305
Pazopanib (GW786034),BA3258R,221.48605,241.9207442
Pazopanib (GW786034),BA3260R,237.4354,221.8006704
Pazopanib (GW786034),BA3261R,239.32549,283.0298516
Pazopanib (GW786034),BA3264R,182.1885,202.2673658
Pazopanib (GW786034),BA3266R,196.44829,182.9706709
Pazopanib (GW786034),BA3268R,223.08762,227.4331339
Pazopanib (GW786034),BA3270R,219.23553,211.8435097
Pazopanib (GW786034),BA3271R,185.12582,148.5824341
Pazopanib (GW786034),BA3275R,207.32773,202.5674586
Pazopanib (GW786034),BA3277R,211.61559,186.4487381
Pazopanib (GW786034),BA3283R,202.56247,194.3546637
Pazopanib (GW786034),BA3285R,242.20522,236.1365843
Pazopanib (GW786034),BA3286R,184.03677,164.6450544
Pazopanib (GW786034),BA3289R,206.0618,195.3082712
Pazopanib (GW786034),BA3290R,239.0366,248.6966229
Pazopanib (GW786034),BA3293R,216.57475,190.6791122
Pazopanib (GW786034),BA3295R,199.78236,277.5664072
Pazopanib (GW786034),BA3297R,205.45615,189.8629782
Pazopanib (GW786034),BA3299R,208.7371,209.3825981
Pazopanib (GW786034),BA3300R,229.8517,264.7678526
Pazopanib (GW786034),BA3302R,213.90002,225.444617
Pazopanib (GW786034),BA3305R,221.3554,279.6380088
Pazopanib (GW786034),BA3306R,212.24474,193.9368652
Pazopanib (GW786034),BA3308R,203.94028,231.0619192
Pazopanib (GW786034),BA3310R,206.52054,233.522432
Pazopanib (GW786034),BA3311R,213.43501,71.32550625
Pazopanib (GW786034),BA3312R,220.39824,260.8028444
Pazopanib (GW786034),BA3317R,217.32535,261.838782
Pazopanib (GW786034),BA3319R,246.2915,230.833053
Pazopanib (GW786034),BA3325R,214.4949,262.8389992
Pazopanib (GW786034),BA3326R,233.48064,280.2212274
Pazopanib (GW786034),BA3328R,216.65205,221.0511675
Pazopanib (GW786034),BA3332R,208.59747,237.8779188
Pazopanib (GW786034),BA3333R,210.26003,228.0455574
Pazopanib (GW786034),BA3334R,210.64229,167.5400294
Pazopanib (GW786034),BA3341R,228.056,242.8801065
Pazopanib (GW786034),BA3345R,205.72675,213.3199485
Pazopanib (GW786034),BA3347R,230.8827,167.183354
Pazopanib (GW786034),BA3351R,247.28252,265.6510968
Pazopanib (GW786034),BA3352R,216.5011,240.168219
Pazopanib (GW786034),BA3353R,220.92397,166.1216898
Pazopanib (GW786034),BA3357R,228.35933,255.0358297
Pazopanib (GW786034),BA3362R,242.82132,243.8048382
Pazopanib (GW786034),BA3367R,227.59424,208.5488323
Pazopanib (GW786034),BA3369R,190.28195,248.0989828
Pazopanib (GW786034),BA3373R,247.50716,286.3279433
Pazopanib (GW786034),BA3374R,233.2935,234.0478085
Pazopanib (GW786034),BA3376R,194.71965,200.6936523
Pazopanib (GW786034),BA3379R,210.85724,231.4396841
Pazopanib (GW786034),BA3380R,196.3452,157.7000506
Pazopanib (GW786034),BA3381R,204.7203,235.7903083
Pazopanib (GW786034),BA3384R,208.8613,246.0556426
Pazopanib (GW786034),BA3385R,190.90353,139.7556682
Pazopanib (GW786034),BA3386R,184.19373,118.8683152
Pazopanib (GW786034),BA3388R,233.64093,207.5881329
Pazopanib (GW786034),BA3390R,225.49806,260.0363186
Pazopanib (GW786034),BA3394R,219.93634,281.3945138
Pazopanib (GW786034),BA3395R,233.26259,224.1050427
Pazopanib (GW786034),BA3397R,215.51242,197.8242035
Pazopanib (GW786034),BA3399R,221.37085,188.6616934
Pazopanib (GW786034),BA3400R,230.47913,244.4344879
Pazopanib (GW786034),BA3403R,232.35535,284.3277849
Pazopanib (GW786034),BA3406R,201.04034,86.4054458
Pazopanib (GW786034),BA3407R,211.07779,164.3584299
Pazopanib (GW786034),BA3411R,237.41164,230.6877887
Pazopanib (GW786034),BA3412R,238.4675,241.812055
Pazopanib (GW786034),BA3415R,239.22614,215.6207112
Pazopanib (GW786034),BA3416R,242.2294,251.6103423
Pazopanib (GW786034),BA3417R,203.27167,196.6467207
Pazopanib (GW786034),BA3418R,225.93661,197.5630479
Pazopanib (GW786034),BA3421R,200.55894,190.1154587
Pazopanib (GW786034),BA3422R,222.67868,250.603983
Pazopanib (GW786034),BA3423R,223.13724,148.3041225
Pazopanib (GW786034),BA3431R,207.06172,144.9415213
Pazopanib (GW786034),BA3433R,213.49287,231.619165
Pazopanib (GW786034),BA3434R,221.80368,262.8753118
Pazopanib (GW786034),BA3438R,220.69173,193.8265277
Pazopanib (GW786034),BA3445R,224.3382,127.7538359
Pazopanib (GW786034),BA3446R,202.66661,237.9168068
Pazopanib (GW786034),BA3449R,223.44531,243.7681098
Pazopanib (GW786034),BA3451R,235.17609,271.2339136
Pazopanib (GW786034),BA3452R,208.18166,194.2121842
Pazopanib (GW786034),BA3454R,196.34245,243.5033978
Quizartinib (AC220),BA3078R,129.35776,138.1482127
Quizartinib (AC220),BA3079R,130.65492,155.3138725
Quizartinib (AC220),BA3083R,127.675934,195.4321114
Quizartinib (AC220),BA3084R,109.79855,57.144847
Quizartinib (AC220),BA3087R,164.04575,205.4915217
Quizartinib (AC220),BA3089R,137.22414,138.9010919
Quizartinib (AC220),BA3094R,138.1532,134.1390654
Quizartinib (AC220),BA3098R,127.947525,89.77304212
Quizartinib (AC220),BA3099R,113.90483,45.92969537
Quizartinib (AC220),BA3109R,141.83205,107.044551
Quizartinib (AC220),BA3114R,137.14404,103.9261628
Quizartinib (AC220),BA3117R,165.25317,286.3279433
Quizartinib (AC220),BA3118R,133.2782,160.734886
Quizartinib (AC220),BA3119R,119.668045,203.0243158
Quizartinib (AC220),BA3126R,159.34781,98.4486622
Quizartinib (AC220),BA3128R,128.4114,107.7651098
Quizartinib (AC220),BA3130R,188.74768,208.2786183
Quizartinib (AC220),BA3133R,183.1015,162.1624453
Quizartinib (AC220),BA3135R,108.59386,57.03776216
Quizartinib (AC220),BA3137R,130.6663,186.4096124
Quizartinib (AC220),BA3138R,165.84422,163.4797925
Quizartinib (AC220),BA3139R,179.63647,111.4205096
Quizartinib (AC220),BA3145R,159.53552,17.52255052
Quizartinib (AC220),BA3146R,99.995155,155.1752725
Quizartinib (AC220),BA3152R,151.49689,160.0499364
Quizartinib (AC220),BA3153R,144.91103,150.3861284
Quizartinib (AC220),BA3154R,170.09882,103.7425474
Quizartinib (AC220),BA3157R,118.740524,156.4870832
Quizartinib (AC220),BA3158R,119.122375,37.74712654
Quizartinib (AC220),BA3162R,139.41891,150.0481977
Quizartinib (AC220),BA3163R,164.97849,166.2095644
Quizartinib (AC220),BA3164R,106.10579,24.27583638
Quizartinib (AC220),BA3167R,142.24501,64.29768195
Quizartinib (AC220),BA3169R,155.1899,113.3970202
Quizartinib (AC220),BA3171R,181.64642,154.8916655
Quizartinib (AC220),BA3174R,146.3056,231.9982944
Quizartinib (AC220),BA3175R,150.99481,132.9825055
Quizartinib (AC220),BA3177R,112.8063,101.1085891
Quizartinib (AC220),BA3181R,164.25514,170.825524
Quizartinib (AC220),BA3182R,132.74167,125.1444299
Quizartinib (AC220),BA3183R,140.16501,161.4630539
Quizartinib (AC220),BA3185R,120.16427,146.4409391
Quizartinib (AC220),BA3186R,174.10536,144.7396097
Quizartinib (AC220),BA3187R,151.00201,119.8534087
Quizartinib (AC220),BA3189R,157.09486,122.7204488
Quizartinib (AC220),BA3190R,163.65666,143.0722265
Quizartinib (AC220),BA3191R,139.35536,148.3528615
Quizartinib (AC220),BA3192R,129.77393,124.3530115
Quizartinib (AC220),BA3195R,133.72179,136.6108837
Quizartinib (AC220),BA3197R,94.28465,212.9723838
Quizartinib (AC220),BA3199R,129.1315,284.2104677
Quizartinib (AC220),BA3200R,140.925,274.2436138
Quizartinib (AC220),BA3203R,149.34805,162.7920826
Quizartinib (AC220),BA3206R,169.61343,102.8507887
Quizartinib (AC220),BA3207R,169.54858,203.2838913
Quizartinib (AC220),BA3208R,129.18748,154.2988686
Quizartinib (AC220),BA3210R,157.19873,132.7044191
Quizartinib (AC220),BA3211R,115.42162,102.1733448
Quizartinib (AC220),BA3212R,181.82733,268.3912116
Quizartinib (AC220),BA3213R,124.81339,107.1841879
Quizartinib (AC220),BA3214R,165.7813,186.0300288
Quizartinib (AC220),BA3216R,123.646,60.40856238
Quizartinib (AC220),BA3219R,150.8595,165.8100004
Quizartinib (AC220),BA3222R,171.22867,215.3536879
Quizartinib (AC220),BA3226R,125.790215,174.1662597
Quizartinib (AC220),BA3228R,133.96867,103.3045613
Quizartinib (AC220),BA3229R,163.5322,121.1858131
Quizartinib (AC220),BA3232R,132.12607,134.6920406
Quizartinib (AC220),BA3235R,153.23714,74.6206665
Quizartinib (AC220),BA3240R,149.7116,140.3885331
Quizartinib (AC220),BA3242R,150.75009,153.608373
Quizartinib (AC220),BA3249R,168.0676,177.7078763
Quizartinib (AC220),BA3250R,131.57974,211.7526887
Quizartinib (AC220),BA3251R,119.42175,115.7078934
Quizartinib (AC220),BA3258R,141.72644,208.3103431
Quizartinib (AC220),BA3260R,166.57346,227.6174212
Quizartinib (AC220),BA3261R,183.6157,127.9961777
Quizartinib (AC220),BA3264R,94.506714,85.65517292
Quizartinib (AC220),BA3266R,121.94747,102.6638703
Quizartinib (AC220),BA3268R,154.38528,203.201983
Quizartinib (AC220),BA3270R,143.52588,153.7442288
Quizartinib (AC220),BA3271R,111.24173,72.17950495
Quizartinib (AC220),BA3273R,169.33374,179.3772243
Quizartinib (AC220),BA3275R,118.112526,124.9568001
Quizartinib (AC220),BA3277R,138.71907,117.3325222
Quizartinib (AC220),BA3283R,121.141525,186.617462
Quizartinib (AC220),BA3286R,114.2299,147.932339
Quizartinib (AC220),BA3289R,132.63011,161.9549178
Quizartinib (AC220),BA3290R,174.22508,127.8675168
Quizartinib (AC220),BA3293R,121.50435,25.05287503
Quizartinib (AC220),BA3295R,141.77806,189.8480834
Quizartinib (AC220),BA3297R,132.34421,167.3362055
Quizartinib (AC220),BA3299R,131.55565,166.7761983
Quizartinib (AC220),BA3300R,164.44322,270.7347806
Quizartinib (AC220),BA3302R,152.44888,187.0303718
Quizartinib (AC220),BA3305R,142.17783,179.567846
Quizartinib (AC220),BA3306R,126.04067,45.06616003
Quizartinib (AC220),BA3308R,131.99132,157.8741793
Quizartinib (AC220),BA3310R,115.273155,258.6594454
Quizartinib (AC220),BA3311R,141.74225,66.50651242
Quizartinib (AC220),BA3312R,156.71146,182.404521
Quizartinib (AC220),BA3317R,142.3015,49.16626804
Quizartinib (AC220),BA3318R,157.82646,72.4093036
Quizartinib (AC220),BA3319R,180.88225,156.8627561
Quizartinib (AC220),BA3324R,149.47343,145.2872375
Quizartinib (AC220),BA3325R,139.53244,122.3162637
Quizartinib (AC220),BA3326R,156.91666,200.0635455
Quizartinib (AC220),BA3328R,132.7683,162.3898814
Quizartinib (AC220),BA3332R,131.74614,159.1223152
Quizartinib (AC220),BA3333R,132.15897,127.301378
Quizartinib (AC220),BA3334R,144.24155,172.3625556
Quizartinib (AC220),BA3341R,168.16803,182.4088445
Quizartinib (AC220),BA3345R,134.83269,132.1644421
Quizartinib (AC220),BA3347R,156.59668,154.303647
Quizartinib (AC220),BA3351R,175.07263,191.4308679
Quizartinib (AC220),BA3352R,134.56427,43.31396677
Quizartinib (AC220),BA3353R,157.88441,97.58498587
Quizartinib (AC220),BA3357R,164.85529,225.6064905
Quizartinib (AC220),BA3362R,164.17061,71.27410958
Quizartinib (AC220),BA3367R,154.59805,108.0401065
Quizartinib (AC220),BA3369R,116.69269,205.7016139
Quizartinib (AC220),BA3373R,189.20953,278.4102666
Quizartinib (AC220),BA3374R,153.30643,190.2942408
Quizartinib (AC220),BA3375R,97.34984,105.5702373
Quizartinib (AC220),BA3376R,99.832146,100.9428697
Quizartinib (AC220),BA3379R,144.9841,178.6110409
Quizartinib (AC220),BA3380R,106.79561,32.5606404
Quizartinib (AC220),BA3381R,146.67296,217.2307715
Quizartinib (AC220),BA3384R,122.42849,206.4483056
Quizartinib (AC220),BA3385R,121.74457,209.3898507
Quizartinib (AC220),BA3386R,91.43921,143.4185032
Quizartinib (AC220),BA3388R,166.11198,192.5645718
Quizartinib (AC220),BA3390R,149.0262,194.1649463
Quizartinib (AC220),BA3394R,149.36044,241.4308662
Quizartinib (AC220),BA3395R,175.16278,202.9111774
Quizartinib (AC220),BA3397R,149.46072,114.3705445
Quizartinib (AC220),BA3399R,153.43594,186.060949
Quizartinib (AC220),BA3400R,168.40434,145.7800327
Quizartinib (AC220),BA3403R,147.24814,190.3574878
Quizartinib (AC220),BA3406R,113.63957,111.5057359
Quizartinib (AC220),BA3407R,145.33383,96.73936928
Quizartinib (AC220),BA3411R,174.03522,187.4378094
Quizartinib (AC220),BA3412R,161.01044,175.1756108
Quizartinib (AC220),BA3415R,182.62723,170.2314261
Quizartinib (AC220),BA3416R,192.2767,286.3279433
Quizartinib (AC220),BA3417R,130.35118,166.8227935
Quizartinib (AC220),BA3418R,154.08653,98.65266353
Quizartinib (AC220),BA3421R,131.64249,136.3116979
Quizartinib (AC220),BA3422R,150.78377,165.4231672
Quizartinib (AC220),BA3423R,142.68321,74.84469392
Quizartinib (AC220),BA3431R,136.28445,178.077118
Quizartinib (AC220),BA3433R,136.13028,147.1933042
Quizartinib (AC220),BA3434R,158.4406,141.2736175
Quizartinib (AC220),BA3438R,145.05513,47.02376634
Quizartinib (AC220),BA3445R,147.60538,180.9252769
Quizartinib (AC220),BA3446R,127.626816,169.912732
Quizartinib (AC220),BA3449R,151.86423,225.3178609
Quizartinib (AC220),BA3452R,139.61058,126.5103334
Quizartinib (AC220),BA3454R,101.32579,202.3687968
Ruxolitinib (INCB018424),BA3078R,219.67586,216.4673426
Ruxolitinib (INCB018424),BA3079R,223.54063,190.0548515
Ruxolitinib (INCB018424),BA3083R,220.46797,205.9971222
Ruxolitinib (INCB018424),BA3084R,227.06319,206.5652151
Ruxolitinib (INCB018424),BA3087R,239.53305,272.4777695
Ruxolitinib (INCB018424),BA3089R,237.21536,244.1834802
Ruxolitinib (INCB018424),BA3094R,236.83156,258.4621914
Ruxolitinib (INCB018424),BA3095R,237.83846,180.0159263
Ruxolitinib (INCB018424),BA3098R,220.00046,208.3482091
Ruxolitinib (INCB018424),BA3099R,224.23033,147.5439489
Ruxolitinib (INCB018424),BA3109R,230.08594,284.8075588
Ruxolitinib (INCB018424),BA3110R,226.33846,158.8698726
Ruxolitinib (INCB018424),BA3114R,222.87288,207.2512148
Ruxolitinib (INCB018424),BA3117R,229.65204,286.3279433
Ruxolitinib (INCB018424),BA3118R,230.68907,248.9927321
Ruxolitinib (INCB018424),BA3119R,234.7877,209.3853763
Ruxolitinib (INCB018424),BA3126R,242.95964,197.7060914
Ruxolitinib (INCB018424),BA3128R,231.76784,199.7566821
Ruxolitinib (INCB018424),BA3130R,252.39099,273.4854208
Ruxolitinib (INCB018424),BA3133R,241.0257,160.9677217
Ruxolitinib (INCB018424),BA3137R,220.29506,166.1110994
Ruxolitinib (INCB018424),BA3138R,237.98601,209.9012481
Ruxolitinib (INCB018424),BA3141R,240.2261,210.4259517
Ruxolitinib (INCB018424),BA3142R,237.91774,172.7323271
Ruxolitinib (INCB018424),BA3145R,242.14449,199.512315
Ruxolitinib (INCB018424),BA3146R,213.41898,219.8827801
Ruxolitinib (INCB018424),BA3157R,233.01503,266.6932469
Ruxolitinib (INCB018424),BA3162R,226.21288,176.4243982
Ruxolitinib (INCB018424),BA3163R,240.53732,242.8859628
Ruxolitinib (INCB018424),BA3164R,236.9102,237.8019041
Ruxolitinib (INCB018424),BA3167R,232.32182,158.9140865
Ruxolitinib (INCB018424),BA3171R,242.85402,248.0531667
Ruxolitinib (INCB018424),BA3174R,228.85779,189.0631665
Ruxolitinib (INCB018424),BA3175R,232.66754,247.4368682
Ruxolitinib (INCB018424),BA3176R,229.42305,218.6070887
Ruxolitinib (INCB018424),BA3177R,217.76694,260.0506148
Ruxolitinib (INCB018424),BA3181R,238.7138,228.20259
Ruxolitinib (INCB018424),BA3182R,223.54951,197.7729998
Ruxolitinib (INCB018424),BA3185R,222.01736,103.9075426
Ruxolitinib (INCB018424),BA3186R,239.85515,112.8517617
Ruxolitinib (INCB018424),BA3187R,229.35371,192.488037
Ruxolitinib (INCB018424),BA3189R,237.08458,205.3919036
Ruxolitinib (INCB018424),BA3190R,237.87871,229.9079517
Ruxolitinib (INCB018424),BA3192R,234.1151,213.7331856
Ruxolitinib (INCB018424),BA3195R,227.80121,218.0749638
Ruxolitinib (INCB018424),BA3199R,219.37617,139.5733399
Ruxolitinib (INCB018424),BA3200R,242.6089,253.8900068
Ruxolitinib (INCB018424),BA3203R,231.24422,239.7148109
Ruxolitinib (INCB018424),BA3206R,234.23541,251.2697907
Ruxolitinib (INCB018424),BA3207R,249.29614,215.6545933
Ruxolitinib (INCB018424),BA3208R,230.59714,199.9996304
Ruxolitinib (INCB018424),BA3210R,233.90941,233.6729331
Ruxolitinib (INCB018424),BA3212R,242.16866,183.1160088
Ruxolitinib (INCB018424),BA3213R,221.55438,195.7714524
Ruxolitinib (INCB018424),BA3214R,242.19055,257.6478538
Ruxolitinib (INCB018424),BA3219R,237.4677,275.0793441
Ruxolitinib (INCB018424),BA3222R,240.26607,256.9032116
Ruxolitinib (INCB018424),BA3226R,237.4613,227.6679819
Ruxolitinib (INCB018424),BA3228R,226.09618,181.6542265
Ruxolitinib (INCB018424),BA3229R,232.04224,178.5393482
Ruxolitinib (INCB018424),BA3230R,239.22647,244.6627033
Ruxolitinib (INCB018424),BA3232R,225.71144,231.8465007
Ruxolitinib (INCB018424),BA3235R,238.81169,232.0254445
Ruxolitinib (INCB018424),BA3237R,231.46803,198.3208397
Ruxolitinib (INCB018424),BA3240R,240.01112,180.9700171
Ruxolitinib (INCB018424),BA3242R,226.98325,185.5536928
Ruxolitinib (INCB018424),BA3243R,225.3518,177.1633325
Ruxolitinib (INCB018424),BA3245R,232.72499,235.0741627
Ruxolitinib (INCB018424),BA3249R,243.93243,173.7733549
Ruxolitinib (INCB018424),BA3250R,223.0664,239.4237391
Ruxolitinib (INCB018424),BA3251R,223.7098,197.3774904
Ruxolitinib (INCB018424),BA3255R,218.00327,258.7334289
Ruxolitinib (INCB018424),BA3258R,228.55553,217.163022
Ruxolitinib (INCB018424),BA3260R,239.23999,221.3109851
Ruxolitinib (INCB018424),BA3261R,239.63351,254.5590123
Ruxolitinib (INCB018424),BA3264R,222.98775,210.9743098
Ruxolitinib (INCB018424),BA3266R,222.68123,242.5356074
Ruxolitinib (INCB018424),BA3268R,235.49869,281.7211636
Ruxolitinib (INCB018424),BA3270R,228.09976,216.7810105
Ruxolitinib (INCB018424),BA3271R,215.50233,199.7363634
Ruxolitinib (INCB018424),BA3273R,235.5268,281.5729243
Ruxolitinib (INCB018424),BA3275R,230.6794,263.5737358
Ruxolitinib (INCB018424),BA3277R,228.20409,229.2198539
Ruxolitinib (INCB018424),BA3283R,228.29237,208.8688413
Ruxolitinib (INCB018424),BA3286R,214.31842,216.8442681
Ruxolitinib (INCB018424),BA3289R,223.79083,230.7882734
Ruxolitinib (INCB018424),BA3290R,240.71635,235.8682718
Ruxolitinib (INCB018424),BA3293R,239.42654,227.9333872
Ruxolitinib (INCB018424),BA3295R,219.5428,222.7784906
Ruxolitinib (INCB018424),BA3296R,231.53767,251.560284
Ruxolitinib (INCB018424),BA3299R,225.079,171.7797638
Ruxolitinib (INCB018424),BA3300R,237.7049,93.8267286
Ruxolitinib (INCB018424),BA3302R,228.233,267.2593274
Ruxolitinib (INCB018424),BA3305R,232.40097,251.0167374
Ruxolitinib (INCB018424),BA3306R,236.06587,238.1664039
Ruxolitinib (INCB018424),BA3310R,228.56415,261.396033
Ruxolitinib (INCB018424),BA3311R,226.70885,103.1810361
Ruxolitinib (INCB018424),BA3312R,227.79007,164.8800097
Ruxolitinib (INCB018424),BA3318R,239.99574,94.61506098
Ruxolitinib (INCB018424),BA3319R,247.57346,198.1570489
Ruxolitinib (INCB018424),BA3324R,228.32422,197.872335
Ruxolitinib (INCB018424),BA3325R,231.80016,277.4611052
Ruxolitinib (INCB018424),BA3328R,232.53413,220.257816
Ruxolitinib (INCB018424),BA3329R,233.54318,260.115008
Ruxolitinib (INCB018424),BA3333R,231.36879,225.6815895
Ruxolitinib (INCB018424),BA3334R,223.98955,146.4751833
Ruxolitinib (INCB018424),BA3339R,231.96152,206.2042607
Ruxolitinib (INCB018424),BA3341R,233.58594,207.0209233
Ruxolitinib (INCB018424),BA3345R,225.46251,200.2594681
Ruxolitinib (INCB018424),BA3347R,236.37976,188.4153387
Ruxolitinib (INCB018424),BA3351R,247.85701,256.1222282
Ruxolitinib (INCB018424),BA3352R,236.60666,195.917681
Ruxolitinib (INCB018424),BA3353R,236.90506,226.2491578
Ruxolitinib (INCB018424),BA3357R,234.33708,265.3819865
Ruxolitinib (INCB018424),BA3362R,250.55785,262.7374463
Ruxolitinib (INCB018424),BA3367R,233.7867,253.4892969
Ruxolitinib (INCB018424),BA3369R,219.5362,253.9077072
Ruxolitinib (INCB018424),BA3373R,248.85182,262.8726028
Ruxolitinib (INCB018424),BA3374R,242.09921,239.6810028
Ruxolitinib (INCB018424),BA3376R,229.40929,268.3027595
Ruxolitinib (INCB018424),BA3379R,225.6109,257.4028168
Ruxolitinib (INCB018424),BA3380R,231.94708,207.8265499
Ruxolitinib (INCB018424),BA3381R,222.86009,228.6443044
Ruxolitinib (INCB018424),BA3384R,228.46092,231.3042465
Ruxolitinib (INCB018424),BA3385R,218.04803,281.5008213
Ruxolitinib (INCB018424),BA3386R,225.46103,254.0740568
Ruxolitinib (INCB018424),BA3388R,237.88031,278.9034587
Ruxolitinib (INCB018424),BA3390R,237.95735,122.222632
Ruxolitinib (INCB018424),BA3394R,230.63866,188.3912831
Ruxolitinib (INCB018424),BA3395R,236.22359,225.8245891
Ruxolitinib (INCB018424),BA3397R,228.75922,185.7755584
Ruxolitinib (INCB018424),BA3399R,229.87108,210.7981233
Ruxolitinib (INCB018424),BA3400R,240.54767,269.5063145
Ruxolitinib (INCB018424),BA3406R,231.84918,170.2659566
Ruxolitinib (INCB018424),BA3407R,226.01794,243.8932948
Ruxolitinib (INCB018424),BA3411R,240.2012,215.1967283
Ruxolitinib (INCB018424),BA3412R,247.64323,263.1017321
Ruxolitinib (INCB018424),BA3416R,245.55609,283.0442588
Ruxolitinib (INCB018424),BA3418R,235.56987,188.78375
Ruxolitinib (INCB018424),BA3421R,219.2158,194.5715489
Ruxolitinib (INCB018424),BA3422R,241.41946,232.5148908
Ruxolitinib (INCB018424),BA3423R,240.70538,206.037832
Ruxolitinib (INCB018424),BA3431R,224.6596,177.1510165
Ruxolitinib (INCB018424),BA3433R,234.4289,247.3780388
Ruxolitinib (INCB018424),BA3434R,231.73633,229.507161
Ruxolitinib (INCB018424),BA3436R,239.51901,241.7393355
Ruxolitinib (INCB018424),BA3438R,235.34808,219.1908453
Ruxolitinib (INCB018424),BA3445R,234.53548,248.6506374
Ruxolitinib (INCB018424),BA3446R,220.74419,246.2184277
Ruxolitinib (INCB018424),BA3448R,241.73721,222.1838658
Ruxolitinib (INCB018424),BA3451R,243.82812,235.5726603
Ruxolitinib (INCB018424),BA3452R,229.11285,202.6330365
Ruxolitinib (INCB018424),BA3454R,230.29477,278.896041
Sorafenib,BA3079R,186.39308,209.1832703
Sorafenib,BA3083R,175.36815,144.2869594
Sorafenib,BA3084R,140.14264,172.7341208
Sorafenib,BA3087R,199.05164,251.1712741
Sorafenib,BA3089R,165.93163,164.6503704
Sorafenib,BA3094R,173.64983,228.5903384
Sorafenib,BA3098R,178.94977,158.1830845
Sorafenib,BA3099R,151.59349,98.22846853
Sorafenib,BA3109R,200.61063,261.7026694
Sorafenib,BA3110R,180.0708,116.8583038
Sorafenib,BA3114R,192.7009,201.8762359
Sorafenib,BA3118R,187.21027,218.9686436
Sorafenib,BA3126R,208.30516,187.0011854
Sorafenib,BA3128R,157.80336,164.0907383
Sorafenib,BA3130R,233.77885,256.6740296
Sorafenib,BA3133R,230.43192,242.1020951
Sorafenib,BA3135R,142.62369,49.11416803
Sorafenib,BA3136R,167.11163,154.2638933
Sorafenib,BA3137R,183.24446,194.6647423
Sorafenib,BA3138R,224.19902,220.5665245
Sorafenib,BA3139R,217.13843,161.895969
Sorafenib,BA3141R,190.05801,199.6182491
Sorafenib,BA3142R,214.516,239.3012728
Sorafenib,BA3145R,191.97331,38.22587383
Sorafenib,BA3146R,140.73474,117.5034876
Sorafenib,BA3152R,201.79675,171.8512055
Sorafenib,BA3153R,194.28632,194.2709577
Sorafenib,BA3157R,147.05338,223.1006217
Sorafenib,BA3158R,155.37569,86.11256943
Sorafenib,BA3162R,191.97221,216.0667658
Sorafenib,BA3163R,212.52943,207.779287
Sorafenib,BA3164R,137.7149,65.61721669
Sorafenib,BA3167R,185.20401,165.4155613
Sorafenib,BA3169R,208.23714,127.6505484
Sorafenib,BA3171R,225.9359,216.8835824
Sorafenib,BA3174R,204.26111,208.4467711
Sorafenib,BA3175R,203.67758,223.1494579
Sorafenib,BA3176R,186.43265,194.6636576
Sorafenib,BA3177R,151.0705,150.0308485
Sorafenib,BA3181R,216.51106,208.73568
Sorafenib,BA3182R,177.84308,161.2619872
Sorafenib,BA3183R,180.13902,224.5328441
Sorafenib,BA3185R,162.84955,103.095141
Sorafenib,BA3186R,214.82649,263.0283586
Sorafenib,BA3187R,204.66225,221.1937293
Sorafenib,BA3189R,190.91574,163.7800422
Sorafenib,BA3190R,214.25572,205.7184923
Sorafenib,BA3191R,192.7047,180.9967087
Sorafenib,BA3192R,161.2881,134.4760465
Sorafenib,BA3195R,183.1599,174.4904691
Sorafenib,BA3197R,128.8325,211.6600803
Sorafenib,BA3199R,171.73647,161.4290079
Sorafenib,BA3200R,178.44843,215.2652374
Sorafenib,BA3203R,206.58673,240.3849448
Sorafenib,BA3206R,206.78114,246.5863597
Sorafenib,BA3207R,216.9229,195.9722282
Sorafenib,BA3208R,167.48877,121.1111416
Sorafenib,BA3210R,217.26883,218.6067805
Sorafenib,BA3211R,155.0419,112.1299755
Sorafenib,BA3212R,216.18016,265.6478941
Sorafenib,BA3213R,178.40697,168.5550177
Sorafenib,BA3214R,207.38004,249.5992924
Sorafenib,BA3216R,169.21947,117.5037331
Sorafenib,BA3217R,138.23854,88.74288356
Sorafenib,BA3219R,196.26619,234.4327924
Sorafenib,BA3222R,212.28873,228.9976507
Sorafenib,BA3225R,204.29454,198.0907516
Sorafenib,BA3226R,159.21002,220.8295659
Sorafenib,BA3227R,159.15543,155.5606659
Sorafenib,BA3228R,187.16852,143.3802403
Sorafenib,BA3229R,214.25912,164.6242584
Sorafenib,BA3230R,224.41339,182.1862044
Sorafenib,BA3232R,176.84018,226.1495266
Sorafenib,BA3234R,194.80325,160.3081123
Sorafenib,BA3235R,204.38022,163.0194698
Sorafenib,BA3237R,213.8176,253.6071564
Sorafenib,BA3240R,185.26065,168.3318597
Sorafenib,BA3242R,201.77014,195.6794052
Sorafenib,BA3245R,209.66406,227.4195625
Sorafenib,BA3250R,176.14215,243.4664782
Sorafenib,BA3251R,163.48624,149.6269566
Sorafenib,BA3255R,152.81125,232.0992553
Sorafenib,BA3258R,197.35857,202.1572229
Sorafenib,BA3260R,229.07722,173.8365976
Sorafenib,BA3261R,223.21782,220.0116757
Sorafenib,BA3264R,119.83436,113.7111699
Sorafenib,BA3266R,164.24908,132.8449309
Sorafenib,BA3268R,189.17953,235.3132192
Sorafenib,BA3270R,200.80339,195.5508615
Sorafenib,BA3271R,155.3742,114.9631458
Sorafenib,BA3273R,209.70692,176.9844663
Sorafenib,BA3275R,153.576,119.774109
Sorafenib,BA3277R,187.13806,185.3015255
Sorafenib,BA3283R,175.04764,168.2369546
Sorafenib,BA3285R,218.1194,204.4283028
Sorafenib,BA3286R,160.3057,145.321512
Sorafenib,BA3289R,191.54425,206.996531
Sorafenib,BA3290R,226.37288,250.6618548
Sorafenib,BA3293R,160.11096,40.43992279
Sorafenib,BA3295R,187.11768,234.6382116
Sorafenib,BA3297R,175.1655,187.1439814
Sorafenib,BA3299R,187.96886,152.4722031
Sorafenib,BA3300R,197.88681,245.2791075
Sorafenib,BA3302R,189.10303,178.4003338
Sorafenib,BA3305R,195.28389,262.8945894
Sorafenib,BA3306R,162.08003,91.21876887
Sorafenib,BA3308R,169.34108,181.7648322
Sorafenib,BA3311R,197.95897,108.632024
Sorafenib,BA3312R,196.67326,206.2034427
Sorafenib,BA3315R,214.57898,98.90030179
Sorafenib,BA3317R,167.76985,110.681407
Sorafenib,BA3318R,201.03813,174.7244703
Sorafenib,BA3319R,227.22649,180.255275
Sorafenib,BA3324R,199.6381,156.4206611
Sorafenib,BA3325R,189.2167,224.6553814
Sorafenib,BA3326R,209.99657,231.2233015
Sorafenib,BA3328R,173.43709,189.742695
Sorafenib,BA3329R,193.99431,218.8105874
Sorafenib,BA3332R,168.4453,177.1380081
Sorafenib,BA3333R,164.43448,197.3836218
Sorafenib,BA3334R,198.85956,166.892503
Sorafenib,BA3335R,166.09958,98.17145744
Sorafenib,BA3339R,202.2462,186.6128043
Sorafenib,BA3341R,208.36873,219.485683
Sorafenib,BA3345R,193.4201,208.3223954
Sorafenib,BA3347R,211.53146,174.2154691
Sorafenib,BA3351R,214.44272,197.3354861
Sorafenib,BA3352R,171.6382,100.6751898
Sorafenib,BA3357R,200.16579,224.3928459
Sorafenib,BA3362R,210.32086,146.2535237
Sorafenib,BA3367R,213.0058,177.1372418
Sorafenib,BA3369R,161.63316,223.5065955
Sorafenib,BA3373R,228.47931,252.568675
Sorafenib,BA3374R,198.61305,198.4514325
Sorafenib,BA3375R,130.51273,136.4325297
Sorafenib,BA3376R,130.1977,113.1266648
Sorafenib,BA3379R,189.71155,213.7495335
Sorafenib,BA3380R,134.54973,46.2720704
Sorafenib,BA3381R,200.62201,216.7961732
Sorafenib,BA3384R,169.53694,213.3618799
Sorafenib,BA3385R,169.32521,173.5633298
Sorafenib,BA3386R,119.843735,103.9655711
Sorafenib,BA3388R,223.02638,226.088134
Sorafenib,BA3390R,206.95807,236.7225616
Sorafenib,BA3394R,202.05208,235.9335284
Sorafenib,BA3395R,224.33707,226.6400703
Sorafenib,BA3397R,190.3792,173.5991147
Sorafenib,BA3399R,215.34393,215.2085511
Sorafenib,BA3400R,206.45724,237.6092261
Sorafenib,BA3403R,195.61906,215.8985915
Sorafenib,BA3406R,144.33989,161.7863664
Sorafenib,BA3407R,203.90698,158.8012833
Sorafenib,BA3411R,223.02568,228.6382337
Sorafenib,BA3412R,204.03992,234.5637066
Sorafenib,BA3415R,222.66457,197.2124479
Sorafenib,BA3416R,219.61578,258.4586389
Sorafenib,BA3417R,183.86052,193.1775113
Sorafenib,BA3418R,204.83496,219.7266276
Sorafenib,BA3421R,187.51031,205.923219
Sorafenib,BA3422R,179.26332,208.237829
Sorafenib,BA3423R,177.8551,159.694895
Sorafenib,BA3431R,190.37987,193.5198465
Sorafenib,BA3433R,172.36482,189.3683627
Sorafenib,BA3434R,207.0148,241.8489585
Sorafenib,BA3436R,185.10419,190.8736768
Sorafenib,BA3438R,180.76703,114.6716708
Sorafenib,BA3446R,177.9221,193.5027933
Sorafenib,BA3448R,179.04042,186.3221607
Sorafenib,BA3449R,197.98724,236.4941091
Sorafenib,BA3452R,186.30057,181.9237568
Sorafenib,BA3454R,131.80103,145.4538342
Sunitinib,BA3078R,176.50421,174.246435
Sunitinib,BA3079R,185.63208,192.3279016
Sunitinib,BA3083R,184.40479,171.9068028
Sunitinib,BA3084R,159.74493,212.6860593
Sunitinib,BA3087R,204.77318,256.5935403
Sunitinib,BA3089R,189.91205,231.9423462
Sunitinib,BA3094R,186.21396,262.0412021
Sunitinib,BA3095R,169.60324,73.00734782
Sunitinib,BA3098R,181.78842,160.1981473
Sunitinib,BA3099R,167.80945,98.13057477
Sunitinib,BA3109R,195.03532,253.6619541
Sunitinib,BA3110R,184.60071,127.3726635
Sunitinib,BA3114R,193.35631,223.4133942
Sunitinib,BA3118R,192.56929,198.3373139
Sunitinib,BA3119R,171.81126,258.6844989
Sunitinib,BA3126R,213.65663,166.6531051
Sunitinib,BA3128R,176.70377,205.4647906
Sunitinib,BA3130R,231.22238,244.6514153
Sunitinib,BA3133R,234.68886,236.3401395
Sunitinib,BA3135R,158.25848,65.78256987
Sunitinib,BA3137R,184.63644,201.8056907
Sunitinib,BA3138R,225.14952,219.2943228
Sunitinib,BA3139R,223.01265,174.1833297
Sunitinib,BA3141R,200.8528,212.4848279
Sunitinib,BA3142R,221.5551,237.1251491
Sunitinib,BA3145R,201.56635,97.66685259
Sunitinib,BA3146R,153.62744,144.8138083
Sunitinib,BA3152R,200.936,166.2075031
Sunitinib,BA3153R,190.15175,156.0033422
Sunitinib,BA3157R,173.9168,235.1473618
Sunitinib,BA3158R,170.03983,88.24837066
Sunitinib,BA3162R,194.8219,234.9028508
Sunitinib,BA3163R,215.2237,237.229513
Sunitinib,BA3164R,160.44398,100.1100146
Sunitinib,BA3167R,193.32625,155.090654
Sunitinib,BA3169R,211.0507,153.7853422
Sunitinib,BA3171R,232.06982,237.2038337
Sunitinib,BA3174R,199.57637,187.9345905
Sunitinib,BA3175R,206.8762,183.5969974
Sunitinib,BA3176R,200.08173,226.4258232
Sunitinib,BA3177R,163.12842,170.9649449
Sunitinib,BA3181R,221.56982,199.5371315
Sunitinib,BA3182R,184.00856,190.8931975
Sunitinib,BA3183R,197.43268,252.3699571
Sunitinib,BA3185R,168.23941,151.5055571
Sunitinib,BA3186R,221.31029,269.7410586
Sunitinib,BA3187R,206.8816,210.6716219
Sunitinib,BA3189R,203.7548,197.112132
Sunitinib,BA3190R,219.1585,225.9287657
Sunitinib,BA3191R,194.82024,192.7378768
Sunitinib,BA3192R,176.86234,181.1905934
Sunitinib,BA3195R,189.1723,202.9950912
Sunitinib,BA3199R,182.06519,236.0321316
Sunitinib,BA3200R,191.42786,211.9819264
Sunitinib,BA3203R,208.08002,236.1360645
Sunitinib,BA3206R,214.91075,199.9349979
Sunitinib,BA3208R,184.51604,140.9658239
Sunitinib,BA3210R,217.80927,220.9243576
Sunitinib,BA3211R,172.20767,126.7274931
Sunitinib,BA3212R,223.99025,283.8707982
Sunitinib,BA3213R,181.47716,147.0309905
Sunitinib,BA3214R,211.25409,245.4545355
Sunitinib,BA3216R,178.36845,164.891784
Sunitinib,BA3217R,161.955,60.508973
Sunitinib,BA3219R,201.36066,209.6905745
Sunitinib,BA3222R,221.50127,260.3073975
Sunitinib,BA3225R,208.07709,155.6052904
Sunitinib,BA3226R,186.1604,224.1815451
Sunitinib,BA3227R,172.53238,151.2137033
Sunitinib,BA3228R,190.67836,152.1836171
Sunitinib,BA3229R,218.20161,166.4559274
Sunitinib,BA3230R,230.75375,176.2115632
Sunitinib,BA3232R,191.18735,231.216899
Sunitinib,BA3234R,196.7607,89.65523371
Sunitinib,BA3235R,208.11584,174.0800549
Sunitinib,BA3237R,218.25948,264.6921532
Sunitinib,BA3240R,197.01752,176.8804573
Sunitinib,BA3242R,207.48988,239.5120163
Sunitinib,BA3245R,211.68301,244.3326701
Sunitinib,BA3250R,185.93542,278.330185
Sunitinib,BA3251R,176.00546,173.2477232
Sunitinib,BA3255R,166.87039,241.5797954
Sunitinib,BA3258R,200.95844,250.601361
Sunitinib,BA3260R,226.80437,244.319972
Sunitinib,BA3261R,230.71898,235.2945448
Sunitinib,BA3264R,139.86203,157.3244749
Sunitinib,BA3266R,179.02928,135.223085
Sunitinib,BA3268R,201.66052,236.5733168
Sunitinib,BA3270R,205.92294,207.3488379
Sunitinib,BA3271R,168.09906,153.619164
Sunitinib,BA3273R,207.5317,183.8624205
Sunitinib,BA3275R,173.63734,100.8189959
Sunitinib,BA3277R,195.40398,198.3790067
Sunitinib,BA3283R,176.78355,193.9698248
Sunitinib,BA3285R,224.62444,210.5805431
Sunitinib,BA3286R,170.15002,172.7212907
Sunitinib,BA3289R,187.07124,192.818957
Sunitinib,BA3290R,231.15196,251.8636375
Sunitinib,BA3293R,173.15361,98.99589801
Sunitinib,BA3295R,189.26057,258.3855844
Sunitinib,BA3296R,217.09518,146.6923647
Sunitinib,BA3297R,188.39877,189.6031681
Sunitinib,BA3299R,189.88972,148.8386607
Sunitinib,BA3300R,207.91974,267.7284171
Sunitinib,BA3302R,202.08826,202.7334177
Sunitinib,BA3305R,205.97504,233.4720293
Sunitinib,BA3306R,174.99542,88.51064261
Sunitinib,BA3308R,182.04231,166.5307347
Sunitinib,BA3310R,166.97682,167.5879094
Sunitinib,BA3311R,198.8338,52.30297235
Sunitinib,BA3312R,207.63078,244.1808489
Sunitinib,BA3317R,184.77444,115.8504335
Sunitinib,BA3319R,230.77272,214.1118216
Sunitinib,BA3324R,207.11687,188.6377367
Sunitinib,BA3325R,196.46611,204.460747
Sunitinib,BA3326R,212.97748,235.7445381
Sunitinib,BA3328R,189.35603,208.67451
Sunitinib,BA3329R,197.46121,216.7969316
Sunitinib,BA3332R,180.4528,220.4211887
Sunitinib,BA3333R,181.26234,230.9691179
Sunitinib,BA3334R,198.29713,214.9936108
Sunitinib,BA3335R,177.79802,158.0704907
Sunitinib,BA3339R,196.44386,205.5550368
Sunitinib,BA3341R,212.42863,244.7133862
Sunitinib,BA3345R,187.98077,179.6445977
Sunitinib,BA3347R,214.37463,218.773388
Sunitinib,BA3351R,226.03548,245.7213751
Sunitinib,BA3352R,187.81526,131.8602555
Sunitinib,BA3353R,195.53137,208.5608011
Sunitinib,BA3357R,210.49004,237.5061443
Sunitinib,BA3362R,223.66243,151.5982722
Sunitinib,BA3367R,210.64304,219.6437404
Sunitinib,BA3369R,172.52417,266.653705
Sunitinib,BA3373R,236.3986,284.0623826
Sunitinib,BA3374R,209.67061,228.3909611
Sunitinib,BA3375R,154.78778,215.3794815
Sunitinib,BA3376R,155.96219,172.5810283
Sunitinib,BA3379R,197.43478,222.7513253
Sunitinib,BA3380R,157.7371,113.3144493
Sunitinib,BA3381R,201.69661,224.6452412
Sunitinib,BA3384R,183.5864,222.1752005
Sunitinib,BA3385R,178.408,228.0721193
Sunitinib,BA3386R,142.3151,156.4712633
Sunitinib,BA3388R,224.50867,245.792025
Sunitinib,BA3390R,205.95389,279.658293
Sunitinib,BA3394R,208.01996,257.5418329
Sunitinib,BA3395R,228.34816,212.9261536
Sunitinib,BA3397R,200.63731,159.5949302
Sunitinib,BA3399R,212.38882,234.4854116
Sunitinib,BA3400R,208.90375,238.9859411
Sunitinib,BA3403R,209.32526,251.0496502
Sunitinib,BA3406R,167.42128,169.5448838
Sunitinib,BA3407R,202.07672,204.544908
Sunitinib,BA3411R,230.08795,250.7599496
Sunitinib,BA3412R,217.28658,276.4993008
Sunitinib,BA3415R,227.7009,194.1344894
Sunitinib,BA3417R,184.45993,209.9110961
Sunitinib,BA3418R,208.4439,173.2840899
Sunitinib,BA3421R,184.60037,176.6221148
Sunitinib,BA3422R,191.35739,232.6438887
Sunitinib,BA3423R,188.25224,156.3598829
Sunitinib,BA3431R,189.84984,167.7371201
Sunitinib,BA3433R,183.6644,210.7238092
Sunitinib,BA3434R,212.22012,227.8171002
Sunitinib,BA3436R,200.04102,239.1270387
Sunitinib,BA3438R,199.23045,133.0673923
Sunitinib,BA3446R,184.47305,219.3913573
Sunitinib,BA3448R,197.23135,180.6034927
Sunitinib,BA3449R,206.85156,258.5890719
Sunitinib,BA3451R,212.35428,233.857816
Sunitinib,BA3452R,189.88112,231.4569937
Bortezomib (Velcade),BA3078R,153.98889,166.6646613
Bortezomib (Velcade),BA3079R,143.462,132.2038621
Bortezomib (Velcade),BA3083R,156.4829,96.56485246
Bortezomib (Velcade),BA3084R,188.3678,283.0497022
Bortezomib (Velcade),BA3087R,177.66235,153.2948258
Bortezomib (Velcade),BA3089R,178.43849,120.869508
Bortezomib (Velcade),BA3094R,186.74657,160.4418018
Bortezomib (Velcade),BA3098R,143.60619,129.0187981
Bortezomib (Velcade),BA3099R,160.55983,241.8747023
Bortezomib (Velcade),BA3110R,155.99149,59.36310219
Bortezomib (Velcade),BA3114R,152.66467,154.3618335
Bortezomib (Velcade),BA3117R,160.45184,286.3279433
Bortezomib (Velcade),BA3118R,153.13893,181.3705728
Bortezomib (Velcade),BA3119R,195.327,170.7826795
Bortezomib (Velcade),BA3126R,152.97478,206.018312
Bortezomib (Velcade),BA3128R,180.14192,146.7549542
Bortezomib (Velcade),BA3130R,158.6147,80.67021979
Bortezomib (Velcade),BA3133R,163.02863,156.4992447
Bortezomib (Velcade),BA3135R,189.53386,238.7649307
Bortezomib (Velcade),BA3137R,137.95778,54.03425646
Bortezomib (Velcade),BA3138R,149.05524,83.69518104
Bortezomib (Velcade),BA3139R,179.83788,177.3727692
Bortezomib (Velcade),BA3145R,191.98613,142.0498886
Bortezomib (Velcade),BA3146R,144.39754,103.7165439
Bortezomib (Velcade),BA3152R,143.80914,138.3078674
Bortezomib (Velcade),BA3153R,158.92664,151.3141236
Bortezomib (Velcade),BA3157R,180.64131,146.2120139
Bortezomib (Velcade),BA3158R,165.73563,286.3279433
Bortezomib (Velcade),BA3162R,147.62047,130.8984764
Bortezomib (Velcade),BA3163R,150.46501,151.0815516
Bortezomib (Velcade),BA3164R,176.31697,210.4735868
Bortezomib (Velcade),BA3167R,161.28476,113.1961939
Bortezomib (Velcade),BA3169R,149.44771,163.9503763
Bortezomib (Velcade),BA3171R,164.6442,112.7193544
Bortezomib (Velcade),BA3174R,152.1774,94.29387794
Bortezomib (Velcade),BA3175R,148.66281,82.76673349
Bortezomib (Velcade),BA3177R,147.41824,87.59955262
Bortezomib (Velcade),BA3181R,146.71738,107.3301245
Bortezomib (Velcade),BA3182R,147.61679,82.88739589
Bortezomib (Velcade),BA3183R,167.86324,134.0858419
Bortezomib (Velcade),BA3185R,162.92084,115.642151
Bortezomib (Velcade),BA3186R,164.69069,107.9297461
Bortezomib (Velcade),BA3187R,155.36374,118.279627
Bortezomib (Velcade),BA3189R,180.8288,259.2155608
Bortezomib (Velcade),BA3190R,159.64545,134.2240933
Bortezomib (Velcade),BA3191R,145.9489,189.3335729
Bortezomib (Velcade),BA3192R,189.46887,226.4150349
Bortezomib (Velcade),BA3195R,153.54318,151.182298
Bortezomib (Velcade),BA3197R,195.52174,42.66031905
Bortezomib (Velcade),BA3199R,149.89069,160.6276227
Bortezomib (Velcade),BA3200R,194.98251,250.1943745
Bortezomib (Velcade),BA3203R,156.35994,254.7499414
Bortezomib (Velcade),BA3206R,185.66118,228.2447024
Bortezomib (Velcade),BA3207R,153.13248,8.09E-09
Bortezomib (Velcade),BA3208R,162.90015,209.20497
Bortezomib (Velcade),BA3210R,153.45888,270.5722844
Bortezomib (Velcade),BA3211R,161.7161,207.066663
Bortezomib (Velcade),BA3212R,167.06277,212.9880733
Bortezomib (Velcade),BA3213R,143.16777,74.7614951
Bortezomib (Velcade),BA3214R,159.56204,151.3267242
Bortezomib (Velcade),BA3216R,171.2532,166.2710672
Bortezomib (Velcade),BA3217R,190.45337,257.4949152
Bortezomib (Velcade),BA3219R,155.29132,50.9784992
Bortezomib (Velcade),BA3222R,169.15732,154.2222182
Bortezomib (Velcade),BA3225R,160.13545,150.7311764
Bortezomib (Velcade),BA3226R,184.62685,76.61538193
Bortezomib (Velcade),BA3227R,187.34103,156.095322
Bortezomib (Velcade),BA3228R,142.29362,190.2189763
Bortezomib (Velcade),BA3229R,155.92369,143.3479555
Bortezomib (Velcade),BA3232R,157.99927,159.8769119
Bortezomib (Velcade),BA3235R,152.50287,135.7634098
Bortezomib (Velcade),BA3240R,188.42,153.734285
Bortezomib (Velcade),BA3242R,149.49422,106.5093429
Bortezomib (Velcade),BA3243R,154.97388,246.8084814
Bortezomib (Velcade),BA3249R,189.76529,85.08077922
Bortezomib (Velcade),BA3250R,148.21213,119.6949372
Bortezomib (Velcade),BA3251R,162.63037,203.6051653
Bortezomib (Velcade),BA3258R,148.29019,210.2317285
Bortezomib (Velcade),BA3260R,146.54117,137.7480331
Bortezomib (Velcade),BA3261R,174.12413,247.8013945
Bortezomib (Velcade),BA3264R,175.19218,132.1852586
Bortezomib (Velcade),BA3266R,158.9151,179.2183935
Bortezomib (Velcade),BA3268R,161.25296,145.390648
Bortezomib (Velcade),BA3270R,146.82039,121.2403074
Bortezomib (Velcade),BA3273R,174.28427,219.5059835
Bortezomib (Velcade),BA3275R,183.35846,238.9596422
Bortezomib (Velcade),BA3283R,150.73456,100.3039432
Bortezomib (Velcade),BA3285R,179.65056,151.2144374
Bortezomib (Velcade),BA3286R,144.81793,224.4700734
Bortezomib (Velcade),BA3289R,139.7483,109.6313235
Bortezomib (Velcade),BA3290R,163.74669,134.9690357
Bortezomib (Velcade),BA3293R,183.6879,140.1903034
Bortezomib (Velcade),BA3295R,144.0993,131.9437842
Bortezomib (Velcade),BA3297R,155.813,151.6270561
Bortezomib (Velcade),BA3299R,144.20547,136.1004059
Bortezomib (Velcade),BA3300R,157.15018,164.4774896
Bortezomib (Velcade),BA3302R,153.54063,190.075181
Bortezomib (Velcade),BA3305R,157.77452,190.3800032
Bortezomib (Velcade),BA3306R,202.85455,150.1172098
Bortezomib (Velcade),BA3308R,160.41014,187.2877093
Bortezomib (Velcade),BA3310R,195.93907,166.4028719
Bortezomib (Velcade),BA3311R,141.7354,17.5133098
Bortezomib (Velcade),BA3312R,159.7821,141.1972143
Bortezomib (Velcade),BA3317R,184.26866,232.220118
Bortezomib (Velcade),BA3318R,158.77481,224.190932
Bortezomib (Velcade),BA3319R,155.22298,59.13170527
Bortezomib (Velcade),BA3324R,146.68962,125.3112435
Bortezomib (Velcade),BA3326R,152.24817,163.7539326
Bortezomib (Velcade),BA3328R,173.88528,192.238627
Bortezomib (Velcade),BA3332R,175.98547,186.4838937
Bortezomib (Velcade),BA3333R,185.47005,136.8269722
Bortezomib (Velcade),BA3334R,149.5995,117.7459094
Bortezomib (Velcade),BA3341R,177.68744,194.4658832
Bortezomib (Velcade),BA3345R,140.52405,119.1281862
Bortezomib (Velcade),BA3347R,148.17162,109.5917223
Bortezomib (Velcade),BA3351R,172.24083,199.2043343
Bortezomib (Velcade),BA3352R,186.9619,120.9236854
Bortezomib (Velcade),BA3353R,190.68474,121.1828848
Bortezomib (Velcade),BA3357R,175.4854,257.7439523
Bortezomib (Velcade),BA3362R,171.13469,227.1531642
Bortezomib (Velcade),BA3367R,151.90457,163.1910179
Bortezomib (Velcade),BA3369R,144.71906,103.4593951
Bortezomib (Velcade),BA3373R,149.24706,123.303467
Bortezomib (Velcade),BA3374R,164.30121,91.01946485
Bortezomib (Velcade),BA3375R,194.35068,144.4414388
Bortezomib (Velcade),BA3376R,174.58649,111.4044036
Bortezomib (Velcade),BA3379R,156.57224,185.0389373
Bortezomib (Velcade),BA3380R,190.33304,73.89535108
Bortezomib (Velcade),BA3381R,143.8638,141.0321216
Bortezomib (Velcade),BA3384R,163.29613,128.7232738
Bortezomib (Velcade),BA3385R,146.99982,64.13396835
Bortezomib (Velcade),BA3386R,173.89526,190.1027935
Bortezomib (Velcade),BA3388R,150.27428,141.3921087
Bortezomib (Velcade),BA3390R,152.6134,119.1708189
Bortezomib (Velcade),BA3394R,137.01367,59.00085972
Bortezomib (Velcade),BA3395R,157.8839,102.8799123
Bortezomib (Velcade),BA3397R,156.34537,155.8618546
Bortezomib (Velcade),BA3399R,148.1059,147.5289329
Bortezomib (Velcade),BA3400R,189.29239,156.5294163
Bortezomib (Velcade),BA3403R,156.4029,193.7102899
Bortezomib (Velcade),BA3406R,180.17264,94.49101292
Bortezomib (Velcade),BA3411R,158.10603,220.3895371
Bortezomib (Velcade),BA3412R,176.88704,116.9474885
Bortezomib (Velcade),BA3415R,164.96443,196.8553095
Bortezomib (Velcade),BA3416R,195.84108,252.9605098
Bortezomib (Velcade),BA3417R,145.65651,78.11931559
Bortezomib (Velcade),BA3418R,154.81085,286.3279433
Bortezomib (Velcade),BA3421R,140.28844,130.8156761
Bortezomib (Velcade),BA3422R,207.77927,194.0086168
Bortezomib (Velcade),BA3423R,203.36699,148.460155
Bortezomib (Velcade),BA3431R,149.86029,186.3261923
Bortezomib (Velcade),BA3433R,191.68143,169.8561001
Bortezomib (Velcade),BA3434R,152.74825,205.4373579
Bortezomib (Velcade),BA3438R,165.22269,156.3264478
Bortezomib (Velcade),BA3445R,174.10255,82.4911525
Bortezomib (Velcade),BA3446R,150.18098,16.61129071
Bortezomib (Velcade),BA3449R,153.96036,136.3398833
Bortezomib (Velcade),BA3451R,140.61488,177.3895956
Bortezomib (Velcade),BA3452R,158.88902,96.79677505
Bortezomib (Velcade),BA3454R,170.7031,277.7121115
Rapamycin,BA3078R,159.72316,132.1549827
Rapamycin,BA3079R,132.45628,90.97692155
Rapamycin,BA3083R,148.71521,75.48246613
Rapamycin,BA3084R,188.9038,179.1791271
Rapamycin,BA3087R,216.13585,241.3142774
Rapamycin,BA3089R,217.54102,233.8382095
Rapamycin,BA3094R,187.18011,52.32989657
Rapamycin,BA3098R,141.18842,107.6820595
Rapamycin,BA3099R,168.43408,71.016996
Rapamycin,BA3110R,166.99683,158.0966217
Rapamycin,BA3114R,151.37396,102.7441881
Rapamycin,BA3118R,144.1541,90.88087699
Rapamycin,BA3119R,213.32816,223.2786104
Rapamycin,BA3126R,164.9013,71.28747097
Rapamycin,BA3128R,193.93375,171.8521409
Rapamycin,BA3130R,189.79068,102.7470526
Rapamycin,BA3133R,215.00525,217.9534911
Rapamycin,BA3135R,196.89755,44.85621359
Rapamycin,BA3137R,131.40358,98.93967097
Rapamycin,BA3138R,173.71684,127.2779738
Rapamycin,BA3139R,227.01256,152.4419333
Rapamycin,BA3145R,220.13893,227.2449703
Rapamycin,BA3146R,123.46546,91.24765113
Rapamycin,BA3152R,153.44202,163.0711105
Rapamycin,BA3153R,173.95627,128.9565396
Rapamycin,BA3154R,204.67377,141.2973553
Rapamycin,BA3157R,206.43402,263.3257983
Rapamycin,BA3158R,158.19357,13.15331253
Rapamycin,BA3162R,140.83746,86.62098726
Rapamycin,BA3163R,158.88214,112.9128061
Rapamycin,BA3164R,202.42569,268.7551864
Rapamycin,BA3167R,155.37411,7.239111725
Rapamycin,BA3169R,158.6367,167.4895403
Rapamycin,BA3171R,211.28893,235.7734475
Rapamycin,BA3174R,139.03845,117.2889772
Rapamycin,BA3175R,151.7606,134.8705165
Rapamycin,BA3177R,134.63083,70.59421565
Rapamycin,BA3181R,169.61008,141.7028815
Rapamycin,BA3182R,136.02878,127.8357921
Rapamycin,BA3183R,194.64809,216.5623793
Rapamycin,BA3185R,149.29153,94.10529551
Rapamycin,BA3186R,207.51364,205.5196862
Rapamycin,BA3187R,170.273,88.30656844
Rapamycin,BA3189R,215.58382,232.9571581
Rapamycin,BA3190R,196.36797,230.5653272
Rapamycin,BA3191R,137.63007,51.69759046
Rapamycin,BA3192R,209.61787,191.8794414
Rapamycin,BA3195R,170.37497,161.1958304
Rapamycin,BA3199R,161.94196,116.9364021
Rapamycin,BA3200R,218.34506,189.7179171
Rapamycin,BA3203R,175.12933,216.0644054
Rapamycin,BA3206R,211.13028,189.7714008
Rapamycin,BA3207R,175.26584,51.56545998
Rapamycin,BA3208R,188.814,90.61555177
Rapamycin,BA3210R,165.89108,116.6262842
Rapamycin,BA3212R,214.85292,172.2086623
Rapamycin,BA3213R,129.63599,60.08009962
Rapamycin,BA3214R,199.62366,159.4654259
Rapamycin,BA3217R,196.05064,112.5005645
Rapamycin,BA3219R,161.26216,52.14689256
Rapamycin,BA3222R,203.6966,150.7480469
Rapamycin,BA3226R,210.2413,253.4298824
Rapamycin,BA3227R,213.45595,205.8019832
Rapamycin,BA3228R,145.52966,139.6377345
Rapamycin,BA3229R,176.80638,138.6333974
Rapamycin,BA3230R,209.97708,173.4737199
Rapamycin,BA3232R,178.92213,200.2925622
Rapamycin,BA3235R,155.57309,87.45425217
Rapamycin,BA3240R,215.18896,151.7954232
Rapamycin,BA3242R,175.91725,187.4303443
Rapamycin,BA3243R,159.11986,164.4391459
Rapamycin,BA3249R,218.08261,278.1743854
Rapamycin,BA3250R,137.90245,168.4948857
Rapamycin,BA3251R,145.12215,120.1749793
Rapamycin,BA3258R,139.35793,70.95406635
Rapamycin,BA3260R,178.60544,152.305807
Rapamycin,BA3261R,217.78891,184.5489749
Rapamycin,BA3264R,161.4898,164.1103547
Rapamycin,BA3266R,164.80714,76.78179855
Rapamycin,BA3268R,207.4176,227.8149269
Rapamycin,BA3270R,154.9744,84.09454148
Rapamycin,BA3271R,131.36295,119.9454673
Rapamycin,BA3275R,192.34738,224.4419915
Rapamycin,BA3277R,175.15332,180.9524159
Rapamycin,BA3283R,129.4501,91.40826577
Rapamycin,BA3285R,227.11801,194.0272412
Rapamycin,BA3286R,132.8195,152.2634875
Rapamycin,BA3289R,122.74746,141.0245714
Rapamycin,BA3290R,206.56998,207.5654895
Rapamycin,BA3293R,213.66306,221.6747344
Rapamycin,BA3295R,143.16217,105.1119838
Rapamycin,BA3297R,162.92987,142.661277
Rapamycin,BA3299R,132.10524,48.98093194
Rapamycin,BA3300R,214.45392,151.291074
Rapamycin,BA3302R,197.20747,199.6722272
Rapamycin,BA3305R,175.02544,130.8718159
Rapamycin,BA3306R,209.38695,177.2890312
Rapamycin,BA3308R,182.90085,141.2178318
Rapamycin,BA3310R,205.30629,157.7375514
Rapamycin,BA3311R,141.20004,18.86166147
Rapamycin,BA3312R,187.02081,114.3130028
Rapamycin,BA3317R,219.82587,143.3288813
Rapamycin,BA3318R,197.87476,2.099581827
Rapamycin,BA3319R,184.00674,61.12621345
Rapamycin,BA3324R,166.30026,188.5244926
Rapamycin,BA3325R,174.13193,119.760624
Rapamycin,BA3326R,160.62625,80.27882828
Rapamycin,BA3328R,190.40797,157.8425481
Rapamycin,BA3332R,194.6906,176.4374487
Rapamycin,BA3333R,198.18462,207.5497244
Rapamycin,BA3334R,150.83313,182.7435427
Rapamycin,BA3341R,204.18651,220.9106932
Rapamycin,BA3345R,122.98621,61.28129099
Rapamycin,BA3351R,221.14833,190.943289
Rapamycin,BA3352R,209.37971,158.4924809
Rapamycin,BA3357R,209.37723,182.4092298
Rapamycin,BA3362R,204.2379,174.9345826
Rapamycin,BA3367R,162.63354,192.1911334
Rapamycin,BA3369R,128.17557,151.4086228
Rapamycin,BA3373R,225.0264,217.7013261
Rapamycin,BA3374R,180.40414,91.63625559
Rapamycin,BA3375R,194.85359,238.0111074
Rapamycin,BA3376R,190.6907,173.1001246
Rapamycin,BA3379R,176.30824,201.1526683
Rapamycin,BA3380R,192.67163,225.9028836
Rapamycin,BA3381R,151.06885,172.0763464
Rapamycin,BA3384R,160.47531,148.4988047
Rapamycin,BA3385R,142.16525,92.89555943
Rapamycin,BA3386R,176.57843,243.4960877
Rapamycin,BA3390R,148.75179,171.6638053
Rapamycin,BA3394R,160.6982,145.4741232
Rapamycin,BA3395R,198.2667,198.3350035
Rapamycin,BA3397R,184.44756,177.5035964
Rapamycin,BA3399R,152.4451,156.0840948
Rapamycin,BA3400R,213.41045,231.9502885
Rapamycin,BA3403R,171.83847,130.4396235
Rapamycin,BA3407R,148.2702,150.0689855
Rapamycin,BA3411R,206.52165,179.3566405
Rapamycin,BA3412R,212.38286,256.1355029
Rapamycin,BA3415R,220.88309,137.249868
Rapamycin,BA3417R,129.56235,168.5874388
Rapamycin,BA3418R,186.12833,101.3533643
Rapamycin,BA3421R,119.841255,70.52227524
Rapamycin,BA3422R,217.8671,233.958723
Rapamycin,BA3423R,218.6049,203.1294789
Rapamycin,BA3431R,130.26051,109.6009118
Rapamycin,BA3433R,203.56856,236.8906147
Rapamycin,BA3434R,174.41783,209.7764745
Rapamycin,BA3438R,202.13132,120.8291514
Rapamycin,BA3446R,135.72638,92.0903275
Rapamycin,BA3449R,183.56122,179.2200312
Rapamycin,BA3451R,151.38597,109.9014296
Rapamycin,BA3452R,162.50473,127.3257719
Vandetanib (ZD6474),BA3078R,213.85356,256.0682622
Vandetanib (ZD6474),BA3079R,222.37265,241.4489771
Vandetanib (ZD6474),BA3083R,221.48534,131.813449
Vandetanib (ZD6474),BA3084R,193.51904,193.4152687
Vandetanib (ZD6474),BA3087R,223.26141,240.936837
Vandetanib (ZD6474),BA3089R,217.0007,249.8558989
Vandetanib (ZD6474),BA3094R,217.41711,247.1526066
Vandetanib (ZD6474),BA3098R,222.156,229.4203974
Vandetanib (ZD6474),BA3099R,212.86244,105.4935703
Vandetanib (ZD6474),BA3110R,222.26773,169.4579629
Vandetanib (ZD6474),BA3114R,225.38734,210.4846013
Vandetanib (ZD6474),BA3117R,227.92743,286.3279433
Vandetanib (ZD6474),BA3118R,235.85861,182.7547796
Vandetanib (ZD6474),BA3119R,205.39761,207.2600893
Vandetanib (ZD6474),BA3126R,246.82286,218.3913785
Vandetanib (ZD6474),BA3128R,212.57379,193.2824817
Vandetanib (ZD6474),BA3130R,250.80217,241.6387527
Vandetanib (ZD6474),BA3133R,247.06628,254.4722316
Vandetanib (ZD6474),BA3135R,203.54831,1.046555884
Vandetanib (ZD6474),BA3137R,225.61147,226.117393
Vandetanib (ZD6474),BA3138R,245.86429,238.7476159
Vandetanib (ZD6474),BA3139R,239.04288,73.05131726
Vandetanib (ZD6474),BA3145R,226.28207,155.8187972
Vandetanib (ZD6474),BA3146R,210.4553,205.8805825
Vandetanib (ZD6474),BA3152R,229.96317,191.4560053
Vandetanib (ZD6474),BA3153R,226.85623,209.1456105
Vandetanib (ZD6474),BA3154R,229.74796,252.2301046
Vandetanib (ZD6474),BA3157R,205.94904,274.4999986
Vandetanib (ZD6474),BA3158R,203.71236,87.85641701
Vandetanib (ZD6474),BA3162R,231.97296,235.3382917
Vandetanib (ZD6474),BA3163R,244.59746,224.5974785
Vandetanib (ZD6474),BA3164R,209.43039,194.6163805
Vandetanib (ZD6474),BA3167R,226.32094,144.1794163
Vandetanib (ZD6474),BA3169R,239.25838,221.0774626
Vandetanib (ZD6474),BA3171R,247.09393,228.3206941
Vandetanib (ZD6474),BA3174R,235.52963,245.6219579
Vandetanib (ZD6474),BA3175R,238.95255,229.4999437
Vandetanib (ZD6474),BA3177R,214.5576,267.3440701
Vandetanib (ZD6474),BA3181R,242.9614,244.5893426
Vandetanib (ZD6474),BA3182R,232.15587,242.2485442
Vandetanib (ZD6474),BA3183R,223.67456,241.8703633
Vandetanib (ZD6474),BA3185R,211.7475,172.0087818
Vandetanib (ZD6474),BA3186R,237.2741,286.3279433
Vandetanib (ZD6474),BA3187R,233.90184,244.0827957
Vandetanib (ZD6474),BA3189R,226.90764,187.4177696
Vandetanib (ZD6474),BA3190R,238.44754,243.3625804
Vandetanib (ZD6474),BA3191R,236.56989,286.1263836
Vandetanib (ZD6474),BA3192R,209.56764,173.3195707
Vandetanib (ZD6474),BA3195R,225.63423,221.2661819
Vandetanib (ZD6474),BA3197R,193.35289,266.9013403
Vandetanib (ZD6474),BA3199R,215.08437,215.8604303
Vandetanib (ZD6474),BA3200R,219.78648,150.0270043
Vandetanib (ZD6474),BA3203R,235.36693,233.3591832
Vandetanib (ZD6474),BA3206R,227.23895,192.7446368
Vandetanib (ZD6474),BA3207R,252.64923,195.5885318
Vandetanib (ZD6474),BA3208R,220.16818,152.547085
Vandetanib (ZD6474),BA3210R,241.49182,180.5207062
Vandetanib (ZD6474),BA3211R,206.59064,104.8106747
Vandetanib (ZD6474),BA3212R,239.41801,282.4778182
Vandetanib (ZD6474),BA3213R,226.29494,221.5719692
Vandetanib (ZD6474),BA3214R,241.02646,274.0499637
Vandetanib (ZD6474),BA3216R,219.12871,210.9731475
Vandetanib (ZD6474),BA3217R,205.78195,91.50880996
Vandetanib (ZD6474),BA3219R,241.98409,221.4360093
Vandetanib (ZD6474),BA3222R,234.53477,255.8968466
Vandetanib (ZD6474),BA3225R,240.9735,191.1552568
Vandetanib (ZD6474),BA3226R,218.37999,285.2928179
Vandetanib (ZD6474),BA3227R,208.39938,80.83076845
Vandetanib (ZD6474),BA3228R,229.05612,204.9682105
Vandetanib (ZD6474),BA3229R,236.71478,152.2353282
Vandetanib (ZD6474),BA3230R,243.69104,181.9567447
Vandetanib (ZD6474),BA3232R,222.45348,258.2592172
Vandetanib (ZD6474),BA3235R,247.1526,286.3279433
Vandetanib (ZD6474),BA3240R,222.35204,124.9591228
Vandetanib (ZD6474),BA3242R,229.89674,254.9043251
Vandetanib (ZD6474),BA3243R,229.8546,106.6178196
Vandetanib (ZD6474),BA3249R,225.66608,173.433545
Vandetanib (ZD6474),BA3250R,230.30151,284.7255527
Vandetanib (ZD6474),BA3251R,220.34668,182.6106249
Vandetanib (ZD6474),BA3258R,239.72916,252.5800555
Vandetanib (ZD6474),BA3260R,247.33041,204.9777022
Vandetanib (ZD6474),BA3261R,242.08517,231.6805624
Vandetanib (ZD6474),BA3264R,185.28214,201.6264751
Vandetanib (ZD6474),BA3266R,217.389,197.393652
Vandetanib (ZD6474),BA3268R,222.7673,236.5783799
Vandetanib (ZD6474),BA3270R,233.8566,218.6541433
Vandetanib (ZD6474),BA3271R,215.7526,169.1235131
Vandetanib (ZD6474),BA3273R,231.62766,272.3660688
Vandetanib (ZD6474),BA3275R,209.96132,104.8141591
Vandetanib (ZD6474),BA3277R,227.54874,206.8497238
Vandetanib (ZD6474),BA3283R,229.65503,208.5402584
Vandetanib (ZD6474),BA3285R,238.56273,169.5215612
Vandetanib (ZD6474),BA3286R,212.40248,214.4358548
Vandetanib (ZD6474),BA3289R,228.28838,262.4705473
Vandetanib (ZD6474),BA3290R,242.79364,247.3302078
Vandetanib (ZD6474),BA3293R,211.69539,198.1549771
Vandetanib (ZD6474),BA3295R,225.45923,286.3279433
Vandetanib (ZD6474),BA3297R,220.64087,227.7686666
Vandetanib (ZD6474),BA3299R,227.77527,226.809782
Vandetanib (ZD6474),BA3300R,227.87964,286.0272383
Vandetanib (ZD6474),BA3302R,222.08452,257.1585026
Vandetanib (ZD6474),BA3305R,233.40744,281.7533032
Vandetanib (ZD6474),BA3306R,212.73747,209.8251325
Vandetanib (ZD6474),BA3308R,211.6259,120.4470407
Vandetanib (ZD6474),BA3310R,205.76009,149.1617327
Vandetanib (ZD6474),BA3311R,234.17659,177.1445444
Vandetanib (ZD6474),BA3312R,228.41473,250.9944555
Vandetanib (ZD6474),BA3317R,212.92123,90.00447782
Vandetanib (ZD6474),BA3319R,255.84444,235.1221728
Vandetanib (ZD6474),BA3324R,230.4098,197.1874775
Vandetanib (ZD6474),BA3325R,230.31667,212.5962869
Vandetanib (ZD6474),BA3326R,241.00014,257.142949
Vandetanib (ZD6474),BA3328R,221.08528,239.2569237
Vandetanib (ZD6474),BA3332R,212.13628,204.7431284
Vandetanib (ZD6474),BA3333R,215.55,248.3469318
Vandetanib (ZD6474),BA3334R,227.3932,238.2637778
Vandetanib (ZD6474),BA3341R,233.90143,209.5296653
Vandetanib (ZD6474),BA3345R,228.23723,207.5803992
Vandetanib (ZD6474),BA3347R,242.9331,222.0349454
Vandetanib (ZD6474),BA3351R,241.39929,232.0488267
Vandetanib (ZD6474),BA3352R,218.77719,219.094758
Vandetanib (ZD6474),BA3353R,217.87202,236.381138
Vandetanib (ZD6474),BA3357R,231.86198,254.467244
Vandetanib (ZD6474),BA3362R,242.07768,227.4105815
Vandetanib (ZD6474),BA3367R,237.80603,261.5028527
Vandetanib (ZD6474),BA3369R,223.33153,274.1803634
Vandetanib (ZD6474),BA3373R,247.90715,267.7932745
Vandetanib (ZD6474),BA3374R,232.68016,265.3391244
Vandetanib (ZD6474),BA3376R,204.18906,215.7043429
Vandetanib (ZD6474),BA3379R,224.16788,214.8586124
Vandetanib (ZD6474),BA3380R,202.26688,185.9087901
Vandetanib (ZD6474),BA3381R,227.27852,250.3915299
Vandetanib (ZD6474),BA3384R,221.54626,284.6347636
Vandetanib (ZD6474),BA3385R,219.33012,286.2281479
Vandetanib (ZD6474),BA3386R,199.22511,197.5839048
Vandetanib (ZD6474),BA3388R,244.53052,262.5212679
Vandetanib (ZD6474),BA3390R,242.87611,283.5785191
Vandetanib (ZD6474),BA3394R,235.81583,273.9291901
Vandetanib (ZD6474),BA3395R,243.00177,215.9799485
Vandetanib (ZD6474),BA3397R,224.98584,160.4761512
Vandetanib (ZD6474),BA3399R,237.06181,253.7678133
Vandetanib (ZD6474),BA3400R,233.03271,239.302079
Vandetanib (ZD6474),BA3403R,236.93625,252.2001965
Vandetanib (ZD6474),BA3406R,212.0224,263.7006926
Vandetanib (ZD6474),BA3407R,232.79454,241.4075375
Vandetanib (ZD6474),BA3411R,244.9718,228.6789504
Vandetanib (ZD6474),BA3412R,236.23267,277.6987749
Vandetanib (ZD6474),BA3415R,240.03934,202.3630691
Vandetanib (ZD6474),BA3416R,238.65248,246.8379998
Vandetanib (ZD6474),BA3417R,225.82927,265.9954399
Vandetanib (ZD6474),BA3418R,236.00917,168.9090047
Vandetanib (ZD6474),BA3421R,221.7372,216.0403134
Vandetanib (ZD6474),BA3422R,219.67102,258.4427106
Vandetanib (ZD6474),BA3423R,215.55785,162.908291
Vandetanib (ZD6474),BA3433R,217.49013,207.4052099
Vandetanib (ZD6474),BA3434R,235.05446,251.4669371
Vandetanib (ZD6474),BA3438R,222.27464,167.5583632
Vandetanib (ZD6474),BA3445R,227.57906,250.3868852
Vandetanib (ZD6474),BA3446R,221.29703,246.4719548
Vandetanib (ZD6474),BA3449R,231.04773,265.3550031
Vandetanib (ZD6474),BA3451R,250.15714,273.6905514
Vandetanib (ZD6474),BA3452R,222.35825,256.9710767
Vandetanib (ZD6474),BA3454R,207.03258,249.9860203
AKT Inhibitor IV,BA3379R,122.34498,124.207255
AMPK Inhibitor,BA3243R,224.7435,213.438215
AMPK Inhibitor,BA3379R,218.62183,207.9950581
AZD1152-HQPA (AZD2811),BA3078R,211.23032,157.5260276
AZD1152-HQPA (AZD2811),BA3079R,227.68251,284.9539466
AZD1152-HQPA (AZD2811),BA3083R,224.97101,221.2089513
AZD1152-HQPA (AZD2811),BA3084R,165.97131,169.2814796
AZD1152-HQPA (AZD2811),BA3087R,210.5638,202.0876636
AZD1152-HQPA (AZD2811),BA3089R,206.17917,246.5986212
AZD1152-HQPA (AZD2811),BA3094R,200.30013,225.0697732
AZD1152-HQPA (AZD2811),BA3098R,229.72339,254.7176248
AZD1152-HQPA (AZD2811),BA3110R,218.97368,172.3807983
AZD1152-HQPA (AZD2811),BA3114R,222.79184,264.45615
AZD1152-HQPA (AZD2811),BA3117R,222.98618,8.09E-09
AZD1152-HQPA (AZD2811),BA3118R,234.25499,210.6656499
AZD1152-HQPA (AZD2811),BA3119R,186.4388,259.2839835
AZD1152-HQPA (AZD2811),BA3126R,241.4216,218.2672731
AZD1152-HQPA (AZD2811),BA3128R,208.04878,219.0256376
AZD1152-HQPA (AZD2811),BA3130R,246.42694,280.8441557
AZD1152-HQPA (AZD2811),BA3133R,238.5327,242.3059578
AZD1152-HQPA (AZD2811),BA3135R,180.41422,176.4433384
AZD1152-HQPA (AZD2811),BA3137R,229.45627,243.7182053
AZD1152-HQPA (AZD2811),BA3138R,244.20981,278.8922565
AZD1152-HQPA (AZD2811),BA3139R,225.72018,96.11292126
AZD1152-HQPA (AZD2811),BA3145R,223.88943,162.9780373
AZD1152-HQPA (AZD2811),BA3146R,213.7812,232.0838713
AZD1152-HQPA (AZD2811),BA3152R,230.47086,239.7800099
AZD1152-HQPA (AZD2811),BA3153R,224.13156,272.395023
AZD1152-HQPA (AZD2811),BA3154R,219.58763,118.0427818
AZD1152-HQPA (AZD2811),BA3157R,187.45609,231.9776398
AZD1152-HQPA (AZD2811),BA3158R,199.47601,143.4046729
AZD1152-HQPA (AZD2811),BA3162R,233.33517,259.3333602
AZD1152-HQPA (AZD2811),BA3163R,244.26843,220.9133124
AZD1152-HQPA (AZD2811),BA3164R,188.38106,169.838979
AZD1152-HQPA (AZD2811),BA3167R,219.46481,212.1979572
AZD1152-HQPA (AZD2811),BA3169R,234.5131,198.6827719
AZD1152-HQPA (AZD2811),BA3171R,243.2866,269.538546
AZD1152-HQPA (AZD2811),BA3174R,240.28186,258.4860927
AZD1152-HQPA (AZD2811),BA3175R,244.50325,232.4819241
AZD1152-HQPA (AZD2811),BA3177R,210.36887,263.1020045
AZD1152-HQPA (AZD2811),BA3181R,243.55313,259.2859073
AZD1152-HQPA (AZD2811),BA3182R,231.69998,194.136254
AZD1152-HQPA (AZD2811),BA3183R,219.33577,237.754577
AZD1152-HQPA (AZD2811),BA3185R,208.73886,210.562496
AZD1152-HQPA (AZD2811),BA3186R,232.3375,276.3977818
AZD1152-HQPA (AZD2811),BA3187R,229.72192,248.9558883
AZD1152-HQPA (AZD2811),BA3189R,222.3694,180.6309597
AZD1152-HQPA (AZD2811),BA3190R,235.83353,171.188798
AZD1152-HQPA (AZD2811),BA3191R,237.47978,244.9548097
AZD1152-HQPA (AZD2811),BA3192R,193.79755,204.7153004
AZD1152-HQPA (AZD2811),BA3195R,225.8628,241.2670325
AZD1152-HQPA (AZD2811),BA3197R,157.19789,3.588597859
AZD1152-HQPA (AZD2811),BA3199R,211.36928,170.2127128
AZD1152-HQPA (AZD2811),BA3203R,230.86812,266.2943995
AZD1152-HQPA (AZD2811),BA3206R,225.51491,208.4072874
AZD1152-HQPA (AZD2811),BA3207R,248.5365,178.8055471
AZD1152-HQPA (AZD2811),BA3208R,218.4444,176.6249377
AZD1152-HQPA (AZD2811),BA3210R,239.05966,192.983455
AZD1152-HQPA (AZD2811),BA3211R,205.78545,106.5468414
AZD1152-HQPA (AZD2811),BA3212R,229.39722,283.4828927
AZD1152-HQPA (AZD2811),BA3213R,228.73666,240.4458733
AZD1152-HQPA (AZD2811),BA3214R,238.0763,251.4249594
AZD1152-HQPA (AZD2811),BA3216R,213.97632,146.757611
AZD1152-HQPA (AZD2811),BA3217R,182.10065,39.48972093
AZD1152-HQPA (AZD2811),BA3219R,240.6578,252.3652658
AZD1152-HQPA (AZD2811),BA3222R,226.47893,219.1558057
AZD1152-HQPA (AZD2811),BA3225R,240.05016,231.6419049
AZD1152-HQPA (AZD2811),BA3226R,210.18172,123.9505857
AZD1152-HQPA (AZD2811),BA3227R,187.31856,131.1198447
AZD1152-HQPA (AZD2811),BA3228R,234.35379,179.6229403
AZD1152-HQPA (AZD2811),BA3229R,238.93187,186.1950723
AZD1152-HQPA (AZD2811),BA3232R,221.71278,197.164458
AZD1152-HQPA (AZD2811),BA3235R,246.60559,212.986074
AZD1152-HQPA (AZD2811),BA3240R,210.78052,220.9033481
AZD1152-HQPA (AZD2811),BA3242R,231.66031,246.1832495
AZD1152-HQPA (AZD2811),BA3243R,229.64029,116.6285747
AZD1152-HQPA (AZD2811),BA3249R,218.78876,152.3325072
AZD1152-HQPA (AZD2811),BA3250R,223.35994,264.5829507
AZD1152-HQPA (AZD2811),BA3251R,217.40997,178.6146241
AZD1152-HQPA (AZD2811),BA3258R,237.75766,241.4733848
AZD1152-HQPA (AZD2811),BA3260R,241.69073,189.947572
AZD1152-HQPA (AZD2811),BA3261R,233.81079,242.4480768
AZD1152-HQPA (AZD2811),BA3264R,158.58817,137.2526355
AZD1152-HQPA (AZD2811),BA3266R,217.43922,155.203748
AZD1152-HQPA (AZD2811),BA3268R,217.38466,278.836053
AZD1152-HQPA (AZD2811),BA3270R,236.15028,228.8892723
AZD1152-HQPA (AZD2811),BA3271R,218.5865,183.8127525
AZD1152-HQPA (AZD2811),BA3273R,220.41467,120.3030188
AZD1152-HQPA (AZD2811),BA3275R,196.03308,123.8520342
AZD1152-HQPA (AZD2811),BA3277R,220.47552,222.7270068
AZD1152-HQPA (AZD2811),BA3283R,226.9856,256.5416804
AZD1152-HQPA (AZD2811),BA3285R,227.4041,96.79173348
AZD1152-HQPA (AZD2811),BA3286R,217.20952,193.0738074
AZD1152-HQPA (AZD2811),BA3289R,234.05867,249.6887067
AZD1152-HQPA (AZD2811),BA3290R,235.48532,239.4226323
AZD1152-HQPA (AZD2811),BA3293R,200.37451,127.6145444
AZD1152-HQPA (AZD2811),BA3295R,228.04695,203.6928112
AZD1152-HQPA (AZD2811),BA3297R,221.74887,234.7645233
AZD1152-HQPA (AZD2811),BA3299R,226.02507,240.2454505
AZD1152-HQPA (AZD2811),BA3300R,226.02254,212.0964163
AZD1152-HQPA (AZD2811),BA3302R,223.72765,223.2642241
AZD1152-HQPA (AZD2811),BA3305R,230.5961,231.782305
AZD1152-HQPA (AZD2811),BA3306R,202.27118,124.8988352
AZD1152-HQPA (AZD2811),BA3308R,209.41821,137.3294994
AZD1152-HQPA (AZD2811),BA3310R,186.92386,213.6600347
AZD1152-HQPA (AZD2811),BA3311R,239.53563,124.7625823
AZD1152-HQPA (AZD2811),BA3312R,224.42635,206.3968593
AZD1152-HQPA (AZD2811),BA3317R,202.19447,172.9114588
AZD1152-HQPA (AZD2811),BA3319R,255.46204,249.8625264
AZD1152-HQPA (AZD2811),BA3324R,233.88666,180.5072209
AZD1152-HQPA (AZD2811),BA3325R,231.38194,249.7355929
AZD1152-HQPA (AZD2811),BA3326R,233.78348,234.7260132
AZD1152-HQPA (AZD2811),BA3328R,210.06944,214.4408278
AZD1152-HQPA (AZD2811),BA3332R,201.3715,186.2687342
AZD1152-HQPA (AZD2811),BA3333R,207.33037,253.0549714
AZD1152-HQPA (AZD2811),BA3334R,226.71574,243.0868529
AZD1152-HQPA (AZD2811),BA3341R,229.71526,218.4970873
AZD1152-HQPA (AZD2811),BA3345R,232.12111,258.6249498
AZD1152-HQPA (AZD2811),BA3347R,238.46114,240.9983186
AZD1152-HQPA (AZD2811),BA3351R,226.39851,233.0175637
AZD1152-HQPA (AZD2811),BA3352R,208.03816,131.5185006
AZD1152-HQPA (AZD2811),BA3353R,209.5386,220.7135899
AZD1152-HQPA (AZD2811),BA3357R,224.90434,213.9626627
AZD1152-HQPA (AZD2811),BA3362R,227.50407,192.6196754
AZD1152-HQPA (AZD2811),BA3367R,233.75485,214.5811065
AZD1152-HQPA (AZD2811),BA3369R,221.13268,247.314442
AZD1152-HQPA (AZD2811),BA3373R,242.47394,257.8557443
AZD1152-HQPA (AZD2811),BA3374R,218.47325,255.1958399
AZD1152-HQPA (AZD2811),BA3376R,190.57698,206.3157759
AZD1152-HQPA (AZD2811),BA3379R,223.03947,246.5732799
AZD1152-HQPA (AZD2811),BA3380R,194.92947,198.640028
AZD1152-HQPA (AZD2811),BA3381R,230.33727,237.761817
AZD1152-HQPA (AZD2811),BA3384R,216.4819,215.450316
AZD1152-HQPA (AZD2811),BA3385R,226.41507,225.500484
AZD1152-HQPA (AZD2811),BA3386R,179.17885,165.2302299
AZD1152-HQPA (AZD2811),BA3388R,243.68533,249.7974987
AZD1152-HQPA (AZD2811),BA3390R,242.87871,272.8194637
AZD1152-HQPA (AZD2811),BA3394R,235.08643,229.019928
AZD1152-HQPA (AZD2811),BA3397R,222.6669,182.538243
AZD1152-HQPA (AZD2811),BA3399R,236.983,214.7270062
AZD1152-HQPA (AZD2811),BA3400R,225.59909,256.5057048
AZD1152-HQPA (AZD2811),BA3403R,220.5417,265.2347271
AZD1152-HQPA (AZD2811),BA3406R,205.87465,39.10718699
AZD1152-HQPA (AZD2811),BA3411R,237.62273,230.9493997
AZD1152-HQPA (AZD2811),BA3412R,219.61908,262.2579854
AZD1152-HQPA (AZD2811),BA3415R,232.54471,155.4237708
AZD1152-HQPA (AZD2811),BA3416R,226.61475,223.6687063
AZD1152-HQPA (AZD2811),BA3417R,225.00906,253.1376383
AZD1152-HQPA (AZD2811),BA3418R,232.13618,164.3402953
AZD1152-HQPA (AZD2811),BA3421R,227.16695,197.7098906
AZD1152-HQPA (AZD2811),BA3422R,209.27881,237.552257
AZD1152-HQPA (AZD2811),BA3423R,198.78973,167.06468
AZD1152-HQPA (AZD2811),BA3431R,236.1457,254.4335225
AZD1152-HQPA (AZD2811),BA3433R,206.73701,259.7601811
AZD1152-HQPA (AZD2811),BA3434R,234.09258,230.6081563
AZD1152-HQPA (AZD2811),BA3438R,212.1868,140.1656053
AZD1152-HQPA (AZD2811),BA3445R,214.48016,177.3793122
AZD1152-HQPA (AZD2811),BA3446R,225.01633,215.0496081
AZD1152-HQPA (AZD2811),BA3449R,226.25879,254.1617086
AZD1152-HQPA (AZD2811),BA3451R,248.63219,278.468491
AZD1152-HQPA (AZD2811),BA3452R,227.2799,224.7329467
AZD1152-HQPA (AZD2811),BA3454R,194.05226,0.234445933
Alisertib (MLN8237),BA3078R,224.52971,247.9489832
Alisertib (MLN8237),BA3079R,238.10745,238.4734621
Alisertib (MLN8237),BA3083R,233.19084,191.2585247
Alisertib (MLN8237),BA3084R,213.58586,234.0274149
Alisertib (MLN8237),BA3087R,231.52983,209.4924355
Alisertib (MLN8237),BA3089R,230.72691,229.8242548
Alisertib (MLN8237),BA3094R,225.96819,243.8774573
Alisertib (MLN8237),BA3098R,236.91731,249.3840985
Alisertib (MLN8237),BA3099R,230.38937,213.7222047
Alisertib (MLN8237),BA3110R,232.88837,164.9154482
Alisertib (MLN8237),BA3114R,234.53159,261.0803332
Alisertib (MLN8237),BA3117R,235.33157,286.3279433
Alisertib (MLN8237),BA3118R,244.97083,206.0257243
Alisertib (MLN8237),BA3119R,221.12463,13.46102463
Alisertib (MLN8237),BA3126R,247.65834,208.4302095
Alisertib (MLN8237),BA3128R,230.02768,232.729802
Alisertib (MLN8237),BA3130R,251.80846,239.8395916
Alisertib (MLN8237),BA3133R,248.80695,263.9147176
Alisertib (MLN8237),BA3135R,217.51614,98.98181024
Alisertib (MLN8237),BA3137R,236.76338,242.9624629
Alisertib (MLN8237),BA3138R,253.60612,204.8454347
Alisertib (MLN8237),BA3139R,239.89177,158.9700377
Alisertib (MLN8237),BA3145R,237.4913,227.1642258
Alisertib (MLN8237),BA3146R,225.61397,209.7473762
Alisertib (MLN8237),BA3152R,234.7738,212.9209014
Alisertib (MLN8237),BA3153R,238.27983,259.4114787
Alisertib (MLN8237),BA3154R,230.92978,144.690318
Alisertib (MLN8237),BA3157R,221.58209,198.7936011
Alisertib (MLN8237),BA3158R,220.44614,124.4821242
Alisertib (MLN8237),BA3162R,242.59943,229.9497024
Alisertib (MLN8237),BA3163R,246.66435,255.9775772
Alisertib (MLN8237),BA3164R,229.03865,221.7563765
Alisertib (MLN8237),BA3167R,233.93654,206.156327
Alisertib (MLN8237),BA3169R,246.95119,253.6430636
Alisertib (MLN8237),BA3171R,251.11113,225.4449694
Alisertib (MLN8237),BA3174R,248.59496,261.8232691
Alisertib (MLN8237),BA3175R,248.27687,251.8476187
Alisertib (MLN8237),BA3177R,228.93399,276.0705297
Alisertib (MLN8237),BA3181R,248.10524,203.632182
Alisertib (MLN8237),BA3182R,236.85834,237.692059
Alisertib (MLN8237),BA3183R,233.51445,251.1816252
Alisertib (MLN8237),BA3185R,223.66542,109.0846536
Alisertib (MLN8237),BA3186R,243.70216,241.5908127
Alisertib (MLN8237),BA3187R,241.11353,267.6325844
Alisertib (MLN8237),BA3189R,235.64012,218.2072823
Alisertib (MLN8237),BA3190R,246.62918,211.159648
Alisertib (MLN8237),BA3191R,242.38593,264.2339311
Alisertib (MLN8237),BA3192R,221.9756,200.6521249
Alisertib (MLN8237),BA3195R,238.20158,196.995
Alisertib (MLN8237),BA3197R,211.19681,286.3279433
Alisertib (MLN8237),BA3199R,227.70232,176.391477
Alisertib (MLN8237),BA3200R,229.01112,246.1641228
Alisertib (MLN8237),BA3203R,243.3651,257.3944806
Alisertib (MLN8237),BA3206R,234.51917,222.5840358
Alisertib (MLN8237),BA3207R,254.38235,187.7840523
Alisertib (MLN8237),BA3208R,234.4242,195.7985039
Alisertib (MLN8237),BA3210R,251.72502,164.6368595
Alisertib (MLN8237),BA3211R,223.26231,190.7323368
Alisertib (MLN8237),BA3212R,239.28383,259.60201
Alisertib (MLN8237),BA3213R,237.11073,241.4092158
Alisertib (MLN8237),BA3214R,249.42142,242.205019
Alisertib (MLN8237),BA3216R,232.94525,220.3260347
Alisertib (MLN8237),BA3217R,221.88617,181.7364619
Alisertib (MLN8237),BA3219R,242.39618,164.6883068
Alisertib (MLN8237),BA3222R,236.9143,219.391342
Alisertib (MLN8237),BA3225R,242.45093,232.0762316
Alisertib (MLN8237),BA3226R,232.55345,225.408003
Alisertib (MLN8237),BA3227R,222.80734,245.470102
Alisertib (MLN8237),BA3228R,244.5396,265.6103834
Alisertib (MLN8237),BA3229R,246.84932,206.1668556
Alisertib (MLN8237),BA3232R,234.35733,225.5909224
Alisertib (MLN8237),BA3235R,250.10712,236.1297221
Alisertib (MLN8237),BA3240R,232.35933,145.1948567
Alisertib (MLN8237),BA3242R,240.0194,251.5538858
Alisertib (MLN8237),BA3243R,240.09702,269.8481419
Alisertib (MLN8237),BA3249R,235.78078,241.4860424
Alisertib (MLN8237),BA3250R,235.11246,282.0945353
Alisertib (MLN8237),BA3251R,232.45695,222.7280594
Alisertib (MLN8237),BA3258R,242.16238,275.3264779
Alisertib (MLN8237),BA3260R,252.36082,261.3941367
Alisertib (MLN8237),BA3261R,244.35048,244.4776705
Alisertib (MLN8237),BA3264R,211.47073,206.2966613
Alisertib (MLN8237),BA3266R,231.46619,204.1227648
Alisertib (MLN8237),BA3268R,232.84085,201.331602
Alisertib (MLN8237),BA3270R,242.96405,266.2663466
Alisertib (MLN8237),BA3271R,230.68228,228.7792491
Alisertib (MLN8237),BA3273R,233.56468,266.1978595
Alisertib (MLN8237),BA3275R,223.31213,244.9146246
Alisertib (MLN8237),BA3277R,237.31168,229.2934314
Alisertib (MLN8237),BA3283R,241.63022,254.9939195
Alisertib (MLN8237),BA3285R,240.00514,229.5651283
Alisertib (MLN8237),BA3286R,226.01656,221.3259868
Alisertib (MLN8237),BA3289R,243.08519,212.3170061
Alisertib (MLN8237),BA3290R,246.99498,258.125016
Alisertib (MLN8237),BA3293R,228.63898,218.3040126
Alisertib (MLN8237),BA3295R,232.54402,245.0577901
Alisertib (MLN8237),BA3297R,234.02765,278.7608746
Alisertib (MLN8237),BA3299R,239.73047,202.928201
Alisertib (MLN8237),BA3300R,237.57939,216.7097894
Alisertib (MLN8237),BA3302R,235.7651,256.361651
Alisertib (MLN8237),BA3305R,240.0386,235.1189249
Alisertib (MLN8237),BA3306R,222.7805,211.2328695
Alisertib (MLN8237),BA3308R,224.85886,172.0357616
Alisertib (MLN8237),BA3310R,217.40198,134.6824144
Alisertib (MLN8237),BA3311R,241.38843,86.4812577
Alisertib (MLN8237),BA3312R,234.8052,172.4063523
Alisertib (MLN8237),BA3317R,224.40764,200.1574897
Alisertib (MLN8237),BA3318R,242.47736,157.9925377
Alisertib (MLN8237),BA3319R,257.8235,256.9579738
Alisertib (MLN8237),BA3324R,241.88852,212.9553125
Alisertib (MLN8237),BA3326R,244.87036,271.3257149
Alisertib (MLN8237),BA3328R,231.20639,213.5164183
Alisertib (MLN8237),BA3332R,224.21942,172.1647964
Alisertib (MLN8237),BA3333R,228.5693,259.8375573
Alisertib (MLN8237),BA3334R,237.67685,177.4594627
Alisertib (MLN8237),BA3341R,242.48065,252.3027134
Alisertib (MLN8237),BA3345R,241.32068,220.7529314
Alisertib (MLN8237),BA3347R,250.02637,210.077777
Alisertib (MLN8237),BA3351R,242.68497,213.6704687
Alisertib (MLN8237),BA3352R,228.20328,194.7110824
Alisertib (MLN8237),BA3353R,227.01027,93.52449342
Alisertib (MLN8237),BA3357R,237.58957,180.2971255
Alisertib (MLN8237),BA3362R,246.11975,282.038414
Alisertib (MLN8237),BA3367R,243.46527,183.3287016
Alisertib (MLN8237),BA3369R,233.84573,259.837818
Alisertib (MLN8237),BA3373R,250.20874,275.4669474
Alisertib (MLN8237),BA3374R,236.81337,275.9393865
Alisertib (MLN8237),BA3375R,212.75386,186.9973393
Alisertib (MLN8237),BA3376R,225.70384,170.0547118
Alisertib (MLN8237),BA3379R,233.77975,228.7105351
Alisertib (MLN8237),BA3380R,225.15678,194.3902074
Alisertib (MLN8237),BA3381R,235.57071,273.195494
Alisertib (MLN8237),BA3384R,234.45499,277.2691412
Alisertib (MLN8237),BA3385R,232.5302,274.2238975
Alisertib (MLN8237),BA3386R,218.51675,237.2662917
Alisertib (MLN8237),BA3388R,252.43646,206.8953715
Alisertib (MLN8237),BA3390R,246.5603,272.6768354
Alisertib (MLN8237),BA3394R,243.44267,242.9370837
Alisertib (MLN8237),BA3397R,234.44214,179.2305585
Alisertib (MLN8237),BA3399R,248.80356,239.3018663
Alisertib (MLN8237),BA3400R,239.13722,258.9867271
Alisertib (MLN8237),BA3403R,239.67368,270.3497444
Alisertib (MLN8237),BA3406R,225.75449,270.8875437
Alisertib (MLN8237),BA3411R,248.03252,239.7176594
Alisertib (MLN8237),BA3412R,241.2987,286.0153675
Alisertib (MLN8237),BA3415R,241.29558,225.7446877
Alisertib (MLN8237),BA3416R,235.01694,166.9816978
Alisertib (MLN8237),BA3417R,235.08255,170.8488711
Alisertib (MLN8237),BA3418R,246.94717,155.346667
Alisertib (MLN8237),BA3421R,240.04283,224.457804
Alisertib (MLN8237),BA3422R,227.18205,258.1214682
Alisertib (MLN8237),BA3423R,222.47858,193.279879
Alisertib (MLN8237),BA3431R,245.02188,217.2650264
Alisertib (MLN8237),BA3433R,226.79854,247.1234719
Alisertib (MLN8237),BA3434R,243.72418,200.597316
Alisertib (MLN8237),BA3438R,232.99815,265.754019
Alisertib (MLN8237),BA3445R,232.73256,183.1719143
Alisertib (MLN8237),BA3446R,232.41656,251.7131753
Alisertib (MLN8237),BA3449R,240.12038,238.7545152
Alisertib (MLN8237),BA3452R,239.06119,239.7566988
Alisertib (MLN8237),BA3454R,229.39877,273.6147198
CYT387,BA3078R,155.82997,215.2811974
CYT387,BA3079R,164.92725,153.0489511
CYT387,BA3083R,161.36725,157.8344668
CYT387,BA3084R,156.92795,135.9767261
CYT387,BA3087R,192.77646,205.493403
CYT387,BA3089R,183.307,216.97149
CYT387,BA3094R,173.59344,181.7128039
CYT387,BA3098R,161.85294,164.462532
CYT387,BA3099R,158.2206,86.43319043
CYT387,BA3110R,166.85733,128.8549046
CYT387,BA3114R,173.68715,177.567702
CYT387,BA3117R,180.92068,245.4779908
CYT387,BA3118R,171.65474,142.4607747
CYT387,BA3119R,170.4766,192.0833868
CYT387,BA3126R,186.92538,120.0377258
CYT387,BA3128R,171.47263,159.3221422
CYT387,BA3130R,214.03531,192.1431836
CYT387,BA3133R,207.22429,167.6795057
CYT387,BA3135R,157.87907,100.0897103
CYT387,BA3137R,165.76747,207.8833697
CYT387,BA3138R,197.20901,219.4448319
CYT387,BA3139R,205.605,64.49221585
CYT387,BA3145R,195.8859,127.496603
CYT387,BA3146R,140.57532,149.0264662
CYT387,BA3152R,174.66702,176.5883756
CYT387,BA3153R,177.2411,173.6929933
CYT387,BA3154R,194.90015,165.2650188
CYT387,BA3157R,167.38066,226.716294
CYT387,BA3158R,153.17554,61.42116264
CYT387,BA3162R,171.4778,160.4520223
CYT387,BA3163R,191.05432,167.3925535
CYT387,BA3164R,167.13142,176.9261937
CYT387,BA3167R,173.52184,107.6330219
CYT387,BA3169R,182.61311,172.0769159
CYT387,BA3171R,208.0233,209.5613654
CYT387,BA3174R,174.84956,119.286284
CYT387,BA3175R,181.2219,147.1970199
CYT387,BA3177R,143.27893,201.6419397
CYT387,BA3181R,191.97763,194.3997709
CYT387,BA3182R,158.15459,112.6666616
CYT387,BA3183R,180.39532,207.1318426
CYT387,BA3185R,152.56541,115.8835276
CYT387,BA3186R,198.94777,205.1046141
CYT387,BA3187R,182.5019,173.0526171
CYT387,BA3189R,188.49753,131.7059541
CYT387,BA3190R,196.59004,199.5044927
CYT387,BA3191R,170.1202,168.8981316
CYT387,BA3192R,178.3846,84.10021198
CYT387,BA3195R,174.05003,158.8388808
CYT387,BA3197R,156.08633,265.3796703
CYT387,BA3199R,159.02287,143.1341472
CYT387,BA3200R,189.21399,136.0921019
CYT387,BA3203R,182.08003,192.3756741
CYT387,BA3206R,194.60997,135.1885732
CYT387,BA3207R,197.76431,24.014324
CYT387,BA3208R,172.68121,153.8225894
CYT387,BA3210R,190.58736,172.7546124
CYT387,BA3211R,156.51637,132.2420346
CYT387,BA3212R,203.27873,210.5198388
CYT387,BA3213R,159.83788,156.6091593
CYT387,BA3214R,195.46895,245.4339201
CYT387,BA3217R,156.58176,83.2668762
CYT387,BA3219R,181.56538,160.5767255
CYT387,BA3222R,194.95183,245.3435627
CYT387,BA3225R,189.88089,128.2356927
CYT387,BA3226R,178.05643,250.398123
CYT387,BA3227R,175.3578,131.693461
CYT387,BA3228R,169.50653,171.9341247
CYT387,BA3229R,193.2169,129.238136
CYT387,BA3232R,174.71693,203.9998071
CYT387,BA3235R,183.49219,196.7163613
CYT387,BA3240R,194.47098,198.3458492
CYT387,BA3242R,185.56694,219.7292249
CYT387,BA3243R,172.71269,214.6053054
CYT387,BA3249R,201.40508,263.8578239
CYT387,BA3250R,162.11014,208.8277506
CYT387,BA3251R,157.899,155.1712241
CYT387,BA3258R,173.01208,170.1010505
CYT387,BA3260R,194.09958,211.6901475
CYT387,BA3261R,204.42789,211.7794725
CYT387,BA3264R,138.05301,155.7788356
CYT387,BA3266R,166.19548,93.7052678
CYT387,BA3268R,188.15201,240.8238506
CYT387,BA3270R,181.36363,181.6604616
CYT387,BA3271R,147.97,114.4750311
CYT387,BA3273R,195.85358,201.1760049
CYT387,BA3275R,162.93723,87.99584473
CYT387,BA3277R,179.16156,180.8180815
CYT387,BA3283R,158.83127,163.5098014
CYT387,BA3285R,205.7726,146.6000628
CYT387,BA3286R,150.50215,161.2935263
CYT387,BA3289R,161.43268,168.3009642
CYT387,BA3290R,205.50722,122.8907073
CYT387,BA3293R,176.48137,124.7216162
CYT387,BA3295R,168.15735,203.4468961
CYT387,BA3297R,169.90897,196.0759075
CYT387,BA3299R,164.52066,116.9742505
CYT387,BA3300R,187.23534,165.8413964
CYT387,BA3302R,181.39908,200.3486469
CYT387,BA3305R,179.98914,234.1224751
CYT387,BA3306R,179.02505,113.011818
CYT387,BA3308R,165.57204,65.49548607
CYT387,BA3310R,161.351,190.2762826
CYT387,BA3311R,171.06134,16.41547632
CYT387,BA3312R,180.04623,126.7641849
CYT387,BA3317R,184.02435,87.14956696
CYT387,BA3318R,192.65646,87.81151287
CYT387,BA3319R,208.88033,109.5270145
CYT387,BA3324R,180.11398,146.3073576
CYT387,BA3326R,183.60153,190.6861522
CYT387,BA3328R,174.7705,167.1225473
CYT387,BA3332R,169.02495,99.00537982
CYT387,BA3333R,170.63863,179.6659284
CYT387,BA3334R,173.55746,178.8215037
CYT387,BA3341R,199.57208,185.0070228
CYT387,BA3345R,166.08109,198.6779723
CYT387,BA3347R,185.09534,132.9112033
CYT387,BA3351R,201.57751,207.3102167
CYT387,BA3352R,179.35988,127.9130997
CYT387,BA3353R,185.85495,155.7340235
CYT387,BA3357R,183.26543,182.5031712
CYT387,BA3362R,199.01605,177.4084726
CYT387,BA3367R,180.12003,220.6065409
CYT387,BA3369R,148.86842,234.1174103
CYT387,BA3373R,214.1881,235.8861767
CYT387,BA3374R,183.55205,240.4742246
CYT387,BA3375R,149.18672,133.3446155
CYT387,BA3376R,156.52696,211.3963555
CYT387,BA3379R,173.05424,166.2131494
CYT387,BA3380R,155.91856,144.3722645
CYT387,BA3381R,175.64961,213.9214083
CYT387,BA3384R,164.5351,230.5816549
CYT387,BA3385R,160.63762,240.8096033
CYT387,BA3386R,142.10522,170.5930684
CYT387,BA3388R,197.63298,216.959581
CYT387,BA3394R,180.45842,142.898578
CYT387,BA3397R,177.11462,113.0727575
CYT387,BA3399R,183.1978,158.7803231
CYT387,BA3400R,203.62193,213.8699273
CYT387,BA3403R,181.21333,268.5212982
CYT387,BA3406R,164.77968,259.4979972
CYT387,BA3411R,204.24828,184.5112198
CYT387,BA3412R,194.53549,228.6396669
CYT387,BA3415R,204.14319,151.4348143
CYT387,BA3416R,206.58072,286.3279433
CYT387,BA3417R,159.23318,148.4914423
CYT387,BA3418R,190.71884,139.2057489
CYT387,BA3421R,161.42079,197.8841379
CYT387,BA3422R,191.13094,236.458606
CYT387,BA3423R,187.5416,133.7429076
CYT387,BA3431R,169.05022,125.4338365
CYT387,BA3433R,178.33406,202.174383
CYT387,BA3434R,191.37804,199.2280233
CYT387,BA3438R,180.06741,113.2228131
CYT387,BA3445R,180.9617,147.2999688
CYT387,BA3446R,163.38,234.5632147
CYT387,BA3449R,185.34494,191.4625158
CYT387,BA3452R,175.87247,97.26953149
CYT387,BA3454R,157.66629,266.0692625
Canertinib (CI-1033),BA3078R,213.82495,250.2615027
Canertinib (CI-1033),BA3079R,224.48247,248.7876936
Canertinib (CI-1033),BA3083R,224.39456,193.0964754
Canertinib (CI-1033),BA3084R,181.81963,194.6233454
Canertinib (CI-1033),BA3087R,213.03801,283.8720704
Canertinib (CI-1033),BA3089R,209.02412,240.3765707
Canertinib (CI-1033),BA3094R,205.6902,191.66077
Canertinib (CI-1033),BA3098R,225.54062,215.4167252
Canertinib (CI-1033),BA3099R,215.11917,212.29656
Canertinib (CI-1033),BA3110R,220.03958,217.9429575
Canertinib (CI-1033),BA3114R,224.04033,153.7169883
Canertinib (CI-1033),BA3117R,219.91843,256.4194694
Canertinib (CI-1033),BA3118R,229.89815,242.2082627
Canertinib (CI-1033),BA3119R,200.32571,274.7071134
Canertinib (CI-1033),BA3126R,239.54788,268.3753951
Canertinib (CI-1033),BA3128R,208.8575,175.5790093
Canertinib (CI-1033),BA3130R,242.40297,219.7201089
Canertinib (CI-1033),BA3133R,234.3042,239.5336295
Canertinib (CI-1033),BA3135R,201.40099,169.5264641
Canertinib (CI-1033),BA3137R,227.35406,231.6778149
Canertinib (CI-1033),BA3138R,236.00333,224.2931008
Canertinib (CI-1033),BA3139R,225.9092,219.2725066
Canertinib (CI-1033),BA3145R,219.13858,146.0173981
Canertinib (CI-1033),BA3146R,217.3441,229.9980862
Canertinib (CI-1033),BA3152R,231.10022,176.4514823
Canertinib (CI-1033),BA3153R,220.71909,175.5387594
Canertinib (CI-1033),BA3154R,222.41759,263.6262904
Canertinib (CI-1033),BA3157R,201.04907,260.4187832
Canertinib (CI-1033),BA3158R,201.77834,117.6400314
Canertinib (CI-1033),BA3162R,229.25206,215.2801457
Canertinib (CI-1033),BA3163R,241.57626,189.209126
Canertinib (CI-1033),BA3164R,204.16183,171.1344542
Canertinib (CI-1033),BA3167R,221.49794,195.0015486
Canertinib (CI-1033),BA3169R,233.07336,179.1246573
Canertinib (CI-1033),BA3171R,235.84357,211.2990429
Canertinib (CI-1033),BA3174R,233.07455,222.5309794
Canertinib (CI-1033),BA3175R,236.71608,236.1473828
Canertinib (CI-1033),BA3177R,215.51645,180.9070373
Canertinib (CI-1033),BA3181R,235.33957,234.5321211
Canertinib (CI-1033),BA3182R,233.74638,200.8560584
Canertinib (CI-1033),BA3183R,219.15282,208.348194
Canertinib (CI-1033),BA3185R,209.90727,198.4073112
Canertinib (CI-1033),BA3186R,227.55557,280.5300329
Canertinib (CI-1033),BA3187R,228.85326,185.8930249
Canertinib (CI-1033),BA3189R,218.68535,192.4073085
Canertinib (CI-1033),BA3190R,227.66911,190.8084868
Canertinib (CI-1033),BA3191R,234.12146,204.9618073
Canertinib (CI-1033),BA3192R,204.59062,210.5144187
Canertinib (CI-1033),BA3195R,222.99788,214.4392177
Canertinib (CI-1033),BA3197R,186.5561,220.5703735
Canertinib (CI-1033),BA3199R,214.27214,215.5694395
Canertinib (CI-1033),BA3200R,212.24202,184.8798791
Canertinib (CI-1033),BA3203R,227.52966,238.5054616
Canertinib (CI-1033),BA3206R,219.98756,215.6772944
Canertinib (CI-1033),BA3207R,241.89648,180.5328765
Canertinib (CI-1033),BA3208R,217.19987,154.7518882
Canertinib (CI-1033),BA3210R,232.8314,182.4405601
Canertinib (CI-1033),BA3211R,207.34337,117.1530957
Canertinib (CI-1033),BA3212R,226.26271,271.6668754
Canertinib (CI-1033),BA3213R,228.46535,233.2970151
Canertinib (CI-1033),BA3214R,230.48982,238.5700359
Canertinib (CI-1033),BA3216R,218.68665,222.0833345
Canertinib (CI-1033),BA3217R,197.64113,185.7911839
Canertinib (CI-1033),BA3219R,238.80438,240.2118805
Canertinib (CI-1033),BA3222R,223.5313,202.7409417
Canertinib (CI-1033),BA3225R,237.01529,277.5324766
Canertinib (CI-1033),BA3226R,215.54858,267.6327411
Canertinib (CI-1033),BA3227R,201.4946,161.0962594
Canertinib (CI-1033),BA3228R,230.05219,210.4355255
Canertinib (CI-1033),BA3229R,234.45706,193.4320579
Canertinib (CI-1033),BA3232R,221.43094,197.5898739
Canertinib (CI-1033),BA3235R,243.70935,192.8771341
Canertinib (CI-1033),BA3240R,213.75198,157.571354
Canertinib (CI-1033),BA3242R,227.24553,225.4178072
Canertinib (CI-1033),BA3243R,227.59128,147.6943701
Canertinib (CI-1033),BA3249R,217.01051,160.9317597
Canertinib (CI-1033),BA3250R,230.5695,242.3747047
Canertinib (CI-1033),BA3251R,223.24074,220.9062401
Canertinib (CI-1033),BA3258R,237.64207,275.2474918
Canertinib (CI-1033),BA3260R,232.53238,197.1479333
Canertinib (CI-1033),BA3261R,230.72478,216.5970286
Canertinib (CI-1033),BA3264R,187.86987,170.0379434
Canertinib (CI-1033),BA3266R,217.80739,218.2260288
Canertinib (CI-1033),BA3268R,218.32782,237.4451313
Canertinib (CI-1033),BA3270R,231.38493,192.0195549
Canertinib (CI-1033),BA3271R,222.6968,198.7872745
Canertinib (CI-1033),BA3273R,222.27495,201.9484166
Canertinib (CI-1033),BA3275R,204.88704,145.444387
Canertinib (CI-1033),BA3277R,225.10773,196.5594844
Canertinib (CI-1033),BA3283R,225.59578,174.1559478
Canertinib (CI-1033),BA3285R,226.3661,285.9107234
Canertinib (CI-1033),BA3286R,220.7686,196.8826904
Canertinib (CI-1033),BA3289R,229.3515,225.7470782
Canertinib (CI-1033),BA3290R,231.56618,210.5329803
Canertinib (CI-1033),BA3293R,207.83548,205.2807523
Canertinib (CI-1033),BA3295R,228.94708,262.3136193
Canertinib (CI-1033),BA3297R,222.05632,208.2168934
Canertinib (CI-1033),BA3299R,228.75822,224.2548805
Canertinib (CI-1033),BA3300R,217.84079,256.4318225
Canertinib (CI-1033),BA3302R,218.73041,239.0403165
Canertinib (CI-1033),BA3305R,226.29898,222.4472391
Canertinib (CI-1033),BA3306R,209.65974,177.7023209
Canertinib (CI-1033),BA3308R,207.53795,190.2592041
Canertinib (CI-1033),BA3310R,201.05594,225.2089903
Canertinib (CI-1033),BA3311R,231.24075,214.6611833
Canertinib (CI-1033),BA3312R,222.44345,209.8959754
Canertinib (CI-1033),BA3317R,205.06404,145.939567
Canertinib (CI-1033),BA3319R,245.3942,180.8270798
Canertinib (CI-1033),BA3324R,229.30994,216.397447
Canertinib (CI-1033),BA3325R,226.47517,207.1317361
Canertinib (CI-1033),BA3326R,233.7381,263.2031042
Canertinib (CI-1033),BA3328R,216.67152,175.8640445
Canertinib (CI-1033),BA3332R,206.02881,202.6086485
Canertinib (CI-1033),BA3333R,213.89157,267.9803548
Canertinib (CI-1033),BA3334R,225.5335,221.5111067
Canertinib (CI-1033),BA3341R,227.20653,201.4228003
Canertinib (CI-1033),BA3345R,228.26677,210.3383676
Canertinib (CI-1033),BA3347R,237.49635,203.3609312
Canertinib (CI-1033),BA3351R,228.27362,175.7531094
Canertinib (CI-1033),BA3352R,215.04526,218.3679007
Canertinib (CI-1033),BA3353R,210.02412,263.5595585
Canertinib (CI-1033),BA3357R,220.5487,226.1479864
Canertinib (CI-1033),BA3362R,228.09361,218.9339436
Canertinib (CI-1033),BA3367R,228.25632,171.5411851
Canertinib (CI-1033),BA3369R,225.21796,254.1634886
Canertinib (CI-1033),BA3373R,235.15855,258.5527403
Canertinib (CI-1033),BA3374R,219.24957,231.6388624
Canertinib (CI-1033),BA3379R,220.7552,198.2819314
Canertinib (CI-1033),BA3380R,199.77069,193.3979367
Canertinib (CI-1033),BA3381R,227.60843,197.7315047
Canertinib (CI-1033),BA3384R,218.40453,251.3543563
Canertinib (CI-1033),BA3385R,223.60648,230.8610575
Canertinib (CI-1033),BA3386R,195.14258,208.8552534
Canertinib (CI-1033),BA3388R,236.35176,238.8042295
Canertinib (CI-1033),BA3390R,238.57535,240.3253586
Canertinib (CI-1033),BA3394R,231.53928,238.2800141
Canertinib (CI-1033),BA3397R,218.90904,196.6679057
Canertinib (CI-1033),BA3399R,229.91824,263.1426451
Canertinib (CI-1033),BA3400R,227.64981,254.7688738
Canertinib (CI-1033),BA3403R,222.84982,276.8167266
Canertinib (CI-1033),BA3406R,209.67989,219.8619571
Canertinib (CI-1033),BA3411R,233.88063,200.4578323
Canertinib (CI-1033),BA3412R,221.39229,245.9272613
Canertinib (CI-1033),BA3415R,228.2667,240.9119636
Canertinib (CI-1033),BA3416R,218.68195,216.7707861
Canertinib (CI-1033),BA3417R,225.66617,241.3860818
Canertinib (CI-1033),BA3418R,227.81412,222.5698
Canertinib (CI-1033),BA3421R,225.7152,228.4467986
Canertinib (CI-1033),BA3422R,215.2608,248.7032638
Canertinib (CI-1033),BA3423R,206.80182,179.5757974
Canertinib (CI-1033),BA3431R,230.28911,237.6847784
Canertinib (CI-1033),BA3433R,215.4375,234.5856066
Canertinib (CI-1033),BA3434R,229.74815,212.4703508
Canertinib (CI-1033),BA3438R,214.80351,173.4670121
Canertinib (CI-1033),BA3445R,218.47386,228.5975613
Canertinib (CI-1033),BA3446R,225.20491,230.4983383
Canertinib (CI-1033),BA3449R,224.72151,238.6903392
Canertinib (CI-1033),BA3451R,245.98526,256.1171631
Canertinib (CI-1033),BA3452R,221.18181,208.9498546
Canertinib (CI-1033),BA3454R,206.94919,202.9393219
Doramapimod (BIRB 796),BA3078R,147.34,206.6795491
Doramapimod (BIRB 796),BA3079R,144.77658,92.92175345
Doramapimod (BIRB 796),BA3083R,142.31807,79.90978407
Doramapimod (BIRB 796),BA3084R,179.94641,102.8169109
Doramapimod (BIRB 796),BA3087R,202.16388,183.0953543
Doramapimod (BIRB 796),BA3089R,200.88156,189.0500738
Doramapimod (BIRB 796),BA3094R,193.80627,201.1404578
Doramapimod (BIRB 796),BA3098R,141.05917,147.3938303
Doramapimod (BIRB 796),BA3099R,156.1658,165.8992181
Doramapimod (BIRB 796),BA3110R,165.78044,103.5272911
Doramapimod (BIRB 796),BA3114R,163.66173,113.1053236
Doramapimod (BIRB 796),BA3117R,184.9196,286.3279433
Doramapimod (BIRB 796),BA3118R,165.77232,207.224444
Doramapimod (BIRB 796),BA3119R,193.39052,136.055167
Doramapimod (BIRB 796),BA3126R,177.523,188.3260797
Doramapimod (BIRB 796),BA3128R,187.02335,161.4702494
Doramapimod (BIRB 796),BA3130R,209.4032,227.2381343
Doramapimod (BIRB 796),BA3133R,204.21867,150.9738868
Doramapimod (BIRB 796),BA3135R,182.36765,15.71656074
Doramapimod (BIRB 796),BA3137R,143.9084,189.3891888
Doramapimod (BIRB 796),BA3138R,185.15277,152.5818389
Doramapimod (BIRB 796),BA3139R,216.47035,141.3347666
Doramapimod (BIRB 796),BA3145R,210.98134,237.5403978
Doramapimod (BIRB 796),BA3146R,114.229485,57.03106642
Doramapimod (BIRB 796),BA3152R,155.497,67.20270832
Doramapimod (BIRB 796),BA3153R,176.44347,196.223502
Doramapimod (BIRB 796),BA3154R,201.44957,217.4383763
Doramapimod (BIRB 796),BA3157R,190.48384,191.7109805
Doramapimod (BIRB 796),BA3158R,154.07222,20.82164883
Doramapimod (BIRB 796),BA3162R,159.75838,112.8853178
Doramapimod (BIRB 796),BA3163R,180.34921,214.5987075
Doramapimod (BIRB 796),BA3164R,192.04156,222.7098757
Doramapimod (BIRB 796),BA3167R,173.0969,63.06803008
Doramapimod (BIRB 796),BA3169R,179.56517,152.8846203
Doramapimod (BIRB 796),BA3171R,205.86003,215.1110037
Doramapimod (BIRB 796),BA3174R,155.49304,95.042533
Doramapimod (BIRB 796),BA3175R,160.84525,115.8146124
Doramapimod (BIRB 796),BA3177R,132.33098,161.0751939
Doramapimod (BIRB 796),BA3181R,179.16467,121.1145888
Doramapimod (BIRB 796),BA3182R,139.16454,98.79308033
Doramapimod (BIRB 796),BA3183R,182.8743,205.4554936
Doramapimod (BIRB 796),BA3185R,151.11002,87.11917117
Doramapimod (BIRB 796),BA3186R,202.75122,189.6059728
Doramapimod (BIRB 796),BA3187R,178.83922,136.5613489
Doramapimod (BIRB 796),BA3189R,198.78922,159.9775928
Doramapimod (BIRB 796),BA3190R,190.44481,193.8332946
Doramapimod (BIRB 796),BA3191R,150.3844,63.13548971
Doramapimod (BIRB 796),BA3192R,200.16199,175.648949
Doramapimod (BIRB 796),BA3195R,170.76096,140.2477289
Doramapimod (BIRB 796),BA3197R,188.46765,270.9163834
Doramapimod (BIRB 796),BA3199R,150.87898,58.62798571
Doramapimod (BIRB 796),BA3200R,204.02298,108.476611
Doramapimod (BIRB 796),BA3203R,177.83159,175.266896
Doramapimod (BIRB 796),BA3206R,194.16571,144.8854861
Doramapimod (BIRB 796),BA3207R,191.07446,24.04592826
Doramapimod (BIRB 796),BA3208R,179.26163,152.3415064
Doramapimod (BIRB 796),BA3210R,183.09158,127.7123812
Doramapimod (BIRB 796),BA3212R,208.97719,170.8845112
Doramapimod (BIRB 796),BA3213R,138.0205,166.0163189
Doramapimod (BIRB 796),BA3214R,199.83438,214.3463975
Doramapimod (BIRB 796),BA3216R,172.80478,155.0477188
Doramapimod (BIRB 796),BA3217R,182.33485,98.65145603
Doramapimod (BIRB 796),BA3219R,173.33807,97.90977114
Doramapimod (BIRB 796),BA3222R,204.61618,222.3765914
Doramapimod (BIRB 796),BA3225R,181.41277,171.7534864
Doramapimod (BIRB 796),BA3226R,192.8032,253.4855858
Doramapimod (BIRB 796),BA3227R,196.52774,175.2620689
Doramapimod (BIRB 796),BA3228R,150.64795,200.3659475
Doramapimod (BIRB 796),BA3229R,181.37263,127.7512945
Doramapimod (BIRB 796),BA3232R,169.42657,218.6186926
Doramapimod (BIRB 796),BA3235R,167.8623,161.9715152
Doramapimod (BIRB 796),BA3240R,204.3046,171.8791601
Doramapimod (BIRB 796),BA3242R,173.48077,206.8832197
Doramapimod (BIRB 796),BA3243R,163.87833,216.4682013
Doramapimod (BIRB 796),BA3249R,211.2582,226.1351316
Doramapimod (BIRB 796),BA3250R,148.27861,250.6235706
Doramapimod (BIRB 796),BA3251R,147.91344,150.5565935
Doramapimod (BIRB 796),BA3258R,153.38713,70.6466327
Doramapimod (BIRB 796),BA3260R,190.02376,123.9998843
Doramapimod (BIRB 796),BA3261R,203.00726,159.5694479
Doramapimod (BIRB 796),BA3264R,142.05205,188.1333531
Doramapimod (BIRB 796),BA3266R,158.9176,53.45693607
Doramapimod (BIRB 796),BA3268R,195.32957,193.049939
Doramapimod (BIRB 796),BA3270R,163.54762,111.4777795
Doramapimod (BIRB 796),BA3271R,121.44653,49.78046369
Doramapimod (BIRB 796),BA3273R,201.76085,236.0386095
Doramapimod (BIRB 796),BA3275R,180.37952,148.9521509
Doramapimod (BIRB 796),BA3277R,176.4145,183.6321123
Doramapimod (BIRB 796),BA3283R,147.10118,102.492834
Doramapimod (BIRB 796),BA3285R,214.10626,141.343725
Doramapimod (BIRB 796),BA3286R,129.12584,132.8596918
Doramapimod (BIRB 796),BA3289R,143.47653,175.4557981
Doramapimod (BIRB 796),BA3290R,197.85402,119.9463428
Doramapimod (BIRB 796),BA3293R,198.9532,127.0824951
Doramapimod (BIRB 796),BA3295R,148.341,150.4419911
Doramapimod (BIRB 796),BA3297R,163.40086,134.5053928
Doramapimod (BIRB 796),BA3299R,150.67209,53.717074
Doramapimod (BIRB 796),BA3300R,196.91187,229.1271124
Doramapimod (BIRB 796),BA3302R,179.041,210.967953
Doramapimod (BIRB 796),BA3305R,174.14406,266.3418759
Doramapimod (BIRB 796),BA3306R,200.6901,183.6002632
Doramapimod (BIRB 796),BA3308R,169.77637,88.12290359
Doramapimod (BIRB 796),BA3310R,185.79207,135.695724
Doramapimod (BIRB 796),BA3311R,150.70149,41.48219402
Doramapimod (BIRB 796),BA3312R,176.38632,98.44071571
Doramapimod (BIRB 796),BA3317R,200.9607,184.2635676
Doramapimod (BIRB 796),BA3318R,197.49689,60.79966293
Doramapimod (BIRB 796),BA3319R,198.56139,83.56199386
Doramapimod (BIRB 796),BA3324R,171.96407,146.8765256
Doramapimod (BIRB 796),BA3326R,180.30257,207.4267166
Doramapimod (BIRB 796),BA3328R,185.58376,209.2136193
Doramapimod (BIRB 796),BA3332R,185.14412,241.9901169
Doramapimod (BIRB 796),BA3333R,185.26775,233.3882372
Doramapimod (BIRB 796),BA3334R,164.45178,180.5782851
Doramapimod (BIRB 796),BA3341R,200.1095,167.3679684
Doramapimod (BIRB 796),BA3345R,140.22488,92.50223573
Doramapimod (BIRB 796),BA3351R,210.111,181.8185075
Doramapimod (BIRB 796),BA3352R,197.14146,179.5853535
Doramapimod (BIRB 796),BA3353R,201.52193,123.8532425
Doramapimod (BIRB 796),BA3357R,190.54654,162.533257
Doramapimod (BIRB 796),BA3362R,211.65993,237.8423366
Doramapimod (BIRB 796),BA3367R,177.88014,208.057202
Doramapimod (BIRB 796),BA3369R,130.8633,127.0651904
Doramapimod (BIRB 796),BA3373R,215.56763,263.7719377
Doramapimod (BIRB 796),BA3374R,192.48996,162.4369952
Doramapimod (BIRB 796),BA3375R,182.67123,122.3561175
Doramapimod (BIRB 796),BA3376R,173.81064,172.4365959
Doramapimod (BIRB 796),BA3379R,165.36774,169.8094979
Doramapimod (BIRB 796),BA3380R,183.48569,201.2707163
Doramapimod (BIRB 796),BA3381R,153.87221,177.6228989
Doramapimod (BIRB 796),BA3384R,160.13571,212.0978413
Doramapimod (BIRB 796),BA3385R,138.43784,139.7723865
Doramapimod (BIRB 796),BA3386R,157.8921,208.916655
Doramapimod (BIRB 796),BA3388R,185.23137,201.4720273
Doramapimod (BIRB 796),BA3390R,163.38524,179.5486414
Doramapimod (BIRB 796),BA3394R,164.26416,129.8440043
Doramapimod (BIRB 796),BA3397R,177.30052,159.1640501
Doramapimod (BIRB 796),BA3399R,172.96684,147.5597201
Doramapimod (BIRB 796),BA3400R,209.98747,218.6599687
Doramapimod (BIRB 796),BA3403R,187.48485,237.1949457
Doramapimod (BIRB 796),BA3406R,179.41913,270.1867915
Doramapimod (BIRB 796),BA3411R,196.4064,179.8430826
Doramapimod (BIRB 796),BA3412R,210.93758,239.346144
Doramapimod (BIRB 796),BA3415R,208.43826,95.59449271
Doramapimod (BIRB 796),BA3416R,215.01328,286.3279433
Doramapimod (BIRB 796),BA3418R,190.11557,125.2195385
Doramapimod (BIRB 796),BA3421R,138.23271,111.0198865
Doramapimod (BIRB 796),BA3422R,209.27286,220.1109337
Doramapimod (BIRB 796),BA3423R,207.25197,188.2849687
Doramapimod (BIRB 796),BA3431R,144.33705,73.70893755
Doramapimod (BIRB 796),BA3433R,194.77208,206.1991118
Doramapimod (BIRB 796),BA3434R,182.75336,206.4386883
Doramapimod (BIRB 796),BA3438R,194.38727,167.5421812
Doramapimod (BIRB 796),BA3445R,187.4235,63.37936062
Doramapimod (BIRB 796),BA3446R,142.36453,74.67236897
Doramapimod (BIRB 796),BA3449R,189.73698,167.6850024
Doramapimod (BIRB 796),BA3451R,173.29518,161.1719564
Doramapimod (BIRB 796),BA3452R,171.19612,36.87207264
Doramapimod (BIRB 796),BA3454R,171.1236,261.4455704
Dovitinib (CHIR-258),BA3078R,132.8815,179.4751657
Dovitinib (CHIR-258),BA3079R,148.26099,133.74266
Dovitinib (CHIR-258),BA3083R,140.81862,221.1987789
Dovitinib (CHIR-258),BA3084R,101.35395,193.6920057
Dovitinib (CHIR-258),BA3087R,149.12169,234.4732006
Dovitinib (CHIR-258),BA3089R,129.97658,143.2160401
Dovitinib (CHIR-258),BA3094R,126.55595,164.4584808
Dovitinib (CHIR-258),BA3098R,141.39503,135.4461421
Dovitinib (CHIR-258),BA3099R,120.40369,63.39209491
Dovitinib (CHIR-258),BA3110R,139.58401,91.83105028
Dovitinib (CHIR-258),BA3114R,162.54016,199.8070615
Dovitinib (CHIR-258),BA3117R,172.36832,8.09E-09
Dovitinib (CHIR-258),BA3118R,154.085,178.9822791
Dovitinib (CHIR-258),BA3126R,169.87439,104.618932
Dovitinib (CHIR-258),BA3128R,126.586685,135.7299782
Dovitinib (CHIR-258),BA3130R,204.38573,194.3391455
Dovitinib (CHIR-258),BA3133R,200.87535,176.0928521
Dovitinib (CHIR-258),BA3135R,102.308815,78.84437532
Dovitinib (CHIR-258),BA3137R,145.09978,215.2971588
Dovitinib (CHIR-258),BA3138R,193.2747,198.5114317
Dovitinib (CHIR-258),BA3139R,157.08218,156.531916
Dovitinib (CHIR-258),BA3145R,157.69934,24.35628976
Dovitinib (CHIR-258),BA3146R,107.57959,129.2234558
Dovitinib (CHIR-258),BA3152R,167.87466,164.0379672
Dovitinib (CHIR-258),BA3153R,155.48299,119.7996997
Dovitinib (CHIR-258),BA3154R,155.10258,51.00102889
Dovitinib (CHIR-258),BA3157R,111.51591,159.4890447
Dovitinib (CHIR-258),BA3158R,124.98174,149.4557791
Dovitinib (CHIR-258),BA3162R,160.61244,221.1775123
Dovitinib (CHIR-258),BA3163R,178.06546,182.7871671
Dovitinib (CHIR-258),BA3164R,91.6563,21.11011727
Dovitinib (CHIR-258),BA3167R,149.04572,95.08829661
Dovitinib (CHIR-258),BA3169R,174.40308,107.4180905
Dovitinib (CHIR-258),BA3171R,199.83342,240.0016876
Dovitinib (CHIR-258),BA3174R,169.42941,117.5100163
Dovitinib (CHIR-258),BA3175R,165.13158,167.1142543
Dovitinib (CHIR-258),BA3177R,118.78313,119.0826529
Dovitinib (CHIR-258),BA3181R,177.69725,221.4552071
Dovitinib (CHIR-258),BA3182R,142.68353,144.0187323
Dovitinib (CHIR-258),BA3183R,153.24796,175.7373338
Dovitinib (CHIR-258),BA3185R,126.83009,103.4162212
Dovitinib (CHIR-258),BA3186R,178.71681,214.2234701
Dovitinib (CHIR-258),BA3187R,175.42488,172.0296377
Dovitinib (CHIR-258),BA3189R,156.76527,165.3011328
Dovitinib (CHIR-258),BA3190R,182.07686,119.352346
Dovitinib (CHIR-258),BA3191R,156.67322,160.0822474
Dovitinib (CHIR-258),BA3192R,115.0714,101.8164345
Dovitinib (CHIR-258),BA3195R,146.39679,143.3270007
Dovitinib (CHIR-258),BA3197R,85.23323,8.09E-09
Dovitinib (CHIR-258),BA3199R,137.5022,134.5179282
Dovitinib (CHIR-258),BA3200R,134.79068,176.9064395
Dovitinib (CHIR-258),BA3203R,178.97263,229.5019426
Dovitinib (CHIR-258),BA3206R,184.88197,199.5624199
Dovitinib (CHIR-258),BA3207R,178.23952,51.26897483
Dovitinib (CHIR-258),BA3208R,137.67921,140.5151669
Dovitinib (CHIR-258),BA3210R,185.40872,188.2922373
Dovitinib (CHIR-258),BA3211R,120.775085,115.0134535
Dovitinib (CHIR-258),BA3212R,175.83234,273.0644171
Dovitinib (CHIR-258),BA3213R,144.13528,137.2015457
Dovitinib (CHIR-258),BA3214R,165.13368,208.7069046
Dovitinib (CHIR-258),BA3216R,141.81398,36.25887362
Dovitinib (CHIR-258),BA3217R,102.183556,90.64006709
Dovitinib (CHIR-258),BA3219R,164.48637,148.6074154
Dovitinib (CHIR-258),BA3222R,166.17056,182.3337071
Dovitinib (CHIR-258),BA3225R,174.91113,136.9573368
Dovitinib (CHIR-258),BA3226R,127.00922,132.5493047
Dovitinib (CHIR-258),BA3227R,111.96832,76.34564271
Dovitinib (CHIR-258),BA3228R,148.1506,136.2200509
Dovitinib (CHIR-258),BA3229R,186.5782,123.9213309
Dovitinib (CHIR-258),BA3232R,147.6168,203.2592899
Dovitinib (CHIR-258),BA3235R,167.43486,123.8587304
Dovitinib (CHIR-258),BA3240R,128.55583,132.5266523
Dovitinib (CHIR-258),BA3242R,174.21109,212.1303565
Dovitinib (CHIR-258),BA3243R,153.65573,171.9687997
Dovitinib (CHIR-258),BA3249R,153.80096,243.7090302
Dovitinib (CHIR-258),BA3250R,138.27797,259.6868621
Dovitinib (CHIR-258),BA3251R,135.38956,125.8272132
Dovitinib (CHIR-258),BA3258R,149.7106,204.0364915
Dovitinib (CHIR-258),BA3260R,194.95497,186.9787026
Dovitinib (CHIR-258),BA3261R,198.91353,212.6199624
Dovitinib (CHIR-258),BA3264R,94.56983,118.459075
Dovitinib (CHIR-258),BA3266R,137.73886,105.9364616
Dovitinib (CHIR-258),BA3268R,148.29253,171.9716975
Dovitinib (CHIR-258),BA3270R,161.27312,164.2970239
Dovitinib (CHIR-258),BA3271R,119.72218,95.42929181
Dovitinib (CHIR-258),BA3273R,168.48529,118.6595008
Dovitinib (CHIR-258),BA3275R,114.47586,86.41903642
Dovitinib (CHIR-258),BA3277R,160.715,180.8389662
Dovitinib (CHIR-258),BA3283R,139.4975,171.3208893
Dovitinib (CHIR-258),BA3285R,163.03365,122.5518738
Dovitinib (CHIR-258),BA3286R,124.57781,133.4140436
Dovitinib (CHIR-258),BA3289R,159.01802,161.8175677
Dovitinib (CHIR-258),BA3290R,198.88972,194.4064769
Dovitinib (CHIR-258),BA3293R,106.88961,27.38021149
Dovitinib (CHIR-258),BA3295R,157.77368,222.3041064
Dovitinib (CHIR-258),BA3297R,146.57857,143.5042902
Dovitinib (CHIR-258),BA3300R,158.16565,214.0123167
Dovitinib (CHIR-258),BA3302R,159.71416,140.1411538
Dovitinib (CHIR-258),BA3305R,158.50906,218.4771339
Dovitinib (CHIR-258),BA3306R,119.98362,51.97181053
Dovitinib (CHIR-258),BA3308R,135.0769,111.0206418
Dovitinib (CHIR-258),BA3310R,114.98837,83.3248765
Dovitinib (CHIR-258),BA3311R,159.37242,54.10076824
Dovitinib (CHIR-258),BA3312R,166.72345,248.8408576
Dovitinib (CHIR-258),BA3317R,132.5168,73.84088464
Dovitinib (CHIR-258),BA3318R,164.09592,39.34303957
Dovitinib (CHIR-258),BA3319R,194.98395,177.0804893
Dovitinib (CHIR-258),BA3324R,168.71086,140.8914311
Dovitinib (CHIR-258),BA3326R,169.31934,187.2988805
Dovitinib (CHIR-258),BA3328R,145.25238,107.0009331
Dovitinib (CHIR-258),BA3332R,129.16853,142.8079677
Dovitinib (CHIR-258),BA3333R,135.80917,182.7944759
Dovitinib (CHIR-258),BA3334R,165.25537,144.9151888
Dovitinib (CHIR-258),BA3341R,181.27887,185.7965343
Dovitinib (CHIR-258),BA3345R,162.20334,154.3729237
Dovitinib (CHIR-258),BA3347R,173.30565,127.6790644
Dovitinib (CHIR-258),BA3351R,179.37854,217.1701574
Dovitinib (CHIR-258),BA3352R,135.66946,43.35880523
Dovitinib (CHIR-258),BA3353R,150.97438,69.14187082
Dovitinib (CHIR-258),BA3357R,171.633,200.1662925
Dovitinib (CHIR-258),BA3362R,159.11433,74.51704245
Dovitinib (CHIR-258),BA3367R,177.83762,173.1077173
Dovitinib (CHIR-258),BA3369R,124.746605,228.7428463
Dovitinib (CHIR-258),BA3373R,186.07185,196.7516825
Dovitinib (CHIR-258),BA3374R,146.28679,225.3061522
Dovitinib (CHIR-258),BA3375R,95.256905,190.1305064
Dovitinib (CHIR-258),BA3376R,102.40169,100.6635099
Dovitinib (CHIR-258),BA3379R,154.59435,173.2383178
Dovitinib (CHIR-258),BA3380R,102.00857,50.75090048
Dovitinib (CHIR-258),BA3381R,168.90416,202.8453746
Dovitinib (CHIR-258),BA3384R,129.75253,153.0315577
Dovitinib (CHIR-258),BA3385R,134.00362,151.8323541
Dovitinib (CHIR-258),BA3386R,90.326485,133.1253276
Dovitinib (CHIR-258),BA3388R,191.89525,188.3455631
Dovitinib (CHIR-258),BA3390R,162.55098,264.9622236
Dovitinib (CHIR-258),BA3394R,159.33156,213.3002711
Dovitinib (CHIR-258),BA3397R,157.38312,124.8268272
Dovitinib (CHIR-258),BA3399R,184.99088,193.1780359
Dovitinib (CHIR-258),BA3400R,168.71725,176.1504964
Dovitinib (CHIR-258),BA3403R,138.41043,228.8412577
Dovitinib (CHIR-258),BA3406R,114.53546,4.658414642
Dovitinib (CHIR-258),BA3411R,197.5964,180.8707553
Dovitinib (CHIR-258),BA3412R,155.9907,184.7533093
Dovitinib (CHIR-258),BA3415R,190.68686,150.6275811
Dovitinib (CHIR-258),BA3416R,186.62099,8.09E-09
Dovitinib (CHIR-258),BA3417R,142.35358,122.5457615
Dovitinib (CHIR-258),BA3418R,167.95506,102.7843337
Dovitinib (CHIR-258),BA3421R,152.5573,156.4398701
Dovitinib (CHIR-258),BA3422R,142.19974,142.9331189
Dovitinib (CHIR-258),BA3423R,120.299706,74.49735089
Dovitinib (CHIR-258),BA3431R,158.2626,120.3408826
Dovitinib (CHIR-258),BA3433R,136.20134,159.8269302
Dovitinib (CHIR-258),BA3434R,176.97218,217.7383421
Dovitinib (CHIR-258),BA3438R,141.20122,61.87328527
Dovitinib (CHIR-258),BA3446R,138.57169,192.8518078
Dovitinib (CHIR-258),BA3449R,160.11334,231.6317152
Dovitinib (CHIR-258),BA3451R,163.77788,205.1453126
Dovitinib (CHIR-258),BA3452R,154.30785,153.7888859
Dovitinib (CHIR-258),BA3454R,104.33946,8.09E-09
Flavopiridol,BA3078R,127.33207,184.3007313
Flavopiridol,BA3079R,107.839195,100.2112382
Flavopiridol,BA3083R,109.918015,206.4281638
Flavopiridol,BA3087R,166.84178,211.4599487
Flavopiridol,BA3089R,147.92291,124.0206585
Flavopiridol,BA3094R,172.60338,58.84410642
Flavopiridol,BA3098R,105.84218,86.46607465
Flavopiridol,BA3099R,120.87969,84.70984929
Flavopiridol,BA3110R,123.73549,62.41667052
Flavopiridol,BA3117R,136.91074,47.55212649
Flavopiridol,BA3118R,116.46048,51.04253585
Flavopiridol,BA3119R,183.6737,97.1883557
Flavopiridol,BA3126R,123.57733,132.68894
Flavopiridol,BA3128R,157.04645,132.8786366
Flavopiridol,BA3130R,129.98553,101.6334043
Flavopiridol,BA3133R,119.4806,111.7134695
Flavopiridol,BA3135R,170.661,198.7575027
Flavopiridol,BA3137R,105.34629,94.18508376
Flavopiridol,BA3138R,105.97493,72.20012782
Flavopiridol,BA3139R,156.25656,252.8134914
Flavopiridol,BA3145R,164.96562,90.21518861
Flavopiridol,BA3146R,102.03362,114.8864503
Flavopiridol,BA3152R,109.358986,83.60432411
Flavopiridol,BA3153R,129.07858,112.8854286
Flavopiridol,BA3154R,147.53168,157.2267218
Flavopiridol,BA3157R,161.36832,104.5310946
Flavopiridol,BA3158R,133.09422,273.4993491
Flavopiridol,BA3162R,106.887024,88.9548071
Flavopiridol,BA3163R,117.49422,79.61501916
Flavopiridol,BA3164R,145.457,92.37765109
Flavopiridol,BA3167R,134.76971,90.35581771
Flavopiridol,BA3169R,111.663475,108.6710612
Flavopiridol,BA3171R,120.15352,109.3571789
Flavopiridol,BA3174R,108.46789,95.63519203
Flavopiridol,BA3175R,110.35313,62.10029063
Flavopiridol,BA3177R,117.93007,75.93652034
Flavopiridol,BA3181R,105.02125,58.14002311
Flavopiridol,BA3182R,117.9042,129.0859638
Flavopiridol,BA3183R,124.672005,92.90702615
Flavopiridol,BA3185R,140.36147,64.27408804
Flavopiridol,BA3187R,114.20453,60.66347886
Flavopiridol,BA3189R,142.24889,104.8511867
Flavopiridol,BA3190R,117.55708,55.12702941
Flavopiridol,BA3191R,109.6024,22.85687938
Flavopiridol,BA3192R,173.52618,111.1947074
Flavopiridol,BA3195R,118.180565,85.57468217
Flavopiridol,BA3197R,189.85577,0.803436918
Flavopiridol,BA3199R,112.61212,69.98455881
Flavopiridol,BA3200R,178.34642,251.8750807
Flavopiridol,BA3203R,108.49968,111.4010118
Flavopiridol,BA3206R,152.52815,147.9556089
Flavopiridol,BA3207R,121.42849,8.09E-09
Flavopiridol,BA3208R,131.28496,153.4016227
Flavopiridol,BA3210R,107.176926,193.5142191
Flavopiridol,BA3211R,132.62598,237.3071023
Flavopiridol,BA3212R,135.85922,86.46790157
Flavopiridol,BA3213R,108.3994,56.06531225
Flavopiridol,BA3214R,127.53531,113.6611887
Flavopiridol,BA3216R,135.42094,100.0731236
Flavopiridol,BA3217R,176.2456,119.5330174
Flavopiridol,BA3219R,136.08337,94.91636214
Flavopiridol,BA3222R,138.48036,128.2452241
Flavopiridol,BA3225R,138.0783,73.73812914
Flavopiridol,BA3226R,144.19054,100.5975105
Flavopiridol,BA3228R,103.65138,69.8579672
Flavopiridol,BA3229R,115.41768,83.76534796
Flavopiridol,BA3232R,110.237625,109.0343642
Flavopiridol,BA3235R,119.25013,86.02993651
Flavopiridol,BA3242R,111.27509,78.91380966
Flavopiridol,BA3243R,114.640945,212.8137619
Flavopiridol,BA3249R,180.16827,145.8194524
Flavopiridol,BA3250R,121.48448,73.36477492
Flavopiridol,BA3251R,120.024704,98.36712403
Flavopiridol,BA3258R,114.45343,123.5306795
Flavopiridol,BA3260R,101.99898,66.00546663
Flavopiridol,BA3261R,132.8492,90.98577617
Flavopiridol,BA3264R,150.047,135.8274976
Flavopiridol,BA3266R,113.040146,150.1669675
Flavopiridol,BA3268R,134.71965,189.688029
Flavopiridol,BA3270R,104.86298,59.21362165
Flavopiridol,BA3271R,102.082634,92.25937942
Flavopiridol,BA3273R,148.03136,160.7814001
Flavopiridol,BA3277R,120.30271,107.7648654
Flavopiridol,BA3283R,121.206215,62.95467293
Flavopiridol,BA3285R,152.04153,193.2302193
Flavopiridol,BA3286R,103.259254,100.8529104
Flavopiridol,BA3289R,101.80477,93.12296669
Flavopiridol,BA3290R,116.8056,249.1594836
Flavopiridol,BA3293R,154.84259,57.01825861
Flavopiridol,BA3295R,110.17692,69.46025635
Flavopiridol,BA3297R,116.590195,89.32772789
Flavopiridol,BA3299R,105.873,82.57173201
Flavopiridol,BA3300R,134.21301,98.16199125
Flavopiridol,BA3302R,120.737206,62.31901322
Flavopiridol,BA3305R,114.544304,65.13931596
Flavopiridol,BA3306R,181.8909,124.001538
Flavopiridol,BA3310R,176.30882,278.1249958
Flavopiridol,BA3311R,103.132195,41.82700239
Flavopiridol,BA3312R,123.385216,129.5097902
Flavopiridol,BA3317R,177.9179,211.4343062
Flavopiridol,BA3318R,123.92479,103.7801343
Flavopiridol,BA3319R,122.62004,62.7976467
Flavopiridol,BA3324R,109.07063,118.0144995
Flavopiridol,BA3326R,122.350296,47.27737243
Flavopiridol,BA3328R,135.77098,160.1433969
Flavopiridol,BA3332R,145.32217,194.3644514
Flavopiridol,BA3333R,152.25504,75.1547967
Flavopiridol,BA3334R,106.33946,67.12036047
Flavopiridol,BA3341R,132.1247,114.7639281
Flavopiridol,BA3347R,112.94363,46.42754626
Flavopiridol,BA3351R,130.44916,153.6571985
Flavopiridol,BA3352R,155.68698,86.08165177
Flavopiridol,BA3353R,178.46608,21.98748821
Flavopiridol,BA3357R,149.47256,286.3279433
Flavopiridol,BA3362R,138.22624,92.44607871
Flavopiridol,BA3367R,107.75468,69.18625972
Flavopiridol,BA3369R,111.59415,82.60920845
Flavopiridol,BA3373R,121.0602,1.502230966
Flavopiridol,BA3374R,132.54893,65.63612211
Flavopiridol,BA3375R,179.36093,180.173566
Flavopiridol,BA3376R,135.42732,226.6553072
Flavopiridol,BA3379R,119.01265,227.4559909
Flavopiridol,BA3380R,174.21033,92.40291575
Flavopiridol,BA3381R,103.56459,95.48594159
Flavopiridol,BA3384R,121.97766,71.23686197
Flavopiridol,BA3385R,104.45503,25.90589849
Flavopiridol,BA3386R,144.11615,129.1551842
Flavopiridol,BA3388R,109.460335,124.2557835
Flavopiridol,BA3390R,124.33507,56.21264457
Flavopiridol,BA3394R,100.7357,53.70401624
Flavopiridol,BA3397R,122.52724,160.8045335
Flavopiridol,BA3399R,101.22179,81.09275796
Flavopiridol,BA3400R,156.6083,120.0249528
Flavopiridol,BA3403R,129.91006,85.52535806
Flavopiridol,BA3406R,156.08093,22.31754642
Flavopiridol,BA3411R,114.47755,121.0511392
Flavopiridol,BA3412R,152.85715,61.78376142
Flavopiridol,BA3415R,126.97293,135.244055
Flavopiridol,BA3416R,199.9276,24.04592826
Flavopiridol,BA3417R,115.38063,49.82022725
Flavopiridol,BA3418R,114.89443,257.0246526
Flavopiridol,BA3421R,101.62718,70.16668018
Flavopiridol,BA3422R,200.94034,92.23759179
Flavopiridol,BA3423R,194.6066,156.2109289
Flavopiridol,BA3431R,107.06406,32.31777341
Flavopiridol,BA3433R,170.09294,141.1166795
Flavopiridol,BA3434R,114.75886,153.0913479
Flavopiridol,BA3438R,138.00015,125.5567477
Flavopiridol,BA3445R,143.59416,0.385009509
Flavopiridol,BA3446R,110.33909,86.29828738
Flavopiridol,BA3449R,116.74383,24.44235209
Flavopiridol,BA3451R,106.80541,60.73353974
Flavopiridol,BA3452R,123.93945,45.33972835
Flavopiridol,BA3454R,125.42796,8.09E-09
GDC-0941,BA3078R,134.24092,121.1878805
GDC-0941,BA3079R,132.65584,81.24168614
GDC-0941,BA3083R,130.53651,109.3912101
GDC-0941,BA3084R,150.16986,114.649795
GDC-0941,BA3087R,186.48044,240.1919965
GDC-0941,BA3089R,176.54694,172.7858978
GDC-0941,BA3094R,155.16096,63.43133573
GDC-0941,BA3098R,131.02954,138.2109252
GDC-0941,BA3099R,140.10872,48.64507443
GDC-0941,BA3110R,148.24284,95.2424172
GDC-0941,BA3114R,142.64369,51.72054422
GDC-0941,BA3117R,177.85664,279.6873162
GDC-0941,BA3119R,179.50046,211.19814
GDC-0941,BA3126R,152.14847,108.3940891
GDC-0941,BA3128R,166.60568,118.7145605
GDC-0941,BA3130R,175.4813,175.8509416
GDC-0941,BA3133R,176.59335,190.6273565
GDC-0941,BA3137R,128.75258,102.1154502
GDC-0941,BA3138R,155.09529,80.67314132
GDC-0941,BA3145R,183.79373,107.0716255
GDC-0941,BA3146R,108.60543,122.4403501
GDC-0941,BA3154R,177.84196,55.72207831
GDC-0941,BA3158R,136.98453,60.30422568
GDC-0941,BA3162R,139.3656,114.5245611
GDC-0941,BA3163R,145.93689,131.0200954
GDC-0941,BA3164R,159.3386,140.9055608
GDC-0941,BA3167R,142.67116,41.61262295
GDC-0941,BA3171R,175.71275,131.0712412
GDC-0941,BA3174R,139.64517,85.56499153
GDC-0941,BA3175R,139.39087,83.81545854
GDC-0941,BA3177R,120.71317,64.2792035
GDC-0941,BA3181R,147.56998,118.5003231
GDC-0941,BA3182R,132.63521,138.0798263
GDC-0941,BA3183R,158.35669,128.77245
GDC-0941,BA3185R,137.80615,81.6840074
GDC-0941,BA3186R,173.29251,68.93840081
GDC-0941,BA3187R,154.25172,140.224366
GDC-0941,BA3189R,178.68149,163.7452338
GDC-0941,BA3190R,160.75992,143.8282982
GDC-0941,BA3191R,134.47057,51.57647799
GDC-0941,BA3192R,170.13588,146.0043225
GDC-0941,BA3195R,148.60794,128.4089612
GDC-0941,BA3197R,164.44307,19.84690524
GDC-0941,BA3200R,182.69186,199.9112528
GDC-0941,BA3203R,153.6641,169.6780413
GDC-0941,BA3206R,180.24934,176.901649
GDC-0941,BA3207R,154.35664,56.79167632
GDC-0941,BA3208R,151.93004,123.1688106
GDC-0941,BA3210R,154.95505,162.6140178
GDC-0941,BA3211R,135.8028,74.81431997
GDC-0941,BA3212R,183.43074,113.8441583
GDC-0941,BA3213R,127.43176,102.7714097
GDC-0941,BA3214R,165.7263,137.9945766
GDC-0941,BA3219R,146.82718,135.126115
GDC-0941,BA3222R,170.95993,136.3541756
GDC-0941,BA3225R,157.38168,48.32043973
GDC-0941,BA3226R,169.9666,117.294981
GDC-0941,BA3228R,132.79979,104.9312937
GDC-0941,BA3230R,170.21129,101.6387847
GDC-0941,BA3232R,143.46196,169.9464412
GDC-0941,BA3235R,141.88708,90.36125731
GDC-0941,BA3240R,176.92049,160.5981607
GDC-0941,BA3242R,150.62535,154.5939266
GDC-0941,BA3243R,141.42712,84.84286309
GDC-0941,BA3249R,188.80962,125.9005171
GDC-0941,BA3250R,131.90187,200.9497974
GDC-0941,BA3251R,129.9072,101.8839165
GDC-0941,BA3258R,130.60136,94.60308318
GDC-0941,BA3260R,160.95355,227.2440691
GDC-0941,BA3261R,186.85449,198.7943919
GDC-0941,BA3264R,134.68741,121.2450065
GDC-0941,BA3266R,139.25714,126.979291
GDC-0941,BA3268R,167.66956,192.5858033
GDC-0941,BA3270R,139.0946,95.56985123
GDC-0941,BA3271R,117.41845,91.36853076
GDC-0941,BA3273R,177.20663,102.2430832
GDC-0941,BA3275R,159.03012,201.5335787
GDC-0941,BA3277R,154.6758,137.7383761
GDC-0941,BA3283R,132.62827,101.8880382
GDC-0941,BA3285R,186.23804,86.31732808
GDC-0941,BA3286R,119.59746,117.971626
GDC-0941,BA3289R,131.09515,126.4694981
GDC-0941,BA3290R,170.11046,188.9826585
GDC-0941,BA3293R,173.06544,149.0045958
GDC-0941,BA3295R,137.09647,208.7797049
GDC-0941,BA3299R,134.97891,71.82803748
GDC-0941,BA3300R,183.52692,161.4784201
GDC-0941,BA3302R,163.09317,161.6802137
GDC-0941,BA3305R,148.86488,93.45772802
GDC-0941,BA3306R,177.11429,153.619037
GDC-0941,BA3310R,168.15186,197.8228227
GDC-0941,BA3311R,132.7681,8.249353451
GDC-0941,BA3312R,160.07262,151.0267529
GDC-0941,BA3318R,164.02791,59.18557119
GDC-0941,BA3319R,165.78636,81.82379618
GDC-0941,BA3324R,146.84608,115.5905136
GDC-0941,BA3325R,152.86136,159.2584547
GDC-0941,BA3326R,146.30553,83.99819646
GDC-0941,BA3328R,161.24321,99.00561803
GDC-0941,BA3333R,167.88687,116.2881828
GDC-0941,BA3334R,143.39162,83.54466103
GDC-0941,BA3345R,130.54764,105.8063208
GDC-0941,BA3347R,151.3633,70.63132806
GDC-0941,BA3351R,177.94615,168.2030479
GDC-0941,BA3352R,174.19229,149.9132127
GDC-0941,BA3353R,183.66286,115.3988697
GDC-0941,BA3357R,182.95616,203.454323
GDC-0941,BA3362R,166.50702,92.33955094
GDC-0941,BA3367R,149.30772,116.452184
GDC-0941,BA3369R,120.727585,212.9800781
GDC-0941,BA3374R,150.69757,46.78128414
GDC-0941,BA3376R,153.29263,135.2368903
GDC-0941,BA3379R,152.16339,211.040444
GDC-0941,BA3380R,157.9692,109.0759436
GDC-0941,BA3381R,139.66045,165.8649694
GDC-0941,BA3384R,138.54376,132.1582362
GDC-0941,BA3385R,128.3691,110.05484
GDC-0941,BA3386R,139.95921,186.4000361
GDC-0941,BA3388R,157.1531,214.9071514
GDC-0941,BA3390R,136.93735,248.0918614
GDC-0941,BA3394R,139.0963,84.77248685
GDC-0941,BA3397R,158.68295,103.0177116
GDC-0941,BA3399R,150.7623,113.8925251
GDC-0941,BA3400R,181.80077,183.5451353
GDC-0941,BA3403R,145.74493,80.02099347
GDC-0941,BA3406R,150.57895,26.80980472
GDC-0941,BA3411R,169.57755,164.4526677
GDC-0941,BA3412R,172.28178,212.3799758
GDC-0941,BA3416R,205.79733,185.3996903
GDC-0941,BA3417R,129.029,115.8059258
GDC-0941,BA3418R,157.31079,128.6112224
GDC-0941,BA3421R,124.26499,113.4555075
GDC-0941,BA3422R,187.88481,165.8904506
GDC-0941,BA3423R,183.73154,165.0821285
GDC-0941,BA3431R,133.58813,127.5966337
GDC-0941,BA3433R,175.93022,237.6478359
GDC-0941,BA3434R,152.94647,129.0749422
GDC-0941,BA3438R,162.84804,56.81189898
GDC-0941,BA3445R,164.35776,44.75349976
GDC-0941,BA3446R,128.34886,102.1844908
GDC-0941,BA3449R,154.79506,106.6706312
GDC-0941,BA3451R,135.3241,100.1070273
GDC-0941,BA3452R,147.06966,72.38786114
GDC-0941,BA3454R,147.40833,211.4577218
GW-2580,BA3078R,189.24483,47.78798294
GW-2580,BA3079R,189.50256,198.6678974
GW-2580,BA3083R,197.02112,197.3767272
GW-2580,BA3084R,196.3817,144.1203401
GW-2580,BA3087R,222.55888,209.2603844
GW-2580,BA3089R,221.98645,225.8762345
GW-2580,BA3094R,215.58049,202.7219015
GW-2580,BA3098R,187.89082,158.9685781
GW-2580,BA3099R,197.43172,71.0178172
GW-2580,BA3110R,197.52444,145.1346092
GW-2580,BA3114R,200.77051,196.7301181
GW-2580,BA3117R,217.42787,8.09E-09
GW-2580,BA3118R,202.60385,224.7392774
GW-2580,BA3119R,210.66562,230.5753503
GW-2580,BA3126R,218.38484,153.3345944
GW-2580,BA3128R,209.0909,230.4818933
GW-2580,BA3130R,232.77129,259.2233802
GW-2580,BA3133R,239.93687,250.6588961
GW-2580,BA3135R,203.12979,165.7917441
GW-2580,BA3137R,192.24617,193.9576794
GW-2580,BA3138R,226.81314,167.7557614
GW-2580,BA3139R,238.12611,152.224131
GW-2580,BA3145R,227.82085,232.2803928
GW-2580,BA3152R,201.79173,161.3879397
GW-2580,BA3153R,202.33235,174.0863691
GW-2580,BA3157R,208.6294,218.8086679
GW-2580,BA3158R,190.02545,46.51186444
GW-2580,BA3162R,201.816,232.9958554
GW-2580,BA3163R,216.5126,251.6711313
GW-2580,BA3164R,214.49231,281.4978788
GW-2580,BA3167R,206.97166,106.269809
GW-2580,BA3169R,215.62949,161.1665477
GW-2580,BA3171R,236.72418,267.2761467
GW-2580,BA3174R,201.33304,181.9349
GW-2580,BA3175R,208.99869,220.1528023
GW-2580,BA3177R,181.54596,117.9889436
GW-2580,BA3181R,220.91287,178.2342375
GW-2580,BA3182R,191.41563,187.9306768
GW-2580,BA3183R,215.62318,230.7521876
GW-2580,BA3185R,183.28725,128.5948939
GW-2580,BA3186R,230.48381,252.1805836
GW-2580,BA3187R,213.59016,208.3586575
GW-2580,BA3189R,224.20955,200.6578984
GW-2580,BA3190R,224.73245,121.5409547
GW-2580,BA3191R,196.49464,148.351333
GW-2580,BA3192R,213.26006,236.2014331
GW-2580,BA3195R,200.73782,153.7942887
GW-2580,BA3199R,193.38142,270.3078537
GW-2580,BA3200R,220.07281,279.8642439
GW-2580,BA3203R,213.04239,256.8170659
GW-2580,BA3206R,223.11769,204.3965978
GW-2580,BA3208R,209.85007,137.0603648
GW-2580,BA3210R,218.73677,203.0440259
GW-2580,BA3212R,234.2879,228.506709
GW-2580,BA3213R,189.26753,152.7805151
GW-2580,BA3214R,225.39896,209.65362
GW-2580,BA3217R,206.39067,65.54094172
GW-2580,BA3219R,211.01183,171.5641155
GW-2580,BA3222R,229.76538,219.6543586
GW-2580,BA3225R,214.19559,160.4304078
GW-2580,BA3227R,211.28816,159.6016935
GW-2580,BA3228R,198.69292,204.1024052
GW-2580,BA3229R,218.17526,141.0438327
GW-2580,BA3232R,209.3638,217.603454
GW-2580,BA3235R,210.3377,173.4415721
GW-2580,BA3240R,221.35434,112.7665012
GW-2580,BA3242R,212.38382,180.2117144
GW-2580,BA3249R,227.9117,225.263025
GW-2580,BA3250R,193.25354,283.2118367
GW-2580,BA3251R,196.34038,187.3337328
GW-2580,BA3258R,206.48822,191.7768974
GW-2580,BA3260R,226.6817,276.8754784
GW-2580,BA3261R,234.6525,248.3321402
GW-2580,BA3264R,184.16179,193.617171
GW-2580,BA3266R,200.65112,125.2395484
GW-2580,BA3268R,217.49551,256.4968557
GW-2580,BA3270R,212.24454,198.5711659
GW-2580,BA3271R,187.02591,156.2725964
GW-2580,BA3273R,219.16905,274.9049333
GW-2580,BA3275R,206.09172,198.6549129
GW-2580,BA3277R,207.85759,190.6290122
GW-2580,BA3283R,192.19093,153.9209935
GW-2580,BA3285R,238.12108,169.2583302
GW-2580,BA3286R,183.87015,213.8904222
GW-2580,BA3289R,194.41158,150.8895659
GW-2580,BA3290R,233.1197,220.1220704
GW-2580,BA3293R,220.68095,259.0322337
GW-2580,BA3295R,192.669,190.9227537
GW-2580,BA3297R,201.89809,164.74809
GW-2580,BA3299R,199.30243,175.6285093
GW-2580,BA3300R,224.82295,244.4987221
GW-2580,BA3302R,209.2786,162.7444933
GW-2580,BA3305R,214.92444,232.6206942
GW-2580,BA3306R,216.64047,211.9098843
GW-2580,BA3308R,198.04471,121.2750371
GW-2580,BA3310R,204.78519,194.6974645
GW-2580,BA3311R,202.66971,94.97807806
GW-2580,BA3312R,211.8817,230.5098541
GW-2580,BA3317R,217.34192,171.7326805
GW-2580,BA3318R,223.84633,2.037820919
GW-2580,BA3319R,231.67668,171.3886171
GW-2580,BA3324R,210.30217,159.2948782
GW-2580,BA3325R,213.09354,191.2372873
GW-2580,BA3326R,216.90697,205.7777148
GW-2580,BA3328R,216.61754,250.80805
GW-2580,BA3333R,210.19865,243.0172687
GW-2580,BA3334R,202.95988,227.5985739
GW-2580,BA3341R,221.82457,187.6736547
GW-2580,BA3345R,185.89879,161.3827951
GW-2580,BA3347R,217.46504,193.087855
GW-2580,BA3351R,236.605,244.6333931
GW-2580,BA3352R,219.48878,242.4653647
GW-2580,BA3353R,216.8926,150.7580826
GW-2580,BA3357R,221.21635,168.775455
GW-2580,BA3362R,234.53477,258.1974426
GW-2580,BA3367R,213.28148,265.2237478
GW-2580,BA3369R,183.73346,232.6345227
GW-2580,BA3373R,244.45648,281.6913581
GW-2580,BA3374R,223.26498,209.6731638
GW-2580,BA3375R,202.12482,219.8362254
GW-2580,BA3376R,207.59384,155.1647557
GW-2580,BA3379R,205.15712,221.7680717
GW-2580,BA3380R,203.34956,227.0872162
GW-2580,BA3381R,200.19136,200.8495418
GW-2580,BA3384R,204.3067,202.1733728
GW-2580,BA3385R,191.95024,47.36233641
GW-2580,BA3386R,193.04614,218.9144351
GW-2580,BA3388R,225.81862,194.8428096
GW-2580,BA3390R,210.66968,266.1639838
GW-2580,BA3394R,212.72797,234.6809945
GW-2580,BA3397R,210.60391,172.4905495
GW-2580,BA3399R,212.04704,194.112647
GW-2580,BA3400R,226.1867,249.388409
GW-2580,BA3403R,224.14748,241.2214924
GW-2580,BA3411R,234.28596,232.5036921
GW-2580,BA3412R,231.62274,257.9640957
GW-2580,BA3415R,234.97517,207.6234726
GW-2580,BA3416R,234.39159,286.3279433
GW-2580,BA3417R,190.79045,165.2803751
GW-2580,BA3418R,219.55916,127.2445349
GW-2580,BA3421R,190.97275,157.1463005
GW-2580,BA3422R,221.74881,243.6629363
GW-2580,BA3423R,221.07106,176.3259885
GW-2580,BA3433R,212.96582,229.3477676
GW-2580,BA3434R,218.19939,201.2385226
GW-2580,BA3438R,217.23817,164.2871185
GW-2580,BA3445R,216.42004,43.27475185
GW-2580,BA3446R,197.03578,210.8227898
GW-2580,BA3449R,221.6023,252.2311586
GW-2580,BA3451R,217.25743,253.451102
GW-2580,BA3452R,202.61768,246.6490605
GW-2580,BA3454R,208.24216,0.220873249
Go6976,BA3243R,181.37376,235.9060486
Go6976,BA3379R,186.6088,200.4681687
H-89,BA3079R,239.99794,232.4009237
H-89,BA3084R,223.39993,259.5157802
H-89,BA3089R,236.44446,221.5736965
H-89,BA3094R,231.53185,226.750338
H-89,BA3098R,237.20995,183.0162046
H-89,BA3099R,238.61316,86.73506137
H-89,BA3110R,234.88335,124.9901714
H-89,BA3114R,236.79422,275.9307709
H-89,BA3118R,246.80626,218.0150682
H-89,BA3126R,238.74239,159.647006
H-89,BA3128R,236.59288,231.598913
H-89,BA3133R,250.90614,272.0543572
H-89,BA3135R,218.02695,42.34967001
H-89,BA3139R,241.78302,204.2294883
H-89,BA3145R,242.1242,199.0099152
H-89,BA3152R,237.24191,207.0856294
H-89,BA3153R,240.719,257.1001253
H-89,BA3154R,232.48912,8.09E-09
H-89,BA3157R,230.91066,239.2064023
H-89,BA3158R,230.79544,115.4209423
H-89,BA3162R,241.99457,255.4045819
H-89,BA3163R,235.86485,240.6049078
H-89,BA3164R,231.36087,236.8857511
H-89,BA3167R,236.85646,198.8329634
H-89,BA3169R,242.72835,270.9768508
H-89,BA3171R,252.94992,266.539235
H-89,BA3174R,245.50606,237.2202166
H-89,BA3177R,233.40565,206.0699515
H-89,BA3181R,245.53925,118.9761084
H-89,BA3183R,240.98177,246.5468993
H-89,BA3185R,229.58495,131.9997685
H-89,BA3186R,243.90129,185.3567523
H-89,BA3187R,244.89732,217.3078038
H-89,BA3189R,241.49515,175.1462766
H-89,BA3191R,241.25241,233.3145742
H-89,BA3192R,230.78156,227.3098485
H-89,BA3195R,240.47984,199.369024
H-89,BA3197R,219.83946,4.914335019
H-89,BA3199R,233.78114,188.4508417
H-89,BA3203R,245.31204,226.2478281
H-89,BA3206R,240.34645,153.5169156
H-89,BA3207R,247.30286,8.09E-09
H-89,BA3210R,248.3005,244.620901
H-89,BA3212R,242.1137,229.0587046
H-89,BA3213R,241.17366,208.4878105
H-89,BA3214R,249.33008,271.3457773
H-89,BA3216R,237.77551,114.4669599
H-89,BA3217R,232.5597,76.97686682
H-89,BA3222R,240.33499,242.0604268
H-89,BA3225R,232.50409,178.5139584
H-89,BA3226R,240.17522,216.3811391
H-89,BA3227R,226.62624,214.3067247
H-89,BA3228R,243.842,247.9339033
H-89,BA3232R,240.96297,247.6340376
H-89,BA3235R,237.55634,171.1981858
H-89,BA3243R,243.22595,264.032684
H-89,BA3250R,234.83098,249.5309828
H-89,BA3251R,238.89575,243.9708455
H-89,BA3261R,249.55664,236.2708587
H-89,BA3264R,225.3049,198.0917622
H-89,BA3270R,244.99751,223.8706555
H-89,BA3271R,236.09514,170.7072621
H-89,BA3273R,234.938,274.569617
H-89,BA3277R,237.02988,201.5925655
H-89,BA3285R,241.74773,240.4340683
H-89,BA3286R,234.07092,230.1987563
H-89,BA3289R,238.5394,218.9397997
H-89,BA3290R,252.08243,185.9723408
H-89,BA3293R,235.21097,238.9754161
H-89,BA3297R,237.26036,230.9827833
H-89,BA3299R,235.06004,200.9172654
H-89,BA3305R,243.01552,237.0809656
H-89,BA3306R,230.6423,243.3367881
H-89,BA3308R,232.80554,145.9376463
H-89,BA3311R,238.70354,142.7086138
H-89,BA3317R,234.98744,130.3729551
H-89,BA3318R,240.10898,126.7175183
H-89,BA3319R,249.60956,216.7186982
H-89,BA3324R,241.83154,207.9492648
H-89,BA3326R,238.64111,184.4932767
H-89,BA3328R,235.17854,250.8196959
H-89,BA3332R,234.27692,161.1659121
H-89,BA3333R,233.6246,211.2676271
H-89,BA3334R,238.42062,182.1873913
H-89,BA3341R,243.18141,245.992683
H-89,BA3345R,237.87352,218.8292715
H-89,BA3347R,245.157,228.0720843
H-89,BA3352R,233.6379,255.3234697
H-89,BA3362R,244.8999,255.3543825
H-89,BA3367R,239.98929,241.0654565
H-89,BA3373R,252.5463,64.51630799
H-89,BA3374R,239.31607,153.0074725
H-89,BA3379R,239.24919,231.3009817
H-89,BA3380R,234.7216,213.4484754
H-89,BA3381R,237.68517,185.9836235
H-89,BA3384R,239.65857,215.4729774
H-89,BA3394R,244.53653,276.6053809
H-89,BA3397R,239.67867,207.2964612
H-89,BA3399R,247.58893,214.6707285
H-89,BA3400R,238.96304,227.9594605
H-89,BA3403R,238.91174,212.6974074
H-89,BA3406R,234.5354,81.64284182
H-89,BA3411R,250.74606,254.9778059
H-89,BA3412R,241.67944,242.3775608
H-89,BA3415R,244.98492,215.5772655
H-89,BA3417R,236.76013,196.2854263
H-89,BA3418R,244.25499,213.6074928
H-89,BA3421R,234.76292,152.0714694
H-89,BA3422R,233.15724,248.6717713
H-89,BA3423R,231.26286,214.6467541
H-89,BA3431R,241.36008,169.7921349
H-89,BA3433R,231.2242,257.6816911
H-89,BA3434R,247.31058,236.0894388
H-89,BA3438R,236.7818,250.7763673
H-89,BA3449R,239.2043,91.76645692
INK-128,BA3078R,109.621956,99.82655243
INK-128,BA3079R,100.482834,71.42896349
INK-128,BA3083R,99.672874,46.25013314
INK-128,BA3084R,111.456085,136.569155
INK-128,BA3087R,156.86339,124.4644333
INK-128,BA3089R,148.42416,219.3553403
INK-128,BA3094R,126.8838,53.44312888
INK-128,BA3098R,97.48736,76.85173612
INK-128,BA3099R,107.64436,46.98851626
INK-128,BA3110R,117.06618,102.2642577
INK-128,BA3114R,111.05651,47.94837174
INK-128,BA3117R,158.64627,286.2645889
INK-128,BA3118R,112.63294,83.49373784
INK-128,BA3119R,150.43887,163.986996
INK-128,BA3126R,139.93448,58.38646645
INK-128,BA3128R,137.54979,133.5356859
INK-128,BA3130R,172.38165,96.99093703
INK-128,BA3133R,158.04112,163.71268
INK-128,BA3135R,131.05971,92.8803576
INK-128,BA3137R,96.09417,66.04248967
INK-128,BA3138R,130.24373,69.71561691
INK-128,BA3139R,161.55193,135.8752118
INK-128,BA3145R,163.09012,63.86856923
INK-128,BA3146R,78.7031,79.76892782
INK-128,BA3152R,112.44595,139.6025905
INK-128,BA3153R,129.99983,123.6183174
INK-128,BA3154R,157.44469,73.23252826
INK-128,BA3157R,134.60454,186.0955683
INK-128,BA3158R,110.384315,68.86766367
INK-128,BA3162R,112.804855,72.78904471
INK-128,BA3163R,144.15863,117.2226779
INK-128,BA3164R,118.68071,94.1524238
INK-128,BA3167R,122.11402,8.732031048
INK-128,BA3169R,129.61215,270.1203589
INK-128,BA3171R,158.48837,174.3010649
INK-128,BA3174R,112.30602,43.1289665
INK-128,BA3175R,116.21791,202.3064604
INK-128,BA3177R,91.477684,59.75699636
INK-128,BA3181R,120.91325,96.10580698
INK-128,BA3182R,110.658745,97.25932456
INK-128,BA3183R,136.64113,159.46957
INK-128,BA3185R,106.643974,79.81742776
INK-128,BA3186R,152.09027,23.64393677
INK-128,BA3187R,124.858734,53.58692989
INK-128,BA3189R,155.29985,188.3572595
INK-128,BA3190R,139.25388,88.18595013
INK-128,BA3191R,111.01306,39.81218994
INK-128,BA3192R,143.54916,70.68205157
INK-128,BA3195R,117.21834,129.7196092
INK-128,BA3197R,125.322105,246.5952256
INK-128,BA3199R,110.50687,71.50074054
INK-128,BA3200R,156.44714,232.8955294
INK-128,BA3203R,123.0124,189.4375788
INK-128,BA3206R,163.38693,201.2853703
INK-128,BA3207R,151.80081,53.44029785
INK-128,BA3208R,127.838936,156.9091352
INK-128,BA3210R,125.91904,100.2941459
INK-128,BA3211R,102.33087,29.59804875
INK-128,BA3212R,158.57202,98.54393821
INK-128,BA3213R,96.22065,45.40666941
INK-128,BA3214R,148.66296,88.01975787
INK-128,BA3216R,123.65319,60.94652034
INK-128,BA3217R,121.09276,178.7889276
INK-128,BA3219R,150.97655,211.3883892
INK-128,BA3222R,146.73016,68.22423565
INK-128,BA3225R,160.56483,69.16606547
INK-128,BA3226R,139.21907,135.4542884
INK-128,BA3227R,147.14626,218.3365956
INK-128,BA3228R,102.54868,75.78290144
INK-128,BA3229R,129.4885,143.7434495
INK-128,BA3232R,115.5016,135.2485337
INK-128,BA3235R,135.95135,58.09926493
INK-128,BA3240R,154.15414,105.9149903
INK-128,BA3242R,125.380775,120.6432297
INK-128,BA3243R,113.36425,53.0479284
INK-128,BA3249R,165.82994,186.2348035
INK-128,BA3250R,116.500275,148.9233735
INK-128,BA3251R,103.17191,101.9396157
INK-128,BA3258R,117.892784,47.04646182
INK-128,BA3260R,133.17513,143.9884199
INK-128,BA3261R,171.9763,172.6218604
INK-128,BA3264R,101.374695,172.4152326
INK-128,BA3266R,107.829346,83.79760459
INK-128,BA3268R,144.97563,211.9537135
INK-128,BA3270R,107.66993,64.91535673
INK-128,BA3271R,86.05029,45.89632944
INK-128,BA3273R,152.6028,180.2986667
INK-128,BA3275R,124.37252,143.0490836
INK-128,BA3277R,127.54787,110.6795147
INK-128,BA3283R,108.11288,120.1949751
INK-128,BA3285R,164.48413,136.1533231
INK-128,BA3286R,88.55807,120.5214953
INK-128,BA3289R,111.67456,81.0008517
INK-128,BA3290R,150.59111,175.3179923
INK-128,BA3293R,139.40222,106.6442112
INK-128,BA3295R,107.877525,101.6834321
INK-128,BA3297R,114.98027,96.27530974
INK-128,BA3299R,106.79223,20.7625184
INK-128,BA3300R,155.02005,93.94836744
INK-128,BA3302R,139.7166,143.8790917
INK-128,BA3305R,118.03897,97.52940506
INK-128,BA3306R,148.41995,111.7320845
INK-128,BA3308R,123.817986,181.4208794
INK-128,BA3310R,139.78165,201.6441104
INK-128,BA3311R,106.119385,11.66993793
INK-128,BA3312R,141.85625,137.4316762
INK-128,BA3317R,155.2951,173.8809574
INK-128,BA3319R,169.57368,60.36733633
INK-128,BA3324R,119.09623,125.1240017
INK-128,BA3325R,124.75341,105.9808348
INK-128,BA3326R,132.12491,76.2931213
INK-128,BA3328R,130.68105,97.22631799
INK-128,BA3332R,131.39674,172.4165015
INK-128,BA3333R,141.28653,96.51271873
INK-128,BA3334R,112.32489,80.68068682
INK-128,BA3341R,157.30536,189.6084916
INK-128,BA3345R,106.304436,85.26937976
INK-128,BA3347R,129.76808,56.22228127
INK-128,BA3351R,155.36838,171.5243496
INK-128,BA3352R,145.5632,86.80729662
INK-128,BA3353R,162.50534,183.0521234
INK-128,BA3357R,163.3752,196.1045149
INK-128,BA3362R,140.29013,102.3654012
INK-128,BA3367R,124.125435,125.9642324
INK-128,BA3369R,93.047195,116.7798025
INK-128,BA3373R,164.8962,195.2101004
INK-128,BA3374R,119.048515,30.42712476
INK-128,BA3376R,114.50841,117.1438773
INK-128,BA3379R,122.95574,179.4425223
INK-128,BA3380R,124.896675,62.09399793
INK-128,BA3381R,104.615,137.8367107
INK-128,BA3384R,106.895645,130.9977671
INK-128,BA3385R,97.08385,93.45184184
INK-128,BA3386R,98.78067,126.5129007
INK-128,BA3388R,130.61195,195.8183113
INK-128,BA3390R,132.2433,99.555052
INK-128,BA3394R,111.857315,156.678065
INK-128,BA3397R,129.4206,125.0326514
INK-128,BA3399R,118.94073,133.6958388
INK-128,BA3400R,162.42119,197.171012
INK-128,BA3403R,116.74437,51.7081002
INK-128,BA3406R,121.58618,1.717845356
INK-128,BA3411R,147.2939,142.7193822
INK-128,BA3412R,143.62775,192.2678803
INK-128,BA3415R,163.00258,119.1065664
INK-128,BA3416R,185.5126,254.3714534
INK-128,BA3417R,109.04558,99.1944129
INK-128,BA3418R,130.65695,59.35905911
INK-128,BA3421R,98.36773,68.61211116
INK-128,BA3422R,161.43028,196.0499384
INK-128,BA3423R,155.20334,105.5308912
INK-128,BA3431R,105.40284,116.7801704
INK-128,BA3433R,150.5829,203.2402756
INK-128,BA3434R,132.273,143.108807
INK-128,BA3438R,134.22974,77.72439591
INK-128,BA3445R,134.90991,73.45797034
INK-128,BA3449R,126.73929,103.9768889
INK-128,BA3451R,123.854546,181.9413031
INK-128,BA3452R,119.391495,54.75448157
INK-128,BA3454R,107.21581,185.3935433
Idelalisib,BA3078R,164.71313,229.0438547
Idelalisib,BA3079R,168.15047,154.1178117
Idelalisib,BA3083R,177.50871,179.1875239
Idelalisib,BA3084R,172.3978,212.0235617
Idelalisib,BA3087R,208.35919,263.9260512
Idelalisib,BA3089R,210.11127,243.3988337
Idelalisib,BA3094R,181.36655,176.483588
Idelalisib,BA3095R,206.10228,190.7415705
Idelalisib,BA3098R,169.00516,172.4785262
Idelalisib,BA3099R,177.60822,138.5782575
Idelalisib,BA3109R,181.98778,155.4173166
Idelalisib,BA3110R,179.35811,130.1379119
Idelalisib,BA3114R,184.03075,156.6102526
Idelalisib,BA3118R,179.84659,143.912822
Idelalisib,BA3119R,202.0479,269.6622491
Idelalisib,BA3126R,186.94775,152.1387114
Idelalisib,BA3128R,195.84161,215.1974465
Idelalisib,BA3130R,212.34854,220.9505072
Idelalisib,BA3133R,218.11798,233.511759
Idelalisib,BA3135R,188.91885,54.94557285
Idelalisib,BA3136R,169.217,151.6933177
Idelalisib,BA3137R,170.54796,184.1572573
Idelalisib,BA3138R,204.54007,170.4472043
Idelalisib,BA3139R,218.93286,259.8658257
Idelalisib,BA3141R,213.60732,225.3032607
Idelalisib,BA3145R,215.51341,219.7761867
Idelalisib,BA3146R,153.18916,171.8308628
Idelalisib,BA3152R,183.50258,169.2549976
Idelalisib,BA3153R,189.72086,182.4893687
Idelalisib,BA3154R,206.46881,125.156015
Idelalisib,BA3157R,191.78374,222.0651504
Idelalisib,BA3162R,178.76443,179.4034524
Idelalisib,BA3163R,191.6063,225.3574261
Idelalisib,BA3164R,197.40678,243.4271279
Idelalisib,BA3167R,176.73326,84.00015032
Idelalisib,BA3169R,191.50899,186.6465134
Idelalisib,BA3171R,219.24774,224.583864
Idelalisib,BA3174R,182.6384,134.6066825
Idelalisib,BA3175R,187.56493,148.1945973
Idelalisib,BA3176R,203.0749,197.2955436
Idelalisib,BA3177R,153.85652,139.3964507
Idelalisib,BA3181R,199.15556,175.3803202
Idelalisib,BA3182R,167.06686,170.832219
Idelalisib,BA3183R,203.6019,234.6155401
Idelalisib,BA3185R,164.29996,164.0827473
Idelalisib,BA3186R,212.18219,260.1487755
Idelalisib,BA3187R,196.20442,198.7210889
Idelalisib,BA3189R,212.99413,235.7898133
Idelalisib,BA3190R,203.78444,213.6453956
Idelalisib,BA3191R,174.60526,121.1416839
Idelalisib,BA3192R,201.15091,200.6500609
Idelalisib,BA3195R,186.06941,193.0452617
Idelalisib,BA3200R,211.56116,243.8633889
Idelalisib,BA3203R,195.11626,234.7275586
Idelalisib,BA3206R,209.69984,230.0248256
Idelalisib,BA3207R,197.29448,56.0289263
Idelalisib,BA3210R,200.84091,184.717828
Idelalisib,BA3211R,172.69612,229.975184
Idelalisib,BA3212R,217.3793,269.5390748
Idelalisib,BA3213R,165.05972,159.5103604
Idelalisib,BA3214R,207.33806,198.6842933
Idelalisib,BA3219R,182.55855,211.48273
Idelalisib,BA3222R,210.25998,150.9786644
Idelalisib,BA3225R,192.78722,95.76188678
Idelalisib,BA3226R,208.46268,255.9119271
Idelalisib,BA3227R,204.74414,193.8857576
Idelalisib,BA3228R,179.63318,158.448631
Idelalisib,BA3229R,199.77666,189.6311796
Idelalisib,BA3232R,192.96495,219.2121674
Idelalisib,BA3234R,172.24365,85.59254045
Idelalisib,BA3235R,182.19176,162.4071655
Idelalisib,BA3237R,200.09538,252.9063965
Idelalisib,BA3240R,204.51941,201.3361877
Idelalisib,BA3242R,196.87906,202.5481911
Idelalisib,BA3243R,186.03712,231.0154664
Idelalisib,BA3245R,200.30759,218.7128494
Idelalisib,BA3249R,213.08531,240.9304962
Idelalisib,BA3250R,167.63443,266.4853976
Idelalisib,BA3251R,172.37587,197.2287561
Idelalisib,BA3255R,166.69902,231.3317954
Idelalisib,BA3258R,176.5308,162.9114455
Idelalisib,BA3260R,207.76819,236.8012771
Idelalisib,BA3261R,221.82098,234.7848084
Idelalisib,BA3264R,150.46263,205.8277584
Idelalisib,BA3268R,204.70068,263.0083105
Idelalisib,BA3270R,189.80293,181.5182658
Idelalisib,BA3271R,162.26886,142.9896728
Idelalisib,BA3273R,207.28893,186.2733006
Idelalisib,BA3275R,185.00113,135.6955213
Idelalisib,BA3277R,192.52238,230.8845485
Idelalisib,BA3283R,167.15688,179.9076505
Idelalisib,BA3285R,218.663,232.4719482
Idelalisib,BA3286R,164.5801,196.1614267
Idelalisib,BA3289R,173.09285,186.9293404
Idelalisib,BA3293R,207.4661,170.4766578
Idelalisib,BA3295R,171.95287,205.9481026
Idelalisib,BA3296R,200.2517,144.8555246
Idelalisib,BA3297R,186.06834,195.8698225
Idelalisib,BA3299R,174.90791,148.374803
Idelalisib,BA3300R,212.05292,254.2335226
Idelalisib,BA3302R,198.31433,181.0411605
Idelalisib,BA3305R,191.07178,167.6786351
Idelalisib,BA3306R,207.80182,219.8895507
Idelalisib,BA3311R,180.97032,81.31376707
Idelalisib,BA3312R,202.27612,249.3875656
Idelalisib,BA3318R,202.05481,111.5448857
Idelalisib,BA3319R,206.79057,129.8819025
Idelalisib,BA3324R,191.99527,204.4656096
Idelalisib,BA3325R,196.93889,271.4112702
Idelalisib,BA3326R,189.64397,153.2474607
Idelalisib,BA3328R,198.54848,195.4266034
Idelalisib,BA3329R,192.66626,225.3301585
Idelalisib,BA3333R,200.755,194.3299515
Idelalisib,BA3334R,184.54861,188.5175672
Idelalisib,BA3341R,209.97302,243.2771268
Idelalisib,BA3345R,170.62767,128.3561598
Idelalisib,BA3347R,194.52684,200.2900211
Idelalisib,BA3351R,217.35439,221.5383929
Idelalisib,BA3352R,206.7642,231.3453698
Idelalisib,BA3353R,208.68202,233.3042213
Idelalisib,BA3357R,210.26636,256.7298545
Idelalisib,BA3362R,207.09149,150.4829706
Idelalisib,BA3367R,193.9119,210.9213823
Idelalisib,BA3369R,155.92351,251.0839587
Idelalisib,BA3374R,190.54672,134.4506702
Idelalisib,BA3375R,188.17325,199.8038606
Idelalisib,BA3376R,192.07742,258.9566893
Idelalisib,BA3379R,190.50694,214.1678791
Idelalisib,BA3380R,188.14749,248.3363605
Idelalisib,BA3381R,183.96725,215.5301994
Idelalisib,BA3384R,183.33955,216.2151658
Idelalisib,BA3386R,175.57857,207.3402756
Idelalisib,BA3388R,204.59708,189.2047138
Idelalisib,BA3390R,180.69316,231.6543331
Idelalisib,BA3394R,189.00238,169.3323736
Idelalisib,BA3399R,196.04747,129.9834019
Idelalisib,BA3400R,215.89972,245.115777
Idelalisib,BA3403R,188.99677,144.703184
Idelalisib,BA3411R,212.99745,227.7784407
Idelalisib,BA3412R,208.38826,249.4027562
Idelalisib,BA3417R,170.79489,197.5535796
Idelalisib,BA3421R,168.32272,201.6113026
Idelalisib,BA3422R,215.88959,255.8954745
Idelalisib,BA3433R,204.08922,253.6333514
Idelalisib,BA3434R,200.59457,215.0583816
Idelalisib,BA3436R,215.8039,271.789086
Idelalisib,BA3438R,196.51157,153.6471229
Idelalisib,BA3445R,199.3313,150.5087484
Idelalisib,BA3446R,175.34464,152.2187531
Idelalisib,BA3449R,199.10085,225.6280806
Idelalisib,BA3451R,183.1993,193.6234124
Idelalisib,BA3452R,187.04877,89.47518956
JAK Inhibitor I,BA3078R,148.42757,208.0175639
JAK Inhibitor I,BA3079R,156.40115,125.4494817
JAK Inhibitor I,BA3083R,155.0759,208.9013983
JAK Inhibitor I,BA3084R,156.67319,188.5517484
JAK Inhibitor I,BA3087R,190.94458,232.4453403
JAK Inhibitor I,BA3089R,184.38712,241.3342087
JAK Inhibitor I,BA3094R,173.8386,178.2260407
JAK Inhibitor I,BA3098R,152.24742,183.3031023
JAK Inhibitor I,BA3099R,153.09464,115.7192878
JAK Inhibitor I,BA3110R,165.47844,107.3711882
JAK Inhibitor I,BA3114R,168.8996,220.9164296
JAK Inhibitor I,BA3118R,164.47363,147.5288756
JAK Inhibitor I,BA3119R,178.94337,272.5302934
JAK Inhibitor I,BA3126R,182.52347,137.2462108
JAK Inhibitor I,BA3128R,171.60753,206.1601692
JAK Inhibitor I,BA3130R,207.76556,140.6934249
JAK Inhibitor I,BA3133R,200.45062,121.7988837
JAK Inhibitor I,BA3135R,165.14166,37.19904126
JAK Inhibitor I,BA3137R,153.3452,170.4050564
JAK Inhibitor I,BA3138R,191.0363,178.1346697
JAK Inhibitor I,BA3145R,200.16515,153.368526
JAK Inhibitor I,BA3146R,125.37449,115.8068455
JAK Inhibitor I,BA3153R,173.43689,213.2413257
JAK Inhibitor I,BA3154R,192.1287,132.6578783
JAK Inhibitor I,BA3157R,164.01006,266.9907708
JAK Inhibitor I,BA3158R,149.4934,94.31538512
JAK Inhibitor I,BA3162R,165.11305,154.1341022
JAK Inhibitor I,BA3163R,186.72934,176.3072795
JAK Inhibitor I,BA3164R,165.60745,163.2438893
JAK Inhibitor I,BA3167R,170.46814,97.17896245
JAK Inhibitor I,BA3169R,180.59842,215.5710064
JAK Inhibitor I,BA3171R,203.92126,238.7435621
JAK Inhibitor I,BA3174R,171.09123,140.3863305
JAK Inhibitor I,BA3175R,173.23901,107.1103432
JAK Inhibitor I,BA3177R,140.59525,223.4374148
JAK Inhibitor I,BA3181R,185.53209,182.4546549
JAK Inhibitor I,BA3182R,153.51163,161.9172227
JAK Inhibitor I,BA3183R,178.361,201.8391397
JAK Inhibitor I,BA3185R,149.28186,112.9638074
JAK Inhibitor I,BA3186R,193.35033,115.4410282
JAK Inhibitor I,BA3187R,178.22462,133.2542985
JAK Inhibitor I,BA3189R,190.90146,242.8069463
JAK Inhibitor I,BA3190R,189.7246,171.5452721
JAK Inhibitor I,BA3191R,163.17552,129.5481615
JAK Inhibitor I,BA3192R,179.44836,103.4426534
JAK Inhibitor I,BA3195R,167.77977,161.8062089
JAK Inhibitor I,BA3197R,162.42941,142.7965137
JAK Inhibitor I,BA3199R,155.18286,139.4797267
JAK Inhibitor I,BA3200R,193.25699,251.6608195
JAK Inhibitor I,BA3203R,179.76343,204.7734866
JAK Inhibitor I,BA3206R,195.24013,193.47937
JAK Inhibitor I,BA3207R,190.97565,31.52214492
JAK Inhibitor I,BA3208R,173.07542,177.9289589
JAK Inhibitor I,BA3210R,186.64095,209.0812228
JAK Inhibitor I,BA3212R,197.2512,163.9734986
JAK Inhibitor I,BA3213R,149.78566,170.4176152
JAK Inhibitor I,BA3214R,190.37746,201.4163908
JAK Inhibitor I,BA3216R,165.24112,102.7304545
JAK Inhibitor I,BA3217R,158.40201,115.9048633
JAK Inhibitor I,BA3219R,177.70609,158.0246968
JAK Inhibitor I,BA3222R,194.5526,191.5039986
JAK Inhibitor I,BA3225R,186.8078,197.4691339
JAK Inhibitor I,BA3226R,179.53209,238.0685373
JAK Inhibitor I,BA3227R,180.15857,148.765869
JAK Inhibitor I,BA3228R,160.09482,166.5476314
JAK Inhibitor I,BA3229R,186.80844,130.8953964
JAK Inhibitor I,BA3232R,167.9158,229.8583525
JAK Inhibitor I,BA3235R,181.33768,207.2779808
JAK Inhibitor I,BA3240R,190.69006,183.977354
JAK Inhibitor I,BA3242R,176.603,236.0513986
JAK Inhibitor I,BA3243R,164.18733,185.8403189
JAK Inhibitor I,BA3249R,203.39017,256.292022
JAK Inhibitor I,BA3250R,154.46895,248.0219519
JAK Inhibitor I,BA3251R,150.2473,162.6988001
JAK Inhibitor I,BA3258R,168.79396,189.7696242
JAK Inhibitor I,BA3260R,191.98022,182.539418
JAK Inhibitor I,BA3261R,203.29602,224.5379795
JAK Inhibitor I,BA3264R,140.83517,190.6648006
JAK Inhibitor I,BA3268R,189.0381,260.4792978
JAK Inhibitor I,BA3270R,170.40549,199.8417715
JAK Inhibitor I,BA3271R,135.03322,143.6111047
JAK Inhibitor I,BA3273R,192.75491,198.1062055
JAK Inhibitor I,BA3277R,176.49612,205.5802104
JAK Inhibitor I,BA3283R,151.79936,161.110998
JAK Inhibitor I,BA3285R,202.73796,169.1756313
JAK Inhibitor I,BA3286R,139.89346,154.4692127
JAK Inhibitor I,BA3289R,162.51059,176.935762
JAK Inhibitor I,BA3290R,198.07384,161.4236233
JAK Inhibitor I,BA3293R,182.73701,155.8778135
JAK Inhibitor I,BA3295R,161.5616,156.7679536
JAK Inhibitor I,BA3297R,167.3976,222.8576316
JAK Inhibitor I,BA3299R,163.58514,125.3505786
JAK Inhibitor I,BA3300R,188.99901,76.27386893
JAK Inhibitor I,BA3302R,178.25197,209.040471
JAK Inhibitor I,BA3305R,173.14099,211.1467629
JAK Inhibitor I,BA3306R,181.68875,118.0964773
JAK Inhibitor I,BA3308R,160.5498,167.9075187
JAK Inhibitor I,BA3310R,165.47676,281.0094982
JAK Inhibitor I,BA3311R,167.48538,41.86054424
JAK Inhibitor I,BA3312R,174.36446,91.37008986
JAK Inhibitor I,BA3317R,186.13687,117.3866472
JAK Inhibitor I,BA3319R,205.30049,144.6905374
JAK Inhibitor I,BA3324R,177.00076,183.285369
JAK Inhibitor I,BA3326R,181.20619,187.3410874
JAK Inhibitor I,BA3328R,179.70813,143.1713826
JAK Inhibitor I,BA3332R,166.26172,164.9330813
JAK Inhibitor I,BA3333R,177.51921,190.5480556
JAK Inhibitor I,BA3334R,170.47206,140.3156531
JAK Inhibitor I,BA3341R,194.27238,232.9361882
JAK Inhibitor I,BA3345R,167.21672,196.8862258
JAK Inhibitor I,BA3347R,183.89267,122.9765333
JAK Inhibitor I,BA3351R,203.83215,220.5377201
JAK Inhibitor I,BA3352R,183.16338,147.2165796
JAK Inhibitor I,BA3357R,183.85252,223.9398495
JAK Inhibitor I,BA3362R,199.03403,183.6199742
JAK Inhibitor I,BA3367R,177.35931,220.1830764
JAK Inhibitor I,BA3369R,140.68018,233.7692739
JAK Inhibitor I,BA3373R,207.61426,196.1671064
JAK Inhibitor I,BA3374R,181.63693,198.1212885
JAK Inhibitor I,BA3375R,155.09526,183.3037546
JAK Inhibitor I,BA3376R,158.16257,176.7893818
JAK Inhibitor I,BA3379R,167.01332,205.0740586
JAK Inhibitor I,BA3380R,157.93117,164.6478432
JAK Inhibitor I,BA3381R,167.04758,202.2071728
JAK Inhibitor I,BA3384R,154.99825,201.7415529
JAK Inhibitor I,BA3385R,148.01501,206.852347
JAK Inhibitor I,BA3386R,138.77016,202.4380619
JAK Inhibitor I,BA3388R,191.37076,182.2533051
JAK Inhibitor I,BA3390R,176.52391,247.9372807
JAK Inhibitor I,BA3394R,172.05109,140.3768269
JAK Inhibitor I,BA3397R,175.41852,145.3419765
JAK Inhibitor I,BA3399R,180.36139,197.9209318
JAK Inhibitor I,BA3400R,200.72333,235.7204831
JAK Inhibitor I,BA3403R,175.9319,179.5914254
JAK Inhibitor I,BA3406R,160.86649,177.8089211
JAK Inhibitor I,BA3411R,197.01898,169.8222129
JAK Inhibitor I,BA3412R,197.14099,259.4884041
JAK Inhibitor I,BA3415R,203.33168,141.4486331
JAK Inhibitor I,BA3416R,210.82051,286.3279433
JAK Inhibitor I,BA3417R,153.51984,170.9695773
JAK Inhibitor I,BA3418R,186.15428,178.9362578
JAK Inhibitor I,BA3421R,156.80319,193.8538029
JAK Inhibitor I,BA3422R,196.76314,220.6270611
JAK Inhibitor I,BA3423R,190.98282,194.3514392
JAK Inhibitor I,BA3431R,163.53833,179.3504149
JAK Inhibitor I,BA3433R,183.64935,231.7434617
JAK Inhibitor I,BA3434R,182.15724,229.5670054
JAK Inhibitor I,BA3438R,181.59027,215.2038629
JAK Inhibitor I,BA3445R,181.53024,60.24294525
JAK Inhibitor I,BA3446R,151.27937,190.8797039
JAK Inhibitor I,BA3449R,180.92035,131.8743048
JAK Inhibitor I,BA3452R,169.11273,85.4972417
JAK Inhibitor I,BA3454R,155.69359,123.2654822
JNJ-7706621,BA3078R,227.91492,251.635916
JNJ-7706621,BA3079R,236.60272,240.9802908
JNJ-7706621,BA3083R,232.50671,218.2107341
JNJ-7706621,BA3084R,220.33789,254.8834204
JNJ-7706621,BA3087R,238.77887,243.6706643
JNJ-7706621,BA3089R,234.68509,253.2601236
JNJ-7706621,BA3094R,232.4885,148.2860935
JNJ-7706621,BA3098R,235.0491,236.6628817
JNJ-7706621,BA3099R,230.12804,221.2978239
JNJ-7706621,BA3110R,233.10925,136.0770992
JNJ-7706621,BA3114R,235.31659,237.5444113
JNJ-7706621,BA3117R,239.66821,286.3279433
JNJ-7706621,BA3118R,240.6423,235.3221407
JNJ-7706621,BA3119R,228.32678,217.7104591
JNJ-7706621,BA3126R,242.63101,254.9292099
JNJ-7706621,BA3128R,232.35674,244.4952779
JNJ-7706621,BA3130R,242.63445,243.2564213
JNJ-7706621,BA3133R,251.62338,252.3391307
JNJ-7706621,BA3135R,222.58076,194.7764903
JNJ-7706621,BA3137R,235.12698,234.3519106
JNJ-7706621,BA3138R,252.49463,223.2695678
JNJ-7706621,BA3139R,244.61992,284.9646586
JNJ-7706621,BA3145R,239.51022,230.6573652
JNJ-7706621,BA3146R,225.56895,223.0530191
JNJ-7706621,BA3152R,238.30534,219.9600358
JNJ-7706621,BA3153R,238.17958,243.2040769
JNJ-7706621,BA3154R,235.92245,239.6304196
JNJ-7706621,BA3157R,228.95035,233.3295636
JNJ-7706621,BA3158R,226.74188,208.8190883
JNJ-7706621,BA3162R,239.24045,224.0802699
JNJ-7706621,BA3163R,242.24336,222.6567136
JNJ-7706621,BA3164R,231.11606,214.8965123
JNJ-7706621,BA3167R,236.19815,219.5886895
JNJ-7706621,BA3169R,243.00441,254.2637187
JNJ-7706621,BA3171R,251.92342,232.7238199
JNJ-7706621,BA3174R,244.03157,222.831694
JNJ-7706621,BA3175R,245.47551,242.5138633
JNJ-7706621,BA3177R,227.1676,246.1314043
JNJ-7706621,BA3181R,248.97408,233.4759434
JNJ-7706621,BA3182R,231.38426,243.7248922
JNJ-7706621,BA3183R,234.47273,251.791136
JNJ-7706621,BA3185R,226.23038,200.0986554
JNJ-7706621,BA3186R,243.8532,267.8397915
JNJ-7706621,BA3187R,242.4235,263.5648771
JNJ-7706621,BA3189R,237.84987,235.9480679
JNJ-7706621,BA3190R,246.9576,237.6266669
JNJ-7706621,BA3191R,236.89818,261.1566911
JNJ-7706621,BA3192R,228.26631,235.1179698
JNJ-7706621,BA3195R,237.74535,199.315343
JNJ-7706621,BA3197R,219.40761,285.2233544
JNJ-7706621,BA3199R,231.43704,212.643803
JNJ-7706621,BA3200R,234.54149,262.975773
JNJ-7706621,BA3203R,243.62766,258.0776857
JNJ-7706621,BA3206R,239.78658,285.2753253
JNJ-7706621,BA3208R,235.72314,234.2767097
JNJ-7706621,BA3210R,247.82715,214.0461733
JNJ-7706621,BA3212R,242.39015,253.5367393
JNJ-7706621,BA3213R,234.24591,238.1437973
JNJ-7706621,BA3214R,248.51944,255.6087384
JNJ-7706621,BA3216R,233.13426,229.498612
JNJ-7706621,BA3217R,227.374,253.2758925
JNJ-7706621,BA3219R,237.26633,181.946901
JNJ-7706621,BA3222R,239.80418,258.0295538
JNJ-7706621,BA3225R,238.76572,242.143394
JNJ-7706621,BA3226R,236.13725,244.9280067
JNJ-7706621,BA3227R,228.10948,239.7947995
JNJ-7706621,BA3228R,241.25758,253.6052442
JNJ-7706621,BA3229R,248.26959,222.6200711
JNJ-7706621,BA3232R,234.70038,219.3432773
JNJ-7706621,BA3235R,243.54391,275.9544948
JNJ-7706621,BA3240R,238.1371,249.9112807
JNJ-7706621,BA3242R,241.73024,229.9515557
JNJ-7706621,BA3243R,239.25597,261.237171
JNJ-7706621,BA3249R,240.04208,257.8900866
JNJ-7706621,BA3250R,229.1485,245.9736387
JNJ-7706621,BA3251R,232.19412,261.8370255
JNJ-7706621,BA3258R,238.12184,279.9017877
JNJ-7706621,BA3260R,249.41411,249.5858546
JNJ-7706621,BA3261R,248.27477,257.976225
JNJ-7706621,BA3264R,221.71861,226.624449
JNJ-7706621,BA3266R,231.33748,225.1441041
JNJ-7706621,BA3268R,236.17128,238.4836066
JNJ-7706621,BA3270R,242.41249,242.7151088
JNJ-7706621,BA3271R,228.83206,216.1085985
JNJ-7706621,BA3273R,235.71931,282.9131565
JNJ-7706621,BA3277R,237.29495,240.2245927
JNJ-7706621,BA3283R,235.90793,241.5926365
JNJ-7706621,BA3285R,244.8738,281.936961
JNJ-7706621,BA3286R,226.44737,247.7248107
JNJ-7706621,BA3289R,237.04115,197.7875833
JNJ-7706621,BA3290R,250.82114,282.6905596
JNJ-7706621,BA3293R,233.67072,222.5464136
JNJ-7706621,BA3295R,232.3737,255.9972995
JNJ-7706621,BA3297R,233.7241,255.5000926
JNJ-7706621,BA3299R,235.783,185.1815142
JNJ-7706621,BA3300R,241.44156,221.3159407
JNJ-7706621,BA3302R,238.4855,280.2650924
JNJ-7706621,BA3305R,240.50748,249.7239696
JNJ-7706621,BA3306R,228.462,178.5001689
JNJ-7706621,BA3308R,230.46852,261.8131746
JNJ-7706621,BA3310R,223.8338,252.2641767
JNJ-7706621,BA3311R,239.22,174.8491269
JNJ-7706621,BA3312R,239.2618,218.5679685
JNJ-7706621,BA3317R,232.23338,217.077399
JNJ-7706621,BA3318R,241.34052,150.0140642
JNJ-7706621,BA3319R,246.54297,217.01251
JNJ-7706621,BA3324R,242.57806,218.4596527
JNJ-7706621,BA3326R,242.05142,263.8395614
JNJ-7706621,BA3328R,232.38977,220.9623501
JNJ-7706621,BA3332R,229.45987,226.9500508
JNJ-7706621,BA3333R,230.55576,278.2619236
JNJ-7706621,BA3334R,238.12888,227.4197643
JNJ-7706621,BA3341R,244.11859,225.7462618
JNJ-7706621,BA3345R,237.52142,277.7413193
JNJ-7706621,BA3347R,244.31766,192.9672209
JNJ-7706621,BA3351R,244.19734,248.4993444
JNJ-7706621,BA3352R,232.86044,227.5946617
JNJ-7706621,BA3353R,233.7439,186.1644606
JNJ-7706621,BA3357R,241.13718,250.8400747
JNJ-7706621,BA3362R,243.25627,241.3637905
JNJ-7706621,BA3367R,242.13939,257.7867471
JNJ-7706621,BA3369R,228.97203,233.4156171
JNJ-7706621,BA3373R,251.9695,259.6234042
JNJ-7706621,BA3374R,237.40878,246.6970527
JNJ-7706621,BA3375R,218.8677,209.6083329
JNJ-7706621,BA3376R,229.42674,224.1963926
JNJ-7706621,BA3379R,237.54108,256.1873064
JNJ-7706621,BA3380R,229.23557,223.9100229
JNJ-7706621,BA3381R,237.61609,267.8048857
JNJ-7706621,BA3384R,234.80019,260.3542918
JNJ-7706621,BA3385R,231.38026,280.5773043
JNJ-7706621,BA3386R,222.39684,242.3304153
JNJ-7706621,BA3388R,252.151,253.4968123
JNJ-7706621,BA3390R,241.68501,246.416879
JNJ-7706621,BA3394R,243.34212,258.5654152
JNJ-7706621,BA3397R,237.87187,228.0479079
JNJ-7706621,BA3399R,244.8171,199.8791973
JNJ-7706621,BA3400R,239.43324,221.9591674
JNJ-7706621,BA3403R,240.3151,256.4102227
JNJ-7706621,BA3406R,229.91858,281.8989242
JNJ-7706621,BA3411R,250.79263,254.3775592
JNJ-7706621,BA3412R,241.15793,241.2418505
JNJ-7706621,BA3415R,244.37144,267.9787988
JNJ-7706621,BA3416R,242.74155,286.3279433
JNJ-7706621,BA3417R,233.326,200.9052321
JNJ-7706621,BA3418R,245.73412,193.6407897
JNJ-7706621,BA3422R,232.10098,229.5242324
JNJ-7706621,BA3423R,230.83618,157.5252589
JNJ-7706621,BA3431R,241.01233,236.67583
JNJ-7706621,BA3433R,230.23888,237.5776472
JNJ-7706621,BA3434R,245.08379,257.9227744
JNJ-7706621,BA3438R,235.48233,243.2362577
JNJ-7706621,BA3445R,235.84758,187.3727231
JNJ-7706621,BA3446R,232.91815,244.9144365
JNJ-7706621,BA3449R,239.629,239.4926654
JNJ-7706621,BA3451R,245.41257,220.3272539
JNJ-7706621,BA3452R,239.04005,170.1600428
JNJ-7706621,BA3454R,230.62299,274.9697121
JNK Inhibitor II,BA3243R,206.2827,218.8595859
JNK Inhibitor II,BA3379R,205.89961,224.6815811
KN92,BA3243R,241.39107,276.7401177
KN92,BA3379R,235.07751,242.7618668
KN93,BA3243R,242.78589,273.6697044
KN93,BA3379R,236.85083,228.4987442
LY-333531,BA3079R,210.1555,197.5409655
LY-333531,BA3084R,181.02296,163.3583626
LY-333531,BA3089R,195.69635,205.9805381
LY-333531,BA3094R,198.41687,179.4853288
LY-333531,BA3098R,209.96046,217.446349
LY-333531,BA3099R,196.55489,155.009074
LY-333531,BA3110R,200.73276,129.2721968
LY-333531,BA3114R,217.5557,227.6550432
LY-333531,BA3118R,212.15714,149.2747276
LY-333531,BA3126R,230.30998,180.7810163
LY-333531,BA3128R,189.22636,184.7108283
LY-333531,BA3133R,233.40353,229.2096141
LY-333531,BA3135R,186.35098,153.7111139
LY-333531,BA3139R,215.86104,182.4863986
LY-333531,BA3145R,203.1032,157.5958687
LY-333531,BA3152R,220.20805,256.4284533
LY-333531,BA3153R,207.07874,237.9688262
LY-333531,BA3154R,208.84216,205.5176291
LY-333531,BA3157R,188.67264,214.9821362
LY-333531,BA3158R,189.7506,110.4793056
LY-333531,BA3162R,215.82175,218.7615609
LY-333531,BA3163R,233.20311,221.3933144
LY-333531,BA3164R,183.92522,179.9682163
LY-333531,BA3167R,208.88191,201.3608359
LY-333531,BA3169R,226.60358,213.850709
LY-333531,BA3171R,232.98099,213.4871722
LY-333531,BA3174R,223.72243,224.3625456
LY-333531,BA3177R,195.98871,251.4671531
LY-333531,BA3181R,229.60347,272.831176
LY-333531,BA3183R,208.62184,239.048983
LY-333531,BA3185R,190.41019,153.5178932
LY-333531,BA3186R,218.51631,209.2023506
LY-333531,BA3187R,220.96623,237.2018659
LY-333531,BA3189R,205.79854,206.5003166
LY-333531,BA3191R,216.04692,195.4458663
LY-333531,BA3192R,184.86612,173.4560111
LY-333531,BA3195R,210.04907,201.9797937
LY-333531,BA3197R,174.52594,271.602
LY-333531,BA3199R,202.12357,174.7289107
LY-333531,BA3203R,222.19698,258.0116987
LY-333531,BA3206R,214.3337,239.5331464
LY-333531,BA3207R,234.50848,195.0471155
LY-333531,BA3210R,232.73529,251.3211957
LY-333531,BA3212R,217.00345,253.6503474
LY-333531,BA3213R,210.74121,216.1446899
LY-333531,BA3214R,217.59404,218.6098657
LY-333531,BA3216R,201.45505,172.1804107
LY-333531,BA3217R,180.63556,97.13711162
LY-333531,BA3222R,218.22966,203.3618394
LY-333531,BA3225R,225.60187,198.0331623
LY-333531,BA3226R,197.71893,198.9232172
LY-333531,BA3227R,191.16794,216.8024368
LY-333531,BA3228R,216.9383,170.4978375
LY-333531,BA3232R,209.60756,220.7360505
LY-333531,BA3235R,229.83313,201.3042992
LY-333531,BA3240R,201.16826,155.8683344
LY-333531,BA3243R,213.91782,97.61397343
LY-333531,BA3250R,206.72484,260.8116061
LY-333531,BA3251R,205.68129,198.3418536
LY-333531,BA3261R,229.3794,244.519581
LY-333531,BA3264R,175.32411,193.6757305
LY-333531,BA3270R,223.25627,234.8438713
LY-333531,BA3271R,205.70036,192.7586045
LY-333531,BA3273R,212.30112,278.8745109
LY-333531,BA3277R,215.20078,208.2584117
LY-333531,BA3285R,216.72578,185.9068373
LY-333531,BA3286R,203.29349,210.3893439
LY-333531,BA3289R,219.4439,266.674799
LY-333531,BA3290R,233.34697,262.5353407
LY-333531,BA3293R,189.94516,177.4933777
LY-333531,BA3297R,209.32526,212.0752184
LY-333531,BA3299R,217.98827,123.1829123
LY-333531,BA3305R,216.1838,224.327634
LY-333531,BA3306R,187.3788,171.7046689
LY-333531,BA3308R,196.28671,213.5447871
LY-333531,BA3317R,192.16084,166.1698303
LY-333531,BA3319R,238.57692,161.6878938
LY-333531,BA3324R,221.26718,232.6776338
LY-333531,BA3326R,224.67256,221.0903865
LY-333531,BA3328R,204.25879,190.1545364
LY-333531,BA3332R,194.79274,201.6152737
LY-333531,BA3333R,198.56631,230.3692215
LY-333531,BA3334R,218.0602,184.2113505
LY-333531,BA3341R,220.2264,206.5712544
LY-333531,BA3345R,218.7714,193.5897047
LY-333531,BA3347R,230.42792,260.5164496
LY-333531,BA3352R,199.07657,149.523161
LY-333531,BA3362R,221.59486,214.2887973
LY-333531,BA3367R,224.5538,266.0375515
LY-333531,BA3373R,226.19827,240.2976805
LY-333531,BA3374R,216.2098,254.3423845
LY-333531,BA3379R,208.47102,186.0699801
LY-333531,BA3380R,180.22318,126.8091989
LY-333531,BA3381R,220.86932,250.1730556
LY-333531,BA3384R,204.68279,227.7446198
LY-333531,BA3394R,219.50641,214.6775809
LY-333531,BA3397R,207.74956,179.4341242
LY-333531,BA3399R,230.47432,201.1056218
LY-333531,BA3400R,211.98486,221.8709757
LY-333531,BA3403R,218.43929,199.1144996
LY-333531,BA3406R,187.6037,166.7853364
LY-333531,BA3411R,234.66896,253.7461798
LY-333531,BA3412R,216.25656,236.247126
LY-333531,BA3415R,224.53584,206.0695289
LY-333531,BA3417R,206.42778,220.2027412
LY-333531,BA3418R,219.12338,159.8860868
LY-333531,BA3421R,217.34775,235.6419622
LY-333531,BA3422R,193.50766,218.4039691
LY-333531,BA3423R,189.91504,153.0871155
LY-333531,BA3431R,220.71326,261.0538285
LY-333531,BA3433R,196.37271,208.6113148
LY-333531,BA3434R,223.21199,211.8235361
LY-333531,BA3438R,202.13026,247.7771583
LY-333531,BA3449R,214.98164,234.1023486
LY-333531,BA3451R,234.77606,225.8638221
LY294002,BA3243R,144.33734,160.270355
LY294002,BA3379R,148.9908,174.1918441
Linifanib (ABT-869),BA3078R,183.51767,262.25827
Linifanib (ABT-869),BA3079R,176.75189,220.7315121
Linifanib (ABT-869),BA3083R,171.08829,174.6599683
Linifanib (ABT-869),BA3084R,208.59375,243.8191965
Linifanib (ABT-869),BA3087R,237.13919,233.5083937
Linifanib (ABT-869),BA3089R,219.34738,243.6286399
Linifanib (ABT-869),BA3094R,219.39224,146.9288034
Linifanib (ABT-869),BA3098R,167.88583,128.4128474
Linifanib (ABT-869),BA3099R,171.03418,68.32550658
Linifanib (ABT-869),BA3110R,196.63776,105.0127525
Linifanib (ABT-869),BA3114R,191.6236,218.489434
Linifanib (ABT-869),BA3117R,235.03192,1.076871995
Linifanib (ABT-869),BA3118R,180.93481,111.0377669
Linifanib (ABT-869),BA3119R,226.63371,284.0156833
Linifanib (ABT-869),BA3126R,187.96347,155.5123024
Linifanib (ABT-869),BA3128R,204.43538,210.6217734
Linifanib (ABT-869),BA3130R,212.22038,259.0616254
Linifanib (ABT-869),BA3133R,238.41315,232.1684054
Linifanib (ABT-869),BA3135R,210.57011,5.306514722
Linifanib (ABT-869),BA3137R,165.82915,138.7068662
Linifanib (ABT-869),BA3138R,209.64153,181.3574984
Linifanib (ABT-869),BA3139R,243.90405,286.3279433
Linifanib (ABT-869),BA3145R,236.21593,65.90953386
Linifanib (ABT-869),BA3146R,144.34363,116.5146242
Linifanib (ABT-869),BA3152R,180.75949,200.9577523
Linifanib (ABT-869),BA3153R,213.74222,194.822537
Linifanib (ABT-869),BA3154R,234.41376,227.4269369
Linifanib (ABT-869),BA3157R,206.31898,256.2358545
Linifanib (ABT-869),BA3158R,185.19753,239.2977039
Linifanib (ABT-869),BA3162R,179.75179,152.8817465
Linifanib (ABT-869),BA3163R,188.5782,139.442904
Linifanib (ABT-869),BA3164R,195.54935,40.66020075
Linifanib (ABT-869),BA3167R,199.3014,104.2443886
Linifanib (ABT-869),BA3169R,199.85391,184.8535374
Linifanib (ABT-869),BA3171R,233.60449,232.2736789
Linifanib (ABT-869),BA3174R,183.06035,112.6203527
Linifanib (ABT-869),BA3175R,182.41508,94.17269189
Linifanib (ABT-869),BA3177R,156.06299,101.8245919
Linifanib (ABT-869),BA3182R,167.0719,104.0197739
Linifanib (ABT-869),BA3183R,209.54677,232.3677832
Linifanib (ABT-869),BA3185R,192.44427,161.6308977
Linifanib (ABT-869),BA3186R,234.51514,235.8385128
Linifanib (ABT-869),BA3187R,202.25986,152.2096969
Linifanib (ABT-869),BA3189R,227.04105,207.1644003
Linifanib (ABT-869),BA3190R,226.78735,180.4700506
Linifanib (ABT-869),BA3191R,170.41269,52.96507851
Linifanib (ABT-869),BA3192R,219.7923,217.1547462
Linifanib (ABT-869),BA3195R,193.44882,181.0836996
Linifanib (ABT-869),BA3197R,211.97256,0.213053804
Linifanib (ABT-869),BA3199R,178.7557,188.2659813
Linifanib (ABT-869),BA3200R,234.3308,285.6939929
Linifanib (ABT-869),BA3203R,207.08734,250.7443541
Linifanib (ABT-869),BA3206R,234.24919,262.7628864
Linifanib (ABT-869),BA3207R,198.19917,109.7648246
Linifanib (ABT-869),BA3208R,196.28041,186.1317718
Linifanib (ABT-869),BA3210R,205.70348,254.6328907
Linifanib (ABT-869),BA3211R,177.80222,226.0485093
Linifanib (ABT-869),BA3212R,237.42245,253.5915432
Linifanib (ABT-869),BA3213R,165.57883,121.9914595
Linifanib (ABT-869),BA3214R,226.38,251.9774179
Linifanib (ABT-869),BA3216R,192.70804,127.706616
Linifanib (ABT-869),BA3217R,203.8935,136.960899
Linifanib (ABT-869),BA3219R,181.01189,144.1976414
Linifanib (ABT-869),BA3222R,233.22995,227.1496525
Linifanib (ABT-869),BA3225R,192.4094,129.0286243
Linifanib (ABT-869),BA3226R,207.19534,215.0074408
Linifanib (ABT-869),BA3227R,221.42905,248.6094251
Linifanib (ABT-869),BA3228R,170.70912,70.22026758
Linifanib (ABT-869),BA3229R,202.73398,145.0442239
Linifanib (ABT-869),BA3232R,186.31662,207.6279199
Linifanib (ABT-869),BA3235R,173.01187,116.7440135
Linifanib (ABT-869),BA3240R,235.8663,254.1069666
Linifanib (ABT-869),BA3242R,201.70256,156.6154958
Linifanib (ABT-869),BA3243R,183.51204,166.9487538
Linifanib (ABT-869),BA3249R,242.21217,242.9490397
Linifanib (ABT-869),BA3250R,168.69075,215.3319446
Linifanib (ABT-869),BA3251R,169.28793,129.5472186
Linifanib (ABT-869),BA3258R,172.13141,132.49318
Linifanib (ABT-869),BA3260R,215.07452,189.6004294
Linifanib (ABT-869),BA3261R,245.80075,266.1330901
Linifanib (ABT-869),BA3264R,176.02148,144.2918152
Linifanib (ABT-869),BA3266R,177.68951,162.1620466
Linifanib (ABT-869),BA3268R,226.0993,241.0275187
Linifanib (ABT-869),BA3270R,188.24995,151.6861368
Linifanib (ABT-869),BA3271R,151.39673,141.1060081
Linifanib (ABT-869),BA3273R,231.05292,87.31529704
Linifanib (ABT-869),BA3275R,208.80835,217.1993179
Linifanib (ABT-869),BA3277R,201.39696,242.1978188
Linifanib (ABT-869),BA3283R,176.5063,74.17556793
Linifanib (ABT-869),BA3285R,245.86632,261.5706482
Linifanib (ABT-869),BA3286R,153.4673,170.9848386
Linifanib (ABT-869),BA3289R,176.28401,173.1884034
Linifanib (ABT-869),BA3290R,233.9008,235.8264984
Linifanib (ABT-869),BA3293R,215.95197,58.53997405
Linifanib (ABT-869),BA3295R,173.28,181.566457
Linifanib (ABT-869),BA3297R,185.85834,135.8463143
Linifanib (ABT-869),BA3299R,179.9308,186.4630862
Linifanib (ABT-869),BA3300R,233.53513,249.0327902
Linifanib (ABT-869),BA3302R,212.19858,130.9716804
Linifanib (ABT-869),BA3305R,204.75214,177.2115667
Linifanib (ABT-869),BA3306R,224.56598,137.8021014
Linifanib (ABT-869),BA3308R,207.37175,286.3279433
Linifanib (ABT-869),BA3310R,218.71483,286.3279433
Linifanib (ABT-869),BA3311R,173.8597,99.37242694
Linifanib (ABT-869),BA3312R,217.3034,225.2026206
Linifanib (ABT-869),BA3317R,232.83228,285.8712822
Linifanib (ABT-869),BA3319R,197.96179,174.9129697
Linifanib (ABT-869),BA3324R,191.78143,144.1932548
Linifanib (ABT-869),BA3325R,197.09572,236.9055738
Linifanib (ABT-869),BA3326R,195.86588,175.0699095
Linifanib (ABT-869),BA3328R,211.66232,204.9242797
Linifanib (ABT-869),BA3332R,218.39131,281.9305034
Linifanib (ABT-869),BA3333R,211.60016,166.8405506
Linifanib (ABT-869),BA3334R,189.79063,170.0540286
Linifanib (ABT-869),BA3341R,231.8739,252.4616084
Linifanib (ABT-869),BA3345R,178.81891,157.2818968
Linifanib (ABT-869),BA3347R,198.65213,169.1760387
Linifanib (ABT-869),BA3351R,238.32465,275.1847232
Linifanib (ABT-869),BA3352R,217.33353,118.9151546
Linifanib (ABT-869),BA3353R,236.4392,246.8275661
Linifanib (ABT-869),BA3357R,243.84425,286.3279433
Linifanib (ABT-869),BA3362R,228.07884,154.941443
Linifanib (ABT-869),BA3367R,202.29083,140.1189827
Linifanib (ABT-869),BA3369R,156.417,174.8237254
Linifanib (ABT-869),BA3373R,247.45723,106.4065625
Linifanib (ABT-869),BA3374R,212.15045,132.1386376
Linifanib (ABT-869),BA3376R,180.04659,197.1492266
Linifanib (ABT-869),BA3379R,196.0732,208.5346923
Linifanib (ABT-869),BA3380R,192.43265,121.9816515
Linifanib (ABT-869),BA3381R,179.56392,203.2709034
Linifanib (ABT-869),BA3384R,187.9791,166.9267651
Linifanib (ABT-869),BA3385R,166.43356,53.4791868
Linifanib (ABT-869),BA3386R,173.64525,139.9098153
Linifanib (ABT-869),BA3388R,208.21259,224.9772263
Linifanib (ABT-869),BA3394R,181.9646,162.2879459
Linifanib (ABT-869),BA3397R,208.70612,265.7326774
Linifanib (ABT-869),BA3399R,202.43109,99.32635467
Linifanib (ABT-869),BA3400R,237.337,187.624037
Linifanib (ABT-869),BA3403R,204.84915,215.0478833
Linifanib (ABT-869),BA3406R,193.39157,42.17675658
Linifanib (ABT-869),BA3411R,229.89044,241.7722003
Linifanib (ABT-869),BA3412R,232.98357,225.8598149
Linifanib (ABT-869),BA3415R,240.19725,279.2450669
Linifanib (ABT-869),BA3416R,262.8013,286.0376874
Linifanib (ABT-869),BA3417R,176.73781,126.6602882
Linifanib (ABT-869),BA3418R,214.36052,284.4771887
Linifanib (ABT-869),BA3421R,172.62941,173.2179517
Linifanib (ABT-869),BA3422R,242.41629,229.1549142
Linifanib (ABT-869),BA3423R,241.37024,255.1116381
Linifanib (ABT-869),BA3431R,177.5608,210.1492407
Linifanib (ABT-869),BA3433R,223.34283,257.0543513
Linifanib (ABT-869),BA3434R,204.93362,206.0135937
Linifanib (ABT-869),BA3438R,220.17671,182.6254792
Linifanib (ABT-869),BA3445R,227.62445,188.3301506
Linifanib (ABT-869),BA3449R,209.11267,181.3495916
Linifanib (ABT-869),BA3451R,175.70467,191.2094365
Linifanib (ABT-869),BA3452R,196.5886,172.1224456
Linifanib (ABT-869),BA3454R,172.91231,8.09E-09
Midostaurin,BA3078R,184.52643,110.8494503
Midostaurin,BA3079R,186.12973,199.1834533
Midostaurin,BA3083R,194.6116,202.3865568
Midostaurin,BA3084R,186.26778,174.1232659
Midostaurin,BA3087R,215.8431,263.9327373
Midostaurin,BA3089R,206.70049,271.3632787
Midostaurin,BA3094R,204.5449,217.0228581
Midostaurin,BA3098R,182.80788,171.7136593
Midostaurin,BA3099R,182.40256,41.44822485
Midostaurin,BA3110R,192.16978,110.2825195
Midostaurin,BA3114R,207.2031,286.3279433
Midostaurin,BA3117R,227.68579,8.09E-09
Midostaurin,BA3118R,196.96278,170.0136924
Midostaurin,BA3119R,195.39902,235.2192214
Midostaurin,BA3126R,213.91049,140.9293721
Midostaurin,BA3128R,192.60266,233.761719
Midostaurin,BA3130R,231.18977,260.8361223
Midostaurin,BA3133R,239.34569,248.9491811
Midostaurin,BA3135R,181.26447,52.40386245
Midostaurin,BA3136R,194.69226,246.5135872
Midostaurin,BA3137R,186.08984,239.1162913
Midostaurin,BA3138R,233.2409,234.4027452
Midostaurin,BA3139R,224.84232,134.1236849
Midostaurin,BA3141R,216.02206,208.3250797
Midostaurin,BA3142R,228.66672,277.1696748
Midostaurin,BA3145R,213.5534,50.06486228
Midostaurin,BA3146R,163.25905,179.9219514
Midostaurin,BA3152R,201.9759,219.8106327
Midostaurin,BA3153R,197.81168,212.5204027
Midostaurin,BA3154R,207.35625,45.61199199
Midostaurin,BA3157R,192.3227,268.0939936
Midostaurin,BA3158R,182.2738,118.9259622
Midostaurin,BA3162R,194.31194,161.8101725
Midostaurin,BA3163R,218.09111,214.9882361
Midostaurin,BA3164R,176.19534,80.84367935
Midostaurin,BA3167R,199.82867,129.2965803
Midostaurin,BA3169R,217.47917,203.2428274
Midostaurin,BA3171R,239.29938,281.2954597
Midostaurin,BA3174R,202.41324,106.3930369
Midostaurin,BA3175R,205.27623,227.2492964
Midostaurin,BA3176R,220.8997,273.7933595
Midostaurin,BA3177R,167.39673,136.101378
Midostaurin,BA3181R,221.51189,279.5228064
Midostaurin,BA3182R,181.50006,153.0925871
Midostaurin,BA3183R,218.26332,272.0349496
Midostaurin,BA3185R,178.20142,109.6030293
Midostaurin,BA3186R,219.42249,197.491644
Midostaurin,BA3189R,218.9712,215.5383686
Midostaurin,BA3190R,228.75485,98.97556004
Midostaurin,BA3191R,193.5745,203.727263
Midostaurin,BA3192R,183.11635,93.70064063
Midostaurin,BA3195R,198.04312,140.7245001
Midostaurin,BA3197R,174.03476,8.09E-09
Midostaurin,BA3199R,193.7908,129.6895708
Midostaurin,BA3200R,208.05727,252.3230739
Midostaurin,BA3203R,218.47258,242.2256915
Midostaurin,BA3206R,228.15599,166.602005
Midostaurin,BA3208R,199.0756,118.7430835
Midostaurin,BA3210R,221.31606,277.6235112
Midostaurin,BA3211R,184.69196,253.2505689
Midostaurin,BA3212R,228.1757,251.1212458
Midostaurin,BA3213R,184.5792,115.5396187
Midostaurin,BA3214R,216.22656,263.0914583
Midostaurin,BA3216R,189.12802,161.8933316
Midostaurin,BA3217R,182.56212,26.13111104
Midostaurin,BA3219R,204.10638,157.2281835
Midostaurin,BA3222R,228.60953,280.1692588
Midostaurin,BA3225R,209.58347,179.4659226
Midostaurin,BA3226R,200.9258,244.8526181
Midostaurin,BA3227R,193.4741,165.6195018
Midostaurin,BA3228R,190.3598,174.1336892
Midostaurin,BA3229R,223.46016,184.0375796
Midostaurin,BA3232R,208.0061,257.7553254
Midostaurin,BA3234R,196.88045,37.19351086
Midostaurin,BA3235R,205.79144,232.8166243
Midostaurin,BA3237R,222.07361,174.8787713
Midostaurin,BA3240R,210.07353,194.7996649
Midostaurin,BA3242R,220.27264,213.8285986
Midostaurin,BA3243R,199.15042,257.3333158
Midostaurin,BA3249R,215.90625,284.1409297
Midostaurin,BA3250R,184.41354,212.5055096
Midostaurin,BA3251R,187.26178,211.9136626
Midostaurin,BA3255R,178.37962,248.5668776
Midostaurin,BA3258R,202.0556,25.89561251
Midostaurin,BA3260R,234.70142,215.7052358
Midostaurin,BA3261R,242.03745,246.3834784
Midostaurin,BA3264R,157.57501,122.6085259
Midostaurin,BA3266R,197.13599,219.8372716
Midostaurin,BA3268R,215.4937,221.0051834
Midostaurin,BA3270R,213.86324,225.5160733
Midostaurin,BA3271R,173.56543,154.2092181
Midostaurin,BA3273R,207.18115,172.0102907
Midostaurin,BA3275R,191.08452,131.6903495
Midostaurin,BA3277R,208.066,273.0743581
Midostaurin,BA3283R,180.77356,149.2871355
Midostaurin,BA3285R,225.36981,195.1869402
Midostaurin,BA3286R,178.44203,191.2575909
Midostaurin,BA3289R,188.70076,196.4842055
Midostaurin,BA3290R,241.66402,132.2823938
Midostaurin,BA3293R,190.27342,50.14737724
Midostaurin,BA3295R,190.60713,207.1655825
Midostaurin,BA3296R,224.82106,215.4406721
Midostaurin,BA3297R,199.85359,225.7130922
Midostaurin,BA3299R,195.63861,139.8226817
Midostaurin,BA3300R,216.20654,177.5901755
Midostaurin,BA3302R,214.69443,129.8894722
Midostaurin,BA3305R,214.83904,268.6859242
Midostaurin,BA3306R,187.19135,122.2268995
Midostaurin,BA3308R,196.23515,167.6095574
Midostaurin,BA3310R,193.02109,256.566733
Midostaurin,BA3311R,198.01152,194.6974284
Midostaurin,BA3312R,221.293,178.6363254
Midostaurin,BA3315R,228.88135,233.6904704
Midostaurin,BA3317R,207.0969,128.2457845
Midostaurin,BA3318R,212.88641,89.88465822
Midostaurin,BA3319R,227.48494,180.3038026
Midostaurin,BA3324R,213.31183,182.3994384
Midostaurin,BA3325R,207.24886,286.3279433
Midostaurin,BA3326R,215.7209,235.9065084
Midostaurin,BA3328R,202.86124,204.5228807
Midostaurin,BA3329R,203.06525,170.0804182
Midostaurin,BA3332R,202.22345,223.9777411
Midostaurin,BA3333R,200.99818,221.3921916
Midostaurin,BA3334R,206.0268,180.9990252
Midostaurin,BA3339R,208.01982,218.8681574
Midostaurin,BA3341R,222.72472,269.4615754
Midostaurin,BA3345R,194.2914,129.8650489
Midostaurin,BA3351R,225.60538,230.5796947
Midostaurin,BA3352R,199.09808,159.8308333
Midostaurin,BA3353R,215.22176,107.8039594
Midostaurin,BA3357R,227.08713,176.1371675
Midostaurin,BA3362R,228.70677,146.7018992
Midostaurin,BA3367R,216.70895,218.2039662
Midostaurin,BA3369R,172.9974,188.7578144
Midostaurin,BA3373R,236.99535,55.71412219
Midostaurin,BA3374R,219.89612,265.2233157
Midostaurin,BA3375R,180.15681,178.9854199
Midostaurin,BA3376R,177.10393,254.9635114
Midostaurin,BA3379R,204.24438,225.1003354
Midostaurin,BA3380R,179.84631,107.44468
Midostaurin,BA3381R,203.77306,243.0174855
Midostaurin,BA3384R,201.53287,244.6362703
Midostaurin,BA3385R,189.49355,105.8759088
Midostaurin,BA3386R,169.35187,164.3363499
Midostaurin,BA3388R,231.53952,197.4728159
Midostaurin,BA3390R,205.49586,266.6992248
Midostaurin,BA3394R,204.7475,236.2973836
Midostaurin,BA3397R,208.46646,149.8518062
Midostaurin,BA3399R,221.8501,189.4315933
Midostaurin,BA3400R,214.17438,224.292616
Midostaurin,BA3403R,216.84164,286.3279433
Midostaurin,BA3406R,182.63481,8.09E-09
Midostaurin,BA3411R,241.82648,241.6407892
Midostaurin,BA3412R,224.62584,264.3386636
Midostaurin,BA3415R,236.1251,134.5269954
Midostaurin,BA3416R,238.84045,286.3279433
Midostaurin,BA3417R,187.0381,212.1566551
Midostaurin,BA3418R,209.60501,227.0738578
Midostaurin,BA3421R,184.63464,131.6802544
Midostaurin,BA3422R,206.65175,222.3142569
Midostaurin,BA3423R,204.47806,185.899933
Midostaurin,BA3431R,191.91682,136.8194497
Midostaurin,BA3433R,195.67598,275.0753405
Midostaurin,BA3434R,220.90105,260.6048242
Midostaurin,BA3436R,219.56026,278.1050229
Midostaurin,BA3438R,209.00186,198.2516423
Midostaurin,BA3445R,214.07115,74.38984002
Midostaurin,BA3446R,193.31033,248.9101071
Midostaurin,BA3448R,215.68678,205.2150348
Midostaurin,BA3451R,213.70557,263.2845176
Midostaurin,BA3452R,196.80992,103.9976919
Midostaurin,BA3454R,176.13464,91.18608905
Motesanib (AMG-706),BA3078R,216.97618,250.163627
Motesanib (AMG-706),BA3079R,204.89526,115.0815022
Motesanib (AMG-706),BA3083R,217.91458,130.8236437
Motesanib (AMG-706),BA3084R,242.96811,265.5628814
Motesanib (AMG-706),BA3087R,254.82275,244.9623487
Motesanib (AMG-706),BA3089R,261.4225,260.3702002
Motesanib (AMG-706),BA3094R,244.48904,240.2624639
Motesanib (AMG-706),BA3098R,199.59569,146.4888418
Motesanib (AMG-706),BA3099R,232.76495,195.9023992
Motesanib (AMG-706),BA3110R,225.3176,147.7933592
Motesanib (AMG-706),BA3114R,226.03009,186.4886449
Motesanib (AMG-706),BA3117R,252.69742,167.6947299
Motesanib (AMG-706),BA3118R,223.39366,205.8477691
Motesanib (AMG-706),BA3119R,263.86676,286.3279433
Motesanib (AMG-706),BA3126R,229.546,161.0464586
Motesanib (AMG-706),BA3128R,247.82164,227.7688367
Motesanib (AMG-706),BA3130R,242.05948,235.170469
Motesanib (AMG-706),BA3133R,256.27505,260.4360609
Motesanib (AMG-706),BA3135R,256.89816,286.3279433
Motesanib (AMG-706),BA3138R,238.85747,203.8469817
Motesanib (AMG-706),BA3139R,261.08383,280.1223077
Motesanib (AMG-706),BA3145R,263.8451,185.3817383
Motesanib (AMG-706),BA3146R,200.66768,105.6757616
Motesanib (AMG-706),BA3152R,209.67328,180.8056392
Motesanib (AMG-706),BA3153R,241.0895,242.7697096
Motesanib (AMG-706),BA3154R,249.15999,269.0578067
Motesanib (AMG-706),BA3157R,253.13371,286.3279433
Motesanib (AMG-706),BA3158R,221.37415,243.3987176
Motesanib (AMG-706),BA3162R,212.03693,235.2502068
Motesanib (AMG-706),BA3163R,232.8233,261.9362642
Motesanib (AMG-706),BA3164R,250.51761,218.2240396
Motesanib (AMG-706),BA3167R,227.52998,122.0255255
Motesanib (AMG-706),BA3169R,235.8118,125.6063299
Motesanib (AMG-706),BA3171R,257.42908,227.2270605
Motesanib (AMG-706),BA3174R,212.11575,98.55962527
Motesanib (AMG-706),BA3175R,217.58318,167.3603163
Motesanib (AMG-706),BA3177R,199.90729,97.20661284
Motesanib (AMG-706),BA3181R,232.03519,144.0550293
Motesanib (AMG-706),BA3182R,201.9438,195.5078206
Motesanib (AMG-706),BA3183R,253.78458,276.4472299
Motesanib (AMG-706),BA3185R,221.47417,59.97831838
Motesanib (AMG-706),BA3187R,231.9784,213.9193199
Motesanib (AMG-706),BA3189R,259.68668,276.4164891
Motesanib (AMG-706),BA3190R,248.03098,268.7748459
Motesanib (AMG-706),BA3191R,209.84094,187.0149118
Motesanib (AMG-706),BA3192R,255.41994,208.1510314
Motesanib (AMG-706),BA3195R,228.46059,269.8327668
Motesanib (AMG-706),BA3197R,256.16016,166.7145574
Motesanib (AMG-706),BA3199R,215.284,187.6597327
Motesanib (AMG-706),BA3200R,265.5497,286.3279433
Motesanib (AMG-706),BA3203R,237.33641,280.6824892
Motesanib (AMG-706),BA3206R,252.37299,279.9416059
Motesanib (AMG-706),BA3208R,245.13976,213.7523988
Motesanib (AMG-706),BA3210R,235.04301,286.3279433
Motesanib (AMG-706),BA3211R,223.10944,175.0392465
Motesanib (AMG-706),BA3212R,260.16205,231.8601835
Motesanib (AMG-706),BA3213R,204.08873,93.56400792
Motesanib (AMG-706),BA3214R,253.60037,222.7720921
Motesanib (AMG-706),BA3216R,240.59006,284.4379392
Motesanib (AMG-706),BA3217R,250.6971,286.3279433
Motesanib (AMG-706),BA3219R,226.80106,129.4331058
Motesanib (AMG-706),BA3225R,232.0493,116.0695914
Motesanib (AMG-706),BA3226R,259.2737,192.155091
Motesanib (AMG-706),BA3227R,259.42514,286.3279433
Motesanib (AMG-706),BA3228R,208.14856,128.5314693
Motesanib (AMG-706),BA3229R,227.24844,148.898126
Motesanib (AMG-706),BA3232R,240.76672,260.9664032
Motesanib (AMG-706),BA3235R,227.78969,175.6004283
Motesanib (AMG-706),BA3240R,257.75845,247.7753597
Motesanib (AMG-706),BA3242R,231.92316,177.9956406
Motesanib (AMG-706),BA3243R,221.88213,180.607632
Motesanib (AMG-706),BA3249R,261.85812,225.9168084
Motesanib (AMG-706),BA3250R,210.46909,281.4257869
Motesanib (AMG-706),BA3251R,221.77502,149.6778904
Motesanib (AMG-706),BA3260R,245.67987,218.6467754
Motesanib (AMG-706),BA3261R,260.95682,286.3279433
Motesanib (AMG-706),BA3264R,227.1004,178.3318536
Motesanib (AMG-706),BA3266R,227.73903,245.6549915
Motesanib (AMG-706),BA3268R,253.54433,267.3895566
Motesanib (AMG-706),BA3270R,231.09428,195.4262332
Motesanib (AMG-706),BA3271R,203.3862,159.1571883
Motesanib (AMG-706),BA3273R,247.52235,174.2317741
Motesanib (AMG-706),BA3275R,251.47408,286.3279433
Motesanib (AMG-706),BA3277R,237.90097,266.5686744
Motesanib (AMG-706),BA3283R,217.05412,140.2739886
Motesanib (AMG-706),BA3285R,262.1436,286.3279433
Motesanib (AMG-706),BA3286R,197.57361,216.0531765
Motesanib (AMG-706),BA3289R,209.79335,177.6273647
Motesanib (AMG-706),BA3290R,256.10083,225.8465663
Motesanib (AMG-706),BA3293R,258.63876,212.835932
Motesanib (AMG-706),BA3295R,204.72124,237.5257176
Motesanib (AMG-706),BA3297R,235.39851,210.8515505
Motesanib (AMG-706),BA3299R,219.70493,160.1739159
Motesanib (AMG-706),BA3300R,255.36238,241.4889722
Motesanib (AMG-706),BA3302R,240.54794,210.5150097
Motesanib (AMG-706),BA3305R,238.14267,268.7002813
Motesanib (AMG-706),BA3306R,262.74115,205.9132093
Motesanib (AMG-706),BA3308R,236.1741,286.0246379
Motesanib (AMG-706),BA3310R,258.87192,286.3279433
Motesanib (AMG-706),BA3311R,212.56207,90.62068353
Motesanib (AMG-706),BA3312R,242.67844,276.1684365
Motesanib (AMG-706),BA3317R,260.6761,286.3279433
Motesanib (AMG-706),BA3319R,238.1411,141.5228739
Motesanib (AMG-706),BA3324R,220.83003,208.0641971
Motesanib (AMG-706),BA3325R,237.12347,255.7231289
Motesanib (AMG-706),BA3328R,256.2221,268.9530561
Motesanib (AMG-706),BA3332R,254.1514,286.3279433
Motesanib (AMG-706),BA3333R,260.72986,255.4411496
Motesanib (AMG-706),BA3334R,219.55203,109.7442436
Motesanib (AMG-706),BA3341R,254.08624,280.5127655
Motesanib (AMG-706),BA3345R,211.43053,155.4916263
Motesanib (AMG-706),BA3347R,239.35558,121.4024807
Motesanib (AMG-706),BA3351R,262.2038,286.3279433
Motesanib (AMG-706),BA3352R,258.13037,229.8582671
Motesanib (AMG-706),BA3353R,259.9015,282.9005068
Motesanib (AMG-706),BA3357R,260.1164,286.3279433
Motesanib (AMG-706),BA3362R,257.63632,280.9082856
Motesanib (AMG-706),BA3367R,234.1314,141.5750787
Motesanib (AMG-706),BA3369R,200.14064,158.2534195
Motesanib (AMG-706),BA3373R,264.02762,259.4555696
Motesanib (AMG-706),BA3374R,244.99576,202.2300213
Motesanib (AMG-706),BA3376R,252.97127,205.0292112
Motesanib (AMG-706),BA3379R,228.8781,250.4240164
Motesanib (AMG-706),BA3380R,248.53937,171.2274526
Motesanib (AMG-706),BA3381R,206.70235,121.8807459
Motesanib (AMG-706),BA3384R,240.83733,165.2413237
Motesanib (AMG-706),BA3385R,210.0861,76.68936269
Motesanib (AMG-706),BA3386R,245.97775,148.9311504
Motesanib (AMG-706),BA3388R,235.13922,261.0042961
Motesanib (AMG-706),BA3390R,225.53603,238.6545384
Motesanib (AMG-706),BA3394R,219.817,266.2895371
Motesanib (AMG-706),BA3397R,237.93692,215.8232961
Motesanib (AMG-706),BA3399R,232.8381,157.0052312
Motesanib (AMG-706),BA3400R,261.78867,286.0125882
Motesanib (AMG-706),BA3403R,242.29501,273.5077909
Motesanib (AMG-706),BA3406R,244.95583,114.1869139
Motesanib (AMG-706),BA3411R,250.94963,259.4113151
Motesanib (AMG-706),BA3412R,259.24493,266.3549855
Motesanib (AMG-706),BA3415R,258.18735,266.1271082
Motesanib (AMG-706),BA3416R,268.48102,271.1436893
Motesanib (AMG-706),BA3417R,214.25226,154.8291873
Motesanib (AMG-706),BA3418R,242.63043,286.3279433
Motesanib (AMG-706),BA3421R,204.33904,203.1898864
Motesanib (AMG-706),BA3422R,266.6494,283.4682562
Motesanib (AMG-706),BA3423R,263.8158,253.6132996
Motesanib (AMG-706),BA3431R,214.24709,149.8584443
Motesanib (AMG-706),BA3433R,259.5948,273.102277
Motesanib (AMG-706),BA3434R,237.11617,254.9432124
Motesanib (AMG-706),BA3438R,250.09741,208.9504493
Motesanib (AMG-706),BA3445R,253.48413,134.9629197
Motesanib (AMG-706),BA3446R,217.59222,200.8637486
Motesanib (AMG-706),BA3449R,236.77185,249.1309942
Motesanib (AMG-706),BA3451R,233.92932,274.8261963
Motesanib (AMG-706),BA3452R,227.18254,148.7051024
Motesanib (AMG-706),BA3454R,246.95766,261.5099238
PI-103,BA3078R,116.59529,104.3543886
PI-103,BA3079R,110.06855,58.79757637
PI-103,BA3083R,116.81377,40.48804288
PI-103,BA3084R,119.65525,122.794376
PI-103,BA3087R,168.23785,193.3152524
PI-103,BA3089R,157.61061,240.8972582
PI-103,BA3094R,133.74641,83.57731497
PI-103,BA3098R,115.31457,140.4123909
PI-103,BA3099R,119.03839,75.21038936
PI-103,BA3110R,121.778885,137.8854074
PI-103,BA3114R,121.434525,67.50900135
PI-103,BA3117R,163.06682,8.09E-09
PI-103,BA3118R,118.991455,226.2580254
PI-103,BA3119R,158.30432,231.7800064
PI-103,BA3126R,142.41837,137.9793396
PI-103,BA3128R,140.16502,158.3964393
PI-103,BA3130R,173.70448,141.4176127
PI-103,BA3133R,164.96025,207.3446361
PI-103,BA3135R,131.94801,121.9292389
PI-103,BA3137R,113.54095,123.9085618
PI-103,BA3138R,145.85965,96.10749358
PI-103,BA3139R,175.9231,90.97122944
PI-103,BA3145R,169.90237,131.6112061
PI-103,BA3146R,92.570274,118.54819
PI-103,BA3152R,132.09492,104.7620882
PI-103,BA3153R,130.85184,130.8176387
PI-103,BA3154R,165.2467,37.49803464
PI-103,BA3157R,131.3855,217.9097485
PI-103,BA3158R,113.42161,2.391177298
PI-103,BA3162R,121.69832,186.1754151
PI-103,BA3163R,145.8356,163.4507657
PI-103,BA3164R,129.24767,204.6066796
PI-103,BA3167R,120.87857,17.31273327
PI-103,BA3169R,135.389,175.1528775
PI-103,BA3171R,169.13121,216.8274369
PI-103,BA3174R,123.16366,75.20326893
PI-103,BA3175R,132.97154,100.8258384
PI-103,BA3177R,100.70477,60.32729273
PI-103,BA3181R,139.16454,126.8319444
PI-103,BA3182R,119.84984,149.3298372
PI-103,BA3183R,142.37419,158.9174414
PI-103,BA3185R,108.737015,69.44401783
PI-103,BA3186R,159.71994,88.68040417
PI-103,BA3187R,133.99963,125.7982802
PI-103,BA3189R,165.96548,237.541023
PI-103,BA3190R,144.62616,154.3794414
PI-103,BA3191R,123.57251,106.7867726
PI-103,BA3192R,149.97289,123.0225099
PI-103,BA3195R,125.90336,139.5558093
PI-103,BA3197R,132.77127,54.48168907
PI-103,BA3199R,121.30983,174.449879
PI-103,BA3200R,167.74846,130.5091928
PI-103,BA3203R,131.60826,197.1565013
PI-103,BA3206R,165.08011,166.8429133
PI-103,BA3207R,156.30539,62.87851104
PI-103,BA3208R,133.19684,50.14500737
PI-103,BA3210R,137.70276,131.7105177
PI-103,BA3211R,112.86109,144.5039434
PI-103,BA3212R,172.16109,157.8064697
PI-103,BA3213R,110.30471,203.6595834
PI-103,BA3214R,152.82309,148.9371405
PI-103,BA3216R,123.44583,74.28057384
PI-103,BA3217R,127.32217,86.36006078
PI-103,BA3222R,159.09996,108.3922078
PI-103,BA3226R,144.63234,160.0589048
PI-103,BA3227R,157.02144,132.2085807
PI-103,BA3228R,119.26458,132.3521177
PI-103,BA3229R,147.54987,175.755659
PI-103,BA3232R,128.64816,176.7306165
PI-103,BA3235R,144.56401,151.090226
PI-103,BA3240R,161.35092,66.13564182
PI-103,BA3242R,137.27466,147.9132846
PI-103,BA3243R,125.246284,23.68715103
PI-103,BA3249R,176.2538,184.4212791
PI-103,BA3250R,120.25397,222.2341099
PI-103,BA3251R,111.666985,142.4414178
PI-103,BA3260R,148.5024,194.9937818
PI-103,BA3261R,174.87558,182.7283651
PI-103,BA3264R,102.761925,154.2970758
PI-103,BA3266R,119.544525,27.12837634
PI-103,BA3268R,151.79225,177.8731091
PI-103,BA3270R,126.06309,138.4888264
PI-103,BA3271R,100.64963,71.24733857
PI-103,BA3273R,157.79575,32.79496577
PI-103,BA3275R,131.89954,196.3341334
PI-103,BA3277R,129.42896,156.4780776
PI-103,BA3283R,107.06493,146.8299779
PI-103,BA3285R,178.0786,59.61747796
PI-103,BA3286R,104.847755,114.6701255
PI-103,BA3290R,161.1698,183.4151749
PI-103,BA3293R,152.09418,213.4736373
PI-103,BA3295R,126.287926,134.1621199
PI-103,BA3297R,126.541016,117.3809076
PI-103,BA3299R,109.78158,62.00308716
PI-103,BA3300R,165.71399,148.171332
PI-103,BA3302R,145.21083,118.5897937
PI-103,BA3305R,127.44597,107.3719778
PI-103,BA3306R,154.21838,179.7083905
PI-103,BA3308R,127.95483,144.135096
PI-103,BA3310R,140.8066,116.0577199
PI-103,BA3311R,124.207375,24.15516247
PI-103,BA3312R,150.2075,144.0921807
PI-103,BA3317R,161.15233,66.20243597
PI-103,BA3319R,171.06917,166.9880168
PI-103,BA3324R,130.29898,128.2538167
PI-103,BA3325R,134.3065,95.66415281
PI-103,BA3326R,136.55814,92.35528458
PI-103,BA3328R,137.48488,44.5206401
PI-103,BA3332R,138.40366,162.7787951
PI-103,BA3333R,144.33743,130.1786913
PI-103,BA3334R,125.912964,86.9006435
PI-103,BA3341R,159.08421,203.6666678
PI-103,BA3345R,109.74587,129.3805098
PI-103,BA3347R,133.93486,117.0444129
PI-103,BA3351R,170.2352,117.9894832
PI-103,BA3352R,152.11478,116.0379809
PI-103,BA3353R,168.26996,133.5585186
PI-103,BA3357R,164.75302,196.272824
PI-103,BA3362R,150.69023,141.6960723
PI-103,BA3367R,132.27786,145.8350348
PI-103,BA3369R,103.860634,222.1991661
PI-103,BA3373R,175.2817,237.687829
PI-103,BA3374R,136.68782,52.2766424
PI-103,BA3376R,122.52932,148.0044721
PI-103,BA3379R,135.21048,183.7497224
PI-103,BA3380R,127.62453,162.3651214
PI-103,BA3381R,126.93321,201.6765269
PI-103,BA3384R,117.951294,134.7045618
PI-103,BA3385R,113.45555,70.08737461
PI-103,BA3386R,108.09045,173.700549
PI-103,BA3388R,147.82135,155.0773903
PI-103,BA3390R,134.06836,210.6352063
PI-103,BA3394R,127.340225,192.5956878
PI-103,BA3397R,141.65906,118.4312692
PI-103,BA3399R,133.23431,118.7594139
PI-103,BA3400R,165.62537,204.0237022
PI-103,BA3403R,128.39961,83.07391521
PI-103,BA3406R,124.37996,32.89840526
PI-103,BA3411R,158.7985,159.5737521
PI-103,BA3412R,154.7999,219.6378011
PI-103,BA3415R,171.95209,120.4153536
PI-103,BA3416R,189.88547,238.4280077
PI-103,BA3417R,111.16829,138.2592481
PI-103,BA3418R,138.26753,75.57117
PI-103,BA3421R,107.6282,120.6281868
PI-103,BA3422R,171.94972,218.3094412
PI-103,BA3423R,166.70876,140.9250669
PI-103,BA3431R,117.86181,132.8025119
PI-103,BA3433R,151.43848,256.6341748
PI-103,BA3434R,140.072,178.7296815
PI-103,BA3438R,141.51132,49.20789812
PI-103,BA3446R,113.20644,91.53556545
PI-103,BA3449R,135.31575,157.4134852
PI-103,BA3452R,128.25557,32.42837835
PI-103,BA3454R,116.4911,4.84364306
PP2,BA3243R,217.24286,254.0028339
PP2,BA3379R,214.67413,227.216143
Pelitinib (EKB-569),BA3078R,137.69296,36.70604238
Pelitinib (EKB-569),BA3079R,156.351,150.9956636
Pelitinib (EKB-569),BA3083R,152.82483,106.1022511
Pelitinib (EKB-569),BA3084R,111.59679,121.7878443
Pelitinib (EKB-569),BA3087R,149.25365,190.2969142
Pelitinib (EKB-569),BA3089R,141.18912,161.551952
Pelitinib (EKB-569),BA3094R,142.43721,92.07105501
Pelitinib (EKB-569),BA3098R,155.50124,189.5440255
Pelitinib (EKB-569),BA3099R,130.99417,90.28979857
Pelitinib (EKB-569),BA3110R,151.46841,127.4639195
Pelitinib (EKB-569),BA3114R,163.47284,105.9242018
Pelitinib (EKB-569),BA3117R,155.35814,1.280287008
Pelitinib (EKB-569),BA3118R,165.71176,226.2463635
Pelitinib (EKB-569),BA3119R,134.54852,193.971074
Pelitinib (EKB-569),BA3126R,190.13463,198.2625662
Pelitinib (EKB-569),BA3128R,142.31393,118.9082738
Pelitinib (EKB-569),BA3130R,206.53394,151.900635
Pelitinib (EKB-569),BA3133R,182.04071,162.2076102
Pelitinib (EKB-569),BA3135R,130.88971,220.7973261
Pelitinib (EKB-569),BA3137R,158.06186,185.1061247
Pelitinib (EKB-569),BA3138R,183.90321,153.5147218
Pelitinib (EKB-569),BA3139R,166.30157,39.36960408
Pelitinib (EKB-569),BA3145R,162.4055,91.08011847
Pelitinib (EKB-569),BA3146R,122.02938,152.6776919
Pelitinib (EKB-569),BA3152R,172.27322,173.5696134
Pelitinib (EKB-569),BA3153R,159.32045,145.049741
Pelitinib (EKB-569),BA3154R,165.69727,76.74328845
Pelitinib (EKB-569),BA3157R,129.18112,177.3325268
Pelitinib (EKB-569),BA3158R,129.90913,40.30933378
Pelitinib (EKB-569),BA3162R,168.01337,182.8734863
Pelitinib (EKB-569),BA3163R,192.519,148.0177798
Pelitinib (EKB-569),BA3164R,120.00517,112.6225431
Pelitinib (EKB-569),BA3167R,158.91577,93.1120951
Pelitinib (EKB-569),BA3169R,178.24355,135.4415802
Pelitinib (EKB-569),BA3171R,183.78091,174.1068314
Pelitinib (EKB-569),BA3174R,175.41888,235.8101045
Pelitinib (EKB-569),BA3175R,178.52672,116.7925548
Pelitinib (EKB-569),BA3177R,134.87404,150.8202735
Pelitinib (EKB-569),BA3181R,180.23648,155.907543
Pelitinib (EKB-569),BA3182R,166.30441,141.2125794
Pelitinib (EKB-569),BA3183R,152.66623,135.8139723
Pelitinib (EKB-569),BA3185R,138.74904,137.4783498
Pelitinib (EKB-569),BA3186R,174.26317,127.5340804
Pelitinib (EKB-569),BA3187R,171.2054,183.9989679
Pelitinib (EKB-569),BA3189R,157.64845,93.86064424
Pelitinib (EKB-569),BA3190R,171.76495,55.52875148
Pelitinib (EKB-569),BA3191R,172.88963,206.6138177
Pelitinib (EKB-569),BA3192R,144.12474,187.2499022
Pelitinib (EKB-569),BA3195R,155.30186,148.0559149
Pelitinib (EKB-569),BA3197R,113.16027,39.3932708
Pelitinib (EKB-569),BA3199R,136.22601,89.54726292
Pelitinib (EKB-569),BA3203R,168.27455,188.7653555
Pelitinib (EKB-569),BA3206R,169.56192,160.0296274
Pelitinib (EKB-569),BA3207R,195.8206,89.8851075
Pelitinib (EKB-569),BA3208R,146.78088,115.0646099
Pelitinib (EKB-569),BA3210R,178.5713,160.2103521
Pelitinib (EKB-569),BA3211R,129.8689,20.77079948
Pelitinib (EKB-569),BA3212R,171.2585,274.6478352
Pelitinib (EKB-569),BA3213R,157.54019,202.0336258
Pelitinib (EKB-569),BA3214R,168.94234,189.1836432
Pelitinib (EKB-569),BA3216R,153.75471,130.7918679
Pelitinib (EKB-569),BA3217R,118.857124,12.91183011
Pelitinib (EKB-569),BA3219R,189.00293,160.6336428
Pelitinib (EKB-569),BA3222R,167.06566,128.9795658
Pelitinib (EKB-569),BA3225R,193.30646,164.4248926
Pelitinib (EKB-569),BA3226R,147.56398,84.21318219
Pelitinib (EKB-569),BA3227R,134.67056,46.47452961
Pelitinib (EKB-569),BA3228R,162.36691,155.5625328
Pelitinib (EKB-569),BA3229R,182.29138,90.32170759
Pelitinib (EKB-569),BA3232R,152.87407,132.4688883
Pelitinib (EKB-569),BA3235R,192.80762,193.1435598
Pelitinib (EKB-569),BA3242R,165.39386,179.707574
Pelitinib (EKB-569),BA3243R,158.17535,69.53826325
Pelitinib (EKB-569),BA3249R,159.39075,27.17741217
Pelitinib (EKB-569),BA3250R,163.89923,246.9545685
Pelitinib (EKB-569),BA3251R,146.14551,143.0512286
Pelitinib (EKB-569),BA3258R,175.30553,125.4775253
Pelitinib (EKB-569),BA3260R,180.30397,108.1584339
Pelitinib (EKB-569),BA3261R,180.10019,159.7712277
Pelitinib (EKB-569),BA3264R,109.43727,110.9278698
Pelitinib (EKB-569),BA3266R,146.69313,72.98090857
Pelitinib (EKB-569),BA3268R,154.8876,189.826026
Pelitinib (EKB-569),BA3270R,168.90976,142.5862653
Pelitinib (EKB-569),BA3271R,138.68408,145.4052689
Pelitinib (EKB-569),BA3273R,171.03758,178.3878472
Pelitinib (EKB-569),BA3275R,131.94342,45.87686851
Pelitinib (EKB-569),BA3277R,162.53448,150.0695401
Pelitinib (EKB-569),BA3285R,167.6123,41.547368
Pelitinib (EKB-569),BA3286R,140.24588,182.3754093
Pelitinib (EKB-569),BA3289R,168.53026,176.7128102
Pelitinib (EKB-569),BA3290R,179.53918,153.9170521
Pelitinib (EKB-569),BA3293R,140.03966,108.1628956
Pelitinib (EKB-569),BA3295R,168.18768,200.6550155
Pelitinib (EKB-569),BA3297R,158.1368,172.7994874
Pelitinib (EKB-569),BA3299R,164.64941,188.5383868
Pelitinib (EKB-569),BA3300R,156.94936,181.3510413
Pelitinib (EKB-569),BA3302R,153.5259,137.737911
Pelitinib (EKB-569),BA3305R,161.47614,176.7307753
Pelitinib (EKB-569),BA3306R,153.49423,134.3421127
Pelitinib (EKB-569),BA3308R,137.09416,84.58086828
Pelitinib (EKB-569),BA3311R,170.28807,20.86490848
Pelitinib (EKB-569),BA3312R,158.21123,124.7361525
Pelitinib (EKB-569),BA3317R,140.70657,85.87209458
Pelitinib (EKB-569),BA3319R,214.34956,212.9498351
Pelitinib (EKB-569),BA3324R,168.12743,168.5392214
Pelitinib (EKB-569),BA3325R,159.91348,160.2575746
Pelitinib (EKB-569),BA3326R,180.02252,156.1273092
Pelitinib (EKB-569),BA3328R,155.97464,136.4372525
Pelitinib (EKB-569),BA3332R,135.49838,99.38126223
Pelitinib (EKB-569),BA3333R,151.36578,169.0063319
Pelitinib (EKB-569),BA3334R,164.66377,129.7510679
Pelitinib (EKB-569),BA3341R,170.6033,125.2904272
Pelitinib (EKB-569),BA3345R,170.19714,186.1702281
Pelitinib (EKB-569),BA3347R,183.26834,169.0673374
Pelitinib (EKB-569),BA3351R,172.28438,195.7911617
Pelitinib (EKB-569),BA3352R,155.41757,117.6686492
Pelitinib (EKB-569),BA3353R,148.71619,94.3305454
Pelitinib (EKB-569),BA3357R,155.68813,130.7963304
Pelitinib (EKB-569),BA3362R,168.40466,204.8706404
Pelitinib (EKB-569),BA3367R,176.46803,115.170554
Pelitinib (EKB-569),BA3369R,146.57384,185.2369301
Pelitinib (EKB-569),BA3373R,176.33678,191.60862
Pelitinib (EKB-569),BA3374R,151.70613,128.8428634
Pelitinib (EKB-569),BA3376R,125.262985,162.8860458
Pelitinib (EKB-569),BA3379R,153.57323,165.5798593
Pelitinib (EKB-569),BA3380R,121.34019,114.4808341
Pelitinib (EKB-569),BA3381R,168.03812,184.4064461
Pelitinib (EKB-569),BA3384R,139.34793,136.3648751
Pelitinib (EKB-569),BA3385R,150.95218,142.2574912
Pelitinib (EKB-569),BA3386R,106.407005,103.483879
Pelitinib (EKB-569),BA3388R,184.29517,199.0139024
Pelitinib (EKB-569),BA3390R,186.6082,170.4070372
Pelitinib (EKB-569),BA3394R,165.72957,237.8182359
Pelitinib (EKB-569),BA3397R,152.15494,108.650033
Pelitinib (EKB-569),BA3399R,173.14342,211.4361009
Pelitinib (EKB-569),BA3400R,174.62386,233.7879479
Pelitinib (EKB-569),BA3403R,154.90826,213.688831
Pelitinib (EKB-569),BA3406R,134.66101,91.79891378
Pelitinib (EKB-569),BA3411R,181.1657,178.0807591
Pelitinib (EKB-569),BA3412R,162.12312,214.9753928
Pelitinib (EKB-569),BA3415R,174.75763,70.26578636
Pelitinib (EKB-569),BA3416R,165.90971,143.4570541
Pelitinib (EKB-569),BA3417R,157.72717,193.0651449
Pelitinib (EKB-569),BA3418R,165.54158,123.3616533
Pelitinib (EKB-569),BA3421R,159.60265,152.3002856
Pelitinib (EKB-569),BA3422R,159.75575,234.3991592
Pelitinib (EKB-569),BA3423R,143.63504,51.93168099
Pelitinib (EKB-569),BA3431R,167.84727,232.562499
Pelitinib (EKB-569),BA3433R,157.13919,208.6433892
Pelitinib (EKB-569),BA3434R,172.69618,143.8014582
Pelitinib (EKB-569),BA3438R,151.4531,119.3214232
Pelitinib (EKB-569),BA3445R,154.02751,122.7166679
Pelitinib (EKB-569),BA3446R,153.08662,146.9444043
Pelitinib (EKB-569),BA3449R,162.36041,217.3022382
Pelitinib (EKB-569),BA3451R,188.97284,223.739147
Pelitinib (EKB-569),BA3452R,158.24365,115.5028978
Pelitinib (EKB-569),BA3454R,126.33059,2.830090911
RAF265 (CHIR-265),BA3078R,146.41878,43.2962305
RAF265 (CHIR-265),BA3079R,160.27339,151.485267
RAF265 (CHIR-265),BA3083R,162.37013,124.1018047
RAF265 (CHIR-265),BA3084R,135.01384,133.9973504
RAF265 (CHIR-265),BA3087R,157.55981,164.2284969
RAF265 (CHIR-265),BA3089R,150.69421,150.4450169
RAF265 (CHIR-265),BA3094R,148.54774,81.30352378
RAF265 (CHIR-265),BA3098R,158.59103,187.3595903
RAF265 (CHIR-265),BA3099R,147.25664,95.50742717
RAF265 (CHIR-265),BA3110R,155.20734,114.0065828
RAF265 (CHIR-265),BA3114R,168.76245,100.1352951
RAF265 (CHIR-265),BA3117R,165.95006,8.09E-09
RAF265 (CHIR-265),BA3118R,168.03824,166.0646598
RAF265 (CHIR-265),BA3119R,154.0433,132.1320543
RAF265 (CHIR-265),BA3126R,190.97267,121.7604607
RAF265 (CHIR-265),BA3128R,149.64923,155.2874851
RAF265 (CHIR-265),BA3130R,205.9242,158.9484471
RAF265 (CHIR-265),BA3133R,188.9435,152.2982109
RAF265 (CHIR-265),BA3135R,146.13383,14.94087059
RAF265 (CHIR-265),BA3137R,164.74788,152.9610336
RAF265 (CHIR-265),BA3138R,189.95221,155.4638213
RAF265 (CHIR-265),BA3139R,163.4173,62.57750996
RAF265 (CHIR-265),BA3145R,165.40256,105.4291925
RAF265 (CHIR-265),BA3146R,139.38173,171.8781261
RAF265 (CHIR-265),BA3152R,177.11458,198.1805107
RAF265 (CHIR-265),BA3153R,158.72633,179.114864
RAF265 (CHIR-265),BA3154R,163.84523,97.26696832
RAF265 (CHIR-265),BA3157R,144.83139,139.8534923
RAF265 (CHIR-265),BA3158R,144.74136,57.43669695
RAF265 (CHIR-265),BA3162R,170.72107,186.6134547
RAF265 (CHIR-265),BA3163R,189.2641,79.00805255
RAF265 (CHIR-265),BA3164R,137.5754,63.51265048
RAF265 (CHIR-265),BA3167R,163.78838,77.97926359
RAF265 (CHIR-265),BA3169R,182.63867,138.0511422
RAF265 (CHIR-265),BA3171R,190.18109,188.5625684
RAF265 (CHIR-265),BA3174R,176.51703,183.978124
RAF265 (CHIR-265),BA3175R,181.10785,142.079011
RAF265 (CHIR-265),BA3177R,147.32657,161.6792271
RAF265 (CHIR-265),BA3181R,185.13268,171.8308562
RAF265 (CHIR-265),BA3182R,167.48924,160.3010797
RAF265 (CHIR-265),BA3183R,166.11098,124.705066
RAF265 (CHIR-265),BA3185R,143.56985,177.2293974
RAF265 (CHIR-265),BA3186R,174.22665,52.62661444
RAF265 (CHIR-265),BA3187R,178.73734,170.9580199
RAF265 (CHIR-265),BA3189R,165.04608,113.1771977
RAF265 (CHIR-265),BA3190R,177.71135,48.62384226
RAF265 (CHIR-265),BA3191R,175.28806,142.8488879
RAF265 (CHIR-265),BA3192R,152.52853,148.4064231
RAF265 (CHIR-265),BA3195R,157.95937,129.1931778
RAF265 (CHIR-265),BA3197R,137.66757,16.1179334
RAF265 (CHIR-265),BA3199R,149.1082,116.5096754
RAF265 (CHIR-265),BA3200R,158.50279,230.3259465
RAF265 (CHIR-265),BA3203R,174.49055,197.0226768
RAF265 (CHIR-265),BA3206R,179.23413,143.9375112
RAF265 (CHIR-265),BA3207R,194.53427,157.2535284
RAF265 (CHIR-265),BA3208R,154.4721,86.67568949
RAF265 (CHIR-265),BA3210R,183.29814,182.4565314
RAF265 (CHIR-265),BA3211R,143.83128,149.3468972
RAF265 (CHIR-265),BA3212R,175.48978,175.6615364
RAF265 (CHIR-265),BA3213R,165.07297,172.9412041
RAF265 (CHIR-265),BA3214R,166.11978,176.8849642
RAF265 (CHIR-265),BA3216R,162.32376,52.83332206
RAF265 (CHIR-265),BA3217R,141.08723,6.69601804
RAF265 (CHIR-265),BA3219R,186.49721,242.1645177
RAF265 (CHIR-265),BA3222R,175.95837,117.0080383
RAF265 (CHIR-265),BA3225R,190.01761,156.2986473
RAF265 (CHIR-265),BA3226R,160.18344,87.76220124
RAF265 (CHIR-265),BA3228R,164.53903,121.7594948
RAF265 (CHIR-265),BA3229R,188.56903,117.9156667
RAF265 (CHIR-265),BA3232R,164.40642,149.0830346
RAF265 (CHIR-265),BA3235R,191.10562,120.1365749
RAF265 (CHIR-265),BA3240R,155.52782,28.35576383
RAF265 (CHIR-265),BA3242R,175.44392,184.7299324
RAF265 (CHIR-265),BA3243R,164.82242,30.95538729
RAF265 (CHIR-265),BA3249R,156.86087,51.64610111
RAF265 (CHIR-265),BA3250R,169.27254,240.0111923
RAF265 (CHIR-265),BA3251R,158.99493,122.5155844
RAF265 (CHIR-265),BA3258R,180.4102,132.0060626
RAF265 (CHIR-265),BA3260R,191.31992,136.2692347
RAF265 (CHIR-265),BA3261R,191.1445,142.3171018
RAF265 (CHIR-265),BA3264R,132.0553,137.375003
RAF265 (CHIR-265),BA3266R,154.31525,92.2344606
RAF265 (CHIR-265),BA3268R,161.74547,195.9072096
RAF265 (CHIR-265),BA3270R,177.66086,134.306917
RAF265 (CHIR-265),BA3271R,146.53459,155.5303736
RAF265 (CHIR-265),BA3273R,172.5609,101.7473055
RAF265 (CHIR-265),BA3275R,145.84686,72.60488523
RAF265 (CHIR-265),BA3277R,167.85582,164.9228273
RAF265 (CHIR-265),BA3283R,158.46184,108.1131861
RAF265 (CHIR-265),BA3285R,165.80452,38.68274896
RAF265 (CHIR-265),BA3286R,150.01784,196.6411462
RAF265 (CHIR-265),BA3289R,172.52357,210.0857469
RAF265 (CHIR-265),BA3290R,191.44383,157.363849
RAF265 (CHIR-265),BA3293R,155.36774,109.7873144
RAF265 (CHIR-265),BA3295R,170.67844,112.8904014
RAF265 (CHIR-265),BA3297R,162.5684,159.6675845
RAF265 (CHIR-265),BA3299R,168.27635,146.4918551
RAF265 (CHIR-265),BA3300R,159.47151,179.6956904
RAF265 (CHIR-265),BA3302R,160.81824,135.0825338
RAF265 (CHIR-265),BA3305R,169.84656,150.1661478
RAF265 (CHIR-265),BA3306R,157.93758,119.7551874
RAF265 (CHIR-265),BA3308R,146.5392,119.8075455
RAF265 (CHIR-265),BA3310R,148.37032,124.1799313
RAF265 (CHIR-265),BA3311R,174.81161,35.22828879
RAF265 (CHIR-265),BA3312R,169.33392,147.0006454
RAF265 (CHIR-265),BA3317R,151.86932,68.41034593
RAF265 (CHIR-265),BA3319R,208.85655,152.1271066
RAF265 (CHIR-265),BA3324R,172.7923,145.2654263
RAF265 (CHIR-265),BA3325R,165.51178,167.3510728
RAF265 (CHIR-265),BA3326R,184.36563,148.3051101
RAF265 (CHIR-265),BA3328R,165.98381,130.2420557
RAF265 (CHIR-265),BA3332R,149.06529,140.6282037
RAF265 (CHIR-265),BA3333R,160.7585,137.3409696
RAF265 (CHIR-265),BA3334R,172.29565,144.6135643
RAF265 (CHIR-265),BA3341R,174.79349,127.0204134
RAF265 (CHIR-265),BA3345R,170.93823,130.57888
RAF265 (CHIR-265),BA3347R,187.36139,221.0735825
RAF265 (CHIR-265),BA3351R,177.76715,204.2624525
RAF265 (CHIR-265),BA3352R,161.90819,185.9964638
RAF265 (CHIR-265),BA3353R,159.86884,45.22485334
RAF265 (CHIR-265),BA3357R,167.17973,114.8735385
RAF265 (CHIR-265),BA3362R,176.959,209.7192436
RAF265 (CHIR-265),BA3367R,183.13583,95.99029025
RAF265 (CHIR-265),BA3369R,155.26749,200.1072075
RAF265 (CHIR-265),BA3373R,177.27426,44.18995201
RAF265 (CHIR-265),BA3374R,166.10211,144.3763961
RAF265 (CHIR-265),BA3376R,144.98555,189.6022201
RAF265 (CHIR-265),BA3379R,160.26059,169.1342441
RAF265 (CHIR-265),BA3380R,139.57996,55.53755515
RAF265 (CHIR-265),BA3381R,173.92688,195.7873992
RAF265 (CHIR-265),BA3384R,152.92987,95.52039949
RAF265 (CHIR-265),BA3385R,158.01538,164.2035249
RAF265 (CHIR-265),BA3386R,132.89345,110.5132666
RAF265 (CHIR-265),BA3388R,190.20299,199.6750339
RAF265 (CHIR-265),BA3390R,187.37143,233.7689662
RAF265 (CHIR-265),BA3394R,169.94121,186.7386914
RAF265 (CHIR-265),BA3397R,162.32535,134.3903384
RAF265 (CHIR-265),BA3399R,180.75897,180.6508416
RAF265 (CHIR-265),BA3400R,175.39328,236.7136378
RAF265 (CHIR-265),BA3403R,170.11598,170.7390248
RAF265 (CHIR-265),BA3406R,147.282,28.58701953
RAF265 (CHIR-265),BA3411R,193.28514,197.8464029
RAF265 (CHIR-265),BA3412R,171.46799,141.2382075
RAF265 (CHIR-265),BA3415R,183.48782,87.80460586
RAF265 (CHIR-265),BA3416R,171.5261,74.4713175
RAF265 (CHIR-265),BA3417R,159.48685,124.7864829
RAF265 (CHIR-265),BA3418R,165.1898,169.340887
RAF265 (CHIR-265),BA3421R,164.88577,189.0654358
RAF265 (CHIR-265),BA3422R,161.53021,213.7017864
RAF265 (CHIR-265),BA3423R,149.73552,94.70333934
RAF265 (CHIR-265),BA3431R,170.68526,238.5596968
RAF265 (CHIR-265),BA3433R,161.63248,211.7276392
RAF265 (CHIR-265),BA3434R,178.12184,135.4244999
RAF265 (CHIR-265),BA3438R,161.20616,185.0616245
RAF265 (CHIR-265),BA3445R,164.30925,80.11271951
RAF265 (CHIR-265),BA3446R,162.02582,153.9575336
RAF265 (CHIR-265),BA3449R,165.56172,174.2414719
RAF265 (CHIR-265),BA3451R,190.61795,221.0008219
RAF265 (CHIR-265),BA3452R,163.39275,104.4419134
RAF265 (CHIR-265),BA3454R,143.41122,8.09E-09
Roscovitine (CYC-202),BA3078R,259.3963,266.4593006
Roscovitine (CYC-202),BA3079R,269.03503,280.9189083
Roscovitine (CYC-202),BA3083R,265.00684,196.8890578
Roscovitine (CYC-202),BA3084R,239.951,266.6686809
Roscovitine (CYC-202),BA3087R,254.48499,256.1667712
Roscovitine (CYC-202),BA3089R,257.28018,259.1127929
Roscovitine (CYC-202),BA3094R,254.7806,271.6891727
Roscovitine (CYC-202),BA3098R,268.30615,264.5009071
Roscovitine (CYC-202),BA3099R,260.24112,284.907763
Roscovitine (CYC-202),BA3110R,262.75153,189.4955546
Roscovitine (CYC-202),BA3114R,266.5803,271.1803869
Roscovitine (CYC-202),BA3117R,264.8619,286.3279433
Roscovitine (CYC-202),BA3118R,271.93063,240.5563137
Roscovitine (CYC-202),BA3119R,245.3469,220.0472279
Roscovitine (CYC-202),BA3126R,266.3146,267.0067139
Roscovitine (CYC-202),BA3128R,259.2737,262.801008
Roscovitine (CYC-202),BA3130R,258.87137,276.1806804
Roscovitine (CYC-202),BA3133R,273.1757,284.7942624
Roscovitine (CYC-202),BA3135R,244.38132,170.1697386
Roscovitine (CYC-202),BA3137R,269.3893,242.2744396
Roscovitine (CYC-202),BA3138R,275.59686,254.9578134
Roscovitine (CYC-202),BA3139R,260.37122,266.8187398
Roscovitine (CYC-202),BA3145R,263.5589,244.7838542
Roscovitine (CYC-202),BA3146R,259.7045,219.447408
Roscovitine (CYC-202),BA3152R,268.89792,224.1600483
Roscovitine (CYC-202),BA3153R,266.2745,285.7261642
Roscovitine (CYC-202),BA3154R,255.71986,284.9600303
Roscovitine (CYC-202),BA3157R,247.70396,249.7623021
Roscovitine (CYC-202),BA3158R,254.66241,206.3289357
Roscovitine (CYC-202),BA3162R,269.40656,278.1226317
Roscovitine (CYC-202),BA3163R,267.57248,249.4943131
Roscovitine (CYC-202),BA3164R,254.36353,260.1583987
Roscovitine (CYC-202),BA3167R,262.65158,284.8088836
Roscovitine (CYC-202),BA3169R,269.99332,276.4499594
Roscovitine (CYC-202),BA3171R,273.83292,254.0027892
Roscovitine (CYC-202),BA3174R,272.55502,285.1822325
Roscovitine (CYC-202),BA3175R,271.8579,261.803957
Roscovitine (CYC-202),BA3177R,260.27332,256.0455161
Roscovitine (CYC-202),BA3181R,272.98483,257.3173211
Roscovitine (CYC-202),BA3182R,265.94153,267.6639835
Roscovitine (CYC-202),BA3183R,261.95132,273.6388463
Roscovitine (CYC-202),BA3185R,257.85513,166.9727638
Roscovitine (CYC-202),BA3186R,269.0419,272.3483887
Roscovitine (CYC-202),BA3187R,270.36197,285.3760811
Roscovitine (CYC-202),BA3189R,263.12744,246.7743989
Roscovitine (CYC-202),BA3190R,272.0397,274.6259592
Roscovitine (CYC-202),BA3191R,271.31607,285.9744148
Roscovitine (CYC-202),BA3192R,251.12152,258.3643656
Roscovitine (CYC-202),BA3195R,267.3819,234.2949487
Roscovitine (CYC-202),BA3197R,234.3434,285.3587423
Roscovitine (CYC-202),BA3199R,260.5192,246.0915612
Roscovitine (CYC-202),BA3200R,254.53983,275.0121482
Roscovitine (CYC-202),BA3203R,271.56055,285.8157937
Roscovitine (CYC-202),BA3206R,262.0788,239.541263
Roscovitine (CYC-202),BA3207R,272.2124,195.9209645
Roscovitine (CYC-202),BA3208R,262.7168,286.3279433
Roscovitine (CYC-202),BA3210R,273.57034,237.5827635
Roscovitine (CYC-202),BA3211R,256.50946,187.9747793
Roscovitine (CYC-202),BA3212R,263.4506,286.3279433
Roscovitine (CYC-202),BA3213R,268.598,257.0906912
Roscovitine (CYC-202),BA3214R,270.59656,283.1882315
Roscovitine (CYC-202),BA3216R,263.61078,285.9876256
Roscovitine (CYC-202),BA3217R,251.7406,184.7884368
Roscovitine (CYC-202),BA3219R,262.8869,246.1592274
Roscovitine (CYC-202),BA3222R,261.4193,276.8234329
Roscovitine (CYC-202),BA3225R,262.3393,249.1788513
Roscovitine (CYC-202),BA3226R,260.54602,221.4413031
Roscovitine (CYC-202),BA3227R,245.99243,272.4918405
Roscovitine (CYC-202),BA3228R,270.4694,265.9303693
Roscovitine (CYC-202),BA3229R,273.6572,248.984917
Roscovitine (CYC-202),BA3232R,263.90225,254.5214598
Roscovitine (CYC-202),BA3235R,270.9717,269.2310915
Roscovitine (CYC-202),BA3240R,254.92607,193.1682515
Roscovitine (CYC-202),BA3242R,269.12207,253.0302389
Roscovitine (CYC-202),BA3243R,268.05746,265.5685624
Roscovitine (CYC-202),BA3249R,258.2294,280.542206
Roscovitine (CYC-202),BA3250R,262.18417,282.8287961
Roscovitine (CYC-202),BA3251R,263.7844,278.4991647
Roscovitine (CYC-202),BA3258R,267.14966,257.8437428
Roscovitine (CYC-202),BA3260R,274.25867,271.2761961
Roscovitine (CYC-202),BA3261R,269.02634,286.0431194
Roscovitine (CYC-202),BA3264R,245.36377,257.5398397
Roscovitine (CYC-202),BA3266R,262.5972,246.1092344
Roscovitine (CYC-202),BA3268R,260.94717,230.2454827
Roscovitine (CYC-202),BA3270R,270.0759,266.2783158
Roscovitine (CYC-202),BA3271R,261.66357,235.1733135
Roscovitine (CYC-202),BA3273R,257.95535,285.7179883
Roscovitine (CYC-202),BA3275R,253.75806,264.1300831
Roscovitine (CYC-202),BA3277R,265.51898,275.8036379
Roscovitine (CYC-202),BA3283R,269.70358,279.5911367
Roscovitine (CYC-202),BA3285R,261.48663,258.9517656
Roscovitine (CYC-202),BA3286R,260.3564,271.437843
Roscovitine (CYC-202),BA3289R,268.16644,233.6793223
Roscovitine (CYC-202),BA3290R,272.93503,230.7481787
Roscovitine (CYC-202),BA3293R,255.19702,256.1798883
Roscovitine (CYC-202),BA3295R,267.78815,273.7233091
Roscovitine (CYC-202),BA3297R,264.32178,271.9336539
Roscovitine (CYC-202),BA3299R,266.8024,260.4403348
Roscovitine (CYC-202),BA3300R,264.52588,257.3668392
Roscovitine (CYC-202),BA3302R,265.41748,286.0609973
Roscovitine (CYC-202),BA3305R,268.31067,276.6202244
Roscovitine (CYC-202),BA3306R,252.78505,219.9780206
Roscovitine (CYC-202),BA3308R,257.10468,249.3820017
Roscovitine (CYC-202),BA3310R,244.67764,212.7400273
Roscovitine (CYC-202),BA3311R,272.0749,148.9855376
Roscovitine (CYC-202),BA3312R,265.40857,231.2589931
Roscovitine (CYC-202),BA3317R,251.52731,259.4820146
Roscovitine (CYC-202),BA3318R,268.27573,264.4350351
Roscovitine (CYC-202),BA3319R,272.7108,273.017695
Roscovitine (CYC-202),BA3324R,271.53036,256.3420691
Roscovitine (CYC-202),BA3326R,265.1849,269.0817164
Roscovitine (CYC-202),BA3328R,260.86816,278.3466636
Roscovitine (CYC-202),BA3332R,255.3737,277.496969
Roscovitine (CYC-202),BA3333R,256.50018,286.3279433
Roscovitine (CYC-202),BA3334R,268.43814,182.8860422
Roscovitine (CYC-202),BA3341R,268.81628,276.9106754
Roscovitine (CYC-202),BA3345R,271.93195,279.9778236
Roscovitine (CYC-202),BA3347R,271.7117,233.2213843
Roscovitine (CYC-202),BA3351R,266.37936,277.7423282
Roscovitine (CYC-202),BA3352R,256.00494,242.4147257
Roscovitine (CYC-202),BA3353R,253.5531,89.67287247
Roscovitine (CYC-202),BA3357R,264.62833,259.8899108
Roscovitine (CYC-202),BA3362R,266.01398,286.0303857
Roscovitine (CYC-202),BA3367R,270.197,258.5255537
Roscovitine (CYC-202),BA3369R,261.58112,286.3279433
Roscovitine (CYC-202),BA3373R,270.65643,286.3279433
Roscovitine (CYC-202),BA3374R,262.98514,246.0378935
Roscovitine (CYC-202),BA3375R,238.7728,254.4445861
Roscovitine (CYC-202),BA3376R,256.12982,167.984373
Roscovitine (CYC-202),BA3379R,264.84723,278.8614291
Roscovitine (CYC-202),BA3380R,253.72588,220.8465977
Roscovitine (CYC-202),BA3381R,269.12708,254.1070082
Roscovitine (CYC-202),BA3384R,261.90854,253.7396797
Roscovitine (CYC-202),BA3385R,263.64127,286.3279433
Roscovitine (CYC-202),BA3386R,250.83429,272.5654355
Roscovitine (CYC-202),BA3388R,275.16107,245.1532199
Roscovitine (CYC-202),BA3390R,267.5396,286.2071706
Roscovitine (CYC-202),BA3394R,269.679,286.3279433
Roscovitine (CYC-202),BA3397R,263.8082,234.5834663
Roscovitine (CYC-202),BA3399R,273.97836,249.6587444
Roscovitine (CYC-202),BA3400R,263.49606,270.8654571
Roscovitine (CYC-202),BA3403R,262.89938,286.3279433
Roscovitine (CYC-202),BA3406R,258.1266,135.4281207
Roscovitine (CYC-202),BA3411R,272.1558,285.6980447
Roscovitine (CYC-202),BA3412R,263.46893,258.2551096
Roscovitine (CYC-202),BA3415R,266.51065,264.4295254
Roscovitine (CYC-202),BA3416R,258.63168,119.255807
Roscovitine (CYC-202),BA3417R,267.33273,192.4267296
Roscovitine (CYC-202),BA3418R,271.40836,219.8260095
Roscovitine (CYC-202),BA3421R,269.0097,276.6193936
Roscovitine (CYC-202),BA3422R,252.54399,270.9654001
Roscovitine (CYC-202),BA3423R,248.24167,250.8104973
Roscovitine (CYC-202),BA3431R,271.91907,276.9456221
Roscovitine (CYC-202),BA3433R,254.58362,249.0452449
Roscovitine (CYC-202),BA3434R,270.33047,277.5935547
Roscovitine (CYC-202),BA3438R,260.15912,233.9360079
Roscovitine (CYC-202),BA3445R,260.1867,136.5432271
Roscovitine (CYC-202),BA3446R,265.52277,271.4081427
Roscovitine (CYC-202),BA3449R,264.30542,269.9753873
Roscovitine (CYC-202),BA3451R,271.0923,272.0721876
Roscovitine (CYC-202),BA3452R,268.45355,268.0581165
Roscovitine (CYC-202),BA3454R,259.1591,286.3279433
SB-202190,BA3243R,200.29582,252.9354654
SB-202190,BA3379R,200.84895,204.9787996
SB-203580,BA3243R,203.63174,276.1572326
SB-203580,BA3379R,203.49457,209.4363751
SB-431542,BA3078R,240.77496,245.6264802
SB-431542,BA3079R,253.40315,279.7046999
SB-431542,BA3083R,250.0926,244.5195771
SB-431542,BA3084R,222.41151,244.2823298
SB-431542,BA3087R,242.38004,286.3279433
SB-431542,BA3089R,253.68372,280.6524069
SB-431542,BA3094R,241.03769,277.949685
SB-431542,BA3098R,250.97078,209.9669862
SB-431542,BA3099R,252.33255,234.9387636
SB-431542,BA3110R,246.82724,251.3405619
SB-431542,BA3114R,246.92123,233.3425694
SB-431542,BA3117R,250.21895,96.85015899
SB-431542,BA3118R,257.65295,219.1154058
SB-431542,BA3119R,238.88568,241.8190755
SB-431542,BA3126R,252.40613,286.2370114
SB-431542,BA3128R,251.26382,276.9671389
SB-431542,BA3130R,253.59311,281.3302303
SB-431542,BA3133R,265.6873,272.7624255
SB-431542,BA3135R,237.98373,82.9008425
SB-431542,BA3137R,248.4122,256.7151021
SB-431542,BA3138R,262.93152,285.381336
SB-431542,BA3139R,257.06848,265.8886321
SB-431542,BA3145R,257.623,277.340043
SB-431542,BA3146R,247.13728,275.6432468
SB-431542,BA3152R,248.42462,229.6227379
SB-431542,BA3153R,251.78882,283.1015856
SB-431542,BA3154R,246.88414,267.1885936
SB-431542,BA3157R,241.54309,260.6502426
SB-431542,BA3158R,234.61371,209.7120308
SB-431542,BA3162R,252.37819,277.9451049
SB-431542,BA3163R,252.05133,255.0267618
SB-431542,BA3164R,250.8419,286.0075029
SB-431542,BA3167R,250.16415,175.4426678
SB-431542,BA3169R,256.8217,205.3127617
SB-431542,BA3171R,265.22836,266.8712374
SB-431542,BA3174R,258.00146,275.3582951
SB-431542,BA3175R,256.26697,286.3279433
SB-431542,BA3177R,245.49576,272.033636
SB-431542,BA3181R,260.1018,277.6506287
SB-431542,BA3182R,245.138,260.3798029
SB-431542,BA3183R,250.04823,254.4624393
SB-431542,BA3185R,243.475,242.2615174
SB-431542,BA3186R,258.8977,286.3279433
SB-431542,BA3187R,253.49503,267.9268603
SB-431542,BA3189R,255.29546,285.595619
SB-431542,BA3190R,261.75128,278.1943992
SB-431542,BA3191R,250.7024,267.6791285
SB-431542,BA3192R,246.54175,262.2224293
SB-431542,BA3195R,253.58446,247.9684905
SB-431542,BA3197R,230.88376,224.258006
SB-431542,BA3199R,246.11409,248.3866313
SB-431542,BA3200R,249.34702,181.6107732
SB-431542,BA3203R,257.91275,262.7696526
SB-431542,BA3206R,248.60297,279.849547
SB-431542,BA3207R,260.63376,243.0278064
SB-431542,BA3208R,254.55693,257.3163928
SB-431542,BA3210R,259.98105,233.028455
SB-431542,BA3211R,244.41959,98.39356462
SB-431542,BA3212R,255.46407,286.0326117
SB-431542,BA3213R,249.21895,231.7828186
SB-431542,BA3214R,263.54114,277.959486
SB-431542,BA3216R,252.26797,209.3690123
SB-431542,BA3217R,241.21902,204.0368604
SB-431542,BA3219R,247.94632,257.3950028
SB-431542,BA3222R,251.68121,262.6089702
SB-431542,BA3225R,247.18343,243.8774001
SB-431542,BA3226R,254.96265,255.0380775
SB-431542,BA3227R,240.98741,215.375048
SB-431542,BA3228R,256.89743,217.072955
SB-431542,BA3229R,258.0816,241.35005
SB-431542,BA3232R,251.49968,275.2847171
SB-431542,BA3235R,254.64691,285.4000755
SB-431542,BA3240R,248.68878,234.4605178
SB-431542,BA3242R,253.70938,250.638025
SB-431542,BA3243R,255.98419,188.1072465
SB-431542,BA3249R,251.83777,249.6476074
SB-431542,BA3250R,245.38225,246.3933543
SB-431542,BA3251R,250.27965,247.374691
SB-431542,BA3258R,247.68008,283.1393974
SB-431542,BA3260R,261.60275,286.3279433
SB-431542,BA3261R,258.10138,223.5569994
SB-431542,BA3264R,220.62106,244.4178823
SB-431542,BA3266R,249.55647,246.18676
SB-431542,BA3268R,250.42824,286.2210855
SB-431542,BA3270R,253.0697,186.2021164
SB-431542,BA3271R,248.64343,197.4855156
SB-431542,BA3273R,248.36769,193.8768521
SB-431542,BA3275R,241.98485,285.3748512
SB-431542,BA3277R,251.39264,250.3212207
SB-431542,BA3283R,254.25064,270.1626673
SB-431542,BA3285R,257.64587,267.8839317
SB-431542,BA3286R,246.80602,246.5904131
SB-431542,BA3289R,250.78494,283.8819998
SB-431542,BA3290R,262.0669,261.734788
SB-431542,BA3293R,253.66731,285.4027642
SB-431542,BA3295R,242.9005,242.4663914
SB-431542,BA3297R,250.98422,256.5292936
SB-431542,BA3299R,248.27899,244.9266299
SB-431542,BA3300R,254.59885,254.9118592
SB-431542,BA3302R,252.7092,273.8836063
SB-431542,BA3305R,255.81122,264.6953709
SB-431542,BA3306R,248.94952,278.2527443
SB-431542,BA3308R,241.34592,254.4251098
SB-431542,BA3310R,235.94969,189.6357856
SB-431542,BA3311R,253.34998,109.3333645
SB-431542,BA3312R,251.21503,252.4982574
SB-431542,BA3317R,244.62657,162.4403645
SB-431542,BA3319R,259.16586,275.9160052
SB-431542,BA3324R,256.90247,230.4990366
SB-431542,BA3325R,257.68005,286.3279433
SB-431542,BA3326R,253.6487,286.0861497
SB-431542,BA3328R,250.25403,220.460959
SB-431542,BA3332R,242.42645,228.2342862
SB-431542,BA3333R,249.63954,284.4377325
SB-431542,BA3334R,250.36656,243.1945071
SB-431542,BA3341R,256.42563,251.0667405
SB-431542,BA3345R,250.2212,207.1725306
SB-431542,BA3347R,256.75934,263.8405681
SB-431542,BA3351R,255.58618,260.6626009
SB-431542,BA3352R,249.98418,284.9584819
SB-431542,BA3353R,242.59984,259.3264606
SB-431542,BA3357R,251.51938,260.4855884
SB-431542,BA3362R,257.9342,285.8107336
SB-431542,BA3367R,252.20767,270.7394558
SB-431542,BA3369R,246.8717,271.583606
SB-431542,BA3373R,266.4198,286.1020593
SB-431542,BA3374R,253.23822,270.3775269
SB-431542,BA3376R,250.9525,254.6163303
SB-431542,BA3379R,249.67447,269.0194871
SB-431542,BA3380R,246.24022,285.6062827
SB-431542,BA3381R,250.47606,260.3271934
SB-431542,BA3384R,250.52255,261.2852318
SB-431542,BA3385R,249.78055,275.8161324
SB-431542,BA3386R,243.98094,261.1698304
SB-431542,BA3388R,262.56146,286.3279433
SB-431542,BA3390R,252.61888,280.9041181
SB-431542,BA3394R,257.55634,262.9668749
SB-431542,BA3397R,251.11026,244.1387718
SB-431542,BA3399R,257.67746,217.4757541
SB-431542,BA3400R,255.84709,273.8514562
SB-431542,BA3403R,253.04791,258.4312802
SB-431542,BA3406R,250.94223,264.6117827
SB-431542,BA3411R,261.13297,239.258168
SB-431542,BA3412R,253.94254,280.9324336
SB-431542,BA3415R,257.31635,163.8586193
SB-431542,BA3416R,250.17833,256.0425515
SB-431542,BA3417R,249.1134,268.7712413
SB-431542,BA3418R,258.78128,197.968651
SB-431542,BA3421R,247.99956,227.2896779
SB-431542,BA3422R,247.93889,255.5034526
SB-431542,BA3423R,242.97,241.5454765
SB-431542,BA3431R,253.87442,276.5668551
SB-431542,BA3433R,246.8065,280.8512968
SB-431542,BA3434R,257.40283,286.0574554
SB-431542,BA3438R,249.90437,249.8530763
SB-431542,BA3445R,249.38426,238.5496976
SB-431542,BA3446R,247.58055,190.483924
SB-431542,BA3449R,255.66248,286.2364582
SB-431542,BA3451R,255.8099,238.7753997
SB-431542,BA3452R,253.95747,225.3007179
SB-431542,BA3454R,252.78778,190.8157155
SNS-032 (BMS-387032),BA3078R,93.83652,76.97756335
SNS-032 (BMS-387032),BA3079R,85.73517,62.44820233
SNS-032 (BMS-387032),BA3083R,82.59037,49.12434028
SNS-032 (BMS-387032),BA3084R,106.1835,125.4296368
SNS-032 (BMS-387032),BA3087R,128.99654,102.3798318
SNS-032 (BMS-387032),BA3089R,114.26218,82.84968562
SNS-032 (BMS-387032),BA3094R,112.7017,45.01565704
SNS-032 (BMS-387032),BA3098R,88.03972,93.8250559
SNS-032 (BMS-387032),BA3099R,88.602,83.81484366
SNS-032 (BMS-387032),BA3110R,93.510765,69.36634087
SNS-032 (BMS-387032),BA3114R,81.024704,47.46091794
SNS-032 (BMS-387032),BA3117R,114.53801,8.09E-09
SNS-032 (BMS-387032),BA3118R,93.99968,71.05890646
SNS-032 (BMS-387032),BA3119R,131.26784,75.65720449
SNS-032 (BMS-387032),BA3126R,97.1956,84.85012856
SNS-032 (BMS-387032),BA3128R,114.85471,110.3693801
SNS-032 (BMS-387032),BA3130R,105.25207,99.69067897
SNS-032 (BMS-387032),BA3133R,113.02859,105.6296629
SNS-032 (BMS-387032),BA3135R,108.91125,92.75271565
SNS-032 (BMS-387032),BA3137R,85.29451,102.0438679
SNS-032 (BMS-387032),BA3138R,90.16359,85.44602069
SNS-032 (BMS-387032),BA3139R,133.06995,108.2802327
SNS-032 (BMS-387032),BA3145R,129.47156,128.014917
SNS-032 (BMS-387032),BA3146R,72.40659,108.6552431
SNS-032 (BMS-387032),BA3152R,89.35393,72.93372769
SNS-032 (BMS-387032),BA3153R,102.61777,97.16260713
SNS-032 (BMS-387032),BA3154R,121.770096,83.88128222
SNS-032 (BMS-387032),BA3157R,109.16379,116.0647066
SNS-032 (BMS-387032),BA3158R,95.991135,64.44756195
SNS-032 (BMS-387032),BA3162R,87.34507,73.07162272
SNS-032 (BMS-387032),BA3163R,90.685,38.52143107
SNS-032 (BMS-387032),BA3164R,100.161545,120.8726796
SNS-032 (BMS-387032),BA3167R,94.73008,48.23138835
SNS-032 (BMS-387032),BA3169R,87.30638,95.9487348
SNS-032 (BMS-387032),BA3171R,106.73024,127.2373511
SNS-032 (BMS-387032),BA3174R,88.09878,75.52311379
SNS-032 (BMS-387032),BA3175R,91.00184,80.54618128
SNS-032 (BMS-387032),BA3177R,85.78077,52.41754835
SNS-032 (BMS-387032),BA3181R,86.521286,72.53061001
SNS-032 (BMS-387032),BA3182R,92.331566,111.8774866
SNS-032 (BMS-387032),BA3183R,92.51598,58.60046857
SNS-032 (BMS-387032),BA3185R,96.16576,96.9970751
SNS-032 (BMS-387032),BA3186R,117.35273,167.9244054
SNS-032 (BMS-387032),BA3187R,91.49462,69.43606172
SNS-032 (BMS-387032),BA3189R,116.05135,55.65553864
SNS-032 (BMS-387032),BA3190R,101.21112,46.09915247
SNS-032 (BMS-387032),BA3191R,90.597946,65.83900688
SNS-032 (BMS-387032),BA3192R,121.196594,91.03014424
SNS-032 (BMS-387032),BA3195R,94.57996,119.542359
SNS-032 (BMS-387032),BA3197R,115.28433,5.711410816
SNS-032 (BMS-387032),BA3199R,90.43808,95.03112102
SNS-032 (BMS-387032),BA3200R,131.48056,41.88767562
SNS-032 (BMS-387032),BA3203R,88.37822,105.0376596
SNS-032 (BMS-387032),BA3206R,120.603424,71.09846699
SNS-032 (BMS-387032),BA3207R,97.50277,61.51669891
SNS-032 (BMS-387032),BA3208R,98.720215,79.90259127
SNS-032 (BMS-387032),BA3210R,89.33596,54.46118375
SNS-032 (BMS-387032),BA3211R,89.35831,92.15408228
SNS-032 (BMS-387032),BA3212R,126.2094,118.9492833
SNS-032 (BMS-387032),BA3213R,85.27296,82.34453265
SNS-032 (BMS-387032),BA3214R,112.5883,101.1847432
SNS-032 (BMS-387032),BA3216R,94.36243,50.80627267
SNS-032 (BMS-387032),BA3217R,106.89494,22.31820552
SNS-032 (BMS-387032),BA3219R,98.814896,94.08402572
SNS-032 (BMS-387032),BA3222R,109.297134,84.89568301
SNS-032 (BMS-387032),BA3225R,104.65048,81.95819569
SNS-032 (BMS-387032),BA3226R,102.820595,31.89171384
SNS-032 (BMS-387032),BA3227R,127.34503,55.91472001
SNS-032 (BMS-387032),BA3228R,86.27056,82.55397128
SNS-032 (BMS-387032),BA3229R,96.05704,65.77490658
SNS-032 (BMS-387032),BA3232R,84.78974,40.53611937
SNS-032 (BMS-387032),BA3235R,91.52858,57.20870772
SNS-032 (BMS-387032),BA3240R,132.56917,192.0310045
SNS-032 (BMS-387032),BA3242R,90.29816,90.55749465
SNS-032 (BMS-387032),BA3243R,91.197174,23.32847669
SNS-032 (BMS-387032),BA3249R,143.12439,48.1210733
SNS-032 (BMS-387032),BA3250R,92.80307,86.64562731
SNS-032 (BMS-387032),BA3251R,83.95629,77.88455105
SNS-032 (BMS-387032),BA3258R,85.27772,60.54911974
SNS-032 (BMS-387032),BA3260R,85.41802,63.66730887
SNS-032 (BMS-387032),BA3261R,115.59265,54.09778755
SNS-032 (BMS-387032),BA3264R,90.072044,76.5301298
SNS-032 (BMS-387032),BA3268R,111.34125,168.0692512
SNS-032 (BMS-387032),BA3270R,81.48182,42.21719144
SNS-032 (BMS-387032),BA3271R,75.87044,61.49122604
SNS-032 (BMS-387032),BA3273R,118.57714,76.29011489
SNS-032 (BMS-387032),BA3275R,104.055214,44.1959585
SNS-032 (BMS-387032),BA3277R,92.254265,60.73127376
SNS-032 (BMS-387032),BA3283R,91.063965,35.11617067
SNS-032 (BMS-387032),BA3285R,135.02545,45.21812389
SNS-032 (BMS-387032),BA3286R,79.56641,47.55636994
SNS-032 (BMS-387032),BA3289R,78.46252,59.38033287
SNS-032 (BMS-387032),BA3290R,98.20474,49.38987609
SNS-032 (BMS-387032),BA3293R,112.656395,89.81032064
SNS-032 (BMS-387032),BA3295R,89.970184,58.60437149
SNS-032 (BMS-387032),BA3297R,87.44005,60.66360161
SNS-032 (BMS-387032),BA3299R,79.403114,78.11465571
SNS-032 (BMS-387032),BA3300R,122.843735,215.4733715
SNS-032 (BMS-387032),BA3302R,102.237946,92.64949149
SNS-032 (BMS-387032),BA3305R,88.49353,60.58894828
SNS-032 (BMS-387032),BA3306R,125.069626,62.43795284
SNS-032 (BMS-387032),BA3308R,99.9114,122.0984884
SNS-032 (BMS-387032),BA3310R,116.98627,130.5941652
SNS-032 (BMS-387032),BA3311R,84.54325,42.14293625
SNS-032 (BMS-387032),BA3312R,100.837555,83.05171464
SNS-032 (BMS-387032),BA3317R,128.29236,84.33001344
SNS-032 (BMS-387032),BA3319R,100.08397,66.96578147
SNS-032 (BMS-387032),BA3324R,92.21712,49.74264312
SNS-032 (BMS-387032),BA3325R,93.71014,106.0346748
SNS-032 (BMS-387032),BA3326R,91.67415,59.36602129
SNS-032 (BMS-387032),BA3328R,93.855835,49.07667015
SNS-032 (BMS-387032),BA3332R,104.49019,54.29690039
SNS-032 (BMS-387032),BA3333R,111.41683,76.23457898
SNS-032 (BMS-387032),BA3334R,85.01742,89.35132626
SNS-032 (BMS-387032),BA3341R,112.965706,81.0285467
SNS-032 (BMS-387032),BA3345R,80.038025,99.81177874
SNS-032 (BMS-387032),BA3347R,86.67169,73.81986712
SNS-032 (BMS-387032),BA3351R,109.257965,73.19739874
SNS-032 (BMS-387032),BA3352R,115.57991,92.63080834
SNS-032 (BMS-387032),BA3353R,132.74973,146.091773
SNS-032 (BMS-387032),BA3357R,121.1179,114.1590527
SNS-032 (BMS-387032),BA3362R,103.36653,77.56483886
SNS-032 (BMS-387032),BA3367R,85.16681,72.67264003
SNS-032 (BMS-387032),BA3369R,85.46421,90.0952871
SNS-032 (BMS-387032),BA3373R,125.29445,158.116361
SNS-032 (BMS-387032),BA3374R,98.79911,64.09050472
SNS-032 (BMS-387032),BA3376R,90.92355,147.7539242
SNS-032 (BMS-387032),BA3379R,97.03689,163.0411279
SNS-032 (BMS-387032),BA3380R,110.37912,138.3214212
SNS-032 (BMS-387032),BA3381R,84.567154,59.73709064
SNS-032 (BMS-387032),BA3384R,86.83748,47.9018827
SNS-032 (BMS-387032),BA3385R,80.061165,66.88579974
SNS-032 (BMS-387032),BA3386R,86.69199,61.79746142
SNS-032 (BMS-387032),BA3388R,92.64953,101.681477
SNS-032 (BMS-387032),BA3390R,91.988914,77.93919387
SNS-032 (BMS-387032),BA3394R,86.14757,141.4301294
SNS-032 (BMS-387032),BA3397R,100.13117,119.8594853
SNS-032 (BMS-387032),BA3399R,82.065125,73.43663801
SNS-032 (BMS-387032),BA3400R,127.81538,94.7416016
SNS-032 (BMS-387032),BA3403R,94.50248,108.3009902
SNS-032 (BMS-387032),BA3406R,100.98807,20.47045372
SNS-032 (BMS-387032),BA3411R,97.45791,91.43491705
SNS-032 (BMS-387032),BA3412R,107.4622,76.87155985
SNS-032 (BMS-387032),BA3415R,115.448105,124.191975
SNS-032 (BMS-387032),BA3416R,156.50896,189.1057016
SNS-032 (BMS-387032),BA3417R,84.65286,84.05898892
SNS-032 (BMS-387032),BA3418R,100.812874,60.92748448
SNS-032 (BMS-387032),BA3421R,77.19967,27.03320128
SNS-032 (BMS-387032),BA3422R,139.70021,67.04710519
SNS-032 (BMS-387032),BA3423R,132.83997,23.80833991
SNS-032 (BMS-387032),BA3431R,83.22862,69.34856781
SNS-032 (BMS-387032),BA3433R,122.434875,111.8041547
SNS-032 (BMS-387032),BA3434R,95.828705,96.74720537
SNS-032 (BMS-387032),BA3438R,105.025085,46.88867726
SNS-032 (BMS-387032),BA3445R,103.444565,32.59705392
SNS-032 (BMS-387032),BA3446R,81.31449,91.36282072
SNS-032 (BMS-387032),BA3449R,97.667114,138.38365
SNS-032 (BMS-387032),BA3451R,84.32802,74.48346005
SNS-032 (BMS-387032),BA3452R,98.39071,50.92889742
SNS-032 (BMS-387032),BA3454R,86.066345,8.09E-09
STO609,BA3079R,263.36154,273.9168325
STO609,BA3084R,246.06136,260.5825699
STO609,BA3089R,262.84634,238.1881955
STO609,BA3094R,257.00244,277.6321005
STO609,BA3098R,260.7922,231.8621029
STO609,BA3099R,261.65335,220.1420313
STO609,BA3110R,257.6613,230.0853421
STO609,BA3114R,261.6114,268.6822337
STO609,BA3118R,266.4615,227.3544325
STO609,BA3126R,265.46283,227.4747846
STO609,BA3128R,261.44922,261.2883685
STO609,BA3133R,269.51013,286.3279433
STO609,BA3135R,247.30086,167.6815383
STO609,BA3139R,266.964,236.8663689
STO609,BA3145R,266.02982,274.4817843
STO609,BA3152R,260.9746,207.5338816
STO609,BA3153R,263.1412,259.2476829
STO609,BA3154R,258.8489,270.5150671
STO609,BA3157R,256.8918,258.5948058
STO609,BA3162R,264.61185,271.65852
STO609,BA3163R,264.71017,278.9257928
STO609,BA3164R,261.5169,258.2317664
STO609,BA3167R,259.57965,263.4158255
STO609,BA3169R,266.72232,286.3279433
STO609,BA3171R,270.12653,276.9611822
STO609,BA3174R,268.56186,281.1843944
STO609,BA3177R,254.52483,270.2075913
STO609,BA3181R,269.78873,257.0748171
STO609,BA3183R,260.8658,282.7464534
STO609,BA3185R,251.26138,183.9435703
STO609,BA3186R,266.72318,271.4431611
STO609,BA3187R,264.25104,271.8875734
STO609,BA3189R,263.06757,256.5893438
STO609,BA3191R,263.52225,247.9485819
STO609,BA3192R,258.0122,267.0462767
STO609,BA3195R,262.3202,257.736754
STO609,BA3197R,244.28769,283.8484987
STO609,BA3199R,257.62875,286.3279433
STO609,BA3203R,267.13153,277.4656042
STO609,BA3206R,258.49118,221.1498957
STO609,BA3207R,270.45218,236.7841702
STO609,BA3210R,269.53937,215.5734548
STO609,BA3212R,264.46136,274.6003773
STO609,BA3213R,262.06094,257.4832001
STO609,BA3214R,271.05713,235.306118
STO609,BA3216R,263.2616,210.5300651
STO609,BA3217R,256.30713,217.2221823
STO609,BA3222R,260.526,285.6526128
STO609,BA3225R,261.3452,171.2207322
STO609,BA3226R,263.2694,263.9371557
STO609,BA3227R,252.15659,211.0142754
STO609,BA3228R,265.82114,275.674731
STO609,BA3232R,262.7723,258.6508713
STO609,BA3235R,267.06,237.8240092
STO609,BA3240R,260.71368,214.3420641
STO609,BA3243R,264.4458,260.9459038
STO609,BA3250R,255.27397,279.8659113
STO609,BA3251R,262.7966,248.5913839
STO609,BA3261R,265.7025,248.5805075
STO609,BA3264R,245.74022,251.3665641
STO609,BA3270R,265.97733,276.6465713
STO609,BA3271R,261.97876,231.8567912
STO609,BA3273R,259.66867,218.8574512
STO609,BA3277R,262.34622,238.7062776
STO609,BA3285R,266.81427,281.1961567
STO609,BA3286R,256.20978,242.3204665
STO609,BA3289R,264.98734,208.0265164
STO609,BA3290R,268.9226,144.6423171
STO609,BA3293R,262.3221,273.6271043
STO609,BA3297R,260.7607,270.368466
STO609,BA3299R,262.91895,225.2892097
STO609,BA3305R,265.57626,280.3908499
STO609,BA3306R,257.57123,228.8501465
STO609,BA3308R,254.44865,231.4557662
STO609,BA3311R,265.6496,194.2397032
STO609,BA3317R,257.79855,242.4668016
STO609,BA3318R,266.29553,244.186006
STO609,BA3319R,266.99698,209.4073284
STO609,BA3324R,265.6613,260.9669502
STO609,BA3326R,265.03485,282.9837083
STO609,BA3328R,259.34787,236.6136169
STO609,BA3332R,257.34308,174.9681299
STO609,BA3333R,257.3274,286.3279433
STO609,BA3334R,262.84113,267.5355417
STO609,BA3341R,265.69846,235.639829
STO609,BA3345R,265.04953,264.9249294
STO609,BA3347R,268.4613,239.3648703
STO609,BA3352R,259.0989,267.5657925
STO609,BA3362R,266.90088,280.0029958
STO609,BA3367R,265.17633,266.0348865
STO609,BA3373R,271.86133,286.3197132
STO609,BA3374R,261.1992,277.3454304
STO609,BA3379R,259.8069,252.8851857
STO609,BA3380R,259.92538,258.2764364
STO609,BA3381R,261.35956,247.2564906
STO609,BA3384R,260.51413,276.4282099
STO609,BA3394R,268.24194,283.6736523
STO609,BA3397R,262.0992,227.1608482
STO609,BA3399R,269.03873,242.1303606
STO609,BA3400R,264.73126,262.7305798
STO609,BA3403R,261.82367,265.9101372
STO609,BA3406R,260.9392,277.7004972
STO609,BA3411R,267.88,260.178702
STO609,BA3412R,264.79297,276.4685376
STO609,BA3415R,264.99854,278.4217018
STO609,BA3417R,261.13553,177.4675795
STO609,BA3418R,268.59158,171.3314543
STO609,BA3421R,264.01434,251.4916261
STO609,BA3422R,255.61946,273.1896948
STO609,BA3423R,255.80469,254.3440211
STO609,BA3431R,267.5635,257.6146111
STO609,BA3433R,255.6454,262.1248695
STO609,BA3434R,267.20212,262.5505918
STO609,BA3438R,260.80475,231.9642357
STO609,BA3449R,265.7552,285.2595167
STO609,BA3451R,266.9972,281.572102
Tandutinib (MLN518),BA3243R,202.60033,241.361394
Tandutinib (MLN518),BA3379R,200.76732,223.8358078
Tofacitinib (CP-690550),BA3078R,207.66017,263.8219238
Tofacitinib (CP-690550),BA3079R,210.75873,189.7056116
Tofacitinib (CP-690550),BA3083R,209.73277,250.4881814
Tofacitinib (CP-690550),BA3084R,213.64204,240.5702583
Tofacitinib (CP-690550),BA3087R,231.36359,283.1223168
Tofacitinib (CP-690550),BA3089R,232.52899,256.7286475
Tofacitinib (CP-690550),BA3094R,222.5521,276.5655539
Tofacitinib (CP-690550),BA3098R,208.31876,171.6005258
Tofacitinib (CP-690550),BA3099R,216.80458,160.6294487
Tofacitinib (CP-690550),BA3110R,216.16035,232.3793436
Tofacitinib (CP-690550),BA3114R,212.30692,178.0882416
Tofacitinib (CP-690550),BA3117R,218.97679,260.7647869
Tofacitinib (CP-690550),BA3118R,218.23528,179.7230667
Tofacitinib (CP-690550),BA3119R,230.4761,280.0465385
Tofacitinib (CP-690550),BA3126R,222.72084,205.9745912
Tofacitinib (CP-690550),BA3128R,224.43697,272.6778615
Tofacitinib (CP-690550),BA3130R,229.93546,257.8188199
Tofacitinib (CP-690550),BA3133R,231.46701,210.0698237
Tofacitinib (CP-690550),BA3135R,228.0532,119.1529836
Tofacitinib (CP-690550),BA3137R,207.3955,104.2712096
Tofacitinib (CP-690550),BA3138R,227.59602,241.1870184
Tofacitinib (CP-690550),BA3139R,245.30214,220.8807162
Tofacitinib (CP-690550),BA3145R,236.5248,262.4089106
Tofacitinib (CP-690550),BA3146R,202.28857,190.2687196
Tofacitinib (CP-690550),BA3152R,211.10648,200.7131971
Tofacitinib (CP-690550),BA3153R,219.03148,230.9805583
Tofacitinib (CP-690550),BA3154R,229.15039,286.3279433
Tofacitinib (CP-690550),BA3157R,223.64244,274.6552143
Tofacitinib (CP-690550),BA3158R,206.63185,134.5142665
Tofacitinib (CP-690550),BA3162R,212.93011,196.6162149
Tofacitinib (CP-690550),BA3163R,221.20915,216.4432552
Tofacitinib (CP-690550),BA3164R,230.76807,262.8108973
Tofacitinib (CP-690550),BA3167R,218.21411,181.6143846
Tofacitinib (CP-690550),BA3169R,222.27025,232.9198796
Tofacitinib (CP-690550),BA3171R,232.5587,242.7598269
Tofacitinib (CP-690550),BA3174R,215.31064,274.723661
Tofacitinib (CP-690550),BA3175R,219.38477,220.9588316
Tofacitinib (CP-690550),BA3177R,204.42908,238.0917466
Tofacitinib (CP-690550),BA3181R,226.87744,144.7878163
Tofacitinib (CP-690550),BA3182R,204.32306,166.7171542
Tofacitinib (CP-690550),BA3183R,220.91548,237.6436932
Tofacitinib (CP-690550),BA3185R,208.3175,150.05915
Tofacitinib (CP-690550),BA3186R,231.2767,208.333664
Tofacitinib (CP-690550),BA3187R,218.07353,194.6127296
Tofacitinib (CP-690550),BA3189R,228.63025,268.2516481
Tofacitinib (CP-690550),BA3190R,227.37625,227.7116793
Tofacitinib (CP-690550),BA3191R,211.4281,210.6563725
Tofacitinib (CP-690550),BA3192R,226.58014,264.9975913
Tofacitinib (CP-690550),BA3195R,220.10165,230.4682976
Tofacitinib (CP-690550),BA3197R,229.01474,283.4146272
Tofacitinib (CP-690550),BA3199R,211.40947,211.0315592
Tofacitinib (CP-690550),BA3200R,239.30064,166.8132131
Tofacitinib (CP-690550),BA3203R,221.89578,235.5966339
Tofacitinib (CP-690550),BA3206R,221.9014,216.8360359
Tofacitinib (CP-690550),BA3207R,231.24294,215.4941968
Tofacitinib (CP-690550),BA3208R,226.1518,202.3298639
Tofacitinib (CP-690550),BA3210R,224.22427,186.5248682
Tofacitinib (CP-690550),BA3211R,210.67842,134.12377
Tofacitinib (CP-690550),BA3212R,235.05116,231.3932665
Tofacitinib (CP-690550),BA3213R,207.26619,210.2325125
Tofacitinib (CP-690550),BA3214R,232.81583,239.3522883
Tofacitinib (CP-690550),BA3216R,218.56918,225.0398806
Tofacitinib (CP-690550),BA3217R,225.60797,245.0343923
Tofacitinib (CP-690550),BA3219R,216.74077,252.7821195
Tofacitinib (CP-690550),BA3222R,230.2407,285.7292063
Tofacitinib (CP-690550),BA3225R,216.68959,205.0124318
Tofacitinib (CP-690550),BA3226R,228.47185,268.472284
Tofacitinib (CP-690550),BA3227R,235.61469,233.2339499
Tofacitinib (CP-690550),BA3228R,215.08751,158.8615954
Tofacitinib (CP-690550),BA3229R,221.98405,206.8738331
Tofacitinib (CP-690550),BA3232R,216.22609,223.091207
Tofacitinib (CP-690550),BA3235R,219.66507,226.2478733
Tofacitinib (CP-690550),BA3240R,238.50128,238.3599229
Tofacitinib (CP-690550),BA3242R,217.60672,206.4480503
Tofacitinib (CP-690550),BA3249R,239.26953,237.9693706
Tofacitinib (CP-690550),BA3250R,206.28357,256.8762151
Tofacitinib (CP-690550),BA3251R,212.28163,202.1958119
Tofacitinib (CP-690550),BA3258R,216.12387,271.0921597
Tofacitinib (CP-690550),BA3260R,226.08006,242.2493859
Tofacitinib (CP-690550),BA3261R,230.05112,191.4176664
Tofacitinib (CP-690550),BA3264R,210.11775,251.3647341
Tofacitinib (CP-690550),BA3266R,213.18732,230.855777
Tofacitinib (CP-690550),BA3268R,230.3687,267.1153416
Tofacitinib (CP-690550),BA3270R,217.84515,198.0025907
Tofacitinib (CP-690550),BA3271R,205.81099,195.4330729
Tofacitinib (CP-690550),BA3273R,224.8701,268.0934747
Tofacitinib (CP-690550),BA3275R,225.79073,227.8430713
Tofacitinib (CP-690550),BA3277R,219.91196,214.6062367
Tofacitinib (CP-690550),BA3283R,209.77228,232.1977584
Tofacitinib (CP-690550),BA3285R,244.02625,280.9483189
Tofacitinib (CP-690550),BA3286R,203.1795,261.7868529
Tofacitinib (CP-690550),BA3289R,207.85797,177.2711374
Tofacitinib (CP-690550),BA3290R,227.2949,236.5203965
Tofacitinib (CP-690550),BA3293R,234.90845,246.5669241
Tofacitinib (CP-690550),BA3295R,205.4393,207.4939146
Tofacitinib (CP-690550),BA3297R,216.55122,207.9498332
Tofacitinib (CP-690550),BA3299R,213.07954,228.9642227
Tofacitinib (CP-690550),BA3300R,231.0089,134.9209339
Tofacitinib (CP-690550),BA3302R,219.87917,240.5664446
Tofacitinib (CP-690550),BA3305R,224.75076,249.2813098
Tofacitinib (CP-690550),BA3306R,229.80457,253.7133418
Tofacitinib (CP-690550),BA3308R,216.84546,225.7351141
Tofacitinib (CP-690550),BA3310R,223.96928,217.4525491
Tofacitinib (CP-690550),BA3311R,215.48729,179.1519513
Tofacitinib (CP-690550),BA3312R,215.17082,148.8625113
Tofacitinib (CP-690550),BA3317R,229.97339,212.561461
Tofacitinib (CP-690550),BA3319R,225.67294,223.5180632
Tofacitinib (CP-690550),BA3324R,219.73476,218.3501473
Tofacitinib (CP-690550),BA3325R,222.83105,233.5984504
Tofacitinib (CP-690550),BA3326R,224.76178,200.6727634
Tofacitinib (CP-690550),BA3328R,226.33902,230.1659988
Tofacitinib (CP-690550),BA3332R,217.41026,228.3060789
Tofacitinib (CP-690550),BA3333R,227.14705,267.9937117
Tofacitinib (CP-690550),BA3334R,212.70403,220.9026086
Tofacitinib (CP-690550),BA3341R,229.06654,234.4948792
Tofacitinib (CP-690550),BA3345R,209.05705,188.3317211
Tofacitinib (CP-690550),BA3347R,225.68831,151.1434136
Tofacitinib (CP-690550),BA3351R,242.00934,229.7549974
Tofacitinib (CP-690550),BA3352R,230.90558,265.6802558
Tofacitinib (CP-690550),BA3353R,227.91925,216.5146609
Tofacitinib (CP-690550),BA3357R,225.06519,207.674339
Tofacitinib (CP-690550),BA3362R,237.2214,258.618663
Tofacitinib (CP-690550),BA3367R,220.04865,257.3582726
Tofacitinib (CP-690550),BA3369R,204.88606,277.7555206
Tofacitinib (CP-690550),BA3373R,243.00612,283.417268
Tofacitinib (CP-690550),BA3374R,226.8641,262.1045125
Tofacitinib (CP-690550),BA3376R,224.97334,99.25230501
Tofacitinib (CP-690550),BA3379R,215.24007,213.430152
Tofacitinib (CP-690550),BA3380R,223.10611,276.1796317
Tofacitinib (CP-690550),BA3381R,213.07169,202.0511864
Tofacitinib (CP-690550),BA3384R,219.42003,253.5819613
Tofacitinib (CP-690550),BA3386R,218.78957,254.2475191
Tofacitinib (CP-690550),BA3388R,227.61398,258.4054389
Tofacitinib (CP-690550),BA3390R,220.0281,254.1818798
Tofacitinib (CP-690550),BA3394R,221.66678,191.785558
Tofacitinib (CP-690550),BA3397R,218.9344,242.3825737
Tofacitinib (CP-690550),BA3399R,218.65974,209.3128145
Tofacitinib (CP-690550),BA3400R,233.4234,269.6482483
Tofacitinib (CP-690550),BA3403R,227.59299,271.170695
Tofacitinib (CP-690550),BA3406R,222.93114,284.2646058
Tofacitinib (CP-690550),BA3411R,230.09319,209.6791939
Tofacitinib (CP-690550),BA3412R,236.68298,240.4673638
Tofacitinib (CP-690550),BA3415R,233.33377,251.12728
Tofacitinib (CP-690550),BA3416R,240.51994,266.0467276
Tofacitinib (CP-690550),BA3417R,211.37007,203.3482273
Tofacitinib (CP-690550),BA3418R,227.3479,213.3219775
Tofacitinib (CP-690550),BA3421R,205.70958,182.3824356
Tofacitinib (CP-690550),BA3422R,238.42519,268.9605242
Tofacitinib (CP-690550),BA3423R,236.73476,258.7463478
Tofacitinib (CP-690550),BA3431R,212.04279,238.2799611
Tofacitinib (CP-690550),BA3433R,229.24838,231.7943559
Tofacitinib (CP-690550),BA3434R,222.7675,245.2214839
Tofacitinib (CP-690550),BA3438R,227.22028,212.8172848
Tofacitinib (CP-690550),BA3445R,226.70418,199.5530941
Tofacitinib (CP-690550),BA3446R,211.72842,249.9783906
Tofacitinib (CP-690550),BA3449R,226.20633,197.4679039
Tofacitinib (CP-690550),BA3451R,222.16191,243.726472
Tofacitinib (CP-690550),BA3452R,218.34628,207.9245528
Tofacitinib (CP-690550),BA3454R,224.63441,212.7277778
Tozasertib (VX-680),BA3078R,203.55983,229.5233717
Tozasertib (VX-680),BA3079R,212.95212,231.1084197
Tozasertib (VX-680),BA3083R,206.7947,240.3014439
Tozasertib (VX-680),BA3084R,196.8145,177.2627828
Tozasertib (VX-680),BA3087R,225.98691,275.4085661
Tozasertib (VX-680),BA3089R,217.0656,230.6522856
Tozasertib (VX-680),BA3094R,216.73286,253.9988503
Tozasertib (VX-680),BA3098R,208.80038,227.7091797
Tozasertib (VX-680),BA3099R,201.33188,150.6686317
Tozasertib (VX-680),BA3110R,209.53683,124.0119308
Tozasertib (VX-680),BA3114R,212.6937,228.3664679
Tozasertib (VX-680),BA3117R,222.96005,286.3279433
Tozasertib (VX-680),BA3118R,219.29475,183.4266394
Tozasertib (VX-680),BA3119R,201.76816,174.8128775
Tozasertib (VX-680),BA3126R,228.64516,197.5207171
Tozasertib (VX-680),BA3128R,208.86678,210.7374169
Tozasertib (VX-680),BA3130R,242.42172,263.5529999
Tozasertib (VX-680),BA3133R,236.98602,261.1584843
Tozasertib (VX-680),BA3135R,194.48517,0.47733529
Tozasertib (VX-680),BA3137R,211.10092,240.9177498
Tozasertib (VX-680),BA3138R,236.1723,224.9094182
Tozasertib (VX-680),BA3139R,236.9576,184.1661527
Tozasertib (VX-680),BA3145R,223.5068,146.249241
Tozasertib (VX-680),BA3146R,189.31874,208.7163164
Tozasertib (VX-680),BA3152R,215.80183,192.9404113
Tozasertib (VX-680),BA3153R,222.41354,244.7334738
Tozasertib (VX-680),BA3154R,225.63226,106.5920074
Tozasertib (VX-680),BA3157R,203.42136,189.9167807
Tozasertib (VX-680),BA3158R,199.62904,105.6230465
Tozasertib (VX-680),BA3162R,218.55779,221.6960804
Tozasertib (VX-680),BA3163R,225.16837,208.012232
Tozasertib (VX-680),BA3164R,208.48605,147.4570782
Tozasertib (VX-680),BA3167R,217.0412,156.6523997
Tozasertib (VX-680),BA3169R,225.8376,200.0220485
Tozasertib (VX-680),BA3171R,237.78297,209.4449458
Tozasertib (VX-680),BA3174R,224.45383,212.9409029
Tozasertib (VX-680),BA3175R,225.8531,207.089459
Tozasertib (VX-680),BA3177R,195.92274,233.5600002
Tozasertib (VX-680),BA3181R,232.98047,224.511658
Tozasertib (VX-680),BA3182R,207.91592,197.8755482
Tozasertib (VX-680),BA3183R,214.55988,266.5402714
Tozasertib (VX-680),BA3185R,201.38947,216.5214416
Tozasertib (VX-680),BA3186R,233.5101,261.0779393
Tozasertib (VX-680),BA3187R,223.35567,236.901329
Tozasertib (VX-680),BA3189R,222.64699,179.1892242
Tozasertib (VX-680),BA3190R,230.38031,217.2338778
Tozasertib (VX-680),BA3191R,216.93686,227.4414613
Tozasertib (VX-680),BA3192R,205.02055,165.7140226
Tozasertib (VX-680),BA3195R,215.1321,217.1925976
Tozasertib (VX-680),BA3197R,185.43405,286.3279433
Tozasertib (VX-680),BA3199R,206.28195,159.0016089
Tozasertib (VX-680),BA3200R,217.99525,230.0342654
Tozasertib (VX-680),BA3203R,222.87537,233.6656051
Tozasertib (VX-680),BA3206R,224.93279,216.0629189
Tozasertib (VX-680),BA3207R,232.36847,206.9523777
Tozasertib (VX-680),BA3208R,211.46443,170.5878193
Tozasertib (VX-680),BA3210R,231.6383,183.2258789
Tozasertib (VX-680),BA3212R,232.32094,271.4919958
Tozasertib (VX-680),BA3213R,209.14178,165.6586812
Tozasertib (VX-680),BA3214R,234.05518,239.8398711
Tozasertib (VX-680),BA3216R,207.55696,168.1122932
Tozasertib (VX-680),BA3217R,196.95021,67.99573839
Tozasertib (VX-680),BA3219R,219.81804,202.7573039
Tozasertib (VX-680),BA3222R,228.46599,223.5441878
Tozasertib (VX-680),BA3225R,225.3492,165.3811149
Tozasertib (VX-680),BA3226R,210.22906,250.9180883
Tozasertib (VX-680),BA3227R,207.24539,165.1469828
Tozasertib (VX-680),BA3228R,217.38925,194.8599766
Tozasertib (VX-680),BA3229R,228.35219,172.7580595
Tozasertib (VX-680),BA3232R,211.73662,233.6491277
Tozasertib (VX-680),BA3235R,223.81633,180.2040145
Tozasertib (VX-680),BA3240R,223.24486,120.6468268
Tozasertib (VX-680),BA3242R,222.14722,261.0297868
Tozasertib (VX-680),BA3243R,216.41208,240.5026011
Tozasertib (VX-680),BA3249R,230.02133,286.3279433
Tozasertib (VX-680),BA3250R,206.76036,273.6043003
Tozasertib (VX-680),BA3251R,202.38281,186.338203
Tozasertib (VX-680),BA3258R,217.90129,272.7448128
Tozasertib (VX-680),BA3260R,235.43591,283.7171126
Tozasertib (VX-680),BA3261R,234.44058,229.497322
Tozasertib (VX-680),BA3264R,187.46967,138.7734345
Tozasertib (VX-680),BA3266R,203.84074,180.5958418
Tozasertib (VX-680),BA3268R,219.85326,202.4428664
Tozasertib (VX-680),BA3270R,222.18843,227.4505435
Tozasertib (VX-680),BA3271R,196.61513,154.5133947
Tozasertib (VX-680),BA3273R,224.4526,216.6313332
Tozasertib (VX-680),BA3275R,203.03725,123.0110885
Tozasertib (VX-680),BA3277R,212.8578,226.3804675
Tozasertib (VX-680),BA3283R,214.14305,234.8108404
Tozasertib (VX-680),BA3285R,235.98071,213.7504712
Tozasertib (VX-680),BA3286R,196.22462,177.7822123
Tozasertib (VX-680),BA3289R,217.05777,198.5606836
Tozasertib (VX-680),BA3290R,234.23119,260.384905
Tozasertib (VX-680),BA3293R,212.27121,131.6234303
Tozasertib (VX-680),BA3295R,209.48346,243.1823194
Tozasertib (VX-680),BA3297R,208.53294,260.2728179
Tozasertib (VX-680),BA3299R,212.85023,163.0945715
Tozasertib (VX-680),BA3300R,228.1892,242.4039968
Tozasertib (VX-680),BA3302R,218.30914,255.7499481
Tozasertib (VX-680),BA3305R,221.09319,236.0448495
Tozasertib (VX-680),BA3306R,204.49075,104.6081977
Tozasertib (VX-680),BA3308R,209.5849,149.7546934
Tozasertib (VX-680),BA3310R,194.01718,134.8252213
Tozasertib (VX-680),BA3311R,219.14719,152.0842772
Tozasertib (VX-680),BA3312R,219.6092,171.4526306
Tozasertib (VX-680),BA3317R,213.31633,104.5691712
Tozasertib (VX-680),BA3319R,239.58275,193.3855204
Tozasertib (VX-680),BA3324R,221.4855,217.3170252
Tozasertib (VX-680),BA3326R,227.21216,226.9250828
Tozasertib (VX-680),BA3328R,210.0024,246.1669769
Tozasertib (VX-680),BA3332R,205.86447,167.9412564
Tozasertib (VX-680),BA3333R,208.145,242.3051288
Tozasertib (VX-680),BA3334R,216.75557,202.8729051
Tozasertib (VX-680),BA3341R,226.70557,247.5971892
Tozasertib (VX-680),BA3345R,217.15225,243.8017091
Tozasertib (VX-680),BA3347R,227.45255,210.3373968
Tozasertib (VX-680),BA3351R,238.58548,221.6825566
Tozasertib (VX-680),BA3352R,209.73985,156.0622126
Tozasertib (VX-680),BA3353R,215.1487,190.1587249
Tozasertib (VX-680),BA3357R,225.71466,211.7121918
Tozasertib (VX-680),BA3362R,234.96649,163.5867731
Tozasertib (VX-680),BA3367R,227.52197,238.4506428
Tozasertib (VX-680),BA3369R,199.73727,277.8747612
Tozasertib (VX-680),BA3373R,242.09163,267.4274973
Tozasertib (VX-680),BA3374R,224.00864,251.0018057
Tozasertib (VX-680),BA3375R,183.12485,246.1557251
Tozasertib (VX-680),BA3376R,196.45409,209.2827005
Tozasertib (VX-680),BA3379R,216.25974,221.0821524
Tozasertib (VX-680),BA3380R,200.29152,158.1040761
Tozasertib (VX-680),BA3381R,217.49644,238.1888067
Tozasertib (VX-680),BA3384R,210.60965,286.3279433
Tozasertib (VX-680),BA3385R,203.12482,269.7141535
Tozasertib (VX-680),BA3386R,187.71884,223.0024778
Tozasertib (VX-680),BA3388R,235.21867,222.5753754
Tozasertib (VX-680),BA3390R,222.84138,266.573534
Tozasertib (VX-680),BA3394R,224.07509,222.6270016
Tozasertib (VX-680),BA3397R,218.6116,173.6922429
Tozasertib (VX-680),BA3399R,227.434,193.9228236
Tozasertib (VX-680),BA3400R,225.79333,219.0698377
Tozasertib (VX-680),BA3403R,225.54436,254.7626979
Tozasertib (VX-680),BA3406R,204.28828,266.3389361
Tozasertib (VX-680),BA3411R,234.19542,228.3458601
Tozasertib (VX-680),BA3412R,230.94437,268.5138602
Tozasertib (VX-680),BA3415R,233.86528,253.2436481
Tozasertib (VX-680),BA3416R,236.90234,286.3279433
Tozasertib (VX-680),BA3417R,212.10883,151.1395084
Tozasertib (VX-680),BA3418R,228.73401,205.9500219
Tozasertib (VX-680),BA3421R,213.84515,250.1527222
Tozasertib (VX-680),BA3422R,214.1364,216.4873543
Tozasertib (VX-680),BA3423R,213.15598,119.4170535
Tozasertib (VX-680),BA3431R,218.43962,190.3392581
Tozasertib (VX-680),BA3433R,208.02106,218.3906637
Tozasertib (VX-680),BA3434R,225.62225,214.7572904
Tozasertib (VX-680),BA3438R,216.22243,152.3453334
Tozasertib (VX-680),BA3445R,219.9689,234.0954705
Tozasertib (VX-680),BA3446R,208.88853,264.44809
Tozasertib (VX-680),BA3449R,221.9754,222.8790132
Tozasertib (VX-680),BA3451R,226.08876,229.2852661
Tozasertib (VX-680),BA3452R,216.92947,224.2615057
Tozasertib (VX-680),BA3454R,197.89514,286.3279433
VX-745,BA3078R,176.96758,247.3545676
VX-745,BA3079R,185.60182,180.8451451
VX-745,BA3083R,177.30539,193.6005831
VX-745,BA3084R,181.75545,201.4108092
VX-745,BA3087R,209.16428,260.3155027
VX-745,BA3089R,206.09412,196.8705467
VX-745,BA3094R,199.15128,201.204845
VX-745,BA3098R,181.5168,173.3517122
VX-745,BA3099R,180.30128,92.90708041
VX-745,BA3110R,190.68715,93.1856486
VX-745,BA3114R,189.86406,180.9608843
VX-745,BA3117R,204.08406,0.3713785
VX-745,BA3118R,195.55545,185.4564087
VX-745,BA3119R,196.65387,264.0759301
VX-745,BA3126R,198.71521,189.0008711
VX-745,BA3128R,201.20287,224.4541995
VX-745,BA3130R,219.49492,279.0061327
VX-745,BA3133R,222.94617,208.5307851
VX-745,BA3135R,182.65123,44.43683046
VX-745,BA3137R,184.20647,226.7893296
VX-745,BA3138R,214.17395,187.5787404
VX-745,BA3139R,222.13907,284.8032712
VX-745,BA3145R,217.31227,240.38723
VX-745,BA3146R,153.92525,105.9725202
VX-745,BA3152R,188.20444,122.8239966
VX-745,BA3153R,198.4679,243.015236
VX-745,BA3154R,208.08571,172.0483786
VX-745,BA3157R,192.3357,222.4313105
VX-745,BA3158R,177.41351,147.8970378
VX-745,BA3162R,193.99193,150.6800897
VX-745,BA3163R,199.84854,236.6509993
VX-745,BA3164R,192.78554,227.3174716
VX-745,BA3167R,198.70537,91.12105563
VX-745,BA3169R,205.11885,237.9165331
VX-745,BA3171R,223.2363,255.32289
VX-745,BA3174R,196.35721,148.8101958
VX-745,BA3175R,196.58667,207.1561609
VX-745,BA3177R,165.04382,184.3547829
VX-745,BA3181R,206.16133,183.4089169
VX-745,BA3182R,177.39975,154.8434529
VX-745,BA3183R,198.71153,221.8821495
VX-745,BA3186R,215.45177,226.5613602
VX-745,BA3187R,203.24196,183.3866766
VX-745,BA3189R,209.83705,239.075773
VX-745,BA3190R,213.47464,200.5792267
VX-745,BA3191R,187.73679,160.4622276
VX-745,BA3192R,199.646,223.7147727
VX-745,BA3195R,195.77179,175.6716533
VX-745,BA3197R,182.25366,141.0154134
VX-745,BA3199R,180.70078,61.14297613
VX-745,BA3200R,209.90541,222.2328348
VX-745,BA3203R,203.01312,215.4851423
VX-745,BA3206R,210.95268,258.6161526
VX-745,BA3207R,210.463,46.57802063
VX-745,BA3208R,197.03308,208.2789729
VX-745,BA3210R,212.28932,195.6045648
VX-745,BA3212R,217.4363,205.2313437
VX-745,BA3213R,179.69543,176.7470723
VX-745,BA3214R,217.2995,213.8894362
VX-745,BA3216R,191.1891,108.3035751
VX-745,BA3217R,188.1294,182.9018885
VX-745,BA3222R,215.94496,196.8162
VX-745,BA3225R,197.01678,246.2179603
VX-745,BA3226R,203.67526,205.0546917
VX-745,BA3227R,197.722,183.4086165
VX-745,BA3228R,189.88577,199.5690688
VX-745,BA3229R,208.10956,167.1200523
VX-745,BA3232R,192.31903,223.4311918
VX-745,BA3235R,191.66074,174.8126446
VX-745,BA3240R,209.29321,126.6126726
VX-745,BA3242R,202.73221,210.9657233
VX-745,BA3243R,194.17519,218.6069541
VX-745,BA3249R,218.26419,256.517184
VX-745,BA3250R,180.86052,283.3949993
VX-745,BA3251R,174.71356,185.6843295
VX-745,BA3258R,185.5706,167.2077477
VX-745,BA3260R,215.60387,205.9194479
VX-745,BA3261R,219.65143,204.4565189
VX-745,BA3264R,156.20016,220.3157597
VX-745,BA3266R,186.59499,155.653758
VX-745,BA3268R,206.9437,243.2947122
VX-745,BA3270R,193.8423,154.4694933
VX-745,BA3271R,158.12048,112.78852
VX-745,BA3273R,210.8616,186.7938287
VX-745,BA3275R,189.43767,239.2797391
VX-745,BA3277R,197.09418,242.317299
VX-745,BA3283R,184.82584,175.8985445
VX-745,BA3285R,222.01076,241.9258339
VX-745,BA3286R,166.68504,154.6944882
VX-745,BA3289R,185.32758,180.6998246
VX-745,BA3290R,218.04413,240.3079768
VX-745,BA3293R,204.37303,205.7400733
VX-745,BA3295R,181.43376,221.3460494
VX-745,BA3297R,188.73076,152.9795107
VX-745,BA3299R,184.2017,116.5298722
VX-745,BA3300R,211.69412,212.3714943
VX-745,BA3302R,203.02408,214.5105125
VX-745,BA3305R,197.85443,255.4160029
VX-745,BA3306R,202.86679,158.7092898
VX-745,BA3308R,188.89989,212.9258698
VX-745,BA3310R,187.06267,258.4440151
VX-745,BA3311R,183.96518,51.05973032
VX-745,BA3312R,197.9704,167.0929739
VX-745,BA3317R,205.8225,196.1153219
VX-745,BA3318R,207.44637,66.95139939
VX-745,BA3319R,218.19531,130.6045617
VX-745,BA3324R,200.66878,230.2871165
VX-745,BA3326R,198.65215,225.7594097
VX-745,BA3328R,197.39915,162.3888293
VX-745,BA3332R,191.59335,127.1624683
VX-745,BA3333R,195.33524,259.5309656
VX-745,BA3334R,195.03354,193.1832597
VX-745,BA3341R,213.17274,215.7196388
VX-745,BA3345R,181.06094,150.2151846
VX-745,BA3347R,202.7398,100.8496049
VX-745,BA3351R,215.07994,225.9116904
VX-745,BA3352R,203.89517,198.7433585
VX-745,BA3353R,207.58865,214.9669374
VX-745,BA3357R,206.40147,225.1568721
VX-745,BA3362R,218.72574,263.1547078
VX-745,BA3367R,197.67856,236.9319677
VX-745,BA3369R,168.76007,173.6606345
VX-745,BA3373R,227.99326,250.8889363
VX-745,BA3374R,207.52153,139.7783747
VX-745,BA3375R,179.12643,217.8505664
VX-745,BA3376R,187.05421,107.5901325
VX-745,BA3379R,193.25908,222.5007648
VX-745,BA3380R,191.06808,219.995357
VX-745,BA3381R,188.3846,190.6821143
VX-745,BA3384R,183.926,210.0470631
VX-745,BA3385R,175.14235,129.8496961
VX-745,BA3386R,169.5189,259.3231321
VX-745,BA3388R,213.85004,231.664249
VX-745,BA3390R,192.9507,277.4563035
VX-745,BA3394R,196.93156,197.0346334
VX-745,BA3397R,199.15106,216.8688892
VX-745,BA3399R,204.87155,182.5357518
VX-745,BA3400R,216.83572,240.4823248
VX-745,BA3403R,203.61655,187.9362849
VX-745,BA3406R,193.29573,102.7187963
VX-745,BA3411R,215.57603,213.9166902
VX-745,BA3412R,215.94983,264.8265773
VX-745,BA3415R,220.08177,240.4891373
VX-745,BA3416R,222.81194,286.3279433
VX-745,BA3417R,179.29916,136.9953387
VX-745,BA3418R,211.8798,103.3638702
VX-745,BA3421R,180.97636,150.5634759
VX-745,BA3422R,210.87181,239.9468841
VX-745,BA3423R,208.87445,173.1209343
VX-745,BA3431R,188.95694,134.1848687
VX-745,BA3433R,201.9396,242.136941
VX-745,BA3434R,207.30713,236.516861
VX-745,BA3438R,204.2924,275.8144408
VX-745,BA3445R,203.10263,27.11367928
VX-745,BA3446R,176.44043,100.865126
VX-745,BA3449R,207.48691,247.422032
VX-745,BA3451R,195.64954,216.6156578
VX-745,BA3452R,199.14224,111.551948
VX-745,BA3454R,185.61012,67.74637707
Vatalanib (PTK787),BA3078R,212.22603,112.4458269
Vatalanib (PTK787),BA3079R,217.26715,283.927362
Vatalanib (PTK787),BA3083R,218.17847,108.483589
Vatalanib (PTK787),BA3084R,198.8189,210.3246353
Vatalanib (PTK787),BA3087R,226.155,231.3262079
Vatalanib (PTK787),BA3089R,225.29506,218.6128258
Vatalanib (PTK787),BA3094R,214.83366,230.9621401
Vatalanib (PTK787),BA3098R,215.8242,190.4386944
Vatalanib (PTK787),BA3099R,215.53897,213.8447363
Vatalanib (PTK787),BA3110R,217.81665,144.2440411
Vatalanib (PTK787),BA3114R,222.45866,173.2994783
Vatalanib (PTK787),BA3117R,228.06712,286.3279433
Vatalanib (PTK787),BA3118R,226.29149,192.8925404
Vatalanib (PTK787),BA3119R,219.13019,181.9898278
Vatalanib (PTK787),BA3126R,239.63608,227.1132762
Vatalanib (PTK787),BA3128R,217.44989,225.9059344
Vatalanib (PTK787),BA3130R,251.61339,261.5973507
Vatalanib (PTK787),BA3133R,243.84953,238.8402641
Vatalanib (PTK787),BA3135R,214.88922,137.2453206
Vatalanib (PTK787),BA3137R,216.83432,123.8053194
Vatalanib (PTK787),BA3138R,242.39719,206.982742
Vatalanib (PTK787),BA3139R,240.78094,207.9431378
Vatalanib (PTK787),BA3145R,229.8447,242.3480689
Vatalanib (PTK787),BA3146R,203.95192,231.9715304
Vatalanib (PTK787),BA3152R,224.03125,206.3532705
Vatalanib (PTK787),BA3153R,222.50478,224.2334777
Vatalanib (PTK787),BA3154R,228.44295,135.6587984
Vatalanib (PTK787),BA3157R,217.17499,271.0469173
Vatalanib (PTK787),BA3158R,205.52045,93.46371059
Vatalanib (PTK787),BA3162R,225.88728,210.8038035
Vatalanib (PTK787),BA3163R,241.44339,245.3895725
Vatalanib (PTK787),BA3164R,219.12459,236.7266598
Vatalanib (PTK787),BA3167R,221.17413,99.52274331
Vatalanib (PTK787),BA3169R,236.37596,175.7591618
Vatalanib (PTK787),BA3171R,244.46841,233.3601751
Vatalanib (PTK787),BA3174R,230.75699,215.1038004
Vatalanib (PTK787),BA3175R,232.59525,200.2988176
Vatalanib (PTK787),BA3177R,208.58665,192.7932341
Vatalanib (PTK787),BA3181R,239.38295,216.4400469
Vatalanib (PTK787),BA3182R,216.53899,207.9100883
Vatalanib (PTK787),BA3183R,225.25662,242.2512176
Vatalanib (PTK787),BA3186R,237.14993,242.9920522
Vatalanib (PTK787),BA3187R,229.95251,232.2278509
Vatalanib (PTK787),BA3189R,230.32527,209.7939331
Vatalanib (PTK787),BA3190R,235.87828,169.5011797
Vatalanib (PTK787),BA3191R,224.04771,213.7328301
Vatalanib (PTK787),BA3192R,217.8741,213.2199765
Vatalanib (PTK787),BA3195R,221.35477,213.4875922
Vatalanib (PTK787),BA3197R,206.97809,276.7456049
Vatalanib (PTK787),BA3199R,214.2385,249.3170458
Vatalanib (PTK787),BA3200R,225.46829,277.6513583
Vatalanib (PTK787),BA3203R,232.03984,265.8575958
Vatalanib (PTK787),BA3206R,228.91243,242.7900848
Vatalanib (PTK787),BA3207R,245.22223,202.9560748
Vatalanib (PTK787),BA3208R,221.1924,206.1752101
Vatalanib (PTK787),BA3210R,236.53857,206.791713
Vatalanib (PTK787),BA3211R,206.9936,12.20771047
Vatalanib (PTK787),BA3212R,238.0512,249.7103491
Vatalanib (PTK787),BA3213R,216.27435,137.6554133
Vatalanib (PTK787),BA3214R,235.86655,262.4189846
Vatalanib (PTK787),BA3216R,220.84348,251.7980405
Vatalanib (PTK787),BA3217R,213.1846,202.6631911
Vatalanib (PTK787),BA3219R,233.53566,221.7243026
Vatalanib (PTK787),BA3225R,235.84052,207.2218108
Vatalanib (PTK787),BA3226R,225.79758,152.8233246
Vatalanib (PTK787),BA3227R,217.82048,234.684092
Vatalanib (PTK787),BA3228R,224.81735,187.2777759
Vatalanib (PTK787),BA3229R,234.14594,143.8097092
Vatalanib (PTK787),BA3232R,223.24696,226.433475
Vatalanib (PTK787),BA3235R,239.45435,227.8837007
Vatalanib (PTK787),BA3240R,226.40741,200.9461163
Vatalanib (PTK787),BA3242R,229.04204,201.5678824
Vatalanib (PTK787),BA3243R,221.96873,160.2024787
Vatalanib (PTK787),BA3249R,228.86125,150.1619214
Vatalanib (PTK787),BA3250R,219.09962,276.041735
Vatalanib (PTK787),BA3251R,217.18758,153.6115457
Vatalanib (PTK787),BA3258R,227.7863,218.864018
Vatalanib (PTK787),BA3260R,245.03293,224.6583095
Vatalanib (PTK787),BA3261R,240.62318,228.0503569
Vatalanib (PTK787),BA3264R,199.50443,233.5829972
Vatalanib (PTK787),BA3266R,216.36455,156.5896337
Vatalanib (PTK787),BA3268R,226.1795,275.3839181
Vatalanib (PTK787),BA3270R,228.7729,204.7178671
Vatalanib (PTK787),BA3271R,209.9811,165.1810406
Vatalanib (PTK787),BA3273R,228.72472,201.0820823
Vatalanib (PTK787),BA3275R,215.88708,188.8754852
Vatalanib (PTK787),BA3277R,224.52223,193.2914684
Vatalanib (PTK787),BA3283R,221.18024,172.0302312
Vatalanib (PTK787),BA3285R,240.07799,259.1941735
Vatalanib (PTK787),BA3286R,206.41968,187.6189828
Vatalanib (PTK787),BA3289R,224.43915,241.8583864
Vatalanib (PTK787),BA3290R,242.21461,248.9895384
Vatalanib (PTK787),BA3293R,224.80354,206.7674179
Vatalanib (PTK787),BA3295R,218.19373,267.3825896
Vatalanib (PTK787),BA3297R,219.465,213.0311343
Vatalanib (PTK787),BA3299R,223.08528,230.1854447
Vatalanib (PTK787),BA3300R,231.72551,230.1062697
Vatalanib (PTK787),BA3302R,224.75124,248.025787
Vatalanib (PTK787),BA3305R,228.58662,245.8219918
Vatalanib (PTK787),BA3306R,221.77365,226.7633365
Vatalanib (PTK787),BA3308R,211.78561,214.5151682
Vatalanib (PTK787),BA3310R,216.18832,229.7043755
Vatalanib (PTK787),BA3311R,229.552,68.95854841
Vatalanib (PTK787),BA3312R,228.01071,207.7622926
Vatalanib (PTK787),BA3317R,219.97113,220.46897
Vatalanib (PTK787),BA3319R,250.6497,220.9359811
Vatalanib (PTK787),BA3324R,227.42262,224.8588957
Vatalanib (PTK787),BA3325R,228.52573,234.8481859
Vatalanib (PTK787),BA3326R,238.00769,237.7380798
Vatalanib (PTK787),BA3328R,224.3135,223.935464
Vatalanib (PTK787),BA3332R,217.58116,212.4197734
Vatalanib (PTK787),BA3333R,222.24083,208.7828948
Vatalanib (PTK787),BA3334R,223.09174,134.8437777
Vatalanib (PTK787),BA3341R,232.72192,227.0461028
Vatalanib (PTK787),BA3345R,225.7318,179.202861
Vatalanib (PTK787),BA3347R,238.02702,185.6948416
Vatalanib (PTK787),BA3351R,239.72893,228.0122791
Vatalanib (PTK787),BA3352R,224.63774,232.9060502
Vatalanib (PTK787),BA3353R,222.92227,166.4443763
Vatalanib (PTK787),BA3357R,231.05263,221.6308027
Vatalanib (PTK787),BA3362R,239.14468,252.0430075
Vatalanib (PTK787),BA3367R,235.32253,223.3329813
Vatalanib (PTK787),BA3369R,212.34367,234.4148733
Vatalanib (PTK787),BA3373R,246.25075,277.3818847
Vatalanib (PTK787),BA3374R,228.20279,242.1610453
Vatalanib (PTK787),BA3376R,215.5123,227.8339294
Vatalanib (PTK787),BA3379R,221.58208,208.5962598
Vatalanib (PTK787),BA3380R,214.97272,204.1143704
Vatalanib (PTK787),BA3381R,220.73029,225.8055679
Vatalanib (PTK787),BA3384R,221.24368,251.2442648
Vatalanib (PTK787),BA3386R,206.32716,126.2129309
Vatalanib (PTK787),BA3388R,241.31868,230.1031537
Vatalanib (PTK787),BA3390R,234.60023,264.4424742
Vatalanib (PTK787),BA3394R,230.43951,247.1116309
Vatalanib (PTK787),BA3397R,223.47174,203.214815
Vatalanib (PTK787),BA3399R,233.71626,252.1950732
Vatalanib (PTK787),BA3400R,233.99297,253.474691
Vatalanib (PTK787),BA3403R,228.43587,241.91539
Vatalanib (PTK787),BA3406R,214.30249,68.34337805
Vatalanib (PTK787),BA3411R,241.24773,234.8541034
Vatalanib (PTK787),BA3412R,232.10826,265.2856862
Vatalanib (PTK787),BA3415R,241.11969,171.6604714
Vatalanib (PTK787),BA3416R,235.86823,231.4352813
Vatalanib (PTK787),BA3418R,232.84085,212.7901118
Vatalanib (PTK787),BA3421R,217.05307,231.379951
Vatalanib (PTK787),BA3422R,226.05704,242.7063845
Vatalanib (PTK787),BA3423R,223.8522,205.7591019
Vatalanib (PTK787),BA3431R,225.23631,204.0259881
Vatalanib (PTK787),BA3433R,221.88168,229.803843
Vatalanib (PTK787),BA3434R,233.14313,224.9878054
Vatalanib (PTK787),BA3438R,222.10579,270.7159385
Vatalanib (PTK787),BA3445R,226.16107,138.9905089
Vatalanib (PTK787),BA3446R,216.38661,258.9935889
Vatalanib (PTK787),BA3449R,232.15695,263.0175219
Vatalanib (PTK787),BA3451R,243.0077,249.1462906
Vatalanib (PTK787),BA3452R,221.59206,230.5833098
Vatalanib (PTK787),BA3454R,218.29736,247.9787531
YM-155,BA3078R,244.71588,275.1572811
YM-155,BA3079R,246.85422,187.3674315
YM-155,BA3083R,245.8387,234.1279625
YM-155,BA3084R,241.67297,255.7587638
YM-155,BA3087R,253.76285,281.1644488
YM-155,BA3089R,255.49196,233.1363523
YM-155,BA3094R,246.40388,208.9961893
YM-155,BA3098R,246.69997,236.2812641
YM-155,BA3099R,251.4271,253.8626304
YM-155,BA3110R,248.94467,130.2276267
YM-155,BA3114R,247.57463,194.2876752
YM-155,BA3117R,258.06186,286.3279433
YM-155,BA3118R,251.81712,179.3299609
YM-155,BA3119R,256.47675,252.6141964
YM-155,BA3126R,243.50919,286.0659211
YM-155,BA3128R,256.22485,219.5675044
YM-155,BA3130R,238.4068,223.2966944
YM-155,BA3133R,259.82587,272.8635123
YM-155,BA3135R,250.2232,286.3279433
YM-155,BA3137R,243.67886,130.5426261
YM-155,BA3138R,254.06467,213.0213946
YM-155,BA3139R,256.03775,286.3279433
YM-155,BA3145R,263.5117,237.6279202
YM-155,BA3146R,244.757,211.9984333
YM-155,BA3152R,243.13223,230.5186754
YM-155,BA3153R,254.64592,262.5936222
YM-155,BA3154R,251.35153,216.0450521
YM-155,BA3157R,249.38457,266.5972105
YM-155,BA3158R,244.28696,253.2167911
YM-155,BA3162R,243.88115,158.7663113
YM-155,BA3163R,241.88069,156.3879723
YM-155,BA3164R,251.19824,255.6402623
YM-155,BA3167R,246.7183,233.3943423
YM-155,BA3169R,245.89766,208.1190082
YM-155,BA3171R,259.82724,266.764438
YM-155,BA3174R,249.26799,260.5848703
YM-155,BA3175R,249.30658,248.995135
YM-155,BA3177R,240.41483,163.3221233
YM-155,BA3181R,251.17874,241.875552
YM-155,BA3182R,243.7043,184.8712367
YM-155,BA3183R,252.38477,240.2983998
YM-155,BA3185R,249.17072,150.2048561
YM-155,BA3186R,254.76944,260.0949418
YM-155,BA3187R,251.84357,213.1878306
YM-155,BA3189R,258.64493,246.0423815
YM-155,BA3190R,258.70883,259.7206504
YM-155,BA3191R,242.8516,178.364229
YM-155,BA3192R,252.85756,201.4990302
YM-155,BA3195R,253.79182,286.3279433
YM-155,BA3197R,248.68198,85.54577153
YM-155,BA3199R,244.66269,232.5836402
YM-155,BA3200R,260.4438,226.5001038
YM-155,BA3203R,254.90875,286.3279433
YM-155,BA3206R,257.50443,275.9833367
YM-155,BA3207R,247.23315,222.8694919
YM-155,BA3208R,256.4853,285.8169861
YM-155,BA3210R,249.8828,251.4576655
YM-155,BA3212R,253.49203,156.5236997
YM-155,BA3213R,245.78003,279.9663656
YM-155,BA3214R,262.60693,275.5802014
YM-155,BA3216R,252.17172,255.9455707
YM-155,BA3217R,250.45638,286.3279433
YM-155,BA3219R,244.87508,228.2974337
YM-155,BA3222R,247.83826,153.1047369
YM-155,BA3225R,246.00949,174.471502
YM-155,BA3226R,257.81522,199.7320632
YM-155,BA3227R,252.9653,238.4737988
YM-155,BA3228R,248.94345,222.0846081
YM-155,BA3229R,252.01044,221.3159672
YM-155,BA3232R,249.48062,207.6928559
YM-155,BA3235R,250.0437,286.3279433
YM-155,BA3240R,256.57935,286.2559337
YM-155,BA3242R,253.87694,199.5681906
YM-155,BA3243R,250.67728,225.3521385
YM-155,BA3249R,260.7219,165.3073706
YM-155,BA3250R,239.97888,172.5433224
YM-155,BA3251R,246.72356,165.4710346
YM-155,BA3258R,248.13054,234.9068065
YM-155,BA3260R,251.80939,150.7793112
YM-155,BA3261R,260.30722,283.3394361
YM-155,BA3264R,233.39804,212.856341
YM-155,BA3266R,250.92548,257.8780051
YM-155,BA3268R,250.26031,269.4108802
YM-155,BA3270R,251.35684,244.4014903
YM-155,BA3271R,242.65247,200.0787009
YM-155,BA3273R,252.04034,195.1421579
YM-155,BA3275R,247.99805,261.9722463
YM-155,BA3277R,250.65782,226.7580793
YM-155,BA3283R,248.96161,118.4486284
YM-155,BA3285R,256.394,274.6154358
YM-155,BA3286R,242.21812,280.1671929
YM-155,BA3289R,242.34636,229.2755982
YM-155,BA3290R,259.85587,282.8937644
YM-155,BA3293R,255.04997,267.4981403
YM-155,BA3295R,241.47784,195.6884252
YM-155,BA3297R,248.81863,194.9870482
YM-155,BA3299R,244.82321,232.5519299
YM-155,BA3300R,257.3662,269.3422731
YM-155,BA3302R,254.57379,203.3537303
YM-155,BA3305R,251.0425,217.8748982
YM-155,BA3306R,259.71036,211.6275255
YM-155,BA3308R,250.81223,286.2973316
YM-155,BA3310R,253.1876,258.7174798
YM-155,BA3312R,252.96959,226.3484451
YM-155,BA3317R,257.20618,286.0337487
YM-155,BA3319R,240.74911,223.5844012
YM-155,BA3324R,248.07066,262.7205939
YM-155,BA3325R,255.95549,285.1830061
YM-155,BA3326R,242.4936,229.3269273
YM-155,BA3328R,249.03015,243.7953779
YM-155,BA3332R,253.43501,265.0262694
YM-155,BA3333R,255.69281,235.9056027
YM-155,BA3334R,247.50938,261.9224277
YM-155,BA3341R,259.71704,282.8012297
YM-155,BA3345R,242.76846,210.3174513
YM-155,BA3347R,249.72702,185.4558048
YM-155,BA3351R,245.67168,247.1241409
YM-155,BA3352R,253.907,213.1670918
YM-155,BA3353R,260.24677,231.5182482
YM-155,BA3357R,261.34274,281.0398564
YM-155,BA3362R,249.94086,217.2642311
YM-155,BA3367R,243.5053,218.4537857
YM-155,BA3369R,242.97694,155.0676268
YM-155,BA3373R,261.76328,280.6756399
YM-155,BA3374R,243.1671,166.005109
YM-155,BA3376R,254.47781,204.4044083
YM-155,BA3379R,251.62717,253.4158763
YM-155,BA3380R,254.73001,260.310521
YM-155,BA3381R,242.39915,274.5928316
YM-155,BA3384R,248.86334,174.6066827
YM-155,BA3385R,248.85905,205.1633655
YM-155,BA3386R,252.57037,228.764496
YM-155,BA3388R,254.98811,286.3279433
YM-155,BA3390R,248.11957,199.4616791
YM-155,BA3394R,247.52919,265.6308202
YM-155,BA3397R,253.52359,283.7037131
YM-155,BA3399R,248.03352,176.2903987
YM-155,BA3400R,257.37173,195.1488634
YM-155,BA3403R,244.67226,194.7973306
YM-155,BA3406R,253.72627,152.1806455
YM-155,BA3411R,259.0681,276.124136
YM-155,BA3412R,250.86063,232.7247963
YM-155,BA3415R,251.18613,284.8495546
YM-155,BA3416R,265.10706,243.2590066
YM-155,BA3417R,243.8524,151.9110945
YM-155,BA3418R,255.52907,280.0033681
YM-155,BA3421R,241.59529,219.2414897
YM-155,BA3422R,261.2704,245.7090116
YM-155,BA3423R,260.22433,282.2370409
YM-155,BA3431R,249.22325,223.670837
YM-155,BA3433R,257.6764,256.3934386
YM-155,BA3434R,252.95062,266.2748762
YM-155,BA3438R,249.64005,197.3822855
YM-155,BA3445R,254.06236,164.3857502
YM-155,BA3446R,243.54518,185.9999257
YM-155,BA3449R,248.29028,186.3218871
YM-155,BA3451R,246.96193,224.7755568
YM-155,BA3452R,253.63554,209.0999314
YM-155,BA3454R,251.09932,271.3806297
p38 MAP Kinase Inhibitor,BA3243R,227.3772,274.4401828
p38 MAP Kinase Inhibitor,BA3379R,224.4796,213.2912414
17-AAG (Tanespimycin),BA3078R,134.30142,193.5569079
17-AAG (Tanespimycin),BA3079R,139.97238,151.0259384
17-AAG (Tanespimycin),BA3083R,125.67619,92.47574177
17-AAG (Tanespimycin),BA3084R,136.92961,174.3918455
17-AAG (Tanespimycin),BA3087R,185.4505,286.3279433
17-AAG (Tanespimycin),BA3089R,172.93141,213.027356
17-AAG (Tanespimycin),BA3094R,152.64554,74.37750685
17-AAG (Tanespimycin),BA3098R,132.48257,124.0479069
17-AAG (Tanespimycin),BA3099R,128.79982,125.0268006
17-AAG (Tanespimycin),BA3110R,148.52998,115.6972684
17-AAG (Tanespimycin),BA3114R,148.40868,124.7686862
17-AAG (Tanespimycin),BA3117R,182.34523,8.09E-09
17-AAG (Tanespimycin),BA3118R,147.2888,134.4193929
17-AAG (Tanespimycin),BA3119R,171.84529,249.848511
17-AAG (Tanespimycin),BA3126R,144.88042,125.4966839
17-AAG (Tanespimycin),BA3128R,165.0197,176.8956165
17-AAG (Tanespimycin),BA3130R,164.5602,109.118945
17-AAG (Tanespimycin),BA3133R,200.91986,177.7838155
17-AAG (Tanespimycin),BA3135R,157.46098,125.7272479
17-AAG (Tanespimycin),BA3137R,129.13948,116.0309674
17-AAG (Tanespimycin),BA3138R,174.33522,145.4347286
17-AAG (Tanespimycin),BA3139R,198.5211,154.3586749
17-AAG (Tanespimycin),BA3145R,189.52751,136.7218593
17-AAG (Tanespimycin),BA3146R,102.94667,98.79749501
17-AAG (Tanespimycin),BA3152R,143.72084,141.6231419
17-AAG (Tanespimycin),BA3153R,165.87544,142.397677
17-AAG (Tanespimycin),BA3154R,184.16907,162.5575705
17-AAG (Tanespimycin),BA3157R,155.90407,251.8501897
17-AAG (Tanespimycin),BA3158R,136.32523,82.26915328
17-AAG (Tanespimycin),BA3162R,142.1705,132.0861844
17-AAG (Tanespimycin),BA3163R,143.80571,60.15621373
17-AAG (Tanespimycin),BA3164R,145.40793,90.91835178
17-AAG (Tanespimycin),BA3167R,147.57405,45.84391541
17-AAG (Tanespimycin),BA3169R,150.43027,90.75401624
17-AAG (Tanespimycin),BA3171R,196.07964,215.8489477
17-AAG (Tanespimycin),BA3174R,147.42001,124.609856
17-AAG (Tanespimycin),BA3175R,144.45932,99.51932989
17-AAG (Tanespimycin),BA3177R,119.84988,93.20536857
17-AAG (Tanespimycin),BA3181R,157.90758,102.9665311
17-AAG (Tanespimycin),BA3182R,130.86856,108.5795025
17-AAG (Tanespimycin),BA3183R,161.20607,170.0938975
17-AAG (Tanespimycin),BA3185R,138.09119,90.85388764
17-AAG (Tanespimycin),BA3186R,191.13826,154.572868
17-AAG (Tanespimycin),BA3187R,163.36295,139.1033033
17-AAG (Tanespimycin),BA3189R,181.07895,214.9171362
17-AAG (Tanespimycin),BA3190R,182.78304,199.6063891
17-AAG (Tanespimycin),BA3191R,134.18913,115.9403004
17-AAG (Tanespimycin),BA3192R,169.908,129.5490871
17-AAG (Tanespimycin),BA3195R,155.06271,170.8013749
17-AAG (Tanespimycin),BA3197R,149.90257,41.66128253
17-AAG (Tanespimycin),BA3199R,136.92914,121.1633586
17-AAG (Tanespimycin),BA3200R,185.57469,179.65357
17-AAG (Tanespimycin),BA3203R,166.56018,226.4657443
17-AAG (Tanespimycin),BA3206R,187.75168,206.6689299
17-AAG (Tanespimycin),BA3207R,149.6406,109.4595414
17-AAG (Tanespimycin),BA3208R,158.08958,122.7647691
17-AAG (Tanespimycin),BA3210R,169.46257,183.5529853
17-AAG (Tanespimycin),BA3211R,131.15488,80.7490569
17-AAG (Tanespimycin),BA3212R,191.10832,225.1160173
17-AAG (Tanespimycin),BA3213R,125.4872,136.5840211
17-AAG (Tanespimycin),BA3214R,184.515,182.0832237
17-AAG (Tanespimycin),BA3216R,149.70949,78.61231477
17-AAG (Tanespimycin),BA3217R,142.08492,153.538683
17-AAG (Tanespimycin),BA3219R,139.54254,93.54743592
17-AAG (Tanespimycin),BA3222R,176.83212,122.3078351
17-AAG (Tanespimycin),BA3225R,147.85722,137.2578248
17-AAG (Tanespimycin),BA3226R,167.47212,172.0637134
17-AAG (Tanespimycin),BA3227R,169.71329,94.26809647
17-AAG (Tanespimycin),BA3228R,139.8346,91.2535948
17-AAG (Tanespimycin),BA3229R,174.4229,117.4188227
17-AAG (Tanespimycin),BA3232R,141.79689,182.910355
17-AAG (Tanespimycin),BA3235R,139.83221,113.3654952
17-AAG (Tanespimycin),BA3240R,184.2231,137.7384092
17-AAG (Tanespimycin),BA3242R,162.1166,179.4124122
17-AAG (Tanespimycin),BA3249R,195.26385,214.4629141
17-AAG (Tanespimycin),BA3250R,128.38335,178.1049548
17-AAG (Tanespimycin),BA3251R,127.89499,125.028674
17-AAG (Tanespimycin),BA3258R,130.76286,92.8511665
17-AAG (Tanespimycin),BA3260R,170.19093,109.5816685
17-AAG (Tanespimycin),BA3261R,199.35768,208.1863026
17-AAG (Tanespimycin),BA3264R,118.99362,165.5044487
17-AAG (Tanespimycin),BA3266R,133.6519,97.52058753
17-AAG (Tanespimycin),BA3268R,179.0748,221.0275228
17-AAG (Tanespimycin),BA3270R,141.04584,90.8508056
17-AAG (Tanespimycin),BA3271R,112.48856,96.15120691
17-AAG (Tanespimycin),BA3273R,181.56213,107.4163134
17-AAG (Tanespimycin),BA3275R,153.24301,156.6199191
17-AAG (Tanespimycin),BA3277R,161.19754,180.4247041
17-AAG (Tanespimycin),BA3283R,134.43286,127.9324098
17-AAG (Tanespimycin),BA3286R,115.88634,132.5535156
17-AAG (Tanespimycin),BA3289R,127.54107,142.0615086
17-AAG (Tanespimycin),BA3290R,187.80626,223.1627746
17-AAG (Tanespimycin),BA3293R,168.4332,123.8672643
17-AAG (Tanespimycin),BA3295R,135.61455,127.3697816
17-AAG (Tanespimycin),BA3297R,147.62117,134.8008179
17-AAG (Tanespimycin),BA3299R,135.9807,115.8610397
17-AAG (Tanespimycin),BA3300R,189.41396,231.5762124
17-AAG (Tanespimycin),BA3302R,172.38971,135.0966661
17-AAG (Tanespimycin),BA3305R,158.05702,168.0504383
17-AAG (Tanespimycin),BA3306R,175.6977,119.2363436
17-AAG (Tanespimycin),BA3308R,156.24849,212.0122632
17-AAG (Tanespimycin),BA3311R,136.21887,60.36303257
17-AAG (Tanespimycin),BA3312R,163.77847,139.9193635
17-AAG (Tanespimycin),BA3317R,179.83289,151.5998063
17-AAG (Tanespimycin),BA3319R,158.51025,119.6592076
17-AAG (Tanespimycin),BA3324R,159.24826,166.4799528
17-AAG (Tanespimycin),BA3325R,163.30876,159.8083281
17-AAG (Tanespimycin),BA3326R,144.60797,121.0718783
17-AAG (Tanespimycin),BA3328R,164.72946,84.26494433
17-AAG (Tanespimycin),BA3332R,158.91443,227.4428433
17-AAG (Tanespimycin),BA3333R,166.25778,193.5211531
17-AAG (Tanespimycin),BA3334R,148.3431,110.9236433
17-AAG (Tanespimycin),BA3341R,186.70476,228.7807627
17-AAG (Tanespimycin),BA3345R,133.7863,122.0661179
17-AAG (Tanespimycin),BA3347R,152.32985,138.1101046
17-AAG (Tanespimycin),BA3351R,193.10976,158.3271565
17-AAG (Tanespimycin),BA3352R,173.90121,167.4013889
17-AAG (Tanespimycin),BA3353R,183.90442,228.9766286
17-AAG (Tanespimycin),BA3357R,185.71411,244.6060566
17-AAG (Tanespimycin),BA3362R,169.23303,137.2210215
17-AAG (Tanespimycin),BA3367R,154.84003,141.9788595
17-AAG (Tanespimycin),BA3369R,120.25665,113.1018663
17-AAG (Tanespimycin),BA3373R,203.87811,207.8115184
17-AAG (Tanespimycin),BA3374R,147.18135,77.57230494
17-AAG (Tanespimycin),BA3376R,136.42969,144.6134993
17-AAG (Tanespimycin),BA3379R,153.15454,185.4402885
17-AAG (Tanespimycin),BA3380R,145.42276,130.4923668
17-AAG (Tanespimycin),BA3381R,142.78499,191.1873621
17-AAG (Tanespimycin),BA3384R,132.05746,187.7139379
17-AAG (Tanespimycin),BA3385R,122.16686,91.32298245
17-AAG (Tanespimycin),BA3386R,119.201775,166.1605283
17-AAG (Tanespimycin),BA3388R,175.38553,211.9201325
17-AAG (Tanespimycin),BA3390R,135.1168,127.7017687
17-AAG (Tanespimycin),BA3394R,149.21175,139.965115
17-AAG (Tanespimycin),BA3397R,161.40186,215.2172177
17-AAG (Tanespimycin),BA3399R,158.75067,121.1712807
17-AAG (Tanespimycin),BA3400R,193.82578,193.6636418
17-AAG (Tanespimycin),BA3403R,142.30104,87.62085022
17-AAG (Tanespimycin),BA3406R,147.68468,41.12077953
17-AAG (Tanespimycin),BA3411R,187.34009,172.0550894
17-AAG (Tanespimycin),BA3412R,174.75845,225.3834599
17-AAG (Tanespimycin),BA3415R,195.4458,204.1426159
17-AAG (Tanespimycin),BA3416R,207.55444,234.9464764
17-AAG (Tanespimycin),BA3417R,131.80139,162.7627245
17-AAG (Tanespimycin),BA3421R,127.960655,102.0751085
17-AAG (Tanespimycin),BA3422R,189.45354,234.8160904
17-AAG (Tanespimycin),BA3423R,180.87741,123.0409431
17-AAG (Tanespimycin),BA3431R,136.43593,109.490506
17-AAG (Tanespimycin),BA3433R,177.40082,242.1562354
17-AAG (Tanespimycin),BA3434R,165.71298,228.1503036
17-AAG (Tanespimycin),BA3438R,166.334,135.7549093
17-AAG (Tanespimycin),BA3445R,169.57678,93.11617608
17-AAG (Tanespimycin),BA3446R,127.89037,95.39069022
17-AAG (Tanespimycin),BA3449R,165.8721,166.0115025
17-AAG (Tanespimycin),BA3451R,136.6203,114.3489215
17-AAG (Tanespimycin),BA3452R,156.12169,140.6846846
17-AAG (Tanespimycin),BA3454R,134.0802,1.933723811
A-674563,BA3078R,127.52102,112.775972
A-674563,BA3079R,139.32971,159.8683328
A-674563,BA3083R,130.3652,103.8701307
A-674563,BA3084R,122.34086,175.0379673
A-674563,BA3087R,153.24564,123.6649523
A-674563,BA3089R,133.03331,70.90541155
A-674563,BA3094R,148.17857,121.754777
A-674563,BA3098R,134.30649,118.1730908
A-674563,BA3110R,136.62993,87.80921352
A-674563,BA3114R,141.70741,150.6106323
A-674563,BA3117R,141.87273,286.3279433
A-674563,BA3118R,143.38394,100.8867275
A-674563,BA3119R,126.325836,9.973989882
A-674563,BA3126R,156.55856,105.2500785
A-674563,BA3128R,141.50618,91.25214634
A-674563,BA3130R,180.08713,158.2695551
A-674563,BA3133R,171.62138,142.5196249
A-674563,BA3135R,116.82176,29.63543847
A-674563,BA3137R,136.63463,112.2418079
A-674563,BA3138R,160.91522,129.4446495
A-674563,BA3139R,164.2412,67.48678941
A-674563,BA3145R,165.17307,77.86803019
A-674563,BA3146R,109.84195,124.16759
A-674563,BA3152R,152.03935,102.3756408
A-674563,BA3153R,146.85117,160.8301002
A-674563,BA3154R,157.60461,119.1668443
A-674563,BA3157R,120.92309,84.3940701
A-674563,BA3158R,123.77595,39.54409332
A-674563,BA3162R,140.59152,131.4685277
A-674563,BA3163R,158.46123,147.0874617
A-674563,BA3164R,115.78111,90.48876115
A-674563,BA3167R,145.60797,97.98366021
A-674563,BA3169R,154.66307,145.2816767
A-674563,BA3171R,173.11151,126.1315571
A-674563,BA3174R,150.15773,129.2412223
A-674563,BA3175R,150.12062,96.12741325
A-674563,BA3177R,121.54675,112.1234268
A-674563,BA3181R,154.04562,100.0833263
A-674563,BA3182R,139.68997,104.1312586
A-674563,BA3183R,130.22646,91.35243468
A-674563,BA3185R,129.0644,80.09054137
A-674563,BA3186R,164.61224,113.919537
A-674563,BA3187R,149.52281,138.8792675
A-674563,BA3189R,148.01512,78.771465
A-674563,BA3190R,160.87196,63.5719668
A-674563,BA3191R,144.96722,126.1077187
A-674563,BA3192R,140.88875,125.7974544
A-674563,BA3195R,136.2176,110.5451889
A-674563,BA3197R,108.53299,237.7320877
A-674563,BA3199R,121.397644,144.782614
A-674563,BA3200R,144.98885,110.0963215
A-674563,BA3203R,149.29922,152.8503143
A-674563,BA3206R,164.71327,121.0929582
A-674563,BA3207R,157.81796,166.9816978
A-674563,BA3208R,129.23265,86.82171029
A-674563,BA3210R,162.18274,141.3952825
A-674563,BA3212R,160.12112,137.6896284
A-674563,BA3213R,135.47098,100.8431577
A-674563,BA3214R,161.65457,152.8521551
A-674563,BA3216R,141.53218,72.94372341
A-674563,BA3217R,116.96007,68.9155066
A-674563,BA3219R,155.4585,58.2449256
A-674563,BA3222R,160.19112,156.3138439
A-674563,BA3225R,166.63338,105.0336314
A-674563,BA3226R,126.297295,82.46101148
A-674563,BA3227R,130.36148,132.7740402
A-674563,BA3228R,138.79553,123.8140431
A-674563,BA3229R,166.19142,98.66233839
A-674563,BA3230R,159.29474,162.8103632
A-674563,BA3232R,128.72523,124.6559454
A-674563,BA3235R,156.69379,105.3146309
A-674563,BA3240R,148.62285,183.5798166
A-674563,BA3242R,146.0165,139.577536
A-674563,BA3243R,140.3903,149.2863861
A-674563,BA3249R,168.15945,127.3049496
A-674563,BA3250R,141.06604,148.0107614
A-674563,BA3251R,126.627754,109.1603922
A-674563,BA3258R,142.06242,125.1965886
A-674563,BA3260R,159.30026,153.9488615
A-674563,BA3261R,166.79498,129.2298117
A-674563,BA3264R,103.23189,118.849888
A-674563,BA3266R,126.824905,88.46941122
A-674563,BA3268R,143.24974,118.7939045
A-674563,BA3270R,140.56114,112.3328423
A-674563,BA3271R,119.73326,70.83395171
A-674563,BA3273R,163.38474,177.2682085
A-674563,BA3275R,121.79706,85.3734538
A-674563,BA3277R,146.49214,113.4577352
A-674563,BA3283R,136.0147,113.0856043
A-674563,BA3285R,164.81273,79.83038832
A-674563,BA3286R,121.32045,106.3950489
A-674563,BA3289R,137.72821,103.0507119
A-674563,BA3290R,161.3003,142.0620491
A-674563,BA3293R,136.28777,76.90691444
A-674563,BA3295R,146.36035,105.4266343
A-674563,BA3297R,134.45335,156.9859001
A-674563,BA3299R,136.7401,87.19999849
A-674563,BA3300R,143.75325,164.931342
A-674563,BA3302R,141.35744,164.0112207
A-674563,BA3305R,138.93634,113.7897932
A-674563,BA3306R,149.04466,52.99652454
A-674563,BA3308R,128.6264,201.4992749
A-674563,BA3310R,117.79462,54.75676201
A-674563,BA3311R,140.88773,77.21868081
A-674563,BA3312R,138.414,92.19714902
A-674563,BA3317R,143.27005,81.89227259
A-674563,BA3318R,151.02441,52.28668183
A-674563,BA3319R,171.4698,102.4054746
A-674563,BA3324R,152.50436,117.2860253
A-674563,BA3326R,154.68517,122.2175009
A-674563,BA3328R,135.3896,163.1279559
A-674563,BA3332R,127.277756,87.14553381
A-674563,BA3333R,132.70332,103.9251088
A-674563,BA3334R,147.62302,125.7391699
A-674563,BA3341R,163.83855,141.3685523
A-674563,BA3345R,141.78491,102.1078384
A-674563,BA3347R,155.01334,133.1379591
A-674563,BA3351R,148.51569,108.8702977
A-674563,BA3352R,137.0744,84.36969168
A-674563,BA3353R,151.35742,28.70318563
A-674563,BA3357R,143.78235,107.8636019
A-674563,BA3362R,154.96944,119.0312986
A-674563,BA3367R,149.97676,139.6195528
A-674563,BA3369R,127.08826,108.5186955
A-674563,BA3373R,164.37633,186.3690833
A-674563,BA3374R,145.03868,142.334425
A-674563,BA3375R,107.350204,47.18039372
A-674563,BA3376R,110.00481,67.35507343
A-674563,BA3379R,136.92609,178.4079623
A-674563,BA3380R,123.58031,64.26725795
A-674563,BA3381R,144.74498,202.9506068
A-674563,BA3384R,122.68769,183.9753893
A-674563,BA3385R,129.40305,175.3026498
A-674563,BA3386R,101.163086,108.4686585
A-674563,BA3388R,161.99902,133.627966
A-674563,BA3390R,154.6969,148.4817726
A-674563,BA3394R,141.65224,121.2341839
A-674563,BA3397R,139.87624,129.7007332
A-674563,BA3399R,153.75638,151.4348257
A-674563,BA3400R,172.68417,150.5996305
A-674563,BA3403R,143.6136,157.7617207
A-674563,BA3406R,127.176315,216.0308938
A-674563,BA3411R,162.27562,168.5142107
A-674563,BA3412R,153.38365,139.4095844
A-674563,BA3415R,166.32732,113.0916667
A-674563,BA3416R,178.38098,8.09E-09
A-674563,BA3417R,136.58989,106.4984481
A-674563,BA3418R,157.28914,70.90887096
A-674563,BA3421R,139.33438,136.347872
A-674563,BA3422R,156.33513,106.4881603
A-674563,BA3423R,150.89702,32.25748653
A-674563,BA3431R,143.85591,125.3542266
A-674563,BA3433R,146.65453,130.1739947
A-674563,BA3434R,155.90947,144.5800503
A-674563,BA3438R,140.81387,128.8134483
A-674563,BA3445R,140.32744,65.84361976
A-674563,BA3446R,132.12296,123.6259548
A-674563,BA3449R,147.92224,114.3412664
A-674563,BA3451R,148.16554,93.09375109
A-674563,BA3452R,146.58319,92.85588797
A-674563,BA3454R,110.95229,190.3280214
ABT-737,BA3243R,181.73032,54.26797232
ABT-737,BA3273R,189.66402,35.418145
ABT-737,BA3379R,171.41983,177.7738545
AT7519,BA3078R,123.62864,84.73998565
AT7519,BA3079R,123.31621,129.2441477
AT7519,BA3083R,118.06058,106.5969958
AT7519,BA3084R,127.845375,135.7094787
AT7519,BA3087R,156.21364,117.3582221
AT7519,BA3089R,149.11092,87.3648988
AT7519,BA3094R,137.17697,106.1004881
AT7519,BA3098R,123.95946,145.3276514
AT7519,BA3099R,124.30345,227.4246493
AT7519,BA3110R,126.22586,134.4111034
AT7519,BA3114R,121.06517,81.08340302
AT7519,BA3117R,146.13115,286.3279433
AT7519,BA3119R,156.41344,78.61818505
AT7519,BA3128R,145.86696,87.12134959
AT7519,BA3130R,148.96156,125.0265959
AT7519,BA3133R,151.47319,133.566239
AT7519,BA3137R,124.278145,161.0279904
AT7519,BA3138R,130.3489,116.7552463
AT7519,BA3139R,164.73497,183.2635916
AT7519,BA3145R,162.50887,187.7231541
AT7519,BA3146R,111.26986,189.4811014
AT7519,BA3152R,125.12338,88.76544909
AT7519,BA3153R,135.6052,137.9549567
AT7519,BA3154R,150.61636,143.0274143
AT7519,BA3157R,141.10655,141.8234748
AT7519,BA3158R,124.93723,98.91172594
AT7519,BA3162R,127.175125,132.4322865
AT7519,BA3163R,128.71771,86.91630205
AT7519,BA3164R,130.45145,160.6816116
AT7519,BA3167R,130.30823,84.43892819
AT7519,BA3169R,127.034676,109.0729342
AT7519,BA3171R,145.31795,148.5088727
AT7519,BA3174R,127.49987,82.53129461
AT7519,BA3175R,129.70563,132.4904567
AT7519,BA3177R,117.21371,87.98407154
AT7519,BA3181R,127.890144,131.3555131
AT7519,BA3182R,128.2046,113.0908562
AT7519,BA3183R,130.20071,113.9460255
AT7519,BA3185R,124.52374,142.0745649
AT7519,BA3186R,149.96713,212.7181614
AT7519,BA3187R,127.62151,132.1640795
AT7519,BA3189R,150.00488,148.7112877
AT7519,BA3190R,137.76419,112.5256021
AT7519,BA3191R,128.49031,131.6792788
AT7519,BA3192R,152.19185,140.1793585
AT7519,BA3195R,128.25812,173.2683866
AT7519,BA3197R,138.37552,60.47502144
AT7519,BA3199R,123.15719,117.7700189
AT7519,BA3200R,162.89801,229.3153459
AT7519,BA3203R,126.86714,132.4565432
AT7519,BA3207R,134.06972,161.3192805
AT7519,BA3208R,132.1159,175.8307437
AT7519,BA3210R,130.26001,125.8120957
AT7519,BA3211R,121.584625,84.85131833
AT7519,BA3212R,156.71545,158.0051792
AT7519,BA3213R,122.497086,147.3248346
AT7519,BA3214R,147.58226,167.3517906
AT7519,BA3216R,129.3377,132.4388123
AT7519,BA3217R,134.92828,164.7356984
AT7519,BA3219R,134.20932,136.9834597
AT7519,BA3222R,141.46803,81.29855688
AT7519,BA3225R,144.25565,112.2672423
AT7519,BA3226R,139.34583,93.1728399
AT7519,BA3227R,153.8121,110.2096344
AT7519,BA3228R,124.44218,173.9983497
AT7519,BA3229R,134.5075,49.54046363
AT7519,BA3230R,133.1265,85.68552824
AT7519,BA3232R,121.916824,152.4763235
AT7519,BA3235R,130.21083,148.2938399
AT7519,BA3240R,162.90144,212.1890616
AT7519,BA3242R,127.47449,151.3660528
AT7519,BA3243R,127.870155,106.9235596
AT7519,BA3249R,171.806,117.2030263
AT7519,BA3250R,126.72781,139.1949626
AT7519,BA3251R,118.65101,119.0447377
AT7519,BA3258R,122.05041,132.6271129
AT7519,BA3260R,125.33645,89.15348545
AT7519,BA3261R,149.9286,92.84085863
AT7519,BA3264R,117.15417,149.539636
AT7519,BA3266R,121.40615,80.54351456
AT7519,BA3268R,142.54391,171.0030284
AT7519,BA3270R,119.93694,93.92586945
AT7519,BA3271R,112.394325,76.58706049
AT7519,BA3273R,148.90828,173.3100761
AT7519,BA3275R,132.00551,86.11181089
AT7519,BA3277R,130.19499,107.6520365
AT7519,BA3283R,123.51208,105.8796749
AT7519,BA3285R,166.09477,143.0753051
AT7519,BA3286R,115.75183,158.5322295
AT7519,BA3289R,120.121704,107.5077558
AT7519,BA3290R,136.35939,123.3400095
AT7519,BA3293R,144.48714,144.3276148
AT7519,BA3295R,127.444,110.3445523
AT7519,BA3297R,125.70904,82.24810684
AT7519,BA3299R,119.21482,83.71633493
AT7519,BA3300R,151.3729,232.7252323
AT7519,BA3302R,137.44057,175.9372552
AT7519,BA3305R,124.13974,133.8958492
AT7519,BA3306R,153.97974,129.710257
AT7519,BA3308R,130.49754,198.3645395
AT7519,BA3310R,146.3066,204.3922137
AT7519,BA3311R,122.02133,33.57152617
AT7519,BA3312R,135.4188,156.091209
AT7519,BA3317R,160.6621,67.74849387
AT7519,BA3318R,136.83295,134.6480328
AT7519,BA3324R,130.32808,101.7474306
AT7519,BA3325R,130.3231,166.8583095
AT7519,BA3326R,129.01054,144.8443916
AT7519,BA3328R,130.78693,109.7628047
AT7519,BA3332R,136.99164,106.6937565
AT7519,BA3333R,141.95259,137.2013343
AT7519,BA3334R,122.93224,90.35820745
AT7519,BA3341R,149.06282,172.2977642
AT7519,BA3345R,118.00386,109.3103399
AT7519,BA3347R,127.74038,116.2619348
AT7519,BA3351R,144.75627,142.0049862
AT7519,BA3352R,147.52904,107.7468745
AT7519,BA3353R,161.97581,147.0309199
AT7519,BA3357R,150.24757,235.6361093
AT7519,BA3362R,138.73433,121.5155209
AT7519,BA3367R,121.822105,115.0575712
AT7519,BA3369R,119.79499,110.4454437
AT7519,BA3373R,159.63411,235.6523601
AT7519,BA3374R,128.91551,97.64015127
AT7519,BA3379R,129.91498,233.8406284
AT7519,BA3380R,138.06912,133.1579535
AT7519,BA3381R,122.70793,121.8908394
AT7519,BA3384R,120.60653,133.159455
AT7519,BA3385R,118.82848,90.48003834
AT7519,BA3386R,120.03043,68.27337618
AT7519,BA3388R,132.6688,111.354165
AT7519,BA3390R,128.27094,112.336549
AT7519,BA3394R,123.14625,194.6577857
AT7519,BA3397R,133.28253,135.9800842
AT7519,BA3399R,123.52432,126.9426011
AT7519,BA3400R,157.87192,104.7432846
AT7519,BA3403R,125.13355,124.9387316
AT7519,BA3406R,131.95132,146.9348469
AT7519,BA3411R,133.41788,148.4385103
AT7519,BA3412R,141.16992,120.7521059
AT7519,BA3415R,151.02919,208.845129
AT7519,BA3416R,191.28098,256.3629607
AT7519,BA3417R,119.501305,110.744652
AT7519,BA3421R,119.31894,99.87258005
AT7519,BA3422R,165.79625,138.9730401
AT7519,BA3423R,166.04599,35.67180456
AT7519,BA3431R,125.35388,108.8590363
AT7519,BA3433R,150.54018,147.9043939
AT7519,BA3434R,132.17915,125.4392109
AT7519,BA3438R,136.91605,107.2306807
AT7519,BA3445R,136.70485,55.75260805
AT7519,BA3446R,118.40231,117.5782539
AT7519,BA3449R,134.23271,184.334176
AT7519,BA3451R,122.79965,118.1401289
AT7519,BA3452R,136.30579,83.69361601
AT7519,BA3454R,123.47506,187.3419833
AZD1480,BA3078R,213.73718,155.5170486
AZD1480,BA3079R,219.95906,190.1186433
AZD1480,BA3083R,220.81137,214.0272205
AZD1480,BA3084R,214.32022,229.0766955
AZD1480,BA3087R,230.13553,218.94638
AZD1480,BA3089R,230.90814,266.0333727
AZD1480,BA3094R,228.47589,278.1944854
AZD1480,BA3098R,216.95851,233.8587746
AZD1480,BA3099R,218.92355,242.4919971
AZD1480,BA3110R,225.03772,200.307113
AZD1480,BA3114R,224.95679,220.4900398
AZD1480,BA3117R,225.57265,286.3279433
AZD1480,BA3118R,229.3783,8.09E-09
AZD1480,BA3119R,226.77176,198.6355432
AZD1480,BA3126R,238.7464,227.7980104
AZD1480,BA3128R,224.92476,212.9715031
AZD1480,BA3130R,245.07408,276.3841866
AZD1480,BA3133R,242.89655,197.897059
AZD1480,BA3135R,223.52058,257.7107868
AZD1480,BA3137R,217.96155,260.6491083
AZD1480,BA3138R,242.05917,230.6290734
AZD1480,BA3139R,245.32265,197.3261826
AZD1480,BA3145R,238.80562,180.1994016
AZD1480,BA3146R,206.8948,195.89361
AZD1480,BA3152R,222.0768,172.6986045
AZD1480,BA3153R,227.50809,244.9202743
AZD1480,BA3154R,232.85283,245.2996051
AZD1480,BA3157R,219.66035,244.4858653
AZD1480,BA3158R,213.93071,148.1425573
AZD1480,BA3162R,227.72,209.0581047
AZD1480,BA3163R,234.36897,264.6484028
AZD1480,BA3164R,226.87964,193.9032718
AZD1480,BA3167R,227.89308,179.5663555
AZD1480,BA3171R,243.56215,268.0130611
AZD1480,BA3174R,231.61397,164.021675
AZD1480,BA3175R,232.3061,220.9400921
AZD1480,BA3177R,210.19406,246.6601029
AZD1480,BA3181R,239.247,243.9666732
AZD1480,BA3182R,218.02711,192.5666104
AZD1480,BA3183R,228.71152,207.3194683
AZD1480,BA3185R,211.91086,184.8770427
AZD1480,BA3186R,241.07849,174.2037467
AZD1480,BA3187R,230.33871,232.9580182
AZD1480,BA3189R,233.22842,235.9558998
AZD1480,BA3190R,237.9167,264.518615
AZD1480,BA3191R,223.41278,212.6621038
AZD1480,BA3192R,226.66263,273.539527
AZD1480,BA3195R,226.12521,239.4641445
AZD1480,BA3197R,218.23059,82.93616604
AZD1480,BA3199R,215.78581,214.1406432
AZD1480,BA3200R,234.45413,286.3279433
AZD1480,BA3203R,231.20808,261.6327755
AZD1480,BA3207R,244.78456,263.0346663
AZD1480,BA3208R,227.26685,243.0960617
AZD1480,BA3210R,239.86961,260.1386204
AZD1480,BA3212R,240.63696,219.9342255
AZD1480,BA3213R,219.69281,170.4318364
AZD1480,BA3214R,241.96362,264.9787993
AZD1480,BA3216R,225.5954,278.8588932
AZD1480,BA3217R,223.41594,170.8512944
AZD1480,BA3219R,232.13019,235.4576094
AZD1480,BA3222R,237.86433,202.7682822
AZD1480,BA3225R,234.42145,284.3544329
AZD1480,BA3226R,230.64325,209.8847532
AZD1480,BA3227R,227.6344,263.3961873
AZD1480,BA3228R,224.97365,219.5642153
AZD1480,BA3229R,233.27179,238.4226061
AZD1480,BA3230R,240.26227,271.4942322
AZD1480,BA3232R,223.4137,261.9087428
AZD1480,BA3235R,235.43936,204.4839378
AZD1480,BA3240R,234.63335,209.248051
AZD1480,BA3242R,225.89345,285.3198838
AZD1480,BA3243R,225.70557,175.2122495
AZD1480,BA3249R,239.83762,262.6621655
AZD1480,BA3250R,218.04796,278.5465924
AZD1480,BA3251R,221.49007,237.2813212
AZD1480,BA3258R,229.75452,251.5429354
AZD1480,BA3260R,243.2573,198.3778768
AZD1480,BA3261R,240.4017,266.1510647
AZD1480,BA3264R,199.43387,216.7339894
AZD1480,BA3266R,217.13239,214.5139377
AZD1480,BA3268R,231.51036,239.0547174
AZD1480,BA3270R,230.95062,242.8236568
AZD1480,BA3271R,212.61691,198.2810175
AZD1480,BA3273R,233.47772,260.7477457
AZD1480,BA3275R,224.3239,198.8409191
AZD1480,BA3277R,227.65292,224.992858
AZD1480,BA3283R,223.17278,235.0750131
AZD1480,BA3285R,245.3504,228.3395412
AZD1480,BA3286R,208.72949,222.7512497
AZD1480,BA3289R,227.24329,232.4149261
AZD1480,BA3290R,240.4986,263.2928972
AZD1480,BA3293R,231.38194,214.2351326
AZD1480,BA3295R,216.623,209.7897135
AZD1480,BA3297R,220.37436,48.49861126
AZD1480,BA3299R,226.44777,221.9267165
AZD1480,BA3300R,235.06963,121.414702
AZD1480,BA3302R,225.53314,266.6563647
AZD1480,BA3305R,231.28557,219.2508584
AZD1480,BA3306R,229.55852,214.9575323
AZD1480,BA3308R,217.29198,253.0674196
AZD1480,BA3310R,223.0526,225.8468647
AZD1480,BA3311R,226.87074,79.45026957
AZD1480,BA3312R,224.41664,181.818031
AZD1480,BA3317R,229.13695,286.3279433
AZD1480,BA3318R,237.53728,238.2004303
AZD1480,BA3319R,246.34265,203.609838
AZD1480,BA3324R,227.5976,214.6141893
AZD1480,BA3325R,230.31876,256.1025073
AZD1480,BA3326R,236.78975,211.5385034
AZD1480,BA3328R,228.9494,223.4437024
AZD1480,BA3332R,222.37027,274.0118733
AZD1480,BA3333R,228.5118,275.1833606
AZD1480,BA3334R,226.73598,218.6931342
AZD1480,BA3341R,237.03035,262.5163681
AZD1480,BA3345R,223.62877,189.9809578
AZD1480,BA3347R,239.71164,165.5260152
AZD1480,BA3351R,246.80644,286.3279433
AZD1480,BA3352R,231.78069,216.6805743
AZD1480,BA3353R,229.29153,161.7815529
AZD1480,BA3357R,230.62318,286.3279433
AZD1480,BA3362R,244.61581,240.0474231
AZD1480,BA3367R,233.75932,262.4100607
AZD1480,BA3369R,214.6354,274.2630528
AZD1480,BA3373R,248.00514,286.3279433
AZD1480,BA3374R,235.12854,240.4070406
AZD1480,BA3375R,219.79181,220.4251888
AZD1480,BA3379R,221.64162,255.3017661
AZD1480,BA3380R,222.66759,147.3392953
AZD1480,BA3381R,220.7834,227.7169633
AZD1480,BA3384R,225.71149,246.8279343
AZD1480,BA3385R,214.78664,212.6415149
AZD1480,BA3386R,216.05118,211.0046761
AZD1480,BA3388R,240.67982,235.6555214
AZD1480,BA3390R,234.79013,277.2159936
AZD1480,BA3394R,231.36603,191.4215538
AZD1480,BA3397R,226.33882,172.8197932
AZD1480,BA3399R,235.28168,240.9483854
AZD1480,BA3400R,239.33598,261.1014263
AZD1480,BA3403R,236.30017,260.3532246
AZD1480,BA3406R,221.91814,230.3698639
AZD1480,BA3411R,241.81999,249.9049422
AZD1480,BA3412R,242.26501,266.9854887
AZD1480,BA3415R,240.84029,255.167061
AZD1480,BA3416R,242.3818,286.3279433
AZD1480,BA3417R,220.59312,194.9659454
AZD1480,BA3418R,236.82918,238.6788462
AZD1480,BA3421R,223.57074,200.0806259
AZD1480,BA3422R,234.62729,230.5920399
AZD1480,BA3423R,234.1577,236.4319744
AZD1480,BA3431R,227.99619,215.8751673
AZD1480,BA3433R,230.04071,239.6230243
AZD1480,BA3434R,231.82101,208.097454
AZD1480,BA3438R,230.83586,193.0446822
AZD1480,BA3445R,233.28033,191.4704163
AZD1480,BA3446R,218.34892,233.9528636
AZD1480,BA3449R,236.01654,228.8526383
AZD1480,BA3451R,239.73888,257.958483
AZD1480,BA3452R,223.48889,194.8437459
AZD1480,BA3454R,221.5124,281.9913948
Afatinib (BIBW-2992),BA3078R,158.50839,169.4447677
Afatinib (BIBW-2992),BA3079R,164.99225,167.15923
Afatinib (BIBW-2992),BA3083R,161.09431,146.9334069
Afatinib (BIBW-2992),BA3084R,156.2122,144.8723741
Afatinib (BIBW-2992),BA3087R,179.80643,200.7661433
Afatinib (BIBW-2992),BA3089R,169.3903,167.7519418
Afatinib (BIBW-2992),BA3094R,177.58177,165.7880985
Afatinib (BIBW-2992),BA3098R,161.6535,163.6593596
Afatinib (BIBW-2992),BA3110R,166.61537,116.9408235
Afatinib (BIBW-2992),BA3114R,167.86957,144.2380583
Afatinib (BIBW-2992),BA3117R,165.96487,245.1739014
Afatinib (BIBW-2992),BA3118R,172.38202,146.9392059
Afatinib (BIBW-2992),BA3119R,162.34818,142.3060968
Afatinib (BIBW-2992),BA3126R,196.5686,162.8011367
Afatinib (BIBW-2992),BA3128R,163.73242,141.7011162
Afatinib (BIBW-2992),BA3130R,207.24295,206.2488546
Afatinib (BIBW-2992),BA3135R,158.29715,21.04273551
Afatinib (BIBW-2992),BA3137R,163.95656,195.9535013
Afatinib (BIBW-2992),BA3138R,179.94946,175.777937
Afatinib (BIBW-2992),BA3139R,185.78658,151.7563406
Afatinib (BIBW-2992),BA3145R,180.66731,150.2488676
Afatinib (BIBW-2992),BA3146R,140.51004,111.7242182
Afatinib (BIBW-2992),BA3152R,174.11853,105.0586988
Afatinib (BIBW-2992),BA3153R,176.62677,177.5434642
Afatinib (BIBW-2992),BA3154R,182.26169,117.5482812
Afatinib (BIBW-2992),BA3157R,156.63843,112.7466948
Afatinib (BIBW-2992),BA3158R,149.33229,85.71466169
Afatinib (BIBW-2992),BA3162R,173.69519,164.4372538
Afatinib (BIBW-2992),BA3163R,194.98253,221.0459234
Afatinib (BIBW-2992),BA3164R,162.12941,128.7214396
Afatinib (BIBW-2992),BA3167R,177.93736,163.114811
Afatinib (BIBW-2992),BA3169R,187.17944,180.0422535
Afatinib (BIBW-2992),BA3171R,181.11554,140.3807831
Afatinib (BIBW-2992),BA3174R,178.95164,211.7689043
Afatinib (BIBW-2992),BA3175R,181.11365,160.0693483
Afatinib (BIBW-2992),BA3177R,149.42874,156.577211
Afatinib (BIBW-2992),BA3181R,182.00487,163.3483366
Afatinib (BIBW-2992),BA3182R,166.12144,181.7416049
Afatinib (BIBW-2992),BA3183R,164.15575,203.4428614
Afatinib (BIBW-2992),BA3185R,155.41698,107.7546791
Afatinib (BIBW-2992),BA3186R,179.31482,141.5656368
Afatinib (BIBW-2992),BA3187R,170.19803,165.8715497
Afatinib (BIBW-2992),BA3189R,172.33426,139.5130476
Afatinib (BIBW-2992),BA3190R,174.95312,123.436422
Afatinib (BIBW-2992),BA3191R,173.9279,142.5282006
Afatinib (BIBW-2992),BA3192R,169.06743,178.5738465
Afatinib (BIBW-2992),BA3195R,167.68695,156.8269804
Afatinib (BIBW-2992),BA3197R,153.104,251.0040627
Afatinib (BIBW-2992),BA3199R,154.86972,148.5477019
Afatinib (BIBW-2992),BA3200R,176.60173,194.0707127
Afatinib (BIBW-2992),BA3203R,169.74289,174.928305
Afatinib (BIBW-2992),BA3206R,172.2991,155.512951
Afatinib (BIBW-2992),BA3207R,202.60027,53.08148786
Afatinib (BIBW-2992),BA3208R,165.27026,125.5310225
Afatinib (BIBW-2992),BA3210R,182.07832,119.5669759
Afatinib (BIBW-2992),BA3211R,150.04704,77.82321898
Afatinib (BIBW-2992),BA3212R,183.4243,222.7307113
Afatinib (BIBW-2992),BA3213R,160.84428,170.1074085
Afatinib (BIBW-2992),BA3214R,181.38396,165.9769184
Afatinib (BIBW-2992),BA3216R,168.41537,148.3601006
Afatinib (BIBW-2992),BA3217R,157.24327,91.65616593
Afatinib (BIBW-2992),BA3219R,193.93137,135.6321211
Afatinib (BIBW-2992),BA3222R,180.44449,191.1101931
Afatinib (BIBW-2992),BA3225R,197.30345,169.3511245
Afatinib (BIBW-2992),BA3226R,164.83719,184.8194104
Afatinib (BIBW-2992),BA3227R,167.78958,154.849203
Afatinib (BIBW-2992),BA3228R,170.62457,194.6768078
Afatinib (BIBW-2992),BA3229R,179.03535,146.2190948
Afatinib (BIBW-2992),BA3230R,176.10062,124.548636
Afatinib (BIBW-2992),BA3232R,162.23985,181.7222311
Afatinib (BIBW-2992),BA3235R,196.55688,211.1511533
Afatinib (BIBW-2992),BA3240R,179.38551,118.3367378
Afatinib (BIBW-2992),BA3242R,168.18295,203.3204843
Afatinib (BIBW-2992),BA3243R,169.19638,86.6235081
Afatinib (BIBW-2992),BA3249R,186.044,202.1435276
Afatinib (BIBW-2992),BA3250R,165.64107,271.7604353
Afatinib (BIBW-2992),BA3251R,157.42485,189.1857463
Afatinib (BIBW-2992),BA3258R,186.386,188.3836167
Afatinib (BIBW-2992),BA3260R,179.35143,171.0289459
Afatinib (BIBW-2992),BA3261R,178.65811,148.0837964
Afatinib (BIBW-2992),BA3264R,140.03246,133.1151195
Afatinib (BIBW-2992),BA3266R,157.19604,105.399663
Afatinib (BIBW-2992),BA3268R,173.71466,181.6120124
Afatinib (BIBW-2992),BA3270R,174.99536,159.686713
Afatinib (BIBW-2992),BA3271R,151.07733,104.6996988
Afatinib (BIBW-2992),BA3273R,184.93561,174.0526416
Afatinib (BIBW-2992),BA3275R,157.55235,113.2692127
Afatinib (BIBW-2992),BA3277R,170.69199,140.4241563
Afatinib (BIBW-2992),BA3283R,164.33752,132.2623049
Afatinib (BIBW-2992),BA3285R,184.77078,132.3917584
Afatinib (BIBW-2992),BA3286R,150.7297,165.7376865
Afatinib (BIBW-2992),BA3289R,176.67636,138.1528892
Afatinib (BIBW-2992),BA3290R,174.92361,40.01238075
Afatinib (BIBW-2992),BA3293R,170.15628,175.1250024
Afatinib (BIBW-2992),BA3295R,168.02328,194.0628943
Afatinib (BIBW-2992),BA3297R,165.7692,201.1394784
Afatinib (BIBW-2992),BA3299R,172.69772,118.9049405
Afatinib (BIBW-2992),BA3300R,174.9314,213.3206029
Afatinib (BIBW-2992),BA3302R,166.30371,194.6023635
Afatinib (BIBW-2992),BA3305R,167.05319,177.8107654
Afatinib (BIBW-2992),BA3306R,174.6122,118.8644458
Afatinib (BIBW-2992),BA3308R,155.31012,111.9549646
Afatinib (BIBW-2992),BA3310R,155.46529,56.38017384
Afatinib (BIBW-2992),BA3311R,174.87901,64.01380893
Afatinib (BIBW-2992),BA3312R,166.91023,122.8389025
Afatinib (BIBW-2992),BA3317R,168.16368,101.3238444
Afatinib (BIBW-2992),BA3318R,185.18341,115.2708248
Afatinib (BIBW-2992),BA3319R,209.54527,189.310042
Afatinib (BIBW-2992),BA3324R,172.82115,159.900371
Afatinib (BIBW-2992),BA3326R,186.25504,218.899824
Afatinib (BIBW-2992),BA3328R,167.44203,243.4304837
Afatinib (BIBW-2992),BA3332R,158.61497,168.0564221
Afatinib (BIBW-2992),BA3333R,166.55766,206.2511978
Afatinib (BIBW-2992),BA3334R,170.90837,176.4913513
Afatinib (BIBW-2992),BA3341R,179.5435,185.2906939
Afatinib (BIBW-2992),BA3345R,170.10764,151.6934821
Afatinib (BIBW-2992),BA3347R,189.84853,232.1595608
Afatinib (BIBW-2992),BA3351R,186.94699,160.1290617
Afatinib (BIBW-2992),BA3352R,173.78333,169.7995969
Afatinib (BIBW-2992),BA3353R,170.70734,88.90639407
Afatinib (BIBW-2992),BA3357R,167.77728,148.3826628
Afatinib (BIBW-2992),BA3362R,188.53369,178.359917
Afatinib (BIBW-2992),BA3367R,178.78548,227.910081
Afatinib (BIBW-2992),BA3369R,153.06325,207.6988281
Afatinib (BIBW-2992),BA3373R,182.9628,185.9824361
Afatinib (BIBW-2992),BA3374R,180.24133,156.636696
Afatinib (BIBW-2992),BA3375R,149.09993,130.8515339
Afatinib (BIBW-2992),BA3376R,153.56999,158.3624529
Afatinib (BIBW-2992),BA3379R,165.39444,238.4221036
Afatinib (BIBW-2992),BA3380R,158.09286,146.757899
Afatinib (BIBW-2992),BA3381R,170.44731,179.9281845
Afatinib (BIBW-2992),BA3384R,162.11763,222.5143844
Afatinib (BIBW-2992),BA3385R,155.85887,216.1069978
Afatinib (BIBW-2992),BA3386R,143.3995,139.7787917
Afatinib (BIBW-2992),BA3388R,179.48099,159.1940945
Afatinib (BIBW-2992),BA3390R,191.98004,236.2167573
Afatinib (BIBW-2992),BA3394R,172.15648,229.1078479
Afatinib (BIBW-2992),BA3397R,166.75668,133.6954234
Afatinib (BIBW-2992),BA3399R,176.02025,192.8685739
Afatinib (BIBW-2992),BA3400R,188.28609,197.5192115
Afatinib (BIBW-2992),BA3403R,181.4135,195.2912508
Afatinib (BIBW-2992),BA3406R,157.76265,237.3874997
Afatinib (BIBW-2992),BA3411R,176.3128,182.889816
Afatinib (BIBW-2992),BA3412R,186.25719,237.4353921
Afatinib (BIBW-2992),BA3415R,180.01135,133.6358115
Afatinib (BIBW-2992),BA3416R,186.10687,8.09E-09
Afatinib (BIBW-2992),BA3417R,163.90805,154.3735642
Afatinib (BIBW-2992),BA3418R,179.1397,97.53022407
Afatinib (BIBW-2992),BA3421R,170.4589,160.4242091
Afatinib (BIBW-2992),BA3422R,180.61537,180.2324634
Afatinib (BIBW-2992),BA3423R,177.04916,93.76202773
Afatinib (BIBW-2992),BA3431R,176.43929,143.6552195
Afatinib (BIBW-2992),BA3433R,175.35422,189.2432352
Afatinib (BIBW-2992),BA3434R,174.36887,146.6194639
Afatinib (BIBW-2992),BA3438R,171.5767,117.3223352
Afatinib (BIBW-2992),BA3445R,170.88321,78.46667453
Afatinib (BIBW-2992),BA3446R,162.65686,167.5681986
Afatinib (BIBW-2992),BA3449R,175.91544,197.9045413
Afatinib (BIBW-2992),BA3451R,195.15913,191.0937072
Afatinib (BIBW-2992),BA3452R,170.29651,172.6101293
Afatinib (BIBW-2992),BA3454R,152.27792,239.9073375
BEZ235,BA3078R,135.28856,109.2746873
BEZ235,BA3079R,127.16668,112.089088
BEZ235,BA3083R,132.43997,108.4087297
BEZ235,BA3084R,156.72878,122.7604508
BEZ235,BA3087R,186.83043,227.3718675
BEZ235,BA3089R,178.05133,236.4868909
BEZ235,BA3094R,161.48518,44.39119036
BEZ235,BA3098R,127.863495,111.5047924
BEZ235,BA3099R,143.859,1.651656082
BEZ235,BA3110R,142.47168,184.6967944
BEZ235,BA3114R,138.71237,94.33577371
BEZ235,BA3117R,173.28813,8.09E-09
BEZ235,BA3118R,138.70381,116.0995088
BEZ235,BA3119R,178.94156,149.8312006
BEZ235,BA3126R,162.32275,18.54934769
BEZ235,BA3128R,170.16301,157.0884075
BEZ235,BA3130R,190.95642,145.2554258
BEZ235,BA3133R,179.0963,205.3137391
BEZ235,BA3135R,158.29393,21.01113389
BEZ235,BA3137R,127.26066,113.7073482
BEZ235,BA3138R,160.23746,58.69739806
BEZ235,BA3139R,189.63376,151.6638533
BEZ235,BA3145R,191.13408,45.98542706
BEZ235,BA3146R,111.18403,115.7701009
BEZ235,BA3152R,142.77592,117.859508
BEZ235,BA3153R,148.33887,120.8747648
BEZ235,BA3154R,176.34296,29.60421079
BEZ235,BA3157R,168.56522,199.8544379
BEZ235,BA3158R,137.11427,34.90366035
BEZ235,BA3162R,136.84985,104.5304888
BEZ235,BA3163R,161.8358,125.2114438
BEZ235,BA3164R,164.37042,142.5643166
BEZ235,BA3167R,140.75232,11.70545085
BEZ235,BA3169R,151.44215,179.7224959
BEZ235,BA3171R,182.87032,225.3044457
BEZ235,BA3174R,138.17047,79.05475098
BEZ235,BA3175R,144.0817,270.9142642
BEZ235,BA3177R,118.60867,55.42020298
BEZ235,BA3181R,152.16699,134.7165315
BEZ235,BA3182R,134.00525,125.1416255
BEZ235,BA3183R,160.82011,162.8910125
BEZ235,BA3185R,130.94406,93.04468811
BEZ235,BA3186R,174.33075,79.39577903
BEZ235,BA3187R,151.03627,90.67751661
BEZ235,BA3189R,181.12343,186.2415356
BEZ235,BA3190R,161.44675,59.95817764
BEZ235,BA3191R,137.59058,36.90270797
BEZ235,BA3192R,179.03398,137.1592151
BEZ235,BA3195R,146.73167,105.8987942
BEZ235,BA3197R,165.18236,3.30078191
BEZ235,BA3199R,136.33452,83.7095193
BEZ235,BA3203R,150.41566,193.3479224
BEZ235,BA3206R,180.82884,111.9292379
BEZ235,BA3207R,171.9676,8.09E-09
BEZ235,BA3210R,150.77625,91.90451309
BEZ235,BA3211R,137.79538,113.2996748
BEZ235,BA3212R,185.70459,136.461051
BEZ235,BA3213R,126.525566,87.87212262
BEZ235,BA3214R,170.69618,88.44704278
BEZ235,BA3216R,147.4658,2.478939296
BEZ235,BA3217R,162.34581,41.7675425
BEZ235,BA3219R,160.74333,157.0504835
BEZ235,BA3222R,177.20624,108.6755191
BEZ235,BA3225R,170.86794,54.45531926
BEZ235,BA3226R,170.8776,111.3474587
BEZ235,BA3227R,178.68384,186.5024264
BEZ235,BA3228R,134.37645,194.5418822
BEZ235,BA3229R,161.60933,120.9431293
BEZ235,BA3232R,149.42453,161.1435476
BEZ235,BA3235R,153.95995,104.5805137
BEZ235,BA3240R,184.48239,91.82616961
BEZ235,BA3242R,157.9375,141.8934184
BEZ235,BA3243R,144.4587,108.3968965
BEZ235,BA3249R,194.00906,222.1111538
BEZ235,BA3250R,139.13274,164.949654
BEZ235,BA3251R,132.02768,156.8442174
BEZ235,BA3258R,136.01973,58.14593461
BEZ235,BA3260R,161.41052,179.5675419
BEZ235,BA3261R,186.91982,216.0847035
BEZ235,BA3264R,137.32155,143.4239609
BEZ235,BA3268R,172.39748,178.3896624
BEZ235,BA3270R,141.67177,111.9260876
BEZ235,BA3271R,118.67535,67.67892708
BEZ235,BA3273R,177.49664,174.2910629
BEZ235,BA3275R,156.79324,66.30716781
BEZ235,BA3277R,149.69568,130.6243624
BEZ235,BA3283R,128.43944,102.8554849
BEZ235,BA3285R,186.86147,223.0379456
BEZ235,BA3286R,120.14325,181.9302047
BEZ235,BA3289R,128.44952,91.29804097
BEZ235,BA3290R,172.50916,138.6332455
BEZ235,BA3293R,178.98735,159.78382
BEZ235,BA3295R,137.17035,118.8623524
BEZ235,BA3297R,143.76285,175.0042528
BEZ235,BA3299R,128.1073,37.40178054
BEZ235,BA3300R,179.57709,112.6681788
BEZ235,BA3302R,168.06592,82.14263259
BEZ235,BA3305R,148.97871,69.14281446
BEZ235,BA3306R,178.32556,132.7932537
BEZ235,BA3308R,152.77455,119.1707791
BEZ235,BA3310R,167.16228,120.2091381
BEZ235,BA3311R,135.29527,0.836184118
BEZ235,BA3312R,162.46805,110.3431719
BEZ235,BA3317R,187.0668,156.1874249
BEZ235,BA3318R,166.97914,0.490303743
BEZ235,BA3319R,182.28264,80.72265571
BEZ235,BA3324R,147.31252,193.6598511
BEZ235,BA3326R,154.9942,109.9229275
BEZ235,BA3328R,157.06337,102.5017968
BEZ235,BA3332R,164.38936,45.95610195
BEZ235,BA3333R,161.42154,124.0185898
BEZ235,BA3334R,141.91078,83.16280096
BEZ235,BA3341R,173.83559,172.6375
BEZ235,BA3345R,125.70458,73.5280186
BEZ235,BA3351R,185.71324,149.6376174
BEZ235,BA3352R,173.52098,115.2679818
BEZ235,BA3353R,188.17424,40.75288031
BEZ235,BA3357R,179.33194,148.6747124
BEZ235,BA3362R,173.95364,130.9966135
BEZ235,BA3367R,148.92586,131.0850193
BEZ235,BA3369R,121.376915,122.6330676
BEZ235,BA3373R,187.73456,175.6937555
BEZ235,BA3374R,157.49504,18.92563511
BEZ235,BA3375R,154.9252,151.1736822
BEZ235,BA3376R,153.26898,120.5406415
BEZ235,BA3379R,151.79474,201.4022493
BEZ235,BA3380R,161.00598,73.97878248
BEZ235,BA3381R,137.40944,179.2485826
BEZ235,BA3384R,139.48454,130.6885883
BEZ235,BA3385R,130.40804,40.23095488
BEZ235,BA3386R,140.88075,157.2549654
BEZ235,BA3388R,161.85123,69.12207729
BEZ235,BA3394R,144.17543,208.1223199
BEZ235,BA3397R,157.73425,137.9985521
BEZ235,BA3399R,144.99046,140.8782344
BEZ235,BA3400R,183.59355,196.6048852
BEZ235,BA3403R,153.01114,43.78584052
BEZ235,BA3406R,154.9085,0.464016157
BEZ235,BA3411R,173.41098,171.710899
BEZ235,BA3412R,179.35333,222.2995472
BEZ235,BA3415R,187.53749,189.5347654
BEZ235,BA3416R,208.65378,8.09E-09
BEZ235,BA3417R,127.80875,215.5670013
BEZ235,BA3418R,156.27155,72.38640545
BEZ235,BA3421R,120.45789,35.53656858
BEZ235,BA3422R,191.75038,240.9399072
BEZ235,BA3423R,191.50836,166.4268831
BEZ235,BA3431R,129.99649,76.34827985
BEZ235,BA3433R,171.2489,221.0338421
BEZ235,BA3434R,158.51941,143.1774005
BEZ235,BA3438R,167.94441,66.79515184
BEZ235,BA3445R,162.05928,14.56750576
BEZ235,BA3446R,129.59154,77.44688942
BEZ235,BA3449R,157.41406,118.0977452
BEZ235,BA3451R,143.70511,168.0814411
BEZ235,BA3452R,148.44266,30.27690873
BEZ235,BA3454R,151.6264,34.60751936
BI-2536,BA3230R,164.68156,153.8462497
BI-2536,BA3243R,152.77527,91.68845893
BI-2536,BA3273R,165.19193,223.8676442
BI-2536,BA3379R,152.99281,210.9005904
BMS-345541,BA3078R,222.33572,259.6789582
BMS-345541,BA3079R,232.42737,245.9013552
BMS-345541,BA3083R,227.97264,256.677695
BMS-345541,BA3084R,224.65718,254.8953824
BMS-345541,BA3087R,233.68625,263.3673147
BMS-345541,BA3089R,232.39732,228.0780007
BMS-345541,BA3094R,232.58336,262.0238756
BMS-345541,BA3098R,228.25467,210.880034
BMS-345541,BA3099R,229.89923,248.7432903
BMS-345541,BA3110R,227.54951,162.7828053
BMS-345541,BA3114R,229.84184,232.7724822
BMS-345541,BA3117R,231.36232,218.4093335
BMS-345541,BA3118R,237.01369,207.5907099
BMS-345541,BA3119R,229.56871,283.6489183
BMS-345541,BA3126R,242.4696,258.4451547
BMS-345541,BA3128R,229.37248,278.8779991
BMS-345541,BA3130R,245.7436,225.048283
BMS-345541,BA3133R,240.49673,267.5189622
BMS-345541,BA3135R,225.67342,91.76686628
BMS-345541,BA3137R,228.81464,237.0075691
BMS-345541,BA3138R,243.86641,249.5666469
BMS-345541,BA3139R,240.48431,235.0187564
BMS-345541,BA3145R,235.18227,245.6345691
BMS-345541,BA3146R,224.0336,190.7418889
BMS-345541,BA3152R,230.322,199.5237337
BMS-345541,BA3153R,233.87518,279.5162418
BMS-345541,BA3154R,229.56587,265.2440293
BMS-345541,BA3157R,228.71338,225.4430738
BMS-345541,BA3158R,222.92621,244.3332125
BMS-345541,BA3162R,233.02989,217.9431451
BMS-345541,BA3163R,239.19508,217.2346829
BMS-345541,BA3164R,233.29694,262.2606909
BMS-345541,BA3167R,234.22249,227.8191593
BMS-345541,BA3169R,236.8692,281.8716344
BMS-345541,BA3171R,241.77263,255.6305979
BMS-345541,BA3174R,237.46771,249.0423361
BMS-345541,BA3175R,238.79459,237.9101002
BMS-345541,BA3177R,223.54779,259.1168317
BMS-345541,BA3181R,240.16609,230.8928958
BMS-345541,BA3182R,226.4353,238.1614639
BMS-345541,BA3183R,229.41957,276.6344262
BMS-345541,BA3185R,223.41576,198.8745718
BMS-345541,BA3186R,237.90869,265.5280812
BMS-345541,BA3187R,232.69397,276.3847494
BMS-345541,BA3189R,232.87758,240.5122313
BMS-345541,BA3190R,239.70619,209.6255827
BMS-345541,BA3191R,231.50632,257.3638079
BMS-345541,BA3192R,226.49072,256.737652
BMS-345541,BA3195R,233.25206,228.8761286
BMS-345541,BA3197R,226.1879,262.0408105
BMS-345541,BA3199R,226.09595,202.5608368
BMS-345541,BA3200R,234.06372,254.7203101
BMS-345541,BA3203R,235.9951,255.9391896
BMS-345541,BA3206R,230.9606,267.073998
BMS-345541,BA3207R,244.61899,262.4138286
BMS-345541,BA3208R,233.9957,184.6850336
BMS-345541,BA3210R,240.38528,212.4950527
BMS-345541,BA3211R,224.13159,248.752715
BMS-345541,BA3212R,237.65358,278.5350464
BMS-345541,BA3213R,229.7941,218.3674152
BMS-345541,BA3214R,242.14745,212.0624683
BMS-345541,BA3216R,231.22057,257.9783858
BMS-345541,BA3217R,228.10051,214.97887
BMS-345541,BA3219R,239.17131,183.06873
BMS-345541,BA3222R,233.6005,231.535104
BMS-345541,BA3226R,232.70529,237.4233218
BMS-345541,BA3227R,231.28452,226.8030494
BMS-345541,BA3228R,235.47415,253.5011994
BMS-345541,BA3229R,237.13437,213.9654005
BMS-345541,BA3230R,239.57434,168.5666145
BMS-345541,BA3232R,230.71149,238.1883277
BMS-345541,BA3235R,240.43279,245.8575606
BMS-345541,BA3240R,234.00668,227.1817089
BMS-345541,BA3242R,234.67743,241.6611082
BMS-345541,BA3243R,233.70663,136.4526351
BMS-345541,BA3249R,236.67311,282.6336273
BMS-345541,BA3250R,227.07567,274.371704
BMS-345541,BA3251R,229.34746,245.5776252
BMS-345541,BA3258R,234.78505,277.1676513
BMS-345541,BA3260R,241.0502,231.5998417
BMS-345541,BA3261R,238.5851,235.26526
BMS-345541,BA3264R,225.79236,258.3179011
BMS-345541,BA3266R,228.49908,211.8262756
BMS-345541,BA3268R,232.07195,243.4110086
BMS-345541,BA3270R,235.63803,246.9005317
BMS-345541,BA3271R,226.50322,218.0595553
BMS-345541,BA3273R,231.25143,190.1059997
BMS-345541,BA3277R,231.4219,233.4563727
BMS-345541,BA3283R,234.4453,229.1378186
BMS-345541,BA3285R,238.87283,271.7887391
BMS-345541,BA3286R,222.10066,231.5298664
BMS-345541,BA3289R,233.7031,174.4216797
BMS-345541,BA3290R,240.59184,284.460676
BMS-345541,BA3293R,234.4629,272.5901482
BMS-345541,BA3295R,223.91003,233.3420839
BMS-345541,BA3297R,228.96889,256.1180134
BMS-345541,BA3299R,231.98825,239.4400862
BMS-345541,BA3300R,235.4708,265.7772734
BMS-345541,BA3302R,232.25867,265.7765126
BMS-345541,BA3305R,234.56938,260.1765194
BMS-345541,BA3306R,226.33963,248.5633723
BMS-345541,BA3308R,226.0393,209.817336
BMS-345541,BA3310R,224.78296,192.9077545
BMS-345541,BA3312R,231.3003,215.5464281
BMS-345541,BA3317R,229.86356,233.9705591
BMS-345541,BA3318R,238.86383,244.7567241
BMS-345541,BA3319R,241.5441,172.1940079
BMS-345541,BA3324R,234.45813,243.9567943
BMS-345541,BA3326R,237.8076,283.3041156
BMS-345541,BA3328R,230.13724,251.9240075
BMS-345541,BA3332R,224.51822,167.8851819
BMS-345541,BA3333R,229.13094,281.0908812
BMS-345541,BA3334R,231.30643,243.9827209
BMS-345541,BA3341R,236.21587,222.2233143
BMS-345541,BA3345R,233.33337,259.3064217
BMS-345541,BA3347R,238.99564,214.2690905
BMS-345541,BA3351R,239.19698,232.8358624
BMS-345541,BA3352R,230.07008,230.4828829
BMS-345541,BA3353R,228.78156,278.7111577
BMS-345541,BA3357R,232.87508,243.9035187
BMS-345541,BA3362R,238.46002,263.5517847
BMS-345541,BA3367R,233.59006,240.1719991
BMS-345541,BA3369R,225.19176,246.6511649
BMS-345541,BA3373R,244.56927,278.4356731
BMS-345541,BA3374R,235.64182,235.6110479
BMS-345541,BA3375R,222.70721,190.0315948
BMS-345541,BA3376R,231.32594,203.117174
BMS-345541,BA3379R,229.37383,253.6952902
BMS-345541,BA3380R,230.79968,246.2388258
BMS-345541,BA3381R,229.39056,213.7395772
BMS-345541,BA3384R,230.96866,275.6850141
BMS-345541,BA3385R,226.63159,238.530595
BMS-345541,BA3386R,225.59068,233.7581312
BMS-345541,BA3388R,242.8135,246.8160649
BMS-345541,BA3390R,238.17221,277.1996831
BMS-345541,BA3394R,236.62617,248.1172289
BMS-345541,BA3397R,232.10397,227.7662588
BMS-345541,BA3399R,237.78128,200.2603248
BMS-345541,BA3400R,233.57793,230.7327648
BMS-345541,BA3403R,238.06998,251.6046317
BMS-345541,BA3406R,229.27893,254.6323848
BMS-345541,BA3411R,240.42932,247.936112
BMS-345541,BA3412R,236.30844,268.8162754
BMS-345541,BA3415R,236.75056,261.4182194
BMS-345541,BA3416R,234.99484,286.3279433
BMS-345541,BA3417R,230.46149,159.0319207
BMS-345541,BA3418R,239.88329,195.9912708
BMS-345541,BA3421R,230.9384,229.1420748
BMS-345541,BA3422R,230.20245,242.4611929
BMS-345541,BA3423R,228.00107,237.3098985
BMS-345541,BA3431R,235.91542,231.2135411
BMS-345541,BA3433R,227.74992,237.4406511
BMS-345541,BA3434R,238.86722,252.9740174
BMS-345541,BA3438R,232.36372,201.3573295
BMS-345541,BA3445R,231.88402,136.4475203
BMS-345541,BA3446R,228.43881,253.8061438
BMS-345541,BA3449R,235.26459,253.6157946
BMS-345541,BA3451R,240.27422,188.5618575
BMS-345541,BA3452R,233.00209,243.3699506
BMS-345541,BA3454R,232.43597,252.6361734
Bosutinib (SKI-606),BA3078R,185.2679,97.6288279
Bosutinib (SKI-606),BA3079R,185.66447,198.6510762
Bosutinib (SKI-606),BA3083R,193.94934,179.3910215
Bosutinib (SKI-606),BA3084R,192.81671,155.910224
Bosutinib (SKI-606),BA3087R,217.33134,247.2569217
Bosutinib (SKI-606),BA3089R,216.82698,273.3496257
Bosutinib (SKI-606),BA3094R,209.59285,247.0258473
Bosutinib (SKI-606),BA3098R,186.59839,198.7321446
Bosutinib (SKI-606),BA3099R,191.4408,152.3966619
Bosutinib (SKI-606),BA3110R,195.39967,185.2570523
Bosutinib (SKI-606),BA3114R,200.0589,166.5077846
Bosutinib (SKI-606),BA3117R,210.28584,286.3279433
Bosutinib (SKI-606),BA3118R,200.83994,24.014324
Bosutinib (SKI-606),BA3119R,210.90337,124.7137742
Bosutinib (SKI-606),BA3126R,223.56108,193.8752688
Bosutinib (SKI-606),BA3128R,202.31621,195.4784218
Bosutinib (SKI-606),BA3130R,238.2015,258.0500738
Bosutinib (SKI-606),BA3133R,234.1202,261.5957058
Bosutinib (SKI-606),BA3135R,203.02121,179.9713531
Bosutinib (SKI-606),BA3137R,187.68245,201.1433639
Bosutinib (SKI-606),BA3138R,222.91162,224.0271801
Bosutinib (SKI-606),BA3139R,233.07419,186.3574852
Bosutinib (SKI-606),BA3145R,219.77188,171.8467645
Bosutinib (SKI-606),BA3146R,170.07353,193.9512474
Bosutinib (SKI-606),BA3152R,199.15974,207.4528814
Bosutinib (SKI-606),BA3153R,202.67682,184.066658
Bosutinib (SKI-606),BA3154R,216.73247,150.9009021
Bosutinib (SKI-606),BA3157R,202.38332,233.4332885
Bosutinib (SKI-606),BA3158R,186.3441,119.3199201
Bosutinib (SKI-606),BA3162R,199.25276,209.0816684
Bosutinib (SKI-606),BA3163R,223.20349,204.7084692
Bosutinib (SKI-606),BA3164R,207.94513,191.0874009
Bosutinib (SKI-606),BA3167R,204.43568,132.293826
Bosutinib (SKI-606),BA3169R,218.68813,152.742934
Bosutinib (SKI-606),BA3171R,232.14468,272.3869391
Bosutinib (SKI-606),BA3174R,202.67993,72.0647451
Bosutinib (SKI-606),BA3175R,207.16165,239.9381629
Bosutinib (SKI-606),BA3177R,178.81244,210.68429
Bosutinib (SKI-606),BA3181R,220.32574,222.7511245
Bosutinib (SKI-606),BA3182R,191.37752,180.0439979
Bosutinib (SKI-606),BA3183R,211.46396,214.1963988
Bosutinib (SKI-606),BA3185R,179.52434,155.3671187
Bosutinib (SKI-606),BA3186R,228.08917,252.2267748
Bosutinib (SKI-606),BA3187R,210.7748,222.1068359
Bosutinib (SKI-606),BA3189R,217.8224,240.9106533
Bosutinib (SKI-606),BA3190R,220.53914,205.2279506
Bosutinib (SKI-606),BA3191R,199.1241,187.0457226
Bosutinib (SKI-606),BA3192R,208.8634,208.6250722
Bosutinib (SKI-606),BA3195R,196.94872,214.3653529
Bosutinib (SKI-606),BA3197R,199.18315,276.9713919
Bosutinib (SKI-606),BA3199R,189.15475,84.68842195
Bosutinib (SKI-606),BA3200R,218.84976,226.4387101
Bosutinib (SKI-606),BA3203R,210.7652,233.1065754
Bosutinib (SKI-606),BA3207R,233.341,279.2803069
Bosutinib (SKI-606),BA3208R,204.40848,194.9912237
Bosutinib (SKI-606),BA3210R,218.86732,222.3914842
Bosutinib (SKI-606),BA3212R,230.25638,284.8777795
Bosutinib (SKI-606),BA3213R,186.67967,145.4086809
Bosutinib (SKI-606),BA3214R,219.39609,270.0535874
Bosutinib (SKI-606),BA3216R,199.1865,176.9146564
Bosutinib (SKI-606),BA3217R,198.01367,188.8837192
Bosutinib (SKI-606),BA3219R,214.75342,201.6324215
Bosutinib (SKI-606),BA3222R,225.37752,248.9579316
Bosutinib (SKI-606),BA3225R,218.70013,249.6817813
Bosutinib (SKI-606),BA3226R,215.92426,237.242685
Bosutinib (SKI-606),BA3227R,211.88399,216.9324708
Bosutinib (SKI-606),BA3228R,193.61392,231.3689957
Bosutinib (SKI-606),BA3229R,214.21588,202.6367414
Bosutinib (SKI-606),BA3232R,203.49052,247.3503106
Bosutinib (SKI-606),BA3235R,216.70938,168.0933952
Bosutinib (SKI-606),BA3240R,217.66707,95.01009209
Bosutinib (SKI-606),BA3242R,206.0808,266.8736161
Bosutinib (SKI-606),BA3243R,200.35286,155.2050374
Bosutinib (SKI-606),BA3249R,221.44362,174.744224
Bosutinib (SKI-606),BA3250R,195.19139,270.4000314
Bosutinib (SKI-606),BA3251R,191.31493,207.5088256
Bosutinib (SKI-606),BA3258R,206.6114,233.8157366
Bosutinib (SKI-606),BA3260R,227.84216,208.8702251
Bosutinib (SKI-606),BA3261R,229.58919,246.5958262
Bosutinib (SKI-606),BA3264R,175.7621,219.5681976
Bosutinib (SKI-606),BA3266R,192.55763,177.4569878
Bosutinib (SKI-606),BA3268R,215.83652,253.0568038
Bosutinib (SKI-606),BA3270R,208.23407,193.1465721
Bosutinib (SKI-606),BA3271R,179.62874,156.1081776
Bosutinib (SKI-606),BA3273R,215.88036,237.4940234
Bosutinib (SKI-606),BA3275R,205.68617,136.9193165
Bosutinib (SKI-606),BA3277R,206.1653,170.3704191
Bosutinib (SKI-606),BA3283R,188.44746,174.116738
Bosutinib (SKI-606),BA3285R,231.83119,238.577818
Bosutinib (SKI-606),BA3286R,179.26013,211.5272719
Bosutinib (SKI-606),BA3289R,195.28148,217.3647299
Bosutinib (SKI-606),BA3290R,229.66054,256.093679
Bosutinib (SKI-606),BA3293R,215.67363,224.4224045
Bosutinib (SKI-606),BA3295R,194.04024,213.4925997
Bosutinib (SKI-606),BA3297R,199.38925,72.44075213
Bosutinib (SKI-606),BA3299R,199.54497,165.5261552
Bosutinib (SKI-606),BA3300R,218.62248,265.1797234
Bosutinib (SKI-606),BA3302R,203.67404,265.3627818
Bosutinib (SKI-606),BA3305R,211.24567,259.8419695
Bosutinib (SKI-606),BA3306R,209.83505,232.1271035
Bosutinib (SKI-606),BA3308R,195.1583,235.3294929
Bosutinib (SKI-606),BA3310R,203.40256,239.631352
Bosutinib (SKI-606),BA3312R,205.16873,264.5917528
Bosutinib (SKI-606),BA3317R,211.0028,276.0531319
Bosutinib (SKI-606),BA3318R,220.10373,138.7021424
Bosutinib (SKI-606),BA3319R,236.61021,176.098569
Bosutinib (SKI-606),BA3324R,207.56741,177.4302651
Bosutinib (SKI-606),BA3325R,204.54443,226.4247052
Bosutinib (SKI-606),BA3326R,220.9098,280.406972
Bosutinib (SKI-606),BA3328R,215.25667,213.6466472
Bosutinib (SKI-606),BA3332R,202.06726,223.8624363
Bosutinib (SKI-606),BA3333R,212.16945,252.9595994
Bosutinib (SKI-606),BA3334R,200.96329,154.801304
Bosutinib (SKI-606),BA3341R,217.11357,245.1869535
Bosutinib (SKI-606),BA3345R,188.43356,182.939421
Bosutinib (SKI-606),BA3347R,220.24002,227.234268
Bosutinib (SKI-606),BA3351R,234.56186,268.350067
Bosutinib (SKI-606),BA3352R,214.1926,229.8475417
Bosutinib (SKI-606),BA3353R,211.38612,222.2400475
Bosutinib (SKI-606),BA3357R,213.3009,241.6991293
Bosutinib (SKI-606),BA3362R,233.89838,254.5561325
Bosutinib (SKI-606),BA3367R,216.60039,267.7583338
Bosutinib (SKI-606),BA3369R,183.17534,249.8312101
Bosutinib (SKI-606),BA3373R,236.42235,264.8224475
Bosutinib (SKI-606),BA3374R,222.62,272.4038724
Bosutinib (SKI-606),BA3375R,201.7484,202.1641674
Bosutinib (SKI-606),BA3379R,199.54166,215.1186937
Bosutinib (SKI-606),BA3380R,197.41336,154.4083558
Bosutinib (SKI-606),BA3381R,197.44403,226.8572148
Bosutinib (SKI-606),BA3384R,201.29529,283.6078647
Bosutinib (SKI-606),BA3385R,185.62146,228.0250298
Bosutinib (SKI-606),BA3386R,188.27574,203.4578995
Bosutinib (SKI-606),BA3388R,221.48882,226.4242871
Bosutinib (SKI-606),BA3390R,213.2909,256.6631609
Bosutinib (SKI-606),BA3394R,205.91457,210.1800453
Bosutinib (SKI-606),BA3397R,205.07706,165.6359156
Bosutinib (SKI-606),BA3399R,212.48143,199.7459204
Bosutinib (SKI-606),BA3400R,224.51572,265.0844156
Bosutinib (SKI-606),BA3403R,221.67422,245.817906
Bosutinib (SKI-606),BA3406R,201.25058,166.7095008
Bosutinib (SKI-606),BA3411R,231.61201,259.1211068
Bosutinib (SKI-606),BA3412R,229.3176,285.1749481
Bosutinib (SKI-606),BA3415R,231.95627,229.5449676
Bosutinib (SKI-606),BA3416R,228.77171,283.5887423
Bosutinib (SKI-606),BA3417R,188.83392,121.7281576
Bosutinib (SKI-606),BA3418R,213.47346,205.2081697
Bosutinib (SKI-606),BA3421R,190.82979,189.5471967
Bosutinib (SKI-606),BA3422R,218.45282,250.71474
Bosutinib (SKI-606),BA3423R,216.13773,187.5215228
Bosutinib (SKI-606),BA3431R,196.1073,194.4381716
Bosutinib (SKI-606),BA3433R,211.6433,220.653041
Bosutinib (SKI-606),BA3434R,211.72255,244.963576
Bosutinib (SKI-606),BA3438R,212.46596,180.8417635
Bosutinib (SKI-606),BA3445R,216.05809,276.5810628
Bosutinib (SKI-606),BA3446R,193.41417,234.2040698
Bosutinib (SKI-606),BA3449R,214.32375,242.5065456
Bosutinib (SKI-606),BA3451R,223.6783,276.8527825
Bosutinib (SKI-606),BA3452R,196.85306,181.1702609
Bosutinib (SKI-606),BA3454R,201.35896,282.6555887
CHIR-99021,BA3078R,270.28235,256.2961107
CHIR-99021,BA3079R,276.32608,272.2160319
CHIR-99021,BA3083R,275.90665,185.4125648
CHIR-99021,BA3084R,260.7025,266.762242
CHIR-99021,BA3087R,267.28888,271.2621917
CHIR-99021,BA3089R,275.23856,276.3924046
CHIR-99021,BA3094R,264.4976,236.7103721
CHIR-99021,BA3098R,276.4657,269.950024
CHIR-99021,BA3099R,277.13382,220.3170682
CHIR-99021,BA3110R,272.7395,241.4126488
CHIR-99021,BA3114R,276.0376,275.6274696
CHIR-99021,BA3117R,276.08704,286.3279433
CHIR-99021,BA3118R,277.77527,268.1997364
CHIR-99021,BA3119R,268.4159,147.0554756
CHIR-99021,BA3126R,263.0951,275.8125908
CHIR-99021,BA3128R,274.57495,283.8749494
CHIR-99021,BA3130R,250.99629,285.4304991
CHIR-99021,BA3133R,279.0139,267.2586205
CHIR-99021,BA3135R,269.31622,82.62079355
CHIR-99021,BA3137R,276.6529,281.7112611
CHIR-99021,BA3138R,279.80396,286.0211366
CHIR-99021,BA3139R,269.65024,272.4874241
CHIR-99021,BA3145R,276.11932,286.0897681
CHIR-99021,BA3146R,276.16727,259.7541079
CHIR-99021,BA3152R,273.3325,252.6434891
CHIR-99021,BA3153R,272.6297,264.8737025
CHIR-99021,BA3154R,267.03586,153.9146387
CHIR-99021,BA3157R,270.32535,275.1920108
CHIR-99021,BA3158R,270.0771,237.0675654
CHIR-99021,BA3162R,274.7253,278.1216828
CHIR-99021,BA3163R,260.4755,286.0144062
CHIR-99021,BA3164R,274.84158,286.3279433
CHIR-99021,BA3167R,268.21277,280.5291909
CHIR-99021,BA3169R,272.8599,281.9099731
CHIR-99021,BA3171R,278.87466,277.448692
CHIR-99021,BA3174R,276.5249,286.3279433
CHIR-99021,BA3175R,274.93927,272.1537521
CHIR-99021,BA3177R,271.8695,277.3983637
CHIR-99021,BA3181R,275.9506,283.1896262
CHIR-99021,BA3182R,269.91934,278.9302762
CHIR-99021,BA3183R,276.36542,285.2941325
CHIR-99021,BA3185R,269.1994,241.1363091
CHIR-99021,BA3186R,276.0216,286.3279433
CHIR-99021,BA3187R,277.58698,270.6255989
CHIR-99021,BA3189R,274.91537,259.8019312
CHIR-99021,BA3190R,278.35312,227.0290857
CHIR-99021,BA3191R,274.8399,245.5113146
CHIR-99021,BA3192R,270.55704,285.1698505
CHIR-99021,BA3195R,276.93668,286.0645313
CHIR-99021,BA3197R,264.39398,286.3279433
CHIR-99021,BA3199R,274.688,248.3219702
CHIR-99021,BA3200R,271.13867,273.6292832
CHIR-99021,BA3203R,278.20352,283.7570851
CHIR-99021,BA3206R,270.59125,267.9039737
CHIR-99021,BA3207R,274.38632,262.2820151
CHIR-99021,BA3208R,277.53757,262.8241606
CHIR-99021,BA3210R,277.89542,253.794509
CHIR-99021,BA3211R,272.45734,150.7993919
CHIR-99021,BA3212R,273.68817,286.3279433
CHIR-99021,BA3213R,275.5819,249.738467
CHIR-99021,BA3214R,277.23846,286.0719898
CHIR-99021,BA3216R,274.49887,277.0741166
CHIR-99021,BA3217R,271.72937,222.7881085
CHIR-99021,BA3219R,262.37466,276.4925157
CHIR-99021,BA3222R,268.9554,286.0177348
CHIR-99021,BA3225R,260.03458,219.5502376
CHIR-99021,BA3226R,276.39767,278.3834696
CHIR-99021,BA3227R,268.60757,276.5464069
CHIR-99021,BA3228R,276.51324,286.0491979
CHIR-99021,BA3229R,278.0333,262.4031258
CHIR-99021,BA3232R,277.32086,280.5078293
CHIR-99021,BA3235R,268.73157,285.3709176
CHIR-99021,BA3240R,269.61963,255.1603127
CHIR-99021,BA3242R,278.3814,285.5759375
CHIR-99021,BA3243R,277.2822,285.6308727
CHIR-99021,BA3249R,271.59836,251.0543713
CHIR-99021,BA3250R,266.29242,280.0076391
CHIR-99021,BA3251R,276.02933,274.7255133
CHIR-99021,BA3260R,277.85654,285.9811584
CHIR-99021,BA3261R,277.31793,280.7457314
CHIR-99021,BA3264R,264.26868,266.2439725
CHIR-99021,BA3266R,277.13113,277.843465
CHIR-99021,BA3268R,273.90964,258.7305468
CHIR-99021,BA3270R,277.30487,281.6777789
CHIR-99021,BA3271R,275.95258,272.0383625
CHIR-99021,BA3273R,267.61035,247.3750737
CHIR-99021,BA3275R,271.63623,240.915802
CHIR-99021,BA3277R,276.1736,272.9544475
CHIR-99021,BA3283R,274.82715,226.621109
CHIR-99021,BA3285R,271.37067,278.0770088
CHIR-99021,BA3286R,275.36346,279.8066603
CHIR-99021,BA3289R,271.88278,247.4078565
CHIR-99021,BA3290R,278.87503,182.8107059
CHIR-99021,BA3293R,272.76965,243.6032356
CHIR-99021,BA3295R,272.8968,286.3104204
CHIR-99021,BA3297R,276.89764,286.0194965
CHIR-99021,BA3299R,271.72238,265.4580872
CHIR-99021,BA3300R,274.36395,286.0586231
CHIR-99021,BA3302R,276.95724,286.3279433
CHIR-99021,BA3305R,276.47504,286.3279433
CHIR-99021,BA3306R,271.44684,282.4366733
CHIR-99021,BA3308R,271.0092,245.0939441
CHIR-99021,BA3310R,268.70084,197.4018807
CHIR-99021,BA3311R,274.92426,244.8212963
CHIR-99021,BA3312R,276.5326,258.543042
CHIR-99021,BA3317R,269.03152,271.0701193
CHIR-99021,BA3318R,275.59158,244.7498812
CHIR-99021,BA3324R,276.71213,268.1198712
CHIR-99021,BA3326R,265.87735,286.2648614
CHIR-99021,BA3328R,274.1507,262.0835662
CHIR-99021,BA3332R,271.88354,258.9800916
CHIR-99021,BA3333R,274.4228,278.2197225
CHIR-99021,BA3334R,276.1192,262.9537604
CHIR-99021,BA3341R,277.13882,276.4304033
CHIR-99021,BA3345R,273.8581,279.7271686
CHIR-99021,BA3347R,274.41766,230.8140443
CHIR-99021,BA3351R,274.53134,257.7318716
CHIR-99021,BA3352R,271.82587,284.0717612
CHIR-99021,BA3353R,269.77905,244.8048674
CHIR-99021,BA3357R,274.99805,254.3516537
CHIR-99021,BA3362R,273.849,286.3279433
CHIR-99021,BA3367R,272.76285,282.8705223
CHIR-99021,BA3369R,270.48038,267.415812
CHIR-99021,BA3373R,278.47562,286.3279433
CHIR-99021,BA3374R,269.73932,286.2126677
CHIR-99021,BA3375R,268.3398,242.3427808
CHIR-99021,BA3376R,276.88025,249.1230773
CHIR-99021,BA3379R,275.49796,262.4362298
CHIR-99021,BA3380R,273.92166,286.3279433
CHIR-99021,BA3381R,275.90195,286.3279433
CHIR-99021,BA3384R,275.33987,286.3279433
CHIR-99021,BA3385R,277.11124,286.3279433
CHIR-99021,BA3386R,274.61688,282.8356844
CHIR-99021,BA3388R,279.71243,281.0448314
CHIR-99021,BA3390R,267.76706,277.8175302
CHIR-99021,BA3394R,276.58978,285.9283402
CHIR-99021,BA3397R,275.13034,270.431424
CHIR-99021,BA3399R,278.59644,243.2501917
CHIR-99021,BA3400R,273.10706,286.3279433
CHIR-99021,BA3403R,267.29944,282.3434282
CHIR-99021,BA3406R,273.94736,286.3279433
CHIR-99021,BA3411R,278.66095,286.3279433
CHIR-99021,BA3412R,272.24835,286.3279433
CHIR-99021,BA3415R,274.75876,248.169364
CHIR-99021,BA3416R,269.5534,8.09E-09
CHIR-99021,BA3417R,271.3996,233.6843067
CHIR-99021,BA3418R,277.60733,257.714003
CHIR-99021,BA3421R,272.59604,236.6615984
CHIR-99021,BA3422R,268.31064,286.3279433
CHIR-99021,BA3423R,266.9516,233.2234727
CHIR-99021,BA3431R,275.78162,268.7957445
CHIR-99021,BA3433R,271.52374,277.049612
CHIR-99021,BA3434R,278.065,265.3161995
CHIR-99021,BA3438R,273.04022,286.3279433
CHIR-99021,BA3445R,272.63657,286.3279433
CHIR-99021,BA3446R,273.96518,281.5023268
CHIR-99021,BA3451R,268.54248,259.6562431
CHIR-99021,BA3452R,275.68896,285.349016
CHIR-99021,BA3454R,277.572,286.3279433
CI-1040 (PD184352),BA3078R,171.18182,273.3716216
CI-1040 (PD184352),BA3079R,180.7017,115.6309053
CI-1040 (PD184352),BA3083R,180.35338,193.513649
CI-1040 (PD184352),BA3084R,183.84776,207.4366319
CI-1040 (PD184352),BA3087R,203.81038,254.6863373
CI-1040 (PD184352),BA3089R,207.50916,192.2798794
CI-1040 (PD184352),BA3094R,188.65956,124.6136457
CI-1040 (PD184352),BA3098R,175.25198,138.420408
CI-1040 (PD184352),BA3099R,183.52724,119.1008827
CI-1040 (PD184352),BA3110R,185.78523,113.0380341
CI-1040 (PD184352),BA3114R,195.09416,157.7818172
CI-1040 (PD184352),BA3117R,205.19382,285.0162659
CI-1040 (PD184352),BA3118R,182.43213,110.7752283
CI-1040 (PD184352),BA3119R,207.40535,206.4403071
CI-1040 (PD184352),BA3126R,178.24661,157.3145823
CI-1040 (PD184352),BA3128R,198.86714,197.3216798
CI-1040 (PD184352),BA3130R,193.00594,141.7999319
CI-1040 (PD184352),BA3133R,218.51411,217.4048621
CI-1040 (PD184352),BA3135R,199.39485,80.10685206
CI-1040 (PD184352),BA3137R,173.67119,168.6366312
CI-1040 (PD184352),BA3138R,207.82147,180.6606037
CI-1040 (PD184352),BA3139R,212.77939,153.7014139
CI-1040 (PD184352),BA3145R,220.52545,221.8956829
CI-1040 (PD184352),BA3146R,162.68716,127.3911948
CI-1040 (PD184352),BA3152R,181.49606,149.7435051
CI-1040 (PD184352),BA3153R,196.80965,212.3048907
CI-1040 (PD184352),BA3154R,206.15848,98.38250487
CI-1040 (PD184352),BA3157R,195.38756,130.0792017
CI-1040 (PD184352),BA3158R,174.72626,55.21461358
CI-1040 (PD184352),BA3162R,176.73329,124.9752128
CI-1040 (PD184352),BA3163R,176.06897,82.33373461
CI-1040 (PD184352),BA3164R,193.55884,235.9766274
CI-1040 (PD184352),BA3167R,183.27275,126.1295477
CI-1040 (PD184352),BA3169R,192.39323,201.4180125
CI-1040 (PD184352),BA3171R,219.64383,145.395541
CI-1040 (PD184352),BA3174R,183.50365,168.5448633
CI-1040 (PD184352),BA3175R,184.72565,104.426353
CI-1040 (PD184352),BA3177R,159.36632,159.9382737
CI-1040 (PD184352),BA3181R,191.30583,92.18965488
CI-1040 (PD184352),BA3182R,166.50168,140.3760831
CI-1040 (PD184352),BA3183R,206.3078,214.4673367
CI-1040 (PD184352),BA3185R,174.10939,194.6103239
CI-1040 (PD184352),BA3186R,209.39894,234.0052776
CI-1040 (PD184352),BA3187R,201.22163,179.0584395
CI-1040 (PD184352),BA3189R,212.15552,183.5218581
CI-1040 (PD184352),BA3190R,210.61435,195.9387419
CI-1040 (PD184352),BA3191R,171.32373,95.58166331
CI-1040 (PD184352),BA3192R,207.18,190.1082445
CI-1040 (PD184352),BA3195R,193.28654,177.7854009
CI-1040 (PD184352),BA3197R,195.26006,283.677168
CI-1040 (PD184352),BA3199R,180.6511,133.2234994
CI-1040 (PD184352),BA3200R,215.28496,172.6772501
CI-1040 (PD184352),BA3203R,203.3868,221.1822765
CI-1040 (PD184352),BA3206R,213.86726,205.2445907
CI-1040 (PD184352),BA3207R,183.40938,60.18785987
CI-1040 (PD184352),BA3208R,198.10213,209.0191263
CI-1040 (PD184352),BA3210R,207.092,150.8509823
CI-1040 (PD184352),BA3211R,180.92116,143.2299679
CI-1040 (PD184352),BA3212R,205.98303,119.0178288
CI-1040 (PD184352),BA3213R,174.7589,162.5598775
CI-1040 (PD184352),BA3214R,203.56361,112.9453045
CI-1040 (PD184352),BA3216R,199.00969,139.2644625
CI-1040 (PD184352),BA3217R,194.76112,113.8486493
CI-1040 (PD184352),BA3219R,169.81122,145.2453224
CI-1040 (PD184352),BA3222R,210.9194,153.3611112
CI-1040 (PD184352),BA3225R,180.12007,103.1019015
CI-1040 (PD184352),BA3226R,213.21523,256.1751814
CI-1040 (PD184352),BA3227R,206.19269,138.7167725
CI-1040 (PD184352),BA3228R,180.24554,194.1273885
CI-1040 (PD184352),BA3229R,202.01741,162.2430464
CI-1040 (PD184352),BA3230R,218.61804,141.3970329
CI-1040 (PD184352),BA3232R,193.7038,222.9652337
CI-1040 (PD184352),BA3235R,174.65489,145.4466077
CI-1040 (PD184352),BA3240R,207.72054,184.7019498
CI-1040 (PD184352),BA3242R,200.43901,229.4393173
CI-1040 (PD184352),BA3243R,190.03328,184.6451857
CI-1040 (PD184352),BA3249R,213.48022,220.0281623
CI-1040 (PD184352),BA3250R,162.23294,219.6041409
CI-1040 (PD184352),BA3251R,182.73845,184.2423204
CI-1040 (PD184352),BA3258R,173.125,205.7497963
CI-1040 (PD184352),BA3260R,209.72511,173.5807912
CI-1040 (PD184352),BA3261R,222.92407,225.6598325
CI-1040 (PD184352),BA3264R,170.09412,229.9206615
CI-1040 (PD184352),BA3266R,187.55339,146.1094186
CI-1040 (PD184352),BA3268R,206.2236,244.0900803
CI-1040 (PD184352),BA3270R,192.92563,175.7159377
CI-1040 (PD184352),BA3271R,168.09502,131.8605736
CI-1040 (PD184352),BA3273R,208.89876,215.1810668
CI-1040 (PD184352),BA3275R,198.22229,218.6397037
CI-1040 (PD184352),BA3277R,205.08858,188.3835963
CI-1040 (PD184352),BA3283R,171.91313,152.128325
CI-1040 (PD184352),BA3285R,213.60399,185.1475151
CI-1040 (PD184352),BA3286R,169.05652,179.0564793
CI-1040 (PD184352),BA3289R,176.47844,141.8974781
CI-1040 (PD184352),BA3290R,221.39912,246.8629724
CI-1040 (PD184352),BA3293R,210.67432,207.2520838
CI-1040 (PD184352),BA3295R,174.3427,125.7044404
CI-1040 (PD184352),BA3297R,190.53871,230.0582865
CI-1040 (PD184352),BA3299R,181.86511,137.4991114
CI-1040 (PD184352),BA3300R,203.70503,231.341447
CI-1040 (PD184352),BA3302R,199.38449,242.5175446
CI-1040 (PD184352),BA3305R,196.4748,180.2210166
CI-1040 (PD184352),BA3306R,215.3853,165.5787874
CI-1040 (PD184352),BA3308R,187.99995,131.1376987
CI-1040 (PD184352),BA3310R,202.54909,260.7458795
CI-1040 (PD184352),BA3311R,177.77216,54.67441796
CI-1040 (PD184352),BA3312R,194.37383,102.409045
CI-1040 (PD184352),BA3317R,207.43669,149.9193625
CI-1040 (PD184352),BA3319R,182.26584,82.55236673
CI-1040 (PD184352),BA3324R,190.83878,190.1911994
CI-1040 (PD184352),BA3326R,179.84348,148.5635744
CI-1040 (PD184352),BA3328R,209.4953,266.851504
CI-1040 (PD184352),BA3332R,202.7013,134.7390724
CI-1040 (PD184352),BA3333R,206.71695,231.6078733
CI-1040 (PD184352),BA3334R,190.79324,230.2791009
CI-1040 (PD184352),BA3341R,220.52632,193.2651129
CI-1040 (PD184352),BA3345R,171.9867,112.463553
CI-1040 (PD184352),BA3347R,198.12773,170.1711931
CI-1040 (PD184352),BA3351R,216.20207,253.7325012
CI-1040 (PD184352),BA3352R,215.33228,195.7196028
CI-1040 (PD184352),BA3353R,214.30132,283.3575438
CI-1040 (PD184352),BA3357R,205.91235,246.8148577
CI-1040 (PD184352),BA3362R,209.58946,248.3392417
CI-1040 (PD184352),BA3367R,195.59299,264.4536848
CI-1040 (PD184352),BA3369R,161.3312,153.7719788
CI-1040 (PD184352),BA3373R,207.96703,119.487956
CI-1040 (PD184352),BA3374R,188.96515,97.03934109
CI-1040 (PD184352),BA3375R,198.09581,178.4911437
CI-1040 (PD184352),BA3376R,198.00397,258.6828837
CI-1040 (PD184352),BA3379R,189.04204,226.6190909
CI-1040 (PD184352),BA3380R,195.08409,201.4474469
CI-1040 (PD184352),BA3381R,185.2903,195.5549842
CI-1040 (PD184352),BA3384R,186.10706,262.8815409
CI-1040 (PD184352),BA3385R,178.72633,242.6848732
CI-1040 (PD184352),BA3386R,183.22345,197.4233732
CI-1040 (PD184352),BA3388R,207.1594,211.8325426
CI-1040 (PD184352),BA3390R,173.46782,224.2124855
CI-1040 (PD184352),BA3394R,180.9095,114.7013839
CI-1040 (PD184352),BA3397R,195.98627,142.2297744
CI-1040 (PD184352),BA3399R,200.84653,178.1677788
CI-1040 (PD184352),BA3400R,224.39696,235.7175866
CI-1040 (PD184352),BA3403R,182.02107,136.8388222
CI-1040 (PD184352),BA3406R,196.04622,263.1917885
CI-1040 (PD184352),BA3411R,220.30855,243.8586029
CI-1040 (PD184352),BA3412R,212.38309,242.2465097
CI-1040 (PD184352),BA3415R,220.01247,214.7951141
CI-1040 (PD184352),BA3416R,227.00586,166.9816978
CI-1040 (PD184352),BA3417R,171.31897,137.3732137
CI-1040 (PD184352),BA3418R,205.15462,113.3442573
CI-1040 (PD184352),BA3421R,175.25081,235.1957291
CI-1040 (PD184352),BA3422R,218.61772,242.4771268
CI-1040 (PD184352),BA3423R,211.58429,135.4859883
CI-1040 (PD184352),BA3431R,182.18034,116.0061189
CI-1040 (PD184352),BA3433R,212.25316,220.7875724
CI-1040 (PD184352),BA3434R,200.06259,157.7230715
CI-1040 (PD184352),BA3438R,203.73877,168.1149522
CI-1040 (PD184352),BA3445R,207.55399,94.39047882
CI-1040 (PD184352),BA3446R,175.96344,199.7507684
CI-1040 (PD184352),BA3449R,195.81454,118.2512472
CI-1040 (PD184352),BA3451R,170.3814,98.0967448
CI-1040 (PD184352),BA3452R,193.04118,169.3851887
CI-1040 (PD184352),BA3454R,193.94183,277.9847279
Cabozantinib,BA3078R,156.78485,176.1863771
Cabozantinib,BA3079R,163.20183,150.4030217
Cabozantinib,BA3083R,158.38306,165.900949
Cabozantinib,BA3084R,135.83842,128.2335103
Cabozantinib,BA3087R,193.444,279.0175228
Cabozantinib,BA3089R,165.48647,220.1600089
Cabozantinib,BA3094R,169.5061,204.7463867
Cabozantinib,BA3098R,159.25252,119.9321476
Cabozantinib,BA3099R,140.90923,79.79733772
Cabozantinib,BA3110R,167.61972,117.2059798
Cabozantinib,BA3114R,177.92279,144.54216
Cabozantinib,BA3117R,199.66275,73.92453449
Cabozantinib,BA3118R,171.46692,202.6697633
Cabozantinib,BA3119R,148.6775,228.2028272
Cabozantinib,BA3126R,185.08032,151.1518681
Cabozantinib,BA3128R,161.88962,197.6198463
Cabozantinib,BA3130R,219.04388,188.4148031
Cabozantinib,BA3133R,226.67241,211.8974971
Cabozantinib,BA3135R,131.15239,69.79724503
Cabozantinib,BA3137R,162.87962,158.3099249
Cabozantinib,BA3138R,213.33063,174.8063951
Cabozantinib,BA3139R,213.42522,123.9118048
Cabozantinib,BA3145R,190.67941,31.70179651
Cabozantinib,BA3146R,121.9727,88.8355149
Cabozantinib,BA3152R,180.40845,129.1008149
Cabozantinib,BA3153R,176.57304,177.2943354
Cabozantinib,BA3154R,199.80595,148.8564364
Cabozantinib,BA3157R,144.77423,175.8074618
Cabozantinib,BA3158R,148.66872,93.90676752
Cabozantinib,BA3162R,172.33308,203.7235459
Cabozantinib,BA3163R,192.83691,182.6257176
Cabozantinib,BA3164R,131.95029,7.330692554
Cabozantinib,BA3167R,173.43224,62.727051
Cabozantinib,BA3169R,195.68689,137.947099
Cabozantinib,BA3171R,223.31935,237.2768567
Cabozantinib,BA3174R,181.97038,167.608381
Cabozantinib,BA3175R,182.0097,192.5368249
Cabozantinib,BA3177R,134.97325,78.12325407
Cabozantinib,BA3181R,201.2219,190.7953716
Cabozantinib,BA3182R,159.12067,153.982955
Cabozantinib,BA3183R,179.43527,219.3005233
Cabozantinib,BA3185R,147.04663,127.2150478
Cabozantinib,BA3186R,211.81445,202.9360636
Cabozantinib,BA3187R,194.55907,177.6580142
Cabozantinib,BA3189R,192.99316,214.8125978
Cabozantinib,BA3190R,209.42406,234.6745445
Cabozantinib,BA3191R,168.40825,167.1068018
Cabozantinib,BA3192R,160.63098,142.5805419
Cabozantinib,BA3195R,169.96056,172.907287
Cabozantinib,BA3197R,117.08559,9.668578319
Cabozantinib,BA3199R,159.72797,183.4277125
Cabozantinib,BA3200R,174.10335,215.7461737
Cabozantinib,BA3203R,195.22913,229.0799087
Cabozantinib,BA3206R,207.09586,257.5131251
Cabozantinib,BA3207R,199.54979,110.2521831
Cabozantinib,BA3208R,160.33592,76.20829453
Cabozantinib,BA3210R,204.85652,212.3183963
Cabozantinib,BA3211R,146.76172,188.6989247
Cabozantinib,BA3212R,212.4208,271.8499924
Cabozantinib,BA3213R,156.34023,112.4002238
Cabozantinib,BA3214R,200.20032,236.9820415
Cabozantinib,BA3216R,157.88843,45.34288514
Cabozantinib,BA3217R,136.07698,51.31877724
Cabozantinib,BA3219R,175.12184,166.3048936
Cabozantinib,BA3222R,209.76022,202.1356837
Cabozantinib,BA3225R,184.21794,93.6248773
Cabozantinib,BA3226R,157.28226,142.7078851
Cabozantinib,BA3227R,149.88696,110.6141639
Cabozantinib,BA3228R,166.83997,77.89481406
Cabozantinib,BA3229R,205.81773,163.2477371
Cabozantinib,BA3232R,167.70692,205.2462483
Cabozantinib,BA3235R,174.95157,105.6566387
Cabozantinib,BA3240R,179.15277,106.0128758
Cabozantinib,BA3242R,193.13997,203.1909991
Cabozantinib,BA3243R,173.60307,84.29371376
Cabozantinib,BA3249R,193.2012,175.5023813
Cabozantinib,BA3250R,157.75208,249.3858042
Cabozantinib,BA3251R,149.72803,122.2597774
Cabozantinib,BA3258R,165.61606,163.9599875
Cabozantinib,BA3260R,217.1881,254.5989498
Cabozantinib,BA3261R,222.41962,237.1587789
Cabozantinib,BA3264R,107.25347,120.2011484
Cabozantinib,BA3266R,154.13713,133.7701829
Cabozantinib,BA3268R,184.76341,233.5443008
Cabozantinib,BA3270R,182.53809,157.0586372
Cabozantinib,BA3271R,132.32692,103.858381
Cabozantinib,BA3273R,203.0338,24.32535857
Cabozantinib,BA3275R,150.95604,230.5960568
Cabozantinib,BA3277R,178.10739,200.1530586
Cabozantinib,BA3283R,150.84525,199.1414659
Cabozantinib,BA3285R,214.9775,146.218051
Cabozantinib,BA3286R,143.78822,156.2633091
Cabozantinib,BA3289R,164.18176,152.9046921
Cabozantinib,BA3290R,220.08043,237.3789896
Cabozantinib,BA3293R,154.18149,44.54009893
Cabozantinib,BA3295R,170.21272,206.6840238
Cabozantinib,BA3297R,166.06947,131.607168
Cabozantinib,BA3299R,165.42789,98.42226787
Cabozantinib,BA3300R,195.36539,253.6948975
Cabozantinib,BA3302R,187.60692,157.5299649
Cabozantinib,BA3305R,184.87329,239.5060652
Cabozantinib,BA3306R,156.76459,44.90065114
Cabozantinib,BA3308R,162.92053,159.7584857
Cabozantinib,BA3310R,140.8067,172.0942398
Cabozantinib,BA3311R,171.48962,16.66410042
Cabozantinib,BA3312R,193.56961,218.2753602
Cabozantinib,BA3317R,170.04929,106.7104081
Cabozantinib,BA3319R,217.49207,132.7821959
Cabozantinib,BA3324R,190.28268,138.9972544
Cabozantinib,BA3325R,178.48734,173.1147943
Cabozantinib,BA3326R,193.40146,189.5810348
Cabozantinib,BA3328R,166.7067,182.8258563
Cabozantinib,BA3332R,162.8313,216.8355474
Cabozantinib,BA3333R,161.91772,164.9907687
Cabozantinib,BA3334R,182.85196,143.6302545
Cabozantinib,BA3341R,204.09679,208.6189498
Cabozantinib,BA3345R,163.33694,122.7389895
Cabozantinib,BA3347R,193.77216,125.5715526
Cabozantinib,BA3351R,208.0142,246.2958734
Cabozantinib,BA3352R,164.19977,52.39673309
Cabozantinib,BA3353R,184.85234,225.7239399
Cabozantinib,BA3357R,200.74457,256.4519811
Cabozantinib,BA3362R,203.18616,116.6205816
Cabozantinib,BA3367R,198.89462,148.7428805
Cabozantinib,BA3369R,141.43532,218.7817699
Cabozantinib,BA3373R,224.21948,278.2219671
Cabozantinib,BA3374R,190.43433,154.1222852
Cabozantinib,BA3376R,127.65085,57.00084051
Cabozantinib,BA3379R,179.7597,202.1958974
Cabozantinib,BA3380R,133.97102,49.82354537
Cabozantinib,BA3381R,183.3987,199.6668385
Cabozantinib,BA3384R,152.50574,181.3127279
Cabozantinib,BA3385R,155.45145,155.2997206
Cabozantinib,BA3386R,111.70355,148.5701746
Cabozantinib,BA3388R,211.47585,217.9433953
Cabozantinib,BA3390R,174.60599,243.2780656
Cabozantinib,BA3394R,183.33147,201.5467019
Cabozantinib,BA3397R,184.64517,149.9514166
Cabozantinib,BA3399R,200.19826,150.5589837
Cabozantinib,BA3400R,204.12265,204.4186794
Cabozantinib,BA3403R,182.99258,212.438538
Cabozantinib,BA3406R,143.12244,86.23531038
Cabozantinib,BA3411R,217.94849,216.5614469
Cabozantinib,BA3412R,202.52377,260.2397081
Cabozantinib,BA3415R,221.78291,161.5233568
Cabozantinib,BA3416R,219.84186,249.9311179
Cabozantinib,BA3417R,161.51555,149.6249916
Cabozantinib,BA3418R,192.09657,130.182875
Cabozantinib,BA3421R,158.19133,171.0343473
Cabozantinib,BA3422R,178.22922,165.4197675
Cabozantinib,BA3423R,173.99017,154.068781
Cabozantinib,BA3431R,164.55827,182.3922486
Cabozantinib,BA3433R,164.80501,204.5165954
Cabozantinib,BA3434R,198.02493,211.9571651
Cabozantinib,BA3438R,180.15105,99.21641302
Cabozantinib,BA3445R,187.19327,163.1328935
Cabozantinib,BA3446R,158.20242,101.2242236
Cabozantinib,BA3449R,190.59158,253.5454629
Cabozantinib,BA3451R,179.10484,211.9911441
Cabozantinib,BA3452R,174.7338,216.5920111
Cabozantinib,BA3454R,127.474915,0.318540829
Cediranib (AZD2171),BA3078R,239.53503,240.0285295
Cediranib (AZD2171),BA3079R,240.5613,248.4565744
Cediranib (AZD2171),BA3083R,243.05057,236.1449695
Cediranib (AZD2171),BA3084R,259.96085,286.2030555
Cediranib (AZD2171),BA3087R,264.29916,278.7448059
Cediranib (AZD2171),BA3089R,270.06946,245.8211168
Cediranib (AZD2171),BA3094R,257.16116,286.3279433
Cediranib (AZD2171),BA3098R,234.29109,243.8068416
Cediranib (AZD2171),BA3099R,249.5007,266.0606381
Cediranib (AZD2171),BA3110R,247.35638,209.9100326
Cediranib (AZD2171),BA3114R,249.69487,198.0510429
Cediranib (AZD2171),BA3117R,265.32178,272.2468176
Cediranib (AZD2171),BA3118R,250.62701,273.8578501
Cediranib (AZD2171),BA3119R,272.74603,284.9715573
Cediranib (AZD2171),BA3126R,243.15375,246.4166313
Cediranib (AZD2171),BA3128R,261.5085,260.9801621
Cediranib (AZD2171),BA3130R,247.7931,241.7577345
Cediranib (AZD2171),BA3133R,266.52704,276.9834071
Cediranib (AZD2171),BA3135R,266.5461,286.3279433
Cediranib (AZD2171),BA3137R,232.26714,228.6651738
Cediranib (AZD2171),BA3138R,261.61053,236.3942092
Cediranib (AZD2171),BA3139R,269.97946,245.588923
Cediranib (AZD2171),BA3145R,270.77914,268.1317145
Cediranib (AZD2171),BA3146R,231.65596,202.7835544
Cediranib (AZD2171),BA3152R,237.07344,223.5222472
Cediranib (AZD2171),BA3153R,257.10327,226.4649901
Cediranib (AZD2171),BA3154R,260.0743,285.9979537
Cediranib (AZD2171),BA3157R,264.92493,286.3279433
Cediranib (AZD2171),BA3158R,244.90831,213.8218072
Cediranib (AZD2171),BA3162R,241.55626,227.1279888
Cediranib (AZD2171),BA3163R,243.19173,151.2224095
Cediranib (AZD2171),BA3164R,265.37607,247.1898188
Cediranib (AZD2171),BA3167R,246.19524,192.7191657
Cediranib (AZD2171),BA3169R,251.7144,112.0457617
Cediranib (AZD2171),BA3171R,266.5979,253.0223173
Cediranib (AZD2171),BA3174R,245.29112,157.78218
Cediranib (AZD2171),BA3175R,241.46663,234.0865084
Cediranib (AZD2171),BA3177R,231.59099,253.1065823
Cediranib (AZD2171),BA3181R,254.70587,228.9842962
Cediranib (AZD2171),BA3182R,231.13254,230.470784
Cediranib (AZD2171),BA3183R,264.582,243.998741
Cediranib (AZD2171),BA3185R,242.98267,173.21297
Cediranib (AZD2171),BA3186R,264.68332,280.3204131
Cediranib (AZD2171),BA3187R,255.67274,260.9486962
Cediranib (AZD2171),BA3189R,268.72852,286.3279433
Cediranib (AZD2171),BA3190R,264.2702,283.9735714
Cediranib (AZD2171),BA3191R,235.04544,279.5584674
Cediranib (AZD2171),BA3192R,265.77515,251.6222357
Cediranib (AZD2171),BA3195R,254.27289,284.853719
Cediranib (AZD2171),BA3197R,270.2197,240.9075574
Cediranib (AZD2171),BA3199R,246.72174,265.842023
Cediranib (AZD2171),BA3200R,272.93103,286.3279433
Cediranib (AZD2171),BA3203R,258.84497,275.7173863
Cediranib (AZD2171),BA3207R,255.62035,252.1183013
Cediranib (AZD2171),BA3208R,261.82492,283.2950484
Cediranib (AZD2171),BA3210R,256.27515,285.1059565
Cediranib (AZD2171),BA3211R,247.06375,200.4269005
Cediranib (AZD2171),BA3212R,265.65295,275.1062073
Cediranib (AZD2171),BA3213R,234.91711,194.3001988
Cediranib (AZD2171),BA3214R,264.15067,279.0577925
Cediranib (AZD2171),BA3216R,255.62808,286.3279433
Cediranib (AZD2171),BA3217R,264.83487,264.0265764
Cediranib (AZD2171),BA3219R,238.46153,179.8185147
Cediranib (AZD2171),BA3225R,242.31268,206.3189599
Cediranib (AZD2171),BA3226R,268.9349,235.0945701
Cediranib (AZD2171),BA3227R,269.9597,286.3279433
Cediranib (AZD2171),BA3228R,240.75061,278.8691806
Cediranib (AZD2171),BA3229R,251.09299,267.6218403
Cediranib (AZD2171),BA3230R,265.64545,282.517538
Cediranib (AZD2171),BA3232R,252.78467,260.3804225
Cediranib (AZD2171),BA3235R,241.08615,281.6607757
Cediranib (AZD2171),BA3240R,270.21075,279.7340191
Cediranib (AZD2171),BA3242R,254.69057,256.6353983
Cediranib (AZD2171),BA3243R,250.09772,207.8289177
Cediranib (AZD2171),BA3249R,270.53168,286.0605934
Cediranib (AZD2171),BA3250R,228.65913,286.2322223
Cediranib (AZD2171),BA3251R,246.7091,227.5166247
Cediranib (AZD2171),BA3258R,239.93413,218.5083787
Cediranib (AZD2171),BA3260R,263.44232,209.203387
Cediranib (AZD2171),BA3261R,269.9463,286.3279433
Cediranib (AZD2171),BA3264R,250.10634,284.5065878
Cediranib (AZD2171),BA3266R,251.93964,270.7753108
Cediranib (AZD2171),BA3268R,263.44754,265.4094507
Cediranib (AZD2171),BA3270R,250.24048,177.5207213
Cediranib (AZD2171),BA3271R,233.50053,197.9019874
Cediranib (AZD2171),BA3273R,258.8374,286.3279433
Cediranib (AZD2171),BA3275R,264.23273,282.3591663
Cediranib (AZD2171),BA3277R,255.92395,266.1372988
Cediranib (AZD2171),BA3283R,244.86998,224.7440307
Cediranib (AZD2171),BA3285R,269.48785,286.3279433
Cediranib (AZD2171),BA3286R,231.54625,233.0252968
Cediranib (AZD2171),BA3289R,239.54182,264.445544
Cediranib (AZD2171),BA3290R,268.17453,277.6428333
Cediranib (AZD2171),BA3293R,268.55576,279.705997
Cediranib (AZD2171),BA3295R,231.7228,233.1724169
Cediranib (AZD2171),BA3297R,251.49623,69.44448655
Cediranib (AZD2171),BA3299R,243.10942,261.6426722
Cediranib (AZD2171),BA3300R,267.06537,282.2851985
Cediranib (AZD2171),BA3302R,257.63007,234.8253947
Cediranib (AZD2171),BA3305R,258.84042,250.5526961
Cediranib (AZD2171),BA3306R,270.60864,286.3279433
Cediranib (AZD2171),BA3308R,255.38062,278.1171781
Cediranib (AZD2171),BA3310R,268.47412,286.3279433
Cediranib (AZD2171),BA3312R,258.35342,257.301173
Cediranib (AZD2171),BA3317R,268.84833,284.1261258
Cediranib (AZD2171),BA3318R,261.0911,277.9581199
Cediranib (AZD2171),BA3324R,247.04533,220.6931329
Cediranib (AZD2171),BA3325R,256.9771,285.8311272
Cediranib (AZD2171),BA3326R,247.41061,229.9341891
Cediranib (AZD2171),BA3328R,263.273,267.0825046
Cediranib (AZD2171),BA3332R,265.14105,286.3279433
Cediranib (AZD2171),BA3333R,266.36856,285.4059475
Cediranib (AZD2171),BA3334R,247.07664,233.4809571
Cediranib (AZD2171),BA3341R,264.18045,285.4656652
Cediranib (AZD2171),BA3345R,241.6676,255.7847612
Cediranib (AZD2171),BA3347R,254.83195,220.3516598
Cediranib (AZD2171),BA3351R,268.39514,286.3279433
Cediranib (AZD2171),BA3352R,266.84454,276.496559
Cediranib (AZD2171),BA3353R,270.83777,264.0743128
Cediranib (AZD2171),BA3357R,269.777,286.3279433
Cediranib (AZD2171),BA3362R,262.93643,280.0599853
Cediranib (AZD2171),BA3367R,253.87793,222.432551
Cediranib (AZD2171),BA3369R,230.73727,220.4259207
Cediranib (AZD2171),BA3373R,269.7238,269.774223
Cediranib (AZD2171),BA3374R,253.58017,218.399678
Cediranib (AZD2171),BA3375R,267.58145,286.3279433
Cediranib (AZD2171),BA3379R,251.73827,215.8826345
Cediranib (AZD2171),BA3380R,261.67676,246.4112563
Cediranib (AZD2171),BA3381R,237.59285,239.6281405
Cediranib (AZD2171),BA3384R,254.95557,249.6656532
Cediranib (AZD2171),BA3385R,238.83664,240.9852885
Cediranib (AZD2171),BA3386R,262.92804,203.9844457
Cediranib (AZD2171),BA3388R,260.06296,244.0535992
Cediranib (AZD2171),BA3390R,241.63426,284.2995444
Cediranib (AZD2171),BA3394R,246.31381,267.4001499
Cediranib (AZD2171),BA3397R,257.9696,238.1145135
Cediranib (AZD2171),BA3399R,256.39246,187.8558723
Cediranib (AZD2171),BA3400R,267.26422,285.8916915
Cediranib (AZD2171),BA3403R,254.10112,283.1934336
Cediranib (AZD2171),BA3406R,261.22202,247.2026936
Cediranib (AZD2171),BA3411R,267.65475,279.5650105
Cediranib (AZD2171),BA3412R,264.58386,278.3939789
Cediranib (AZD2171),BA3415R,265.5377,286.3279433
Cediranib (AZD2171),BA3416R,274.57632,286.3279433
Cediranib (AZD2171),BA3417R,239.35011,189.0336903
Cediranib (AZD2171),BA3418R,258.74756,286.3279433
Cediranib (AZD2171),BA3421R,236.14134,245.3817398
Cediranib (AZD2171),BA3422R,271.91785,286.3279433
Cediranib (AZD2171),BA3423R,272.70602,286.3279433
Cediranib (AZD2171),BA3431R,243.26768,258.8262652
Cediranib (AZD2171),BA3433R,268.2271,281.5036048
Cediranib (AZD2171),BA3434R,255.71921,275.5869697
Cediranib (AZD2171),BA3438R,260.84357,272.1278278
Cediranib (AZD2171),BA3445R,265.91672,208.5510779
Cediranib (AZD2171),BA3446R,237.2121,224.2235877
Cediranib (AZD2171),BA3449R,254.64815,248.6307611
Cediranib (AZD2171),BA3451R,243.47649,254.9256045
Cediranib (AZD2171),BA3452R,249.93465,223.685701
Cediranib (AZD2171),BA3454R,262.617,191.7659942
Elesclomol,BA3079R,28.90569,3.005236396
Elesclomol,BA3083R,38.70766,8.048262651
Elesclomol,BA3084R,84.71652,174.2930847
Elesclomol,BA3087R,64.80098,27.75583337
Elesclomol,BA3089R,67.31216,73.65646294
Elesclomol,BA3094R,96.942024,266.4444535
Elesclomol,BA3098R,31.851257,15.03580458
Elesclomol,BA3099R,46.725876,8.638614566
Elesclomol,BA3110R,47.2163,15.92959684
Elesclomol,BA3114R,31.978424,8.09E-09
Elesclomol,BA3117R,45.136963,142.1494366
Elesclomol,BA3118R,39.43432,11.46066031
Elesclomol,BA3126R,83.122856,58.19454887
Elesclomol,BA3128R,66.618324,54.7075385
Elesclomol,BA3130R,95.88139,0.894112574
Elesclomol,BA3133R,38.879612,1.705090997
Elesclomol,BA3135R,72.62991,110.6830346
Elesclomol,BA3137R,29.144539,8.054913524
Elesclomol,BA3138R,27.039215,11.17684775
Elesclomol,BA3139R,82.19252,25.59229219
Elesclomol,BA3145R,75.3197,25.48738626
Elesclomol,BA3146R,30.261778,25.69150767
Elesclomol,BA3152R,35.156116,6.01741546
Elesclomol,BA3153R,42.3244,17.35400234
Elesclomol,BA3154R,67.79589,44.0847708
Elesclomol,BA3157R,67.44164,26.79451881
Elesclomol,BA3158R,53.941692,7.404718904
Elesclomol,BA3162R,35.398674,4.610075572
Elesclomol,BA3163R,65.580444,26.88078242
Elesclomol,BA3164R,77.596115,36.0771753
Elesclomol,BA3167R,70.04217,19.33496762
Elesclomol,BA3169R,61.591053,45.13879035
Elesclomol,BA3171R,37.601856,14.54175531
Elesclomol,BA3174R,28.612661,1.783153973
Elesclomol,BA3175R,34.001724,8.146435781
Elesclomol,BA3177R,46.2713,5.270249226
Elesclomol,BA3181R,30.768202,6.801584363
Elesclomol,BA3182R,42.631016,13.60608098
Elesclomol,BA3183R,45.656597,51.90911894
Elesclomol,BA3185R,48.064053,27.07821866
Elesclomol,BA3186R,56.631897,4.133153361
Elesclomol,BA3187R,36.689415,9.390616519
Elesclomol,BA3189R,60.990314,21.10772907
Elesclomol,BA3190R,35.795063,13.11029851
Elesclomol,BA3191R,37.10076,3.167372031
Elesclomol,BA3192R,90.408615,198.8797122
Elesclomol,BA3195R,38.58588,70.90253871
Elesclomol,BA3197R,83.505035,132.7552783
Elesclomol,BA3199R,36.51053,30.47967374
Elesclomol,BA3200R,81.07156,83.0604938
Elesclomol,BA3203R,30.79875,45.03869551
Elesclomol,BA3206R,60.962173,20.08689508
Elesclomol,BA3207R,91.11404,47.58412814
Elesclomol,BA3208R,50.632572,42.63061509
Elesclomol,BA3210R,30.371513,41.4883241
Elesclomol,BA3211R,50.648632,46.81279737
Elesclomol,BA3212R,69.319435,164.2277031
Elesclomol,BA3213R,34.412693,20.14257169
Elesclomol,BA3214R,42.80724,28.10538135
Elesclomol,BA3216R,55.37127,42.28140707
Elesclomol,BA3217R,78.87871,66.99349455
Elesclomol,BA3219R,82.885994,56.25942529
Elesclomol,BA3222R,87.6538,262.5792118
Elesclomol,BA3225R,93.857506,38.03134774
Elesclomol,BA3226R,65.685005,78.94385447
Elesclomol,BA3227R,73.403786,70.95189318
Elesclomol,BA3228R,32.4151,4.485165876
Elesclomol,BA3229R,32.669342,13.92878175
Elesclomol,BA3232R,35.758904,48.3350617
Elesclomol,BA3242R,31.268663,12.60279902
Elesclomol,BA3243R,38.81926,1.293386972
Elesclomol,BA3249R,85.36531,286.3279433
Elesclomol,BA3250R,55.55907,8.233209556
Elesclomol,BA3251R,43.145363,156.878825
Elesclomol,BA3258R,57.94385,35.06423253
Elesclomol,BA3260R,27.976725,5.244228992
Elesclomol,BA3261R,44.985382,8.789201019
Elesclomol,BA3264R,66.73541,74.11095694
Elesclomol,BA3266R,36.68478,38.60311156
Elesclomol,BA3268R,57.80263,34.75394239
Elesclomol,BA3270R,29.057074,1.238635411
Elesclomol,BA3271R,33.228172,15.79758759
Elesclomol,BA3273R,69.899445,83.61582254
Elesclomol,BA3275R,71.39661,46.21847097
Elesclomol,BA3277R,44.221672,36.0940886
Elesclomol,BA3283R,39.118347,0.21190685
Elesclomol,BA3285R,80.69356,47.21691391
Elesclomol,BA3286R,34.29653,35.92503487
Elesclomol,BA3289R,32.23808,36.69115853
Elesclomol,BA3290R,36.05005,15.48440596
Elesclomol,BA3293R,80.10648,85.78321282
Elesclomol,BA3295R,35.840973,5.927816935
Elesclomol,BA3297R,40.311768,34.20248195
Elesclomol,BA3300R,51.376564,15.06098312
Elesclomol,BA3302R,39.69756,33.01499453
Elesclomol,BA3305R,39.486626,54.76293623
Elesclomol,BA3306R,92.19048,155.3603099
Elesclomol,BA3308R,42.418266,25.55969516
Elesclomol,BA3310R,69.463875,113.0457861
Elesclomol,BA3311R,33.369076,8.09E-09
Elesclomol,BA3312R,42.81279,17.40149793
Elesclomol,BA3317R,78.3874,41.90718301
Elesclomol,BA3319R,60.601257,1.492668185
Elesclomol,BA3324R,33.794586,9.697527834
Elesclomol,BA3325R,35.90358,42.70368374
Elesclomol,BA3326R,79.674675,283.8327074
Elesclomol,BA3328R,58.763126,58.36131177
Elesclomol,BA3332R,52.948708,66.42459828
Elesclomol,BA3333R,62.828705,61.20035097
Elesclomol,BA3334R,33.453087,50.39789837
Elesclomol,BA3341R,51.182877,62.68840976
Elesclomol,BA3345R,29.860462,10.19078132
Elesclomol,BA3347R,54.293728,27.12883806
Elesclomol,BA3352R,73.78349,30.67241561
Elesclomol,BA3357R,50.387215,97.93940367
Elesclomol,BA3362R,117.23083,175.1354604
Elesclomol,BA3369R,39.477264,7.776070251
Elesclomol,BA3373R,43.23285,39.32637507
Elesclomol,BA3374R,105.57887,254.5166038
Elesclomol,BA3376R,53.735268,25.85068729
Elesclomol,BA3379R,38.40057,69.65090006
Elesclomol,BA3380R,78.147125,35.83212723
Elesclomol,BA3381R,27.11954,22.86284894
Elesclomol,BA3384R,48.51334,57.94383748
Elesclomol,BA3385R,29.593203,14.06466174
Elesclomol,BA3386R,56.773098,34.56934646
Elesclomol,BA3388R,28.296549,8.59584291
Elesclomol,BA3390R,58.34708,8.072305719
Elesclomol,BA3394R,29.557268,3.882177102
Elesclomol,BA3397R,41.9319,44.3157362
Elesclomol,BA3399R,25.84735,40.94329011
Elesclomol,BA3400R,75.15675,51.773294
Elesclomol,BA3403R,111.14872,281.1999542
Elesclomol,BA3406R,68.24709,42.59734323
Elesclomol,BA3412R,109.76269,210.8460967
Elesclomol,BA3415R,50.043602,35.68589515
Elesclomol,BA3416R,71.629974,155.9036071
Elesclomol,BA3417R,37.96433,35.75293318
Elesclomol,BA3418R,35.26719,201.8424176
Elesclomol,BA3421R,28.767937,3.474030374
Elesclomol,BA3423R,85.739845,70.20963682
Elesclomol,BA3431R,31.133192,29.56315027
Elesclomol,BA3433R,72.942314,84.49403973
Elesclomol,BA3434R,31.624205,24.73979802
Elesclomol,BA3438R,72.87923,43.19504315
Elesclomol,BA3445R,58.210743,39.7864244
Elesclomol,BA3446R,33.78495,11.87331668
Elesclomol,BA3449R,47.17208,3.516013354
Elesclomol,BA3452R,39.847954,10.53529647
Foretinib (XL880),BA3078R,104.799255,115.2232207
Foretinib (XL880),BA3079R,97.11688,115.4028652
Foretinib (XL880),BA3083R,97.356026,46.51521572
Foretinib (XL880),BA3084R,101.375755,78.29595474
Foretinib (XL880),BA3087R,157.25818,225.8481907
Foretinib (XL880),BA3089R,126.79304,176.6330788
Foretinib (XL880),BA3094R,130.29433,104.7844789
Foretinib (XL880),BA3098R,98.06301,71.03183704
Foretinib (XL880),BA3099R,90.07016,24.69187
Foretinib (XL880),BA3110R,113.166275,79.58270098
Foretinib (XL880),BA3114R,114.244705,51.95063332
Foretinib (XL880),BA3117R,160.81761,12.56814295
Foretinib (XL880),BA3118R,108.73036,281.9997536
Foretinib (XL880),BA3126R,139.14696,61.26686417
Foretinib (XL880),BA3128R,111.51354,79.09343766
Foretinib (XL880),BA3130R,174.21649,158.0877436
Foretinib (XL880),BA3133R,176.28896,172.0874382
Foretinib (XL880),BA3135R,101.944244,9.948941678
Foretinib (XL880),BA3137R,98.23401,43.26676089
Foretinib (XL880),BA3138R,143.925,98.51408408
Foretinib (XL880),BA3139R,171.5669,39.00860369
Foretinib (XL880),BA3145R,148.26021,15.67669099
Foretinib (XL880),BA3146R,68.973915,40.69952511
Foretinib (XL880),BA3152R,118.80154,55.47862188
Foretinib (XL880),BA3153R,123.92256,88.42700406
Foretinib (XL880),BA3154R,161.98557,105.0756553
Foretinib (XL880),BA3157R,107.539925,167.5408046
Foretinib (XL880),BA3158R,99.82676,21.06557187
Foretinib (XL880),BA3162R,113.68674,159.4526858
Foretinib (XL880),BA3163R,136.5593,121.3222552
Foretinib (XL880),BA3164R,88.07434,21.63479957
Foretinib (XL880),BA3167R,123.026695,11.39514335
Foretinib (XL880),BA3169R,138.94429,99.8632565
Foretinib (XL880),BA3171R,175.72021,170.448157
Foretinib (XL880),BA3174R,113.020134,88.34272932
Foretinib (XL880),BA3175R,114.652275,130.5739721
Foretinib (XL880),BA3177R,87.746475,22.42174902
Foretinib (XL880),BA3181R,137.93765,130.1647642
Foretinib (XL880),BA3182R,104.82223,84.0552101
Foretinib (XL880),BA3183R,128.67674,147.8421169
Foretinib (XL880),BA3185R,97.2975,48.29638363
Foretinib (XL880),BA3186R,163.2749,150.4852348
Foretinib (XL880),BA3187R,130.90427,122.1040079
Foretinib (XL880),BA3189R,150.47716,169.3231129
Foretinib (XL880),BA3190R,152.17076,179.380051
Foretinib (XL880),BA3191R,109.413605,92.90602777
Foretinib (XL880),BA3192R,120.34191,103.737917
Foretinib (XL880),BA3195R,113.69054,121.0318339
Foretinib (XL880),BA3197R,91.002144,8.09E-09
Foretinib (XL880),BA3199R,106.7489,155.3590228
Foretinib (XL880),BA3200R,138.62837,163.4869839
Foretinib (XL880),BA3203R,132.33276,168.1137695
Foretinib (XL880),BA3207R,150.82587,59.96812623
Foretinib (XL880),BA3208R,108.83571,55.50783063
Foretinib (XL880),BA3210R,140.24263,137.2858339
Foretinib (XL880),BA3212R,173.04517,251.3210122
Foretinib (XL880),BA3213R,93.24813,52.55241139
Foretinib (XL880),BA3214R,149.98227,201.0118005
Foretinib (XL880),BA3216R,101.41585,81.58378489
Foretinib (XL880),BA3217R,91.04551,81.56920398
Foretinib (XL880),BA3219R,127.377365,121.4850851
Foretinib (XL880),BA3222R,165.45122,138.077248
Foretinib (XL880),BA3225R,140.55153,35.98229596
Foretinib (XL880),BA3226R,107.45969,156.2492667
Foretinib (XL880),BA3227R,122.80651,58.64961256
Foretinib (XL880),BA3228R,100.73366,38.03845743
Foretinib (XL880),BA3229R,143.71985,93.34571481
Foretinib (XL880),BA3230R,170.3125,63.21815362
Foretinib (XL880),BA3232R,107.93059,201.4692026
Foretinib (XL880),BA3235R,122.33128,27.82325751
Foretinib (XL880),BA3240R,140.26642,4.940683329
Foretinib (XL880),BA3242R,129.04907,150.685388
Foretinib (XL880),BA3243R,112.225586,78.43934782
Foretinib (XL880),BA3249R,158.29211,208.3645505
Foretinib (XL880),BA3250R,110.42989,188.995486
Foretinib (XL880),BA3251R,92.2581,78.14371083
Foretinib (XL880),BA3258R,109.81624,119.100913
Foretinib (XL880),BA3260R,154.03734,187.8462953
Foretinib (XL880),BA3261R,183.72168,178.051096
Foretinib (XL880),BA3264R,74.156235,70.788575
Foretinib (XL880),BA3266R,98.45837,11.92550891
Foretinib (XL880),BA3268R,140.83835,131.5245977
Foretinib (XL880),BA3270R,111.39257,87.56697971
Foretinib (XL880),BA3271R,80.80059,39.42831014
Foretinib (XL880),BA3273R,160.21854,45.07878035
Foretinib (XL880),BA3275R,108.08388,136.8660849
Foretinib (XL880),BA3277R,123.52773,143.070096
Foretinib (XL880),BA3283R,92.55377,113.9577932
Foretinib (XL880),BA3285R,172.85832,87.22802824
Foretinib (XL880),BA3286R,82.02564,65.28132784
Foretinib (XL880),BA3289R,99.523994,91.90932498
Foretinib (XL880),BA3290R,168.05908,177.0440346
Foretinib (XL880),BA3293R,109.41837,36.03222782
Foretinib (XL880),BA3295R,111.629974,124.5880906
Foretinib (XL880),BA3297R,109.68784,41.96183778
Foretinib (XL880),BA3299R,104.4158,48.24970129
Foretinib (XL880),BA3300R,155.61926,229.9327922
Foretinib (XL880),BA3302R,138.25433,83.2237577
Foretinib (XL880),BA3305R,125.14121,165.2347305
Foretinib (XL880),BA3306R,118.21801,34.0468162
Foretinib (XL880),BA3308R,113.17865,151.7266154
Foretinib (XL880),BA3310R,114.21618,115.9006235
Foretinib (XL880),BA3311R,106.274254,6.531502336
Foretinib (XL880),BA3312R,146.09038,111.2666361
Foretinib (XL880),BA3317R,132.3532,215.7422553
Foretinib (XL880),BA3318R,145.57764,8.09E-09
Foretinib (XL880),BA3319R,159.80177,119.4054577
Foretinib (XL880),BA3324R,127.00992,87.29033181
Foretinib (XL880),BA3325R,116.24635,79.96363711
Foretinib (XL880),BA3326R,138.27335,82.62215576
Foretinib (XL880),BA3332R,123.8044,109.6927175
Foretinib (XL880),BA3333R,123.30751,89.69336534
Foretinib (XL880),BA3334R,119.74111,79.34781796
Foretinib (XL880),BA3341R,160.10707,212.9681141
Foretinib (XL880),BA3345R,96.001465,72.21086579
Foretinib (XL880),BA3347R,131.90851,82.91706771
Foretinib (XL880),BA3351R,164.65791,175.571843
Foretinib (XL880),BA3352R,125.95154,36.58278732
Foretinib (XL880),BA3353R,152.61166,142.0919305
Foretinib (XL880),BA3357R,163.06511,183.8638575
Foretinib (XL880),BA3362R,154.62605,66.42127255
Foretinib (XL880),BA3367R,132.12866,115.9106392
Foretinib (XL880),BA3369R,89.64398,98.4263602
Foretinib (XL880),BA3373R,180.77255,239.3245163
Foretinib (XL880),BA3374R,142.91013,105.592186
Foretinib (XL880),BA3375R,92.995285,62.79284092
Foretinib (XL880),BA3379R,124.236305,230.8746106
Foretinib (XL880),BA3380R,89.23196,8.09E-09
Foretinib (XL880),BA3381R,115.28881,118.1072179
Foretinib (XL880),BA3384R,100.135956,146.3576795
Foretinib (XL880),BA3385R,90.537125,91.13160662
Foretinib (XL880),BA3386R,69.96103,108.3697
Foretinib (XL880),BA3388R,145.66002,105.3148456
Foretinib (XL880),BA3390R,115.20903,198.5854316
Foretinib (XL880),BA3394R,116.41719,97.51208257
Foretinib (XL880),BA3397R,132.89674,84.73284511
Foretinib (XL880),BA3399R,131.31853,193.5274778
Foretinib (XL880),BA3400R,159.65779,142.7538158
Foretinib (XL880),BA3403R,134.31448,165.404782
Foretinib (XL880),BA3406R,89.337166,32.18638495
Foretinib (XL880),BA3411R,166.28415,181.6275824
Foretinib (XL880),BA3412R,157.24564,219.2720679
Foretinib (XL880),BA3415R,178.52711,143.1201287
Foretinib (XL880),BA3416R,188.4851,66.82447564
Foretinib (XL880),BA3417R,99.310295,53.73966957
Foretinib (XL880),BA3418R,137.17998,49.25846014
Foretinib (XL880),BA3421R,96.01915,78.54242493
Foretinib (XL880),BA3422R,149.52377,135.0609876
Foretinib (XL880),BA3423R,135.66458,111.940381
Foretinib (XL880),BA3431R,101.17975,161.1876844
Foretinib (XL880),BA3433R,133.31958,183.8655795
Foretinib (XL880),BA3434R,135.88052,149.1859517
Foretinib (XL880),BA3438R,133.2914,39.63837465
Foretinib (XL880),BA3445R,140.57567,104.0417902
Foretinib (XL880),BA3446R,98.45933,39.40577286
Foretinib (XL880),BA3449R,135.38538,209.6899045
Foretinib (XL880),BA3451R,121.05881,162.055599
Foretinib (XL880),BA3452R,110.58506,157.9319879
Foretinib (XL880),BA3454R,80.50548,8.09E-09
GDC-0879,BA3078R,273.60672,286.3279433
GDC-0879,BA3079R,278.5926,286.3279433
GDC-0879,BA3083R,278.07388,280.1248631
GDC-0879,BA3084R,268.14395,286.3279433
GDC-0879,BA3087R,273.84628,286.3279433
GDC-0879,BA3089R,278.07697,286.3279433
GDC-0879,BA3094R,273.34103,286.3279433
GDC-0879,BA3098R,278.04666,286.3251757
GDC-0879,BA3099R,278.42603,263.2484865
GDC-0879,BA3110R,276.49185,286.3279433
GDC-0879,BA3114R,278.4208,286.3279433
GDC-0879,BA3117R,278.12228,233.9799369
GDC-0879,BA3118R,279.4391,284.2805725
GDC-0879,BA3119R,271.7998,286.2030379
GDC-0879,BA3126R,271.33206,286.3279433
GDC-0879,BA3128R,278.8178,282.0377228
GDC-0879,BA3130R,263.1068,179.6682653
GDC-0879,BA3133R,281.07138,286.3279433
GDC-0879,BA3135R,274.34238,278.6161698
GDC-0879,BA3137R,277.3378,158.5126979
GDC-0879,BA3138R,282.2965,273.8255027
GDC-0879,BA3139R,276.05115,279.9372471
GDC-0879,BA3145R,280.08554,252.365047
GDC-0879,BA3146R,277.3714,285.5544927
GDC-0879,BA3152R,277.01917,275.8125801
GDC-0879,BA3153R,277.96902,285.4776816
GDC-0879,BA3154R,272.4898,286.3279433
GDC-0879,BA3157R,272.55698,286.3279433
GDC-0879,BA3158R,272.95453,283.1979099
GDC-0879,BA3162R,277.91916,262.2819903
GDC-0879,BA3163R,270.0117,128.1413766
GDC-0879,BA3164R,278.00308,286.3279433
GDC-0879,BA3167R,275.00974,285.8218703
GDC-0879,BA3169R,278.02695,241.3199296
GDC-0879,BA3171R,281.32166,284.139152
GDC-0879,BA3174R,279.6922,254.9046595
GDC-0879,BA3175R,278.75607,285.6147316
GDC-0879,BA3177R,273.04648,283.4698947
GDC-0879,BA3181R,280.12595,286.3279433
GDC-0879,BA3182R,272.69357,247.9638165
GDC-0879,BA3183R,277.99564,286.3279433
GDC-0879,BA3185R,273.89346,263.8327071
GDC-0879,BA3186R,278.7094,286.3262742
GDC-0879,BA3187R,279.6854,285.8058486
GDC-0879,BA3189R,277.8422,286.3279433
GDC-0879,BA3190R,281.3049,286.3279433
GDC-0879,BA3191R,276.31717,239.5695616
GDC-0879,BA3192R,276.15253,286.3279433
GDC-0879,BA3195R,279.46408,286.2198547
GDC-0879,BA3197R,270.75604,280.9540913
GDC-0879,BA3199R,277.00504,286.3279433
GDC-0879,BA3200R,276.59082,242.2257797
GDC-0879,BA3203R,280.7531,286.3279433
GDC-0879,BA3207R,279.32492,282.696637
GDC-0879,BA3208R,279.92288,286.3279433
GDC-0879,BA3210R,280.55698,285.9233069
GDC-0879,BA3212R,277.2972,284.9388557
GDC-0879,BA3213R,277.12662,273.458629
GDC-0879,BA3214R,279.96387,286.3279433
GDC-0879,BA3216R,278.28384,251.179503
GDC-0879,BA3217R,275.70413,240.4030077
GDC-0879,BA3219R,271.3849,284.131211
GDC-0879,BA3222R,274.24918,286.1668856
GDC-0879,BA3225R,268.6891,285.9144047
GDC-0879,BA3226R,278.15683,286.3279433
GDC-0879,BA3227R,274.14453,286.3279433
GDC-0879,BA3228R,279.0743,236.1349624
GDC-0879,BA3229R,280.92825,233.7360659
GDC-0879,BA3230R,280.22885,268.9451176
GDC-0879,BA3232R,278.67804,286.3279433
GDC-0879,BA3235R,276.0563,276.1435356
GDC-0879,BA3240R,276.1092,279.8415251
GDC-0879,BA3242R,280.66763,286.3279433
GDC-0879,BA3243R,279.9022,278.3808177
GDC-0879,BA3249R,277.1506,285.4969717
GDC-0879,BA3250R,270.13876,267.8407171
GDC-0879,BA3251R,278.02072,286.3279433
GDC-0879,BA3258R,275.85684,286.3279433
GDC-0879,BA3260R,281.21835,286.0285983
GDC-0879,BA3261R,279.56354,285.6448678
GDC-0879,BA3264R,269.96136,268.947489
GDC-0879,BA3266R,279.37238,286.3279433
GDC-0879,BA3268R,277.78522,285.9756224
GDC-0879,BA3270R,279.26117,273.976136
GDC-0879,BA3271R,277.59247,267.0811536
GDC-0879,BA3273R,272.97354,259.7939324
GDC-0879,BA3275R,275.67786,286.3279433
GDC-0879,BA3277R,279.16135,286.3279433
GDC-0879,BA3283R,277.17093,268.755618
GDC-0879,BA3285R,276.7766,285.9409852
GDC-0879,BA3286R,276.81082,269.035847
GDC-0879,BA3289R,276.83832,286.3279433
GDC-0879,BA3290R,281.3617,285.8993431
GDC-0879,BA3293R,277.21945,286.3279433
GDC-0879,BA3295R,274.41928,266.4277678
GDC-0879,BA3297R,278.85028,20.82376664
GDC-0879,BA3299R,276.3606,286.3279433
GDC-0879,BA3300R,278.9037,285.3638715
GDC-0879,BA3302R,279.1765,286.3279433
GDC-0879,BA3305R,279.16705,286.3279433
GDC-0879,BA3306R,277.23682,280.3370229
GDC-0879,BA3308R,273.65448,286.3279433
GDC-0879,BA3310R,270.74963,279.4368607
GDC-0879,BA3311R,278.89258,269.794338
GDC-0879,BA3312R,278.47433,212.7181788
GDC-0879,BA3317R,274.1605,244.816592
GDC-0879,BA3318R,279.13934,278.9951461
GDC-0879,BA3319R,274.76642,270.1327611
GDC-0879,BA3324R,279.31522,270.1579074
GDC-0879,BA3325R,280.7708,286.3279433
GDC-0879,BA3326R,273.19217,247.4630416
GDC-0879,BA3328R,277.3664,280.5742912
GDC-0879,BA3332R,275.16626,286.3279433
GDC-0879,BA3333R,277.6447,282.5007163
GDC-0879,BA3334R,279.8045,265.4668852
GDC-0879,BA3341R,279.9147,286.3279433
GDC-0879,BA3345R,276.9078,284.5394947
GDC-0879,BA3347R,278.74567,286.2025744
GDC-0879,BA3351R,278.2889,286.3279433
GDC-0879,BA3352R,276.58847,286.3279433
GDC-0879,BA3353R,273.13303,286.3279433
GDC-0879,BA3357R,277.10873,286.1932025
GDC-0879,BA3362R,277.99487,286.3279433
GDC-0879,BA3367R,277.67435,286.3279433
GDC-0879,BA3369R,274.16687,283.3960465
GDC-0879,BA3373R,280.8004,283.4178362
GDC-0879,BA3374R,276.3666,114.1899914
GDC-0879,BA3375R,270.97903,284.959819
GDC-0879,BA3379R,277.36078,278.0581349
GDC-0879,BA3380R,277.22775,286.3279433
GDC-0879,BA3381R,278.5099,280.1300842
GDC-0879,BA3384R,276.945,286.3279433
GDC-0879,BA3385R,278.42474,286.3279433
GDC-0879,BA3386R,277.1451,286.3279433
GDC-0879,BA3388R,282.24026,285.8954736
GDC-0879,BA3390R,274.90515,286.3279433
GDC-0879,BA3394R,278.62518,241.0408213
GDC-0879,BA3397R,277.86548,285.9589272
GDC-0879,BA3399R,281.60175,285.6263784
GDC-0879,BA3400R,278.01672,286.2981216
GDC-0879,BA3403R,275.24707,283.4625678
GDC-0879,BA3406R,277.4013,285.1898036
GDC-0879,BA3411R,281.2409,278.6860858
GDC-0879,BA3412R,277.0866,286.3279433
GDC-0879,BA3415R,277.64,260.7512356
GDC-0879,BA3416R,274.85785,140.0445565
GDC-0879,BA3417R,274.7235,285.9905179
GDC-0879,BA3418R,280.5373,285.296256
GDC-0879,BA3421R,276.0196,286.3279433
GDC-0879,BA3422R,273.77197,286.3279433
GDC-0879,BA3423R,274.16287,277.1982583
GDC-0879,BA3431R,279.3736,285.4592026
GDC-0879,BA3433R,276.1838,286.3279433
GDC-0879,BA3434R,280.52875,286.3279433
GDC-0879,BA3438R,276.36084,283.3033967
GDC-0879,BA3445R,276.5422,274.3274417
GDC-0879,BA3446R,276.5194,254.0553315
GDC-0879,BA3449R,278.00336,257.508089
GDC-0879,BA3451R,275.43005,275.1468313
GDC-0879,BA3452R,278.11734,286.3279433
GDC-0879,BA3454R,279.14453,286.2953322
GSK-1838705A,BA3078R,209.27135,245.4115371
GSK-1838705A,BA3079R,216.57442,194.4148914
GSK-1838705A,BA3083R,218.78073,186.0867953
GSK-1838705A,BA3084R,185.3038,142.5263237
GSK-1838705A,BA3087R,209.56659,230.9120336
GSK-1838705A,BA3089R,210.04343,196.6475261
GSK-1838705A,BA3094R,206.05829,219.0144951
GSK-1838705A,BA3098R,219.50146,220.8672278
GSK-1838705A,BA3099R,215.15355,151.3726895
GSK-1838705A,BA3110R,213.07956,173.0207616
GSK-1838705A,BA3114R,212.84271,128.6257604
GSK-1838705A,BA3117R,210.70197,286.1132747
GSK-1838705A,BA3118R,224.97131,286.3279433
GSK-1838705A,BA3119R,196.1333,243.0126062
GSK-1838705A,BA3126R,237.84407,222.6322547
GSK-1838705A,BA3128R,209.45595,184.7971633
GSK-1838705A,BA3133R,220.95741,203.1111067
GSK-1838705A,BA3135R,196.53786,102.3742802
GSK-1838705A,BA3137R,222.05606,229.694314
GSK-1838705A,BA3138R,226.48979,222.0044636
GSK-1838705A,BA3139R,218.03189,37.83185878
GSK-1838705A,BA3145R,214.84003,201.657594
GSK-1838705A,BA3146R,214.26808,267.3189735
GSK-1838705A,BA3152R,223.96371,154.0320492
GSK-1838705A,BA3153R,212.95598,199.8899999
GSK-1838705A,BA3154R,212.50375,102.422464
GSK-1838705A,BA3157R,202.1117,159.7563572
GSK-1838705A,BA3158R,199.55542,127.5611136
GSK-1838705A,BA3162R,226.46625,220.9147053
GSK-1838705A,BA3163R,235.22736,193.9408518
GSK-1838705A,BA3164R,207.15762,195.3529029
GSK-1838705A,BA3167R,218.70844,145.6231429
GSK-1838705A,BA3169R,228.07657,165.3277651
GSK-1838705A,BA3171R,225.80913,225.5444401
GSK-1838705A,BA3174R,227.89444,178.0954147
GSK-1838705A,BA3175R,232.03737,234.1579524
GSK-1838705A,BA3177R,215.63432,208.2964458
GSK-1838705A,BA3181R,230.48354,218.3762745
GSK-1838705A,BA3182R,226.96104,167.0203949
GSK-1838705A,BA3183R,213.5912,191.9175382
GSK-1838705A,BA3185R,205.3329,198.2870972
GSK-1838705A,BA3186R,216.86288,197.4312119
GSK-1838705A,BA3187R,217.29251,200.080621
GSK-1838705A,BA3189R,216.90604,169.6220029
GSK-1838705A,BA3190R,214.73047,148.3083837
GSK-1838705A,BA3191R,230.17004,199.1200438
GSK-1838705A,BA3192R,204.34077,202.2370735
GSK-1838705A,BA3195R,214.28267,216.3533926
GSK-1838705A,BA3197R,179.18407,238.2798306
GSK-1838705A,BA3199R,209.41577,262.3136193
GSK-1838705A,BA3200R,205.91391,56.940895
GSK-1838705A,BA3203R,215.2233,215.6260531
GSK-1838705A,BA3207R,240.889,214.9678357
GSK-1838705A,BA3208R,213.39078,235.1729884
GSK-1838705A,BA3210R,224.84947,136.8617995
GSK-1838705A,BA3211R,205.72609,218.5468284
GSK-1838705A,BA3212R,220.18997,139.7293844
GSK-1838705A,BA3213R,221.78322,200.3532471
GSK-1838705A,BA3214R,221.19861,168.8745353
GSK-1838705A,BA3216R,213.36043,169.2336436
GSK-1838705A,BA3217R,200.67151,85.43126763
GSK-1838705A,BA3219R,233.18283,246.1918393
GSK-1838705A,BA3222R,220.0232,224.625312
GSK-1838705A,BA3225R,231.05281,216.6765712
GSK-1838705A,BA3226R,213.88005,269.6822152
GSK-1838705A,BA3227R,196.23878,12.32207266
GSK-1838705A,BA3228R,224.49669,232.6422804
GSK-1838705A,BA3229R,224.84218,189.4094998
GSK-1838705A,BA3230R,221.2185,80.77279756
GSK-1838705A,BA3232R,216.93387,242.1748059
GSK-1838705A,BA3235R,239.0049,228.138466
GSK-1838705A,BA3240R,206.73439,111.2880008
GSK-1838705A,BA3242R,216.37561,285.1097317
GSK-1838705A,BA3243R,219.64526,154.6841597
GSK-1838705A,BA3249R,212.86423,196.6903046
GSK-1838705A,BA3250R,225.6126,216.9180915
GSK-1838705A,BA3251R,218.4578,241.7812841
GSK-1838705A,BA3258R,232.96939,228.2435597
GSK-1838705A,BA3260R,226.06949,225.5710277
GSK-1838705A,BA3261R,218.59094,175.4118357
GSK-1838705A,BA3264R,175.49342,199.0893384
GSK-1838705A,BA3266R,214.27534,178.2877467
GSK-1838705A,BA3268R,208.55284,200.1679858
GSK-1838705A,BA3270R,225.14325,228.7322132
GSK-1838705A,BA3271R,217.99187,219.5077935
GSK-1838705A,BA3273R,215.11215,183.875896
GSK-1838705A,BA3275R,203.17096,147.4258217
GSK-1838705A,BA3277R,213.1597,173.8198051
GSK-1838705A,BA3283R,222.12416,243.5318709
GSK-1838705A,BA3285R,218.39919,116.7478921
GSK-1838705A,BA3286R,215.80492,206.8497173
GSK-1838705A,BA3289R,227.54025,225.1536268
GSK-1838705A,BA3290R,220.2998,210.0353395
GSK-1838705A,BA3293R,205.5015,250.8970885
GSK-1838705A,BA3295R,221.71585,214.8577969
GSK-1838705A,BA3297R,215.12265,80.32165294
GSK-1838705A,BA3299R,221.47713,185.11389
GSK-1838705A,BA3300R,214.17368,259.5575113
GSK-1838705A,BA3302R,211.50984,224.1650611
GSK-1838705A,BA3305R,219.28383,188.7871772
GSK-1838705A,BA3306R,207.88718,221.4026112
GSK-1838705A,BA3308R,203.77325,188.270037
GSK-1838705A,BA3310R,197.05785,96.35505953
GSK-1838705A,BA3311R,226.03725,151.8104741
GSK-1838705A,BA3312R,215.54875,220.6600854
GSK-1838705A,BA3317R,203.70389,47.35834575
GSK-1838705A,BA3318R,221.63852,148.5079158
GSK-1838705A,BA3319R,251.22815,196.0758297
GSK-1838705A,BA3324R,222.0482,174.5319611
GSK-1838705A,BA3325R,218.14545,216.2523567
GSK-1838705A,BA3326R,229.67381,214.2224255
GSK-1838705A,BA3328R,208.8687,163.8198153
GSK-1838705A,BA3332R,203.98598,174.137075
GSK-1838705A,BA3333R,207.73978,175.4319211
GSK-1838705A,BA3334R,216.6127,211.6453022
GSK-1838705A,BA3341R,213.02666,176.0985901
GSK-1838705A,BA3345R,217.53825,162.1543824
GSK-1838705A,BA3347R,232.20105,239.2801904
GSK-1838705A,BA3351R,219.97249,209.2132046
GSK-1838705A,BA3352R,209.6913,156.6517019
GSK-1838705A,BA3353R,204.46739,186.1260582
GSK-1838705A,BA3357R,212.7614,222.5947555
GSK-1838705A,BA3362R,226.19939,230.2797144
GSK-1838705A,BA3367R,224.28601,262.8798572
GSK-1838705A,BA3369R,222.26514,262.3136193
GSK-1838705A,BA3373R,224.36101,258.5202392
GSK-1838705A,BA3374R,219.97215,238.4568606
GSK-1838705A,BA3375R,191.15013,168.1170722
GSK-1838705A,BA3379R,214.99487,265.7196215
GSK-1838705A,BA3380R,207.20691,197.6128099
GSK-1838705A,BA3381R,221.8846,237.8135517
GSK-1838705A,BA3384R,216.82689,275.8569956
GSK-1838705A,BA3386R,205.06999,203.9231265
GSK-1838705A,BA3388R,226.75897,177.297234
GSK-1838705A,BA3390R,233.91258,262.3136193
GSK-1838705A,BA3394R,224.56842,218.344619
GSK-1838705A,BA3397R,213.86908,114.5474444
GSK-1838705A,BA3399R,220.93712,270.1232676
GSK-1838705A,BA3400R,215.92033,207.3471323
GSK-1838705A,BA3403R,223.94243,276.7604098
GSK-1838705A,BA3406R,209.31535,248.7652022
GSK-1838705A,BA3411R,222.37695,247.7448223
GSK-1838705A,BA3412R,219.9374,275.7894887
GSK-1838705A,BA3415R,221.45358,199.7295902
GSK-1838705A,BA3416R,217.13097,262.3136193
GSK-1838705A,BA3417R,216.76201,175.186296
GSK-1838705A,BA3418R,215.95209,174.7312998
GSK-1838705A,BA3421R,220.95493,178.7146381
GSK-1838705A,BA3422R,210.58336,176.4046018
GSK-1838705A,BA3423R,207.17023,154.5469352
GSK-1838705A,BA3431R,226.46652,226.4468598
GSK-1838705A,BA3433R,208.916,179.4346635
GSK-1838705A,BA3434R,220.36804,161.0114298
GSK-1838705A,BA3438R,210.67558,143.5554215
GSK-1838705A,BA3445R,210.4981,196.7878263
GSK-1838705A,BA3446R,220.53488,249.1862208
GSK-1838705A,BA3449R,219.0582,243.4021957
GSK-1838705A,BA3451R,242.34235,203.4928346
GSK-1838705A,BA3452R,216.22795,224.8339009
GSK-1838705A,BA3454R,211.23856,281.9426255
GSK-1904529A,BA3078R,228.63737,243.2248838
GSK-1904529A,BA3079R,233.50583,220.0358722
GSK-1904529A,BA3083R,233.47818,248.5688824
GSK-1904529A,BA3084R,223.83047,251.6144868
GSK-1904529A,BA3087R,241.46826,280.4075172
GSK-1904529A,BA3089R,241.6693,273.8217991
GSK-1904529A,BA3094R,233.27788,286.3279433
GSK-1904529A,BA3098R,234.91502,237.3610219
GSK-1904529A,BA3099R,235.07224,220.5748011
GSK-1904529A,BA3110R,236.06581,268.8007322
GSK-1904529A,BA3114R,236.0432,172.2550661
GSK-1904529A,BA3117R,242.366,269.6378996
GSK-1904529A,BA3118R,243.3014,247.2559026
GSK-1904529A,BA3119R,232.36,279.8127138
GSK-1904529A,BA3126R,247.80614,272.9584965
GSK-1904529A,BA3128R,235.89616,280.7228389
GSK-1904529A,BA3130R,254.62993,258.9274183
GSK-1904529A,BA3133R,256.89258,277.4622492
GSK-1904529A,BA3135R,231.3939,43.3767622
GSK-1904529A,BA3137R,234.17853,254.903504
GSK-1904529A,BA3138R,254.94278,257.4886833
GSK-1904529A,BA3139R,250.45294,236.341044
GSK-1904529A,BA3145R,247.0735,265.1321705
GSK-1904529A,BA3146R,222.67938,249.4761586
GSK-1904529A,BA3152R,237.94588,257.2845095
GSK-1904529A,BA3153R,240.21439,260.7769463
GSK-1904529A,BA3154R,239.3176,272.4180696
GSK-1904529A,BA3157R,234.56317,271.0957983
GSK-1904529A,BA3158R,224.1885,247.5430424
GSK-1904529A,BA3162R,242.72365,261.9906798
GSK-1904529A,BA3163R,249.12119,264.3168551
GSK-1904529A,BA3164R,239.88145,286.2214812
GSK-1904529A,BA3167R,237.64334,232.1886352
GSK-1904529A,BA3169R,247.30309,231.761273
GSK-1904529A,BA3171R,255.81705,272.0756633
GSK-1904529A,BA3174R,245.78362,283.5825092
GSK-1904529A,BA3175R,246.34633,286.3279433
GSK-1904529A,BA3177R,229.09099,258.2735317
GSK-1904529A,BA3181R,250.94772,274.7642615
GSK-1904529A,BA3182R,234.21384,282.679452
GSK-1904529A,BA3183R,239.20576,271.2473592
GSK-1904529A,BA3185R,225.07776,225.3276952
GSK-1904529A,BA3186R,249.30885,277.2327935
GSK-1904529A,BA3187R,243.62723,260.0938536
GSK-1904529A,BA3189R,245.21738,283.5069432
GSK-1904529A,BA3190R,249.10574,243.1407816
GSK-1904529A,BA3191R,239.60442,258.3828638
GSK-1904529A,BA3192R,234.945,274.3232579
GSK-1904529A,BA3195R,239.5216,257.7013309
GSK-1904529A,BA3197R,230.02417,272.6709996
GSK-1904529A,BA3199R,231.95558,262.8301203
GSK-1904529A,BA3200R,240.45515,146.8557528
GSK-1904529A,BA3203R,245.72168,271.9625056
GSK-1904529A,BA3206R,240.33922,271.8925805
GSK-1904529A,BA3207R,255.32565,236.8377142
GSK-1904529A,BA3208R,238.14459,252.0407787
GSK-1904529A,BA3210R,251.38742,263.0749645
GSK-1904529A,BA3211R,227.20233,70.92446734
GSK-1904529A,BA3212R,249.85484,285.6478503
GSK-1904529A,BA3213R,234.62299,266.8673145
GSK-1904529A,BA3214R,252.4271,238.9807317
GSK-1904529A,BA3216R,235.04387,286.3279433
GSK-1904529A,BA3217R,232.84683,254.5190732
GSK-1904529A,BA3219R,241.2187,244.1853988
GSK-1904529A,BA3222R,245.19894,269.9261357
GSK-1904529A,BA3225R,242.28677,246.7322429
GSK-1904529A,BA3226R,242.07684,270.7120776
GSK-1904529A,BA3227R,236.27934,260.6001558
GSK-1904529A,BA3228R,242.3027,222.3241766
GSK-1904529A,BA3229R,248.32237,235.1088808
GSK-1904529A,BA3232R,238.21487,268.5310313
GSK-1904529A,BA3235R,248.4625,281.5585676
GSK-1904529A,BA3240R,239.19429,270.1527816
GSK-1904529A,BA3242R,242.37633,225.313349
GSK-1904529A,BA3249R,243.2682,206.0792037
GSK-1904529A,BA3250R,230.92749,282.8704061
GSK-1904529A,BA3251R,233.07617,197.4825071
GSK-1904529A,BA3258R,241.25858,267.9260171
GSK-1904529A,BA3260R,254.98798,284.2102721
GSK-1904529A,BA3261R,250.42303,231.2616924
GSK-1904529A,BA3264R,215.9517,251.7720933
GSK-1904529A,BA3266R,231.47412,246.4577175
GSK-1904529A,BA3268R,240.13734,254.3996474
GSK-1904529A,BA3270R,242.80649,245.1095848
GSK-1904529A,BA3271R,227.60626,259.3914164
GSK-1904529A,BA3273R,241.16191,244.5907336
GSK-1904529A,BA3275R,233.16043,264.3830608
GSK-1904529A,BA3277R,238.53644,254.6387317
GSK-1904529A,BA3283R,237.98672,262.0414998
GSK-1904529A,BA3285R,250.93074,286.3279433
GSK-1904529A,BA3286R,225.55692,263.2019182
GSK-1904529A,BA3289R,239.453,263.2723892
GSK-1904529A,BA3290R,253.21513,265.5668544
GSK-1904529A,BA3293R,239.61108,272.7928014
GSK-1904529A,BA3295R,234.09789,270.8509387
GSK-1904529A,BA3297R,234.0927,226.7255785
GSK-1904529A,BA3299R,237.87515,262.872988
GSK-1904529A,BA3300R,245.99052,255.8992172
GSK-1904529A,BA3302R,241.11566,242.7306313
GSK-1904529A,BA3305R,244.75739,286.3279433
GSK-1904529A,BA3306R,236.43866,286.3279433
GSK-1904529A,BA3308R,230.3247,207.1478925
GSK-1904529A,BA3310R,229.20255,120.2913328
GSK-1904529A,BA3312R,242.22183,261.4812242
GSK-1904529A,BA3317R,236.85008,266.9753871
GSK-1904529A,BA3319R,257.19046,253.5895744
GSK-1904529A,BA3324R,244.91124,255.5372328
GSK-1904529A,BA3325R,244.10931,223.9390966
GSK-1904529A,BA3326R,246.03415,278.1894164
GSK-1904529A,BA3328R,236.68349,255.8401995
GSK-1904529A,BA3332R,231.94101,257.4201763
GSK-1904529A,BA3333R,236.14107,271.4536534
GSK-1904529A,BA3334R,239.45396,269.793622
GSK-1904529A,BA3341R,247.16542,238.3500036
GSK-1904529A,BA3345R,238.5319,262.9405141
GSK-1904529A,BA3347R,248.05511,239.4517429
GSK-1904529A,BA3351R,251.77353,233.6830441
GSK-1904529A,BA3352R,237.64224,279.0382149
GSK-1904529A,BA3353R,235.3427,275.5618273
GSK-1904529A,BA3357R,244.68423,207.757081
GSK-1904529A,BA3362R,251.69034,285.3864711
GSK-1904529A,BA3367R,247.67795,265.6644422
GSK-1904529A,BA3369R,231.07555,275.8959289
GSK-1904529A,BA3373R,259.181,286.3279433
GSK-1904529A,BA3374R,243.35596,264.6877128
GSK-1904529A,BA3376R,233.41855,223.3697999
GSK-1904529A,BA3379R,237.62926,233.9581623
GSK-1904529A,BA3380R,234.8811,275.0881037
GSK-1904529A,BA3381R,238.06313,245.4047035
GSK-1904529A,BA3384R,237.57677,278.0848112
GSK-1904529A,BA3385R,229.50906,277.5484871
GSK-1904529A,BA3386R,229.89127,248.5093442
GSK-1904529A,BA3388R,254.68576,152.9479002
GSK-1904529A,BA3390R,241.94359,285.8061478
GSK-1904529A,BA3394R,245.61674,271.5199345
GSK-1904529A,BA3397R,239.81253,260.9813186
GSK-1904529A,BA3399R,249.31917,266.1173666
GSK-1904529A,BA3400R,245.49397,258.1460628
GSK-1904529A,BA3403R,244.93457,276.2009498
GSK-1904529A,BA3406R,232.14398,277.344018
GSK-1904529A,BA3411R,253.17346,269.1333455
GSK-1904529A,BA3412R,247.09659,252.8511423
GSK-1904529A,BA3415R,251.53583,270.9706114
GSK-1904529A,BA3416R,244.73141,240.9733828
GSK-1904529A,BA3417R,232.04211,232.8586988
GSK-1904529A,BA3418R,248.8926,224.795337
GSK-1904529A,BA3421R,234.82907,263.4646864
GSK-1904529A,BA3422R,237.41805,255.1705851
GSK-1904529A,BA3423R,236.72456,273.5814957
GSK-1904529A,BA3431R,240.25406,275.1479214
GSK-1904529A,BA3433R,234.4679,233.6425651
GSK-1904529A,BA3434R,245.91037,265.1757236
GSK-1904529A,BA3438R,241.4592,226.5266505
GSK-1904529A,BA3445R,240.21877,227.0124425
GSK-1904529A,BA3446R,234.34357,286.0520607
GSK-1904529A,BA3449R,245.89212,283.4521562
GSK-1904529A,BA3451R,251.33676,255.222128
GSK-1904529A,BA3452R,239.29686,231.2122704
GSK-1904529A,BA3454R,236.55058,244.6684715
GSK690693,BA3078R,224.21425,198.5703029
GSK690693,BA3079R,236.64368,255.0046799
GSK690693,BA3083R,235.8491,161.3100315
GSK690693,BA3084R,220.61931,231.0321652
GSK690693,BA3087R,238.30475,275.7177009
GSK690693,BA3089R,238.46022,283.6273858
GSK690693,BA3094R,233.32407,286.3279433
GSK690693,BA3098R,229.88327,244.8777883
GSK690693,BA3099R,234.95624,216.4128148
GSK690693,BA3110R,231.34276,277.3001604
GSK690693,BA3114R,238.5916,246.1916773
GSK690693,BA3117R,238.45067,274.9251477
GSK690693,BA3118R,242.04865,112.2790938
GSK690693,BA3119R,228.21533,268.9751011
GSK690693,BA3126R,244.14656,232.3141745
GSK690693,BA3128R,234.39764,203.1778411
GSK690693,BA3133R,256.22946,269.9529428
GSK690693,BA3135R,226.42801,224.5540841
GSK690693,BA3137R,228.57748,35.39131471
GSK690693,BA3138R,259.6727,113.3766791
GSK690693,BA3139R,247.98724,208.3519796
GSK690693,BA3145R,244.3077,141.7119143
GSK690693,BA3146R,228.02454,196.1772972
GSK690693,BA3152R,236.92159,212.6265261
GSK690693,BA3153R,241.53418,244.3319162
GSK690693,BA3154R,234.45538,215.2077246
GSK690693,BA3157R,228.49896,257.2399278
GSK690693,BA3158R,214.81493,176.408033
GSK690693,BA3162R,237.23512,223.7485054
GSK690693,BA3163R,244.18889,223.188246
GSK690693,BA3164R,236.05237,283.9803653
GSK690693,BA3167R,237.37822,216.533705
GSK690693,BA3169R,246.25128,243.3449628
GSK690693,BA3171R,256.89108,257.7135039
GSK690693,BA3174R,248.66501,163.0063537
GSK690693,BA3175R,248.23694,222.3745587
GSK690693,BA3177R,220.54065,218.6331364
GSK690693,BA3181R,252.12897,271.7970119
GSK690693,BA3182R,228.20807,232.0960542
GSK690693,BA3183R,238.53114,234.523824
GSK690693,BA3185R,222.56837,246.0331923
GSK690693,BA3186R,246.41907,275.2559766
GSK690693,BA3187R,241.73874,237.9471335
GSK690693,BA3189R,240.75772,237.3585093
GSK690693,BA3190R,253.53754,253.1400559
GSK690693,BA3191R,236.23071,207.3913421
GSK690693,BA3192R,229.40323,193.3249369
GSK690693,BA3195R,237.92755,228.5084429
GSK690693,BA3197R,220.71169,286.3279433
GSK690693,BA3199R,230.0757,275.7507671
GSK690693,BA3200R,238.14772,183.9656813
GSK690693,BA3203R,248.71304,268.7236525
GSK690693,BA3207R,251.96452,202.2915769
GSK690693,BA3208R,239.53752,130.2673499
GSK690693,BA3210R,254.27895,252.114022
GSK690693,BA3212R,246.34973,258.3030021
GSK690693,BA3213R,230.18352,189.6715118
GSK690693,BA3214R,253.01735,243.9934347
GSK690693,BA3216R,239.78145,205.2969877
GSK690693,BA3217R,228.51321,192.5616064
GSK690693,BA3219R,238.26242,215.7521156
GSK690693,BA3222R,242.40865,214.9481238
GSK690693,BA3225R,238.75316,243.7436627
GSK690693,BA3226R,237.93506,271.6762777
GSK690693,BA3227R,233.19284,270.3961635
GSK690693,BA3228R,242.52156,227.1004637
GSK690693,BA3229R,250.41837,283.2971225
GSK690693,BA3230R,253.61397,121.6663874
GSK690693,BA3232R,238.96721,259.4834338
GSK690693,BA3235R,245.4944,285.7645972
GSK690693,BA3240R,237.81825,204.7157344
GSK690693,BA3242R,245.4024,248.7729047
GSK690693,BA3243R,241.23445,199.1824531
GSK690693,BA3249R,241.49646,249.0519693
GSK690693,BA3250R,226.77779,192.381463
GSK690693,BA3251R,234.36087,184.2507062
GSK690693,BA3258R,242.49054,261.9969445
GSK690693,BA3260R,258.57877,286.3279433
GSK690693,BA3261R,250.53313,252.1023982
GSK690693,BA3264R,211.10777,208.5756332
GSK690693,BA3266R,235.8663,249.8434423
GSK690693,BA3268R,240.26056,270.9772486
GSK690693,BA3270R,246.67288,234.2428864
GSK690693,BA3271R,232.31404,205.962751
GSK690693,BA3273R,237.49048,185.4473589
GSK690693,BA3275R,229.77109,227.0152136
GSK690693,BA3277R,242.38956,266.0434673
GSK690693,BA3283R,236.52733,252.5721846
GSK690693,BA3285R,247.95076,278.0640424
GSK690693,BA3286R,225.8115,183.6741836
GSK690693,BA3289R,238.45403,252.5425368
GSK690693,BA3290R,255.36354,268.8267734
GSK690693,BA3293R,237.94362,236.1432993
GSK690693,BA3295R,225.78479,232.9697826
GSK690693,BA3297R,238.75864,43.45196501
GSK690693,BA3299R,238.34262,242.8461075
GSK690693,BA3300R,241.37625,237.3084559
GSK690693,BA3302R,239.40538,256.5996107
GSK690693,BA3305R,244.26744,256.0144572
GSK690693,BA3306R,232.83347,285.5521406
GSK690693,BA3308R,230.12526,246.348696
GSK690693,BA3310R,223.23743,192.9571882
GSK690693,BA3312R,238.12483,250.8382119
GSK690693,BA3317R,233.50159,159.5247477
GSK690693,BA3318R,246.63564,158.0186195
GSK690693,BA3319R,249.16563,277.8492819
GSK690693,BA3324R,244.32011,243.4358499
GSK690693,BA3325R,245.12784,154.3960863
GSK690693,BA3326R,242.56378,219.3093895
GSK690693,BA3328R,238.81462,212.9326512
GSK690693,BA3332R,231.42378,242.0338231
GSK690693,BA3333R,235.2435,244.8446048
GSK690693,BA3334R,239.40598,185.5199324
GSK690693,BA3341R,249.27318,272.9008495
GSK690693,BA3345R,238.52405,257.0820172
GSK690693,BA3347R,251.47499,284.4992017
GSK690693,BA3351R,244.16592,193.3016213
GSK690693,BA3352R,237.21297,243.8349957
GSK690693,BA3353R,233.38686,282.3846732
GSK690693,BA3357R,240.71152,258.8966542
GSK690693,BA3362R,247.05875,188.2331034
GSK690693,BA3367R,245.33055,256.0929532
GSK690693,BA3369R,225.87015,285.0791253
GSK690693,BA3373R,257.0018,285.108917
GSK690693,BA3374R,242.37683,198.4419117
GSK690693,BA3375R,218.6615,220.3320834
GSK690693,BA3379R,234.71674,242.2144091
GSK690693,BA3380R,232.72398,286.3279433
GSK690693,BA3381R,238.66196,257.2425949
GSK690693,BA3384R,236.54227,266.6804881
GSK690693,BA3386R,228.97345,249.4239526
GSK690693,BA3388R,258.3509,215.9202304
GSK690693,BA3390R,244.64558,283.5955633
GSK690693,BA3397R,238.1188,193.0395769
GSK690693,BA3399R,253.5089,260.2699937
GSK690693,BA3400R,245.50053,221.4291437
GSK690693,BA3403R,242.69029,224.4509476
GSK690693,BA3406R,233.33968,260.1400524
GSK690693,BA3411R,255.53593,255.7546399
GSK690693,BA3412R,244.21704,286.3279433
GSK690693,BA3415R,248.05423,266.5800689
GSK690693,BA3416R,246.22925,271.3591413
GSK690693,BA3417R,231.6742,209.9906397
GSK690693,BA3418R,250.30067,231.1780544
GSK690693,BA3421R,233.98602,267.0562651
GSK690693,BA3422R,234.56557,259.6934031
GSK690693,BA3423R,232.86086,259.8628156
GSK690693,BA3431R,245.34271,273.0502062
GSK690693,BA3433R,234.71147,248.9738884
GSK690693,BA3434R,248.22084,257.2764686
GSK690693,BA3438R,237.42435,233.1281129
GSK690693,BA3445R,237.5233,212.4822509
GSK690693,BA3446R,235.37975,194.7284824
GSK690693,BA3449R,243.30408,274.8130861
GSK690693,BA3452R,239.21819,257.5615387
GSK690693,BA3454R,236.55331,274.3692093
JNJ-28312141,BA3079R,109.05388,109.9745807
JNJ-28312141,BA3098R,100.67627,60.5558612
JNJ-28312141,BA3118R,120.74153,98.35659408
JNJ-28312141,BA3133R,196.70218,163.1967531
JNJ-28312141,BA3135R,148.81218,154.5301235
JNJ-28312141,BA3152R,136.01117,74.61199266
JNJ-28312141,BA3153R,141.35934,70.74955778
JNJ-28312141,BA3164R,134.89671,60.73256209
JNJ-28312141,BA3187R,150.65941,98.31635304
JNJ-28312141,BA3192R,164.16605,109.5382909
JNJ-28312141,BA3195R,127.61376,81.27101718
JNJ-28312141,BA3203R,155.3085,193.7315557
JNJ-28312141,BA3206R,180.74849,202.4796075
JNJ-28312141,BA3212R,191.51831,248.5346268
JNJ-28312141,BA3217R,134.87456,133.7166395
JNJ-28312141,BA3230R,192.42883,131.9300462
JNJ-28312141,BA3243R,128.9447,120.674074
JNJ-28312141,BA3251R,117.37256,121.1478928
JNJ-28312141,BA3261R,197.08833,220.5326286
JNJ-28312141,BA3271R,93.55097,54.94216905
JNJ-28312141,BA3273R,181.65572,135.8735538
JNJ-28312141,BA3286R,94.70729,105.8761516
JNJ-28312141,BA3306R,164.95442,64.58745281
JNJ-28312141,BA3362R,184.52127,135.1024415
JNJ-28312141,BA3379R,134.75897,211.4453499
JNJ-28312141,BA3400R,185.03767,225.7361747
JNJ-28312141,BA3411R,188.28453,213.4731352
JNJ-28312141,BA3451R,147.8931,232.2105459
JNJ-38877605,BA3078R,231.02553,204.9585667
JNJ-38877605,BA3079R,243.18376,196.065085
JNJ-38877605,BA3083R,240.75093,193.7302118
JNJ-38877605,BA3084R,227.96506,214.56549
JNJ-38877605,BA3087R,238.43512,201.0757688
JNJ-38877605,BA3089R,240.57396,242.6578742
JNJ-38877605,BA3094R,239.67166,230.6868822
JNJ-38877605,BA3098R,239.64331,260.7671545
JNJ-38877605,BA3099R,240.09668,131.4431686
JNJ-38877605,BA3110R,238.63753,225.0472708
JNJ-38877605,BA3114R,242.41515,182.9434408
JNJ-38877605,BA3117R,241.64713,8.09E-09
JNJ-38877605,BA3118R,248.23776,191.8370741
JNJ-38877605,BA3119R,231.16805,227.28815
JNJ-38877605,BA3126R,251.83446,231.7452888
JNJ-38877605,BA3128R,239.27055,253.67968
JNJ-38877605,BA3130R,255.53012,258.753528
JNJ-38877605,BA3133R,255.73691,257.9650047
JNJ-38877605,BA3135R,230.22173,22.22389584
JNJ-38877605,BA3137R,238.90974,214.3389956
JNJ-38877605,BA3138R,260.47415,218.3699074
JNJ-38877605,BA3139R,248.51894,182.5893168
JNJ-38877605,BA3145R,244.467,217.3277825
JNJ-38877605,BA3146R,234.94073,231.8556978
JNJ-38877605,BA3152R,241.69337,232.5350771
JNJ-38877605,BA3153R,242.22704,228.6920577
JNJ-38877605,BA3154R,237.8875,129.6110738
JNJ-38877605,BA3157R,233.83406,273.8420434
JNJ-38877605,BA3158R,229.8916,132.7830122
JNJ-38877605,BA3162R,245.11623,240.4770625
JNJ-38877605,BA3163R,251.21577,236.7091235
JNJ-38877605,BA3164R,243.94513,250.9906476
JNJ-38877605,BA3167R,241.56628,199.9813364
JNJ-38877605,BA3169R,251.85434,224.5099279
JNJ-38877605,BA3171R,256.76846,276.7669072
JNJ-38877605,BA3174R,251.98831,231.2409839
JNJ-38877605,BA3175R,250.50783,264.1262099
JNJ-38877605,BA3177R,235.31256,242.9639841
JNJ-38877605,BA3181R,254.56511,269.6645808
JNJ-38877605,BA3182R,237.39172,211.2882205
JNJ-38877605,BA3183R,241.53374,267.0774131
JNJ-38877605,BA3185R,231.23875,231.9689424
JNJ-38877605,BA3186R,248.89726,246.379034
JNJ-38877605,BA3187R,248.60048,285.6051659
JNJ-38877605,BA3189R,242.12569,183.2315904
JNJ-38877605,BA3190R,253.452,187.015966
JNJ-38877605,BA3191R,241.97034,181.8088361
JNJ-38877605,BA3192R,237.9316,269.4277489
JNJ-38877605,BA3195R,242.55714,222.2610267
JNJ-38877605,BA3197R,228.15677,67.52153526
JNJ-38877605,BA3199R,236.89233,237.2551574
JNJ-38877605,BA3203R,251.96956,281.5774457
JNJ-38877605,BA3206R,236.78882,229.2723429
JNJ-38877605,BA3207R,259.2255,174.99755
JNJ-38877605,BA3208R,241.77577,214.7003987
JNJ-38877605,BA3210R,255.49889,215.4900015
JNJ-38877605,BA3211R,232.60764,111.7178967
JNJ-38877605,BA3212R,248.77983,269.9348093
JNJ-38877605,BA3213R,240.82262,226.5039725
JNJ-38877605,BA3214R,255.6973,226.0441098
JNJ-38877605,BA3216R,242.75302,206.4209197
JNJ-38877605,BA3217R,235.19339,111.8167019
JNJ-38877605,BA3219R,245.71364,235.354488
JNJ-38877605,BA3222R,245.83865,263.5153804
JNJ-38877605,BA3225R,246.55823,205.344826
JNJ-38877605,BA3226R,242.94096,176.0212792
JNJ-38877605,BA3227R,234.21155,176.4770746
JNJ-38877605,BA3228R,247.09775,184.9426741
JNJ-38877605,BA3229R,251.62465,196.784523
JNJ-38877605,BA3232R,243.36992,224.6824381
JNJ-38877605,BA3235R,251.5393,210.887437
JNJ-38877605,BA3240R,241.23956,191.7097062
JNJ-38877605,BA3242R,246.36194,271.4900252
JNJ-38877605,BA3243R,244.98865,134.7816628
JNJ-38877605,BA3249R,241.75792,129.0789573
JNJ-38877605,BA3250R,235.75653,254.3434601
JNJ-38877605,BA3251R,243.4317,210.1073553
JNJ-38877605,BA3258R,243.84734,267.2640264
JNJ-38877605,BA3260R,259.8262,245.2939211
JNJ-38877605,BA3261R,250.70148,274.5489768
JNJ-38877605,BA3264R,222.83331,197.5658598
JNJ-38877605,BA3266R,240.01828,122.9560199
JNJ-38877605,BA3268R,238.83821,266.1642086
JNJ-38877605,BA3270R,248.19658,250.0633668
JNJ-38877605,BA3271R,238.28139,250.6184383
JNJ-38877605,BA3273R,241.18044,161.3333424
JNJ-38877605,BA3275R,234.1048,140.6198369
JNJ-38877605,BA3277R,243.37207,248.118119
JNJ-38877605,BA3283R,243.59076,240.8134765
JNJ-38877605,BA3285R,247.96712,187.5843088
JNJ-38877605,BA3286R,232.85999,247.1314028
JNJ-38877605,BA3289R,245.22934,216.8534589
JNJ-38877605,BA3290R,254.75905,243.3540998
JNJ-38877605,BA3293R,241.3851,218.6921535
JNJ-38877605,BA3295R,235.69681,212.6142563
JNJ-38877605,BA3297R,238.33778,190.35082
JNJ-38877605,BA3299R,242.26369,194.8643277
JNJ-38877605,BA3300R,244.29219,263.9236709
JNJ-38877605,BA3302R,240.71005,202.0096051
JNJ-38877605,BA3305R,247.80545,243.8685029
JNJ-38877605,BA3306R,237.85909,266.4942243
JNJ-38877605,BA3308R,231.28688,176.8734947
JNJ-38877605,BA3310R,228.24615,128.802087
JNJ-38877605,BA3311R,247.85461,124.1006067
JNJ-38877605,BA3312R,242.25298,242.6886607
JNJ-38877605,BA3317R,235.49033,236.7811143
JNJ-38877605,BA3319R,255.82947,226.3904328
JNJ-38877605,BA3324R,246.3847,231.014907
JNJ-38877605,BA3325R,247.8794,221.5552333
JNJ-38877605,BA3326R,250.78746,213.1101303
JNJ-38877605,BA3328R,238.75104,255.8942185
JNJ-38877605,BA3332R,234.92542,212.7848956
JNJ-38877605,BA3333R,237.16077,271.5465415
JNJ-38877605,BA3334R,244.86174,237.7503433
JNJ-38877605,BA3341R,246.6841,208.5592688
JNJ-38877605,BA3345R,245.49606,247.6726564
JNJ-38877605,BA3347R,253.79768,264.7141514
JNJ-38877605,BA3351R,247.25752,216.497936
JNJ-38877605,BA3352R,238.27917,239.0486703
JNJ-38877605,BA3353R,234.79889,214.0558271
JNJ-38877605,BA3357R,242.08801,211.6969772
JNJ-38877605,BA3362R,253.85104,285.8131181
JNJ-38877605,BA3367R,249.30394,226.1143069
JNJ-38877605,BA3369R,236.51509,263.4172242
JNJ-38877605,BA3373R,256.8209,266.3813958
JNJ-38877605,BA3374R,247.66103,220.1866637
JNJ-38877605,BA3376R,237.66737,263.766416
JNJ-38877605,BA3379R,239.20555,227.672607
JNJ-38877605,BA3380R,239.76912,232.9391888
JNJ-38877605,BA3381R,242.06514,242.0312858
JNJ-38877605,BA3384R,242.78572,226.5113563
JNJ-38877605,BA3385R,238.41759,240.2899943
JNJ-38877605,BA3386R,235.38684,213.4887129
JNJ-38877605,BA3388R,258.86063,227.1968941
JNJ-38877605,BA3390R,249.53429,283.2303669
JNJ-38877605,BA3394R,251.00078,237.7527588
JNJ-38877605,BA3397R,242.40004,224.7016364
JNJ-38877605,BA3399R,254.58765,176.0860897
JNJ-38877605,BA3400R,245.84694,278.161271
JNJ-38877605,BA3403R,249.9648,270.0725398
JNJ-38877605,BA3406R,237.509,37.73319948
JNJ-38877605,BA3411R,256.0449,235.0932609
JNJ-38877605,BA3412R,250.06113,266.9685693
JNJ-38877605,BA3415R,249.05765,177.9590936
JNJ-38877605,BA3416R,241.43558,243.0348254
JNJ-38877605,BA3417R,239.04633,235.219103
JNJ-38877605,BA3418R,250.17963,176.1967429
JNJ-38877605,BA3421R,239.83199,205.441847
JNJ-38877605,BA3422R,236.55386,229.5296532
JNJ-38877605,BA3423R,236.68135,232.1166238
JNJ-38877605,BA3431R,247.97247,270.9158711
JNJ-38877605,BA3433R,235.76306,257.4291241
JNJ-38877605,BA3434R,250.36682,249.1000882
JNJ-38877605,BA3438R,241.31815,194.1704176
JNJ-38877605,BA3445R,240.70508,189.5372161
JNJ-38877605,BA3446R,238.7482,210.0726644
JNJ-38877605,BA3449R,249.81573,257.9754096
JNJ-38877605,BA3451R,252.95409,263.1691816
JNJ-38877605,BA3452R,240.91478,229.9524691
JNJ-38877605,BA3454R,241.22116,1.409739972
KI20227,BA3079R,150.57312,155.6034907
KI20227,BA3084R,201.69182,182.5086496
KI20227,BA3089R,220.6525,181.7703023
KI20227,BA3094R,213.17258,173.0198415
KI20227,BA3098R,144.37076,106.2155372
KI20227,BA3099R,171.39465,145.8590223
KI20227,BA3110R,184.88321,141.8318146
KI20227,BA3114R,177.61174,131.2996659
KI20227,BA3118R,168.26292,19.39348834
KI20227,BA3128R,208.61342,156.5099356
KI20227,BA3133R,221.8262,223.2371352
KI20227,BA3135R,207.82666,217.1849101
KI20227,BA3139R,236.77464,117.7167719
KI20227,BA3145R,234.22697,165.7548188
KI20227,BA3152R,174.51634,139.878882
KI20227,BA3153R,191.91049,120.5499533
KI20227,BA3154R,223.49287,177.6583082
KI20227,BA3157R,208.46309,186.8693603
KI20227,BA3158R,173.65466,15.7654724
KI20227,BA3162R,166.54524,190.933478
KI20227,BA3163R,204.68738,132.4317103
KI20227,BA3164R,205.79646,198.8771934
KI20227,BA3167R,191.29013,51.23242811
KI20227,BA3171R,222.85599,222.6228214
KI20227,BA3174R,164.46597,135.7064116
KI20227,BA3177R,142.35239,47.67529777
KI20227,BA3181R,193.92271,128.3780649
KI20227,BA3183R,204.29106,187.7475671
KI20227,BA3185R,172.79343,94.70880756
KI20227,BA3186R,223.89723,229.4297894
KI20227,BA3187R,188.54126,169.7200576
KI20227,BA3189R,225.26996,211.7753213
KI20227,BA3191R,160.18669,87.60335974
KI20227,BA3192R,223.75491,206.6004852
KI20227,BA3195R,173.47699,126.8218774
KI20227,BA3197R,207.2958,69.65818217
KI20227,BA3199R,161.65326,239.0016878
KI20227,BA3203R,189.60088,255.9868568
KI20227,BA3207R,219.2109,154.5788537
KI20227,BA3210R,190.27039,186.3099161
KI20227,BA3212R,228.7405,270.416998
KI20227,BA3213R,145.53477,82.33044037
KI20227,BA3214R,210.112,199.1421918
KI20227,BA3216R,187.92043,171.8954186
KI20227,BA3217R,207.69487,141.9617609
KI20227,BA3222R,227.09087,219.5226014
KI20227,BA3225R,205.54947,149.279583
KI20227,BA3226R,217.52136,138.1984959
KI20227,BA3227R,213.28105,200.2473019
KI20227,BA3228R,156.48267,136.9299331
KI20227,BA3230R,220.33173,286.2791575
KI20227,BA3232R,183.71756,223.5164892
KI20227,BA3235R,190.07693,142.3942721
KI20227,BA3243R,175.13333,192.6770679
KI20227,BA3250R,166.88165,263.6446094
KI20227,BA3251R,166.91025,153.5140333
KI20227,BA3261R,226.00648,270.3699351
KI20227,BA3264R,158.60736,167.7493374
KI20227,BA3270R,182.92535,154.2064999
KI20227,BA3271R,138.14561,103.9975585
KI20227,BA3273R,221.08572,183.6037866
KI20227,BA3277R,187.63895,128.9159697
KI20227,BA3285R,235.81084,139.4354714
KI20227,BA3286R,141.99867,135.2194399
KI20227,BA3289R,160.28809,115.5403073
KI20227,BA3290R,214.07227,226.1972543
KI20227,BA3293R,221.5927,199.4285177
KI20227,BA3297R,178.32509,67.17273313
KI20227,BA3299R,168.9849,161.2765546
KI20227,BA3305R,194.83401,196.6185695
KI20227,BA3306R,228.41522,179.8710691
KI20227,BA3308R,188.62141,203.2732484
KI20227,BA3311R,164.12419,7.980973016
KI20227,BA3317R,223.36273,286.0310486
KI20227,BA3318R,206.44289,63.03710294
KI20227,BA3319R,218.55746,201.3759187
KI20227,BA3324R,183.69884,112.9021798
KI20227,BA3326R,205.13593,180.0708345
KI20227,BA3328R,211.61604,191.4670999
KI20227,BA3332R,211.21902,235.3622223
KI20227,BA3333R,205.35988,200.4558094
KI20227,BA3334R,176.04971,176.1703287
KI20227,BA3341R,218.79698,222.3517921
KI20227,BA3345R,154.65024,101.4640817
KI20227,BA3347R,199.13498,121.6752583
KI20227,BA3352R,219.67303,186.0392909
KI20227,BA3362R,231.27415,279.2887878
KI20227,BA3367R,198.62842,165.2022954
KI20227,BA3373R,231.23065,268.2667811
KI20227,BA3374R,215.2721,166.4396975
KI20227,BA3379R,182.50009,235.7376299
KI20227,BA3380R,200.4294,115.5152856
KI20227,BA3381R,167.46642,155.9271481
KI20227,BA3384R,178.53839,123.9450079
KI20227,BA3394R,174.26137,191.747091
KI20227,BA3397R,194.18279,131.8906505
KI20227,BA3399R,188.37515,223.6718099
KI20227,BA3400R,232.13158,267.3406934
KI20227,BA3403R,208.7364,269.0364305
KI20227,BA3406R,200.53543,121.1848874
KI20227,BA3411R,214.80728,239.3041446
KI20227,BA3412R,232.86829,265.506859
KI20227,BA3415R,227.97266,202.6133163
KI20227,BA3418R,197.87259,129.5212669
KI20227,BA3421R,153.82968,118.848361
KI20227,BA3422R,235.53056,215.4005143
KI20227,BA3423R,233.30031,232.7809025
KI20227,BA3431R,157.0798,241.209125
KI20227,BA3433R,220.79718,209.6233715
KI20227,BA3434R,191.14926,163.0933473
KI20227,BA3438R,216.0699,133.4595679
KI20227,BA3449R,199.50816,238.625652
KI20227,BA3451R,194.76413,220.6222707
KU-55933,BA3078R,235.42172,269.1935796
KU-55933,BA3079R,245.22427,268.155495
KU-55933,BA3083R,247.54346,206.34085
KU-55933,BA3084R,211.6226,212.0687272
KU-55933,BA3087R,231.98454,224.7003694
KU-55933,BA3089R,240.28781,280.4235834
KU-55933,BA3094R,228.23724,236.6561862
KU-55933,BA3098R,247.00471,258.7954231
KU-55933,BA3099R,246.41199,162.3744537
KU-55933,BA3110R,238.76915,194.6168809
KU-55933,BA3114R,241.71564,212.7667581
KU-55933,BA3117R,238.25674,286.3279433
KU-55933,BA3118R,252.94978,240.7531503
KU-55933,BA3119R,223.14989,150.1214735
KU-55933,BA3126R,256.68237,252.0242883
KU-55933,BA3128R,236.65424,240.2825969
KU-55933,BA3130R,257.11807,272.5529723
KU-55933,BA3133R,256.23392,279.3238263
KU-55933,BA3135R,220.87292,58.12949833
KU-55933,BA3137R,248.58508,77.43689249
KU-55933,BA3138R,259.3605,258.8329866
KU-55933,BA3139R,245.81976,68.98413176
KU-55933,BA3145R,244.65453,250.5273431
KU-55933,BA3146R,243.13693,252.5959629
KU-55933,BA3152R,248.91632,263.5351794
KU-55933,BA3153R,241.11386,235.4247418
KU-55933,BA3154R,233.1218,277.0605751
KU-55933,BA3157R,227.22551,217.596284
KU-55933,BA3158R,224.09904,95.81551213
KU-55933,BA3162R,250.00113,286.3279433
KU-55933,BA3163R,257.4999,256.4147772
KU-55933,BA3164R,240.69025,278.7342129
KU-55933,BA3167R,242.065,167.5516706
KU-55933,BA3169R,254.73082,206.3201163
KU-55933,BA3171R,257.14236,215.1101302
KU-55933,BA3174R,252.91171,255.4061522
KU-55933,BA3175R,255.63905,272.6946788
KU-55933,BA3177R,240.29578,249.776779
KU-55933,BA3181R,256.43616,260.7997622
KU-55933,BA3182R,245.41,271.1266661
KU-55933,BA3183R,240.60405,259.3153682
KU-55933,BA3185R,229.80992,127.2201962
KU-55933,BA3186R,248.6808,286.3279433
KU-55933,BA3187R,247.69403,258.2280013
KU-55933,BA3189R,244.86069,232.4431184
KU-55933,BA3190R,251.38107,219.1055014
KU-55933,BA3191R,254.70137,220.4675372
KU-55933,BA3192R,235.03664,212.8118573
KU-55933,BA3195R,245.38457,243.8457661
KU-55933,BA3197R,214.32407,286.2741176
KU-55933,BA3199R,236.23166,286.3279433
KU-55933,BA3200R,233.76357,133.1572277
KU-55933,BA3203R,249.64621,253.807835
KU-55933,BA3206R,235.61029,189.2842263
KU-55933,BA3207R,265.02066,193.7646761
KU-55933,BA3208R,243.70001,206.7284716
KU-55933,BA3210R,255.13147,185.1355363
KU-55933,BA3211R,232.98439,103.5126895
KU-55933,BA3212R,245.11884,286.2235404
KU-55933,BA3213R,248.22046,239.8254128
KU-55933,BA3214R,254.1457,241.0025796
KU-55933,BA3216R,240.57495,180.1973471
KU-55933,BA3217R,229.35117,178.1398578
KU-55933,BA3219R,251.948,276.9876345
KU-55933,BA3222R,242.58,243.7865838
KU-55933,BA3225R,252.7519,253.1819979
KU-55933,BA3226R,242.97838,280.0093535
KU-55933,BA3227R,227.85242,118.0853231
KU-55933,BA3228R,253.70912,188.9754373
KU-55933,BA3229R,252.86655,208.8928849
KU-55933,BA3232R,245.17514,200.0504858
KU-55933,BA3235R,258.95404,278.6192087
KU-55933,BA3240R,237.05617,170.5753409
KU-55933,BA3242R,248.33191,264.6069509
KU-55933,BA3243R,249.18617,200.6018911
KU-55933,BA3249R,239.6197,286.3279433
KU-55933,BA3250R,244.50378,232.753531
KU-55933,BA3251R,244.70134,219.0830496
KU-55933,BA3258R,253.8599,286.3279433
KU-55933,BA3260R,257.58145,286.3279433
KU-55933,BA3261R,249.48334,223.4133729
KU-55933,BA3264R,209.01355,254.1075717
KU-55933,BA3266R,243.9858,128.5966688
KU-55933,BA3268R,240.10547,251.1719463
KU-55933,BA3270R,251.28519,230.4753637
KU-55933,BA3271R,245.71556,204.1542384
KU-55933,BA3273R,237.95532,286.3279433
KU-55933,BA3275R,230.10579,193.6445789
KU-55933,BA3277R,242.5985,208.0501241
KU-55933,BA3283R,245.72386,274.7365708
KU-55933,BA3285R,245.86133,159.8658051
KU-55933,BA3286R,240.89058,237.7502371
KU-55933,BA3289R,249.65666,200.5098493
KU-55933,BA3290R,253.50732,253.0987009
KU-55933,BA3293R,238.44612,247.8013765
KU-55933,BA3295R,244.91309,205.06264
KU-55933,BA3297R,241.97925,233.1315239
KU-55933,BA3299R,245.10443,257.869572
KU-55933,BA3300R,241.51149,283.6791785
KU-55933,BA3302R,242.54755,276.1484248
KU-55933,BA3305R,246.89131,264.0440107
KU-55933,BA3306R,233.73166,250.1441416
KU-55933,BA3308R,232.3497,150.9071498
KU-55933,BA3310R,221.30296,122.1191518
KU-55933,BA3311R,252.8072,105.6419996
KU-55933,BA3312R,241.74983,259.4359853
KU-55933,BA3317R,232.95653,123.01415
KU-55933,BA3319R,264.9157,259.6125858
KU-55933,BA3324R,250.56178,220.9248941
KU-55933,BA3325R,249.172,209.5229498
KU-55933,BA3326R,251.91455,245.3876315
KU-55933,BA3328R,236.8841,267.2490456
KU-55933,BA3332R,230.1042,184.9036583
KU-55933,BA3333R,234.22473,250.9616755
KU-55933,BA3334R,245.19922,243.1172602
KU-55933,BA3341R,246.16972,208.1249869
KU-55933,BA3345R,247.4501,216.3472661
KU-55933,BA3347R,257.60446,260.9903973
KU-55933,BA3351R,244.13637,249.692148
KU-55933,BA3352R,236.17491,238.4616044
KU-55933,BA3353R,230.04385,127.7313353
KU-55933,BA3357R,240.3205,221.7446428
KU-55933,BA3362R,252.00728,258.0107679
KU-55933,BA3367R,247.02339,286.1525279
KU-55933,BA3369R,245.78377,281.0806545
KU-55933,BA3373R,257.4934,268.676769
KU-55933,BA3374R,244.63066,230.2391055
KU-55933,BA3376R,241.38768,116.8549548
KU-55933,BA3379R,241.58018,248.9519825
KU-55933,BA3380R,235.43216,284.2298941
KU-55933,BA3381R,245.5196,251.2176136
KU-55933,BA3384R,242.72255,265.0504838
KU-55933,BA3385R,245.6562,248.331492
KU-55933,BA3386R,237.69481,266.6142812
KU-55933,BA3390R,255.55243,285.9440813
KU-55933,BA3394R,252.57335,275.6279947
KU-55933,BA3397R,240.88821,176.5932012
KU-55933,BA3399R,252.51646,247.1723571
KU-55933,BA3400R,242.87204,258.2994302
KU-55933,BA3403R,245.5481,244.6383679
KU-55933,BA3406R,235.64113,286.0471939
KU-55933,BA3411R,254.0067,234.542049
KU-55933,BA3412R,245.97725,286.2398805
KU-55933,BA3415R,248.03989,207.2589091
KU-55933,BA3416R,238.13583,264.322325
KU-55933,BA3417R,241.04218,277.8929081
KU-55933,BA3418R,248.28905,171.1652649
KU-55933,BA3421R,245.43079,258.1948801
KU-55933,BA3422R,230.64735,270.9849182
KU-55933,BA3423R,229.91785,232.3749955
KU-55933,BA3431R,250.8609,276.9966169
KU-55933,BA3433R,231.62033,230.8394184
KU-55933,BA3434R,251.99754,229.9955595
KU-55933,BA3438R,239.32222,166.5411283
KU-55933,BA3445R,237.67995,265.958851
KU-55933,BA3446R,245.38252,229.5562342
KU-55933,BA3449R,246.41838,274.4051787
KU-55933,BA3451R,263.83014,241.6783415
KU-55933,BA3452R,243.76244,281.0113397
KU-55933,BA3454R,242.65607,279.7686588
KW-2449,BA3078R,189.16187,143.7904105
KW-2449,BA3079R,208.04768,180.0774654
KW-2449,BA3083R,202.07526,206.4978676
KW-2449,BA3084R,155.32843,161.2249024
KW-2449,BA3087R,199.25919,251.895504
KW-2449,BA3089R,182.40298,258.7080878
KW-2449,BA3094R,195.19107,249.3349525
KW-2449,BA3098R,203.53278,236.9716436
KW-2449,BA3099R,179.59868,158.598084
KW-2449,BA3110R,199.26396,175.182599
KW-2449,BA3114R,210.06155,216.2630377
KW-2449,BA3117R,212.90765,270.7207383
KW-2449,BA3118R,216.64474,185.9967964
KW-2449,BA3126R,230.86708,200.9666044
KW-2449,BA3128R,179.96146,154.2391706
KW-2449,BA3130R,246.51117,282.8711488
KW-2449,BA3133R,245.83589,253.2505257
KW-2449,BA3135R,147.61952,86.05185102
KW-2449,BA3138R,243.07074,207.9413011
KW-2449,BA3139R,215.67993,124.6334914
KW-2449,BA3145R,204.619,30.81439053
KW-2449,BA3146R,169.15245,133.2442351
KW-2449,BA3152R,220.55988,182.0653297
KW-2449,BA3153R,211.73224,241.9060637
KW-2449,BA3154R,209.28775,180.7962407
KW-2449,BA3157R,164.49522,212.2453578
KW-2449,BA3158R,171.13538,174.6761416
KW-2449,BA3162R,217.19463,252.8368015
KW-2449,BA3163R,237.31097,262.9541634
KW-2449,BA3164R,147.68202,73.27235509
KW-2449,BA3167R,211.7666,144.3331685
KW-2449,BA3169R,233.0096,136.2976534
KW-2449,BA3171R,245.18709,226.0369426
KW-2449,BA3175R,230.28293,245.9480221
KW-2449,BA3177R,177.05264,222.0084405
KW-2449,BA3181R,241.11816,271.6625733
KW-2449,BA3182R,203.82889,185.4509661
KW-2449,BA3183R,202.81294,223.6359395
KW-2449,BA3185R,184.09157,207.2747716
KW-2449,BA3186R,230.85371,282.3411598
KW-2449,BA3187R,221.4567,252.7678452
KW-2449,BA3189R,204.42368,174.2438082
KW-2449,BA3190R,237.21669,183.6539063
KW-2449,BA3191R,221.21481,250.7371724
KW-2449,BA3192R,174.71149,169.6248921
KW-2449,BA3195R,205.41771,218.9836529
KW-2449,BA3197R,130.35641,199.2444794
KW-2449,BA3199R,191.01555,211.0418113
KW-2449,BA3203R,224.45995,229.2199574
KW-2449,BA3207R,240.90054,271.4256862
KW-2449,BA3208R,192.84857,205.3556391
KW-2449,BA3210R,238.60298,210.7264954
KW-2449,BA3211R,177.05904,38.3669138
KW-2449,BA3212R,221.95076,283.4216448
KW-2449,BA3213R,203.8789,182.5653759
KW-2449,BA3214R,230.4003,271.3055321
KW-2449,BA3216R,195.84163,97.27736539
KW-2449,BA3217R,151.10805,110.3393774
KW-2449,BA3219R,219.94495,197.7074962
KW-2449,BA3222R,223.9404,269.7733096
KW-2449,BA3225R,228.46512,224.4770569
KW-2449,BA3226R,174.3261,195.8047501
KW-2449,BA3227R,160.85385,100.3238759
KW-2449,BA3228R,217.74458,164.0904262
KW-2449,BA3229R,234.77995,249.2236964
KW-2449,BA3230R,240.47835,151.0290481
KW-2449,BA3232R,203.92361,264.4090478
KW-2449,BA3235R,228.07466,206.3596198
KW-2449,BA3240R,183.27608,106.3206325
KW-2449,BA3242R,222.43626,253.5698438
KW-2449,BA3243R,214.16084,134.1541148
KW-2449,BA3249R,203.21883,273.5798748
KW-2449,BA3251R,189.3142,180.5103612
KW-2449,BA3258R,219.21118,282.1864284
KW-2449,BA3260R,244.81052,286.1331497
KW-2449,BA3261R,234.97232,229.3730684
KW-2449,BA3264R,128.3995,160.9772036
KW-2449,BA3266R,195.0619,156.7716745
KW-2449,BA3268R,205.5602,217.91194
KW-2449,BA3270R,225.35225,215.0038633
KW-2449,BA3271R,183.74971,124.2110034
KW-2449,BA3273R,216.66518,134.2676349
KW-2449,BA3275R,164.83865,124.3103222
KW-2449,BA3277R,208.45665,193.0500518
KW-2449,BA3283R,203.47435,223.7377023
KW-2449,BA3285R,218.69049,181.97161
KW-2449,BA3286R,185.66533,185.856936
KW-2449,BA3289R,217.35138,260.0376693
KW-2449,BA3290R,241.89027,256.6286896
KW-2449,BA3293R,163.07281,114.8465118
KW-2449,BA3295R,211.17104,217.6041963
KW-2449,BA3297R,201.37408,46.06131231
KW-2449,BA3299R,211.89526,198.1681634
KW-2449,BA3300R,204.69559,246.4963604
KW-2449,BA3302R,209.59851,243.0941726
KW-2449,BA3305R,219.8385,270.3768167
KW-2449,BA3306R,173.25928,87.37479975
KW-2449,BA3310R,157.63518,179.2519722
KW-2449,BA3311R,224.36804,103.6485576
KW-2449,BA3312R,214.12811,183.0384045
KW-2449,BA3317R,179.53398,249.5889505
KW-2449,BA3318R,218.76431,132.4876569
KW-2449,BA3319R,248.31009,256.2124438
KW-2449,BA3324R,225.40897,187.0416975
KW-2449,BA3325R,213.87527,230.8112988
KW-2449,BA3326R,229.7815,201.8763749
KW-2449,BA3328R,189.616,229.3118741
KW-2449,BA3332R,182.38263,171.1474842
KW-2449,BA3333R,179.04247,249.6044522
KW-2449,BA3334R,216.41869,199.4181775
KW-2449,BA3341R,225.24498,220.5184783
KW-2449,BA3345R,218.00194,183.1241711
KW-2449,BA3347R,233.07974,232.6648155
KW-2449,BA3351R,212.41696,265.2804285
KW-2449,BA3352R,181.54619,106.2991343
KW-2449,BA3353R,186.79292,193.5685142
KW-2449,BA3357R,211.2503,261.3020758
KW-2449,BA3362R,224.98625,156.8142892
KW-2449,BA3367R,228.40967,269.6914666
KW-2449,BA3369R,189.27164,274.1622748
KW-2449,BA3373R,244.20308,285.7008588
KW-2449,BA3374R,217.54295,285.0280245
KW-2449,BA3375R,139.75957,41.69655043
KW-2449,BA3379R,208.67206,242.1989969
KW-2449,BA3380R,152.94238,237.6243705
KW-2449,BA3381R,218.66733,225.9341109
KW-2449,BA3384R,194.95041,251.4111323
KW-2449,BA3386R,141.89658,143.0224552
KW-2449,BA3388R,242.07904,255.7510496
KW-2449,BA3390R,227.45128,245.4748029
KW-2449,BA3394R,224.39166,113.8682559
KW-2449,BA3397R,205.35828,134.9631777
KW-2449,BA3399R,232.15434,188.1249824
KW-2449,BA3400R,216.36374,246.4952941
KW-2449,BA3403R,215.42436,278.4708522
KW-2449,BA3406R,165.07317,165.1370059
KW-2449,BA3411R,242.39929,254.1003751
KW-2449,BA3412R,216.47186,277.8793116
KW-2449,BA3415R,234.61032,236.0400767
KW-2449,BA3416R,225.52188,286.3279433
KW-2449,BA3417R,206.17926,182.6260718
KW-2449,BA3418R,225.97252,177.2556988
KW-2449,BA3421R,211.62201,228.8588658
KW-2449,BA3422R,184.00415,230.3603126
KW-2449,BA3423R,175.18567,143.7128512
KW-2449,BA3431R,216.64091,239.3776393
KW-2449,BA3433R,183.57867,190.5803926
KW-2449,BA3434R,226.63176,236.4192753
KW-2449,BA3438R,203.4822,107.6767064
KW-2449,BA3445R,199.86444,241.05331
KW-2449,BA3446R,202.30446,215.2254238
KW-2449,BA3449R,217.45863,271.2110365
KW-2449,BA3451R,235.35289,229.8769489
KW-2449,BA3452R,208.56915,203.7589651
KW-2449,BA3454R,156.12405,167.4977634
Lestaurtinib (CEP-701),BA3230R,192.36182,164.3877621
Lestaurtinib (CEP-701),BA3243R,159.87039,111.758879
Lestaurtinib (CEP-701),BA3379R,164.45291,232.1152481
MGCD-265,BA3078R,190.38412,204.4411703
MGCD-265,BA3079R,197.26123,193.0442514
MGCD-265,BA3083R,203.40053,245.2786131
MGCD-265,BA3084R,183.35324,226.8734878
MGCD-265,BA3087R,216.52553,248.4502724
MGCD-265,BA3089R,209.95367,242.7916291
MGCD-265,BA3094R,201.6061,257.7682969
MGCD-265,BA3098R,195.40913,191.178984
MGCD-265,BA3099R,188.21625,190.9419114
MGCD-265,BA3110R,200.05153,106.8220542
MGCD-265,BA3117R,226.76399,286.3279433
MGCD-265,BA3118R,208.348,171.7009079
MGCD-265,BA3119R,199.59244,181.7058393
MGCD-265,BA3126R,214.54478,176.1144261
MGCD-265,BA3128R,199.01237,211.5736788
MGCD-265,BA3130R,231.04865,233.2275168
MGCD-265,BA3133R,243.37587,285.7764897
MGCD-265,BA3135R,186.61781,82.0134464
MGCD-265,BA3137R,196.84242,92.71575834
MGCD-265,BA3138R,235.0502,209.0682922
MGCD-265,BA3139R,229.84819,217.5017715
MGCD-265,BA3145R,219.8971,61.10919279
MGCD-265,BA3146R,172.67874,171.668395
MGCD-265,BA3152R,209.70398,153.2274119
MGCD-265,BA3153R,209.53009,202.5747642
MGCD-265,BA3154R,217.69089,226.9146493
MGCD-265,BA3157R,195.59291,230.7363667
MGCD-265,BA3158R,186.18234,92.17323511
MGCD-265,BA3162R,206.67374,236.1442836
MGCD-265,BA3163R,219.55516,203.5916246
MGCD-265,BA3164R,184.25076,116.8589335
MGCD-265,BA3167R,204.90569,219.0909399
MGCD-265,BA3169R,222.64432,160.691964
MGCD-265,BA3171R,241.50397,200.2843668
MGCD-265,BA3174R,212.18993,184.3640247
MGCD-265,BA3175R,214.72597,155.9815874
MGCD-265,BA3177R,176.2785,144.7951521
MGCD-265,BA3181R,227.3729,195.0425345
MGCD-265,BA3182R,194.09286,158.0808258
MGCD-265,BA3183R,218.57416,241.3309855
MGCD-265,BA3185R,184.86203,125.9408721
MGCD-265,BA3186R,229.00677,228.8225844
MGCD-265,BA3187R,221.94408,146.2027812
MGCD-265,BA3189R,221.1572,175.8677015
MGCD-265,BA3190R,230.6693,238.555627
MGCD-265,BA3191R,204.07626,134.1285171
MGCD-265,BA3192R,199.73524,254.9954119
MGCD-265,BA3195R,205.89189,205.6050974
MGCD-265,BA3197R,174.35838,277.5551233
MGCD-265,BA3199R,198.77473,179.7368293
MGCD-265,BA3200R,213.31256,267.5272873
MGCD-265,BA3203R,222.53764,265.4271984
MGCD-265,BA3206R,227.10648,197.1814785
MGCD-265,BA3207R,224.63966,117.9247134
MGCD-265,BA3208R,201.96448,194.0747955
MGCD-265,BA3210R,226.42755,239.8363772
MGCD-265,BA3212R,232.1015,286.3279433
MGCD-265,BA3213R,194.37502,161.5307738
MGCD-265,BA3214R,223.13055,257.917751
MGCD-265,BA3216R,200.73126,192.578876
MGCD-265,BA3217R,187.37509,114.3900259
MGCD-265,BA3219R,204.4555,190.2479359
MGCD-265,BA3222R,230.72859,249.6669088
MGCD-265,BA3225R,210.762,131.6806931
MGCD-265,BA3226R,208.03314,191.8781083
MGCD-265,BA3227R,195.78279,198.1366147
MGCD-265,BA3228R,203.14145,186.7923837
MGCD-265,BA3229R,227.22607,147.2494709
MGCD-265,BA3232R,210.82326,232.308222
MGCD-265,BA3235R,212.55081,175.0216797
MGCD-265,BA3240R,209.0375,161.9279135
MGCD-265,BA3242R,220.30258,214.4024669
MGCD-265,BA3243R,209.91582,269.6423006
MGCD-265,BA3249R,220.52367,242.9384711
MGCD-265,BA3250R,190.88226,277.3138445
MGCD-265,BA3251R,194.88565,188.9308563
MGCD-265,BA3258R,207.69443,122.2275737
MGCD-265,BA3260R,235.42284,234.82495
MGCD-265,BA3261R,241.13159,286.3279433
MGCD-265,BA3264R,156.10556,152.2524295
MGCD-265,BA3266R,199.52672,118.7651864
MGCD-265,BA3268R,214.23477,218.4102815
MGCD-265,BA3270R,219.81401,209.1866756
MGCD-265,BA3271R,185.56953,155.9650184
MGCD-265,BA3273R,217.15594,180.3762931
MGCD-265,BA3275R,194.71007,143.7543273
MGCD-265,BA3277R,212.75308,252.2216786
MGCD-265,BA3283R,194.18108,162.787698
MGCD-265,BA3285R,231.057,228.4143726
MGCD-265,BA3286R,186.9526,187.0204138
MGCD-265,BA3289R,201.765,141.2853481
MGCD-265,BA3290R,241.0936,166.2073614
MGCD-265,BA3293R,200.89044,85.76228184
MGCD-265,BA3295R,201.17169,214.9490175
MGCD-265,BA3297R,205.33813,195.9011498
MGCD-265,BA3299R,204.79549,181.0241972
MGCD-265,BA3300R,222.03654,263.9058737
MGCD-265,BA3302R,215.15848,219.9985749
MGCD-265,BA3305R,219.30382,235.6888103
MGCD-265,BA3306R,201.83685,97.88267273
MGCD-265,BA3308R,198.49724,156.488976
MGCD-265,BA3310R,196.86996,161.648361
MGCD-265,BA3311R,209.55962,63.59240575
MGCD-265,BA3312R,222.53336,265.7141386
MGCD-265,BA3317R,206.15024,245.5027662
MGCD-265,BA3318R,216.44106,210.5785798
MGCD-265,BA3319R,228.3301,83.19462006
MGCD-265,BA3324R,216.52367,196.467825
MGCD-265,BA3326R,218.90639,224.9613473
MGCD-265,BA3328R,211.36191,223.6939441
MGCD-265,BA3332R,205.75653,270.429102
MGCD-265,BA3333R,206.42575,257.4972545
MGCD-265,BA3334R,212.64548,183.1129337
MGCD-265,BA3341R,227.60597,270.2178511
MGCD-265,BA3345R,202.81245,180.4688698
MGCD-265,BA3347R,223.06639,170.493833
MGCD-265,BA3351R,233.06522,285.3759292
MGCD-265,BA3352R,208.75922,122.902626
MGCD-265,BA3353R,215.75546,71.26928689
MGCD-265,BA3357R,227.85623,258.3050736
MGCD-265,BA3362R,229.17787,208.1133725
MGCD-265,BA3367R,221.99515,184.8791439
MGCD-265,BA3369R,182.79608,226.6746933
MGCD-265,BA3373R,240.81718,285.4870849
MGCD-265,BA3374R,220.24286,225.5294166
MGCD-265,BA3375R,186.40038,197.4694129
MGCD-265,BA3376R,185.27132,145.9733675
MGCD-265,BA3379R,214.00912,226.6378484
MGCD-265,BA3380R,184.48744,101.0633918
MGCD-265,BA3381R,210.70378,243.4078522
MGCD-265,BA3384R,205.38927,263.7624844
MGCD-265,BA3385R,196.92165,235.1896269
MGCD-265,BA3386R,170.71268,175.4060356
MGCD-265,BA3388R,234.47057,206.0374304
MGCD-265,BA3390R,210.80862,277.7384368
MGCD-265,BA3394R,214.06267,260.9797806
MGCD-265,BA3397R,215.45409,171.2790799
MGCD-265,BA3399R,224.81577,206.6510445
MGCD-265,BA3400R,224.67865,252.5961139
MGCD-265,BA3403R,214.40288,241.2794241
MGCD-265,BA3406R,188.60045,72.95531852
MGCD-265,BA3411R,239.77495,260.2334822
MGCD-265,BA3412R,225.68,256.2599209
MGCD-265,BA3415R,237.43332,225.058168
MGCD-265,BA3416R,237.8922,8.09E-09
MGCD-265,BA3417R,198.21182,149.9667037
MGCD-265,BA3418R,221.92519,257.3485851
MGCD-265,BA3421R,198.52196,155.5468774
MGCD-265,BA3422R,213.31488,250.7537284
MGCD-265,BA3423R,210.8385,190.2724058
MGCD-265,BA3431R,205.01166,171.5918832
MGCD-265,BA3433R,204.50276,221.3332372
MGCD-265,BA3434R,223.11963,217.7739521
MGCD-265,BA3438R,211.97969,157.4865071
MGCD-265,BA3445R,219.064,207.5648707
MGCD-265,BA3446R,200.99635,166.0697219
MGCD-265,BA3451R,216.03955,213.2244998
MGCD-265,BA3452R,205.78882,145.1711141
MGCD-265,BA3454R,187.23029,286.3279433
MK-2206,BA3078R,197.31293,198.0178833
MK-2206,BA3079R,187.03867,192.195096
MK-2206,BA3083R,197.14334,112.0557514
MK-2206,BA3084R,221.40515,239.1964184
MK-2206,BA3087R,233.91994,283.1431744
MK-2206,BA3089R,241.85892,273.6452776
MK-2206,BA3094R,216.21954,208.4064799
MK-2206,BA3098R,182.01595,147.821938
MK-2206,BA3099R,216.90038,184.5329032
MK-2206,BA3117R,235.89322,286.3279433
MK-2206,BA3118R,197.31754,146.5548869
MK-2206,BA3119R,252.08969,278.5991779
MK-2206,BA3126R,197.06337,113.8787898
MK-2206,BA3128R,228.93875,220.4874439
MK-2206,BA3130R,207.62247,195.3742152
MK-2206,BA3133R,222.04843,261.6947385
MK-2206,BA3135R,242.38406,247.3531555
MK-2206,BA3137R,178.01266,65.00037881
MK-2206,BA3138R,211.16672,160.968043
MK-2206,BA3139R,233.15663,244.7133823
MK-2206,BA3145R,242.14113,174.7683485
MK-2206,BA3152R,193.1606,211.3239356
MK-2206,BA3153R,220.1509,222.7342408
MK-2206,BA3154R,223.99492,220.1194978
MK-2206,BA3157R,233.40091,272.6159255
MK-2206,BA3158R,205.08026,240.1281855
MK-2206,BA3162R,183.0566,206.7920944
MK-2206,BA3163R,203.68054,117.4512559
MK-2206,BA3164R,229.57344,213.7031934
MK-2206,BA3167R,200.09236,109.053913
MK-2206,BA3169R,202.35072,120.5386929
MK-2206,BA3171R,224.94415,228.7301147
MK-2206,BA3174R,198.17123,191.4434956
MK-2206,BA3175R,195.79375,79.67108978
MK-2206,BA3177R,178.44705,119.3555512
MK-2206,BA3181R,203.31392,161.0659912
MK-2206,BA3182R,178.05067,253.6455501
MK-2206,BA3183R,231.5009,210.2127325
MK-2206,BA3186R,223.2971,165.8115514
MK-2206,BA3187R,207.48105,141.2171256
MK-2206,BA3189R,239.4207,237.918068
MK-2206,BA3190R,217.8752,208.8022823
MK-2206,BA3191R,183.2389,85.56391401
MK-2206,BA3192R,233.31665,234.2245182
MK-2206,BA3195R,211.94568,204.688192
MK-2206,BA3197R,245.54779,29.17211266
MK-2206,BA3199R,205.91219,103.6646273
MK-2206,BA3200R,249.53241,286.3279433
MK-2206,BA3203R,211.71785,224.3167914
MK-2206,BA3206R,235.11984,245.5862373
MK-2206,BA3207R,201.82489,8.09E-09
MK-2206,BA3208R,225.9109,228.2393345
MK-2206,BA3210R,207.97726,247.9000568
MK-2206,BA3211R,209.01971,172.1176235
MK-2206,BA3212R,232.5786,163.3226931
MK-2206,BA3213R,183.46394,85.00493837
MK-2206,BA3214R,223.72894,193.5327524
MK-2206,BA3216R,223.55983,269.3675423
MK-2206,BA3217R,232.79474,272.2923636
MK-2206,BA3219R,196.3948,278.355929
MK-2206,BA3222R,225.5273,184.1752359
MK-2206,BA3226R,240.35023,210.9667215
MK-2206,BA3227R,246.701,270.3338557
MK-2206,BA3228R,190.20848,218.9071113
MK-2206,BA3229R,207.29498,113.7448982
MK-2206,BA3232R,215.24017,203.6535582
MK-2206,BA3235R,189.96283,213.5072876
MK-2206,BA3240R,238.56544,192.8160905
MK-2206,BA3242R,210.74075,216.3088718
MK-2206,BA3243R,201.85896,248.0587964
MK-2206,BA3249R,241.4828,244.207256
MK-2206,BA3250R,182.19736,266.4613639
MK-2206,BA3251R,204.63809,146.0294768
MK-2206,BA3258R,187.46716,81.06848915
MK-2206,BA3260R,216.51346,244.2531909
MK-2206,BA3261R,236.69275,286.3279433
MK-2206,BA3264R,207.62596,228.2512438
MK-2206,BA3266R,209.59311,206.4529128
MK-2206,BA3268R,227.93547,257.3057769
MK-2206,BA3270R,201.87782,124.3489779
MK-2206,BA3271R,183.50357,250.3061417
MK-2206,BA3273R,222.68272,223.4243491
MK-2206,BA3275R,232.88077,281.8396123
MK-2206,BA3277R,217.47917,260.4130362
MK-2206,BA3283R,191.45392,64.77550177
MK-2206,BA3285R,231.21785,280.8069645
MK-2206,BA3286R,185.28981,197.7960015
MK-2206,BA3289R,186.79358,116.8125651
MK-2206,BA3290R,223.19276,234.3735346
MK-2206,BA3293R,238.11838,174.8795463
MK-2206,BA3295R,182.24599,149.9370178
MK-2206,BA3297R,215.41261,197.4350908
MK-2206,BA3299R,193.14008,144.9190743
MK-2206,BA3300R,233.91093,223.8029767
MK-2206,BA3302R,221.08273,202.0467441
MK-2206,BA3305R,210.77223,173.2272099
MK-2206,BA3306R,245.37225,223.4357912
MK-2206,BA3308R,220.05858,280.0907804
MK-2206,BA3310R,246.55864,286.3279433
MK-2206,BA3311R,188.88948,28.36017594
MK-2206,BA3312R,223.83856,186.1252464
MK-2206,BA3317R,243.83873,286.3279433
MK-2206,BA3318R,213.06505,246.0867924
MK-2206,BA3319R,205.62935,78.29634223
MK-2206,BA3324R,202.4871,223.4186848
MK-2206,BA3326R,204.7004,156.9186118
MK-2206,BA3328R,234.41623,200.283951
MK-2206,BA3332R,236.5636,286.3279433
MK-2206,BA3333R,243.70212,230.3672688
MK-2206,BA3334R,198.11552,146.9567889
MK-2206,BA3341R,230.1622,256.255048
MK-2206,BA3345R,194.46541,202.4083079
MK-2206,BA3347R,208.29994,82.39799204
MK-2206,BA3351R,225.37344,252.7549473
MK-2206,BA3352R,239.02882,234.2014851
MK-2206,BA3357R,244.04237,286.3279433
MK-2206,BA3362R,217.95721,198.4628343
MK-2206,BA3367R,204.83746,179.9723638
MK-2206,BA3369R,174.0122,51.86296993
MK-2206,BA3373R,231.1886,286.3279433
MK-2206,BA3374R,210.19502,39.4110245
MK-2206,BA3375R,245.02295,265.1277835
MK-2206,BA3376R,236.83594,180.5346108
MK-2206,BA3379R,212.97368,221.1652706
MK-2206,BA3380R,231.23247,190.1059623
MK-2206,BA3381R,191.07265,209.8744726
MK-2206,BA3384R,215.25832,161.0539597
MK-2206,BA3385R,196.35167,142.9285422
MK-2206,BA3386R,232.6671,249.1134142
MK-2206,BA3388R,210.94128,192.4937854
MK-2206,BA3390R,194.06804,252.3185298
MK-2206,BA3394R,196.39989,227.2725959
MK-2206,BA3397R,219.46155,208.0384983
MK-2206,BA3399R,207.8095,186.8123723
MK-2206,BA3400R,237.72983,270.5468915
MK-2206,BA3403R,201.07983,148.3483732
MK-2206,BA3406R,224.21545,143.1659383
MK-2206,BA3411R,220.73569,240.7928188
MK-2206,BA3412R,224.14046,270.0546791
MK-2206,BA3415R,229.79942,249.6223454
MK-2206,BA3416R,256.0642,286.3279433
MK-2206,BA3417R,195.12787,128.8078747
MK-2206,BA3418R,212.29428,286.3279433
MK-2206,BA3421R,181.34065,142.1252265
MK-2206,BA3422R,252.69183,273.3333364
MK-2206,BA3423R,249.48064,279.4172771
MK-2206,BA3433R,244.96622,279.6140575
MK-2206,BA3434R,211.11009,237.0361794
MK-2206,BA3438R,223.91249,165.4527276
MK-2206,BA3445R,228.84845,11.46820488
MK-2206,BA3446R,195.26883,85.25577936
MK-2206,BA3449R,211.8691,132.3543603
MK-2206,BA3451R,188.7909,147.8779258
MK-2206,BA3452R,207.61453,122.7640026
MK-2206,BA3454R,230.38202,284.9419898
MLN120B,BA3078R,225.38742,182.1715913
MLN120B,BA3079R,236.54572,214.1129156
MLN120B,BA3083R,232.51236,226.2516288
MLN120B,BA3084R,219.5031,245.2270696
MLN120B,BA3087R,239.18433,280.5159436
MLN120B,BA3089R,242.95522,272.4568549
MLN120B,BA3094R,234.51971,276.8175566
MLN120B,BA3098R,231.72534,231.3250671
MLN120B,BA3099R,234.87454,275.1233664
MLN120B,BA3110R,235.75987,237.0204282
MLN120B,BA3114R,235.62756,218.334667
MLN120B,BA3117R,237.10109,286.2645889
MLN120B,BA3118R,243.93723,75.22121253
MLN120B,BA3119R,235.89204,227.4566435
MLN120B,BA3126R,240.28252,270.0329768
MLN120B,BA3128R,237.26974,213.9039234
MLN120B,BA3130R,241.64952,222.1725802
MLN120B,BA3133R,250.83969,234.7221485
MLN120B,BA3135R,232.06094,182.415948
MLN120B,BA3137R,233.00793,239.5481915
MLN120B,BA3138R,252.23563,280.7929092
MLN120B,BA3139R,249.99762,217.723778
MLN120B,BA3145R,246.33766,281.4051058
MLN120B,BA3146R,226.32529,265.7174876
MLN120B,BA3152R,234.96597,172.3624745
MLN120B,BA3153R,240.54228,247.3939495
MLN120B,BA3154R,235.23553,266.4149066
MLN120B,BA3157R,230.41061,231.2750385
MLN120B,BA3158R,224.99791,166.1642136
MLN120B,BA3162R,239.0683,220.3388938
MLN120B,BA3163R,236.95352,239.0927685
MLN120B,BA3164R,240.81555,223.0726813
MLN120B,BA3167R,239.36609,217.0536167
MLN120B,BA3169R,243.8959,189.7925156
MLN120B,BA3171R,252.04808,272.2729316
MLN120B,BA3174R,245.22116,214.9642905
MLN120B,BA3175R,245.15923,254.6282885
MLN120B,BA3177R,227.25638,267.1167972
MLN120B,BA3181R,248.01857,242.9254465
MLN120B,BA3182R,228.7076,204.6814741
MLN120B,BA3183R,239.3429,251.0599595
MLN120B,BA3185R,229.3871,187.8774561
MLN120B,BA3186R,247.56516,280.6519223
MLN120B,BA3187R,242.44368,256.9502865
MLN120B,BA3189R,241.21635,221.7540923
MLN120B,BA3190R,249.73013,257.4585855
MLN120B,BA3191R,234.40636,259.4463442
MLN120B,BA3192R,236.57732,241.7464937
MLN120B,BA3195R,238.768,285.2548454
MLN120B,BA3197R,226.73647,286.2645889
MLN120B,BA3199R,231.62952,225.5756086
MLN120B,BA3200R,244.9533,151.0287736
MLN120B,BA3203R,244.69608,226.1813472
MLN120B,BA3207R,248.68538,273.9170465
MLN120B,BA3208R,242.02452,189.9857655
MLN120B,BA3210R,249.25581,214.3604761
MLN120B,BA3211R,226.51447,83.17514407
MLN120B,BA3212R,246.7661,269.8160172
MLN120B,BA3213R,232.82835,198.1706472
MLN120B,BA3214R,251.4267,251.9282546
MLN120B,BA3216R,240.39696,249.2905477
MLN120B,BA3217R,232.91182,140.8288319
MLN120B,BA3219R,233.82243,258.907643
MLN120B,BA3222R,242.15442,260.7123899
MLN120B,BA3225R,234.48799,237.3820118
MLN120B,BA3226R,242.45822,270.026931
MLN120B,BA3227R,237.7971,209.4313346
MLN120B,BA3228R,239.75284,265.2853996
MLN120B,BA3229R,245.26471,260.9651376
MLN120B,BA3230R,248.87863,176.026215
MLN120B,BA3232R,236.76851,282.0014445
MLN120B,BA3235R,239.37662,273.5870321
MLN120B,BA3240R,240.80524,176.5592676
MLN120B,BA3242R,239.95679,286.2645889
MLN120B,BA3243R,241.1439,178.9402625
MLN120B,BA3249R,245.75034,206.6775545
MLN120B,BA3250R,226.28123,283.1548877
MLN120B,BA3251R,235.27495,255.1799984
MLN120B,BA3258R,234.97058,257.2429315
MLN120B,BA3260R,249.71696,190.905306
MLN120B,BA3261R,246.75734,217.3315857
MLN120B,BA3264R,210.59488,251.9302422
MLN120B,BA3266R,233.24202,223.1629303
MLN120B,BA3268R,240.50809,254.5918685
MLN120B,BA3270R,241.12114,252.5397973
MLN120B,BA3271R,228.72044,220.7300775
MLN120B,BA3273R,237.7545,226.1979952
MLN120B,BA3275R,233.67294,246.2656787
MLN120B,BA3277R,239.71198,229.7857226
MLN120B,BA3283R,238.00012,271.6520677
MLN120B,BA3285R,250.56673,234.4590752
MLN120B,BA3286R,224.52289,211.119057
MLN120B,BA3289R,237.96854,249.7378792
MLN120B,BA3290R,249.93585,270.5038173
MLN120B,BA3293R,242.15186,252.7371796
MLN120B,BA3295R,227.09299,218.2244103
MLN120B,BA3297R,234.22734,72.23292167
MLN120B,BA3299R,235.92339,201.0778556
MLN120B,BA3300R,244.37505,284.6906637
MLN120B,BA3302R,237.8957,286.2645889
MLN120B,BA3305R,243.20155,250.7090377
MLN120B,BA3306R,241.14151,277.8405755
MLN120B,BA3308R,230.2218,240.0614884
MLN120B,BA3310R,228.51132,184.1128299
MLN120B,BA3311R,238.78902,140.9551638
MLN120B,BA3312R,237.73265,262.6308507
MLN120B,BA3317R,238.06065,269.1836455
MLN120B,BA3318R,245.39726,281.8935097
MLN120B,BA3319R,246.02074,250.9626061
MLN120B,BA3324R,240.98515,251.2930167
MLN120B,BA3325R,245.12308,272.694625
MLN120B,BA3326R,238.97533,280.7247571
MLN120B,BA3328R,239.22864,240.0322404
MLN120B,BA3332R,231.9625,225.793064
MLN120B,BA3333R,240.27441,279.0635334
MLN120B,BA3334R,237.64348,242.3991704
MLN120B,BA3341R,244.38914,283.5206461
MLN120B,BA3345R,233.59988,258.963421
MLN120B,BA3347R,245.72073,226.9451641
MLN120B,BA3351R,249.89107,256.6464294
MLN120B,BA3352R,240.26874,266.6977987
MLN120B,BA3353R,237.32938,266.2067718
MLN120B,BA3357R,242.5764,266.5802971
MLN120B,BA3362R,247.85458,261.4213091
MLN120B,BA3367R,241.0629,265.0155523
MLN120B,BA3369R,229.38826,285.5942907
MLN120B,BA3373R,255.31454,267.3220793
MLN120B,BA3374R,240.0043,273.5499725
MLN120B,BA3375R,223.6432,217.9321241
MLN120B,BA3379R,235.39491,258.3568232
MLN120B,BA3380R,239.07304,250.6310735
MLN120B,BA3381R,234.5774,233.326009
MLN120B,BA3384R,235.80563,285.8736123
MLN120B,BA3385R,230.02989,257.5869879
MLN120B,BA3386R,233.658,257.8486978
MLN120B,BA3388R,251.23738,244.2143959
MLN120B,BA3390R,238.80676,277.8575377
MLN120B,BA3394R,244.88336,255.5067367
MLN120B,BA3397R,238.29099,198.2112553
MLN120B,BA3399R,245.9575,228.5213057
MLN120B,BA3400R,245.85327,264.5666935
MLN120B,BA3403R,241.89673,282.3609037
MLN120B,BA3406R,234.82777,286.0814657
MLN120B,BA3411R,250.34189,266.8327495
MLN120B,BA3412R,245.9625,278.6809084
MLN120B,BA3415R,245.47252,232.08987
MLN120B,BA3416R,249.34552,286.2645889
MLN120B,BA3417R,231.05591,223.8601663
MLN120B,BA3418R,246.94757,214.7301171
MLN120B,BA3421R,235.80301,246.2180462
MLN120B,BA3422R,243.90466,251.6310326
MLN120B,BA3423R,243.53006,218.346662
MLN120B,BA3431R,241.5664,225.9718968
MLN120B,BA3433R,241.13274,231.8630243
MLN120B,BA3434R,243.52713,243.2761101
MLN120B,BA3438R,240.53004,261.5145035
MLN120B,BA3445R,240.8822,286.0105052
MLN120B,BA3446R,230.39352,244.378033
MLN120B,BA3449R,245.71707,271.4468924
MLN120B,BA3451R,240.32274,244.6803042
MLN120B,BA3452R,238.78128,236.4050512
MLN120B,BA3454R,236.77367,286.2645889
MLN8054,BA3078R,248.88573,276.5222128
MLN8054,BA3079R,257.50995,209.9045271
MLN8054,BA3084R,237.00201,151.1184972
MLN8054,BA3087R,248.82184,280.6697115
MLN8054,BA3089R,251.6618,267.5600627
MLN8054,BA3094R,246.69887,249.9708656
MLN8054,BA3098R,256.74194,265.1828416
MLN8054,BA3099R,255.05627,174.0015694
MLN8054,BA3110R,252.79971,244.0791402
MLN8054,BA3114R,252.41507,222.1434867
MLN8054,BA3117R,249.84886,285.6431115
MLN8054,BA3118R,261.68967,233.3585267
MLN8054,BA3119R,239.80687,201.1866279
MLN8054,BA3126R,261.8706,265.8537419
MLN8054,BA3128R,250.14142,267.3318902
MLN8054,BA3130R,261.071,242.6647808
MLN8054,BA3133R,260.34195,253.6318376
MLN8054,BA3135R,241.9725,8.09E-09
MLN8054,BA3137R,256.88538,253.9055417
MLN8054,BA3138R,265.46713,267.510585
MLN8054,BA3139R,253.24419,132.9699443
MLN8054,BA3145R,253.3878,264.9913928
MLN8054,BA3146R,253.56589,252.4748233
MLN8054,BA3152R,255.71518,228.9268616
MLN8054,BA3153R,254.85597,266.7157418
MLN8054,BA3154R,249.11526,256.8917243
MLN8054,BA3157R,244.64133,236.926809
MLN8054,BA3158R,244.82607,208.6437878
MLN8054,BA3162R,259.27158,281.2398189
MLN8054,BA3163R,261.9186,254.0319081
MLN8054,BA3164R,253.67476,266.8944029
MLN8054,BA3167R,255.25494,233.5350505
MLN8054,BA3169R,262.00607,286.3279433
MLN8054,BA3171R,261.83972,259.4632282
MLN8054,BA3174R,263.1889,268.0630808
MLN8054,BA3175R,263.33273,281.8602261
MLN8054,BA3177R,255.0034,280.0853484
MLN8054,BA3181R,263.9916,280.9014562
MLN8054,BA3182R,255.19508,262.48395
MLN8054,BA3183R,251.21556,270.7435727
MLN8054,BA3185R,249.14896,253.9774622
MLN8054,BA3186R,255.52182,272.3416573
MLN8054,BA3187R,257.17148,283.0554843
MLN8054,BA3189R,252.34856,245.6718702
MLN8054,BA3190R,260.35455,267.0968505
MLN8054,BA3191R,260.79086,285.4443882
MLN8054,BA3192R,245.87616,205.0645756
MLN8054,BA3195R,257.55963,246.6307504
MLN8054,BA3197R,234.2288,286.3279433
MLN8054,BA3199R,248.965,217.4073559
MLN8054,BA3200R,247.47359,123.6212362
MLN8054,BA3203R,258.9719,253.989392
MLN8054,BA3206R,246.7854,235.7227275
MLN8054,BA3207R,268.20255,205.0822708
MLN8054,BA3208R,256.31357,230.7725939
MLN8054,BA3210R,264.68222,192.3067126
MLN8054,BA3212R,254.34747,257.2101979
MLN8054,BA3213R,257.06998,276.2167706
MLN8054,BA3214R,262.35504,255.1813937
MLN8054,BA3216R,254.90009,269.4736329
MLN8054,BA3217R,248.87576,94.83107448
MLN8054,BA3219R,258.61203,237.9606941
MLN8054,BA3222R,252.59923,233.5532435
MLN8054,BA3225R,257.79672,262.7334462
MLN8054,BA3226R,253.82553,285.6909271
MLN8054,BA3227R,243.22511,179.1486113
MLN8054,BA3228R,260.89398,234.6551517
MLN8054,BA3229R,261.25998,220.6757214
MLN8054,BA3232R,253.72626,269.3676213
MLN8054,BA3235R,263.6535,271.0815414
MLN8054,BA3240R,249.61209,224.9220029
MLN8054,BA3242R,256.7523,259.7310858
MLN8054,BA3243R,258.60345,183.5501179
MLN8054,BA3250R,254.46532,286.3279433
MLN8054,BA3251R,255.71909,212.3917752
MLN8054,BA3258R,259.9378,285.7519486
MLN8054,BA3260R,263.81122,272.6821149
MLN8054,BA3261R,255.36221,214.8095789
MLN8054,BA3264R,237.09357,252.2729841
MLN8054,BA3266R,253.73524,256.7781772
MLN8054,BA3268R,251.76161,274.4133724
MLN8054,BA3270R,259.26566,259.0052501
MLN8054,BA3271R,255.22699,228.2766393
MLN8054,BA3273R,251.36685,285.1564624
MLN8054,BA3275R,247.03871,217.1198934
MLN8054,BA3277R,255.65472,230.4582755
MLN8054,BA3283R,259.6664,278.9658595
MLN8054,BA3285R,253.7328,207.6391103
MLN8054,BA3286R,250.29625,256.2401935
MLN8054,BA3289R,261.08218,262.8093242
MLN8054,BA3290R,259.64865,244.5005825
MLN8054,BA3293R,250.51718,242.7192878
MLN8054,BA3295R,252.9133,280.3240367
MLN8054,BA3297R,253.947,252.6460604
MLN8054,BA3299R,257.02875,269.3590886
MLN8054,BA3300R,253.69928,228.3079571
MLN8054,BA3302R,252.01785,274.0828198
MLN8054,BA3305R,258.05737,260.2890903
MLN8054,BA3306R,246.99562,267.216714
MLN8054,BA3308R,248.5271,185.4235966
MLN8054,BA3310R,238.9601,159.72078
MLN8054,BA3312R,251.03436,228.3619443
MLN8054,BA3317R,244.46692,175.9809334
MLN8054,BA3319R,267.19025,273.5800373
MLN8054,BA3324R,258.91986,245.9817474
MLN8054,BA3325R,259.54684,236.1462592
MLN8054,BA3326R,260.02335,263.0984963
MLN8054,BA3328R,251.65744,279.5597301
MLN8054,BA3332R,246.0177,228.3505817
MLN8054,BA3333R,250.01335,261.2299597
MLN8054,BA3334R,255.65428,278.5169268
MLN8054,BA3341R,256.2939,208.1319136
MLN8054,BA3345R,260.6602,242.7024642
MLN8054,BA3347R,263.36044,261.4196932
MLN8054,BA3351R,253.94167,242.2276459
MLN8054,BA3352R,249.67831,221.2828249
MLN8054,BA3353R,244.28944,242.2450539
MLN8054,BA3357R,251.72299,268.4873403
MLN8054,BA3362R,260.05106,271.9809193
MLN8054,BA3367R,258.29947,274.9813382
MLN8054,BA3369R,256.4288,286.2697158
MLN8054,BA3373R,261.19055,259.0975961
MLN8054,BA3374R,255.46674,284.421453
MLN8054,BA3376R,252.77536,268.6989308
MLN8054,BA3379R,251.99037,224.6928414
MLN8054,BA3380R,250.92584,242.0898936
MLN8054,BA3381R,254.78471,256.2352069
MLN8054,BA3384R,254.66933,285.68831
MLN8054,BA3385R,254.526,285.2276121
MLN8054,BA3386R,251.80147,254.6407105
MLN8054,BA3388R,264.92435,35.72434091
MLN8054,BA3390R,262.41052,286.0426353
MLN8054,BA3394R,260.10632,260.8776035
MLN8054,BA3397R,252.78119,185.4393343
MLN8054,BA3399R,262.82306,254.7518991
MLN8054,BA3400R,254.69272,260.7297289
MLN8054,BA3403R,258.5299,246.031071
MLN8054,BA3406R,251.31702,286.3279433
MLN8054,BA3411R,260.26965,234.6185176
MLN8054,BA3412R,256.16052,283.1216037
MLN8054,BA3415R,254.5142,226.1752586
MLN8054,BA3416R,248.82295,232.4634987
MLN8054,BA3417R,255.1415,279.3168222
MLN8054,BA3418R,260.3105,153.6131733
MLN8054,BA3421R,257.9342,277.2703147
MLN8054,BA3422R,245.88614,261.1622283
MLN8054,BA3423R,244.2208,215.3502953
MLN8054,BA3431R,262.1895,284.3212742
MLN8054,BA3433R,247.53569,219.331686
MLN8054,BA3434R,259.41962,228.469997
MLN8054,BA3438R,253.37372,194.0767562
MLN8054,BA3445R,250.62445,275.3984781
MLN8054,BA3446R,255.12416,232.5907655
MLN8054,BA3449R,255.81252,247.9211382
MLN8054,BA3451R,265.68176,254.3931969
MLN8054,BA3452R,257.6894,285.7637077
MLN8054,BA3454R,253.98428,275.0125425
Masitinib (AB-1010),BA3078R,184.05779,171.2652923
Masitinib (AB-1010),BA3079R,189.44504,213.8036963
Masitinib (AB-1010),BA3083R,184.74869,158.905957
Masitinib (AB-1010),BA3084R,187.03395,215.6343633
Masitinib (AB-1010),BA3087R,219.77841,272.2061451
Masitinib (AB-1010),BA3089R,212.89024,261.8583943
Masitinib (AB-1010),BA3094R,204.10242,202.3998179
Masitinib (AB-1010),BA3098R,180.6274,145.2986472
Masitinib (AB-1010),BA3099R,186.07256,184.6776916
Masitinib (AB-1010),BA3110R,193.77835,212.8480361
Masitinib (AB-1010),BA3114R,194.602,187.9882246
Masitinib (AB-1010),BA3117R,207.9149,195.3837421
Masitinib (AB-1010),BA3118R,196.27156,265.82891
Masitinib (AB-1010),BA3119R,202.34238,286.3279433
Masitinib (AB-1010),BA3126R,211.7465,186.961927
Masitinib (AB-1010),BA3128R,201.69913,189.2419322
Masitinib (AB-1010),BA3130R,231.64087,177.125008
Masitinib (AB-1010),BA3133R,236.50175,219.5505509
Masitinib (AB-1010),BA3135R,192.82428,189.5249279
Masitinib (AB-1010),BA3137R,182.17412,217.1298939
Masitinib (AB-1010),BA3138R,221.54005,236.1436254
Masitinib (AB-1010),BA3139R,239.07176,136.0536367
Masitinib (AB-1010),BA3145R,220.89082,206.3199699
Masitinib (AB-1010),BA3146R,165.71884,156.5620705
Masitinib (AB-1010),BA3152R,192.41553,127.7905326
Masitinib (AB-1010),BA3153R,204.02274,138.935572
Masitinib (AB-1010),BA3154R,220.19246,227.473085
Masitinib (AB-1010),BA3157R,197.94023,276.1011726
Masitinib (AB-1010),BA3158R,180.10858,100.7153814
Masitinib (AB-1010),BA3162R,196.80394,214.3132637
Masitinib (AB-1010),BA3163R,205.87805,242.6119244
Masitinib (AB-1010),BA3164R,203.954,246.8834405
Masitinib (AB-1010),BA3167R,199.8385,128.3960782
Masitinib (AB-1010),BA3169R,210.81947,128.9218595
Masitinib (AB-1010),BA3171R,231.54126,269.1217529
Masitinib (AB-1010),BA3174R,198.7223,166.1512937
Masitinib (AB-1010),BA3175R,201.8964,242.3160403
Masitinib (AB-1010),BA3181R,216.53549,203.8533101
Masitinib (AB-1010),BA3182R,184.59608,140.8519905
Masitinib (AB-1010),BA3183R,203.92245,193.6494602
Masitinib (AB-1010),BA3185R,180.26196,143.8157752
Masitinib (AB-1010),BA3186R,229.573,253.5227383
Masitinib (AB-1010),BA3187R,204.49965,210.6569886
Masitinib (AB-1010),BA3189R,218.10567,268.3241006
Masitinib (AB-1010),BA3190R,221.71306,212.4574458
Masitinib (AB-1010),BA3191R,193.10222,215.2050267
Masitinib (AB-1010),BA3192R,207.45587,203.9333763
Masitinib (AB-1010),BA3195R,196.10146,195.9354078
Masitinib (AB-1010),BA3197R,188.89597,286.3279433
Masitinib (AB-1010),BA3200R,217.82616,180.5927096
Masitinib (AB-1010),BA3203R,207.92473,242.2516836
Masitinib (AB-1010),BA3207R,223.06009,214.6095044
Masitinib (AB-1010),BA3208R,200.97586,204.3006147
Masitinib (AB-1010),BA3210R,215.05031,221.4324886
Masitinib (AB-1010),BA3212R,232.10527,238.6681528
Masitinib (AB-1010),BA3213R,179.68336,156.3879202
Masitinib (AB-1010),BA3214R,224.69495,258.0350688
Masitinib (AB-1010),BA3216R,192.90047,110.5920778
Masitinib (AB-1010),BA3217R,196.17783,161.4536375
Masitinib (AB-1010),BA3219R,201.06451,248.8963139
Masitinib (AB-1010),BA3222R,223.53537,221.5357369
Masitinib (AB-1010),BA3225R,207.82982,207.6728259
Masitinib (AB-1010),BA3226R,209.14998,254.5250197
Masitinib (AB-1010),BA3227R,206.1203,110.8442278
Masitinib (AB-1010),BA3228R,191.43094,200.0688518
Masitinib (AB-1010),BA3229R,210.92136,264.7181664
Masitinib (AB-1010),BA3230R,228.92828,140.2165653
Masitinib (AB-1010),BA3232R,195.2944,262.1188016
Masitinib (AB-1010),BA3235R,201.37477,227.4308573
Masitinib (AB-1010),BA3240R,221.35245,82.03072291
Masitinib (AB-1010),BA3242R,201.74606,248.0621164
Masitinib (AB-1010),BA3243R,195.52219,178.4357659
Masitinib (AB-1010),BA3249R,224.94571,218.3136678
Masitinib (AB-1010),BA3250R,184.70316,255.970008
Masitinib (AB-1010),BA3251R,183.1355,192.1702809
Masitinib (AB-1010),BA3258R,194.51385,263.4131829
Masitinib (AB-1010),BA3260R,225.52177,224.5884825
Masitinib (AB-1010),BA3261R,227.12128,201.5302576
Masitinib (AB-1010),BA3264R,168.60277,217.3826288
Masitinib (AB-1010),BA3266R,186.81076,148.0533775
Masitinib (AB-1010),BA3268R,215.11813,214.4636477
Masitinib (AB-1010),BA3270R,201.07175,180.4974681
Masitinib (AB-1010),BA3271R,172.00241,159.8632836
Masitinib (AB-1010),BA3273R,218.56435,127.4341459
Masitinib (AB-1010),BA3275R,198.20074,224.8328375
Masitinib (AB-1010),BA3277R,198.61198,222.8992413
Masitinib (AB-1010),BA3283R,187.59554,218.4326134
Masitinib (AB-1010),BA3285R,238.87973,187.5016303
Masitinib (AB-1010),BA3286R,174.10182,166.6039214
Masitinib (AB-1010),BA3289R,190.94034,221.5121897
Masitinib (AB-1010),BA3290R,227.56717,230.2110864
Masitinib (AB-1010),BA3293R,215.8282,245.3676568
Masitinib (AB-1010),BA3295R,184.36409,173.5806991
Masitinib (AB-1010),BA3297R,190.39934,31.6003525
Masitinib (AB-1010),BA3299R,190.46164,170.6300305
Masitinib (AB-1010),BA3300R,218.27022,286.3279433
Masitinib (AB-1010),BA3302R,204.44507,216.5579577
Masitinib (AB-1010),BA3305R,206.19745,254.5211507
Masitinib (AB-1010),BA3306R,208.93375,224.6789085
Masitinib (AB-1010),BA3308R,192.15738,269.7678966
Masitinib (AB-1010),BA3310R,191.83516,221.1692757
Masitinib (AB-1010),BA3312R,202.91547,260.4194588
Masitinib (AB-1010),BA3317R,212.24277,102.2333871
Masitinib (AB-1010),BA3318R,220.83617,71.29666158
Masitinib (AB-1010),BA3319R,229.66559,218.5605186
Masitinib (AB-1010),BA3324R,203.37393,150.5489255
Masitinib (AB-1010),BA3325R,204.66971,199.9900229
Masitinib (AB-1010),BA3326R,209.37889,224.6316467
Masitinib (AB-1010),BA3328R,204.39728,201.6469329
Masitinib (AB-1010),BA3332R,199.5893,163.381515
Masitinib (AB-1010),BA3333R,199.6739,236.8113915
Masitinib (AB-1010),BA3334R,197.88919,184.1845194
Masitinib (AB-1010),BA3341R,219.50385,215.9341975
Masitinib (AB-1010),BA3345R,186.8842,148.3377056
Masitinib (AB-1010),BA3347R,209.22835,213.5934633
Masitinib (AB-1010),BA3351R,233.1946,284.9510621
Masitinib (AB-1010),BA3352R,209.82259,260.1047223
Masitinib (AB-1010),BA3353R,211.3084,240.7897237
Masitinib (AB-1010),BA3357R,212.83337,255.4488688
Masitinib (AB-1010),BA3362R,227.79526,226.5063753
Masitinib (AB-1010),BA3367R,211.13922,150.7191369
Masitinib (AB-1010),BA3369R,176.76886,275.3784587
Masitinib (AB-1010),BA3373R,241.097,282.3152737
Masitinib (AB-1010),BA3374R,213.04288,188.8608422
Masitinib (AB-1010),BA3375R,184.48576,206.1393543
Masitinib (AB-1010),BA3379R,196.80592,206.6904947
Masitinib (AB-1010),BA3380R,196.60652,190.9956016
Masitinib (AB-1010),BA3381R,192.59196,211.4393756
Masitinib (AB-1010),BA3384R,193.22923,253.0353704
Masitinib (AB-1010),BA3385R,178.85233,230.9185528
Masitinib (AB-1010),BA3386R,181.9308,237.5646324
Masitinib (AB-1010),BA3388R,219.93161,231.5559915
Masitinib (AB-1010),BA3390R,200.63885,283.2205232
Masitinib (AB-1010),BA3394R,204.82587,255.3235555
Masitinib (AB-1010),BA3397R,205.28938,175.2629532
Masitinib (AB-1010),BA3399R,211.03516,264.3672596
Masitinib (AB-1010),BA3400R,224.14365,243.7151783
Masitinib (AB-1010),BA3403R,210.35469,223.3518641
Masitinib (AB-1010),BA3406R,196.89215,233.3969885
Masitinib (AB-1010),BA3411R,225.65623,232.3433893
Masitinib (AB-1010),BA3412R,224.14551,267.1958702
Masitinib (AB-1010),BA3415R,230.85269,220.4924115
Masitinib (AB-1010),BA3416R,232.84758,286.0456742
Masitinib (AB-1010),BA3417R,186.96614,120.2446331
Masitinib (AB-1010),BA3418R,215.65125,194.3748009
Masitinib (AB-1010),BA3421R,183.95406,210.8214897
Masitinib (AB-1010),BA3422R,216.48141,233.5515643
Masitinib (AB-1010),BA3423R,217.91676,199.2679875
Masitinib (AB-1010),BA3431R,191.5706,232.8060401
Masitinib (AB-1010),BA3433R,206.34193,251.2003168
Masitinib (AB-1010),BA3434R,210.5212,239.9853408
Masitinib (AB-1010),BA3438R,209.73535,194.7604495
Masitinib (AB-1010),BA3445R,213.57399,211.7547517
Masitinib (AB-1010),BA3446R,185.99863,205.3195158
Masitinib (AB-1010),BA3449R,213.1636,263.3148408
Masitinib (AB-1010),BA3451R,203.4892,225.1997524
Masitinib (AB-1010),BA3452R,198.25844,232.2082663
Masitinib (AB-1010),BA3454R,192.91324,205.3345328
NVP-ADW742,BA3078R,211.74951,219.9479463
NVP-ADW742,BA3079R,222.14323,226.307555
NVP-ADW742,BA3084R,183.22833,207.5493025
NVP-ADW742,BA3087R,215.53482,262.0318503
NVP-ADW742,BA3089R,211.23212,253.5565389
NVP-ADW742,BA3094R,205.73076,281.9217098
NVP-ADW742,BA3098R,223.87444,213.4035503
NVP-ADW742,BA3110R,219.86562,183.4977722
NVP-ADW742,BA3114R,221.66353,208.5207556
NVP-ADW742,BA3117R,222.07263,177.3918964
NVP-ADW742,BA3118R,229.14365,227.0602897
NVP-ADW742,BA3119R,196.76018,286.3279433
NVP-ADW742,BA3126R,241.1444,188.3730652
NVP-ADW742,BA3128R,209.98834,231.6158189
NVP-ADW742,BA3130R,245.4286,233.6287049
NVP-ADW742,BA3133R,225.58856,209.5093907
NVP-ADW742,BA3135R,192.38397,70.93361387
NVP-ADW742,BA3137R,226.74475,263.217473
NVP-ADW742,BA3138R,229.76646,249.4243416
NVP-ADW742,BA3139R,218.39555,216.1689263
NVP-ADW742,BA3145R,216.08334,156.4823818
NVP-ADW742,BA3146R,215.5493,167.7074427
NVP-ADW742,BA3152R,227.48616,179.4920608
NVP-ADW742,BA3153R,218.61807,241.0312
NVP-ADW742,BA3154R,214.20786,154.027586
NVP-ADW742,BA3157R,203.07991,260.4817871
NVP-ADW742,BA3158R,204.66762,173.4785355
NVP-ADW742,BA3162R,227.04868,225.8137597
NVP-ADW742,BA3163R,243.36269,260.3132639
NVP-ADW742,BA3164R,199.08284,190.6899662
NVP-ADW742,BA3167R,221.7676,177.947211
NVP-ADW742,BA3169R,231.32614,229.7752483
NVP-ADW742,BA3171R,227.6953,264.5561463
NVP-ADW742,BA3174R,230.13383,187.5779876
NVP-ADW742,BA3175R,236.36102,233.1050557
NVP-ADW742,BA3177R,212.02576,269.2812237
NVP-ADW742,BA3181R,232.49738,205.5146078
NVP-ADW742,BA3182R,228.31056,251.4106435
NVP-ADW742,BA3183R,217.55681,267.3958794
NVP-ADW742,BA3185R,207.58739,161.5730635
NVP-ADW742,BA3186R,221.8075,189.7791396
NVP-ADW742,BA3187R,224.20074,230.4308896
NVP-ADW742,BA3189R,217.3285,265.8109272
NVP-ADW742,BA3190R,222.65097,145.1706755
NVP-ADW742,BA3191R,234.02475,133.5412674
NVP-ADW742,BA3192R,201.41472,213.8582436
NVP-ADW742,BA3195R,221.73877,216.2862399
NVP-ADW742,BA3197R,172.47343,196.3615451
NVP-ADW742,BA3199R,216.40439,236.7022362
NVP-ADW742,BA3200R,206.03249,211.82531
NVP-ADW742,BA3203R,222.7092,230.5248407
NVP-ADW742,BA3206R,218.11168,176.5983158
NVP-ADW742,BA3208R,217.88297,195.5958489
NVP-ADW742,BA3210R,226.3231,140.5448641
NVP-ADW742,BA3212R,225.08867,194.7183777
NVP-ADW742,BA3213R,226.61766,229.7481982
NVP-ADW742,BA3214R,228.24498,235.6582978
NVP-ADW742,BA3216R,218.41664,214.3135178
NVP-ADW742,BA3217R,198.62917,138.1361587
NVP-ADW742,BA3219R,236.3875,101.8039181
NVP-ADW742,BA3222R,223.95529,257.2232714
NVP-ADW742,BA3225R,236.35312,218.8649806
NVP-ADW742,BA3226R,209.95416,223.2984921
NVP-ADW742,BA3227R,194.47108,203.2246159
NVP-ADW742,BA3228R,230.89784,254.5323254
NVP-ADW742,BA3229R,227.74223,191.3120272
NVP-ADW742,BA3232R,221.33131,234.7490748
NVP-ADW742,BA3235R,243.8936,255.1592448
NVP-ADW742,BA3240R,203.73291,151.7527586
NVP-ADW742,BA3242R,225.28802,254.0688491
NVP-ADW742,BA3243R,226.52794,171.6997638
NVP-ADW742,BA3249R,215.57529,281.8891731
NVP-ADW742,BA3250R,225.67032,227.419793
NVP-ADW742,BA3251R,219.61093,201.04563
NVP-ADW742,BA3258R,235.66437,283.3113357
NVP-ADW742,BA3260R,227.39247,223.4752984
NVP-ADW742,BA3261R,226.72507,255.2374544
NVP-ADW742,BA3264R,178.89178,195.5054081
NVP-ADW742,BA3266R,216.61946,147.6880979
NVP-ADW742,BA3268R,214.07404,269.3394294
NVP-ADW742,BA3270R,230.0045,244.6205843
NVP-ADW742,BA3271R,217.96167,162.7444332
NVP-ADW742,BA3273R,215.59155,140.9283681
NVP-ADW742,BA3275R,202.34726,156.2773386
NVP-ADW742,BA3277R,219.92714,243.3771721
NVP-ADW742,BA3283R,226.65245,96.16427433
NVP-ADW742,BA3285R,218.56917,267.05688
NVP-ADW742,BA3286R,217.90938,201.2759134
NVP-ADW742,BA3289R,227.76266,204.9818105
NVP-ADW742,BA3290R,225.1459,199.6540679
NVP-ADW742,BA3293R,201.71252,134.7043636
NVP-ADW742,BA3295R,224.30301,240.2844779
NVP-ADW742,BA3297R,221.45093,262.6992646
NVP-ADW742,BA3299R,225.14908,157.5182057
NVP-ADW742,BA3300R,221.19301,274.6339769
NVP-ADW742,BA3302R,221.71211,248.162139
NVP-ADW742,BA3305R,224.66098,150.6597001
NVP-ADW742,BA3306R,203.4151,120.4688574
NVP-ADW742,BA3308R,211.44435,193.812811
NVP-ADW742,BA3310R,194.10806,211.8808311
NVP-ADW742,BA3312R,224.87453,261.9235515
NVP-ADW742,BA3317R,208.31108,201.1403496
NVP-ADW742,BA3318R,223.12729,185.1024541
NVP-ADW742,BA3319R,251.63013,98.16590779
NVP-ADW742,BA3324R,226.08235,230.4336389
NVP-ADW742,BA3326R,234.90926,254.4687517
NVP-ADW742,BA3328R,209.2876,203.4819205
NVP-ADW742,BA3332R,206.62454,267.7210179
NVP-ADW742,BA3333R,209.92996,252.6647827
NVP-ADW742,BA3334R,221.67914,197.5740459
NVP-ADW742,BA3341R,220.36858,214.9011433
NVP-ADW742,BA3345R,227.13704,235.1199523
NVP-ADW742,BA3347R,236.32784,282.3695554
NVP-ADW742,BA3351R,220.45572,169.4523808
NVP-ADW742,BA3352R,210.0455,180.7209435
NVP-ADW742,BA3353R,208.64185,270.1424441
NVP-ADW742,BA3357R,220.44447,191.3552064
NVP-ADW742,BA3362R,227.13873,239.0368083
NVP-ADW742,BA3367R,227.37094,245.9844888
NVP-ADW742,BA3369R,222.6398,286.3279433
NVP-ADW742,BA3373R,231.95995,278.0996533
NVP-ADW742,BA3374R,224.4757,252.4929119
NVP-ADW742,BA3375R,183.50714,188.3761384
NVP-ADW742,BA3376R,203.25018,180.5782168
NVP-ADW742,BA3379R,223.5444,199.2949589
NVP-ADW742,BA3380R,202.36649,203.8827572
NVP-ADW742,BA3381R,225.53154,220.3327433
NVP-ADW742,BA3384R,218.66743,216.1131678
NVP-ADW742,BA3385R,223.23735,254.8882808
NVP-ADW742,BA3386R,196.23714,146.4138544
NVP-ADW742,BA3388R,230.07857,219.7819281
NVP-ADW742,BA3390R,240.81448,249.8507809
NVP-ADW742,BA3394R,232.5496,243.8234016
NVP-ADW742,BA3397R,218.95454,213.8300018
NVP-ADW742,BA3399R,224.65291,199.6598112
NVP-ADW742,BA3400R,217.56285,239.6822809
NVP-ADW742,BA3403R,224.82654,217.5521049
NVP-ADW742,BA3406R,204.81888,169.4039525
NVP-ADW742,BA3411R,226.25644,218.9812524
NVP-ADW742,BA3412R,218.26846,286.3279433
NVP-ADW742,BA3415R,224.55565,246.4380476
NVP-ADW742,BA3416R,223.81332,8.09E-09
NVP-ADW742,BA3417R,225.5493,245.0764354
NVP-ADW742,BA3418R,223.30174,212.2844874
NVP-ADW742,BA3421R,223.13028,221.5209081
NVP-ADW742,BA3422R,205.08041,226.8036783
NVP-ADW742,BA3423R,200.78455,216.6298968
NVP-ADW742,BA3431R,229.6583,43.88587062
NVP-ADW742,BA3433R,207.31775,242.477557
NVP-ADW742,BA3434R,227.96411,266.4024226
NVP-ADW742,BA3438R,214.60225,147.1646446
NVP-ADW742,BA3445R,215.57326,42.6916774
NVP-ADW742,BA3446R,222.87025,272.8395234
NVP-ADW742,BA3449R,225.20126,71.57491467
NVP-ADW742,BA3451R,247.537,278.5785205
NVP-ADW742,BA3452R,221.38354,228.327852
NVP-ADW742,BA3454R,206.75002,168.677183
NVP-TAE684,BA3078R,180.89653,171.3565532
NVP-TAE684,BA3079R,189.88016,187.8562602
NVP-TAE684,BA3083R,190.19426,179.7382931
NVP-TAE684,BA3084R,164.24483,125.3315549
NVP-TAE684,BA3087R,198.26997,243.7256224
NVP-TAE684,BA3089R,184.24255,263.201326
NVP-TAE684,BA3094R,191.69891,190.285874
NVP-TAE684,BA3098R,186.54352,234.0569649
NVP-TAE684,BA3099R,175.09969,79.85211937
NVP-TAE684,BA3110R,189.99785,170.5941809
NVP-TAE684,BA3114R,198.77728,129.8652004
NVP-TAE684,BA3117R,199.21123,284.446507
NVP-TAE684,BA3118R,202.15398,286.3279433
NVP-TAE684,BA3126R,227.2185,181.3333173
NVP-TAE684,BA3128R,181.53488,184.9244241
NVP-TAE684,BA3130R,243.69641,274.9859865
NVP-TAE684,BA3133R,227.05504,253.9073277
NVP-TAE684,BA3135R,164.18677,55.6571749
NVP-TAE684,BA3137R,191.04562,210.2398526
NVP-TAE684,BA3138R,226.92644,206.4339639
NVP-TAE684,BA3139R,208.49672,86.7883266
NVP-TAE684,BA3145R,195.60489,55.07929633
NVP-TAE684,BA3146R,163.83786,171.2667418
NVP-TAE684,BA3152R,205.3928,190.5634573
NVP-TAE684,BA3153R,196.5804,190.0060501
NVP-TAE684,BA3154R,199.92804,141.8947332
NVP-TAE684,BA3157R,169.82143,231.1185186
NVP-TAE684,BA3158R,169.54929,113.724989
NVP-TAE684,BA3162R,203.97305,229.6493613
NVP-TAE684,BA3163R,228.08687,236.9543572
NVP-TAE684,BA3164R,167.46407,148.9717131
NVP-TAE684,BA3167R,201.13136,112.349738
NVP-TAE684,BA3169R,220.4732,83.52307474
NVP-TAE684,BA3171R,227.77261,219.6860867
NVP-TAE684,BA3174R,208.57504,171.9732475
NVP-TAE684,BA3175R,214.65775,227.5039623
NVP-TAE684,BA3177R,169.6625,176.6762288
NVP-TAE684,BA3181R,224.37672,251.1364047
NVP-TAE684,BA3182R,194.2491,182.5489319
NVP-TAE684,BA3183R,197.35095,166.1376558
NVP-TAE684,BA3185R,175.04504,158.7695167
NVP-TAE684,BA3186R,211.74495,199.5384617
NVP-TAE684,BA3187R,206.94194,236.4602786
NVP-TAE684,BA3189R,200.01651,193.0084397
NVP-TAE684,BA3190R,217.59474,168.2519967
NVP-TAE684,BA3191R,203.62146,144.6907636
NVP-TAE684,BA3192R,174.57964,170.3316279
NVP-TAE684,BA3195R,195.66037,200.6136816
NVP-TAE684,BA3197R,148.86089,196.9946149
NVP-TAE684,BA3199R,181.8315,192.2161152
NVP-TAE684,BA3200R,184.79988,124.2303134
NVP-TAE684,BA3203R,209.77083,236.244864
NVP-TAE684,BA3207R,236.07985,250.1580328
NVP-TAE684,BA3208R,187.28146,158.3984435
NVP-TAE684,BA3210R,221.25189,174.8326575
NVP-TAE684,BA3211R,173.95105,141.9252619
NVP-TAE684,BA3212R,214.60332,232.0675379
NVP-TAE684,BA3213R,186.55354,177.9524858
NVP-TAE684,BA3214R,209.528,259.8531837
NVP-TAE684,BA3216R,188.85747,133.175027
NVP-TAE684,BA3217R,162.51465,102.6446536
NVP-TAE684,BA3219R,219.35051,152.0683805
NVP-TAE684,BA3222R,214.11987,252.1240008
NVP-TAE684,BA3225R,223.38498,156.8426041
NVP-TAE684,BA3226R,182.766,233.1448482
NVP-TAE684,BA3227R,171.6091,47.07633592
NVP-TAE684,BA3228R,198.85303,147.5753509
NVP-TAE684,BA3229R,219.1402,67.95324353
NVP-TAE684,BA3230R,225.92484,92.34690166
NVP-TAE684,BA3232R,195.99239,232.0216163
NVP-TAE684,BA3235R,222.43411,208.3051485
NVP-TAE684,BA3240R,185.27194,50.2299396
NVP-TAE684,BA3242R,206.6202,202.48193
NVP-TAE684,BA3243R,199.97418,114.2219767
NVP-TAE684,BA3249R,198.3278,251.3440941
NVP-TAE684,BA3251R,182.38219,168.4094086
NVP-TAE684,BA3258R,212.11394,260.9192186
NVP-TAE684,BA3260R,229.87695,265.8902546
NVP-TAE684,BA3261R,223.25427,180.6907357
NVP-TAE684,BA3264R,138.34251,175.4091939
NVP-TAE684,BA3266R,188.18097,141.7408107
NVP-TAE684,BA3268R,196.66075,206.6200031
NVP-TAE684,BA3270R,209.332,178.9869566
NVP-TAE684,BA3271R,176.54518,120.145686
NVP-TAE684,BA3273R,206.29507,185.115788
NVP-TAE684,BA3275R,173.83725,112.7242965
NVP-TAE684,BA3277R,202.10155,156.215614
NVP-TAE684,BA3283R,189.49875,206.6789895
NVP-TAE684,BA3285R,209.34456,140.3468942
NVP-TAE684,BA3286R,175.14848,176.3825308
NVP-TAE684,BA3289R,205.88132,253.05578
NVP-TAE684,BA3290R,225.37251,234.702647
NVP-TAE684,BA3293R,173.11382,146.0771513
NVP-TAE684,BA3295R,192.99088,257.8382422
NVP-TAE684,BA3297R,195.76819,33.38725499
NVP-TAE684,BA3299R,201.99728,206.808552
NVP-TAE684,BA3300R,201.15178,215.4125965
NVP-TAE684,BA3302R,198.54597,216.1920429
NVP-TAE684,BA3305R,207.86047,200.8624266
NVP-TAE684,BA3306R,177.7233,85.44296341
NVP-TAE684,BA3308R,184.10085,205.5769743
NVP-TAE684,BA3310R,166.1663,114.8405513
NVP-TAE684,BA3311R,206.70898,121.8382993
NVP-TAE684,BA3312R,199.92686,209.0514812
NVP-TAE684,BA3317R,182.4189,41.79345287
NVP-TAE684,BA3318R,208.54662,75.43777261
NVP-TAE684,BA3319R,242.6588,243.4533269
NVP-TAE684,BA3324R,208.71938,138.6978745
NVP-TAE684,BA3325R,202.43939,213.0149309
NVP-TAE684,BA3328R,191.0075,159.2776944
NVP-TAE684,BA3332R,179.86554,161.1256686
NVP-TAE684,BA3333R,185.86362,175.6211803
NVP-TAE684,BA3334R,202.99857,183.3019714
NVP-TAE684,BA3341R,210.27957,196.3994764
NVP-TAE684,BA3345R,198.14575,178.5001013
NVP-TAE684,BA3347R,221.25252,271.8225273
NVP-TAE684,BA3351R,206.89308,187.249645
NVP-TAE684,BA3352R,183.86311,93.21105595
NVP-TAE684,BA3353R,188.62006,154.2932228
NVP-TAE684,BA3357R,200.29427,191.191211
NVP-TAE684,BA3362R,217.58073,209.8314546
NVP-TAE684,BA3367R,215.15193,264.5380319
NVP-TAE684,BA3369R,181.21437,266.2238266
NVP-TAE684,BA3373R,224.9635,243.717017
NVP-TAE684,BA3374R,208.96088,286.3279433
NVP-TAE684,BA3375R,155.97404,104.6566965
NVP-TAE684,BA3379R,193.91158,217.8340049
NVP-TAE684,BA3380R,168.3094,230.164557
NVP-TAE684,BA3381R,201.92003,212.7637415
NVP-TAE684,BA3384R,189.53662,256.0882034
NVP-TAE684,BA3386R,153.80727,201.336589
NVP-TAE684,BA3388R,224.75127,203.7330433
NVP-TAE684,BA3390R,219.71083,269.320456
NVP-TAE684,BA3394R,207.89803,224.9780573
NVP-TAE684,BA3397R,196.75356,114.5807303
NVP-TAE684,BA3399R,217.9446,260.0435513
NVP-TAE684,BA3400R,204.08916,212.5456093
NVP-TAE684,BA3403R,212.35582,274.4700741
NVP-TAE684,BA3406R,171.38644,178.358591
NVP-TAE684,BA3411R,226.15778,223.7330387
NVP-TAE684,BA3412R,207.83566,286.2856769
NVP-TAE684,BA3415R,221.16977,185.8194311
NVP-TAE684,BA3416R,211.79297,285.4083397
NVP-TAE684,BA3417R,189.09993,212.3848374
NVP-TAE684,BA3418R,208.11084,133.5607248
NVP-TAE684,BA3421R,198.30797,186.4615665
NVP-TAE684,BA3422R,185.1518,178.0815147
NVP-TAE684,BA3423R,178.43321,174.0644312
NVP-TAE684,BA3431R,203.62004,228.7017932
NVP-TAE684,BA3433R,184.09724,178.1453807
NVP-TAE684,BA3434R,212.48657,188.2271795
NVP-TAE684,BA3438R,194.24893,117.0151657
NVP-TAE684,BA3445R,195.48454,188.9423657
NVP-TAE684,BA3446R,194.22972,214.0978797
NVP-TAE684,BA3449R,206.98154,248.2272863
NVP-TAE684,BA3451R,229.11232,251.0273263
NVP-TAE684,BA3452R,195.68515,205.4573128
NVP-TAE684,BA3454R,169.61676,230.7536592
Neratinib (HKI-272),BA3078R,143.99216,86.0214941
Neratinib (HKI-272),BA3079R,146.78969,113.1182509
Neratinib (HKI-272),BA3083R,154.12984,171.1173185
Neratinib (HKI-272),BA3084R,142.45369,195.0034595
Neratinib (HKI-272),BA3087R,162.7647,170.7276265
Neratinib (HKI-272),BA3089R,147.05667,178.2084086
Neratinib (HKI-272),BA3094R,160.11426,146.290419
Neratinib (HKI-272),BA3098R,148.97534,220.0947934
Neratinib (HKI-272),BA3099R,139.49915,144.6328844
Neratinib (HKI-272),BA3110R,153.622,175.6782316
Neratinib (HKI-272),BA3114R,163.71806,93.01469586
Neratinib (HKI-272),BA3117R,154.73775,93.02818145
Neratinib (HKI-272),BA3119R,143.59183,224.0829566
Neratinib (HKI-272),BA3126R,195.56163,161.3013286
Neratinib (HKI-272),BA3128R,144.56464,112.4836196
Neratinib (HKI-272),BA3130R,216.54294,233.5203689
Neratinib (HKI-272),BA3133R,183.75317,166.1564954
Neratinib (HKI-272),BA3135R,142.04498,109.2994691
Neratinib (HKI-272),BA3137R,150.2985,107.039721
Neratinib (HKI-272),BA3138R,183.46645,85.50225172
Neratinib (HKI-272),BA3139R,171.391,73.24192518
Neratinib (HKI-272),BA3145R,159.05681,48.41446565
Neratinib (HKI-272),BA3146R,122.93967,133.2168237
Neratinib (HKI-272),BA3152R,170.90842,172.085426
Neratinib (HKI-272),BA3153R,157.37006,138.7560617
Neratinib (HKI-272),BA3154R,166.64307,134.9023052
Neratinib (HKI-272),BA3157R,139.36163,119.8030534
Neratinib (HKI-272),BA3158R,136.8587,82.09922458
Neratinib (HKI-272),BA3162R,165.33163,183.1276085
Neratinib (HKI-272),BA3163R,197.08609,145.8743749
Neratinib (HKI-272),BA3164R,135.5023,155.2738294
Neratinib (HKI-272),BA3167R,165.40302,157.2141375
Neratinib (HKI-272),BA3169R,186.27376,155.5826192
Neratinib (HKI-272),BA3171R,185.00052,152.0042317
Neratinib (HKI-272),BA3174R,168.82616,120.3578708
Neratinib (HKI-272),BA3175R,172.10281,111.9803485
Neratinib (HKI-272),BA3177R,137.6498,235.3123358
Neratinib (HKI-272),BA3181R,178.58806,183.2341524
Neratinib (HKI-272),BA3182R,160.45364,103.7636076
Neratinib (HKI-272),BA3183R,156.44055,162.8293639
Neratinib (HKI-272),BA3185R,139.25487,107.9665165
Neratinib (HKI-272),BA3186R,173.6561,129.1877819
Neratinib (HKI-272),BA3187R,170.08453,173.4235932
Neratinib (HKI-272),BA3189R,158.2379,153.4286424
Neratinib (HKI-272),BA3190R,171.19324,92.21807044
Neratinib (HKI-272),BA3191R,164.63518,106.5302073
Neratinib (HKI-272),BA3192R,147.84125,171.0590658
Neratinib (HKI-272),BA3195R,152.62766,115.5631099
Neratinib (HKI-272),BA3197R,132.60027,147.8635095
Neratinib (HKI-272),BA3199R,141.06226,62.16289546
Neratinib (HKI-272),BA3200R,155.77124,135.9028034
Neratinib (HKI-272),BA3203R,166.64342,202.4462687
Neratinib (HKI-272),BA3207R,201.83936,178.2963362
Neratinib (HKI-272),BA3208R,148.63264,109.6970453
Neratinib (HKI-272),BA3210R,181.80347,154.94116
Neratinib (HKI-272),BA3211R,135.38351,92.77252948
Neratinib (HKI-272),BA3212R,174.17902,227.2695305
Neratinib (HKI-272),BA3213R,150.80156,196.1264228
Neratinib (HKI-272),BA3214R,161.94917,151.7752013
Neratinib (HKI-272),BA3217R,136.57532,124.4315533
Neratinib (HKI-272),BA3219R,190.065,120.3454147
Neratinib (HKI-272),BA3222R,177.2255,256.9832504
Neratinib (HKI-272),BA3225R,194.92085,267.9204093
Neratinib (HKI-272),BA3226R,147.23286,126.0373448
Neratinib (HKI-272),BA3227R,147.95413,151.1374124
Neratinib (HKI-272),BA3228R,155.10507,168.3060676
Neratinib (HKI-272),BA3230R,181.44781,122.6743798
Neratinib (HKI-272),BA3232R,153.32175,206.7760322
Neratinib (HKI-272),BA3235R,193.24886,205.9097133
Neratinib (HKI-272),BA3240R,156.48851,145.9824921
Neratinib (HKI-272),BA3242R,161.48682,267.8748245
Neratinib (HKI-272),BA3243R,155.45407,79.50985045
Neratinib (HKI-272),BA3249R,164.05423,190.1140134
Neratinib (HKI-272),BA3250R,161.88306,279.9230315
Neratinib (HKI-272),BA3251R,145.73703,144.9550744
Neratinib (HKI-272),BA3260R,190.69324,161.5408286
Neratinib (HKI-272),BA3261R,182.23183,154.4435994
Neratinib (HKI-272),BA3264R,128.14636,159.0056482
Neratinib (HKI-272),BA3266R,147.58002,102.7226876
Neratinib (HKI-272),BA3268R,160.54381,178.5224964
Neratinib (HKI-272),BA3270R,168.37505,229.9649869
Neratinib (HKI-272),BA3271R,135.77106,147.2613389
Neratinib (HKI-272),BA3273R,173.22089,174.6358748
Neratinib (HKI-272),BA3275R,142.98645,141.03839
Neratinib (HKI-272),BA3277R,165.43974,160.9313232
Neratinib (HKI-272),BA3283R,146.04173,144.9822264
Neratinib (HKI-272),BA3285R,170.39105,180.5669842
Neratinib (HKI-272),BA3286R,137.91663,163.0745296
Neratinib (HKI-272),BA3289R,169.86072,249.9716802
Neratinib (HKI-272),BA3290R,182.75189,196.3033511
Neratinib (HKI-272),BA3293R,149.29509,159.5972551
Neratinib (HKI-272),BA3295R,163.42522,144.8133672
Neratinib (HKI-272),BA3297R,158.69705,85.55857245
Neratinib (HKI-272),BA3299R,166.89738,161.4175872
Neratinib (HKI-272),BA3300R,158.17242,226.7584862
Neratinib (HKI-272),BA3302R,151.40659,132.7921579
Neratinib (HKI-272),BA3305R,158.53705,178.1449904
Neratinib (HKI-272),BA3306R,151.32661,157.4556701
Neratinib (HKI-272),BA3308R,140.41551,167.9606894
Neratinib (HKI-272),BA3310R,140.1616,136.4624335
Neratinib (HKI-272),BA3311R,165.23308,86.48104898
Neratinib (HKI-272),BA3312R,157.43907,74.29189718
Neratinib (HKI-272),BA3317R,148.63892,243.631914
Neratinib (HKI-272),BA3318R,170.55304,123.119556
Neratinib (HKI-272),BA3319R,215.10518,137.6246618
Neratinib (HKI-272),BA3324R,164.46431,240.5621984
Neratinib (HKI-272),BA3326R,185.57922,189.5487599
Neratinib (HKI-272),BA3328R,158.38113,123.6161482
Neratinib (HKI-272),BA3332R,143.46545,107.0745429
Neratinib (HKI-272),BA3333R,153.86623,181.9299177
Neratinib (HKI-272),BA3334R,166.0675,115.8762186
Neratinib (HKI-272),BA3341R,174.79807,154.7414251
Neratinib (HKI-272),BA3345R,159.86798,129.0864173
Neratinib (HKI-272),BA3347R,187.12878,97.5902946
Neratinib (HKI-272),BA3351R,179.04883,216.6645981
Neratinib (HKI-272),BA3352R,156.17613,132.030894
Neratinib (HKI-272),BA3353R,154.39828,83.05081953
Neratinib (HKI-272),BA3357R,155.26007,97.83454512
Neratinib (HKI-272),BA3362R,183.00693,220.5506853
Neratinib (HKI-272),BA3367R,178.10072,247.3513821
Neratinib (HKI-272),BA3369R,142.83466,148.6537171
Neratinib (HKI-272),BA3373R,171.27612,170.2091736
Neratinib (HKI-272),BA3374R,172.56314,242.7274167
Neratinib (HKI-272),BA3375R,136.86609,140.382401
Neratinib (HKI-272),BA3379R,150.96117,197.8186328
Neratinib (HKI-272),BA3380R,133.49797,153.3890548
Neratinib (HKI-272),BA3381R,167.79837,168.2090901
Neratinib (HKI-272),BA3384R,145.15515,141.0710244
Neratinib (HKI-272),BA3385R,146.49252,271.9710026
Neratinib (HKI-272),BA3386R,125.66911,124.191583
Neratinib (HKI-272),BA3388R,182.78484,161.6978472
Neratinib (HKI-272),BA3390R,185.8883,87.82296695
Neratinib (HKI-272),BA3394R,157.53247,119.5295186
Neratinib (HKI-272),BA3397R,153.41745,134.2192362
Neratinib (HKI-272),BA3399R,178.99721,196.3239086
Neratinib (HKI-272),BA3400R,175.51146,122.693406
Neratinib (HKI-272),BA3403R,171.16347,278.1778106
Neratinib (HKI-272),BA3406R,135.30838,109.3369267
Neratinib (HKI-272),BA3411R,183.12251,182.597099
Neratinib (HKI-272),BA3412R,177.4071,238.5170763
Neratinib (HKI-272),BA3415R,177.48383,210.9033197
Neratinib (HKI-272),BA3416R,174.22864,210.2544025
Neratinib (HKI-272),BA3417R,147.91353,150.8121266
Neratinib (HKI-272),BA3418R,165.34572,159.7491509
Neratinib (HKI-272),BA3421R,157.87999,173.6902736
Neratinib (HKI-272),BA3422R,159.81348,231.6496478
Neratinib (HKI-272),BA3423R,152.45316,124.4307972
Neratinib (HKI-272),BA3431R,165.18538,162.5087648
Neratinib (HKI-272),BA3433R,155.86882,160.9188024
Neratinib (HKI-272),BA3434R,169.51247,156.9146302
Neratinib (HKI-272),BA3438R,155.27962,157.6108527
Neratinib (HKI-272),BA3445R,160.83368,105.7154202
Neratinib (HKI-272),BA3446R,150.83789,202.3792939
Neratinib (HKI-272),BA3449R,165.41217,190.519833
Neratinib (HKI-272),BA3451R,196.12885,236.5916093
Neratinib (HKI-272),BA3452R,153.36377,117.0642392
Neratinib (HKI-272),BA3454R,135.94298,138.1226895
PD173955,BA3078R,185.47853,114.2950124
PD173955,BA3083R,175.62407,113.0778716
PD173955,BA3084R,206.4232,139.820032
PD173955,BA3087R,228.19307,221.1910454
PD173955,BA3089R,222.07802,198.091965
PD173955,BA3094R,223.17302,247.5338331
PD173955,BA3098R,167.11963,77.69596925
PD173955,BA3099R,178.75824,98.9710167
PD173955,BA3110R,200.75404,106.2417755
PD173955,BA3114R,187.28654,81.28136471
PD173955,BA3117R,211.23329,286.3279433
PD173955,BA3118R,200.18626,211.8289505
PD173955,BA3119R,219.27446,153.2415512
PD173955,BA3126R,214.61905,101.1522472
PD173955,BA3128R,211.5829,143.3313009
PD173955,BA3130R,228.8984,177.9822202
PD173955,BA3133R,220.02145,161.4826109
PD173955,BA3135R,208.17543,6.312797294
PD173955,BA3137R,178.0717,227.4941265
PD173955,BA3138R,211.27113,215.4598682
PD173955,BA3139R,237.70975,140.1518624
PD173955,BA3145R,235.16374,99.09308922
PD173955,BA3146R,141.95331,122.6330094
PD173955,BA3153R,204.8138,124.36264
PD173955,BA3154R,226.55078,59.45291617
PD173955,BA3157R,212.41205,262.3177636
PD173955,BA3158R,184.83752,44.21588905
PD173955,BA3162R,190.4241,212.8646146
PD173955,BA3164R,211.49957,110.0806397
PD173955,BA3167R,205.98096,63.31097678
PD173955,BA3169R,210.72137,116.9952176
PD173955,BA3171R,225.26668,209.4482269
PD173955,BA3175R,198.40988,262.3198082
PD173955,BA3177R,164.09636,101.1710625
PD173955,BA3181R,210.45233,195.9463623
PD173955,BA3182R,177.58107,104.4603883
PD173955,BA3183R,204.28781,217.8328596
PD173955,BA3185R,190.22528,51.42426533
PD173955,BA3186R,220.54857,163.256525
PD173955,BA3187R,200.2384,112.8698636
PD173955,BA3189R,221.50325,157.479524
PD173955,BA3190R,215.70267,236.5191172
PD173955,BA3191R,190.07487,235.4901205
PD173955,BA3192R,226.57874,111.8261708
PD173955,BA3195R,189.62744,144.5688024
PD173955,BA3197R,212.78804,286.3279433
PD173955,BA3199R,176.05464,252.2493296
PD173955,BA3200R,228.00984,202.744027
PD173955,BA3203R,197.16507,191.1199966
PD173955,BA3206R,217.70624,196.6738054
PD173955,BA3207R,232.73459,286.3279433
PD173955,BA3208R,200.2293,70.7853128
PD173955,BA3210R,197.59859,113.5361912
PD173955,BA3211R,181.94496,151.9748788
PD173955,BA3212R,230.6048,205.6324491
PD173955,BA3213R,174.22113,156.7464367
PD173955,BA3214R,220.047,277.7950241
PD173955,BA3216R,204.71236,84.38825185
PD173955,BA3217R,211.21657,72.07479358
PD173955,BA3222R,230.2809,230.2904513
PD173955,BA3226R,215.78899,202.6909929
PD173955,BA3227R,217.84138,234.5827161
PD173955,BA3228R,176.15103,171.9966282
PD173955,BA3229R,203.84195,113.8920233
PD173955,BA3230R,220.74529,282.8433995
PD173955,BA3232R,192.80519,214.0234968
PD173955,BA3235R,201.17297,146.3201199
PD173955,BA3240R,227.43988,35.02171061
PD173955,BA3242R,195.26067,171.0572824
PD173955,BA3243R,191.4471,192.3697633
PD173955,BA3249R,235.49637,266.9148544
PD173955,BA3250R,191.0034,274.5633878
PD173955,BA3258R,201.47903,177.3284511
PD173955,BA3260R,212.8227,182.508486
PD173955,BA3261R,224.16727,192.9666081
PD173955,BA3264R,171.72667,102.4767046
PD173955,BA3266R,177.17036,63.45769267
PD173955,BA3268R,215.97194,173.4670218
PD173955,BA3270R,198.80048,222.4439428
PD173955,BA3271R,152.5615,53.93249263
PD173955,BA3273R,225.3636,258.7968162
PD173955,BA3275R,206.13136,125.9018364
PD173955,BA3277R,197.8483,162.5978317
PD173955,BA3283R,188.65935,84.17062367
PD173955,BA3285R,235.24767,252.3403703
PD173955,BA3286R,158.28943,127.4675077
PD173955,BA3289R,171.57687,177.6488501
PD173955,BA3290R,216.55869,102.1984485
PD173955,BA3293R,223.49178,246.5407132
PD173955,BA3295R,183.91518,241.6639627
PD173955,BA3297R,187.89505,184.5752923
PD173955,BA3300R,220.44843,204.264952
PD173955,BA3302R,198.72949,155.7078395
PD173955,BA3305R,205.7217,286.3279433
PD173955,BA3306R,231.92534,87.16047955
PD173955,BA3308R,194.9878,161.8903558
PD173955,BA3310R,209.76749,99.09328852
PD173955,BA3311R,184.85353,46.31762032
PD173955,BA3312R,204.31091,179.6572292
PD173955,BA3317R,225.60913,123.4200946
PD173955,BA3318R,216.5087,6.969187641
PD173955,BA3319R,230.5653,173.1308402
PD173955,BA3324R,194.21474,139.9641707
PD173955,BA3326R,221.21886,286.3279433
PD173955,BA3328R,210.93535,215.2165097
PD173955,BA3332R,211.20631,130.4093488
PD173955,BA3333R,211.65518,219.8764087
PD173955,BA3334R,188.65822,128.8136634
PD173955,BA3341R,218.19911,177.8917328
PD173955,BA3345R,171.22649,78.00989501
PD173955,BA3351R,234.1922,180.9291996
PD173955,BA3352R,221.8753,156.93067
PD173955,BA3353R,226.82483,38.62895026
PD173955,BA3357R,222.00534,137.991644
PD173955,BA3362R,235.70465,220.8150115
PD173955,BA3367R,210.3613,153.2489841
PD173955,BA3373R,233.4571,222.5187933
PD173955,BA3374R,227.78061,247.331493
PD173955,BA3375R,207.42706,221.4608232
PD173955,BA3376R,192.55185,158.039071
PD173955,BA3379R,198.37398,233.3120193
PD173955,BA3380R,208.08093,122.2304056
PD173955,BA3381R,184.44403,225.5031535
PD173955,BA3384R,194.38205,248.595573
PD173955,BA3385R,167.15053,154.2574916
PD173955,BA3386R,182.00021,176.6712352
PD173955,BA3388R,209.7361,194.6192166
PD173955,BA3390R,210.65399,245.593834
PD173955,BA3394R,198.54597,285.1249649
PD173955,BA3397R,202.37234,135.2742265
PD173955,BA3399R,195.76001,127.9679816
PD173955,BA3400R,232.27173,232.2928412
PD173955,BA3403R,225.4666,276.3664828
PD173955,BA3406R,205.62059,263.0413744
PD173955,BA3411R,220.17851,215.661596
PD173955,BA3412R,235.4285,261.4267955
PD173955,BA3415R,226.78407,179.5968307
PD173955,BA3416R,245.5747,286.3279433
PD173955,BA3417R,189.63846,53.76365262
PD173955,BA3418R,206.55067,141.8142686
PD173955,BA3421R,166.05421,122.0287162
PD173955,BA3422R,240.7068,247.4474747
PD173955,BA3423R,236.83717,148.5778427
PD173955,BA3431R,174.33563,120.7654667
PD173955,BA3433R,225.13765,185.174308
PD173955,BA3434R,205.32898,270.4307279
PD173955,BA3438R,215.70084,120.1033518
PD173955,BA3445R,216.68723,131.0184566
PD173955,BA3446R,182.82921,245.3571212
PD173955,BA3449R,211.75076,235.1007712
PD173955,BA3451R,211.19049,261.3651127
PD173955,BA3452R,192.98607,97.56998475
PD173955,BA3454R,187.76292,278.2001421
PHA-665752,BA3078R,208.20293,94.22331378
PHA-665752,BA3079R,217.98804,206.2951463
PHA-665752,BA3083R,217.21506,234.5329795
PHA-665752,BA3084R,192.82175,172.8723038
PHA-665752,BA3089R,207.88431,199.854766
PHA-665752,BA3094R,216.1728,209.3825373
PHA-665752,BA3098R,216.30836,247.2534338
PHA-665752,BA3099R,208.74937,143.2022143
PHA-665752,BA3110R,214.13492,233.5835124
PHA-665752,BA3114R,217.07762,167.6977181
PHA-665752,BA3117R,213.42064,286.3279433
PHA-665752,BA3118R,227.04778,53.41304963
PHA-665752,BA3119R,194.55188,203.750591
PHA-665752,BA3126R,245.10957,203.1230489
PHA-665752,BA3128R,205.1246,195.2348892
PHA-665752,BA3130R,248.40855,286.3279433
PHA-665752,BA3133R,238.08109,216.2491138
PHA-665752,BA3135R,191.91953,99.20340847
PHA-665752,BA3137R,217.70267,229.6094495
PHA-665752,BA3138R,242.33755,233.9209379
PHA-665752,BA3139R,227.3843,138.5374985
PHA-665752,BA3145R,213.9496,129.5797503
PHA-665752,BA3146R,205.89084,265.1546137
PHA-665752,BA3152R,229.75966,171.4819899
PHA-665752,BA3153R,217.22818,213.4256269
PHA-665752,BA3154R,213.40622,184.6193456
PHA-665752,BA3157R,198.95096,183.406296
PHA-665752,BA3158R,198.44298,183.3837581
PHA-665752,BA3162R,227.84209,235.5310226
PHA-665752,BA3163R,245.60571,249.5198836
PHA-665752,BA3164R,202.41824,176.1401951
PHA-665752,BA3167R,224.61546,161.6670455
PHA-665752,BA3169R,238.34258,158.5601337
PHA-665752,BA3171R,239.75716,230.2448584
PHA-665752,BA3174R,234.25728,192.1036271
PHA-665752,BA3175R,238.29463,210.9008045
PHA-665752,BA3177R,209.84407,200.4339317
PHA-665752,BA3181R,241.62769,246.0038631
PHA-665752,BA3182R,223.86298,220.2383584
PHA-665752,BA3183R,212.95383,198.8103406
PHA-665752,BA3185R,205.69194,185.4131362
PHA-665752,BA3186R,228.54875,244.0832372
PHA-665752,BA3187R,224.04544,219.8446653
PHA-665752,BA3189R,215.50784,180.3111293
PHA-665752,BA3190R,229.8515,133.7889975
PHA-665752,BA3191R,230.1228,222.5119092
PHA-665752,BA3192R,202.14867,200.7116761
PHA-665752,BA3195R,214.53293,231.5151715
PHA-665752,BA3197R,180.89546,248.721987
PHA-665752,BA3199R,208.33826,275.620964
PHA-665752,BA3200R,207.82544,104.6881904
PHA-665752,BA3203R,225.3698,211.4802734
PHA-665752,BA3207R,249.72449,280.0296638
PHA-665752,BA3208R,211.74706,165.1928386
PHA-665752,BA3210R,235.9653,154.90178
PHA-665752,BA3211R,204.90364,124.1908644
PHA-665752,BA3212R,228.51105,256.6379976
PHA-665752,BA3213R,219.74115,206.2407086
PHA-665752,BA3214R,230.81128,215.5956373
PHA-665752,BA3216R,216.05595,167.6802611
PHA-665752,BA3217R,195.68712,133.6954684
PHA-665752,BA3222R,229.6857,251.3170289
PHA-665752,BA3225R,237.94908,219.2675474
PHA-665752,BA3226R,208.84222,207.9428801
PHA-665752,BA3227R,197.9816,140.4785013
PHA-665752,BA3228R,229.1827,270.334875
PHA-665752,BA3229R,235.19154,51.50858493
PHA-665752,BA3230R,236.01482,185.0211328
PHA-665752,BA3232R,216.44167,223.310294
PHA-665752,BA3235R,244.9637,278.199773
PHA-665752,BA3240R,208.02414,124.6581785
PHA-665752,BA3242R,222.22055,211.315511
PHA-665752,BA3243R,222.97176,133.6178835
PHA-665752,BA3249R,213.98193,235.0871006
PHA-665752,BA3250R,223.32106,246.071883
PHA-665752,BA3251R,213.53209,230.5786509
PHA-665752,BA3258R,235.87048,266.169328
PHA-665752,BA3260R,242.24294,283.4742269
PHA-665752,BA3261R,230.58565,146.0533224
PHA-665752,BA3264R,183.98907,151.5052146
PHA-665752,BA3266R,212.71155,167.7182045
PHA-665752,BA3268R,214.26363,197.8113411
PHA-665752,BA3270R,229.46385,244.4669181
PHA-665752,BA3271R,213.9154,214.397803
PHA-665752,BA3273R,220.0873,208.4656129
PHA-665752,BA3275R,200.75511,95.77991365
PHA-665752,BA3277R,220.48488,139.1690194
PHA-665752,BA3283R,219.8925,235.7182264
PHA-665752,BA3285R,226.26369,163.7111658
PHA-665752,BA3286R,208.6471,226.4030998
PHA-665752,BA3289R,230.47295,250.7014118
PHA-665752,BA3290R,235.29018,242.512038
PHA-665752,BA3293R,205.52501,183.7507623
PHA-665752,BA3295R,219.55658,235.5482779
PHA-665752,BA3297R,216.95833,52.65073703
PHA-665752,BA3299R,227.10464,250.9862117
PHA-665752,BA3300R,217.46948,260.6932042
PHA-665752,BA3302R,215.07965,239.7274209
PHA-665752,BA3305R,224.09229,206.1421491
PHA-665752,BA3308R,204.62827,204.9604731
PHA-665752,BA3310R,193.46765,124.6599472
PHA-665752,BA3317R,203.15971,63.44729899
PHA-665752,BA3318R,226.32922,148.5329133
PHA-665752,BA3319R,255.16695,251.5830262
PHA-665752,BA3324R,227.6055,236.1627673
PHA-665752,BA3325R,221.07108,226.7863414
PHA-665752,BA3326R,239.65565,218.0511874
PHA-665752,BA3328R,213.29456,208.938142
PHA-665752,BA3332R,202.99727,169.4451566
PHA-665752,BA3333R,209.39566,222.6756279
PHA-665752,BA3334R,221.55817,267.2243393
PHA-665752,BA3341R,222.36401,218.8022185
PHA-665752,BA3345R,226.1131,235.3469609
PHA-665752,BA3347R,241.47289,266.2281749
PHA-665752,BA3351R,230.16197,119.828226
PHA-665752,BA3352R,208.52979,156.6183075
PHA-665752,BA3353R,203.47784,172.95052
PHA-665752,BA3357R,213.4716,101.960894
PHA-665752,BA3362R,237.76839,224.2865455
PHA-665752,BA3367R,232.97348,245.2343255
PHA-665752,BA3369R,215.39096,262.3136193
PHA-665752,BA3374R,231.77939,281.8220647
PHA-665752,BA3375R,188.10933,253.5781886
PHA-665752,BA3379R,214.76143,225.7403263
PHA-665752,BA3380R,198.70044,211.6313778
PHA-665752,BA3381R,225.3338,245.9565227
PHA-665752,BA3384R,216.56955,286.3279433
PHA-665752,BA3385R,213.42451,254.652271
PHA-665752,BA3386R,194.01726,161.7486006
PHA-665752,BA3388R,241.03114,240.2579875
PHA-665752,BA3390R,242.22113,209.8363247
PHA-665752,BA3394R,231.11502,283.8607466
PHA-665752,BA3397R,216.75302,156.8866788
PHA-665752,BA3399R,232.80453,260.6319586
PHA-665752,BA3400R,222.19489,226.4150335
PHA-665752,BA3403R,232.93304,280.8391315
PHA-665752,BA3406R,201.29034,164.7698364
PHA-665752,BA3411R,236.29715,271.4376693
PHA-665752,BA3412R,229.99113,270.3151497
PHA-665752,BA3416R,221.93526,245.1061903
PHA-665752,BA3417R,219.69542,201.751861
PHA-665752,BA3418R,225.15952,142.2766142
PHA-665752,BA3421R,225.1054,229.3458699
PHA-665752,BA3422R,205.19113,186.9733257
PHA-665752,BA3423R,200.9347,151.078379
PHA-665752,BA3431R,229.69398,230.9853298
PHA-665752,BA3433R,205.33072,181.44494
PHA-665752,BA3434R,227.6492,192.0174378
PHA-665752,BA3438R,216.00653,179.3018583
PHA-665752,BA3445R,215.24513,215.436616
PHA-665752,BA3446R,219.9136,258.7148902
PHA-665752,BA3449R,226.81253,262.3136193
PHA-665752,BA3451R,249.00557,257.5804
PHA-665752,BA3452R,216.70714,217.4568466
PHA-665752,BA3454R,204.00847,260.9193942
PHT-427,BA3078R,266.183,238.9867006
PHT-427,BA3079R,272.0701,243.171566
PHT-427,BA3083R,272.6161,286.3279433
PHT-427,BA3084R,267.70654,286.3279433
PHT-427,BA3087R,270.67014,263.290019
PHT-427,BA3089R,276.03986,285.1535579
PHT-427,BA3094R,268.07764,283.8285238
PHT-427,BA3098R,271.28455,210.6560534
PHT-427,BA3099R,274.47174,280.2003102
PHT-427,BA3110R,270.29938,198.121801
PHT-427,BA3114R,273.81735,204.8530398
PHT-427,BA3117R,274.65958,281.8051712
PHT-427,BA3119R,276.9891,285.450208
PHT-427,BA3126R,262.85464,241.7113725
PHT-427,BA3128R,275.38736,286.3279433
PHT-427,BA3130R,255.7515,237.5724818
PHT-427,BA3133R,276.81793,286.3279433
PHT-427,BA3135R,275.86868,286.3279433
PHT-427,BA3137R,271.3634,187.6984322
PHT-427,BA3138R,277.84375,270.0949203
PHT-427,BA3139R,271.19406,286.3279433
PHT-427,BA3145R,277.05347,282.8226681
PHT-427,BA3146R,270.04083,235.3367778
PHT-427,BA3152R,268.33206,266.7884208
PHT-427,BA3153R,271.35318,255.7305251
PHT-427,BA3154R,268.01852,286.3279433
PHT-427,BA3157R,271.7626,286.3098096
PHT-427,BA3158R,265.29108,267.84916
PHT-427,BA3162R,269.75464,279.6465303
PHT-427,BA3163R,265.60995,237.3545353
PHT-427,BA3164R,274.21802,255.3052992
PHT-427,BA3167R,267.25623,218.3619374
PHT-427,BA3169R,270.11496,198.7538327
PHT-427,BA3171R,277.9571,266.3206387
PHT-427,BA3174R,271.86597,277.7220466
PHT-427,BA3175R,271.1226,211.2156925
PHT-427,BA3177R,263.3907,212.5363027
PHT-427,BA3181R,275.16013,65.49296255
PHT-427,BA3182R,265.1601,176.8482345
PHT-427,BA3183R,276.75967,268.2639025
PHT-427,BA3185R,270.74188,55.33519538
PHT-427,BA3186R,274.27826,283.2772286
PHT-427,BA3187R,274.64172,286.2839261
PHT-427,BA3189R,275.5839,283.6381363
PHT-427,BA3190R,276.90958,270.2771311
PHT-427,BA3191R,270.32428,223.9555437
PHT-427,BA3192R,273.8582,277.8598683
PHT-427,BA3195R,275.0879,286.3279433
PHT-427,BA3199R,269.42725,264.5422226
PHT-427,BA3200R,277.311,285.5242184
PHT-427,BA3203R,276.40784,285.1231853
PHT-427,BA3206R,272.973,281.2355275
PHT-427,BA3207R,272.40524,210.0859203
PHT-427,BA3208R,277.14423,272.0732425
PHT-427,BA3210R,275.23618,285.0586529
PHT-427,BA3211R,269.13654,245.5824231
PHT-427,BA3212R,273.11307,273.3795472
PHT-427,BA3213R,271.51514,285.8904267
PHT-427,BA3214R,275.52985,214.6933941
PHT-427,BA3216R,275.41595,286.3279433
PHT-427,BA3217R,275.52124,286.3279433
PHT-427,BA3219R,263.90414,228.6339732
PHT-427,BA3222R,269.35876,270.0733236
PHT-427,BA3225R,263.2051,198.1356399
PHT-427,BA3226R,277.00308,212.6940474
PHT-427,BA3227R,275.2606,286.3279433
PHT-427,BA3228R,272.59262,256.769499
PHT-427,BA3229R,275.32434,272.1751199
PHT-427,BA3232R,275.041,280.0729415
PHT-427,BA3235R,270.8821,284.6207475
PHT-427,BA3240R,273.4044,286.3095869
PHT-427,BA3242R,276.01108,285.5294016
PHT-427,BA3243R,273.83618,201.9339026
PHT-427,BA3249R,274.52017,276.1465909
PHT-427,BA3250R,263.24142,283.6871048
PHT-427,BA3251R,272.9955,229.6574324
PHT-427,BA3260R,275.39545,271.0789282
PHT-427,BA3261R,276.33298,286.3279433
PHT-427,BA3264R,267.9481,274.9323677
PHT-427,BA3266R,275.53528,241.1055602
PHT-427,BA3268R,275.15585,278.188081
PHT-427,BA3270R,274.75256,262.0118321
PHT-427,BA3271R,270.51782,271.4644408
PHT-427,BA3273R,266.68954,223.6919953
PHT-427,BA3275R,274.97708,286.2325804
PHT-427,BA3277R,275.77975,286.3279433
PHT-427,BA3283R,271.4974,259.9826187
PHT-427,BA3285R,272.04437,286.3279433
PHT-427,BA3286R,268.20688,286.3279433
PHT-427,BA3289R,268.27902,258.566818
PHT-427,BA3290R,277.9264,257.2739777
PHT-427,BA3293R,275.55875,279.5651892
PHT-427,BA3295R,267.91748,258.3331958
PHT-427,BA3297R,275.47427,267.2447344
PHT-427,BA3299R,270.60388,281.2665828
PHT-427,BA3300R,274.1086,251.2117602
PHT-427,BA3302R,274.2983,215.1464962
PHT-427,BA3305R,274.1259,278.8039567
PHT-427,BA3306R,277.3784,277.8846314
PHT-427,BA3308R,271.1746,286.3279433
PHT-427,BA3310R,275.71024,285.3624783
PHT-427,BA3312R,273.5413,233.7962516
PHT-427,BA3317R,273.5129,286.3279433
PHT-427,BA3319R,269.24313,263.2196917
PHT-427,BA3324R,272.9804,230.0492175
PHT-427,BA3325R,275.56342,284.015241
PHT-427,BA3326R,263.01965,235.7866442
PHT-427,BA3328R,277.5919,285.3627023
PHT-427,BA3332R,274.2113,286.3279433
PHT-427,BA3333R,278.12857,286.3279433
PHT-427,BA3334R,273.25833,204.5248531
PHT-427,BA3341R,277.17737,286.3279433
PHT-427,BA3345R,272.1261,103.5859635
PHT-427,BA3347R,273.8519,227.1504516
PHT-427,BA3351R,274.0545,286.3279433
PHT-427,BA3352R,276.5967,274.6887191
PHT-427,BA3353R,274.9982,285.3259865
PHT-427,BA3357R,275.08856,284.16513
PHT-427,BA3362R,272.92715,286.3279433
PHT-427,BA3367R,270.44086,258.4727798
PHT-427,BA3369R,264.63138,280.2947002
PHT-427,BA3373R,275.06,286.3279433
PHT-427,BA3374R,269.14188,266.936904
PHT-427,BA3376R,278.0698,156.893231
PHT-427,BA3379R,271.88052,286.3279433
PHT-427,BA3380R,274.92993,286.3279433
PHT-427,BA3381R,271.06842,228.2708032
PHT-427,BA3384R,273.93634,227.7613679
PHT-427,BA3385R,273.1357,277.8917006
PHT-427,BA3386R,274.4625,240.2362811
PHT-427,BA3388R,277.52863,286.3279433
PHT-427,BA3390R,267.5655,283.1170023
PHT-427,BA3394R,269.97867,272.659896
PHT-427,BA3397R,271.5788,285.061252
PHT-427,BA3400R,275.71136,285.876821
PHT-427,BA3403R,267.83255,283.7198033
PHT-427,BA3406R,274.4788,174.7797493
PHT-427,BA3411R,277.35703,278.2486244
PHT-427,BA3412R,272.46405,284.6586454
PHT-427,BA3415R,273.22083,284.105008
PHT-427,BA3416R,274.02014,226.741188
PHT-427,BA3417R,268.38266,239.1967075
PHT-427,BA3418R,275.3306,281.0664484
PHT-427,BA3421R,268.1843,285.4799022
PHT-427,BA3422R,277.6488,286.3279433
PHT-427,BA3423R,275.3467,236.1685748
PHT-427,BA3431R,273.4183,248.1344086
PHT-427,BA3433R,277.2961,285.4777714
PHT-427,BA3434R,274.6906,282.5358324
PHT-427,BA3438R,272.53452,256.159604
PHT-427,BA3445R,274.67563,194.2710478
PHT-427,BA3446R,269.77176,245.9794116
PHT-427,BA3449R,267.95422,273.0954258
PHT-427,BA3451R,270.51202,274.3735575
PHT-427,BA3452R,273.4325,182.8140779
PHT-427,BA3454R,277.14716,286.3279433
PLX-4720,BA3230R,240.53517,153.204287
PLX-4720,BA3243R,222.80194,148.1852069
PLX-4720,BA3379R,223.19902,235.3731739
PP242,BA3078R,117.11802,138.0303447
PP242,BA3079R,112.76197,71.50143598
PP242,BA3083R,112.182884,62.14391474
PP242,BA3084R,131.48322,107.5998941
PP242,BA3087R,160.45374,155.2689919
PP242,BA3089R,157.17273,200.5789034
PP242,BA3094R,147.21635,130.6638829
PP242,BA3098R,111.41782,131.6135784
PP242,BA3099R,117.25766,172.9313201
PP242,BA3110R,125.083046,98.34158974
PP242,BA3114R,126.63607,111.4106194
PP242,BA3117R,162.80434,235.539757
PP242,BA3118R,125.42163,87.33760178
PP242,BA3119R,151.16348,174.7269725
PP242,BA3126R,142.88277,102.518469
PP242,BA3128R,146.6242,123.319833
PP242,BA3130R,171.00076,98.37539287
PP242,BA3133R,171.80789,173.1736232
PP242,BA3135R,131.56003,85.29409732
PP242,BA3137R,112.16222,177.189517
PP242,BA3138R,152.00832,119.5520598
PP242,BA3139R,167.5379,114.655938
PP242,BA3145R,169.74246,133.0548645
PP242,BA3146R,89.3404,93.31993408
PP242,BA3152R,126.20158,101.9020788
PP242,BA3153R,138.97403,96.6139384
PP242,BA3154R,156.58046,42.07478398
PP242,BA3157R,142.8162,150.0594158
PP242,BA3158R,119.0663,6.05668104
PP242,BA3162R,125.376945,130.9729414
PP242,BA3163R,142.67188,131.1116581
PP242,BA3164R,133.7386,171.5755857
PP242,BA3167R,128.08115,38.87186685
PP242,BA3169R,136.63153,92.78611334
PP242,BA3171R,170.26944,190.9654967
PP242,BA3174R,121.755165,101.9223937
PP242,BA3177R,102.488884,74.03520297
PP242,BA3181R,133.32593,93.15478674
PP242,BA3182R,115.848305,105.0911056
PP242,BA3183R,144.10107,163.5310321
PP242,BA3185R,112.81338,72.16878548
PP242,BA3186R,159.12328,140.3552716
PP242,BA3187R,141.55403,133.7934731
PP242,BA3189R,162.54741,137.1380662
PP242,BA3190R,153.49347,105.0659392
PP242,BA3191R,121.63541,61.86971935
PP242,BA3192R,155.1894,105.2368064
PP242,BA3195R,130.15016,130.7642901
PP242,BA3197R,130.49408,223.8788693
PP242,BA3199R,120.148674,52.2926826
PP242,BA3200R,159.29347,98.68067831
PP242,BA3203R,142.26027,178.7663565
PP242,BA3206R,170.06725,142.0895882
PP242,BA3207R,145.84761,134.6032276
PP242,BA3208R,135.4628,94.00198917
PP242,BA3210R,143.3291,104.071888
PP242,BA3211R,114.261894,54.17163755
PP242,BA3212R,167.90413,166.3124412
PP242,BA3213R,111.21463,71.96624429
PP242,BA3214R,156.4386,154.4381489
PP242,BA3216R,132.83002,85.60934443
PP242,BA3217R,134.33528,56.00406639
PP242,BA3219R,141.80125,71.17972624
PP242,BA3222R,157.94225,153.8160091
PP242,BA3225R,152.2734,130.6072868
PP242,BA3226R,148.43246,206.2379993
PP242,BA3227R,147.29384,142.9710022
PP242,BA3228R,115.58021,138.1490183
PP242,BA3229R,148.92557,98.18925472
PP242,BA3230R,165.10768,50.20751872
PP242,BA3232R,130.14162,175.7219499
PP242,BA3235R,132.63373,97.89300676
PP242,BA3240R,158.04192,114.7579843
PP242,BA3242R,139.2164,145.5055343
PP242,BA3243R,126.56197,108.5465106
PP242,BA3249R,169.88278,196.0612485
PP242,BA3250R,116.88049,153.1278301
PP242,BA3251R,118.124405,120.8594447
PP242,BA3258R,120.38077,116.571049
PP242,BA3260R,148.58293,145.873962
PP242,BA3261R,178.03337,182.7933884
PP242,BA3264R,107.90532,168.6167068
PP242,BA3266R,118.79426,39.85701054
PP242,BA3268R,149.2609,146.0661411
PP242,BA3270R,123.26413,78.9412435
PP242,BA3271R,97.177864,101.3372766
PP242,BA3273R,157.5718,163.3716645
PP242,BA3275R,131.04465,72.79508694
PP242,BA3277R,140.27805,152.1664367
PP242,BA3283R,114.361855,117.6559826
PP242,BA3285R,168.52672,106.6099653
PP242,BA3286R,100.85003,135.50194
PP242,BA3289R,117.32014,104.1541387
PP242,BA3290R,164.97444,65.97210779
PP242,BA3293R,147.0227,132.2751394
PP242,BA3295R,124.814316,151.5002812
PP242,BA3297R,122.013145,127.9517959
PP242,BA3299R,115.19486,45.49458944
PP242,BA3300R,158.75258,140.4204982
PP242,BA3302R,148.60445,144.5155745
PP242,BA3305R,130.69226,141.0821199
PP242,BA3306R,154.40257,98.29654538
PP242,BA3308R,131.67714,96.67949337
PP242,BA3310R,141.3243,110.4446474
PP242,BA3311R,114.558464,28.70363062
PP242,BA3312R,148.77136,135.1783419
PP242,BA3317R,162.65479,136.2938955
PP242,BA3318R,149.28807,39.11975038
PP242,BA3319R,162.24574,62.27433786
PP242,BA3324R,132.64491,115.3675591
PP242,BA3326R,139.4266,146.4598233
PP242,BA3328R,131.25221,239.9038904
PP242,BA3332R,142.90518,271.8853242
PP242,BA3333R,145.91998,149.0105651
PP242,BA3334R,128.00504,120.1049586
PP242,BA3341R,165.46317,157.6176066
PP242,BA3345R,113.316956,71.18455574
PP242,BA3347R,135.69374,184.2962421
PP242,BA3351R,160.49252,157.9805645
PP242,BA3352R,152.13289,130.7183095
PP242,BA3353R,168.93549,122.7833301
PP242,BA3357R,166.64702,171.349471
PP242,BA3362R,151.93536,115.9212184
PP242,BA3367R,135.22705,179.7985744
PP242,BA3369R,103.12566,173.6862019
PP242,BA3373R,175.1346,235.2267354
PP242,BA3374R,138.82681,103.0436091
PP242,BA3375R,127.47275,53.15210216
PP242,BA3376R,124.86714,97.11663203
PP242,BA3379R,134.86836,195.9917286
PP242,BA3380R,138.39787,117.7204765
PP242,BA3381R,125.61831,195.875591
PP242,BA3384R,117.07093,159.36577
PP242,BA3385R,107.91074,107.9146579
PP242,BA3386R,111.32879,150.098669
PP242,BA3388R,151.11295,122.1418232
PP242,BA3394R,126.62961,102.758754
PP242,BA3397R,139.15976,87.86683933
PP242,BA3399R,135.0767,125.9550337
PP242,BA3400R,165.38602,188.5700517
PP242,BA3403R,133.25488,93.89984632
PP242,BA3406R,132.04845,162.3403621
PP242,BA3411R,161.85472,173.2040134
PP242,BA3412R,155.2457,208.2116456
PP242,BA3415R,172.62512,99.96390434
PP242,BA3416R,188.50148,8.09E-09
PP242,BA3417R,111.43561,93.2986893
PP242,BA3418R,143.06874,114.5733518
PP242,BA3421R,110.11121,72.26597511
PP242,BA3422R,164.9738,196.0795597
PP242,BA3423R,160.14157,116.3594585
PP242,BA3431R,118.03008,36.36950612
PP242,BA3433R,155.02098,192.9865695
PP242,BA3434R,144.74655,165.3150842
PP242,BA3438R,144.41298,46.23661019
PP242,BA3445R,143.78229,54.4899781
PP242,BA3446R,110.769424,78.36481067
PP242,BA3449R,141.61827,65.66205194
PP242,BA3451R,125.24899,202.614761
PP242,BA3452R,129.55766,89.24022267
PP242,BA3454R,120.032455,131.679096
PRT062607,BA3078R,176.22284,121.4585133
PRT062607,BA3079R,183.69585,137.5275017
PRT062607,BA3083R,179.62738,142.4499322
PRT062607,BA3084R,185.28728,234.3269082
PRT062607,BA3087R,214.48216,227.7943879
PRT062607,BA3089R,206.54413,280.2642313
PRT062607,BA3094R,197.43202,246.090624
PRT062607,BA3098R,175.08649,184.9162001
PRT062607,BA3099R,184.2445,144.4752584
PRT062607,BA3110R,188.69275,233.307681
PRT062607,BA3114R,193.03569,146.9787642
PRT062607,BA3117R,209.14108,286.3279433
PRT062607,BA3118R,188.83478,232.0639487
PRT062607,BA3119R,200.83643,274.8379428
PRT062607,BA3126R,192.41954,198.0676682
PRT062607,BA3128R,196.92606,197.6091169
PRT062607,BA3133R,229.46268,228.1586256
PRT062607,BA3135R,191.93633,200.347073
PRT062607,BA3137R,175.3759,211.0597727
PRT062607,BA3139R,227.43394,212.9393523
PRT062607,BA3145R,213.45477,155.8575557
PRT062607,BA3146R,159.22444,135.9307273
PRT062607,BA3152R,187.14879,148.0987453
PRT062607,BA3153R,199.71933,167.9890267
PRT062607,BA3154R,210.67075,243.8555767
PRT062607,BA3157R,196.14555,252.4767489
PRT062607,BA3158R,179.19792,131.0985902
PRT062607,BA3162R,185.83969,212.937526
PRT062607,BA3163R,193.85345,175.1936698
PRT062607,BA3164R,197.68819,165.5302714
PRT062607,BA3167R,193.96642,162.7171009
PRT062607,BA3169R,200.98524,166.7325278
PRT062607,BA3171R,225.24612,247.6517781
PRT062607,BA3174R,192.12663,99.27577249
PRT062607,BA3175R,192.86919,150.0893939
PRT062607,BA3177R,162.03607,218.3896815
PRT062607,BA3181R,208.1914,205.6247312
PRT062607,BA3182R,172.2111,65.80108131
PRT062607,BA3183R,204.88605,192.0698196
PRT062607,BA3185R,174.03148,202.337354
PRT062607,BA3186R,219.19508,253.5084291
PRT062607,BA3187R,203.68008,193.9365796
PRT062607,BA3189R,211.48563,242.3145135
PRT062607,BA3190R,217.06897,171.2480994
PRT062607,BA3191R,178.37338,116.9094347
PRT062607,BA3192R,198.03583,160.5939412
PRT062607,BA3195R,195.36554,194.2565468
PRT062607,BA3197R,190.94707,259.6661902
PRT062607,BA3199R,184.53494,150.9260479
PRT062607,BA3200R,210.30925,123.9164389
PRT062607,BA3203R,205.07578,221.5714797
PRT062607,BA3207R,203.65039,151.0413083
PRT062607,BA3208R,198.3665,210.2469823
PRT062607,BA3210R,209.9057,241.6251359
PRT062607,BA3212R,222.76056,247.7596368
PRT062607,BA3213R,171.35391,147.427652
PRT062607,BA3214R,216.1648,220.3275671
PRT062607,BA3216R,189.61012,186.3426479
PRT062607,BA3217R,186.82661,194.5285779
PRT062607,BA3219R,181.39314,170.6360967
PRT062607,BA3222R,219.93077,205.2745229
PRT062607,BA3225R,188.86017,161.4979722
PRT062607,BA3226R,202.47281,266.3894052
PRT062607,BA3227R,205.86467,215.8108659
PRT062607,BA3228R,185.93405,193.0797598
PRT062607,BA3229R,209.96303,219.0358806
PRT062607,BA3230R,225.86874,110.3369787
PRT062607,BA3232R,194.49866,234.8239417
PRT062607,BA3235R,185.52773,209.9410773
PRT062607,BA3240R,213.89359,182.7674754
PRT062607,BA3242R,204.97485,270.3250062
PRT062607,BA3243R,193.4162,152.5756475
PRT062607,BA3251R,179.11885,179.143209
PRT062607,BA3258R,182.02924,188.604497
PRT062607,BA3260R,216.62903,125.1702434
PRT062607,BA3261R,226.78745,247.697165
PRT062607,BA3264R,165.72903,196.9144002
PRT062607,BA3266R,186.33948,108.3062055
PRT062607,BA3268R,212.07646,230.3757653
PRT062607,BA3270R,197.9455,208.5666892
PRT062607,BA3271R,166.08264,140.0127269
PRT062607,BA3273R,213.10716,187.2459861
PRT062607,BA3275R,193.6085,131.7553603
PRT062607,BA3277R,199.17548,213.106132
PRT062607,BA3283R,175.43942,185.5656152
PRT062607,BA3285R,227.2036,270.0319352
PRT062607,BA3286R,169.16528,165.3421965
PRT062607,BA3289R,179.15466,216.4771486
PRT062607,BA3290R,225.64095,237.0375175
PRT062607,BA3293R,205.05501,179.4791
PRT062607,BA3295R,175.97478,164.031997
PRT062607,BA3297R,191.13509,37.24727315
PRT062607,BA3299R,182.38686,153.8117439
PRT062607,BA3300R,212.45406,248.6557834
PRT062607,BA3302R,206.41743,233.8557731
PRT062607,BA3305R,202.44122,209.9671726
PRT062607,BA3306R,198.25415,193.0415627
PRT062607,BA3308R,193.92743,260.7059959
PRT062607,BA3310R,192.87535,162.2229417
PRT062607,BA3311R,184.9436,88.62862697
PRT062607,BA3312R,202.61769,221.7290361
PRT062607,BA3317R,205.3753,103.4235825
PRT062607,BA3318R,212.24939,211.9371517
PRT062607,BA3324R,202.34258,201.0318126
PRT062607,BA3325R,201.98807,192.5744394
PRT062607,BA3326R,194.58307,227.1842918
PRT062607,BA3328R,201.0715,184.730311
PRT062607,BA3332R,197.6172,235.2479326
PRT062607,BA3333R,198.1785,235.2244173
PRT062607,BA3334R,192.86647,190.2410093
PRT062607,BA3341R,217.637,236.0237905
PRT062607,BA3345R,179.83463,209.5360142
PRT062607,BA3347R,200.62314,200.9817236
PRT062607,BA3351R,221.39507,260.3430444
PRT062607,BA3352R,203.85008,198.1715116
PRT062607,BA3353R,207.6753,244.5614971
PRT062607,BA3357R,210.6586,252.3788593
PRT062607,BA3362R,217.23517,149.5407724
PRT062607,BA3367R,199.66797,223.2531117
PRT062607,BA3369R,164.0793,207.8546527
PRT062607,BA3373R,233.0397,251.1101134
PRT062607,BA3374R,206.91661,195.9184663
PRT062607,BA3375R,184.87772,103.2730793
PRT062607,BA3379R,195.695,225.148875
PRT062607,BA3380R,187.66298,155.4894258
PRT062607,BA3381R,191.00784,184.7496055
PRT062607,BA3384R,190.33136,269.8385128
PRT062607,BA3385R,175.76526,242.1680558
PRT062607,BA3386R,174.9458,191.7032534
PRT062607,BA3388R,214.66927,226.9599258
PRT062607,BA3390R,185.33698,192.1555537
PRT062607,BA3394R,198.25246,147.3304799
PRT062607,BA3397R,201.89919,174.5579403
PRT062607,BA3399R,204.7377,134.3439278
PRT062607,BA3400R,217.83336,219.3974024
PRT062607,BA3403R,203.63745,199.3942563
PRT062607,BA3406R,189.73766,228.4494988
PRT062607,BA3411R,224.44711,252.3859638
PRT062607,BA3412R,215.94789,269.1753085
PRT062607,BA3415R,225.7952,269.2638513
PRT062607,BA3416R,224.97995,286.3279433
PRT062607,BA3417R,178.65155,142.1454588
PRT062607,BA3418R,213.44968,213.1473915
PRT062607,BA3421R,175.42738,199.9945114
PRT062607,BA3422R,206.63931,254.3275602
PRT062607,BA3423R,206.45917,211.6506328
PRT062607,BA3431R,182.9144,166.9046797
PRT062607,BA3433R,201.3795,235.6257176
PRT062607,BA3434R,209.4617,222.9513735
PRT062607,BA3438R,207.09593,160.4215231
PRT062607,BA3445R,207.46869,167.2700023
PRT062607,BA3446R,181.72742,167.7891592
PRT062607,BA3449R,207.55585,221.7950752
PRT062607,BA3451R,190.03223,204.7125531
PRT062607,BA3452R,194.91043,56.51070927
PRT062607,BA3454R,189.0116,206.9304281
Regorafenib (BAY 73-4506),BA3078R,171.24623,159.5777881
Regorafenib (BAY 73-4506),BA3079R,178.75244,165.5682101
Regorafenib (BAY 73-4506),BA3083R,176.82716,138.378486
Regorafenib (BAY 73-4506),BA3084R,162.10896,176.0476687
Regorafenib (BAY 73-4506),BA3087R,197.42192,267.1186533
Regorafenib (BAY 73-4506),BA3089R,182.95975,175.4129418
Regorafenib (BAY 73-4506),BA3094R,183.77396,160.9941715
Regorafenib (BAY 73-4506),BA3098R,175.96057,151.9635933
Regorafenib (BAY 73-4506),BA3099R,164.0355,162.4730884
Regorafenib (BAY 73-4506),BA3110R,177.01959,141.2692882
Regorafenib (BAY 73-4506),BA3114R,188.15108,149.1421385
Regorafenib (BAY 73-4506),BA3117R,195.3032,50.36456158
Regorafenib (BAY 73-4506),BA3118R,181.68588,166.362459
Regorafenib (BAY 73-4506),BA3119R,176.49258,170.6601485
Regorafenib (BAY 73-4506),BA3126R,194.00166,154.1779236
Regorafenib (BAY 73-4506),BA3128R,172.76419,179.2448538
Regorafenib (BAY 73-4506),BA3130R,218.24246,204.4075889
Regorafenib (BAY 73-4506),BA3133R,223.50426,218.5420366
Regorafenib (BAY 73-4506),BA3135R,168.33563,90.58121498
Regorafenib (BAY 73-4506),BA3137R,178.1355,179.4951916
Regorafenib (BAY 73-4506),BA3138R,214.86269,188.7993133
Regorafenib (BAY 73-4506),BA3139R,213.9595,175.0012064
Regorafenib (BAY 73-4506),BA3145R,197.41017,109.4085025
Regorafenib (BAY 73-4506),BA3146R,153.34169,139.0331216
Regorafenib (BAY 73-4506),BA3152R,189.50024,183.3807528
Regorafenib (BAY 73-4506),BA3153R,187.49863,202.0998651
Regorafenib (BAY 73-4506),BA3154R,201.60344,246.9585297
Regorafenib (BAY 73-4506),BA3157R,167.71573,214.0135444
Regorafenib (BAY 73-4506),BA3158R,165.62471,67.69923969
Regorafenib (BAY 73-4506),BA3162R,184.10046,178.1468082
Regorafenib (BAY 73-4506),BA3163R,196.41754,169.4695061
Regorafenib (BAY 73-4506),BA3164R,165.75594,102.5715594
Regorafenib (BAY 73-4506),BA3167R,186.02443,95.477551
Regorafenib (BAY 73-4506),BA3169R,198.03201,132.4673356
Regorafenib (BAY 73-4506),BA3171R,219.42627,189.0799385
Regorafenib (BAY 73-4506),BA3174R,190.74568,157.5685342
Regorafenib (BAY 73-4506),BA3175R,190.22484,175.9936673
Regorafenib (BAY 73-4506),BA3177R,161.05392,131.2415286
Regorafenib (BAY 73-4506),BA3181R,204.91882,169.7525596
Regorafenib (BAY 73-4506),BA3182R,175.45988,155.1659447
Regorafenib (BAY 73-4506),BA3183R,185.51114,198.2263081
Regorafenib (BAY 73-4506),BA3186R,210.57217,248.6652802
Regorafenib (BAY 73-4506),BA3187R,198.57155,188.6583948
Regorafenib (BAY 73-4506),BA3189R,193.93884,216.1741436
Regorafenib (BAY 73-4506),BA3190R,207.07024,235.1118723
Regorafenib (BAY 73-4506),BA3191R,180.68196,136.317287
Regorafenib (BAY 73-4506),BA3192R,175.7905,160.318577
Regorafenib (BAY 73-4506),BA3195R,183.35638,181.3796643
Regorafenib (BAY 73-4506),BA3197R,157.93727,74.10480758
Regorafenib (BAY 73-4506),BA3199R,175.6023,164.4729636
Regorafenib (BAY 73-4506),BA3200R,191.78616,126.2627661
Regorafenib (BAY 73-4506),BA3203R,199.9155,227.0057039
Regorafenib (BAY 73-4506),BA3206R,205.62819,234.0584152
Regorafenib (BAY 73-4506),BA3207R,201.06082,167.6463075
Regorafenib (BAY 73-4506),BA3208R,177.98178,161.7581149
Regorafenib (BAY 73-4506),BA3210R,208.10623,197.1104282
Regorafenib (BAY 73-4506),BA3212R,211.42252,235.0766995
Regorafenib (BAY 73-4506),BA3213R,174.7348,168.829512
Regorafenib (BAY 73-4506),BA3214R,200.51184,217.0523285
Regorafenib (BAY 73-4506),BA3216R,175.11755,131.3208211
Regorafenib (BAY 73-4506),BA3217R,163.70993,119.514548
Regorafenib (BAY 73-4506),BA3219R,189.00447,179.843044
Regorafenib (BAY 73-4506),BA3222R,207.64609,182.718832
Regorafenib (BAY 73-4506),BA3225R,190.86569,181.7557478
Regorafenib (BAY 73-4506),BA3226R,183.23857,165.660381
Regorafenib (BAY 73-4506),BA3227R,176.73642,64.51516631
Regorafenib (BAY 73-4506),BA3228R,181.2681,126.1000941
Regorafenib (BAY 73-4506),BA3229R,207.32352,149.0569923
Regorafenib (BAY 73-4506),BA3232R,181.85596,221.3950901
Regorafenib (BAY 73-4506),BA3235R,188.36436,149.2443304
Regorafenib (BAY 73-4506),BA3240R,196.50838,88.59785166
Regorafenib (BAY 73-4506),BA3242R,197.32762,208.6647297
Regorafenib (BAY 73-4506),BA3243R,185.17331,150.5422768
Regorafenib (BAY 73-4506),BA3249R,199.24411,126.9111997
Regorafenib (BAY 73-4506),BA3250R,171.93541,243.4804556
Regorafenib (BAY 73-4506),BA3251R,170.84224,145.7626182
Regorafenib (BAY 73-4506),BA3258R,182.69098,189.7231781
Regorafenib (BAY 73-4506),BA3260R,215.46951,183.3032289
Regorafenib (BAY 73-4506),BA3261R,218.33115,195.2244417
Regorafenib (BAY 73-4506),BA3264R,151.0915,112.7008206
Regorafenib (BAY 73-4506),BA3266R,172.93813,98.02415647
Regorafenib (BAY 73-4506),BA3268R,194.87392,223.9670718
Regorafenib (BAY 73-4506),BA3270R,193.77284,217.68476
Regorafenib (BAY 73-4506),BA3271R,164.40955,110.483492
Regorafenib (BAY 73-4506),BA3273R,201.64264,112.4153394
Regorafenib (BAY 73-4506),BA3275R,170.51903,235.1021883
Regorafenib (BAY 73-4506),BA3277R,188.22444,210.2302979
Regorafenib (BAY 73-4506),BA3283R,170.88654,185.2077609
Regorafenib (BAY 73-4506),BA3285R,215.6235,123.0211194
Regorafenib (BAY 73-4506),BA3286R,166.6962,140.2785707
Regorafenib (BAY 73-4506),BA3289R,177.8185,164.3817108
Regorafenib (BAY 73-4506),BA3290R,219.60054,224.6139392
Regorafenib (BAY 73-4506),BA3293R,182.3411,89.21890816
Regorafenib (BAY 73-4506),BA3295R,180.99698,209.3849432
Regorafenib (BAY 73-4506),BA3297R,180.36465,157.8515767
Regorafenib (BAY 73-4506),BA3299R,180.61034,123.703839
Regorafenib (BAY 73-4506),BA3300R,199.70201,237.2551546
Regorafenib (BAY 73-4506),BA3302R,189.31961,177.4796382
Regorafenib (BAY 73-4506),BA3305R,192.58717,213.5233529
Regorafenib (BAY 73-4506),BA3306R,180.15398,90.11347995
Regorafenib (BAY 73-4506),BA3308R,173.89484,148.4207281
Regorafenib (BAY 73-4506),BA3310R,170.18492,138.5365655
Regorafenib (BAY 73-4506),BA3311R,187.07338,48.81805705
Regorafenib (BAY 73-4506),BA3312R,192.77646,173.1396857
Regorafenib (BAY 73-4506),BA3317R,184.65422,116.2314573
Regorafenib (BAY 73-4506),BA3319R,208.6077,159.8915708
Regorafenib (BAY 73-4506),BA3324R,195.60226,190.7123656
Regorafenib (BAY 73-4506),BA3325R,187.24675,160.4914434
Regorafenib (BAY 73-4506),BA3326R,196.81657,202.364529
Regorafenib (BAY 73-4506),BA3328R,185.993,140.2549644
Regorafenib (BAY 73-4506),BA3332R,175.20827,162.5399089
Regorafenib (BAY 73-4506),BA3333R,177.65067,199.0340552
Regorafenib (BAY 73-4506),BA3334R,191.61938,159.3040539
Regorafenib (BAY 73-4506),BA3341R,203.53543,191.0509219
Regorafenib (BAY 73-4506),BA3345R,180.54996,145.6729485
Regorafenib (BAY 73-4506),BA3347R,198.59854,203.1176219
Regorafenib (BAY 73-4506),BA3351R,215.22006,208.2730399
Regorafenib (BAY 73-4506),BA3352R,185.68637,127.6566198
Regorafenib (BAY 73-4506),BA3353R,190.23798,208.3990132
Regorafenib (BAY 73-4506),BA3357R,197.21368,219.37706
Regorafenib (BAY 73-4506),BA3362R,208.2956,202.1609599
Regorafenib (BAY 73-4506),BA3367R,201.69896,167.5983572
Regorafenib (BAY 73-4506),BA3369R,165.3858,211.8053918
Regorafenib (BAY 73-4506),BA3373R,221.15985,207.6258927
Regorafenib (BAY 73-4506),BA3374R,197.3435,159.1159228
Regorafenib (BAY 73-4506),BA3376R,159.86528,184.1442072
Regorafenib (BAY 73-4506),BA3379R,187.04837,217.4178307
Regorafenib (BAY 73-4506),BA3380R,160.13097,84.73715892
Regorafenib (BAY 73-4506),BA3381R,193.29907,234.3148016
Regorafenib (BAY 73-4506),BA3384R,173.38509,189.0882133
Regorafenib (BAY 73-4506),BA3385R,171.44298,170.0608688
Regorafenib (BAY 73-4506),BA3386R,147.18506,157.6378211
Regorafenib (BAY 73-4506),BA3388R,214.13843,215.2784591
Regorafenib (BAY 73-4506),BA3390R,186.65967,243.3343558
Regorafenib (BAY 73-4506),BA3394R,194.26416,190.5936369
Regorafenib (BAY 73-4506),BA3397R,189.64217,171.3489431
Regorafenib (BAY 73-4506),BA3399R,203.19197,132.0029912
Regorafenib (BAY 73-4506),BA3400R,204.87021,224.9854727
Regorafenib (BAY 73-4506),BA3403R,195.50674,175.900105
Regorafenib (BAY 73-4506),BA3411R,218.48065,199.3078569
Regorafenib (BAY 73-4506),BA3412R,207.36726,242.9057099
Regorafenib (BAY 73-4506),BA3415R,218.20792,171.2926061
Regorafenib (BAY 73-4506),BA3416R,210.16751,250.8425527
Regorafenib (BAY 73-4506),BA3417R,177.27776,165.6698525
Regorafenib (BAY 73-4506),BA3418R,198.21727,130.5435185
Regorafenib (BAY 73-4506),BA3421R,176.72229,202.0766323
Regorafenib (BAY 73-4506),BA3422R,190.52832,185.8853643
Regorafenib (BAY 73-4506),BA3423R,187.34312,139.0086804
Regorafenib (BAY 73-4506),BA3431R,180.89227,181.6326559
Regorafenib (BAY 73-4506),BA3433R,182.61424,209.1815881
Regorafenib (BAY 73-4506),BA3434R,201.66385,200.2298649
Regorafenib (BAY 73-4506),BA3438R,189.19002,176.5867768
Regorafenib (BAY 73-4506),BA3445R,194.25772,148.5800963
Regorafenib (BAY 73-4506),BA3446R,177.74129,160.5165947
Regorafenib (BAY 73-4506),BA3449R,194.9654,211.1282271
Regorafenib (BAY 73-4506),BA3451R,190.57118,185.5465026
Regorafenib (BAY 73-4506),BA3452R,182.97908,196.3317868
Regorafenib (BAY 73-4506),BA3454R,161.16125,20.26712822
S31-201,BA3084R,210.24782,168.2422464
S31-201,BA3089R,237.46703,257.8978959
S31-201,BA3094R,223.36201,233.6511419
S31-201,BA3098R,221.93858,250.7314383
S31-201,BA3099R,232.37541,150.4382958
S31-201,BA3110R,222.09065,152.9405715
S31-201,BA3114R,227.59822,256.2978061
S31-201,BA3118R,234.63133,227.6402705
S31-201,BA3126R,231.96709,253.4899337
S31-201,BA3128R,229.11972,256.5938238
S31-201,BA3133R,247.38489,262.3093203
S31-201,BA3135R,213.24202,3.137479908
S31-201,BA3139R,243.00441,173.3437938
S31-201,BA3145R,242.05862,256.8967479
S31-201,BA3152R,223.48332,217.3079358
S31-201,BA3153R,228.41621,189.3079638
S31-201,BA3154R,225.98138,59.95712901
S31-201,BA3157R,227.29404,252.5828506
S31-201,BA3158R,212.25212,124.322956
S31-201,BA3162R,225.9646,275.0867516
S31-201,BA3163R,227.48761,251.4212147
S31-201,BA3164R,231.40736,286.1235335
S31-201,BA3167R,224.91766,227.3402138
S31-201,BA3169R,234.73256,248.9694859
S31-201,BA3171R,248.26288,281.7832686
S31-201,BA3174R,228.17555,278.824257
S31-201,BA3177R,212.77199,261.1914344
S31-201,BA3181R,239.7744,248.0798617
S31-201,BA3183R,234.36925,255.762685
S31-201,BA3185R,213.80972,173.7067065
S31-201,BA3186R,240.56717,257.8647941
S31-201,BA3187R,233.09868,275.9512206
S31-201,BA3189R,238.41695,182.7941143
S31-201,BA3192R,230.0183,257.4201215
S31-201,BA3195R,230.1311,151.2870787
S31-201,BA3197R,211.5623,3.872209772
S31-201,BA3199R,224.21104,285.8143174
S31-201,BA3203R,235.92577,275.9591041
S31-201,BA3206R,231.45322,197.1406421
S31-201,BA3210R,235.51666,200.9785136
S31-201,BA3212R,240.94429,248.207731
S31-201,BA3213R,226.35675,234.5406756
S31-201,BA3214R,243.43454,246.578469
S31-201,BA3216R,233.34651,197.6601472
S31-201,BA3217R,224.87805,116.3299001
S31-201,BA3222R,238.07816,242.2131138
S31-201,BA3225R,224.95422,232.6651577
S31-201,BA3226R,239.72008,196.4759466
S31-201,BA3227R,225.97087,187.8318198
S31-201,BA3228R,233.80899,267.5212125
S31-201,BA3232R,235.70728,216.4254875
S31-201,BA3235R,230.17447,275.7226618
S31-201,BA3240R,232.19548,218.2892743
S31-201,BA3243R,234.08327,258.9926345
S31-201,BA3250R,219.35706,284.3228203
S31-201,BA3251R,232.423,274.1851949
S31-201,BA3261R,242.374,273.7236622
S31-201,BA3264R,202.68803,172.0916245
S31-201,BA3270R,238.32231,255.9508443
S31-201,BA3271R,226.11671,212.3499894
S31-201,BA3273R,226.67656,279.0763724
S31-201,BA3277R,231.26575,251.7177838
S31-201,BA3285R,242.94772,166.3841122
S31-201,BA3286R,223.44711,231.1605039
S31-201,BA3289R,220.38148,242.6424346
S31-201,BA3290R,243.24246,187.3391548
S31-201,BA3293R,236.719,252.6521332
S31-201,BA3297R,230.13782,252.6111175
S31-201,BA3299R,225.5473,225.5193657
S31-201,BA3305R,235.1627,252.8347358
S31-201,BA3306R,230.69011,247.1567345
S31-201,BA3308R,220.36807,86.27051205
S31-201,BA3311R,227.00418,146.1610092
S31-201,BA3317R,232.35217,227.7560303
S31-201,BA3318R,235.64014,153.5161914
S31-201,BA3319R,241.11232,277.2182912
S31-201,BA3324R,233.4192,217.9432094
S31-201,BA3326R,233.23172,260.8927098
S31-201,BA3328R,231.23473,248.5831163
S31-201,BA3332R,224.30894,101.1589237
S31-201,BA3333R,230.89923,276.1825062
S31-201,BA3334R,227.24246,267.183998
S31-201,BA3341R,237.08229,223.9032297
S31-201,BA3345R,216.3901,267.2442491
S31-201,BA3347R,238.93622,255.8225583
S31-201,BA3352R,232.43944,224.5632286
S31-201,BA3362R,243.23463,271.9794675
S31-201,BA3367R,227.7981,271.2674509
S31-201,BA3373R,251.93335,276.7017707
S31-201,BA3374R,233.0313,276.995974
S31-201,BA3379R,228.46356,211.2823196
S31-201,BA3380R,228.22925,276.5703959
S31-201,BA3381R,225.85602,240.028071
S31-201,BA3384R,233.76004,158.6580566
S31-201,BA3394R,236.35498,248.0548233
S31-201,BA3397R,230.41632,203.7445498
S31-201,BA3399R,229.83444,221.0946544
S31-201,BA3400R,238.54918,273.3035152
S31-201,BA3403R,230.78679,263.5713997
S31-201,BA3406R,229.35158,88.89840575
S31-201,BA3411R,245.02942,249.3138648
S31-201,BA3412R,239.64528,262.4908026
S31-201,BA3415R,242.05782,189.9215399
S31-201,BA3417R,222.40086,233.116124
S31-201,BA3418R,236.73885,163.2028038
S31-201,BA3421R,221.73022,258.0878312
S31-201,BA3422R,233.14964,242.2245714
S31-201,BA3423R,230.32394,210.8893654
S31-201,BA3431R,226.95415,265.5613461
S31-201,BA3433R,228.8299,275.0115104
S31-201,BA3434R,237.636,229.6500207
S31-201,BA3438R,230.6464,260.6021167
S31-201,BA3449R,235.06067,286.3279433
S31-201,BA3451R,234.7865,274.3708831
SGX-523,BA3078R,243.71228,176.2576727
SGX-523,BA3079R,258.19745,226.7566618
SGX-523,BA3083R,253.65204,219.6353375
SGX-523,BA3084R,239.24728,204.9997673
SGX-523,BA3087R,251.27892,172.6559695
SGX-523,BA3089R,254.96736,234.1331002
SGX-523,BA3094R,250.22021,235.2108574
SGX-523,BA3098R,253.80203,285.6819995
SGX-523,BA3099R,254.814,273.1464336
SGX-523,BA3110R,252.56938,250.5206704
SGX-523,BA3114R,256.32504,216.6359257
SGX-523,BA3117R,254.0576,286.3279433
SGX-523,BA3126R,256.6439,263.4542557
SGX-523,BA3128R,255.2224,253.3644161
SGX-523,BA3130R,253.5906,278.3442075
SGX-523,BA3133R,265.52576,257.7618268
SGX-523,BA3135R,244.67389,221.6436292
SGX-523,BA3137R,254.72943,256.6173079
SGX-523,BA3138R,271.06445,273.8349267
SGX-523,BA3139R,260.66376,148.3285556
SGX-523,BA3145R,259.06744,193.1603283
SGX-523,BA3146R,250.76074,233.2953604
SGX-523,BA3152R,254.6064,187.0692544
SGX-523,BA3153R,256.5993,285.5598466
SGX-523,BA3154R,251.56139,182.1951877
SGX-523,BA3157R,246.47733,236.8893267
SGX-523,BA3158R,242.92982,268.8705239
SGX-523,BA3162R,258.81436,257.0423331
SGX-523,BA3163R,255.07375,252.4997
SGX-523,BA3164R,257.64703,282.2573747
SGX-523,BA3167R,253.60812,228.6891278
SGX-523,BA3169R,262.55237,176.6339689
SGX-523,BA3171R,267.6327,269.8509499
SGX-523,BA3174R,264.90854,162.2765922
SGX-523,BA3175R,261.62082,275.3013373
SGX-523,BA3177R,246.43259,246.1213651
SGX-523,BA3181R,265.651,272.1549199
SGX-523,BA3182R,248.81808,227.3563292
SGX-523,BA3183R,254.63449,235.0631851
SGX-523,BA3185R,246.2585,234.3552796
SGX-523,BA3186R,262.1306,285.4023171
SGX-523,BA3187R,261.67172,273.4275418
SGX-523,BA3189R,254.96611,247.5506838
SGX-523,BA3190R,266.21976,198.6871051
SGX-523,BA3191R,254.56308,245.0875876
SGX-523,BA3192R,252.70442,280.5189197
SGX-523,BA3195R,257.1593,253.2610533
SGX-523,BA3197R,241.34274,286.3279433
SGX-523,BA3199R,250.26775,285.7470509
SGX-523,BA3200R,250.92525,195.7337399
SGX-523,BA3203R,265.21738,254.3962273
SGX-523,BA3207R,266.40204,244.8110262
SGX-523,BA3208R,257.07437,225.4339368
SGX-523,BA3210R,267.0652,220.617826
SGX-523,BA3211R,246.64125,134.6575956
SGX-523,BA3212R,260.59125,272.012481
SGX-523,BA3213R,254.89328,237.6457675
SGX-523,BA3214R,268.03714,238.281665
SGX-523,BA3216R,257.5628,221.18785
SGX-523,BA3217R,251.18951,240.0261341
SGX-523,BA3219R,250.82817,260.8908316
SGX-523,BA3222R,256.66238,263.2105932
SGX-523,BA3225R,250.92508,286.3279433
SGX-523,BA3226R,256.5827,240.0725895
SGX-523,BA3227R,247.79564,255.604536
SGX-523,BA3228R,260.99454,284.6938187
SGX-523,BA3229R,264.00034,99.33001315
SGX-523,BA3230R,264.209,226.6843203
SGX-523,BA3232R,256.39072,271.2580444
SGX-523,BA3235R,258.70987,275.5509908
SGX-523,BA3240R,253.9428,164.1726541
SGX-523,BA3242R,259.21494,188.2691365
SGX-523,BA3243R,259.20486,178.1859862
SGX-523,BA3249R,257.24612,210.200855
SGX-523,BA3250R,245.35666,254.7211178
SGX-523,BA3251R,257.70135,240.5428806
SGX-523,BA3258R,254.07683,280.027716
SGX-523,BA3260R,269.67807,245.8121992
SGX-523,BA3261R,261.17896,246.4242229
SGX-523,BA3264R,235.10138,214.5341205
SGX-523,BA3266R,254.37567,200.424703
SGX-523,BA3268R,253.77434,252.8366912
SGX-523,BA3270R,260.57834,239.3353383
SGX-523,BA3271R,252.97069,218.3667711
SGX-523,BA3273R,253.31837,258.1331431
SGX-523,BA3275R,249.13805,152.3249922
SGX-523,BA3277R,257.8657,219.163293
SGX-523,BA3283R,258.48624,249.6341736
SGX-523,BA3285R,260.04324,219.5118409
SGX-523,BA3286R,246.96082,261.6844047
SGX-523,BA3289R,257.89066,281.6431271
SGX-523,BA3290R,265.30466,264.1496854
SGX-523,BA3293R,255.74202,277.2122971
SGX-523,BA3295R,248.26335,193.296053
SGX-523,BA3297R,253.18146,53.79640526
SGX-523,BA3299R,254.49037,205.7723992
SGX-523,BA3300R,258.26797,253.9008115
SGX-523,BA3302R,253.57185,285.9597158
SGX-523,BA3305R,260.36673,246.5268885
SGX-523,BA3306R,253.28873,274.6118349
SGX-523,BA3308R,245.30038,175.7556095
SGX-523,BA3310R,241.27054,175.4552752
SGX-523,BA3311R,259.726,86.39821804
SGX-523,BA3312R,254.26993,182.4628139
SGX-523,BA3317R,248.80014,286.3279433
SGX-523,BA3318R,262.33142,208.1588498
SGX-523,BA3319R,261.2488,241.9252576
SGX-523,BA3324R,259.9509,270.6767216
SGX-523,BA3325R,262.66202,265.0868404
SGX-523,BA3326R,257.80423,249.3309508
SGX-523,BA3328R,253.74173,222.1061602
SGX-523,BA3332R,249.9339,198.2713381
SGX-523,BA3333R,251.97285,280.6834881
SGX-523,BA3334R,258.25705,238.1643841
SGX-523,BA3341R,260.67764,242.3943301
SGX-523,BA3345R,256.54486,261.3997328
SGX-523,BA3347R,264.38562,257.2793688
SGX-523,BA3352R,253.04665,219.5561611
SGX-523,BA3353R,248.24939,245.2123613
SGX-523,BA3357R,254.46233,89.80422708
SGX-523,BA3362R,263.63782,278.0166366
SGX-523,BA3367R,261.49915,284.3279445
SGX-523,BA3369R,249.91481,255.8910682
SGX-523,BA3373R,267.72455,219.9582182
SGX-523,BA3374R,257.9752,263.5083916
SGX-523,BA3375R,240.86009,158.243405
SGX-523,BA3379R,252.63234,255.2251443
SGX-523,BA3380R,255.33377,273.1748115
SGX-523,BA3381R,255.49998,241.8595902
SGX-523,BA3384R,255.14333,278.7622169
SGX-523,BA3385R,253.63174,286.1419058
SGX-523,BA3386R,250.81677,264.8131659
SGX-523,BA3388R,269.48328,254.4209262
SGX-523,BA3390R,257.87515,274.3680674
SGX-523,BA3394R,263.45474,262.2066451
SGX-523,BA3397R,255.29277,163.3109621
SGX-523,BA3399R,267.43997,234.7760909
SGX-523,BA3400R,260.04944,282.2022682
SGX-523,BA3403R,258.47803,267.9532855
SGX-523,BA3406R,253.26955,250.091591
SGX-523,BA3411R,266.21045,264.3394058
SGX-523,BA3412R,261.10098,284.8628438
SGX-523,BA3415R,260.018,231.3788071
SGX-523,BA3416R,254.0756,286.3279433
SGX-523,BA3417R,251.90039,222.1903965
SGX-523,BA3418R,264.94046,192.3109705
SGX-523,BA3421R,252.984,254.5695148
SGX-523,BA3422R,250.05788,258.6974852
SGX-523,BA3423R,251.44403,165.4318784
SGX-523,BA3431R,262.19604,281.1375742
SGX-523,BA3433R,250.92995,255.8350201
SGX-523,BA3434R,262.8989,209.392313
SGX-523,BA3438R,255.2401,252.6917095
SGX-523,BA3445R,254.42058,248.4488621
SGX-523,BA3446R,252.7096,233.430433
SGX-523,BA3449R,260.7793,276.7839117
SGX-523,BA3451R,259.2675,234.0565465
SGX-523,BA3452R,254.56859,266.3337631
SGX-523,BA3454R,256.77597,285.5535622
SU11274,BA3079R,221.2095,187.027772
SU11274,BA3084R,199.92688,190.0269619
SU11274,BA3089R,206.96393,204.8405246
SU11274,BA3094R,208.59222,186.2143555
SU11274,BA3098R,218.85149,206.3996053
SU11274,BA3099R,207.06789,105.9151213
SU11274,BA3110R,213.53094,151.8292861
SU11274,BA3114R,221.93613,144.4663706
SU11274,BA3118R,225.92337,205.2751492
SU11274,BA3126R,235.14531,137.0497352
SU11274,BA3128R,205.36432,207.8480927
SU11274,BA3133R,241.94606,243.2835083
SU11274,BA3139R,222.41882,155.9920525
SU11274,BA3145R,212.74278,131.6379458
SU11274,BA3152R,225.66524,219.9033914
SU11274,BA3153R,215.17538,173.736419
SU11274,BA3154R,214.1951,136.9365998
SU11274,BA3157R,205.9294,259.490319
SU11274,BA3158R,204.07356,167.5905152
SU11274,BA3162R,224.06502,200.7488937
SU11274,BA3163R,237.4592,265.0232989
SU11274,BA3164R,200.38515,169.4007584
SU11274,BA3167R,217.2099,151.8877066
SU11274,BA3171R,241.38469,253.7315882
SU11274,BA3174R,231.45767,164.1865404
SU11274,BA3177R,205.12201,225.1811008
SU11274,BA3181R,239.49963,247.1132856
SU11274,BA3183R,217.60678,214.5179422
SU11274,BA3185R,207.00917,226.6473989
SU11274,BA3186R,226.07298,221.4117155
SU11274,BA3187R,230.61362,218.5282562
SU11274,BA3189R,217.05545,179.0562916
SU11274,BA3191R,227.08453,187.7494691
SU11274,BA3192R,202.75868,209.0003684
SU11274,BA3195R,217.17038,206.8142192
SU11274,BA3197R,197.85898,2.242391856
SU11274,BA3199R,213.2214,161.0090118
SU11274,BA3203R,232.31288,230.8001815
SU11274,BA3206R,225.77293,196.0789154
SU11274,BA3207R,242.12904,228.3248885
SU11274,BA3210R,236.54277,235.07669
SU11274,BA3212R,226.01196,277.5102059
SU11274,BA3213R,221.90657,248.7788313
SU11274,BA3214R,226.09811,270.237016
SU11274,BA3216R,211.15508,199.1266677
SU11274,BA3217R,203.9823,4.335807069
SU11274,BA3222R,225.86508,268.857681
SU11274,BA3225R,228.36957,141.7044536
SU11274,BA3226R,212.15776,163.1820607
SU11274,BA3227R,202.04352,136.6480625
SU11274,BA3228R,225.07414,206.0533379
SU11274,BA3232R,217.65897,230.4836281
SU11274,BA3235R,231.79918,196.4616003
SU11274,BA3240R,212.67984,175.4685469
SU11274,BA3243R,221.88785,180.6234969
SU11274,BA3250R,218.89586,274.6480492
SU11274,BA3251R,214.33151,246.7174594
SU11274,BA3261R,237.98706,203.9610848
SU11274,BA3264R,192.26817,217.3113899
SU11274,BA3270R,227.85968,215.0249653
SU11274,BA3271R,209.74843,187.71332
SU11274,BA3273R,219.0566,118.3690338
SU11274,BA3277R,221.19698,229.1711395
SU11274,BA3285R,224.44513,131.53574
SU11274,BA3286R,209.32408,191.0379772
SU11274,BA3289R,221.08356,234.4749515
SU11274,BA3290R,241.45078,228.7022535
SU11274,BA3293R,204.87172,129.8026826
SU11274,BA3297R,216.56485,207.6157355
SU11274,BA3299R,220.19818,141.632641
SU11274,BA3305R,228.88324,246.9268159
SU11274,BA3306R,205.4777,184.4927686
SU11274,BA3308R,209.24167,163.4034907
SU11274,BA3317R,206.3905,97.72550694
SU11274,BA3319R,247.89005,208.5220047
SU11274,BA3324R,229.51732,198.153976
SU11274,BA3326R,233.05325,204.5909083
SU11274,BA3328R,212.1688,238.6814626
SU11274,BA3332R,208.25647,213.3188815
SU11274,BA3333R,210.90118,225.0322712
SU11274,BA3334R,225.43137,230.7985014
SU11274,BA3341R,224.1384,210.70642
SU11274,BA3345R,224.74458,205.194968
SU11274,BA3347R,234.39435,244.1999681
SU11274,BA3352R,209.28177,206.5233743
SU11274,BA3362R,230.45056,213.9814252
SU11274,BA3367R,231.34991,227.3693462
SU11274,BA3373R,237.64888,88.57418059
SU11274,BA3374R,224.6962,203.7005213
SU11274,BA3379R,219.36192,217.7318885
SU11274,BA3380R,200.73741,173.7326175
SU11274,BA3381R,227.07198,251.9127161
SU11274,BA3384R,213.44913,230.950964
SU11274,BA3394R,229.79524,237.6169113
SU11274,BA3397R,217.82227,203.3837998
SU11274,BA3399R,233.52895,189.7756907
SU11274,BA3400R,218.7498,210.8556126
SU11274,BA3403R,224.59282,262.9282458
SU11274,BA3406R,205.77623,14.08073688
SU11274,BA3411R,243.74115,245.0411488
SU11274,BA3412R,219.94438,215.1415902
SU11274,BA3415R,233.31285,187.4764087
SU11274,BA3417R,219.03004,203.2934942
SU11274,BA3418R,225.57625,219.2727267
SU11274,BA3421R,215.93442,188.2506864
SU11274,BA3422R,209.10355,222.7155714
SU11274,BA3423R,205.00731,172.4478101
SU11274,BA3431R,222.84853,211.5849365
SU11274,BA3433R,207.97853,256.0039093
SU11274,BA3434R,232.50926,243.2547701
SU11274,BA3438R,215.45361,251.658296
SU11274,BA3449R,224.2895,221.6588254
SU11274,BA3451R,236.18018,278.5732902
Saracatinib (AZD0530),BA3078R,205.3679,234.7516548
Saracatinib (AZD0530),BA3079R,197.10591,206.1014837
Saracatinib (AZD0530),BA3083R,202.03381,139.1722949
Saracatinib (AZD0530),BA3084R,220.68414,248.7937456
Saracatinib (AZD0530),BA3087R,236.85461,258.9238161
Saracatinib (AZD0530),BA3089R,229.45995,240.0365492
Saracatinib (AZD0530),BA3094R,230.53358,286.0213119
Saracatinib (AZD0530),BA3098R,193.8193,151.1666529
Saracatinib (AZD0530),BA3099R,206.60918,72.22901537
Saracatinib (AZD0530),BA3110R,208.595,194.5182776
Saracatinib (AZD0530),BA3114R,206.09111,131.8639823
Saracatinib (AZD0530),BA3117R,230.37782,232.8532396
Saracatinib (AZD0530),BA3118R,212.34625,219.5929332
Saracatinib (AZD0530),BA3119R,223.28827,286.3279433
Saracatinib (AZD0530),BA3126R,224.82239,162.1318751
Saracatinib (AZD0530),BA3128R,217.88724,219.2682201
Saracatinib (AZD0530),BA3130R,238.26093,278.965759
Saracatinib (AZD0530),BA3133R,245.41406,285.9234299
Saracatinib (AZD0530),BA3135R,217.37314,45.20543032
Saracatinib (AZD0530),BA3137R,193.60849,215.2381833
Saracatinib (AZD0530),BA3138R,231.52786,229.8750939
Saracatinib (AZD0530),BA3139R,249.28084,212.5885101
Saracatinib (AZD0530),BA3145R,234.0858,177.001949
Saracatinib (AZD0530),BA3146R,185.13625,176.0455866
Saracatinib (AZD0530),BA3152R,207.0447,184.5708906
Saracatinib (AZD0530),BA3153R,220.78358,189.5781557
Saracatinib (AZD0530),BA3154R,234.95067,226.8529047
Saracatinib (AZD0530),BA3157R,220.91054,224.8103832
Saracatinib (AZD0530),BA3158R,203.51927,82.24614905
Saracatinib (AZD0530),BA3162R,203.5639,195.6342422
Saracatinib (AZD0530),BA3163R,225.05879,213.4821752
Saracatinib (AZD0530),BA3164R,227.8104,179.4784225
Saracatinib (AZD0530),BA3167R,220.72604,139.7863134
Saracatinib (AZD0530),BA3169R,223.81706,201.1063866
Saracatinib (AZD0530),BA3171R,241.28256,235.1699451
Saracatinib (AZD0530),BA3174R,206.36723,187.5432212
Saracatinib (AZD0530),BA3175R,213.94331,246.5313438
Saracatinib (AZD0530),BA3177R,196.39714,162.0349039
Saracatinib (AZD0530),BA3181R,229.6623,243.1418684
Saracatinib (AZD0530),BA3182R,196.35765,166.4265238
Saracatinib (AZD0530),BA3183R,220.08197,255.2929239
Saracatinib (AZD0530),BA3185R,198.95439,146.2473242
Saracatinib (AZD0530),BA3186R,240.97672,286.3279433
Saracatinib (AZD0530),BA3187R,220.02328,222.7727864
Saracatinib (AZD0530),BA3189R,232.10046,257.2279741
Saracatinib (AZD0530),BA3190R,230.80508,246.5863057
Saracatinib (AZD0530),BA3191R,198.67859,206.1254648
Saracatinib (AZD0530),BA3192R,222.75471,170.791207
Saracatinib (AZD0530),BA3195R,212.30087,162.1452125
Saracatinib (AZD0530),BA3197R,218.47322,191.279499
Saracatinib (AZD0530),BA3199R,205.17561,178.3601979
Saracatinib (AZD0530),BA3200R,232.45192,191.1874103
Saracatinib (AZD0530),BA3203R,222.57037,249.0480876
Saracatinib (AZD0530),BA3206R,230.73592,252.8899015
Saracatinib (AZD0530),BA3207R,233.66035,193.2399399
Saracatinib (AZD0530),BA3208R,218.40942,112.9659833
Saracatinib (AZD0530),BA3210R,224.1648,205.3244781
Saracatinib (AZD0530),BA3212R,243.0616,281.302738
Saracatinib (AZD0530),BA3213R,194.34944,169.9194653
Saracatinib (AZD0530),BA3214R,237.41852,271.1728029
Saracatinib (AZD0530),BA3216R,214.23067,218.442043
Saracatinib (AZD0530),BA3217R,219.05667,111.4662968
Saracatinib (AZD0530),BA3219R,213.86862,196.4126144
Saracatinib (AZD0530),BA3222R,240.06868,273.799251
Saracatinib (AZD0530),BA3225R,216.69603,174.3597974
Saracatinib (AZD0530),BA3226R,227.44379,228.7520438
Saracatinib (AZD0530),BA3227R,227.21921,195.5320093
Saracatinib (AZD0530),BA3228R,205.56526,172.78112
Saracatinib (AZD0530),BA3229R,221.62964,217.0446057
Saracatinib (AZD0530),BA3232R,214.2953,231.4838888
Saracatinib (AZD0530),BA3235R,210.74342,176.2993189
Saracatinib (AZD0530),BA3240R,234.85034,134.0593071
Saracatinib (AZD0530),BA3242R,217.57039,237.4710798
Saracatinib (AZD0530),BA3249R,236.773,92.97970304
Saracatinib (AZD0530),BA3250R,200.51187,269.8659351
Saracatinib (AZD0530),BA3251R,202.7747,156.3698593
Saracatinib (AZD0530),BA3258R,206.2143,226.2207585
Saracatinib (AZD0530),BA3260R,232.44402,284.7125615
Saracatinib (AZD0530),BA3261R,240.85765,230.9262957
Saracatinib (AZD0530),BA3264R,209.0546,190.7352149
Saracatinib (AZD0530),BA3266R,205.9679,175.9886067
Saracatinib (AZD0530),BA3268R,227.8904,280.0981809
Saracatinib (AZD0530),BA3270R,216.50989,191.2937401
Saracatinib (AZD0530),BA3271R,192.21172,136.3546022
Saracatinib (AZD0530),BA3273R,230.31396,219.6543621
Saracatinib (AZD0530),BA3275R,221.10432,222.6181038
Saracatinib (AZD0530),BA3277R,215.9024,209.1405787
Saracatinib (AZD0530),BA3283R,200.61267,181.8061025
Saracatinib (AZD0530),BA3285R,247.68353,285.222336
Saracatinib (AZD0530),BA3286R,189.61508,196.2502041
Saracatinib (AZD0530),BA3289R,190.2686,203.618789
Saracatinib (AZD0530),BA3290R,239.5001,240.8989218
Saracatinib (AZD0530),BA3293R,230.36473,218.0837683
Saracatinib (AZD0530),BA3295R,195.44061,217.4545338
Saracatinib (AZD0530),BA3297R,209.8008,194.0625972
Saracatinib (AZD0530),BA3299R,201.51202,146.9763567
Saracatinib (AZD0530),BA3300R,235.78975,286.047086
Saracatinib (AZD0530),BA3302R,218.93523,212.7256422
Saracatinib (AZD0530),BA3305R,226.63858,248.2525015
Saracatinib (AZD0530),BA3306R,221.5843,234.8363954
Saracatinib (AZD0530),BA3308R,214.84204,178.3178228
Saracatinib (AZD0530),BA3310R,217.07077,217.1303655
Saracatinib (AZD0530),BA3311R,205.70894,51.86335697
Saracatinib (AZD0530),BA3312R,223.03305,285.8690379
Saracatinib (AZD0530),BA3317R,228.3616,148.8483493
Saracatinib (AZD0530),BA3319R,233.36246,214.0904708
Saracatinib (AZD0530),BA3324R,218.53883,202.012148
Saracatinib (AZD0530),BA3325R,218.5632,191.2546824
Saracatinib (AZD0530),BA3326R,228.72897,282.2990064
Saracatinib (AZD0530),BA3328R,226.2958,195.4150986
Saracatinib (AZD0530),BA3332R,218.21075,229.2754546
Saracatinib (AZD0530),BA3333R,219.63745,271.9926134
Saracatinib (AZD0530),BA3334R,208.13002,192.6743229
Saracatinib (AZD0530),BA3341R,228.34862,187.6373121
Saracatinib (AZD0530),BA3345R,196.25687,183.6514507
Saracatinib (AZD0530),BA3347R,225.73083,193.479575
Saracatinib (AZD0530),BA3351R,246.47867,243.0401543
Saracatinib (AZD0530),BA3352R,225.65901,282.8945573
Saracatinib (AZD0530),BA3353R,227.75024,268.2088005
Saracatinib (AZD0530),BA3357R,234.73454,271.3511731
Saracatinib (AZD0530),BA3362R,247.53738,270.7565575
Saracatinib (AZD0530),BA3367R,225.21535,240.8779956
Saracatinib (AZD0530),BA3369R,195.16663,279.0702042
Saracatinib (AZD0530),BA3373R,249.91327,285.6732788
Saracatinib (AZD0530),BA3374R,239.46385,278.2541915
Saracatinib (AZD0530),BA3376R,215.04083,221.552819
Saracatinib (AZD0530),BA3379R,217.5694,219.3933413
Saracatinib (AZD0530),BA3380R,214.85117,172.9455627
Saracatinib (AZD0530),BA3381R,207.04927,177.8244322
Saracatinib (AZD0530),BA3384R,218.33253,231.3001559
Saracatinib (AZD0530),BA3385R,196.09465,203.1916364
Saracatinib (AZD0530),BA3386R,208.48651,209.3709418
Saracatinib (AZD0530),BA3388R,230.297,203.6423902
Saracatinib (AZD0530),BA3390R,212.66182,277.2657704
Saracatinib (AZD0530),BA3394R,219.98544,283.3446274
Saracatinib (AZD0530),BA3397R,223.37015,177.4844215
Saracatinib (AZD0530),BA3399R,214.43912,202.4640256
Saracatinib (AZD0530),BA3400R,235.37775,257.4778532
Saracatinib (AZD0530),BA3403R,236.37456,286.3279433
Saracatinib (AZD0530),BA3406R,216.74554,241.2726073
Saracatinib (AZD0530),BA3411R,238.34084,228.9158353
Saracatinib (AZD0530),BA3412R,244.27725,286.3279433
Saracatinib (AZD0530),BA3415R,241.76443,195.4979659
Saracatinib (AZD0530),BA3416R,246.01367,276.1582863
Saracatinib (AZD0530),BA3417R,206.18283,132.2153768
Saracatinib (AZD0530),BA3418R,226.99335,158.0867077
Saracatinib (AZD0530),BA3421R,189.48882,157.7559254
Saracatinib (AZD0530),BA3422R,230.01176,234.5795937
Saracatinib (AZD0530),BA3423R,229.35152,244.3044402
Saracatinib (AZD0530),BA3431R,197.24802,263.2059693
Saracatinib (AZD0530),BA3433R,221.15887,227.7161086
Saracatinib (AZD0530),BA3434R,224.0149,234.8987766
Saracatinib (AZD0530),BA3438R,227.45341,221.4107172
Saracatinib (AZD0530),BA3445R,228.20949,195.5096029
Saracatinib (AZD0530),BA3446R,204.06827,202.2087601
Saracatinib (AZD0530),BA3449R,229.59978,276.7335969
Saracatinib (AZD0530),BA3451R,222.18034,262.0511922
Saracatinib (AZD0530),BA3452R,211.98181,226.3551806
Saracatinib (AZD0530),BA3454R,217.55501,175.6094479
Selumetinib (AZD6244),BA3078R,182.78568,256.727187
Selumetinib (AZD6244),BA3079R,168.37183,121.3931794
Selumetinib (AZD6244),BA3083R,173.98032,192.6027588
Selumetinib (AZD6244),BA3084R,245.39964,256.1301654
Selumetinib (AZD6244),BA3087R,247.24626,286.3279433
Selumetinib (AZD6244),BA3089R,243.63345,241.5104761
Selumetinib (AZD6244),BA3094R,229.64386,66.55092086
Selumetinib (AZD6244),BA3098R,158.89804,153.5327754
Selumetinib (AZD6244),BA3099R,191.9857,111.3645895
Selumetinib (AZD6244),BA3110R,206.21835,139.4600412
Selumetinib (AZD6244),BA3114R,202.28645,202.0505902
Selumetinib (AZD6244),BA3117R,232.426,140.789937
Selumetinib (AZD6244),BA3118R,178.214,286.3279433
Selumetinib (AZD6244),BA3119R,264.47546,286.3279433
Selumetinib (AZD6244),BA3126R,166.88208,168.7169181
Selumetinib (AZD6244),BA3128R,237.91833,189.3545097
Selumetinib (AZD6244),BA3130R,185.19186,92.4786426
Selumetinib (AZD6244),BA3133R,212.10379,176.0302731
Selumetinib (AZD6244),BA3135R,257.1381,286.3279433
Selumetinib (AZD6244),BA3137R,151.98561,88.69145684
Selumetinib (AZD6244),BA3138R,193.35759,138.0830584
Selumetinib (AZD6244),BA3139R,240.65518,286.3279433
Selumetinib (AZD6244),BA3145R,252.5151,224.1057421
Selumetinib (AZD6244),BA3146R,154.20352,124.850085
Selumetinib (AZD6244),BA3152R,165.0041,128.6451249
Selumetinib (AZD6244),BA3154R,234.94154,179.0254041
Selumetinib (AZD6244),BA3157R,243.5959,197.9905325
Selumetinib (AZD6244),BA3158R,206.89575,242.1971559
Selumetinib (AZD6244),BA3162R,165.36241,82.76602716
Selumetinib (AZD6244),BA3163R,157.48085,50.32532828
Selumetinib (AZD6244),BA3164R,241.38495,213.3824289
Selumetinib (AZD6244),BA3167R,196.70573,107.5466976
Selumetinib (AZD6244),BA3169R,185.98004,101.0196154
Selumetinib (AZD6244),BA3171R,223.75356,163.0994178
Selumetinib (AZD6244),BA3174R,158.74078,107.5963879
Selumetinib (AZD6244),BA3175R,157.02206,33.60178939
Selumetinib (AZD6244),BA3177R,157.7943,173.7556509
Selumetinib (AZD6244),BA3181R,176.91489,78.99743369
Selumetinib (AZD6244),BA3182R,151.99156,95.72037023
Selumetinib (AZD6244),BA3183R,228.45682,201.8655798
Selumetinib (AZD6244),BA3185R,209.35419,148.8091441
Selumetinib (AZD6244),BA3186R,222.85309,183.4911747
Selumetinib (AZD6244),BA3187R,207.01875,144.9315126
Selumetinib (AZD6244),BA3189R,238.35713,286.3279433
Selumetinib (AZD6244),BA3190R,220.46205,222.2025439
Selumetinib (AZD6244),BA3191R,150.43958,32.55826084
Selumetinib (AZD6244),BA3192R,252.38663,256.5139104
Selumetinib (AZD6244),BA3195R,204.89299,170.1817798
Selumetinib (AZD6244),BA3197R,262.34735,1.973896657
Selumetinib (AZD6244),BA3199R,183.4711,108.7775365
Selumetinib (AZD6244),BA3200R,260.3392,286.3279433
Selumetinib (AZD6244),BA3203R,207.60529,240.8991587
Selumetinib (AZD6244),BA3207R,166.6615,70.49038023
Selumetinib (AZD6244),BA3208R,226.41216,263.5471165
Selumetinib (AZD6244),BA3210R,201.69565,269.3556749
Selumetinib (AZD6244),BA3211R,199.3131,163.2948082
Selumetinib (AZD6244),BA3212R,219.6447,90.4877994
Selumetinib (AZD6244),BA3213R,160.45361,125.9925752
Selumetinib (AZD6244),BA3214R,213.86937,164.1419259
Selumetinib (AZD6244),BA3216R,220.51414,79.5799584
Selumetinib (AZD6244),BA3217R,249.57402,243.7773954
Selumetinib (AZD6244),BA3219R,159.26071,63.16482649
Selumetinib (AZD6244),BA3222R,227.6084,130.5516046
Selumetinib (AZD6244),BA3225R,173.6136,72.17505149
Selumetinib (AZD6244),BA3226R,245.16702,271.6688054
Selumetinib (AZD6244),BA3227R,259.3473,200.8889395
Selumetinib (AZD6244),BA3228R,158.02539,148.692735
Selumetinib (AZD6244),BA3229R,189.60866,199.7307635
Selumetinib (AZD6244),BA3230R,226.98524,261.8221051
Selumetinib (AZD6244),BA3232R,196.03545,232.982928
Selumetinib (AZD6244),BA3235R,151.60776,120.2215328
Selumetinib (AZD6244),BA3240R,253.88869,276.3730316
Selumetinib (AZD6244),BA3242R,200.83339,267.8618517
Selumetinib (AZD6244),BA3243R,182.97704,176.0834096
Selumetinib (AZD6244),BA3249R,252.58719,256.5657123
Selumetinib (AZD6244),BA3250R,147.4236,168.4542187
Selumetinib (AZD6244),BA3251R,193.76843,135.0270607
Selumetinib (AZD6244),BA3258R,147.95651,83.25030819
Selumetinib (AZD6244),BA3260R,205.62386,75.19581569
Selumetinib (AZD6244),BA3261R,247.32922,278.5159467
Selumetinib (AZD6244),BA3264R,223.95187,253.8792416
Selumetinib (AZD6244),BA3266R,196.4396,219.9600395
Selumetinib (AZD6244),BA3268R,236.96313,203.4006377
Selumetinib (AZD6244),BA3270R,179.0908,191.6867401
Selumetinib (AZD6244),BA3271R,153.20361,212.7830203
Selumetinib (AZD6244),BA3273R,237.93,233.1133063
Selumetinib (AZD6244),BA3275R,248.9119,286.3279433
Selumetinib (AZD6244),BA3277R,220.5744,275.17729
Selumetinib (AZD6244),BA3283R,166.27014,29.25387937
Selumetinib (AZD6244),BA3285R,237.62723,284.9180518
Selumetinib (AZD6244),BA3286R,156.2951,252.9276879
Selumetinib (AZD6244),BA3289R,159.52815,203.4794208
Selumetinib (AZD6244),BA3290R,233.30943,235.5041544
Selumetinib (AZD6244),BA3293R,251.29155,213.005278
Selumetinib (AZD6244),BA3295R,158.64172,34.31646444
Selumetinib (AZD6244),BA3297R,197.70995,286.3279433
Selumetinib (AZD6244),BA3299R,185.8191,137.8690244
Selumetinib (AZD6244),BA3300R,236.46703,129.1119627
Selumetinib (AZD6244),BA3302R,210.30516,134.8407294
Selumetinib (AZD6244),BA3305R,208.69106,143.7527791
Selumetinib (AZD6244),BA3306R,257.76538,252.3692103
Selumetinib (AZD6244),BA3308R,224.90903,267.5072025
Selumetinib (AZD6244),BA3310R,261.50632,286.3279433
Selumetinib (AZD6244),BA3311R,154.04663,115.4037589
Selumetinib (AZD6244),BA3312R,200.76808,102.7239283
Selumetinib (AZD6244),BA3317R,257.14532,286.3279433
Selumetinib (AZD6244),BA3318R,221.55447,286.3279433
Selumetinib (AZD6244),BA3319R,162.03836,64.42219446
Selumetinib (AZD6244),BA3324R,175.65242,179.661812
Selumetinib (AZD6244),BA3325R,205.0433,167.8369781
Selumetinib (AZD6244),BA3326R,175.4838,77.12730122
Selumetinib (AZD6244),BA3328R,243.43245,238.610033
Selumetinib (AZD6244),BA3332R,246.44562,286.3279433
Selumetinib (AZD6244),BA3333R,247.93767,235.7911457
Selumetinib (AZD6244),BA3334R,191.72017,177.9530441
Selumetinib (AZD6244),BA3341R,241.55756,208.2568398
Selumetinib (AZD6244),BA3345R,163.94058,127.1493067
Selumetinib (AZD6244),BA3347R,196.26534,151.1080018
Selumetinib (AZD6244),BA3351R,240.99464,286.3279433
Selumetinib (AZD6244),BA3352R,252.78108,236.72866
Selumetinib (AZD6244),BA3353R,258.9383,269.3427688
Selumetinib (AZD6244),BA3357R,242.63287,286.3279433
Selumetinib (AZD6244),BA3362R,224.46744,240.4829686
Selumetinib (AZD6244),BA3367R,196.34224,234.481438
Selumetinib (AZD6244),BA3369R,147.27414,56.7331183
Selumetinib (AZD6244),BA3373R,202.46869,24.67280032
Selumetinib (AZD6244),BA3374R,198.76616,71.59880357
Selumetinib (AZD6244),BA3375R,259.48267,199.696964
Selumetinib (AZD6244),BA3379R,191.15355,230.6934296
Selumetinib (AZD6244),BA3380R,240.94614,60.70804826
Selumetinib (AZD6244),BA3381R,169.01822,200.8447842
Selumetinib (AZD6244),BA3384R,196.98326,223.0985834
Selumetinib (AZD6244),BA3385R,166.16522,136.1828387
Selumetinib (AZD6244),BA3386R,233.76854,246.9632862
Selumetinib (AZD6244),BA3388R,191.47554,185.6903756
Selumetinib (AZD6244),BA3390R,153.86844,49.3412987
Selumetinib (AZD6244),BA3394R,152.69553,32.44238621
Selumetinib (AZD6244),BA3397R,204.33148,213.8286752
Selumetinib (AZD6244),BA3399R,197.38152,99.21177469
Selumetinib (AZD6244),BA3400R,251.37112,271.906437
Selumetinib (AZD6244),BA3403R,187.59038,55.94350344
Selumetinib (AZD6244),BA3406R,233.25621,187.4462862
Selumetinib (AZD6244),BA3411R,227.35318,275.7695362
Selumetinib (AZD6244),BA3412R,239.17271,250.8496917
Selumetinib (AZD6244),BA3415R,232.70395,250.253041
Selumetinib (AZD6244),BA3417R,165.82545,116.2034314
Selumetinib (AZD6244),BA3418R,213.49483,249.2547109
Selumetinib (AZD6244),BA3421R,160.25842,200.4699799
Selumetinib (AZD6244),BA3422R,263.5686,281.859924
Selumetinib (AZD6244),BA3423R,259.4008,271.6967041
Selumetinib (AZD6244),BA3431R,164.64839,98.3446978
Selumetinib (AZD6244),BA3433R,257.07712,286.3279433
Selumetinib (AZD6244),BA3434R,199.31729,215.3004068
Selumetinib (AZD6244),BA3438R,236.83495,219.7048137
Selumetinib (AZD6244),BA3445R,243.19336,228.436399
Selumetinib (AZD6244),BA3446R,166.84132,93.76071423
Selumetinib (AZD6244),BA3449R,199.08763,60.01398823
Selumetinib (AZD6244),BA3451R,143.69768,122.5494576
Selumetinib (AZD6244),BA3452R,196.1403,124.1399288
Selumetinib (AZD6244),BA3454R,226.3851,109.629907
Staurosporine,BA3230R,209.00362,230.8625681
Staurosporine,BA3243R,184.72314,222.0969985
Staurosporine,BA3379R,192.22665,256.9864641
TG100-115,BA3078R,233.66109,144.1757297
TG100-115,BA3079R,242.95972,207.2114348
TG100-115,BA3083R,237.90576,238.6187523
TG100-115,BA3084R,237.98015,205.4435536
TG100-115,BA3087R,250.36238,244.5211293
TG100-115,BA3094R,244.8314,142.5628191
TG100-115,BA3098R,237.113,271.7824234
TG100-115,BA3099R,244.88698,252.2711366
TG100-115,BA3110R,241.39224,212.4914495
TG100-115,BA3114R,241.82559,211.3508017
TG100-115,BA3117R,249.03142,286.3279433
TG100-115,BA3119R,248.5146,186.6229874
TG100-115,BA3126R,243.64091,241.8740363
TG100-115,BA3128R,249.06789,254.6567415
TG100-115,BA3130R,244.82613,267.1852453
TG100-115,BA3133R,256.83914,251.115531
TG100-115,BA3135R,243.32582,231.9336838
TG100-115,BA3137R,238.03082,257.5689314
TG100-115,BA3138R,258.8441,250.4102265
TG100-115,BA3139R,257.88715,214.6869347
TG100-115,BA3145R,253.56958,264.8125082
TG100-115,BA3146R,235.83391,248.4658436
TG100-115,BA3152R,236.20918,189.2468719
TG100-115,BA3153R,248.97064,266.6708485
TG100-115,BA3154R,246.50555,199.490635
TG100-115,BA3157R,248.244,244.4030863
TG100-115,BA3158R,235.67435,213.3170701
TG100-115,BA3162R,245.10716,252.2932317
TG100-115,BA3163R,240.91847,252.9645922
TG100-115,BA3164R,251.11334,286.3279433
TG100-115,BA3167R,241.50948,207.1913069
TG100-115,BA3169R,247.0555,170.3784945
TG100-115,BA3171R,257.58847,274.6470864
TG100-115,BA3174R,249.20685,186.6640785
TG100-115,BA3175R,248.09975,229.6643577
TG100-115,BA3177R,231.40936,257.9308632
TG100-115,BA3181R,254.64584,245.0779618
TG100-115,BA3182R,232.10506,225.9067387
TG100-115,BA3183R,248.07114,221.880913
TG100-115,BA3185R,235.32457,153.1433605
TG100-115,BA3186R,253.1299,264.6016789
TG100-115,BA3187R,246.8033,268.2410336
TG100-115,BA3189R,251.12761,277.8134748
TG100-115,BA3190R,254.99384,244.8540306
TG100-115,BA3191R,239.20619,228.8078034
TG100-115,BA3192R,247.33054,282.6458499
TG100-115,BA3195R,246.94655,252.4471337
TG100-115,BA3197R,246.12862,273.5406884
TG100-115,BA3199R,239.98466,286.3279433
TG100-115,BA3200R,252.22115,232.7570593
TG100-115,BA3203R,251.48466,252.6592419
TG100-115,BA3207R,255.87645,221.0396561
TG100-115,BA3208R,248.75421,237.6895203
TG100-115,BA3210R,253.85478,203.1911674
TG100-115,BA3212R,255.5219,270.6730417
TG100-115,BA3213R,237.85657,228.5659187
TG100-115,BA3214R,260.17188,258.1449743
TG100-115,BA3216R,247.56863,249.8588984
TG100-115,BA3217R,245.80516,272.5200435
TG100-115,BA3219R,238.48424,263.8642499
TG100-115,BA3222R,248.32706,271.0405217
TG100-115,BA3225R,238.79585,202.478813
TG100-115,BA3226R,251.20755,236.366567
TG100-115,BA3227R,249.45833,286.0930152
TG100-115,BA3228R,246.12743,280.7596081
TG100-115,BA3229R,247.56744,121.8408567
TG100-115,BA3230R,253.55063,214.2057461
TG100-115,BA3232R,245.06065,263.5430163
TG100-115,BA3235R,242.12004,247.1138208
TG100-115,BA3240R,252.28867,221.362602
TG100-115,BA3242R,247.21675,285.7865769
TG100-115,BA3243R,244.90987,163.8271638
TG100-115,BA3249R,253.97658,259.4680044
TG100-115,BA3250R,231.59222,267.1689942
TG100-115,BA3251R,242.54832,237.0543157
TG100-115,BA3258R,238.90839,237.9394652
TG100-115,BA3260R,258.44897,284.7405733
TG100-115,BA3261R,254.4452,253.0371071
TG100-115,BA3264R,232.62802,241.2018
TG100-115,BA3266R,242.22641,230.9696379
TG100-115,BA3268R,246.95499,268.2875486
TG100-115,BA3270R,247.10379,257.4231951
TG100-115,BA3271R,236.78891,195.9768917
TG100-115,BA3273R,245.18037,270.0129416
TG100-115,BA3275R,244.66092,239.0473005
TG100-115,BA3277R,245.87392,211.6216902
TG100-115,BA3283R,245.32098,247.3524981
TG100-115,BA3285R,256.1676,244.1216963
TG100-115,BA3286R,231.98526,271.4573525
TG100-115,BA3289R,241.7363,266.791732
TG100-115,BA3290R,256.87598,268.8949513
TG100-115,BA3293R,250.82587,281.8642946
TG100-115,BA3295R,230.2211,163.4188114
TG100-115,BA3297R,242.05873,63.96841227
TG100-115,BA3299R,239.8803,173.2141318
TG100-115,BA3300R,253.93219,250.0072149
TG100-115,BA3302R,246.19382,277.9745416
TG100-115,BA3305R,250.30138,255.2872977
TG100-115,BA3306R,249.15576,286.3279433
TG100-115,BA3308R,240.06076,183.955596
TG100-115,BA3310R,244.1714,274.050353
TG100-115,BA3312R,246.61964,267.1676467
TG100-115,BA3317R,249.3902,189.5128354
TG100-115,BA3318R,253.22502,177.8247865
TG100-115,BA3319R,249.35938,239.3617205
TG100-115,BA3324R,245.88527,239.1174919
TG100-115,BA3325R,252.19577,272.5079559
TG100-115,BA3326R,244.9756,263.2266892
TG100-115,BA3328R,244.8601,236.1330839
TG100-115,BA3332R,245.24527,247.3931307
TG100-115,BA3333R,246.74753,269.6652327
TG100-115,BA3334R,242.84267,197.4437386
TG100-115,BA3341R,250.77728,262.0772043
TG100-115,BA3345R,241.00883,207.5298799
TG100-115,BA3347R,251.47083,218.0161137
TG100-115,BA3351R,255.77104,234.3244622
TG100-115,BA3352R,248.27542,256.7225097
TG100-115,BA3353R,248.43494,281.0313342
TG100-115,BA3357R,251.78069,233.1743289
TG100-115,BA3362R,254.48767,265.5647934
TG100-115,BA3367R,248.81897,245.7656157
TG100-115,BA3369R,232.9729,271.3052047
TG100-115,BA3373R,262.34515,286.3279433
TG100-115,BA3374R,247.44801,238.9511706
TG100-115,BA3375R,242.9685,235.5244615
TG100-115,BA3379R,243.10994,264.0595328
TG100-115,BA3380R,249.96944,271.9420786
TG100-115,BA3381R,238.4285,229.9185255
TG100-115,BA3384R,245.36954,209.9821542
TG100-115,BA3385R,238.5187,209.3709415
TG100-115,BA3386R,246.25456,90.22650852
TG100-115,BA3388R,257.74475,263.1807007
TG100-115,BA3390R,244.0891,277.7952835
TG100-115,BA3394R,249.32494,232.0974352
TG100-115,BA3397R,247.91197,180.2779228
TG100-115,BA3399R,252.58984,261.8866286
TG100-115,BA3400R,251.20988,280.2246726
TG100-115,BA3403R,248.19482,258.6975662
TG100-115,BA3406R,245.64114,220.3985342
TG100-115,BA3411R,255.73865,270.3477889
TG100-115,BA3412R,253.1209,277.0026152
TG100-115,BA3415R,253.22339,232.6845678
TG100-115,BA3416R,257.9257,286.3279433
TG100-115,BA3417R,239.6843,190.6981812
TG100-115,BA3418R,254.44987,207.7593052
TG100-115,BA3421R,238.0193,242.416831
TG100-115,BA3422R,251.22313,205.3548461
TG100-115,BA3423R,252.16428,258.0828605
TG100-115,BA3431R,245.19989,267.8463571
TG100-115,BA3433R,247.27573,260.104006
TG100-115,BA3434R,251.20334,221.8331141
TG100-115,BA3438R,246.03021,215.5776958
TG100-115,BA3445R,246.5087,200.1325136
TG100-115,BA3446R,237.42133,224.2405441
TG100-115,BA3449R,250.65363,285.7745835
TG100-115,BA3451R,244.37242,225.4096368
TG100-115,BA3452R,245.49686,267.3893251
TG100-115,BA3454R,248.97534,286.3279433
TG101348,BA3230R,166.0906,62.38438373
TG101348,BA3243R,145.97916,109.3387986
TG101348,BA3379R,149.15251,159.0327242
Tivozanib (AV-951),BA3078R,138.89374,126.8054023
Tivozanib (AV-951),BA3079R,134.67831,183.1758018
Tivozanib (AV-951),BA3083R,136.89034,160.7335042
Tivozanib (AV-951),BA3084R,155.35861,129.5444512
Tivozanib (AV-951),BA3087R,197.1059,286.174312
Tivozanib (AV-951),BA3089R,188.60445,228.0647968
Tivozanib (AV-951),BA3094R,183.5399,253.1370882
Tivozanib (AV-951),BA3098R,128.83315,95.16115229
Tivozanib (AV-951),BA3099R,135.3465,107.5979448
Tivozanib (AV-951),BA3110R,154.66345,105.1443561
Tivozanib (AV-951),BA3114R,159.17139,179.6389364
Tivozanib (AV-951),BA3118R,156.64793,207.6063371
Tivozanib (AV-951),BA3119R,170.95558,272.2593284
Tivozanib (AV-951),BA3126R,179.11586,95.86777085
Tivozanib (AV-951),BA3128R,172.43483,175.6764734
Tivozanib (AV-951),BA3130R,223.0745,193.2143282
Tivozanib (AV-951),BA3133R,221.77243,175.8422553
Tivozanib (AV-951),BA3135R,159.1716,65.98560982
Tivozanib (AV-951),BA3137R,137.74722,203.8671054
Tivozanib (AV-951),BA3138R,196.52176,174.7177869
Tivozanib (AV-951),BA3139R,219.82323,195.856731
Tivozanib (AV-951),BA3145R,210.21191,134.9614186
Tivozanib (AV-951),BA3146R,103.48243,51.9948481
Tivozanib (AV-951),BA3152R,160.78412,105.1340925
Tivozanib (AV-951),BA3153R,163.06757,146.2123077
Tivozanib (AV-951),BA3157R,170.755,257.3878971
Tivozanib (AV-951),BA3158R,135.31726,51.90971246
Tivozanib (AV-951),BA3162R,158.26874,208.6549772
Tivozanib (AV-951),BA3163R,189.95781,197.1172544
Tivozanib (AV-951),BA3164R,160.2251,155.6825102
Tivozanib (AV-951),BA3169R,188.40114,119.9211796
Tivozanib (AV-951),BA3171R,222.75691,283.6687643
Tivozanib (AV-951),BA3174R,152.73656,97.9153698
Tivozanib (AV-951),BA3175R,164.71727,257.149087
Tivozanib (AV-951),BA3177R,120.31764,83.10295028
Tivozanib (AV-951),BA3181R,190.50789,205.7630506
Tivozanib (AV-951),BA3182R,134.55049,113.0112746
Tivozanib (AV-951),BA3183R,176.8791,228.3717874
Tivozanib (AV-951),BA3185R,133.88028,70.51625393
Tivozanib (AV-951),BA3186R,209.5371,220.6679447
Tivozanib (AV-951),BA3187R,179.05594,154.7086395
Tivozanib (AV-951),BA3189R,198.70592,228.7154889
Tivozanib (AV-951),BA3190R,201.45041,263.6913511
Tivozanib (AV-951),BA3192R,188.71675,145.3617827
Tivozanib (AV-951),BA3195R,154.302,130.4302121
Tivozanib (AV-951),BA3197R,150.81009,85.04763973
Tivozanib (AV-951),BA3200R,194.16466,188.1618167
Tivozanib (AV-951),BA3203R,179.85548,221.2900174
Tivozanib (AV-951),BA3206R,199.84755,245.1379003
Tivozanib (AV-951),BA3207R,202.57117,207.7947179
Tivozanib (AV-951),BA3208R,165.96024,110.361298
Tivozanib (AV-951),BA3210R,184.9924,161.2290724
Tivozanib (AV-951),BA3212R,216.08911,280.9989499
Tivozanib (AV-951),BA3213R,128.47615,86.65888075
Tivozanib (AV-951),BA3214R,203.66237,258.4843814
Tivozanib (AV-951),BA3216R,165.07172,76.71233323
Tivozanib (AV-951),BA3217R,155.6617,130.4032816
Tivozanib (AV-951),BA3219R,169.60881,68.00943428
Tivozanib (AV-951),BA3222R,211.51959,255.092928
Tivozanib (AV-951),BA3225R,181.50673,149.2591828
Tivozanib (AV-951),BA3226R,182.47491,210.6511518
Tivozanib (AV-951),BA3227R,176.66798,159.566957
Tivozanib (AV-951),BA3228R,142.79448,155.4265042
Tivozanib (AV-951),BA3229R,186.65431,152.4990544
Tivozanib (AV-951),BA3232R,164.36494,213.4282153
Tivozanib (AV-951),BA3235R,166.0468,126.8922462
Tivozanib (AV-951),BA3240R,193.46436,50.95148636
Tivozanib (AV-951),BA3242R,173.05585,158.6966449
Tivozanib (AV-951),BA3243R,158.1297,225.7277434
Tivozanib (AV-951),BA3249R,208.78633,251.4259468
Tivozanib (AV-951),BA3250R,147.28194,216.4475035
Tivozanib (AV-951),BA3251R,137.8844,152.0686333
Tivozanib (AV-951),BA3258R,149.93518,196.2361663
Tivozanib (AV-951),BA3260R,202.13472,243.7322027
Tivozanib (AV-951),BA3261R,215.96411,223.2173274
Tivozanib (AV-951),BA3264R,120.16437,139.6942248
Tivozanib (AV-951),BA3266R,144.75621,83.62348469
Tivozanib (AV-951),BA3268R,190.44179,236.8927948
Tivozanib (AV-951),BA3270R,166.44855,178.0767448
Tivozanib (AV-951),BA3271R,115.82246,85.22586732
Tivozanib (AV-951),BA3273R,201.70071,164.310143
Tivozanib (AV-951),BA3275R,163.59448,219.114085
Tivozanib (AV-951),BA3277R,176.74232,206.3115989
Tivozanib (AV-951),BA3283R,135.38948,104.1238918
Tivozanib (AV-951),BA3285R,220.70647,216.7175268
Tivozanib (AV-951),BA3286R,119.39808,145.2485447
Tivozanib (AV-951),BA3289R,141.7917,112.8923572
Tivozanib (AV-951),BA3290R,210.49487,217.9523644
Tivozanib (AV-951),BA3293R,186.0468,161.3572775
Tivozanib (AV-951),BA3295R,148.16202,238.667657
Tivozanib (AV-951),BA3297R,160.35036,138.2787112
Tivozanib (AV-951),BA3299R,151.75647,88.75710225
Tivozanib (AV-951),BA3300R,191.99942,270.8030562
Tivozanib (AV-951),BA3302R,175.35603,151.9513128
Tivozanib (AV-951),BA3305R,177.36005,208.2215491
Tivozanib (AV-951),BA3306R,187.92822,109.8768888
Tivozanib (AV-951),BA3308R,149.6783,167.951743
Tivozanib (AV-951),BA3310R,162.5117,198.1921329
Tivozanib (AV-951),BA3311R,150.96104,40.32016661
Tivozanib (AV-951),BA3312R,179.34406,232.0134253
Tivozanib (AV-951),BA3317R,185.57893,170.0994169
Tivozanib (AV-951),BA3318R,197.15298,10.91670756
Tivozanib (AV-951),BA3319R,215.7298,124.9872788
Tivozanib (AV-951),BA3324R,171.91426,117.4802608
Tivozanib (AV-951),BA3326R,193.74977,228.8910614
Tivozanib (AV-951),BA3328R,182.53241,207.7178776
Tivozanib (AV-951),BA3332R,171.78035,205.1317135
Tivozanib (AV-951),BA3333R,176.3978,193.4254569
Tivozanib (AV-951),BA3334R,162.24896,145.0283338
Tivozanib (AV-951),BA3341R,204.64854,205.6030343
Tivozanib (AV-951),BA3345R,132.77005,155.8816349
Tivozanib (AV-951),BA3347R,188.4488,223.928866
Tivozanib (AV-951),BA3351R,221.56357,215.8461198
Tivozanib (AV-951),BA3352R,187.4411,166.6686074
Tivozanib (AV-951),BA3353R,192.62756,219.0432005
Tivozanib (AV-951),BA3357R,194.18524,219.402091
Tivozanib (AV-951),BA3362R,215.07852,214.6279443
Tivozanib (AV-951),BA3367R,184.01729,169.0063476
Tivozanib (AV-951),BA3369R,122.929245,198.5869919
Tivozanib (AV-951),BA3373R,226.98424,275.6296806
Tivozanib (AV-951),BA3374R,196.88203,238.9151193
Tivozanib (AV-951),BA3375R,151.88902,149.4276771
Tivozanib (AV-951),BA3376R,141.80971,82.03998389
Tivozanib (AV-951),BA3379R,163.89258,186.2248424
Tivozanib (AV-951),BA3380R,149.77173,143.2035754
Tivozanib (AV-951),BA3381R,156.4739,186.7845868
Tivozanib (AV-951),BA3384R,148.65575,188.9696216
Tivozanib (AV-951),BA3385R,130.57039,86.77491256
Tivozanib (AV-951),BA3386R,118.04331,185.9325885
Tivozanib (AV-951),BA3388R,194.5747,201.2467329
Tivozanib (AV-951),BA3390R,162.67278,225.8446508
Tivozanib (AV-951),BA3394R,168.52087,228.9843259
Tivozanib (AV-951),BA3397R,173.24864,163.3913363
Tivozanib (AV-951),BA3399R,175.9315,165.0640379
Tivozanib (AV-951),BA3400R,218.14816,224.1465923
Tivozanib (AV-951),BA3403R,188.34917,241.4337377
Tivozanib (AV-951),BA3406R,157.93924,124.407784
Tivozanib (AV-951),BA3411R,206.70644,235.2436924
Tivozanib (AV-951),BA3412R,211.7413,250.4886523
Tivozanib (AV-951),BA3415R,219.2056,197.8410858
Tivozanib (AV-951),BA3416R,218.70021,286.3279433
Tivozanib (AV-951),BA3417R,143.43718,124.3984827
Tivozanib (AV-951),BA3418R,186.93573,134.1554022
Tivozanib (AV-951),BA3421R,136.67458,115.7244421
Tivozanib (AV-951),BA3422R,205.54811,215.2703947
Tivozanib (AV-951),BA3423R,198.61948,192.170084
Tivozanib (AV-951),BA3431R,141.40446,87.9854961
Tivozanib (AV-951),BA3433R,189.72415,226.6105616
Tivozanib (AV-951),BA3434R,187.26639,252.3206108
Tivozanib (AV-951),BA3438R,187.34644,159.3913899
Tivozanib (AV-951),BA3445R,183.90578,60.66675033
Tivozanib (AV-951),BA3446R,140.46973,192.4052801
Tivozanib (AV-951),BA3449R,190.34737,117.9428947
Tivozanib (AV-951),BA3451R,172.1318,273.6586614
Tivozanib (AV-951),BA3452R,158.5133,199.6703074
Tivozanib (AV-951),BA3454R,144.13371,47.3733988
Trametinib (GSK1120212),BA3078R,107.5429,175.4505256
Trametinib (GSK1120212),BA3079R,97.83372,96.47527588
Trametinib (GSK1120212),BA3083R,101.87005,106.7338775
Trametinib (GSK1120212),BA3084R,156.79309,149.8599874
Trametinib (GSK1120212),BA3087R,175.35544,242.6446185
Trametinib (GSK1120212),BA3089R,163.15472,150.9684975
Trametinib (GSK1120212),BA3094R,156.30441,84.3048309
Trametinib (GSK1120212),BA3095R,170.2132,170.1580685
Trametinib (GSK1120212),BA3098R,91.4503,67.58493714
Trametinib (GSK1120212),BA3099R,109.36933,161.1570292
Trametinib (GSK1120212),BA3109R,102.53209,37.76256402
Trametinib (GSK1120212),BA3110R,132.18814,96.52664092
Trametinib (GSK1120212),BA3114R,134.59187,115.4431836
Trametinib (GSK1120212),BA3117R,160.97562,256.2519666
Trametinib (GSK1120212),BA3118R,104.64624,22.09570797
Trametinib (GSK1120212),BA3119R,174.4441,285.0526054
Trametinib (GSK1120212),BA3126R,113.894066,113.4917138
Trametinib (GSK1120212),BA3128R,159.19438,161.0998942
Trametinib (GSK1120212),BA3130R,139.42287,14.33006923
Trametinib (GSK1120212),BA3133R,180.74928,142.5426262
Trametinib (GSK1120212),BA3135R,171.51474,22.23452065
Trametinib (GSK1120212),BA3136R,130.44617,98.71432669
Trametinib (GSK1120212),BA3137R,87.277565,46.34722902
Trametinib (GSK1120212),BA3138R,138.01788,104.6467093
Trametinib (GSK1120212),BA3139R,178.97958,162.7115237
Trametinib (GSK1120212),BA3141R,181.86707,232.7736393
Trametinib (GSK1120212),BA3142R,163.15724,133.4343851
Trametinib (GSK1120212),BA3145R,184.62233,117.5711439
Trametinib (GSK1120212),BA3146R,78.949295,48.73933725
Trametinib (GSK1120212),BA3152R,110.04149,97.56530841
Trametinib (GSK1120212),BA3153R,140.92929,130.7749696
Trametinib (GSK1120212),BA3154R,176.28496,58.64125039
Trametinib (GSK1120212),BA3157R,152.06375,105.843995
Trametinib (GSK1120212),BA3158R,111.914894,29.72649194
Trametinib (GSK1120212),BA3162R,98.618324,48.43258127
Trametinib (GSK1120212),BA3163R,108.92743,17.57784364
Trametinib (GSK1120212),BA3164R,145.11105,104.820362
Trametinib (GSK1120212),BA3167R,134.10411,91.54707672
Trametinib (GSK1120212),BA3169R,136.35046,138.4206373
Trametinib (GSK1120212),BA3171R,181.1781,74.03347007
Trametinib (GSK1120212),BA3174R,98.3197,37.31619249
Trametinib (GSK1120212),BA3175R,101.51534,7.00476681
Trametinib (GSK1120212),BA3176R,159.22559,177.8381516
Trametinib (GSK1120212),BA3177R,87.39547,30.0273162
Trametinib (GSK1120212),BA3181R,119.68768,71.93210323
Trametinib (GSK1120212),BA3182R,93.0579,50.09239335
Trametinib (GSK1120212),BA3183R,159.12396,179.7871678
Trametinib (GSK1120212),BA3185R,116.32652,88.00158476
Trametinib (GSK1120212),BA3186R,165.99644,150.331492
Trametinib (GSK1120212),BA3187R,137.83417,89.11553964
Trametinib (GSK1120212),BA3189R,175.69614,192.5322457
Trametinib (GSK1120212),BA3190R,169.70392,203.3507679
Trametinib (GSK1120212),BA3191R,91.55462,25.3931456
Trametinib (GSK1120212),BA3192R,178.77216,131.5339428
Trametinib (GSK1120212),BA3195R,126.98444,134.2808062
Trametinib (GSK1120212),BA3197R,161.66121,193.4602117
Trametinib (GSK1120212),BA3199R,108.09468,70.82579826
Trametinib (GSK1120212),BA3200R,182.66356,219.5058523
Trametinib (GSK1120212),BA3203R,150.58447,225.121344
Trametinib (GSK1120212),BA3206R,184.38518,196.2640746
Trametinib (GSK1120212),BA3207R,120.0587,119.255807
Trametinib (GSK1120212),BA3208R,141.41527,67.5977557
Trametinib (GSK1120212),BA3210R,141.37689,153.0457396
Trametinib (GSK1120212),BA3211R,111.95698,98.71745825
Trametinib (GSK1120212),BA3212R,163.47047,20.91228918
Trametinib (GSK1120212),BA3213R,89.49119,87.99795379
Trametinib (GSK1120212),BA3214R,149.24327,34.47182541
Trametinib (GSK1120212),BA3216R,149.81985,129.2030886
Trametinib (GSK1120212),BA3217R,155.76779,158.5816574
Trametinib (GSK1120212),BA3219R,107.16351,17.4677544
Trametinib (GSK1120212),BA3222R,178.5121,86.52014645
Trametinib (GSK1120212),BA3225R,124.60158,30.74417008
Trametinib (GSK1120212),BA3226R,168.76306,189.6800686
Trametinib (GSK1120212),BA3227R,170.12917,171.9791316
Trametinib (GSK1120212),BA3228R,95.64502,77.27871437
Trametinib (GSK1120212),BA3229R,136.8294,73.46062359
Trametinib (GSK1120212),BA3232R,125.54671,194.5397038
Trametinib (GSK1120212),BA3234R,97.062935,42.16929474
Trametinib (GSK1120212),BA3235R,101.44815,68.88991356
Trametinib (GSK1120212),BA3237R,130.16605,49.64981338
Trametinib (GSK1120212),BA3240R,173.78688,112.4684717
Trametinib (GSK1120212),BA3242R,133.57079,167.46311
Trametinib (GSK1120212),BA3243R,117.254234,103.0542818
Trametinib (GSK1120212),BA3245R,146.78221,51.59215781
Trametinib (GSK1120212),BA3249R,183.76843,210.188776
Trametinib (GSK1120212),BA3250R,94.11608,61.18257247
Trametinib (GSK1120212),BA3251R,112.305115,117.6216692
Trametinib (GSK1120212),BA3255R,89.9989,182.143454
Trametinib (GSK1120212),BA3258R,96.11647,74.24564479
Trametinib (GSK1120212),BA3260R,146.77278,106.1043136
Trametinib (GSK1120212),BA3261R,200.47363,220.5093047
Trametinib (GSK1120212),BA3264R,125.87576,147.1517722
Trametinib (GSK1120212),BA3266R,116.04384,91.61950179
Trametinib (GSK1120212),BA3268R,168.47972,156.9148062
Trametinib (GSK1120212),BA3270R,112.98858,140.464026
Trametinib (GSK1120212),BA3271R,86.783134,66.94057789
Trametinib (GSK1120212),BA3273R,184.04225,101.3958382
Trametinib (GSK1120212),BA3275R,160.59348,203.7946234
Trametinib (GSK1120212),BA3277R,164.13559,189.6461365
Trametinib (GSK1120212),BA3283R,94.75345,25.45500543
Trametinib (GSK1120212),BA3285R,178.78514,225.3897684
Trametinib (GSK1120212),BA3286R,88.78654,134.762332
Trametinib (GSK1120212),BA3289R,95.5158,63.8373827
Trametinib (GSK1120212),BA3290R,184.5755,257.4385163
Trametinib (GSK1120212),BA3293R,172.76602,119.0198696
Trametinib (GSK1120212),BA3295R,97.75371,25.73447056
Trametinib (GSK1120212),BA3296R,148.66016,174.6586815
Trametinib (GSK1120212),BA3297R,128.1875,133.4128778
Trametinib (GSK1120212),BA3299R,111.795135,56.67792479
Trametinib (GSK1120212),BA3300R,153.28523,105.2782932
Trametinib (GSK1120212),BA3302R,142.79846,156.8481852
Trametinib (GSK1120212),BA3305R,139.87364,138.9875483
Trametinib (GSK1120212),BA3306R,183.22162,100.0306026
Trametinib (GSK1120212),BA3308R,135.80806,118.5244667
Trametinib (GSK1120212),BA3310R,172.29167,141.4664362
Trametinib (GSK1120212),BA3311R,93.73001,8.09E-09
Trametinib (GSK1120212),BA3312R,135.89973,33.76816868
Trametinib (GSK1120212),BA3317R,172.6951,107.6987321
Trametinib (GSK1120212),BA3318R,156.84625,80.96702838
Trametinib (GSK1120212),BA3319R,106.560524,21.90895522
Trametinib (GSK1120212),BA3324R,116.64295,131.1294192
Trametinib (GSK1120212),BA3326R,122.25081,71.34927233
Trametinib (GSK1120212),BA3328R,176.0299,243.3984407
Trametinib (GSK1120212),BA3329R,135.91689,115.7927351
Trametinib (GSK1120212),BA3332R,160.55249,255.597009
Trametinib (GSK1120212),BA3333R,173.13197,198.6651362
Trametinib (GSK1120212),BA3334R,125.445694,183.0820356
Trametinib (GSK1120212),BA3339R,147.86154,228.5224923
Trametinib (GSK1120212),BA3341R,192.6665,185.7277593
Trametinib (GSK1120212),BA3345R,89.37413,72.13353115
Trametinib (GSK1120212),BA3347R,140.01448,87.47934244
Trametinib (GSK1120212),BA3351R,186.91373,186.4173924
Trametinib (GSK1120212),BA3352R,182.93579,85.77467727
Trametinib (GSK1120212),BA3353R,184.214,286.3279433
Trametinib (GSK1120212),BA3357R,169.3981,195.5992404
Trametinib (GSK1120212),BA3362R,177.47458,223.1442344
Trametinib (GSK1120212),BA3367R,142.30588,248.4729324
Trametinib (GSK1120212),BA3369R,84.7372,27.77439682
Trametinib (GSK1120212),BA3373R,152.87796,79.50895158
Trametinib (GSK1120212),BA3374R,147.03079,44.82144962
Trametinib (GSK1120212),BA3375R,167.58757,157.3081489
Trametinib (GSK1120212),BA3376R,138.4561,117.0739041
Trametinib (GSK1120212),BA3379R,122.80059,251.6168071
Trametinib (GSK1120212),BA3380R,148.23705,167.1862954
Trametinib (GSK1120212),BA3381R,109.982765,161.4679608
Trametinib (GSK1120212),BA3384R,116.85175,193.9837594
Trametinib (GSK1120212),BA3385R,93.23607,78.05093117
Trametinib (GSK1120212),BA3386R,118.18989,194.6285658
Trametinib (GSK1120212),BA3388R,137.69614,117.9915589
Trametinib (GSK1120212),BA3390R,97.216934,47.40042266
Trametinib (GSK1120212),BA3394R,97.11778,9.581467874
Trametinib (GSK1120212),BA3397R,139.91812,98.26194973
Trametinib (GSK1120212),BA3399R,133.9956,91.79226811
Trametinib (GSK1120212),BA3400R,202.57709,209.3724573
Trametinib (GSK1120212),BA3403R,133.90335,53.00196368
Trametinib (GSK1120212),BA3406R,151.4887,155.143514
Trametinib (GSK1120212),BA3411R,182.48953,216.7241498
Trametinib (GSK1120212),BA3412R,185.71431,259.3204585
Trametinib (GSK1120212),BA3415R,189.37814,241.404174
Trametinib (GSK1120212),BA3416R,200.4371,276.1434466
Trametinib (GSK1120212),BA3418R,151.04181,131.8757785
Trametinib (GSK1120212),BA3421R,94.45578,71.82924775
Trametinib (GSK1120212),BA3422R,194.81114,222.2784553
Trametinib (GSK1120212),BA3423R,177.5687,109.9707453
Trametinib (GSK1120212),BA3431R,98.64413,42.48471248
Trametinib (GSK1120212),BA3433R,184.52733,207.1769576
Trametinib (GSK1120212),BA3434R,133.0622,125.8761242
Trametinib (GSK1120212),BA3436R,190.21298,222.8172222
Trametinib (GSK1120212),BA3438R,166.15266,97.40477451
Trametinib (GSK1120212),BA3445R,173.69908,51.7496897
Trametinib (GSK1120212),BA3446R,98.86933,64.8194995
Trametinib (GSK1120212),BA3448R,180.62924,117.5767229
Trametinib (GSK1120212),BA3449R,136.65598,1.235912245
Trametinib (GSK1120212),BA3451R,89.97328,42.36902574
Trametinib (GSK1120212),BA3452R,122.87834,77.39866712
Trametinib (GSK1120212),BA3454R,135.47935,173.3557741
Vismodegib (GDC-0449),BA3078R,276.85544,286.3279433
Vismodegib (GDC-0449),BA3079R,278.2901,267.1802439
Vismodegib (GDC-0449),BA3083R,278.919,214.4897707
Vismodegib (GDC-0449),BA3084R,273.07666,286.3279433
Vismodegib (GDC-0449),BA3087R,276.50626,282.2505475
Vismodegib (GDC-0449),BA3089R,279.96924,272.1936569
Vismodegib (GDC-0449),BA3094R,272.087,286.0146917
Vismodegib (GDC-0449),BA3098R,279.3037,264.0968927
Vismodegib (GDC-0449),BA3099R,279.57346,286.3279433
Vismodegib (GDC-0449),BA3110R,277.22784,231.7605188
Vismodegib (GDC-0449),BA3114R,279.4792,277.7589801
Vismodegib (GDC-0449),BA3117R,281.03308,286.3279433
Vismodegib (GDC-0449),BA3118R,279.73163,238.8713586
Vismodegib (GDC-0449),BA3119R,280.04962,286.3279433
Vismodegib (GDC-0449),BA3126R,270.52695,253.2947056
Vismodegib (GDC-0449),BA3128R,279.11676,286.3279433
Vismodegib (GDC-0449),BA3130R,260.61624,263.9603069
Vismodegib (GDC-0449),BA3133R,281.5978,277.660684
Vismodegib (GDC-0449),BA3135R,278.2261,261.2565199
Vismodegib (GDC-0449),BA3137R,279.03543,199.1817572
Vismodegib (GDC-0449),BA3138R,281.55228,280.7632663
Vismodegib (GDC-0449),BA3139R,275.9407,286.3279433
Vismodegib (GDC-0449),BA3145R,280.86398,276.0545837
Vismodegib (GDC-0449),BA3146R,276.8253,243.0013382
Vismodegib (GDC-0449),BA3152R,277.14722,218.1156442
Vismodegib (GDC-0449),BA3153R,276.8548,286.3279433
Vismodegib (GDC-0449),BA3154R,273.93872,286.3279433
Vismodegib (GDC-0449),BA3157R,276.16443,264.2761278
Vismodegib (GDC-0449),BA3158R,276.35477,286.3279433
Vismodegib (GDC-0449),BA3162R,277.9353,281.10508
Vismodegib (GDC-0449),BA3163R,272.4877,274.27471
Vismodegib (GDC-0449),BA3164R,277.6022,253.3666528
Vismodegib (GDC-0449),BA3167R,274.0323,256.7999369
Vismodegib (GDC-0449),BA3169R,276.44318,286.1744819
Vismodegib (GDC-0449),BA3171R,281.3666,285.9742756
Vismodegib (GDC-0449),BA3174R,277.85638,285.1066703
Vismodegib (GDC-0449),BA3175R,278.05014,248.3938374
Vismodegib (GDC-0449),BA3177R,276.0706,271.9629408
Vismodegib (GDC-0449),BA3181R,279.72787,263.7138095
Vismodegib (GDC-0449),BA3182R,274.7947,277.8297363
Vismodegib (GDC-0449),BA3183R,281.04614,285.6935464
Vismodegib (GDC-0449),BA3185R,276.40906,229.5265802
Vismodegib (GDC-0449),BA3186R,280.192,224.1621338
Vismodegib (GDC-0449),BA3187R,280.96384,280.7071571
Vismodegib (GDC-0449),BA3189R,280.43286,286.1445673
Vismodegib (GDC-0449),BA3190R,281.1904,286.3279433
Vismodegib (GDC-0449),BA3191R,277.69028,260.4070306
Vismodegib (GDC-0449),BA3192R,277.64532,272.9510099
Vismodegib (GDC-0449),BA3195R,280.4486,276.7661061
Vismodegib (GDC-0449),BA3197R,277.34164,191.1025698
Vismodegib (GDC-0449),BA3199R,279.08466,166.879613
Vismodegib (GDC-0449),BA3200R,280.20416,286.3279433
Vismodegib (GDC-0449),BA3203R,280.58624,286.3279433
Vismodegib (GDC-0449),BA3206R,279.0749,286.3279433
Vismodegib (GDC-0449),BA3207R,277.8254,39.39818013
Vismodegib (GDC-0449),BA3208R,281.05643,286.3279433
Vismodegib (GDC-0449),BA3210R,279.5631,270.8480582
Vismodegib (GDC-0449),BA3211R,277.63452,236.8951922
Vismodegib (GDC-0449),BA3212R,278.64218,246.6502344
Vismodegib (GDC-0449),BA3213R,278.9267,218.9765002
Vismodegib (GDC-0449),BA3214R,279.15182,286.181915
Vismodegib (GDC-0449),BA3216R,277.65866,286.3279433
Vismodegib (GDC-0449),BA3217R,278.72025,286.3279433
Vismodegib (GDC-0449),BA3219R,270.6975,179.9928872
Vismodegib (GDC-0449),BA3222R,276.9255,286.3279433
Vismodegib (GDC-0449),BA3225R,269.75986,273.8641025
Vismodegib (GDC-0449),BA3226R,281.2687,273.3016362
Vismodegib (GDC-0449),BA3227R,277.99557,286.3279433
Vismodegib (GDC-0449),BA3228R,278.95218,282.6108405
Vismodegib (GDC-0449),BA3229R,281.02106,266.885296
Vismodegib (GDC-0449),BA3232R,279.9494,286.1336457
Vismodegib (GDC-0449),BA3235R,275.36505,244.1850812
Vismodegib (GDC-0449),BA3240R,277.22772,285.8217661
Vismodegib (GDC-0449),BA3242R,281.61026,276.1544485
Vismodegib (GDC-0449),BA3243R,280.18274,283.9311252
Vismodegib (GDC-0449),BA3249R,276.5505,270.6902052
Vismodegib (GDC-0449),BA3250R,273.39282,286.1869059
Vismodegib (GDC-0449),BA3251R,278.67618,256.6405037
Vismodegib (GDC-0449),BA3258R,274.5768,238.940723
Vismodegib (GDC-0449),BA3260R,279.981,285.6183888
Vismodegib (GDC-0449),BA3261R,281.23102,286.3279433
Vismodegib (GDC-0449),BA3264R,274.36328,286.3222564
Vismodegib (GDC-0449),BA3266R,280.1737,284.635309
Vismodegib (GDC-0449),BA3268R,279.5801,285.551711
Vismodegib (GDC-0449),BA3270R,279.9285,275.5168154
Vismodegib (GDC-0449),BA3271R,276.75534,174.6901986
Vismodegib (GDC-0449),BA3273R,273.72052,286.3257804
Vismodegib (GDC-0449),BA3275R,278.74463,286.3279433
Vismodegib (GDC-0449),BA3277R,279.2186,286.3279433
Vismodegib (GDC-0449),BA3283R,277.66498,285.2753778
Vismodegib (GDC-0449),BA3285R,277.08514,286.3279433
Vismodegib (GDC-0449),BA3286R,277.3372,286.1325268
Vismodegib (GDC-0449),BA3289R,273.68567,220.6398074
Vismodegib (GDC-0449),BA3290R,282.06903,286.3279433
Vismodegib (GDC-0449),BA3293R,279.34116,276.5457468
Vismodegib (GDC-0449),BA3295R,277.78482,218.9398905
Vismodegib (GDC-0449),BA3297R,279.64932,286.2353627
Vismodegib (GDC-0449),BA3299R,274.81638,285.507093
Vismodegib (GDC-0449),BA3300R,280.23932,255.7171401
Vismodegib (GDC-0449),BA3302R,280.8984,286.3279433
Vismodegib (GDC-0449),BA3305R,280.362,286.1651591
Vismodegib (GDC-0449),BA3306R,280.0022,250.8795587
Vismodegib (GDC-0449),BA3308R,278.69128,286.3279433
Vismodegib (GDC-0449),BA3310R,279.23334,286.3279433
Vismodegib (GDC-0449),BA3311R,277.95023,223.1777482
Vismodegib (GDC-0449),BA3312R,280.72742,275.5695122
Vismodegib (GDC-0449),BA3317R,278.90918,286.3279433
Vismodegib (GDC-0449),BA3318R,278.64944,286.3279433
Vismodegib (GDC-0449),BA3319R,275.52432,286.2330243
Vismodegib (GDC-0449),BA3324R,278.93835,285.9315399
Vismodegib (GDC-0449),BA3326R,271.802,280.4306583
Vismodegib (GDC-0449),BA3328R,280.32556,286.3279433
Vismodegib (GDC-0449),BA3332R,278.7602,286.3279433
Vismodegib (GDC-0449),BA3333R,280.54465,286.3279433
Vismodegib (GDC-0449),BA3334R,279.611,286.3279433
Vismodegib (GDC-0449),BA3341R,281.19675,286.3279433
Vismodegib (GDC-0449),BA3345R,277.43802,211.1331165
Vismodegib (GDC-0449),BA3347R,277.04288,208.2845235
Vismodegib (GDC-0449),BA3351R,279.05072,286.3279433
Vismodegib (GDC-0449),BA3352R,280.1525,286.3279433
Vismodegib (GDC-0449),BA3353R,279.72815,285.871223
Vismodegib (GDC-0449),BA3357R,281.17212,286.3279433
Vismodegib (GDC-0449),BA3362R,277.6014,258.258012
Vismodegib (GDC-0449),BA3367R,276.85004,283.8735629
Vismodegib (GDC-0449),BA3369R,273.94232,285.856504
Vismodegib (GDC-0449),BA3373R,279.68027,286.3279433
Vismodegib (GDC-0449),BA3374R,276.782,247.8312798
Vismodegib (GDC-0449),BA3375R,278.85107,286.2621192
Vismodegib (GDC-0449),BA3376R,281.04785,230.9848494
Vismodegib (GDC-0449),BA3379R,280.20245,286.3279433
Vismodegib (GDC-0449),BA3380R,277.81125,277.2322545
Vismodegib (GDC-0449),BA3381R,279.41013,274.8240959
Vismodegib (GDC-0449),BA3384R,278.60718,222.2265329
Vismodegib (GDC-0449),BA3385R,278.78067,281.2315651
Vismodegib (GDC-0449),BA3386R,279.21478,286.3279433
Vismodegib (GDC-0449),BA3388R,281.67154,286.22177
Vismodegib (GDC-0449),BA3390R,273.40662,206.1285802
Vismodegib (GDC-0449),BA3394R,277.39,285.9200299
Vismodegib (GDC-0449),BA3397R,278.29007,278.5807835
Vismodegib (GDC-0449),BA3399R,280.9186,235.61358
Vismodegib (GDC-0449),BA3400R,277.65018,286.3279433
Vismodegib (GDC-0449),BA3403R,274.25464,251.1755327
Vismodegib (GDC-0449),BA3406R,278.47534,245.6034661
Vismodegib (GDC-0449),BA3411R,281.87366,286.3222399
Vismodegib (GDC-0449),BA3412R,276.90384,284.6629575
Vismodegib (GDC-0449),BA3415R,279.41,286.3279433
Vismodegib (GDC-0449),BA3416R,279.72333,286.3279433
Vismodegib (GDC-0449),BA3417R,276.4158,232.7030268
Vismodegib (GDC-0449),BA3418R,279.8848,286.3279433
Vismodegib (GDC-0449),BA3421R,274.50168,286.3279433
Vismodegib (GDC-0449),BA3422R,279.67795,286.3279433
Vismodegib (GDC-0449),BA3423R,278.2551,286.3279433
Vismodegib (GDC-0449),BA3431R,276.80756,237.7568456
Vismodegib (GDC-0449),BA3433R,279.6464,286.1152018
Vismodegib (GDC-0449),BA3434R,280.82944,286.3279433
Vismodegib (GDC-0449),BA3438R,278.45203,275.3638721
Vismodegib (GDC-0449),BA3445R,278.89127,204.1288852
Vismodegib (GDC-0449),BA3446R,277.32404,246.0167885
Vismodegib (GDC-0449),BA3449R,277.13794,245.6100689
Vismodegib (GDC-0449),BA3452R,278.7906,224.8383861
Vismodegib (GDC-0449),BA3454R,280.20016,286.3279433
Azacytidine,BA3078R,230.00232,176.2967561
Azacytidine,BA3079R,244.50679,224.1345928
Azacytidine,BA3083R,236.46786,218.3634306
Azacytidine,BA3084R,212.25089,243.4892274
Azacytidine,BA3087R,230.6554,242.94133
Azacytidine,BA3089R,232.86588,284.9069498
Azacytidine,BA3094R,230.91245,218.4938693
Azacytidine,BA3098R,240.78056,254.856531
Azacytidine,BA3099R,233.70384,215.9040065
Azacytidine,BA3110R,236.42809,274.8511756
Azacytidine,BA3114R,239.42174,239.2411253
Azacytidine,BA3117R,239.3174,8.09E-09
Azacytidine,BA3118R,250.41287,260.9888783
Azacytidine,BA3119R,216.97865,278.5534148
Azacytidine,BA3126R,247.57678,264.1786687
Azacytidine,BA3128R,235.98764,227.1826131
Azacytidine,BA3130R,250.17238,283.5133284
Azacytidine,BA3133R,254.66237,253.4555007
Azacytidine,BA3135R,218.77066,240.20269
Azacytidine,BA3137R,240.87257,103.9885941
Azacytidine,BA3138R,257.11465,269.9762691
Azacytidine,BA3139R,237.72745,78.20548733
Azacytidine,BA3145R,239.62422,250.1632277
Azacytidine,BA3146R,231.4229,263.1300681
Azacytidine,BA3152R,240.82718,174.0858388
Azacytidine,BA3153R,244.88515,240.0083821
Azacytidine,BA3154R,233.72694,214.427336
Azacytidine,BA3157R,221.8075,247.3094071
Azacytidine,BA3158R,224.44942,186.6490731
Azacytidine,BA3162R,244.71355,275.478615
Azacytidine,BA3163R,247.51271,237.1102545
Azacytidine,BA3164R,228.5203,273.7723255
Azacytidine,BA3167R,242.8377,182.0065496
Azacytidine,BA3169R,248.65855,207.0435465
Azacytidine,BA3171R,255.27695,255.4878009
Azacytidine,BA3174R,252.01855,249.779658
Azacytidine,BA3175R,250.16867,274.618748
Azacytidine,BA3177R,228.52356,282.0670896
Azacytidine,BA3181R,252.812,255.7958339
Azacytidine,BA3182R,241.48972,211.8670115
Azacytidine,BA3183R,235.32898,224.97906
Azacytidine,BA3185R,231.55333,163.5575471
Azacytidine,BA3186R,247.74202,274.4253214
Azacytidine,BA3187R,244.88168,286.3279433
Azacytidine,BA3189R,240.05984,221.7160005
Azacytidine,BA3190R,253.09712,208.6206816
Azacytidine,BA3191R,247.47508,187.8947721
Azacytidine,BA3192R,225.14932,284.8728488
Azacytidine,BA3195R,242.52953,220.4677674
Azacytidine,BA3197R,200.20692,91.84887137
Azacytidine,BA3199R,232.66495,270.8515483
Azacytidine,BA3200R,228.13351,227.849384
Azacytidine,BA3203R,247.44327,269.8493178
Azacytidine,BA3207R,252.995,229.3076174
Azacytidine,BA3208R,237.48332,229.3191368
Azacytidine,BA3210R,254.1301,222.2462765
Azacytidine,BA3211R,227.47583,173.0745059
Azacytidine,BA3212R,239.73045,266.675691
Azacytidine,BA3213R,242.00336,219.8575272
Azacytidine,BA3214R,252.27095,244.6536857
Azacytidine,BA3216R,238.87985,68.88740487
Azacytidine,BA3217R,220.42526,133.5603063
Azacytidine,BA3219R,244.3078,286.3216131
Azacytidine,BA3222R,238.55298,260.9991184
Azacytidine,BA3225R,243.2956,224.2329956
Azacytidine,BA3226R,235.37326,243.7217395
Azacytidine,BA3227R,215.73003,129.9111139
Azacytidine,BA3228R,247.04704,235.9215923
Azacytidine,BA3229R,249.64351,203.0160872
Azacytidine,BA3232R,237.2428,267.817222
Azacytidine,BA3235R,250.32175,285.8278134
Azacytidine,BA3240R,224.2904,232.8891632
Azacytidine,BA3242R,244.42354,266.8802745
Azacytidine,BA3249R,237.17618,223.2877533
Azacytidine,BA3250R,237.98065,263.0025026
Azacytidine,BA3251R,236.73062,258.9026915
Azacytidine,BA3258R,242.93745,283.8892225
Azacytidine,BA3260R,256.42532,262.9164591
Azacytidine,BA3261R,247.89513,271.2354987
Azacytidine,BA3264R,218.17763,216.4827979
Azacytidine,BA3266R,235.33989,229.7328775
Azacytidine,BA3268R,234.19316,265.4840319
Azacytidine,BA3270R,245.77898,242.6392641
Azacytidine,BA3271R,233.99184,228.0426914
Azacytidine,BA3273R,236.9195,266.6530582
Azacytidine,BA3275R,227.7615,208.8762671
Azacytidine,BA3277R,239.89612,265.941723
Azacytidine,BA3283R,246.45091,262.761634
Azacytidine,BA3285R,239.19756,105.9602348
Azacytidine,BA3286R,230.91498,226.5439373
Azacytidine,BA3289R,245.88315,252.9881099
Azacytidine,BA3290R,251.7218,240.9283627
Azacytidine,BA3293R,232.24323,282.1114303
Azacytidine,BA3295R,237.77063,207.7542252
Azacytidine,BA3297R,238.26497,31.62394086
Azacytidine,BA3299R,241.57495,255.4939211
Azacytidine,BA3300R,241.8987,275.5016275
Azacytidine,BA3302R,239.1745,258.0509446
Azacytidine,BA3305R,245.05568,258.7560905
Azacytidine,BA3306R,228.76271,229.5203139
Azacytidine,BA3308R,230.2405,167.0037411
Azacytidine,BA3310R,214.50026,251.6076074
Azacytidine,BA3312R,239.42625,227.644901
Azacytidine,BA3317R,223.98354,178.8562144
Azacytidine,BA3318R,245.23308,197.467401
Azacytidine,BA3319R,254.7434,255.7181498
Azacytidine,BA3324R,248.16035,239.3472944
Azacytidine,BA3325R,245.58336,269.0432577
Azacytidine,BA3326R,244.99579,213.5348798
Azacytidine,BA3328R,235.19943,246.4726155
Azacytidine,BA3332R,226.0378,175.4550652
Azacytidine,BA3333R,229.65706,248.664946
Azacytidine,BA3334R,241.91547,223.131315
Azacytidine,BA3341R,246.57059,251.0489451
Azacytidine,BA3345R,246.63441,272.1292408
Azacytidine,BA3347R,249.91005,256.3341207
Azacytidine,BA3351R,245.61333,259.2889175
Azacytidine,BA3352R,231.78702,216.5523929
Azacytidine,BA3353R,223.96658,230.4006139
Azacytidine,BA3357R,241.26706,204.0789768
Azacytidine,BA3362R,244.0679,286.3279433
Azacytidine,BA3367R,247.50623,272.5783802
Azacytidine,BA3369R,235.61617,226.198507
Azacytidine,BA3373R,251.63931,284.1151538
Azacytidine,BA3374R,240.22235,242.7325931
Azacytidine,BA3375R,210.89665,223.2294525
Azacytidine,BA3381R,239.64505,219.3491783
Azacytidine,BA3384R,237.71593,181.7696622
Azacytidine,BA3385R,236.17963,279.9970649
Azacytidine,BA3386R,219.97716,269.5616452
Azacytidine,BA3388R,255.86761,270.1718617
Azacytidine,BA3390R,249.49678,226.2499151
Azacytidine,BA3394R,248.5122,100.3945082
Azacytidine,BA3397R,239.76828,181.0629881
Azacytidine,BA3399R,252.16394,286.3279433
Azacytidine,BA3400R,242.42738,286.3279433
Azacytidine,BA3403R,240.54376,170.1416869
Azacytidine,BA3406R,234.449,245.7805013
Azacytidine,BA3411R,253.01787,270.1927228
Azacytidine,BA3412R,240.25703,268.9693986
Azacytidine,BA3415R,244.54967,121.5093505
Azacytidine,BA3416R,236.19601,210.1492119
Azacytidine,BA3417R,242.39043,193.1683525
Azacytidine,BA3418R,251.56381,151.3233749
Azacytidine,BA3421R,242.50066,235.8185693
Azacytidine,BA3422R,226.09802,257.0225234
Azacytidine,BA3423R,222.0211,266.5117898
Azacytidine,BA3431R,248.7544,234.1097791
Azacytidine,BA3433R,229.02753,278.8485271
Azacytidine,BA3434R,248.07745,243.515996
Azacytidine,BA3438R,236.59734,283.9135379
Azacytidine,BA3445R,236.11517,151.1220013
Azacytidine,BA3446R,237.04741,201.998141
Azacytidine,BA3449R,243.01308,254.2729755
Azacytidine,BA3451R,251.3648,241.7404697
Azacytidine,BA3452R,244.72255,260.5392401
Azacytidine,BA3454R,232.63667,81.15499023
DBZ,BA3078R,232.08615,164.4066956
DBZ,BA3079R,244.04958,240.4149934
DBZ,BA3083R,238.92064,217.7954069
DBZ,BA3084R,219.54376,266.0262735
DBZ,BA3087R,227.64133,240.3568338
DBZ,BA3089R,231.58148,243.699476
DBZ,BA3094R,234.14842,276.1593061
DBZ,BA3098R,240.07927,271.3769801
DBZ,BA3099R,239.15175,247.6053967
DBZ,BA3110R,236.76485,237.9043069
DBZ,BA3114R,237.71625,228.0912864
DBZ,BA3117R,231.4025,286.3279433
DBZ,BA3118R,249.6051,235.4757239
DBZ,BA3126R,246.61438,286.3279433
DBZ,BA3128R,233.16391,251.5824151
DBZ,BA3130R,244.78125,286.3279433
DBZ,BA3133R,248.67865,245.0543008
DBZ,BA3135R,223.39565,140.4189265
DBZ,BA3137R,241.77261,259.3642061
DBZ,BA3138R,254.81155,286.3279433
DBZ,BA3139R,237.14885,201.5026386
DBZ,BA3146R,237.17273,212.8758422
DBZ,BA3152R,241.23839,198.9335573
DBZ,BA3153R,241.29994,273.7871254
DBZ,BA3154R,229.18262,236.9660398
DBZ,BA3157R,220.52689,198.5289857
DBZ,BA3158R,228.80206,222.1228344
DBZ,BA3162R,244.85593,239.8287273
DBZ,BA3163R,244.49007,282.7665702
DBZ,BA3164R,233.10112,274.619008
DBZ,BA3167R,241.5195,205.7844738
DBZ,BA3169R,249.15126,190.2759099
DBZ,BA3171R,252.13641,250.3806165
DBZ,BA3174R,251.08572,179.1618845
DBZ,BA3175R,249.85295,211.7083582
DBZ,BA3177R,238.53563,273.8728992
DBZ,BA3181R,250.001,273.094477
DBZ,BA3182R,243.02625,202.4245466
DBZ,BA3183R,234.98076,239.8118067
DBZ,BA3185R,232.87704,232.3483908
DBZ,BA3186R,244.72502,286.3279433
DBZ,BA3187R,242.76598,257.413919
DBZ,BA3189R,235.60765,222.020638
DBZ,BA3190R,245.87733,202.6766533
DBZ,BA3191R,246.2592,208.2923687
DBZ,BA3192R,228.95494,202.2712398
DBZ,BA3195R,239.90892,268.9816369
DBZ,BA3197R,212.47404,286.3279433
DBZ,BA3199R,233.49248,247.956338
DBZ,BA3200R,230.99883,142.2591579
DBZ,BA3203R,244.7823,229.6641325
DBZ,BA3207R,253.35661,228.3614089
DBZ,BA3208R,238.53407,225.340478
DBZ,BA3210R,251.98666,194.2401502
DBZ,BA3211R,230.60577,108.5150892
DBZ,BA3212R,238.22632,262.2287476
DBZ,BA3213R,243.38318,216.0441705
DBZ,BA3214R,249.08882,220.9937044
DBZ,BA3216R,240.15567,258.1157394
DBZ,BA3217R,228.26106,178.6824013
DBZ,BA3219R,242.14532,209.4954237
DBZ,BA3222R,237.8187,253.1420758
DBZ,BA3225R,241.13881,268.1678444
DBZ,BA3226R,234.91797,215.7850319
DBZ,BA3227R,223.15614,213.6472126
DBZ,BA3228R,247.5037,228.0186587
DBZ,BA3229R,248.72273,154.4616548
DBZ,BA3232R,237.95325,273.3914212
DBZ,BA3235R,246.50946,286.3279433
DBZ,BA3240R,227.99498,98.39250498
DBZ,BA3242R,241.3207,198.8588674
DBZ,BA3249R,234.90605,217.81886
DBZ,BA3250R,240.55078,246.3789273
DBZ,BA3251R,239.84955,224.0804014
DBZ,BA3258R,240.774,248.1270978
DBZ,BA3260R,253.98628,261.5807969
DBZ,BA3261R,242.44102,155.4547779
DBZ,BA3264R,218.23172,214.1103034
DBZ,BA3266R,235.5005,202.9220214
DBZ,BA3268R,233.25615,225.0131506
DBZ,BA3270R,243.82538,252.1337099
DBZ,BA3271R,237.80426,175.9966927
DBZ,BA3273R,235.99944,243.409922
DBZ,BA3275R,232.14705,247.1518421
DBZ,BA3277R,239.17502,193.5706746
DBZ,BA3283R,247.68356,267.0699536
DBZ,BA3285R,236.88242,237.0464503
DBZ,BA3286R,233.66074,207.5092711
DBZ,BA3289R,245.16113,247.8172431
DBZ,BA3290R,249.13156,243.8340415
DBZ,BA3293R,230.566,286.0949683
DBZ,BA3295R,238.81456,201.3086695
DBZ,BA3297R,238.72668,67.45117332
DBZ,BA3299R,240.48668,204.3790223
DBZ,BA3300R,236.0382,217.452532
DBZ,BA3302R,235.20605,278.1198276
DBZ,BA3305R,241.82239,230.0319872
DBZ,BA3306R,229.93237,212.1694331
DBZ,BA3308R,228.15306,213.9772667
DBZ,BA3310R,218.82784,127.5620277
DBZ,BA3312R,234.45418,217.4033675
DBZ,BA3317R,226.21414,239.0438353
DBZ,BA3318R,245.1003,233.1159807
DBZ,BA3319R,254.25938,273.9861764
DBZ,BA3324R,244.72249,253.6624612
DBZ,BA3325R,243.20221,228.2369921
DBZ,BA3326R,246.10649,258.3587604
DBZ,BA3328R,236.67325,250.957514
DBZ,BA3332R,228.3818,216.2368684
DBZ,BA3333R,235.4396,282.5519867
DBZ,BA3334R,239.8103,268.0943955
DBZ,BA3341R,241.0506,268.6498094
DBZ,BA3345R,244.1479,238.753171
DBZ,BA3347R,249.89621,269.44219
DBZ,BA3351R,243.32172,191.4533021
DBZ,BA3352R,233.94583,182.878547
DBZ,BA3353R,225.92676,216.50403
DBZ,BA3357R,234.69547,199.4899018
DBZ,BA3362R,248.33443,285.3577348
DBZ,BA3367R,245.8632,277.7949634
DBZ,BA3369R,241.10149,257.3909835
DBZ,BA3373R,245.96559,190.3399812
DBZ,BA3374R,243.31139,286.3279433
DBZ,BA3375R,219.0662,182.0136721
DBZ,BA3380R,233.45938,285.0093742
DBZ,BA3381R,241.61009,220.2387638
DBZ,BA3384R,239.84447,278.8555778
DBZ,BA3385R,236.50462,235.9147833
DBZ,BA3386R,232.71837,262.5082146
DBZ,BA3388R,253.50229,270.9988004
DBZ,BA3390R,246.92616,284.5260242
DBZ,BA3394R,246.83865,246.37537
DBZ,BA3397R,236.87463,199.481157
DBZ,BA3399R,250.67192,257.7728985
DBZ,BA3400R,240.93362,269.2836213
DBZ,BA3403R,245.35823,278.7761709
DBZ,BA3406R,232.05923,275.8517431
DBZ,BA3411R,247.27538,247.4322733
DBZ,BA3412R,243.01837,284.307705
DBZ,BA3415R,241.62741,179.1773956
DBZ,BA3416R,231.32738,276.8622136
DBZ,BA3417R,240.95834,259.4264988
DBZ,BA3418R,246.52211,191.8341779
DBZ,BA3421R,241.2323,248.2042084
DBZ,BA3422R,231.78757,208.8454222
DBZ,BA3431R,247.48639,228.8575273
DBZ,BA3433R,232.0967,224.3700033
DBZ,BA3434R,245.24954,210.8997266
DBZ,BA3438R,236.32292,264.2155585
DBZ,BA3445R,235.86617,263.8047812
DBZ,BA3446R,238.31279,205.368217
DBZ,BA3449R,244.17679,286.3279433
DBZ,BA3451R,248.47194,226.8968363
DBZ,BA3452R,238.2519,258.3615265
DBZ,BA3454R,235.17618,286.3279433
Vemurafenib (PLX-4032),BA3078R,242.82451,139.9229898
Vemurafenib (PLX-4032),BA3079R,253.73738,245.4070649
Vemurafenib (PLX-4032),BA3083R,250.62953,148.4330947
Vemurafenib (PLX-4032),BA3084R,226.39198,262.5148279
Vemurafenib (PLX-4032),BA3087R,246.1064,208.8432322
Vemurafenib (PLX-4032),BA3089R,251.45784,282.9236186
Vemurafenib (PLX-4032),BA3094R,243.75844,279.3143266
Vemurafenib (PLX-4032),BA3098R,253.23064,256.0625178
Vemurafenib (PLX-4032),BA3099R,249.12387,241.652184
Vemurafenib (PLX-4032),BA3110R,249.02452,246.4461701
Vemurafenib (PLX-4032),BA3114R,249.93645,255.2492923
Vemurafenib (PLX-4032),BA3117R,251.89069,8.09E-09
Vemurafenib (PLX-4032),BA3119R,240.13622,230.1503601
Vemurafenib (PLX-4032),BA3126R,258.2999,274.643564
Vemurafenib (PLX-4032),BA3128R,248.723,259.9203612
Vemurafenib (PLX-4032),BA3130R,256.53275,164.502484
Vemurafenib (PLX-4032),BA3133R,265.3841,270.420071
Vemurafenib (PLX-4032),BA3137R,256.4358,253.7427316
Vemurafenib (PLX-4032),BA3138R,267.11676,259.2257503
Vemurafenib (PLX-4032),BA3139R,257.642,178.833555
Vemurafenib (PLX-4032),BA3145R,254.84131,265.5230583
Vemurafenib (PLX-4032),BA3146R,245.28636,237.7228472
Vemurafenib (PLX-4032),BA3153R,253.50128,225.6518479
Vemurafenib (PLX-4032),BA3154R,248.7435,204.9641946
Vemurafenib (PLX-4032),BA3157R,242.59348,278.6070171
Vemurafenib (PLX-4032),BA3158R,242.07278,217.2555146
Vemurafenib (PLX-4032),BA3162R,257.34903,255.5647166
Vemurafenib (PLX-4032),BA3163R,257.1037,101.462338
Vemurafenib (PLX-4032),BA3164R,249.06036,259.8477956
Vemurafenib (PLX-4032),BA3167R,251.87585,237.0490458
Vemurafenib (PLX-4032),BA3169R,258.51578,186.809161
Vemurafenib (PLX-4032),BA3171R,266.05634,280.2803392
Vemurafenib (PLX-4032),BA3174R,260.66693,223.7699474
Vemurafenib (PLX-4032),BA3175R,261.99466,282.8380483
Vemurafenib (PLX-4032),BA3177R,246.10481,231.2920865
Vemurafenib (PLX-4032),BA3181R,264.14575,263.4373124
Vemurafenib (PLX-4032),BA3183R,250.74821,274.8529301
Vemurafenib (PLX-4032),BA3185R,240.6847,218.4892384
Vemurafenib (PLX-4032),BA3186R,259.83377,265.2676325
Vemurafenib (PLX-4032),BA3187R,257.47443,262.3455525
Vemurafenib (PLX-4032),BA3189R,252.43327,217.6462758
Vemurafenib (PLX-4032),BA3190R,263.11298,231.8825114
Vemurafenib (PLX-4032),BA3191R,259.58252,262.7702609
Vemurafenib (PLX-4032),BA3192R,245.4098,267.7266655
Vemurafenib (PLX-4032),BA3195R,253.3489,226.8397029
Vemurafenib (PLX-4032),BA3199R,247.86989,252.1564765
Vemurafenib (PLX-4032),BA3200R,248.2243,273.9538981
Vemurafenib (PLX-4032),BA3203R,258.77112,253.7578853
Vemurafenib (PLX-4032),BA3206R,250.04205,159.4299069
Vemurafenib (PLX-4032),BA3207R,265.8258,268.9272975
Vemurafenib (PLX-4032),BA3208R,252.48949,214.6930567
Vemurafenib (PLX-4032),BA3210R,261.92993,242.1974807
Vemurafenib (PLX-4032),BA3211R,242.60239,199.4108605
Vemurafenib (PLX-4032),BA3212R,257.67963,282.7695089
Vemurafenib (PLX-4032),BA3213R,254.74966,254.3070169
Vemurafenib (PLX-4032),BA3214R,263.97092,274.7761169
Vemurafenib (PLX-4032),BA3216R,251.72594,247.0764142
Vemurafenib (PLX-4032),BA3219R,253.85573,236.7556019
Vemurafenib (PLX-4032),BA3222R,252.35773,278.2628297
Vemurafenib (PLX-4032),BA3225R,252.41496,245.6096079
Vemurafenib (PLX-4032),BA3226R,251.71452,242.6177061
Vemurafenib (PLX-4032),BA3227R,241.4946,191.5578415
Vemurafenib (PLX-4032),BA3228R,257.60614,244.0878866
Vemurafenib (PLX-4032),BA3229R,261.3819,172.3977688
Vemurafenib (PLX-4032),BA3232R,254.12996,278.1111853
Vemurafenib (PLX-4032),BA3235R,260.75714,286.1485968
Vemurafenib (PLX-4032),BA3240R,251.00388,218.8513667
Vemurafenib (PLX-4032),BA3242R,256.89127,274.4197289
Vemurafenib (PLX-4032),BA3249R,252.79521,97.51881991
Vemurafenib (PLX-4032),BA3250R,249.20222,277.472099
Vemurafenib (PLX-4032),BA3251R,250.5621,235.8958909
Vemurafenib (PLX-4032),BA3258R,255.90735,250.3239746
Vemurafenib (PLX-4032),BA3260R,263.72513,183.8811291
Vemurafenib (PLX-4032),BA3261R,259.55505,227.8573251
Vemurafenib (PLX-4032),BA3264R,231.77887,241.4288144
Vemurafenib (PLX-4032),BA3266R,248.96117,191.5698303
Vemurafenib (PLX-4032),BA3268R,250.61543,249.9883318
Vemurafenib (PLX-4032),BA3270R,259.66635,247.2680065
Vemurafenib (PLX-4032),BA3271R,247.8619,231.2065422
Vemurafenib (PLX-4032),BA3273R,248.6076,194.8994338
Vemurafenib (PLX-4032),BA3275R,244.69385,201.2512466
Vemurafenib (PLX-4032),BA3277R,250.94058,249.2819078
Vemurafenib (PLX-4032),BA3283R,257.81775,175.3752751
Vemurafenib (PLX-4032),BA3285R,258.62946,192.9638481
Vemurafenib (PLX-4032),BA3286R,244.51651,256.6640739
Vemurafenib (PLX-4032),BA3289R,254.7359,279.5874091
Vemurafenib (PLX-4032),BA3290R,263.91943,254.6905487
Vemurafenib (PLX-4032),BA3293R,249.95259,259.1332652
Vemurafenib (PLX-4032),BA3295R,253.28989,244.039628
Vemurafenib (PLX-4032),BA3299R,251.52383,253.69842
Vemurafenib (PLX-4032),BA3300R,255.10532,259.3271668
Vemurafenib (PLX-4032),BA3302R,252.29285,235.4807821
Vemurafenib (PLX-4032),BA3305R,258.82544,284.1686405
Vemurafenib (PLX-4032),BA3306R,246.26556,279.3116895
Vemurafenib (PLX-4032),BA3308R,242.87163,233.9963515
Vemurafenib (PLX-4032),BA3310R,237.1065,228.5051693
Vemurafenib (PLX-4032),BA3311R,258.70578,221.1429428
Vemurafenib (PLX-4032),BA3312R,254.53064,270.1343333
Vemurafenib (PLX-4032),BA3318R,258.54034,251.4197594
Vemurafenib (PLX-4032),BA3319R,264.46335,255.0901414
Vemurafenib (PLX-4032),BA3324R,257.81918,239.5420412
Vemurafenib (PLX-4032),BA3325R,259.2942,283.8807908
Vemurafenib (PLX-4032),BA3326R,257.41107,275.9950414
Vemurafenib (PLX-4032),BA3328R,248.7384,265.2273056
Vemurafenib (PLX-4032),BA3332R,244.98744,240.1611923
Vemurafenib (PLX-4032),BA3333R,246.4601,278.6762908
Vemurafenib (PLX-4032),BA3334R,253.26622,241.7302466
Vemurafenib (PLX-4032),BA3341R,255.62341,232.4828843
Vemurafenib (PLX-4032),BA3345R,255.19707,227.823234
Vemurafenib (PLX-4032),BA3347R,259.77118,265.0229547
Vemurafenib (PLX-4032),BA3351R,260.00735,254.6179175
Vemurafenib (PLX-4032),BA3352R,248.28238,260.718625
Vemurafenib (PLX-4032),BA3353R,245.70236,209.052944
Vemurafenib (PLX-4032),BA3357R,253.76936,249.8788761
Vemurafenib (PLX-4032),BA3362R,259.2458,245.8387651
Vemurafenib (PLX-4032),BA3367R,257.91953,239.6703943
Vemurafenib (PLX-4032),BA3369R,249.8561,248.4681534
Vemurafenib (PLX-4032),BA3374R,253.77232,283.3061316
Vemurafenib (PLX-4032),BA3376R,247.24695,284.6030608
Vemurafenib (PLX-4032),BA3380R,247.71394,263.4886097
Vemurafenib (PLX-4032),BA3381R,254.00119,261.3526386
Vemurafenib (PLX-4032),BA3384R,251.65633,254.8079019
Vemurafenib (PLX-4032),BA3385R,248.66212,271.3905193
Vemurafenib (PLX-4032),BA3386R,243.51161,222.6201041
Vemurafenib (PLX-4032),BA3388R,266.82864,226.5776992
Vemurafenib (PLX-4032),BA3390R,258.24323,246.9382258
Vemurafenib (PLX-4032),BA3394R,262.6467,272.6596563
Vemurafenib (PLX-4032),BA3397R,252.11584,236.5010722
Vemurafenib (PLX-4032),BA3399R,259.45862,251.4335826
Vemurafenib (PLX-4032),BA3400R,254.39989,274.9160234
Vemurafenib (PLX-4032),BA3403R,254.92142,283.9793022
Vemurafenib (PLX-4032),BA3411R,263.6397,266.3921576
Vemurafenib (PLX-4032),BA3412R,255.30923,256.2557589
Vemurafenib (PLX-4032),BA3415R,257.39917,215.3757776
Vemurafenib (PLX-4032),BA3416R,252.59921,244.1866765
Vemurafenib (PLX-4032),BA3417R,251.77937,271.9974335
Vemurafenib (PLX-4032),BA3418R,260.43616,218.494259
Vemurafenib (PLX-4032),BA3421R,251.6097,254.0046567
Vemurafenib (PLX-4032),BA3422R,248.33958,279.9843093
Vemurafenib (PLX-4032),BA3423R,246.16522,262.0883947
Vemurafenib (PLX-4032),BA3431R,257.30145,238.6848648
Vemurafenib (PLX-4032),BA3433R,245.98624,253.1484051
Vemurafenib (PLX-4032),BA3434R,260.29755,279.2155277
Vemurafenib (PLX-4032),BA3438R,250.87213,281.2251182
Vemurafenib (PLX-4032),BA3445R,249.24405,150.9075803
Vemurafenib (PLX-4032),BA3446R,252.18372,255.1456983
Vemurafenib (PLX-4032),BA3449R,256.49927,275.1840336
Vemurafenib (PLX-4032),BA3451R,261.95856,274.3768736
Vemurafenib (PLX-4032),BA3452R,254.60785,233.859599
Vemurafenib (PLX-4032),BA3454R,250.17183,1.057266254
AGI-5198,BA3079R,258.76352,234.670267
AGI-5198,BA3084R,230.98279,230.5739304
AGI-5198,BA3089R,244.56284,264.0999258
AGI-5198,BA3094R,245.0185,254.1668173
AGI-5198,BA3098R,253.2573,275.744736
AGI-5198,BA3099R,246.9279,201.9716667
AGI-5198,BA3110R,250.25229,265.7958529
AGI-5198,BA3114R,252.51215,238.9905603
AGI-5198,BA3118R,262.26028,286.3279433
AGI-5198,BA3126R,256.88608,262.7636035
AGI-5198,BA3128R,248.80377,240.4223946
AGI-5198,BA3133R,263.08792,274.5035573
AGI-5198,BA3135R,235.28012,268.4865411
AGI-5198,BA3139R,251.4857,179.8298859
AGI-5198,BA3145R,252.31877,201.3067848
AGI-5198,BA3152R,252.95737,208.4277009
AGI-5198,BA3153R,255.3464,251.0237185
AGI-5198,BA3154R,245.2602,239.8768272
AGI-5198,BA3157R,233.1304,257.7268205
AGI-5198,BA3158R,241.71492,228.2835717
AGI-5198,BA3162R,257.6552,249.3839407
AGI-5198,BA3163R,255.61676,273.217378
AGI-5198,BA3164R,243.66577,274.9015857
AGI-5198,BA3167R,252.92262,239.5549041
AGI-5198,BA3169R,257.7218,174.1633563
AGI-5198,BA3171R,264.1566,286.3172985
AGI-5198,BA3174R,263.78232,277.8078628
AGI-5198,BA3177R,244.21713,249.2573373
AGI-5198,BA3181R,263.29684,249.2571388
AGI-5198,BA3183R,247.54897,223.6990968
AGI-5198,BA3185R,247.06752,175.3828846
AGI-5198,BA3186R,258.12146,236.8398072
AGI-5198,BA3187R,257.63834,278.6069425
AGI-5198,BA3189R,249.99527,180.4735512
AGI-5198,BA3191R,257.84137,157.6139037
AGI-5198,BA3192R,240.8361,270.8883397
AGI-5198,BA3195R,255.18245,222.3718932
AGI-5198,BA3197R,225.4324,8.09E-09
AGI-5198,BA3199R,246.4724,220.2437834
AGI-5198,BA3203R,261.45425,271.3446041
AGI-5198,BA3207R,263.58612,249.7692189
AGI-5198,BA3210R,263.8331,260.3583877
AGI-5198,BA3212R,251.50128,274.772536
AGI-5198,BA3213R,255.52737,244.2056242
AGI-5198,BA3214R,261.79257,269.8368056
AGI-5198,BA3217R,240.68169,174.1270412
AGI-5198,BA3222R,248.46664,254.254463
AGI-5198,BA3225R,252.073,215.356214
AGI-5198,BA3226R,247.78622,110.9739671
AGI-5198,BA3228R,257.89603,214.6711008
AGI-5198,BA3232R,249.63799,242.8805005
AGI-5198,BA3235R,257.0091,212.1635607
AGI-5198,BA3240R,243.48291,234.7056837
AGI-5198,BA3250R,248.23923,281.4052358
AGI-5198,BA3251R,250.21524,256.672818
AGI-5198,BA3261R,256.52826,274.553364
AGI-5198,BA3264R,233.78041,209.1536244
AGI-5198,BA3270R,255.4636,223.7276154
AGI-5198,BA3271R,244.80394,262.8223163
AGI-5198,BA3277R,253.33232,245.7871993
AGI-5198,BA3285R,253.03423,189.2769959
AGI-5198,BA3286R,242.03375,262.9830874
AGI-5198,BA3289R,256.5177,272.0693853
AGI-5198,BA3290R,262.3499,232.5262282
AGI-5198,BA3293R,244.3894,277.9834802
AGI-5198,BA3297R,249.61755,21.63734097
AGI-5198,BA3299R,252.91743,267.6759165
AGI-5198,BA3305R,256.7995,268.2357168
AGI-5198,BA3306R,241.52303,266.4498431
AGI-5198,BA3308R,243.58421,249.1702426
AGI-5198,BA3317R,240.9039,286.0836393
AGI-5198,BA3318R,258.58435,158.6000679
AGI-5198,BA3319R,262.92337,270.5151968
AGI-5198,BA3324R,259.12723,227.9498456
AGI-5198,BA3326R,254.90068,257.9386917
AGI-5198,BA3328R,247.06993,237.6657873
AGI-5198,BA3332R,241.02596,202.9225446
AGI-5198,BA3333R,243.90088,209.3862125
AGI-5198,BA3334R,254.39806,174.4626203
AGI-5198,BA3341R,256.17075,259.0571662
AGI-5198,BA3345R,260.29572,265.3474835
AGI-5198,BA3347R,259.5821,258.0563302
AGI-5198,BA3352R,244.80649,215.7070288
AGI-5198,BA3362R,255.82022,268.6319712
AGI-5198,BA3367R,259.32996,237.1820746
AGI-5198,BA3373R,263.01276,286.0179998
AGI-5198,BA3374R,250.27971,281.2597735
AGI-5198,BA3380R,245.89893,160.7059156
AGI-5198,BA3381R,253.03673,234.8222992
AGI-5198,BA3384R,248.45055,241.0763342
AGI-5198,BA3394R,258.85568,241.8610066
AGI-5198,BA3397R,251.4963,177.4803503
AGI-5198,BA3399R,263.49573,214.4259573
AGI-5198,BA3400R,252.99115,283.2921692
AGI-5198,BA3403R,252.87631,168.3187928
AGI-5198,BA3406R,246.4945,168.966044
AGI-5198,BA3411R,261.61182,268.095256
AGI-5198,BA3412R,251.72247,229.4796406
AGI-5198,BA3415R,254.10448,252.146909
AGI-5198,BA3417R,255.5932,243.3530102
AGI-5198,BA3418R,261.88205,166.3391103
AGI-5198,BA3421R,253.28403,227.9811656
AGI-5198,BA3422R,240.9935,225.9368988
AGI-5198,BA3423R,238.42113,217.550258
AGI-5198,BA3431R,260.07986,282.344615
AGI-5198,BA3433R,243.07573,256.6057777
AGI-5198,BA3434R,259.6619,246.2187818
AGI-5198,BA3438R,248.72723,210.8986882
AGI-5198,BA3449R,255.46393,286.3279433
AGI-5198,BA3451R,258.5121,245.2158069
AGI-6780,BA3079R,252.61566,230.2825236
AGI-6780,BA3084R,214.71501,194.9435998
AGI-6780,BA3089R,230.00151,277.0018666
AGI-6780,BA3094R,234.79253,257.2118429
AGI-6780,BA3098R,246.2519,273.6864602
AGI-6780,BA3099R,236.03404,200.7207598
AGI-6780,BA3110R,242.78635,279.3142411
AGI-6780,BA3114R,245.97015,263.7395428
AGI-6780,BA3118R,256.07758,242.897877
AGI-6780,BA3126R,254.07777,267.0854613
AGI-6780,BA3133R,256.03967,262.8650195
AGI-6780,BA3135R,223.137,285.1972827
AGI-6780,BA3145R,239.93181,218.4849336
AGI-6780,BA3152R,247.81305,250.6164433
AGI-6780,BA3153R,249.9121,226.2624532
AGI-6780,BA3154R,235.8706,136.1964433
AGI-6780,BA3157R,223.78714,256.7050888
AGI-6780,BA3158R,231.36517,186.2383853
AGI-6780,BA3162R,251.87137,212.2889393
AGI-6780,BA3163R,253.56892,263.9461679
AGI-6780,BA3164R,225.49939,259.7831526
AGI-6780,BA3167R,247.26604,229.6799857
AGI-6780,BA3169R,252.84042,191.5074946
AGI-6780,BA3171R,257.4617,285.8761022
AGI-6780,BA3174R,259.75607,259.5093176
AGI-6780,BA3177R,238.16736,245.7728712
AGI-6780,BA3181R,258.2945,251.8725598
AGI-6780,BA3183R,235.7017,219.0637566
AGI-6780,BA3185R,238.37675,226.5190433
AGI-6780,BA3186R,249.60747,255.8616435
AGI-6780,BA3187R,250.43802,278.8365579
AGI-6780,BA3189R,238.23318,174.2435773
AGI-6780,BA3191R,254.31387,233.5268465
AGI-6780,BA3192R,227.19469,258.1100791
AGI-6780,BA3195R,247.79796,251.1509597
AGI-6780,BA3197R,204.99104,8.09E-09
AGI-6780,BA3203R,254.39728,270.2436174
AGI-6780,BA3207R,258.77344,263.7625015
AGI-6780,BA3210R,259.18878,254.48544
AGI-6780,BA3212R,243.03456,267.1580553
AGI-6780,BA3213R,249.80737,250.9321685
AGI-6780,BA3214R,255.44536,244.6093954
AGI-6780,BA3217R,226.24509,105.1424588
AGI-6780,BA3222R,241.4695,260.0967234
AGI-6780,BA3225R,248.25723,217.1052942
AGI-6780,BA3226R,233.62535,126.6187388
AGI-6780,BA3228R,252.11342,242.3015333
AGI-6780,BA3232R,238.45914,218.0675076
AGI-6780,BA3235R,254.7263,285.4968495
AGI-6780,BA3240R,227.69958,208.1653322
AGI-6780,BA3250R,243.72824,280.0163323
AGI-6780,BA3251R,242.578,247.7631875
AGI-6780,BA3261R,247.0337,251.4828461
AGI-6780,BA3264R,217.30684,173.7369472
AGI-6780,BA3270R,249.16832,226.7155307
AGI-6780,BA3271R,236.51904,254.9803389
AGI-6780,BA3277R,245.87914,266.1639477
AGI-6780,BA3285R,242.55363,126.9412049
AGI-6780,BA3286R,234.63428,229.1915468
AGI-6780,BA3289R,251.83098,253.0757473
AGI-6780,BA3290R,256.83075,246.6995384
AGI-6780,BA3293R,228.08823,265.7735456
AGI-6780,BA3297R,239.82613,62.60742651
AGI-6780,BA3299R,248.90039,256.1010943
AGI-6780,BA3305R,248.58029,285.3745761
AGI-6780,BA3306R,229.9687,190.4698488
AGI-6780,BA3308R,232.7567,158.4257238
AGI-6780,BA3311R,252.77528,97.33953021
AGI-6780,BA3317R,226.85222,171.8362831
AGI-6780,BA3318R,251.13951,195.697034
AGI-6780,BA3319R,260.39575,258.4656004
AGI-6780,BA3324R,252.85678,218.8828222
AGI-6780,BA3326R,251.29488,259.5298023
AGI-6780,BA3328R,237.04604,245.5980098
AGI-6780,BA3332R,228.9569,203.2952459
AGI-6780,BA3333R,233.36151,245.4198196
AGI-6780,BA3334R,248.49739,203.7816403
AGI-6780,BA3341R,247.29897,245.3835304
AGI-6780,BA3345R,256.73166,210.6010526
AGI-6780,BA3347R,255.48903,270.3087425
AGI-6780,BA3352R,233.49055,222.4702709
AGI-6780,BA3362R,248.68661,258.5334762
AGI-6780,BA3367R,253.87169,254.63349
AGI-6780,BA3373R,253.72357,286.3279433
AGI-6780,BA3374R,245.3381,278.7785261
AGI-6780,BA3380R,232.1217,140.410677
AGI-6780,BA3381R,247.02173,236.5128186
AGI-6780,BA3384R,238.4963,223.2786481
AGI-6780,BA3394R,252.27393,269.3936982
AGI-6780,BA3397R,241.53993,148.2205352
AGI-6780,BA3399R,258.2427,237.8205436
AGI-6780,BA3400R,244.74861,285.9023016
AGI-6780,BA3403R,248.34444,169.7262046
AGI-6780,BA3406R,232.66002,195.1697881
AGI-6780,BA3411R,254.9363,261.4690807
AGI-6780,BA3412R,242.69334,235.3111781
AGI-6780,BA3417R,249.1125,213.5781244
AGI-6780,BA3418R,255.9197,195.5020175
AGI-6780,BA3421R,249.16884,235.3613103
AGI-6780,BA3422R,228.80023,241.1152627
AGI-6780,BA3423R,222.8028,142.8678687
AGI-6780,BA3431R,254.93346,256.8334445
AGI-6780,BA3433R,233.34259,256.3923846
AGI-6780,BA3434R,252.16928,219.7654163
AGI-6780,BA3438R,237.71375,278.5060557
AGI-6780,BA3449R,247.77293,286.3279433
AGI-6780,BA3451R,256.1823,247.149429
Bay 11-7085,BA3078R,244.2824,259.8529995
Bay 11-7085,BA3079R,262.9341,231.4037721
Bay 11-7085,BA3083R,252.39417,246.2279459
Bay 11-7085,BA3084R,219.49876,274.9920569
Bay 11-7085,BA3087R,240.0327,286.3279433
Bay 11-7085,BA3089R,244.2527,286.3279433
Bay 11-7085,BA3094R,242.94807,277.2212224
Bay 11-7085,BA3098R,259.4575,249.950309
Bay 11-7085,BA3099R,251.37105,261.379609
Bay 11-7085,BA3110R,255.0206,277.1628142
Bay 11-7085,BA3114R,259.58365,273.0223528
Bay 11-7085,BA3117R,253.04837,243.8617944
Bay 11-7085,BA3118R,267.67017,284.6965778
Bay 11-7085,BA3119R,227.01968,280.1042637
Bay 11-7085,BA3126R,259.8227,285.2289096
Bay 11-7085,BA3130R,260.22778,222.8590212
Bay 11-7085,BA3133R,268.29166,264.4662999
Bay 11-7085,BA3135R,232.93364,233.6512943
Bay 11-7085,BA3137R,262.90286,272.107241
Bay 11-7085,BA3138R,270.89465,283.4440721
Bay 11-7085,BA3139R,249.67009,267.5638505
Bay 11-7085,BA3145R,253.03506,239.2339803
Bay 11-7085,BA3146R,249.06119,257.9004477
Bay 11-7085,BA3152R,257.81528,201.1179195
Bay 11-7085,BA3153R,259.25842,273.6044368
Bay 11-7085,BA3154R,245.36157,243.0512022
Bay 11-7085,BA3157R,235.97487,277.2998685
Bay 11-7085,BA3158R,242.60939,277.7066347
Bay 11-7085,BA3162R,264.47617,269.3581797
Bay 11-7085,BA3163R,260.78522,274.0043654
Bay 11-7085,BA3164R,243.42163,240.490574
Bay 11-7085,BA3167R,256.40457,242.8021471
Bay 11-7085,BA3169R,264.1823,178.191309
Bay 11-7085,BA3171R,269.30774,286.3279433
Bay 11-7085,BA3174R,267.65057,255.1687461
Bay 11-7085,BA3175R,265.43262,252.4330796
Bay 11-7085,BA3177R,249.42456,273.5507926
Bay 11-7085,BA3181R,267.61884,260.8112666
Bay 11-7085,BA3182R,257.12747,224.8050289
Bay 11-7085,BA3183R,251.75626,233.7514372
Bay 11-7085,BA3185R,248.6747,198.064053
Bay 11-7085,BA3186R,260.65744,266.4717357
Bay 11-7085,BA3187R,264.39252,241.1819512
Bay 11-7085,BA3189R,252.02927,286.0634937
Bay 11-7085,BA3190R,268.10242,286.3279433
Bay 11-7085,BA3191R,264.8316,275.7045752
Bay 11-7085,BA3192R,238.97658,255.4837171
Bay 11-7085,BA3195R,261.81046,274.8492859
Bay 11-7085,BA3197R,216.41893,163.2042214
Bay 11-7085,BA3199R,251.82262,228.2073255
Bay 11-7085,BA3200R,238.61008,176.505075
Bay 11-7085,BA3203R,266.76822,267.9467292
Bay 11-7085,BA3207R,267.22372,269.1221808
Bay 11-7085,BA3208R,256.13016,251.2675661
Bay 11-7085,BA3210R,270.17703,266.6543875
Bay 11-7085,BA3212R,253.81877,280.7199886
Bay 11-7085,BA3213R,263.05444,261.2895751
Bay 11-7085,BA3214R,267.709,265.6600699
Bay 11-7085,BA3217R,237.0326,151.1693604
Bay 11-7085,BA3219R,254.66167,286.3279433
Bay 11-7085,BA3222R,250.27792,275.1583451
Bay 11-7085,BA3225R,255.39706,268.5868005
Bay 11-7085,BA3228R,262.30612,281.4846226
Bay 11-7085,BA3229R,265.9275,286.3279433
Bay 11-7085,BA3232R,253.77278,250.8168981
Bay 11-7085,BA3235R,263.0843,286.3279433
Bay 11-7085,BA3240R,238.28754,187.8717245
Bay 11-7085,BA3242R,261.73227,286.3279433
Bay 11-7085,BA3249R,246.42351,218.6642995
Bay 11-7085,BA3250R,252.97472,280.8464379
Bay 11-7085,BA3251R,256.41144,246.6754869
Bay 11-7085,BA3258R,253.92061,271.4145146
Bay 11-7085,BA3260R,268.88528,220.3985705
Bay 11-7085,BA3261R,260.05005,231.5992687
Bay 11-7085,BA3264R,224.98628,255.5587854
Bay 11-7085,BA3266R,254.70543,275.8596087
Bay 11-7085,BA3268R,250.02493,259.0819996
Bay 11-7085,BA3270R,261.25742,270.1843415
Bay 11-7085,BA3271R,250.9006,235.6137844
Bay 11-7085,BA3275R,240.61385,286.3279433
Bay 11-7085,BA3277R,259.64462,280.1270182
Bay 11-7085,BA3283R,264.96036,285.3282121
Bay 11-7085,BA3285R,251.74956,269.8175158
Bay 11-7085,BA3286R,248.19359,241.3816907
Bay 11-7085,BA3289R,263.26984,268.206109
Bay 11-7085,BA3290R,266.0966,272.5984623
Bay 11-7085,BA3293R,240.6159,274.1616298
Bay 11-7085,BA3295R,256.9039,237.2570205
Bay 11-7085,BA3297R,254.375,43.54195718
Bay 11-7085,BA3299R,260.76962,257.6545191
Bay 11-7085,BA3300R,254.3524,286.3253493
Bay 11-7085,BA3302R,255.24825,273.3210239
Bay 11-7085,BA3305R,261.5807,276.3353752
Bay 11-7085,BA3306R,243.15298,159.9127705
Bay 11-7085,BA3308R,243.26509,279.4724832
Bay 11-7085,BA3310R,227.87497,268.140175
Bay 11-7085,BA3311R,263.06537,147.8683991
Bay 11-7085,BA3312R,254.35393,250.5416654
Bay 11-7085,BA3317R,237.34657,187.9653429
Bay 11-7085,BA3318R,262.2862,166.9827004
Bay 11-7085,BA3319R,267.40738,286.022096
Bay 11-7085,BA3324R,262.02365,272.552251
Bay 11-7085,BA3325R,265.39563,275.5512816
Bay 11-7085,BA3326R,258.6969,254.8232954
Bay 11-7085,BA3328R,249.0813,245.4788486
Bay 11-7085,BA3332R,241.45032,279.5288068
Bay 11-7085,BA3333R,248.9236,247.4383989
Bay 11-7085,BA3334R,262.00836,217.7882828
Bay 11-7085,BA3341R,261.36035,279.3633997
Bay 11-7085,BA3345R,264.63733,261.1492047
Bay 11-7085,BA3347R,265.1124,264.2385144
Bay 11-7085,BA3351R,252.98454,282.6062939
Bay 11-7085,BA3352R,246.15634,244.3625904
Bay 11-7085,BA3353R,235.88428,286.3279433
Bay 11-7085,BA3357R,251.95174,269.0426171
Bay 11-7085,BA3362R,257.49045,239.5440624
Bay 11-7085,BA3367R,261.69424,282.6242176
Bay 11-7085,BA3369R,253.48657,286.3279433
Bay 11-7085,BA3373R,266.49893,286.3279433
Bay 11-7085,BA3374R,253.15526,250.2389443
Bay 11-7085,BA3375R,223.98488,273.0966626
Bay 11-7085,BA3380R,244.78783,58.0697234
Bay 11-7085,BA3381R,257.7967,241.53736
Bay 11-7085,BA3384R,250.5491,263.1521831
Bay 11-7085,BA3385R,254.56685,286.3279433
Bay 11-7085,BA3386R,240.13054,269.1566529
Bay 11-7085,BA3388R,270.3335,259.4265951
Bay 11-7085,BA3390R,260.14526,286.3279433
Bay 11-7085,BA3394R,263.60718,278.2470635
Bay 11-7085,BA3397R,253.02792,196.8287559
Bay 11-7085,BA3399R,268.5449,270.6335871
Bay 11-7085,BA3400R,257.0218,243.8780732
Bay 11-7085,BA3403R,254.92502,226.8703933
Bay 11-7085,BA3406R,246.64552,224.4372104
Bay 11-7085,BA3411R,266.62045,260.2623791
Bay 11-7085,BA3412R,250.44977,270.1826722
Bay 11-7085,BA3415R,257.27707,189.5215052
Bay 11-7085,BA3416R,244.3594,286.3279433
Bay 11-7085,BA3417R,258.23096,243.877041
Bay 11-7085,BA3418R,266.9873,244.4615777
Bay 11-7085,BA3421R,261.9587,282.4107804
Bay 11-7085,BA3422R,241.20622,222.7464115
Bay 11-7085,BA3423R,232.76634,159.4278685
Bay 11-7085,BA3431R,265.85797,278.6416433
Bay 11-7085,BA3433R,247.00435,262.2466912
Bay 11-7085,BA3434R,263.919,274.5857395
Bay 11-7085,BA3438R,249.15782,251.7074987
Bay 11-7085,BA3445R,248.2294,263.0767134
Bay 11-7085,BA3446R,251.79437,209.2457976
Bay 11-7085,BA3449R,261.4354,286.3279433
Bay 11-7085,BA3451R,262.22144,216.2722189
Bay 11-7085,BA3452R,260.98764,286.3279433
Bay 11-7085,BA3454R,248.59848,280.4580532
Cytarabine,BA3078R,195.36703,137.2764685
Cytarabine,BA3079R,209.2868,179.0793141
Cytarabine,BA3083R,199.64333,118.9870475
Cytarabine,BA3084R,193.69795,234.6157041
Cytarabine,BA3087R,215.34512,210.1648785
Cytarabine,BA3089R,206.45784,94.01431421
Cytarabine,BA3094R,209.79578,85.82021926
Cytarabine,BA3098R,196.57285,253.22182
Cytarabine,BA3099R,190.35242,209.8044473
Cytarabine,BA3110R,202.64734,178.8819328
Cytarabine,BA3114R,213.03226,203.868542
Cytarabine,BA3117R,208.49144,8.09E-09
Cytarabine,BA3118R,213.88202,122.3901292
Cytarabine,BA3119R,206.0685,256.5919837
Cytarabine,BA3126R,224.39056,212.8936262
Cytarabine,BA3128R,203.15208,97.27098458
Cytarabine,BA3130R,234.35887,191.0793817
Cytarabine,BA3133R,231.2752,204.1610824
Cytarabine,BA3135R,201.11334,222.7940592
Cytarabine,BA3137R,196.71396,189.2771071
Cytarabine,BA3138R,236.03876,169.6975863
Cytarabine,BA3139R,224.64803,165.2117368
Cytarabine,BA3145R,220.07664,123.4605438
Cytarabine,BA3146R,179.07315,124.7012747
Cytarabine,BA3152R,212.42282,224.5622528
Cytarabine,BA3153R,217.56068,201.6431703
Cytarabine,BA3154R,218.80875,221.7179482
Cytarabine,BA3157R,199.53705,134.9557667
Cytarabine,BA3158R,188.09488,176.1210343
Cytarabine,BA3162R,212.09593,209.4796958
Cytarabine,BA3163R,225.20451,149.4841844
Cytarabine,BA3164R,195.40805,153.343661
Cytarabine,BA3167R,211.65428,96.65071769
Cytarabine,BA3169R,224.18443,181.2269576
Cytarabine,BA3171R,233.70375,215.0072528
Cytarabine,BA3174R,226.19571,171.568819
Cytarabine,BA3175R,220.7747,172.1609631
Cytarabine,BA3177R,181.7448,138.0004815
Cytarabine,BA3181R,226.27339,170.7143129
Cytarabine,BA3182R,198.44833,197.0087792
Cytarabine,BA3183R,204.21643,172.9519084
Cytarabine,BA3185R,197.24425,91.86566525
Cytarabine,BA3186R,225.68253,167.8401564
Cytarabine,BA3187R,214.75156,213.2734847
Cytarabine,BA3189R,215.0456,222.7226249
Cytarabine,BA3190R,228.47997,120.2734146
Cytarabine,BA3191R,207.92984,169.0085861
Cytarabine,BA3192R,205.1157,157.9381675
Cytarabine,BA3195R,205.44574,187.1634779
Cytarabine,BA3197R,193.33391,108.5271188
Cytarabine,BA3199R,195.12213,73.59856594
Cytarabine,BA3200R,217.40945,233.3286438
Cytarabine,BA3203R,223.19243,273.7488456
Cytarabine,BA3207R,230.68608,242.5871306
Cytarabine,BA3208R,203.27707,142.1591194
Cytarabine,BA3210R,234.77393,172.9760677
Cytarabine,BA3211R,190.11656,77.59091355
Cytarabine,BA3212R,221.08429,117.9308494
Cytarabine,BA3213R,199.49461,208.0114174
Cytarabine,BA3214R,226.46135,144.224532
Cytarabine,BA3216R,207.85683,181.0390691
Cytarabine,BA3217R,196.98659,175.0790986
Cytarabine,BA3222R,219.90393,193.1358513
Cytarabine,BA3225R,222.21373,242.0331253
Cytarabine,BA3226R,205.50175,106.8019303
Cytarabine,BA3228R,204.50026,158.6218173
Cytarabine,BA3229R,224.77864,146.3158661
Cytarabine,BA3232R,201.74707,211.463995
Cytarabine,BA3235R,225.18373,244.9186605
Cytarabine,BA3240R,215.29317,196.7395037
Cytarabine,BA3242R,213.16566,172.2652123
Cytarabine,BA3249R,221.80475,194.830809
Cytarabine,BA3250R,195.05247,152.9463857
Cytarabine,BA3251R,196.75932,215.2124243
Cytarabine,BA3258R,213.32019,84.93487382
Cytarabine,BA3260R,237.90234,213.5481049
Cytarabine,BA3261R,226.2497,237.6624912
Cytarabine,BA3264R,184.60747,132.6270812
Cytarabine,BA3266R,195.47679,119.0608761
Cytarabine,BA3268R,211.02689,247.1243719
Cytarabine,BA3270R,214.74266,173.4469527
Cytarabine,BA3271R,188.58705,210.0518128
Cytarabine,BA3275R,202.3211,119.1138379
Cytarabine,BA3277R,213.85579,172.6228556
Cytarabine,BA3283R,208.26408,151.5610254
Cytarabine,BA3285R,224.98616,235.6674414
Cytarabine,BA3286R,185.97653,167.6953515
Cytarabine,BA3289R,221.21883,211.2482223
Cytarabine,BA3290R,230.26503,243.1706876
Cytarabine,BA3293R,205.44934,158.9527191
Cytarabine,BA3295R,199.93056,171.6208667
Cytarabine,BA3297R,203.59747,26.010293
Cytarabine,BA3299R,214.93683,217.33754
Cytarabine,BA3300R,212.86923,147.8020096
Cytarabine,BA3302R,203.60997,108.5525328
Cytarabine,BA3305R,214.26999,171.6978108
Cytarabine,BA3306R,209.1276,191.8090109
Cytarabine,BA3308R,200.02238,260.4349214
Cytarabine,BA3310R,204.16527,189.379451
Cytarabine,BA3311R,217.7795,124.4737941
Cytarabine,BA3312R,206.45444,112.6809153
Cytarabine,BA3317R,208.28564,263.5685996
Cytarabine,BA3318R,223.73288,227.7381489
Cytarabine,BA3319R,227.12079,214.0239088
Cytarabine,BA3324R,216.86174,236.9726424
Cytarabine,BA3326R,218.524,181.6039603
Cytarabine,BA3328R,211.43192,192.3646402
Cytarabine,BA3332R,199.2156,206.0638139
Cytarabine,BA3333R,205.7649,191.2746853
Cytarabine,BA3334R,216.35818,235.3417634
Cytarabine,BA3341R,226.5424,229.8075171
Cytarabine,BA3345R,220.95143,193.8205849
Cytarabine,BA3347R,226.78442,197.3449195
Cytarabine,BA3351R,229.04893,214.9785961
Cytarabine,BA3352R,210.9516,150.6524233
Cytarabine,BA3353R,208.34163,78.9465609
Cytarabine,BA3357R,214.20976,128.9221969
Cytarabine,BA3362R,221.54578,206.6022317
Cytarabine,BA3367R,224.95718,226.2863307
Cytarabine,BA3369R,185.99358,164.3870427
Cytarabine,BA3373R,228.02682,196.6117312
Cytarabine,BA3374R,213.48094,172.258541
Cytarabine,BA3375R,197.58289,187.2977955
Cytarabine,BA3376R,189.92143,157.2380355
Cytarabine,BA3380R,196.87184,103.8716156
Cytarabine,BA3381R,207.94171,200.058174
Cytarabine,BA3384R,202.77606,109.8895868
Cytarabine,BA3385R,193.60553,69.68462301
Cytarabine,BA3386R,180.88577,175.8334308
Cytarabine,BA3388R,233.45241,195.2913528
Cytarabine,BA3394R,210.0048,140.9291363
Cytarabine,BA3397R,207.51324,164.4444763
Cytarabine,BA3399R,230.98325,218.7680157
Cytarabine,BA3400R,225.61537,270.2586219
Cytarabine,BA3403R,210.92369,218.1972424
Cytarabine,BA3406R,202.45862,133.3749116
Cytarabine,BA3411R,227.63795,239.9873571
Cytarabine,BA3412R,221.3699,156.0972859
Cytarabine,BA3415R,224.22942,256.3035612
Cytarabine,BA3416R,226.66473,286.3279433
Cytarabine,BA3417R,204.48683,142.8564678
Cytarabine,BA3418R,227.92537,220.5997735
Cytarabine,BA3421R,214.55362,150.2183194
Cytarabine,BA3422R,214.82654,148.2215352
Cytarabine,BA3423R,212.38403,110.3441664
Cytarabine,BA3431R,220.91356,146.3598836
Cytarabine,BA3433R,211.06772,195.9711731
Cytarabine,BA3434R,219.2005,166.0243682
Cytarabine,BA3438R,210.08841,205.7374564
Cytarabine,BA3445R,215.52399,39.39818013
Cytarabine,BA3446R,200.31273,187.3327167
Cytarabine,BA3449R,214.01804,124.8624105
Cytarabine,BA3451R,226.35837,195.4171687
Cytarabine,BA3452R,212.12009,93.96228215
Cytarabine,BA3454R,193.17519,8.09E-09
Entospletinib (GS-9973),BA3078R,187.60576,100.7676416
Entospletinib (GS-9973),BA3079R,179.38516,159.3857575
Entospletinib (GS-9973),BA3083R,183.69542,183.1402424
Entospletinib (GS-9973),BA3084R,187.16948,120.7830326
Entospletinib (GS-9973),BA3087R,218.95529,232.2610502
Entospletinib (GS-9973),BA3089R,203.22986,202.770646
Entospletinib (GS-9973),BA3094R,209.06287,179.2919526
Entospletinib (GS-9973),BA3098R,181.31967,179.6476205
Entospletinib (GS-9973),BA3099R,185.75136,46.04649986
Entospletinib (GS-9973),BA3110R,192.613,151.8218204
Entospletinib (GS-9973),BA3114R,191.19186,118.1552637
Entospletinib (GS-9973),BA3117R,210.43428,8.09E-09
Entospletinib (GS-9973),BA3118R,193.32596,140.1318195
Entospletinib (GS-9973),BA3119R,188.9883,241.1600133
Entospletinib (GS-9973),BA3126R,209.16708,167.197554
Entospletinib (GS-9973),BA3128R,191.9781,189.3771569
Entospletinib (GS-9973),BA3130R,227.19034,208.9602999
Entospletinib (GS-9973),BA3133R,227.85667,231.9358071
Entospletinib (GS-9973),BA3135R,175.66699,103.0075621
Entospletinib (GS-9973),BA3137R,177.70667,174.6162142
Entospletinib (GS-9973),BA3138R,212.93216,188.530684
Entospletinib (GS-9973),BA3139R,227.90999,89.07478352
Entospletinib (GS-9973),BA3145R,214.31369,102.4971186
Entospletinib (GS-9973),BA3146R,161.29604,155.4182014
Entospletinib (GS-9973),BA3152R,190.51596,233.418154
Entospletinib (GS-9973),BA3153R,198.07457,195.4652493
Entospletinib (GS-9973),BA3154R,214.34117,101.5211981
Entospletinib (GS-9973),BA3157R,184.98294,251.6335468
Entospletinib (GS-9973),BA3158R,180.97823,91.82480586
Entospletinib (GS-9973),BA3162R,188.82227,177.292224
Entospletinib (GS-9973),BA3163R,205.85529,197.2957285
Entospletinib (GS-9973),BA3164R,187.83473,147.1041561
Entospletinib (GS-9973),BA3167R,200.56541,113.405342
Entospletinib (GS-9973),BA3169R,206.49672,135.8959676
Entospletinib (GS-9973),BA3171R,225.73396,248.8966745
Entospletinib (GS-9973),BA3174R,192.15054,96.82010209
Entospletinib (GS-9973),BA3175R,195.8656,188.3540645
Entospletinib (GS-9973),BA3177R,174.03204,200.0958107
Entospletinib (GS-9973),BA3181R,207.30684,213.2234649
Entospletinib (GS-9973),BA3182R,181.02711,99.85397676
Entospletinib (GS-9973),BA3183R,202.06483,210.321687
Entospletinib (GS-9973),BA3185R,177.0368,107.1844211
Entospletinib (GS-9973),BA3186R,219.20152,212.6201189
Entospletinib (GS-9973),BA3187R,203.0118,202.0149017
Entospletinib (GS-9973),BA3189R,213.44566,188.3313246
Entospletinib (GS-9973),BA3190R,212.3477,144.3802596
Entospletinib (GS-9973),BA3191R,186.1273,92.15445168
Entospletinib (GS-9973),BA3192R,193.37514,203.7477757
Entospletinib (GS-9973),BA3195R,193.2683,187.7235925
Entospletinib (GS-9973),BA3197R,167.35915,16.47789009
Entospletinib (GS-9973),BA3199R,188.03238,154.5256016
Entospletinib (GS-9973),BA3200R,203.41568,123.5479475
Entospletinib (GS-9973),BA3203R,202.65306,245.5047731
Entospletinib (GS-9973),BA3206R,212.8324,188.8220101
Entospletinib (GS-9973),BA3207R,217.23344,147.5172006
Entospletinib (GS-9973),BA3208R,192.58473,102.6669716
Entospletinib (GS-9973),BA3210R,209.56932,216.9821764
Entospletinib (GS-9973),BA3211R,179.4966,54.69681792
Entospletinib (GS-9973),BA3212R,224.95369,284.9103052
Entospletinib (GS-9973),BA3213R,176.59842,160.9865898
Entospletinib (GS-9973),BA3214R,217.38898,230.2500226
Entospletinib (GS-9973),BA3216R,184.65486,118.9032616
Entospletinib (GS-9973),BA3217R,182.44362,41.83898031
Entospletinib (GS-9973),BA3219R,200.17177,174.5581868
Entospletinib (GS-9973),BA3222R,226.45511,221.7562338
Entospletinib (GS-9973),BA3225R,202.12689,132.6588569
Entospletinib (GS-9973),BA3226R,195.45561,100.2998261
Entospletinib (GS-9973),BA3227R,189.99393,101.795457
Entospletinib (GS-9973),BA3228R,187.31508,187.5529766
Entospletinib (GS-9973),BA3229R,206.91925,179.5836972
Entospletinib (GS-9973),BA3232R,196.50307,175.3667567
Entospletinib (GS-9973),BA3235R,200.26465,150.3573026
Entospletinib (GS-9973),BA3240R,205.24982,159.5926482
Entospletinib (GS-9973),BA3242R,202.2088,222.1494458
Entospletinib (GS-9973),BA3250R,183.10329,222.128579
Entospletinib (GS-9973),BA3251R,178.20569,209.250804
Entospletinib (GS-9973),BA3258R,191.03235,175.0872715
Entospletinib (GS-9973),BA3260R,214.85927,238.9301813
Entospletinib (GS-9973),BA3261R,225.24934,228.4706575
Entospletinib (GS-9973),BA3264R,158.8743,128.6264968
Entospletinib (GS-9973),BA3266R,183.42491,76.01259451
Entospletinib (GS-9973),BA3268R,208.90721,214.9168339
Entospletinib (GS-9973),BA3270R,196.10373,200.70676
Entospletinib (GS-9973),BA3271R,168.05583,166.0540499
Entospletinib (GS-9973),BA3275R,188.11504,156.0257732
Entospletinib (GS-9973),BA3277R,193.71129,200.0447542
Entospletinib (GS-9973),BA3283R,179.86559,149.9196763
Entospletinib (GS-9973),BA3285R,225.69469,99.4810072
Entospletinib (GS-9973),BA3286R,173.18361,203.8431999
Entospletinib (GS-9973),BA3289R,182.81,185.6883627
Entospletinib (GS-9973),BA3290R,221.17464,198.2739954
Entospletinib (GS-9973),BA3293R,199.42024,150.9408799
Entospletinib (GS-9973),BA3295R,182.29045,178.5571508
Entospletinib (GS-9973),BA3297R,191.05602,183.974176
Entospletinib (GS-9973),BA3299R,184.49127,140.4967885
Entospletinib (GS-9973),BA3300R,212.7644,193.5092835
Entospletinib (GS-9973),BA3302R,205.93175,160.9282873
Entospletinib (GS-9973),BA3305R,200.79756,234.1183442
Entospletinib (GS-9973),BA3306R,190.86537,135.0749911
Entospletinib (GS-9973),BA3308R,192.58899,121.6849685
Entospletinib (GS-9973),BA3310R,180.27785,177.8668218
Entospletinib (GS-9973),BA3312R,207.08661,194.5925148
Entospletinib (GS-9973),BA3317R,201.96043,140.9515388
Entospletinib (GS-9973),BA3319R,220.74307,122.5400922
Entospletinib (GS-9973),BA3324R,204.76894,191.0999996
Entospletinib (GS-9973),BA3325R,197.49385,202.3363774
Entospletinib (GS-9973),BA3326R,208.84213,174.8347421
Entospletinib (GS-9973),BA3328R,194.69708,201.703192
Entospletinib (GS-9973),BA3332R,191.6771,158.5749501
Entospletinib (GS-9973),BA3333R,192.28275,217.4762625
Entospletinib (GS-9973),BA3334R,193.36562,182.4709092
Entospletinib (GS-9973),BA3341R,212.22638,191.8499884
Entospletinib (GS-9973),BA3345R,182.11534,161.5047745
Entospletinib (GS-9973),BA3351R,223.82527,241.1857722
Entospletinib (GS-9973),BA3352R,197.1836,115.289657
Entospletinib (GS-9973),BA3357R,213.05649,198.8604982
Entospletinib (GS-9973),BA3362R,227.24127,206.5338133
Entospletinib (GS-9973),BA3367R,206.48758,157.697257
Entospletinib (GS-9973),BA3369R,173.71463,193.1934566
Entospletinib (GS-9973),BA3373R,236.04364,283.211244
Entospletinib (GS-9973),BA3374R,223.28798,178.298415
Entospletinib (GS-9973),BA3376R,180.35489,223.5235792
Entospletinib (GS-9973),BA3380R,179.31479,127.855664
Entospletinib (GS-9973),BA3381R,189.10966,186.2292021
Entospletinib (GS-9973),BA3384R,191.58038,172.9583532
Entospletinib (GS-9973),BA3385R,177.67934,119.5996505
Entospletinib (GS-9973),BA3386R,167.46869,166.8357006
Entospletinib (GS-9973),BA3388R,212.74692,252.4857093
Entospletinib (GS-9973),BA3390R,196.06015,219.7468206
Entospletinib (GS-9973),BA3394R,201.3915,153.0142462
Entospletinib (GS-9973),BA3397R,204.16492,209.9544139
Entospletinib (GS-9973),BA3399R,201.97575,116.4548061
Entospletinib (GS-9973),BA3400R,213.44174,229.4479303
Entospletinib (GS-9973),BA3403R,219.43654,227.9725854
Entospletinib (GS-9973),BA3406R,180.60411,0.563454043
Entospletinib (GS-9973),BA3411R,221.1094,209.36902
Entospletinib (GS-9973),BA3412R,224.61513,243.8764414
Entospletinib (GS-9973),BA3415R,227.65125,169.1744815
Entospletinib (GS-9973),BA3416R,230.58153,249.21443
Entospletinib (GS-9973),BA3417R,182.74405,164.5558286
Entospletinib (GS-9973),BA3418R,208.58293,123.50627
Entospletinib (GS-9973),BA3421R,177.22662,118.5464423
Entospletinib (GS-9973),BA3422R,201.29518,224.6047252
Entospletinib (GS-9973),BA3423R,200.94727,176.9514807
Entospletinib (GS-9973),BA3431R,182.05254,149.0822329
Entospletinib (GS-9973),BA3433R,191.47163,219.5515247
Entospletinib (GS-9973),BA3434R,205.75851,213.9494038
Entospletinib (GS-9973),BA3438R,207.19936,171.9990936
Entospletinib (GS-9973),BA3445R,206.18526,101.0676347
Entospletinib (GS-9973),BA3446R,184.04227,163.0975592
Entospletinib (GS-9973),BA3449R,209.72649,253.7670345
Entospletinib (GS-9973),BA3451R,205.30266,231.3330353
Entospletinib (GS-9973),BA3452R,193.16248,75.41802184
Entospletinib (GS-9973),BA3454R,183.3864,27.08875581
JQ1,BA3078R,125.57438,133.2487739
JQ1,BA3079R,120.03027,96.45739198
JQ1,BA3083R,111.537125,114.1663019
JQ1,BA3084R,146.28491,165.8319407
JQ1,BA3087R,167.78352,202.6726613
JQ1,BA3089R,162.50174,167.3786793
JQ1,BA3094R,153.20415,85.29809611
JQ1,BA3098R,110.02148,137.3037368
JQ1,BA3099R,126.81795,172.075499
JQ1,BA3110R,139.53839,143.4157159
JQ1,BA3114R,129.27945,76.11780311
JQ1,BA3117R,152.72098,8.09E-09
JQ1,BA3118R,130.38957,248.3490843
JQ1,BA3119R,165.2879,185.7393567
JQ1,BA3126R,142.24239,186.3703145
JQ1,BA3128R,158.13829,123.5645434
JQ1,BA3130R,161.33357,203.083915
JQ1,BA3133R,167.93823,179.1076915
JQ1,BA3135R,160.99571,152.9805325
JQ1,BA3137R,105.54141,106.2654059
JQ1,BA3138R,144.26198,128.2294912
JQ1,BA3139R,171.71619,168.5377441
JQ1,BA3145R,174.21448,210.9151055
JQ1,BA3146R,90.92874,174.6089781
JQ1,BA3152R,125.62243,232.8882471
JQ1,BA3153R,152.3227,147.3349335
JQ1,BA3154R,165.5881,113.5870549
JQ1,BA3157R,149.49583,147.3190145
JQ1,BA3158R,131.94208,125.3714201
JQ1,BA3162R,130.36823,130.8497538
JQ1,BA3163R,138.53436,161.5074975
JQ1,BA3164R,156.74808,240.902792
JQ1,BA3167R,145.15718,81.62718064
JQ1,BA3169R,145.98044,90.5487693
JQ1,BA3171R,164.09613,171.0137703
JQ1,BA3174R,134.09161,125.4553653
JQ1,BA3175R,126.1962,106.8442759
JQ1,BA3177R,112.508675,112.6013033
JQ1,BA3181R,132.52428,126.2134962
JQ1,BA3182R,120.770805,160.6001873
JQ1,BA3183R,142.11446,133.6531412
JQ1,BA3185R,134.19725,92.76637084
JQ1,BA3186R,165.45894,216.9766746
JQ1,BA3187R,136.6613,143.9234007
JQ1,BA3189R,163.85477,216.8160054
JQ1,BA3190R,154.86397,116.3854844
JQ1,BA3191R,118.70291,85.42540723
JQ1,BA3192R,162.58965,109.9980973
JQ1,BA3195R,137.64174,139.0448332
JQ1,BA3197R,158.6962,250.2240569
JQ1,BA3199R,119.66301,181.0868346
JQ1,BA3200R,170.78508,257.9072494
JQ1,BA3203R,139.08011,166.2328099
JQ1,BA3207R,144.16022,134.6293357
JQ1,BA3208R,143.91605,176.9673692
JQ1,BA3210R,154.63766,136.2775542
JQ1,BA3212R,163.99399,163.103996
JQ1,BA3214R,159.19435,130.6291233
JQ1,BA3216R,140.11377,147.6732722
JQ1,BA3217R,150.89185,198.4374896
JQ1,BA3219R,143.62286,147.1734431
JQ1,BA3222R,157.90894,175.2136662
JQ1,BA3225R,149.04964,232.4847793
JQ1,BA3226R,157.32356,177.0970612
JQ1,BA3227R,166.2897,134.8182763
JQ1,BA3228R,118.90415,217.3351389
JQ1,BA3229R,145.81462,180.6341993
JQ1,BA3232R,122.41256,174.4506973
JQ1,BA3235R,135.203,149.4026879
JQ1,BA3240R,164.34633,131.2049226
JQ1,BA3242R,129.19577,176.5779051
JQ1,BA3249R,175.5354,85.52858345
JQ1,BA3250R,122.74133,209.5155998
JQ1,BA3251R,113.73422,117.8393203
JQ1,BA3258R,123.52263,109.7100163
JQ1,BA3260R,149.52777,165.1057327
JQ1,BA3261R,168.14696,153.0911221
JQ1,BA3264R,130.4747,139.4694823
JQ1,BA3266R,117.54942,56.70182147
JQ1,BA3268R,158.05815,155.6866038
JQ1,BA3270R,117.76126,213.2778097
JQ1,BA3271R,98.091446,94.09075574
JQ1,BA3275R,152.1132,54.19957504
JQ1,BA3277R,145.8727,116.6183769
JQ1,BA3283R,124.50443,95.18738961
JQ1,BA3285R,172.45349,192.4408229
JQ1,BA3286R,100.248474,216.0782983
JQ1,BA3289R,129.04424,164.8684745
JQ1,BA3290R,154.38452,203.8153144
JQ1,BA3293R,164.52878,235.2347693
JQ1,BA3295R,117.74702,111.0335028
JQ1,BA3297R,129.0258,46.38514229
JQ1,BA3299R,126.88698,104.2030868
JQ1,BA3300R,163.54962,106.1063649
JQ1,BA3302R,142.41443,116.662285
JQ1,BA3305R,131.45627,134.506125
JQ1,BA3306R,167.76653,197.5916071
JQ1,BA3308R,138.88042,211.7137369
JQ1,BA3310R,157.40224,131.8372986
JQ1,BA3311R,120.101494,46.15087261
JQ1,BA3312R,135.64995,75.27220858
JQ1,BA3317R,165.456,190.2994191
JQ1,BA3318R,159.01149,91.91767528
JQ1,BA3319R,150.25443,86.06381171
JQ1,BA3324R,134.90768,222.7274703
JQ1,BA3325R,136.73988,141.3473474
JQ1,BA3326R,137.44339,112.3136022
JQ1,BA3328R,153.62053,136.6381514
JQ1,BA3332R,146.80144,167.4384822
JQ1,BA3333R,160.91508,196.6933811
JQ1,BA3334R,129.79367,127.0061933
JQ1,BA3341R,168.04099,178.1417536
JQ1,BA3345R,121.5413,92.30808067
JQ1,BA3347R,141.19983,112.67064
JQ1,BA3351R,166.32594,193.3179488
JQ1,BA3352R,165.22574,116.111548
JQ1,BA3353R,166.64525,92.48756469
JQ1,BA3357R,158.50162,170.4280686
JQ1,BA3362R,160.56398,203.6593495
JQ1,BA3367R,137.40236,216.9180867
JQ1,BA3369R,109.93499,131.4630633
JQ1,BA3373R,166.3019,180.0841016
JQ1,BA3374R,144.78104,157.9034963
JQ1,BA3376R,143.63518,267.5777204
JQ1,BA3380R,153.50815,33.83703976
JQ1,BA3381R,118.634926,173.9750969
JQ1,BA3384R,121.735405,144.1143895
JQ1,BA3385R,104.540504,99.91586452
JQ1,BA3386R,130.08748,200.5058021
JQ1,BA3388R,145.37834,166.9379733
JQ1,BA3390R,128.74236,145.2687211
JQ1,BA3394R,123.934814,165.0717072
JQ1,BA3397R,141.12373,83.45837662
JQ1,BA3399R,143.05064,223.9399707
JQ1,BA3400R,175.2095,212.8961238
JQ1,BA3403R,141.88101,271.4132197
JQ1,BA3406R,144.2679,130.5659635
JQ1,BA3411R,153.59259,190.6436225
JQ1,BA3412R,163.82092,254.865806
JQ1,BA3415R,164.48825,130.4369951
JQ1,BA3416R,178.17624,164.5125492
JQ1,BA3417R,115.75518,139.3575434
JQ1,BA3418R,157.16759,113.2816766
JQ1,BA3421R,122.86678,147.2797046
JQ1,BA3422R,175.5961,226.509078
JQ1,BA3423R,170.16008,95.6128359
JQ1,BA3431R,126.59262,139.6459777
JQ1,BA3433R,168.6045,210.9420116
JQ1,BA3434R,139.36292,130.4816171
JQ1,BA3438R,155.12643,170.2748539
JQ1,BA3445R,153.8568,116.9142593
JQ1,BA3446R,110.31073,89.51098916
JQ1,BA3449R,148.56128,145.3962286
JQ1,BA3451R,131.40723,148.0977931
JQ1,BA3452R,142.2521,87.56183989
JQ1,BA3454R,139.46448,8.09E-09
Lenvatinib,BA3078R,158.3496,144.540207
Lenvatinib,BA3079R,156.7538,133.064501
Lenvatinib,BA3083R,149.63852,90.15084775
Lenvatinib,BA3084R,167.32735,134.6925053
Lenvatinib,BA3087R,202.7272,229.1803839
Lenvatinib,BA3089R,184.97469,203.8058253
Lenvatinib,BA3094R,187.26828,179.9694567
Lenvatinib,BA3098R,152.9642,128.4688044
Lenvatinib,BA3099R,149.1367,102.5282072
Lenvatinib,BA3110R,167.96252,164.0910814
Lenvatinib,BA3114R,169.01285,136.395404
Lenvatinib,BA3117R,191.55003,286.3279433
Lenvatinib,BA3118R,170.45375,206.4911664
Lenvatinib,BA3119R,179.6557,100.7633595
Lenvatinib,BA3126R,192.08458,157.9480473
Lenvatinib,BA3128R,174.72656,152.3344374
Lenvatinib,BA3130R,219.87102,262.5744855
Lenvatinib,BA3133R,212.86734,193.8983673
Lenvatinib,BA3135R,167.23491,108.0328558
Lenvatinib,BA3137R,156.20738,154.0806143
Lenvatinib,BA3138R,196.20676,139.3099853
Lenvatinib,BA3139R,219.44688,190.1069108
Lenvatinib,BA3145R,199.16971,137.8905706
Lenvatinib,BA3146R,126.271194,119.8555241
Lenvatinib,BA3152R,168.09317,97.31399051
Lenvatinib,BA3153R,181.52519,110.4554324
Lenvatinib,BA3154R,202.67572,166.2401501
Lenvatinib,BA3157R,168.6556,237.4100643
Lenvatinib,BA3158R,157.43317,101.6319679
Lenvatinib,BA3162R,170.25922,159.228913
Lenvatinib,BA3163R,188.3373,241.9587799
Lenvatinib,BA3164R,165.27104,153.5398303
Lenvatinib,BA3167R,177.62433,79.32858405
Lenvatinib,BA3169R,185.84148,102.3205891
Lenvatinib,BA3171R,211.90146,257.695726
Lenvatinib,BA3174R,171.11903,169.8853313
Lenvatinib,BA3175R,171.73975,183.1696524
Lenvatinib,BA3177R,145.04758,134.3484521
Lenvatinib,BA3181R,192.3544,144.2796669
Lenvatinib,BA3182R,157.86246,140.018491
Lenvatinib,BA3183R,173.22418,162.9680477
Lenvatinib,BA3185R,155.91046,101.6641032
Lenvatinib,BA3186R,205.09607,211.528964
Lenvatinib,BA3187R,183.92049,158.7138892
Lenvatinib,BA3189R,192.66454,207.7977665
Lenvatinib,BA3190R,197.06607,193.4774827
Lenvatinib,BA3191R,165.31732,114.1383466
Lenvatinib,BA3192R,184.48738,143.8408611
Lenvatinib,BA3195R,167.62839,161.3268041
Lenvatinib,BA3199R,159.81563,102.2956812
Lenvatinib,BA3200R,195.22533,217.4414186
Lenvatinib,BA3203R,181.92368,201.5869128
Lenvatinib,BA3207R,199.59528,122.2783007
Lenvatinib,BA3208R,169.91576,64.21251062
Lenvatinib,BA3210R,191.43402,211.5467699
Lenvatinib,BA3211R,152.08948,38.58741893
Lenvatinib,BA3212R,211.10109,273.8463512
Lenvatinib,BA3213R,153.11964,149.8763743
Lenvatinib,BA3214R,196.42163,248.6308209
Lenvatinib,BA3216R,164.69977,53.70834153
Lenvatinib,BA3217R,162.50266,109.5592776
Lenvatinib,BA3219R,178.45174,139.3688024
Lenvatinib,BA3222R,205.69725,219.7666548
Lenvatinib,BA3225R,184.94469,146.367118
Lenvatinib,BA3226R,179.21596,166.851415
Lenvatinib,BA3228R,158.95586,158.4631769
Lenvatinib,BA3229R,187.71873,190.7395906
Lenvatinib,BA3232R,164.20044,168.2914251
Lenvatinib,BA3235R,174.50119,168.3807135
Lenvatinib,BA3240R,198.30484,55.78419074
Lenvatinib,BA3242R,179.0554,168.6557859
Lenvatinib,BA3249R,205.239,56.83754681
Lenvatinib,BA3250R,162.01003,259.3000048
Lenvatinib,BA3251R,147.03773,131.9816165
Lenvatinib,BA3258R,161.96928,112.405305
Lenvatinib,BA3260R,200.54254,204.1383459
Lenvatinib,BA3261R,210.86569,185.6831315
Lenvatinib,BA3264R,141.70299,128.1739003
Lenvatinib,BA3266R,154.62427,107.3814244
Lenvatinib,BA3268R,192.62183,228.944091
Lenvatinib,BA3270R,169.92303,147.1043411
Lenvatinib,BA3271R,134.19792,101.3262956
Lenvatinib,BA3275R,168.16034,159.1935452
Lenvatinib,BA3277R,173.76259,189.7493223
Lenvatinib,BA3283R,157.62372,153.1299484
Lenvatinib,BA3285R,219.26848,117.4217616
Lenvatinib,BA3286R,139.1348,126.6579683
Lenvatinib,BA3289R,155.82698,174.7338617
Lenvatinib,BA3290R,206.64023,205.5860995
Lenvatinib,BA3293R,182.28111,133.3639132
Lenvatinib,BA3295R,162.15367,197.7227695
Lenvatinib,BA3297R,164.39236,54.15302215
Lenvatinib,BA3299R,162.53055,102.8194062
Lenvatinib,BA3300R,199.60416,250.1021194
Lenvatinib,BA3302R,182.80106,215.9828793
Lenvatinib,BA3305R,179.16458,268.18531
Lenvatinib,BA3306R,181.8491,71.82422417
Lenvatinib,BA3308R,166.06229,235.0371265
Lenvatinib,BA3310R,168.99008,129.1564052
Lenvatinib,BA3311R,163.24828,64.43978416
Lenvatinib,BA3312R,183.05237,213.2381267
Lenvatinib,BA3317R,190.30035,205.4988057
Lenvatinib,BA3318R,195.39153,30.20289682
Lenvatinib,BA3319R,216.96098,188.976664
Lenvatinib,BA3324R,179.65593,163.5994185
Lenvatinib,BA3325R,177.70937,170.0129796
Lenvatinib,BA3326R,193.41199,199.0453789
Lenvatinib,BA3328R,175.50038,122.9580236
Lenvatinib,BA3332R,172.57265,165.0275977
Lenvatinib,BA3333R,172.67606,154.0650668
Lenvatinib,BA3334R,173.61284,137.2789455
Lenvatinib,BA3341R,194.77367,252.8874949
Lenvatinib,BA3345R,156.6231,103.0251403
Lenvatinib,BA3347R,189.10863,136.6780701
Lenvatinib,BA3351R,212.41904,163.098594
Lenvatinib,BA3352R,183.6714,154.8837105
Lenvatinib,BA3353R,193.84665,125.4477914
Lenvatinib,BA3357R,196.56789,154.9341434
Lenvatinib,BA3362R,207.01054,169.8251309
Lenvatinib,BA3367R,187.35089,162.7133711
Lenvatinib,BA3369R,146.31136,197.3941803
Lenvatinib,BA3373R,221.64372,285.3072574
Lenvatinib,BA3376R,153.86649,200.1533903
Lenvatinib,BA3380R,158.63434,131.3175386
Lenvatinib,BA3381R,168.74481,183.6563044
Lenvatinib,BA3384R,156.62085,187.7148514
Lenvatinib,BA3385R,145.63635,185.8667879
Lenvatinib,BA3386R,138.43535,177.6623178
Lenvatinib,BA3388R,196.09567,194.7113782
Lenvatinib,BA3390R,173.34937,237.4664799
Lenvatinib,BA3394R,176.89351,195.3425904
Lenvatinib,BA3397R,180.7189,119.3092523
Lenvatinib,BA3399R,181.40408,167.6326545
Lenvatinib,BA3400R,202.64146,224.3491135
Lenvatinib,BA3403R,194.10406,190.8620315
Lenvatinib,BA3406R,162.31067,183.3447498
Lenvatinib,BA3411R,204.9437,194.1126943
Lenvatinib,BA3412R,206.14047,249.2813491
Lenvatinib,BA3416R,220.66968,270.9801425
Lenvatinib,BA3417R,158.08553,120.7946399
Lenvatinib,BA3418R,188.1559,176.8432134
Lenvatinib,BA3421R,153.12895,140.9532983
Lenvatinib,BA3422R,196.94109,222.4220461
Lenvatinib,BA3423R,195.38109,116.0132852
Lenvatinib,BA3431R,159.60406,210.6943984
Lenvatinib,BA3433R,182.49152,223.1546069
Lenvatinib,BA3434R,187.48257,223.2279976
Lenvatinib,BA3438R,187.24178,140.4813267
Lenvatinib,BA3445R,188.39864,177.4267732
Lenvatinib,BA3446R,151.97887,134.9486621
Lenvatinib,BA3449R,190.53773,274.8662339
Lenvatinib,BA3451R,179.71924,186.6730146
Lenvatinib,BA3452R,169.44058,184.8002166
Lenvatinib,BA3454R,153.71768,195.7840074
Nutlin 3a,BA3078R,255.13759,71.13710506
Nutlin 3a,BA3079R,267.53345,249.1527546
Nutlin 3a,BA3083R,263.82727,180.1206862
Nutlin 3a,BA3084R,244.89525,286.3279433
Nutlin 3a,BA3087R,251.94081,203.2809519
Nutlin 3a,BA3089R,254.6414,99.63715178
Nutlin 3a,BA3094R,252.17224,163.416175
Nutlin 3a,BA3098R,263.6989,272.7238413
Nutlin 3a,BA3099R,256.37875,279.7225689
Nutlin 3a,BA3110R,258.99484,210.6980826
Nutlin 3a,BA3114R,266.52554,280.0348576
Nutlin 3a,BA3117R,260.3094,8.09E-09
Nutlin 3a,BA3119R,254.2165,163.653524
Nutlin 3a,BA3126R,264.0447,264.7348024
Nutlin 3a,BA3128R,256.53647,189.5665707
Nutlin 3a,BA3133R,270.42896,283.480157
Nutlin 3a,BA3135R,253.77779,269.9393125
Nutlin 3a,BA3137R,265.22015,239.6218094
Nutlin 3a,BA3138R,273.0151,243.0534054
Nutlin 3a,BA3139R,258.00705,285.5391437
Nutlin 3a,BA3145R,258.98502,216.6675797
Nutlin 3a,BA3146R,258.2942,279.0586654
Nutlin 3a,BA3152R,267.40042,268.3747737
Nutlin 3a,BA3153R,263.8657,257.9463646
Nutlin 3a,BA3154R,256.66068,284.8146108
Nutlin 3a,BA3157R,252.53839,205.1251355
Nutlin 3a,BA3158R,253.95905,272.3294309
Nutlin 3a,BA3162R,265.62244,217.382293
Nutlin 3a,BA3163R,265.60486,248.4065514
Nutlin 3a,BA3164R,250.13705,197.8937071
Nutlin 3a,BA3167R,260.01596,226.4898947
Nutlin 3a,BA3169R,267.12134,198.6236358
Nutlin 3a,BA3171R,271.03207,284.5444889
Nutlin 3a,BA3174R,270.42755,235.8626373
Nutlin 3a,BA3175R,268.20508,19.95539588
Nutlin 3a,BA3177R,255.43413,191.5954554
Nutlin 3a,BA3181R,270.12247,216.9915977
Nutlin 3a,BA3182R,261.72467,176.8517912
Nutlin 3a,BA3183R,259.64893,253.0604152
Nutlin 3a,BA3185R,256.19855,223.0583869
Nutlin 3a,BA3186R,263.9509,275.7964337
Nutlin 3a,BA3187R,267.45944,174.4387219
Nutlin 3a,BA3189R,259.32806,226.1545675
Nutlin 3a,BA3190R,269.50107,113.9169672
Nutlin 3a,BA3191R,267.04572,209.1411567
Nutlin 3a,BA3192R,252.36607,221.3595187
Nutlin 3a,BA3195R,263.41623,259.9975597
Nutlin 3a,BA3197R,248.37837,27.83500569
Nutlin 3a,BA3199R,259.36267,214.4348464
Nutlin 3a,BA3203R,269.87546,286.3279433
Nutlin 3a,BA3207R,268.34787,275.8515701
Nutlin 3a,BA3208R,259.8399,189.8142113
Nutlin 3a,BA3210R,271.93536,268.7164027
Nutlin 3a,BA3212R,259.3173,213.6868726
Nutlin 3a,BA3213R,265.97974,273.5586247
Nutlin 3a,BA3214R,266.21344,225.0359317
Nutlin 3a,BA3216R,262.96985,265.9827474
Nutlin 3a,BA3217R,252.55754,286.057632
Nutlin 3a,BA3219R,261.10263,105.5000712
Nutlin 3a,BA3222R,257.32092,201.4647643
Nutlin 3a,BA3225R,262.0734,251.3550494
Nutlin 3a,BA3226R,258.2094,143.8223114
Nutlin 3a,BA3227R,251.08102,264.865323
Nutlin 3a,BA3228R,265.48517,261.6010996
Nutlin 3a,BA3229R,270.59595,255.2403304
Nutlin 3a,BA3232R,260.51718,248.1144094
Nutlin 3a,BA3235R,267.21677,264.847107
Nutlin 3a,BA3240R,254.20233,243.5913272
Nutlin 3a,BA3242R,266.65637,245.9470411
Nutlin 3a,BA3249R,255.07024,144.3062762
Nutlin 3a,BA3250R,259.49945,275.5075997
Nutlin 3a,BA3251R,263.20123,222.5730898
Nutlin 3a,BA3260R,272.66653,160.0553845
Nutlin 3a,BA3261R,266.9415,270.8078246
Nutlin 3a,BA3264R,245.31778,220.2005439
Nutlin 3a,BA3266R,261.27283,142.1326299
Nutlin 3a,BA3268R,257.17972,120.2976879
Nutlin 3a,BA3270R,266.7081,236.6055964
Nutlin 3a,BA3271R,261.21786,201.1490402
Nutlin 3a,BA3275R,255.22478,128.8287224
Nutlin 3a,BA3277R,266.02936,245.0430383
Nutlin 3a,BA3285R,258.4086,286.3279433
Nutlin 3a,BA3286R,258.383,230.3639135
Nutlin 3a,BA3289R,268.48935,275.3822339
Nutlin 3a,BA3290R,271.7082,273.8424759
Nutlin 3a,BA3293R,253.61768,166.9851301
Nutlin 3a,BA3295R,264.06802,152.9954837
Nutlin 3a,BA3297R,262.8059,29.26823139
Nutlin 3a,BA3299R,267.01013,260.2675258
Nutlin 3a,BA3300R,257.90067,225.0810167
Nutlin 3a,BA3302R,259.8223,214.0473307
Nutlin 3a,BA3305R,265.25488,207.4808122
Nutlin 3a,BA3306R,255.92201,220.463366
Nutlin 3a,BA3308R,255.30746,276.6085336
Nutlin 3a,BA3310R,254.54398,218.1326041
Nutlin 3a,BA3312R,261.44534,227.6250716
Nutlin 3a,BA3317R,252.8106,263.1907726
Nutlin 3a,BA3318R,263.50607,286.3279433
Nutlin 3a,BA3319R,267.7476,251.0621789
Nutlin 3a,BA3324R,267.82565,276.3352776
Nutlin 3a,BA3325R,265.94342,240.4021791
Nutlin 3a,BA3328R,260.32715,251.0562336
Nutlin 3a,BA3332R,255.43326,280.6109104
Nutlin 3a,BA3333R,258.7094,250.2988977
Nutlin 3a,BA3334R,267.23007,269.6825704
Nutlin 3a,BA3341R,265.42905,206.3993986
Nutlin 3a,BA3345R,270.29962,226.9213867
Nutlin 3a,BA3347R,269.3244,250.029889
Nutlin 3a,BA3351R,260.8623,229.3534757
Nutlin 3a,BA3352R,256.36914,189.2830232
Nutlin 3a,BA3353R,255.0523,84.40516559
Nutlin 3a,BA3357R,260.08133,196.1593219
Nutlin 3a,BA3362R,259.3915,243.5763646
Nutlin 3a,BA3367R,267.92938,209.5671839
Nutlin 3a,BA3369R,259.19037,202.7483505
Nutlin 3a,BA3373R,265.3934,232.4192859
Nutlin 3a,BA3374R,255.04002,253.4944914
Nutlin 3a,BA3375R,252.3899,97.62555078
Nutlin 3a,BA3380R,252.78423,81.53299997
Nutlin 3a,BA3381R,266.70877,251.7409709
Nutlin 3a,BA3384R,258.90768,172.1932783
Nutlin 3a,BA3385R,263.416,204.2673301
Nutlin 3a,BA3386R,251.9612,151.5497253
Nutlin 3a,BA3388R,272.616,130.4006435
Nutlin 3a,BA3390R,265.551,90.48137777
Nutlin 3a,BA3397R,259.1766,251.3762632
Nutlin 3a,BA3399R,271.98544,253.4082555
Nutlin 3a,BA3400R,263.47745,234.6045303
Nutlin 3a,BA3403R,256.19382,257.3772024
Nutlin 3a,BA3406R,257.2236,229.6290725
Nutlin 3a,BA3411R,270.77136,267.3259946
Nutlin 3a,BA3412R,257.223,201.2817942
Nutlin 3a,BA3415R,263.00116,285.4303921
Nutlin 3a,BA3417R,263.39804,248.5529003
Nutlin 3a,BA3418R,267.76688,251.7192793
Nutlin 3a,BA3421R,267.94583,265.6202751
Nutlin 3a,BA3422R,255.20024,183.2730561
Nutlin 3a,BA3423R,251.88242,141.5074916
Nutlin 3a,BA3431R,269.40402,245.8811811
Nutlin 3a,BA3433R,257.57495,219.0343709
Nutlin 3a,BA3434R,266.63544,248.4706877
Nutlin 3a,BA3438R,257.1549,208.6848152
Nutlin 3a,BA3445R,260.2431,81.96698453
Nutlin 3a,BA3446R,262.99606,158.6241959
Nutlin 3a,BA3449R,262.65732,220.2262996
Nutlin 3a,BA3451R,267.9421,252.1878039
Nutlin 3a,BA3452R,262.2652,190.4752262
Nutlin 3a,BA3454R,256.637,6.788383414
Venetoclax,BA3078R,156.05296,47.67389493
Venetoclax,BA3079R,202.37823,149.2106101
Venetoclax,BA3083R,190.03354,174.1239077
Venetoclax,BA3084R,79.81173,127.3363828
Venetoclax,BA3087R,78.42295,6.802747143
Venetoclax,BA3089R,69.47635,19.96930155
Venetoclax,BA3094R,107.41278,59.66892142
Venetoclax,BA3095R,71.49506,23.92835433
Venetoclax,BA3098R,193.99142,223.9643619
Venetoclax,BA3099R,144.98395,272.2614411
Venetoclax,BA3109R,221.02823,231.7696115
Venetoclax,BA3110R,161.27753,183.9807446
Venetoclax,BA3114R,200.84718,226.1409359
Venetoclax,BA3117R,88.15356,121.4531052
Venetoclax,BA3119R,69.69869,23.8241492
Venetoclax,BA3126R,225.02098,248.4154262
Venetoclax,BA3128R,99.00983,16.30026391
Venetoclax,BA3130R,233.52289,180.0293834
Venetoclax,BA3133R,166.69809,208.5653731
Venetoclax,BA3135R,79.239174,44.10462283
Venetoclax,BA3136R,126.985855,97.49009732
Venetoclax,BA3137R,198.61475,231.0150725
Venetoclax,BA3138R,217.23721,199.4704685
Venetoclax,BA3139R,79.18777,109.0781214
Venetoclax,BA3141R,69.78453,8.439310337
Venetoclax,BA3142R,111.476654,15.35159601
Venetoclax,BA3145R,77.565155,0.919183177
Venetoclax,BA3146R,179.9697,210.6052221
Venetoclax,BA3152R,207.64937,227.5193446
Venetoclax,BA3153R,152.13567,218.0355279
Venetoclax,BA3154R,105.605095,41.80647362
Venetoclax,BA3157R,79.05077,47.12336258
Venetoclax,BA3158R,128.46684,193.4391461
Venetoclax,BA3162R,208.27327,262.9202217
Venetoclax,BA3163R,225.54044,252.2559149
Venetoclax,BA3164R,70.70571,36.22525683
Venetoclax,BA3167R,188.11192,156.6778344
Venetoclax,BA3169R,209.19814,162.7983097
Venetoclax,BA3171R,183.40407,161.5269098
Venetoclax,BA3175R,214.00197,136.1019461
Venetoclax,BA3176R,112.138336,168.5715864
Venetoclax,BA3177R,179.54819,155.1522429
Venetoclax,BA3181R,205.63606,263.5941016
Venetoclax,BA3182R,207.75063,174.0035364
Venetoclax,BA3183R,105.90759,105.5877407
Venetoclax,BA3185R,164.00389,242.7372237
Venetoclax,BA3186R,110.864845,187.76517
Venetoclax,BA3187R,200.5539,199.7137435
Venetoclax,BA3189R,83.997986,16.55904119
Venetoclax,BA3190R,183.23053,103.0428839
Venetoclax,BA3191R,211.47424,229.8340981
Venetoclax,BA3192R,73.78963,26.74054438
Venetoclax,BA3195R,153.12527,131.8021014
Venetoclax,BA3197R,62.8264,103.5348089
Venetoclax,BA3199R,146.0738,65.16658333
Venetoclax,BA3200R,70.28672,29.02525806
Venetoclax,BA3203R,202.12595,200.0537146
Venetoclax,BA3206R,124.15837,113.2914834
Venetoclax,BA3207R,225.06963,248.4244969
Venetoclax,BA3208R,108.335365,111.509383
Venetoclax,BA3210R,217.35986,165.9971438
Venetoclax,BA3211R,134.1181,42.77702693
Venetoclax,BA3212R,86.20918,221.7998607
Venetoclax,BA3213R,202.80984,260.2378248
Venetoclax,BA3214R,137.45569,231.9327248
Venetoclax,BA3216R,184.9989,80.09313306
Venetoclax,BA3217R,82.72137,45.53699374
Venetoclax,BA3219R,224.34258,275.43887
Venetoclax,BA3222R,120.80137,121.4048529
Venetoclax,BA3225R,221.6772,230.9433591
Venetoclax,BA3226R,77.203094,60.19883736
Venetoclax,BA3227R,68.544716,8.09E-09
Venetoclax,BA3228R,197.55727,233.1635633
Venetoclax,BA3229R,210.16731,164.1314145
Venetoclax,BA3232R,158.08875,162.5660694
Venetoclax,BA3234R,216.02576,137.6193265
Venetoclax,BA3235R,225.03876,210.5612773
Venetoclax,BA3237R,186.20934,148.56891
Venetoclax,BA3240R,71.72432,28.98183253
Venetoclax,BA3242R,192.03677,166.7525514
Venetoclax,BA3245R,181.27034,91.54615303
Venetoclax,BA3249R,76.966866,32.56200277
Venetoclax,BA3250R,204.6284,250.308807
Venetoclax,BA3251R,186.92636,144.8980069
Venetoclax,BA3255R,178.82333,226.2157398
Venetoclax,BA3258R,212.04173,265.8530004
Venetoclax,BA3260R,221.15881,285.6784074
Venetoclax,BA3261R,136.34753,87.37215792
Venetoclax,BA3264R,85.7289,65.40550078
Venetoclax,BA3266R,166.8199,122.7585293
Venetoclax,BA3268R,81.410614,67.27694164
Venetoclax,BA3270R,199.55745,257.0310598
Venetoclax,BA3271R,188.15732,177.5305261
Venetoclax,BA3275R,80.54117,25.09595066
Venetoclax,BA3277R,189.58984,157.7863275
Venetoclax,BA3283R,204.79846,225.5107052
Venetoclax,BA3285R,80.58258,71.86545299
Venetoclax,BA3286R,183.44327,179.0096378
Venetoclax,BA3289R,219.6371,251.4904939
Venetoclax,BA3290R,188.09526,209.1598723
Venetoclax,BA3293R,72.24251,64.01196782
Venetoclax,BA3295R,204.29279,244.9160117
Venetoclax,BA3297R,170.65573,92.08582338
Venetoclax,BA3299R,207.28123,228.5900008
Venetoclax,BA3300R,72.36771,118.1132356
Venetoclax,BA3302R,104.48849,151.5439983
Venetoclax,BA3305R,174.84123,156.2374453
Venetoclax,BA3306R,79.17934,53.92570238
Venetoclax,BA3308R,101.936104,166.6599059
Venetoclax,BA3310R,75.57333,39.99681976
Venetoclax,BA3311R,209.01299,114.3096796
Venetoclax,BA3312R,124.794235,117.0514694
Venetoclax,BA3315R,148.83607,0.524987878
Venetoclax,BA3317R,70.57582,24.43452186
Venetoclax,BA3318R,120.32831,173.1185848
Venetoclax,BA3319R,237.3933,221.4043408
Venetoclax,BA3325R,170.69833,125.1166318
Venetoclax,BA3326R,211.91371,201.5827221
Venetoclax,BA3328R,124.284836,116.783878
Venetoclax,BA3329R,137.77031,142.7589742
Venetoclax,BA3332R,88.05934,137.6057703
Venetoclax,BA3333R,96.04177,101.9458377
Venetoclax,BA3334R,205.3958,221.136205
Venetoclax,BA3335R,93.69524,24.46285004
Venetoclax,BA3339R,179.20749,51.21555618
Venetoclax,BA3341R,143.13345,76.0711635
Venetoclax,BA3345R,217.76291,184.9916282
Venetoclax,BA3347R,213.34708,207.0432716
Venetoclax,BA3351R,68.788124,12.80054251
Venetoclax,BA3352R,81.4277,28.07940991
Venetoclax,BA3353R,75.62776,43.54711393
Venetoclax,BA3357R,81.488655,19.77247455
Venetoclax,BA3362R,114.93658,135.2158765
Venetoclax,BA3367R,213.11034,232.0936851
Venetoclax,BA3369R,195.62291,276.9503609
Venetoclax,BA3373R,82.9478,132.7826177
Venetoclax,BA3374R,130.99854,238.5801519
Venetoclax,BA3375R,72.22558,29.40789989
Venetoclax,BA3380R,85.94705,11.52566574
Venetoclax,BA3381R,206.31444,234.3126917
Venetoclax,BA3384R,143.64832,83.92354689
Venetoclax,BA3385R,190.15709,164.5452862
Venetoclax,BA3386R,91.87677,67.30242172
Venetoclax,BA3388R,214.72672,189.6659869
Venetoclax,BA3390R,219.3423,280.636487
Venetoclax,BA3394R,189.05882,244.4977383
Venetoclax,BA3397R,119.27335,65.15204799
Venetoclax,BA3399R,221.73183,279.2409244
Venetoclax,BA3400R,122.88296,53.04985413
Venetoclax,BA3403R,155.84583,228.6758262
Venetoclax,BA3406R,114.0873,64.6021352
Venetoclax,BA3411R,193.83005,214.5469946
Venetoclax,BA3412R,102.05064,92.61930472
Venetoclax,BA3415R,109.29326,175.0567482
Venetoclax,BA3416R,67.74598,8.09E-09
Venetoclax,BA3417R,202.52643,157.735906
Venetoclax,BA3418R,163.86925,169.2561759
Venetoclax,BA3421R,213.70407,244.6995542
Venetoclax,BA3422R,80.14449,57.26612707
Venetoclax,BA3423R,64.09713,8.09E-09
Venetoclax,BA3431R,214.4411,282.3855382
Venetoclax,BA3433R,102.846596,49.50307562
Venetoclax,BA3434R,201.0976,174.0787186
Venetoclax,BA3436R,73.083176,37.04087561
Venetoclax,BA3438R,100.48378,39.15433458
Venetoclax,BA3445R,95.7839,76.57238909
Venetoclax,BA3446R,193.43196,240.952793
Venetoclax,BA3448R,70.687645,9.701677102
Venetoclax,BA3449R,144.43721,268.6851419
Venetoclax,BA3451R,225.34326,221.3677868
Venetoclax,BA3452R,182.15997,216.4344066
Venetoclax,BA3454R,89.65801,114.631457
Volasertib (BI-6727),BA3078R,150.15762,106.015287
Volasertib (BI-6727),BA3079R,153.02602,90.51333979
Volasertib (BI-6727),BA3083R,149.34572,133.1390505
Volasertib (BI-6727),BA3084R,154.97878,141.8546495
Volasertib (BI-6727),BA3087R,175.23584,241.0683205
Volasertib (BI-6727),BA3089R,169.79175,164.1627617
Volasertib (BI-6727),BA3094R,165.64095,119.6327721
Volasertib (BI-6727),BA3098R,151.56288,119.9452354
Volasertib (BI-6727),BA3099R,153.95383,155.8682961
Volasertib (BI-6727),BA3110R,155.67801,165.8899152
Volasertib (BI-6727),BA3114R,154.66817,91.99059893
Volasertib (BI-6727),BA3117R,160.20702,286.3279433
Volasertib (BI-6727),BA3118R,159.47705,116.058999
Volasertib (BI-6727),BA3119R,168.23535,237.6310154
Volasertib (BI-6727),BA3126R,166.11592,182.6229321
Volasertib (BI-6727),BA3128R,165.54391,154.7754111
Volasertib (BI-6727),BA3130R,179.55692,234.610465
Volasertib (BI-6727),BA3133R,171.16689,154.0744869
Volasertib (BI-6727),BA3135R,164.0063,89.06723138
Volasertib (BI-6727),BA3137R,150.68259,194.9806267
Volasertib (BI-6727),BA3138R,169.31522,192.1788874
Volasertib (BI-6727),BA3139R,175.3158,146.0156341
Volasertib (BI-6727),BA3145R,174.46751,183.7550403
Volasertib (BI-6727),BA3146R,138.37833,156.1332675
Volasertib (BI-6727),BA3152R,156.87389,229.173491
Volasertib (BI-6727),BA3153R,162.6727,174.4137125
Volasertib (BI-6727),BA3154R,172.12358,115.7308925
Volasertib (BI-6727),BA3157R,160.8812,151.4971206
Volasertib (BI-6727),BA3158R,149.36641,49.85998534
Volasertib (BI-6727),BA3162R,156.92767,134.4568532
Volasertib (BI-6727),BA3163R,161.35205,200.7372171
Volasertib (BI-6727),BA3164R,165.72229,193.1626588
Volasertib (BI-6727),BA3169R,160.62752,163.2749941
Volasertib (BI-6727),BA3171R,172.2626,137.6357499
Volasertib (BI-6727),BA3174R,159.68869,208.5935103
Volasertib (BI-6727),BA3175R,160.5343,128.8619392
Volasertib (BI-6727),BA3177R,144.92528,145.5202636
Volasertib (BI-6727),BA3181R,164.99928,178.1375552
Volasertib (BI-6727),BA3182R,151.98784,145.6129676
Volasertib (BI-6727),BA3183R,160.8868,164.0034493
Volasertib (BI-6727),BA3185R,153.95468,90.85350446
Volasertib (BI-6727),BA3186R,168.62569,240.0975493
Volasertib (BI-6727),BA3187R,158.57254,138.3469387
Volasertib (BI-6727),BA3189R,168.85663,149.0738039
Volasertib (BI-6727),BA3190R,167.9964,138.3888382
Volasertib (BI-6727),BA3191R,155.68164,98.97356026
Volasertib (BI-6727),BA3192R,165.74084,99.36887181
Volasertib (BI-6727),BA3195R,158.95874,163.6822565
Volasertib (BI-6727),BA3197R,163.05693,286.3279433
Volasertib (BI-6727),BA3199R,148.83028,90.95606889
Volasertib (BI-6727),BA3200R,176.10378,186.9616683
Volasertib (BI-6727),BA3203R,160.80519,161.2941463
Volasertib (BI-6727),BA3206R,168.43263,117.1351231
Volasertib (BI-6727),BA3207R,168.63962,90.88675648
Volasertib (BI-6727),BA3208R,165.2059,163.9258136
Volasertib (BI-6727),BA3210R,166.27837,85.57189057
Volasertib (BI-6727),BA3211R,150.60664,150.8468916
Volasertib (BI-6727),BA3212R,171.42242,158.2361504
Volasertib (BI-6727),BA3213R,149.41127,147.8222276
Volasertib (BI-6727),BA3214R,167.72736,139.3088123
Volasertib (BI-6727),BA3216R,162.85857,127.7918596
Volasertib (BI-6727),BA3219R,165.45424,202.8258298
Volasertib (BI-6727),BA3222R,167.78398,131.1322581
Volasertib (BI-6727),BA3225R,170.73608,167.1033132
Volasertib (BI-6727),BA3226R,167.95695,176.6277221
Volasertib (BI-6727),BA3227R,172.85999,160.3763639
Volasertib (BI-6727),BA3228R,153.57098,169.6269628
Volasertib (BI-6727),BA3229R,167.53609,120.0576996
Volasertib (BI-6727),BA3232R,156.34875,150.0732475
Volasertib (BI-6727),BA3235R,163.62743,181.1359148
Volasertib (BI-6727),BA3240R,175.58173,113.9485224
Volasertib (BI-6727),BA3242R,159.26996,227.8106016
Volasertib (BI-6727),BA3249R,177.59132,227.9585822
Volasertib (BI-6727),BA3250R,151.1933,179.3466487
Volasertib (BI-6727),BA3251R,150.73305,121.5971593
Volasertib (BI-6727),BA3258R,157.10861,43.10179626
Volasertib (BI-6727),BA3260R,165.46931,223.7624507
Volasertib (BI-6727),BA3261R,169.26671,117.6332429
Volasertib (BI-6727),BA3264R,152.13263,142.9422575
Volasertib (BI-6727),BA3266R,154.78783,113.4054309
Volasertib (BI-6727),BA3268R,169.89987,155.2761623
Volasertib (BI-6727),BA3270R,157.7217,147.7897613
Volasertib (BI-6727),BA3271R,143.97713,128.8446456
Volasertib (BI-6727),BA3275R,162.2542,117.2932295
Volasertib (BI-6727),BA3277R,159.88115,175.2321213
Volasertib (BI-6727),BA3283R,152.58319,139.4412101
Volasertib (BI-6727),BA3285R,174.99216,150.511131
Volasertib (BI-6727),BA3286R,143.87973,183.7473131
Volasertib (BI-6727),BA3289R,153.3187,160.7395044
Volasertib (BI-6727),BA3290R,167.30515,153.3541059
Volasertib (BI-6727),BA3293R,171.90182,53.73747346
Volasertib (BI-6727),BA3295R,154.0813,144.8755025
Volasertib (BI-6727),BA3297R,158.00856,187.7355595
Volasertib (BI-6727),BA3299R,154.1857,128.2880566
Volasertib (BI-6727),BA3300R,171.35715,157.1131766
Volasertib (BI-6727),BA3302R,163.98405,217.1635887
Volasertib (BI-6727),BA3305R,159.6396,167.9388069
Volasertib (BI-6727),BA3306R,171.99872,123.3461877
Volasertib (BI-6727),BA3308R,158.27618,126.4718168
Volasertib (BI-6727),BA3310R,161.78754,136.652097
Volasertib (BI-6727),BA3311R,157.47665,46.90201482
Volasertib (BI-6727),BA3312R,155.98729,69.8058113
Volasertib (BI-6727),BA3317R,168.5312,82.59894572
Volasertib (BI-6727),BA3318R,169.41956,121.4565068
Volasertib (BI-6727),BA3319R,172.57391,129.4018878
Volasertib (BI-6727),BA3324R,161.73912,153.3643396
Volasertib (BI-6727),BA3326R,161.47473,156.8444854
Volasertib (BI-6727),BA3328R,167.63133,130.7785299
Volasertib (BI-6727),BA3332R,154.77626,110.4108404
Volasertib (BI-6727),BA3333R,171.07823,162.5244726
Volasertib (BI-6727),BA3334R,155.93405,163.3574214
Volasertib (BI-6727),BA3341R,169.59357,181.4889681
Volasertib (BI-6727),BA3345R,154.6208,161.6630199
Volasertib (BI-6727),BA3347R,162.87361,131.6514007
Volasertib (BI-6727),BA3351R,174.1374,176.5510651
Volasertib (BI-6727),BA3352R,171.25702,115.754337
Volasertib (BI-6727),BA3353R,169.02216,35.17931517
Volasertib (BI-6727),BA3357R,164.28258,187.1413458
Volasertib (BI-6727),BA3362R,167.38461,175.5740233
Volasertib (BI-6727),BA3367R,157.87383,181.3021556
Volasertib (BI-6727),BA3369R,146.21927,184.2244741
Volasertib (BI-6727),BA3373R,174.27434,174.0374965
Volasertib (BI-6727),BA3374R,158.2374,176.7415508
Volasertib (BI-6727),BA3375R,160.36362,256.3642628
Volasertib (BI-6727),BA3376R,163.18002,240.024344
Volasertib (BI-6727),BA3380R,160.46707,198.6888266
Volasertib (BI-6727),BA3381R,155.6372,173.9332299
Volasertib (BI-6727),BA3384R,152.98154,192.9610307
Volasertib (BI-6727),BA3385R,148.89023,252.0145731
Volasertib (BI-6727),BA3386R,151.05292,194.9217616
Volasertib (BI-6727),BA3388R,169.96175,200.8844135
Volasertib (BI-6727),BA3390R,160.23744,227.0664275
Volasertib (BI-6727),BA3394R,159.10889,152.1183794
Volasertib (BI-6727),BA3397R,159.00249,110.1516559
Volasertib (BI-6727),BA3399R,160.80608,247.5589671
Volasertib (BI-6727),BA3400R,177.7467,209.4082645
Volasertib (BI-6727),BA3403R,160.09329,173.4728941
Volasertib (BI-6727),BA3406R,159.76967,267.2385864
Volasertib (BI-6727),BA3411R,169.86801,173.5466705
Volasertib (BI-6727),BA3412R,167.9408,214.6388884
Volasertib (BI-6727),BA3415R,169.31789,109.7820665
Volasertib (BI-6727),BA3416R,178.75565,286.3279433
Volasertib (BI-6727),BA3417R,149.99084,157.3720735
Volasertib (BI-6727),BA3418R,164.05508,114.2757203
Volasertib (BI-6727),BA3421R,152.86311,139.5037031
Volasertib (BI-6727),BA3422R,178.38356,207.9517694
Volasertib (BI-6727),BA3423R,173.47447,164.1568411
Volasertib (BI-6727),BA3431R,157.1323,178.696255
Volasertib (BI-6727),BA3433R,172.13707,199.1916885
Volasertib (BI-6727),BA3434R,163.65918,140.6671334
Volasertib (BI-6727),BA3438R,165.20058,122.5250042
Volasertib (BI-6727),BA3445R,163.68042,129.0715426
Volasertib (BI-6727),BA3446R,150.52773,214.7278072
Volasertib (BI-6727),BA3449R,162.60898,105.3642541
Volasertib (BI-6727),BA3451R,159.34459,192.1626014
Volasertib (BI-6727),BA3452R,160.46858,135.2156363
Volasertib (BI-6727),BA3454R,159.66437,286.1123609
Gilteritinib,BA3078R,138.12106,109.465032
Gilteritinib,BA3079R,138.40173,147.1205311
Gilteritinib,BA3083R,132.71024,179.4761635
Gilteritinib,BA3084R,125.70233,104.840511
Gilteritinib,BA3087R,170.5189,218.224924
Gilteritinib,BA3089R,150.07993,234.4095366
Gilteritinib,BA3094R,149.63664,196.0300286
Gilteritinib,BA3098R,131.10738,121.8742762
Gilteritinib,BA3099R,128.55457,8.09E-09
Gilteritinib,BA3110R,146.30765,73.27673872
Gilteritinib,BA3114R,149.26212,122.0250424
Gilteritinib,BA3117R,173.8558,8.09E-09
Gilteritinib,BA3118R,144.5668,137.8113946
Gilteritinib,BA3119R,139.29344,228.578929
Gilteritinib,BA3128R,146.2626,167.6684489
Gilteritinib,BA3130R,192.81708,201.5816658
Gilteritinib,BA3133R,187.10858,201.7724306
Gilteritinib,BA3135R,124.99556,218.3287491
Gilteritinib,BA3137R,131.56827,163.7867626
Gilteritinib,BA3138R,173.18443,152.8692634
Gilteritinib,BA3145R,170.64307,20.8618289
Gilteritinib,BA3146R,105.00575,112.681647
Gilteritinib,BA3152R,152.1206,121.3303558
Gilteritinib,BA3153R,154.88213,96.00616764
Gilteritinib,BA3154R,175.33888,67.24887788
Gilteritinib,BA3157R,131.43492,210.9872895
Gilteritinib,BA3158R,134.4876,49.57807698
Gilteritinib,BA3162R,147.42516,164.8642678
Gilteritinib,BA3163R,174.21078,115.322247
Gilteritinib,BA3164R,115.54366,29.83881087
Gilteritinib,BA3167R,157.81734,61.61579972
Gilteritinib,BA3169R,166.86877,36.9999278
Gilteritinib,BA3171R,185.67534,198.1392309
Gilteritinib,BA3174R,148.98384,77.70210315
Gilteritinib,BA3175R,148.25763,122.6313049
Gilteritinib,BA3177R,120.32805,58.29052259
Gilteritinib,BA3182R,137.42587,94.80980913
Gilteritinib,BA3183R,153.5185,189.0899567
Gilteritinib,BA3185R,131.6229,67.79138855
Gilteritinib,BA3186R,175.32584,76.72507573
Gilteritinib,BA3187R,159.34789,152.3545759
Gilteritinib,BA3189R,168.39772,159.0543671
Gilteritinib,BA3190R,173.25742,39.56729252
Gilteritinib,BA3191R,140.94672,84.20107476
Gilteritinib,BA3192R,146.1947,109.0185989
Gilteritinib,BA3195R,147.57103,151.5459608
Gilteritinib,BA3197R,108.12656,17.30207827
Gilteritinib,BA3199R,138.54562,178.8267487
Gilteritinib,BA3200R,156.97563,232.8655145
Gilteritinib,BA3203R,160.96321,179.0507768
Gilteritinib,BA3206R,175.99358,166.9972084
Gilteritinib,BA3207R,165.93776,1.606267006
Gilteritinib,BA3208R,145.60027,54.94122169
Gilteritinib,BA3210R,167.7736,206.07171
Gilteritinib,BA3211R,124.14131,186.2264155
Gilteritinib,BA3212R,178.7615,230.9700837
Gilteritinib,BA3213R,130.03323,94.57876366
Gilteritinib,BA3214R,168.93353,244.1392713
Gilteritinib,BA3216R,137.99721,35.78613191
Gilteritinib,BA3217R,122.66597,70.02900343
Gilteritinib,BA3219R,158.78603,144.1415041
Gilteritinib,BA3222R,175.56366,192.1421314
Gilteritinib,BA3225R,170.51775,35.38011182
Gilteritinib,BA3226R,144.85477,154.8576822
Gilteritinib,BA3227R,135.51141,95.95578125
Gilteritinib,BA3228R,137.70462,153.2226538
Gilteritinib,BA3229R,171.64325,84.30117866
Gilteritinib,BA3232R,141.94836,169.2014351
Gilteritinib,BA3235R,155.5563,97.10238415
Gilteritinib,BA3240R,158.00908,190.4063351
Gilteritinib,BA3242R,158.46571,195.6491064
Gilteritinib,BA3249R,178.29161,276.8017395
Gilteritinib,BA3250R,135.87892,252.4108793
Gilteritinib,BA3251R,131.8505,122.6962469
Gilteritinib,BA3258R,144.01099,68.62446562
Gilteritinib,BA3260R,173.3748,191.2657511
Gilteritinib,BA3261R,189.29187,279.5304434
Gilteritinib,BA3264R,107.13369,118.3341513
Gilteritinib,BA3266R,135.30157,70.49395941
Gilteritinib,BA3268R,164.07585,167.631789
Gilteritinib,BA3270R,146.66989,105.0828833
Gilteritinib,BA3271R,115.80629,162.5865863
Gilteritinib,BA3275R,135.23985,14.22597035
Gilteritinib,BA3277R,156.33488,248.1968028
Gilteritinib,BA3283R,130.79604,104.4557055
Gilteritinib,BA3286R,120.41831,134.2513835
Gilteritinib,BA3289R,139.01494,72.72911995
Gilteritinib,BA3290R,181.70172,186.1010257
Gilteritinib,BA3293R,135.97954,24.52352394
Gilteritinib,BA3295R,143.89748,197.7846734
Gilteritinib,BA3297R,145.27208,187.9203269
Gilteritinib,BA3299R,145.62555,119.5594528
Gilteritinib,BA3300R,167.79266,208.2638608
Gilteritinib,BA3302R,162.55586,116.6856669
Gilteritinib,BA3305R,153.24765,213.1183472
Gilteritinib,BA3306R,148.78874,28.76986548
Gilteritinib,BA3308R,144.0882,102.7641833
Gilteritinib,BA3310R,136.77162,104.0922099
Gilteritinib,BA3311R,142.50372,40.13013376
Gilteritinib,BA3312R,164.79207,214.1688534
Gilteritinib,BA3317R,157.6226,129.7761462
Gilteritinib,BA3318R,166.86664,17.98563904
Gilteritinib,BA3319R,176.76128,110.2174069
Gilteritinib,BA3324R,159.42493,83.33687505
Gilteritinib,BA3325R,151.17188,156.9091756
Gilteritinib,BA3326R,164.97751,172.5196067
Gilteritinib,BA3328R,146.68002,93.5667327
Gilteritinib,BA3332R,144.52858,156.4058278
Gilteritinib,BA3333R,147.77922,152.1621206
Gilteritinib,BA3334R,150.47105,100.552947
Gilteritinib,BA3341R,176.01703,201.0628789
Gilteritinib,BA3345R,141.56557,228.3101841
Gilteritinib,BA3347R,165.26395,130.3103206
Gilteritinib,BA3351R,180.88339,179.713519
Gilteritinib,BA3352R,151.6329,85.60489776
Gilteritinib,BA3357R,177.45801,171.8539505
Gilteritinib,BA3362R,168.5358,93.75629463
Gilteritinib,BA3367R,161.662,153.1916424
Gilteritinib,BA3369R,122.34292,196.8610396
Gilteritinib,BA3373R,188.60175,218.8699549
Gilteritinib,BA3374R,157.78229,140.172362
Gilteritinib,BA3375R,114.22939,153.5822444
Gilteritinib,BA3376R,120.16652,183.7298176
Gilteritinib,BA3380R,127.218216,70.64398147
Gilteritinib,BA3381R,146.0021,181.0601557
Gilteritinib,BA3384R,133.54659,208.13307
Gilteritinib,BA3385R,126.93555,48.71349664
Gilteritinib,BA3386R,105.29407,134.4142993
Gilteritinib,BA3388R,172.70883,156.0721635
Gilteritinib,BA3390R,149.93594,222.2290262
Gilteritinib,BA3394R,151.377,140.9724152
Gilteritinib,BA3397R,155.65465,96.3385955
Gilteritinib,BA3399R,163.7565,159.8993825
Gilteritinib,BA3400R,175.93849,191.8792838
Gilteritinib,BA3403R,153.2298,210.5664166
Gilteritinib,BA3406R,127.234116,8.09E-09
Gilteritinib,BA3411R,184.10146,179.4654614
Gilteritinib,BA3412R,170.93738,229.9327773
Gilteritinib,BA3415R,186.39774,114.4274012
Gilteritinib,BA3416R,197.57484,8.09E-09
Gilteritinib,BA3417R,138.34993,105.6867544
Gilteritinib,BA3418R,164.13644,136.017103
Gilteritinib,BA3421R,135.44789,84.45395639
Gilteritinib,BA3422R,167.70033,149.3645412
Gilteritinib,BA3423R,159.29295,125.0354523
Gilteritinib,BA3431R,140.28934,65.97182407
Gilteritinib,BA3433R,156.26634,200.1337657
Gilteritinib,BA3434R,165.09401,175.8345396
Gilteritinib,BA3438R,156.99492,91.44668922
Gilteritinib,BA3445R,157.81851,58.44876304
Gilteritinib,BA3446R,132.47577,201.7388167
Gilteritinib,BA3449R,161.15723,152.7401825
Gilteritinib,BA3451R,158.35246,219.7400923
Gilteritinib,BA3452R,148.62825,62.89735101
Gilteritinib,BA3454R,118.301544,8.09E-09
Lenalidomide,BA3078R,242.4386,153.3327282
Lenalidomide,BA3079R,263.02588,234.1464665
Lenalidomide,BA3083R,259.6174,235.7971035
Lenalidomide,BA3084R,213.77628,234.8755807
Lenalidomide,BA3087R,237.74933,203.119022
Lenalidomide,BA3089R,235.42625,141.434319
Lenalidomide,BA3094R,234.2405,286.3279433
Lenalidomide,BA3098R,262.83163,280.1760128
Lenalidomide,BA3099R,245.01724,284.9022457
Lenalidomide,BA3110R,251.6983,202.1490033
Lenalidomide,BA3114R,261.93167,274.6649474
Lenalidomide,BA3117R,253.23431,286.3279433
Lenalidomide,BA3119R,220.3935,148.6104976
Lenalidomide,BA3126R,257.49707,275.1384612
Lenalidomide,BA3128R,242.93529,199.8179658
Lenalidomide,BA3130R,252.56294,277.6862441
Lenalidomide,BA3133R,266.50363,262.8731069
Lenalidomide,BA3135R,216.95203,113.9360421
Lenalidomide,BA3137R,266.16302,183.0239483
Lenalidomide,BA3138R,271.25156,286.3279433
Lenalidomide,BA3139R,245.21413,120.1128207
Lenalidomide,BA3145R,244.63628,254.2201205
Lenalidomide,BA3146R,251.4785,271.3744895
Lenalidomide,BA3152R,264.37494,171.4116833
Lenalidomide,BA3153R,251.53136,267.7287451
Lenalidomide,BA3154R,242.58899,282.7420509
Lenalidomide,BA3157R,226.07886,165.3800877
Lenalidomide,BA3158R,234.83286,201.4843632
Lenalidomide,BA3162R,263.9477,246.8918254
Lenalidomide,BA3163R,258.53815,233.146299
Lenalidomide,BA3164R,224.66512,248.3412654
Lenalidomide,BA3167R,255.86487,285.7566993
Lenalidomide,BA3169R,266.32474,171.7989217
Lenalidomide,BA3171R,268.2028,282.8409804
Lenalidomide,BA3174R,268.96967,191.001092
Lenalidomide,BA3175R,266.98343,220.886222
Lenalidomide,BA3177R,248.38669,249.3464504
Lenalidomide,BA3181R,267.8987,267.313853
Lenalidomide,BA3182R,259.8891,197.4492804
Lenalidomide,BA3183R,249.08832,258.6381274
Lenalidomide,BA3185R,247.82951,202.1101735
Lenalidomide,BA3186R,256.18387,283.9182609
Lenalidomide,BA3187R,264.62784,271.4435838
Lenalidomide,BA3189R,247.7348,206.6580026
Lenalidomide,BA3190R,266.19485,263.5609768
Lenalidomide,BA3191R,266.87274,277.6495885
Lenalidomide,BA3192R,233.38664,264.8664092
Lenalidomide,BA3195R,257.73422,270.8568543
Lenalidomide,BA3197R,197.73679,284.5662853
Lenalidomide,BA3199R,250.37943,166.2646482
Lenalidomide,BA3200R,234.93216,145.455842
Lenalidomide,BA3203R,265.17322,243.0743441
Lenalidomide,BA3207R,265.70255,285.4442207
Lenalidomide,BA3208R,249.07655,186.746236
Lenalidomide,BA3210R,270.15262,196.2186029
Lenalidomide,BA3211R,238.63687,197.7791144
Lenalidomide,BA3212R,249.92865,283.1025263
Lenalidomide,BA3213R,264.66248,201.3998536
Lenalidomide,BA3214R,260.2742,286.1594574
Lenalidomide,BA3216R,248.82558,205.9217685
Lenalidomide,BA3217R,223.4522,184.7763076
Lenalidomide,BA3219R,254.97601,199.7555477
Lenalidomide,BA3222R,250.09163,283.306761
Lenalidomide,BA3225R,254.1604,246.2178321
Lenalidomide,BA3226R,235.05649,263.5983469
Lenalidomide,BA3227R,221.02557,45.5330675
Lenalidomide,BA3228R,265.31583,274.7324291
Lenalidomide,BA3229R,269.5225,198.7836146
Lenalidomide,BA3232R,254.02351,280.374368
Lenalidomide,BA3235R,262.84424,286.3279433
Lenalidomide,BA3240R,229.34232,151.6669853
Lenalidomide,BA3242R,263.43622,277.3329105
Lenalidomide,BA3249R,245.56967,207.026458
Lenalidomide,BA3250R,254.83282,283.0448362
Lenalidomide,BA3251R,253.04955,283.5120615
Lenalidomide,BA3258R,260.37695,231.8719997
Lenalidomide,BA3260R,271.14175,164.8039735
Lenalidomide,BA3261R,262.0355,228.5569126
Lenalidomide,BA3264R,209.50137,108.3279259
Lenalidomide,BA3266R,253.27704,221.9635645
Lenalidomide,BA3268R,244.80211,258.8347502
Lenalidomide,BA3270R,266.0234,251.4361467
Lenalidomide,BA3271R,254.34512,230.438197
Lenalidomide,BA3275R,226.78116,197.73706
Lenalidomide,BA3277R,257.21674,242.2288976
Lenalidomide,BA3283R,259.58463,286.3279433
Lenalidomide,BA3285R,246.95625,189.2515599
Lenalidomide,BA3286R,253.93527,216.3968532
Lenalidomide,BA3289R,266.93875,254.5304147
Lenalidomide,BA3290R,268.46985,274.7176255
Lenalidomide,BA3293R,226.27493,286.3279433
Lenalidomide,BA3295R,262.26712,274.18756
Lenalidomide,BA3297R,254.35545,34.56892175
Lenalidomide,BA3299R,262.79446,251.3534259
Lenalidomide,BA3300R,248.30347,265.5036765
Lenalidomide,BA3302R,255.01064,283.9647082
Lenalidomide,BA3305R,258.79483,272.5366909
Lenalidomide,BA3306R,231.53842,185.5339136
Lenalidomide,BA3308R,242.17952,212.2155456
Lenalidomide,BA3310R,216.2849,73.10501176
Lenalidomide,BA3311R,265.8639,142.9603327
Lenalidomide,BA3312R,255.63527,255.344471
Lenalidomide,BA3317R,232.13773,85.03826204
Lenalidomide,BA3318R,252.57567,232.5145234
Lenalidomide,BA3319R,266.8561,243.5112026
Lenalidomide,BA3324R,262.27115,211.7748677
Lenalidomide,BA3325R,255.54541,269.2843947
Lenalidomide,BA3326R,256.85327,277.0196177
Lenalidomide,BA3328R,238.00945,223.8637366
Lenalidomide,BA3332R,240.00583,244.8688179
Lenalidomide,BA3333R,238.51013,228.913287
Lenalidomide,BA3334R,263.4483,248.4886655
Lenalidomide,BA3341R,258.92227,281.6134484
Lenalidomide,BA3345R,266.5597,260.5649891
Lenalidomide,BA3347R,267.3641,249.1847383
Lenalidomide,BA3351R,246.33932,231.5644655
Lenalidomide,BA3352R,234.4497,223.2453123
Lenalidomide,BA3353R,234.52403,116.1925795
Lenalidomide,BA3357R,252.73296,212.8190352
Lenalidomide,BA3362R,253.53712,248.199994
Lenalidomide,BA3367R,262.3841,224.0313984
Lenalidomide,BA3369R,256.1405,276.6088528
Lenalidomide,BA3373R,262.47455,254.5342414
Lenalidomide,BA3374R,250.59605,285.1374072
Lenalidomide,BA3376R,231.74869,261.5951438
Lenalidomide,BA3380R,230.32843,62.37831511
Lenalidomide,BA3381R,266.2898,246.7535324
Lenalidomide,BA3384R,248.04929,277.3662321
Lenalidomide,BA3385R,261.3491,286.3279433
Lenalidomide,BA3386R,227.94969,210.7072398
Lenalidomide,BA3388R,271.10733,282.7181751
Lenalidomide,BA3390R,262.42526,283.8882942
Lenalidomide,BA3394R,261.89227,286.3279433
Lenalidomide,BA3397R,250.93558,220.3864152
Lenalidomide,BA3399R,270.36133,264.9632349
Lenalidomide,BA3400R,250.13637,201.3576341
Lenalidomide,BA3403R,251.66774,282.4497858
Lenalidomide,BA3406R,230.08972,265.0224146
Lenalidomide,BA3411R,268.22644,283.206642
Lenalidomide,BA3412R,247.35812,265.5927012
Lenalidomide,BA3415R,257.86978,229.1612724
Lenalidomide,BA3416R,251.56088,192.0945867
Lenalidomide,BA3417R,255.52419,259.3274635
Lenalidomide,BA3418R,262.0589,230.2741238
Lenalidomide,BA3421R,265.30072,251.1937579
Lenalidomide,BA3422R,233.29134,182.4573893
Lenalidomide,BA3423R,231.59059,50.44758161
Lenalidomide,BA3431R,268.42416,253.8202431
Lenalidomide,BA3433R,237.97467,193.3057448
Lenalidomide,BA3434R,263.87424,269.4117439
Lenalidomide,BA3438R,244.89551,214.9291686
Lenalidomide,BA3445R,247.25554,272.0636645
Lenalidomide,BA3446R,254.49268,283.2778349
Lenalidomide,BA3449R,254.6273,285.9730692
Lenalidomide,BA3451R,264.93317,207.6147241
Lenalidomide,BA3452R,257.9089,285.4529108
Lenalidomide,BA3454R,234.0657,286.3279433
Lovastatin,BA3079R,240.97076,221.3909751
Lovastatin,BA3098R,239.93153,242.5033236
Lovastatin,BA3118R,243.81392,171.4576833
Lovastatin,BA3133R,248.81749,248.8709234
Lovastatin,BA3135R,238.43416,123.8462384
Lovastatin,BA3153R,237.04283,213.2761001
Lovastatin,BA3164R,243.78745,195.4334287
Lovastatin,BA3187R,243.73654,229.5190477
Lovastatin,BA3192R,241.8528,243.5767862
Lovastatin,BA3195R,243.4266,231.0220759
Lovastatin,BA3203R,243.72392,235.6218902
Lovastatin,BA3206R,238.06197,231.3140693
Lovastatin,BA3212R,240.88797,267.2538835
Lovastatin,BA3217R,243.68286,175.8266758
Lovastatin,BA3251R,247.63309,230.3728863
Lovastatin,BA3261R,246.35948,231.1583029
Lovastatin,BA3271R,243.64526,232.3712107
Lovastatin,BA3286R,241.59436,197.3268879
Lovastatin,BA3306R,244.3449,245.1091428
Lovastatin,BA3362R,242.48149,206.6469184
Lovastatin,BA3400R,240.77788,262.0429527
Lovastatin,BA3411R,249.8961,250.4674438
Lovastatin,BA3451R,233.56808,260.3180006
OTX-015,BA3078R,127.09082,172.4105533
OTX-015,BA3079R,116.54658,86.98814439
OTX-015,BA3083R,115.48977,42.21363862
OTX-015,BA3084R,147.72195,166.0356216
OTX-015,BA3087R,165.97557,199.0540263
OTX-015,BA3089R,165.0029,160.7327724
OTX-015,BA3094R,154.03572,74.06219468
OTX-015,BA3098R,111.0428,103.6010529
OTX-015,BA3099R,131.99889,152.4708012
OTX-015,BA3110R,134.90828,156.2374344
OTX-015,BA3114R,127.79712,67.80673288
OTX-015,BA3117R,160.74548,241.302461
OTX-015,BA3118R,129.03278,240.4713689
OTX-015,BA3119R,166.70212,148.3240011
OTX-015,BA3126R,139.95694,167.6566804
OTX-015,BA3128R,159.58101,136.1060212
OTX-015,BA3130R,158.6603,123.8325209
OTX-015,BA3133R,167.76212,152.844723
OTX-015,BA3135R,159.58025,162.2775598
OTX-015,BA3137R,105.68852,64.48168836
OTX-015,BA3138R,144.41643,134.0037954
OTX-015,BA3139R,168.89523,283.2703937
OTX-015,BA3145R,174.65372,192.9993584
OTX-015,BA3146R,94.035805,96.57540008
OTX-015,BA3152R,125.702255,214.1565223
OTX-015,BA3153R,149.15044,153.102222
OTX-015,BA3154R,160.25974,152.5954955
OTX-015,BA3157R,154.91751,151.2931041
OTX-015,BA3158R,133.89032,101.6681959
OTX-015,BA3162R,124.3336,95.35015832
OTX-015,BA3163R,137.37398,125.3162421
OTX-015,BA3164R,157.64969,251.683115
OTX-015,BA3167R,142.5936,49.08214613
OTX-015,BA3169R,139.85246,64.10597377
OTX-015,BA3171R,166.24016,159.200206
OTX-015,BA3174R,128.27496,74.13243114
OTX-015,BA3175R,124.99675,53.21650384
OTX-015,BA3177R,112.32324,70.96191774
OTX-015,BA3181R,130.9493,100.8242669
OTX-015,BA3182R,117.79616,131.2154623
OTX-015,BA3183R,148.76825,116.6593035
OTX-015,BA3185R,132.2236,74.82972394
OTX-015,BA3186R,160.88287,213.913237
OTX-015,BA3187R,138.48491,95.39813491
OTX-015,BA3189R,166.85654,250.1004742
OTX-015,BA3190R,153.50868,164.5810245
OTX-015,BA3191R,116.62239,66.34115774
OTX-015,BA3192R,162.41026,96.75186489
OTX-015,BA3195R,137.39993,136.9062771
OTX-015,BA3197R,162.55075,219.6646936
OTX-015,BA3199R,125.098274,92.02621754
OTX-015,BA3200R,172.3495,94.79499295
OTX-015,BA3203R,140.93127,168.2569068
OTX-015,BA3207R,140.93414,84.59809435
OTX-015,BA3208R,144.92885,56.7997637
OTX-015,BA3210R,148.02281,141.1926348
OTX-015,BA3211R,129.32643,58.62073424
OTX-015,BA3212R,163.74902,150.7322252
OTX-015,BA3213R,106.23925,95.50972319
OTX-015,BA3214R,154.97049,99.44301252
OTX-015,BA3216R,141.55081,164.1869216
OTX-015,BA3217R,154.13101,254.8024999
OTX-015,BA3219R,143.9377,123.6225315
OTX-015,BA3222R,156.08928,136.5894697
OTX-015,BA3225R,149.68102,99.64041777
OTX-015,BA3226R,161.00847,128.0103732
OTX-015,BA3227R,168.85002,178.0828253
OTX-015,BA3228R,117.2888,165.4931818
OTX-015,BA3229R,147.6314,124.2377775
OTX-015,BA3232R,130.86963,161.1260307
OTX-015,BA3235R,135.50069,126.3568155
OTX-015,BA3240R,164.98734,194.2943932
OTX-015,BA3242R,137.81958,129.895158
OTX-015,BA3249R,175.61665,100.8546396
OTX-015,BA3250R,119.78234,99.83920181
OTX-015,BA3251R,117.61562,99.57121165
OTX-015,BA3258R,124.07379,82.06658901
OTX-015,BA3260R,146.5323,207.0165798
OTX-015,BA3261R,171.52397,141.5100917
OTX-015,BA3264R,134.81839,171.0466901
OTX-015,BA3266R,125.72062,35.43743683
OTX-015,BA3268R,156.42456,157.8517238
OTX-015,BA3270R,121.16588,107.1103574
OTX-015,BA3271R,99.910164,103.6810686
OTX-015,BA3275R,152.27464,99.10288556
OTX-015,BA3277R,143.35246,118.3389637
OTX-015,BA3283R,120.04406,66.11722501
OTX-015,BA3285R,170.12584,249.0420741
OTX-015,BA3286R,102.54234,258.5599761
OTX-015,BA3289R,119.97173,116.3626706
OTX-015,BA3290R,162.24074,190.6241629
OTX-015,BA3293R,166.95488,151.31373
OTX-015,BA3295R,118.758575,83.80569447
OTX-015,BA3297R,132.12375,31.39639877
OTX-015,BA3299R,118.9781,75.86214955
OTX-015,BA3300R,163.21892,108.2898558
OTX-015,BA3302R,149.69463,160.6310204
OTX-015,BA3305R,135.2142,119.5353427
OTX-015,BA3306R,169.79587,196.7450817
OTX-015,BA3308R,141.68443,278.0208945
OTX-015,BA3310R,158.31897,0.429651607
OTX-015,BA3311R,118.39257,41.93227625
OTX-015,BA3312R,146.38504,51.04264737
OTX-015,BA3317R,166.65819,169.8797193
OTX-015,BA3318R,152.59921,46.90148364
OTX-015,BA3319R,143.76227,65.10799266
OTX-015,BA3324R,134.11226,127.286825
OTX-015,BA3325R,140.19948,55.34528508
OTX-015,BA3326R,134.87872,78.94570767
OTX-015,BA3328R,151.7713,134.6565608
OTX-015,BA3332R,149.68657,213.2945663
OTX-015,BA3333R,163.9646,147.4812408
OTX-015,BA3334R,128.64287,83.31704801
OTX-015,BA3341R,167.01743,197.617601
OTX-015,BA3345R,114.19603,72.01369792
OTX-015,BA3347R,134.82805,88.67623125
OTX-015,BA3351R,162.16,182.4043641
OTX-015,BA3352R,164.73724,83.31213661
OTX-015,BA3353R,169.0262,30.16984194
OTX-015,BA3357R,165.08865,171.4600305
OTX-015,BA3362R,155.0113,182.9705942
OTX-015,BA3367R,137.27187,176.0756723
OTX-015,BA3369R,108.944534,87.31416865
OTX-015,BA3373R,164.71562,183.5178988
OTX-015,BA3374R,144.27881,112.3685832
OTX-015,BA3376R,149.31364,218.0656754
OTX-015,BA3380R,157.97481,120.7758814
OTX-015,BA3381R,120.25327,135.5794178
OTX-015,BA3384R,126.19035,99.92019411
OTX-015,BA3385R,108.03504,156.4642908
OTX-015,BA3386R,136.29959,210.1161058
OTX-015,BA3388R,146.25922,19.33768461
OTX-015,BA3390R,127.98057,96.95784659
OTX-015,BA3394R,122.26716,125.8962413
OTX-015,BA3397R,144.34541,93.1436021
OTX-015,BA3399R,139.66147,205.5526547
OTX-015,BA3400R,172.09532,194.3120641
OTX-015,BA3403R,139.31886,248.8843323
OTX-015,BA3406R,148.31981,126.5795577
OTX-015,BA3411R,159.2701,179.4254203
OTX-015,BA3412R,160.37091,222.289959
OTX-015,BA3416R,181.18524,145.6649263
OTX-015,BA3417R,114.5956,86.29576834
OTX-015,BA3418R,153.235,137.9683152
OTX-015,BA3421R,114.18692,97.68823231
OTX-015,BA3422R,177.34589,210.2971449
OTX-015,BA3423R,172.10036,184.8897245
OTX-015,BA3431R,120.971886,99.68835019
OTX-015,BA3433R,169.86496,215.3736776
OTX-015,BA3434R,140.07666,124.7969636
OTX-015,BA3438R,153.54663,174.5660859
OTX-015,BA3445R,152.7273,224.0931882
OTX-015,BA3446R,111.11011,82.56203752
OTX-015,BA3449R,145.18872,133.3380768
OTX-015,BA3451R,129.1499,117.1959525
OTX-015,BA3452R,142.14517,75.18726651
OTX-015,BA3454R,144.28305,215.0635507
Palbociclib,BA3078R,240.93881,123.8314054
Palbociclib,BA3079R,256.7979,197.1911028
Palbociclib,BA3083R,245.41356,194.617262
Palbociclib,BA3084R,206.21486,219.7211712
Palbociclib,BA3087R,224.89064,254.0818801
Palbociclib,BA3089R,218.46732,232.2173172
Palbociclib,BA3094R,225.03995,207.6031965
Palbociclib,BA3098R,254.02223,263.6653537
Palbociclib,BA3099R,236.10307,264.7573699
Palbociclib,BA3110R,249.11763,277.5785082
Palbociclib,BA3114R,249.16669,209.7566107
Palbociclib,BA3117R,242.25009,8.09E-09
Palbociclib,BA3118R,259.15704,227.5282922
Palbociclib,BA3119R,202.0797,235.985695
Palbociclib,BA3126R,261.1941,255.0066271
Palbociclib,BA3128R,231.45154,196.0559636
Palbociclib,BA3130R,263.51984,265.9253489
Palbociclib,BA3133R,259.29428,252.0153702
Palbociclib,BA3135R,205.4434,184.2003133
Palbociclib,BA3137R,256.9527,256.5855888
Palbociclib,BA3138R,261.87024,200.7334974
Palbociclib,BA3139R,234.26541,227.8448941
Palbociclib,BA3145R,231.21698,112.3939479
Palbociclib,BA3146R,244.58472,283.9936831
Palbociclib,BA3152R,256.1758,241.3962877
Palbociclib,BA3153R,252.41457,266.3335348
Palbociclib,BA3154R,238.64014,245.5781177
Palbociclib,BA3157R,211.15506,277.4862707
Palbociclib,BA3158R,232.13837,194.6826501
Palbociclib,BA3162R,256.9108,278.2015974
Palbociclib,BA3163R,258.28458,254.2715304
Palbociclib,BA3164R,217.67531,207.4936396
Palbociclib,BA3167R,249.66751,246.7548861
Palbociclib,BA3169R,256.36685,200.6977529
Palbociclib,BA3171R,261.33154,274.5816314
Palbociclib,BA3174R,260.75168,214.3943016
Palbociclib,BA3177R,244.92035,256.7423601
Palbociclib,BA3181R,262.32465,280.7640174
Palbociclib,BA3182R,258.0015,206.6079653
Palbociclib,BA3183R,231.34222,199.8081449
Palbociclib,BA3185R,241.2569,266.2210255
Palbociclib,BA3186R,247.73476,254.4831228
Palbociclib,BA3187R,253.87735,226.1374385
Palbociclib,BA3189R,233.49736,227.2978813
Palbociclib,BA3190R,258.37766,175.5947
Palbociclib,BA3191R,260.92767,248.4121651
Palbociclib,BA3192R,215.46233,213.8672848
Palbociclib,BA3195R,250.08878,215.862473
Palbociclib,BA3197R,192.00926,286.3279433
Palbociclib,BA3199R,239.49973,248.5641113
Palbociclib,BA3200R,211.25476,230.6475866
Palbociclib,BA3203R,256.70963,258.1897806
Palbociclib,BA3207R,264.54648,219.542189
Palbociclib,BA3208R,233.94914,230.9317239
Palbociclib,BA3210R,259.07245,220.4701185
Palbociclib,BA3211R,230.92065,244.8694757
Palbociclib,BA3212R,238.28503,255.2684074
Palbociclib,BA3213R,256.48172,261.4667636
Palbociclib,BA3214R,255.91345,259.1361354
Palbociclib,BA3216R,242.57872,183.9040345
Palbociclib,BA3217R,213.49538,73.26228232
Palbociclib,BA3219R,254.86621,159.0531724
Palbociclib,BA3222R,236.39384,242.0012686
Palbociclib,BA3225R,255.56638,247.60675
Palbociclib,BA3226R,221.28612,203.8831977
Palbociclib,BA3227R,203.3475,202.68071
Palbociclib,BA3228R,257.40396,267.4631981
Palbociclib,BA3232R,241.00832,233.1602562
Palbociclib,BA3235R,259.71588,258.3829838
Palbociclib,BA3240R,214.99692,149.9384589
Palbociclib,BA3242R,252.94391,278.6485661
Palbociclib,BA3249R,225.11255,187.8336751
Palbociclib,BA3250R,251.39084,240.1919902
Palbociclib,BA3251R,245.56688,223.5673945
Palbociclib,BA3258R,252.66301,138.3377485
Palbociclib,BA3260R,260.05374,184.7504905
Palbociclib,BA3261R,250.27286,192.3205162
Palbociclib,BA3264R,215.73659,218.4781863
Palbociclib,BA3266R,241.53967,210.8378499
Palbociclib,BA3268R,226.81589,223.1895064
Palbociclib,BA3270R,253.43918,251.6611599
Palbociclib,BA3271R,247.7061,210.8588226
Palbociclib,BA3275R,217.29588,156.2561978
Palbociclib,BA3277R,244.02034,233.8560743
Palbociclib,BA3283R,258.29785,189.5471105
Palbociclib,BA3285R,234.7293,243.6168517
Palbociclib,BA3286R,243.20747,222.361859
Palbociclib,BA3289R,254.13605,268.7913921
Palbociclib,BA3290R,259.418,242.8370031
Palbociclib,BA3293R,211.99825,221.3826202
Palbociclib,BA3295R,254.6888,185.117223
Palbociclib,BA3297R,240.68732,85.65916367
Palbociclib,BA3299R,251.48386,230.5664127
Palbociclib,BA3300R,238.80376,243.285868
Palbociclib,BA3302R,242.89963,205.1921659
Palbociclib,BA3305R,252.28293,256.4703235
Palbociclib,BA3306R,210.77841,138.0708214
Palbociclib,BA3308R,232.17783,235.0479485
Palbociclib,BA3310R,205.11546,217.3084501
Palbociclib,BA3311R,258.78873,68.78733974
Palbociclib,BA3312R,245.09067,245.5350601
Palbociclib,BA3317R,217.1042,195.9907907
Palbociclib,BA3318R,251.9126,184.4096233
Palbociclib,BA3319R,264.88434,262.130752
Palbociclib,BA3324R,257.118,250.215743
Palbociclib,BA3325R,250.95233,274.0155346
Palbociclib,BA3326R,254.52943,237.898547
Palbociclib,BA3328R,223.66443,190.6123734
Palbociclib,BA3332R,221.51772,217.4202268
Palbociclib,BA3333R,216.56786,221.8500327
Palbociclib,BA3334R,251.6442,235.9561736
Palbociclib,BA3341R,248.10303,240.1233799
Palbociclib,BA3345R,257.92328,269.7091819
Palbociclib,BA3347R,257.40204,273.8723029
Palbociclib,BA3351R,238.72989,250.4578931
Palbociclib,BA3352R,218.10242,212.1818341
Palbociclib,BA3353R,217.71837,145.4651615
Palbociclib,BA3357R,237.24443,217.1965323
Palbociclib,BA3362R,238.61322,184.5923252
Palbociclib,BA3367R,257.73102,272.7253956
Palbociclib,BA3369R,252.45985,250.0571035
Palbociclib,BA3373R,253.25652,269.8864402
Palbociclib,BA3374R,240.6569,239.9415125
Palbociclib,BA3375R,197.2137,164.9404167
Palbociclib,BA3380R,222.95657,72.569907
Palbociclib,BA3381R,254.44395,220.8787809
Palbociclib,BA3384R,237.96376,264.5779715
Palbociclib,BA3385R,248.103,262.5640944
Palbociclib,BA3386R,214.36755,174.3493778
Palbociclib,BA3388R,262.01743,139.3590084
Palbociclib,BA3390R,258.98322,84.67381498
Palbociclib,BA3394R,260.28052,275.0079578
Palbociclib,BA3397R,243.71783,181.5904857
Palbociclib,BA3399R,257.00595,237.9458041
Palbociclib,BA3400R,238.44112,122.9166436
Palbociclib,BA3403R,243.52155,200.9806081
Palbociclib,BA3406R,226.925,241.317845
Palbociclib,BA3411R,258.10992,252.8427826
Palbociclib,BA3412R,233.92973,263.0160898
Palbociclib,BA3415R,250.48221,257.0251266
Palbociclib,BA3416R,229.21617,224.9676415
Palbociclib,BA3417R,257.38553,217.4940847
Palbociclib,BA3418R,257.24442,206.713721
Palbociclib,BA3421R,253.07553,255.9425582
Palbociclib,BA3422R,213.52303,214.7702387
Palbociclib,BA3423R,205.76648,115.9682938
Palbociclib,BA3431R,256.67575,277.6132162
Palbociclib,BA3433R,220.33199,225.8335509
Palbociclib,BA3434R,258.63138,231.0929386
Palbociclib,BA3438R,232.13223,178.67532
Palbociclib,BA3445R,230.6361,124.6293427
Palbociclib,BA3446R,247.89244,204.2927629
Palbociclib,BA3449R,250.55443,253.4462656
Palbociclib,BA3451R,262.95813,227.4974648
Palbociclib,BA3452R,252.89754,225.602454
Palbociclib,BA3454R,223.19904,14.80497358
Panobinostat,BA3078R,96.07931,213.5975032
Panobinostat,BA3079R,71.70952,46.33342048
Panobinostat,BA3083R,69.62115,63.17502221
Panobinostat,BA3084R,184.56062,253.4372013
Panobinostat,BA3087R,163.31143,273.1175957
Panobinostat,BA3089R,152.75565,95.46986795
Panobinostat,BA3094R,158.77919,77.35315408
Panobinostat,BA3098R,68.15023,28.90212252
Panobinostat,BA3099R,93.99464,231.9765863
Panobinostat,BA3110R,95.79217,35.55279204
Panobinostat,BA3114R,72.87087,41.20301421
Panobinostat,BA3117R,114.10207,49.6489021
Panobinostat,BA3118R,83.04256,221.9550972
Panobinostat,BA3119R,191.85478,260.8200252
Panobinostat,BA3126R,81.56434,121.5723069
Panobinostat,BA3128R,154.53769,86.79407935
Panobinostat,BA3130R,93.72491,76.40090026
Panobinostat,BA3133R,86.61967,42.76231567
Panobinostat,BA3135R,189.44547,194.4198625
Panobinostat,BA3137R,63.46228,64.82308265
Panobinostat,BA3138R,71.268814,74.39892863
Panobinostat,BA3139R,161.72998,275.148865
Panobinostat,BA3145R,153.25613,65.14639794
Panobinostat,BA3146R,64.41858,140.0901481
Panobinostat,BA3152R,69.17771,37.67676576
Panobinostat,BA3153R,103.109276,38.84862415
Panobinostat,BA3157R,168.98389,140.9068511
Panobinostat,BA3158R,124.70739,264.8171024
Panobinostat,BA3162R,69.87054,18.35438976
Panobinostat,BA3163R,72.64704,33.84780602
Panobinostat,BA3164R,159.85089,54.9367562
Panobinostat,BA3167R,93.37555,25.46720327
Panobinostat,BA3169R,69.81783,13.42227726
Panobinostat,BA3171R,88.45404,112.5012155
Panobinostat,BA3174R,69.89742,46.45481716
Panobinostat,BA3175R,69.237686,8.886036853
Panobinostat,BA3177R,79.75999,20.76955831
Panobinostat,BA3181R,71.530876,73.1681047
Panobinostat,BA3182R,77.13161,11.65985738
Panobinostat,BA3183R,106.43853,22.90525192
Panobinostat,BA3185R,116.477615,24.37987944
Panobinostat,BA3186R,102.98423,23.15610528
Panobinostat,BA3187R,79.850494,28.24999319
Panobinostat,BA3190R,83.3087,32.81106396
Panobinostat,BA3191R,69.23288,4.863714749
Panobinostat,BA3192R,168.57523,108.565183
Panobinostat,BA3195R,90.213455,85.2119451
Panobinostat,BA3197R,207.5129,8.09E-09
Panobinostat,BA3199R,83.70122,22.07362699
Panobinostat,BA3200R,181.54182,286.3279433
Panobinostat,BA3203R,77.71925,75.1192513
Panobinostat,BA3207R,80.76586,35.04152732
Panobinostat,BA3208R,117.788826,259.4474748
Panobinostat,BA3210R,71.7676,165.3263515
Panobinostat,BA3211R,116.13529,194.7818671
Panobinostat,BA3212R,120.603355,24.05312115
Panobinostat,BA3213R,67.56502,25.84197694
Panobinostat,BA3214R,98.21931,74.20593956
Panobinostat,BA3216R,112.92581,42.99978939
Panobinostat,BA3217R,192.14574,254.6142365
Panobinostat,BA3219R,94.02499,28.76404481
Panobinostat,BA3222R,111.435165,39.50695255
Panobinostat,BA3225R,96.08269,23.5832751
Panobinostat,BA3226R,148.44296,170.833424
Panobinostat,BA3228R,65.34111,85.32393553
Panobinostat,BA3229R,74.96021,112.6948743
Panobinostat,BA3232R,79.56837,123.3316018
Panobinostat,BA3235R,71.75673,25.52526411
Panobinostat,BA3240R,180.52878,249.2165789
Panobinostat,BA3242R,76.0501,69.9740621
Panobinostat,BA3249R,171.74184,56.53525237
Panobinostat,BA3250R,79.62233,45.74633212
Panobinostat,BA3251R,91.618996,38.06448029
Panobinostat,BA3258R,63.156437,22.90920213
Panobinostat,BA3260R,69.91226,1.123145111
Panobinostat,BA3264R,164.31825,201.430407
Panobinostat,BA3266R,85.24976,116.6214081
Panobinostat,BA3268R,125.88158,106.7022947
Panobinostat,BA3270R,67.97735,9.187316287
Panobinostat,BA3271R,62.618656,35.50903375
Panobinostat,BA3275R,169.63588,242.6241291
Panobinostat,BA3277R,90.72442,114.2233717
Panobinostat,BA3283R,87.13452,10.71854088
Panobinostat,BA3285R,150.12651,209.7712382
Panobinostat,BA3286R,65.27018,58.96262472
Panobinostat,BA3289R,61.725723,53.25768822
Panobinostat,BA3290R,84.69256,57.93013018
Panobinostat,BA3293R,169.44603,71.85134835
Panobinostat,BA3295R,68.52822,18.22818534
Panobinostat,BA3297R,86.656815,285.1330594
Panobinostat,BA3299R,66.324554,56.60346666
Panobinostat,BA3300R,124.93312,62.86321059
Panobinostat,BA3302R,92.31413,35.48824928
Panobinostat,BA3305R,86.68795,77.60321713
Panobinostat,BA3306R,182.86089,126.7020885
Panobinostat,BA3310R,190.27953,286.0743167
Panobinostat,BA3311R,65.402626,8.09E-09
Panobinostat,BA3312R,92.35923,85.82869198
Panobinostat,BA3317R,178.68776,286.3229605
Panobinostat,BA3318R,101.38593,174.2013837
Panobinostat,BA3319R,80.96267,5.843365649
Panobinostat,BA3324R,73.200066,136.7407094
Panobinostat,BA3325R,85.72187,206.8583549
Panobinostat,BA3326R,79.26134,18.03980325
Panobinostat,BA3328R,138.09059,43.14902929
Panobinostat,BA3332R,136.25194,78.03521617
Panobinostat,BA3333R,151.4511,57.45346323
Panobinostat,BA3334R,70.844734,10.60037815
Panobinostat,BA3345R,68.667694,65.90181214
Panobinostat,BA3347R,69.40575,13.28413031
Panobinostat,BA3351R,131.51463,252.6948917
Panobinostat,BA3352R,160.96437,125.4127565
Panobinostat,BA3353R,167.58995,166.2972347
Panobinostat,BA3357R,135.77386,286.3279433
Panobinostat,BA3362R,115.777534,52.66334037
Panobinostat,BA3367R,73.44615,23.84404811
Panobinostat,BA3369R,71.97119,23.12810686
Panobinostat,BA3373R,95.449814,25.64415651
Panobinostat,BA3374R,96.59089,28.61864524
Panobinostat,BA3375R,200.59831,191.1213755
Panobinostat,BA3381R,66.84514,39.14443498
Panobinostat,BA3384R,92.56461,37.4220338
Panobinostat,BA3385R,64.73505,21.46423906
Panobinostat,BA3386R,142.79796,72.06932206
Panobinostat,BA3388R,73.03906,86.29924402
Panobinostat,BA3390R,73.270195,36.27183569
Panobinostat,BA3394R,65.69095,9.06835052
Panobinostat,BA3397R,93.08227,125.9629237
Panobinostat,BA3399R,66.28585,72.49364425
Panobinostat,BA3400R,140.65897,120.0839538
Panobinostat,BA3403R,92.32205,39.41729408
Panobinostat,BA3411R,82.835175,30.54500689
Panobinostat,BA3412R,133.82759,46.53354897
Panobinostat,BA3415R,106.06228,154.0225289
Panobinostat,BA3416R,180.2496,219.1851503
Panobinostat,BA3417R,81.02453,26.00846245
Panobinostat,BA3418R,83.1447,227.9483247
Panobinostat,BA3421R,60.282528,36.14481736
Panobinostat,BA3422R,196.54922,97.46716396
Panobinostat,BA3423R,188.17865,269.1862471
Panobinostat,BA3431R,67.326126,5.607902303
Panobinostat,BA3433R,169.47284,173.0236315
Panobinostat,BA3434R,76.60415,132.3569927
Panobinostat,BA3438R,131.20503,87.00386388
Panobinostat,BA3445R,129.28487,51.97935431
Panobinostat,BA3446R,70.2726,39.39451788
Panobinostat,BA3449R,89.305954,5.164880959
Panobinostat,BA3451R,60.839184,36.66740358
Panobinostat,BA3452R,92.3879,28.82141146
Panobinostat,BA3454R,123.52146,2.103805726
SR9011,BA3078R,253.43158,224.7199587
SR9011,BA3079R,267.1206,286.3279433
SR9011,BA3083R,265.40988,226.4281327
SR9011,BA3084R,225.55322,220.7863721
SR9011,BA3087R,236.70563,231.1695778
SR9011,BA3089R,240.42424,242.2547442
SR9011,BA3094R,237.5574,284.4331925
SR9011,BA3098R,268.11438,259.6086143
SR9011,BA3099R,259.2029,232.6214036
SR9011,BA3110R,257.1026,266.0947628
SR9011,BA3114R,264.41,258.6323091
SR9011,BA3117R,250.7841,178.3208221
SR9011,BA3118R,268.98865,208.2029642
SR9011,BA3119R,231.82568,279.794164
SR9011,BA3126R,258.4608,282.6514273
SR9011,BA3128R,245.45782,243.9291683
SR9011,BA3130R,250.09352,274.1936594
SR9011,BA3133R,265.02805,274.3863976
SR9011,BA3135R,230.49045,19.73746447
SR9011,BA3137R,270.2473,179.4192701
SR9011,BA3138R,272.33295,286.2321983
SR9011,BA3139R,240.98499,162.5435895
SR9011,BA3145R,248.85059,234.5677271
SR9011,BA3146R,263.72687,245.8026816
SR9011,BA3152R,266.63477,228.9047739
SR9011,BA3153R,256.48288,277.9656706
SR9011,BA3154R,240.91089,192.9657747
SR9011,BA3157R,235.99841,235.2771705
SR9011,BA3158R,243.67422,152.3447508
SR9011,BA3162R,267.60025,272.4876634
SR9011,BA3163R,259.75745,253.4728286
SR9011,BA3164R,237.06755,252.5881488
SR9011,BA3167R,258.4058,257.1566509
SR9011,BA3169R,265.29138,252.4929666
SR9011,BA3171R,266.1586,268.6175003
SR9011,BA3174R,268.98056,278.0421543
SR9011,BA3175R,267.6145,274.7430278
SR9011,BA3177R,258.74042,274.2445053
SR9011,BA3181R,267.2671,262.9179012
SR9011,BA3182R,263.28363,247.1536298
SR9011,BA3183R,254.04068,265.3347579
SR9011,BA3185R,251.86731,240.0039255
SR9011,BA3186R,255.76701,280.1849165
SR9011,BA3187R,266.44534,285.3351798
SR9011,BA3189R,250.75067,250.7239986
SR9011,BA3190R,264.0943,238.415043
SR9011,BA3191R,269.99402,262.9398104
SR9011,BA3192R,236.57954,231.0567706
SR9011,BA3195R,263.27866,248.9358723
SR9011,BA3197R,216.82144,196.2914238
SR9011,BA3199R,255.71971,283.7616532
SR9011,BA3200R,237.87007,195.3671709
SR9011,BA3203R,265.92514,261.9802757
SR9011,BA3206R,248.01096,237.233614
SR9011,BA3207R,265.2494,234.0332615
SR9011,BA3208R,257.6379,243.0208844
SR9011,BA3210R,271.00873,211.2915476
SR9011,BA3211R,246.8845,142.0016448
SR9011,BA3212R,250.11594,284.0869749
SR9011,BA3213R,269.52283,278.9595883
SR9011,BA3214R,261.67523,286.1435524
SR9011,BA3216R,254.62833,263.9069578
SR9011,BA3217R,235.58467,173.1093712
SR9011,BA3219R,256.10678,239.1372415
SR9011,BA3222R,247.23067,274.0843033
SR9011,BA3225R,256.6335,284.5481045
SR9011,BA3226R,247.70013,218.8357697
SR9011,BA3227R,230.17271,222.7212891
SR9011,BA3228R,268.3086,221.0411694
SR9011,BA3229R,270.8974,238.4496954
SR9011,BA3232R,261.55762,275.421459
SR9011,BA3235R,263.69516,286.3279433
SR9011,BA3240R,232.71298,201.4315977
SR9011,BA3242R,265.38388,251.2686472
SR9011,BA3249R,240.57814,198.9175689
SR9011,BA3250R,260.91092,174.7644689
SR9011,BA3251R,262.7574,224.2596883
SR9011,BA3258R,263.1047,281.0025007
SR9011,BA3260R,269.97833,278.0240851
SR9011,BA3261R,257.02737,248.2917646
SR9011,BA3264R,230.736,227.9849655
SR9011,BA3266R,260.60794,238.5930869
SR9011,BA3268R,247.03624,272.1171644
SR9011,BA3270R,267.0529,248.8112616
SR9011,BA3271R,264.52692,229.2399971
SR9011,BA3275R,239.52893,211.7174198
SR9011,BA3277R,260.00824,242.9678076
SR9011,BA3283R,266.12772,271.2200815
SR9011,BA3285R,242.22937,268.2399953
SR9011,BA3286R,263.24374,241.5456539
SR9011,BA3289R,268.07297,284.0496693
SR9011,BA3290R,264.69992,274.3797365
SR9011,BA3293R,237.68306,242.5660623
SR9011,BA3295R,266.36444,253.7103332
SR9011,BA3297R,261.42798,243.9825482
SR9011,BA3299R,265.44595,275.7518684
SR9011,BA3300R,246.8739,269.0186135
SR9011,BA3302R,257.11417,276.6597202
SR9011,BA3305R,260.8519,275.1134211
SR9011,BA3306R,238.70702,252.4005396
SR9011,BA3308R,247.83109,243.3091466
SR9011,BA3310R,232.55742,223.704514
SR9011,BA3311R,266.48126,190.9560884
SR9011,BA3312R,256.68307,261.1027325
SR9011,BA3317R,236.62793,164.5747326
SR9011,BA3319R,267.97012,263.8254141
SR9011,BA3324R,265.67142,265.118715
SR9011,BA3325R,263.74875,260.3944913
SR9011,BA3326R,258.11963,277.1373644
SR9011,BA3328R,249.51428,247.3331877
SR9011,BA3332R,240.46504,226.5447812
SR9011,BA3333R,247.47531,286.3279433
SR9011,BA3334R,265.85388,256.84232
SR9011,BA3341R,259.28815,216.1080237
SR9011,BA3345R,268.43542,242.6231004
SR9011,BA3347R,268.5039,260.5387022
SR9011,BA3351R,249.23709,226.0295065
SR9011,BA3352R,244.33315,238.9674314
SR9011,BA3353R,237.70935,226.992837
SR9011,BA3357R,250.97519,229.764779
SR9011,BA3362R,252.9524,272.9601142
SR9011,BA3367R,263.1743,282.9405667
SR9011,BA3369R,263.12042,285.9754985
SR9011,BA3373R,257.69128,284.0336243
SR9011,BA3374R,252.26662,283.7358834
SR9011,BA3380R,239.86887,246.8389182
SR9011,BA3381R,268.08438,250.4083415
SR9011,BA3384R,256.67664,266.7280211
SR9011,BA3385R,267.29245,271.8061438
SR9011,BA3386R,244.78923,224.7125157
SR9011,BA3388R,271.51797,286.2161439
SR9011,BA3390R,263.82846,280.6909683
SR9011,BA3394R,263.85083,266.3391892
SR9011,BA3397R,252.57962,219.5466766
SR9011,BA3399R,270.87683,194.3974528
SR9011,BA3400R,250.20082,261.6117588
SR9011,BA3403R,253.19017,242.6557321
SR9011,BA3406R,244.47926,220.2682724
SR9011,BA3411R,265.81583,242.4877351
SR9011,BA3412R,246.77008,268.0595557
SR9011,BA3415R,253.59941,264.1287262
SR9011,BA3416R,241.58556,276.0710388
SR9011,BA3417R,261.96274,275.7935969
SR9011,BA3418R,265.25726,177.7900704
SR9011,BA3421R,267.7833,256.645699
SR9011,BA3422R,239.58093,262.7612359
SR9011,BA3423R,233.94357,208.2532772
SR9011,BA3433R,243.78865,248.2289599
SR9011,BA3434R,265.2328,274.3342864
SR9011,BA3438R,246.3056,191.6522959
SR9011,BA3445R,247.91325,220.7171108
SR9011,BA3446R,264.88217,219.4257332
SR9011,BA3449R,256.44937,267.3229344
SR9011,BA3451R,265.43127,252.7901038
SR9011,BA3452R,260.71793,274.4277726
SR9011,BA3454R,249.17596,162.4554149
Artemisinin,BA3079R,273.4528,265.9289678
Artemisinin,BA3084R,251.98181,237.651885
Artemisinin,BA3089R,265.74048,248.2307464
Artemisinin,BA3094R,259.534,263.9475985
Artemisinin,BA3098R,272.43634,256.4002397
Artemisinin,BA3099R,270.09552,244.4122387
Artemisinin,BA3110R,266.29547,194.2998614
Artemisinin,BA3114R,271.54678,281.2910522
Artemisinin,BA3118R,275.31277,241.6732037
Artemisinin,BA3126R,267.26263,285.6221107
Artemisinin,BA3128R,268.7654,267.5415091
Artemisinin,BA3133R,274.10196,286.3279433
Artemisinin,BA3135R,257.0086,8.09E-09
Artemisinin,BA3139R,264.2199,181.9655246
Artemisinin,BA3145R,269.5326,286.1999668
Artemisinin,BA3152R,271.0403,194.4239041
Artemisinin,BA3153R,268.60333,285.5572846
Artemisinin,BA3154R,259.42514,249.6628205
Artemisinin,BA3157R,259.76962,215.9147999
Artemisinin,BA3158R,260.07874,162.1024412
Artemisinin,BA3162R,272.34402,276.5269749
Artemisinin,BA3163R,268.05258,276.2911832
Artemisinin,BA3164R,265.94867,268.8360762
Artemisinin,BA3167R,267.45172,265.1327264
Artemisinin,BA3169R,271.24643,285.0906253
Artemisinin,BA3171R,275.2408,258.8570077
Artemisinin,BA3174R,275.0477,286.2217005
Artemisinin,BA3177R,266.01547,280.5336416
Artemisinin,BA3181R,274.5604,252.9139895
Artemisinin,BA3183R,269.57974,277.529795
Artemisinin,BA3185R,264.26038,178.0811195
Artemisinin,BA3186R,270.1369,286.3279433
Artemisinin,BA3187R,273.13895,286.3279433
Artemisinin,BA3189R,268.2367,196.6908023
Artemisinin,BA3191R,274.02966,234.4576674
Artemisinin,BA3192R,260.8848,267.9456186
Artemisinin,BA3195R,272.79172,222.8591895
Artemisinin,BA3197R,249.48982,286.3279433
Artemisinin,BA3199R,267.7558,260.2473066
Artemisinin,BA3203R,274.43405,264.9575154
Artemisinin,BA3206R,265.51447,209.9349226
Artemisinin,BA3207R,272.69543,214.7054339
Artemisinin,BA3210R,275.8044,192.5404917
Artemisinin,BA3212R,265.65024,276.098367
Artemisinin,BA3213R,273.8994,255.0499897
Artemisinin,BA3214R,272.72342,243.7025838
Artemisinin,BA3216R,269.4709,198.4620511
Artemisinin,BA3217R,262.6723,133.9813479
Artemisinin,BA3222R,262.78906,282.5109627
Artemisinin,BA3225R,262.6685,231.4041044
Artemisinin,BA3226R,269.4164,282.8593242
Artemisinin,BA3227R,254.98215,207.7080441
Artemisinin,BA3228R,273.00882,285.8035638
Artemisinin,BA3232R,270.9618,259.3263545
Artemisinin,BA3235R,270.38904,276.5459892
Artemisinin,BA3240R,259.34796,226.2429982
Artemisinin,BA3250R,264.5943,286.3279433
Artemisinin,BA3251R,270.7308,269.1969881
Artemisinin,BA3261R,270.92236,232.4009556
Artemisinin,BA3264R,260.72574,268.9553091
Artemisinin,BA3270R,273.33203,265.7955804
Artemisinin,BA3271R,268.74,240.746851
Artemisinin,BA3277R,270.85538,249.5826168
Artemisinin,BA3285R,264.9202,207.699441
Artemisinin,BA3286R,268.18777,242.7843773
Artemisinin,BA3289R,272.08282,209.4493427
Artemisinin,BA3290R,274.63046,210.8769631
Artemisinin,BA3293R,264.68143,264.2127411
Artemisinin,BA3297R,270.20282,271.2940824
Artemisinin,BA3299R,270.36554,237.4466679
Artemisinin,BA3305R,272.6061,284.6192917
Artemisinin,BA3306R,262.99738,279.968368
Artemisinin,BA3308R,263.35852,144.643884
Artemisinin,BA3311R,272.95557,86.46553849
Artemisinin,BA3317R,259.21878,191.7525087
Artemisinin,BA3318R,271.32526,173.2321932
Artemisinin,BA3319R,272.9445,239.7272436
Artemisinin,BA3324R,273.21365,252.8195308
Artemisinin,BA3326R,266.23557,276.504695
Artemisinin,BA3328R,265.4825,280.9551039
Artemisinin,BA3332R,261.3772,127.1729186
Artemisinin,BA3333R,263.10803,270.650269
Artemisinin,BA3334R,272.13828,286.3279433
Artemisinin,BA3341R,271.60632,204.0900637
Artemisinin,BA3345R,274.52615,243.2684597
Artemisinin,BA3347R,272.7975,263.9153204
Artemisinin,BA3352R,261.96555,245.0704874
Artemisinin,BA3362R,268.72104,286.1798906
Artemisinin,BA3367R,272.79507,286.3279433
Artemisinin,BA3373R,272.40457,286.3279433
Artemisinin,BA3374R,264.21945,285.3522621
Artemisinin,BA3380R,266.7369,272.7820327
Artemisinin,BA3381R,272.75348,259.3200599
Artemisinin,BA3384R,268.1199,286.3279433
Artemisinin,BA3394R,271.45773,232.7352983
Artemisinin,BA3397R,266.70383,206.4634525
Artemisinin,BA3399R,275.85883,245.5856132
Artemisinin,BA3400R,266.8224,260.9655795
Artemisinin,BA3403R,264.54782,286.3279433
Artemisinin,BA3406R,268.29663,286.3279433
Artemisinin,BA3411R,274.49734,270.5408715
Artemisinin,BA3412R,265.98044,284.1537479
Artemisinin,BA3415R,268.88492,241.8672139
Artemisinin,BA3417R,270.88434,242.4926634
Artemisinin,BA3418R,273.84058,176.3711719
Artemisinin,BA3421R,271.65085,267.4405503
Artemisinin,BA3422R,259.7754,262.1679127
Artemisinin,BA3431R,274.35306,256.9828082
Artemisinin,BA3433R,261.31427,236.7308299
Artemisinin,BA3434R,273.75626,245.0056633
Artemisinin,BA3438R,264.653,225.8834251
Artemisinin,BA3449R,267.6462,286.3279433
Entrectinib,BA3078R,180.70207,159.7112062
Entrectinib,BA3079R,181.10678,184.5874117
Entrectinib,BA3083R,183.92645,197.2521031
Entrectinib,BA3084R,171.03185,206.5468786
Entrectinib,BA3089R,188.29672,177.2978494
Entrectinib,BA3098R,184.02448,218.9551165
Entrectinib,BA3099R,181.33478,159.728764
Entrectinib,BA3114R,185.98082,177.8194047
Entrectinib,BA3117R,198.88042,255.5672348
Entrectinib,BA3118R,188.03972,126.5548204
Entrectinib,BA3119R,181.21295,178.5775749
Entrectinib,BA3126R,185.72528,157.5648868
Entrectinib,BA3128R,183.84142,181.2212144
Entrectinib,BA3130R,193.982,182.1406674
Entrectinib,BA3133R,203.84961,160.7026518
Entrectinib,BA3135R,175.97733,172.0034994
Entrectinib,BA3137R,180.62357,209.8919752
Entrectinib,BA3138R,197.38914,166.1021751
Entrectinib,BA3139R,189.999,120.2619987
Entrectinib,BA3145R,192.43556,99.34884558
Entrectinib,BA3146R,164.42493,158.370827
Entrectinib,BA3152R,185.70271,114.3653399
Entrectinib,BA3153R,188.1717,212.2208106
Entrectinib,BA3154R,188.39542,191.404402
Entrectinib,BA3157R,178.75192,222.1395278
Entrectinib,BA3158R,174.11525,54.81004185
Entrectinib,BA3162R,186.38431,190.4120117
Entrectinib,BA3163R,182.55344,230.8949478
Entrectinib,BA3164R,169.9195,128.1592712
Entrectinib,BA3167R,186.19191,183.9573569
Entrectinib,BA3169R,190.00418,113.9201817
Entrectinib,BA3171R,203.69421,200.8165762
Entrectinib,BA3174R,185.89781,191.7020578
Entrectinib,BA3175R,186.64267,173.5646016
Entrectinib,BA3177R,168.22357,138.0751387
Entrectinib,BA3181R,190.90465,220.256085
Entrectinib,BA3182R,176.75388,179.5456127
Entrectinib,BA3183R,193.08319,208.6572494
Entrectinib,BA3185R,174.77075,141.7223077
Entrectinib,BA3186R,192.94206,159.0248597
Entrectinib,BA3187R,192.09909,212.8212985
Entrectinib,BA3189R,195.4698,166.0536613
Entrectinib,BA3190R,197.69823,271.9297192
Entrectinib,BA3191R,183.25146,204.9987019
Entrectinib,BA3192R,180.55339,254.6993623
Entrectinib,BA3195R,189.60118,195.8189814
Entrectinib,BA3199R,183.6414,170.0694397
Entrectinib,BA3200R,187.17863,277.1106515
Entrectinib,BA3203R,194.10875,185.3275172
Entrectinib,BA3206R,198.30058,161.525673
Entrectinib,BA3207R,182.63237,135.5764143
Entrectinib,BA3208R,187.10869,154.5769614
Entrectinib,BA3210R,195.88638,206.6571873
Entrectinib,BA3211R,175.4401,118.4042829
Entrectinib,BA3212R,195.02014,210.1334896
Entrectinib,BA3213R,175.78983,120.0037402
Entrectinib,BA3214R,192.33398,125.2292656
Entrectinib,BA3216R,182.36775,141.8010242
Entrectinib,BA3217R,174.34807,213.7972598
Entrectinib,BA3219R,179.71179,200.9453068
Entrectinib,BA3222R,193.74934,235.5577226
Entrectinib,BA3225R,182.022,114.6012316
Entrectinib,BA3226R,189.06087,179.8128895
Entrectinib,BA3227R,177.96786,128.5250486
Entrectinib,BA3228R,182.64273,166.016945
Entrectinib,BA3229R,194.68288,128.1070051
Entrectinib,BA3232R,190.5333,225.1508046
Entrectinib,BA3235R,182.08398,156.5576921
Entrectinib,BA3240R,180.18338,94.02455581
Entrectinib,BA3242R,192.2172,224.3571807
Entrectinib,BA3249R,192.25772,226.4595782
Entrectinib,BA3250R,170.17236,257.4468789
Entrectinib,BA3251R,179.88991,229.0334696
Entrectinib,BA3258R,179.23315,162.8124723
Entrectinib,BA3260R,197.00316,216.6035176
Entrectinib,BA3261R,205.5801,240.7896261
Entrectinib,BA3264R,159.73691,189.5091797
Entrectinib,BA3268R,185.86343,239.082921
Entrectinib,BA3270R,188.38303,114.1079166
Entrectinib,BA3271R,175.19319,156.5604836
Entrectinib,BA3275R,181.75578,152.3542826
Entrectinib,BA3283R,177.34042,189.2679259
Entrectinib,BA3285R,192.27591,59.0296093
Entrectinib,BA3286R,175.77223,229.2540592
Entrectinib,BA3289R,182.45525,204.7921387
Entrectinib,BA3290R,201.49962,212.9307291
Entrectinib,BA3293R,177.30273,112.3202908
Entrectinib,BA3295R,182.41241,213.3258127
Entrectinib,BA3297R,188.34926,7.321233342
Entrectinib,BA3299R,182.1111,170.9160069
Entrectinib,BA3300R,191.7232,167.5629632
Entrectinib,BA3302R,193.73822,227.3044475
Entrectinib,BA3305R,191.7152,180.7243558
Entrectinib,BA3306R,184.18877,112.3523995
Entrectinib,BA3308R,184.42824,184.8332823
Entrectinib,BA3310R,182.83664,255.6571062
Entrectinib,BA3311R,180.76175,129.109382
Entrectinib,BA3312R,196.99107,205.0551591
Entrectinib,BA3317R,188.54047,104.0261617
Entrectinib,BA3318R,189.68285,116.8907689
Entrectinib,BA3319R,188.38744,191.5904281
Entrectinib,BA3324R,194.29391,171.7221475
Entrectinib,BA3325R,191.23074,189.7268448
Entrectinib,BA3326R,186.85458,203.5516119
Entrectinib,BA3328R,186.43062,179.8504407
Entrectinib,BA3332R,185.58351,205.1066462
Entrectinib,BA3333R,189.13452,152.6279504
Entrectinib,BA3334R,187.76526,165.5804379
Entrectinib,BA3345R,179.541,177.2696613
Entrectinib,BA3347R,190.47885,199.6532639
Entrectinib,BA3351R,190.198,177.790188
Entrectinib,BA3352R,188.22093,137.5569756
Entrectinib,BA3353R,188.85397,223.4240258
Entrectinib,BA3357R,195.27498,229.4516956
Entrectinib,BA3362R,190.19424,131.0339576
Entrectinib,BA3367R,188.02985,170.2710963
Entrectinib,BA3369R,169.8341,237.8214797
Entrectinib,BA3373R,201.9237,122.6386322
Entrectinib,BA3374R,185.48653,194.5031584
Entrectinib,BA3375R,174.89752,213.1708303
Entrectinib,BA3376R,180.3982,86.41433353
Entrectinib,BA3380R,175.1948,174.7663039
Entrectinib,BA3381R,187.02551,162.8710973
Entrectinib,BA3384R,179.42531,221.3343004
Entrectinib,BA3385R,181.60184,150.5090117
Entrectinib,BA3386R,165.35645,149.8892205
Entrectinib,BA3388R,197.68541,190.3088304
Entrectinib,BA3390R,179.83325,230.5524219
Entrectinib,BA3394R,186.21927,180.7431595
Entrectinib,BA3397R,189.38441,159.3285968
Entrectinib,BA3399R,194.13603,219.2301114
Entrectinib,BA3400R,194.7754,226.6173586
Entrectinib,BA3403R,181.81163,145.3872983
Entrectinib,BA3406R,177.05925,185.8030305
Entrectinib,BA3411R,203.0881,211.8302669
Entrectinib,BA3412R,187.1508,196.1471945
Entrectinib,BA3415R,200.3338,166.2371485
Entrectinib,BA3416R,200.33644,263.9195775
Entrectinib,BA3417R,177.06195,144.7092359
Entrectinib,BA3418R,193.95117,194.1922683
Entrectinib,BA3421R,179.48854,231.9766254
Entrectinib,BA3422R,187.90944,214.8505975
Entrectinib,BA3423R,185.47325,121.7128316
Entrectinib,BA3431R,182.4382,208.9234133
Entrectinib,BA3433R,187.20868,119.255807
Entrectinib,BA3434R,194.31593,156.4942392
Entrectinib,BA3438R,189.57547,135.8434221
Entrectinib,BA3445R,189.13152,176.4476793
Entrectinib,BA3446R,178.91446,191.001905
Entrectinib,BA3449R,190.61285,216.7289762
Entrectinib,BA3451R,182.81137,50.52163906
Entrectinib,BA3452R,187.15692,200.1906483
Entrectinib,BA3454R,181.30246,15.30072763
Indisulam,BA3078R,187.11595,139.0040012
Indisulam,BA3083R,189.79005,164.9586528
Indisulam,BA3084R,183.62425,150.0741696
Indisulam,BA3087R,202.24686,286.3279433
Indisulam,BA3094R,195.97519,168.1848316
Indisulam,BA3099R,191.7549,178.111499
Indisulam,BA3114R,199.89001,232.6678522
Indisulam,BA3117R,207.40791,4.187141542
Indisulam,BA3119R,198.63705,282.9855435
Indisulam,BA3126R,206.17981,174.8716136
Indisulam,BA3128R,202.363,218.6298736
Indisulam,BA3130R,221.43109,231.3027231
Indisulam,BA3137R,186.87503,217.3220134
Indisulam,BA3138R,215.55978,208.1130489
Indisulam,BA3139R,211.51846,111.73174
Indisulam,BA3145R,214.76509,144.8674814
Indisulam,BA3146R,170.90242,202.5466859
Indisulam,BA3154R,201.02567,212.6294712
Indisulam,BA3157R,187.31589,235.0250732
Indisulam,BA3158R,184.74721,17.98422154
Indisulam,BA3162R,200.41881,125.9760027
Indisulam,BA3163R,211.22879,279.5461958
Indisulam,BA3167R,195.19815,183.0612665
Indisulam,BA3169R,209.07,97.79618385
Indisulam,BA3171R,220.79156,241.968116
Indisulam,BA3174R,202.7745,161.2291131
Indisulam,BA3175R,208.94812,170.9214246
Indisulam,BA3177R,177.5969,132.9453225
Indisulam,BA3182R,189.49551,202.5239084
Indisulam,BA3183R,199.48515,195.6735084
Indisulam,BA3185R,181.23488,94.94787609
Indisulam,BA3186R,214.69357,187.7376782
Indisulam,BA3189R,211.80568,163.7856006
Indisulam,BA3190R,215.02628,272.8661774
Indisulam,BA3199R,184.44537,189.009076
Indisulam,BA3200R,208.61992,117.6088746
Indisulam,BA3207R,219.36023,238.3082772
Indisulam,BA3208R,197.4132,198.3224085
Indisulam,BA3210R,215.16423,218.2190247
Indisulam,BA3213R,189.45306,181.9003411
Indisulam,BA3214R,211.77263,18.23291402
Indisulam,BA3216R,196.17598,91.30323628
Indisulam,BA3222R,210.40198,153.7704773
Indisulam,BA3225R,208.81485,194.8032872
Indisulam,BA3226R,203.00708,194.2493687
Indisulam,BA3228R,199.9251,171.3231842
Indisulam,BA3229R,212.5743,239.1655211
Indisulam,BA3232R,195.25339,229.5851135
Indisulam,BA3235R,208.50528,239.9852898
Indisulam,BA3240R,204.53725,94.47431238
Indisulam,BA3242R,204.86578,268.599413
Indisulam,BA3249R,213.1205,174.3932972
Indisulam,BA3250R,190.93668,196.2786409
Indisulam,BA3258R,197.32816,245.1216809
Indisulam,BA3260R,217.71939,210.3031389
Indisulam,BA3264R,173.94467,131.0220834
Indisulam,BA3266R,188.52512,183.7245076
Indisulam,BA3268R,204.34889,245.7214962
Indisulam,BA3270R,201.26122,236.1882412
Indisulam,BA3275R,190.11813,267.6028595
Indisulam,BA3277R,201.61926,214.6611833
Indisulam,BA3283R,193.64552,227.2004575
Indisulam,BA3285R,215.2612,16.6862627
Indisulam,BA3289R,201.49136,240.9441089
Indisulam,BA3290R,219.86345,201.7779352
Indisulam,BA3295R,193.96446,267.6570164
Indisulam,BA3297R,198.17331,5.750091731
Indisulam,BA3299R,195.00226,184.5945848
Indisulam,BA3300R,205.04869,207.7621837
Indisulam,BA3302R,200.39987,245.1859402
Indisulam,BA3308R,187.54025,72.35700504
Indisulam,BA3311R,198.01097,163.0012667
Indisulam,BA3312R,202.67468,195.8242519
Indisulam,BA3317R,202.52309,76.60539569
Indisulam,BA3318R,205.65819,85.82219358
Indisulam,BA3324R,201.19617,154.1987911
Indisulam,BA3325R,205.1518,209.2688493
Indisulam,BA3326R,205.22998,246.7130559
Indisulam,BA3328R,199.05751,149.077587
Indisulam,BA3332R,197.37993,178.0679157
Indisulam,BA3333R,202.0699,47.53663654
Indisulam,BA3334R,199.85413,91.88636135
Indisulam,BA3347R,208.07695,160.8327384
Indisulam,BA3351R,211.29578,276.0144191
Indisulam,BA3352R,203.92633,199.0664012
Indisulam,BA3353R,206.01239,274.4253313
Indisulam,BA3357R,210.26808,250.824359
Indisulam,BA3367R,205.77509,115.9566596
Indisulam,BA3369R,181.89832,270.1071468
Indisulam,BA3373R,217.3675,75.58859034
Indisulam,BA3374R,207.0124,120.7843927
Indisulam,BA3375R,189.68706,223.7523296
Indisulam,BA3380R,193.00302,98.92927291
Indisulam,BA3381R,193.99513,186.3749835
Indisulam,BA3384R,192.07686,241.348399
Indisulam,BA3385R,184.55443,271.1594232
Indisulam,BA3386R,182.5184,265.6848492
Indisulam,BA3388R,216.82597,137.33387
Indisulam,BA3390R,202.29956,253.0946982
Indisulam,BA3394R,197.92429,201.776536
Indisulam,BA3397R,198.37012,155.3893274
Indisulam,BA3399R,212.707,180.6803059
Indisulam,BA3403R,204.34236,117.2068469
Indisulam,BA3406R,193.55205,149.9763711
Indisulam,BA3412R,210.14087,243.8186795
Indisulam,BA3416R,217.1585,250.2361185
Indisulam,BA3418R,210.60938,189.4406411
Indisulam,BA3421R,194.23204,103.2446789
Indisulam,BA3422R,211.06877,175.9942097
Indisulam,BA3423R,202.05563,149.2047309
Indisulam,BA3433R,201.64642,8.09E-09
Indisulam,BA3434R,209.13225,134.3157382
Indisulam,BA3438R,201.59712,114.1038516
Indisulam,BA3445R,201.78575,121.14937
Indisulam,BA3449R,198.2682,167.8481052
Indisulam,BA3452R,202.72275,241.8082755
Indisulam,BA3454R,193.36966,125.0844538
Olaparib,BA3078R,248.08508,286.3279433
Olaparib,BA3083R,254.472,284.8276596
Olaparib,BA3084R,236.10004,284.4233672
Olaparib,BA3089R,260.5807,286.320309
Olaparib,BA3094R,242.6352,286.3066489
Olaparib,BA3098R,255.937,286.3279433
Olaparib,BA3114R,255.81935,261.5567837
Olaparib,BA3117R,260.4684,286.3279433
Olaparib,BA3118R,260.10458,271.1682352
Olaparib,BA3119R,246.29558,274.6406621
Olaparib,BA3126R,253.45839,253.0991806
Olaparib,BA3128R,256.39908,282.0657838
Olaparib,BA3130R,251.54909,275.9523694
Olaparib,BA3133R,263.40454,286.3279433
Olaparib,BA3135R,245.73483,86.92636894
Olaparib,BA3137R,254.60278,277.4139806
Olaparib,BA3138R,263.1308,286.3279433
Olaparib,BA3139R,252.93431,286.3279433
Olaparib,BA3145R,262.21524,286.3279433
Olaparib,BA3146R,249.2608,267.9231347
Olaparib,BA3152R,256.6713,224.1787277
Olaparib,BA3154R,242.85922,286.3279433
Olaparib,BA3157R,241.73822,286.3279433
Olaparib,BA3158R,243.2426,161.5136487
Olaparib,BA3162R,256.4886,267.306202
Olaparib,BA3163R,252.45111,274.9311507
Olaparib,BA3164R,248.8436,170.6619403
Olaparib,BA3167R,247.51443,261.4340633
Olaparib,BA3169R,255.97125,212.4842815
Olaparib,BA3171R,266.11948,276.1967015
Olaparib,BA3174R,257.32202,250.5526861
Olaparib,BA3175R,258.608,277.1004866
Olaparib,BA3177R,244.086,265.6501196
Olaparib,BA3182R,253.46606,256.094435
Olaparib,BA3183R,260.2083,286.3279433
Olaparib,BA3185R,241.06546,271.2254885
Olaparib,BA3186R,259.09946,286.3279433
Olaparib,BA3187R,260.26315,286.3279433
Olaparib,BA3189R,261.72873,284.8892522
Olaparib,BA3190R,259.45438,280.0721749
Olaparib,BA3191R,257.62866,263.8038122
Olaparib,BA3192R,246.17067,280.5330939
Olaparib,BA3199R,250.73315,231.616545
Olaparib,BA3200R,254.36684,203.6874565
Olaparib,BA3203R,259.96637,279.232601
Olaparib,BA3206R,257.19183,266.438915
Olaparib,BA3207R,259.5344,224.0397185
Olaparib,BA3208R,256.82968,284.7533128
Olaparib,BA3210R,258.9158,241.0714318
Olaparib,BA3211R,247.4495,108.457746
Olaparib,BA3212R,252.9695,277.7368649
Olaparib,BA3213R,255.0155,262.681809
Olaparib,BA3214R,256.83228,285.0183639
Olaparib,BA3216R,251.04807,284.8790798
Olaparib,BA3219R,249.55998,270.9533131
Olaparib,BA3222R,250.5027,286.3279433
Olaparib,BA3225R,248.18562,249.5985249
Olaparib,BA3226R,258.69186,286.3279433
Olaparib,BA3227R,244.37831,269.754028
Olaparib,BA3228R,257.8666,268.738625
Olaparib,BA3229R,259.61624,260.9317746
Olaparib,BA3232R,258.43192,286.1638808
Olaparib,BA3235R,257.74878,272.9087267
Olaparib,BA3240R,247.55646,276.63934
Olaparib,BA3242R,259.21613,285.5406621
Olaparib,BA3249R,257.3323,286.3279433
Olaparib,BA3250R,251.08247,271.7168071
Olaparib,BA3251R,253.9758,286.3279433
Olaparib,BA3258R,251.70024,231.6602475
Olaparib,BA3260R,261.92587,286.3279433
Olaparib,BA3261R,263.22778,286.3279433
Olaparib,BA3264R,238.25677,247.772967
Olaparib,BA3268R,252.31676,252.6201942
Olaparib,BA3270R,259.52728,286.143895
Olaparib,BA3271R,251.86205,262.0314747
Olaparib,BA3275R,252.72089,261.9327586
Olaparib,BA3277R,256.5164,286.3279433
Olaparib,BA3283R,252.75589,286.3279433
Olaparib,BA3285R,255.19331,200.1690611
Olaparib,BA3286R,249.88371,283.7068996
Olaparib,BA3289R,251.33167,269.9246045
Olaparib,BA3290R,263.32333,280.8376003
Olaparib,BA3293R,250.5631,286.3279433
Olaparib,BA3295R,255.23709,275.1718058
Olaparib,BA3297R,257.58365,18.63391594
Olaparib,BA3299R,252.11108,246.9530523
Olaparib,BA3300R,255.27579,286.3279433
Olaparib,BA3302R,259.5261,286.3279433
Olaparib,BA3305R,258.8706,239.5537577
Olaparib,BA3306R,250.12006,253.1570831
Olaparib,BA3310R,246.22514,207.6669569
Olaparib,BA3311R,257.01538,238.4924448
Olaparib,BA3312R,257.63864,237.6329957
Olaparib,BA3317R,251.86917,286.3279433
Olaparib,BA3318R,258.61902,265.5751335
Olaparib,BA3319R,262.17215,285.3723757
Olaparib,BA3324R,257.29297,286.3279433
Olaparib,BA3325R,259.2635,273.5697891
Olaparib,BA3326R,248.69656,283.1670863
Olaparib,BA3328R,254.69672,286.3279433
Olaparib,BA3332R,251.49759,276.6082558
Olaparib,BA3333R,253.79112,261.9396501
Olaparib,BA3334R,255.30269,280.521386
Olaparib,BA3345R,248.61882,244.8673499
Olaparib,BA3347R,258.26868,263.7956204
Olaparib,BA3351R,259.80957,285.9629797
Olaparib,BA3352R,255.88586,286.3279433
Olaparib,BA3353R,251.32979,286.3279433
Olaparib,BA3357R,260.30695,275.8368807
Olaparib,BA3362R,257.59573,286.3279433
Olaparib,BA3367R,256.54092,280.5039737
Olaparib,BA3369R,250.55573,285.5423424
Olaparib,BA3373R,262.05777,194.1180996
Olaparib,BA3374R,248.63403,274.6695091
Olaparib,BA3375R,238.963,205.7140942
Olaparib,BA3376R,253.83919,243.6987502
Olaparib,BA3380R,253.5815,278.9327438
Olaparib,BA3381R,256.83887,253.430666
Olaparib,BA3384R,255.09418,286.3279433
Olaparib,BA3385R,255.39278,281.5403735
Olaparib,BA3386R,245.6363,286.0588375
Olaparib,BA3388R,262.80103,270.4034081
Olaparib,BA3390R,255.19962,279.692658
Olaparib,BA3394R,257.21808,277.3022602
Olaparib,BA3397R,253.30855,283.7936897
Olaparib,BA3399R,258.86673,248.8562579
Olaparib,BA3400R,254.37732,265.6707195
Olaparib,BA3403R,248.00928,275.3449934
Olaparib,BA3406R,253.70587,273.9124154
Olaparib,BA3411R,264.0457,274.7229027
Olaparib,BA3412R,255.3367,283.4344187
Olaparib,BA3415R,260.18527,285.726507
Olaparib,BA3416R,258.16904,188.1384032
Olaparib,BA3417R,250.1409,241.6314937
Olaparib,BA3418R,261.064,281.6910422
Olaparib,BA3422R,251.24408,261.3766189
Olaparib,BA3423R,251.06471,283.0502973
Olaparib,BA3431R,255.55075,286.1281681
Olaparib,BA3433R,253.04848,286.3279433
Olaparib,BA3434R,256.6428,286.3279433
Olaparib,BA3445R,254.43144,270.2476429
Olaparib,BA3446R,252.56715,228.2943675
Olaparib,BA3449R,254.41977,258.7341501
Olaparib,BA3451R,258.44824,250.6131898
Olaparib,BA3452R,255.91501,286.3279433
Olaparib,BA3454R,256.07922,260.5530149
Selinexor,BA3078R,106.59015,47.64719234
Selinexor,BA3079R,107.13188,97.29762759
Selinexor,BA3083R,112.475746,60.01655216
Selinexor,BA3084R,122.45911,128.0120371
Selinexor,BA3087R,130.66724,88.88102555
Selinexor,BA3089R,126.59078,100.0642039
Selinexor,BA3094R,131.79675,21.89172559
Selinexor,BA3098R,106.203125,115.577498
Selinexor,BA3099R,111.773155,58.6570426
Selinexor,BA3110R,111.38373,80.5851489
Selinexor,BA3114R,112.949455,59.83702553
Selinexor,BA3117R,124.53362,266.6647005
Selinexor,BA3118R,115.27055,99.12286898
Selinexor,BA3119R,127.98076,85.15726174
Selinexor,BA3126R,133.5036,115.569791
Selinexor,BA3128R,124.10618,81.25875732
Selinexor,BA3130R,157.03453,75.14166052
Selinexor,BA3133R,134.7912,111.9307452
Selinexor,BA3135R,118.372475,52.22493275
Selinexor,BA3137R,107.31776,53.72886633
Selinexor,BA3138R,121.83425,65.81032279
Selinexor,BA3139R,142.79552,64.92568121
Selinexor,BA3145R,141.89182,38.90977904
Selinexor,BA3146R,102.12461,121.1924503
Selinexor,BA3152R,114.382195,27.00059146
Selinexor,BA3153R,115.49075,84.77556344
Selinexor,BA3154R,131.85535,136.6091638
Selinexor,BA3157R,125.784966,78.32405607
Selinexor,BA3158R,108.39322,47.55407397
Selinexor,BA3162R,114.00702,110.2947385
Selinexor,BA3163R,129.74075,69.33906842
Selinexor,BA3164R,118.694824,99.31640441
Selinexor,BA3167R,119.23582,46.12587249
Selinexor,BA3169R,123.411194,149.2710717
Selinexor,BA3171R,137.2003,123.3005971
Selinexor,BA3174R,110.18951,75.82209272
Selinexor,BA3175R,120.30304,32.92954574
Selinexor,BA3177R,105.953476,77.26558894
Selinexor,BA3181R,117.061066,104.6133027
Selinexor,BA3182R,114.83262,97.96089118
Selinexor,BA3183R,120.770645,135.3465891
Selinexor,BA3185R,111.23792,112.8051829
Selinexor,BA3186R,130.938,35.11525098
Selinexor,BA3187R,118.20282,55.14776549
Selinexor,BA3189R,129.68301,105.0019595
Selinexor,BA3190R,132.77213,33.21139136
Selinexor,BA3191R,115.70647,79.26639321
Selinexor,BA3192R,134.4171,61.38177254
Selinexor,BA3195R,113.346306,119.4993637
Selinexor,BA3197R,117.29303,243.4837652
Selinexor,BA3199R,106.592865,121.7290004
Selinexor,BA3200R,136.69258,106.3353105
Selinexor,BA3203R,119.79051,120.6436401
Selinexor,BA3206R,136.98091,90.73995269
Selinexor,BA3207R,134.0804,83.65242451
Selinexor,BA3208R,117.86881,36.61640431
Selinexor,BA3210R,121.2833,67.54980233
Selinexor,BA3212R,134.30376,90.19135003
Selinexor,BA3213R,111.297745,100.358793
Selinexor,BA3214R,123.60688,46.71532165
Selinexor,BA3216R,124.12575,87.91415715
Selinexor,BA3217R,120.982056,56.00872599
Selinexor,BA3219R,136.84009,66.15904878
Selinexor,BA3222R,136.06442,115.2841906
Selinexor,BA3225R,144.14919,48.24687938
Selinexor,BA3226R,123.71313,196.6154962
Selinexor,BA3227R,127.117485,68.37846639
Selinexor,BA3228R,109.25774,80.28167673
Selinexor,BA3229R,125.69454,65.2670321
Selinexor,BA3232R,112.440796,158.7032125
Selinexor,BA3235R,127.64476,122.2048428
Selinexor,BA3240R,138.2049,36.93581362
Selinexor,BA3242R,110.28904,126.0366644
Selinexor,BA3249R,145.10687,255.0688587
Selinexor,BA3250R,115.615906,150.5395799
Selinexor,BA3251R,118.01085,111.2492496
Selinexor,BA3258R,115.78349,99.64144604
Selinexor,BA3260R,120.36886,87.00559284
Selinexor,BA3261R,140.88652,81.73377143
Selinexor,BA3264R,113.46429,77.17303337
Selinexor,BA3266R,111.04463,45.87129204
Selinexor,BA3268R,125.123,137.3295069
Selinexor,BA3270R,109.13873,69.72948235
Selinexor,BA3271R,106.60654,45.02009336
Selinexor,BA3275R,119.5071,63.81731004
Selinexor,BA3277R,125.64014,99.07770736
Selinexor,BA3283R,112.84772,114.010959
Selinexor,BA3285R,143.47964,106.8280782
Selinexor,BA3286R,105.036476,90.85875723
Selinexor,BA3289R,113.63424,98.03305519
Selinexor,BA3290R,133.53722,151.6850438
Selinexor,BA3293R,126.295845,51.20845855
Selinexor,BA3295R,113.95429,90.18308974
Selinexor,BA3297R,115.327385,94.63870038
Selinexor,BA3299R,114.70363,82.98402413
Selinexor,BA3300R,122.85097,84.92819197
Selinexor,BA3302R,114.994865,133.9578193
Selinexor,BA3305R,118.56731,97.04907309
Selinexor,BA3306R,135.23373,63.63804717
Selinexor,BA3308R,110.65142,78.54804313
Selinexor,BA3310R,123.81979,60.12014757
Selinexor,BA3311R,112.12336,2.335050327
Selinexor,BA3312R,117.956055,45.28412386
Selinexor,BA3317R,135.40854,30.02445931
Selinexor,BA3319R,138.22998,90.22757998
Selinexor,BA3324R,112.77931,31.47883896
Selinexor,BA3325R,116.022064,65.0703457
Selinexor,BA3326R,129.25447,92.11914619
Selinexor,BA3328R,123.11264,66.33084823
Selinexor,BA3332R,120.25292,112.597754
Selinexor,BA3333R,127.76163,71.26493066
Selinexor,BA3334R,112.95242,140.607796
Selinexor,BA3341R,132.406,143.4716271
Selinexor,BA3345R,111.45766,70.58476264
Selinexor,BA3347R,124.46837,59.94328027
Selinexor,BA3351R,135.97581,133.3206015
Selinexor,BA3352R,130.78156,136.4355559
Selinexor,BA3353R,139.90816,68.28972673
Selinexor,BA3357R,127.549,61.34974486
Selinexor,BA3362R,135.3238,128.2847501
Selinexor,BA3367R,118.649666,97.42652849
Selinexor,BA3369R,107.81736,141.82548
Selinexor,BA3373R,128.70216,88.59304087
Selinexor,BA3374R,123.63222,115.1977621
Selinexor,BA3376R,112.251114,168.640259
Selinexor,BA3380R,123.177635,52.18695569
Selinexor,BA3381R,109.184906,115.8731108
Selinexor,BA3384R,112.478195,180.0464345
Selinexor,BA3385R,106.85432,159.0001017
Selinexor,BA3386R,108.416435,94.46856761
Selinexor,BA3388R,123.631226,86.74131298
Selinexor,BA3390R,123.73017,124.2794804
Selinexor,BA3394R,105.95737,57.80242639
Selinexor,BA3397R,114.41344,93.58749969
Selinexor,BA3399R,114.13683,118.6894703
Selinexor,BA3400R,143.89752,122.6130995
Selinexor,BA3403R,122.08095,133.9526967
Selinexor,BA3406R,119.672134,154.3711306
Selinexor,BA3411R,132.21393,101.6066567
Selinexor,BA3412R,137.86801,160.7863051
Selinexor,BA3415R,139.2292,104.3263403
Selinexor,BA3416R,152.34613,166.5046792
Selinexor,BA3417R,105.74537,89.33641897
Selinexor,BA3418R,115.95875,88.64001815
Selinexor,BA3421R,107.74609,74.40817611
Selinexor,BA3422R,142.90459,170.046747
Selinexor,BA3423R,137.04697,20.87049595
Selinexor,BA3431R,113.85721,83.85724026
Selinexor,BA3433R,134.12286,81.30836948
Selinexor,BA3434R,117.510895,86.72401448
Selinexor,BA3438R,126.25905,31.62040353
Selinexor,BA3445R,124.93273,91.94909767
Selinexor,BA3446R,109.1807,88.42549081
Selinexor,BA3449R,120.22028,70.42037408
Selinexor,BA3451R,117.5426,128.8674588
Selinexor,BA3452R,113.36251,90.31875751
Selinexor,BA3454R,112.97333,187.8600224
AT-101,BA3078R,201.44576,226.171306
AT-101,BA3094R,207.59714,200.5921713
AT-101,BA3099R,203.8106,209.4133442
AT-101,BA3117R,217.61914,141.9464068
AT-101,BA3119R,212.03036,162.1004798
AT-101,BA3130R,230.31485,222.1330949
AT-101,BA3137R,201.94351,233.8781259
AT-101,BA3138R,223.10138,248.8199156
AT-101,BA3139R,219.52281,213.3367228
AT-101,BA3146R,189.44583,189.6096027
AT-101,BA3175R,213.9498,210.5651316
AT-101,BA3177R,197.02068,202.1688363
AT-101,BA3182R,204.03476,215.5661182
AT-101,BA3183R,211.88565,196.8613685
AT-101,BA3189R,216.53207,208.8418495
AT-101,BA3190R,223.30824,227.6442263
AT-101,BA3199R,200.57591,208.9130987
AT-101,BA3200R,217.18454,218.6509796
AT-101,BA3207R,225.36372,126.8898878
AT-101,BA3208R,210.21825,141.5477633
AT-101,BA3211R,197.7183,136.2519571
AT-101,BA3213R,203.18306,200.6611529
AT-101,BA3214R,217.23813,43.05327957
AT-101,BA3216R,207.58293,166.7496144
AT-101,BA3219R,216.54443,205.0489257
AT-101,BA3222R,220.83406,235.0689451
AT-101,BA3225R,217.97461,164.8524379
AT-101,BA3227R,208.1432,142.0629095
AT-101,BA3228R,208.47746,177.673137
AT-101,BA3229R,218.27591,159.3248288
AT-101,BA3242R,212.9583,229.0598143
AT-101,BA3249R,218.35623,194.2153225
AT-101,BA3250R,206.896,253.4499666
AT-101,BA3258R,212.90674,158.7605962
AT-101,BA3260R,228.31877,236.3580571
AT-101,BA3264R,189.12503,164.4391213
AT-101,BA3266R,203.09122,185.8220362
AT-101,BA3268R,212.84598,214.8441827
AT-101,BA3270R,211.63835,244.0199457
AT-101,BA3275R,204.84976,176.4128332
AT-101,BA3283R,205.164,251.8587179
AT-101,BA3285R,219.70438,71.2795291
AT-101,BA3290R,225.39972,237.0520115
AT-101,BA3293R,210.67848,229.8093649
AT-101,BA3295R,206.15866,244.6736723
AT-101,BA3297R,207.3335,22.77922139
AT-101,BA3300R,215.35449,247.6326087
AT-101,BA3302R,210.745,225.6078205
AT-101,BA3305R,212.90361,202.5753441
AT-101,BA3310R,207.59097,158.2759986
AT-101,BA3311R,209.54973,195.2829422
AT-101,BA3312R,215.9504,197.7026685
AT-101,BA3318R,217.71967,85.08491355
AT-101,BA3319R,230.55042,238.3498038
AT-101,BA3324R,211.27234,246.2974833
AT-101,BA3325R,212.41797,198.7971487
AT-101,BA3326R,218.69012,227.080144
AT-101,BA3328R,212.00464,254.8673394
AT-101,BA3332R,212.2209,225.1353992
AT-101,BA3333R,213.72746,184.5376476
AT-101,BA3351R,219.65128,187.6136338
AT-101,BA3353R,217.23604,223.3173106
AT-101,BA3357R,221.05746,134.051835
AT-101,BA3367R,219.56696,212.7143683
AT-101,BA3369R,199.06131,224.8462527
AT-101,BA3373R,227.95085,140.2414522
AT-101,BA3375R,205.21613,188.3895035
AT-101,BA3376R,202.72763,256.6394942
AT-101,BA3381R,207.64268,208.1840786
AT-101,BA3385R,200.91089,116.4591628
AT-101,BA3386R,197.09235,197.7426714
AT-101,BA3388R,222.16145,202.9969057
AT-101,BA3390R,214.66742,251.4545082
AT-101,BA3394R,211.14728,220.1271066
AT-101,BA3397R,209.13692,197.5703624
AT-101,BA3412R,218.69347,199.8626072
AT-101,BA3415R,225.42766,246.0659834
AT-101,BA3416R,226.72754,228.9621741
AT-101,BA3417R,202.41205,159.8182469
AT-101,BA3422R,220.01688,188.0667531
AT-101,BA3434R,213.37451,159.9094672
AT-101,BA3445R,214.78949,123.4497607
AT-101,BA3446R,203.60501,171.1777691
AT-101,BA3452R,207.10547,244.7503475
AT-101,BA3454R,201.6931,123.8221249
Birinapant,BA3078R,193.31638,169.6592912
Birinapant,BA3083R,192.67093,18.22513332
Birinapant,BA3094R,200.2884,151.0889442
Birinapant,BA3099R,194.47368,138.9406098
Birinapant,BA3117R,210.60272,8.09E-09
Birinapant,BA3119R,207.10594,188.579915
Birinapant,BA3130R,222.44958,192.9145716
Birinapant,BA3137R,192.05774,204.0750776
Birinapant,BA3138R,218.36981,144.874991
Birinapant,BA3139R,214.47676,98.05396711
Birinapant,BA3146R,178.05728,199.9213955
Birinapant,BA3175R,208.28183,149.5994426
Birinapant,BA3177R,185.2402,42.27116035
Birinapant,BA3182R,197.14386,253.9442104
Birinapant,BA3183R,201.79594,128.4066524
Birinapant,BA3189R,210.0741,182.8588021
Birinapant,BA3190R,217.4865,196.950142
Birinapant,BA3199R,191.99858,191.6294063
Birinapant,BA3200R,212.89436,286.2930667
Birinapant,BA3207R,217.10915,92.28349745
Birinapant,BA3208R,198.19336,136.3066061
Birinapant,BA3211R,190.172,134.4181976
Birinapant,BA3213R,192.81845,137.3864451
Birinapant,BA3214R,210.09811,8.09E-09
Birinapant,BA3216R,196.14966,150.0009463
Birinapant,BA3219R,208.50807,188.7191554
Birinapant,BA3222R,211.94829,47.53598322
Birinapant,BA3225R,210.47292,61.1026666
Birinapant,BA3227R,206.0048,74.24465733
Birinapant,BA3228R,199.03151,73.31684037
Birinapant,BA3229R,214.40393,161.1043817
Birinapant,BA3240R,207.26549,133.5810735
Birinapant,BA3242R,206.38092,202.7511256
Birinapant,BA3249R,213.72798,220.1500565
Birinapant,BA3250R,195.33087,205.5579115
Birinapant,BA3258R,202.87305,106.5893537
Birinapant,BA3260R,219.63461,155.4151257
Birinapant,BA3264R,182.92522,133.3553899
Birinapant,BA3266R,192.04266,74.89445552
Birinapant,BA3268R,205.80603,214.6270663
Birinapant,BA3270R,204.76971,84.17138447
Birinapant,BA3275R,196.48228,134.9696341
Birinapant,BA3283R,197.91588,159.7400185
Birinapant,BA3285R,216.88344,28.32367108
Birinapant,BA3290R,219.44153,113.5885055
Birinapant,BA3293R,207.10185,112.0123381
Birinapant,BA3295R,196.09547,114.0762318
Birinapant,BA3297R,197.50372,36.98792116
Birinapant,BA3300R,206.11717,190.6438054
Birinapant,BA3302R,203.78827,121.0496403
Birinapant,BA3305R,205.32936,83.57313341
Birinapant,BA3310R,200.52348,212.0987113
Birinapant,BA3311R,201.42776,144.6700601
Birinapant,BA3312R,206.54272,193.4961796
Birinapant,BA3318R,206.95866,154.4748657
Birinapant,BA3319R,220.18042,100.0268281
Birinapant,BA3324R,202.1821,117.9807243
Birinapant,BA3325R,201.57985,139.0353143
Birinapant,BA3326R,208.72469,109.4503714
Birinapant,BA3328R,202.41904,188.1402569
Birinapant,BA3332R,203.23396,214.8912241
Birinapant,BA3333R,203.03444,166.877131
Birinapant,BA3351R,211.27448,214.0769876
Birinapant,BA3353R,211.03235,199.1932527
Birinapant,BA3357R,211.17377,210.2826701
Birinapant,BA3367R,208.3376,84.88521389
Birinapant,BA3369R,190.48508,172.4000262
Birinapant,BA3373R,220.0828,31.24341858
Birinapant,BA3375R,195.79361,210.2093601
Birinapant,BA3376R,192.26872,233.6529333
Birinapant,BA3381R,200.78542,170.9587047
Birinapant,BA3385R,190.90291,95.3417908
Birinapant,BA3386R,188.71115,106.5374139
Birinapant,BA3388R,218.37535,140.6111016
Birinapant,BA3390R,205.06297,140.9403439
Birinapant,BA3394R,199.39952,215.0927422
Birinapant,BA3397R,200.81947,71.06135294
Birinapant,BA3412R,210.79425,209.7513271
Birinapant,BA3415R,217.74332,165.6385028
Birinapant,BA3416R,222.07645,228.7673963
Birinapant,BA3417R,193.44498,85.18559635
Birinapant,BA3422R,215.35109,212.6615762
Birinapant,BA3434R,208.80484,138.9549233
Birinapant,BA3445R,207.88327,79.91239832
Birinapant,BA3446R,193.91693,170.3610415
Birinapant,BA3452R,199.70854,179.1364586
GSK-2879552,BA3078R,199.23064,271.4863975
GSK-2879552,BA3083R,205.80254,286.3279433
GSK-2879552,BA3094R,203.37827,272.8826046
GSK-2879552,BA3099R,205.41153,240.9434714
GSK-2879552,BA3117R,217.7137,286.3279433
GSK-2879552,BA3119R,208.2009,209.5672465
GSK-2879552,BA3130R,222.48866,286.3279433
GSK-2879552,BA3137R,204.38722,246.0385629
GSK-2879552,BA3138R,225.59474,282.4478707
GSK-2879552,BA3139R,217.21063,246.3143249
GSK-2879552,BA3146R,188.88919,254.5993125
GSK-2879552,BA3175R,216.98926,239.3963067
GSK-2879552,BA3177R,194.7089,286.3279433
GSK-2879552,BA3182R,204.0187,216.7947567
GSK-2879552,BA3183R,212.86565,286.3279433
GSK-2879552,BA3189R,219.16245,261.1441663
GSK-2879552,BA3190R,223.43375,254.8120343
GSK-2879552,BA3199R,200.0651,280.381484
GSK-2879552,BA3200R,216.71957,159.555631
GSK-2879552,BA3207R,223.70282,242.6466913
GSK-2879552,BA3208R,211.98122,237.0351154
GSK-2879552,BA3213R,206.79141,223.0922077
GSK-2879552,BA3214R,223.13145,270.2266775
GSK-2879552,BA3216R,208.74773,253.2194693
GSK-2879552,BA3219R,210.86598,286.3279433
GSK-2879552,BA3222R,216.14873,273.7763903
GSK-2879552,BA3225R,215.92044,228.9379639
GSK-2879552,BA3227R,206.25555,228.4542294
GSK-2879552,BA3228R,213.02245,251.4494464
GSK-2879552,BA3229R,222.94637,269.2884456
GSK-2879552,BA3240R,212.00577,215.7402669
GSK-2879552,BA3242R,216.85358,286.3279433
GSK-2879552,BA3249R,219.81741,269.4088372
GSK-2879552,BA3250R,205.48737,286.3279433
GSK-2879552,BA3258R,212.25253,239.1529147
GSK-2879552,BA3260R,226.34406,285.6186129
GSK-2879552,BA3264R,188.48143,186.0443355
GSK-2879552,BA3266R,205.01831,244.1747805
GSK-2879552,BA3268R,213.94763,229.8161157
GSK-2879552,BA3270R,213.49026,285.8304978
GSK-2879552,BA3275R,202.66298,245.8273308
GSK-2879552,BA3283R,207.8885,283.7014967
GSK-2879552,BA3285R,220.56433,109.2870735
GSK-2879552,BA3290R,230.83507,284.4005277
GSK-2879552,BA3293R,210.5559,266.8916396
GSK-2879552,BA3295R,207.48767,277.6868676
GSK-2879552,BA3297R,208.56688,54.37877227
GSK-2879552,BA3300R,212.21178,285.4874077
GSK-2879552,BA3302R,213.21736,286.3279433
GSK-2879552,BA3305R,209.0794,277.1794472
GSK-2879552,BA3310R,202.87756,161.3375293
GSK-2879552,BA3311R,211.06924,261.3338814
GSK-2879552,BA3312R,214.44489,216.1858675
GSK-2879552,BA3318R,217.35435,265.4574348
GSK-2879552,BA3319R,225.80048,281.5304542
GSK-2879552,BA3325R,215.75725,282.0427275
GSK-2879552,BA3326R,215.05336,274.5191504
GSK-2879552,BA3328R,208.93074,285.9753363
GSK-2879552,BA3332R,208.8319,286.3279433
GSK-2879552,BA3333R,212.4281,151.2854129
GSK-2879552,BA3351R,219.17752,284.2486568
GSK-2879552,BA3353R,213.4808,244.8830405
GSK-2879552,BA3357R,218.75006,223.8296801
GSK-2879552,BA3367R,218.14851,274.7523807
GSK-2879552,BA3369R,199.07707,286.3279433
GSK-2879552,BA3373R,226.38516,182.8640825
GSK-2879552,BA3375R,197.64995,184.4827151
GSK-2879552,BA3376R,202.0852,261.7626174
GSK-2879552,BA3381R,209.31117,251.3854019
GSK-2879552,BA3385R,201.70663,281.1417719
GSK-2879552,BA3386R,194.79924,216.4629407
GSK-2879552,BA3388R,225.6831,275.4174842
GSK-2879552,BA3390R,213.61945,285.5372291
GSK-2879552,BA3394R,209.08958,245.6155988
GSK-2879552,BA3397R,208.65082,282.1071093
GSK-2879552,BA3412R,216.8618,260.9758849
GSK-2879552,BA3415R,224.3479,232.8297178
GSK-2879552,BA3416R,226.1301,224.1265234
GSK-2879552,BA3417R,200.4717,286.3279433
GSK-2879552,BA3422R,217.96555,204.8018059
GSK-2879552,BA3434R,216.72229,281.8499712
GSK-2879552,BA3445R,212.76201,272.4463675
GSK-2879552,BA3452R,215.33842,286.177748
GSK-2879552,BA3454R,202.74924,286.3279433
BLZ945,BA3078R,206.17648,50.26621696
BLZ945,BA3083R,211.17944,143.8076664
BLZ945,BA3087R,226.91992,209.1131462
BLZ945,BA3117R,227.32353,286.3279433
BLZ945,BA3119R,219.49162,61.35170009
BLZ945,BA3130R,238.17703,284.613424
BLZ945,BA3137R,204.73752,204.6427633
BLZ945,BA3138R,234.36417,170.323586
BLZ945,BA3146R,187.9218,197.6647158
BLZ945,BA3175R,223.48907,127.3256359
BLZ945,BA3182R,209.2869,150.5088261
BLZ945,BA3190R,234.57031,195.306911
BLZ945,BA3200R,227.14113,134.1213499
BLZ945,BA3208R,217.34622,73.44861517
BLZ945,BA3211R,201.6847,175.7944696
BLZ945,BA3219R,219.96664,166.9826878
BLZ945,BA3229R,225.9827,165.2679988
BLZ945,BA3242R,219.13159,158.0861737
BLZ945,BA3249R,229.38179,237.2906998
BLZ945,BA3258R,218.74863,224.3059198
BLZ945,BA3260R,239.16765,265.450172
BLZ945,BA3266R,207.7341,125.2088787
BLZ945,BA3268R,226.39111,191.209092
BLZ945,BA3275R,211.32468,186.6458032
BLZ945,BA3283R,210.9772,160.7047208
BLZ945,BA3295R,210.03947,195.1211513
BLZ945,BA3300R,228.9727,270.9425747
BLZ945,BA3302R,220.7768,182.2719712
BLZ945,BA3310R,210.89668,76.17120273
BLZ945,BA3312R,226.11194,213.7257442
BLZ945,BA3325R,223.45938,157.1671069
BLZ945,BA3351R,234.50899,122.1896353
BLZ945,BA3353R,224.91452,167.4151182
BLZ945,BA3357R,230.66284,197.0284439
BLZ945,BA3369R,200.04518,251.791625
BLZ945,BA3375R,205.5251,241.7655052
BLZ945,BA3385R,202.91719,206.9512696
BLZ945,BA3386R,199.32715,174.7356513
BLZ945,BA3388R,233.24487,180.4211235
BLZ945,BA3390R,220.53842,253.6729757
BLZ945,BA3416R,241.9922,250.9360329
BLZ945,BA3445R,221.43704,271.456754
BLZ945,BA3446R,207.84393,153.4410055
BLZ945,BA3452R,215.81882,225.4230973
BLZ945,BA3454R,207.73485,268.4629457
BMS-754807,BA3078R,199.65793,242.8056437
BMS-754807,BA3083R,202.60637,205.988608
BMS-754807,BA3087R,214.84004,99.15712308
BMS-754807,BA3117R,214.95886,282.8291965
BMS-754807,BA3119R,209.25215,77.02290049
BMS-754807,BA3130R,227.25876,269.9883851
BMS-754807,BA3137R,198.26637,253.2774354
BMS-754807,BA3138R,220.18575,179.5082027
BMS-754807,BA3146R,189.20406,188.7257694
BMS-754807,BA3190R,218.94473,157.3680886
BMS-754807,BA3200R,216.12495,57.89710429
BMS-754807,BA3208R,206.43199,190.0156373
BMS-754807,BA3211R,195.2115,92.75579185
BMS-754807,BA3219R,211.28479,278.8462621
BMS-754807,BA3229R,216.26808,160.1049942
BMS-754807,BA3242R,212.07283,210.208847
BMS-754807,BA3249R,217.2846,162.7330978
BMS-754807,BA3258R,208.51439,286.3279433
BMS-754807,BA3260R,225.59183,264.7293886
BMS-754807,BA3266R,200.53923,191.7631304
BMS-754807,BA3268R,214.76248,218.7036882
BMS-754807,BA3275R,202.43997,187.8623009
BMS-754807,BA3283R,200.3871,279.1055199
BMS-754807,BA3295R,201.44742,278.8593267
BMS-754807,BA3300R,213.32181,265.8197167
BMS-754807,BA3302R,209.87726,259.2792791
BMS-754807,BA3310R,202.19753,135.8248928
BMS-754807,BA3312R,212.60403,229.098681
BMS-754807,BA3325R,210.14236,236.9380033
BMS-754807,BA3351R,219.61024,96.11907681
BMS-754807,BA3353R,212.09184,245.7458502
BMS-754807,BA3369R,194.98279,286.3279433
BMS-754807,BA3375R,199.7116,138.5674878
BMS-754807,BA3385R,198.14981,250.8679383
BMS-754807,BA3386R,195.54337,160.7908492
BMS-754807,BA3388R,219.98738,245.4616651
BMS-754807,BA3390R,210.44347,249.5863314
BMS-754807,BA3445R,211.7011,110.885532
BMS-754807,BA3446R,202.19623,253.655467
BMS-754807,BA3452R,206.23802,235.8661752
BMS-754807,BA3454R,202.37311,251.3724909
Etomoxir,BA3078R,214.54234,195.7127379
Etomoxir,BA3083R,219.56042,229.9528422
Etomoxir,BA3087R,225.82503,240.3664087
Etomoxir,BA3117R,232.22089,286.3279433
Etomoxir,BA3119R,214.89143,208.354858
Etomoxir,BA3130R,238.55043,286.3279433
Etomoxir,BA3137R,221.44827,253.4225455
Etomoxir,BA3138R,243.26038,272.6819186
Etomoxir,BA3146R,205.87051,191.2516976
Etomoxir,BA3175R,233.29868,258.0671817
Etomoxir,BA3182R,221.16376,249.9282231
Etomoxir,BA3190R,239.54745,195.3577634
Etomoxir,BA3200R,225.38365,283.3622085
Etomoxir,BA3208R,224.07648,270.8707157
Etomoxir,BA3211R,210.01398,148.1899139
Etomoxir,BA3219R,223.19586,286.3279433
Etomoxir,BA3229R,236.87103,210.3130329
Etomoxir,BA3242R,231.06377,273.3902558
Etomoxir,BA3249R,232.09688,225.7741916
Etomoxir,BA3258R,226.34332,277.4098926
Etomoxir,BA3260R,245.63135,282.5348221
Etomoxir,BA3266R,219.61012,220.2436893
Etomoxir,BA3268R,227.86552,271.751944
Etomoxir,BA3275R,216.3358,231.9827788
Etomoxir,BA3283R,224.28105,156.0205102
Etomoxir,BA3295R,220.96967,249.4194435
Etomoxir,BA3300R,230.37321,252.0841232
Etomoxir,BA3302R,228.99796,286.3279433
Etomoxir,BA3310R,210.92703,266.47758
Etomoxir,BA3312R,229.95021,229.4471721
Etomoxir,BA3351R,233.65614,239.1917895
Etomoxir,BA3357R,230.79028,233.4220901
Etomoxir,BA3369R,216.06079,259.8360899
Etomoxir,BA3375R,204.67719,209.0249105
Etomoxir,BA3376R,214.95245,234.6611293
Etomoxir,BA3385R,217.5663,286.3279433
Etomoxir,BA3386R,206.28178,255.5104852
Etomoxir,BA3388R,243.21799,275.2001967
Etomoxir,BA3390R,229.26811,285.0909126
Etomoxir,BA3416R,238.24875,286.3279433
Etomoxir,BA3445R,228.10164,245.1420015
Etomoxir,BA3446R,221.14258,255.2803744
Etomoxir,BA3452R,228.642,205.2272982
Etomoxir,BA3454R,217.41905,286.3279433
Metformin,BA3078R,191.84326,281.0076172
Metformin,BA3083R,193.68576,249.8060504
Metformin,BA3087R,209.63309,256.2107799
Metformin,BA3117R,213.77042,286.3279433
Metformin,BA3119R,201.50537,177.2950525
Metformin,BA3130R,226.38846,246.1353522
Metformin,BA3137R,189.62071,266.3342191
Metformin,BA3138R,216.8935,278.2496785
Metformin,BA3146R,171.77658,221.9497849
Metformin,BA3175R,209.14986,285.4751253
Metformin,BA3182R,197.64197,248.7318888
Metformin,BA3190R,214.38675,271.860197
Metformin,BA3208R,199.45001,251.1652715
Metformin,BA3219R,210.22513,197.7292643
Metformin,BA3229R,211.59892,229.4085201
Metformin,BA3242R,203.70886,276.0820716
Metformin,BA3249R,216.03946,285.9073428
Metformin,BA3258R,204.55685,286.3279433
Metformin,BA3260R,222.52344,285.7507974
Metformin,BA3266R,190.33493,215.7262199
Metformin,BA3268R,210.5951,256.1099706
Metformin,BA3275R,193.82278,254.9486509
Metformin,BA3283R,193.20158,271.0017935
Metformin,BA3295R,196.56853,271.4958732
Metformin,BA3300R,211.72298,286.3279433
Metformin,BA3302R,205.55731,286.3279433
Metformin,BA3310R,194.64987,164.407834
Metformin,BA3312R,209.49843,214.6584296
Metformin,BA3351R,220.78558,265.9364334
Metformin,BA3353R,209.92757,190.39168
Metformin,BA3357R,215.26822,223.042495
Metformin,BA3369R,188.29115,286.3279433
Metformin,BA3375R,188.7559,224.431955
Metformin,BA3376R,187.71056,267.8415616
Metformin,BA3385R,188.3171,284.7062666
Metformin,BA3386R,182.75647,246.1127738
Metformin,BA3388R,216.67696,276.4513714
Metformin,BA3390R,208.19824,286.1584144
Metformin,BA3416R,225.21872,286.3279433
Metformin,BA3445R,206.96054,188.6780693
Metformin,BA3446R,193.27473,286.2189728
Metformin,BA3452R,200.34526,268.1483528
Metformin,BA3454R,187.438,286.3279433
NVP-AEW541,BA3078R,207.8772,211.2130378
NVP-AEW541,BA3083R,217.53227,226.9936369
NVP-AEW541,BA3087R,216.52834,176.4356392
NVP-AEW541,BA3117R,221.44456,285.7761369
NVP-AEW541,BA3119R,199.3181,237.1806613
NVP-AEW541,BA3130R,244.24875,279.8932263
NVP-AEW541,BA3137R,222.2066,245.7225547
NVP-AEW541,BA3138R,232.60341,225.7832391
NVP-AEW541,BA3146R,207.18114,257.9410942
NVP-AEW541,BA3175R,234.4344,200.8175886
NVP-AEW541,BA3182R,223.28847,202.007716
NVP-AEW541,BA3190R,225.99779,109.6290081
NVP-AEW541,BA3200R,210.72894,167.4427671
NVP-AEW541,BA3208R,216.0003,214.7966411
NVP-AEW541,BA3211R,202.98686,77.47584993
NVP-AEW541,BA3219R,231.87723,231.5164054
NVP-AEW541,BA3229R,228.3834,175.9199383
NVP-AEW541,BA3242R,223.7375,221.8381759
NVP-AEW541,BA3249R,217.25342,225.1501299
NVP-AEW541,BA3258R,231.5813,284.3470961
NVP-AEW541,BA3260R,231.6674,238.7519885
NVP-AEW541,BA3266R,214.38544,209.8301047
NVP-AEW541,BA3268R,217.13284,172.1642624
NVP-AEW541,BA3275R,202.30214,137.5882981
NVP-AEW541,BA3295R,220.94159,239.9110989
NVP-AEW541,BA3300R,221.16296,261.0897454
NVP-AEW541,BA3302R,220.2427,266.8289192
NVP-AEW541,BA3310R,195.58029,164.2989048
NVP-AEW541,BA3312R,222.90411,223.216739
NVP-AEW541,BA3325R,222.97928,238.2823712
NVP-AEW541,BA3351R,223.43694,173.592264
NVP-AEW541,BA3353R,209.52283,236.854248
NVP-AEW541,BA3357R,220.8546,154.2821193
NVP-AEW541,BA3369R,216.80025,286.3148269
NVP-AEW541,BA3375R,186.94681,225.0925838
NVP-AEW541,BA3385R,218.2375,284.631506
NVP-AEW541,BA3386R,192.1461,198.7763983
NVP-AEW541,BA3388R,232.51202,207.6872576
NVP-AEW541,BA3390R,236.60872,270.4356496
NVP-AEW541,BA3416R,227.52786,276.7248882
NVP-AEW541,BA3445R,216.5472,189.9717641
NVP-AEW541,BA3446R,219.08777,225.3387894
NVP-AEW541,BA3452R,219.3487,250.7913645
NVP-AEW541,BA3454R,205.905,286.3279433
PH-797804,BA3078R,200.63174,151.9176387
PH-797804,BA3083R,207.88208,55.40204322
PH-797804,BA3087R,223.00992,232.7287644
PH-797804,BA3117R,221.57791,8.09E-09
PH-797804,BA3119R,214.23434,144.2458993
PH-797804,BA3130R,238.34283,286.3279433
PH-797804,BA3137R,201.45552,217.4819167
PH-797804,BA3138R,232.309,140.5727802
PH-797804,BA3146R,184.8258,106.3946651
PH-797804,BA3175R,224.18369,96.90903718
PH-797804,BA3182R,202.13213,104.800028
PH-797804,BA3190R,229.4689,217.1273717
PH-797804,BA3200R,225.38504,109.2647843
PH-797804,BA3208R,214.13434,127.1911562
PH-797804,BA3211R,202.26595,154.4260501
PH-797804,BA3219R,218.63141,113.2092954
PH-797804,BA3229R,225.63733,174.641274
PH-797804,BA3242R,218.61708,211.3465427
PH-797804,BA3249R,228.89143,195.0231048
PH-797804,BA3258R,216.26846,67.07250705
PH-797804,BA3260R,234.24149,50.08146063
PH-797804,BA3266R,206.3249,26.81749414
PH-797804,BA3268R,225.97345,175.3447098
PH-797804,BA3275R,208.68137,232.310827
PH-797804,BA3283R,203.51521,118.9548388
PH-797804,BA3295R,204.34663,140.757722
PH-797804,BA3300R,224.15456,211.3290733
PH-797804,BA3302R,218.37433,183.5741153
PH-797804,BA3310R,209.44609,128.3185311
PH-797804,BA3312R,221.09947,105.3879957
PH-797804,BA3325R,219.28694,166.280851
PH-797804,BA3351R,234.0938,188.5791502
PH-797804,BA3353R,221.09125,151.7140316
PH-797804,BA3357R,223.98776,104.8647561
PH-797804,BA3369R,193.81593,134.5022976
PH-797804,BA3375R,205.18071,125.2181809
PH-797804,BA3385R,202.24808,134.4156014
PH-797804,BA3386R,195.28748,230.9218699
PH-797804,BA3388R,231.69086,141.5646539
PH-797804,BA3390R,217.81668,171.9028802
PH-797804,BA3416R,235.40854,169.1015707
PH-797804,BA3445R,221.54552,87.60154819
PH-797804,BA3446R,207.96191,58.51383326
PH-797804,BA3452R,213.61082,79.79320494
PH-797804,BA3454R,205.9857,53.9662409
Perhexiline maleate,BA3083R,208.90178,71.62250947
Perhexiline maleate,BA3117R,223.12424,8.09E-09
Perhexiline maleate,BA3130R,227.80458,232.6998715
Perhexiline maleate,BA3137R,205.72202,272.545608
Perhexiline maleate,BA3146R,194.01427,280.2923279
Perhexiline maleate,BA3175R,221.34766,147.0189144
Perhexiline maleate,BA3182R,207.27507,166.872843
Perhexiline maleate,BA3190R,227.6002,186.2375808
Perhexiline maleate,BA3200R,220.62105,192.3088805
Perhexiline maleate,BA3219R,215.82751,166.4780774
Perhexiline maleate,BA3229R,225.4069,170.6459017
Perhexiline maleate,BA3249R,222.87349,213.5054023
Perhexiline maleate,BA3258R,215.1618,146.2613103
Perhexiline maleate,BA3260R,231.10371,199.4554239
Perhexiline maleate,BA3266R,208.43153,165.2881459
Perhexiline maleate,BA3268R,221.35225,168.748668
Perhexiline maleate,BA3275R,206.30345,63.17986185
Perhexiline maleate,BA3283R,209.87804,131.7144
Perhexiline maleate,BA3295R,209.2093,97.0724648
Perhexiline maleate,BA3300R,216.82988,274.6323803
Perhexiline maleate,BA3302R,217.86955,90.63639947
Perhexiline maleate,BA3310R,209.76477,209.2454729
Perhexiline maleate,BA3312R,218.87625,171.3234128
Perhexiline maleate,BA3325R,216.46033,254.9435499
Perhexiline maleate,BA3351R,222.31123,125.9871224
Perhexiline maleate,BA3353R,217.79526,140.1596343
Perhexiline maleate,BA3357R,222.23076,138.8255047
Perhexiline maleate,BA3375R,204.76508,142.9711909
Perhexiline maleate,BA3376R,204.28052,241.9167378
Perhexiline maleate,BA3385R,205.29956,224.0572656
Perhexiline maleate,BA3386R,200.20976,38.11531107
Perhexiline maleate,BA3388R,228.13759,89.70039661
Perhexiline maleate,BA3390R,217.26427,174.0072475
Perhexiline maleate,BA3416R,228.5993,242.0071226
Perhexiline maleate,BA3445R,215.17064,112.7143247
Perhexiline maleate,BA3452R,217.20975,173.4870694
Perhexiline maleate,BA3454R,209.14601,57.03394835
Ralimetinib (LY2228820),BA3078R,194.79716,121.4828274
Ralimetinib (LY2228820),BA3083R,198.43549,97.38216841
Ralimetinib (LY2228820),BA3087R,206.7549,255.579641
Ralimetinib (LY2228820),BA3117R,213.46347,8.09E-09
Ralimetinib (LY2228820),BA3119R,206.1588,210.9268028
Ralimetinib (LY2228820),BA3130R,219.35547,278.8639357
Ralimetinib (LY2228820),BA3137R,192.41873,195.8711189
Ralimetinib (LY2228820),BA3138R,214.16168,113.0793702
Ralimetinib (LY2228820),BA3146R,180.24387,71.63473254
Ralimetinib (LY2228820),BA3175R,209.74974,123.2715399
Ralimetinib (LY2228820),BA3182R,197.10078,107.7768985
Ralimetinib (LY2228820),BA3190R,214.72964,191.4691473
Ralimetinib (LY2228820),BA3200R,212.26906,115.8878508
Ralimetinib (LY2228820),BA3208R,205.38739,143.1640169
Ralimetinib (LY2228820),BA3219R,209.20035,153.6347836
Ralimetinib (LY2228820),BA3229R,210.3972,175.8381858
Ralimetinib (LY2228820),BA3242R,206.75818,143.0001779
Ralimetinib (LY2228820),BA3249R,215.73825,178.320155
Ralimetinib (LY2228820),BA3258R,204.35626,43.73645464
Ralimetinib (LY2228820),BA3260R,218.19131,51.33268731
Ralimetinib (LY2228820),BA3266R,196.04027,88.24535221
Ralimetinib (LY2228820),BA3268R,206.1597,159.6336791
Ralimetinib (LY2228820),BA3275R,199.78741,200.8504684
Ralimetinib (LY2228820),BA3283R,193.52832,99.1342983
Ralimetinib (LY2228820),BA3295R,196.97884,151.5471235
Ralimetinib (LY2228820),BA3300R,208.7006,160.8351383
Ralimetinib (LY2228820),BA3302R,206.66902,159.7565318
Ralimetinib (LY2228820),BA3310R,202.09393,189.6523461
Ralimetinib (LY2228820),BA3312R,209.45006,93.44488182
Ralimetinib (LY2228820),BA3325R,204.05176,201.4257121
Ralimetinib (LY2228820),BA3351R,213.00572,210.9508338
Ralimetinib (LY2228820),BA3353R,211.26212,213.1762641
Ralimetinib (LY2228820),BA3357R,212.4699,185.9437272
Ralimetinib (LY2228820),BA3369R,191.31621,133.5060595
Ralimetinib (LY2228820),BA3375R,197.9328,88.731348
Ralimetinib (LY2228820),BA3385R,190.98735,61.93762063
Ralimetinib (LY2228820),BA3386R,189.9546,196.8276594
Ralimetinib (LY2228820),BA3388R,213.23224,168.0181649
Ralimetinib (LY2228820),BA3445R,208.76282,48.49852477
Ralimetinib (LY2228820),BA3446R,196.97942,44.55006356
Ralimetinib (LY2228820),BA3452R,201.49248,50.70452868
Ralimetinib (LY2228820),BA3454R,197.23798,22.47378246
Ranolazine,BA3078R,202.94434,166.4613498
Ranolazine,BA3083R,206.64818,269.3649981
Ranolazine,BA3087R,220.41858,255.871789
Ranolazine,BA3117R,222.80434,8.09E-09
Ranolazine,BA3119R,215.24524,54.02167715
Ranolazine,BA3130R,234.5255,286.3279433
Ranolazine,BA3137R,204.30896,261.6587234
Ranolazine,BA3138R,231.95749,225.4251721
Ranolazine,BA3146R,186.32004,258.322381
Ranolazine,BA3175R,222.70135,212.3714909
Ranolazine,BA3182R,208.88531,233.662575
Ranolazine,BA3190R,230.99432,90.23743924
Ranolazine,BA3200R,223.65291,284.5438208
Ranolazine,BA3208R,214.16138,178.2201302
Ranolazine,BA3211R,198.82225,205.5378181
Ranolazine,BA3219R,220.50893,215.7292018
Ranolazine,BA3229R,225.2001,196.6972719
Ranolazine,BA3242R,217.52208,242.6097908
Ranolazine,BA3249R,228.7233,280.3776614
Ranolazine,BA3258R,218.07954,198.4748603
Ranolazine,BA3260R,235.62593,242.189281
Ranolazine,BA3266R,205.95259,173.4390189
Ranolazine,BA3268R,222.25983,241.3021887
Ranolazine,BA3275R,208.24101,196.8480791
Ranolazine,BA3283R,208.70613,219.1589341
Ranolazine,BA3295R,209.36061,212.7586571
Ranolazine,BA3300R,223.00603,255.4861184
Ranolazine,BA3302R,216.04562,224.6664525
Ranolazine,BA3310R,207.91206,169.9998684
Ranolazine,BA3312R,220.61433,234.330715
Ranolazine,BA3351R,228.13727,225.8559571
Ranolazine,BA3353R,221.12607,71.63396558
Ranolazine,BA3357R,225.28778,196.089695
Ranolazine,BA3369R,200.1526,224.1487699
Ranolazine,BA3375R,202.5719,243.1018383
Ranolazine,BA3376R,204.2777,286.3279433
Ranolazine,BA3385R,201.74536,149.0202042
Ranolazine,BA3386R,192.74026,266.526837
Ranolazine,BA3388R,231.33257,246.8030918
Ranolazine,BA3390R,219.97304,267.6514419
Ranolazine,BA3416R,235.56651,286.3279433
Ranolazine,BA3445R,219.977,57.20031854
Ranolazine,BA3446R,209.26906,265.4235175
Ranolazine,BA3452R,213.01347,244.8108714
Ranolazine,BA3454R,205.29321,8.09E-09
XMD 8-87,BA3078R,193.17378,189.817184
XMD 8-87,BA3083R,198.36496,171.0539194
XMD 8-87,BA3087R,214.07771,249.8220904
XMD 8-87,BA3117R,214.82515,158.5549388
XMD 8-87,BA3119R,205.53053,230.5046592
XMD 8-87,BA3130R,229.71571,278.271946
XMD 8-87,BA3137R,194.92361,207.4853692
XMD 8-87,BA3138R,220.52171,171.8007985
XMD 8-87,BA3146R,177.5134,165.0253447
XMD 8-87,BA3175R,213.99396,210.033145
XMD 8-87,BA3182R,197.82611,129.4819423
XMD 8-87,BA3190R,219.30957,264.9816735
XMD 8-87,BA3200R,215.55122,144.961877
XMD 8-87,BA3208R,206.72307,118.0064554
XMD 8-87,BA3211R,191.34192,98.80428936
XMD 8-87,BA3219R,211.64651,190.3886405
XMD 8-87,BA3229R,218.43053,215.6953041
XMD 8-87,BA3242R,210.1535,148.6704363
XMD 8-87,BA3249R,219.54893,159.7735021
XMD 8-87,BA3258R,207.93997,256.1236027
XMD 8-87,BA3260R,226.49988,278.5672899
XMD 8-87,BA3266R,196.4988,190.1777844
XMD 8-87,BA3268R,216.14197,228.8874745
XMD 8-87,BA3275R,201.56805,236.0136187
XMD 8-87,BA3283R,194.81583,199.8602675
XMD 8-87,BA3295R,200.29723,207.721411
XMD 8-87,BA3300R,213.51001,286.3068349
XMD 8-87,BA3302R,208.0744,231.3761189
XMD 8-87,BA3310R,197.93404,247.1198624
XMD 8-87,BA3312R,210.81575,181.2814018
XMD 8-87,BA3325R,208.19676,192.5923319
XMD 8-87,BA3351R,222.24712,255.8862369
XMD 8-87,BA3353R,211.44395,270.7170201
XMD 8-87,BA3357R,217.12393,155.8168199
XMD 8-87,BA3369R,188.15729,238.3895639
XMD 8-87,BA3375R,194.13643,262.892722
XMD 8-87,BA3385R,194.67827,206.1322901
XMD 8-87,BA3386R,188.90137,237.8228941
XMD 8-87,BA3388R,220.1317,206.8966882
XMD 8-87,BA3390R,212.19386,260.1049217
XMD 8-87,BA3416R,225.67679,101.0203214
XMD 8-87,BA3445R,210.53793,210.0440081
XMD 8-87,BA3446R,196.63107,243.7776822
XMD 8-87,BA3452R,204.68205,240.3067354
XMD 8-87,BA3454R,197.02948,242.0222086
