Column_Label,Type
Sample_ID,Id
TSPAN6,Gene_Expr
TNMD,Gene_Expr
DPM1,Gene_Expr
SCYL3,Gene_Expr
FIRRM,Gene_Expr
FGR,Gene_Expr
CFH,Gene_Expr
FUCA2,Gene_Expr
GCLC,Gene_Expr
NFYA,Gene_Expr
STPG1,Gene_Expr
NIPAL3,Gene_Expr
LAS1L,Gene_Expr
ENPP4,Gene_Expr
SEMA3F,Gene_Expr
CFTR,Gene_Expr
ANKIB1,Gene_Expr
CYP51A1,Gene_Expr
KRIT1,Gene_Expr
RAD52,Gene_Expr
BAD,Gene_Expr
LAP3,Gene_Expr
CD99,Gene_Expr
HS3ST1,Gene_Expr
AOC1,Gene_Expr
WNT16,Gene_Expr
HECW1,Gene_Expr
MAD1L1,Gene_Expr
LASP1,Gene_Expr
SNX11,Gene_Expr
TMEM176A,Gene_Expr
M6PR,Gene_Expr
KLHL13,Gene_Expr
CYP26B1,Gene_Expr
ICA1,Gene_Expr
DBNDD1,Gene_Expr
ALS2,Gene_Expr
CASP10,Gene_Expr
CFLAR,Gene_Expr
TFPI,Gene_Expr
NDUFAF7,Gene_Expr
RBM5,Gene_Expr
MTMR7,Gene_Expr
SLC7A2,Gene_Expr
ARF5,Gene_Expr
SARM1,Gene_Expr
POLDIP2,Gene_Expr
PLXND1,Gene_Expr
AK2,Gene_Expr
CD38,Gene_Expr
FKBP4,Gene_Expr
KDM1A,Gene_Expr
RBM6,Gene_Expr
CAMKK1,Gene_Expr
RECQL,Gene_Expr
VPS50,Gene_Expr
HSPB6,Gene_Expr
ARHGAP33,Gene_Expr
NDUFAB1,Gene_Expr
PDK4,Gene_Expr
SLC22A16,Gene_Expr
ZMYND10,Gene_Expr
ABCB5,Gene_Expr
SLC25A13,Gene_Expr
ST7,Gene_Expr
CDC27,Gene_Expr
SLC4A1,Gene_Expr
CALCR,Gene_Expr
HCCS,Gene_Expr
DVL2,Gene_Expr
PRSS22,Gene_Expr
UPF1,Gene_Expr
SKAP2,Gene_Expr
SLC25A5,Gene_Expr
MCUB,Gene_Expr
HOXA11,Gene_Expr
POLR2J,Gene_Expr
DHX33,Gene_Expr
MEOX1,Gene_Expr
THSD7A,Gene_Expr
LIG3,Gene_Expr
RPAP3,Gene_Expr
ACSM3,Gene_Expr
REXO5,Gene_Expr
CIAPIN1,Gene_Expr
SPPL2B,Gene_Expr
ATOSB,Gene_Expr
COPZ2,Gene_Expr
PRKAR2B,Gene_Expr
MSL3,Gene_Expr
CREBBP,Gene_Expr
TSPOAP1,Gene_Expr
MPO,Gene_Expr
PON1,Gene_Expr
GCFC2,Gene_Expr
WDR54,Gene_Expr
CROT,Gene_Expr
ABCB4,Gene_Expr
KMT2E,Gene_Expr
RHBDD2,Gene_Expr
SOX8,Gene_Expr
IBTK,Gene_Expr
ZNF195,Gene_Expr
MYCBP2,Gene_Expr
FBXL3,Gene_Expr
ITGAL,Gene_Expr
PDK2,Gene_Expr
ITGA3,Gene_Expr
ZFX,Gene_Expr
LAMP2,Gene_Expr
ITGA2B,Gene_Expr
ASB4,Gene_Expr
GDE1,Gene_Expr
REX1BD,Gene_Expr
CRLF1,Gene_Expr
OSBPL7,Gene_Expr
TMEM98,Gene_Expr
YBX2,Gene_Expr
MAP3K14,Gene_Expr
ABCC8,Gene_Expr
CACNG3,Gene_Expr
TMEM132A,Gene_Expr
AP2B1,Gene_Expr
TAC1,Gene_Expr
ZNF263,Gene_Expr
SPATA20,Gene_Expr
CACNA1G,Gene_Expr
TNFRSF12A,Gene_Expr
MAP3K9,Gene_Expr
RALA,Gene_Expr
BAIAP2L1,Gene_Expr
KDM7A,Gene_Expr
ETV1,Gene_Expr
AGK,Gene_Expr
ALDH3B1,Gene_Expr
TTC22,Gene_Expr
PHTF2,Gene_Expr
FARP2,Gene_Expr
USH1C,Gene_Expr
GGCT,Gene_Expr
DBF4,Gene_Expr
TBXA2R,Gene_Expr
IFRD1,Gene_Expr
LGALS14,Gene_Expr
COX10,Gene_Expr
GTF2IRD1,Gene_Expr
PAF1,Gene_Expr
VPS41,Gene_Expr
ARHGAP44,Gene_Expr
ELAC2,Gene_Expr
SCIN,Gene_Expr
ARSD,Gene_Expr
PNPLA4,Gene_Expr
MYH13,Gene_Expr
ADIPOR2,Gene_Expr
CDKL3,Gene_Expr
UPP2,Gene_Expr
PRSS21,Gene_Expr
MARK4,Gene_Expr
PROM1,Gene_Expr
CCDC124,Gene_Expr
CEACAM21,Gene_Expr
PAFAH1B1,Gene_Expr
NOS2,Gene_Expr
DNAH9,Gene_Expr
BLTP2,Gene_Expr
SLC13A2,Gene_Expr
GAS7,Gene_Expr
TRAPPC6A,Gene_Expr
MATK,Gene_Expr
CEACAM7,Gene_Expr
CD79B,Gene_Expr
SCN4A,Gene_Expr
ST7L,Gene_Expr
TKTL1,Gene_Expr
PAX6,Gene_Expr
RPUSD1,Gene_Expr
RHBDF1,Gene_Expr
LUC7L,Gene_Expr
CACNA2D2,Gene_Expr
BAIAP3,Gene_Expr
TSR3,Gene_Expr
PIGQ,Gene_Expr
CRAMP1,Gene_Expr
TEAD3,Gene_Expr
SELE,Gene_Expr
DNAJC11,Gene_Expr
FMO3,Gene_Expr
MYLIP,Gene_Expr
NOX1,Gene_Expr
E2F2,Gene_Expr
PSMB1,Gene_Expr
SYN1,Gene_Expr
JARID2,Gene_Expr
CDKL5,Gene_Expr
CAMK1G,Gene_Expr
CDK11A,Gene_Expr
NADK,Gene_Expr
TFAP2B,Gene_Expr
TFAP2D,Gene_Expr
DLEC1,Gene_Expr
CYTH3,Gene_Expr
ADAM22,Gene_Expr
SYPL1,Gene_Expr
CYB561,Gene_Expr
SPAG9,Gene_Expr
CELSR3,Gene_Expr
AASS,Gene_Expr
PLEKHG6,Gene_Expr
SS18L2,Gene_Expr
MPND,Gene_Expr
MGST1,Gene_Expr
CRY1,Gene_Expr
PGLYRP1,Gene_Expr
NFIX,Gene_Expr
ST3GAL1,Gene_Expr
MMP25,Gene_Expr
IL32,Gene_Expr
PKD1,Gene_Expr
MAPK8IP2,Gene_Expr
MED24,Gene_Expr
RHOBTB2,Gene_Expr
HEATR5B,Gene_Expr
SEC62,Gene_Expr
RPS20,Gene_Expr
CSDE1,Gene_Expr
UBE3C,Gene_Expr
REV3L,Gene_Expr
TENM1,Gene_Expr
PAX7,Gene_Expr
MASP2,Gene_Expr
IYD,Gene_Expr
FAM76A,Gene_Expr
TRAF3IP3,Gene_Expr
POMT2,Gene_Expr
VTA1,Gene_Expr
MLXIPL,Gene_Expr
BAZ1B,Gene_Expr
RANBP9,Gene_Expr
ETV7,Gene_Expr
SPRTN,Gene_Expr
METTL13,Gene_Expr
DYRK4,Gene_Expr
ZNF207,Gene_Expr
UQCRC1,Gene_Expr
STARD3NL,Gene_Expr
CD9,Gene_Expr
NCAPD2,Gene_Expr
IFFO1,Gene_Expr
GIPR,Gene_Expr
PHF7,Gene_Expr
SEMA3G,Gene_Expr
NISCH,Gene_Expr
STAB1,Gene_Expr
FUZ,Gene_Expr
SLC6A13,Gene_Expr
IDS,Gene_Expr
PRSS3,Gene_Expr
ZNF200,Gene_Expr
CD4,Gene_Expr
LRRC23,Gene_Expr
BTK,Gene_Expr
HFE,Gene_Expr
SCMH1,Gene_Expr
FYN,Gene_Expr
HIVEP2,Gene_Expr
FMO1,Gene_Expr
ELOA,Gene_Expr
LYPLA2,Gene_Expr
CLCN6,Gene_Expr
MRC2,Gene_Expr
NME1-NME2,Gene_Expr
SLC6A7,Gene_Expr
TSPAN9,Gene_Expr
BTBD7,Gene_Expr
APBA3,Gene_Expr
MKS1,Gene_Expr
ABHD5,Gene_Expr
ANOS1,Gene_Expr
AKAP8L,Gene_Expr
MBTD1,Gene_Expr
UTP18,Gene_Expr
RNF216,Gene_Expr
TTC19,Gene_Expr
PTBP1,Gene_Expr
DPF1,Gene_Expr
SYT7,Gene_Expr
LARS2,Gene_Expr
PIK3C2A,Gene_Expr
PLAUR,Gene_Expr
ANLN,Gene_Expr
WIZ,Gene_Expr
RABGAP1,Gene_Expr
DCN,Gene_Expr
QPCTL,Gene_Expr
PPP5C,Gene_Expr
CEP68,Gene_Expr
MAP4K3,Gene_Expr
ZBTB32,Gene_Expr
TYROBP,Gene_Expr
LDAF1,Gene_Expr
GABRA3,Gene_Expr
BRCA1,Gene_Expr
ERCC1,Gene_Expr
CD22,Gene_Expr
SEMA3B,Gene_Expr
MBTPS2,Gene_Expr
PRICKLE3,Gene_Expr
LTF,Gene_Expr
EXTL3,Gene_Expr
NR1H4,Gene_Expr
ELOVL5,Gene_Expr
ALOX5,Gene_Expr
KDM5D,Gene_Expr
CALCOCO1,Gene_Expr
UBR7,Gene_Expr
MAP4K5,Gene_Expr
EHD3,Gene_Expr
PSMC4,Gene_Expr
MAN2B2,Gene_Expr
SLC7A14,Gene_Expr
CLDN11,Gene_Expr
SLC25A39,Gene_Expr
MVP,Gene_Expr
NUB1,Gene_Expr
PGM3,Gene_Expr
RWDD2A,Gene_Expr
CLK1,Gene_Expr
POLR3B,Gene_Expr
ANGEL1,Gene_Expr
RNF14,Gene_Expr
DNASE1L1,Gene_Expr
DDX11,Gene_Expr
HEBP1,Gene_Expr
GPRC5A,Gene_Expr
MAMLD1,Gene_Expr
CD6,Gene_Expr
TACC3,Gene_Expr
UFL1,Gene_Expr
POLA2,Gene_Expr
ZC3H3,Gene_Expr
CAPN1,Gene_Expr
ACP3,Gene_Expr
MDH1,Gene_Expr
SLC30A9,Gene_Expr
MTMR11,Gene_Expr
COX15,Gene_Expr
CCDC88C,Gene_Expr
YAF2,Gene_Expr
ZMYND11,Gene_Expr
WAS,Gene_Expr
DPEP1,Gene_Expr
BID,Gene_Expr
MATR3,Gene_Expr
NPC1L1,Gene_Expr
XYLT2,Gene_Expr
RGPD5,Gene_Expr
STMN4,Gene_Expr
NUDCD3,Gene_Expr
ISL1,Gene_Expr
CHDH,Gene_Expr
IL20RA,Gene_Expr
CLCA1,Gene_Expr
CLCA4,Gene_Expr
GLT8D1,Gene_Expr
ATP2C1,Gene_Expr
IGF1,Gene_Expr
SLC38A5,Gene_Expr
RALBP1,Gene_Expr
RUFY3,Gene_Expr
CNTN1,Gene_Expr
SLC11A1,Gene_Expr
WWTR1,Gene_Expr
AGPS,Gene_Expr
STEEP1,Gene_Expr
ATP1A2,Gene_Expr
TTC27,Gene_Expr
ZNF582,Gene_Expr
VSIG2,Gene_Expr
PHLDB1,Gene_Expr
MARCO,Gene_Expr
CYP24A1,Gene_Expr
PRDM11,Gene_Expr
SYT13,Gene_Expr
SNAI2,Gene_Expr
CD74,Gene_Expr
HGF,Gene_Expr
ZRANB1,Gene_Expr
NCDN,Gene_Expr
ADGRA2,Gene_Expr
ZFP64,Gene_Expr
MNAT1,Gene_Expr
SAMD4A,Gene_Expr
RUNX3,Gene_Expr
MRE11,Gene_Expr
PLEKHB1,Gene_Expr
SERPINB1,Gene_Expr
CYP3A43,Gene_Expr
SLC7A9,Gene_Expr
SPAST,Gene_Expr
NRXN3,Gene_Expr
OSBPL5,Gene_Expr
AQR,Gene_Expr
CPS1,Gene_Expr
C8B,Gene_Expr
FHL1,Gene_Expr
RTF2,Gene_Expr
GABRA1,Gene_Expr
NLRP2,Gene_Expr
SLC45A4,Gene_Expr
RNF10,Gene_Expr
ZNF839,Gene_Expr
ZDHHC6,Gene_Expr
GRAMD1B,Gene_Expr
RNH1,Gene_Expr
NDUFS1,Gene_Expr
RB1CC1,Gene_Expr
ERP44,Gene_Expr
ALAS1,Gene_Expr
BIRC3,Gene_Expr
AKAP11,Gene_Expr
GLRX2,Gene_Expr
SNAPC1,Gene_Expr
DERA,Gene_Expr
STRAP,Gene_Expr
ABCC2,Gene_Expr
DEF6,Gene_Expr
PLEKHO1,Gene_Expr
GCLM,Gene_Expr
UBR2,Gene_Expr
EHD2,Gene_Expr
DEPDC1,Gene_Expr
CCDC28A,Gene_Expr
RRAGD,Gene_Expr
HSF2,Gene_Expr
PHF20,Gene_Expr
HSD17B6,Gene_Expr
NR1H3,Gene_Expr
TYMP,Gene_Expr
NCAPH2,Gene_Expr
TOMM34,Gene_Expr
SEC63,Gene_Expr
KPNA6,Gene_Expr
VIM,Gene_Expr
RTEL1-TNFRSF6B,Gene_Expr
FAS,Gene_Expr
RNASET2,Gene_Expr
CD44,Gene_Expr
KCNG1,Gene_Expr
AGPAT4,Gene_Expr
SLAMF7,Gene_Expr
BTN3A1,Gene_Expr
MIPEP,Gene_Expr
PRKCH,Gene_Expr
INSRR,Gene_Expr
IFNGR1,Gene_Expr
B4GALT7,Gene_Expr
SH2D2A,Gene_Expr
VRK2,Gene_Expr
TNFRSF1B,Gene_Expr
VEZT,Gene_Expr
POU2F2,Gene_Expr
BRD9,Gene_Expr
SNX1,Gene_Expr
TBPL1,Gene_Expr
BMAL2,Gene_Expr
BCLAF1,Gene_Expr
SLC39A9,Gene_Expr
ANK1,Gene_Expr
IBSP,Gene_Expr
TFB1M,Gene_Expr
RABEP1,Gene_Expr
HMGB3,Gene_Expr
NUP160,Gene_Expr
BAK1,Gene_Expr
MUSK,Gene_Expr
IKZF2,Gene_Expr
GRN,Gene_Expr
FAM13B,Gene_Expr
ARHGAP31,Gene_Expr
CENPQ,Gene_Expr
SARS1,Gene_Expr
RANBP3,Gene_Expr
ARID4A,Gene_Expr
EIPR1,Gene_Expr
PNPLA6,Gene_Expr
IFT88,Gene_Expr
ALG1,Gene_Expr
ZCCHC8,Gene_Expr
ABCF2,Gene_Expr
CHPF2,Gene_Expr
LRRC7,Gene_Expr
FUT8,Gene_Expr
UBA6,Gene_Expr
GAB2,Gene_Expr
ATP6V0A1,Gene_Expr
PIAS1,Gene_Expr
SLC4A7,Gene_Expr
APBA2,Gene_Expr
MAP2K3,Gene_Expr
CLXN,Gene_Expr
TMSB10,Gene_Expr
ASTE1,Gene_Expr
RNF19A,Gene_Expr
PEX3,Gene_Expr
GABARAPL2,Gene_Expr
MYOC,Gene_Expr
SH3YL1,Gene_Expr
FAM136A,Gene_Expr
VCL,Gene_Expr
DEPDC1B,Gene_Expr
DAPK2,Gene_Expr
NSMAF,Gene_Expr
ADSS2,Gene_Expr
STAP1,Gene_Expr
TIMP2,Gene_Expr
RFC1,Gene_Expr
TBC1D23,Gene_Expr
CUL3,Gene_Expr
MYOM2,Gene_Expr
OTC,Gene_Expr
CYP46A1,Gene_Expr
ZZZ3,Gene_Expr
SLC18A1,Gene_Expr
USP2,Gene_Expr
CASR,Gene_Expr
TUBG2,Gene_Expr
RPL26L1,Gene_Expr
FLT4,Gene_Expr
NSUN2,Gene_Expr
FBXO42,Gene_Expr
MFAP3,Gene_Expr
MRI1,Gene_Expr
METTL1,Gene_Expr
AGA,Gene_Expr
PI4K2B,Gene_Expr
BOD1L1,Gene_Expr
MAT2B,Gene_Expr
TLL1,Gene_Expr
EDC4,Gene_Expr
TRIO,Gene_Expr
VCAN,Gene_Expr
CLEC16A,Gene_Expr
MSR1,Gene_Expr
CDH1,Gene_Expr
MTREX,Gene_Expr
DNAH5,Gene_Expr
ZFYVE16,Gene_Expr
RIPOR1,Gene_Expr
C6,Gene_Expr
RAI14,Gene_Expr
SOX30,Gene_Expr
PNKP,Gene_Expr
PHLPP2,Gene_Expr
SPDL1,Gene_Expr
STAU2,Gene_Expr
SLC66A1,Gene_Expr
CTNS,Gene_Expr
RTN4R,Gene_Expr
PHF23,Gene_Expr
CDH10,Gene_Expr
INPP4A,Gene_Expr
RAB27B,Gene_Expr
PSMA4,Gene_Expr
MYO16,Gene_Expr
LSG1,Gene_Expr
PARP3,Gene_Expr
TNC,Gene_Expr
THAP3,Gene_Expr
RIPOR3,Gene_Expr
TDP1,Gene_Expr
AIFM2,Gene_Expr
SLC19A4P,Gene_Expr
SPATA7,Gene_Expr
MED17,Gene_Expr
RETSAT,Gene_Expr
CAPG,Gene_Expr
AP2S1,Gene_Expr
USH2A,Gene_Expr
ZPBP,Gene_Expr
TG,Gene_Expr
ADAM28,Gene_Expr
BARX2,Gene_Expr
DCUN1D1,Gene_Expr
JADE2,Gene_Expr
ZIC2,Gene_Expr
LCP2,Gene_Expr
TRIT1,Gene_Expr
ADRB1,Gene_Expr
CUL7,Gene_Expr
CTNNA1,Gene_Expr
PHKA2,Gene_Expr
CNTLN,Gene_Expr
EPHA3,Gene_Expr
HSPA5,Gene_Expr
DSG2,Gene_Expr
GEMIN8,Gene_Expr
OFD1,Gene_Expr
GPM6B,Gene_Expr
MAGEC2,Gene_Expr
PREX2,Gene_Expr
WDR37,Gene_Expr
YTHDC2,Gene_Expr
CTPS2,Gene_Expr
ATP6V1H,Gene_Expr
POLR2B,Gene_Expr
ATOSA,Gene_Expr
ARAP2,Gene_Expr
TPR,Gene_Expr
CP,Gene_Expr
KATNIP,Gene_Expr
DTNBP1,Gene_Expr
XK,Gene_Expr
ANO2,Gene_Expr
FERRY3,Gene_Expr
SCML1,Gene_Expr
WWC3,Gene_Expr
ARHGAP6,Gene_Expr
FAM184B,Gene_Expr
MAP4,Gene_Expr
GOPC,Gene_Expr
ROS1,Gene_Expr
USP28,Gene_Expr
HDAC9,Gene_Expr
TSPAN17,Gene_Expr
NOP16,Gene_Expr
CC2D2A,Gene_Expr
RRM2B,Gene_Expr
ZNF800,Gene_Expr
TNFRSF17,Gene_Expr
SNX29,Gene_Expr
LMO3,Gene_Expr
MRPS10,Gene_Expr
GUCA1A,Gene_Expr
RSF1,Gene_Expr
VPS13D,Gene_Expr
CELF2,Gene_Expr
FAM120A,Gene_Expr
R3HDM1,Gene_Expr
COL9A2,Gene_Expr
KITLG,Gene_Expr
ERCC8,Gene_Expr
ADAMTS6,Gene_Expr
H6PD,Gene_Expr
VAMP3,Gene_Expr
PER3,Gene_Expr
UTS2,Gene_Expr
TNFRSF9,Gene_Expr
EPN3,Gene_Expr
LTBP1,Gene_Expr
RCN1,Gene_Expr
ELN,Gene_Expr
RFC2,Gene_Expr
ARID1B,Gene_Expr
CLPTM1L,Gene_Expr
NEDD4L,Gene_Expr
FOXP3,Gene_Expr
PPP1R3F,Gene_Expr
HEXB,Gene_Expr
PTCD2,Gene_Expr
NEXMIF,Gene_Expr
JKAMP,Gene_Expr
DKK3,Gene_Expr
ARHGEF5,Gene_Expr
NFE2L3,Gene_Expr
MCUR1,Gene_Expr
LIMA1,Gene_Expr
LETMD1,Gene_Expr
SLC4A8,Gene_Expr
LAMC3,Gene_Expr
PTGER3,Gene_Expr
TNIP3,Gene_Expr
MAPK9,Gene_Expr
COL23A1,Gene_Expr
BCAR1,Gene_Expr
FHIP1B,Gene_Expr
HERPUD1,Gene_Expr
HOMER3,Gene_Expr
RAD51,Gene_Expr
POLQ,Gene_Expr
PIK3CB,Gene_Expr
CYBA,Gene_Expr
THOC3,Gene_Expr
HEBP2,Gene_Expr
MPHOSPH9,Gene_Expr
PLEKHA5,Gene_Expr
PRSS8,Gene_Expr
SIKE1,Gene_Expr
RRP12,Gene_Expr
FNIP2,Gene_Expr
MSMO1,Gene_Expr
TTC17,Gene_Expr
ALX4,Gene_Expr
FSTL4,Gene_Expr
FOXN3,Gene_Expr
METTL24,Gene_Expr
AKR7A2,Gene_Expr
MRTO4,Gene_Expr
NNAT,Gene_Expr
USE1,Gene_Expr
MCF2L2,Gene_Expr
NRIP2,Gene_Expr
LAMA3,Gene_Expr
AP5M1,Gene_Expr
ANAPC4,Gene_Expr
KCNQ1,Gene_Expr
TRAPPC3,Gene_Expr
THRAP3,Gene_Expr
PHPT1,Gene_Expr
LY75,Gene_Expr
ARID4B,Gene_Expr
OPN3,Gene_Expr
SDCCAG8,Gene_Expr
PTPRN,Gene_Expr
HHAT,Gene_Expr
KIF1B,Gene_Expr
FOXC1,Gene_Expr
TBC1D22A,Gene_Expr
SYNE2,Gene_Expr
PLEKHH1,Gene_Expr
ATP9A,Gene_Expr
SPO11,Gene_Expr
CBLN4,Gene_Expr
CHRDL2,Gene_Expr
FAM168A,Gene_Expr
RELT,Gene_Expr
GALC,Gene_Expr
NOP58,Gene_Expr
SZRD1,Gene_Expr
KCNH2,Gene_Expr
CUL1,Gene_Expr
FAM114A2,Gene_Expr
CYFIP2,Gene_Expr
TAB2,Gene_Expr
GINM1,Gene_Expr
EIF2AK2,Gene_Expr
USP36,Gene_Expr
KMT2C,Gene_Expr
MCOLN3,Gene_Expr
CCDC85A,Gene_Expr
PUM2,Gene_Expr
MRPL43,Gene_Expr
ITIH4,Gene_Expr
ITIH1,Gene_Expr
HPF1,Gene_Expr
ZFR,Gene_Expr
ZNF280C,Gene_Expr
NPFFR2,Gene_Expr
PHF21B,Gene_Expr
TRAF1,Gene_Expr
RC3H2,Gene_Expr
IL17RB,Gene_Expr
TRAF3IP2,Gene_Expr
GYG2,Gene_Expr
DCBLD2,Gene_Expr
SERPINB3,Gene_Expr
SOAT1,Gene_Expr
PKP2,Gene_Expr
MSH4,Gene_Expr
F7,Gene_Expr
GDI2,Gene_Expr
PRDM1,Gene_Expr
ATG5,Gene_Expr
TMCC3,Gene_Expr
PITHD1,Gene_Expr
MTA3,Gene_Expr
USP13,Gene_Expr
ATP11B,Gene_Expr
LAMC2,Gene_Expr
CDK14,Gene_Expr
SEC61A1,Gene_Expr
PPP1R12A,Gene_Expr
RASGRF1,Gene_Expr
CAMK2B,Gene_Expr
CROCC,Gene_Expr
POLR3E,Gene_Expr
ATP2B4,Gene_Expr
ZC3H11A,Gene_Expr
RIOK2,Gene_Expr
YIPF1,Gene_Expr
NDC1,Gene_Expr
DGKG,Gene_Expr
FLYWCH1,Gene_Expr
UNKL,Gene_Expr
TBXAS1,Gene_Expr
PARP12,Gene_Expr
ALDH18A1,Gene_Expr
TARBP1,Gene_Expr
GATB,Gene_Expr
MXD1,Gene_Expr
CDK17,Gene_Expr
DNAJC25,Gene_Expr
SLC2A3,Gene_Expr
PSD,Gene_Expr
CTDP1,Gene_Expr
YBX3,Gene_Expr
STYK1,Gene_Expr
WNK1,Gene_Expr
CCAR1,Gene_Expr
OGFR,Gene_Expr
GNA15,Gene_Expr
CREB3L3,Gene_Expr
PIGV,Gene_Expr
PTPRU,Gene_Expr
SNRNP40,Gene_Expr
RIMBP2,Gene_Expr
COL11A1,Gene_Expr
QSER1,Gene_Expr
MPC1,Gene_Expr
ACAA1,Gene_Expr
BCAT1,Gene_Expr
HDAC7,Gene_Expr
LZTS1,Gene_Expr
PRDM6,Gene_Expr
WNT8A,Gene_Expr
SPAG4,Gene_Expr
NCKAP1,Gene_Expr
MRPS35,Gene_Expr
GUCY1B1,Gene_Expr
SFSWAP,Gene_Expr
TNK2,Gene_Expr
MON2,Gene_Expr
CDH3,Gene_Expr
ARSF,Gene_Expr
GPBP1,Gene_Expr
DGAT2,Gene_Expr
ZNF112,Gene_Expr
CS,Gene_Expr
LTK,Gene_Expr
MRPS24,Gene_Expr
ELMO2,Gene_Expr
WAPL,Gene_Expr
VMP1,Gene_Expr
APPBP2,Gene_Expr
POLD1,Gene_Expr
SEZ6,Gene_Expr
EIF4B,Gene_Expr
SLC6A16,Gene_Expr
BICRA,Gene_Expr
SPHK2,Gene_Expr
RPL18,Gene_Expr
CA11,Gene_Expr
ISOC2,Gene_Expr
U2AF2,Gene_Expr
EPN1,Gene_Expr
MED29,Gene_Expr
AHRR,Gene_Expr
ZNF275,Gene_Expr
MTMR1,Gene_Expr
GPC1,Gene_Expr
ADCK1,Gene_Expr
HAGH,Gene_Expr
RNF4,Gene_Expr
CASP8,Gene_Expr
LIMCH1,Gene_Expr
INTS13,Gene_Expr
TM7SF3,Gene_Expr
DLX3,Gene_Expr
SPA17,Gene_Expr
TSPAN32,Gene_Expr
CCN5,Gene_Expr
DMRT3,Gene_Expr
ST3GAL6,Gene_Expr
ATP2C2,Gene_Expr
NGFR,Gene_Expr
CDON,Gene_Expr
TAF2,Gene_Expr
HIPK2,Gene_Expr
TNPO3,Gene_Expr
BORCS8-MEF2B,Gene_Expr
RFXANK,Gene_Expr
TMEM161A,Gene_Expr
LPAR2,Gene_Expr
CTSA,Gene_Expr
SUGP2,Gene_Expr
SLC12A2,Gene_Expr
SNX24,Gene_Expr
EYA2,Gene_Expr
CNN2,Gene_Expr
ABCA7,Gene_Expr
SNCAIP,Gene_Expr
DDX20,Gene_Expr
BTBD1,Gene_Expr
FAR2,Gene_Expr
BCAS1,Gene_Expr
POU1F1,Gene_Expr
CHI3L2,Gene_Expr
SBNO2,Gene_Expr
PMS1,Gene_Expr
HMG20B,Gene_Expr
CALCRL,Gene_Expr
TAF11,Gene_Expr
ANKS1A,Gene_Expr
AP3D1,Gene_Expr
ZNF76,Gene_Expr
NHERF2,Gene_Expr
NTHL1,Gene_Expr
BLTP3A,Gene_Expr
GNAI3,Gene_Expr
IPO5,Gene_Expr
OAT,Gene_Expr
WDR3,Gene_Expr
PKN2,Gene_Expr
WDR18,Gene_Expr
TRAM2,Gene_Expr
NTN1,Gene_Expr
GLP2R,Gene_Expr
MCM10,Gene_Expr
DGKA,Gene_Expr
ERBB3,Gene_Expr
ROPN1,Gene_Expr
ANKRD44,Gene_Expr
KARS1,Gene_Expr
ADAT1,Gene_Expr
PDIA5,Gene_Expr
TBC1D22B,Gene_Expr
NDUFB4,Gene_Expr
SPEN,Gene_Expr
MYLK,Gene_Expr
ZC3H15,Gene_Expr
MAP2K4,Gene_Expr
PACC1,Gene_Expr
SNAP91,Gene_Expr
SLK,Gene_Expr
CYB5R4,Gene_Expr
COL17A1,Gene_Expr
GSTO2,Gene_Expr
SEC61A2,Gene_Expr
PRKCQ,Gene_Expr
TLE2,Gene_Expr
ASB1,Gene_Expr
FAM107B,Gene_Expr
ME1,Gene_Expr
TBC1D1,Gene_Expr
CDK13,Gene_Expr
MTHFD2,Gene_Expr
SLC9A7,Gene_Expr
FOXJ2,Gene_Expr
YBX1,Gene_Expr
PDE4A,Gene_Expr
PPP2R5A,Gene_Expr
CTNNA2,Gene_Expr
ELAVL1,Gene_Expr
TIE1,Gene_Expr
DIP2B,Gene_Expr
SMARCD1,Gene_Expr
KDM4A,Gene_Expr
NFYC,Gene_Expr
ZMYND12,Gene_Expr
SLC9A3,Gene_Expr
NGEF,Gene_Expr
ASPM,Gene_Expr
CD84,Gene_Expr
ELOVL1,Gene_Expr
SPI1,Gene_Expr
POLR1H,Gene_Expr
MPPED2,Gene_Expr
CLDN18,Gene_Expr
ZBTB11,Gene_Expr
ATXN3,Gene_Expr
GOLGA5,Gene_Expr
FGFR2,Gene_Expr
LRRC40,Gene_Expr
ISOC1,Gene_Expr
EML1,Gene_Expr
TRMT11,Gene_Expr
THUMPD1,Gene_Expr
MSANTD3,Gene_Expr
KIF26A,Gene_Expr
ATG2B,Gene_Expr
ARFGEF1,Gene_Expr
ACSM2B,Gene_Expr
ZFAT,Gene_Expr
MTFR1,Gene_Expr
STAG3,Gene_Expr
FECH,Gene_Expr
MYO9A,Gene_Expr
DDX3Y,Gene_Expr
PFKP,Gene_Expr
IDI1,Gene_Expr
SP100,Gene_Expr
KLF6,Gene_Expr
PLPP1,Gene_Expr
NEO1,Gene_Expr
TRAM1,Gene_Expr
PHKA1,Gene_Expr
TNFRSF1A,Gene_Expr
CACNB1,Gene_Expr
EVI5,Gene_Expr
STOML1,Gene_Expr
PKM,Gene_Expr
DHX29,Gene_Expr
DNTTIP2,Gene_Expr
METTL22,Gene_Expr
TP53BP1,Gene_Expr
TRO,Gene_Expr
RRP15,Gene_Expr
RHOA,Gene_Expr
DHX8,Gene_Expr
PRKCZ,Gene_Expr
ZFY,Gene_Expr
IARS2,Gene_Expr
SYT1,Gene_Expr
NAV3,Gene_Expr
IDH3G,Gene_Expr
ROGDI,Gene_Expr
PDZD4,Gene_Expr
ATP2B3,Gene_Expr
ROCK1,Gene_Expr
CBFB,Gene_Expr
PDK3,Gene_Expr
HYAL2,Gene_Expr
HDAC4,Gene_Expr
RASSF1,Gene_Expr
FGFR3,Gene_Expr
IFI35,Gene_Expr
HEATR6,Gene_Expr
COASY,Gene_Expr
PLEKHH3,Gene_Expr
MEF2A,Gene_Expr
OTUD5,Gene_Expr
TFE3,Gene_Expr
TBC1D25,Gene_Expr
ACSL4,Gene_Expr
INPP5A,Gene_Expr
GPKOW,Gene_Expr
GRIPAP1,Gene_Expr
FTSJ1,Gene_Expr
PRR11,Gene_Expr
REEP1,Gene_Expr
ATP11A,Gene_Expr
POLR1A,Gene_Expr
LAPTM4A,Gene_Expr
TTC7A,Gene_Expr
IP6K2,Gene_Expr
STON1-GTF2A1L,Gene_Expr
SRBD1,Gene_Expr
KIF2A,Gene_Expr
RASGRP2,Gene_Expr
PSME4,Gene_Expr
IFT80,Gene_Expr
SIRT2,Gene_Expr
ERLEC1,Gene_Expr
PPP2R5B,Gene_Expr
PYGM,Gene_Expr
PITX1,Gene_Expr
TRPC7,Gene_Expr
MAST4,Gene_Expr
ADGRF5,Gene_Expr
SDK2,Gene_Expr
ADAM7,Gene_Expr
NUP133,Gene_Expr
NUCKS1,Gene_Expr
VPS35,Gene_Expr
DNAJA2,Gene_Expr
BCL3,Gene_Expr
KCNAB2,Gene_Expr
ABCC9,Gene_Expr
GAL,Gene_Expr
CLEC2D,Gene_Expr
FUNDC1,Gene_Expr
MAOB,Gene_Expr
RORA,Gene_Expr
DRD4,Gene_Expr
TGFBR3,Gene_Expr
PLA2G10,Gene_Expr
HES2,Gene_Expr
ATP1B3,Gene_Expr
NEDD4,Gene_Expr
PIGB,Gene_Expr
MAPK6,Gene_Expr
GNB5,Gene_Expr
RAB27A,Gene_Expr
HDHD5,Gene_Expr
UFD1,Gene_Expr
LRP6,Gene_Expr
GUCY2C,Gene_Expr
SCT,Gene_Expr
PHRF1,Gene_Expr
ELP1,Gene_Expr
NUCB2,Gene_Expr
PFN2,Gene_Expr
PTPN3,Gene_Expr
SPTB,Gene_Expr
DAPP1,Gene_Expr
FGF10,Gene_Expr
SLC44A1,Gene_Expr
TMEM260,Gene_Expr
SMG6,Gene_Expr
EXOC5,Gene_Expr
CLTCL1,Gene_Expr
FSTL3,Gene_Expr
DGCR2,Gene_Expr
RNF126,Gene_Expr
MNT,Gene_Expr
ZXDC,Gene_Expr
JMJD6,Gene_Expr
POLB,Gene_Expr
ST6GALNAC1,Gene_Expr
WIPI1,Gene_Expr
FRMPD1,Gene_Expr
GBA2,Gene_Expr
NDST1,Gene_Expr
ASNS,Gene_Expr
AP3M2,Gene_Expr
CNGB1,Gene_Expr
ST6GALNAC2,Gene_Expr
CHAT,Gene_Expr
PABPC1,Gene_Expr
TESK2,Gene_Expr
CFAP20,Gene_Expr
CSNK2A2,Gene_Expr
PTPN21,Gene_Expr
EIF2B3,Gene_Expr
CAMK2A,Gene_Expr
TCOF1,Gene_Expr
CDC42,Gene_Expr
OSBPL3,Gene_Expr
SLC12A3,Gene_Expr
RAD18,Gene_Expr
ATP2B1,Gene_Expr
TRPM5,Gene_Expr
NCK2,Gene_Expr
MAP4K4,Gene_Expr
MGAT4A,Gene_Expr
RPL31,Gene_Expr
WDR1,Gene_Expr
SNX13,Gene_Expr
MS4A12,Gene_Expr
ARHGAP10,Gene_Expr
RPS6KA2,Gene_Expr
ING3,Gene_Expr
VASH1,Gene_Expr
LMCD1,Gene_Expr
BUD23,Gene_Expr
SEL1L,Gene_Expr
TRIP13,Gene_Expr
ATP6AP1,Gene_Expr
TCF3,Gene_Expr
TRIB2,Gene_Expr
DAZAP1,Gene_Expr
MBD3,Gene_Expr
HLTF,Gene_Expr
FAM50A,Gene_Expr
FAM3A,Gene_Expr
CPSF1,Gene_Expr
MYO3B,Gene_Expr
CYBRD1,Gene_Expr
CDH19,Gene_Expr
PDCD2,Gene_Expr
SLC6A15,Gene_Expr
RDH11,Gene_Expr
PRKACA,Gene_Expr
ADGRL1,Gene_Expr
SPP2,Gene_Expr
ACTN1,Gene_Expr
ZFYVE26,Gene_Expr
RPS6KA6,Gene_Expr
EPN2,Gene_Expr
PTPN18,Gene_Expr
LIMS2,Gene_Expr
ASIC4,Gene_Expr
SPEG,Gene_Expr
LNX1,Gene_Expr
ALDH3A2,Gene_Expr
TFRC,Gene_Expr
SREBF1,Gene_Expr
TRPC5,Gene_Expr
AFF4,Gene_Expr
UBE2D1,Gene_Expr
PALS1,Gene_Expr
RHOBTB1,Gene_Expr
SMC1A,Gene_Expr
HSD17B10,Gene_Expr
MARK2,Gene_Expr
HMMR,Gene_Expr
CHFR,Gene_Expr
TRHDE,Gene_Expr
P4HA2,Gene_Expr
FCGR2B,Gene_Expr
NFATC3,Gene_Expr
TRNT1,Gene_Expr
ACADVL,Gene_Expr
STK10,Gene_Expr
FBXW11,Gene_Expr
ACAP1,Gene_Expr
CRMP1,Gene_Expr
EVC,Gene_Expr
DERL2,Gene_Expr
SIDT1,Gene_Expr
NDE1,Gene_Expr
IRAG1,Gene_Expr
TMEM38A,Gene_Expr
AP1M1,Gene_Expr
PVR,Gene_Expr
XRCC1,Gene_Expr
SCARB1,Gene_Expr
CYP2W1,Gene_Expr
MCM2,Gene_Expr
MOV10L1,Gene_Expr
PANX2,Gene_Expr
SELENOO,Gene_Expr
TP63,Gene_Expr
ALPK1,Gene_Expr
LLGL2,Gene_Expr
PDE8A,Gene_Expr
CLCN4,Gene_Expr
NLE1,Gene_Expr
SDHA,Gene_Expr
SMARCE1,Gene_Expr
FNDC8,Gene_Expr
GSDMB,Gene_Expr
KDM5A,Gene_Expr
ADAM11,Gene_Expr
PPP2R3A,Gene_Expr
FERMT2,Gene_Expr
ABCB11,Gene_Expr
DHRS9,Gene_Expr
CD5L,Gene_Expr
PTGS2,Gene_Expr
IGF2BP2,Gene_Expr
MAP3K13,Gene_Expr
ST6GAL1,Gene_Expr
TBX21,Gene_Expr
FRY,Gene_Expr
PICALM,Gene_Expr
NSF,Gene_Expr
GLI2,Gene_Expr
CLASP1,Gene_Expr
MRPS34,Gene_Expr
NOTCH3,Gene_Expr
CLNS1A,Gene_Expr
PPP2R2C,Gene_Expr
TEAD2,Gene_Expr
EED,Gene_Expr
CDHR2,Gene_Expr
TSG101,Gene_Expr
NCBP3,Gene_Expr
ATP2A3,Gene_Expr
CA12,Gene_Expr
MGLL,Gene_Expr
NTN4,Gene_Expr
BCS1L,Gene_Expr
NUAK1,Gene_Expr
DPP8,Gene_Expr
SLC24A1,Gene_Expr
ZNF532,Gene_Expr
SCARF1,Gene_Expr
LMAN1,Gene_Expr
HACD3,Gene_Expr
IPCEF1,Gene_Expr
ZZEF1,Gene_Expr
NOX3,Gene_Expr
ENO1,Gene_Expr
SLC12A1,Gene_Expr
MYDGF,Gene_Expr
ANO8,Gene_Expr
TUBE1,Gene_Expr
ARHGEF10L,Gene_Expr
TXK,Gene_Expr
WSCD2,Gene_Expr
KCNQ2,Gene_Expr
TACR2,Gene_Expr
ACTR6,Gene_Expr
TIPIN,Gene_Expr
SRI,Gene_Expr
EIF4G3,Gene_Expr
NUP37,Gene_Expr
SEMA3A,Gene_Expr
GTSE1,Gene_Expr
SEMA3C,Gene_Expr
TTC38,Gene_Expr
ACAT1,Gene_Expr
GRAMD4,Gene_Expr
CELSR1,Gene_Expr
WNT8B,Gene_Expr
ZNF638,Gene_Expr
SLC25A40,Gene_Expr
TIMM21,Gene_Expr
ADD2,Gene_Expr
FGF4,Gene_Expr
RASAL2,Gene_Expr
VPS9D1,Gene_Expr
ZNF37A,Gene_Expr
MARK3,Gene_Expr
SLC25A3,Gene_Expr
FNDC3B,Gene_Expr
FOSL2,Gene_Expr
CACNG4,Gene_Expr
FRYL,Gene_Expr
TMEM131,Gene_Expr
FSCN1,Gene_Expr
ACTB,Gene_Expr
MOCOS,Gene_Expr
PLD1,Gene_Expr
ATP12A,Gene_Expr
WDR62,Gene_Expr
DLG1,Gene_Expr
RAB7A,Gene_Expr
BCAP29,Gene_Expr
SEC31B,Gene_Expr
SART3,Gene_Expr
ARHGAP15,Gene_Expr
TUBA3D,Gene_Expr
PAX2,Gene_Expr
EXOSC7,Gene_Expr
KIFAP3,Gene_Expr
MKRN2,Gene_Expr
MCM6,Gene_Expr
REXO2,Gene_Expr
RBM7,Gene_Expr
RBMS2,Gene_Expr
BAZ2A,Gene_Expr
PTPN23,Gene_Expr
MLH1,Gene_Expr
UNG,Gene_Expr
FMO4,Gene_Expr
KLHL20,Gene_Expr
RGS11,Gene_Expr
SLC46A1,Gene_Expr
PLXNA2,Gene_Expr
SPAG5,Gene_Expr
ANKRD13A,Gene_Expr
TPD52,Gene_Expr
ACACB,Gene_Expr
TRAF4,Gene_Expr
PAG1,Gene_Expr
GPATCH1,Gene_Expr
ICAM3,Gene_Expr
NT5C2,Gene_Expr
MCAM,Gene_Expr
GPC4,Gene_Expr
MBNL3,Gene_Expr
CAMSAP3,Gene_Expr
RAP1GAP,Gene_Expr
XAB2,Gene_Expr
ARHGEF1,Gene_Expr
STXBP2,Gene_Expr
MAP2K7,Gene_Expr
DGKD,Gene_Expr
CTTNBP2,Gene_Expr
ACTL6B,Gene_Expr
RARB,Gene_Expr
TOP2B,Gene_Expr
TM9SF3,Gene_Expr
NFKB2,Gene_Expr
UBE2T,Gene_Expr
PPP1R12B,Gene_Expr
DNAJC10,Gene_Expr
GTF3C1,Gene_Expr
IL4R,Gene_Expr
USP33,Gene_Expr
PAK3,Gene_Expr
CAPN6,Gene_Expr
DCX,Gene_Expr
SNRPA,Gene_Expr
SPAG6,Gene_Expr
EXOSC5,Gene_Expr
DYNC1I2,Gene_Expr
APBB1IP,Gene_Expr
LRCH4,Gene_Expr
FAM76B,Gene_Expr
SIRT6,Gene_Expr
TYR,Gene_Expr
POLD3,Gene_Expr
ACTN2,Gene_Expr
CAPZB,Gene_Expr
GPR137B,Gene_Expr
NAALAD2,Gene_Expr
JADE1,Gene_Expr
SLC25A43,Gene_Expr
UBE2A,Gene_Expr
FGFR1,Gene_Expr
FKBP6,Gene_Expr
SMC1B,Gene_Expr
FBLN1,Gene_Expr
ITGA8,Gene_Expr
CST7,Gene_Expr
MAP2,Gene_Expr
PIAS2,Gene_Expr
AMPH,Gene_Expr
ARAF,Gene_Expr
MCCC1,Gene_Expr
LAMP3,Gene_Expr
FAP,Gene_Expr
NEBL,Gene_Expr
ACER3,Gene_Expr
UBE2K,Gene_Expr
PIK3C3,Gene_Expr
N4BP2,Gene_Expr
TIGAR,Gene_Expr
TULP3,Gene_Expr
SYNJ2,Gene_Expr
ADCY2,Gene_Expr
PPP2R5C,Gene_Expr
RBFOX1,Gene_Expr
GNB1,Gene_Expr
HOXA9,Gene_Expr
EDN1,Gene_Expr
MLLT10,Gene_Expr
ZCWPW1,Gene_Expr
ADCYAP1R1,Gene_Expr
FGF20,Gene_Expr
P2RY10,Gene_Expr
ITM2A,Gene_Expr
NRDC,Gene_Expr
VDAC3,Gene_Expr
PCM1,Gene_Expr
TNRC6C,Gene_Expr
CBFA2T2,Gene_Expr
BRINP1,Gene_Expr
ITCH,Gene_Expr
PKD2L2,Gene_Expr
TP53INP2,Gene_Expr
SDF4,Gene_Expr
MYH7B,Gene_Expr
BPIFB2,Gene_Expr
TP73,Gene_Expr
TOLLIP,Gene_Expr
UBE2D4,Gene_Expr
CLUL1,Gene_Expr
RUNX1T1,Gene_Expr
CDH17,Gene_Expr
THOC1,Gene_Expr
FKBP7,Gene_Expr
OSBPL6,Gene_Expr
SLC1A3,Gene_Expr
XRCC5,Gene_Expr
LXN,Gene_Expr
SP140,Gene_Expr
MKNK1,Gene_Expr
TNS1,Gene_Expr
REXO1,Gene_Expr
SAR1A,Gene_Expr
CDC14A,Gene_Expr
RAPGEF3,Gene_Expr
CEACAM1,Gene_Expr
SENP1,Gene_Expr
DUSP13B,Gene_Expr
CIC,Gene_Expr
LIPE,Gene_Expr
FDFT1,Gene_Expr
PAFAH1B3,Gene_Expr
OPHN1,Gene_Expr
AFM,Gene_Expr
KIF22,Gene_Expr
SCGN,Gene_Expr
CARMIL1,Gene_Expr
PGM1,Gene_Expr
DDX1,Gene_Expr
DNM2,Gene_Expr
EPB41L2,Gene_Expr
RIMS1,Gene_Expr
MOXD1,Gene_Expr
STX7,Gene_Expr
RABL2B,Gene_Expr
KEAP1,Gene_Expr
DDX43,Gene_Expr
PTPRH,Gene_Expr
DCT,Gene_Expr
SLC35C2,Gene_Expr
CRYBG3,Gene_Expr
EPHA6,Gene_Expr
SCTR,Gene_Expr
RFX3,Gene_Expr
RIF1,Gene_Expr
RAB21,Gene_Expr
SLC4A4,Gene_Expr
SMARCA2,Gene_Expr
SESN1,Gene_Expr
MID2,Gene_Expr
DNAAF6,Gene_Expr
COL5A3,Gene_Expr
SRCAP,Gene_Expr
PUM3,Gene_Expr
CPB2,Gene_Expr
CHRNA3,Gene_Expr
KCNN2,Gene_Expr
CNOT4,Gene_Expr
PSEN1,Gene_Expr
CPOX,Gene_Expr
CLDND1,Gene_Expr
MOK,Gene_Expr
HSP90AA1,Gene_Expr
RBL1,Gene_Expr
DLGAP4,Gene_Expr
IGSF9B,Gene_Expr
NDC80,Gene_Expr
AP4E1,Gene_Expr
RSBN1,Gene_Expr
MAGI3,Gene_Expr
CXCL2,Gene_Expr
AFP,Gene_Expr
COL4A4,Gene_Expr
TCF7,Gene_Expr
OSTM1,Gene_Expr
CDH7,Gene_Expr
IMPG2,Gene_Expr
PCNP,Gene_Expr
EXD2,Gene_Expr
ARG2,Gene_Expr
MEF2C,Gene_Expr
PTPRC,Gene_Expr
CACNA1S,Gene_Expr
PKP1,Gene_Expr
UBA5,Gene_Expr
STK17B,Gene_Expr
CDC14B,Gene_Expr
ZNF510,Gene_Expr
LRP2,Gene_Expr
ZNF506,Gene_Expr
JMJD4,Gene_Expr
DUSP12,Gene_Expr
AACS,Gene_Expr
DELE1,Gene_Expr
SLC13A1,Gene_Expr
CADPS2,Gene_Expr
PCDHB4,Gene_Expr
PCDHA6,Gene_Expr
PCDHGA2,Gene_Expr
IFT25,Gene_Expr
PHLPP1,Gene_Expr
ATP8B1,Gene_Expr
IL12RB2,Gene_Expr
SMARCD3,Gene_Expr
WDR70,Gene_Expr
FYB1,Gene_Expr
MPP4,Gene_Expr
STRADB,Gene_Expr
BZW1,Gene_Expr
PGR,Gene_Expr
C1QTNF3,Gene_Expr
ME2,Gene_Expr
C5orf22,Gene_Expr
CCNT2,Gene_Expr
FAM135A,Gene_Expr
COL19A1,Gene_Expr
EPB41L3,Gene_Expr
COBLL1,Gene_Expr
DLG3,Gene_Expr
KCNK2,Gene_Expr
SERTAD4,Gene_Expr
TRAF5,Gene_Expr
MRPL22,Gene_Expr
GEMIN5,Gene_Expr
OPRK1,Gene_Expr
NFE2L1,Gene_Expr
SEMA5B,Gene_Expr
GSK3B,Gene_Expr
ITGB5,Gene_Expr
ERC1,Gene_Expr
XPO1,Gene_Expr
RNF13,Gene_Expr
TRPM3,Gene_Expr
PALB2,Gene_Expr
DOP1A,Gene_Expr
LYRM2,Gene_Expr
BCKDHB,Gene_Expr
KAT6A,Gene_Expr
TUT7,Gene_Expr
ULK2,Gene_Expr
GRHL2,Gene_Expr
TNPO1,Gene_Expr
PLOD1,Gene_Expr
P2RX5,Gene_Expr
ITGAE,Gene_Expr
DIS3,Gene_Expr
PIBF1,Gene_Expr
TDRD3,Gene_Expr
NUFIP1,Gene_Expr
PDS5B,Gene_Expr
OXCT1,Gene_Expr
RRAGB,Gene_Expr
EPYC,Gene_Expr
CYLD,Gene_Expr
SLC27A5,Gene_Expr
ZNF324,Gene_Expr
ZNF671,Gene_Expr
ZNF416,Gene_Expr
ZNF586,Gene_Expr
ZNF446,Gene_Expr
ZNF264,Gene_Expr
RPS5,Gene_Expr
FAT1,Gene_Expr
YTHDC1,Gene_Expr
CHMP2B,Gene_Expr
SMAP2,Gene_Expr
PPIE,Gene_Expr
ZMPSTE24,Gene_Expr
STARD7,Gene_Expr
NOA1,Gene_Expr
REST,Gene_Expr
HAL,Gene_Expr
SSH1,Gene_Expr
GSTP1,Gene_Expr
APLP2,Gene_Expr
FAM234B,Gene_Expr
SLCO1A2,Gene_Expr
WBP11,Gene_Expr
EIF3I,Gene_Expr
NKAIN1,Gene_Expr
COL16A1,Gene_Expr
TXLNA,Gene_Expr
APOB,Gene_Expr
NCOA1,Gene_Expr
AGBL5,Gene_Expr
EFR3B,Gene_Expr
KIF3C,Gene_Expr
RAB10,Gene_Expr
GCKR,Gene_Expr
HADHA,Gene_Expr
MAPRE3,Gene_Expr
CAD,Gene_Expr
CD59,Gene_Expr
CD82,Gene_Expr
BCORL1,Gene_Expr
ATRX,Gene_Expr
AK6,Gene_Expr
FCN1,Gene_Expr
MYNN,Gene_Expr
MECOM,Gene_Expr
SCAMP1,Gene_Expr
PREP,Gene_Expr
HACE1,Gene_Expr
SEH1L,Gene_Expr
WDR47,Gene_Expr
WDFY1,Gene_Expr
OVGP1,Gene_Expr
SLC25A24,Gene_Expr
MAP3K4,Gene_Expr
PILRA,Gene_Expr
IGSF9,Gene_Expr
ABCB1,Gene_Expr
ZNF213,Gene_Expr
AKR1B1,Gene_Expr
CPNE3,Gene_Expr
RRN3,Gene_Expr
CTTN,Gene_Expr
WNT11,Gene_Expr
MTIF2,Gene_Expr
DDHD2,Gene_Expr
TTC39A,Gene_Expr
EPS15,Gene_Expr
ORC1,Gene_Expr
MGST2,Gene_Expr
CHERP,Gene_Expr
ATG16L1,Gene_Expr
USP40,Gene_Expr
POMGNT1,Gene_Expr
RAD54L,Gene_Expr
MAST2,Gene_Expr
DNAJA1,Gene_Expr
B4GALT1,Gene_Expr
CHMP5,Gene_Expr
NFX1,Gene_Expr
AQP6,Gene_Expr
DIMT1,Gene_Expr
IPO11,Gene_Expr
FOLH1,Gene_Expr
EIF2AK1,Gene_Expr
NME8,Gene_Expr
EPDR1,Gene_Expr
SNX10,Gene_Expr
SEPHS1,Gene_Expr
MRPL28,Gene_Expr
HBQ1,Gene_Expr
ITPKC,Gene_Expr
CEACAM6,Gene_Expr
FAT2,Gene_Expr
RBM22,Gene_Expr
TMED2,Gene_Expr
ERO1B,Gene_Expr
ZFAND6,Gene_Expr
HSD17B2,Gene_Expr
TXLNG,Gene_Expr
PPEF1,Gene_Expr
LAT2,Gene_Expr
HUWE1,Gene_Expr
ZW10,Gene_Expr
ALG9,Gene_Expr
MYBPC2,Gene_Expr
NOX4,Gene_Expr
ACOX3,Gene_Expr
MTMR2,Gene_Expr
PPP1R15A,Gene_Expr
HSD17B14,Gene_Expr
TRIP6,Gene_Expr
ACHE,Gene_Expr
FTL,Gene_Expr
SRRT,Gene_Expr
BAX,Gene_Expr
NLK,Gene_Expr
PIGS,Gene_Expr
ADAMTS2,Gene_Expr
TMPRSS11E,Gene_Expr
ATXN7L3,Gene_Expr
PGS1,Gene_Expr
PSMC5,Gene_Expr
UIMC1,Gene_Expr
CETP,Gene_Expr
MMP2,Gene_Expr
MT3,Gene_Expr
LPCAT2,Gene_Expr
GNAO1,Gene_Expr
OGFOD1,Gene_Expr
SH3BP2,Gene_Expr
NOP14,Gene_Expr
ADD1,Gene_Expr
L2HGDH,Gene_Expr
TXNDC16,Gene_Expr
RTRAF,Gene_Expr
NID2,Gene_Expr
GMCL1,Gene_Expr
SF3B2,Gene_Expr
KLHL42,Gene_Expr
GNAS,Gene_Expr
DNM1L,Gene_Expr
PTHLH,Gene_Expr
PHACTR3,Gene_Expr
ERGIC2,Gene_Expr
TFAP2C,Gene_Expr
AURKA,Gene_Expr
CASS4,Gene_Expr
PIR,Gene_Expr
AAMDC,Gene_Expr
RFX2,Gene_Expr
METTL2A,Gene_Expr
SULT2B1,Gene_Expr
ALG6,Gene_Expr
CNOT3,Gene_Expr
GP6,Gene_Expr
PTPN4,Gene_Expr
DDX18,Gene_Expr
KHSRP,Gene_Expr
GNA11,Gene_Expr
ASAP3,Gene_Expr
EDEM2,Gene_Expr
DNMT3B,Gene_Expr
REM1,Gene_Expr
TPX2,Gene_Expr
PDRG1,Gene_Expr
EPB41L1,Gene_Expr
SLC15A1,Gene_Expr
DOCK9,Gene_Expr
ANKRD10,Gene_Expr
TGDS,Gene_Expr
DOCK3,Gene_Expr
C3orf18,Gene_Expr
COQ9,Gene_Expr
TMEM40,Gene_Expr
KIF9,Gene_Expr
ARHGAP28,Gene_Expr
CRLS1,Gene_Expr
DEFB127,Gene_Expr
PPP1R13B,Gene_Expr
ATRN,Gene_Expr
SMOX,Gene_Expr
SIGLEC1,Gene_Expr
FKBP1A,Gene_Expr
NSFL1C,Gene_Expr
SLC4A11,Gene_Expr
DNAAF9,Gene_Expr
ZNF343,Gene_Expr
EBF4,Gene_Expr
CPXM1,Gene_Expr
MAVS,Gene_Expr
LZTS3,Gene_Expr
F11,Gene_Expr
XRN2,Gene_Expr
KIZ,Gene_Expr
DYNLL1,Gene_Expr
TESC,Gene_Expr
SNX5,Gene_Expr
RPL6,Gene_Expr
SIRPG,Gene_Expr
MAPKAPK5,Gene_Expr
P2RX7,Gene_Expr
ESF1,Gene_Expr
RBBP9,Gene_Expr
ANAPC5,Gene_Expr
SLC23A2,Gene_Expr
SLC8B1,Gene_Expr
TMEM230,Gene_Expr
DZANK1,Gene_Expr
KDM2B,Gene_Expr
CFAP61,Gene_Expr
TASP1,Gene_Expr
OAS1,Gene_Expr
GCN1,Gene_Expr
RPLP0,Gene_Expr
PXN,Gene_Expr
SIRT4,Gene_Expr
RPH3A,Gene_Expr
KIF16B,Gene_Expr
TRMT6,Gene_Expr
CHGB,Gene_Expr
PEBP1,Gene_Expr
TBX5,Gene_Expr
BRAP,Gene_Expr
ERP29,Gene_Expr
NOS1,Gene_Expr
FUS,Gene_Expr
IGBP1,Gene_Expr
FXYD5,Gene_Expr
ZNF302,Gene_Expr
GRAMD1A,Gene_Expr
FXYD3,Gene_Expr
HEPH,Gene_Expr
CDIP1,Gene_Expr
CMTM1,Gene_Expr
KCNH4,Gene_Expr
GANAB,Gene_Expr
GMIP,Gene_Expr
RBM41,Gene_Expr
BIRC5,Gene_Expr
LAG3,Gene_Expr
MLF2,Gene_Expr
OTUB2,Gene_Expr
DDX24,Gene_Expr
ZBTB25,Gene_Expr
NECAP1,Gene_Expr
ARHGAP4,Gene_Expr
ANKRD24,Gene_Expr
DHX32,Gene_Expr
RCOR1,Gene_Expr
GPATCH2L,Gene_Expr
LTBP4,Gene_Expr
BLVRB,Gene_Expr
SLC9A1,Gene_Expr
SPTLC1,Gene_Expr
PAPOLA,Gene_Expr
CCNK,Gene_Expr
PCBP4,Gene_Expr
RGS1,Gene_Expr
YPEL3,Gene_Expr
MRPS33,Gene_Expr
NDUFB2,Gene_Expr
NUDC,Gene_Expr
MAEA,Gene_Expr
ICAM1,Gene_Expr
STRN4,Gene_Expr
IRAK3,Gene_Expr
LYZ,Gene_Expr
SI,Gene_Expr
MUL1,Gene_Expr
TFAP4,Gene_Expr
PDCD7,Gene_Expr
SPG21,Gene_Expr
FETUB,Gene_Expr
DNAJB11,Gene_Expr
P3H2,Gene_Expr
CHRD,Gene_Expr
FLT3LG,Gene_Expr
RAB11FIP3,Gene_Expr
GNPTG,Gene_Expr
ZNF268,Gene_Expr
GOLGA3,Gene_Expr
PABPC4,Gene_Expr
CD209,Gene_Expr
CERS4,Gene_Expr
MCOLN1,Gene_Expr
USP48,Gene_Expr
EFNB1,Gene_Expr
PDPR,Gene_Expr
AARS1,Gene_Expr
GLG1,Gene_Expr
KIF4A,Gene_Expr
TNRC6A,Gene_Expr
PLEKHG2,Gene_Expr
DLL3,Gene_Expr
NAT14,Gene_Expr
PITPNM2,Gene_Expr
EXOC1,Gene_Expr
RBM27,Gene_Expr
OSBPL8,Gene_Expr
DTX2,Gene_Expr
NLRC4,Gene_Expr
PUS7,Gene_Expr
LAMB4,Gene_Expr
NRCAM,Gene_Expr
LAMB1,Gene_Expr
SLC26A4,Gene_Expr
SLC26A3,Gene_Expr
DLD,Gene_Expr
WDR7,Gene_Expr
TXNL1,Gene_Expr
IL5RA,Gene_Expr
ABCC6,Gene_Expr
CMTM6,Gene_Expr
ITGA6,Gene_Expr
RAPGEF4,Gene_Expr
MAP3K20,Gene_Expr
FH,Gene_Expr
SEL1L3,Gene_Expr
TF,Gene_Expr
CDV3,Gene_Expr
MYO15A,Gene_Expr
ALKBH5,Gene_Expr
APOH,Gene_Expr
NLRP1,Gene_Expr
PITPNM3,Gene_Expr
SPAG7,Gene_Expr
ORC6,Gene_Expr
ZFHX4,Gene_Expr
SLC17A6,Gene_Expr
ZC3HC1,Gene_Expr
ESR1,Gene_Expr
RGS17,Gene_Expr
ANGPT2,Gene_Expr
TMEM101,Gene_Expr
CD200,Gene_Expr
CCDC80,Gene_Expr
PSME1,Gene_Expr
PPP2R3C,Gene_Expr
HAUS4,Gene_Expr
JPH4,Gene_Expr
MYH7,Gene_Expr
CEBPE,Gene_Expr
SLC7A8,Gene_Expr
OSGEP,Gene_Expr
SLC22A17,Gene_Expr
RNF31,Gene_Expr
SCFD1,Gene_Expr
G2E3,Gene_Expr
HECTD1,Gene_Expr
HNRNPC,Gene_Expr
RPGRIP1,Gene_Expr
SUPT16H,Gene_Expr
TOX4,Gene_Expr
GEMIN2,Gene_Expr
TGM1,Gene_Expr
TINF2,Gene_Expr
DAZL,Gene_Expr
TBL1Y,Gene_Expr
SEMA6A,Gene_Expr
TRPM7,Gene_Expr
TYRO3,Gene_Expr
WDR76,Gene_Expr
CAPN3,Gene_Expr
SNAP23,Gene_Expr
TBX15,Gene_Expr
PHGDH,Gene_Expr
COL9A3,Gene_Expr
EZR,Gene_Expr
MYL6,Gene_Expr
AGO1,Gene_Expr
TEKT2,Gene_Expr
CLSPN,Gene_Expr
RFFL,Gene_Expr
UNC13D,Gene_Expr
MFSD11,Gene_Expr
DPYSL2,Gene_Expr
TGFB2,Gene_Expr
GPATCH2,Gene_Expr
NUP50,Gene_Expr
CDC45,Gene_Expr
COMT,Gene_Expr
ADA2,Gene_Expr
VNN3P,Gene_Expr
ECHDC1,Gene_Expr
LRRFIP2,Gene_Expr
SEC22C,Gene_Expr
XYLB,Gene_Expr
HDAC6,Gene_Expr
OR1I1,Gene_Expr
GABRP,Gene_Expr
CDC6,Gene_Expr
UPRT,Gene_Expr
CDC23,Gene_Expr
AAAS,Gene_Expr
CBX5,Gene_Expr
FMO2,Gene_Expr
SUCO,Gene_Expr
MSH2,Gene_Expr
MAP3K1,Gene_Expr
DHPS,Gene_Expr
HOOK2,Gene_Expr
NXPE1,Gene_Expr
ARCN1,Gene_Expr
EPB41L4B,Gene_Expr
TMEM38B,Gene_Expr
PSMD5,Gene_Expr
PTGS1,Gene_Expr
NUP188,Gene_Expr
CRAT,Gene_Expr
SH2D3C,Gene_Expr
NANS,Gene_Expr
TBC1D2,Gene_Expr
WHRN,Gene_Expr
PDE6C,Gene_Expr
CWF19L1,Gene_Expr
SEMA4G,Gene_Expr
BTAF1,Gene_Expr
IKZF5,Gene_Expr
BLNK,Gene_Expr
TLL2,Gene_Expr
CYP26A1,Gene_Expr
TDRD1,Gene_Expr
SORBS1,Gene_Expr
CRTAC1,Gene_Expr
BAMBI,Gene_Expr
IL11,Gene_Expr
MYO3A,Gene_Expr
WAC,Gene_Expr
CREM,Gene_Expr
NUBP2,Gene_Expr
TPSD1,Gene_Expr
SMIM24,Gene_Expr
HIVEP1,Gene_Expr
TREM2,Gene_Expr
KCNK16,Gene_Expr
CRISP3,Gene_Expr
FKBP5,Gene_Expr
SRPK1,Gene_Expr
BRPF3,Gene_Expr
MRPS18A,Gene_Expr
PGC,Gene_Expr
TMEM14A,Gene_Expr
EFHC1,Gene_Expr
NCR2,Gene_Expr
HSP90AB1,Gene_Expr
CDC5L,Gene_Expr
ITPR3,Gene_Expr
ZNF184,Gene_Expr
DSP,Gene_Expr
SIRT1,Gene_Expr
HNRNPH3,Gene_Expr
IFT74,Gene_Expr
JAK2,Gene_Expr
IL12RB1,Gene_Expr
ABL1,Gene_Expr
ACOT7,Gene_Expr
SH3GLB1,Gene_Expr
CDC7,Gene_Expr
SYDE2,Gene_Expr
PCSK5,Gene_Expr
SCD,Gene_Expr
TMED1,Gene_Expr
ABLIM1,Gene_Expr
ERMP1,Gene_Expr
RAB18,Gene_Expr
NRP1,Gene_Expr
PRTFDC1,Gene_Expr
PALMD,Gene_Expr
TSPAN15,Gene_Expr
MACROH2A2,Gene_Expr
WASHC2A,Gene_Expr
MAST3,Gene_Expr
MZF1,Gene_Expr
OCEL1,Gene_Expr
MYO9B,Gene_Expr
KCNK6,Gene_Expr
CATSPERG,Gene_Expr
PSMD8,Gene_Expr
FBXL19,Gene_Expr
STX1B,Gene_Expr
HSD3B7,Gene_Expr
SETD1A,Gene_Expr
BCL7C,Gene_Expr
MAGEB2,Gene_Expr
CIRBP,Gene_Expr
ATP5F1D,Gene_Expr
CBARP,Gene_Expr
IGFALS,Gene_Expr
HNRNPM,Gene_Expr
MARCHF2,Gene_Expr
NDUFB7,Gene_Expr
TECR,Gene_Expr
TIMM13,Gene_Expr
CDC34,Gene_Expr
MTAP,Gene_Expr
MISP,Gene_Expr
CEP170B,Gene_Expr
POLR2E,Gene_Expr
POLRMT,Gene_Expr
HCN2,Gene_Expr
CDHR5,Gene_Expr
IZUMO4,Gene_Expr
RASSF7,Gene_Expr
GADD45B,Gene_Expr
PALM,Gene_Expr
MKNK2,Gene_Expr
ARVCF,Gene_Expr
TRMT2A,Gene_Expr
RANBP1,Gene_Expr
ZDHHC8,Gene_Expr
KLHL22,Gene_Expr
MED15,Gene_Expr
SERPIND1,Gene_Expr
SNAP29,Gene_Expr
CRKL,Gene_Expr
LZTR1,Gene_Expr
MMP11,Gene_Expr
CECR2,Gene_Expr
SMARCB1,Gene_Expr
P2RX6,Gene_Expr
DERL3,Gene_Expr
BCL2L13,Gene_Expr
DDTL,Gene_Expr
DDT,Gene_Expr
OSM,Gene_Expr
CABIN1,Gene_Expr
TBC1D10A,Gene_Expr
SUSD2,Gene_Expr
SF3A1,Gene_Expr
GGT5,Gene_Expr
RNF215,Gene_Expr
SEC14L2,Gene_Expr
SEC14L3,Gene_Expr
SPECC1L,Gene_Expr
PPIL2,Gene_Expr
UPB1,Gene_Expr
YPEL1,Gene_Expr
SNRPD3,Gene_Expr
PES1,Gene_Expr
MAPK1,Gene_Expr
GGT1,Gene_Expr
PRODH,Gene_Expr
PPM1F,Gene_Expr
SLC35E4,Gene_Expr
TOP3B,Gene_Expr
CYTH4,Gene_Expr
ESS2,Gene_Expr
MFNG,Gene_Expr
CARD10,Gene_Expr
LRP5L,Gene_Expr
SLC25A1,Gene_Expr
GRK3,Gene_Expr
PLA2G3,Gene_Expr
LGALS2,Gene_Expr
GGA1,Gene_Expr
HIRA,Gene_Expr
SH3BP1,Gene_Expr
SEZ6L,Gene_Expr
LGALS1,Gene_Expr
HPS4,Gene_Expr
PIK3IP1,Gene_Expr
SRRD,Gene_Expr
PATZ1,Gene_Expr
TRIOBP,Gene_Expr
TFIP11,Gene_Expr
GCAT,Gene_Expr
CRYBB1,Gene_Expr
ANKRD54,Gene_Expr
EIF3L,Gene_Expr
SNU13,Gene_Expr
MICALL1,Gene_Expr
POLR2F,Gene_Expr
SOX10,Gene_Expr
CCDC134,Gene_Expr
DEPDC5,Gene_Expr
PICK1,Gene_Expr
TTC28,Gene_Expr
SLC16A8,Gene_Expr
CENPM,Gene_Expr
SEPTIN3,Gene_Expr
SLC5A1,Gene_Expr
SLC5A4,Gene_Expr
KDELR3,Gene_Expr
CYP2D6,Gene_Expr
DDX17,Gene_Expr
DMC1,Gene_Expr
TCF20,Gene_Expr
HSCB,Gene_Expr
CBY1,Gene_Expr
TOMM22,Gene_Expr
RSPH14,Gene_Expr
XBP1,Gene_Expr
RTCB,Gene_Expr
JOSD1,Gene_Expr
FBXO7,Gene_Expr
GTPBP1,Gene_Expr
POLDIP3,Gene_Expr
RAB36,Gene_Expr
TIMP3,Gene_Expr
PPP6R2,Gene_Expr
SBF1,Gene_Expr
SUN2,Gene_Expr
CYB5R3,Gene_Expr
DNAL4,Gene_Expr
LMF2,Gene_Expr
RHBDD3,Gene_Expr
PACSIN2,Gene_Expr
TTLL1,Gene_Expr
RASL10A,Gene_Expr
AP1B1,Gene_Expr
HMGXB4,Gene_Expr
TOM1,Gene_Expr
NEFH,Gene_Expr
CHKB,Gene_Expr
BIK,Gene_Expr
HMOX1,Gene_Expr
MCAT,Gene_Expr
THOC5,Gene_Expr
MCM5,Gene_Expr
APOBEC3H,Gene_Expr
ARSA,Gene_Expr
TSPO,Gene_Expr
RASD2,Gene_Expr
TTLL12,Gene_Expr
CBX7,Gene_Expr
PDGFB,Gene_Expr
ACR,Gene_Expr
CABP7,Gene_Expr
RPL3,Gene_Expr
ZMAT5,Gene_Expr
RBFOX2,Gene_Expr
SYNGR1,Gene_Expr
TAB1,Gene_Expr
ASCC2,Gene_Expr
MTMR3,Gene_Expr
MIEF1,Gene_Expr
APOL4,Gene_Expr
APOL1,Gene_Expr
PNPLA3,Gene_Expr
MYH9,Gene_Expr
CACNA1I,Gene_Expr
SAMM50,Gene_Expr
TXN2,Gene_Expr
FOXRED2,Gene_Expr
GRAP2,Gene_Expr
EIF3D,Gene_Expr
TNRC6B,Gene_Expr
SGSM3,Gene_Expr
IFT27,Gene_Expr
PVALB,Gene_Expr
KIAA0930,Gene_Expr
NCF4,Gene_Expr
CSF2RB,Gene_Expr
SLC25A17,Gene_Expr
UPK3A,Gene_Expr
FAM118A,Gene_Expr
KCTD17,Gene_Expr
ST13,Gene_Expr
IL2RB,Gene_Expr
RBX1,Gene_Expr
EP300,Gene_Expr
L3MBTL2,Gene_Expr
CHADL,Gene_Expr
RANGAP1,Gene_Expr
ZC3H7B,Gene_Expr
PHF5A,Gene_Expr
ACO2,Gene_Expr
POLR3H,Gene_Expr
TRMU,Gene_Expr
PMM1,Gene_Expr
DESI1,Gene_Expr
CERK,Gene_Expr
BRD1,Gene_Expr
ZBED4,Gene_Expr
MLC1,Gene_Expr
HDAC10,Gene_Expr
KCNK10,Gene_Expr
ABHD4,Gene_Expr
KHNYN,Gene_Expr
FKBP3,Gene_Expr
SDR39U1,Gene_Expr
CTSG,Gene_Expr
GZMH,Gene_Expr
GZMB,Gene_Expr
RBM23,Gene_Expr
PRMT5,Gene_Expr
COCH,Gene_Expr
AP4S1,Gene_Expr
POLE2,Gene_Expr
VCPKMT,Gene_Expr
SOS2,Gene_Expr
CDKL1,Gene_Expr
NIN,Gene_Expr
PYGL,Gene_Expr
TRIM9,Gene_Expr
PSMC6,Gene_Expr
GNPNAT1,Gene_Expr
DDHD1,Gene_Expr
CDKN3,Gene_Expr
CNIH1,Gene_Expr
CGRRF1,Gene_Expr
ATP6V1D,Gene_Expr
CCDC198,Gene_Expr
PLEK2,Gene_Expr
PIGH,Gene_Expr
LRRC74A,Gene_Expr
PSMA3,Gene_Expr
VTI1B,Gene_Expr
TIMM9,Gene_Expr
GSTZ1,Gene_Expr
KIAA0586,Gene_Expr
TMED8,Gene_Expr
SAMD15,Gene_Expr
AHSA1,Gene_Expr
DAAM1,Gene_Expr
ISM2,Gene_Expr
SPTLC2,Gene_Expr
RIN3,Gene_Expr
LGMN,Gene_Expr
ALKBH1,Gene_Expr
SNW1,Gene_Expr
CHGA,Gene_Expr
ITPK1,Gene_Expr
DHRS7,Gene_Expr
PPM1A,Gene_Expr
SIX4,Gene_Expr
GALNT16,Gene_Expr
ASB2,Gene_Expr
CEP128,Gene_Expr
ERH,Gene_Expr
HIF1A,Gene_Expr
SUSD6,Gene_Expr
SRSF5,Gene_Expr
SLC10A1,Gene_Expr
EIF5,Gene_Expr
SLC8A3,Gene_Expr
DICER1,Gene_Expr
ZFYVE21,Gene_Expr
MTHFD1,Gene_Expr
TCL1A,Gene_Expr
ZC3H14,Gene_Expr
TELO2,Gene_Expr
PCNX1,Gene_Expr
BDKRB1,Gene_Expr
GSKIP,Gene_Expr
VRK1,Gene_Expr
PSMC1,Gene_Expr
PAPLN,Gene_Expr
RPS6KA5,Gene_Expr
PPP4R3A,Gene_Expr
C14orf93,Gene_Expr
PSMB5,Gene_Expr
YY1,Gene_Expr
ACIN1,Gene_Expr
CCNB1IP1,Gene_Expr
TRIP11,Gene_Expr
APEX1,Gene_Expr
PABPN1,Gene_Expr
EFS,Gene_Expr
ARHGAP5,Gene_Expr
CINP,Gene_Expr
DHRS2,Gene_Expr
SRP54,Gene_Expr
CPNE6,Gene_Expr
CHD8,Gene_Expr
PCK2,Gene_Expr
PRORP,Gene_Expr
DCAF11,Gene_Expr
PSMA6,Gene_Expr
NFKBIA,Gene_Expr
EMC9,Gene_Expr
PSME2,Gene_Expr
BRMS1L,Gene_Expr
REC8,Gene_Expr
TM9SF1,Gene_Expr
SEC23A,Gene_Expr
GMPR2,Gene_Expr
PNN,Gene_Expr
RABGGTA,Gene_Expr
NFATC4,Gene_Expr
PLTP,Gene_Expr
PCIF1,Gene_Expr
GSS,Gene_Expr
MMP9,Gene_Expr
VSX1,Gene_Expr
TRPC4AP,Gene_Expr
PYGB,Gene_Expr
ABHD12,Gene_Expr
PROCR,Gene_Expr
GINS1,Gene_Expr
NINL,Gene_Expr
CD40,Gene_Expr
UQCC1,Gene_Expr
ZMYND8,Gene_Expr
SGK2,Gene_Expr
IFT52,Gene_Expr
MYBL2,Gene_Expr
HNF4A,Gene_Expr
NDRG3,Gene_Expr
SLA2,Gene_Expr
RAB5IF,Gene_Expr
NFATC2,Gene_Expr
RIMS4,Gene_Expr
PABPC1L,Gene_Expr
STK4,Gene_Expr
SALL4,Gene_Expr
ADNP,Gene_Expr
PFDN4,Gene_Expr
DOK5,Gene_Expr
CSTF1,Gene_Expr
BMP7,Gene_Expr
RAE1,Gene_Expr
TPD52L2,Gene_Expr
DNAJC5,Gene_Expr
NELFCD,Gene_Expr
CTSZ,Gene_Expr
PRPF6,Gene_Expr
TUBB1,Gene_Expr
PRELID3B,Gene_Expr
MTG2,Gene_Expr
PSMA7,Gene_Expr
SLCO4A1,Gene_Expr
NTSR1,Gene_Expr
MRGBP,Gene_Expr
TCFL5,Gene_Expr
DIDO1,Gene_Expr
GID8,Gene_Expr
SLC17A9,Gene_Expr
BIRC7,Gene_Expr
NKAIN4,Gene_Expr
ARFGAP1,Gene_Expr
AVP,Gene_Expr
COL20A1,Gene_Expr
CHRNA4,Gene_Expr
EEF1A2,Gene_Expr
PTK6,Gene_Expr
GMEB2,Gene_Expr
ADISSP,Gene_Expr
CDC25B,Gene_Expr
ISM1,Gene_Expr
RNF24,Gene_Expr
ARFRP1,Gene_Expr
NDUFAF5,Gene_Expr
SEL1L2,Gene_Expr
TRIB3,Gene_Expr
RASSF2,Gene_Expr
CSNK2A1,Gene_Expr
SLC52A3,Gene_Expr
ANGPT4,Gene_Expr
CDS2,Gene_Expr
PROKR2,Gene_Expr
HM13,Gene_Expr
SNPH,Gene_Expr
MYLK2,Gene_Expr
SIRPB1,Gene_Expr
SEC23B,Gene_Expr
FERMT1,Gene_Expr
HAO1,Gene_Expr
PDYN,Gene_Expr
PLCB4,Gene_Expr
MYL9,Gene_Expr
HCK,Gene_Expr
TM9SF4,Gene_Expr
TLDC2,Gene_Expr
CRNKL1,Gene_Expr
POFUT1,Gene_Expr
SAMHD1,Gene_Expr
PAK5,Gene_Expr
KIF3B,Gene_Expr
MROH8,Gene_Expr
NOP56,Gene_Expr
MANBAL,Gene_Expr
IDH3B,Gene_Expr
MAPRE1,Gene_Expr
JAG1,Gene_Expr
CDK5RAP1,Gene_Expr
SNTA1,Gene_Expr
OXT,Gene_Expr
TTI1,Gene_Expr
E2F1,Gene_Expr
RPRD1B,Gene_Expr
PXMP4,Gene_Expr
CHMP4B,Gene_Expr
BPI,Gene_Expr
SLC32A1,Gene_Expr
CST3,Gene_Expr
ACTR5,Gene_Expr
AHCY,Gene_Expr
PPP1R16B,Gene_Expr
FAM83D,Gene_Expr
EPPIN,Gene_Expr
DHX35,Gene_Expr
DNTTIP1,Gene_Expr
MAP1LC3A,Gene_Expr
SYNDIG1,Gene_Expr
PIGU,Gene_Expr
TNNC2,Gene_Expr
ACOT8,Gene_Expr
APMAP,Gene_Expr
CELF4,Gene_Expr
ZNF516,Gene_Expr
CDH20,Gene_Expr
ADNP2,Gene_Expr
RBFA,Gene_Expr
USP14,Gene_Expr
VAPA,Gene_Expr
METTL4,Gene_Expr
LPIN2,Gene_Expr
SMCHD1,Gene_Expr
MYOM1,Gene_Expr
MYL12A,Gene_Expr
CEP76,Gene_Expr
ST8SIA5,Gene_Expr
CEP192,Gene_Expr
RNMT,Gene_Expr
SMAD7,Gene_Expr
LIPG,Gene_Expr
LAMA1,Gene_Expr
RNF125,Gene_Expr
ANKRD12,Gene_Expr
NOL4,Gene_Expr
POLI,Gene_Expr
MIB1,Gene_Expr
RBBP8,Gene_Expr
RIOK3,Gene_Expr
CSTF2,Gene_Expr
MXRA5,Gene_Expr
VSIG1,Gene_Expr
PSMD10,Gene_Expr
ATG4A,Gene_Expr
STS,Gene_Expr
TBL1X,Gene_Expr
GPR143,Gene_Expr
PGRMC1,Gene_Expr
POLA1,Gene_Expr
MID1,Gene_Expr
NKAP,Gene_Expr
NXT2,Gene_Expr
GUCY2F,Gene_Expr
ATP1B4,Gene_Expr
ALG13,Gene_Expr
PRPS2,Gene_Expr
TLR8,Gene_Expr
MOSPD1,Gene_Expr
AMMECR1,Gene_Expr
CHRDL1,Gene_Expr
WDR13,Gene_Expr
SUV39H1,Gene_Expr
PAGE4,Gene_Expr
SRPX,Gene_Expr
GLRA2,Gene_Expr
XIAP,Gene_Expr
STAG2,Gene_Expr
ATP11C,Gene_Expr
MCF2,Gene_Expr
F9,Gene_Expr
ABCD1,Gene_Expr
CCDC22,Gene_Expr
CACNA1F,Gene_Expr
SYP,Gene_Expr
PLP2,Gene_Expr
BMX,Gene_Expr
PLS3,Gene_Expr
NAA10,Gene_Expr
RENBP,Gene_Expr
ELF4,Gene_Expr
SMARCA1,Gene_Expr
MTMR8,Gene_Expr
ASB9,Gene_Expr
ZC3H12B,Gene_Expr
RBBP7,Gene_Expr
KCND1,Gene_Expr
SLC25A14,Gene_Expr
FMR1,Gene_Expr
PIM2,Gene_Expr
SCML2,Gene_Expr
SLC35A2,Gene_Expr
PQBP1,Gene_Expr
PCSK1N,Gene_Expr
EMD,Gene_Expr
TAFAZZIN,Gene_Expr
RAB40AL,Gene_Expr
PGK1,Gene_Expr
GATA1,Gene_Expr
MAGT1,Gene_Expr
SMS,Gene_Expr
PHEX,Gene_Expr
UBL4A,Gene_Expr
CD99L2,Gene_Expr
EEA1,Gene_Expr
GPR50,Gene_Expr
RP2,Gene_Expr
JADE3,Gene_Expr
CDK16,Gene_Expr
USP11,Gene_Expr
PCYT1B,Gene_Expr
BRS3,Gene_Expr
HTATSF1,Gene_Expr
VGLL1,Gene_Expr
CD40LG,Gene_Expr
TIMP1,Gene_Expr
KLHL4,Gene_Expr
GABRE,Gene_Expr
PCDH11X,Gene_Expr
FGD1,Gene_Expr
PIN4,Gene_Expr
PORCN,Gene_Expr
ITIH6,Gene_Expr
MAGED2,Gene_Expr
RBM3,Gene_Expr
KLF8,Gene_Expr
SRPX2,Gene_Expr
SYTL4,Gene_Expr
ZDHHC15,Gene_Expr
CENPI,Gene_Expr
DRP2,Gene_Expr
TAF7L,Gene_Expr
PBDC1,Gene_Expr
GLA,Gene_Expr
ARMCX3,Gene_Expr
BEX4,Gene_Expr
RUBCNL,Gene_Expr
NALCN,Gene_Expr
FGF14,Gene_Expr
HTR2A,Gene_Expr
NDFIP2,Gene_Expr
TNFSF13B,Gene_Expr
FNDC3A,Gene_Expr
MLNR,Gene_Expr
CDADC1,Gene_Expr
CAB39L,Gene_Expr
KLF5,Gene_Expr
STK24,Gene_Expr
ACP5,Gene_Expr
DNAJC3,Gene_Expr
UGGT2,Gene_Expr
ARHGEF7,Gene_Expr
FGF9,Gene_Expr
SGCG,Gene_Expr
PARP4,Gene_Expr
SUPT20H,Gene_Expr
MRPS31,Gene_Expr
SLC25A15,Gene_Expr
KPNA3,Gene_Expr
FLT1,Gene_Expr
RGCC,Gene_Expr
VWA8,Gene_Expr
DGKH,Gene_Expr
KATNAL1,Gene_Expr
INTS6,Gene_Expr
ACOD1,Gene_Expr
DHRS12,Gene_Expr
MEDAG,Gene_Expr
TSC22D1,Gene_Expr
CLN5,Gene_Expr
OLFM4,Gene_Expr
MSLN,Gene_Expr
MGRN1,Gene_Expr
ZNF629,Gene_Expr
TRADD,Gene_Expr
HSF4,Gene_Expr
CORO1A,Gene_Expr
MAPK3,Gene_Expr
GDPD3,Gene_Expr
ELMO3,Gene_Expr
PHKB,Gene_Expr
LYRM1,Gene_Expr
NUTF2,Gene_Expr
NUP93,Gene_Expr
CENPT,Gene_Expr
TSNAXIP1,Gene_Expr
NFAT5,Gene_Expr
LONP2,Gene_Expr
N4BP1,Gene_Expr
ARL2BP,Gene_Expr
PLLP,Gene_Expr
ZNF423,Gene_Expr
CCL22,Gene_Expr
DHODH,Gene_Expr
CCL17,Gene_Expr
CTCF,Gene_Expr
ACD,Gene_Expr
POLR2C,Gene_Expr
PARD6A,Gene_Expr
ZNF821,Gene_Expr
MMP15,Gene_Expr
USB1,Gene_Expr
CYB5B,Gene_Expr
CFAP263,Gene_Expr
PRSS54,Gene_Expr
NME3,Gene_Expr
NDRG4,Gene_Expr
PSMD7,Gene_Expr
SETD6,Gene_Expr
SLC38A7,Gene_Expr
VAC14,Gene_Expr
HAS3,Gene_Expr
TANGO6,Gene_Expr
COG4,Gene_Expr
SMPD3,Gene_Expr
SLC7A6OS,Gene_Expr
SLC7A6,Gene_Expr
PLA2G15,Gene_Expr
ESRP2,Gene_Expr
FA2H,Gene_Expr
WDR59,Gene_Expr
MON1B,Gene_Expr
CMC2,Gene_Expr
AXIN1,Gene_Expr
HCFC1R1,Gene_Expr
NPRL3,Gene_Expr
MLYCD,Gene_Expr
MPG,Gene_Expr
NECAB2,Gene_Expr
HSDL1,Gene_Expr
TAF1C,Gene_Expr
NAGPA,Gene_Expr
WFDC1,Gene_Expr
SEC14L5,Gene_Expr
COTL1,Gene_Expr
USP10,Gene_Expr
CRISPLD2,Gene_Expr
TSC2,Gene_Expr
ZNF500,Gene_Expr
NME4,Gene_Expr
ABCC1,Gene_Expr
NOMO3,Gene_Expr
LMF1,Gene_Expr
FOXF1,Gene_Expr
CIAO3,Gene_Expr
MTHFSD,Gene_Expr
CLCN7,Gene_Expr
HAGHL,Gene_Expr
ANTKMT,Gene_Expr
SLC7A5,Gene_Expr
METRN,Gene_Expr
FBXO31,Gene_Expr
STUB1,Gene_Expr
RHBDL1,Gene_Expr
NUBP1,Gene_Expr
UBE2I,Gene_Expr
ZP2,Gene_Expr
MEFV,Gene_Expr
CRYM,Gene_Expr
EEF2K,Gene_Expr
CAPN15,Gene_Expr
PIEZO1,Gene_Expr
GSPT1,Gene_Expr
ZNF174,Gene_Expr
CLUAP1,Gene_Expr
UBFD1,Gene_Expr
PRSS33,Gene_Expr
EARS2,Gene_Expr
ELOB,Gene_Expr
GGA2,Gene_Expr
CPPED1,Gene_Expr
USP31,Gene_Expr
HMOX2,Gene_Expr
DNAJA3,Gene_Expr
CORO7-PAM16,Gene_Expr
BFAR,Gene_Expr
SALL1,Gene_Expr
TOX3,Gene_Expr
RBL2,Gene_Expr
QPRT,Gene_Expr
XYLT1,Gene_Expr
PYCARD,Gene_Expr
RPGRIP1L,Gene_Expr
MAZ,Gene_Expr
STX4,Gene_Expr
CDIPT,Gene_Expr
BCKDK,Gene_Expr
KAT8,Gene_Expr
NOMO1,Gene_Expr
IL21R,Gene_Expr
SYT17,Gene_Expr
TMC5,Gene_Expr
CCP110,Gene_Expr
VPS35L,Gene_Expr
SLC6A2,Gene_Expr
RNF40,Gene_Expr
KNOP1,Gene_Expr
AQP9,Gene_Expr
AAGAB,Gene_Expr
IQCH,Gene_Expr
LACTB,Gene_Expr
CORO2B,Gene_Expr
CSK,Gene_Expr
HERC1,Gene_Expr
TRIP4,Gene_Expr
MTFMT,Gene_Expr
AP3B2,Gene_Expr
ACSBG1,Gene_Expr
IGDCC4,Gene_Expr
RAB11A,Gene_Expr
CTSH,Gene_Expr
TTC23,Gene_Expr
CD276,Gene_Expr
FAH,Gene_Expr
CEMIP,Gene_Expr
RPAP1,Gene_Expr
HOMER2,Gene_Expr
EHD4,Gene_Expr
TMEM87A,Gene_Expr
ZNF106,Gene_Expr
CEP152,Gene_Expr
ATP8B4,Gene_Expr
OCA2,Gene_Expr
DTWD1,Gene_Expr
TGM5,Gene_Expr
ENTREP2,Gene_Expr
GABPB1,Gene_Expr
TJP1,Gene_Expr
BMF,Gene_Expr
DMXL2,Gene_Expr
SCG3,Gene_Expr
DNAJC17,Gene_Expr
EIF3J,Gene_Expr
SPG11,Gene_Expr
RHOV,Gene_Expr
VPS18,Gene_Expr
OIP5,Gene_Expr
SLC30A4,Gene_Expr
BLOC1S6,Gene_Expr
MYEF2,Gene_Expr
SGK3,Gene_Expr
PDGFRL,Gene_Expr
CSPP1,Gene_Expr
ZDHHC2,Gene_Expr
BRF2,Gene_Expr
TRIM35,Gene_Expr
ZFAND1,Gene_Expr
RP1,Gene_Expr
CA2,Gene_Expr
FZD3,Gene_Expr
INTS9,Gene_Expr
RIPK2,Gene_Expr
EYA1,Gene_Expr
NBN,Gene_Expr
TRPA1,Gene_Expr
CPQ,Gene_Expr
DECR1,Gene_Expr
CALB1,Gene_Expr
BPNT2,Gene_Expr
SFRP1,Gene_Expr
LAPTM4B,Gene_Expr
UBE2W,Gene_Expr
POP1,Gene_Expr
NIPAL2,Gene_Expr
IKBKB,Gene_Expr
PLAT,Gene_Expr
JPH1,Gene_Expr
STK3,Gene_Expr
GDAP1,Gene_Expr
RAB2A,Gene_Expr
EIF3E,Gene_Expr
EMC2,Gene_Expr
ESRP1,Gene_Expr
CCN4,Gene_Expr
NDRG1,Gene_Expr
ZC2HC1A,Gene_Expr
IL7,Gene_Expr
STMN2,Gene_Expr
ARMC1,Gene_Expr
TRPS1,Gene_Expr
SPAG1,Gene_Expr
CHRAC1,Gene_Expr
NCALD,Gene_Expr
SNX16,Gene_Expr
UBR5,Gene_Expr
GSDMD,Gene_Expr
GFUS,Gene_Expr
PYCR3,Gene_Expr
EEF1D,Gene_Expr
ANXA13,Gene_Expr
SQLE,Gene_Expr
SH2D4A,Gene_Expr
INTS10,Gene_Expr
ERI1,Gene_Expr
SLC39A14,Gene_Expr
MTMR9,Gene_Expr
LEPROTL1,Gene_Expr
DCTN6,Gene_Expr
R3HCC1,Gene_Expr
GSR,Gene_Expr
TNFRSF10A,Gene_Expr
UBXN8,Gene_Expr
PPP2CB,Gene_Expr
ERICH1,Gene_Expr
NEFM,Gene_Expr
TUSC3,Gene_Expr
ARHGEF10,Gene_Expr
KLHDC4,Gene_Expr
MCM4,Gene_Expr
ADAM2,Gene_Expr
KCTD9,Gene_Expr
FGL1,Gene_Expr
ASAH1,Gene_Expr
BNIP3L,Gene_Expr
MAN2B1,Gene_Expr
KCNN4,Gene_Expr
TULP2,Gene_Expr
NUCB1,Gene_Expr
GYS1,Gene_Expr
MAP4K1,Gene_Expr
ECH1,Gene_Expr
HNRNPL,Gene_Expr
NFKBIB,Gene_Expr
LHB,Gene_Expr
TUBB4A,Gene_Expr
SARS2,Gene_Expr
KCNA7,Gene_Expr
SNRNP70,Gene_Expr
CLPTM1,Gene_Expr
RELB,Gene_Expr
CLASRP,Gene_Expr
LIN7B,Gene_Expr
PPP1R37,Gene_Expr
FCGRT,Gene_Expr
PIH1D1,Gene_Expr
CKM,Gene_Expr
ARHGEF18,Gene_Expr
PPP1R13L,Gene_Expr
PEX11G,Gene_Expr
ERCC2,Gene_Expr
DOT1L,Gene_Expr
PLEKHJ1,Gene_Expr
SLC17A7,Gene_Expr
RNASEH2A,Gene_Expr
KLC3,Gene_Expr
CD37,Gene_Expr
SF3A2,Gene_Expr
AMH,Gene_Expr
LYL1,Gene_Expr
OAZ1,Gene_Expr
TRMT1,Gene_Expr
STX10,Gene_Expr
RETN,Gene_Expr
FCER2,Gene_Expr
DMPK,Gene_Expr
CLEC4M,Gene_Expr
RSPH6A,Gene_Expr
TBC1D17,Gene_Expr
IL4I1,Gene_Expr
TLE6,Gene_Expr
YJU2B,Gene_Expr
PTOV1,Gene_Expr
TLE5,Gene_Expr
NOVA2,Gene_Expr
SGTA,Gene_Expr
KIR3DX1,Gene_Expr
LILRB1,Gene_Expr
MED25,Gene_Expr
LILRA1,Gene_Expr
SNAPC2,Gene_Expr
C19orf53,Gene_Expr
TIMM44,Gene_Expr
CCDC61,Gene_Expr
IL27RA,Gene_Expr
ASF1B,Gene_Expr
TNNT1,Gene_Expr
VRK3,Gene_Expr
FAM32A,Gene_Expr
PPP6R1,Gene_Expr
C19orf44,Gene_Expr
MED26,Gene_Expr
OLFM2,Gene_Expr
RASAL3,Gene_Expr
AKAP8,Gene_Expr
EPHX3,Gene_Expr
ILVBL,Gene_Expr
ZNF419,Gene_Expr
SYDE1,Gene_Expr
CASP14,Gene_Expr
SLC1A6,Gene_Expr
AURKC,Gene_Expr
POP4,Gene_Expr
CCNE1,Gene_Expr
URI1,Gene_Expr
PDCD5,Gene_Expr
ANKRD27,Gene_Expr
RPS16,Gene_Expr
TIMM50,Gene_Expr
FBL,Gene_Expr
DYRK1B,Gene_Expr
CLC,Gene_Expr
GPI,Gene_Expr
AKT2,Gene_Expr
PLD3,Gene_Expr
PRX,Gene_Expr
PIAS4,Gene_Expr
NUMBL,Gene_Expr
EBI3,Gene_Expr
YJU2,Gene_Expr
SHD,Gene_Expr
TBCB,Gene_Expr
FSD1,Gene_Expr
POLR2I,Gene_Expr
CLIP3,Gene_Expr
ZFR2,Gene_Expr
SLC1A5,Gene_Expr
PRKD2,Gene_Expr
TJP3,Gene_Expr
APLP1,Gene_Expr
CACTIN,Gene_Expr
CCDC9,Gene_Expr
HNRNPUL1,Gene_Expr
FZR1,Gene_Expr
BBC3,Gene_Expr
TGFB1,Gene_Expr
DENND3,Gene_Expr
DMAC2,Gene_Expr
CEACAM4,Gene_Expr
PLIN3,Gene_Expr
MYH14,Gene_Expr
MRPL4,Gene_Expr
SIGLEC8,Gene_Expr
CD79A,Gene_Expr
ICAM4,Gene_Expr
RPS19,Gene_Expr
NOP53,Gene_Expr
NKG7,Gene_Expr
ICAM5,Gene_Expr
ETFB,Gene_Expr
CD33,Gene_Expr
CEACAM5,Gene_Expr
CRX,Gene_Expr
BABAM1,Gene_Expr
TYK2,Gene_Expr
SULT2A1,Gene_Expr
CDC37,Gene_Expr
NAPA,Gene_Expr
RABAC1,Gene_Expr
ATP1A3,Gene_Expr
MEIS3,Gene_Expr
PTPRS,Gene_Expr
CNFN,Gene_Expr
MEGF8,Gene_Expr
KDELR1,Gene_Expr
CYTH2,Gene_Expr
GRWD1,Gene_Expr
GRIN2D,Gene_Expr
CLEC11A,Gene_Expr
ODAD1,Gene_Expr
CARD8,Gene_Expr
LIG1,Gene_Expr
SIGLEC6,Gene_Expr
ZNF175,Gene_Expr
PLA2G4C,Gene_Expr
SIGLEC5,Gene_Expr
CABP5,Gene_Expr
HAS1,Gene_Expr
RAB3D,Gene_Expr
DBP,Gene_Expr
TMEM205,Gene_Expr
CAPS,Gene_Expr
PLPPR2,Gene_Expr
FAM83E,Gene_Expr
RASIP1,Gene_Expr
BCAT2,Gene_Expr
MIER2,Gene_Expr
PLEKHA4,Gene_Expr
PPP2R1A,Gene_Expr
TNPO2,Gene_Expr
WDR83OS,Gene_Expr
GCDH,Gene_Expr
LILRB5,Gene_Expr
KLF1,Gene_Expr
DNASE2,Gene_Expr
MAST1,Gene_Expr
LENG1,Gene_Expr
PRPF31,Gene_Expr
TFPT,Gene_Expr
JAK3,Gene_Expr
RPL18A,Gene_Expr
SLC5A5,Gene_Expr
KCNN1,Gene_Expr
ARRDC2,Gene_Expr
PIK3R2,Gene_Expr
RAB3A,Gene_Expr
PDE4C,Gene_Expr
ISYNA1,Gene_Expr
ELL,Gene_Expr
CRTC1,Gene_Expr
COMP,Gene_Expr
UPK1A,Gene_Expr
COPE,Gene_Expr
DDX49,Gene_Expr
ETV2,Gene_Expr
ATP4A,Gene_Expr
ARMC6,Gene_Expr
TMEM147,Gene_Expr
GAPDHS,Gene_Expr
MAG,Gene_Expr
HAMP,Gene_Expr
USF2,Gene_Expr
LSR,Gene_Expr
KXD1,Gene_Expr
FKBP8,Gene_Expr
SUGP1,Gene_Expr
HPN,Gene_Expr
ZNF14,Gene_Expr
SCN1B,Gene_Expr
PBX4,Gene_Expr
ERF,Gene_Expr
GSK3A,Gene_Expr
ATP13A1,Gene_Expr
ZNF574,Gene_Expr
GRIK5,Gene_Expr
SIPA1L3,Gene_Expr
ZNF85,Gene_Expr
ETHE1,Gene_Expr
CADM4,Gene_Expr
SMG9,Gene_Expr
AVL9,Gene_Expr
RUNDC3B,Gene_Expr
CFAP69,Gene_Expr
GTPBP10,Gene_Expr
RASA4,Gene_Expr
CDK6,Gene_Expr
PMPCB,Gene_Expr
DNAJC2,Gene_Expr
TFPI2,Gene_Expr
BET1,Gene_Expr
NAMPT,Gene_Expr
POLR1F,Gene_Expr
PIK3CG,Gene_Expr
PON3,Gene_Expr
PON2,Gene_Expr
ITGB8,Gene_Expr
HBP1,Gene_Expr
DUS4L,Gene_Expr
SP4,Gene_Expr
WDR91,Gene_Expr
DNAH11,Gene_Expr
CBLL1,Gene_Expr
DLX5,Gene_Expr
MTPN,Gene_Expr
STEAP1B,Gene_Expr
PTN,Gene_Expr
PALS2,Gene_Expr
GSDME,Gene_Expr
ATP6V0A4,Gene_Expr
ZC3HAV1,Gene_Expr
IFT56,Gene_Expr
OGDH,Gene_Expr
NPVF,Gene_Expr
ADAP1,Gene_Expr
TFEC,Gene_Expr
H2AZ2,Gene_Expr
CAV2,Gene_Expr
CAV1,Gene_Expr
MET,Gene_Expr
RNF32,Gene_Expr
LMBR1,Gene_Expr
WNT2,Gene_Expr
HOXA1,Gene_Expr
DNAJB6,Gene_Expr
HOXA2,Gene_Expr
HOXA3,Gene_Expr
LFNG,Gene_Expr
HOXA5,Gene_Expr
HOXA6,Gene_Expr
BRAT1,Gene_Expr
IQCE,Gene_Expr
ANKRD7,Gene_Expr
VIPR2,Gene_Expr
TSPAN12,Gene_Expr
SSBP1,Gene_Expr
HOXA13,Gene_Expr
CPED1,Gene_Expr
EVX1,Gene_Expr
HIBADH,Gene_Expr
TAX1BP1,Gene_Expr
CPVL,Gene_Expr
CHN2,Gene_Expr
GRB10,Gene_Expr
ABHD11,Gene_Expr
COBL,Gene_Expr
FKBP14,Gene_Expr
PLEKHA8,Gene_Expr
STX1A,Gene_Expr
NOD1,Gene_Expr
GARS1,Gene_Expr
CRHR2,Gene_Expr
EPHB6,Gene_Expr
MINDY4,Gene_Expr
GHRHR,Gene_Expr
CASP2,Gene_Expr
CHCHD2,Gene_Expr
HSPB1,Gene_Expr
NPTX2,Gene_Expr
PDAP1,Gene_Expr
BUD31,Gene_Expr
PTCD1,Gene_Expr
CYP3A5,Gene_Expr
ZKSCAN1,Gene_Expr
EIF3B,Gene_Expr
SNX8,Gene_Expr
NUDT1,Gene_Expr
PTPRZ1,Gene_Expr
TAF6,Gene_Expr
WASL,Gene_Expr
HYAL4,Gene_Expr
SPAM1,Gene_Expr
AIMP2,Gene_Expr
TFR2,Gene_Expr
FSCN3,Gene_Expr
MOSPD3,Gene_Expr
PAX4,Gene_Expr
PCOLCE,Gene_Expr
FBXO24,Gene_Expr
PPP1R17,Gene_Expr
RBM28,Gene_Expr
USP42,Gene_Expr
IMPDH1,Gene_Expr
AGFG2,Gene_Expr
LSM5,Gene_Expr
SERPINE1,Gene_Expr
AP1S1,Gene_Expr
C1GALT1,Gene_Expr
PLOD3,Gene_Expr
RPA3,Gene_Expr
ZNHIT1,Gene_Expr
CLDN15,Gene_Expr
NOBOX,Gene_Expr
GLCCI1,Gene_Expr
MYL10,Gene_Expr
PHF14,Gene_Expr
NRF1,Gene_Expr
TMEM106B,Gene_Expr
EZH2,Gene_Expr
CEP41,Gene_Expr
ZNF862,Gene_Expr
SFRP4,Gene_Expr
MEST,Gene_Expr
MEOX2,Gene_Expr
ANKMY2,Gene_Expr
ACTR3C,Gene_Expr
POU6F2,Gene_Expr
TSPAN13,Gene_Expr
RARRES2,Gene_Expr
AGR2,Gene_Expr
AHR,Gene_Expr
CHCHD3,Gene_Expr
GIMAP2,Gene_Expr
TMEM176B,Gene_Expr
GLI3,Gene_Expr
PSMA2,Gene_Expr
MRPL32,Gene_Expr
COA1,Gene_Expr
BLVRA,Gene_Expr
URGCP,Gene_Expr
TMEM248,Gene_Expr
RHEB,Gene_Expr
PRKAG2,Gene_Expr
AEBP1,Gene_Expr
POLD2,Gene_Expr
GCK,Gene_Expr
BCL7B,Gene_Expr
YKT6,Gene_Expr
TBL2,Gene_Expr
GALNTL5,Gene_Expr
CLIP2,Gene_Expr
EIF4H,Gene_Expr
LIMK1,Gene_Expr
SPATA6L,Gene_Expr
SLC1A1,Gene_Expr
FKTN,Gene_Expr
FSD1L,Gene_Expr
CNTNAP3,Gene_Expr
SPIN1,Gene_Expr
NMRK1,Gene_Expr
TMEM245,Gene_Expr
PRUNE2,Gene_Expr
MEGF9,Gene_Expr
TRIM14,Gene_Expr
CORO2A,Gene_Expr
TGFBR1,Gene_Expr
SEC61B,Gene_Expr
C5,Gene_Expr
OGN,Gene_Expr
ASPN,Gene_Expr
ECM2,Gene_Expr
TLE4,Gene_Expr
LHX6,Gene_Expr
PTGR1,Gene_Expr
SUSD1,Gene_Expr
AKNA,Gene_Expr
TNFSF8,Gene_Expr
DNM1,Gene_Expr
ENG,Gene_Expr
AK1,Gene_Expr
CDC37L1,Gene_Expr
RLN1,Gene_Expr
PLGRKT,Gene_Expr
TBC1D13,Gene_Expr
RIC1,Gene_Expr
KDM4C,Gene_Expr
DOCK8,Gene_Expr
KANK1,Gene_Expr
ELAVL2,Gene_Expr
NCS1,Gene_Expr
TESK1,Gene_Expr
KCNT1,Gene_Expr
FUBP3,Gene_Expr
TYRP1,Gene_Expr
CREB3,Gene_Expr
RGP1,Gene_Expr
MPDZ,Gene_Expr
LHX3,Gene_Expr
RIGI,Gene_Expr
EDF1,Gene_Expr
PIP5K1B,Gene_Expr
GLIS3,Gene_Expr
BAG1,Gene_Expr
RAPGEF1,Gene_Expr
NPDC1,Gene_Expr
APBA1,Gene_Expr
SETX,Gene_Expr
SH3GL2,Gene_Expr
PTGDS,Gene_Expr
ABCA2,Gene_Expr
SHB,Gene_Expr
UBE2R2,Gene_Expr
ABHD17B,Gene_Expr
EXOSC3,Gene_Expr
ZFAND5,Gene_Expr
DVL1,Gene_Expr
PDLIM1,Gene_Expr
CCNJ,Gene_Expr
DNTT,Gene_Expr
GATA3,Gene_Expr
ATRNL1,Gene_Expr
HPS1,Gene_Expr
PHYH,Gene_Expr
RASSF4,Gene_Expr
DNMBP,Gene_Expr
RAB11FIP2,Gene_Expr
CXCL12,Gene_Expr
ERLIN1,Gene_Expr
EIF3A,Gene_Expr
PKD2L1,Gene_Expr
CUBN,Gene_Expr
TRDMT1,Gene_Expr
DDX50,Gene_Expr
MAPK8,Gene_Expr
SEC23IP,Gene_Expr
ATE1,Gene_Expr
NSMCE4A,Gene_Expr
PLEKHA1,Gene_Expr
PALD1,Gene_Expr
UNC5B,Gene_Expr
CDH23,Gene_Expr
VSIR,Gene_Expr
SPOCK2,Gene_Expr
MICU1,Gene_Expr
PPP3CB,Gene_Expr
CCSER2,Gene_Expr
BMPR1A,Gene_Expr
MINPP1,Gene_Expr
ACTA2,Gene_Expr
LIPA,Gene_Expr
TLX1,Gene_Expr
TWNK,Gene_Expr
LZTS2,Gene_Expr
SFXN3,Gene_Expr
KAZALD1,Gene_Expr
FBXW4,Gene_Expr
NPM3,Gene_Expr
TNKS2,Gene_Expr
GBF1,Gene_Expr
ARHGAP21,Gene_Expr
CPEB3,Gene_Expr
FBXL15,Gene_Expr
CUEDC2,Gene_Expr
SUFU,Gene_Expr
ANKRD26,Gene_Expr
ACBD5,Gene_Expr
LHPP,Gene_Expr
LARP4B,Gene_Expr
GTPBP4,Gene_Expr
EDRF1,Gene_Expr
BCCIP,Gene_Expr
MTPAP,Gene_Expr
NEURL1,Gene_Expr
SH3PXD2A,Gene_Expr
PITRM1,Gene_Expr
STN1,Gene_Expr
MAP3K8,Gene_Expr
DKK1,Gene_Expr
EBF3,Gene_Expr
GLRX3,Gene_Expr
SORCS1,Gene_Expr
TASOR2,Gene_Expr
XPNPEP1,Gene_Expr
SMC3,Gene_Expr
SHOC2,Gene_Expr
TFAM,Gene_Expr
CCDC6,Gene_Expr
CUL2,Gene_Expr
CCNY,Gene_Expr
UBE2S,Gene_Expr
RPL28,Gene_Expr
ZMIZ1,Gene_Expr
DNAJC12,Gene_Expr
PPIF,Gene_Expr
PBLD,Gene_Expr
TSPAN14,Gene_Expr
LGI1,Gene_Expr
TBC1D12,Gene_Expr
CYP2C18,Gene_Expr
KRT23,Gene_Expr
CRYBA1,Gene_Expr
NUFIP2,Gene_Expr
GIT1,Gene_Expr
RPL19,Gene_Expr
FBXL20,Gene_Expr
RUNDC3A,Gene_Expr
UBTF,Gene_Expr
CSF3,Gene_Expr
PSMD3,Gene_Expr
CASC3,Gene_Expr
RAPGEFL1,Gene_Expr
RGS9,Gene_Expr
RNF43,Gene_Expr
WNT3,Gene_Expr
ASPA,Gene_Expr
RAD51C,Gene_Expr
SEPTIN4,Gene_Expr
MTMR4,Gene_Expr
TRIM37,Gene_Expr
P2RX1,Gene_Expr
DHX40,Gene_Expr
TUBD1,Gene_Expr
KPNB1,Gene_Expr
GOSR2,Gene_Expr
PNPO,Gene_Expr
RPS6KB1,Gene_Expr
TRIM16L,Gene_Expr
CDK5RAP3,Gene_Expr
CBX1,Gene_Expr
RECQL5,Gene_Expr
PIGL,Gene_Expr
GALK1,Gene_Expr
INTS2,Gene_Expr
CAMTA2,Gene_Expr
MED13,Gene_Expr
HOXB6,Gene_Expr
ENO3,Gene_Expr
PFN1,Gene_Expr
RNF167,Gene_Expr
SLC25A11,Gene_Expr
RASD1,Gene_Expr
CHRNE,Gene_Expr
RAI1,Gene_Expr
NUP88,Gene_Expr
C1QBP,Gene_Expr
SLC6A4,Gene_Expr
BLMH,Gene_Expr
CPD,Gene_Expr
GOSR1,Gene_Expr
CCDC47,Gene_Expr
MED31,Gene_Expr
DRG2,Gene_Expr
FTSJ3,Gene_Expr
AKAP10,Gene_Expr
ALDH3A1,Gene_Expr
SMARCD2,Gene_Expr
ICAM2,Gene_Expr
SYNGR2,Gene_Expr
B9D1,Gene_Expr
UTP6,Gene_Expr
DDX5,Gene_Expr
C17orf75,Gene_Expr
CYTH1,Gene_Expr
PSMD11,Gene_Expr
LGALS3BP,Gene_Expr
ASIC2,Gene_Expr
CCL7,Gene_Expr
CCL2,Gene_Expr
CCL8,Gene_Expr
CCL1,Gene_Expr
PEX12,Gene_Expr
KRT32,Gene_Expr
DHX58,Gene_Expr
KAT2A,Gene_Expr
RAB5C,Gene_Expr
NAGLU,Gene_Expr
HSD17B1,Gene_Expr
MLX,Gene_Expr
CNTNAP1,Gene_Expr
ABI3,Gene_Expr
EZH1,Gene_Expr
DLX4,Gene_Expr
PPP1R9B,Gene_Expr
COL1A1,Gene_Expr
PTGES3L-AARSD1,Gene_Expr
MRPL27,Gene_Expr
VAT1,Gene_Expr
LRRC59,Gene_Expr
RND2,Gene_Expr
ALOX12,Gene_Expr
HDAC5,Gene_Expr
ABCC3,Gene_Expr
LUC7L3,Gene_Expr
MPP2,Gene_Expr
SMURF2,Gene_Expr
DUSP3,Gene_Expr
EFTUD2,Gene_Expr
HLF,Gene_Expr
SLC16A6,Gene_Expr
PRKAR1A,Gene_Expr
EFNB3,Gene_Expr
FAM20A,Gene_Expr
YWHAE,Gene_Expr
MMD,Gene_Expr
RANGRF,Gene_Expr
DPH1,Gene_Expr
MAP2K6,Gene_Expr
DHRS7B,Gene_Expr
WSB1,Gene_Expr
RCVRN,Gene_Expr
MYH1,Gene_Expr
NHERF1,Gene_Expr
MYH3,Gene_Expr
NAT9,Gene_Expr
TMEM104,Gene_Expr
VTN,Gene_Expr
TNFAIP1,Gene_Expr
IFT20,Gene_Expr
TMEM97,Gene_Expr
CDR2L,Gene_Expr
PMP22,Gene_Expr
FOXN1,Gene_Expr
UNC119,Gene_Expr
ALDOC,Gene_Expr
SUPT6H,Gene_Expr
RAB34,Gene_Expr
PHF12,Gene_Expr
TMEM33,Gene_Expr
GABRA4,Gene_Expr
GNRHR,Gene_Expr
SLAIN2,Gene_Expr
OCIAD1,Gene_Expr
UGT2B10,Gene_Expr
CWH43,Gene_Expr
DCUN1D4,Gene_Expr
USP46,Gene_Expr
SULT1E1,Gene_Expr
ODAM,Gene_Expr
CHIC2,Gene_Expr
NMU,Gene_Expr
CRACD,Gene_Expr
LAMTOR3,Gene_Expr
PF4V1,Gene_Expr
NFKB1,Gene_Expr
AREG,Gene_Expr
MANBA,Gene_Expr
UBE2D3,Gene_Expr
MAPK10,Gene_Expr
ELF2,Gene_Expr
NDUFC1,Gene_Expr
UCP1,Gene_Expr
TBC1D9,Gene_Expr
ZNF330,Gene_Expr
INPP4B,Gene_Expr
GAB1,Gene_Expr
KLHL2,Gene_Expr
IL2,Gene_Expr
CPE,Gene_Expr
RPL34,Gene_Expr
WFS1,Gene_Expr
ANXA10,Gene_Expr
GRPEL1,Gene_Expr
GAR1,Gene_Expr
FRG1,Gene_Expr
CLCN3,Gene_Expr
AADAT,Gene_Expr
GALNT7,Gene_Expr
DHX15,Gene_Expr
SOD3,Gene_Expr
SEPSECS,Gene_Expr
CPZ,Gene_Expr
TRIM2,Gene_Expr
SLC2A9,Gene_Expr
FBXW7,Gene_Expr
NEIL3,Gene_Expr
TBC1D19,Gene_Expr
CLNK,Gene_Expr
NSD2,Gene_Expr
SH3D19,Gene_Expr
STIM2,Gene_Expr
NKX3-2,Gene_Expr
MFSD10,Gene_Expr
GLRB,Gene_Expr
BST1,Gene_Expr
RAPGEF2,Gene_Expr
HGFAC,Gene_Expr
SNX25,Gene_Expr
LRP2BP,Gene_Expr
UFSP2,Gene_Expr
KLF3,Gene_Expr
KLHL5,Gene_Expr
FAM149A,Gene_Expr
NCAPG,Gene_Expr
UGDH,Gene_Expr
PPARGC1A,Gene_Expr
DDX25,Gene_Expr
CRYAB,Gene_Expr
HTATIP2,Gene_Expr
CTSC,Gene_Expr
CCDC34,Gene_Expr
ZBTB16,Gene_Expr
ELP4,Gene_Expr
ZPR1,Gene_Expr
MTCH2,Gene_Expr
FNBP4,Gene_Expr
TECTA,Gene_Expr
SC5D,Gene_Expr
CRTAM,Gene_Expr
JHY,Gene_Expr
B3GAT1,Gene_Expr
HSPA8,Gene_Expr
VWA5A,Gene_Expr
DNAJC4,Gene_Expr
SIAE,Gene_Expr
SNX15,Gene_Expr
LPXN,Gene_Expr
DTX4,Gene_Expr
ATG2A,Gene_Expr
EHD1,Gene_Expr
OSBP,Gene_Expr
UNC93B1,Gene_Expr
PUS3,Gene_Expr
DCPS,Gene_Expr
KMT5B,Gene_Expr
FOXRED1,Gene_Expr
PPP6R3,Gene_Expr
NRXN2,Gene_Expr
MS4A6A,Gene_Expr
MS4A4A,Gene_Expr
ST3GAL4,Gene_Expr
CPT1A,Gene_Expr
CCND1,Gene_Expr
CCDC86,Gene_Expr
PRPF19,Gene_Expr
TMEM109,Gene_Expr
HPX,Gene_Expr
TRIM3,Gene_Expr
CHORDC1,Gene_Expr
ANAPC15,Gene_Expr
FOLR3,Gene_Expr
PANX1,Gene_Expr
ARHGEF17,Gene_Expr
CEP164,Gene_Expr
RNF141,Gene_Expr
CEP126,Gene_Expr
EIF4G2,Gene_Expr
IL10RA,Gene_Expr
GALNT18,Gene_Expr
BIRC2,Gene_Expr
UBE4A,Gene_Expr
DDX6,Gene_Expr
UPK2,Gene_Expr
CBL,Gene_Expr
NECTIN1,Gene_Expr
HIPK3,Gene_Expr
KIAA1549L,Gene_Expr
FBXO3,Gene_Expr
PDHX,Gene_Expr
SLC1A2,Gene_Expr
COMMD9,Gene_Expr
SLC15A3,Gene_Expr
CD5,Gene_Expr
ACCS,Gene_Expr
SCGB2A2,Gene_Expr
MDK,Gene_Expr
AMBRA1,Gene_Expr
MADD,Gene_Expr
PTPMT1,Gene_Expr
NAA40,Gene_Expr
CARS1,Gene_Expr
SLC67A1,Gene_Expr
CD81,Gene_Expr
SLC35F2,Gene_Expr
C11orf21,Gene_Expr
ELMOD1,Gene_Expr
CALCA,Gene_Expr
SOX6,Gene_Expr
C11orf58,Gene_Expr
PITPNM1,Gene_Expr
RPS13,Gene_Expr
AIP,Gene_Expr
NUP98,Gene_Expr
NDUFS8,Gene_Expr
TCIRG1,Gene_Expr
CHKA,Gene_Expr
EXPH5,Gene_Expr
HPS5,Gene_Expr
GTF2H1,Gene_Expr
POU2AF1,Gene_Expr
PTPN5,Gene_Expr
VWF,Gene_Expr
PSMD9,Gene_Expr
P3H3,Gene_Expr
PPFIBP1,Gene_Expr
PRPF40B,Gene_Expr
CD69,Gene_Expr
PRDM4,Gene_Expr
CLEC2B,Gene_Expr
COQ5,Gene_Expr
SELPLG,Gene_Expr
CORO1C,Gene_Expr
ASIC1,Gene_Expr
DAO,Gene_Expr
CAPRIN2,Gene_Expr
TSPAN11,Gene_Expr
KCTD10,Gene_Expr
SLC11A2,Gene_Expr
MLEC,Gene_Expr
MVK,Gene_Expr
CSRNP2,Gene_Expr
CAMKK2,Gene_Expr
BIN2,Gene_Expr
IL23A,Gene_Expr
ATP5F1B,Gene_Expr
PTGES3,Gene_Expr
SYT10,Gene_Expr
BCL7A,Gene_Expr
RSRC2,Gene_Expr
CYP27B1,Gene_Expr
MYF6,Gene_Expr
LIN7A,Gene_Expr
KRT18,Gene_Expr
ACSS3,Gene_Expr
TNS2,Gene_Expr
GLI1,Gene_Expr
PPM1H,Gene_Expr
METAP2,Gene_Expr
LTA4H,Gene_Expr
ELK3,Gene_Expr
SLC6A12,Gene_Expr
WNT5B,Gene_Expr
MAGOHB,Gene_Expr
TRPV4,Gene_Expr
ITFG2,Gene_Expr
FOXM1,Gene_Expr
PRR4,Gene_Expr
PRMT8,Gene_Expr
PARP11,Gene_Expr
ARPC3,Gene_Expr
GPN3,Gene_Expr
VPS29,Gene_Expr
RAD51AP1,Gene_Expr
CUX2,Gene_Expr
SH2B3,Gene_Expr
AKAP3,Gene_Expr
MANSC1,Gene_Expr
KCNA1,Gene_Expr
DUSP16,Gene_Expr
CREBL2,Gene_Expr
ACAD10,Gene_Expr
ALDH2,Gene_Expr
CDKN1B,Gene_Expr
GPRC5D,Gene_Expr
NAA25,Gene_Expr
GSG1,Gene_Expr
SCNN1A,Gene_Expr
LTBR,Gene_Expr
OGFOD2,Gene_Expr
CDK2AP1,Gene_Expr
OAS3,Gene_Expr
OAS2,Gene_Expr
ART4,Gene_Expr
MGP,Gene_Expr
RASAL1,Gene_Expr
ARHGDIB,Gene_Expr
GTF2H3,Gene_Expr
EIF2B1,Gene_Expr
DDX55,Gene_Expr
SLC38A1,Gene_Expr
RERGL,Gene_Expr
ENDOU,Gene_Expr
SPRING1,Gene_Expr
VDR,Gene_Expr
RFC5,Gene_Expr
STX2,Gene_Expr
ADGRD1,Gene_Expr
COPZ1,Gene_Expr
TBC1D30,Gene_Expr
CAND1,Gene_Expr
IL26,Gene_Expr
IFNG,Gene_Expr
RAB5B,Gene_Expr
MDM1,Gene_Expr
NUP107,Gene_Expr
CNOT2,Gene_Expr
TIMELESS,Gene_Expr
CPSF6,Gene_Expr
KRR1,Gene_Expr
MRPL51,Gene_Expr
GAPDH,Gene_Expr
NOP2,Gene_Expr
CHD4,Gene_Expr
ACRBP,Gene_Expr
BLTP3B,Gene_Expr
COPS7A,Gene_Expr
ING4,Gene_Expr
GNB3,Gene_Expr
CDCA3,Gene_Expr
CHPT1,Gene_Expr
USP5,Gene_Expr
TPI1,Gene_Expr
GNPTAB,Gene_Expr
SPSB2,Gene_Expr
ENO2,Gene_Expr
ATN1,Gene_Expr
C12orf57,Gene_Expr
PTPN6,Gene_Expr
LPCAT3,Gene_Expr
NT5DC3,Gene_Expr
SLCO1B3,Gene_Expr
NANOG,Gene_Expr
SUDS3,Gene_Expr
GOLT1B,Gene_Expr
GYS2,Gene_Expr
LDHB,Gene_Expr
PRKAB1,Gene_Expr
CMAS,Gene_Expr
HCFC2,Gene_Expr
ST8SIA1,Gene_Expr
CLEC4A,Gene_Expr
C2CD5,Gene_Expr
AICDA,Gene_Expr
RAB35,Gene_Expr
PHC1,Gene_Expr
COX6A1,Gene_Expr
RFX4,Gene_Expr
RIC8B,Gene_Expr
SRSF9,Gene_Expr
FGFR1OP2,Gene_Expr
KLRB1,Gene_Expr
COL12A1,Gene_Expr
BTN3A3,Gene_Expr
TDP2,Gene_Expr
FRK,Gene_Expr
DSE,Gene_Expr
RWDD1,Gene_Expr
RSPH4A,Gene_Expr
MAK,Gene_Expr
TMEM14C,Gene_Expr
PAK1IP1,Gene_Expr
GCNT2,Gene_Expr
SMIM8,Gene_Expr
NEDD9,Gene_Expr
CEP85L,Gene_Expr
ADTRP,Gene_Expr
ASF1A,Gene_Expr
MCM9,Gene_Expr
FAM184A,Gene_Expr
RNGTT,Gene_Expr
MAN1A1,Gene_Expr
GABRR2,Gene_Expr
SERINC1,Gene_Expr
HDDC2,Gene_Expr
TPD52L1,Gene_Expr
HINT3,Gene_Expr
NCOA7,Gene_Expr
RIPOR2,Gene_Expr
SASH1,Gene_Expr
UST,Gene_Expr
ULBP1,Gene_Expr
FBXO5,Gene_Expr
MTRF1L,Gene_Expr
PPARD,Gene_Expr
OPRM1,Gene_Expr
FANCE,Gene_Expr
TULP1,Gene_Expr
SLC26A8,Gene_Expr
MAPK14,Gene_Expr
RHAG,Gene_Expr
KCTD20,Gene_Expr
STK38,Gene_Expr
SRSF3,Gene_Expr
MRPL18,Gene_Expr
IL17A,Gene_Expr
MCM3,Gene_Expr
RNF8,Gene_Expr
PHACTR1,Gene_Expr
MDGA1,Gene_Expr
CILK1,Gene_Expr
FBXO9,Gene_Expr
CD83,Gene_Expr
MDN1,Gene_Expr
GLP1R,Gene_Expr
SAYSD1,Gene_Expr
BMP5,Gene_Expr
BACH2,Gene_Expr
RBM24,Gene_Expr
CAP2,Gene_Expr
TREML2,Gene_Expr
ZNF451,Gene_Expr
BAG2,Gene_Expr
RAB23,Gene_Expr
TSPO2,Gene_Expr
FHL5,Gene_Expr
GPR63,Gene_Expr
KHDRBS2,Gene_Expr
FBXL4,Gene_Expr
CCNC,Gene_Expr
PRDM13,Gene_Expr
E2F3,Gene_Expr
PTP4A1,Gene_Expr
SIM1,Gene_Expr
ASCC3,Gene_Expr
POPDC1,Gene_Expr
COL9A1,Gene_Expr
MED23,Gene_Expr
WASF1,Gene_Expr
GPLD1,Gene_Expr
ALDH5A1,Gene_Expr
CRYBG1,Gene_Expr
VNN1,Gene_Expr
VNN2,Gene_Expr
ACOT13,Gene_Expr
SMAP1,Gene_Expr
RPS12,Gene_Expr
C6orf62,Gene_Expr
B3GAT2,Gene_Expr
GMNN,Gene_Expr
EYA4,Gene_Expr
SOBP,Gene_Expr
NR2E1,Gene_Expr
SNX3,Gene_Expr
SLC17A2,Gene_Expr
HBS1L,Gene_Expr
TRIM38,Gene_Expr
PEX7,Gene_Expr
ZBTB24,Gene_Expr
FIG4,Gene_Expr
PERP,Gene_Expr
ARFGEF3,Gene_Expr
SLC16A10,Gene_Expr
HECA,Gene_Expr
ADGRG6,Gene_Expr
PHACTR2,Gene_Expr
EPM2A,Gene_Expr
OR12D3,Gene_Expr
SLC39A7,Gene_Expr
CCR6,Gene_Expr
UNC93A,Gene_Expr
SLC22A2,Gene_Expr
PHF1,Gene_Expr
CUTA,Gene_Expr
PACRG,Gene_Expr
QKI,Gene_Expr
C6orf118,Gene_Expr
PDE10A,Gene_Expr
MDFI,Gene_Expr
TFEB,Gene_Expr
SMOC2,Gene_Expr
CCND3,Gene_Expr
BYSL,Gene_Expr
FAM120B,Gene_Expr
TBP,Gene_Expr
GUCA1B,Gene_Expr
PRPH2,Gene_Expr
BICRAL,Gene_Expr
PPP2R5D,Gene_Expr
MRPL2,Gene_Expr
PTK7,Gene_Expr
SRF,Gene_Expr
CUL9,Gene_Expr
DNPH1,Gene_Expr
DUSP22,Gene_Expr
EXOC2,Gene_Expr
COX7A2,Gene_Expr
TMEM30A,Gene_Expr
GMDS,Gene_Expr
SENP6,Gene_Expr
IMPG1,Gene_Expr
VEGFA,Gene_Expr
PRP4K,Gene_Expr
TTK,Gene_Expr
SLC29A1,Gene_Expr
CCN6,Gene_Expr
BTN2A1,Gene_Expr
LAMA4,Gene_Expr
TENT5A,Gene_Expr
CLIC5,Gene_Expr
FBRSL1,Gene_Expr
ENPP5,Gene_Expr
LY86,Gene_Expr
PRSS16,Gene_Expr
MEP1A,Gene_Expr
TBX18,Gene_Expr
ERBIN,Gene_Expr
PCDHB2,Gene_Expr
HARS2,Gene_Expr
NUDT12,Gene_Expr
CEP72,Gene_Expr
MAN2A1,Gene_Expr
SEMA5A,Gene_Expr
C7,Gene_Expr
TENT4A,Gene_Expr
GHR,Gene_Expr
HMGCS1,Gene_Expr
DAP,Gene_Expr
NME5,Gene_Expr
BRD8,Gene_Expr
KIF20A,Gene_Expr
NNT,Gene_Expr
MRPS30,Gene_Expr
HSPA9,Gene_Expr
MRPS27,Gene_Expr
PFDN1,Gene_Expr
HBEGF,Gene_Expr
SLC4A9,Gene_Expr
LOX,Gene_Expr
GZMK,Gene_Expr
CDH9,Gene_Expr
APBB3,Gene_Expr
TMCO6,Gene_Expr
SPARC,Gene_Expr
IK,Gene_Expr
HMGCR,Gene_Expr
CERT1,Gene_Expr
FAF2,Gene_Expr
HAND1,Gene_Expr
PCDHB3,Gene_Expr
PCDHB5,Gene_Expr
PCDHB6,Gene_Expr
PCDHB7,Gene_Expr
PDE8B,Gene_Expr
CLK4,Gene_Expr
PCDHB15,Gene_Expr
HAVCR1,Gene_Expr
GRM6,Gene_Expr
ITK,Gene_Expr
RNF130,Gene_Expr
THG1L,Gene_Expr
ARSB,Gene_Expr
CLINT1,Gene_Expr
THBS4,Gene_Expr
CNOT6,Gene_Expr
IL12B,Gene_Expr
BTNL8,Gene_Expr
TTC1,Gene_Expr
MSH3,Gene_Expr
RASGRF2,Gene_Expr
GABRG2,Gene_Expr
CCNG1,Gene_Expr
POLR3G,Gene_Expr
DROSHA,Gene_Expr
CDH6,Gene_Expr
LMNB1,Gene_Expr
ARRDC3,Gene_Expr
GOLPH3,Gene_Expr
SUB1,Gene_Expr
NPR3,Gene_Expr
ARB2A,Gene_Expr
SLC27A6,Gene_Expr
TARS1,Gene_Expr
LNPEP,Gene_Expr
PDE4D,Gene_Expr
RAD1,Gene_Expr
BRIX1,Gene_Expr
AGXT2,Gene_Expr
PRLR,Gene_Expr
SLC12A7,Gene_Expr
IL4,Gene_Expr
RAD50,Gene_Expr
IL5,Gene_Expr
ST8SIA4,Gene_Expr
GNPDA1,Gene_Expr
PCDH12,Gene_Expr
SKP1,Gene_Expr
NUP155,Gene_Expr
PPP2CA,Gene_Expr
FGF1,Gene_Expr
NR3C1,Gene_Expr
C5orf15,Gene_Expr
PPWD1,Gene_Expr
LIFR,Gene_Expr
TRIM23,Gene_Expr
TRAPPC13,Gene_Expr
C9,Gene_Expr
SEC24A,Gene_Expr
TXNDC15,Gene_Expr
TTC33,Gene_Expr
RARS1,Gene_Expr
WWC1,Gene_Expr
MACROH2A1,Gene_Expr
TCERG1,Gene_Expr
DPYSL3,Gene_Expr
SMAD5,Gene_Expr
CSNK1A1,Gene_Expr
HMGXB3,Gene_Expr
ERGIC1,Gene_Expr
PDGFRB,Gene_Expr
ATP6V0E1,Gene_Expr
BNIP1,Gene_Expr
STC2,Gene_Expr
CPEB4,Gene_Expr
HRH2,Gene_Expr
DBN1,Gene_Expr
ZNF346,Gene_Expr
UNC5A,Gene_Expr
EHHADH,Gene_Expr
CNTN3,Gene_Expr
SMC4,Gene_Expr
SELENOK,Gene_Expr
ACTR8,Gene_Expr
TBCCD1,Gene_Expr
TIMMDC1,Gene_Expr
CRBN,Gene_Expr
KNG1,Gene_Expr
HRG,Gene_Expr
BCL6,Gene_Expr
HGD,Gene_Expr
CLDN16,Gene_Expr
ARL6,Gene_Expr
NPHP3,Gene_Expr
CD86,Gene_Expr
AMOTL2,Gene_Expr
NIT2,Gene_Expr
FAM162A,Gene_Expr
OGG1,Gene_Expr
KPNA1,Gene_Expr
PCCB,Gene_Expr
UBE3A,Gene_Expr
ARMC8,Gene_Expr
CEP70,Gene_Expr
RBP2,Gene_Expr
RBP1,Gene_Expr
SLC25A36,Gene_Expr
GRK7,Gene_Expr
RNF7,Gene_Expr
TFDP2,Gene_Expr
XRN1,Gene_Expr
KAT2B,Gene_Expr
BCHE,Gene_Expr
SERPINI2,Gene_Expr
PDCD10,Gene_Expr
LRRC31,Gene_Expr
WNT5A,Gene_Expr
PFKFB4,Gene_Expr
COL7A1,Gene_Expr
FGF12,Gene_Expr
PRKAR2A,Gene_Expr
HES1,Gene_Expr
USP4,Gene_Expr
ACAP2,Gene_Expr
ECT2,Gene_Expr
GNAI2,Gene_Expr
TFG,Gene_Expr
USP9Y,Gene_Expr
HYAL1,Gene_Expr
TUSC2,Gene_Expr
NPRL2,Gene_Expr
RPL24,Gene_Expr
CYB561D2,Gene_Expr
CEP15,Gene_Expr
FXR1,Gene_Expr
CBLB,Gene_Expr
BBX,Gene_Expr
IFT57,Gene_Expr
GNB4,Gene_Expr
HHLA2,Gene_Expr
IQCG,Gene_Expr
GBE1,Gene_Expr
MORC1,Gene_Expr
UMPS,Gene_Expr
NCBP2,Gene_Expr
SNX4,Gene_Expr
C3orf52,Gene_Expr
FRMD4B,Gene_Expr
SLC41A3,Gene_Expr
ROPN1B,Gene_Expr
PLXNA1,Gene_Expr
ATP6V1A,Gene_Expr
ABTB1,Gene_Expr
PODXL2,Gene_Expr
UPK1B,Gene_Expr
CSPG5,Gene_Expr
KLHL18,Gene_Expr
SCAP,Gene_Expr
EFCC1,Gene_Expr
CFAP92,Gene_Expr
NEK11,Gene_Expr
MRPL3,Gene_Expr
PLSCR4,Gene_Expr
HEMK1,Gene_Expr
CISH,Gene_Expr
MAPKAPK3,Gene_Expr
ACVR2B,Gene_Expr
WDR48,Gene_Expr
COMMD2,Gene_Expr
GORASP1,Gene_Expr
PEX5L,Gene_Expr
RRP9,Gene_Expr
ABCC5,Gene_Expr
AADAC,Gene_Expr
ABHD14B,Gene_Expr
EIF1B,Gene_Expr
ABHD14A-ACY1,Gene_Expr
ARHGEF26,Gene_Expr
KLHL24,Gene_Expr
PLCH1,Gene_Expr
VIPR1,Gene_Expr
DNAH1,Gene_Expr
SSR3,Gene_Expr
ZBTB47,Gene_Expr
NKTR,Gene_Expr
CLCN2,Gene_Expr
FOXP1,Gene_Expr
EIF4G1,Gene_Expr
SPCS1,Gene_Expr
NEK4,Gene_Expr
SLC4A3,Gene_Expr
INO80D,Gene_Expr
EEF1B2,Gene_Expr
ADAM23,Gene_Expr
DGUOK,Gene_Expr
MOB1A,Gene_Expr
KANSL3,Gene_Expr
LMAN2L,Gene_Expr
RTKN,Gene_Expr
TTL,Gene_Expr
IL1A,Gene_Expr
CCL20,Gene_Expr
PIKFYVE,Gene_Expr
KCNIP3,Gene_Expr
FAHD2A,Gene_Expr
NCL,Gene_Expr
ACTR1B,Gene_Expr
SLC35F5,Gene_Expr
ZAP70,Gene_Expr
ACTR3,Gene_Expr
STEAP3,Gene_Expr
EPB41L5,Gene_Expr
TFCP2L1,Gene_Expr
SF3B6,Gene_Expr
TP53I3,Gene_Expr
DNAJC27,Gene_Expr
POMC,Gene_Expr
STAM2,Gene_Expr
OTOF,Gene_Expr
GPD2,Gene_Expr
CENPA,Gene_Expr
CYTIP,Gene_Expr
ACVR1,Gene_Expr
TANC1,Gene_Expr
SLC30A3,Gene_Expr
MPV17,Gene_Expr
GTF3C2,Gene_Expr
EIF2B4,Gene_Expr
NRBP1,Gene_Expr
ITGB6,Gene_Expr
FNDC4,Gene_Expr
ITGA4,Gene_Expr
PSMD14,Gene_Expr
SNX17,Gene_Expr
ASB3,Gene_Expr
PPM1G,Gene_Expr
PDE1A,Gene_Expr
REEP6,Gene_Expr
PCSK4,Gene_Expr
GCG,Gene_Expr
APC2,Gene_Expr
IFIH1,Gene_Expr
RPS15,Gene_Expr
GCA,Gene_Expr
INO80B,Gene_Expr
MOGS,Gene_Expr
TTC31,Gene_Expr
NDUFS7,Gene_Expr
PCGF1,Gene_Expr
GRB14,Gene_Expr
CLIP4,Gene_Expr
TLX2,Gene_Expr
SPTBN1,Gene_Expr
AUP1,Gene_Expr
RTN4,Gene_Expr
HTRA2,Gene_Expr
LOXL3,Gene_Expr
DOK1,Gene_Expr
GALNT3,Gene_Expr
POLE4,Gene_Expr
TACR1,Gene_Expr
CCDC88A,Gene_Expr
ACADL,Gene_Expr
EVA1A,Gene_Expr
MRPL19,Gene_Expr
LANCL1,Gene_Expr
WDR75,Gene_Expr
EFEMP1,Gene_Expr
REG1A,Gene_Expr
FANCL,Gene_Expr
FN1,Gene_Expr
STAT1,Gene_Expr
GLS,Gene_Expr
PAPOLG,Gene_Expr
DNAH6,Gene_Expr
PECR,Gene_Expr
UNC50,Gene_Expr
IGFBP2,Gene_Expr
ELMOD3,Gene_Expr
IGFBP5,Gene_Expr
USP34,Gene_Expr
KCNJ13,Gene_Expr
CCT4,Gene_Expr
GGCX,Gene_Expr
EHBP1,Gene_Expr
OTX1,Gene_Expr
TXNDC9,Gene_Expr
COQ10B,Gene_Expr
GNLY,Gene_Expr
SF3B1,Gene_Expr
ST3GAL5,Gene_Expr
CHST10,Gene_Expr
PDCL3,Gene_Expr
MOB4,Gene_Expr
HSPE1,Gene_Expr
KDM3A,Gene_Expr
PLCD4,Gene_Expr
CHMP3,Gene_Expr
ZNF142,Gene_Expr
IL1R2,Gene_Expr
PRKAG3,Gene_Expr
SMYD1,Gene_Expr
IL1R1,Gene_Expr
WNT6,Gene_Expr
IL1RL2,Gene_Expr
IL1RL1,Gene_Expr
IL18R1,Gene_Expr
IL18RAP,Gene_Expr
SLC9A2,Gene_Expr
FHL2,Gene_Expr
MLPH,Gene_Expr
CNPPD1,Gene_Expr
UXS1,Gene_Expr
ABCB6,Gene_Expr
STK16,Gene_Expr
SLC5A7,Gene_Expr
HDLBP,Gene_Expr
PPP1R7,Gene_Expr
PASK,Gene_Expr
STK25,Gene_Expr
TPO,Gene_Expr
PROC,Gene_Expr
ID2,Gene_Expr
TAF1B,Gene_Expr
HPCAL1,Gene_Expr
ODC1,Gene_Expr
BIRC6,Gene_Expr
NOL10,Gene_Expr
PLEKHB2,Gene_Expr
GORASP2,Gene_Expr
STRN,Gene_Expr
CEBPZ,Gene_Expr
PRKD3,Gene_Expr
DCAF17,Gene_Expr
QPCT,Gene_Expr
RAB3GAP1,Gene_Expr
SLC25A12,Gene_Expr
RMDN2,Gene_Expr
DLX2,Gene_Expr
LCT,Gene_Expr
DARS1,Gene_Expr
SRSF7,Gene_Expr
SDC1,Gene_Expr
PLCL1,Gene_Expr
SLC1A4,Gene_Expr
SOS1,Gene_Expr
KYNU,Gene_Expr
WIPF1,Gene_Expr
ORC2,Gene_Expr
COX7A2L,Gene_Expr
PNO1,Gene_Expr
ORC4,Gene_Expr
PLEK,Gene_Expr
RND3,Gene_Expr
ATF2,Gene_Expr
THADA,Gene_Expr
AAK1,Gene_Expr
TRAK2,Gene_Expr
C2orf42,Gene_Expr
TIA1,Gene_Expr
PCYOX1,Gene_Expr
KISS1R,Gene_Expr
EPAS1,Gene_Expr
ARID3A,Gene_Expr
SUMO1,Gene_Expr
CD207,Gene_Expr
GRIN3B,Gene_Expr
ATP6V1B1,Gene_Expr
NFE2L2,Gene_Expr
MSH6,Gene_Expr
PLEKHA3,Gene_Expr
SPR,Gene_Expr
EPHA4,Gene_Expr
PARD3B,Gene_Expr
FARSB,Gene_Expr
ALMS1,Gene_Expr
BCL9,Gene_Expr
PRRX1,Gene_Expr
DHCR24,Gene_Expr
DNAJC16,Gene_Expr
MARK1,Gene_Expr
TNR,Gene_Expr
MORN1,Gene_Expr
GPX7,Gene_Expr
CACYBP,Gene_Expr
SCP2,Gene_Expr
TPSG1,Gene_Expr
PAPPA2,Gene_Expr
RALGPS2,Gene_Expr
ANGPTL1,Gene_Expr
CEP104,Gene_Expr
FAM20B,Gene_Expr
TCEANC2,Gene_Expr
TMEM59,Gene_Expr
LRRC42,Gene_Expr
WRAP73,Gene_Expr
NPHS2,Gene_Expr
MRPL37,Gene_Expr
ICMT,Gene_Expr
RPL22,Gene_Expr
CHD5,Gene_Expr
QSOX1,Gene_Expr
STXBP3,Gene_Expr
PHF13,Gene_Expr
ERRFI1,Gene_Expr
PARK7,Gene_Expr
ELAPOR1,Gene_Expr
OPRD1,Gene_Expr
AMPD2,Gene_Expr
SRSF4,Gene_Expr
MECR,Gene_Expr
KCNC4,Gene_Expr
EDEM3,Gene_Expr
WDR77,Gene_Expr
ATP5PB,Gene_Expr
RAP1A,Gene_Expr
HDAC1,Gene_Expr
CAPZA1,Gene_Expr
S100PBP,Gene_Expr
RNF19B,Gene_Expr
SCAMP3,Gene_Expr
TRIM62,Gene_Expr
ASH1L,Gene_Expr
DLGAP3,Gene_Expr
SFPQ,Gene_Expr
RHOU,Gene_Expr
GON4L,Gene_Expr
ARHGEF2,Gene_Expr
LAMTOR2,Gene_Expr
MEF2D,Gene_Expr
DOCK7,Gene_Expr
SRM,Gene_Expr
FBXO2,Gene_Expr
FBXO6,Gene_Expr
C1orf21,Gene_Expr
SWT1,Gene_Expr
MAD2L2,Gene_Expr
DNAJC6,Gene_Expr
LEPR,Gene_Expr
IVNS1ABP,Gene_Expr
KIAA2013,Gene_Expr
MFN2,Gene_Expr
PRG4,Gene_Expr
MIIP,Gene_Expr
SMG7,Gene_Expr
NCF2,Gene_Expr
PDC,Gene_Expr
SLC35D1,Gene_Expr
PLA2G4A,Gene_Expr
GADD45A,Gene_Expr
PRAMEF1,Gene_Expr
PRAMEF12,Gene_Expr
WLS,Gene_Expr
PRDM2,Gene_Expr
RGS2,Gene_Expr
RPE65,Gene_Expr
RO60,Gene_Expr
AMPD1,Gene_Expr
UCHL5,Gene_Expr
BCAS2,Gene_Expr
SRSF11,Gene_Expr
CTH,Gene_Expr
AGMAT,Gene_Expr
OLFML3,Gene_Expr
TNNI3K,Gene_Expr
CFHR3,Gene_Expr
PLEKHM2,Gene_Expr
CRYZ,Gene_Expr
PHTF1,Gene_Expr
ZBTB17,Gene_Expr
CD58,Gene_Expr
TFAP2E,Gene_Expr
CD2,Gene_Expr
TTF2,Gene_Expr
NR5A2,Gene_Expr
KIF21B,Gene_Expr
TMEM9,Gene_Expr
ADPRS,Gene_Expr
MAP7D1,Gene_Expr
WARS2,Gene_Expr
HAO2,Gene_Expr
OSCP1,Gene_Expr
MRPS15,Gene_Expr
EXOC8,Gene_Expr
GNPAT,Gene_Expr
TSNAX,Gene_Expr
AIRIM,Gene_Expr
RRAGC,Gene_Expr
NID1,Gene_Expr
LGALS8,Gene_Expr
HPCAL4,Gene_Expr
MTR,Gene_Expr
BMP8B,Gene_Expr
MYCL,Gene_Expr
SIPA1L2,Gene_Expr
ZP4,Gene_Expr
RLF,Gene_Expr
KMO,Gene_Expr
ZNF684,Gene_Expr
KCNQ4,Gene_Expr
RIMS3,Gene_Expr
AKT3,Gene_Expr
ETV3,Gene_Expr
ACADM,Gene_Expr
ST6GALNAC5,Gene_Expr
SLAMF1,Gene_Expr
CD48,Gene_Expr
ADGRL2,Gene_Expr
PADI2,Gene_Expr
SDHB,Gene_Expr
MFAP2,Gene_Expr
RPF1,Gene_Expr
KDM5B,Gene_Expr
UAP1,Gene_Expr
ACTL8,Gene_Expr
CTBS,Gene_Expr
RGS4,Gene_Expr
KLHL12,Gene_Expr
IGSF21,Gene_Expr
SSX2IP,Gene_Expr
ZNHIT6,Gene_Expr
PLA2G2D,Gene_Expr
RBBP5,Gene_Expr
GBP3,Gene_Expr
GBP1,Gene_Expr
KIF17,Gene_Expr
GPR89A,Gene_Expr
CDK18,Gene_Expr
RAB29,Gene_Expr
CD160,Gene_Expr
ECE1,Gene_Expr
HMGCL,Gene_Expr
GALE,Gene_Expr
ID3,Gene_Expr
CR2,Gene_Expr
CD46,Gene_Expr
PRPF3,Gene_Expr
APH1A,Gene_Expr
P3H1,Gene_Expr
SLC2A1,Gene_Expr
EBNA1BP2,Gene_Expr
CDC20,Gene_Expr
MPL,Gene_Expr
ARTN,Gene_Expr
IPO13,Gene_Expr
ATP6V0B,Gene_Expr
B4GALT2,Gene_Expr
ERI3,Gene_Expr
PTCH2,Gene_Expr
AKR1A1,Gene_Expr
PRDX1,Gene_Expr
PIK3R3,Gene_Expr
TSPAN1,Gene_Expr
BLZF1,Gene_Expr
CCDC181,Gene_Expr
SLC19A2,Gene_Expr
FAAH,Gene_Expr
NSUN4,Gene_Expr
TMED5,Gene_Expr
MROH9,Gene_Expr
DR1,Gene_Expr
CNN3,Gene_Expr
PRRC2C,Gene_Expr
F3,Gene_Expr
ABCD3,Gene_Expr
VAMP4,Gene_Expr
DPH5,Gene_Expr
FASLG,Gene_Expr
PTBP2,Gene_Expr
TNFSF4,Gene_Expr
PRDX6,Gene_Expr
DARS2,Gene_Expr
HSD11B1,Gene_Expr
IRF6,Gene_Expr
UTP25,Gene_Expr
PLPPR5,Gene_Expr
PLPPR4,Gene_Expr
SERPINC1,Gene_Expr
RCAN3,Gene_Expr
SYF2,Gene_Expr
RSRP1,Gene_Expr
SLC35A3,Gene_Expr
RCOR3,Gene_Expr
STMN1,Gene_Expr
MTFR1L,Gene_Expr
MAN1C1,Gene_Expr
NEK2,Gene_Expr
RPS6KA1,Gene_Expr
DHDDS,Gene_Expr
NENF,Gene_Expr
NSL1,Gene_Expr
PROX1,Gene_Expr
ARID1A,Gene_Expr
CENPF,Gene_Expr
RPA2,Gene_Expr
PPP1R8,Gene_Expr
STX12,Gene_Expr
MTARC2,Gene_Expr
SLC5A9,Gene_Expr
OSBPL9,Gene_Expr
TXNDC12,Gene_Expr
ESYT2,Gene_Expr
POLR1G,Gene_Expr
MESD,Gene_Expr
RCN2,Gene_Expr
CHRNB4,Gene_Expr
MUC5B,Gene_Expr
CTSD,Gene_Expr
COLEC11,Gene_Expr
STAG1,Gene_Expr
A4GNT,Gene_Expr
STK11,Gene_Expr
KMT2A,Gene_Expr
TREH,Gene_Expr
IFT46,Gene_Expr
MMP8,Gene_Expr
ZNF541,Gene_Expr
SLC8A2,Gene_Expr
KPTN,Gene_Expr
RPS25,Gene_Expr
KIF14,Gene_Expr
TNNT2,Gene_Expr
DDX59,Gene_Expr
CAMSAP2,Gene_Expr
ATF6,Gene_Expr
CRYGD,Gene_Expr
MREG,Gene_Expr
FASTKD2,Gene_Expr
NRP2,Gene_Expr
CREB1,Gene_Expr
KLF7,Gene_Expr
TTR,Gene_Expr
B4GALT6,Gene_Expr
C1orf54,Gene_Expr
CA14,Gene_Expr
DNAI7,Gene_Expr
IRAG2,Gene_Expr
ATP10B,Gene_Expr
SPCS2,Gene_Expr
USP35,Gene_Expr
ELOVL4,Gene_Expr
FILIP1,Gene_Expr
CASP8AP2,Gene_Expr
HMGN3,Gene_Expr
UBE3D,Gene_Expr
CNR1,Gene_Expr
SPACA1,Gene_Expr
ANKRD13C,Gene_Expr
SGIP1,Gene_Expr
PHF3,Gene_Expr
ZC2HC1B,Gene_Expr
ADGB,Gene_Expr
PLAGL1,Gene_Expr
FBXO30,Gene_Expr
TNFAIP3,Gene_Expr
AKAP7,Gene_Expr
RAB32,Gene_Expr
MYB,Gene_Expr
ALDH8A1,Gene_Expr
SGK1,Gene_Expr
RNF146,Gene_Expr
ARG1,Gene_Expr
CCN2,Gene_Expr
TCF21,Gene_Expr
PMFBP1,Gene_Expr
FBXL5,Gene_Expr
MED28,Gene_Expr
SLC16A7,Gene_Expr
RXYLT1,Gene_Expr
ZNF430,Gene_Expr
VAMP8,Gene_Expr
DCLRE1B,Gene_Expr
MYL12B,Gene_Expr
FOXO3,Gene_Expr
ARMC2,Gene_Expr
RPN2,Gene_Expr
TGIF2,Gene_Expr
CASQ2,Gene_Expr
OLFM3,Gene_Expr
PKD2,Gene_Expr
ABCG2,Gene_Expr
SPP1,Gene_Expr
STBD1,Gene_Expr
CCNI,Gene_Expr
RARRES1,Gene_Expr
MFSD1,Gene_Expr
RAB3GAP2,Gene_Expr
EEF2KMT,Gene_Expr
PPL,Gene_Expr
UBN1,Gene_Expr
KLF12,Gene_Expr
UCHL3,Gene_Expr
PCDH17,Gene_Expr
HS1BP3,Gene_Expr
LDAH,Gene_Expr
WDR35,Gene_Expr
CCND2,Gene_Expr
FGF23,Gene_Expr
ELL2,Gene_Expr
DNAH7,Gene_Expr
CYP20A1,Gene_Expr
NDUFB3,Gene_Expr
GTF3C3,Gene_Expr
SATB2,Gene_Expr
UBE2B,Gene_Expr
TRPM6,Gene_Expr
GDA,Gene_Expr
KLF9,Gene_Expr
TJP2,Gene_Expr
ECRG4,Gene_Expr
ITGB1BP1,Gene_Expr
CPSF3,Gene_Expr
PIGZ,Gene_Expr
SENP5,Gene_Expr
CCDC92,Gene_Expr
C1orf198,Gene_Expr
TRIM67,Gene_Expr
HEATR1,Gene_Expr
PTBP3,Gene_Expr
RAD23B,Gene_Expr
FKBP15,Gene_Expr
CTNNAL1,Gene_Expr
ABITRAM,Gene_Expr
DYNC2I2,Gene_Expr
SET,Gene_Expr
PTPA,Gene_Expr
GLE1,Gene_Expr
RAB14,Gene_Expr
CNTRL,Gene_Expr
TRIM32,Gene_Expr
FBXW2,Gene_Expr
PHF19,Gene_Expr
NEK6,Gene_Expr
BSPRY,Gene_Expr
PPP6C,Gene_Expr
NDUFA8,Gene_Expr
HDHD3,Gene_Expr
RBM18,Gene_Expr
SLC46A2,Gene_Expr
HSDL2,Gene_Expr
MAPKAP1,Gene_Expr
NR4A3,Gene_Expr
INVS,Gene_Expr
GALNT12,Gene_Expr
DENND1A,Gene_Expr
ALG2,Gene_Expr
CSF3R,Gene_Expr
KDSR,Gene_Expr
VPS4B,Gene_Expr
ONECUT2,Gene_Expr
C19orf25,Gene_Expr
ZBTB45,Gene_Expr
YLPM1,Gene_Expr
DCAF4,Gene_Expr
PROX2,Gene_Expr
FCF1,Gene_Expr
PGF,Gene_Expr
IFI27L2,Gene_Expr
BBOF1,Gene_Expr
NEK9,Gene_Expr
ACYP1,Gene_Expr
IFT43,Gene_Expr
NPC2,Gene_Expr
DNAL1,Gene_Expr
IRF2BPL,Gene_Expr
ACOT2,Gene_Expr
LTBP2,Gene_Expr
AREL1,Gene_Expr
MLH3,Gene_Expr
TTLL5,Gene_Expr
FLVCR2,Gene_Expr
ABCD4,Gene_Expr
DLST,Gene_Expr
PPP4R4,Gene_Expr
TGFB3,Gene_Expr
ZC2HC1C,Gene_Expr
SLIRP,Gene_Expr
RBM25,Gene_Expr
ALDH6A1,Gene_Expr
GPR68,Gene_Expr
ESRRB,Gene_Expr
EIF2B2,Gene_Expr
NRDE2,Gene_Expr
COQ6,Gene_Expr
ZNF410,Gene_Expr
RHOQ,Gene_Expr
GPR75,Gene_Expr
SUPT7L,Gene_Expr
KLHL29,Gene_Expr
DNMT3A,Gene_Expr
TMEM214,Gene_Expr
ATAD2B,Gene_Expr
FKBP1B,Gene_Expr
ATL2,Gene_Expr
YPEL5,Gene_Expr
FAM98A,Gene_Expr
YIPF4,Gene_Expr
AFTPH,Gene_Expr
LGALSL,Gene_Expr
CNRIP1,Gene_Expr
BCL11A,Gene_Expr
CRIPT,Gene_Expr
EPCAM,Gene_Expr
SLC17A5,Gene_Expr
OGFRL1,Gene_Expr
SLF2,Gene_Expr
IDE,Gene_Expr
TECTB,Gene_Expr
ELOVL3,Gene_Expr
IFIT3,Gene_Expr
NKX2-3,Gene_Expr
IFIT2,Gene_Expr
GPAM,Gene_Expr
CUTC,Gene_Expr
PPP1R3C,Gene_Expr
PYROXD2,Gene_Expr
CNNM1,Gene_Expr
MXI1,Gene_Expr
SMNDC1,Gene_Expr
C10orf88,Gene_Expr
HELLS,Gene_Expr
PRLHR,Gene_Expr
TCTN3,Gene_Expr
DENND10,Gene_Expr
AVPI1,Gene_Expr
WDR11,Gene_Expr
ARMH3,Gene_Expr
KCNIP2,Gene_Expr
CFAP58,Gene_Expr
GOT1,Gene_Expr
CPN1,Gene_Expr
SFRP5,Gene_Expr
GNA13,Gene_Expr
HOXB8,Gene_Expr
KANSL1,Gene_Expr
HOXB5,Gene_Expr
CRHR1,Gene_Expr
HOXB3,Gene_Expr
HOXB1,Gene_Expr
DUSP1,Gene_Expr
PANK3,Gene_Expr
MSX2,Gene_Expr
TEK,Gene_Expr
RCL1,Gene_Expr
CAAP1,Gene_Expr
EQTN,Gene_Expr
MOB3B,Gene_Expr
INSL6,Gene_Expr
INSL4,Gene_Expr
MLANA,Gene_Expr
CD274,Gene_Expr
IFNA6,Gene_Expr
IFNA8,Gene_Expr
GRIA2,Gene_Expr
NUP43,Gene_Expr
MTHFD1L,Gene_Expr
LRP11,Gene_Expr
CCDC170,Gene_Expr
PCMT1,Gene_Expr
PLEKHG1,Gene_Expr
MYCT1,Gene_Expr
TASL,Gene_Expr
MAGEB4,Gene_Expr
CYSTM1,Gene_Expr
WDR55,Gene_Expr
ARAP3,Gene_Expr
PCDHB8,Gene_Expr
PCDHB10,Gene_Expr
PCDHB14,Gene_Expr
PCDHB12,Gene_Expr
SLC25A2,Gene_Expr
TNN,Gene_Expr
MRPS14,Gene_Expr
CENPL,Gene_Expr
TNFSF18,Gene_Expr
SEC16B,Gene_Expr
GORAB,Gene_Expr
GPR31,Gene_Expr
ACAT2,Gene_Expr
TCP1,Gene_Expr
TTLL2,Gene_Expr
SNX19,Gene_Expr
KCNJ5,Gene_Expr
MSANTD2,Gene_Expr
TP53AIP1,Gene_Expr
TEX11,Gene_Expr
ARR3,Gene_Expr
PDZD11,Gene_Expr
SLC10A7,Gene_Expr
NUDCD1,Gene_Expr
ENY2,Gene_Expr
MASTL,Gene_Expr
KIAA1217,Gene_Expr
LYZL1,Gene_Expr
PLXDC2,Gene_Expr
EPC1,Gene_Expr
IQSEC3,Gene_Expr
CCDC77,Gene_Expr
TAF12,Gene_Expr
ENOX1,Gene_Expr
TNFSF11,Gene_Expr
MTRF1,Gene_Expr
SOHLH2,Gene_Expr
DNAJC15,Gene_Expr
PROSER1,Gene_Expr
UFM1,Gene_Expr
WBP4,Gene_Expr
ELF1,Gene_Expr
SMAD9,Gene_Expr
HSPH1,Gene_Expr
KBTBD7,Gene_Expr
ALG5,Gene_Expr
EXOSC8,Gene_Expr
ETF1,Gene_Expr
TGFBI,Gene_Expr
FAM53C,Gene_Expr
SIL1,Gene_Expr
PAIP2,Gene_Expr
MYOT,Gene_Expr
KDM3B,Gene_Expr
EGR1,Gene_Expr
SERP1,Gene_Expr
PLS1,Gene_Expr
ZFP30,Gene_Expr
NR2C1,Gene_Expr
UTP20,Gene_Expr
TMPO,Gene_Expr
ARL1,Gene_Expr
GLT8D2,Gene_Expr
MTERF2,Gene_Expr
SOCS2,Gene_Expr
NFYB,Gene_Expr
WASHC3,Gene_Expr
APAF1,Gene_Expr
DUSP4,Gene_Expr
CLU,Gene_Expr
TNFRSF10B,Gene_Expr
SORBS3,Gene_Expr
PTK2B,Gene_Expr
CHRNA2,Gene_Expr
ADRA1A,Gene_Expr
PPP3CC,Gene_Expr
PDLIM2,Gene_Expr
EPHX2,Gene_Expr
RNF170,Gene_Expr
UBIAD1,Gene_Expr
TARDBP,Gene_Expr
TNFRSF8,Gene_Expr
PRAMEF2,Gene_Expr
ZNF706,Gene_Expr
LYPLA1,Gene_Expr
CRISPLD1,Gene_Expr
COPS5,Gene_Expr
RDH10,Gene_Expr
EPX,Gene_Expr
AKAP1,Gene_Expr
COIL,Gene_Expr
TRIM25,Gene_Expr
SCPEP1,Gene_Expr
SPOP,Gene_Expr
SLC35B1,Gene_Expr
TBX4,Gene_Expr
TEX14,Gene_Expr
FAM117A,Gene_Expr
NCAPH,Gene_Expr
LRAT,Gene_Expr
TMEM131L,Gene_Expr
MND1,Gene_Expr
TRIM6,Gene_Expr
ABCC11,Gene_Expr
TENT4B,Gene_Expr
ADCY7,Gene_Expr
CEP89,Gene_Expr
TSHZ3,Gene_Expr
ECHDC2,Gene_Expr
TAS2R8,Gene_Expr
PLBD1,Gene_Expr
TAS2R10,Gene_Expr
PRB2,Gene_Expr
PYROXD1,Gene_Expr
IAPP,Gene_Expr
KCNJ8,Gene_Expr
TAS2R7,Gene_Expr
BCL2L14,Gene_Expr
TAS2R9,Gene_Expr
PSPC1,Gene_Expr
ZNF549,Gene_Expr
A1BG,Gene_Expr
ZSCAN18,Gene_Expr
ZNF211,Gene_Expr
PDZRN3,Gene_Expr
RGSL1,Gene_Expr
LHX4,Gene_Expr
RNF2,Gene_Expr
TRMT1L,Gene_Expr
SEC22A,Gene_Expr
CSTA,Gene_Expr
DPPA4,Gene_Expr
POPDC2,Gene_Expr
B4GALT4,Gene_Expr
NAA50,Gene_Expr
CD80,Gene_Expr
KIF18A,Gene_Expr
DESI2,Gene_Expr
MAPK8IP1,Gene_Expr
CRY2,Gene_Expr
PEX16,Gene_Expr
DEPDC7,Gene_Expr
CAT,Gene_Expr
PILRB,Gene_Expr
ZMYM2,Gene_Expr
GJB6,Gene_Expr
GJA3,Gene_Expr
TBC1D15,Gene_Expr
ADGRB2,Gene_Expr
HCRTR1,Gene_Expr
ZCCHC17,Gene_Expr
FABP3,Gene_Expr
KHDRBS1,Gene_Expr
TMEM39B,Gene_Expr
CCRL2,Gene_Expr
CCR2,Gene_Expr
POLR3GL,Gene_Expr
TNFSF10,Gene_Expr
ZNF639,Gene_Expr
SLITRK3,Gene_Expr
PIK3CA,Gene_Expr
PDS5A,Gene_Expr
TMEM156,Gene_Expr
LIAS,Gene_Expr
CPXM2,Gene_Expr
ZSCAN20,Gene_Expr
CSMD2,Gene_Expr
LRIF1,Gene_Expr
TMIGD3,Gene_Expr
CLCC1,Gene_Expr
GPSM2,Gene_Expr
GTDC1,Gene_Expr
CXCR4,Gene_Expr
ZRANB3,Gene_Expr
ACVR2A,Gene_Expr
POLK,Gene_Expr
SV2C,Gene_Expr
FLT3,Gene_Expr
RPL21,Gene_Expr
MTIF3,Gene_Expr
GTF3A,Gene_Expr
RASL11A,Gene_Expr
UBL3,Gene_Expr
FYTTD1,Gene_Expr
MTERF4,Gene_Expr
XPNPEP2,Gene_Expr
SASH3,Gene_Expr
OCRL,Gene_Expr
MRPS2,Gene_Expr
TBX22,Gene_Expr
FMOD,Gene_Expr
LAX1,Gene_Expr
PLG,Gene_Expr
KIAA1191,Gene_Expr
COPA,Gene_Expr
CD244,Gene_Expr
LY9,Gene_Expr
HS3ST2,Gene_Expr
RBBP6,Gene_Expr
ZC3H7A,Gene_Expr
SERAC1,Gene_Expr
ANXA11,Gene_Expr
LDB3,Gene_Expr
SHLD2,Gene_Expr
PRXL2A,Gene_Expr
ZNF205,Gene_Expr
NAA60,Gene_Expr
RPL5,Gene_Expr
ODF2L,Gene_Expr
PTGFR,Gene_Expr
TRMT13,Gene_Expr
LRRC39,Gene_Expr
RWDD3,Gene_Expr
ZNF644,Gene_Expr
CCDC18,Gene_Expr
RPAP2,Gene_Expr
SLC66A2,Gene_Expr
BBS9,Gene_Expr
PMS2,Gene_Expr
ZMIZ2,Gene_Expr
SEPTIN7,Gene_Expr
EEPD1,Gene_Expr
KLHL7,Gene_Expr
HERPUD2,Gene_Expr
CBX3,Gene_Expr
HNRNPA2B1,Gene_Expr
WIPF3,Gene_Expr
NXPH1,Gene_Expr
NPY,Gene_Expr
HYCC1,Gene_Expr
HOXA7,Gene_Expr
INHBA,Gene_Expr
FKBP9,Gene_Expr
NT5C3A,Gene_Expr
ARL4A,Gene_Expr
CCZ1,Gene_Expr
POLM,Gene_Expr
RAMP3,Gene_Expr
MRM2,Gene_Expr
TWIST1,Gene_Expr
SMU1,Gene_Expr
GLIPR2,Gene_Expr
SLC25A51,Gene_Expr
CLTA,Gene_Expr
RECK,Gene_Expr
SPINK4,Gene_Expr
TAF1L,Gene_Expr
ACO1,Gene_Expr
PHF24,Gene_Expr
DNAI1,Gene_Expr
DCAF10,Gene_Expr
KIAA1549,Gene_Expr
TRIM24,Gene_Expr
CYREN,Gene_Expr
CALD1,Gene_Expr
AKR1D1,Gene_Expr
NUDT10,Gene_Expr
SFTPA1,Gene_Expr
NEUROG3,Gene_Expr
PLAU,Gene_Expr
SRGN,Gene_Expr
CHST3,Gene_Expr
BICC1,Gene_Expr
CISD1,Gene_Expr
EGR2,Gene_Expr
ECD,Gene_Expr
P4HA1,Gene_Expr
SLC25A16,Gene_Expr
ZWINT,Gene_Expr
VPS26A,Gene_Expr
RBM19,Gene_Expr
CIT,Gene_Expr
IFT81,Gene_Expr
ACADS,Gene_Expr
HVCN1,Gene_Expr
DDX54,Gene_Expr
MED13L,Gene_Expr
CDKN2C,Gene_Expr
RNF11,Gene_Expr
RASSF8,Gene_Expr
BHLHE41,Gene_Expr
SSPN,Gene_Expr
ITPR2,Gene_Expr
CCDC91,Gene_Expr
NECAB1,Gene_Expr
WWP1,Gene_Expr
ACOT9,Gene_Expr
PRDX4,Gene_Expr
DDX39A,Gene_Expr
PKN1,Gene_Expr
TRIR,Gene_Expr
ADGRE5,Gene_Expr
WDR83,Gene_Expr
GIPC1,Gene_Expr
SPRYD7,Gene_Expr
EBPL,Gene_Expr
ATP7B,Gene_Expr
ZC3H13,Gene_Expr
NLN,Gene_Expr
CENPK,Gene_Expr
OPTN,Gene_Expr
ITIH5,Gene_Expr
ATF1,Gene_Expr
TSFM,Gene_Expr
NEUROD4,Gene_Expr
ARHGAP9,Gene_Expr
NCKAP1L,Gene_Expr
MMP19,Gene_Expr
PFDN5,Gene_Expr
SPATS2,Gene_Expr
ORMDL2,Gene_Expr
NR4A1,Gene_Expr
PDE1B,Gene_Expr
CDK2,Gene_Expr
LRP1,Gene_Expr
HOXC11,Gene_Expr
ATG101,Gene_Expr
NFE2,Gene_Expr
IKZF4,Gene_Expr
SMUG1,Gene_Expr
TUBA1B,Gene_Expr
EEF1AKMT3,Gene_Expr
KBTBD4,Gene_Expr
SARDH,Gene_Expr
DBH,Gene_Expr
ATPAF1,Gene_Expr
STIL,Gene_Expr
HJURP,Gene_Expr
IL13RA2,Gene_Expr
COL10A1,Gene_Expr
AMD1,Gene_Expr
NDUFAF4,Gene_Expr
USP45,Gene_Expr
PLP1,Gene_Expr
SERPINA7,Gene_Expr
MORF4L2,Gene_Expr
RAB9B,Gene_Expr
NRK,Gene_Expr
FAM199X,Gene_Expr
ATXN3L,Gene_Expr
RAB9A,Gene_Expr
METTL8,Gene_Expr
TTC21B,Gene_Expr
NMI,Gene_Expr
TNFAIP6,Gene_Expr
ACVR1C,Gene_Expr
BAZ2B,Gene_Expr
SLC36A1,Gene_Expr
LPGAT1,Gene_Expr
BATF3,Gene_Expr
G0S2,Gene_Expr
KCNJ2,Gene_Expr
RAP2C,Gene_Expr
EXOSC9,Gene_Expr
PLA2G12A,Gene_Expr
B9D2,Gene_Expr
COQ8B,Gene_Expr
PFKFB2,Gene_Expr
C4BPA,Gene_Expr
C4BPB,Gene_Expr
RAB38,Gene_Expr
GPR83,Gene_Expr
AGO2,Gene_Expr
MXD4,Gene_Expr
CKS2,Gene_Expr
DAW1,Gene_Expr
ACSL3,Gene_Expr
CHPF,Gene_Expr
DNPEP,Gene_Expr
INHA,Gene_Expr
MOGAT1,Gene_Expr
OBSL1,Gene_Expr
FAM124B,Gene_Expr
SLC12A4,Gene_Expr
ENKD1,Gene_Expr
GCNT7,Gene_Expr
CTCFL,Gene_Expr
FAM210B,Gene_Expr
PI3,Gene_Expr
FAM209A,Gene_Expr
SNX21,Gene_Expr
SLPI,Gene_Expr
WFDC3,Gene_Expr
TTPAL,Gene_Expr
PREX1,Gene_Expr
KCNS1,Gene_Expr
SLC12A5,Gene_Expr
ARHGAP40,Gene_Expr
SDC4,Gene_Expr
NCOA3,Gene_Expr
PIGT,Gene_Expr
SEMG2,Gene_Expr
MATN4,Gene_Expr
NCOA5,Gene_Expr
VAPB,Gene_Expr
PARD6B,Gene_Expr
ATP5F1E,Gene_Expr
CHD6,Gene_Expr
PLCG1,Gene_Expr
TOX2,Gene_Expr
SRSF6,Gene_Expr
GDAP1L1,Gene_Expr
ARFGEF2,Gene_Expr
ZNFX1,Gene_Expr
ZNF831,Gene_Expr
EDN3,Gene_Expr
CSE1L,Gene_Expr
PEDS1-UBE2V1,Gene_Expr
RAB22A,Gene_Expr
PTGIS,Gene_Expr
STAU1,Gene_Expr
CDH26,Gene_Expr
SNAI1,Gene_Expr
MOCS3,Gene_Expr
STX16,Gene_Expr
PMEPA1,Gene_Expr
RNF114,Gene_Expr
DDX27,Gene_Expr
RBPJL,Gene_Expr
SEMG1,Gene_Expr
BCAS4,Gene_Expr
TP53TG5,Gene_Expr
PCK1,Gene_Expr
ZBP1,Gene_Expr
NEURL2,Gene_Expr
MAGEA10,Gene_Expr
MTRR,Gene_Expr
FASTKD3,Gene_Expr
PEPD,Gene_Expr
CHST8,Gene_Expr
IQSEC2,Gene_Expr
VAMP7,Gene_Expr
IL9R,Gene_Expr
XG,Gene_Expr
STAMBP,Gene_Expr
NAGK,Gene_Expr
MCEE,Gene_Expr
PAIP2B,Gene_Expr
SNRNP27,Gene_Expr
MPHOSPH10,Gene_Expr
IL17C,Gene_Expr
ATP8A1,Gene_Expr
USP22,Gene_Expr
POF1B,Gene_Expr
HIF3A,Gene_Expr
ZNF576,Gene_Expr
ZNF45,Gene_Expr
LYPD3,Gene_Expr
PSG8,Gene_Expr
CEACAM8,Gene_Expr
USP9X,Gene_Expr
CRISP2,Gene_Expr
F13A1,Gene_Expr
GRM4,Gene_Expr
TRERF1,Gene_Expr
PACSIN1,Gene_Expr
BTN2A2,Gene_Expr
SIRT5,Gene_Expr
MRS2,Gene_Expr
WRNIP1,Gene_Expr
RRP36,Gene_Expr
BTN1A1,Gene_Expr
SNRPC,Gene_Expr
SLC17A3,Gene_Expr
SLC17A1,Gene_Expr
SERPINB6,Gene_Expr
XPO5,Gene_Expr
ABCC10,Gene_Expr
H1-3,Gene_Expr
PEX6,Gene_Expr
NQO2,Gene_Expr
OARD1,Gene_Expr
UNC5CL,Gene_Expr
AARS2,Gene_Expr
H1-1,Gene_Expr
ZNF391,Gene_Expr
RPS10,Gene_Expr
MOCS1,Gene_Expr
H2BC11,Gene_Expr
MED20,Gene_Expr
OR2B6,Gene_Expr
TBCC,Gene_Expr
SPDEF,Gene_Expr
TCP11,Gene_Expr
MAD2L1BP,Gene_Expr
APOBEC2,Gene_Expr
KLHDC3,Gene_Expr
GNMT,Gene_Expr
DNAH8,Gene_Expr
TREM1,Gene_Expr
MEA1,Gene_Expr
KLHL31,Gene_Expr
COL21A1,Gene_Expr
CDKN1A,Gene_Expr
SOX4,Gene_Expr
GLO1,Gene_Expr
CPNE5,Gene_Expr
KCNK17,Gene_Expr
RREB1,Gene_Expr
SSR1,Gene_Expr
RIOK1,Gene_Expr
NRN1,Gene_Expr
SLC35B3,Gene_Expr
RPP40,Gene_Expr
ATXN1,Gene_Expr
NUP153,Gene_Expr
DEK,Gene_Expr
EEF1E1,Gene_Expr
CRISP1,Gene_Expr
RUNX2,Gene_Expr
OPN5,Gene_Expr
GCM2,Gene_Expr
LRRFIP1,Gene_Expr
RAB17,Gene_Expr
CXCL6,Gene_Expr
EREG,Gene_Expr
TRIM51,Gene_Expr
MYRF,Gene_Expr
AHNAK,Gene_Expr
EMC3,Gene_Expr
SSUH2,Gene_Expr
WNT1,Gene_Expr
SH3TC1,Gene_Expr
CNOT1,Gene_Expr
FBXL9P,Gene_Expr
BBS2,Gene_Expr
MT1G,Gene_Expr
MT2A,Gene_Expr
PHAF1,Gene_Expr
GOT2,Gene_Expr
DOK4,Gene_Expr
PIWIL1,Gene_Expr
GPR18,Gene_Expr
CLYBL,Gene_Expr
TMTC4,Gene_Expr
RAP2A,Gene_Expr
SLC10A2,Gene_Expr
ABCC4,Gene_Expr
EFNB2,Gene_Expr
SOX21,Gene_Expr
TM9SF2,Gene_Expr
HROB,Gene_Expr
KIF25,Gene_Expr
IRF1,Gene_Expr
UPF3B,Gene_Expr
RNF113A,Gene_Expr
SEPTIN6,Gene_Expr
TMEM255A,Gene_Expr
NDUFA1,Gene_Expr
AMELX,Gene_Expr
DMAC2L,Gene_Expr
BMP4,Gene_Expr
PTGER2,Gene_Expr
FAM193A,Gene_Expr
GRK4,Gene_Expr
SOX9,Gene_Expr
TEKT3,Gene_Expr
MYH2,Gene_Expr
HS3ST3B1,Gene_Expr
SLC25A35,Gene_Expr
MRPS7,Gene_Expr
GGA3,Gene_Expr
ARMC7,Gene_Expr
NUP85,Gene_Expr
SLC25A19,Gene_Expr
MIF4GD,Gene_Expr
NT5C,Gene_Expr
MSTO1,Gene_Expr
MIR9-1HG,Gene_Expr
TTF1,Gene_Expr
GTF3C4,Gene_Expr
DDX31,Gene_Expr
KIR2DL1,Gene_Expr
PPP1R12C,Gene_Expr
MBOAT7,Gene_Expr
OPRL1,Gene_Expr
SLC2A4RG,Gene_Expr
FNDC11,Gene_Expr
BHLHE23,Gene_Expr
PPDPF,Gene_Expr
IL1B,Gene_Expr
PLGLB2,Gene_Expr
CHCHD5,Gene_Expr
PAX8,Gene_Expr
INSIG2,Gene_Expr
POLR1B,Gene_Expr
CCDC93,Gene_Expr
PSD4,Gene_Expr
SLC25A23,Gene_Expr
PSPN,Gene_Expr
GTF2F1,Gene_Expr
ALKBH7,Gene_Expr
CLPP,Gene_Expr
TNFSF9,Gene_Expr
GRIA3,Gene_Expr
THOC2,Gene_Expr
MED1,Gene_Expr
RPL23,Gene_Expr
ATG4C,Gene_Expr
CD70,Gene_Expr
C3,Gene_Expr
SH2D3A,Gene_Expr
TRIP10,Gene_Expr
GPR108,Gene_Expr
TNFSF14,Gene_Expr
FOSB,Gene_Expr
OPA3,Gene_Expr
SNRPD2,Gene_Expr
RTN2,Gene_Expr
EML2,Gene_Expr
VASP,Gene_Expr
SYMPK,Gene_Expr
GPCPD1,Gene_Expr
SDCBP2,Gene_Expr
PANK2,Gene_Expr
TGM3,Gene_Expr
GNRH2,Gene_Expr
FOXA2,Gene_Expr
CD93,Gene_Expr
GZF1,Gene_Expr
PAX1,Gene_Expr
NAPB,Gene_Expr
CENPB,Gene_Expr
PSMF1,Gene_Expr
DTD1,Gene_Expr
CSTL1,Gene_Expr
RBCK1,Gene_Expr
TMX4,Gene_Expr
STK35,Gene_Expr
SNRPB,Gene_Expr
NRSN2,Gene_Expr
AP5S1,Gene_Expr
RRBP1,Gene_Expr
BMP2,Gene_Expr
ZNF133,Gene_Expr
FLRT3,Gene_Expr
OVOL2,Gene_Expr
PCSK2,Gene_Expr
MKKS,Gene_Expr
BFSP1,Gene_Expr
DSTN,Gene_Expr
LAMP5,Gene_Expr
SNRPB2,Gene_Expr
MGME1,Gene_Expr
LRRN4,Gene_Expr
TBC1D20,Gene_Expr
ITPA,Gene_Expr
TCF15,Gene_Expr
OTOR,Gene_Expr
MCM8,Gene_Expr
TMEM74B,Gene_Expr
FAM110A,Gene_Expr
SIRPD,Gene_Expr
MRPS26,Gene_Expr
S1PR4,Gene_Expr
NCLN,Gene_Expr
HNRNPR,Gene_Expr
ZNF436,Gene_Expr
MAX,Gene_Expr
CHURC1-FNTB,Gene_Expr
ARMCX5,Gene_Expr
MMP24,Gene_Expr
NECAB3,Gene_Expr
ID1,Gene_Expr
RALY,Gene_Expr
DYNLRB1,Gene_Expr
EIF2S2,Gene_Expr
ERGIC3,Gene_Expr
ROMO1,Gene_Expr
BPIFB1,Gene_Expr
CEP250,Gene_Expr
PLAGL2,Gene_Expr
GRPR,Gene_Expr
KDM5C,Gene_Expr
AMOT,Gene_Expr
TMEM115,Gene_Expr
PSMB2,Gene_Expr
AGO3,Gene_Expr
UROD,Gene_Expr
ST3GAL3,Gene_Expr
TMEM53,Gene_Expr
HECTD3,Gene_Expr
KLC1,Gene_Expr
XRCC3,Gene_Expr
TUBGCP3,Gene_Expr
MCF2L,Gene_Expr
PCID2,Gene_Expr
PROZ,Gene_Expr
LRFN3,Gene_Expr
IGFLR1,Gene_Expr
CAPNS1,Gene_Expr
PDCD2L,Gene_Expr
RBM42,Gene_Expr
KIRREL2,Gene_Expr
UBA2,Gene_Expr
FFAR2,Gene_Expr
HCST,Gene_Expr
FFAR1,Gene_Expr
COX6B1,Gene_Expr
THRA,Gene_Expr
CCR7,Gene_Expr
NR1D1,Gene_Expr
FRMD8,Gene_Expr
PRDX5,Gene_Expr
BCL2L12,Gene_Expr
IRF3,Gene_Expr
PRMT1,Gene_Expr
RRAS,Gene_Expr
PRRG2,Gene_Expr
SCAF1,Gene_Expr
PRR12,Gene_Expr
TSKS,Gene_Expr
FLRT1,Gene_Expr
ASL,Gene_Expr
SBDS,Gene_Expr
CSN1S1,Gene_Expr
STATH,Gene_Expr
HTN1,Gene_Expr
STAT5A,Gene_Expr
WNK4,Gene_Expr
BECN1,Gene_Expr
PRKCG,Gene_Expr
TRAP1,Gene_Expr
GLIS2,Gene_Expr
NSRP1,Gene_Expr
DNAJC8,Gene_Expr
AHDC1,Gene_Expr
IFI6,Gene_Expr
DACH2,Gene_Expr
ZNF384,Gene_Expr
EMG1,Gene_Expr
SSX1,Gene_Expr
UXT,Gene_Expr
CFP,Gene_Expr
ELK1,Gene_Expr
TIMM17B,Gene_Expr
PCNX4,Gene_Expr
ATG14,Gene_Expr
KTN1,Gene_Expr
SIX1,Gene_Expr
RHOJ,Gene_Expr
DLGAP5,Gene_Expr
L3HYPDH,Gene_Expr
HSPA2,Gene_Expr
ZBTB1,Gene_Expr
TRMT5,Gene_Expr
SGPP1,Gene_Expr
PLEKHG3,Gene_Expr
PZP,Gene_Expr
PRDM7,Gene_Expr
RHOT1,Gene_Expr
EVI2A,Gene_Expr
OMG,Gene_Expr
DYNC2I1,Gene_Expr
AIF1L,Gene_Expr
FAM78A,Gene_Expr
NUP214,Gene_Expr
AVPR2,Gene_Expr
SLC10A3,Gene_Expr
MAP2K2,Gene_Expr
HNRNPH2,Gene_Expr
ARMCX1,Gene_Expr
TMEM35A,Gene_Expr
NXF5,Gene_Expr
TIMM8A,Gene_Expr
ZC4H2,Gene_Expr
CANX,Gene_Expr
INTS11,Gene_Expr
RGS13,Gene_Expr
IPPK,Gene_Expr
ZNF484,Gene_Expr
OMD,Gene_Expr
FGD3,Gene_Expr
HIVEP3,Gene_Expr
PPCS,Gene_Expr
BCL11B,Gene_Expr
COX7C,Gene_Expr
TRAF2,Gene_Expr
ABHD8,Gene_Expr
MASP1,Gene_Expr
ATP13A4,Gene_Expr
PLAAT1,Gene_Expr
HELB,Gene_Expr
RAP1B,Gene_Expr
TSPAN8,Gene_Expr
BEST3,Gene_Expr
RAB3IP,Gene_Expr
PTPRB,Gene_Expr
DYRK2,Gene_Expr
YEATS4,Gene_Expr
TAS2R3,Gene_Expr
TAS2R4,Gene_Expr
TAS2R5,Gene_Expr
LRRC61,Gene_Expr
TRPV5,Gene_Expr
IDUA,Gene_Expr
FGFRL1,Gene_Expr
TMEM175,Gene_Expr
AUNIP,Gene_Expr
PIN1,Gene_Expr
FBXL12,Gene_Expr
EMC1,Gene_Expr
PLA2G5,Gene_Expr
UBR4,Gene_Expr
HP1BP3,Gene_Expr
ADGRE2,Gene_Expr
SIN3B,Gene_Expr
SLC35E1,Gene_Expr
EPS15L1,Gene_Expr
KLF2,Gene_Expr
F2RL3,Gene_Expr
UQCR11,Gene_Expr
GFER,Gene_Expr
SYNGR3,Gene_Expr
PKMYT1,Gene_Expr
WFIKKN1,Gene_Expr
WDR24,Gene_Expr
FBXL16,Gene_Expr
CHTF18,Gene_Expr
GNG13,Gene_Expr
MACF1,Gene_Expr
SMARCA4,Gene_Expr
KDM4B,Gene_Expr
TICAM1,Gene_Expr
METTL25,Gene_Expr
IL17B,Gene_Expr
EMC6,Gene_Expr
METTL16,Gene_Expr
TUBA4A,Gene_Expr
VIL1,Gene_Expr
AAMP,Gene_Expr
PNKD,Gene_Expr
TNFRSF19,Gene_Expr
RNF6,Gene_Expr
ECHS1,Gene_Expr
ZNF835,Gene_Expr
AKAP9,Gene_Expr
GNG11,Gene_Expr
SEM1,Gene_Expr
GNGT1,Gene_Expr
HIP1,Gene_Expr
PTPN12,Gene_Expr
POR,Gene_Expr
FGL2,Gene_Expr
STYXL1,Gene_Expr
STEAP4,Gene_Expr
GNAI1,Gene_Expr
PEX1,Gene_Expr
MTERF1,Gene_Expr
SGCE,Gene_Expr
RBM48,Gene_Expr
CASD1,Gene_Expr
ZNF780B,Gene_Expr
LRFN1,Gene_Expr
ZFP36,Gene_Expr
SRD5A3,Gene_Expr
SPINK2,Gene_Expr
RASL11B,Gene_Expr
PAICS,Gene_Expr
KDR,Gene_Expr
PPAT,Gene_Expr
TUBGCP6,Gene_Expr
ADM2,Gene_Expr
DGCR6L,Gene_Expr
DGCR8,Gene_Expr
ASPHD2,Gene_Expr
VPREB3,Gene_Expr
SDF2L1,Gene_Expr
GAL3ST1,Gene_Expr
YWHAH,Gene_Expr
RFPL1,Gene_Expr
RFPL2,Gene_Expr
GNAZ,Gene_Expr
MGAT3,Gene_Expr
ADORA2A,Gene_Expr
ATF4,Gene_Expr
A4GALT,Gene_Expr
RFPL3,Gene_Expr
CDC42EP1,Gene_Expr
APOL3,Gene_Expr
MCHR1,Gene_Expr
TPST2,Gene_Expr
BAIAP2L2,Gene_Expr
MPST,Gene_Expr
TST,Gene_Expr
APOL5,Gene_Expr
IGLL1,Gene_Expr
APOL2,Gene_Expr
RAC2,Gene_Expr
LIF,Gene_Expr
C22orf23,Gene_Expr
APOBEC3A,Gene_Expr
APOBEC3F,Gene_Expr
RIBC2,Gene_Expr
KRT17,Gene_Expr
EMC4,Gene_Expr
RNF112,Gene_Expr
SPECC1,Gene_Expr
CPA4,Gene_Expr
DOCK4,Gene_Expr
POT1,Gene_Expr
ATP6V1F,Gene_Expr
LSM8,Gene_Expr
CDHR3,Gene_Expr
PRKRIP1,Gene_Expr
PODXL,Gene_Expr
FOXP2,Gene_Expr
STRIP2,Gene_Expr
IFT22,Gene_Expr
MKLN1,Gene_Expr
DNAJB9,Gene_Expr
FLNC,Gene_Expr
LRRC4,Gene_Expr
CALU,Gene_Expr
CCDC136,Gene_Expr
SMO,Gene_Expr
IRF5,Gene_Expr
LRRC17,Gene_Expr
KLHDC10,Gene_Expr
NDUFA5,Gene_Expr
OPN1SW,Gene_Expr
MRPS12,Gene_Expr
MYO1B,Gene_Expr
HOXD3,Gene_Expr
MTX2,Gene_Expr
PDE11A,Gene_Expr
CHN1,Gene_Expr
GAD1,Gene_Expr
OSGEPL1,Gene_Expr
ORMDL1,Gene_Expr
HAT1,Gene_Expr
HOXD10,Gene_Expr
HOXD13,Gene_Expr
HERC2,Gene_Expr
SNRPN,Gene_Expr
PSMG2,Gene_Expr
TWSG1,Gene_Expr
ARHGAP22,Gene_Expr
WDFY4,Gene_Expr
EIF2AK4,Gene_Expr
MYO5C,Gene_Expr
CGNL1,Gene_Expr
TMOD2,Gene_Expr
TTBK2,Gene_Expr
ELL3,Gene_Expr
CCDC32,Gene_Expr
INO80,Gene_Expr
ICE2,Gene_Expr
DLL4,Gene_Expr
ALDH1A2,Gene_Expr
MINDY2,Gene_Expr
IVD,Gene_Expr
KNSTRN,Gene_Expr
DUT,Gene_Expr
CHAC1,Gene_Expr
CLN6,Gene_Expr
ARPP19,Gene_Expr
VPS13C,Gene_Expr
CALML4,Gene_Expr
ISLR,Gene_Expr
THAP10,Gene_Expr
LOXL1,Gene_Expr
ACKR4,Gene_Expr
ANAPC13,Gene_Expr
MBD4,Gene_Expr
COPB1,Gene_Expr
PSMA1,Gene_Expr
SUMF2,Gene_Expr
PALLD,Gene_Expr
SPCS3,Gene_Expr
BBOX1,Gene_Expr
SERGEF,Gene_Expr
KCNC1,Gene_Expr
TPH1,Gene_Expr
CSRP3,Gene_Expr
E2F8,Gene_Expr
DCTD,Gene_Expr
SOX15,Gene_Expr
PIMREG,Gene_Expr
RPAIN,Gene_Expr
USP6,Gene_Expr
SHBG,Gene_Expr
PLD2,Gene_Expr
AIPL1,Gene_Expr
CD68,Gene_Expr
TXNDC17,Gene_Expr
ATP1B2,Gene_Expr
FXR2,Gene_Expr
KIF1C,Gene_Expr
MPDU1,Gene_Expr
PHF20L1,Gene_Expr
DNAAF11,Gene_Expr
CCNT1,Gene_Expr
PUS7L,Gene_Expr
KRI1,Gene_Expr
ILF3,Gene_Expr
SLC44A2,Gene_Expr
AP1M2,Gene_Expr
CDKN2D,Gene_Expr
MTUS1,Gene_Expr
SIGLEC9,Gene_Expr
KLK10,Gene_Expr
NGDN,Gene_Expr
RIPK3,Gene_Expr
ADCY4,Gene_Expr
RAB2B,Gene_Expr
BCL2L2,Gene_Expr
AJUBA,Gene_Expr
DTD2,Gene_Expr
PARP2,Gene_Expr
HEATR5A,Gene_Expr
FOXA1,Gene_Expr
SNX6,Gene_Expr
EAPP,Gene_Expr
EGLN3,Gene_Expr
MIS18BP1,Gene_Expr
NRL,Gene_Expr
RNASE1,Gene_Expr
NEDD8,Gene_Expr
DAD1,Gene_Expr
TEP1,Gene_Expr
EPB41L4A,Gene_Expr
CDO1,Gene_Expr
REEP5,Gene_Expr
ITFG1,Gene_Expr
QRICH2,Gene_Expr
FOXJ1,Gene_Expr
SEC14L1,Gene_Expr
RHBDF2,Gene_Expr
AANAT,Gene_Expr
ARHGEF6,Gene_Expr
MAP7D3,Gene_Expr
FGF13,Gene_Expr
ASH2L,Gene_Expr
TTI2,Gene_Expr
CHRNA10,Gene_Expr
CDKN1C,Gene_Expr
SGO1,Gene_Expr
RPS4Y1,Gene_Expr
KLF16,Gene_Expr
PGAP6,Gene_Expr
DOHH,Gene_Expr
MAU2,Gene_Expr
PLPPR3,Gene_Expr
INS-IGF2,Gene_Expr
ABHD17A,Gene_Expr
LBP,Gene_Expr
SYT5,Gene_Expr
TNNI3,Gene_Expr
CBFA2T3,Gene_Expr
GAMT,Gene_Expr
PUDP,Gene_Expr
ERMARD,Gene_Expr
PHF10,Gene_Expr
PRRG3,Gene_Expr
GALNT8,Gene_Expr
KCNA5,Gene_Expr
CRACR2A,Gene_Expr
NXNL2,Gene_Expr
STARD8,Gene_Expr
NALF2,Gene_Expr
GDPD2,Gene_Expr
SAT1,Gene_Expr
GNL3L,Gene_Expr
SH3BP4,Gene_Expr
MOSPD2,Gene_Expr
DOCK6,Gene_Expr
ECSIT,Gene_Expr
LDLR,Gene_Expr
ELOF1,Gene_Expr
TSPAN16,Gene_Expr
ANGPTL8,Gene_Expr
PRKCSH,Gene_Expr
CNN1,Gene_Expr
CDC16,Gene_Expr
THEM6,Gene_Expr
NECTIN2,Gene_Expr
APOE,Gene_Expr
TOMM40,Gene_Expr
APOC1,Gene_Expr
GADD45G,Gene_Expr
LRCH2,Gene_Expr
DPP6,Gene_Expr
XPO7,Gene_Expr
ACE2,Gene_Expr
FAM98C,Gene_Expr
SAFB2,Gene_Expr
RPL36,Gene_Expr
ATP8B3,Gene_Expr
GDF1,Gene_Expr
NCAN,Gene_Expr
KIF1A,Gene_Expr
GTPBP3,Gene_Expr
PLVAP,Gene_Expr
BST2,Gene_Expr
SLC27A1,Gene_Expr
NSUN5,Gene_Expr
USHBP1,Gene_Expr
COLGALT1,Gene_Expr
DDA1,Gene_Expr
MRPL34,Gene_Expr
PGLS,Gene_Expr
LSM7,Gene_Expr
TULP4,Gene_Expr
SNX9,Gene_Expr
RTN4IP1,Gene_Expr
QRSL1,Gene_Expr
MTRES1,Gene_Expr
RSPH3,Gene_Expr
MAS1,Gene_Expr
ACSBG2,Gene_Expr
MLLT1,Gene_Expr
FUT5,Gene_Expr
AFDN,Gene_Expr
ACTN4,Gene_Expr
STK33,Gene_Expr
NDUFA10,Gene_Expr
ARPC1B,Gene_Expr
CACNG6,Gene_Expr
ZSWIM6,Gene_Expr
FCHO1,Gene_Expr
UNC13A,Gene_Expr
MAP1S,Gene_Expr
KLHDC7B,Gene_Expr
PXDN,Gene_Expr
SSBP4,Gene_Expr
GDF15,Gene_Expr
PGPEP1,Gene_Expr
IQCN,Gene_Expr
LSM4,Gene_Expr
JUND,Gene_Expr
HRC,Gene_Expr
TRPM4,Gene_Expr
SULT4A1,Gene_Expr
ZNF557,Gene_Expr
CRB3,Gene_Expr
OLFM1,Gene_Expr
CAMSAP1,Gene_Expr
UBAC1,Gene_Expr
SAG,Gene_Expr
ZBTB46,Gene_Expr
HELZ2,Gene_Expr
SAMD10,Gene_Expr
LSP1,Gene_Expr
TNNT3,Gene_Expr
TNNI2,Gene_Expr
COL5A1,Gene_Expr
ATXN10,Gene_Expr
TUBGCP2,Gene_Expr
CYP2E1,Gene_Expr
PNPLA7,Gene_Expr
HBZ,Gene_Expr
PAK4,Gene_Expr
MNX1,Gene_Expr
ZNF337,Gene_Expr
CEP85,Gene_Expr
TAF4,Gene_Expr
GATA5,Gene_Expr
LAMA5,Gene_Expr
OSBPL2,Gene_Expr
ADRM1,Gene_Expr
ASS1,Gene_Expr
EXOSC2,Gene_Expr
POMT1,Gene_Expr
UCK1,Gene_Expr
CHMP2A,Gene_Expr
UBE2M,Gene_Expr
TRIM28,Gene_Expr
METTL26,Gene_Expr
YIPF2,Gene_Expr
ATG4D,Gene_Expr
EIF2S3,Gene_Expr
TMEM160,Gene_Expr
ZC3H4,Gene_Expr
NPAS1,Gene_Expr
GMFG,Gene_Expr
MAP3K10,Gene_Expr
ARHGEF16,Gene_Expr
LRRC47,Gene_Expr
SESN2,Gene_Expr
SMPDL3B,Gene_Expr
ATP5IF1,Gene_Expr
MED18,Gene_Expr
THEMIS2,Gene_Expr
CLIP1,Gene_Expr
CCDC62,Gene_Expr
HIP1R,Gene_Expr
ZNF317,Gene_Expr
PPAN,Gene_Expr
EIF3G,Gene_Expr
ANGPTL6,Gene_Expr
SHFL,Gene_Expr
DNMT1,Gene_Expr
ZNF426,Gene_Expr
SLC6A8,Gene_Expr
PNCK,Gene_Expr
DKC1,Gene_Expr
PLXNA3,Gene_Expr
DUSP9,Gene_Expr
MPP1,Gene_Expr
ZNF331,Gene_Expr
ZNF236,Gene_Expr
SLC7A10,Gene_Expr
LRP3,Gene_Expr
MTRFR,Gene_Expr
NOL11,Gene_Expr
UBE4B,Gene_Expr
CASZ1,Gene_Expr
PKDREJ,Gene_Expr
HSD17B3,Gene_Expr
NUTM2F,Gene_Expr
HABP4,Gene_Expr
FBP2,Gene_Expr
SLC35D2,Gene_Expr
PRRG1,Gene_Expr
UBA1,Gene_Expr
RGN,Gene_Expr
POLN,Gene_Expr
PPIL4,Gene_Expr
ULBP2,Gene_Expr
AKAP12,Gene_Expr
SYNE1,Gene_Expr
ULBP3,Gene_Expr
LATS1,Gene_Expr
EPS8L1,Gene_Expr
LILRB2,Gene_Expr
AAR2,Gene_Expr
TTLL9,Gene_Expr
RBM39,Gene_Expr
BPIFA3,Gene_Expr
ZNF341,Gene_Expr
GGT7,Gene_Expr
ACSS2,Gene_Expr
EDA2R,Gene_Expr
ARHGEF9,Gene_Expr
C1QL1,Gene_Expr
GFAP,Gene_Expr
HIGD1B,Gene_Expr
ATP6V1E1,Gene_Expr
ZNF227,Gene_Expr
ZNF428,Gene_Expr
TEX101,Gene_Expr
ZNF141,Gene_Expr
CCL25,Gene_Expr
COX4I1,Gene_Expr
EMC8,Gene_Expr
GSE1,Gene_Expr
GINS2,Gene_Expr
CHMP1A,Gene_Expr
SH3BGRL,Gene_Expr
COX7B,Gene_Expr
SLC34A1,Gene_Expr
F12,Gene_Expr
PRR7,Gene_Expr
NFATC1,Gene_Expr
IDO1,Gene_Expr
GJA9,Gene_Expr
CAP1,Gene_Expr
PPT1,Gene_Expr
RAB11FIP4,Gene_Expr
RLIM,Gene_Expr
CDX4,Gene_Expr
ABCB7,Gene_Expr
TRAF3,Gene_Expr
HAUS8,Gene_Expr
ADGRE3,Gene_Expr
MRPS25,Gene_Expr
SH3BP5,Gene_Expr
HACL1,Gene_Expr
TBC1D5,Gene_Expr
CAPN7,Gene_Expr
RFTN1,Gene_Expr
C3orf20,Gene_Expr
RBSN,Gene_Expr
GALNT15,Gene_Expr
SLC6A6,Gene_Expr
KCNC3,Gene_Expr
NAPSA,Gene_Expr
NR1H2,Gene_Expr
LRRC4B,Gene_Expr
PDLIM4,Gene_Expr
KIF3A,Gene_Expr
MGAT1,Gene_Expr
GFPT2,Gene_Expr
TUBG1,Gene_Expr
PSME3,Gene_Expr
RPL27,Gene_Expr
PSMC3IP,Gene_Expr
AOC3,Gene_Expr
ACLY,Gene_Expr
VPS25,Gene_Expr
AOC2,Gene_Expr
G6PC1,Gene_Expr
NDUFA2,Gene_Expr
ANKHD1,Gene_Expr
DIAPH1,Gene_Expr
NDFIP1,Gene_Expr
UBE2D2,Gene_Expr
EXOC4,Gene_Expr
ACAP3,Gene_Expr
C1orf159,Gene_Expr
ANO1,Gene_Expr
PPFIA1,Gene_Expr
TMEM204,Gene_Expr
KREMEN2,Gene_Expr
THOC6,Gene_Expr
TRAF7,Gene_Expr
NINJ1,Gene_Expr
CA6,Gene_Expr
NPHP4,Gene_Expr
MAP1B,Gene_Expr
IL13RA1,Gene_Expr
WDR44,Gene_Expr
CKMT2,Gene_Expr
ZCCHC9,Gene_Expr
KRT34,Gene_Expr
TNS4,Gene_Expr
TOP2A,Gene_Expr
STARD3,Gene_Expr
RARA,Gene_Expr
PPP1R1B,Gene_Expr
KHDRBS3,Gene_Expr
CHD1L,Gene_Expr
PEX11B,Gene_Expr
FMO5,Gene_Expr
PIAS3,Gene_Expr
PRKAB2,Gene_Expr
FSHB,Gene_Expr
PDHA1,Gene_Expr
MCCC2,Gene_Expr
ZNF304,Gene_Expr
ZSCAN5A,Gene_Expr
ZNF132,Gene_Expr
USP29,Gene_Expr
SELENOS,Gene_Expr
CHSY1,Gene_Expr
SNRPA1,Gene_Expr
LLGL1,Gene_Expr
LIN28A,Gene_Expr
THAP1,Gene_Expr
RHPN2,Gene_Expr
C19orf12,Gene_Expr
FAAP24,Gene_Expr
LRRC9,Gene_Expr
ACTR10,Gene_Expr
ABHD12B,Gene_Expr
GCH1,Gene_Expr
LGALS3,Gene_Expr
PODNL1,Gene_Expr
DNAJB1,Gene_Expr
ZSWIM4,Gene_Expr
FBXW9,Gene_Expr
RFX1,Gene_Expr
ZNF20,Gene_Expr
BRME1,Gene_Expr
DCAF15,Gene_Expr
CC2D1A,Gene_Expr
MATN3,Gene_Expr
TRIM21,Gene_Expr
SPATA6,Gene_Expr
LRRC41,Gene_Expr
CCT6B,Gene_Expr
DHX30,Gene_Expr
RAF1,Gene_Expr
SLC6A11,Gene_Expr
PPARG,Gene_Expr
NUP210,Gene_Expr
FCRLA,Gene_Expr
HSD17B7,Gene_Expr
ENOSF1,Gene_Expr
EMILIN2,Gene_Expr
SLX1A,Gene_Expr
ARFIP2,Gene_Expr
TRIM5,Gene_Expr
CNGA4,Gene_Expr
TRIM22,Gene_Expr
RRP8,Gene_Expr
TIMM10B,Gene_Expr
EFR3A,Gene_Expr
HHLA1,Gene_Expr
PTCD3,Gene_Expr
IMMT,Gene_Expr
MRPL35,Gene_Expr
IQCA1,Gene_Expr
ILKAP,Gene_Expr
PER2,Gene_Expr
RAMP1,Gene_Expr
SCLY,Gene_Expr
PTPRE,Gene_Expr
RAN,Gene_Expr
PRKAA1,Gene_Expr
CARD6,Gene_Expr
RAP1GAP2,Gene_Expr
CLUH,Gene_Expr
INPP5K,Gene_Expr
MYBBP1A,Gene_Expr
RPA1,Gene_Expr
SERPINF1,Gene_Expr
UBE2G1,Gene_Expr
EEFSEC,Gene_Expr
TBC1D14,Gene_Expr
TMEM128,Gene_Expr
COQ3,Gene_Expr
PNISR,Gene_Expr
POPDC3,Gene_Expr
SEC61G,Gene_Expr
LANCL2,Gene_Expr
FIGNL1,Gene_Expr
DDC,Gene_Expr
GRSF1,Gene_Expr
ENAM,Gene_Expr
JCHAIN,Gene_Expr
ANKRD17,Gene_Expr
UTP3,Gene_Expr
ITGB4,Gene_Expr
WBP2,Gene_Expr
H3-3B,Gene_Expr
UNK,Gene_Expr
TRIM47,Gene_Expr
ZRANB2,Gene_Expr
EIF5A,Gene_Expr
KDM6B,Gene_Expr
CLEC10A,Gene_Expr
GUCY2D,Gene_Expr
GPS2,Gene_Expr
XAF1,Gene_Expr
DLG4,Gene_Expr
RIDA,Gene_Expr
VPS13B,Gene_Expr
RGS22,Gene_Expr
MATN2,Gene_Expr
REEP2,Gene_Expr
PCBD2,Gene_Expr
SDF2,Gene_Expr
FLOT2,Gene_Expr
ERAL1,Gene_Expr
PRMT7,Gene_Expr
NIP7,Gene_Expr
TERF2,Gene_Expr
VPS4A,Gene_Expr
MTSS2,Gene_Expr
HSPA12B,Gene_Expr
ANKEF1,Gene_Expr
PCED1A,Gene_Expr
SNAP25,Gene_Expr
BTBD3,Gene_Expr
PCNA,Gene_Expr
NXT1,Gene_Expr
POLR3F,Gene_Expr
RIN2,Gene_Expr
PTPRA,Gene_Expr
DAP3,Gene_Expr
KHDC4,Gene_Expr
ATP1A4,Gene_Expr
NES,Gene_Expr
BCAN,Gene_Expr
CRP,Gene_Expr
ARHGEF11,Gene_Expr
RAB25,Gene_Expr
FCRL2,Gene_Expr
DCAF8,Gene_Expr
SYT11,Gene_Expr
IGHMBP2,Gene_Expr
ACY3,Gene_Expr
ALDH3B2,Gene_Expr
TESMIN,Gene_Expr
MMACHC,Gene_Expr
DPH2,Gene_Expr
TOE1,Gene_Expr
NASP,Gene_Expr
MUTYH,Gene_Expr
CTNNBL1,Gene_Expr
LPIN3,Gene_Expr
ZSWIM3,Gene_Expr
RBM38,Gene_Expr
VSTM2L,Gene_Expr
OSER1,Gene_Expr
SERINC3,Gene_Expr
PPP1R3D,Gene_Expr
DMGDH,Gene_Expr
BHMT2,Gene_Expr
AP3B1,Gene_Expr
ZBED3,Gene_Expr
PATJ,Gene_Expr
KANK4,Gene_Expr
ANGPTL3,Gene_Expr
SYT4,Gene_Expr
SLC14A2,Gene_Expr
FBXO44,Gene_Expr
CPLANE2,Gene_Expr
CASP9,Gene_Expr
NMUR2,Gene_Expr
DCTN4,Gene_Expr
PDE6A,Gene_Expr
ATP8A2,Gene_Expr
MTUS2,Gene_Expr
ZMYM5,Gene_Expr
USPL1,Gene_Expr
XPO4,Gene_Expr
TPTE2,Gene_Expr
POMP,Gene_Expr
CDK8,Gene_Expr
ALOX5AP,Gene_Expr
WASF3,Gene_Expr
RNF17,Gene_Expr
GPR12,Gene_Expr
CHRM3,Gene_Expr
MYH8,Gene_Expr
MYH10,Gene_Expr
PEMT,Gene_Expr
SCO1,Gene_Expr
MPRIP,Gene_Expr
CHI3L1,Gene_Expr
MYBPH,Gene_Expr
PIK3C2B,Gene_Expr
DSTYK,Gene_Expr
CHIT1,Gene_Expr
SLC41A1,Gene_Expr
LGR6,Gene_Expr
TMCC2,Gene_Expr
DCLK1,Gene_Expr
CCNA1,Gene_Expr
COG6,Gene_Expr
SPART,Gene_Expr
RXFP2,Gene_Expr
EPSTI1,Gene_Expr
TRPC4,Gene_Expr
POSTN,Gene_Expr
RFXAP,Gene_Expr
TPT1,Gene_Expr
GPALPP1,Gene_Expr
STOML3,Gene_Expr
KL,Gene_Expr
RFC3,Gene_Expr
STARD13,Gene_Expr
IRS4,Gene_Expr
MORC4,Gene_Expr
BEX2,Gene_Expr
RNF128,Gene_Expr
TBC1D8B,Gene_Expr
TCEAL4,Gene_Expr
BEX1,Gene_Expr
VCF1,Gene_Expr
SLC39A11,Gene_Expr
EPHB2,Gene_Expr
SRRM1,Gene_Expr
BTBD2,Gene_Expr
PRAM1,Gene_Expr
KMT5C,Gene_Expr
ZNF414,Gene_Expr
PDE6B,Gene_Expr
HSPBP1,Gene_Expr
CSNK1G2,Gene_Expr
SLF1,Gene_Expr
CNDP2,Gene_Expr
MACROD1,Gene_Expr
WDR74,Gene_Expr
LGALS12,Gene_Expr
RTN3,Gene_Expr
PLAAT4,Gene_Expr
PLAAT2,Gene_Expr
MYH11,Gene_Expr
CEP20,Gene_Expr
MED10,Gene_Expr
PDZD2,Gene_Expr
MORC2,Gene_Expr
LARGE1,Gene_Expr
MYO18B,Gene_Expr
SLC2A11,Gene_Expr
C1QTNF6,Gene_Expr
FAM83F,Gene_Expr
SEC14L4,Gene_Expr
GIMAP6,Gene_Expr
GIMAP4,Gene_Expr
ADCK2,Gene_Expr
MKRN1,Gene_Expr
AGAP3,Gene_Expr
KRBA1,Gene_Expr
ACTR3B,Gene_Expr
NTS,Gene_Expr
BTG1,Gene_Expr
LRRIQ1,Gene_Expr
RLIG1,Gene_Expr
ATP13A3,Gene_Expr
SFTPD,Gene_Expr
DYDC2,Gene_Expr
TMEM254,Gene_Expr
TMTC1,Gene_Expr
KRAS,Gene_Expr
IPO8,Gene_Expr
LARS1,Gene_Expr
SPINK5,Gene_Expr
IMPA1,Gene_Expr
LRRCC1,Gene_Expr
E2F5,Gene_Expr
CA1,Gene_Expr
CCDC59,Gene_Expr
SWAP70,Gene_Expr
BMAL1,Gene_Expr
LYVE1,Gene_Expr
AMPD3,Gene_Expr
SBF2,Gene_Expr
MICAL2,Gene_Expr
RRAS2,Gene_Expr
HSD17B4,Gene_Expr
ZFC3H1,Gene_Expr
TEX15,Gene_Expr
SARAF,Gene_Expr
RNF122,Gene_Expr
DUSP26,Gene_Expr
DPF2,Gene_Expr
MEN1,Gene_Expr
ERG28,Gene_Expr
GSC,Gene_Expr
DGLUCY,Gene_Expr
UNC79,Gene_Expr
NUMB,Gene_Expr
CATSPERB,Gene_Expr
VRTN,Gene_Expr
COX16,Gene_Expr
TTC9,Gene_Expr
MED6,Gene_Expr
EIF2S1,Gene_Expr
ADAM20,Gene_Expr
LOXL2,Gene_Expr
ELP3,Gene_Expr
PEBP4,Gene_Expr
ADAMDEC1,Gene_Expr
CTIF,Gene_Expr
MRO,Gene_Expr
MBD2,Gene_Expr
IER3IP1,Gene_Expr
KGD4,Gene_Expr
CCNB1,Gene_Expr
CDK7,Gene_Expr
CD180,Gene_Expr
IRAK2,Gene_Expr
CAMK1,Gene_Expr
THUMPD3,Gene_Expr
VHL,Gene_Expr
BHLHE40,Gene_Expr
ARL8B,Gene_Expr
EDEM1,Gene_Expr
CNTN6,Gene_Expr
CHL1,Gene_Expr
MEIS2,Gene_Expr
DPH6,Gene_Expr
KATNBL1,Gene_Expr
EMC7,Gene_Expr
TRPM1,Gene_Expr
GNAT2,Gene_Expr
GSTM1,Gene_Expr
PRPF38B,Gene_Expr
REG4,Gene_Expr
TSPAN2,Gene_Expr
TSHB,Gene_Expr
GSTM5,Gene_Expr
GSTM3,Gene_Expr
SYT6,Gene_Expr
VAV3,Gene_Expr
CHIA,Gene_Expr
PSRC1,Gene_Expr
HMGCS2,Gene_Expr
PTPN22,Gene_Expr
SORT1,Gene_Expr
WNT2B,Gene_Expr
PTGFRN,Gene_Expr
LAMTOR5,Gene_Expr
ADAM30,Gene_Expr
NOTCH2,Gene_Expr
TRIM45,Gene_Expr
CEPT1,Gene_Expr
CD101,Gene_Expr
VTCN1,Gene_Expr
AP4B1,Gene_Expr
NAPG,Gene_Expr
SPIRE1,Gene_Expr
PPHLN1,Gene_Expr
FKBP11,Gene_Expr
ARF3,Gene_Expr
TMEM106C,Gene_Expr
SLC38A2,Gene_Expr
YWHAQ,Gene_Expr
KIDINS220,Gene_Expr
GRHL1,Gene_Expr
ROCK2,Gene_Expr
RSAD2,Gene_Expr
MYCN,Gene_Expr
LPIN1,Gene_Expr
CMPK2,Gene_Expr
IAH1,Gene_Expr
LDHA,Gene_Expr
SAA2,Gene_Expr
ANO3,Gene_Expr
IL6ST,Gene_Expr
FST,Gene_Expr
CFHR4,Gene_Expr
NAV1,Gene_Expr
CDC73,Gene_Expr
TIMM17A,Gene_Expr
CRB1,Gene_Expr
CFHR5,Gene_Expr
ERN2,Gene_Expr
RPS15A,Gene_Expr
NARS1,Gene_Expr
RELCH,Gene_Expr
FBH1,Gene_Expr
RBM17,Gene_Expr
IL2RA,Gene_Expr
ANKRD16,Gene_Expr
ECHDC3,Gene_Expr
IL15RA,Gene_Expr
CCNH,Gene_Expr
HRH4,Gene_Expr
TMEM241,Gene_Expr
KCTD1,Gene_Expr
CABLES1,Gene_Expr
DOCK2,Gene_Expr
EMP1,Gene_Expr
SOX5,Gene_Expr
RERG,Gene_Expr
SLCO1B1,Gene_Expr
KLRD1,Gene_Expr
KLRC1,Gene_Expr
SPX,Gene_Expr
PRH2,Gene_Expr
LRP4,Gene_Expr
MYBPC3,Gene_Expr
DDB2,Gene_Expr
ACP2,Gene_Expr
USP26,Gene_Expr
RTL8C,Gene_Expr
RAB33A,Gene_Expr
RBMX2,Gene_Expr
STK26,Gene_Expr
PIWIL4,Gene_Expr
PUM1,Gene_Expr
SPOCD1,Gene_Expr
YARS1,Gene_Expr
PHC2,Gene_Expr
CDCA8,Gene_Expr
GNL2,Gene_Expr
AGO4,Gene_Expr
HOOK1,Gene_Expr
CYP2J2,Gene_Expr
BTF3L4,Gene_Expr
TUT4,Gene_Expr
PRPF38A,Gene_Expr
DSC2,Gene_Expr
DSG3,Gene_Expr
RNF138,Gene_Expr
ELP2,Gene_Expr
DSG1,Gene_Expr
DSC3,Gene_Expr
DSC1,Gene_Expr
DTNA,Gene_Expr
FHOD3,Gene_Expr
TPGS2,Gene_Expr
DAGLA,Gene_Expr
SLC43A3,Gene_Expr
TIMM10,Gene_Expr
CBLIF,Gene_Expr
DHX34,Gene_Expr
APLNR,Gene_Expr
FADS2,Gene_Expr
TMEM258,Gene_Expr
TCN1,Gene_Expr
C5AR2,Gene_Expr
TMEM165,Gene_Expr
CLOCK,Gene_Expr
PDGFRA,Gene_Expr
GGACT,Gene_Expr
COL4A2,Gene_Expr
CLDN10,Gene_Expr
DZIP1,Gene_Expr
UBAC2,Gene_Expr
ARGLU1,Gene_Expr
BIVM,Gene_Expr
ERCC5,Gene_Expr
TPP2,Gene_Expr
POGLUT2,Gene_Expr
CARS2,Gene_Expr
ARHGAP32,Gene_Expr
STT3A,Gene_Expr
ADAMTS8,Gene_Expr
ACRV1,Gene_Expr
ETS1,Gene_Expr
SLC37A2,Gene_Expr
KLB,Gene_Expr
TMED7,Gene_Expr
APC,Gene_Expr
NREP,Gene_Expr
WDR36,Gene_Expr
OSTF1,Gene_Expr
RFK,Gene_Expr
UBQLN1,Gene_Expr
NAA35,Gene_Expr
C9orf40,Gene_Expr
ANXA1,Gene_Expr
CTSL,Gene_Expr
CEMIP2,Gene_Expr
AGTPBP1,Gene_Expr
GOLM1,Gene_Expr
ENTREP1,Gene_Expr
PSAT1,Gene_Expr
ISCA1,Gene_Expr
ADAM19,Gene_Expr
HAVCR2,Gene_Expr
CCNJL,Gene_Expr
TAOK3,Gene_Expr
USP30,Gene_Expr
SDS,Gene_Expr
HNF1A,Gene_Expr
FBXO21,Gene_Expr
TBX3,Gene_Expr
OASL,Gene_Expr
HRK,Gene_Expr
RNFT2,Gene_Expr
P2RX4,Gene_Expr
BICDL1,Gene_Expr
DTX1,Gene_Expr
TRAFD1,Gene_Expr
DMTF1,Gene_Expr
TMEM243,Gene_Expr
CCDC146,Gene_Expr
TMEM60,Gene_Expr
CD36,Gene_Expr
UGT2A3,Gene_Expr
UGT2B28,Gene_Expr
PNPLA8,Gene_Expr
HILPDA,Gene_Expr
GARIN1B,Gene_Expr
RINT1,Gene_Expr
SRPK2,Gene_Expr
KCP,Gene_Expr
TES,Gene_Expr
MDFIC,Gene_Expr
MTO1,Gene_Expr
ADGRB3,Gene_Expr
ANKRD6,Gene_Expr
HTR1B,Gene_Expr
KHDC1,Gene_Expr
CEP162,Gene_Expr
SYNCRIP,Gene_Expr
SNX14,Gene_Expr
NT5E,Gene_Expr
MRAP2,Gene_Expr
EPHA7,Gene_Expr
AKIRIN2,Gene_Expr
ORC3,Gene_Expr
LCA5,Gene_Expr
MAP3K7,Gene_Expr
CGA,Gene_Expr
GJA10,Gene_Expr
PRR5L,Gene_Expr
LMO2,Gene_Expr
PHF21A,Gene_Expr
NAT10,Gene_Expr
EHF,Gene_Expr
ELF5,Gene_Expr
PRRG4,Gene_Expr
CAPRIN1,Gene_Expr
ATP5MC2,Gene_Expr
DNAJC14,Gene_Expr
CD63,Gene_Expr
PRPH,Gene_Expr
AVIL,Gene_Expr
AMHR2,Gene_Expr
GDF11,Gene_Expr
GLS2,Gene_Expr
ITGA7,Gene_Expr
TESPA1,Gene_Expr
FAM186B,Gene_Expr
RDH5,Gene_Expr
AGAP2,Gene_Expr
BLOC1S1,Gene_Expr
KRT85,Gene_Expr
CDK4,Gene_Expr
PPP1R1A,Gene_Expr
TROAP,Gene_Expr
TSPAN31,Gene_Expr
B4GALNT1,Gene_Expr
TFCP2,Gene_Expr
COQ10A,Gene_Expr
FAIM2,Gene_Expr
PAN2,Gene_Expr
ESPL1,Gene_Expr
ZC3H10,Gene_Expr
HNRNPA1,Gene_Expr
SLC26A10P,Gene_Expr
ACVR1B,Gene_Expr
OS9,Gene_Expr
MIP,Gene_Expr
KCNH3,Gene_Expr
LTV1,Gene_Expr
MAP7,Gene_Expr
CD164,Gene_Expr
AFG1L,Gene_Expr
NHSL1,Gene_Expr
AHI1,Gene_Expr
HEY2,Gene_Expr
PKIB,Gene_Expr
NMBR,Gene_Expr
SMPD2,Gene_Expr
MICAL1,Gene_Expr
REPS1,Gene_Expr
STX11,Gene_Expr
TEC,Gene_Expr
PRADC1,Gene_Expr
SEMA4F,Gene_Expr
CCT7,Gene_Expr
EGR4,Gene_Expr
RAB11FIP5,Gene_Expr
SMYD5,Gene_Expr
DYSF,Gene_Expr
CCDC142,Gene_Expr
EMX1,Gene_Expr
KCNMB4,Gene_Expr
USP15,Gene_Expr
GNS,Gene_Expr
CPM,Gene_Expr
MDM2,Gene_Expr
KLHL36,Gene_Expr
BCO1,Gene_Expr
MPHOSPH6,Gene_Expr
KIAA0513,Gene_Expr
DYNC1LI2,Gene_Expr
FBXL8,Gene_Expr
FHOD1,Gene_Expr
CCDC102A,Gene_Expr
SLC9A5,Gene_Expr
AGT,Gene_Expr
ZNF670-ZNF695,Gene_Expr
PCNX2,Gene_Expr
KCNK1,Gene_Expr
URB2,Gene_Expr
EGLN1,Gene_Expr
CAPN9,Gene_Expr
COG2,Gene_Expr
ABCB10,Gene_Expr
NTPCR,Gene_Expr
TAF5L,Gene_Expr
GLUL,Gene_Expr
STX6,Gene_Expr
RGS8,Gene_Expr
RNASEL,Gene_Expr
DHX9,Gene_Expr
KIAA1614,Gene_Expr
CEP350,Gene_Expr
NPL,Gene_Expr
NIBAN1,Gene_Expr
PIGC,Gene_Expr
LAMC1,Gene_Expr
RC3H1,Gene_Expr
GPR55,Gene_Expr
SP110,Gene_Expr
MRPL44,Gene_Expr
CHRND,Gene_Expr
PAX3,Gene_Expr
DOCK10,Gene_Expr
TTLL4,Gene_Expr
USP37,Gene_Expr
HTR2B,Gene_Expr
ITM2C,Gene_Expr
SLC19A3,Gene_Expr
SERPINE2,Gene_Expr
DNAJB2,Gene_Expr
WNT10A,Gene_Expr
TMBIM1,Gene_Expr
CYP27A1,Gene_Expr
EIF4E2,Gene_Expr
ARMC9,Gene_Expr
CAB39,Gene_Expr
COX5B,Gene_Expr
REV1,Gene_Expr
TSGA10,Gene_Expr
MFSD9,Gene_Expr
TMEM127,Gene_Expr
EDAR,Gene_Expr
TGFBRAP1,Gene_Expr
GCC2,Gene_Expr
MRPS9,Gene_Expr
C2orf49,Gene_Expr
ANKRD36,Gene_Expr
EPC2,Gene_Expr
ARHGEF4,Gene_Expr
ISCU,Gene_Expr
ALDH1L2,Gene_Expr
STAB2,Gene_Expr
USP44,Gene_Expr
SCYL2,Gene_Expr
CKAP4,Gene_Expr
PLXNC1,Gene_Expr
APPL2,Gene_Expr
PWP1,Gene_Expr
DRAM1,Gene_Expr
WASHC4,Gene_Expr
SLC41A2,Gene_Expr
VILL,Gene_Expr
FLNB,Gene_Expr
NEK3,Gene_Expr
PCDH8,Gene_Expr
VPS36,Gene_Expr
RNASEH2B,Gene_Expr
CKAP2,Gene_Expr
CNMD,Gene_Expr
TBC1D4,Gene_Expr
THSD1,Gene_Expr
BORA,Gene_Expr
LRCH1,Gene_Expr
SUCLA2,Gene_Expr
RCBTB1,Gene_Expr
MED4,Gene_Expr
PHF11,Gene_Expr
COG3,Gene_Expr
LMO7,Gene_Expr
SCEL,Gene_Expr
ITM2B,Gene_Expr
SPRY2,Gene_Expr
NUDT15,Gene_Expr
EDNRB,Gene_Expr
RCBTB2,Gene_Expr
LCP1,Gene_Expr
SETDB2,Gene_Expr
SCRN1,Gene_Expr
C7orf25,Gene_Expr
TNS3,Gene_Expr
SPDYE1,Gene_Expr
CHST12,Gene_Expr
IGF2BP3,Gene_Expr
GPNMB,Gene_Expr
RAPGEF5,Gene_Expr
RAC1,Gene_Expr
KDELR2,Gene_Expr
NUP42,Gene_Expr
IL6,Gene_Expr
ZDHHC4,Gene_Expr
AOAH,Gene_Expr
BZW2,Gene_Expr
DGKB,Gene_Expr
TBRG4,Gene_Expr
DDX56,Gene_Expr
HUS1,Gene_Expr
NACAD,Gene_Expr
DBNL,Gene_Expr
CCM2,Gene_Expr
MYO1G,Gene_Expr
TTYH3,Gene_Expr
CIDEB,Gene_Expr
TTC5,Gene_Expr
NKX2-1,Gene_Expr
ZFHX2,Gene_Expr
MTHFS,Gene_Expr
ADAMTS7,Gene_Expr
ABHD17C,Gene_Expr
IREB2,Gene_Expr
ALPK3,Gene_Expr
TM6SF1,Gene_Expr
CIB2,Gene_Expr
CALCOCO2,Gene_Expr
RSAD1,Gene_Expr
NMT1,Gene_Expr
MYCBPAP,Gene_Expr
SRSF1,Gene_Expr
VEZF1,Gene_Expr
CHAD,Gene_Expr
TACO1,Gene_Expr
TEX2,Gene_Expr
DCAF7,Gene_Expr
LIMD2,Gene_Expr
BRIP1,Gene_Expr
KAT7,Gene_Expr
RTP4,Gene_Expr
ACTL6A,Gene_Expr
NDUFB5,Gene_Expr
MRPL47,Gene_Expr
TRA2B,Gene_Expr
SCN2A,Gene_Expr
TBR1,Gene_Expr
MARCHF7,Gene_Expr
ERMN,Gene_Expr
GALNT5,Gene_Expr
SCN7A,Gene_Expr
TANK,Gene_Expr
BLK,Gene_Expr
GATA4,Gene_Expr
SKIL,Gene_Expr
EPRS1,Gene_Expr
HLX,Gene_Expr
VPS45,Gene_Expr
IL10,Gene_Expr
KCTD3,Gene_Expr
RPS6KC1,Gene_Expr
ZNG1B,Gene_Expr
IL36G,Gene_Expr
IL1RN,Gene_Expr
IL36RN,Gene_Expr
IL36B,Gene_Expr
IL1F10,Gene_Expr
SMPD4,Gene_Expr
WDR33,Gene_Expr
VMA22,Gene_Expr
SAP130,Gene_Expr
BIN1,Gene_Expr
IMP4,Gene_Expr
HS6ST1,Gene_Expr
UGGT1,Gene_Expr
GYPC,Gene_Expr
STAM,Gene_Expr
GAD2,Gene_Expr
ABI1,Gene_Expr
YME1L1,Gene_Expr
DNAJC1,Gene_Expr
NIPSNAP3A,Gene_Expr
LRRC8A,Gene_Expr
CDK9,Gene_Expr
TXN,Gene_Expr
ODF2,Gene_Expr
ECPAS,Gene_Expr
TOR1B,Gene_Expr
C9orf78,Gene_Expr
SMC2,Gene_Expr
KLF4,Gene_Expr
TOR1A,Gene_Expr
RALGPS1,Gene_Expr
NIBAN2,Gene_Expr
OR1J1,Gene_Expr
ST6GALNAC4,Gene_Expr
TMOD1,Gene_Expr
DAB2IP,Gene_Expr
STXBP1,Gene_Expr
SLC2A8,Gene_Expr
ANGPTL2,Gene_Expr
CDK5RAP2,Gene_Expr
ZFP37,Gene_Expr
SLC31A2,Gene_Expr
SLC31A1,Gene_Expr
TLR4,Gene_Expr
ZNF189,Gene_Expr
ALDOB,Gene_Expr
STX17,Gene_Expr
PRPF4,Gene_Expr
FPGS,Gene_Expr
USP20,Gene_Expr
BAAT,Gene_Expr
ATP6V1G1,Gene_Expr
TEX10,Gene_Expr
GARNL3,Gene_Expr
MRPL50,Gene_Expr
DPM2,Gene_Expr
WDR38,Gene_Expr
TSTD2,Gene_Expr
GABBR2,Gene_Expr
HEMGN,Gene_Expr
PSMB7,Gene_Expr
NR5A1,Gene_Expr
TRMO,Gene_Expr
RABEPK,Gene_Expr
GOLGA1,Gene_Expr
XPA,Gene_Expr
NCBP1,Gene_Expr
ANP32B,Gene_Expr
PDCL,Gene_Expr
RPL35,Gene_Expr
CTSV,Gene_Expr
LMX1B,Gene_Expr
ARPC5L,Gene_Expr
ENPP2,Gene_Expr
DSCC1,Gene_Expr
DERL1,Gene_Expr
MYC,Gene_Expr
CCN3,Gene_Expr
IL33,Gene_Expr
DMAC1,Gene_Expr
RANBP6,Gene_Expr
POLR1E,Gene_Expr
PLAA,Gene_Expr
IL11RA,Gene_Expr
UBAP2,Gene_Expr
APTX,Gene_Expr
RNF38,Gene_Expr
TLN1,Gene_Expr
SIT1,Gene_Expr
IFNA21,Gene_Expr
DMRT1,Gene_Expr
DNAJB5,Gene_Expr
SPAG8,Gene_Expr
DCTN3,Gene_Expr
CD72,Gene_Expr
TMEM8B,Gene_Expr
GRHPR,Gene_Expr
ALDH1B1,Gene_Expr
HINT2,Gene_Expr
ARHGEF39,Gene_Expr
IGFBPL1,Gene_Expr
DENND4C,Gene_Expr
RPS6,Gene_Expr
CNPY3,Gene_Expr
FOXP4,Gene_Expr
PPIL1,Gene_Expr
KLC4,Gene_Expr
KIF13A,Gene_Expr
ZSCAN9,Gene_Expr
PIM1,Gene_Expr
GMPR,Gene_Expr
CMTR1,Gene_Expr
TFAP2A,Gene_Expr
SLC22A7,Gene_Expr
YIPF3,Gene_Expr
TMEM14B,Gene_Expr
TMEM63B,Gene_Expr
FRS3,Gene_Expr
TJAP1,Gene_Expr
CAPN11,Gene_Expr
TINAG,Gene_Expr
HCRTR2,Gene_Expr
KIAA0319,Gene_Expr
IRF4,Gene_Expr
SLC22A23,Gene_Expr
TUBB2A,Gene_Expr
LRRC1,Gene_Expr
GCM1,Gene_Expr
FOXF2,Gene_Expr
BPHL,Gene_Expr
RIPK1,Gene_Expr
TUBB2B,Gene_Expr
UQCC2,Gene_Expr
HMGA1,Gene_Expr
TCF19,Gene_Expr
FLOT1,Gene_Expr
IER3,Gene_Expr
MDC1,Gene_Expr
PGBD1,Gene_Expr
ATAT1,Gene_Expr
TPMT,Gene_Expr
RNF144B,Gene_Expr
NRM,Gene_Expr
MTCH1,Gene_Expr
VARS2,Gene_Expr
TAF8,Gene_Expr
FAM8A1,Gene_Expr
C6orf52,Gene_Expr
FGFBP1,Gene_Expr
FGFBP2,Gene_Expr
CPEB2,Gene_Expr
FHDC1,Gene_Expr
TLR2,Gene_Expr
MGARP,Gene_Expr
TTC29,Gene_Expr
MYO7A,Gene_Expr
FCHSD2,Gene_Expr
ARRB1,Gene_Expr
SLCO2B1,Gene_Expr
THAP12,Gene_Expr
ANKRD42,Gene_Expr
IL18BP,Gene_Expr
NUMA1,Gene_Expr
CCDC90B,Gene_Expr
SYTL2,Gene_Expr
RAB30,Gene_Expr
CREBZF,Gene_Expr
LRRC32,Gene_Expr
PRCP,Gene_Expr
NARS2,Gene_Expr
RNF121,Gene_Expr
MRPL15,Gene_Expr
PI15,Gene_Expr
TTPA,Gene_Expr
GGH,Gene_Expr
SLCO5A1,Gene_Expr
SULF1,Gene_Expr
TGS1,Gene_Expr
SDCBP,Gene_Expr
NEK1,Gene_Expr
DDX60,Gene_Expr
NXPE4,Gene_Expr
SORL1,Gene_Expr
TMPRSS4,Gene_Expr
BUD13,Gene_Expr
TRPC6,Gene_Expr
MMP7,Gene_Expr
MMP20,Gene_Expr
MMP27,Gene_Expr
CFAP300,Gene_Expr
DCUN1D5,Gene_Expr
YAP1,Gene_Expr
TRIM29,Gene_Expr
SLC37A4,Gene_Expr
BTG4,Gene_Expr
POU2F3,Gene_Expr
RDX,Gene_Expr
PPP2R1B,Gene_Expr
FDX1,Gene_Expr
CFAP68,Gene_Expr
FXYD6,Gene_Expr
ARHGAP20,Gene_Expr
FXYD2,Gene_Expr
MMP13,Gene_Expr
TMPRSS13,Gene_Expr
CASP1,Gene_Expr
CASP5,Gene_Expr
ALKBH8,Gene_Expr
MAP2K5,Gene_Expr
UNC13C,Gene_Expr
SQOR,Gene_Expr
CTDSPL2,Gene_Expr
SLTM,Gene_Expr
THBS1,Gene_Expr
MAPKBP1,Gene_Expr
NUSAP1,Gene_Expr
NDUFAF1,Gene_Expr
KIF23,Gene_Expr
ITGA11,Gene_Expr
KNL1,Gene_Expr
HAUS2,Gene_Expr
RTF1,Gene_Expr
PARP6,Gene_Expr
RPLP1,Gene_Expr
PAQR5,Gene_Expr
LRRC49,Gene_Expr
TUBGCP4,Gene_Expr
RMDN3,Gene_Expr
ITPKA,Gene_Expr
UACA,Gene_Expr
SMAD6,Gene_Expr
PLCB2,Gene_Expr
TMEM62,Gene_Expr
PAK6,Gene_Expr
ADAM10,Gene_Expr
DUOX1,Gene_Expr
SLC28A2,Gene_Expr
STRA6,Gene_Expr
CYP19A1,Gene_Expr
ZNF280D,Gene_Expr
SEMA6D,Gene_Expr
BCL2L10,Gene_Expr
RSL24D1,Gene_Expr
SPTBN5,Gene_Expr
GCOM1,Gene_Expr
GCHFR,Gene_Expr
BCAR3,Gene_Expr
TTLL7,Gene_Expr
FNBP1L,Gene_Expr
KYAT3,Gene_Expr
GTF2B,Gene_Expr
BRDT,Gene_Expr
RABGGTB,Gene_Expr
IFI44L,Gene_Expr
GIPC2,Gene_Expr
ARHGAP29,Gene_Expr
IFI44,Gene_Expr
SLC44A5,Gene_Expr
CLCA2,Gene_Expr
DNASE2B,Gene_Expr
DBT,Gene_Expr
RTCA,Gene_Expr
IFT172,Gene_Expr
SELENOI,Gene_Expr
CGREF1,Gene_Expr
HADHB,Gene_Expr
KHK,Gene_Expr
ADCY3,Gene_Expr
PPM1B,Gene_Expr
PNPT1,Gene_Expr
DYNC2LI1,Gene_Expr
LHCGR,Gene_Expr
THUMPD2,Gene_Expr
CYP1B1,Gene_Expr
SULT6B1,Gene_Expr
RAB1A,Gene_Expr
ACTR2,Gene_Expr
PREB,Gene_Expr
SLC5A6,Gene_Expr
ABCG5,Gene_Expr
PREPL,Gene_Expr
SLC3A1,Gene_Expr
EMILIN1,Gene_Expr
FBXO11,Gene_Expr
SIX3,Gene_Expr
ATRAID,Gene_Expr
CENPO,Gene_Expr
LRPPRC,Gene_Expr
TRIM54,Gene_Expr
DTNB,Gene_Expr
ACTR1A,Gene_Expr
CYP2C9,Gene_Expr
MFSD13A,Gene_Expr
CYP2C8,Gene_Expr
MYOF,Gene_Expr
LOXL4,Gene_Expr
STAMBPL1,Gene_Expr
CH25H,Gene_Expr
ATAD1,Gene_Expr
BTBD16,Gene_Expr
KIF11,Gene_Expr
CUZD1,Gene_Expr
TACC2,Gene_Expr
DUSP5,Gene_Expr
CALHM2,Gene_Expr
ARL3,Gene_Expr
CEP55,Gene_Expr
KIF20B,Gene_Expr
ENTPD1,Gene_Expr
EXOC6,Gene_Expr
PLCE1,Gene_Expr
RBP4,Gene_Expr
DBR1,Gene_Expr
DNAJC13,Gene_Expr
GPR87,Gene_Expr
ANXA7,Gene_Expr
FAM149B1,Gene_Expr
ASCC1,Gene_Expr
ZNF365,Gene_Expr
OIT3,Gene_Expr
ADAMTS14,Gene_Expr
RPS24,Gene_Expr
TET1,Gene_Expr
DNA2,Gene_Expr
MYPN,Gene_Expr
AOX1,Gene_Expr
ATIC,Gene_Expr
SMARCAL1,Gene_Expr
BARD1,Gene_Expr
STAT4,Gene_Expr
MSTN,Gene_Expr
CARF,Gene_Expr
ASNSD1,Gene_Expr
METTL5,Gene_Expr
SSB,Gene_Expr
NAB1,Gene_Expr
CDK15,Gene_Expr
PPIG,Gene_Expr
FASTKD1,Gene_Expr
MDH1B,Gene_Expr
HECW2,Gene_Expr
IDH1,Gene_Expr
OLA1,Gene_Expr
CIR1,Gene_Expr
ITPRID2,Gene_Expr
CHRNA1,Gene_Expr
FAM117B,Gene_Expr
WDR12,Gene_Expr
ABI2,Gene_Expr
ITGAV,Gene_Expr
SLC40A1,Gene_Expr
SLC35A5,Gene_Expr
SLC49A4,Gene_Expr
SENP7,Gene_Expr
GUCA1C,Gene_Expr
CCDC54,Gene_Expr
COX17,Gene_Expr
PARP9,Gene_Expr
MNS1,Gene_Expr
USP8,Gene_Expr
SECISBP2L,Gene_Expr
TMOD3,Gene_Expr
SPPL2A,Gene_Expr
GLCE,Gene_Expr
SHF,Gene_Expr
APH1B,Gene_Expr
INTS14,Gene_Expr
CILP,Gene_Expr
PARP16,Gene_Expr
PPCDC,Gene_Expr
HCN4,Gene_Expr
SEMA7A,Gene_Expr
UBL7,Gene_Expr
ARHGAP24,Gene_Expr
FAM13A,Gene_Expr
HERC3,Gene_Expr
HERC6,Gene_Expr
HERC5,Gene_Expr
PCDH10,Gene_Expr
NDST4,Gene_Expr
ZGRF1,Gene_Expr
AP1AR,Gene_Expr
COPS4,Gene_Expr
HNRNPD,Gene_Expr
PRKG2,Gene_Expr
RASGEF1B,Gene_Expr
SEC31A,Gene_Expr
FGF5,Gene_Expr
GPAT3,Gene_Expr
FGF2,Gene_Expr
BBS7,Gene_Expr
BLTP1,Gene_Expr
BMPR1B,Gene_Expr
RAP1GDS1,Gene_Expr
LARP1B,Gene_Expr
MMRN1,Gene_Expr
PDE5A,Gene_Expr
PRDM5,Gene_Expr
TRPC3,Gene_Expr
NAAA,Gene_Expr
NUP54,Gene_Expr
CXCL9,Gene_Expr
BMP2K,Gene_Expr
G3BP2,Gene_Expr
SEPTIN11,Gene_Expr
FRAS1,Gene_Expr
SCARB2,Gene_Expr
CCNG2,Gene_Expr
CNOT6L,Gene_Expr
USO1,Gene_Expr
CDKL2,Gene_Expr
SHROOM3,Gene_Expr
ANXA3,Gene_Expr
PPA2,Gene_Expr
CENPE,Gene_Expr
GSTCD,Gene_Expr
INTS12,Gene_Expr
ENPEP,Gene_Expr
CASP6,Gene_Expr
LEF1,Gene_Expr
HADH,Gene_Expr
EGF,Gene_Expr
PAPSS1,Gene_Expr
SEC24B,Gene_Expr
C4orf17,Gene_Expr
PPP3CA,Gene_Expr
SLC39A8,Gene_Expr
MTTP,Gene_Expr
FBN2,Gene_Expr
MAPK8IP3,Gene_Expr
RGS3,Gene_Expr
GUCD1,Gene_Expr
TTLL8,Gene_Expr
RNF185,Gene_Expr
SHISAL1,Gene_Expr
PARVG,Gene_Expr
B4GALNT3,Gene_Expr
PDE6H,Gene_Expr
ERP27,Gene_Expr
ETV6,Gene_Expr
GABARAPL1,Gene_Expr
KIF21A,Gene_Expr
CPNE8,Gene_Expr
YARS2,Gene_Expr
FGD4,Gene_Expr
ALG10,Gene_Expr
PIK3C2G,Gene_Expr
SINHCAF,Gene_Expr
PLCZ1,Gene_Expr
AEBP2,Gene_Expr
SLCO1C1,Gene_Expr
ETFBKMT,Gene_Expr
ETNK1,Gene_Expr
ZCRB1,Gene_Expr
TMEM117,Gene_Expr
PRICKLE1,Gene_Expr
C1RL,Gene_Expr
NDUFA9,Gene_Expr
CLSTN3,Gene_Expr
KLRG1,Gene_Expr
VAMP1,Gene_Expr
TAPBPL,Gene_Expr
CD27,Gene_Expr
RBP5,Gene_Expr
PEX5,Gene_Expr
PIANP,Gene_Expr
SLC38A4,Gene_Expr
AMIGO2,Gene_Expr
SCAF11,Gene_Expr
COL2A1,Gene_Expr
PPFIA2,Gene_Expr
LLPH,Gene_Expr
LRIG3,Gene_Expr
MARCHF9,Gene_Expr
INHBE,Gene_Expr
GLIPR1,Gene_Expr
TPH2,Gene_Expr
PHLDA1,Gene_Expr
TMEM19,Gene_Expr
LGR5,Gene_Expr
PTPRQ,Gene_Expr
DUSP6,Gene_Expr
POC1B,Gene_Expr
TMTC3,Gene_Expr
LUM,Gene_Expr
KERA,Gene_Expr
SNRPF,Gene_Expr
AMDHD1,Gene_Expr
NEDD1,Gene_Expr
SYCP3,Gene_Expr
GAS2L3,Gene_Expr
TMEM132B,Gene_Expr
SLC15A4,Gene_Expr
TDG,Gene_Expr
RITA1,Gene_Expr
SDSL,Gene_Expr
MMAB,Gene_Expr
GLTP,Gene_Expr
GIT2,Gene_Expr
TCHP,Gene_Expr
FAM222A,Gene_Expr
FOXN4,Gene_Expr
NUP58,Gene_Expr
MTMR6,Gene_Expr
SLC46A3,Gene_Expr
SLC7A1,Gene_Expr
PDX1,Gene_Expr
LNX2,Gene_Expr
SUOX,Gene_Expr
CCDC65,Gene_Expr
SLC39A5,Gene_Expr
TARBP2,Gene_Expr
RDH16,Gene_Expr
ACVRL1,Gene_Expr
GPR84,Gene_Expr
NPFF,Gene_Expr
NABP2,Gene_Expr
N4BP2L1,Gene_Expr
CELA1,Gene_Expr
SMARCC2,Gene_Expr
BRCA2,Gene_Expr
KANSL2,Gene_Expr
CERS5,Gene_Expr
MAP3K12,Gene_Expr
ITGB7,Gene_Expr
GALNT6,Gene_Expr
CSAD,Gene_Expr
LMBR1L,Gene_Expr
MYG1,Gene_Expr
ESYT1,Gene_Expr
TMBIM6,Gene_Expr
ANKRD52,Gene_Expr
KRT71,Gene_Expr
ZNF740,Gene_Expr
WDFY2,Gene_Expr
HNRNPA1L2,Gene_Expr
LPAR6,Gene_Expr
ESD,Gene_Expr
RB1,Gene_Expr
SBNO1,Gene_Expr
MORN3,Gene_Expr
SETD1B,Gene_Expr
VPS33A,Gene_Expr
VPS37B,Gene_Expr
RHOF,Gene_Expr
DENR,Gene_Expr
DIAPH3,Gene_Expr
SLAIN1,Gene_Expr
RBM26,Gene_Expr
SRRM4,Gene_Expr
METTL21C,Gene_Expr
MBNL2,Gene_Expr
ZIC5,Gene_Expr
ABHD13,Gene_Expr
RAB20,Gene_Expr
GRTP1,Gene_Expr
CUL4A,Gene_Expr
TTC6,Gene_Expr
SSTR1,Gene_Expr
CDH24,Gene_Expr
REM2,Gene_Expr
CBLN3,Gene_Expr
TSSK4,Gene_Expr
NOVA1,Gene_Expr
FITM1,Gene_Expr
MDGA2,Gene_Expr
TMX1,Gene_Expr
FRMD6,Gene_Expr
PELI2,Gene_Expr
RTN1,Gene_Expr
ARMH4,Gene_Expr
SYT16,Gene_Expr
SLC38A6,Gene_Expr
NAA30,Gene_Expr
ADAM21,Gene_Expr
RDH12,Gene_Expr
DCAF5,Gene_Expr
RAB15,Gene_Expr
WDR89,Gene_Expr
ESR2,Gene_Expr
KCNH5,Gene_Expr
STON2,Gene_Expr
EFCAB11,Gene_Expr
GPR65,Gene_Expr
PTGR2,Gene_Expr
JDP2,Gene_Expr
AK7,Gene_Expr
SLC24A4,Gene_Expr
FBLN5,Gene_Expr
SERPINA10,Gene_Expr
CLBA1,Gene_Expr
WARS1,Gene_Expr
SLC25A47,Gene_Expr
WDR20,Gene_Expr
NIPA2,Gene_Expr
SLC12A6,Gene_Expr
DUOXA1,Gene_Expr
MFAP1,Gene_Expr
TCF12,Gene_Expr
SORD,Gene_Expr
SERF2,Gene_Expr
ZSCAN29,Gene_Expr
DUOXA2,Gene_Expr
DUOX2,Gene_Expr
LYSMD2,Gene_Expr
SLC27A2,Gene_Expr
FGF7,Gene_Expr
HDC,Gene_Expr
GCNT3,Gene_Expr
BNIP2,Gene_Expr
GTF2A2,Gene_Expr
SRP14,Gene_Expr
BAHD1,Gene_Expr
DISP2,Gene_Expr
CDAN1,Gene_Expr
TLE3,Gene_Expr
ANP32A,Gene_Expr
COMMD4,Gene_Expr
UBE2Q2,Gene_Expr
PSTPIP1,Gene_Expr
ETFA,Gene_Expr
BCL2A1,Gene_Expr
HMG20A,Gene_Expr
SCAPER,Gene_Expr
TSPAN3,Gene_Expr
SKIC8,Gene_Expr
NCOA2,Gene_Expr
NEIL1,Gene_Expr
MAN2C1,Gene_Expr
DNAJA4,Gene_Expr
TLNRD1,Gene_Expr
TPM1,Gene_Expr
IGF1R,Gene_Expr
ARRDC4,Gene_Expr
PIF1,Gene_Expr
USP3,Gene_Expr
CYP11A1,Gene_Expr
BBS4,Gene_Expr
PML,Gene_Expr
CYP1A1,Gene_Expr
ADAMTS17,Gene_Expr
LINS1,Gene_Expr
ULK3,Gene_Expr
PCSK6,Gene_Expr
CCDC33,Gene_Expr
CELF6,Gene_Expr
SCAMP2,Gene_Expr
LMAN1L,Gene_Expr
HAPLN3,Gene_Expr
RHCG,Gene_Expr
POLG,Gene_Expr
RLBP1,Gene_Expr
FANCI,Gene_Expr
ABHD2,Gene_Expr
WDR93,Gene_Expr
TICRR,Gene_Expr
NTRK3,Gene_Expr
DET1,Gene_Expr
MFGE8,Gene_Expr
ZNF710,Gene_Expr
UNC45A,Gene_Expr
ST8SIA2,Gene_Expr
MCTP2,Gene_Expr
FURIN,Gene_Expr
IQGAP1,Gene_Expr
CRTC3,Gene_Expr
EFL1,Gene_Expr
SH3GL3,Gene_Expr
SEC11A,Gene_Expr
SEPTIN12,Gene_Expr
GLYR1,Gene_Expr
PMM2,Gene_Expr
SLC5A2,Gene_Expr
ITGAX,Gene_Expr
TGFB1I1,Gene_Expr
RUSF1,Gene_Expr
ARMC5,Gene_Expr
PARN,Gene_Expr
FTO,Gene_Expr
UQCRC2,Gene_Expr
CDR2,Gene_Expr
IGSF6,Gene_Expr
ARHGAP17,Gene_Expr
MYLK3,Gene_Expr
ABCC12,Gene_Expr
NKD1,Gene_Expr
DHX38,Gene_Expr
TXNL4B,Gene_Expr
MARVELD3,Gene_Expr
CHST4,Gene_Expr
ZFHX3,Gene_Expr
CLEC18B,Gene_Expr
CPNE2,Gene_Expr
NLRC5,Gene_Expr
KATNB1,Gene_Expr
KIFC3,Gene_Expr
ADAMTS18,Gene_Expr
NUDT7,Gene_Expr
GCSH,Gene_Expr
CMTM3,Gene_Expr
CMTM2,Gene_Expr
CDH11,Gene_Expr
NOL3,Gene_Expr
MAP1LC3B,Gene_Expr
MBTPS1,Gene_Expr
CDH13,Gene_Expr
ZCCHC14,Gene_Expr
MEAK7,Gene_Expr
ADAD2,Gene_Expr
OSGIN1,Gene_Expr
IRF8,Gene_Expr
RHOT2,Gene_Expr
RPL3L,Gene_Expr
ZSCAN32,Gene_Expr
RPS2,Gene_Expr
NDUFB10,Gene_Expr
PDPK1,Gene_Expr
TIGD7,Gene_Expr
DEF8,Gene_Expr
TCF25,Gene_Expr
GALNS,Gene_Expr
GAS8,Gene_Expr
MED9,Gene_Expr
NCOR1,Gene_Expr
COPS3,Gene_Expr
GID4,Gene_Expr
ZNF287,Gene_Expr
MYOCD,Gene_Expr
KSR1,Gene_Expr
UTP4,Gene_Expr
RANBP10,Gene_Expr
CTRL,Gene_Expr
DPEP3,Gene_Expr
GFOD2,Gene_Expr
NOB1,Gene_Expr
PRPSAP2,Gene_Expr
UNC45B,Gene_Expr
PCTP,Gene_Expr
TOM1L1,Gene_Expr
KIF2B,Gene_Expr
MTNAP1,Gene_Expr
TOB1,Gene_Expr
VPS53,Gene_Expr
SPATA22,Gene_Expr
SGSM2,Gene_Expr
NPEPPS,Gene_Expr
SKAP1,Gene_Expr
LRRC46,Gene_Expr
SCRN2,Gene_Expr
SSH2,Gene_Expr
RHBDL3,Gene_Expr
ARSG,Gene_Expr
ABCA8,Gene_Expr
G6PC3,Gene_Expr
CLTC,Gene_Expr
CHCT1,Gene_Expr
BCAS3,Gene_Expr
PTRH2,Gene_Expr
SS18,Gene_Expr
TAF4B,Gene_Expr
AFG3L2,Gene_Expr
PRELID3A,Gene_Expr
IMPA2,Gene_Expr
GNAL,Gene_Expr
SLC39A6,Gene_Expr
RPRD1A,Gene_Expr
C18orf21,Gene_Expr
GALNT1,Gene_Expr
ASXL3,Gene_Expr
ADCYAP1,Gene_Expr
MEP1B,Gene_Expr
GAREM1,Gene_Expr
ESCO1,Gene_Expr
OSBPL1A,Gene_Expr
GATA6,Gene_Expr
GREB1L,Gene_Expr
RMC1,Gene_Expr
PELP1,Gene_Expr
NPC1,Gene_Expr
SLC14A1,Gene_Expr
ARRB2,Gene_Expr
SLC13A5,Gene_Expr
ZMYND15,Gene_Expr
WRAP53,Gene_Expr
MINK1,Gene_Expr
SAT2,Gene_Expr
ASGR1,Gene_Expr
PIK3R5,Gene_Expr
TP53,Gene_Expr
CCDC40,Gene_Expr
ARHGDIA,Gene_Expr
TMC6,Gene_Expr
SLC16A3,Gene_Expr
CARD14,Gene_Expr
TTYH2,Gene_Expr
RAB40B,Gene_Expr
EIF4A3,Gene_Expr
CSNK1D,Gene_Expr
ANAPC11,Gene_Expr
TBCD,Gene_Expr
FN3KRP,Gene_Expr
NARF,Gene_Expr
RPTOR,Gene_Expr
FOXK2,Gene_Expr
TRIM65,Gene_Expr
CBX8,Gene_Expr
SECTM1,Gene_Expr
RNF157,Gene_Expr
CEP131,Gene_Expr
ZNF750,Gene_Expr
WDR45B,Gene_Expr
CBX4,Gene_Expr
ARK2C,Gene_Expr
DYM,Gene_Expr
MAPK4,Gene_Expr
ELAC1,Gene_Expr
MBD1,Gene_Expr
SMAD4,Gene_Expr
TNFRSF11A,Gene_Expr
ZCCHC2,Gene_Expr
FBXO15,Gene_Expr
CBLN2,Gene_Expr
PMAIP1,Gene_Expr
P3H4,Gene_Expr
NT5C3B,Gene_Expr
RETREG3,Gene_Expr
ERBB2,Gene_Expr
GRB7,Gene_Expr
MIEN1,Gene_Expr
PNMT,Gene_Expr
ARL5C,Gene_Expr
IGFBP4,Gene_Expr
FKBP10,Gene_Expr
TXNL4A,Gene_Expr
CACNA1A,Gene_Expr
MISP3,Gene_Expr
SAMD1,Gene_Expr
BRD4,Gene_Expr
SLC39A3,Gene_Expr
NFIC,Gene_Expr
TPGS1,Gene_Expr
PLPP2,Gene_Expr
ZIM3,Gene_Expr
PRDM15,Gene_Expr
PFKL,Gene_Expr
FEM1A,Gene_Expr
VAV1,Gene_Expr
MVB12A,Gene_Expr
CIB3,Gene_Expr
SH3GL1,Gene_Expr
DUS3L,Gene_Expr
DPP9,Gene_Expr
DMRTC2,Gene_Expr
CCDC97,Gene_Expr
TMEM91,Gene_Expr
ZFP14,Gene_Expr
SIRT3,Gene_Expr
IFITM3,Gene_Expr
PGGHG,Gene_Expr
HUNK,Gene_Expr
COL6A1,Gene_Expr
IFNAR1,Gene_Expr
SOD1,Gene_Expr
COL6A2,Gene_Expr
SIK1,Gene_Expr
TRPM2,Gene_Expr
SCYL1,Gene_Expr
TMEM50B,Gene_Expr
APP,Gene_Expr
DOP1B,Gene_Expr
URB1,Gene_Expr
AKT1,Gene_Expr
IL19,Gene_Expr
EMP3,Gene_Expr
SAE1,Gene_Expr
NTN5,Gene_Expr
LMTK3,Gene_Expr
GEMIN7,Gene_Expr
WTIP,Gene_Expr
ADAMTS10,Gene_Expr
SLC6A3,Gene_Expr
RNPEPL1,Gene_Expr
CAPN10,Gene_Expr
MYO1F,Gene_Expr
NLRP12,Gene_Expr
CACNG8,Gene_Expr
ZNF787,Gene_Expr
TIMM29,Gene_Expr
FBN3,Gene_Expr
CARM1,Gene_Expr
EVI5L,Gene_Expr
SLC47A1,Gene_Expr
PSMB6,Gene_Expr
GPR32,Gene_Expr
SIGLEC10,Gene_Expr
ACP4,Gene_Expr
KLK3,Gene_Expr
ZNF473,Gene_Expr
GARIN5A,Gene_Expr
RPS11,Gene_Expr
RPL13A,Gene_Expr
CTU1,Gene_Expr
NOSIP,Gene_Expr
IGLON5,Gene_Expr
RCN3,Gene_Expr
ZNF614,Gene_Expr
SLC2A5,Gene_Expr
RERE,Gene_Expr
MMEL1,Gene_Expr
CFAP74,Gene_Expr
PRDM16,Gene_Expr
CELA2A,Gene_Expr
PADI3,Gene_Expr
FHAD1,Gene_Expr
PADI1,Gene_Expr
EPHA2,Gene_Expr
ARHGEF19,Gene_Expr
EFHD2,Gene_Expr
PEX14,Gene_Expr
PGD,Gene_Expr
MYOM3,Gene_Expr
SH3BGRL3,Gene_Expr
CNKSR1,Gene_Expr
RPL11,Gene_Expr
ZNF593,Gene_Expr
C1orf216,Gene_Expr
KIAA0319L,Gene_Expr
EVA1B,Gene_Expr
DMRTA2,Gene_Expr
PLK4,Gene_Expr
MAP3K6,Gene_Expr
FCN3,Gene_Expr
GPN2,Gene_Expr
SYTL1,Gene_Expr
WDTC1,Gene_Expr
NBPF3,Gene_Expr
HSPG2,Gene_Expr
ITGB3BP,Gene_Expr
SERBP1,Gene_Expr
BCL10,Gene_Expr
CCN1,Gene_Expr
PRKACB,Gene_Expr
PIGK,Gene_Expr
TINAGL1,Gene_Expr
AZIN2,Gene_Expr
RPS8,Gene_Expr
KIF2C,Gene_Expr
PTPRF,Gene_Expr
BEST4,Gene_Expr
MOB3C,Gene_Expr
CYP4B1,Gene_Expr
LMO4,Gene_Expr
SYPL2,Gene_Expr
MTF2,Gene_Expr
SLC44A3,Gene_Expr
IGSF3,Gene_Expr
ZNF697,Gene_Expr
CTTNBP2NL,Gene_Expr
STRIP1,Gene_Expr
PSMA5,Gene_Expr
FNDC7,Gene_Expr
C1orf162,Gene_Expr
CD53,Gene_Expr
CELSR2,Gene_Expr
ITGA10,Gene_Expr
GPR161,Gene_Expr
ALDH9A1,Gene_Expr
ATP1B1,Gene_Expr
TIPRL,Gene_Expr
NME7,Gene_Expr
POGK,Gene_Expr
MPC2,Gene_Expr
CREG1,Gene_Expr
DCAF6,Gene_Expr
GPA33,Gene_Expr
RXRG,Gene_Expr
TBX19,Gene_Expr
UCK2,Gene_Expr
TMCO1,Gene_Expr
XCL1,Gene_Expr
XCL2,Gene_Expr
POU2F1,Gene_Expr
MAEL,Gene_Expr
ILDR2,Gene_Expr
DPT,Gene_Expr
MGST3,Gene_Expr
ADCY10,Gene_Expr
COP1,Gene_Expr
NECTIN4,Gene_Expr
UFC1,Gene_Expr
PPOX,Gene_Expr
FCGR2A,Gene_Expr
NUF2,Gene_Expr
RGS5,Gene_Expr
SDHC,Gene_Expr
PFDN2,Gene_Expr
NR1I3,Gene_Expr
USP21,Gene_Expr
F13B,Gene_Expr
PRCC,Gene_Expr
FCRL5,Gene_Expr
METTL25B,Gene_Expr
MRPL24,Gene_Expr
PIGM,Gene_Expr
CASQ1,Gene_Expr
ISG20L2,Gene_Expr
HDGF,Gene_Expr
ABL2,Gene_Expr
XPR1,Gene_Expr
RGS16,Gene_Expr
TOR1AIP1,Gene_Expr
FAM163A,Gene_Expr
HMCN1,Gene_Expr
RGL1,Gene_Expr
LYPLAL1,Gene_Expr
LHX9,Gene_Expr
PRUNE1,Gene_Expr
RORC,Gene_Expr
TUFT1,Gene_Expr
SF3B4,Gene_Expr
ECM1,Gene_Expr
ZNF687,Gene_Expr
TARS2,Gene_Expr
CGN,Gene_Expr
SNX27,Gene_Expr
SETDB1,Gene_Expr
ADAMTSL4,Gene_Expr
MCL1,Gene_Expr
CTSK,Gene_Expr
RFX5,Gene_Expr
PI4KB,Gene_Expr
PIP5K1A,Gene_Expr
ANP32E,Gene_Expr
MINDY1,Gene_Expr
ANXA9,Gene_Expr
SELENBP1,Gene_Expr
CERS2,Gene_Expr
ENSA,Gene_Expr
SEMA6C,Gene_Expr
MRPL9,Gene_Expr
ARNT,Gene_Expr
POGZ,Gene_Expr
C1orf56,Gene_Expr
OAZ3,Gene_Expr
HORMAD1,Gene_Expr
GOLPH3L,Gene_Expr
GABPB2,Gene_Expr
SYT14,Gene_Expr
KCNH1,Gene_Expr
DTL,Gene_Expr
DYRK3,Gene_Expr
EIF2D,Gene_Expr
INTS7,Gene_Expr
VASH2,Gene_Expr
TAF1A,Gene_Expr
SMYD2,Gene_Expr
SUSD4,Gene_Expr
DUSP10,Gene_Expr
HHIPL2,Gene_Expr
TP53BP2,Gene_Expr
ATP8B2,Gene_Expr
FLG2,Gene_Expr
CRNN,Gene_Expr
ADAM15,Gene_Expr
JTB,Gene_Expr
RAB13,Gene_Expr
S100A8,Gene_Expr
TPM3,Gene_Expr
NUP210L,Gene_Expr
SNAPIN,Gene_Expr
SLC27A3,Gene_Expr
UBAP2L,Gene_Expr
SLC39A1,Gene_Expr
HAX1,Gene_Expr
CREB3L4,Gene_Expr
EFNA3,Gene_Expr
AQP10,Gene_Expr
KCNN3,Gene_Expr
C1orf43,Gene_Expr
GATAD2B,Gene_Expr
ILF2,Gene_Expr
RIT1,Gene_Expr
INTS3,Gene_Expr
PKLR,Gene_Expr
HCN3,Gene_Expr
FLG,Gene_Expr
ACTA1,Gene_Expr
FSAF1,Gene_Expr
GALNT2,Gene_Expr
TTC13,Gene_Expr
SCCPDH,Gene_Expr
LYST,Gene_Expr
MAP3K21,Gene_Expr
CEP170,Gene_Expr
ACP1,Gene_Expr
SNAP47,Gene_Expr
SRP9,Gene_Expr
NVL,Gene_Expr
SDE2,Gene_Expr
DEGS1,Gene_Expr
FBXO28,Gene_Expr
ARF1,Gene_Expr
CNIH4,Gene_Expr
ITPKB,Gene_Expr
GUK1,Gene_Expr
CDC42BPA,Gene_Expr
CNIH3,Gene_Expr
C1orf35,Gene_Expr
MBOAT2,Gene_Expr
PARP1,Gene_Expr
PSEN2,Gene_Expr
PYCR2,Gene_Expr
LBR,Gene_Expr
WNT9A,Gene_Expr
EPHX1,Gene_Expr
REN,Gene_Expr
SOX13,Gene_Expr
ETNK2,Gene_Expr
PPFIA4,Gene_Expr
PLEKHA6,Gene_Expr
PTPN7,Gene_Expr
SYT2,Gene_Expr
ARL8A,Gene_Expr
OSR1,Gene_Expr
GDF7,Gene_Expr
PDIA6,Gene_Expr
RHOB,Gene_Expr
ATP6V1C2,Gene_Expr
HNRNPLL,Gene_Expr
GALM,Gene_Expr
CAMKMT,Gene_Expr
ABCG8,Gene_Expr
EML4,Gene_Expr
CALM2,Gene_Expr
CHAC2,Gene_Expr
RPS27A,Gene_Expr
WDPCP,Gene_Expr
VPS54,Gene_Expr
REG3G,Gene_Expr
ASXL2,Gene_Expr
ETAA1,Gene_Expr
SNRPG,Gene_Expr
ABHD1,Gene_Expr
MEIS1,Gene_Expr
TRIM43,Gene_Expr
CIAO1,Gene_Expr
ZNF514,Gene_Expr
SNRNP200,Gene_Expr
MRPS5,Gene_Expr
ANKRD53,Gene_Expr
TPRKB,Gene_Expr
EXOC6B,Gene_Expr
SFXN5,Gene_Expr
TEX261,Gene_Expr
DQX1,Gene_Expr
DUSP11,Gene_Expr
ST6GAL2,Gene_Expr
NPHP1,Gene_Expr
MALL,Gene_Expr
THNSL2,Gene_Expr
RALB,Gene_Expr
TMEM177,Gene_Expr
NT5DC4,Gene_Expr
RABL2A,Gene_Expr
SLC20A1,Gene_Expr
FBLN7,Gene_Expr
ZC3H8,Gene_Expr
LIPT1,Gene_Expr
CNGA3,Gene_Expr
FAHD2B,Gene_Expr
LYG1,Gene_Expr
AFF3,Gene_Expr
UBXN4,Gene_Expr
SPOPL,Gene_Expr
THSD7B,Gene_Expr
POLR2D,Gene_Expr
AMMECR1L,Gene_Expr
GALNT13,Gene_Expr
PKP4,Gene_Expr
SCN1A,Gene_Expr
SLC4A10,Gene_Expr
SCRN3,Gene_Expr
LNPK,Gene_Expr
ZNF385B,Gene_Expr
TMEFF2,Gene_Expr
CDCA7,Gene_Expr
DLX1,Gene_Expr
UBR3,Gene_Expr
PHOSPHO2,Gene_Expr
GULP1,Gene_Expr
FAM171B,Gene_Expr
HSPD1,Gene_Expr
CCDC150,Gene_Expr
METTL21A,Gene_Expr
UNC80,Gene_Expr
PTH2R,Gene_Expr
CPO,Gene_Expr
NBEAL1,Gene_Expr
KANSL1L,Gene_Expr
SPAG16,Gene_Expr
ABCA12,Gene_Expr
SUMF1,Gene_Expr
NYAP2,Gene_Expr
RHBDD1,Gene_Expr
ACKR3,Gene_Expr
TRPM8,Gene_Expr
HES6,Gene_Expr
ESPNL,Gene_Expr
ANKMY1,Gene_Expr
COPS7B,Gene_Expr
DIS3L2,Gene_Expr
CPNE9,Gene_Expr
FANCD2,Gene_Expr
TAMM41,Gene_Expr
VGLL4,Gene_Expr
RAB5A,Gene_Expr
RETREG2,Gene_Expr
CTDSP1,Gene_Expr
CNOT9,Gene_Expr
MARCHF4,Gene_Expr
STK11IP,Gene_Expr
GMPPA,Gene_Expr
GRIP2,Gene_Expr
EAF1,Gene_Expr
CNTN4,Gene_Expr
DYNC1LI1,Gene_Expr
RBMS3,Gene_Expr
GADL1,Gene_Expr
OSBPL10,Gene_Expr
POMGNT2,Gene_Expr
ACKR2,Gene_Expr
GASK1A,Gene_Expr
CSRNP1,Gene_Expr
SLC25A38,Gene_Expr
ITGA9,Gene_Expr
SLC22A14,Gene_Expr
GOLGA4,Gene_Expr
CTDSPL,Gene_Expr
STAC,Gene_Expr
IQSEC1,Gene_Expr
CAND2,Gene_Expr
RPL32,Gene_Expr
PTPRG,Gene_Expr
IL17RD,Gene_Expr
SHQ1,Gene_Expr
SLC25A26,Gene_Expr
UBA3,Gene_Expr
ARL6IP5,Gene_Expr
TMF1,Gene_Expr
LRIG1,Gene_Expr
LIMD1,Gene_Expr
ZNF660,Gene_Expr
NFKBIZ,Gene_Expr
COL8A1,Gene_Expr
NXPE3,Gene_Expr
ADGRG7,Gene_Expr
MYH15,Gene_Expr
PHLDB2,Gene_Expr
ABHD10,Gene_Expr
TAGLN3,Gene_Expr
PLA1A,Gene_Expr
RABL3,Gene_Expr
ADPRH,Gene_Expr
IGSF11,Gene_Expr
ATG3,Gene_Expr
NR1I2,Gene_Expr
BOC,Gene_Expr
SRPRB,Gene_Expr
TMEM108,Gene_Expr
AGTR1,Gene_Expr
MED12L,Gene_Expr
EIF2A,Gene_Expr
ALDH1L1,Gene_Expr
OSBPL11,Gene_Expr
TRPC1,Gene_Expr
NCEH1,Gene_Expr
SPATA16,Gene_Expr
LPP,Gene_Expr
TMEM44,Gene_Expr
RUBCN,Gene_Expr
AMT,Gene_Expr
TCTA,Gene_Expr
NICN1,Gene_Expr
UCN2,Gene_Expr
DCAF1,Gene_Expr
MANF,Gene_Expr
STXBP5L,Gene_Expr
EAF2,Gene_Expr
ILDR1,Gene_Expr
TM4SF19,Gene_Expr
MUC4,Gene_Expr
SLIT2,Gene_Expr
EIF2B5,Gene_Expr
AHSG,Gene_Expr
ECE2,Gene_Expr
VWA5B2,Gene_Expr
DGKQ,Gene_Expr
FIP1L1,Gene_Expr
SLC26A1,Gene_Expr
LYAR,Gene_Expr
CENPC,Gene_Expr
EPHA5,Gene_Expr
CORIN,Gene_Expr
ATP10D,Gene_Expr
OCIAD2,Gene_Expr
SLC10A4,Gene_Expr
SLC10A6,Gene_Expr
SCD5,Gene_Expr
PLAC8,Gene_Expr
ENOPH1,Gene_Expr
CABS1,Gene_Expr
GC,Gene_Expr
TRMT10A,Gene_Expr
KLHL8,Gene_Expr
SNCA,Gene_Expr
PYURF,Gene_Expr
TBCK,Gene_Expr
CAMK2D,Gene_Expr
CISD2,Gene_Expr
DDIT4L,Gene_Expr
ANK2,Gene_Expr
TIFA,Gene_Expr
AFG2A,Gene_Expr
FABP2,Gene_Expr
CCNA2,Gene_Expr
METTL14,Gene_Expr
USP53,Gene_Expr
SETD7,Gene_Expr
NAF1,Gene_Expr
MARCHF1,Gene_Expr
SFRP2,Gene_Expr
RPS3A,Gene_Expr
RNF175,Gene_Expr
PDGFC,Gene_Expr
CBR4,Gene_Expr
GLRA3,Gene_Expr
CYP4V2,Gene_Expr
ROPN1L,Gene_Expr
NDUFS6,Gene_Expr
MARCHF6,Gene_Expr
NKD2,Gene_Expr
CDH18,Gene_Expr
ADAMTS16,Gene_Expr
SRD5A1,Gene_Expr
MYO10,Gene_Expr
OTULINL,Gene_Expr
RPL37,Gene_Expr
SKP2,Gene_Expr
OSMR,Gene_Expr
UGT3A1,Gene_Expr
PLK2,Gene_Expr
SHISAL2B,Gene_Expr
GZMA,Gene_Expr
PIK3R1,Gene_Expr
HAPLN1,Gene_Expr
LHFPL2,Gene_Expr
SSBP2,Gene_Expr
BHMT,Gene_Expr
ANKRD31,Gene_Expr
IQGAP2,Gene_Expr
CRHBP,Gene_Expr
RASA1,Gene_Expr
LIX1,Gene_Expr
GIN1,Gene_Expr
PPIP5K2,Gene_Expr
PAM,Gene_Expr
BDP1,Gene_Expr
GTF2H2,Gene_Expr
SLC30A5,Gene_Expr
BTF3,Gene_Expr
FBXL17,Gene_Expr
SPATA9,Gene_Expr
TSLP,Gene_Expr
TNFAIP8,Gene_Expr
FEM1C,Gene_Expr
COMMD10,Gene_Expr
ATG12,Gene_Expr
MEGF10,Gene_Expr
ADAMTS19,Gene_Expr
YIPF5,Gene_Expr
ARHGAP26,Gene_Expr
CXCL14,Gene_Expr
LECT2,Gene_Expr
SLC25A48,Gene_Expr
DDX46,Gene_Expr
IL9,Gene_Expr
TIMD4,Gene_Expr
RNF145,Gene_Expr
C1QTNF2,Gene_Expr
GABRA6,Gene_Expr
GABRB2,Gene_Expr
FBXO38,Gene_Expr
SPINK7,Gene_Expr
PCYOX1L,Gene_Expr
GLRA1,Gene_Expr
TNIP1,Gene_Expr
G3BP1,Gene_Expr
ZNF300,Gene_Expr
N4BP3,Gene_Expr
NHP2,Gene_Expr
RMND5B,Gene_Expr
BOD1,Gene_Expr
CPLX2,Gene_Expr
TENM2,Gene_Expr
KCNMB1,Gene_Expr
FAM50B,Gene_Expr
MYLK4,Gene_Expr
FAM217A,Gene_Expr
TBC1D7,Gene_Expr
FARS2,Gene_Expr
GFOD1,Gene_Expr
CDKAL1,Gene_Expr
PSD2,Gene_Expr
LRRTM2,Gene_Expr
ZMAT2,Gene_Expr
GFRA3,Gene_Expr
KLHL3,Gene_Expr
DCDC2,Gene_Expr
SLC17A4,Gene_Expr
TRIM7,Gene_Expr
TRIM41,Gene_Expr
HIGD2A,Gene_Expr
FAM193B,Gene_Expr
PLA2G7,Gene_Expr
TNFRSF21,Gene_Expr
RNF44,Gene_Expr
MMUT,Gene_Expr
RASGEF1C,Gene_Expr
DOK3,Gene_Expr
ABT1,Gene_Expr
PPP1R18,Gene_Expr
DAAM2,Gene_Expr
PRIM2,Gene_Expr
MLIP,Gene_Expr
HMGCLL1,Gene_Expr
LGSN,Gene_Expr
FGD2,Gene_Expr
SCUBE3,Gene_Expr
ANO7,Gene_Expr
CRIP3,Gene_Expr
TTBK1,Gene_Expr
TCTE1,Gene_Expr
RPL7L1,Gene_Expr
NFKBIE,Gene_Expr
CYP39A1,Gene_Expr
TPBG,Gene_Expr
IRAK1BP1,Gene_Expr
PHIP,Gene_Expr
PRSS35,Gene_Expr
MMS22L,Gene_Expr
FAXC,Gene_Expr
GABRR1,Gene_Expr
PNRC1,Gene_Expr
PM20D2,Gene_Expr
RARS2,Gene_Expr
SCML4,Gene_Expr
TBC1D32,Gene_Expr
CLVS2,Gene_Expr
RNF217,Gene_Expr
RSPO3,Gene_Expr
ARHGAP18,Gene_Expr
TAAR6,Gene_Expr
ABRACL,Gene_Expr
TAAR1,Gene_Expr
SLC18B1,Gene_Expr
MTFR2,Gene_Expr
SLC2A12,Gene_Expr
SHPRH,Gene_Expr
AIG1,Gene_Expr
DYNLT1,Gene_Expr
TIAM2,Gene_Expr
TMEM181,Gene_Expr
PNLDC1,Gene_Expr
WTAP,Gene_Expr
ZMYM4,Gene_Expr
VIP,Gene_Expr
ARMT1,Gene_Expr
SLC22A3,Gene_Expr
VWDE,Gene_Expr
GNA12,Gene_Expr
CHLSN,Gene_Expr
SDK1,Gene_Expr
CCZ1B,Gene_Expr
INTS15,Gene_Expr
RBAK,Gene_Expr
CREB5,Gene_Expr
EGFR,Gene_Expr
CDCA5,Gene_Expr
IGFBP3,Gene_Expr
PURB,Gene_Expr
IGFBP1,Gene_Expr
SSC4D,Gene_Expr
MDH2,Gene_Expr
POMZP3,Gene_Expr
NIPSNAP2,Gene_Expr
CCT6A,Gene_Expr
PSPH,Gene_Expr
ZNF92,Gene_Expr
ATXN7L1,Gene_Expr
TMEM168,Gene_Expr
ASB15,Gene_Expr
TRAPPC14,Gene_Expr
SLC12A9,Gene_Expr
GIGYF1,Gene_Expr
TRIM4,Gene_Expr
MEPCE,Gene_Expr
ZAN,Gene_Expr
TMEM209,Gene_Expr
AGBL3,Gene_Expr
STRA8,Gene_Expr
ZC3HAV1L,Gene_Expr
TMEM140,Gene_Expr
TLK2,Gene_Expr
EPHA1,Gene_Expr
NOM1,Gene_Expr
CNPY1,Gene_Expr
NCAPG2,Gene_Expr
NLGN4X,Gene_Expr
SHROOM2,Gene_Expr
RAB19,Gene_Expr
LUC7L2,Gene_Expr
DENND2A,Gene_Expr
CLTRN,Gene_Expr
SH3KBP1,Gene_Expr
TMEM47,Gene_Expr
LANCL3,Gene_Expr
SYTL5,Gene_Expr
CASK,Gene_Expr
KDM6A,Gene_Expr
SPIN2A,Gene_Expr
MSN,Gene_Expr
AKAP4,Gene_Expr
CCNB3,Gene_Expr
HDAC8,Gene_Expr
SLC16A2,Gene_Expr
DIPK2B,Gene_Expr
ZNF157,Gene_Expr
ZNF182,Gene_Expr
CHST7,Gene_Expr
KRBOX4,Gene_Expr
NDUFB11,Gene_Expr
ZNF41,Gene_Expr
RAB41,Gene_Expr
ZMYM3,Gene_Expr
TAF1,Gene_Expr
GPR174,Gene_Expr
NONO,Gene_Expr
CCDC120,Gene_Expr
LPAR4,Gene_Expr
EBP,Gene_Expr
OGT,Gene_Expr
SNX12,Gene_Expr
ITGB1BP2,Gene_Expr
IL2RG,Gene_Expr
GCNA,Gene_Expr
ZNF711,Gene_Expr
CPXCR1,Gene_Expr
DIAPH2,Gene_Expr
NXF3,Gene_Expr
PRPS1,Gene_Expr
RADX,Gene_Expr
FRMPD3,Gene_Expr
HTR2C,Gene_Expr
DOCK11,Gene_Expr
IGSF1,Gene_Expr
ARHGAP36,Gene_Expr
GPC3,Gene_Expr
RBMX,Gene_Expr
MCPH1,Gene_Expr
MFHAS1,Gene_Expr
FBXO25,Gene_Expr
MAGEA4,Gene_Expr
NSDHL,Gene_Expr
ZNF185,Gene_Expr
CETN2,Gene_Expr
RPL10,Gene_Expr
CSGALNACT1,Gene_Expr
ATP6V1B2,Gene_Expr
CCDC25,Gene_Expr
HMBOX1,Gene_Expr
CHRNB3,Gene_Expr
CHRNA6,Gene_Expr
GNRH1,Gene_Expr
BIN3,Gene_Expr
DOK2,Gene_Expr
SLC25A37,Gene_Expr
CHMP7,Gene_Expr
DOCK5,Gene_Expr
STAR,Gene_Expr
PLPBP,Gene_Expr
ERLIN2,Gene_Expr
SNTG1,Gene_Expr
PXDNL,Gene_Expr
ST18,Gene_Expr
RGS20,Gene_Expr
TACC1,Gene_Expr
GOLGA7,Gene_Expr
PLPP5,Gene_Expr
GINS4,Gene_Expr
NSD3,Gene_Expr
DNAJC5B,Gene_Expr
TRIM55,Gene_Expr
ADHFE1,Gene_Expr
MRPS28,Gene_Expr
PMP2,Gene_Expr
LACTB2,Gene_Expr
PRDM14,Gene_Expr
TERF1,Gene_Expr
RPL7,Gene_Expr
SLC26A7,Gene_Expr
PSKH2,Gene_Expr
ATP6V0D2,Gene_Expr
SYBU,Gene_Expr
DPYS,Gene_Expr
MTDH,Gene_Expr
LRP12,Gene_Expr
EBAG9,Gene_Expr
RSPO2,Gene_Expr
POLR2K,Gene_Expr
MAL2,Gene_Expr
EIF3H,Gene_Expr
UTP23,Gene_Expr
NDUFB9,Gene_Expr
TATDN1,Gene_Expr
FAM83A,Gene_Expr
GSDMC,Gene_Expr
FAM135B,Gene_Expr
ZNF7,Gene_Expr
ARHGAP39,Gene_Expr
SLC39A4,Gene_Expr
NAPRT,Gene_Expr
VLDLR,Gene_Expr
AK3,Gene_Expr
UHRF2,Gene_Expr
NFIB,Gene_Expr
CER1,Gene_Expr
PLIN2,Gene_Expr
IFNA5,Gene_Expr
HAUS6,Gene_Expr
CDKN2B,Gene_Expr
CDKN2A,Gene_Expr
C9orf72,Gene_Expr
IFNK,Gene_Expr
ZCCHC7,Gene_Expr
FBXO10,Gene_Expr
SIGMAR1,Gene_Expr
ZNG1E,Gene_Expr
CEP78,Gene_Expr
NTRK2,Gene_Expr
IDNK,Gene_Expr
SHC3,Gene_Expr
AUH,Gene_Expr
MFSD14B,Gene_Expr
AOPEP,Gene_Expr
PLPPR1,Gene_Expr
OR13C4,Gene_Expr
ZNF462,Gene_Expr
INIP,Gene_Expr
UGCG,Gene_Expr
SNX30,Gene_Expr
STOM,Gene_Expr
GSN,Gene_Expr
MRRF,Gene_Expr
NR6A1,Gene_Expr
CRB2,Gene_Expr
ALAD,Gene_Expr
ASTN2,Gene_Expr
WDR31,Gene_Expr
POLE3,Gene_Expr
SURF4,Gene_Expr
GBGT1,Gene_Expr
SURF1,Gene_Expr
SURF2,Gene_Expr
SURF6,Gene_Expr
MED22,Gene_Expr
REXO4,Gene_Expr
RPL7A,Gene_Expr
GTF3C5,Gene_Expr
ASB6,Gene_Expr
PTGES2,Gene_Expr
NTMT1,Gene_Expr
CIZ1,Gene_Expr
SLC25A25,Gene_Expr
SH3GLB2,Gene_Expr
MIGA2,Gene_Expr
PTGES,Gene_Expr
LCN2,Gene_Expr
LRSAM1,Gene_Expr
HMCN2,Gene_Expr
GPR107,Gene_Expr
IDI2,Gene_Expr
INPP5E,Gene_Expr
SEC16A,Gene_Expr
DPH7,Gene_Expr
NOTCH1,Gene_Expr
CACNA1B,Gene_Expr
NACC2,Gene_Expr
PROSER2,Gene_Expr
USP6NL,Gene_Expr
COMMD3,Gene_Expr
MSRB2,Gene_Expr
PDSS1,Gene_Expr
FAM171A1,Gene_Expr
MINDY3,Gene_Expr
SLC39A12,Gene_Expr
TMEM236,Gene_Expr
RSU1,Gene_Expr
ST8SIA6,Gene_Expr
PARD3,Gene_Expr
ANKRD30A,Gene_Expr
ZEB1,Gene_Expr
FAM13C,Gene_Expr
NRBF2,Gene_Expr
A1CF,Gene_Expr
CDHR1,Gene_Expr
RGR,Gene_Expr
POLR3A,Gene_Expr
HERC4,Gene_Expr
LRMDA,Gene_Expr
CAMK2G,Gene_Expr
ADIRF,Gene_Expr
GLUD1,Gene_Expr
ANKRD1,Gene_Expr
HTR7,Gene_Expr
RPP30,Gene_Expr
FRA10AC1,Gene_Expr
ADD3,Gene_Expr
HABP2,Gene_Expr
VAX1,Gene_Expr
DNAJB12,Gene_Expr
EIF4EBP2,Gene_Expr
NPFFR1,Gene_Expr
PLEKHS1,Gene_Expr
TCF7L2,Gene_Expr
MKI67,Gene_Expr
CYP17A1,Gene_Expr
INA,Gene_Expr
FUOM,Gene_Expr
LRRC27,Gene_Expr
MTG1,Gene_Expr
NKX6-2,Gene_Expr
PAOX,Gene_Expr
GSTO1,Gene_Expr
TAF5,Gene_Expr
PPRC1,Gene_Expr
ITPRIP,Gene_Expr
CNNM2,Gene_Expr
PDCD11,Gene_Expr
ADAM12,Gene_Expr
RGS10,Gene_Expr
BTBD10,Gene_Expr
ADM,Gene_Expr
GAS2,Gene_Expr
SLC5A12,Gene_Expr
LIN7C,Gene_Expr
LRRC4C,Gene_Expr
IMMP1L,Gene_Expr
SAA4,Gene_Expr
PGAP2,Gene_Expr
TUT1,Gene_Expr
SCGB1A1,Gene_Expr
SYT8,Gene_Expr
ZNF214,Gene_Expr
ZNF215,Gene_Expr
HSD17B12,Gene_Expr
APIP,Gene_Expr
PAMR1,Gene_Expr
DGKZ,Gene_Expr
EIF3M,Gene_Expr
TNKS1BP1,Gene_Expr
GLYAT,Gene_Expr
SERPING1,Gene_Expr
SSRP1,Gene_Expr
SLC43A1,Gene_Expr
PTPRJ,Gene_Expr
CSTPP1,Gene_Expr
ARFGAP2,Gene_Expr
CELF1,Gene_Expr
HIKESHI,Gene_Expr
CCDC81,Gene_Expr
SESN3,Gene_Expr
ENDOD1,Gene_Expr
CCDC82,Gene_Expr
KLHL35,Gene_Expr
TENM4,Gene_Expr
SERPINH1,Gene_Expr
CAPN5,Gene_Expr
INTS4,Gene_Expr
PAK1,Gene_Expr
RPS3,Gene_Expr
ZC3H12C,Gene_Expr
TTC12,Gene_Expr
NCAM1,Gene_Expr
DRD2,Gene_Expr
HTR3B,Gene_Expr
NPAT,Gene_Expr
ATM,Gene_Expr
AASDHPPT,Gene_Expr
GLB1L2,Gene_Expr
SLX4IP,Gene_Expr
LAMTOR1,Gene_Expr
P4HA3,Gene_Expr
GRIK4,Gene_Expr
ST14,Gene_Expr
HYOU1,Gene_Expr
ADAM33,Gene_Expr
SLC22A8,Gene_Expr
KAT14,Gene_Expr
TKFC,Gene_Expr
MTA2,Gene_Expr
TMEM138,Gene_Expr
FADS1,Gene_Expr
TMC2,Gene_Expr
ROM1,Gene_Expr
EML3,Gene_Expr
INCENP,Gene_Expr
ZP1,Gene_Expr
OOSP2,Gene_Expr
MS4A3,Gene_Expr
PLCH2,Gene_Expr
FRG1BP,Gene_Expr
CPSF7,Gene_Expr
MS4A2,Gene_Expr
B3GAT3,Gene_Expr
EI24,Gene_Expr
CCDC15,Gene_Expr
CHEK1,Gene_Expr
FEZ1,Gene_Expr
ESAM,Gene_Expr
KIRREL3,Gene_Expr
MPZL2,Gene_Expr
SCN2B,Gene_Expr
SIDT2,Gene_Expr
TMEM25,Gene_Expr
TAGLN,Gene_Expr
DUSP15,Gene_Expr
COMMD7,Gene_Expr
C20orf144,Gene_Expr
KIAA1755,Gene_Expr
SPATA25,Gene_Expr
OCSTAMP,Gene_Expr
DSN1,Gene_Expr
MTCL2,Gene_Expr
CNBD2,Gene_Expr
LSM14B,Gene_Expr
YTHDF1,Gene_Expr
CABLES2,Gene_Expr
LTO1,Gene_Expr
SLC22A9,Gene_Expr
TRPT1,Gene_Expr
NUDT22,Gene_Expr
FERMT3,Gene_Expr
PLCB3,Gene_Expr
MRPL49,Gene_Expr
CDC42EP2,Gene_Expr
FAU,Gene_Expr
TM7SF2,Gene_Expr
VPS51,Gene_Expr
TBX6,Gene_Expr
PPP4C,Gene_Expr
ALDOA,Gene_Expr
TLCD3B,Gene_Expr
DOC2A,Gene_Expr
HIRIP3,Gene_Expr
TAOK2,Gene_Expr
TMEM219,Gene_Expr
HMGA2,Gene_Expr
MMP3,Gene_Expr
CNKSR2,Gene_Expr
CNTN5,Gene_Expr
KLRF1,Gene_Expr
CLEC1A,Gene_Expr
MKX,Gene_Expr
MPP7,Gene_Expr
ITGB1,Gene_Expr
FXYD4,Gene_Expr
TRIM48,Gene_Expr
PCDH15,Gene_Expr
CTF1,Gene_Expr
CWC15,Gene_Expr
FCGR1A,Gene_Expr
ARID5B,Gene_Expr
KLHL1,Gene_Expr
CDH8,Gene_Expr
DCUN1D2,Gene_Expr
TMCO3,Gene_Expr
TMEM218,Gene_Expr
TIRAP,Gene_Expr
EEF1AKMT1,Gene_Expr
LATS2,Gene_Expr
SAP18,Gene_Expr
ADGRL3,Gene_Expr
KIAA1328,Gene_Expr
FAM124A,Gene_Expr
MIA2,Gene_Expr
HNMT,Gene_Expr
LYPD1,Gene_Expr
LYPD6B,Gene_Expr
PDCD4,Gene_Expr
ADRA2A,Gene_Expr
GPM6A,Gene_Expr
WDR17,Gene_Expr
SPATA4,Gene_Expr
VEGFC,Gene_Expr
CCDC102B,Gene_Expr
CD226,Gene_Expr
CNDP1,Gene_Expr
FSIP1,Gene_Expr
DLG2,Gene_Expr
CCDC83,Gene_Expr
RGS18,Gene_Expr
PRSS23,Gene_Expr
MTMR12,Gene_Expr
PPP1R1C,Gene_Expr
CCT5,Gene_Expr
ATPSCKMT,Gene_Expr
DOCK1,Gene_Expr
DIXDC1,Gene_Expr
DLAT,Gene_Expr
PIH1D2,Gene_Expr
NKAPD1,Gene_Expr
TIMM8B,Gene_Expr
IL18,Gene_Expr
TEX12,Gene_Expr
PTS,Gene_Expr
PIP4K2A,Gene_Expr
CIMIP5,Gene_Expr
FREM2,Gene_Expr
FOXO1,Gene_Expr
CRIM1,Gene_Expr
SEC24D,Gene_Expr
ABCB9,Gene_Expr
RILPL2,Gene_Expr
DHX37,Gene_Expr
UBC,Gene_Expr
ITPR1,Gene_Expr
TKTL2,Gene_Expr
PRSS53,Gene_Expr
SLC7A11,Gene_Expr
NOCT,Gene_Expr
ENKUR,Gene_Expr
GPR158,Gene_Expr
CACNA2D4,Gene_Expr
DCP1B,Gene_Expr
CACNA1C,Gene_Expr
KCNA6,Gene_Expr
THRB,Gene_Expr
NGLY1,Gene_Expr
OXSM,Gene_Expr
UEVLD,Gene_Expr
TMEM86A,Gene_Expr
NOPCHAP1,Gene_Expr
TMEM263,Gene_Expr
ABTB3,Gene_Expr
UBE3B,Gene_Expr
ANK3,Gene_Expr
IPMK,Gene_Expr
RAD9B,Gene_Expr
PLBD2,Gene_Expr
DLG5,Gene_Expr
MAT1A,Gene_Expr
SLC2A13,Gene_Expr
GXYLT1,Gene_Expr
TWF1,Gene_Expr
DIP2C,Gene_Expr
EIF4E,Gene_Expr
MAGI1,Gene_Expr
TEX30,Gene_Expr
CSNK1G3,Gene_Expr
SRFBP1,Gene_Expr
AKAP6,Gene_Expr
NPAS3,Gene_Expr
FAM177A1,Gene_Expr
MBIP,Gene_Expr
MIPOL1,Gene_Expr
EXT2,Gene_Expr
TMEM18,Gene_Expr
ALLC,Gene_Expr
KCTD14,Gene_Expr
THRSP,Gene_Expr
NDUFC2,Gene_Expr
ME3,Gene_Expr
ADAMTS12,Gene_Expr
NUBPL,Gene_Expr
NEK7,Gene_Expr
ATP6V1G3,Gene_Expr
FER,Gene_Expr
VIPAS39,Gene_Expr
ANKRD50,Gene_Expr
UPF2,Gene_Expr
CDC123,Gene_Expr
SCLT1,Gene_Expr
CCDC3,Gene_Expr
C4orf33,Gene_Expr
FRMD4A,Gene_Expr
SLC25A31,Gene_Expr
PTPRO,Gene_Expr
EPS8,Gene_Expr
ACAD8,Gene_Expr
THYN1,Gene_Expr
VPS26B,Gene_Expr
NCAPD3,Gene_Expr
VTI1A,Gene_Expr
QDPR,Gene_Expr
FHIP2A,Gene_Expr
ANO4,Gene_Expr
TEX9,Gene_Expr
QTRT2,Gene_Expr
DRD3,Gene_Expr
MMAA,Gene_Expr
ZNF827,Gene_Expr
POU4F2,Gene_Expr
EDNRA,Gene_Expr
NR3C2,Gene_Expr
AKR1C2,Gene_Expr
DPYSL4,Gene_Expr
VENTX,Gene_Expr
ADAM8,Gene_Expr
ITIH2,Gene_Expr
KIN,Gene_Expr
PIGF,Gene_Expr
ANKAR,Gene_Expr
INPP1,Gene_Expr
MFSD6,Gene_Expr
RNF144A,Gene_Expr
ASAP2,Gene_Expr
ADAM17,Gene_Expr
FLI1,Gene_Expr
KCNJ1,Gene_Expr
TMEM45B,Gene_Expr
WWC2,Gene_Expr
CENPU,Gene_Expr
ACSL1,Gene_Expr
SLC25A4,Gene_Expr
AMN1,Gene_Expr
BICD1,Gene_Expr
SAV1,Gene_Expr
CCDC122,Gene_Expr
SERP2,Gene_Expr
NBAS,Gene_Expr
ZNF385D,Gene_Expr
TDO2,Gene_Expr
GUF1,Gene_Expr
SLC35F4,Gene_Expr
GABRA2,Gene_Expr
SACS,Gene_Expr
CCDC175,Gene_Expr
PABPC3,Gene_Expr
CPAP,Gene_Expr
FBXO4,Gene_Expr
TMEM267,Gene_Expr
CCL28,Gene_Expr
PARP8,Gene_Expr
GFRA1,Gene_Expr
CACUL1,Gene_Expr
DST,Gene_Expr
BEND6,Gene_Expr
TIAL1,Gene_Expr
BAG3,Gene_Expr
GLT1D1,Gene_Expr
TMEM132D,Gene_Expr
RBM46,Gene_Expr
SCHIP1,Gene_Expr
MCHR2,Gene_Expr
KCNE4,Gene_Expr
AP1S3,Gene_Expr
RABGAP1L,Gene_Expr
CCDC74B,Gene_Expr
TLCD4,Gene_Expr
MZT2B,Gene_Expr
ASTN1,Gene_Expr
FAM168B,Gene_Expr
PTPN14,Gene_Expr
MGAT5,Gene_Expr
TMEM163,Gene_Expr
GPATCH11,Gene_Expr
HSPB8,Gene_Expr
GEMIN6,Gene_Expr
TMEM178A,Gene_Expr
POU4F1,Gene_Expr
OBI1,Gene_Expr
CYSLTR2,Gene_Expr
GRID2,Gene_Expr
ARL11,Gene_Expr
RIT2,Gene_Expr
SETBP1,Gene_Expr
ARL14EP,Gene_Expr
EPG5,Gene_Expr
PSTPIP2,Gene_Expr
ATP5F1A,Gene_Expr
HAUS1,Gene_Expr
ARK2N,Gene_Expr
SPC25,Gene_Expr
G6PC2,Gene_Expr
PDK1,Gene_Expr
PTH,Gene_Expr
PDE3B,Gene_Expr
TCF7L1,Gene_Expr
TGOLN2,Gene_Expr
SH2D6,Gene_Expr
KCNK13,Gene_Expr
UHMK1,Gene_Expr
ATG10,Gene_Expr
POC5,Gene_Expr
SPOCK1,Gene_Expr
FAM151B,Gene_Expr
TADA1,Gene_Expr
GUCY1A2,Gene_Expr
CWF19L2,Gene_Expr
JMY,Gene_Expr
HOMER1,Gene_Expr
XRCC4,Gene_Expr
BOLL,Gene_Expr
ZNF547,Gene_Expr
ZNF773,Gene_Expr
ZNF776,Gene_Expr
ZNF256,Gene_Expr
SUV39H2,Gene_Expr
DCLRE1C,Gene_Expr
OLAH,Gene_Expr
RPP38,Gene_Expr
NMT2,Gene_Expr
ZSCAN1,Gene_Expr
ZNF837,Gene_Expr
USP12,Gene_Expr
CCDC50,Gene_Expr
CAMK4,Gene_Expr
TRIM36,Gene_Expr
ZFP36L2,Gene_Expr
PAN3,Gene_Expr
PLEKHH2,Gene_Expr
PFKM,Gene_Expr
TMEM123,Gene_Expr
GRIA4,Gene_Expr
IGSF10,Gene_Expr
SPEF2,Gene_Expr
SPARCL1,Gene_Expr
DSPP,Gene_Expr
DMP1,Gene_Expr
MEPE,Gene_Expr
MBNL1,Gene_Expr
CAPSL,Gene_Expr
NADK2,Gene_Expr
GPD1L,Gene_Expr
GJA1,Gene_Expr
DDX4,Gene_Expr
CLEC4F,Gene_Expr
SLC30A6,Gene_Expr
PELO,Gene_Expr
RASGRP3,Gene_Expr
SAR1B,Gene_Expr
CATSPER3,Gene_Expr
GPR180,Gene_Expr
DYNLT5,Gene_Expr
DNAI4,Gene_Expr
ANKRD22,Gene_Expr
FARP1,Gene_Expr
IFIT5,Gene_Expr
SLC16A12,Gene_Expr
PANK1,Gene_Expr
PRDM8,Gene_Expr
BMP3,Gene_Expr
HNRNPDL,Gene_Expr
HHEX,Gene_Expr
UTRN,Gene_Expr
GRM1,Gene_Expr
PTPRK,Gene_Expr
GGPS1,Gene_Expr
CNTNAP4,Gene_Expr
ZNF117,Gene_Expr
RAB3C,Gene_Expr
LMNTD1,Gene_Expr
MARVELD2,Gene_Expr
RAD17,Gene_Expr
MED21,Gene_Expr
PLOD2,Gene_Expr
STK32B,Gene_Expr
NRSN1,Gene_Expr
JAKMIP1,Gene_Expr
ZIC1,Gene_Expr
ADGRA3,Gene_Expr
CPB1,Gene_Expr
SREK1IP1,Gene_Expr
LGI2,Gene_Expr
CWC27,Gene_Expr
MR1,Gene_Expr
SRP19,Gene_Expr
CENPH,Gene_Expr
CDYL,Gene_Expr
CARHSP1,Gene_Expr
TEKT5,Gene_Expr
BANK1,Gene_Expr
TXNDC11,Gene_Expr
DAB2,Gene_Expr
ACMSD,Gene_Expr
ACOXL,Gene_Expr
BCL2L11,Gene_Expr
ANAPC1,Gene_Expr
CAST,Gene_Expr
SCOC,Gene_Expr
CLGN,Gene_Expr
CETN3,Gene_Expr
SMARCA5,Gene_Expr
SYCP2L,Gene_Expr
BMP6,Gene_Expr
RGPD3,Gene_Expr
RASSF3,Gene_Expr
HNRNPU,Gene_Expr
RANBP2,Gene_Expr
AHCTF1,Gene_Expr
MERTK,Gene_Expr
TMEM87B,Gene_Expr
OR14K1,Gene_Expr
PTPRR,Gene_Expr
NR4A2,Gene_Expr
CCDC148,Gene_Expr
PLA2R1,Gene_Expr
RBMS1,Gene_Expr
SCN3A,Gene_Expr
CD96,Gene_Expr
SLC25A27,Gene_Expr
ADGRF1,Gene_Expr
ADGRF4,Gene_Expr
FRMD1,Gene_Expr
CYRIB,Gene_Expr
ASAP1,Gene_Expr
TRAPPC8,Gene_Expr
FAM81B,Gene_Expr
INO80C,Gene_Expr
LPCAT1,Gene_Expr
PLEKHG4B,Gene_Expr
NMRAL1,Gene_Expr
UBALD1,Gene_Expr
LYSET,Gene_Expr
ING1,Gene_Expr
TEX29,Gene_Expr
ADPRHL1,Gene_Expr
CMTM7,Gene_Expr
FBXL2,Gene_Expr
UBP1,Gene_Expr
RMND5A,Gene_Expr
CD8A,Gene_Expr
RPIA,Gene_Expr
PTPRD,Gene_Expr
LURAP1L,Gene_Expr
CNKSR3,Gene_Expr
GTF2E1,Gene_Expr
CFDP1,Gene_Expr
ZDHHC7,Gene_Expr
CIBAR2,Gene_Expr
SPMIP4,Gene_Expr
TMPRSS11D,Gene_Expr
JAZF1,Gene_Expr
CMIP,Gene_Expr
SPHKAP,Gene_Expr
KCNJ16,Gene_Expr
PID1,Gene_Expr
TRIP12,Gene_Expr
FBXO36,Gene_Expr
CEBPG,Gene_Expr
KCTD15,Gene_Expr
ZNF599,Gene_Expr
MCOLN2,Gene_Expr
LGI4,Gene_Expr
DDAH1,Gene_Expr
SREK1,Gene_Expr
CHD1,Gene_Expr
ANKFN1,Gene_Expr
DGKE,Gene_Expr
HS2ST1,Gene_Expr
MSI2,Gene_Expr
CACNA2D1,Gene_Expr
ZUP1,Gene_Expr
HS3ST3A1,Gene_Expr
GDPD1,Gene_Expr
NUS1,Gene_Expr
SEMA3D,Gene_Expr
PPP2R5E,Gene_Expr
ASB17,Gene_Expr
GRAP,Gene_Expr
SLC5A10,Gene_Expr
AK5,Gene_Expr
CABYR,Gene_Expr
IMPACT,Gene_Expr
ANKRD29,Gene_Expr
SDHAF4,Gene_Expr
CHST9,Gene_Expr
THY1,Gene_Expr
DNAAF1,Gene_Expr
C16orf74,Gene_Expr
TBCEL,Gene_Expr
JPH3,Gene_Expr
ANKH,Gene_Expr
OTULIN,Gene_Expr
UBASH3B,Gene_Expr
ROBO4,Gene_Expr
ROBO3,Gene_Expr
PANX3,Gene_Expr
TBRG1,Gene_Expr
NRGN,Gene_Expr
RETREG1,Gene_Expr
CDH12,Gene_Expr
GPR15,Gene_Expr
TOMM70,Gene_Expr
ABI3BP,Gene_Expr
ANGPT1,Gene_Expr
PITPNC1,Gene_Expr
CC2D1B,Gene_Expr
CERS3,Gene_Expr
PRKCA,Gene_Expr
LRRK1,Gene_Expr
CEP112,Gene_Expr
GAL3ST2,Gene_Expr
ABCA9,Gene_Expr
ABCA6,Gene_Expr
ABCA10,Gene_Expr
ABCA5,Gene_Expr
ENPP3,Gene_Expr
PGCKA1,Gene_Expr
UCHL1,Gene_Expr
MIA3,Gene_Expr
DISP1,Gene_Expr
TNIK,Gene_Expr
FAM167A,Gene_Expr
NEIL2,Gene_Expr
PGM5,Gene_Expr
OBSCN,Gene_Expr
LONRF1,Gene_Expr
TRIM11,Gene_Expr
ENAH,Gene_Expr
PPP1R3A,Gene_Expr
CCSAP,Gene_Expr
ASZ1,Gene_Expr
SH3RF1,Gene_Expr
GBP5,Gene_Expr
BUB3,Gene_Expr
GPR26,Gene_Expr
CFAP210,Gene_Expr
C10orf90,Gene_Expr
DIPK1A,Gene_Expr
ATP5MC3,Gene_Expr
CNTNAP3B,Gene_Expr
SRSF12,Gene_Expr
PDLIM3,Gene_Expr
SORBS2,Gene_Expr
ELOC,Gene_Expr
LY96,Gene_Expr
PSMA8,Gene_Expr
TMSB4Y,Gene_Expr
CXADR,Gene_Expr
BTG3,Gene_Expr
C21orf91,Gene_Expr
CHODL,Gene_Expr
TMPRSS15,Gene_Expr
NCAM2,Gene_Expr
L3MBTL4,Gene_Expr
PDE1C,Gene_Expr
RABGEF1,Gene_Expr
MRPL39,Gene_Expr
JAM2,Gene_Expr
ATP5PF,Gene_Expr
GABPA,Gene_Expr
ADAMTS1,Gene_Expr
ADAMTS5,Gene_Expr
TSEN2,Gene_Expr
SLFN13,Gene_Expr
WNT7A,Gene_Expr
XPC,Gene_Expr
CCDC174,Gene_Expr
FGD5,Gene_Expr
FLCN,Gene_Expr
DPH3,Gene_Expr
OXNAD1,Gene_Expr
PLCL2,Gene_Expr
CXXC1,Gene_Expr
SKA1,Gene_Expr
PPP4R1,Gene_Expr
APCDD1,Gene_Expr
PIEZO2,Gene_Expr
MPPE1,Gene_Expr
USP43,Gene_Expr
RAB6B,Gene_Expr
EME1,Gene_Expr
EPHB1,Gene_Expr
ACSS1,Gene_Expr
ANKRD40,Gene_Expr
ZNF18,Gene_Expr
CA10,Gene_Expr
VOPP1,Gene_Expr
SEPTIN14,Gene_Expr
APOOL,Gene_Expr
DKK2,Gene_Expr
CYP2U1,Gene_Expr
RSPH10B,Gene_Expr
FBXL18,Gene_Expr
CNTNAP5,Gene_Expr
PROM2,Gene_Expr
AK9,Gene_Expr
ODF1,Gene_Expr
KLF10,Gene_Expr
PTPRN2,Gene_Expr
AZIN1,Gene_Expr
ATP6V1C1,Gene_Expr
PIP4P2,Gene_Expr
OTUD6B,Gene_Expr
CDK19,Gene_Expr
GTF3C6,Gene_Expr
TTC39B,Gene_Expr
AGPAT5,Gene_Expr
MMS19,Gene_Expr
OR4K1,Gene_Expr
PI4K2A,Gene_Expr
MARVELD1,Gene_Expr
ZFYVE27,Gene_Expr
GOLGA7B,Gene_Expr
GPR78,Gene_Expr
TRMT44,Gene_Expr
SLC25A28,Gene_Expr
HSPA13,Gene_Expr
SAMSN1,Gene_Expr
USP25,Gene_Expr
GRAMD2B,Gene_Expr
ZCCHC10,Gene_Expr
C16orf87,Gene_Expr
MOV10,Gene_Expr
RHOC,Gene_Expr
PPM1J,Gene_Expr
DBI,Gene_Expr
SLC16A1,Gene_Expr
HEATR3,Gene_Expr
TRIM74,Gene_Expr
NIFK,Gene_Expr
OXA1L,Gene_Expr
SLC7A7,Gene_Expr
MAGEC1,Gene_Expr
LARP1,Gene_Expr
CNOT8,Gene_Expr
GRIA1,Gene_Expr
LRGUK,Gene_Expr
SETD9,Gene_Expr
MIER3,Gene_Expr
NUP205,Gene_Expr
ZKSCAN2,Gene_Expr
C9orf85,Gene_Expr
XAGE2,Gene_Expr
PIK3AP1,Gene_Expr
RBM45,Gene_Expr
TTN,Gene_Expr
VSIG4,Gene_Expr
PDIA4,Gene_Expr
KDM8,Gene_Expr
PDZD9,Gene_Expr
OTOA,Gene_Expr
KCTD18,Gene_Expr
HYCC2,Gene_Expr
FLACC1,Gene_Expr
C2CD6,Gene_Expr
TMEM237,Gene_Expr
FZD7,Gene_Expr
SPAG17,Gene_Expr
DEPTOR,Gene_Expr
FMN2,Gene_Expr
RNF20,Gene_Expr
CYLC2,Gene_Expr
PPARGC1B,Gene_Expr
ELMO1,Gene_Expr
SLC26A2,Gene_Expr
LSM11,Gene_Expr
MED7,Gene_Expr
SAXO1,Gene_Expr
RRAGA,Gene_Expr
SLC24A2,Gene_Expr
TRIM42,Gene_Expr
PXYLP1,Gene_Expr
ADCY8,Gene_Expr
RASA2,Gene_Expr
RMND1,Gene_Expr
RAET1L,Gene_Expr
SLA,Gene_Expr
TMBIM4,Gene_Expr
VBP1,Gene_Expr
RAB39B,Gene_Expr
CLIC2,Gene_Expr
AFF2,Gene_Expr
MICU3,Gene_Expr
GRIP1,Gene_Expr
VPS37A,Gene_Expr
KIF5A,Gene_Expr
PSD3,Gene_Expr
CARNMT1,Gene_Expr
MCU,Gene_Expr
MIDEAS,Gene_Expr
CFAP70,Gene_Expr
GNA14,Gene_Expr
FAM161B,Gene_Expr
GNAQ,Gene_Expr
WIF1,Gene_Expr
UGT2B4,Gene_Expr
GPR61,Gene_Expr
MMP16,Gene_Expr
ADK,Gene_Expr
KCNMA1,Gene_Expr
BATF,Gene_Expr
DCK,Gene_Expr
ADAMTS3,Gene_Expr
ALX3,Gene_Expr
DPY19L4,Gene_Expr
NDUFAF6,Gene_Expr
DRAM2,Gene_Expr
CFAP418,Gene_Expr
PPEF2,Gene_Expr
CFAP161,Gene_Expr
ADAMTSL3,Gene_Expr
ART3,Gene_Expr
SLC28A1,Gene_Expr
WHAMM,Gene_Expr
CXCL13,Gene_Expr
HEMK2,Gene_Expr
RWDD2B,Gene_Expr
USP16,Gene_Expr
CCT8,Gene_Expr
MAP3K7CL,Gene_Expr
NAA11,Gene_Expr
BACH1,Gene_Expr
CLDN8,Gene_Expr
TSPAN7,Gene_Expr
TIAM1,Gene_Expr
SCAF4,Gene_Expr
RPGR,Gene_Expr
CDK20,Gene_Expr
PCGF6,Gene_Expr
ANKRD9,Gene_Expr
SFR1,Gene_Expr
SORCS3,Gene_Expr
SFXN2,Gene_Expr
ATP5MJ,Gene_Expr
FUT6,Gene_Expr
TDRD9,Gene_Expr
FGF18,Gene_Expr
PCDH1,Gene_Expr
SH3RF2,Gene_Expr
GDF6,Gene_Expr
UQCRB,Gene_Expr
MTERF3,Gene_Expr
PTDSS1,Gene_Expr
PPP2R2B,Gene_Expr
RPL30,Gene_Expr
KCNS2,Gene_Expr
PABIR3,Gene_Expr
SUPV3L1,Gene_Expr
PABIR2,Gene_Expr
EEF1A1,Gene_Expr
FBXO43,Gene_Expr
HKDC1,Gene_Expr
HK1,Gene_Expr
TYSND1,Gene_Expr
PHF6,Gene_Expr
CD109,Gene_Expr
LRFN2,Gene_Expr
NODAL,Gene_Expr
PRG3,Gene_Expr
UBE2L6,Gene_Expr
ZDHHC5,Gene_Expr
MED19,Gene_Expr
ZFAND3,Gene_Expr
NPTN,Gene_Expr
KAT6B,Gene_Expr
SAMD8,Gene_Expr
RAB11FIP1,Gene_Expr
UNC5D,Gene_Expr
GLYATL2,Gene_Expr
UTP14A,Gene_Expr
AIFM1,Gene_Expr
MAPK13,Gene_Expr
BAG4,Gene_Expr
MS4A1,Gene_Expr
TBC1D31,Gene_Expr
NTAQ1,Gene_Expr
ATAD2,Gene_Expr
FBXO32,Gene_Expr
NSMCE2,Gene_Expr
ZNF689,Gene_Expr
PRR14,Gene_Expr
FBRS,Gene_Expr
FRRS1,Gene_Expr
PHKG2,Gene_Expr
MFSD14A,Gene_Expr
SASS6,Gene_Expr
ITGAD,Gene_Expr
ADGRG4,Gene_Expr
ZIC3,Gene_Expr
MALSU1,Gene_Expr
VPS8,Gene_Expr
GALK2,Gene_Expr
LHFPL4,Gene_Expr
B3GNT7,Gene_Expr
MPV17L,Gene_Expr
BUB1B,Gene_Expr
PDE6D,Gene_Expr
EIF4A2,Gene_Expr
BRPF1,Gene_Expr
RPUSD3,Gene_Expr
TATDN2,Gene_Expr
GHRL,Gene_Expr
SEC13,Gene_Expr
EXOG,Gene_Expr
NTAN1,Gene_Expr
SHCBP1L,Gene_Expr
NMNAT2,Gene_Expr
ZFYVE9,Gene_Expr
ATP2B2,Gene_Expr
SLC6A1,Gene_Expr
SMG1,Gene_Expr
FCHO2,Gene_Expr
RBPMS,Gene_Expr
TMEM171,Gene_Expr
C8A,Gene_Expr
TIMP4,Gene_Expr
SYN2,Gene_Expr
NRG1,Gene_Expr
ODR4,Gene_Expr
CPT2,Gene_Expr
NECAP2,Gene_Expr
LRP8,Gene_Expr
CDCP2,Gene_Expr
PAXIP1,Gene_Expr
STEAP2,Gene_Expr
SSBP3,Gene_Expr
HTR5A,Gene_Expr
CLDN12,Gene_Expr
MMP14,Gene_Expr
FZD1,Gene_Expr
GATAD1,Gene_Expr
SUSD3,Gene_Expr
TMED6,Gene_Expr
CLEC18A,Gene_Expr
DHRS4,Gene_Expr
CFAP107,Gene_Expr
ARMC12,Gene_Expr
DDX19B,Gene_Expr
ST3GAL2,Gene_Expr
FCSK,Gene_Expr
DHRS1,Gene_Expr
CACNA1D,Gene_Expr
ARSL,Gene_Expr
KIT,Gene_Expr
HYDIN,Gene_Expr
AASDH,Gene_Expr
ZNF19,Gene_Expr
CACNA2D3,Gene_Expr
RNF111,Gene_Expr
CCNB2,Gene_Expr
FAM81A,Gene_Expr
MYO1E,Gene_Expr
APPL1,Gene_Expr
PWWP3B,Gene_Expr
AFAP1L1,Gene_Expr
TSC22D3,Gene_Expr
VPS26C,Gene_Expr
DYRK1A,Gene_Expr
KCNJ6,Gene_Expr
KCNJ15,Gene_Expr
ERG,Gene_Expr
ETS2,Gene_Expr
TSPAN18,Gene_Expr
LCA5L,Gene_Expr
SLC35B2,Gene_Expr
TMEM164,Gene_Expr
MX1,Gene_Expr
CREB3L1,Gene_Expr
C2CD2,Gene_Expr
TAB3,Gene_Expr
SLC38A10,Gene_Expr
C9orf43,Gene_Expr
PALM2AKAP2,Gene_Expr
ZNF618,Gene_Expr
DGKI,Gene_Expr
TMEM268,Gene_Expr
SVOPL,Gene_Expr
SNX22,Gene_Expr
UBN2,Gene_Expr
BRAF,Gene_Expr
SLC34A2,Gene_Expr
ACAN,Gene_Expr
PSMG3,Gene_Expr
CABP1,Gene_Expr
WDR19,Gene_Expr
SLC37A3,Gene_Expr
AP3S2,Gene_Expr
FMNL2,Gene_Expr
GAREM2,Gene_Expr
SPPL3,Gene_Expr
DPYSL5,Gene_Expr
DRC1,Gene_Expr
RAB28,Gene_Expr
PRXL2B,Gene_Expr
TNFRSF14,Gene_Expr
PANK4,Gene_Expr
MEGF11,Gene_Expr
C12orf43,Gene_Expr
PEX10,Gene_Expr
RER1,Gene_Expr
RADIL,Gene_Expr
SKI,Gene_Expr
WIPI2,Gene_Expr
LDLRAP1,Gene_Expr
AGAP1,Gene_Expr
KRTCAP3,Gene_Expr
ANKRD61,Gene_Expr
PAFAH2,Gene_Expr
EXTL1,Gene_Expr
SLC30A2,Gene_Expr
BABAM2,Gene_Expr
TRIM63,Gene_Expr
CFAP251,Gene_Expr
MRPL17,Gene_Expr
DUSP2,Gene_Expr
GRHL3,Gene_Expr
UBXN11,Gene_Expr
NLRP14,Gene_Expr
PTPDC1,Gene_Expr
GALNT14,Gene_Expr
NCK1,Gene_Expr
HPD,Gene_Expr
RHPN1,Gene_Expr
TPRG1L,Gene_Expr
LRRC43,Gene_Expr
PRXL2C,Gene_Expr
XDH,Gene_Expr
XKR8,Gene_Expr
CNNM4,Gene_Expr
EYA3,Gene_Expr
DZIP1L,Gene_Expr
TMSB15A,Gene_Expr
FANCC,Gene_Expr
MRAS,Gene_Expr
WASF2,Gene_Expr
ABHD3,Gene_Expr
ESYT3,Gene_Expr
FAIM,Gene_Expr
TENT5B,Gene_Expr
CLSTN2,Gene_Expr
COLEC12,Gene_Expr
RNF207,Gene_Expr
CUL4B,Gene_Expr
GPR153,Gene_Expr
SLC13A3,Gene_Expr
GPRASP2,Gene_Expr
RHBDL2,Gene_Expr
AUTS2,Gene_Expr
SHROOM4,Gene_Expr
H2BC5,Gene_Expr
CDC25C,Gene_Expr
H4C8,Gene_Expr
MITD1,Gene_Expr
EIF5B,Gene_Expr
RIBC1,Gene_Expr
TMSB15B,Gene_Expr
CATIP,Gene_Expr
CNOT11,Gene_Expr
KCNB1,Gene_Expr
TSPAN33,Gene_Expr
NRG2,Gene_Expr
AHCYL2,Gene_Expr
B4GALT5,Gene_Expr
CD1D,Gene_Expr
CD1A,Gene_Expr
SPATA2,Gene_Expr
CD1C,Gene_Expr
FAM86C1P,Gene_Expr
CD1B,Gene_Expr
DNAH3,Gene_Expr
CD1E,Gene_Expr
HMHB1,Gene_Expr
CPA2,Gene_Expr
NCF1,Gene_Expr
CPA5,Gene_Expr
TSR2,Gene_Expr
PPP1R9A,Gene_Expr
ZC3H18,Gene_Expr
ZFAND2B,Gene_Expr
POM121L2,Gene_Expr
GDPD5,Gene_Expr
DYNC1I1,Gene_Expr
PFKFB1,Gene_Expr
ALAS2,Gene_Expr
TMED4,Gene_Expr
PPP1R15B,Gene_Expr
COPG2,Gene_Expr
EMSY,Gene_Expr
PAGE5,Gene_Expr
GPAT4,Gene_Expr
PKD1L1,Gene_Expr
ZSCAN12,Gene_Expr
TAGLN2,Gene_Expr
ELK4,Gene_Expr
SLAMF8,Gene_Expr
SLC45A3,Gene_Expr
DUSP23,Gene_Expr
RNF166,Gene_Expr
NBL1,Gene_Expr
ITLN2,Gene_Expr
F11R,Gene_Expr
USF1,Gene_Expr
PLA2G2F,Gene_Expr
SPATA2L,Gene_Expr
NIT1,Gene_Expr
DEDD,Gene_Expr
ZNF276,Gene_Expr
NPM2,Gene_Expr
EDA,Gene_Expr
FGF17,Gene_Expr
VWA5B1,Gene_Expr
CDA,Gene_Expr
PINK1,Gene_Expr
B4GALT3,Gene_Expr
DMTN,Gene_Expr
ADAMTS4,Gene_Expr
FHIP2B,Gene_Expr
NDUFS2,Gene_Expr
SLC5A11,Gene_Expr
FCER1G,Gene_Expr
APOA2,Gene_Expr
TOMM40L,Gene_Expr
MPZ,Gene_Expr
CCAR2,Gene_Expr
WNT9B,Gene_Expr
CACHD1,Gene_Expr
CDC42SE2,Gene_Expr
RAPGEF6,Gene_Expr
EPB41,Gene_Expr
MIS18A,Gene_Expr
ALG8,Gene_Expr
FBXW5,Gene_Expr
CFAP298,Gene_Expr
SYNJ1,Gene_Expr
PAXBP1,Gene_Expr
IFNAR2,Gene_Expr
MRPL10,Gene_Expr
IFNGR2,Gene_Expr
GART,Gene_Expr
SON,Gene_Expr
DONSON,Gene_Expr
SV2A,Gene_Expr
LAD1,Gene_Expr
STC1,Gene_Expr
TNNI1,Gene_Expr
CSRP1,Gene_Expr
HOXB13,Gene_Expr
C1QC,Gene_Expr
ATP5MC1,Gene_Expr
RCAN1,Gene_Expr
UBE2Z,Gene_Expr
CIART,Gene_Expr
SNF8,Gene_Expr
CLIC6,Gene_Expr
CCDC24,Gene_Expr
RUNX1,Gene_Expr
IGF2BP1,Gene_Expr
CBR1,Gene_Expr
CBR3,Gene_Expr
GJD2,Gene_Expr
ACTC1,Gene_Expr
MORC3,Gene_Expr
CHAF1B,Gene_Expr
CLDN14,Gene_Expr
SIM2,Gene_Expr
HLCS,Gene_Expr
GOLGA6A,Gene_Expr
SCUBE1,Gene_Expr
ARHGAP27,Gene_Expr
ADPGK,Gene_Expr
PTMS,Gene_Expr
PLA2G4D,Gene_Expr
PADI4,Gene_Expr
ADIPOR1,Gene_Expr
CYB5R1,Gene_Expr
PSMD4,Gene_Expr
ATP13A2,Gene_Expr
M1AP,Gene_Expr
PSMB4,Gene_Expr
IRX6,Gene_Expr
BTG2,Gene_Expr
CES5A,Gene_Expr
HK2,Gene_Expr
C1R,Gene_Expr
CELF3,Gene_Expr
ALDH4A1,Gene_Expr
STARD9,Gene_Expr
THEM4,Gene_Expr
TCHH,Gene_Expr
UBR1,Gene_Expr
AMFR,Gene_Expr
MED8,Gene_Expr
TGM7,Gene_Expr
RGL4,Gene_Expr
ISL2,Gene_Expr
RSPRY1,Gene_Expr
CCDC17,Gene_Expr
GPBP1L1,Gene_Expr
NAE1,Gene_Expr
TMEM69,Gene_Expr
ADGRG5,Gene_Expr
DRC7,Gene_Expr
ACE,Gene_Expr
SPMIP8,Gene_Expr
UROC1,Gene_Expr
EFCAB14,Gene_Expr
SPON2,Gene_Expr
CHCHD6,Gene_Expr
CTBP1,Gene_Expr
LRRC36,Gene_Expr
TPPP3,Gene_Expr
ZDHHC1,Gene_Expr
ATP6V0D1,Gene_Expr
AGRP,Gene_Expr
ZFYVE28,Gene_Expr
CARMIL2,Gene_Expr
C16orf86,Gene_Expr
FAM131B,Gene_Expr
RGS12,Gene_Expr
PSKH1,Gene_Expr
ZYX,Gene_Expr
ABR,Gene_Expr
LYPD5,Gene_Expr
CCDC117,Gene_Expr
ZNF230,Gene_Expr
CCDC107,Gene_Expr
ZNF222,Gene_Expr
NPR2,Gene_Expr
ZNF221,Gene_Expr
ZNF233,Gene_Expr
ZNF235,Gene_Expr
GNE,Gene_Expr
TNFRSF13C,Gene_Expr
ARHGAP35,Gene_Expr
PTGIR,Gene_Expr
CALM3,Gene_Expr
DFFA,Gene_Expr
CCDC28B,Gene_Expr
IQCC,Gene_Expr
TMEM234,Gene_Expr
BSDC1,Gene_Expr
ZBTB8A,Gene_Expr
ATAD3B,Gene_Expr
SSU72,Gene_Expr
UBE2J2,Gene_Expr
ZNF362,Gene_Expr
FNDC5,Gene_Expr
CPAMD8,Gene_Expr
NR2F6,Gene_Expr
ANKLE1,Gene_Expr
MIX23,Gene_Expr
VMA21,Gene_Expr
KALRN,Gene_Expr
CILP2,Gene_Expr
ABCG1,Gene_Expr
TFF3,Gene_Expr
TMPRSS3,Gene_Expr
UBASH3A,Gene_Expr
RSPH1,Gene_Expr
SLC37A1,Gene_Expr
PDE9A,Gene_Expr
WDR4,Gene_Expr
NDUFV3,Gene_Expr
PKNOX1,Gene_Expr
U2AF1,Gene_Expr
HSF2BP,Gene_Expr
RRP1B,Gene_Expr
PDXK,Gene_Expr
G6PD,Gene_Expr
CSTB,Gene_Expr
RRP1,Gene_Expr
AGPAT3,Gene_Expr
TRAPPC10,Gene_Expr
GAB3,Gene_Expr
GATD3,Gene_Expr
ICOSLG,Gene_Expr
AIRE,Gene_Expr
CFAP410,Gene_Expr
ZNF66,Gene_Expr
LRRC3,Gene_Expr
ITGB2,Gene_Expr
SLX9,Gene_Expr
RALGDS,Gene_Expr
FTCD,Gene_Expr
SPATC1L,Gene_Expr
LSS,Gene_Expr
VAV2,Gene_Expr
MCM3AP,Gene_Expr
C21orf58,Gene_Expr
PCNT,Gene_Expr
DIP2A,Gene_Expr
S100B,Gene_Expr
PRMT2,Gene_Expr
CLDND2,Gene_Expr
ZNF208,Gene_Expr
ADAMTS13,Gene_Expr
CACFD1,Gene_Expr
SLC2A6,Gene_Expr
ZNF761,Gene_Expr
FCN2,Gene_Expr
PIERCE1,Gene_Expr
ZNF714,Gene_Expr
GPSM1,Gene_Expr
C19orf47,Gene_Expr
HIPK4,Gene_Expr
CFAP157,Gene_Expr
TOR2A,Gene_Expr
ST6GALNAC6,Gene_Expr
SHKBP1,Gene_Expr
RDH13,Gene_Expr
ZER1,Gene_Expr
ZDHHC12,Gene_Expr
PKN3,Gene_Expr
SPTBN4,Gene_Expr
BRSK1,Gene_Expr
COX6B2,Gene_Expr
NLRP4,Gene_Expr
PLPP7,Gene_Expr
TAOK1,Gene_Expr
MED27,Gene_Expr
DEDD2,Gene_Expr
SIK3,Gene_Expr
MPZL3,Gene_Expr
JAML,Gene_Expr
NEK8,Gene_Expr
TLCD1,Gene_Expr
PCSK7,Gene_Expr
SAFB,Gene_Expr
CD3G,Gene_Expr
S100A1,Gene_Expr
CHTOP,Gene_Expr
CXCR5,Gene_Expr
ZBTB7B,Gene_Expr
FLAD1,Gene_Expr
SHC1,Gene_Expr
VPS11,Gene_Expr
NLRX1,Gene_Expr
ADAR,Gene_Expr
IL6R,Gene_Expr
UBE2Q1,Gene_Expr
CHRNB2,Gene_Expr
CRTC2,Gene_Expr
ANO10,Gene_Expr
FDPS,Gene_Expr
RUSC1,Gene_Expr
ENTREP3,Gene_Expr
PAQR6,Gene_Expr
PMF1,Gene_Expr
SLC25A44,Gene_Expr
LMNA,Gene_Expr
CCR5,Gene_Expr
NBEAL2,Gene_Expr
CCDC12,Gene_Expr
PTH1R,Gene_Expr
UBQLN4,Gene_Expr
PPP1R35,Gene_Expr
GPATCH4,Gene_Expr
LRRC71,Gene_Expr
FCRL3,Gene_Expr
AZGP1,Gene_Expr
FGFR4,Gene_Expr
CYP3A4,Gene_Expr
CYP3A7,Gene_Expr
NACC1,Gene_Expr
CYP11B1,Gene_Expr
HK3,Gene_Expr
LY6K,Gene_Expr
IER2,Gene_Expr
ZNF394,Gene_Expr
CPSF4,Gene_Expr
LY6E,Gene_Expr
VPS28,Gene_Expr
TONSL,Gene_Expr
PTGER1,Gene_Expr
PWWP3A,Gene_Expr
RECQL4,Gene_Expr
LRRC14,Gene_Expr
ZNF333,Gene_Expr
COL26A1,Gene_Expr
PPP1R16A,Gene_Expr
FOXH1,Gene_Expr
ORAI2,Gene_Expr
ALKBH4,Gene_Expr
SH2B2,Gene_Expr
MRNIP,Gene_Expr
SQSTM1,Gene_Expr
MGAT4B,Gene_Expr
RPL8,Gene_Expr
MAML1,Gene_Expr
PGLYRP2,Gene_Expr
LRWD1,Gene_Expr
FBXL13,Gene_Expr
NAPEPLD,Gene_Expr
SCGB3A1,Gene_Expr
PSMC2,Gene_Expr
CELF5,Gene_Expr
MFSD12,Gene_Expr
USP41P,Gene_Expr
YDJC,Gene_Expr
CCDC116,Gene_Expr
DVL3,Gene_Expr
AP2M1,Gene_Expr
ABCF3,Gene_Expr
PCYT1A,Gene_Expr
DMKN,Gene_Expr
U2AF1L4,Gene_Expr
BDH1,Gene_Expr
NPHS1,Gene_Expr
THAP8,Gene_Expr
COX7A1,Gene_Expr
ZNF382,Gene_Expr
LRRC56,Gene_Expr
PLXDC1,Gene_Expr
PGAP3,Gene_Expr
IKZF3,Gene_Expr
GRIN2C,Gene_Expr
FDXR,Gene_Expr
SAP30BP,Gene_Expr
ACOX1,Gene_Expr
PRPSAP1,Gene_Expr
CYGB,Gene_Expr
SRSF2,Gene_Expr
ZNF577,Gene_Expr
TMEM143,Gene_Expr
KLHL10,Gene_Expr
KASH5,Gene_Expr
ALDH16A1,Gene_Expr
ITGA5,Gene_Expr
SIGLEC11,Gene_Expr
ZNF385A,Gene_Expr
MPP3,Gene_Expr
CD300LG,Gene_Expr
NAGS,Gene_Expr
LSM12,Gene_Expr
ASB16,Gene_Expr
EMC10,Gene_Expr
JOSD2,Gene_Expr
SHANK1,Gene_Expr
FAM171A2,Gene_Expr
DBF4B,Gene_Expr
PLCD3,Gene_Expr
FMNL3,Gene_Expr
AQP5,Gene_Expr
RACGAP1,Gene_Expr
OR7G1,Gene_Expr
LARP4,Gene_Expr
TAMALIN,Gene_Expr
RAVER1,Gene_Expr
KRT84,Gene_Expr
KRT82,Gene_Expr
SYCE2,Gene_Expr
SPC24,Gene_Expr
IP6K3,Gene_Expr
LEMD2,Gene_Expr
ALOX15,Gene_Expr
TREML1,Gene_Expr
ZNF653,Gene_Expr
MED11,Gene_Expr
CXCL16,Gene_Expr
SCIMP,Gene_Expr
RNASEK-C17orf49,Gene_Expr
BCL6B,Gene_Expr
ASGR2,Gene_Expr
TNFSF13,Gene_Expr
SENP3,Gene_Expr
FGF11,Gene_Expr
EIF4A1,Gene_Expr
RPL26,Gene_Expr
CCDC42,Gene_Expr
POLR3K,Gene_Expr
SNRNP25,Gene_Expr
PRR35,Gene_Expr
WDR90,Gene_Expr
JMJD8,Gene_Expr
CCDC78,Gene_Expr
SPSB3,Gene_Expr
MEIOB,Gene_Expr
TEDC2,Gene_Expr
CCNF,Gene_Expr
TBC1D24,Gene_Expr
AMDHD2,Gene_Expr
NTN3,Gene_Expr
BICDL2,Gene_Expr
PAQR4,Gene_Expr
FLYWCH2,Gene_Expr
ZG16B,Gene_Expr
ZNF75A,Gene_Expr
ADCY9,Gene_Expr
SHANK2,Gene_Expr
CLPB,Gene_Expr
NEU3,Gene_Expr
CYB561A3,Gene_Expr
SAXO4,Gene_Expr
ASRGL1,Gene_Expr
GNG3,Gene_Expr
UBXN1,Gene_Expr
LBHD1,Gene_Expr
TTC9C,Gene_Expr
TAF6L,Gene_Expr
NXF1,Gene_Expr
STX5,Gene_Expr
SLC25A45,Gene_Expr
RPL29,Gene_Expr
ITIH3,Gene_Expr
SYVN1,Gene_Expr
ZFPL1,Gene_Expr
RPS6KA4,Gene_Expr
LRP5,Gene_Expr
TPCN2,Gene_Expr
CYP4A22,Gene_Expr
PDZK1IP1,Gene_Expr
TAL1,Gene_Expr
CMPK1,Gene_Expr
BEND5,Gene_Expr
ELAVL4,Gene_Expr
COA7,Gene_Expr
ZYG11B,Gene_Expr
SLC1A7,Gene_Expr
CZIB,Gene_Expr
MAGOH,Gene_Expr
ACOT11,Gene_Expr
FAM151A,Gene_Expr
PARS2,Gene_Expr
CIMAP2,Gene_Expr
BSND,Gene_Expr
USP24,Gene_Expr
PLPP3,Gene_Expr
NOL9,Gene_Expr
PRKAA2,Gene_Expr
KLHL21,Gene_Expr
ZSWIM5,Gene_Expr
GMEB1,Gene_Expr
SELENON,Gene_Expr
AK4,Gene_Expr
JAK1,Gene_Expr
RAVER2,Gene_Expr
CTRC,Gene_Expr
LZIC,Gene_Expr
RBP7,Gene_Expr
KNCN,Gene_Expr
FBLIM1,Gene_Expr
SLC25A34,Gene_Expr
AKR7A3,Gene_Expr
DRAXIN,Gene_Expr
PDPN,Gene_Expr
LRRC38,Gene_Expr
DHRS3,Gene_Expr
MATN1,Gene_Expr
LAPTM5,Gene_Expr
SDC3,Gene_Expr
PEF1,Gene_Expr
SYNC,Gene_Expr
RBBP4,Gene_Expr
NHSL3,Gene_Expr
TSSK3,Gene_Expr
TMCO4,Gene_Expr
UBXN10,Gene_Expr
CAMK2N1,Gene_Expr
ALPL,Gene_Expr
WNT4,Gene_Expr
TTLL10,Gene_Expr
SCNN1D,Gene_Expr
MXRA8,Gene_Expr
FAAP20,Gene_Expr
MEGF6,Gene_Expr
CCDC27,Gene_Expr
IL23R,Gene_Expr
DIRAS3,Gene_Expr
C1orf87,Gene_Expr
NFIA,Gene_Expr
OMA1,Gene_Expr
MYSM1,Gene_Expr
TM2D1,Gene_Expr
USP1,Gene_Expr
FUBP1,Gene_Expr
NEXN,Gene_Expr
DNAJB4,Gene_Expr
ADGRL4,Gene_Expr
LRRIQ3,Gene_Expr
LRRC53,Gene_Expr
TYW3,Gene_Expr
LHX8,Gene_Expr
SNX7,Gene_Expr
B3GALT2,Gene_Expr
NTNG1,Gene_Expr
EEIG2,Gene_Expr
HENMT1,Gene_Expr
AKNAD1,Gene_Expr
C1orf52,Gene_Expr
DNAI3,Gene_Expr
GBP2,Gene_Expr
ATXN7L2,Gene_Expr
GBP4,Gene_Expr
ZNF326,Gene_Expr
HFM1,Gene_Expr
BRINP3,Gene_Expr
GFI1,Gene_Expr
KCNT2,Gene_Expr
AGL,Gene_Expr
VCAM1,Gene_Expr
EXTL2,Gene_Expr
SLC30A7,Gene_Expr
ZNF281,Gene_Expr
ARPC5,Gene_Expr
CADM3,Gene_Expr
NLRP3,Gene_Expr
ZNF496,Gene_Expr
TRIM58,Gene_Expr
SLAMF9,Gene_Expr
KCNJ9,Gene_Expr
IGSF8,Gene_Expr
DDR2,Gene_Expr
PEA15,Gene_Expr
PEX19,Gene_Expr
NCSTN,Gene_Expr
VANGL2,Gene_Expr
SLAMF6,Gene_Expr
OLFML2B,Gene_Expr
FCRLB,Gene_Expr
FCGR3B,Gene_Expr
SLC9C2,Gene_Expr
KLHDC9,Gene_Expr
C1orf74,Gene_Expr
LMX1A,Gene_Expr
FLVCR1,Gene_Expr
GARIN4,Gene_Expr
ATF3,Gene_Expr
RBM15,Gene_Expr
DENND2D,Gene_Expr
AXDND1,Gene_Expr
TDRD5,Gene_Expr
IER5,Gene_Expr
SNED1,Gene_Expr
BPNT1,Gene_Expr
SPATA17,Gene_Expr
C1orf115,Gene_Expr
BROX,Gene_Expr
NBPF20,Gene_Expr
ACP6,Gene_Expr
WDR64,Gene_Expr
KIF26B,Gene_Expr
TFB2M,Gene_Expr
CNST,Gene_Expr
PPP1R21,Gene_Expr
KLHDC8A,Gene_Expr
PM20D1,Gene_Expr
PKDCC,Gene_Expr
OXER1,Gene_Expr
HAAO,Gene_Expr
B3GALNT2,Gene_Expr
MAPKAPK2,Gene_Expr
IL20,Gene_Expr
IL24,Gene_Expr
FCMR,Gene_Expr
PIGR,Gene_Expr
FCAMR,Gene_Expr
CAPN2,Gene_Expr
MRPL55,Gene_Expr
OBSCN-AS1,Gene_Expr
WDR26,Gene_Expr
REL,Gene_Expr
PUS10,Gene_Expr
PEX13,Gene_Expr
SANBR,Gene_Expr
TRIM17,Gene_Expr
RFTN2,Gene_Expr
DISC1,Gene_Expr
CAPN13,Gene_Expr
LRRTM1,Gene_Expr
MEMO1,Gene_Expr
DPY30,Gene_Expr
TYW5,Gene_Expr
MAIP1,Gene_Expr
KCNF1,Gene_Expr
SLC66A3,Gene_Expr
ARL5A,Gene_Expr
LRATD1,Gene_Expr
KCNJ3,Gene_Expr
NEUROD1,Gene_Expr
CLHC1,Gene_Expr
FRZB,Gene_Expr
DUSP19,Gene_Expr
CFAP36,Gene_Expr
NUP35,Gene_Expr
CCDC138,Gene_Expr
ZSWIM2,Gene_Expr
FBXO41,Gene_Expr
ACTG2,Gene_Expr
WDCP,Gene_Expr
SMC6,Gene_Expr
VSNL1,Gene_Expr
CCDC74A,Gene_Expr
H3-3A,Gene_Expr
ANKRD30BL,Gene_Expr
COQ8A,Gene_Expr
SLC16A14,Gene_Expr
SGCB,Gene_Expr
SPATA18,Gene_Expr
NOSTRIN,Gene_Expr
CFAP221,Gene_Expr
CCDC140,Gene_Expr
SGPP2,Gene_Expr
INHBB,Gene_Expr
XIRP2,Gene_Expr
BBS5,Gene_Expr
BIRC8,Gene_Expr
SMARCAD1,Gene_Expr
HPGDS,Gene_Expr
PDLIM5,Gene_Expr
PDHA2,Gene_Expr
STPG2,Gene_Expr
NEURL3,Gene_Expr
RPRD2,Gene_Expr
ANKRD23,Gene_Expr
CTSS,Gene_Expr
MSX1,Gene_Expr
PACRGL,Gene_Expr
BNIPL,Gene_Expr
C1QTNF7,Gene_Expr
TNFAIP8L2,Gene_Expr
LYSMD1,Gene_Expr
SCNM1,Gene_Expr
TMOD4,Gene_Expr
VPS72,Gene_Expr
ERCC3,Gene_Expr
RNF149,Gene_Expr
IWS1,Gene_Expr
BOLA3,Gene_Expr
CDC42EP3,Gene_Expr
S100A11,Gene_Expr
SPRR3,Gene_Expr
DHX57,Gene_Expr
BMP10,Gene_Expr
PGLYRP4,Gene_Expr
ARHGAP25,Gene_Expr
S100A9,Gene_Expr
S100A12,Gene_Expr
TGFA,Gene_Expr
TDRD10,Gene_Expr
CCNYL1,Gene_Expr
FZD5,Gene_Expr
DCAF16,Gene_Expr
GNPDA2,Gene_Expr
ALPP,Gene_Expr
GABRG1,Gene_Expr
GABRB1,Gene_Expr
PAQR3,Gene_Expr
NIPAL1,Gene_Expr
ANTXR2,Gene_Expr
HELQ,Gene_Expr
MRPS18C,Gene_Expr
CGGBP1,Gene_Expr
ABRAXAS1,Gene_Expr
GPR155,Gene_Expr
DAPL1,Gene_Expr
PMVK,Gene_Expr
PBXIP1,Gene_Expr
CLDN1,Gene_Expr
PYGO2,Gene_Expr
HIPK1,Gene_Expr
DCST2,Gene_Expr
DCST1,Gene_Expr
COL6A3,Gene_Expr
INAVA,Gene_Expr
YY1AP1,Gene_Expr
KBTBD8,Gene_Expr
TAFA4,Gene_Expr
EOGT,Gene_Expr
LMOD3,Gene_Expr
NAXE,Gene_Expr
POGLUT1,Gene_Expr
SLC22A15,Gene_Expr
CCKAR,Gene_Expr
IGFN1,Gene_Expr
ATP1A1,Gene_Expr
SLC15A2,Gene_Expr
EIF4E3,Gene_Expr
PROK2,Gene_Expr
TEX55,Gene_Expr
LRRC58,Gene_Expr
FSTL1,Gene_Expr
LMOD1,Gene_Expr
ELF3,Gene_Expr
TMEM183A,Gene_Expr
TMEM169,Gene_Expr
IGFBP7,Gene_Expr
TRIM46,Gene_Expr
KRTCAP2,Gene_Expr
CXCR1,Gene_Expr
ARPC2,Gene_Expr
TSACC,Gene_Expr
CCT3,Gene_Expr
TMEM79,Gene_Expr
SSR2,Gene_Expr
RNF25,Gene_Expr
STK36,Gene_Expr
ADORA1,Gene_Expr
NEK10,Gene_Expr
CCDC141,Gene_Expr
CIP2A,Gene_Expr
EOMES,Gene_Expr
CWC22,Gene_Expr
AZI2,Gene_Expr
TGFBR2,Gene_Expr
RETNLB,Gene_Expr
ANKZF1,Gene_Expr
HDAC11,Gene_Expr
FCRL4,Gene_Expr
TRAT1,Gene_Expr
FBLN2,Gene_Expr
GLB1L,Gene_Expr
STT3B,Gene_Expr
CHCHD4,Gene_Expr
DPPA2,Gene_Expr
NFASC,Gene_Expr
FCRL1,Gene_Expr
SGO2,Gene_Expr
SERPINI1,Gene_Expr
CLASP2,Gene_Expr
SUCLG1,Gene_Expr
NUAK2,Gene_Expr
SPTA1,Gene_Expr
PRKCI,Gene_Expr
MNDA,Gene_Expr
PYHIN1,Gene_Expr
IFI16,Gene_Expr
AIM2,Gene_Expr
EFHB,Gene_Expr
EIF5A2,Gene_Expr
SLC2A2,Gene_Expr
RPL22L1,Gene_Expr
FABP1,Gene_Expr
PPM1L,Gene_Expr
ICA1L,Gene_Expr
CTLA4,Gene_Expr
ICOS,Gene_Expr
RYBP,Gene_Expr
PPP4R2,Gene_Expr
CD200R1,Gene_Expr
GTPBP8,Gene_Expr
NEPRO,Gene_Expr
SPICE1,Gene_Expr
CCDC191,Gene_Expr
CADPS,Gene_Expr
NKX6-1,Gene_Expr
CDS1,Gene_Expr
WDFY3,Gene_Expr
COX18,Gene_Expr
PTPN13,Gene_Expr
SYNPR,Gene_Expr
ALB,Gene_Expr
C3orf49,Gene_Expr
C4orf36,Gene_Expr
THOC7,Gene_Expr
ATXN7,Gene_Expr
PSMD6,Gene_Expr
PRICKLE2,Gene_Expr
ADAMTS9,Gene_Expr
PPM1K,Gene_Expr
ERICH6,Gene_Expr
CLRN1,Gene_Expr
GMPS,Gene_Expr
TIPARP,Gene_Expr
CCNL1,Gene_Expr
PTX3,Gene_Expr
HESX1,Gene_Expr
DCLK3,Gene_Expr
SLMAP,Gene_Expr
RPL9,Gene_Expr
SMIM14,Gene_Expr
RPP14,Gene_Expr
ABHD6,Gene_Expr
DNASE1L3,Gene_Expr
CFAP20DC,Gene_Expr
RBM47,Gene_Expr
APBB2,Gene_Expr
IL17RE,Gene_Expr
IL17RC,Gene_Expr
CRELD1,Gene_Expr
PRRT3,Gene_Expr
FANCD2OS,Gene_Expr
PCOLCE2,Gene_Expr
U2SURP,Gene_Expr
MTMR14,Gene_Expr
TTC14,Gene_Expr
CXCL3,Gene_Expr
CXCL5,Gene_Expr
PPBP,Gene_Expr
PF4,Gene_Expr
MTHFD2L,Gene_Expr
CXCL1,Gene_Expr
RCHY1,Gene_Expr
PLSCR2,Gene_Expr
CCDC158,Gene_Expr
CPA3,Gene_Expr
GYG1,Gene_Expr
HPS3,Gene_Expr
TM4SF18,Gene_Expr
TOPBP1,Gene_Expr
RYK,Gene_Expr
SNRK,Gene_Expr
TCF23,Gene_Expr
DNAJC5G,Gene_Expr
UCN,Gene_Expr
ZNF513,Gene_Expr
SLC4A1AP,Gene_Expr
PLB1,Gene_Expr
SPDYA,Gene_Expr
KIAA1143,Gene_Expr
KIF15,Gene_Expr
TGM4,Gene_Expr
WDR43,Gene_Expr
ZDHHC3,Gene_Expr
CDCP1,Gene_Expr
CLEC3B,Gene_Expr
SLC6A20,Gene_Expr
LZTFL1,Gene_Expr
FYCO1,Gene_Expr
CCR1,Gene_Expr
LRRC2,Gene_Expr
ELP6,Gene_Expr
FBXO40,Gene_Expr
DTX3L,Gene_Expr
ZNF148,Gene_Expr
NMNAT3,Gene_Expr
SMIM12,Gene_Expr
ZMYM6,Gene_Expr
TPRA1,Gene_Expr
YEATS2,Gene_Expr
GRIK3,Gene_Expr
ZC3H12A,Gene_Expr
MEAF6,Gene_Expr
SNIP1,Gene_Expr
DNALI1,Gene_Expr
POLR2H,Gene_Expr
KLF15,Gene_Expr
CFAP100,Gene_Expr
LIPH,Gene_Expr
TMEM41A,Gene_Expr
RPN1,Gene_Expr
SENP2,Gene_Expr
HEYL,Gene_Expr
IFT122,Gene_Expr
RFC4,Gene_Expr
RPL39L,Gene_Expr
BAP1,Gene_Expr
TKT,Gene_Expr
PRKCD,Gene_Expr
RFT1,Gene_Expr
SFMBT1,Gene_Expr
GNL3,Gene_Expr
PBRM1,Gene_Expr
UVSSA,Gene_Expr
TASOR,Gene_Expr
ARHGEF3,Gene_Expr
SLBP,Gene_Expr
LRPAP1,Gene_Expr
ZDHHC19,Gene_Expr
SLC51A,Gene_Expr
UBXN7,Gene_Expr
RNF168,Gene_Expr
PIGX,Gene_Expr
MELTF,Gene_Expr
OTOP1,Gene_Expr
S100P,Gene_Expr
ABLIM2,Gene_Expr
EXO5,Gene_Expr
CLDN19,Gene_Expr
C1orf50,Gene_Expr
ERMAP,Gene_Expr
ZNF691,Gene_Expr
AIMP1,Gene_Expr
SGMS2,Gene_Expr
METAP1,Gene_Expr
DNAJB14,Gene_Expr
H2AZ1,Gene_Expr
EMCN,Gene_Expr
SLC9B1,Gene_Expr
SLC9B2,Gene_Expr
BDH2,Gene_Expr
PGRMC2,Gene_Expr
CDC25A,Gene_Expr
CAMP,Gene_Expr
ZNF589,Gene_Expr
FBXW12,Gene_Expr
PLXNB1,Gene_Expr
CCDC51,Gene_Expr
ATRIP,Gene_Expr
SHISA5,Gene_Expr
SPRY1,Gene_Expr
BSN,Gene_Expr
APEH,Gene_Expr
INTU,Gene_Expr
RNF123,Gene_Expr
HSPA4L,Gene_Expr
MFSD8,Gene_Expr
ABHD18,Gene_Expr
CAMKV,Gene_Expr
MON1A,Gene_Expr
MST1R,Gene_Expr
RAD54L2,Gene_Expr
TEX264,Gene_Expr
GRM2,Gene_Expr
DUSP7,Gene_Expr
POC1A,Gene_Expr
PPM1M,Gene_Expr
ETNPPL,Gene_Expr
WDR82,Gene_Expr
PITX2,Gene_Expr
ARLN,Gene_Expr
PRSS12,Gene_Expr
NDST3,Gene_Expr
HMGB2,Gene_Expr
SAP30,Gene_Expr
SCRG1,Gene_Expr
HAND2,Gene_Expr
MAD2L1,Gene_Expr
ANXA5,Gene_Expr
SMIM43,Gene_Expr
ADAD1,Gene_Expr
MAP9,Gene_Expr
GUCY1A1,Gene_Expr
FBXO8,Gene_Expr
CEP44,Gene_Expr
HPGD,Gene_Expr
ASB5,Gene_Expr
SPMIP2,Gene_Expr
TMEM144,Gene_Expr
GASK1B,Gene_Expr
NPY1R,Gene_Expr
NPY5R,Gene_Expr
NAA15,Gene_Expr
IL15,Gene_Expr
FHIP1A,Gene_Expr
ARFIP1,Gene_Expr
ICE1,Gene_Expr
HHIP,Gene_Expr
ANAPC10,Gene_Expr
ABCE1,Gene_Expr
OTUD4,Gene_Expr
LSM6,Gene_Expr
TMEM184C,Gene_Expr
PRMT9,Gene_Expr
ITGA2,Gene_Expr
MOCS2,Gene_Expr
SLC45A2,Gene_Expr
EDIL3,Gene_Expr
TMEM161B,Gene_Expr
ELOVL7,Gene_Expr
NDUFAF2,Gene_Expr
ZNF474,Gene_Expr
LMBRD2,Gene_Expr
RANBP3L,Gene_Expr
NIPBL,Gene_Expr
RNF180,Gene_Expr
ADGRV1,Gene_Expr
SLC25A46,Gene_Expr
STARD4,Gene_Expr
PGGT1B,Gene_Expr
F2RL2,Gene_Expr
CCDC112,Gene_Expr
ANKRD33B,Gene_Expr
CMBL,Gene_Expr
C5orf63,Gene_Expr
PRRC1,Gene_Expr
F2RL1,Gene_Expr
AGGF1,Gene_Expr
WDR41,Gene_Expr
PRDM9,Gene_Expr
NDUFS4,Gene_Expr
SCGB3A2,Gene_Expr
SPINK1,Gene_Expr
HTR4,Gene_Expr
ESM1,Gene_Expr
GRPEL2,Gene_Expr
CDC20B,Gene_Expr
ARSK,Gene_Expr
RHOBTB3,Gene_Expr
GPX8,Gene_Expr
TIGD6,Gene_Expr
SPZ1,Gene_Expr
SERINC5,Gene_Expr
ENPP6,Gene_Expr
CAGE1,Gene_Expr
CASP3,Gene_Expr
PRIMPOL,Gene_Expr
ERAP1,Gene_Expr
ERAP2,Gene_Expr
CMYA5,Gene_Expr
EGFLAM,Gene_Expr
CFAP97,Gene_Expr
CARTPT,Gene_Expr
RICTOR,Gene_Expr
TENT2,Gene_Expr
EBF1,Gene_Expr
ANKRA2,Gene_Expr
UBLCP1,Gene_Expr
FAM170A,Gene_Expr
UTP15,Gene_Expr
TLR3,Gene_Expr
KLKB1,Gene_Expr
NSA2,Gene_Expr
GFM2,Gene_Expr
TERT,Gene_Expr
SLC6A18,Gene_Expr
CCDC127,Gene_Expr
FOXQ1,Gene_Expr
ADGRF2P,Gene_Expr
ACSL6,Gene_Expr
IL3,Gene_Expr
CSF2,Gene_Expr
SEPTIN8,Gene_Expr
SHROOM1,Gene_Expr
GDF9,Gene_Expr
UQCRQ,Gene_Expr
LEAP2,Gene_Expr
GJB7,Gene_Expr
SLC35A1,Gene_Expr
GRIK2,Gene_Expr
CGAS,Gene_Expr
FABP7,Gene_Expr
TXLNB,Gene_Expr
CITED2,Gene_Expr
CALHM4,Gene_Expr
TBXT,Gene_Expr
CREBRF,Gene_Expr
DCBLD1,Gene_Expr
SFXN1,Gene_Expr
SAMD3,Gene_Expr
TMEM200A,Gene_Expr
IL22RA2,Gene_Expr
PDSS2,Gene_Expr
SPMIP7,Gene_Expr
STXBP5,Gene_Expr
IL31RA,Gene_Expr
ANKRD55,Gene_Expr
RAET1E,Gene_Expr
PI16,Gene_Expr
TBX20,Gene_Expr
DAGLB,Gene_Expr
MATCAP2,Gene_Expr
STK17A,Gene_Expr
TRA2A,Gene_Expr
GALNT10,Gene_Expr
SAP30L,Gene_Expr
RPS14,Gene_Expr
HCN1,Gene_Expr
MYOZ3,Gene_Expr
COG5,Gene_Expr
NEUROD6,Gene_Expr
SAMTOR,Gene_Expr
GPR85,Gene_Expr
SLU7,Gene_Expr
RP9,Gene_Expr
PTTG1,Gene_Expr
CAMLG,Gene_Expr
BMPER,Gene_Expr
RELL2,Gene_Expr
KCNK5,Gene_Expr
KIF6,Gene_Expr
ZNF12,Gene_Expr
SLC29A4,Gene_Expr
TEX47,Gene_Expr
STEAP1,Gene_Expr
CDCA7L,Gene_Expr
SP8,Gene_Expr
MIOS,Gene_Expr
ELAPOR2,Gene_Expr
USP49,Gene_Expr
SYTL3,Gene_Expr
IQUB,Gene_Expr
HEY1,Gene_Expr
ZNF704,Gene_Expr
FABP5,Gene_Expr
SHH,Gene_Expr
TAGAP,Gene_Expr
COL1A2,Gene_Expr
FNDC1,Gene_Expr
CHMP4C,Gene_Expr
SLC13A4,Gene_Expr
PGAM2,Gene_Expr
BRI3,Gene_Expr
LMTK2,Gene_Expr
CTSB,Gene_Expr
SOX17,Gene_Expr
DLC1,Gene_Expr
ADCY1,Gene_Expr
C8orf48,Gene_Expr
SUN3,Gene_Expr
C7orf57,Gene_Expr
HNF4G,Gene_Expr
PEX2,Gene_Expr
RAD21,Gene_Expr
SLC30A8,Gene_Expr
MED30,Gene_Expr
TNFRSF11B,Gene_Expr
SBSPON,Gene_Expr
PHKG1,Gene_Expr
EN2,Gene_Expr
KCNV1,Gene_Expr
CSMD3,Gene_Expr
SPIDR,Gene_Expr
ORC5,Gene_Expr
DNAAF5,Gene_Expr
DEFA4,Gene_Expr
OSGIN2,Gene_Expr
DEFB1,Gene_Expr
SUN1,Gene_Expr
OXR1,Gene_Expr
TMEM74,Gene_Expr
GPR146,Gene_Expr
GPER1,Gene_Expr
UNCX,Gene_Expr
TMEM184A,Gene_Expr
NOS3,Gene_Expr
MICALL2,Gene_Expr
CA3,Gene_Expr
INTS1,Gene_Expr
CDK5,Gene_Expr
SLC4A2,Gene_Expr
SLC7A13,Gene_Expr
FASTK,Gene_Expr
TMUB1,Gene_Expr
FMC1,Gene_Expr
PHAX,Gene_Expr
ALDH7A1,Gene_Expr
FOXK1,Gene_Expr
COX6C,Gene_Expr
OSR2,Gene_Expr
YWHAZ,Gene_Expr
BAALC,Gene_Expr
FZD6,Gene_Expr
CTHRC1,Gene_Expr
SLC25A32,Gene_Expr
DCAF13,Gene_Expr
DCSTAMP,Gene_Expr
TP53INP1,Gene_Expr
INTS8,Gene_Expr
VIRMA,Gene_Expr
FREM1,Gene_Expr
GEM,Gene_Expr
PDP1,Gene_Expr
TMEM67,Gene_Expr
WASHC5,Gene_Expr
RPP25L,Gene_Expr
FAM219A,Gene_Expr
SNAPC3,Gene_Expr
MYORG,Gene_Expr
NUDT2,Gene_Expr
TMEM65,Gene_Expr
PSIP1,Gene_Expr
CCDC171,Gene_Expr
UBAP1,Gene_Expr
DIRAS2,Gene_Expr
SYK,Gene_Expr
NIPSNAP3B,Gene_Expr
ABCA1,Gene_Expr
NFIL3,Gene_Expr
LETM2,Gene_Expr
METTL2B,Gene_Expr
FXN,Gene_Expr
ZMAT4,Gene_Expr
TMEM71,Gene_Expr
MAMDC2,Gene_Expr
PRSS37,Gene_Expr
CPA6,Gene_Expr
C8orf34,Gene_Expr
TMC1,Gene_Expr
ALDH1A1,Gene_Expr
KDM1B,Gene_Expr
HGSNAT,Gene_Expr
RASEF,Gene_Expr
GKAP1,Gene_Expr
KIF27,Gene_Expr
QNG1,Gene_Expr
HNRNPK,Gene_Expr
SVEP1,Gene_Expr
TRPV6,Gene_Expr
LLCFC1,Gene_Expr
ANKS6,Gene_Expr
FBP1,Gene_Expr
PGAP4,Gene_Expr
ZHX1,Gene_Expr
CFAP47,Gene_Expr
CYBB,Gene_Expr
DYNLT3,Gene_Expr
METTL27,Gene_Expr
MID1IP1,Gene_Expr
SHOC1,Gene_Expr
CXorf58,Gene_Expr
KIAA1958,Gene_Expr
PTCHD1,Gene_Expr
RNF183,Gene_Expr
ASB11,Gene_Expr
PCDH19,Gene_Expr
PIGA,Gene_Expr
VEGFD,Gene_Expr
OR1Q1,Gene_Expr
STRBP,Gene_Expr
CLDN3,Gene_Expr
GAPVD1,Gene_Expr
CARD19,Gene_Expr
WNK2,Gene_Expr
ATP7A,Gene_Expr
ZNF367,Gene_Expr
NLGN4Y,Gene_Expr
HDX,Gene_Expr
NDUFB6,Gene_Expr
AQP7,Gene_Expr
NOL6,Gene_Expr
AQP3,Gene_Expr
TRMT10B,Gene_Expr
VCP,Gene_Expr
PIGO,Gene_Expr
STOML2,Gene_Expr
BRWD3,Gene_Expr
SLITRK5,Gene_Expr
MELK,Gene_Expr
ARMC3,Gene_Expr
OTUD1,Gene_Expr
ARHGAP12,Gene_Expr
FAT3,Gene_Expr
DEUP1,Gene_Expr
HECTD2,Gene_Expr
SLC7A3,Gene_Expr
FBXO33,Gene_Expr
INTS6L,Gene_Expr
LRFN5,Gene_Expr
LRRC18,Gene_Expr
SPTSSA,Gene_Expr
WRN,Gene_Expr
MARCHF8,Gene_Expr
TSHR,Gene_Expr
CFL2,Gene_Expr
SUGT1,Gene_Expr
GTF2A1,Gene_Expr
ZCCHC24,Gene_Expr
PGM2L1,Gene_Expr
PHYHIPL,Gene_Expr
SLC16A9,Gene_Expr
FOLR2,Gene_Expr
INPPL1,Gene_Expr
PHOX2A,Gene_Expr
MBL2,Gene_Expr
GJB2,Gene_Expr
CRYL1,Gene_Expr
REEP3,Gene_Expr
HEPACAM,Gene_Expr
SKA3,Gene_Expr
MICU2,Gene_Expr
DDIAS,Gene_Expr
PCF11,Gene_Expr
PKNOX2,Gene_Expr
LRR1,Gene_Expr
RPL36AL,Gene_Expr
DNAAF2,Gene_Expr
DEPP1,Gene_Expr
MAGEC3,Gene_Expr
ZNF22,Gene_Expr
KLHDC2,Gene_Expr
EML5,Gene_Expr
NEMF,Gene_Expr
RPUSD4,Gene_Expr
ARF6,Gene_Expr
TTC8,Gene_Expr
TMEM63C,Gene_Expr
NOXRED1,Gene_Expr
CDX2,Gene_Expr
AMER2,Gene_Expr
AKR1E2,Gene_Expr
KBTBD6,Gene_Expr
SSX3,Gene_Expr
OTX2,Gene_Expr
FAAH2,Gene_Expr
DRGX,Gene_Expr
NUDT5,Gene_Expr
DACT1,Gene_Expr
OXGR1,Gene_Expr
BEND7,Gene_Expr
ATP5F1C,Gene_Expr
PRPF18,Gene_Expr
TAF3,Gene_Expr
VSTM4,Gene_Expr
VDAC2,Gene_Expr
SOHLH1,Gene_Expr
COMTD1,Gene_Expr
SLC18A2,Gene_Expr
PDZD8,Gene_Expr
ZNF503,Gene_Expr
ABRAXAS2,Gene_Expr
QSOX2,Gene_Expr
FAM204A,Gene_Expr
NSD1,Gene_Expr
PRDX3,Gene_Expr
ENOX2,Gene_Expr
GHITM,Gene_Expr
CLEC1B,Gene_Expr
SNAPC4,Gene_Expr
TMEM52B,Gene_Expr
PMPCA,Gene_Expr
ENTR1,Gene_Expr
FRMD7,Gene_Expr
AK8,Gene_Expr
SPACA9,Gene_Expr
TSC1,Gene_Expr
GFI1B,Gene_Expr
HPRT1,Gene_Expr
BORCS5,Gene_Expr
DIPK1B,Gene_Expr
ZMYND19,Gene_Expr
STOX1,Gene_Expr
RET,Gene_Expr
DDX21,Gene_Expr
BMS1,Gene_Expr
STK32C,Gene_Expr
JCAD,Gene_Expr
FUNDC2,Gene_Expr
PIP4P1,Gene_Expr
METTL17,Gene_Expr
NDRG2,Gene_Expr
ARHGEF40,Gene_Expr
NSMF,Gene_Expr
ZNF219,Gene_Expr
C12orf50,Gene_Expr
CASP7,Gene_Expr
PPP1R36,Gene_Expr
BTNL9,Gene_Expr
CCDC186,Gene_Expr
VWA2,Gene_Expr
METTL3,Gene_Expr
SALL2,Gene_Expr
PRAP1,Gene_Expr
TRUB1,Gene_Expr
ERICH6B,Gene_Expr
CYP2C19,Gene_Expr
ZFYVE1,Gene_Expr
HSPA12A,Gene_Expr
FRAT1,Gene_Expr
UBTD1,Gene_Expr
ANKRD2,Gene_Expr
E2F7,Gene_Expr
ARHGAP42,Gene_Expr
ISCA2,Gene_Expr
OTOGL,Gene_Expr
LARGE2,Gene_Expr
PACSIN3,Gene_Expr
TTC7B,Gene_Expr
SLC39A13,Gene_Expr
PSMC3,Gene_Expr
RAPSN,Gene_Expr
AGBL2,Gene_Expr
TC2N,Gene_Expr
CPSF2,Gene_Expr
SMCO2,Gene_Expr
MOAP1,Gene_Expr
IFI27L1,Gene_Expr
IFI27,Gene_Expr
SERPINA12,Gene_Expr
CLMN,Gene_Expr
PDZRN4,Gene_Expr
SLC6A5,Gene_Expr
CCDC38,Gene_Expr
NELL1,Gene_Expr
PTER,Gene_Expr
C1QL3,Gene_Expr
CACNB2,Gene_Expr
HACD1,Gene_Expr
ARL5B,Gene_Expr
SMCO4,Gene_Expr
CEP295,Gene_Expr
KCNC2,Gene_Expr
TAF1D,Gene_Expr
ABTB2,Gene_Expr
R3HCC1L,Gene_Expr
AMOTL1,Gene_Expr
HTRA1,Gene_Expr
LIPC,Gene_Expr
CEP57,Gene_Expr
TCP11L2,Gene_Expr
PASD1,Gene_Expr
SPRED1,Gene_Expr
TMCO5A,Gene_Expr
GPR176,Gene_Expr
JAM3,Gene_Expr
CMTM5,Gene_Expr
GLB1L3,Gene_Expr
ADAMTS15,Gene_Expr
SVOP,Gene_Expr
GPT2,Gene_Expr
AMN,Gene_Expr
RAB8B,Gene_Expr
IKBIP,Gene_Expr
RPUSD2,Gene_Expr
HIF1AN,Gene_Expr
NDUFB8,Gene_Expr
ZFYVE19,Gene_Expr
SPINT1,Gene_Expr
FBN1,Gene_Expr
AVPR1A,Gene_Expr
DEPDC4,Gene_Expr
LRTM2,Gene_Expr
BRD7,Gene_Expr
CKB,Gene_Expr
TRMT61A,Gene_Expr
BTRC,Gene_Expr
POLL,Gene_Expr
BAG5,Gene_Expr
DPCD,Gene_Expr
LARP6,Gene_Expr
API5,Gene_Expr
ZNF319,Gene_Expr
HPS6,Gene_Expr
SENP8,Gene_Expr
NOLC1,Gene_Expr
ALKBH3,Gene_Expr
COPS2,Gene_Expr
GABRB3,Gene_Expr
SPIC,Gene_Expr
TBATA,Gene_Expr
SGPL1,Gene_Expr
FRS2,Gene_Expr
CCT2,Gene_Expr
PCBD1,Gene_Expr
ARIH1,Gene_Expr
DNAAF8,Gene_Expr
CLMP,Gene_Expr
SCN3B,Gene_Expr
COX11,Gene_Expr
ZNF202,Gene_Expr
FAM227B,Gene_Expr
STXBP4,Gene_Expr
CYYR1,Gene_Expr
CUL5,Gene_Expr
MYRFL,Gene_Expr
WBP1L,Gene_Expr
BORCS7,Gene_Expr
C2,Gene_Expr
PLEKHF1,Gene_Expr
TMEM100,Gene_Expr
ANAPC16,Gene_Expr
SMPD1,Gene_Expr
APBB1,Gene_Expr
SYNPO2L,Gene_Expr
NUDT13,Gene_Expr
C11orf65,Gene_Expr
TRIM44,Gene_Expr
ILK,Gene_Expr
TAF10,Gene_Expr
TPP1,Gene_Expr
DCHS1,Gene_Expr
NETO1,Gene_Expr
MSS51,Gene_Expr
CYB5A,Gene_Expr
USP54,Gene_Expr
RAG1,Gene_Expr
IFTAP,Gene_Expr
WDR88,Gene_Expr
OR10A5,Gene_Expr
OR2D2,Gene_Expr
ATP9B,Gene_Expr
PPFIBP2,Gene_Expr
MOGAT2,Gene_Expr
CYB5R2,Gene_Expr
SERPINB7,Gene_Expr
GARRE1,Gene_Expr
SERPINB8,Gene_Expr
TUB,Gene_Expr
RIC3,Gene_Expr
LMO1,Gene_Expr
IDH3A,Gene_Expr
WDR72,Gene_Expr
CRABP1,Gene_Expr
PLD4,Gene_Expr
ZMAT1,Gene_Expr
XRRA1,Gene_Expr
TRIM66,Gene_Expr
RNF169,Gene_Expr
RPL27A,Gene_Expr
DENND2B,Gene_Expr
CDYL2,Gene_Expr
TMEM130,Gene_Expr
PRTG,Gene_Expr
CENPN,Gene_Expr
AKIP1,Gene_Expr
ATMIN,Gene_Expr
C16orf46,Gene_Expr
TMEM41B,Gene_Expr
LEO1,Gene_Expr
ZNF143,Gene_Expr
TMX3,Gene_Expr
MFAP4,Gene_Expr
WEE1,Gene_Expr
MAPK7,Gene_Expr
PRKCB,Gene_Expr
HDGFL3,Gene_Expr
NDST2,Gene_Expr
MCM7,Gene_Expr
CLEC3A,Gene_Expr
CCDC68,Gene_Expr
CLEC4E,Gene_Expr
ZNF3,Gene_Expr
CLEC4D,Gene_Expr
ZSCAN21,Gene_Expr
RIMKLB,Gene_Expr
A2ML1,Gene_Expr
BEAN1,Gene_Expr
TK2,Gene_Expr
TMED3,Gene_Expr
SEC11C,Gene_Expr
CPLX4,Gene_Expr
GALR1,Gene_Expr
TMEM135,Gene_Expr
IQCD,Gene_Expr
NDEL1,Gene_Expr
CENPV,Gene_Expr
CDH16,Gene_Expr
RRAD,Gene_Expr
CIAO2B,Gene_Expr
CFAP52,Gene_Expr
HSP90B1,Gene_Expr
MC4R,Gene_Expr
BLCAP,Gene_Expr
SERPINB12,Gene_Expr
CHRFAM7A,Gene_Expr
ATF7IP2,Gene_Expr
MMP10,Gene_Expr
TVP23A,Gene_Expr
BEX3,Gene_Expr
TMPRSS5,Gene_Expr
COG1,Gene_Expr
PLEKHA7,Gene_Expr
ZNF606,Gene_Expr
ZCCHC18,Gene_Expr
B2M,Gene_Expr
ZNF592,Gene_Expr
GOLM2,Gene_Expr
HTR3A,Gene_Expr
NNMT,Gene_Expr
ACSM1,Gene_Expr
AP1G1,Gene_Expr
SLFN5,Gene_Expr
CATSPER2,Gene_Expr
BMERB1,Gene_Expr
MARF1,Gene_Expr
SAAL1,Gene_Expr
YPEL4,Gene_Expr
PPIB,Gene_Expr
LDHC,Gene_Expr
CIAO2A,Gene_Expr
LDHAL6A,Gene_Expr
FAM111A,Gene_Expr
PCLAF,Gene_Expr
KIF7,Gene_Expr
LDHD,Gene_Expr
PLIN1,Gene_Expr
PEX11A,Gene_Expr
TMEM170A,Gene_Expr
MESP1,Gene_Expr
ANPEP,Gene_Expr
SCNN1G,Gene_Expr
RBPMS2,Gene_Expr
NAV2,Gene_Expr
ANKDD1A,Gene_Expr
GLYATL1,Gene_Expr
C18orf54,Gene_Expr
DCTN5,Gene_Expr
TERF2IP,Gene_Expr
PLK1,Gene_Expr
CLPX,Gene_Expr
GPR182,Gene_Expr
ZBTB39,Gene_Expr
CACNG2,Gene_Expr
TAC3,Gene_Expr
MYO1A,Gene_Expr
CHP2,Gene_Expr
NEMP1,Gene_Expr
NAB2,Gene_Expr
VPS39,Gene_Expr
STAT6,Gene_Expr
PATL1,Gene_Expr
ATP23,Gene_Expr
ELFN2,Gene_Expr
STX3,Gene_Expr
MRPL16,Gene_Expr
PIP4K2C,Gene_Expr
MTMR10,Gene_Expr
YWHAB,Gene_Expr
C15orf48,Gene_Expr
SCG5,Gene_Expr
GREM1,Gene_Expr
NYAP1,Gene_Expr
TSC22D4,Gene_Expr
MS4A6E,Gene_Expr
MS4A7,Gene_Expr
MS4A14,Gene_Expr
MS4A5,Gene_Expr
DIS3L,Gene_Expr
CCNDBP1,Gene_Expr
EPB42,Gene_Expr
SMAD3,Gene_Expr
MS4A8,Gene_Expr
CCDC178,Gene_Expr
MAP1A,Gene_Expr
RCCD1,Gene_Expr
AKTIP,Gene_Expr
MAPRE2,Gene_Expr
EVA1C,Gene_Expr
TCP10L2,Gene_Expr
MARS1,Gene_Expr
MBD6,Gene_Expr
CNPY4,Gene_Expr
PDIA3,Gene_Expr
NUDT21,Gene_Expr
NAT16,Gene_Expr
TERB2,Gene_Expr
NKX3-1,Gene_Expr
SGSM1,Gene_Expr
DUSP18,Gene_Expr
TEF,Gene_Expr
MEI1,Gene_Expr
B4GALNT2,Gene_Expr
PBX3,Gene_Expr
GNGT2,Gene_Expr
PHB1,Gene_Expr
SNRPD1,Gene_Expr
TTC16,Gene_Expr
SUN5,Gene_Expr
SAMD14,Gene_Expr
PIP5KL1,Gene_Expr
BPIFB6,Gene_Expr
TMEM92,Gene_Expr
EEIG1,Gene_Expr
ACSF2,Gene_Expr
GOLGA2,Gene_Expr
TRUB2,Gene_Expr
COQ4,Gene_Expr
SLC27A4,Gene_Expr
URM1,Gene_Expr
CERCAM,Gene_Expr
DOLPP1,Gene_Expr
DNAAF19,Gene_Expr
ENDOG,Gene_Expr
UGT1A6,Gene_Expr
C15orf39,Gene_Expr
ISLR2,Gene_Expr
SP2,Gene_Expr
COQ7,Gene_Expr
GPRC5B,Gene_Expr
CRK,Gene_Expr
FBXO22,Gene_Expr
TBC1D2B,Gene_Expr
NOD2,Gene_Expr
SNX20,Gene_Expr
LOXHD1,Gene_Expr
KATNAL2,Gene_Expr
HDHD2,Gene_Expr
ZNF91,Gene_Expr
IGF2,Gene_Expr
RNF214,Gene_Expr
CDK12,Gene_Expr
DPEP2,Gene_Expr
DUS2,Gene_Expr
POP5,Gene_Expr
ENGASE,Gene_Expr
RBFOX3,Gene_Expr
ATP5MG,Gene_Expr
CD3D,Gene_Expr
TBC1D16,Gene_Expr
TEPSIN,Gene_Expr
MYO5B,Gene_Expr
ART5,Gene_Expr
ACAA2,Gene_Expr
STIM1,Gene_Expr
RRM1,Gene_Expr
OR51E2,Gene_Expr
TRIM68,Gene_Expr
MMP26,Gene_Expr
OR51I1,Gene_Expr
OR51Q1,Gene_Expr
FN3K,Gene_Expr
PRRT2,Gene_Expr
ZNF23,Gene_Expr
IRGQ,Gene_Expr
ZNF226,Gene_Expr
ZNF180,Gene_Expr
PPP2R3B,Gene_Expr
ZNF668,Gene_Expr
ZNF646,Gene_Expr
VKORC1,Gene_Expr
LPO,Gene_Expr
CA4,Gene_Expr
SMG8,Gene_Expr
TPM4,Gene_Expr
RAB8A,Gene_Expr
GPX4,Gene_Expr
MIDN,Gene_Expr
JSRP1,Gene_Expr
NIBAN3,Gene_Expr
KLHL26,Gene_Expr
GATAD2A,Gene_Expr
MVD,Gene_Expr
CDT1,Gene_Expr
TRAPPC2L,Gene_Expr
ANKRD11,Gene_Expr
SPATA33,Gene_Expr
RSKR,Gene_Expr
PROCA1,Gene_Expr
RPL13,Gene_Expr
ZNF641,Gene_Expr
LALBA,Gene_Expr
CACNB3,Gene_Expr
DHRS13,Gene_Expr
TP53I13,Gene_Expr
KMT2D,Gene_Expr
CORO6,Gene_Expr
RHEBL1,Gene_Expr
TUBA1A,Gene_Expr
TUBA1C,Gene_Expr
ZNF610,Gene_Expr
ZNF528,Gene_Expr
ZNF701,Gene_Expr
SERTAD3,Gene_Expr
NCKAP5L,Gene_Expr
RAB4B,Gene_Expr
AQP2,Gene_Expr
GPD1,Gene_Expr
PROSER3,Gene_Expr
CYP2S1,Gene_Expr
AXL,Gene_Expr
NFKBID,Gene_Expr
TMC4,Gene_Expr
ANKRD33,Gene_Expr
LAIR1,Gene_Expr
TTYH1,Gene_Expr
LENG8,Gene_Expr
LAIR2,Gene_Expr
ZNF526,Gene_Expr
TRAPPC9,Gene_Expr
KIR3DL1,Gene_Expr
NLRP7,Gene_Expr
ZNF146,Gene_Expr
ZNF283,Gene_Expr
PPP1R14A,Gene_Expr
SPINT2,Gene_Expr
C19orf33,Gene_Expr
YIF1B,Gene_Expr
DNAAF3,Gene_Expr
PSCA,Gene_Expr
ATCAY,Gene_Expr
DAPK3,Gene_Expr
EEF2,Gene_Expr
TMIGD2,Gene_Expr
CHAF1A,Gene_Expr
UBXN6,Gene_Expr
HDGFL2,Gene_Expr
PLIN4,Gene_Expr
SEMA6B,Gene_Expr
ZNF444,Gene_Expr
NXN,Gene_Expr
TLCD3A,Gene_Expr
GLOD4,Gene_Expr
MFSD3,Gene_Expr
GPT,Gene_Expr
KIFC2,Gene_Expr
SLC43A2,Gene_Expr
RILP,Gene_Expr
SERPINF2,Gene_Expr
WDR81,Gene_Expr
SRR,Gene_Expr
TSR1,Gene_Expr
TRPV3,Gene_Expr
HSD11B1L,Gene_Expr
CYB5D2,Gene_Expr
C19orf48P,Gene_Expr
KLK1,Gene_Expr
KLK2,Gene_Expr
KLK11,Gene_Expr
ZNF83,Gene_Expr
KRT80,Gene_Expr
KRT1,Gene_Expr
OTUB1,Gene_Expr
RCOR2,Gene_Expr
ANGPTL4,Gene_Expr
CD320,Gene_Expr
SPRYD3,Gene_Expr
IGFBP6,Gene_Expr
ZNF558,Gene_Expr
NDUFV1,Gene_Expr
CDK2AP2,Gene_Expr
NUDT8,Gene_Expr
PRDX2,Gene_Expr
OR8J3,Gene_Expr
ZNF232,Gene_Expr
MIS12,Gene_Expr
CD300C,Gene_Expr
CD300A,Gene_Expr
TEKT1,Gene_Expr
HID1,Gene_Expr
MRPL58,Gene_Expr
ATP5PD,Gene_Expr
TMEM88,Gene_Expr
EVPL,Gene_Expr
SRP68,Gene_Expr
MGAT5B,Gene_Expr
TMC8,Gene_Expr
TK1,Gene_Expr
TMEM68,Gene_Expr
CYP7A1,Gene_Expr
GSDMA,Gene_Expr
KRT24,Gene_Expr
KRT10-AS1,Gene_Expr
GHDC,Gene_Expr
FAM234A,Gene_Expr
SOST,Gene_Expr
ZNF598,Gene_Expr
RAB26,Gene_Expr
MLST8,Gene_Expr
E4F1,Gene_Expr
DNASE1L2,Gene_Expr
ECI1,Gene_Expr
CASKIN1,Gene_Expr
ABCA3,Gene_Expr
KCTD5,Gene_Expr
SRRM2,Gene_Expr
ZNF597,Gene_Expr
NLRC3,Gene_Expr
SDHAF2,Gene_Expr
DDB1,Gene_Expr
VPS37C,Gene_Expr
VWCE,Gene_Expr
RAB3IL1,Gene_Expr
BEST1,Gene_Expr
FTH1,Gene_Expr
BSCL2,Gene_Expr
POLR2G,Gene_Expr
SLC3A2,Gene_Expr
PLAAT5,Gene_Expr
SPINDOC,Gene_Expr
ATG16L2,Gene_Expr
C2CD3,Gene_Expr
TRANK1,Gene_Expr
TTC21A,Gene_Expr
RPSA,Gene_Expr
ENTPD3,Gene_Expr
CTNNB1,Gene_Expr
ULK4,Gene_Expr
FADD,Gene_Expr
LTBP3,Gene_Expr
NAALADL1,Gene_Expr
SAC3D1,Gene_Expr
BATF2,Gene_Expr
SLC22A11,Gene_Expr
SF1,Gene_Expr
MAP4K2,Gene_Expr
MAJIN,Gene_Expr
CCDC88B,Gene_Expr
SCARA3,Gene_Expr
PBK,Gene_Expr
SCARA5,Gene_Expr
PNOC,Gene_Expr
COPS6,Gene_Expr
PAFAH1B2,Gene_Expr
ANKS3,Gene_Expr
NUDT16L1,Gene_Expr
KIAA1586,Gene_Expr
RAB4A,Gene_Expr
OR1F1,Gene_Expr
OR2B2,Gene_Expr
SETD5,Gene_Expr
VASN,Gene_Expr
FAM83B,Gene_Expr
THAP9,Gene_Expr
OR2C1,Gene_Expr
RNF187,Gene_Expr
HOOK3,Gene_Expr
MAPK1IP1L,Gene_Expr
DDIT4,Gene_Expr
RBPJ,Gene_Expr
LMBRD1,Gene_Expr
ZCCHC4,Gene_Expr
PTGDR,Gene_Expr
TTC39C,Gene_Expr
GLYCTK,Gene_Expr
GNG4,Gene_Expr
UBTD2,Gene_Expr
POLR2J3,Gene_Expr
NKIRAS2,Gene_Expr
DNAJC7,Gene_Expr
KCNV2,Gene_Expr
IRF2BP2,Gene_Expr
NT5DC2,Gene_Expr
UQCC5,Gene_Expr
COA6,Gene_Expr
KIF5C,Gene_Expr
MGAT2,Gene_Expr
BMI1,Gene_Expr
THAP11,Gene_Expr
MMADHC,Gene_Expr
PDHB,Gene_Expr
PXK,Gene_Expr
H1-4,Gene_Expr
PCMTD1,Gene_Expr
KCTD6,Gene_Expr
MPLKIP,Gene_Expr
ACOX2,Gene_Expr
FAM107A,Gene_Expr
IRF2,Gene_Expr
MOBP,Gene_Expr
CX3CR1,Gene_Expr
PPDPFL,Gene_Expr
XIRP1,Gene_Expr
INSM2,Gene_Expr
DEGS2,Gene_Expr
SCN11A,Gene_Expr
ARF4,Gene_Expr
SEPTIN2,Gene_Expr
FILIP1L,Gene_Expr
MFSD2A,Gene_Expr
DTYMK,Gene_Expr
TAP1,Gene_Expr
ING5,Gene_Expr
ATG4B,Gene_Expr
BDKRB2,Gene_Expr
MLKL,Gene_Expr
RFWD3,Gene_Expr
KCNG4,Gene_Expr
RHOH,Gene_Expr
KLHL30,Gene_Expr
COG7,Gene_Expr
CDC40,Gene_Expr
STIP1,Gene_Expr
SCNN1B,Gene_Expr
HR,Gene_Expr
TXNDC2,Gene_Expr
RAB31,Gene_Expr
REEP4,Gene_Expr
TNXB,Gene_Expr
LGI3,Gene_Expr
SFTPC,Gene_Expr
BMP1,Gene_Expr
ATXN2L,Gene_Expr
PHYHIP,Gene_Expr
CCDC110,Gene_Expr
POLR3D,Gene_Expr
FEN1,Gene_Expr
CAVIN2,Gene_Expr
MTCL1,Gene_Expr
HJV,Gene_Expr
HEXIM2,Gene_Expr
FNTA,Gene_Expr
SERINC2,Gene_Expr
MYL1,Gene_Expr
TRAPPC11,Gene_Expr
COL3A1,Gene_Expr
GFRA2,Gene_Expr
ING2,Gene_Expr
CDKN2AIP,Gene_Expr
SNRNP48,Gene_Expr
TMEM223,Gene_Expr
SLC20A2,Gene_Expr
DYNLRB2,Gene_Expr
TMUB2,Gene_Expr
ADAM29,Gene_Expr
STAT3,Gene_Expr
ZSWIM1,Gene_Expr
ADAM9,Gene_Expr
ADAM18,Gene_Expr
GDNF,Gene_Expr
MUCL3,Gene_Expr
AXIN2,Gene_Expr
NDUFS5,Gene_Expr
VWA3B,Gene_Expr
ZNF30,Gene_Expr
UGT3A2,Gene_Expr
LRATD2,Gene_Expr
LDLRAD4,Gene_Expr
KCTD19,Gene_Expr
SLC16A4,Gene_Expr
IL7R,Gene_Expr
TMEM208,Gene_Expr
LRP1B,Gene_Expr
AHCYL1,Gene_Expr
DNAJC21,Gene_Expr
PKIG,Gene_Expr
NPNT,Gene_Expr
FAM178B,Gene_Expr
SEMA4C,Gene_Expr
CNNM3,Gene_Expr
GSTM4,Gene_Expr
TET2,Gene_Expr
CXXC4,Gene_Expr
TCTN2,Gene_Expr
SHOX2,Gene_Expr
PPIP5K1,Gene_Expr
TSPAN5,Gene_Expr
ABHD15,Gene_Expr
ZBTB5,Gene_Expr
CHTF8,Gene_Expr
MAPDA,Gene_Expr
LCMT2,Gene_Expr
SNTB2,Gene_Expr
IL12A,Gene_Expr
ZNF507,Gene_Expr
STX18,Gene_Expr
NSG1,Gene_Expr
ZBTB49,Gene_Expr
GFM1,Gene_Expr
HTR1E,Gene_Expr
FSTL5,Gene_Expr
DDX19A,Gene_Expr
ATOH8,Gene_Expr
ANKRD49,Gene_Expr
SFTPB,Gene_Expr
USP39,Gene_Expr
TNIP2,Gene_Expr
C2orf68,Gene_Expr
TMEM150A,Gene_Expr
RNF181,Gene_Expr
VAMP5,Gene_Expr
BTNL3,Gene_Expr
LRRC28,Gene_Expr
MAT2A,Gene_Expr
PLA2G4F,Gene_Expr
ENHO,Gene_Expr
ZNF608,Gene_Expr
SLC35G2,Gene_Expr
INPP5D,Gene_Expr
LETM1,Gene_Expr
TRIM49,Gene_Expr
TMEM129,Gene_Expr
PPIC,Gene_Expr
SPRY3,Gene_Expr
CEP120,Gene_Expr
STXBP6,Gene_Expr
TM4SF20,Gene_Expr
MFF,Gene_Expr
GRM5,Gene_Expr
LGALS9,Gene_Expr
JMJD7-PLA2G4B,Gene_Expr
CPLX1,Gene_Expr
PXDC1,Gene_Expr
SIGLEC7,Gene_Expr
E2F6,Gene_Expr
FEM1B,Gene_Expr
COMMD8,Gene_Expr
ATP5ME,Gene_Expr
UQCRFS1,Gene_Expr
SLC49A3,Gene_Expr
COL4A3,Gene_Expr
MAP2K1,Gene_Expr
KLK7,Gene_Expr
HNRNPH1,Gene_Expr
IRS1,Gene_Expr
MECP2,Gene_Expr
UPF3A,Gene_Expr
ZBBX,Gene_Expr
ACTBL2,Gene_Expr
ROR2,Gene_Expr
AR,Gene_Expr
DHRSX,Gene_Expr
VXN,Gene_Expr
HSPBAP1,Gene_Expr
ASMTL,Gene_Expr
SLC25A6,Gene_Expr
CHST14,Gene_Expr
PARM1,Gene_Expr
CSNK1G1,Gene_Expr
FAM110B,Gene_Expr
ODAD2,Gene_Expr
AFAP1L2,Gene_Expr
ZNF354A,Gene_Expr
ATF5,Gene_Expr
UBE2V2,Gene_Expr
GOT1L1,Gene_Expr
ZBTB43,Gene_Expr
CPT1C,Gene_Expr
PCSK9,Gene_Expr
XPO6,Gene_Expr
GSG1L,Gene_Expr
MN1,Gene_Expr
APEX2,Gene_Expr
NSMCE1,Gene_Expr
CCDC126,Gene_Expr
IL13,Gene_Expr
NPIPB12,Gene_Expr
RAB3B,Gene_Expr
OR6F1,Gene_Expr
CD2BP2,Gene_Expr
RSPO1,Gene_Expr
RGS14,Gene_Expr
TBC1D10B,Gene_Expr
LMAN2,Gene_Expr
GCSAML,Gene_Expr
RAB24,Gene_Expr
PRELID1,Gene_Expr
THBS3,Gene_Expr
CA5B,Gene_Expr
SLC50A1,Gene_Expr
EFNA1,Gene_Expr
CXCL10,Gene_Expr
NPIPB3,Gene_Expr
SH3TC2,Gene_Expr
CXCL11,Gene_Expr
ZRSR2,Gene_Expr
NMD3,Gene_Expr
ADRB2,Gene_Expr
B3GALNT1,Gene_Expr
GPRIN1,Gene_Expr
KCNAB1,Gene_Expr
MRPL1,Gene_Expr
SHE,Gene_Expr
NR0B1,Gene_Expr
PGM2,Gene_Expr
STK32A,Gene_Expr
IL1RAPL1,Gene_Expr
P2RY12,Gene_Expr
C22orf15,Gene_Expr
OR5AU1,Gene_Expr
MINAR1,Gene_Expr
PDILT,Gene_Expr
UMOD,Gene_Expr
GP2,Gene_Expr
SLC33A1,Gene_Expr
SNUPN,Gene_Expr
CRADD,Gene_Expr
SIN3A,Gene_Expr
ARL13B,Gene_Expr
RNASE2,Gene_Expr
ELSPBP1,Gene_Expr
RNASE3,Gene_Expr
PTK2,Gene_Expr
RSPH10B2,Gene_Expr
PTAFR,Gene_Expr
PTPN9,Gene_Expr
RNASE6,Gene_Expr
NPR1,Gene_Expr
KCNK9,Gene_Expr
CXCL8,Gene_Expr
SCN9A,Gene_Expr
RASSF6,Gene_Expr
COL22A1,Gene_Expr
SDC2,Gene_Expr
CD52,Gene_Expr
MMGT1,Gene_Expr
OR4K15,Gene_Expr
TM2D2,Gene_Expr
HTRA4,Gene_Expr
PLEKHA2,Gene_Expr
CLIC4,Gene_Expr
SLC38A11,Gene_Expr
GPR183,Gene_Expr
CCDC8,Gene_Expr
METTL15,Gene_Expr
ZNF280A,Gene_Expr
MUC15,Gene_Expr
ZEB2,Gene_Expr
PCBP1,Gene_Expr
HINT1,Gene_Expr
DTWD2,Gene_Expr
VPREB1,Gene_Expr
CLIC3,Gene_Expr
INO80E,Gene_Expr
BNC1,Gene_Expr
DFFB,Gene_Expr
NFU1,Gene_Expr
ANTXR1,Gene_Expr
GKN1,Gene_Expr
CKAP2L,Gene_Expr
C15orf40,Gene_Expr
RAMAC,Gene_Expr
PROKR1,Gene_Expr
APLF,Gene_Expr
RGPD8,Gene_Expr
HIC2,Gene_Expr
LUZP1,Gene_Expr
HEXD,Gene_Expr
DRD5,Gene_Expr
BUB1,Gene_Expr
SPNS1,Gene_Expr
LRRC45,Gene_Expr
CHRNA5,Gene_Expr
CENPX,Gene_Expr
AGPAT2,Gene_Expr
ASPSCR1,Gene_Expr
GP9,Gene_Expr
FASN,Gene_Expr
CNBP,Gene_Expr
MT1E,Gene_Expr
DUS1L,Gene_Expr
GPS1,Gene_Expr
RFNG,Gene_Expr
DCXR,Gene_Expr
ZNF32,Gene_Expr
LDB2,Gene_Expr
RAC3,Gene_Expr
NRG4,Gene_Expr
LIMS1,Gene_Expr
TMEM266,Gene_Expr
NLGN1,Gene_Expr
TAPT1,Gene_Expr
UGP2,Gene_Expr
TAS2R1,Gene_Expr
HNRNPF,Gene_Expr
BTD,Gene_Expr
CSGALNACT2,Gene_Expr
TACR3,Gene_Expr
PCDH7,Gene_Expr
ROBO1,Gene_Expr
ONECUT1,Gene_Expr
AVEN,Gene_Expr
P2RY1,Gene_Expr
CTNND2,Gene_Expr
TRIM56,Gene_Expr
MUC17,Gene_Expr
AHSP,Gene_Expr
WNT10B,Gene_Expr
CALML6,Gene_Expr
REPS2,Gene_Expr
MUC3A,Gene_Expr
SYAP1,Gene_Expr
ITGAM,Gene_Expr
TPST1,Gene_Expr
TM4SF4,Gene_Expr
TOR1AIP2,Gene_Expr
TM4SF1,Gene_Expr
OTUD3,Gene_Expr
OTUD7A,Gene_Expr
GUSB,Gene_Expr
BRD3,Gene_Expr
KLF13,Gene_Expr
FRMPD4,Gene_Expr
ZFPM2,Gene_Expr
ZNF764,Gene_Expr
ZNF747,Gene_Expr
ZNF768,Gene_Expr
TAS1R3,Gene_Expr
TMEM42,Gene_Expr
MAP3K2,Gene_Expr
PUSL1,Gene_Expr
SF3B5,Gene_Expr
ZNF35,Gene_Expr
TIGD4,Gene_Expr
IFFO2,Gene_Expr
NLGN2,Gene_Expr
MYO7B,Gene_Expr
CHD3,Gene_Expr
TMEM154,Gene_Expr
MYRIP,Gene_Expr
ALCAM,Gene_Expr
YWHAG,Gene_Expr
UBE2E3,Gene_Expr
CNTROB,Gene_Expr
TRAPPC1,Gene_Expr
ZPLD1,Gene_Expr
KCNAB3,Gene_Expr
SERPINA9,Gene_Expr
FAM153A,Gene_Expr
GPR37L1,Gene_Expr
SIMC1,Gene_Expr
TMEM192,Gene_Expr
NSG2,Gene_Expr
SPDYE5,Gene_Expr
ZNF778,Gene_Expr
NIPA1,Gene_Expr
FOXD4,Gene_Expr
GPR25,Gene_Expr
UBE2E1,Gene_Expr
HNRNPA3,Gene_Expr
SIK2,Gene_Expr
RNF150,Gene_Expr
CCDC144A,Gene_Expr
VGLL2,Gene_Expr
CHRNB1,Gene_Expr
GYPA,Gene_Expr
USP38,Gene_Expr
SLC16A5,Gene_Expr
NANP,Gene_Expr
ADPRM,Gene_Expr
FABP6,Gene_Expr
PWWP2A,Gene_Expr
USP50,Gene_Expr
USP47,Gene_Expr
PDCD6IP,Gene_Expr
ZNF212,Gene_Expr
MRAP,Gene_Expr
FAM161A,Gene_Expr
ZNF282,Gene_Expr
GLB1,Gene_Expr
GON7,Gene_Expr
FAXDC2,Gene_Expr
CRTAP,Gene_Expr
C7orf33,Gene_Expr
CNGB3,Gene_Expr
SLN,Gene_Expr
ELP5,Gene_Expr
CMTM8,Gene_Expr
GABARAP,Gene_Expr
LGALS9B,Gene_Expr
STX8,Gene_Expr
CDK1,Gene_Expr
UBB,Gene_Expr
NFRKB,Gene_Expr
FABP4,Gene_Expr
FRMPD2,Gene_Expr
PRDM10,Gene_Expr
B3GNT2,Gene_Expr
FOS,Gene_Expr
TMED10,Gene_Expr
SETMAR,Gene_Expr
SMAD1,Gene_Expr
EMX2,Gene_Expr
SP7,Gene_Expr
TCAF2,Gene_Expr
SEMA3E,Gene_Expr
LRRN2,Gene_Expr
SLC30A1,Gene_Expr
DCLK2,Gene_Expr
ZNF804A,Gene_Expr
GPRC5C,Gene_Expr
TMEM182,Gene_Expr
VSTM2A,Gene_Expr
KRT8,Gene_Expr
KRT78,Gene_Expr
ADORA2B,Gene_Expr
MGMT,Gene_Expr
TMT1B,Gene_Expr
KRT86,Gene_Expr
HARS1,Gene_Expr
NFXL1,Gene_Expr
KRT75,Gene_Expr
DENND5B,Gene_Expr
CD14,Gene_Expr
DNAJC18,Gene_Expr
KRT6C,Gene_Expr
RIOX1,Gene_Expr
SPATA24,Gene_Expr
RALGAPB,Gene_Expr
PYM1,Gene_Expr
MZB1,Gene_Expr
KRT4,Gene_Expr
SLC23A1,Gene_Expr
KRT74,Gene_Expr
NPAS2,Gene_Expr
KRT72,Gene_Expr
LONRF2,Gene_Expr
NUDT9,Gene_Expr
HSD17B13,Gene_Expr
PA2G4,Gene_Expr
ELOVL6,Gene_Expr
PFKFB3,Gene_Expr
TMC7,Gene_Expr
ARL6IP1,Gene_Expr
SERPINB9,Gene_Expr
SMAGP,Gene_Expr
IRX1,Gene_Expr
CDH2,Gene_Expr
IRX2,Gene_Expr
EMB,Gene_Expr
DLGAP1,Gene_Expr
STAT2,Gene_Expr
NUDCD2,Gene_Expr
IRF2BP1,Gene_Expr
OR9K2,Gene_Expr
HSPA4,Gene_Expr
FOXA3,Gene_Expr
GARIN3,Gene_Expr
SLC26A5,Gene_Expr
COMMD5,Gene_Expr
SGCD,Gene_Expr
GTSF1,Gene_Expr
ZNF16,Gene_Expr
ARMC10,Gene_Expr
RNF34,Gene_Expr
ACYP2,Gene_Expr
TRABD,Gene_Expr
ATF7,Gene_Expr
RASA4B,Gene_Expr
SOCS6,Gene_Expr
CAVIN4,Gene_Expr
ZNF296,Gene_Expr
HOXB9,Gene_Expr
TTLL6,Gene_Expr
POLH,Gene_Expr
SYT9,Gene_Expr
KCNS3,Gene_Expr
KIF5B,Gene_Expr
GPR37,Gene_Expr
AKAP13,Gene_Expr
TPD52L3,Gene_Expr
CDCA4,Gene_Expr
SDR16C5,Gene_Expr
DYDC1,Gene_Expr
OR10A2,Gene_Expr
CHCHD7,Gene_Expr
HTRA3,Gene_Expr
FOXN2,Gene_Expr
LMOD2,Gene_Expr
BFSP2,Gene_Expr
FSHR,Gene_Expr
USP32,Gene_Expr
CEL,Gene_Expr
PPM1D,Gene_Expr
GPR27,Gene_Expr
PSG6,Gene_Expr
KBTBD2,Gene_Expr
RIOX2,Gene_Expr
TRIAP1,Gene_Expr
LSM3,Gene_Expr
KIAA0232,Gene_Expr
MTSS1,Gene_Expr
TMEM43,Gene_Expr
RNF139,Gene_Expr
RPS9,Gene_Expr
PLA2G1B,Gene_Expr
CYTL1,Gene_Expr
TSEN34,Gene_Expr
TRH,Gene_Expr
GSTA4,Gene_Expr
MSANTD4,Gene_Expr
NDUFA3,Gene_Expr
OSCAR,Gene_Expr
PAQR8,Gene_Expr
NUDT6,Gene_Expr
TANC2,Gene_Expr
OR7G2,Gene_Expr
PKHD1,Gene_Expr
DNAJC24,Gene_Expr
ZNF160,Gene_Expr
OR8B12,Gene_Expr
ZNF415,Gene_Expr
CAVIN3,Gene_Expr
CEACAM3,Gene_Expr
DCDC1,Gene_Expr
HAS2,Gene_Expr
PDGFD,Gene_Expr
PLAC1,Gene_Expr
DDI1,Gene_Expr
S1PR1,Gene_Expr
HS6ST2,Gene_Expr
OR4D5,Gene_Expr
PYGO1,Gene_Expr
LRRC8E,Gene_Expr
PKIA,Gene_Expr
XKR6,Gene_Expr
TSNARE1,Gene_Expr
FPR2,Gene_Expr
FPR1,Gene_Expr
PATE1,Gene_Expr
OR13H1,Gene_Expr
FEZ2,Gene_Expr
SOX7,Gene_Expr
C8orf74,Gene_Expr
C11orf24,Gene_Expr
ALK,Gene_Expr
KYAT1,Gene_Expr
MTM1,Gene_Expr
TRMT61B,Gene_Expr
INSR,Gene_Expr
MFN1,Gene_Expr
GIMAP8,Gene_Expr
KCNMB3,Gene_Expr
FUT3,Gene_Expr
KCNG3,Gene_Expr
ATP6V0E2,Gene_Expr
PRKCE,Gene_Expr
OR2K2,Gene_Expr
JAGN1,Gene_Expr
RLN3,Gene_Expr
TADA3,Gene_Expr
SOCS5,Gene_Expr
C1GALT1C1,Gene_Expr
BBLN,Gene_Expr
MORN4,Gene_Expr
ZNF672,Gene_Expr
ZNF692,Gene_Expr
NAIF1,Gene_Expr
RBKS,Gene_Expr
OR2M4,Gene_Expr
GRIK1,Gene_Expr
MUC7,Gene_Expr
OPRPN,Gene_Expr
SMR3B,Gene_Expr
TMEM126A,Gene_Expr
TMEM126B,Gene_Expr
TRIM8,Gene_Expr
NETO2,Gene_Expr
CSN3,Gene_Expr
CLDN20,Gene_Expr
CDC42BPG,Gene_Expr
SCAND1,Gene_Expr
JUNB,Gene_Expr
FAM241B,Gene_Expr
TMEM37,Gene_Expr
UGT2B7,Gene_Expr
LRG1,Gene_Expr
SHCBP1,Gene_Expr
SOSTDC1,Gene_Expr
NPTX1,Gene_Expr
FAM98B,Gene_Expr
ZNF439,Gene_Expr
ZNF440,Gene_Expr
GAA,Gene_Expr
CANT1,Gene_Expr
KCNK3,Gene_Expr
ZDHHC16,Gene_Expr
CHST11,Gene_Expr
EXOSC1,Gene_Expr
PGAM1,Gene_Expr
CHD7,Gene_Expr
ESCO2,Gene_Expr
KRT19,Gene_Expr
KRT15,Gene_Expr
LURAP1,Gene_Expr
KRT38,Gene_Expr
CLCN5,Gene_Expr
TPPP,Gene_Expr
KCND3,Gene_Expr
APLN,Gene_Expr
KRT13,Gene_Expr
KRT9,Gene_Expr
PDE7B,Gene_Expr
MRPL36,Gene_Expr
ZNF581,Gene_Expr
NAT1,Gene_Expr
KRT20,Gene_Expr
GLOD5,Gene_Expr
KSR2,Gene_Expr
ZNF524,Gene_Expr
MCC,Gene_Expr
KRT27,Gene_Expr
ZBTB26,Gene_Expr
DSEL,Gene_Expr
POLR1C,Gene_Expr
ASXL1,Gene_Expr
DLK2,Gene_Expr
ZNF562,Gene_Expr
ZNF318,Gene_Expr
ZNF561,Gene_Expr
WIPF2,Gene_Expr
HOPX,Gene_Expr
NLRP5,Gene_Expr
LRRC8C,Gene_Expr
RSL1D1,Gene_Expr
LRRC8D,Gene_Expr
MROH2B,Gene_Expr
OR1L8,Gene_Expr
PPID,Gene_Expr
OR1N2,Gene_Expr
COL24A1,Gene_Expr
ETFDH,Gene_Expr
RXFP1,Gene_Expr
LPAR3,Gene_Expr
PTGER4,Gene_Expr
TBCA,Gene_Expr
NEUROD2,Gene_Expr
MAP6,Gene_Expr
OTP,Gene_Expr
ECEL1,Gene_Expr
BCL2L1,Gene_Expr
FGG,Gene_Expr
FGA,Gene_Expr
OR2AT4,Gene_Expr
FGB,Gene_Expr
PLRG1,Gene_Expr
RAB4B-EGLN2,Gene_Expr
ZNF584,Gene_Expr
DSCAM,Gene_Expr
DNAI2,Gene_Expr
NMUR1,Gene_Expr
CLSTN1,Gene_Expr
CXXC5,Gene_Expr
ZNF274,Gene_Expr
PIK3CD,Gene_Expr
PTCRA,Gene_Expr
SLC25A33,Gene_Expr
ENC1,Gene_Expr
SPSB1,Gene_Expr
P2RY6,Gene_Expr
BPTF,Gene_Expr
S100Z,Gene_Expr
ZIK1,Gene_Expr
GPR82,Gene_Expr
GPR34,Gene_Expr
PLEKHG5,Gene_Expr
ATF7IP,Gene_Expr
LKAAEAR1,Gene_Expr
RGS19,Gene_Expr
TCEA2,Gene_Expr
ANO5,Gene_Expr
HDAC3,Gene_Expr
SPATA46,Gene_Expr
GPHN,Gene_Expr
VAT1L,Gene_Expr
TMEM51,Gene_Expr
CAMTA1,Gene_Expr
LGALS4,Gene_Expr
LRRC34,Gene_Expr
PAH,Gene_Expr
AFG2B,Gene_Expr
GATM,Gene_Expr
SYCE1,Gene_Expr
RASGRP4,Gene_Expr
NHLH1,Gene_Expr
SLFNL1,Gene_Expr
BCL2,Gene_Expr
RHNO1,Gene_Expr
CTPS1,Gene_Expr
KNDC1,Gene_Expr
WDR87,Gene_Expr
METTL18,Gene_Expr
CFAP46,Gene_Expr
COL8A2,Gene_Expr
PWWP2B,Gene_Expr
PCDHB1,Gene_Expr
ZNF540,Gene_Expr
ANGPTL7,Gene_Expr
FBXL14,Gene_Expr
EXOSC10,Gene_Expr
ZNF570,Gene_Expr
NINJ2,Gene_Expr
MLLT3,Gene_Expr
FAM90A1,Gene_Expr
RRM2,Gene_Expr
TRAPPC12,Gene_Expr
IFNB1,Gene_Expr
RPS21,Gene_Expr
C3AR1,Gene_Expr
MRM3,Gene_Expr
PTEN,Gene_Expr
RPS7,Gene_Expr
PRND,Gene_Expr
RNASEH1,Gene_Expr
PRNP,Gene_Expr
KLF17,Gene_Expr
ADRA1D,Gene_Expr
FRMD5,Gene_Expr
AQP4,Gene_Expr
CYP4F11,Gene_Expr
TLN2,Gene_Expr
LGALS9C,Gene_Expr
TVP23B,Gene_Expr
FBXW10,Gene_Expr
OR10H3,Gene_Expr
ZNF217,Gene_Expr
SRGAP2C,Gene_Expr
OR52A5,Gene_Expr
SCG2,Gene_Expr
ATPAF2,Gene_Expr
CYP4F22,Gene_Expr
FOXB1,Gene_Expr
PPIH,Gene_Expr
DRC3,Gene_Expr
ZNF57,Gene_Expr
SHLD1,Gene_Expr
JMJD1C,Gene_Expr
LDHAL6B,Gene_Expr
SYNPO,Gene_Expr
ZNF556,Gene_Expr
MAL,Gene_Expr
ZNF554,Gene_Expr
RAB33B,Gene_Expr
THOP1,Gene_Expr
ANKRD20A4P,Gene_Expr
REG3A,Gene_Expr
GAP43,Gene_Expr
REG1B,Gene_Expr
EPHX4,Gene_Expr
LAMB2,Gene_Expr
USP19,Gene_Expr
QARS1,Gene_Expr
ORMDL3,Gene_Expr
KLF11,Gene_Expr
LRRC15,Gene_Expr
SMN1,Gene_Expr
EIF2AK3,Gene_Expr
MOB3A,Gene_Expr
KRCC1,Gene_Expr
NME6,Gene_Expr
CYCS,Gene_Expr
CD8B,Gene_Expr
SLFN12,Gene_Expr
CALB2,Gene_Expr
SLC9C1,Gene_Expr
FRMD3,Gene_Expr
SNTB1,Gene_Expr
MTBP,Gene_Expr
TEFM,Gene_Expr
MRPL13,Gene_Expr
MALT1,Gene_Expr
PRL,Gene_Expr
ISG20,Gene_Expr
MBOAT1,Gene_Expr
ID4,Gene_Expr
GPR22,Gene_Expr
CXCR6,Gene_Expr
CEBPB,Gene_Expr
AZU1,Gene_Expr
TPSAB1,Gene_Expr
PAIP1,Gene_Expr
CLEC7A,Gene_Expr
C5orf34,Gene_Expr
C1QTNF4,Gene_Expr
NEGR1,Gene_Expr
ZNF131,Gene_Expr
MACROD2,Gene_Expr
DPAGT1,Gene_Expr
BSG,Gene_Expr
HINFP,Gene_Expr
CERS6,Gene_Expr
SPTLC3,Gene_Expr
COPRS,Gene_Expr
TP53RK,Gene_Expr
B3GALT1,Gene_Expr
CLEC12A,Gene_Expr
OR5A2,Gene_Expr
BPGM,Gene_Expr
POP7,Gene_Expr
ALG14,Gene_Expr
SUCLG2,Gene_Expr
STARD5,Gene_Expr
CSDC2,Gene_Expr
RCAN2,Gene_Expr
IL16,Gene_Expr
ABCG4,Gene_Expr
GNB2,Gene_Expr
CFAP53,Gene_Expr
OR5B12,Gene_Expr
MCRIP2,Gene_Expr
NHERF4,Gene_Expr
C2CD2L,Gene_Expr
ARNT2,Gene_Expr
GNG12,Gene_Expr
PRSS27,Gene_Expr
MYOZ2,Gene_Expr
SYNPO2,Gene_Expr
DNAJB7,Gene_Expr
CLP1,Gene_Expr
EFCAB3,Gene_Expr
TTC36,Gene_Expr
RSPH9,Gene_Expr
COPS9,Gene_Expr
GTPBP2,Gene_Expr
FGGY,Gene_Expr
OR9G4,Gene_Expr
IL17D,Gene_Expr
FUT9,Gene_Expr
OR5AP2,Gene_Expr
TCEAL1,Gene_Expr
ZNF24,Gene_Expr
MANEA,Gene_Expr
RAB40A,Gene_Expr
MAB21L4,Gene_Expr
AGXT,Gene_Expr
OR8J1,Gene_Expr
AFF1,Gene_Expr
ACOT12,Gene_Expr
FIBP,Gene_Expr
CARNS1,Gene_Expr
BANP,Gene_Expr
PPP1CA,Gene_Expr
HCFC1,Gene_Expr
CTSW,Gene_Expr
NIPAL4,Gene_Expr
MUCL1,Gene_Expr
SNTG2,Gene_Expr
FNDC9,Gene_Expr
PDE3A,Gene_Expr
RASGRP1,Gene_Expr
KLHL6,Gene_Expr
CHCHD1,Gene_Expr
MRPL52,Gene_Expr
SMPDL3A,Gene_Expr
RND1,Gene_Expr
RAD9A,Gene_Expr
EFEMP2,Gene_Expr
OR10AD1,Gene_Expr
AGAP5,Gene_Expr
WASHC2C,Gene_Expr
TMEM134,Gene_Expr
ZMAT3,Gene_Expr
ZFAND4,Gene_Expr
THEMIS,Gene_Expr
ZNF738,Gene_Expr
MS4A10,Gene_Expr
SLFN11,Gene_Expr
GARIN2,Gene_Expr
CCL19,Gene_Expr
CORO1B,Gene_Expr
FUT10,Gene_Expr
LRRC20,Gene_Expr
MUS81,Gene_Expr
PURG,Gene_Expr
TMEM217,Gene_Expr
ZNF596,Gene_Expr
COL6A5,Gene_Expr
CFL1,Gene_Expr
TMCC1,Gene_Expr
NAA16,Gene_Expr
OR5B3,Gene_Expr
EFCAB12,Gene_Expr
PSME3IP1,Gene_Expr
RAB43,Gene_Expr
ZNG1A,Gene_Expr
RAB37,Gene_Expr
DCP2,Gene_Expr
SNX32,Gene_Expr
RPL38,Gene_Expr
CYP7B1,Gene_Expr
OVOL1,Gene_Expr
RARG,Gene_Expr
CES4A,Gene_Expr
CES3,Gene_Expr
SSH3,Gene_Expr
CES2,Gene_Expr
PDP2,Gene_Expr
SP3,Gene_Expr
KRT2,Gene_Expr
DMXL1,Gene_Expr
METAP1D,Gene_Expr
ZNF621,Gene_Expr
EGFL7,Gene_Expr
NADSYN1,Gene_Expr
DHCR7,Gene_Expr
LVRN,Gene_Expr
NBEA,Gene_Expr
RNASEH2C,Gene_Expr
MYEOV,Gene_Expr
ANKRD13D,Gene_Expr
MYD88,Gene_Expr
OXSR1,Gene_Expr
SLC22A13,Gene_Expr
PHF8,Gene_Expr
LCLAT1,Gene_Expr
ADH6,Gene_Expr
XKR3,Gene_Expr
FRG2C,Gene_Expr
KAT5,Gene_Expr
SH3RF3,Gene_Expr
GXYLT2,Gene_Expr
HPSE2,Gene_Expr
DCAKD,Gene_Expr
ARPP21,Gene_Expr
TADA2B,Gene_Expr
CFAP184,Gene_Expr
GRK2,Gene_Expr
RELA,Gene_Expr
EVC2,Gene_Expr
ZNF680,Gene_Expr
HECTD4,Gene_Expr
FAM222B,Gene_Expr
BNC2,Gene_Expr
DELEC1,Gene_Expr
RXFP4,Gene_Expr
HPSE,Gene_Expr
COQ2,Gene_Expr
CCDC63,Gene_Expr
HSPA6,Gene_Expr
TRMT112,Gene_Expr
LRRN3,Gene_Expr
KDM2A,Gene_Expr
ACSM6,Gene_Expr
ADCK5,Gene_Expr
MRPL57,Gene_Expr
NOC3L,Gene_Expr
ESRRA,Gene_Expr
ADAMTS20,Gene_Expr
COMMD1,Gene_Expr
RAPH1,Gene_Expr
MTX1,Gene_Expr
ADCY5,Gene_Expr
PARP14,Gene_Expr
CYSLTR1,Gene_Expr
PARP15,Gene_Expr
CKS1B,Gene_Expr
ABCD2,Gene_Expr
AHSA2P,Gene_Expr
ABLIM3,Gene_Expr
MAB21L3,Gene_Expr
TUBB8B,Gene_Expr
MFSD4B,Gene_Expr
VANGL1,Gene_Expr
GLRX,Gene_Expr
IQCB1,Gene_Expr
SYT12,Gene_Expr
GOLGB1,Gene_Expr
LIPM,Gene_Expr
GPR151,Gene_Expr
DMRT2,Gene_Expr
ZNF483,Gene_Expr
PLAC8L1,Gene_Expr
SLC2A14,Gene_Expr
GPR137,Gene_Expr
SNCG,Gene_Expr
MMRN2,Gene_Expr
MZT2A,Gene_Expr
TNKS,Gene_Expr
ZNF449,Gene_Expr
ZBTB21,Gene_Expr
PPP1R3B,Gene_Expr
OR10K1,Gene_Expr
STOX2,Gene_Expr
MAP3K11,Gene_Expr
TRIB1,Gene_Expr
KCNK7,Gene_Expr
SFT2D3,Gene_Expr
C1QB,Gene_Expr
C1QA,Gene_Expr
NDNF,Gene_Expr
OLR1,Gene_Expr
GLIPR1L1,Gene_Expr
DAG1,Gene_Expr
INSM1,Gene_Expr
DAB1,Gene_Expr
ARV1,Gene_Expr
NAA20,Gene_Expr
IHO1,Gene_Expr
MICOS10,Gene_Expr
EHBP1L1,Gene_Expr
THAP2,Gene_Expr
TMEM196,Gene_Expr
RNF26,Gene_Expr
PPP1R14B,Gene_Expr
RNASE11,Gene_Expr
ZNRD2,Gene_Expr
SMARCC1,Gene_Expr
ZNF417,Gene_Expr
PTPRM,Gene_Expr
FKBP2,Gene_Expr
VEGFB,Gene_Expr
PEAK1,Gene_Expr
TNFRSF10D,Gene_Expr
MST1,Gene_Expr
TNFRSF10C,Gene_Expr
GMPPB,Gene_Expr
MOB1B,Gene_Expr
ZNF622,Gene_Expr
CSPG4,Gene_Expr
SNX33,Gene_Expr
CIMIP2C,Gene_Expr
NABP1,Gene_Expr
ADGRF3,Gene_Expr
NLRP13,Gene_Expr
CHD2,Gene_Expr
XCR1,Gene_Expr
CCDC106,Gene_Expr
CCR9,Gene_Expr
CEP83,Gene_Expr
SULT1B1,Gene_Expr
NUDT4,Gene_Expr
PC,Gene_Expr
UGT2A1,Gene_Expr
SCAI,Gene_Expr
GPRC6A,Gene_Expr
NMNAT1,Gene_Expr
LRFN4,Gene_Expr
TRAPPC3L,Gene_Expr
APOBEC4,Gene_Expr
SLC19A1,Gene_Expr
HSPB7,Gene_Expr
RCE1,Gene_Expr
UQCRH,Gene_Expr
TAS1R1,Gene_Expr
EIF1AX,Gene_Expr
OR1L1,Gene_Expr
BCLAF3,Gene_Expr
PSMD1,Gene_Expr
ADGRG2,Gene_Expr
SPATA3,Gene_Expr
MUC13,Gene_Expr
SUSD5,Gene_Expr
HEG1,Gene_Expr
WFIKKN2,Gene_Expr
TOP6BL,Gene_Expr
TOMM20,Gene_Expr
SPMIP3,Gene_Expr
AGFG1,Gene_Expr
STAT5B,Gene_Expr
CD7,Gene_Expr
TOPAZ1,Gene_Expr
CNP,Gene_Expr
JUP,Gene_Expr
HAP1,Gene_Expr
TDRD12,Gene_Expr
EIF1,Gene_Expr
ENDOV,Gene_Expr
RNF213,Gene_Expr
TIGD3,Gene_Expr
KCNH6,Gene_Expr
MARCHF10,Gene_Expr
PLK3,Gene_Expr
NET1,Gene_Expr
DPY19L1,Gene_Expr
PHOSPHO1,Gene_Expr
ZNF791,Gene_Expr
PHC3,Gene_Expr
GPR160,Gene_Expr
CBX2,Gene_Expr
SPTBN2,Gene_Expr
GOLIM4,Gene_Expr
KRT28,Gene_Expr
RBM4B,Gene_Expr
ATP5MK,Gene_Expr
HOXB2,Gene_Expr
C1QTNF1,Gene_Expr
MARCHF3,Gene_Expr
SWSAP1,Gene_Expr
SLCO4C1,Gene_Expr
RBM4,Gene_Expr
CIMAP3,Gene_Expr
XXYLT1,Gene_Expr
UBXN2A,Gene_Expr
RAX2,Gene_Expr
LRRC63,Gene_Expr
TCAP,Gene_Expr
CCS,Gene_Expr
NRROS,Gene_Expr
CEP19,Gene_Expr
KLHL15,Gene_Expr
FBXO45,Gene_Expr
CBY2,Gene_Expr
TENT5D,Gene_Expr
GNG5,Gene_Expr
SLC25A30,Gene_Expr
SPATA31G1,Gene_Expr
CD34,Gene_Expr
CTSF,Gene_Expr
MSRB3,Gene_Expr
LEMD3,Gene_Expr
UQCC4,Gene_Expr
TLR10,Gene_Expr
TLR1,Gene_Expr
TLR6,Gene_Expr
FAM174A,Gene_Expr
RGMB,Gene_Expr
FAM53A,Gene_Expr
NWD2,Gene_Expr
CYB561D1,Gene_Expr
GSTA3,Gene_Expr
ZDHHC24,Gene_Expr
TRMT10C,Gene_Expr
SELP,Gene_Expr
CTU2,Gene_Expr
MGA,Gene_Expr
KICS2,Gene_Expr
ARL13A,Gene_Expr
SNX31,Gene_Expr
PIGG,Gene_Expr
PRPF8,Gene_Expr
ADCY6,Gene_Expr
REP15,Gene_Expr
PITPNA,Gene_Expr
DDX23,Gene_Expr
ZNF80,Gene_Expr
ZNHIT2,Gene_Expr
EVX2,Gene_Expr
ZBTB4,Gene_Expr
TNK1,Gene_Expr
ZHX3,Gene_Expr
PHLDA3,Gene_Expr
SLC16A11,Gene_Expr
SLC16A13,Gene_Expr
GLIS1,Gene_Expr
CHRNA9,Gene_Expr
PODN,Gene_Expr
SLC6A19,Gene_Expr
KCNJ5-AS1,Gene_Expr
EXO1,Gene_Expr
RALGAPA1,Gene_Expr
LIG4,Gene_Expr
TRHR,Gene_Expr
GTF2IRD2B,Gene_Expr
ABRA,Gene_Expr
ATP2A2,Gene_Expr
ZWILCH,Gene_Expr
RPL4,Gene_Expr
SNAPC5,Gene_Expr
STARD6,Gene_Expr
GOLGA6L2,Gene_Expr
VWC2L,Gene_Expr
C12orf76,Gene_Expr
ZCCHC12,Gene_Expr
CNTNAP2,Gene_Expr
GALNTL6,Gene_Expr
LINGO2,Gene_Expr
BBS1,Gene_Expr
DENND4A,Gene_Expr
IGDCC3,Gene_Expr
GCSAM,Gene_Expr
ANKRD36C,Gene_Expr
SLC26A9,Gene_Expr
MFSD4A,Gene_Expr
PELI3,Gene_Expr
MYO1H,Gene_Expr
TMEM81,Gene_Expr
MRPL11,Gene_Expr
KLK15,Gene_Expr
IL20RB,Gene_Expr
AKIRIN1,Gene_Expr
NPAS4,Gene_Expr
MSL2,Gene_Expr
ZNF497,Gene_Expr
TRAM1L1,Gene_Expr
CMKLR1,Gene_Expr
ANGEL2,Gene_Expr
UGT8,Gene_Expr
KY,Gene_Expr
IQCK,Gene_Expr
SLCO2A1,Gene_Expr
ZNF266,Gene_Expr
SLC29A2,Gene_Expr
BRSK2,Gene_Expr
B4GAT1,Gene_Expr
TMEM167A,Gene_Expr
LEP,Gene_Expr
SH3PXD2B,Gene_Expr
RESF1,Gene_Expr
LARP7,Gene_Expr
FGFBP3,Gene_Expr
NR1D2,Gene_Expr
PABPC5,Gene_Expr
BRMS1,Gene_Expr
RPL15,Gene_Expr
FAM241A,Gene_Expr
HRAS,Gene_Expr
WDR49,Gene_Expr
SRP72,Gene_Expr
PCP2,Gene_Expr
RIN1,Gene_Expr
ODAPH,Gene_Expr
THAP6,Gene_Expr
CEP135,Gene_Expr
FZD4,Gene_Expr
CD248,Gene_Expr
BTC,Gene_Expr
PDZK1,Gene_Expr
ADGRE1,Gene_Expr
DENND6A,Gene_Expr
PDE12,Gene_Expr
GLMN,Gene_Expr
DNAH12,Gene_Expr
YIF1A,Gene_Expr
CNIH2,Gene_Expr
AMY1B,Gene_Expr
NLRP6,Gene_Expr
NDUFA11,Gene_Expr
RSRC1,Gene_Expr
CATSPERD,Gene_Expr
SLC66A1LP,Gene_Expr
RAB1B,Gene_Expr
OR9G1,Gene_Expr
PTDSS2,Gene_Expr
MICOS13,Gene_Expr
C3orf33,Gene_Expr
OR5M3,Gene_Expr
SEZ6L2,Gene_Expr
ASPHD1,Gene_Expr
KCTD13,Gene_Expr
P2RY14,Gene_Expr
AMZ1,Gene_Expr
GPR171,Gene_Expr
GPR149,Gene_Expr
CD164L2,Gene_Expr
FUT1,Gene_Expr
DHX36,Gene_Expr
ZIC4,Gene_Expr
FBXW8,Gene_Expr
CA5A,Gene_Expr
ZG16,Gene_Expr
KLC2,Gene_Expr
SLC22A1,Gene_Expr
TEX36,Gene_Expr
CTBP2,Gene_Expr
CHST2,Gene_Expr
ZDHHC14,Gene_Expr
ATR,Gene_Expr
UBE2C,Gene_Expr
DSG4,Gene_Expr
GK5,Gene_Expr
VCPIP1,Gene_Expr
RTP1,Gene_Expr
DES,Gene_Expr
PDIK1L,Gene_Expr
SPSB4,Gene_Expr
RAG2,Gene_Expr
TRAF6,Gene_Expr
ZNF654,Gene_Expr
TVP23C,Gene_Expr
MRPS22,Gene_Expr
PACS1,Gene_Expr
MARCKSL1,Gene_Expr
SH3BP5L,Gene_Expr
OR2T1,Gene_Expr
YPEL2,Gene_Expr
CADM2,Gene_Expr
ABO,Gene_Expr
PSMD2,Gene_Expr
FAM182B,Gene_Expr
PPM1E,Gene_Expr
FAM131A,Gene_Expr
CSRP2,Gene_Expr
INHBC,Gene_Expr
PARL,Gene_Expr
DDIT3,Gene_Expr
PCCA,Gene_Expr
DCTN2,Gene_Expr
NPPA,Gene_Expr
ZNF408,Gene_Expr
CTDSP2,Gene_Expr
CKAP5,Gene_Expr
ARHGAP1,Gene_Expr
MED16,Gene_Expr
ATG13,Gene_Expr
GAL3ST3,Gene_Expr
CIROZ,Gene_Expr
CHST1,Gene_Expr
GOLGA8A,Gene_Expr
VWA3A,Gene_Expr
TP53I11,Gene_Expr
CENPS,Gene_Expr
DOLK,Gene_Expr
PHYHD1,Gene_Expr
CATSPER1,Gene_Expr
CCNE2,Gene_Expr
PHYKPL,Gene_Expr
ANKS4B,Gene_Expr
GRAMD2A,Gene_Expr
ZNF519,Gene_Expr
LSM1,Gene_Expr
ISX,Gene_Expr
BANF1,Gene_Expr
APOF,Gene_Expr
CHRNA7,Gene_Expr
TMEM9B,Gene_Expr
NRIP3,Gene_Expr
PTPN2,Gene_Expr
SCUBE2,Gene_Expr
EIF1AD,Gene_Expr
SMAD2,Gene_Expr
EIF3F,Gene_Expr
ZNF25,Gene_Expr
ARL10,Gene_Expr
CLTB,Gene_Expr
PCSK1,Gene_Expr
LPL,Gene_Expr
RFESD,Gene_Expr
CCDC14,Gene_Expr
TBC1D10C,Gene_Expr
SART1,Gene_Expr
PPP2R2D,Gene_Expr
MCTP1,Gene_Expr
POLD4,Gene_Expr
OR52W1,Gene_Expr
LRRC25,Gene_Expr
DPP10,Gene_Expr
CLCF1,Gene_Expr
TSGA10IP,Gene_Expr
GPR152,Gene_Expr
UBQLNL,Gene_Expr
UBQLN3,Gene_Expr
PNLIP,Gene_Expr
LIPT2,Gene_Expr
KCNE3,Gene_Expr
CABP4,Gene_Expr
ALG10B,Gene_Expr
DRAP1,Gene_Expr
LONRF3,Gene_Expr
UCP3,Gene_Expr
UCP2,Gene_Expr
C11orf68,Gene_Expr
PAAF1,Gene_Expr
MRPL48,Gene_Expr
RAB6A,Gene_Expr
P2RY2,Gene_Expr
FOSL1,Gene_Expr
ERCC4,Gene_Expr
SUGCT,Gene_Expr
CCDC85B,Gene_Expr
TMEM70,Gene_Expr
RPS6KB2,Gene_Expr
RMI2,Gene_Expr
TOM1L2,Gene_Expr
TEX26,Gene_Expr
ZNF77,Gene_Expr
GPR156,Gene_Expr
MTLN,Gene_Expr
KDF1,Gene_Expr
B3GNTL1,Gene_Expr
RBMXL3,Gene_Expr
MLXIP,Gene_Expr
NR2F1,Gene_Expr
AURKAIP1,Gene_Expr
TTLL11,Gene_Expr
TOMM5,Gene_Expr
LINC02694,Gene_Expr
SLC35E3,Gene_Expr
PRIMA1,Gene_Expr
ZNF169,Gene_Expr
RUVBL1,Gene_Expr
MSRA,Gene_Expr
CCDC168,Gene_Expr
CTDNEP1,Gene_Expr
ETV4,Gene_Expr
SWI5,Gene_Expr
GAPT,Gene_Expr
BAIAP2,Gene_Expr
CALCB,Gene_Expr
CREG2,Gene_Expr
HOXD8,Gene_Expr
ZDHHC21,Gene_Expr
TSPEAR,Gene_Expr
PLEKHF2,Gene_Expr
A2M,Gene_Expr
ARL4D,Gene_Expr
DOK7,Gene_Expr
LRRN1,Gene_Expr
UBE2O,Gene_Expr
ORAI3,Gene_Expr
KLHL38,Gene_Expr
UNC119B,Gene_Expr
DENND2C,Gene_Expr
PLEKHD1,Gene_Expr
TUBB6,Gene_Expr
LYSMD3,Gene_Expr
AMIGO3,Gene_Expr
B3GALT6,Gene_Expr
ZNF613,Gene_Expr
C11orf16,Gene_Expr
TMPRSS7,Gene_Expr
NUPR1,Gene_Expr
JAKMIP2,Gene_Expr
MBLAC2,Gene_Expr
TPRN,Gene_Expr
KCNE5,Gene_Expr
ZNF683,Gene_Expr
SLC35A4,Gene_Expr
CRYBG2,Gene_Expr
IP6K1,Gene_Expr
SSNA1,Gene_Expr
CSTF3,Gene_Expr
YES1,Gene_Expr
CHMP6,Gene_Expr
DLEU1,Gene_Expr
UFSP1,Gene_Expr
TMEM39A,Gene_Expr
TCP11L1,Gene_Expr
GPX2,Gene_Expr
CCDC57,Gene_Expr
HSF5,Gene_Expr
FOXG1,Gene_Expr
SPHK1,Gene_Expr
BNIP3,Gene_Expr
ENTHD1,Gene_Expr
MYPOP,Gene_Expr
LRRTM4,Gene_Expr
ATAD5,Gene_Expr
SMIM19,Gene_Expr
ZNF404,Gene_Expr
RTTN,Gene_Expr
OR51B6,Gene_Expr
ACBD7,Gene_Expr
OR4L1,Gene_Expr
ANAPC2,Gene_Expr
HMGB4,Gene_Expr
ZBTB8OS,Gene_Expr
SLC35G1,Gene_Expr
OR4K5,Gene_Expr
ZNF135,Gene_Expr
OR4N2,Gene_Expr
OR4M1,Gene_Expr
FOXR1,Gene_Expr
COX8A,Gene_Expr
TAC4,Gene_Expr
ZSCAN2,Gene_Expr
B3GNT4,Gene_Expr
CDC26,Gene_Expr
HSD11B2,Gene_Expr
CRLF3,Gene_Expr
RNPEP,Gene_Expr
EID2,Gene_Expr
DMRTA1,Gene_Expr
EID2B,Gene_Expr
GJC3,Gene_Expr
RIMS2,Gene_Expr
KCMF1,Gene_Expr
DNAJC30,Gene_Expr
SPRYD4,Gene_Expr
CLEC14A,Gene_Expr
SYNE3,Gene_Expr
CLK2,Gene_Expr
LPCAT4,Gene_Expr
SLCO3A1,Gene_Expr
ZNF575,Gene_Expr
WDR25,Gene_Expr
SGF29,Gene_Expr
PLAAT3,Gene_Expr
DIRAS1,Gene_Expr
OR5AN1,Gene_Expr
PHLDB3,Gene_Expr
PRR15,Gene_Expr
GNG7,Gene_Expr
USF3,Gene_Expr
CNTD1,Gene_Expr
DCAF4L2,Gene_Expr
CNBD1,Gene_Expr
KBTBD11,Gene_Expr
B3GNT5,Gene_Expr
MAP3K19,Gene_Expr
LMNB2,Gene_Expr
RMDN1,Gene_Expr
MEX3C,Gene_Expr
HORMAD2,Gene_Expr
RNF152,Gene_Expr
MYO1D,Gene_Expr
FOXL1,Gene_Expr
LRRC37A,Gene_Expr
FOXC2,Gene_Expr
BDNF,Gene_Expr
CCDC121,Gene_Expr
ACSF3,Gene_Expr
BOK,Gene_Expr
ZNF843,Gene_Expr
RBIS,Gene_Expr
PFN4,Gene_Expr
OR51V1,Gene_Expr
CDK5R1,Gene_Expr
TCERG1L,Gene_Expr
NCKAP5,Gene_Expr
MAGEB18,Gene_Expr
RUFY1,Gene_Expr
OR52E2,Gene_Expr
BASP1,Gene_Expr
OR51L1,Gene_Expr
LRRC37A3,Gene_Expr
VSIG10,Gene_Expr
IRX5,Gene_Expr
METRNL,Gene_Expr
FAM91A1,Gene_Expr
WSB2,Gene_Expr
GRIN1,Gene_Expr
SOX11,Gene_Expr
TYMS,Gene_Expr
PXMP2,Gene_Expr
TCEANC,Gene_Expr
PNMA1,Gene_Expr
TCIM,Gene_Expr
MAMSTR,Gene_Expr
ANKLE2,Gene_Expr
C8G,Gene_Expr
FUT2,Gene_Expr
OR51F2,Gene_Expr
EFCAB5,Gene_Expr
GCNT4,Gene_Expr
MUC20,Gene_Expr
THAP4,Gene_Expr
NFATC2IP,Gene_Expr
LY6H,Gene_Expr
FIBIN,Gene_Expr
FAM89B,Gene_Expr
SHMT1,Gene_Expr
DPP7,Gene_Expr
TRIM60,Gene_Expr
SEC24C,Gene_Expr
SMCR8,Gene_Expr
MTHFR,Gene_Expr
C19orf18,Gene_Expr
DEAF1,Gene_Expr
MTX3,Gene_Expr
TMEM80,Gene_Expr
SIX5,Gene_Expr
IFNW1,Gene_Expr
FBXO46,Gene_Expr
ZDHHC13,Gene_Expr
SLC38A9,Gene_Expr
ACER2,Gene_Expr
WDR73,Gene_Expr
POLE,Gene_Expr
PHETA2,Gene_Expr
SCN4B,Gene_Expr
DSCAML1,Gene_Expr
RHOG,Gene_Expr
EPS8L2,Gene_Expr
ZDHHC22,Gene_Expr
ANO6,Gene_Expr
ZBTB34,Gene_Expr
FAM9B,Gene_Expr
CETN1,Gene_Expr
FAM210A,Gene_Expr
TALDO1,Gene_Expr
ULK1,Gene_Expr
RIMKLA,Gene_Expr
CLVS1,Gene_Expr
RPS6KA3,Gene_Expr
B3GNT8,Gene_Expr
PUS1,Gene_Expr
CHD9,Gene_Expr
OR2T33,Gene_Expr
GATD1,Gene_Expr
TRIM72,Gene_Expr
MAN1B1,Gene_Expr
KCNA3,Gene_Expr
OR2AJ1,Gene_Expr
FZD8,Gene_Expr
FBXO39,Gene_Expr
CLDN22,Gene_Expr
KCNA2,Gene_Expr
TOP3A,Gene_Expr
CASKIN2,Gene_Expr
ZBTB38,Gene_Expr
BEND2,Gene_Expr
CCDC71,Gene_Expr
C10orf71,Gene_Expr
LRRN4CL,Gene_Expr
TIMM22,Gene_Expr
HIC1,Gene_Expr
PPFIA3,Gene_Expr
MAGEF1,Gene_Expr
UMODL1,Gene_Expr
SAMD9L,Gene_Expr
UBE2U,Gene_Expr
PAWR,Gene_Expr
TGIF1,Gene_Expr
MIEF2,Gene_Expr
NAP1L5,Gene_Expr
NIM1K,Gene_Expr
CD19,Gene_Expr
ERICH5,Gene_Expr
OR2T8,Gene_Expr
NR2C2,Gene_Expr
GPR4,Gene_Expr
ACOT4,Gene_Expr
OLIG3,Gene_Expr
CAVIN1,Gene_Expr
ARIH2,Gene_Expr
RBM44,Gene_Expr
ZBTB33,Gene_Expr
ZBED2,Gene_Expr
IRX3,Gene_Expr
ST8SIA3,Gene_Expr
RPRM,Gene_Expr
OR2B11,Gene_Expr
SLC25A22,Gene_Expr
RABEP2,Gene_Expr
NHLH2,Gene_Expr
ATOX1,Gene_Expr
TBL1XR1,Gene_Expr
SAMD12,Gene_Expr
CD163,Gene_Expr
C18orf32,Gene_Expr
PIDD1,Gene_Expr
ZNF491,Gene_Expr
RPLP2,Gene_Expr
HASPIN,Gene_Expr
JUN,Gene_Expr
CSTF2T,Gene_Expr
PGBD5,Gene_Expr
C12orf54,Gene_Expr
GBA1,Gene_Expr
ACAD9,Gene_Expr
IL17RA,Gene_Expr
PNPLA2,Gene_Expr
MBOAT4,Gene_Expr
AGTRAP,Gene_Expr
CD163L1,Gene_Expr
SRRM3,Gene_Expr
THAP5,Gene_Expr
DEFB114,Gene_Expr
CRACR2B,Gene_Expr
SUMO4,Gene_Expr
DNAJC28,Gene_Expr
NAALADL2,Gene_Expr
CD151,Gene_Expr
POLR2L,Gene_Expr
FAM20C,Gene_Expr
NECTIN3,Gene_Expr
ANXA2R,Gene_Expr
TMEM94,Gene_Expr
FLII,Gene_Expr
SOX12,Gene_Expr
HNRNPA0,Gene_Expr
YIPF7,Gene_Expr
MYOZ1,Gene_Expr
TMEM78,Gene_Expr
KCNJ10,Gene_Expr
CHID1,Gene_Expr
PCDHB9,Gene_Expr
ZNF620,Gene_Expr
ZNF518A,Gene_Expr
TMEM187,Gene_Expr
SVBP,Gene_Expr
ZNF619,Gene_Expr
AP3S1,Gene_Expr
GRB2,Gene_Expr
ZBTB41,Gene_Expr
UBE2N,Gene_Expr
ARL6IP6,Gene_Expr
ZNF354C,Gene_Expr
MAMDC4,Gene_Expr
CENPBD1P,Gene_Expr
CIMAP1A,Gene_Expr
BET1L,Gene_Expr
RPS27,Gene_Expr
RIC8A,Gene_Expr
IMP3,Gene_Expr
ASB8,Gene_Expr
CIMAP1B,Gene_Expr
DPY19L2,Gene_Expr
SPATA31E1,Gene_Expr
CIMIP6,Gene_Expr
GPR150,Gene_Expr
TSPYL6,Gene_Expr
LRRC75B,Gene_Expr
DMAP1,Gene_Expr
ADAMTSL1,Gene_Expr
CALHM5,Gene_Expr
IMPDH2,Gene_Expr
ALS2CL,Gene_Expr
MLF1,Gene_Expr
PRSS42P,Gene_Expr
NDUFAF3,Gene_Expr
C2orf69,Gene_Expr
GRAMD1C,Gene_Expr
STAP2,Gene_Expr
HTR3C,Gene_Expr
TSSK6,Gene_Expr
BOLA1,Gene_Expr
PDE4DIP,Gene_Expr
DDX10,Gene_Expr
GOLGA8Q,Gene_Expr
PPP1R42,Gene_Expr
NDUFV2,Gene_Expr
DALRD3,Gene_Expr
ZNF114,Gene_Expr
ZNF518B,Gene_Expr
AMER3,Gene_Expr
ZNF366,Gene_Expr
LCORL,Gene_Expr
PARD6G,Gene_Expr
ZNF454,Gene_Expr
SH2B1,Gene_Expr
ZC3H12D,Gene_Expr
VN1R1,Gene_Expr
POGLUT3,Gene_Expr
PLEC,Gene_Expr
SH2D4B,Gene_Expr
RNF212,Gene_Expr
PRSS36,Gene_Expr
ZNF543,Gene_Expr
TMEM151B,Gene_Expr
GALNT11,Gene_Expr
SLITRK1,Gene_Expr
WDR6,Gene_Expr
TNP2,Gene_Expr
GEN1,Gene_Expr
TMPRSS9,Gene_Expr
AQP11,Gene_Expr
TMEM11,Gene_Expr
ZNF354B,Gene_Expr
KCNG2,Gene_Expr
SHISA3,Gene_Expr
OR2D3,Gene_Expr
ZFAND2A,Gene_Expr
PLEKHM3,Gene_Expr
ZNF223,Gene_Expr
FAM220A,Gene_Expr
DNAJC22,Gene_Expr
NEUROG2,Gene_Expr
CEP295NL,Gene_Expr
BEND3,Gene_Expr
NT5DC1,Gene_Expr
GLDC,Gene_Expr
COX14,Gene_Expr
MCMDC2,Gene_Expr
TUBAL3,Gene_Expr
P4HTM,Gene_Expr
DTX3,Gene_Expr
KLHL11,Gene_Expr
AMBN,Gene_Expr
SLC25A20,Gene_Expr
CA8,Gene_Expr
CD28,Gene_Expr
EPM2AIP1,Gene_Expr
ERBB4,Gene_Expr
MAF,Gene_Expr
CTNNBIP1,Gene_Expr
DEFB125,Gene_Expr
GTPBP6,Gene_Expr
ERN1,Gene_Expr
GPR35,Gene_Expr
C10orf53,Gene_Expr
CSRNP3,Gene_Expr
ZNF713,Gene_Expr
PARP10,Gene_Expr
DYNAP,Gene_Expr
SUZ12,Gene_Expr
NSUN3,Gene_Expr
KCTD12,Gene_Expr
DHFR2,Gene_Expr
RPP25,Gene_Expr
GRINA,Gene_Expr
THBD,Gene_Expr
GP5,Gene_Expr
LMO7DN,Gene_Expr
COX5A,Gene_Expr
STX19,Gene_Expr
ERFE,Gene_Expr
FAM219B,Gene_Expr
ZHX2,Gene_Expr
CPNE7,Gene_Expr
C5orf46,Gene_Expr
CD300LB,Gene_Expr
GDPD4,Gene_Expr
RIIAD1,Gene_Expr
MPI,Gene_Expr
TRIM73,Gene_Expr
OPLAH,Gene_Expr
TMEM52,Gene_Expr
TMEM139,Gene_Expr
EFCAB13,Gene_Expr
MSC,Gene_Expr
APOLD1,Gene_Expr
RFLNA,Gene_Expr
EXOSC4,Gene_Expr
DPY19L3,Gene_Expr
TAF7,Gene_Expr
ZNF852,Gene_Expr
PFAS,Gene_Expr
HYI,Gene_Expr
CYBC1,Gene_Expr
TPRX1,Gene_Expr
ZNF552,Gene_Expr
SMIM10L2A,Gene_Expr
GAK,Gene_Expr
ZBTB7A,Gene_Expr
TUFM,Gene_Expr
ERICH3,Gene_Expr
RMI1,Gene_Expr
CTC1,Gene_Expr
FBXO34,Gene_Expr
SELENOW,Gene_Expr
EIF3K,Gene_Expr
MRFAP1L1,Gene_Expr
SNX18,Gene_Expr
EXD1,Gene_Expr
AURKB,Gene_Expr
C14orf39,Gene_Expr
MRFAP1,Gene_Expr
C3orf38,Gene_Expr
KLHDC7A,Gene_Expr
TMEM107,Gene_Expr
RRS1,Gene_Expr
EXOC3L1,Gene_Expr
TRIML2,Gene_Expr
RCC2,Gene_Expr
OR13D1,Gene_Expr
IGSF22,Gene_Expr
C9orf50,Gene_Expr
ZFP42,Gene_Expr
CCDC89,Gene_Expr
FAM133A,Gene_Expr
DPM3,Gene_Expr
C12orf42,Gene_Expr
CYC1,Gene_Expr
PER1,Gene_Expr
HTR1F,Gene_Expr
TMTC2,Gene_Expr
FARSA,Gene_Expr
SPTY2D1,Gene_Expr
C10orf67,Gene_Expr
SAMD4B,Gene_Expr
CYP11B2,Gene_Expr
GIMAP7,Gene_Expr
ALOXE3,Gene_Expr
EDC3,Gene_Expr
TCAIM,Gene_Expr
FUCA1,Gene_Expr
PXT1,Gene_Expr
GGN,Gene_Expr
HNRNPCL1,Gene_Expr
TMEM125,Gene_Expr
ZNF664,Gene_Expr
SIGLECL1,Gene_Expr
CALR,Gene_Expr
MAGED1,Gene_Expr
GVQW3,Gene_Expr
LDLRAD3,Gene_Expr
CDH4,Gene_Expr
SMCO3,Gene_Expr
RAD23A,Gene_Expr
PCARE,Gene_Expr
GADD45GIP1,Gene_Expr
PTPN11,Gene_Expr
NSUN7,Gene_Expr
RTL3,Gene_Expr
FAM156B,Gene_Expr
WSCD1,Gene_Expr
RAB39A,Gene_Expr
CLK3,Gene_Expr
HLA-DQB1,Gene_Expr
GATA2,Gene_Expr
ARID3B,Gene_Expr
PACS2,Gene_Expr
ELMOD2,Gene_Expr
EGR3,Gene_Expr
CATSPERE,Gene_Expr
GPC5,Gene_Expr
VWA1,Gene_Expr
DNAJB8,Gene_Expr
GEMIN4,Gene_Expr
FJX1,Gene_Expr
KLHL28,Gene_Expr
MKRN3,Gene_Expr
ZBTB18,Gene_Expr
DORIP1,Gene_Expr
ALOX12B,Gene_Expr
SLC17A8,Gene_Expr
SHARPIN,Gene_Expr
LBX2,Gene_Expr
DNHD1,Gene_Expr
SLITRK4,Gene_Expr
HTR1D,Gene_Expr
GCC1,Gene_Expr
LSMEM2,Gene_Expr
CIITA,Gene_Expr
ZFPM1,Gene_Expr
ALOX15B,Gene_Expr
PLD6,Gene_Expr
GRM8,Gene_Expr
CDC42EP4,Gene_Expr
ZBTB42,Gene_Expr
LACC1,Gene_Expr
MAF1,Gene_Expr
TPPP2,Gene_Expr
FCER1A,Gene_Expr
ARL14,Gene_Expr
WDR97,Gene_Expr
NLRP8,Gene_Expr
PCED1B,Gene_Expr
APOBEC3B,Gene_Expr
PIPOX,Gene_Expr
CDH5,Gene_Expr
LRRC3B,Gene_Expr
FAM216B,Gene_Expr
MRGPRX4,Gene_Expr
MYADM,Gene_Expr
MROH1,Gene_Expr
SERTAD2,Gene_Expr
AKAP5,Gene_Expr
NKPD1,Gene_Expr
GIPC3,Gene_Expr
CITED4,Gene_Expr
ABCA13,Gene_Expr
NLRP11,Gene_Expr
TIGD5,Gene_Expr
PDXDC1,Gene_Expr
CFAP276,Gene_Expr
ZNF154,Gene_Expr
R3HDM2,Gene_Expr
B3GNT3,Gene_Expr
ITLN1,Gene_Expr
NRXN1,Gene_Expr
SEPHS2,Gene_Expr
GPBAR1,Gene_Expr
ZNF784,Gene_Expr
ZNF648,Gene_Expr
C14orf119,Gene_Expr
CCR8,Gene_Expr
GOLGA8J,Gene_Expr
BBS10,Gene_Expr
FIZ1,Gene_Expr
PUF60,Gene_Expr
SSC5D,Gene_Expr
DCTPP1,Gene_Expr
ZNF771,Gene_Expr
TSHZ1,Gene_Expr
PSTK,Gene_Expr
SOCS4,Gene_Expr
PTGR3,Gene_Expr
ZNF48,Gene_Expr
C3orf80,Gene_Expr
TMEM150B,Gene_Expr
ANKRD18A,Gene_Expr
WFDC11,Gene_Expr
TMEM86B,Gene_Expr
OR3A1,Gene_Expr
SEPTIN1,Gene_Expr
TRNAU1AP,Gene_Expr
EXOC3,Gene_Expr
TDRD6,Gene_Expr
REDIC1,Gene_Expr
CSNK1A1L,Gene_Expr
LYNX1,Gene_Expr
MED14,Gene_Expr
FAHD1,Gene_Expr
TDRP,Gene_Expr
RCC1,Gene_Expr
WFDC9,Gene_Expr
MYL11,Gene_Expr
F2,Gene_Expr
GARIN6,Gene_Expr
PRKRA,Gene_Expr
ZNRF2,Gene_Expr
RRH,Gene_Expr
SLC9A4,Gene_Expr
ZNF816,Gene_Expr
PRNT,Gene_Expr
FGD6,Gene_Expr
ADGRD2,Gene_Expr
PLD5,Gene_Expr
OAZ2,Gene_Expr
PNPLA1,Gene_Expr
ALX1,Gene_Expr
CCDC43,Gene_Expr
KCTD4,Gene_Expr
MEIOC,Gene_Expr
FZD2,Gene_Expr
TIGD2,Gene_Expr
ITPRID1,Gene_Expr
HCLS1,Gene_Expr
MTURN,Gene_Expr
ZNF609,Gene_Expr
PAK2,Gene_Expr
CCDC66,Gene_Expr
DEFB124,Gene_Expr
MCFD2,Gene_Expr
HARBI1,Gene_Expr
C11orf71,Gene_Expr
TPRXL,Gene_Expr
SERTM1,Gene_Expr
GAS1,Gene_Expr
ARHGAP45,Gene_Expr
ZNF571,Gene_Expr
GLIPR1L2,Gene_Expr
DEFB119,Gene_Expr
MIGA1,Gene_Expr
KCNE1,Gene_Expr
DIP2C-AS1,Gene_Expr
NRIP1,Gene_Expr
ZSCAN4,Gene_Expr
BHLHA15,Gene_Expr
RNF182,Gene_Expr
TSPYL5,Gene_Expr
FUT7,Gene_Expr
H2AC6,Gene_Expr
EIF2S3B,Gene_Expr
SKIDA1,Gene_Expr
H2BC4,Gene_Expr
MB21D2,Gene_Expr
SSTR2,Gene_Expr
ZNF594,Gene_Expr
PCGF5,Gene_Expr
SLC47A2,Gene_Expr
PRF1,Gene_Expr
OR2A4,Gene_Expr
MAB21L1,Gene_Expr
YOD1,Gene_Expr
TMEM64,Gene_Expr
C3orf22,Gene_Expr
CHRM4,Gene_Expr
SHISA2,Gene_Expr
S1PR5,Gene_Expr
CLRN3,Gene_Expr
GPR157,Gene_Expr
CHST13,Gene_Expr
AGTR2,Gene_Expr
SLC36A4,Gene_Expr
ZDHHC20,Gene_Expr
ANKRD30B,Gene_Expr
OR51E1,Gene_Expr
ZFP3,Gene_Expr
ARSJ,Gene_Expr
HOXC9,Gene_Expr
MAP3K15,Gene_Expr
PPA1,Gene_Expr
PSMG4,Gene_Expr
BHLHE22,Gene_Expr
MAP6D1,Gene_Expr
ZNF443,Gene_Expr
CXCR2,Gene_Expr
GREM2,Gene_Expr
C11orf42,Gene_Expr
SSR4,Gene_Expr
CAPS2,Gene_Expr
ZNF792,Gene_Expr
CUEDC1,Gene_Expr
SCRIB,Gene_Expr
KCTD2,Gene_Expr
D2HGDH,Gene_Expr
OXTR,Gene_Expr
CMTR2,Gene_Expr
OR56B4,Gene_Expr
FAM83H,Gene_Expr
ZNF572,Gene_Expr
ST20,Gene_Expr
PITPNB,Gene_Expr
TCEAL8,Gene_Expr
LRRC57,Gene_Expr
MRPL14,Gene_Expr
GPR137C,Gene_Expr
C1orf105,Gene_Expr
BBS12,Gene_Expr
ZFP82,Gene_Expr
LSMEM1,Gene_Expr
NQO1,Gene_Expr
OR56B1,Gene_Expr
AEN,Gene_Expr
FKRP,Gene_Expr
TRAPPC5,Gene_Expr
RPH3AL,Gene_Expr
SLC25A42,Gene_Expr
FCRL6,Gene_Expr
METTL23,Gene_Expr
SLC26A11,Gene_Expr
HIGD1A,Gene_Expr
CHRM2,Gene_Expr
OR52N4,Gene_Expr
MAPK15,Gene_Expr
EHMT1,Gene_Expr
ADIPOQ,Gene_Expr
F2R,Gene_Expr
ZNF707,Gene_Expr
MUC16,Gene_Expr
NPM1,Gene_Expr
PJA1,Gene_Expr
DHTKD1,Gene_Expr
PENK,Gene_Expr
C4orf50,Gene_Expr
H2AC25,Gene_Expr
ZNF746,Gene_Expr
POLR2A,Gene_Expr
TMEM132C,Gene_Expr
TLCD5,Gene_Expr
FRAT2,Gene_Expr
TMEM102,Gene_Expr
TMEM132E,Gene_Expr
ZNF322,Gene_Expr
NME9,Gene_Expr
HEPHL1,Gene_Expr
LRRC75A,Gene_Expr
OFCC1,Gene_Expr
OR5M8,Gene_Expr
CCL13,Gene_Expr
CFAP65,Gene_Expr
DDX60L,Gene_Expr
SYNE4,Gene_Expr
OGFOD3,Gene_Expr
WASHC1,Gene_Expr
AATK,Gene_Expr
DDN,Gene_Expr
SAGE1,Gene_Expr
ZNF467,Gene_Expr
SOX2,Gene_Expr
ZNF678,Gene_Expr
TMEM45A,Gene_Expr
RAP2B,Gene_Expr
ZBTB2,Gene_Expr
RNF135,Gene_Expr
ACBD4,Gene_Expr
OR8D4,Gene_Expr
SGSH,Gene_Expr
MAB21L2,Gene_Expr
FANCB,Gene_Expr
EDDM3B,Gene_Expr
SETD2,Gene_Expr
EDDM3A,Gene_Expr
LINC03040,Gene_Expr
TMIE,Gene_Expr
MEX3D,Gene_Expr
OR52D1,Gene_Expr
MRPS23,Gene_Expr
OR52H1,Gene_Expr
FDCSP,Gene_Expr
GPR135,Gene_Expr
ANKRD62,Gene_Expr
P2RY13,Gene_Expr
TNFSF15,Gene_Expr
ZFP41,Gene_Expr
PHLDA2,Gene_Expr
ATG9B,Gene_Expr
GPR88,Gene_Expr
ZNF875,Gene_Expr
PLAG1,Gene_Expr
OR8H1,Gene_Expr
OR5T1,Gene_Expr
YIPF6,Gene_Expr
OR5T2,Gene_Expr
ZBTB20,Gene_Expr
DIPK2A,Gene_Expr
MACIR,Gene_Expr
OR8K5,Gene_Expr
AMIGO1,Gene_Expr
OR8H3,Gene_Expr
GPR3,Gene_Expr
TMEM252,Gene_Expr
OR5AS1,Gene_Expr
SIAH2,Gene_Expr
COPG1,Gene_Expr
ADGRB1,Gene_Expr
SLC9A9,Gene_Expr
LSM10,Gene_Expr
RELL1,Gene_Expr
RFX7,Gene_Expr
SLC35C1,Gene_Expr
TIGIT,Gene_Expr
RNF41,Gene_Expr
SLC2A4,Gene_Expr
IBA57,Gene_Expr
CLDN7,Gene_Expr
ZNF329,Gene_Expr
ZNF101,Gene_Expr
C5orf24,Gene_Expr
ADO,Gene_Expr
COA4,Gene_Expr
PRKAG1,Gene_Expr
GINS3,Gene_Expr
OR4C15,Gene_Expr
OR4A16,Gene_Expr
OR52K2,Gene_Expr
NEUROG1,Gene_Expr
CCDC149,Gene_Expr
MRPS11,Gene_Expr
SNRPE,Gene_Expr
RTKN2,Gene_Expr
PNMA8A,Gene_Expr
CHST15,Gene_Expr
MGAT4C,Gene_Expr
TRIM49B,Gene_Expr
IDH2,Gene_Expr
OR52A1,Gene_Expr
PTCHD3,Gene_Expr
OR6B2,Gene_Expr
TMEM259,Gene_Expr
GET1,Gene_Expr
TNRC18,Gene_Expr
FAM181B,Gene_Expr
TMEM30B,Gene_Expr
DEXI,Gene_Expr
ZNF716,Gene_Expr
NOP10,Gene_Expr
FAM89A,Gene_Expr
KCNIP1,Gene_Expr
TDRKH,Gene_Expr
ZNF708,Gene_Expr
IST1,Gene_Expr
ERCC6L2,Gene_Expr
MRPL41,Gene_Expr
ENPP7,Gene_Expr
CREB3L2,Gene_Expr
P2RY8,Gene_Expr
UNC5C,Gene_Expr
TSEN54,Gene_Expr
RGMA,Gene_Expr
ASB18,Gene_Expr
UBA7,Gene_Expr
MRPS16,Gene_Expr
SHISAL2A,Gene_Expr
RAD51B,Gene_Expr
LDOC1,Gene_Expr
ARL6IP4,Gene_Expr
EXT1,Gene_Expr
SHMT2,Gene_Expr
MOB2,Gene_Expr
HHIPL1,Gene_Expr
ATP6AP2,Gene_Expr
ZAR1,Gene_Expr
CYB5D1,Gene_Expr
BACE2,Gene_Expr
UBE2E2,Gene_Expr
SYNM,Gene_Expr
KCNA4,Gene_Expr
GABRG3,Gene_Expr
PRR34,Gene_Expr
NLRP10,Gene_Expr
FIGN,Gene_Expr
IZUMO1,Gene_Expr
TMIGD1,Gene_Expr
B4GALNT4,Gene_Expr
AP1S2,Gene_Expr
C8orf33,Gene_Expr
DCAF4L1,Gene_Expr
ZSCAN22,Gene_Expr
KCNJ14,Gene_Expr
FBXL6,Gene_Expr
C1S,Gene_Expr
GLTPD2,Gene_Expr
KIAA2012,Gene_Expr
LIPF,Gene_Expr
OR5P3,Gene_Expr
DAOA,Gene_Expr
ZNF804B,Gene_Expr
KBTBD3,Gene_Expr
YBEY,Gene_Expr
CLN8,Gene_Expr
PLCXD1,Gene_Expr
NXPH4,Gene_Expr
CACNB4,Gene_Expr
TRAPPC6B,Gene_Expr
PGBD4,Gene_Expr
NPLOC4,Gene_Expr
OTOL1,Gene_Expr
TEX19,Gene_Expr
TSHZ2,Gene_Expr
CAPN12,Gene_Expr
EXOC7,Gene_Expr
KPNA2,Gene_Expr
XKRX,Gene_Expr
CEP97,Gene_Expr
LHFPL1,Gene_Expr
FES,Gene_Expr
GLRX5,Gene_Expr
VCF2,Gene_Expr
TBPL2,Gene_Expr
CAV3,Gene_Expr
MXRA7,Gene_Expr
LIMK2,Gene_Expr
MFSD5,Gene_Expr
RNASE10,Gene_Expr
ADI1,Gene_Expr
RWDD4,Gene_Expr
SPNS3,Gene_Expr
CLEC4G,Gene_Expr
SATB1,Gene_Expr
NXPH3,Gene_Expr
CSF1R,Gene_Expr
EPHB3,Gene_Expr
EPGN,Gene_Expr
SNORC,Gene_Expr
HS3ST4,Gene_Expr
TRAK1,Gene_Expr
TSPAN10,Gene_Expr
PLCB1,Gene_Expr
SKA2,Gene_Expr
NDN,Gene_Expr
CCDC172,Gene_Expr
OR4Q3,Gene_Expr
NTM,Gene_Expr
TTC3,Gene_Expr
KCNB2,Gene_Expr
PPP1R27,Gene_Expr
BRICD5,Gene_Expr
GALR2,Gene_Expr
IGIP,Gene_Expr
TSKU,Gene_Expr
CMC4,Gene_Expr
ANXA2,Gene_Expr
RGS6,Gene_Expr
HOXB4,Gene_Expr
SLC35D3,Gene_Expr
PAQR7,Gene_Expr
PAPPA,Gene_Expr
MAFA,Gene_Expr
NGRN,Gene_Expr
GRID1,Gene_Expr
RPS17,Gene_Expr
HCAR2,Gene_Expr
CCDC87,Gene_Expr
C1orf116,Gene_Expr
CRIP2,Gene_Expr
DDX28,Gene_Expr
KRTAP13-2,Gene_Expr
ACBD3,Gene_Expr
HAPSTR1,Gene_Expr
PLCXD3,Gene_Expr
VMO1,Gene_Expr
OR4F15,Gene_Expr
ALG12,Gene_Expr
LCK,Gene_Expr
GALNT9,Gene_Expr
COL18A1,Gene_Expr
RBM10,Gene_Expr
ADGRG3,Gene_Expr
GLUD2,Gene_Expr
TCHHL1,Gene_Expr
RPL35A,Gene_Expr
RGS7,Gene_Expr
SLC25A18,Gene_Expr
ZNF721,Gene_Expr
TCEAL7,Gene_Expr
C11orf54,Gene_Expr
CEP63,Gene_Expr
SRPRA,Gene_Expr
OTOP3,Gene_Expr
EWSR1,Gene_Expr
CIMAP1C,Gene_Expr
HMGN4,Gene_Expr
SPATA13,Gene_Expr
GJC1,Gene_Expr
CNOT10,Gene_Expr
OR4M2B,Gene_Expr
MTA1,Gene_Expr
ZNF662,Gene_Expr
CADM1,Gene_Expr
ZNF320,Gene_Expr
C12orf60,Gene_Expr
PYCR1,Gene_Expr
NAA38,Gene_Expr
SPNS2,Gene_Expr
MCEMP1,Gene_Expr
AP2A2,Gene_Expr
SLC8A1,Gene_Expr
SLC25A21,Gene_Expr
CYLC1,Gene_Expr
PCP4,Gene_Expr
ABAT,Gene_Expr
SLC25A10,Gene_Expr
CAMK1D,Gene_Expr
RGPD6,Gene_Expr
LYSMD4,Gene_Expr
WBP2NL,Gene_Expr
IGSF5,Gene_Expr
AFMID,Gene_Expr
GAS6,Gene_Expr
FREM3,Gene_Expr
NEB,Gene_Expr
BEGAIN,Gene_Expr
GPC6,Gene_Expr
ARHGEF37,Gene_Expr
CSMD1,Gene_Expr
CALHM3,Gene_Expr
PTGDR2,Gene_Expr
CEP57L1,Gene_Expr
RIPPLY3,Gene_Expr
GPR19,Gene_Expr
GJD3,Gene_Expr
RABIF,Gene_Expr
TMEM119,Gene_Expr
FANCF,Gene_Expr
CALN1,Gene_Expr
SMDT1,Gene_Expr
GABRR3,Gene_Expr
CHST6,Gene_Expr
POTEC,Gene_Expr
RUVBL2,Gene_Expr
GDPGP1,Gene_Expr
CTNNA3,Gene_Expr
PRR36,Gene_Expr
OR51B4,Gene_Expr
PTTG1IP,Gene_Expr
DDX41,Gene_Expr
ABHD16B,Gene_Expr
OR52E8,Gene_Expr
CCDC60,Gene_Expr
PLGLB1,Gene_Expr
DAZAP2,Gene_Expr
CCBE1,Gene_Expr
SELENOF,Gene_Expr
OR5P2,Gene_Expr
FAM9A,Gene_Expr
TMEM121B,Gene_Expr
ZNF623,Gene_Expr
EPHA10,Gene_Expr
CCDC125,Gene_Expr
REC114,Gene_Expr
BOLA2,Gene_Expr
BCOR,Gene_Expr
JRKL,Gene_Expr
CABCOCO1,Gene_Expr
GBP6,Gene_Expr
BRD10,Gene_Expr
OVCH2,Gene_Expr
FHL3,Gene_Expr
OR56A4,Gene_Expr
PMCH,Gene_Expr
TEKTIP1,Gene_Expr
CCDC159,Gene_Expr
RIPK4,Gene_Expr
LRIT3,Gene_Expr
NPIPA1,Gene_Expr
SF3A3,Gene_Expr
TRIM61,Gene_Expr
GRIN2A,Gene_Expr
URAD,Gene_Expr
GTF2H2C,Gene_Expr
ASB7,Gene_Expr
SH2D7,Gene_Expr
TREX2,Gene_Expr
GPR132,Gene_Expr
MX2,Gene_Expr
EP400,Gene_Expr
MEX3B,Gene_Expr
TENT5C,Gene_Expr
COA5,Gene_Expr
UTP11,Gene_Expr
PSMG1,Gene_Expr
PRR14L,Gene_Expr
KLRC4,Gene_Expr
ACSM5,Gene_Expr
SERHL2,Gene_Expr
PCBP3,Gene_Expr
PGPEP1L,Gene_Expr
SETD3,Gene_Expr
TNFAIP8L3,Gene_Expr
ZNRF3,Gene_Expr
FBXL7,Gene_Expr
TANGO2,Gene_Expr
H3C13,Gene_Expr
SFXN4,Gene_Expr
GKN2,Gene_Expr
MRPL54,Gene_Expr
ZNF438,Gene_Expr
HMCES,Gene_Expr
CCR3,Gene_Expr
DGCR6,Gene_Expr
GOLGA8G,Gene_Expr
PRR32,Gene_Expr
RP1L1,Gene_Expr
HOATZ,Gene_Expr
ZNF530,Gene_Expr
NDUFB1,Gene_Expr
MARCHF11,Gene_Expr
KLHL25,Gene_Expr
TAFA1,Gene_Expr
TRMT12,Gene_Expr
PSG9,Gene_Expr
CMKLR2,Gene_Expr
BMP8A,Gene_Expr
ALYREF,Gene_Expr
RFLNB,Gene_Expr
EFHC2,Gene_Expr
NOG,Gene_Expr
MRGPRX2,Gene_Expr
UPP1,Gene_Expr
OPCML,Gene_Expr
TRIM52,Gene_Expr
LHFPL6,Gene_Expr
CMTM4,Gene_Expr
TMEM50A,Gene_Expr
ASCL2,Gene_Expr
TBK1,Gene_Expr
CBX6,Gene_Expr
MACC1,Gene_Expr
ACSM2A,Gene_Expr
TBL3,Gene_Expr
KREMEN1,Gene_Expr
TRAIP,Gene_Expr
CHEK2,Gene_Expr
FOXL2,Gene_Expr
AIFM3,Gene_Expr
KCTD16,Gene_Expr
B3GALT5,Gene_Expr
ZNF703,Gene_Expr
SLC35F3,Gene_Expr
KCTD8,Gene_Expr
DOCK8-AS1,Gene_Expr
TUBA8,Gene_Expr
NPIPA5,Gene_Expr
EMILIN3,Gene_Expr
OLFML1,Gene_Expr
RBM12B,Gene_Expr
CCR4,Gene_Expr
LIN9,Gene_Expr
BTBD9,Gene_Expr
NUDT14,Gene_Expr
ANKRD45,Gene_Expr
CFAP91,Gene_Expr
PNMA3,Gene_Expr
GPR39,Gene_Expr
FAM3B,Gene_Expr
ZNF730,Gene_Expr
KIRREL1,Gene_Expr
IQGAP3,Gene_Expr
CNGA2,Gene_Expr
TOB2,Gene_Expr
SCN5A,Gene_Expr
ARSI,Gene_Expr
UTY,Gene_Expr
SRARP,Gene_Expr
NPIPA6,Gene_Expr
TTC32,Gene_Expr
LRRC55,Gene_Expr
DNAH2,Gene_Expr
SH2D1A,Gene_Expr
SDR42E2,Gene_Expr
PRKX,Gene_Expr
KMT5A,Gene_Expr
KCNH8,Gene_Expr
SMTN,Gene_Expr
NPW,Gene_Expr
PP2D1,Gene_Expr
COA3,Gene_Expr
NPB,Gene_Expr
ST6GALNAC3,Gene_Expr
PTP4A2,Gene_Expr
ACTG1,Gene_Expr
TMPRSS2,Gene_Expr
DENND5A,Gene_Expr
DSCR4,Gene_Expr
DIABLO,Gene_Expr
VPS33B,Gene_Expr
TBX1,Gene_Expr
ADAP2,Gene_Expr
UQCR10,Gene_Expr
FAM120C,Gene_Expr
TRIML1,Gene_Expr
EIF3C,Gene_Expr
CLDN5,Gene_Expr
NIPSNAP1,Gene_Expr
CNTN2,Gene_Expr
LRRC51,Gene_Expr
KCNQ3,Gene_Expr
ADRA2C,Gene_Expr
NR2C2AP,Gene_Expr
C1QTNF12,Gene_Expr
CRELD2,Gene_Expr
SCFD2,Gene_Expr
UBE2F,Gene_Expr
KCNJ12,Gene_Expr
GPR173,Gene_Expr
PPP1R2,Gene_Expr
TSPYL2,Gene_Expr
GOLGA6L4,Gene_Expr
PGP,Gene_Expr
C22orf46P,Gene_Expr
SNRNP35,Gene_Expr
IRAK1,Gene_Expr
CMSS1,Gene_Expr
OLIG1,Gene_Expr
PCDH9,Gene_Expr
ACOT1,Gene_Expr
OAF,Gene_Expr
ALDH1A3,Gene_Expr
H2AC20,Gene_Expr
KCNK12,Gene_Expr
H2AC21,Gene_Expr
POU6F1,Gene_Expr
DEFB108B,Gene_Expr
TM2D3,Gene_Expr
TSSC4,Gene_Expr
TACSTD2,Gene_Expr
CLECL1P,Gene_Expr
SIX6,Gene_Expr
PRKD1,Gene_Expr
CCSER1,Gene_Expr
ZDHHC23,Gene_Expr
MROH7,Gene_Expr
S100A7A,Gene_Expr
SRPK3,Gene_Expr
GDF3,Gene_Expr
SLIT3,Gene_Expr
EFNA5,Gene_Expr
H1-5,Gene_Expr
SPATA32,Gene_Expr
PKP3,Gene_Expr
MAP7D2,Gene_Expr
CSF1,Gene_Expr
COLEC10,Gene_Expr
ACTRT3,Gene_Expr
PLA2G6,Gene_Expr
MAML2,Gene_Expr
SS18L1,Gene_Expr
KCND2,Gene_Expr
TOP1MT,Gene_Expr
COPB2,Gene_Expr
LRRC19,Gene_Expr
THAP7,Gene_Expr
KNTC1,Gene_Expr
CCR10,Gene_Expr
NCMAP,Gene_Expr
BPIFC,Gene_Expr
WDR27,Gene_Expr
TXNRD2,Gene_Expr
FOXO4,Gene_Expr
POU3F2,Gene_Expr
PTP4A3,Gene_Expr
FOXD4L1,Gene_Expr
TMEM255B,Gene_Expr
PROS1,Gene_Expr
NUTM1,Gene_Expr
HDDC3,Gene_Expr
BEX5,Gene_Expr
ZFP1,Gene_Expr
CEND1,Gene_Expr
C6orf58,Gene_Expr
DUSP8,Gene_Expr
SOCS3,Gene_Expr
SLITRK6,Gene_Expr
PIWIL3,Gene_Expr
LPAR5,Gene_Expr
XPOT,Gene_Expr
STING1,Gene_Expr
PDE4B,Gene_Expr
SNN,Gene_Expr
KCNH7,Gene_Expr
NELL2,Gene_Expr
KRBA2,Gene_Expr
MED12,Gene_Expr
ZNF93,Gene_Expr
SEPTIN9,Gene_Expr
PRSS55,Gene_Expr
CDCA2,Gene_Expr
RALYL,Gene_Expr
AMER1,Gene_Expr
ZBTB40,Gene_Expr
H2BC21,Gene_Expr
SEPTIN5,Gene_Expr
EIF4ENIF1,Gene_Expr
LRRC26,Gene_Expr
SERINC4,Gene_Expr
RNLS,Gene_Expr
APOBR,Gene_Expr
FAM110C,Gene_Expr
DDX53,Gene_Expr
ATL3,Gene_Expr
NDUFA12,Gene_Expr
SMIM10,Gene_Expr
DYNLT2,Gene_Expr
UBE2G2,Gene_Expr
SATL1,Gene_Expr
OSBP2,Gene_Expr
ZBTB7C,Gene_Expr
APOO,Gene_Expr
PRR16,Gene_Expr
TMED9,Gene_Expr
DRD1,Gene_Expr
TMEM186,Gene_Expr
SDR42E1,Gene_Expr
RBM33,Gene_Expr
ARMCX2,Gene_Expr
BTBD6,Gene_Expr
H1-10,Gene_Expr
RBM43,Gene_Expr
SUMO3,Gene_Expr
IMMP2L,Gene_Expr
TCEAL2,Gene_Expr
CLCNKB,Gene_Expr
JAG2,Gene_Expr
FMNL1,Gene_Expr
NUTM2A,Gene_Expr
PTRHD1,Gene_Expr
LCN12,Gene_Expr
OR6A2,Gene_Expr
WT1,Gene_Expr
ZFP90,Gene_Expr
FAM227A,Gene_Expr
OR6C70,Gene_Expr
MUC6,Gene_Expr
NOC4L,Gene_Expr
USP18,Gene_Expr
NDUFA6,Gene_Expr
CHRM5,Gene_Expr
SORCS2,Gene_Expr
TMEM121,Gene_Expr
TMEM106A,Gene_Expr
SIVA1,Gene_Expr
BRI3BP,Gene_Expr
SLC22A10,Gene_Expr
DGAT1,Gene_Expr
RFX6,Gene_Expr
ROBO2,Gene_Expr
AP3M1,Gene_Expr
F8,Gene_Expr
NT5C1B,Gene_Expr
CA13,Gene_Expr
UBOX5,Gene_Expr
MAFF,Gene_Expr
BRF1,Gene_Expr
LRRC14B,Gene_Expr
SEMA4B,Gene_Expr
MROH2A,Gene_Expr
SPDYE16,Gene_Expr
CIB1,Gene_Expr
ANKS1B,Gene_Expr
NELFA,Gene_Expr
SLC24A3,Gene_Expr
SGCZ,Gene_Expr
EFCAB10,Gene_Expr
C5orf47,Gene_Expr
FLRT2,Gene_Expr
INTS5,Gene_Expr
RPS27L,Gene_Expr
MANEAL,Gene_Expr
ADSS1,Gene_Expr
ANO9,Gene_Expr
FAF1,Gene_Expr
MYADML2,Gene_Expr
FAM43A,Gene_Expr
NSMCE3,Gene_Expr
HSF1,Gene_Expr
C6orf120,Gene_Expr
PURA,Gene_Expr
H2BC13,Gene_Expr
INPP5J,Gene_Expr
NPY2R,Gene_Expr
MIXL1,Gene_Expr
MFSD6L,Gene_Expr
LRRC37B,Gene_Expr
DDX51,Gene_Expr
NOMO2,Gene_Expr
ZNF479,Gene_Expr
SIGIRR,Gene_Expr
NRBP2,Gene_Expr
PRSS57,Gene_Expr
IFITM2,Gene_Expr
TNFAIP2,Gene_Expr
ZNF445,Gene_Expr
PGBD2,Gene_Expr
TCEAL9,Gene_Expr
MC2R,Gene_Expr
RAB11B,Gene_Expr
PRMT3,Gene_Expr
GP1BA,Gene_Expr
PRPF39,Gene_Expr
PPIL6,Gene_Expr
ZNF74,Gene_Expr
KIAA0825,Gene_Expr
UBALD2,Gene_Expr
CIMIP4,Gene_Expr
CDNF,Gene_Expr
NOTUM,Gene_Expr
KLHL33,Gene_Expr
RBM11,Gene_Expr
GALNT17,Gene_Expr
ZBTB37,Gene_Expr
NUPR2,Gene_Expr
IL3RA,Gene_Expr
CCDC137,Gene_Expr
SFTPA2,Gene_Expr
RGPD2,Gene_Expr
ARL15,Gene_Expr
C12orf56,Gene_Expr
SCN10A,Gene_Expr
CDK10,Gene_Expr
TMEM105,Gene_Expr
SOCS1,Gene_Expr
TCN2,Gene_Expr
GAS2L1,Gene_Expr
ATP6V0A2,Gene_Expr
PRKN,Gene_Expr
TEDC1,Gene_Expr
HS6ST3,Gene_Expr
HGS,Gene_Expr
TNFAIP8L1,Gene_Expr
RAD51D,Gene_Expr
OR7A17,Gene_Expr
MAPK11,Gene_Expr
SP140L,Gene_Expr
MRPL30,Gene_Expr
TARS3,Gene_Expr
SMYD3,Gene_Expr
TMT1A,Gene_Expr
IFNLR1,Gene_Expr
SH3BGR,Gene_Expr
FAM174B,Gene_Expr
FAM47A,Gene_Expr
ZSWIM9,Gene_Expr
KPNA7,Gene_Expr
TMEM179B,Gene_Expr
GPRIN3,Gene_Expr
PARPBP,Gene_Expr
STAC3,Gene_Expr
ROR1,Gene_Expr
MUC1,Gene_Expr
FAAP100,Gene_Expr
IRF7,Gene_Expr
L3MBTL1,Gene_Expr
BRCC3,Gene_Expr
SV2B,Gene_Expr
LMNTD2,Gene_Expr
PDE6G,Gene_Expr
PRKG1,Gene_Expr
NR2F2,Gene_Expr
DLK1,Gene_Expr
TLCD2,Gene_Expr
LSAMP,Gene_Expr
AHNAK2,Gene_Expr
OLFML2A,Gene_Expr
SP1,Gene_Expr
SPATA8,Gene_Expr
MRPL40,Gene_Expr
DBX2,Gene_Expr
INKA1,Gene_Expr
PDIA2,Gene_Expr
PCGF3,Gene_Expr
LMLN,Gene_Expr
P4HB,Gene_Expr
PSMD13,Gene_Expr
PBX1,Gene_Expr
NDUFA4L2,Gene_Expr
SHC4,Gene_Expr
KRT79,Gene_Expr
ZFP36L1,Gene_Expr
UBE2L3,Gene_Expr
NTF3,Gene_Expr
BRWD1,Gene_Expr
PMEL,Gene_Expr
SYN3,Gene_Expr
POU3F1,Gene_Expr
SNAI3,Gene_Expr
ZBTB3,Gene_Expr
LYG2,Gene_Expr
EP400P1,Gene_Expr
PRAME,Gene_Expr
TEX56P,Gene_Expr
MYBL1,Gene_Expr
MOSMO,Gene_Expr
DRG1,Gene_Expr
ANKFY1,Gene_Expr
YTHDF3,Gene_Expr
ZNF696,Gene_Expr
ADARB2,Gene_Expr
NRG3,Gene_Expr
SRL,Gene_Expr
C11orf87,Gene_Expr
IFIT1,Gene_Expr
CXorf38,Gene_Expr
KCNQ5,Gene_Expr
ADAMTSL5,Gene_Expr
KCNIP4,Gene_Expr
MORF4L1,Gene_Expr
NLRP9,Gene_Expr
WDR53,Gene_Expr
DMWD,Gene_Expr
SLC52A2,Gene_Expr
PIGP,Gene_Expr
IKZF1,Gene_Expr
PCYT2,Gene_Expr
NAT8L,Gene_Expr
OR6C76,Gene_Expr
NPAP1,Gene_Expr
BCAP31,Gene_Expr
ARL17A,Gene_Expr
GNB1L,Gene_Expr
DNAH14,Gene_Expr
CCDC190,Gene_Expr
EVI2B,Gene_Expr
NPIPB4,Gene_Expr
ZNF829,Gene_Expr
TMPRSS11B,Gene_Expr
THNSL1,Gene_Expr
TRIM69,Gene_Expr
ATP6V0C,Gene_Expr
IFITM1,Gene_Expr
LAMP1,Gene_Expr
FFAR3,Gene_Expr
TAS2R60,Gene_Expr
POMK,Gene_Expr
C16orf54,Gene_Expr
KLHDC8B,Gene_Expr
KLHL34,Gene_Expr
SETD4,Gene_Expr
PTCH1,Gene_Expr
RTN4RL1,Gene_Expr
OR4C46,Gene_Expr
CALHM1,Gene_Expr
NKAIN3,Gene_Expr
RNPC3,Gene_Expr
ZNF267,Gene_Expr
IRS2,Gene_Expr
SPACDR,Gene_Expr
FAM186A,Gene_Expr
SHOX,Gene_Expr
BICD2,Gene_Expr
CCIN,Gene_Expr
TMLHE,Gene_Expr
GRK1,Gene_Expr
SLITRK2,Gene_Expr
PLK5,Gene_Expr
RASA3,Gene_Expr
LRCH3,Gene_Expr
LEMD1,Gene_Expr
NDUFA13,Gene_Expr
ZNF566,Gene_Expr
ZNF529,Gene_Expr
ZNF284,Gene_Expr
HTR3E,Gene_Expr
DLEU7,Gene_Expr
KRT73,Gene_Expr
TAL2,Gene_Expr
AIDA,Gene_Expr
CDIN1,Gene_Expr
CD300LF,Gene_Expr
ZPBP2,Gene_Expr
KRT5,Gene_Expr
NBPF6,Gene_Expr
GSAP,Gene_Expr
HTR3D,Gene_Expr
AGBL4,Gene_Expr
ARGFX,Gene_Expr
CYP2R1,Gene_Expr
LRRC70,Gene_Expr
ANKRD46,Gene_Expr
PIP5K1C,Gene_Expr
CYP4F2,Gene_Expr
TEX38,Gene_Expr
ZBTB6,Gene_Expr
C2orf76,Gene_Expr
TAS2R42,Gene_Expr
POLR3C,Gene_Expr
UBL4B,Gene_Expr
WWOX,Gene_Expr
CYP4Z1,Gene_Expr
CENATAC,Gene_Expr
BCL9L,Gene_Expr
POLR1D,Gene_Expr
KIF18B,Gene_Expr
ZNRF1,Gene_Expr
FFAR4,Gene_Expr
BPIFB4,Gene_Expr
SAPCD2,Gene_Expr
EDARADD,Gene_Expr
CYP4F12,Gene_Expr
MTARC1,Gene_Expr
SOWAHB,Gene_Expr
BLOC1S4,Gene_Expr
ZNF749,Gene_Expr
KLHL32,Gene_Expr
MRTFB,Gene_Expr
BTLA,Gene_Expr
ZNF17,Gene_Expr
KDM4D,Gene_Expr
GPAT2,Gene_Expr
TOR3A,Gene_Expr
GABRA5,Gene_Expr
PPP1CC,Gene_Expr
ZNF555,Gene_Expr
NAP1L3,Gene_Expr
PRELID2,Gene_Expr
BACE1,Gene_Expr
RGS9BP,Gene_Expr
TMEM212,Gene_Expr
SLC36A3,Gene_Expr
SLC36A2,Gene_Expr
THBS2,Gene_Expr
RXRA,Gene_Expr
ANKRD37,Gene_Expr
NUDT17,Gene_Expr
MINAR2,Gene_Expr
ZNF75D,Gene_Expr
CYP4X1,Gene_Expr
KRT26,Gene_Expr
KRT10,Gene_Expr
GOLGA8R,Gene_Expr
CD300E,Gene_Expr
CCDC30,Gene_Expr
NKRF,Gene_Expr
GLDN,Gene_Expr
FCAR,Gene_Expr
KPNA4,Gene_Expr
TRDN,Gene_Expr
OR6P1,Gene_Expr
KRT3,Gene_Expr
ZNF501,Gene_Expr
ZNF197,Gene_Expr
SPATA12,Gene_Expr
TMPRSS12,Gene_Expr
FAM228A,Gene_Expr
DEFB132,Gene_Expr
NAP1L2,Gene_Expr
RPS23,Gene_Expr
GNG2,Gene_Expr
BTN3A2,Gene_Expr
AKAP14,Gene_Expr
PCLO,Gene_Expr
RGS7BP,Gene_Expr
INSIG1,Gene_Expr
MYT1L,Gene_Expr
IRX2-DT,Gene_Expr
ZNF396,Gene_Expr
TMEM222,Gene_Expr
OR9Q1,Gene_Expr
CLCNKA,Gene_Expr
ARHGAP30,Gene_Expr
SEPTIN10,Gene_Expr
FAM86B1,Gene_Expr
CYP4F8,Gene_Expr
CYP4F3,Gene_Expr
SMYD4,Gene_Expr
FOXD2,Gene_Expr
GPATCH8,Gene_Expr
CEACAM19,Gene_Expr
NF2,Gene_Expr
SMIM29,Gene_Expr
SPATC1,Gene_Expr
UBE2H,Gene_Expr
HPDL,Gene_Expr
KATNA1,Gene_Expr
FSD2,Gene_Expr
ARAP1,Gene_Expr
KIF24,Gene_Expr
PDE2A,Gene_Expr
CARMIL3,Gene_Expr
PRG2,Gene_Expr
PRR5,Gene_Expr
ZFP91,Gene_Expr
C17orf58,Gene_Expr
BCDIN3D,Gene_Expr
CYP27C1,Gene_Expr
LYRM7,Gene_Expr
CFAP73,Gene_Expr
CCDC73,Gene_Expr
BCR,Gene_Expr
MPPED1,Gene_Expr
FSCN2,Gene_Expr
SPIN4,Gene_Expr
ZNF732,Gene_Expr
SPIN2B,Gene_Expr
SPATA31D3,Gene_Expr
HYAL3,Gene_Expr
VSIG10L,Gene_Expr
CXCR3,Gene_Expr
ZNF397,Gene_Expr
ZSCAN30,Gene_Expr
TPCN1,Gene_Expr
LILRB4,Gene_Expr
TNFRSF4,Gene_Expr
KRT16,Gene_Expr
HEXIM1,Gene_Expr
TRABD2A,Gene_Expr
PDZD7,Gene_Expr
POFUT2,Gene_Expr
QRFPR,Gene_Expr
MAPT,Gene_Expr
ERCC6L,Gene_Expr
TMEM17,Gene_Expr
TNFRSF18,Gene_Expr
RTN4RL2,Gene_Expr
ZDHHC17,Gene_Expr
ZNF395,Gene_Expr
ZACN,Gene_Expr
PPARA,Gene_Expr
TMEM232,Gene_Expr
EFCAB6,Gene_Expr
KANK3,Gene_Expr
EMID1,Gene_Expr
RHD,Gene_Expr
ESPN,Gene_Expr
PNLIPRP1,Gene_Expr
PTRH1,Gene_Expr
SAMD7,Gene_Expr
GPR141,Gene_Expr
TMPRSS6,Gene_Expr
CYP4A11,Gene_Expr
TMEM216,Gene_Expr
RPS19BP1,Gene_Expr
TMPRSS11A,Gene_Expr
TMEM262,Gene_Expr
C3orf70,Gene_Expr
TEAD1,Gene_Expr
OR2AK2,Gene_Expr
PLCD1,Gene_Expr
CCK,Gene_Expr
ENTPD5,Gene_Expr
MITF,Gene_Expr
HEATR4,Gene_Expr
NAP1L1,Gene_Expr
LILRA5,Gene_Expr
CMC1,Gene_Expr
SLIT1,Gene_Expr
LYPD6,Gene_Expr
AKR1C1,Gene_Expr
SPATA21,Gene_Expr
RNF220,Gene_Expr
ANGPTL5,Gene_Expr
SHTN1,Gene_Expr
ZNF546,Gene_Expr
TSPYL4,Gene_Expr
MT1X,Gene_Expr
GCNT1,Gene_Expr
SESTD1,Gene_Expr
FNBP1,Gene_Expr
DYNC2H1,Gene_Expr
KRT12,Gene_Expr
BCAM,Gene_Expr
RSBN1L,Gene_Expr
NPSR1,Gene_Expr
WDR86,Gene_Expr
EPOR,Gene_Expr
FAM9C,Gene_Expr
CIDEC,Gene_Expr
DCC,Gene_Expr
TAF9B,Gene_Expr
PCDHB13,Gene_Expr
MAGI2,Gene_Expr
LUZP2,Gene_Expr
LHFPL3,Gene_Expr
CHP1,Gene_Expr
FPR3,Gene_Expr
H1-6,Gene_Expr
C11orf96,Gene_Expr
KCNJ11,Gene_Expr
CDHR4,Gene_Expr
COL4A1,Gene_Expr
PLEKHG7,Gene_Expr
GJA4,Gene_Expr
PTMA,Gene_Expr
HSPA14,Gene_Expr
ATP13A5,Gene_Expr
SIRT7,Gene_Expr
PRR27,Gene_Expr
IFT140,Gene_Expr
POTEG,Gene_Expr
AGMO,Gene_Expr
CYP26C1,Gene_Expr
TLR5,Gene_Expr
USP7,Gene_Expr
NANOS3,Gene_Expr
NHLRC1,Gene_Expr
DPPA3,Gene_Expr
PLEKHN1,Gene_Expr
ZNF385C,Gene_Expr
LINC02583,Gene_Expr
MAGEH1,Gene_Expr
TET3,Gene_Expr
ZNF286A,Gene_Expr
ISG15,Gene_Expr
EXD3,Gene_Expr
OR5W2,Gene_Expr
LIAT1,Gene_Expr
ZKSCAN4,Gene_Expr
RGPD1,Gene_Expr
DHRS4L2,Gene_Expr
SAMD11,Gene_Expr
PERM1,Gene_Expr
VMAC,Gene_Expr
HAPLN4,Gene_Expr
ERC2,Gene_Expr
B3GLCT,Gene_Expr
SPRY4,Gene_Expr
TRPV2,Gene_Expr
AMTN,Gene_Expr
C2orf88,Gene_Expr
TMEM203,Gene_Expr
KBTBD12,Gene_Expr
THSD4,Gene_Expr
DNAJB13,Gene_Expr
GABRD,Gene_Expr
TCEA1,Gene_Expr
NHEJ1,Gene_Expr
FANCA,Gene_Expr
SECISBP2,Gene_Expr
OR52B6,Gene_Expr
C9orf153,Gene_Expr
ADH1A,Gene_Expr
SEMA4D,Gene_Expr
LIN28B,Gene_Expr
DIPK1C,Gene_Expr
DNAH17,Gene_Expr
MCRS1,Gene_Expr
TMEM72,Gene_Expr
FANCM,Gene_Expr
ZNF70,Gene_Expr
CARD9,Gene_Expr
PEAR1,Gene_Expr
ZFP69B,Gene_Expr
TMEM202,Gene_Expr
SOWAHD,Gene_Expr
ZFP69,Gene_Expr
RTL4,Gene_Expr
TMEM220,Gene_Expr
C2orf78,Gene_Expr
H1-2,Gene_Expr
PLSCR3,Gene_Expr
EIF4EBP1,Gene_Expr
P2RX2,Gene_Expr
ASCL4,Gene_Expr
OR6C75,Gene_Expr
CCDC157,Gene_Expr
TTC24,Gene_Expr
PABIR1,Gene_Expr
PALM3,Gene_Expr
GFRAL,Gene_Expr
FYB2,Gene_Expr
SHISA7,Gene_Expr
LRRC74B,Gene_Expr
DMBT1,Gene_Expr
CLEC17A,Gene_Expr
LCN10,Gene_Expr
LDLRAD2,Gene_Expr
C2orf66,Gene_Expr
OVCH1,Gene_Expr
ZFTRAF1,Gene_Expr
COL14A1,Gene_Expr
DNER,Gene_Expr
CPSF4L,Gene_Expr
KLHL17,Gene_Expr
PLA2G2C,Gene_Expr
ZSCAN23,Gene_Expr
RINL,Gene_Expr
C17orf99,Gene_Expr
OR7D2,Gene_Expr
TPRG1,Gene_Expr
SNHG28,Gene_Expr
MORN2,Gene_Expr
RTP5,Gene_Expr
S100A3,Gene_Expr
UBQLN2,Gene_Expr
RILPL1,Gene_Expr
C19orf67,Gene_Expr
ZNF490,Gene_Expr
CLCN1,Gene_Expr
NRN1L,Gene_Expr
NWD1,Gene_Expr
ARL4C,Gene_Expr
RNF133,Gene_Expr
TMEM221,Gene_Expr
TREML4,Gene_Expr
RAB42,Gene_Expr
WNT7B,Gene_Expr
ZFTA,Gene_Expr
PRSS45P,Gene_Expr
PLA2G4E,Gene_Expr
GPR89B,Gene_Expr
EYS,Gene_Expr
C6orf132,Gene_Expr
OR2AG2,Gene_Expr
MAPK12,Gene_Expr
TMEM215,Gene_Expr
NUTM2G,Gene_Expr
COL4A5,Gene_Expr
AGRN,Gene_Expr
NHS,Gene_Expr
OTOG,Gene_Expr
CIMIP2A,Gene_Expr
TMPPE,Gene_Expr
ZNF626,Gene_Expr
HEPACAM2,Gene_Expr
SMTNL2,Gene_Expr
ZC3H6,Gene_Expr
LAMTOR4,Gene_Expr
PRKAR1B,Gene_Expr
NUTM2B,Gene_Expr
NCR3LG1,Gene_Expr
DCUN1D3,Gene_Expr
POTEE,Gene_Expr
ZNF793,Gene_Expr
TUBB4B,Gene_Expr
AGAP4,Gene_Expr
COMMD6,Gene_Expr
PLA2G2A,Gene_Expr
IL17REL,Gene_Expr
HYKK,Gene_Expr
OR7A5,Gene_Expr
C15orf62,Gene_Expr
RUFY4,Gene_Expr
ZNF383,Gene_Expr
HES4,Gene_Expr
ZNF669,Gene_Expr
PEAK3,Gene_Expr
LRRIQ4,Gene_Expr
CENPP,Gene_Expr
PLSCR1,Gene_Expr
C3orf62,Gene_Expr
ENO4,Gene_Expr
ZNF559,Gene_Expr
SBK1,Gene_Expr
SLC38A3,Gene_Expr
GTF2F2,Gene_Expr
CIBAR1,Gene_Expr
FOCAD,Gene_Expr
PRR19,Gene_Expr
ZP3,Gene_Expr
H3-5,Gene_Expr
JAKMIP3,Gene_Expr
PPP3R2,Gene_Expr
PDCD1,Gene_Expr
CLEC2A,Gene_Expr
GPR21,Gene_Expr
DYNLT4,Gene_Expr
SELL,Gene_Expr
CHM,Gene_Expr
BLOC1S5,Gene_Expr
CERKL,Gene_Expr
SLC24A5,Gene_Expr
IER5L,Gene_Expr
H2AX,Gene_Expr
INSC,Gene_Expr
SERPINA5,Gene_Expr
ACTMAP,Gene_Expr
LCTL,Gene_Expr
NCCRP1,Gene_Expr
COL25A1,Gene_Expr
FAM83G,Gene_Expr
CFAP77,Gene_Expr
SRSF10,Gene_Expr
HBA2,Gene_Expr
DUSP28,Gene_Expr
CCDC9B,Gene_Expr
NBR1,Gene_Expr
RALGAPA2,Gene_Expr
NDOR1,Gene_Expr
NKAIN2,Gene_Expr
PAQR9,Gene_Expr
CFAP54,Gene_Expr
CLN3,Gene_Expr
FAM72B,Gene_Expr
ASAH2,Gene_Expr
SUMO2,Gene_Expr
NANOS1,Gene_Expr
HMX3,Gene_Expr
GOLGA8M,Gene_Expr
ZNF177,Gene_Expr
RTL6,Gene_Expr
DPYD,Gene_Expr
S100A16,Gene_Expr
PTAR1,Gene_Expr
CC2D2B,Gene_Expr
RNASE9,Gene_Expr
SAXO2,Gene_Expr
RHCE,Gene_Expr
C2orf80,Gene_Expr
IDO2,Gene_Expr
PARVB,Gene_Expr
SLC4A5,Gene_Expr
UROS,Gene_Expr
OR56A5,Gene_Expr
KRTAP24-1,Gene_Expr
ZDHHC9,Gene_Expr
ZBED10P,Gene_Expr
QRFP,Gene_Expr
SMIM15,Gene_Expr
OSTN,Gene_Expr
VWC2,Gene_Expr
FAM221A,Gene_Expr
TMEM120B,Gene_Expr
FSIP2,Gene_Expr
RBM34,Gene_Expr
NOXA1,Gene_Expr
TMEM198,Gene_Expr
BCL2L15,Gene_Expr
FZD9,Gene_Expr
SPRED3,Gene_Expr
PLET1,Gene_Expr
ADRB3,Gene_Expr
SKOR1,Gene_Expr
PRELP,Gene_Expr
ZNF548,Gene_Expr
MTF1,Gene_Expr
SHISA6,Gene_Expr
TMEM201,Gene_Expr
NHLRC3,Gene_Expr
HMX2,Gene_Expr
SNTN,Gene_Expr
ZDHHC11,Gene_Expr
CALHM6,Gene_Expr
CNR2,Gene_Expr
SLX4,Gene_Expr
ENTPD8,Gene_Expr
RPL14,Gene_Expr
BEND4,Gene_Expr
FAM78B,Gene_Expr
ZNF563,Gene_Expr
TMC3,Gene_Expr
FBF1,Gene_Expr
KLRG2,Gene_Expr
ASTL,Gene_Expr
MSL1,Gene_Expr
LRRK2,Gene_Expr
GJB3,Gene_Expr
INSYN2A,Gene_Expr
TRMT2B,Gene_Expr
HACD4,Gene_Expr
CFAP126,Gene_Expr
FAM120AOS,Gene_Expr
UTS2B,Gene_Expr
C9orf152,Gene_Expr
NOC2L,Gene_Expr
MSANTD1,Gene_Expr
AADACL3,Gene_Expr
NELFB,Gene_Expr
SLC15A5,Gene_Expr
LIPI,Gene_Expr
LRRC66,Gene_Expr
ZNF292,Gene_Expr
HUS1B,Gene_Expr
KCTD21,Gene_Expr
SBSN,Gene_Expr
ADAT2,Gene_Expr
KIR2DL4,Gene_Expr
ZNF567,Gene_Expr
NDUFA4,Gene_Expr
ANKDD1B,Gene_Expr
ALKBH2,Gene_Expr
RNFT1,Gene_Expr
RNF222,Gene_Expr
RELN,Gene_Expr
FAM111B,Gene_Expr
APOD,Gene_Expr
H1-0,Gene_Expr
LITAF,Gene_Expr
VSTM1,Gene_Expr
TMEM120A,Gene_Expr
ARID2,Gene_Expr
SF3B3,Gene_Expr
PRSS48,Gene_Expr
IL1RAPL2,Gene_Expr
BLOC1S3,Gene_Expr
ANKRD34B,Gene_Expr
PLAC9,Gene_Expr
FAM47B,Gene_Expr
NKAPL,Gene_Expr
FSCB,Gene_Expr
CLDN4,Gene_Expr
ZNF573,Gene_Expr
GRAPL,Gene_Expr
FAM47E,Gene_Expr
JPT1,Gene_Expr
ZNF527,Gene_Expr
ZAR1L,Gene_Expr
S100A13,Gene_Expr
ZNF33A,Gene_Expr
KRT77,Gene_Expr
PCDH18,Gene_Expr
DCAF8L2,Gene_Expr
ZNF600,Gene_Expr
BTBD8,Gene_Expr
MAOA,Gene_Expr
C15orf61,Gene_Expr
NUGGC,Gene_Expr
TSPYL1,Gene_Expr
TRIM64B,Gene_Expr
PNRC2,Gene_Expr
DRICH1,Gene_Expr
GJB5,Gene_Expr
FHIT,Gene_Expr
ALKAL2,Gene_Expr
ZKSCAN3,Gene_Expr
FOXR2,Gene_Expr
RRP7A,Gene_Expr
LIN54,Gene_Expr
FAM53B,Gene_Expr
FAM180A,Gene_Expr
BNIP5,Gene_Expr
SPANXN4,Gene_Expr
S100A14,Gene_Expr
KAZN,Gene_Expr
SLC35E2B,Gene_Expr
TOGARAM2,Gene_Expr
NEMP2,Gene_Expr
ALG1L1P,Gene_Expr
KIAA0408,Gene_Expr
GSPT2,Gene_Expr
TBC1D28,Gene_Expr
C8orf76,Gene_Expr
CXCL17,Gene_Expr
HMGB1,Gene_Expr
MMP23B,Gene_Expr
SH2D5,Gene_Expr
ZFP92,Gene_Expr
NCR1,Gene_Expr
RASSF10,Gene_Expr
GJB4,Gene_Expr
OR2L13,Gene_Expr
BLOC1S2,Gene_Expr
SYCP2,Gene_Expr
ZNF724,Gene_Expr
IL1RAP,Gene_Expr
PTPRT,Gene_Expr
MYBPC1,Gene_Expr
PAX5,Gene_Expr
OR6M1,Gene_Expr
SPOCK3,Gene_Expr
ZNF676,Gene_Expr
ZNF699,Gene_Expr
TDRD7,Gene_Expr
CFAP119,Gene_Expr
MATCAP1,Gene_Expr
HLA-DRB1,Gene_Expr
VN1R2,Gene_Expr
MYT1,Gene_Expr
SERPINA3,Gene_Expr
AKR1C3,Gene_Expr
SPATS2L,Gene_Expr
ZNF250,Gene_Expr
WDSUB1,Gene_Expr
ZNF79,Gene_Expr
S100A4,Gene_Expr
PLEKHG4,Gene_Expr
FAT4,Gene_Expr
LINC03042,Gene_Expr
KIF19,Gene_Expr
OR6K2,Gene_Expr
ZNF681,Gene_Expr
ACADSB,Gene_Expr
STK40,Gene_Expr
TMEM63A,Gene_Expr
CTSE,Gene_Expr
SEMA4A,Gene_Expr
MPHOSPH8,Gene_Expr
GREB1,Gene_Expr
SIRPB2,Gene_Expr
ZNF766,Gene_Expr
RYR1,Gene_Expr
SRGAP3,Gene_Expr
FAM217B,Gene_Expr
SULT1C3,Gene_Expr
TUBB,Gene_Expr
LCOR,Gene_Expr
SUPT5H,Gene_Expr
XPNPEP3,Gene_Expr
OR2C3,Gene_Expr
ZNF107,Gene_Expr
PPIA,Gene_Expr
ZNF471,Gene_Expr
ZNF836,Gene_Expr
ZNF493,Gene_Expr
GTF2IRD2,Gene_Expr
GRM7,Gene_Expr
SUPT3H,Gene_Expr
NIF3L1,Gene_Expr
ATP2A1,Gene_Expr
IARS1,Gene_Expr
MFSD14CP,Gene_Expr
POM121,Gene_Expr
ZBTB44,Gene_Expr
GIMAP5,Gene_Expr
STK31,Gene_Expr
NLGN3,Gene_Expr
OR8D1,Gene_Expr
ADH7,Gene_Expr
ZKSCAN7,Gene_Expr
ZNF729,Gene_Expr
CD55,Gene_Expr
CPNE4,Gene_Expr
ZNF565,Gene_Expr
NTNG2,Gene_Expr
ELAVL3,Gene_Expr
WDR5,Gene_Expr
LONP1,Gene_Expr
TRRAP,Gene_Expr
NUDT11,Gene_Expr
SRGAP2B,Gene_Expr
FUT4,Gene_Expr
ASB13,Gene_Expr
SLC35F1,Gene_Expr
ZNF34,Gene_Expr
ZNF781,Gene_Expr
ZNF140,Gene_Expr
INCA1,Gene_Expr
ZNF774,Gene_Expr
PTPN1,Gene_Expr
EVL,Gene_Expr
THEM5,Gene_Expr
NOXO1,Gene_Expr
EPHB4,Gene_Expr
PRTN3,Gene_Expr
ZNF765,Gene_Expr
ZNF124,Gene_Expr
XRCC6,Gene_Expr
S100A5,Gene_Expr
PPP1R26,Gene_Expr
NBPF4,Gene_Expr
TSC22D2,Gene_Expr
ASMT,Gene_Expr
NPIPB15,Gene_Expr
ZNF569,Gene_Expr
ARMCX4,Gene_Expr
YRDC,Gene_Expr
ZNF777,Gene_Expr
PIK3R4,Gene_Expr
ZNF775,Gene_Expr
ZNF605,Gene_Expr
TRAPPC2,Gene_Expr
RFX8,Gene_Expr
MYL6B,Gene_Expr
ZNF799,Gene_Expr
FGF16,Gene_Expr
SIAH1,Gene_Expr
GK2,Gene_Expr
C20orf96,Gene_Expr
ESRRG,Gene_Expr
IPO4,Gene_Expr
NCOR2,Gene_Expr
SULT1A1,Gene_Expr
ARL9,Gene_Expr
PRPF40A,Gene_Expr
GDAP2,Gene_Expr
TCEAL3,Gene_Expr
ANAPC7,Gene_Expr
TPK1,Gene_Expr
SLC6A9,Gene_Expr
AFAP1,Gene_Expr
NACA,Gene_Expr
MYO18A,Gene_Expr
SPTSSB,Gene_Expr
BORCS6,Gene_Expr
MAN2A2,Gene_Expr
MME,Gene_Expr
FAM72A,Gene_Expr
CACNA1H,Gene_Expr
SULF2,Gene_Expr
HBG2,Gene_Expr
LAMA2,Gene_Expr
PLXNB2,Gene_Expr
AJAP1,Gene_Expr
XRCC2,Gene_Expr
MYO6,Gene_Expr
MRTFA,Gene_Expr
HDAC2,Gene_Expr
ZNF782,Gene_Expr
SLC22A25,Gene_Expr
POTEF,Gene_Expr
ZNF846,Gene_Expr
MMP1,Gene_Expr
ADH1B,Gene_Expr
UGT2B15,Gene_Expr
TCF4,Gene_Expr
WNK3,Gene_Expr
SDHAF3,Gene_Expr
HRH1,Gene_Expr
RABL6,Gene_Expr
ZNF136,Gene_Expr
ZKSCAN5,Gene_Expr
ZNF502,Gene_Expr
TRAPPC4,Gene_Expr
IFT70B,Gene_Expr
SLC30A10,Gene_Expr
TECPR2,Gene_Expr
TLR7,Gene_Expr
FAM180B,Gene_Expr
ZFP62,Gene_Expr
ERI2,Gene_Expr
TOMM7,Gene_Expr
HSH2D,Gene_Expr
TRPV1,Gene_Expr
ZNF33B,Gene_Expr
ZNF512B,Gene_Expr
AMZ2,Gene_Expr
ZNF431,Gene_Expr
ALKAL1,Gene_Expr
NF1,Gene_Expr
VKORC1L1,Gene_Expr
ZNF418,Gene_Expr
DAPK1,Gene_Expr
HLA-DQA1,Gene_Expr
COL27A1,Gene_Expr
GM2A,Gene_Expr
H2AC13,Gene_Expr
S100A2,Gene_Expr
ZNF700,Gene_Expr
POU3F4,Gene_Expr
CD47,Gene_Expr
OR52K1,Gene_Expr
TLE1,Gene_Expr
MAML3,Gene_Expr
H2AC11,Gene_Expr
STRN3,Gene_Expr
ZNF239,Gene_Expr
CHRNG,Gene_Expr
ZSCAN16,Gene_Expr
MVB12B,Gene_Expr
ILRUN,Gene_Expr
POTEI,Gene_Expr
ADA,Gene_Expr
ARID5A,Gene_Expr
PATE2,Gene_Expr
PPTC7,Gene_Expr
KRT39,Gene_Expr
TOMM20L,Gene_Expr
RGPD4,Gene_Expr
NHLRC2,Gene_Expr
H2AC7,Gene_Expr
ZFP28,Gene_Expr
CRACDL,Gene_Expr
ZNG1C,Gene_Expr
SCN8A,Gene_Expr
LAMB3,Gene_Expr
H2BC26,Gene_Expr
KPNA5,Gene_Expr
ANKRD36B,Gene_Expr
ARHGEF12,Gene_Expr
HCAR1,Gene_Expr
PDLIM7,Gene_Expr
FLNA,Gene_Expr
TMEM26,Gene_Expr
SRGAP1,Gene_Expr
FAM3C,Gene_Expr
NOP9,Gene_Expr
ZNF705A,Gene_Expr
SLC39A10,Gene_Expr
CASP4,Gene_Expr
AP2A1,Gene_Expr
ZNF585A,Gene_Expr
FUT11,Gene_Expr
ANXA4,Gene_Expr
LAGE3,Gene_Expr
WDR5B,Gene_Expr
WDR45,Gene_Expr
METTL9,Gene_Expr
ZNF138,Gene_Expr
ZNF429,Gene_Expr
ZNF470,Gene_Expr
SERTAD1,Gene_Expr
ZNF100,Gene_Expr
EOLA2,Gene_Expr
ZNF398,Gene_Expr
ZSCAN25,Gene_Expr
ANXA6,Gene_Expr
ZNF441,Gene_Expr
GMFB,Gene_Expr
SIGLEC15,Gene_Expr
ZNF420,Gene_Expr
ZNF763,Gene_Expr
ZMYM1,Gene_Expr
DTHD1,Gene_Expr
H4C3,Gene_Expr
ZSCAN26,Gene_Expr
MAFG,Gene_Expr
ARRDC1,Gene_Expr
KIAA1671,Gene_Expr
IGF2R,Gene_Expr
GAL3ST4,Gene_Expr
DYNC1H1,Gene_Expr
SLC6A17,Gene_Expr
IFNL3,Gene_Expr
PCBP2,Gene_Expr
ZGPAT,Gene_Expr
SLC25A29,Gene_Expr
PGAP1,Gene_Expr
SRC,Gene_Expr
ZNF679,Gene_Expr
ZNF682,Gene_Expr
OR8B8,Gene_Expr
ZNF772,Gene_Expr
ZNF257,Gene_Expr
PCNX3,Gene_Expr
ADAM32,Gene_Expr
ACSL5,Gene_Expr
LRRC8B,Gene_Expr
ABCB8,Gene_Expr
H3C12,Gene_Expr
SND1,Gene_Expr
ZNF785,Gene_Expr
SULT1A2,Gene_Expr
NEK5,Gene_Expr
PSMD12,Gene_Expr
ADGRA1,Gene_Expr
PIWIL2,Gene_Expr
NOL4L,Gene_Expr
CYSRT1,Gene_Expr
SLC22A4,Gene_Expr
ZSCAN5B,Gene_Expr
ENTPD4,Gene_Expr
C1D,Gene_Expr
TBC1D9B,Gene_Expr
H4C11,Gene_Expr
SLC2A7,Gene_Expr
FAM110D,Gene_Expr
SERPINA1,Gene_Expr
TPSB2,Gene_Expr
KANK2,Gene_Expr
C6orf141,Gene_Expr
GTF2E2,Gene_Expr
IL27,Gene_Expr
RAD54B,Gene_Expr
ZNF165,Gene_Expr
SYNGAP1,Gene_Expr
FITM2,Gene_Expr
BLM,Gene_Expr
KRBOX5,Gene_Expr
DDI2,Gene_Expr
SVIL,Gene_Expr
TRIM33,Gene_Expr
LRP10,Gene_Expr
PELI1,Gene_Expr
ZNF655,Gene_Expr
MRPL21,Gene_Expr
LYPD2,Gene_Expr
UAP1L1,Gene_Expr
ZNF98,Gene_Expr
FBXL22,Gene_Expr
ZNF786,Gene_Expr
ZNF517,Gene_Expr
ZNF675,Gene_Expr
SLC22A5,Gene_Expr
DACT3,Gene_Expr
ADARB1,Gene_Expr
ZNF860,Gene_Expr
HTT,Gene_Expr
OR6N1,Gene_Expr
C5AR1,Gene_Expr
CYP2B6,Gene_Expr
H3C4,Gene_Expr
DCHS2,Gene_Expr
VEPH1,Gene_Expr
FABP12,Gene_Expr
SHPK,Gene_Expr
IPP,Gene_Expr
OPALIN,Gene_Expr
OR13G1,Gene_Expr
MAP3K5,Gene_Expr
OGDHL,Gene_Expr
CYP2F1,Gene_Expr
GSTK1,Gene_Expr
HNRNPAB,Gene_Expr
OR2L5,Gene_Expr
STMN3,Gene_Expr
PDGFA,Gene_Expr
GYPE,Gene_Expr
COL13A1,Gene_Expr
SPN,Gene_Expr
ZNF695,Gene_Expr
PCDHB11,Gene_Expr
ZNF628,Gene_Expr
GALP,Gene_Expr
SLC2A10,Gene_Expr
ZNF665,Gene_Expr
RPF2,Gene_Expr
SLC28A3,Gene_Expr
FAM177B,Gene_Expr
MIB2,Gene_Expr
MYO5A,Gene_Expr
CARINH,Gene_Expr
GZMM,Gene_Expr
ATG7,Gene_Expr
SIPA1L1,Gene_Expr
IFT70A,Gene_Expr
SSPOP,Gene_Expr
ELANE,Gene_Expr
RAB40C,Gene_Expr
PIGN,Gene_Expr
COL4A6,Gene_Expr
ZNF624,Gene_Expr
ANKRD13C-DT,Gene_Expr
HOXA4,Gene_Expr
TOPORS,Gene_Expr
BCO2,Gene_Expr
KCNMB2,Gene_Expr
ENTPD6,Gene_Expr
DMBX1,Gene_Expr
ENPP1,Gene_Expr
CCDC154,Gene_Expr
FAR1,Gene_Expr
CPLANE1,Gene_Expr
ZNF841,Gene_Expr
MFAP5,Gene_Expr
MYH6,Gene_Expr
ZNF615,Gene_Expr
EOLA1,Gene_Expr
CDC42SE1,Gene_Expr
MPEG1,Gene_Expr
SERPINB2,Gene_Expr
DPP4,Gene_Expr
SERPINB13,Gene_Expr
PDCD1LG2,Gene_Expr
ZNF433,Gene_Expr
CCER1,Gene_Expr
DNAH10,Gene_Expr
SLC22A24,Gene_Expr
SPTAN1,Gene_Expr
NMB,Gene_Expr
PARVA,Gene_Expr
KLHL14,Gene_Expr
OR6C74,Gene_Expr
FAM114A1,Gene_Expr
RPE,Gene_Expr
ZNF460,Gene_Expr
CR1L,Gene_Expr
PHF2,Gene_Expr
RPS26,Gene_Expr
SLIRP-OT1,Gene_Expr
PSAP,Gene_Expr
S100A10,Gene_Expr
CFAP43,Gene_Expr
LHFPL5,Gene_Expr
RPL37A,Gene_Expr
HOXC6,Gene_Expr
TXNRD3,Gene_Expr
CFD,Gene_Expr
STPG3,Gene_Expr
MCMBP,Gene_Expr
EME2,Gene_Expr
KLHDC1,Gene_Expr
ZNF81,Gene_Expr
TAF13,Gene_Expr
ZNF780A,Gene_Expr
ATAD3A,Gene_Expr
OR5B17,Gene_Expr
OR52M1,Gene_Expr
FAM118B,Gene_Expr
ZNF461,Gene_Expr
CCDC180,Gene_Expr
SLC9A8,Gene_Expr
OCLN,Gene_Expr
CFAP299,Gene_Expr
H4C16,Gene_Expr
ZNF181,Gene_Expr
OR8G1,Gene_Expr
INKA2,Gene_Expr
ZNF44,Gene_Expr
GPAA1,Gene_Expr
ADAMTSL2,Gene_Expr
SGTB,Gene_Expr
ZNF790,Gene_Expr
PRB3,Gene_Expr
CYRIA,Gene_Expr
MYO1C,Gene_Expr
MDS2,Gene_Expr
NKIRAS1,Gene_Expr
OR1S2,Gene_Expr
UGT2B17,Gene_Expr
MEIG1,Gene_Expr
SLC22A12,Gene_Expr
KIF13B,Gene_Expr
NRAP,Gene_Expr
ADH5,Gene_Expr
H2BC12,Gene_Expr
TEAD4,Gene_Expr
SPG7,Gene_Expr
HRNR,Gene_Expr
ZNF677,Gene_Expr
ERO1A,Gene_Expr
ZNF823,Gene_Expr
ZNF311,Gene_Expr
ZNF347,Gene_Expr
OR5H2,Gene_Expr
PLCG2,Gene_Expr
FCHSD1,Gene_Expr
ZNF71,Gene_Expr
AADACL2,Gene_Expr
S100A6,Gene_Expr
RPL12,Gene_Expr
DNM3,Gene_Expr
ZNF121,Gene_Expr
MPZL1,Gene_Expr
VPS13A,Gene_Expr
MBP,Gene_Expr
AKAP17A,Gene_Expr
ELOVL2,Gene_Expr
GOLGA6L9,Gene_Expr
LEKR1,Gene_Expr
C1orf122,Gene_Expr
CLEC9A,Gene_Expr
KEL,Gene_Expr
NOL8,Gene_Expr
IRAK4,Gene_Expr
ODAD3,Gene_Expr
DLGAP2,Gene_Expr
MRPL42,Gene_Expr
ENTPD7,Gene_Expr
FCGR1BP,Gene_Expr
ZNF335,Gene_Expr
ZNF560,Gene_Expr
RPS4X,Gene_Expr
ZNF273,Gene_Expr
ZNF84,Gene_Expr
MAK16,Gene_Expr
ZNF667,Gene_Expr
AVPR1B,Gene_Expr
SIRPA,Gene_Expr
DSCR8,Gene_Expr
GRK6,Gene_Expr
PRIM1,Gene_Expr
MARCHF5,Gene_Expr
POTEH,Gene_Expr
AKR1B10,Gene_Expr
SULT1C4,Gene_Expr
CYP2A7,Gene_Expr
ZBTB14,Gene_Expr
CD2AP,Gene_Expr
NUP62CL,Gene_Expr
SFI1,Gene_Expr
TMPRSS11F,Gene_Expr
ZNF649,Gene_Expr
ADH4,Gene_Expr
ZNF248,Gene_Expr
CHSY3,Gene_Expr
TOR4A,Gene_Expr
LPAR1,Gene_Expr
MB,Gene_Expr
OR2L3,Gene_Expr
HIBCH,Gene_Expr
ZNF544,Gene_Expr
TMEM229B,Gene_Expr
SOWAHC,Gene_Expr
ZNF770,Gene_Expr
NPIPB6,Gene_Expr
HMGN5,Gene_Expr
MIER1,Gene_Expr
MAN1A2,Gene_Expr
SVIP,Gene_Expr
ZNF251,Gene_Expr
DDRGK1,Gene_Expr
FAM47C,Gene_Expr
TFDP1,Gene_Expr
CLEC4C,Gene_Expr
ZNF607,Gene_Expr
ZNF334,Gene_Expr
HSD17B11,Gene_Expr
SZT2,Gene_Expr
SULT1C2,Gene_Expr
ZXDA,Gene_Expr
RPS6KL1,Gene_Expr
CACNA1E,Gene_Expr
QRICH1,Gene_Expr
CSF2RA,Gene_Expr
FKBP1C,Gene_Expr
DDX42,Gene_Expr
RPL23A,Gene_Expr
SLC29A3,Gene_Expr
STYX,Gene_Expr
UBL5,Gene_Expr
HELZ,Gene_Expr
TMEM116,Gene_Expr
UCKL1,Gene_Expr
OR5B21,Gene_Expr
CARD11,Gene_Expr
ZNF485,Gene_Expr
PEG3,Gene_Expr
SDAD1,Gene_Expr
ZKSCAN8,Gene_Expr
PHETA1,Gene_Expr
TMEM239,Gene_Expr
HYLS1,Gene_Expr
MYL4,Gene_Expr
ZNF442,Gene_Expr
ZNF813,Gene_Expr
HOXC4,Gene_Expr
DCAF12L2,Gene_Expr
PIM3,Gene_Expr
GET3,Gene_Expr
ASPH,Gene_Expr
SPRED2,Gene_Expr
WWP2,Gene_Expr
GFPT1,Gene_Expr
UVRAG,Gene_Expr
ZNF26,Gene_Expr
TMEM207,Gene_Expr
ITSN2,Gene_Expr
NTRK1,Gene_Expr
OGA,Gene_Expr
MT1F,Gene_Expr
TCAF1,Gene_Expr
ZNF69,Gene_Expr
TXNRD1,Gene_Expr
NRARP,Gene_Expr
ZNF583,Gene_Expr
CCT8L2,Gene_Expr
ZNF568,Gene_Expr
ZXDB,Gene_Expr
ZNF480,Gene_Expr
ZNF587,Gene_Expr
TPM2,Gene_Expr
SH3BGRL2,Gene_Expr
ZNF808,Gene_Expr
ANKRD35,Gene_Expr
YTHDF2,Gene_Expr
TMA16,Gene_Expr
HLA-DRB5,Gene_Expr
ATL1,Gene_Expr
CNGA1,Gene_Expr
MAFK,Gene_Expr
ARMH1,Gene_Expr
ZNF43,Gene_Expr
GPN1,Gene_Expr
PLN,Gene_Expr
C2CD4A,Gene_Expr
ZNF28,Gene_Expr
ITGBL1,Gene_Expr
ZNF511,Gene_Expr
ZNF627,Gene_Expr
KCNRG,Gene_Expr
WDHD1,Gene_Expr
ZNF789,Gene_Expr
CTNND1,Gene_Expr
DDX39B,Gene_Expr
SLC34A3,Gene_Expr
RD3,Gene_Expr
SH2D1B,Gene_Expr
ARC,Gene_Expr
NUDT16,Gene_Expr
TLK1,Gene_Expr
LRBA,Gene_Expr
ZNF536,Gene_Expr
MMP17,Gene_Expr
OR2M2,Gene_Expr
BAZ1A,Gene_Expr
AKR1C4,Gene_Expr
COPS8,Gene_Expr
CCDC69,Gene_Expr
MDM4,Gene_Expr
RYR2,Gene_Expr
ZNF534,Gene_Expr
KLHL9,Gene_Expr
FAM3D,Gene_Expr
NCOA6,Gene_Expr
STK39,Gene_Expr
TAT,Gene_Expr
C6orf89,Gene_Expr
CALM1,Gene_Expr
LPA,Gene_Expr
TAFA2,Gene_Expr
SKIC3,Gene_Expr
TUSC1,Gene_Expr
PAPSS2,Gene_Expr
SLC9A6,Gene_Expr
FAN1,Gene_Expr
ABCA4,Gene_Expr
EIF1AY,Gene_Expr
MT-ND6,Gene_Expr
IPO9,Gene_Expr
GPX6,Gene_Expr
CEP290,Gene_Expr
MT-CO2,Gene_Expr
GLMP,Gene_Expr
TOGARAM1,Gene_Expr
DLL1,Gene_Expr
ANKRD13B,Gene_Expr
ECI2,Gene_Expr
UNC13B,Gene_Expr
SAXO5,Gene_Expr
MT-CYB,Gene_Expr
LDB1,Gene_Expr
PPP1R14C,Gene_Expr
CTR9,Gene_Expr
SMOC1,Gene_Expr
F5,Gene_Expr
MSRB1,Gene_Expr
LRRTM3,Gene_Expr
ZNF652,Gene_Expr
SMURF1,Gene_Expr
SLC5A3,Gene_Expr
GPATCH3,Gene_Expr
CDC42BPB,Gene_Expr
PLXNB3,Gene_Expr
OXCT2,Gene_Expr
RPL10A,Gene_Expr
COLGALT2,Gene_Expr
EPS8L3,Gene_Expr
EGFL6,Gene_Expr
MT-ND2,Gene_Expr
SYCP1,Gene_Expr
APCDD1L,Gene_Expr
RCSD1,Gene_Expr
RASSF9,Gene_Expr
FAM169A,Gene_Expr
ZNF830,Gene_Expr
GRIN3A,Gene_Expr
MT-ND5,Gene_Expr
CNOT7,Gene_Expr
TMEM184B,Gene_Expr
MTOR,Gene_Expr
SCAMP5,Gene_Expr
ZNF521,Gene_Expr
ALPK2,Gene_Expr
BRINP2,Gene_Expr
MAGEB3,Gene_Expr
LRIG2,Gene_Expr
MT-CO1,Gene_Expr
PNP,Gene_Expr
PAX9,Gene_Expr
LRRC10,Gene_Expr
GK,Gene_Expr
FOXJ3,Gene_Expr
ZNF358,Gene_Expr
SFT2D1,Gene_Expr
CD247,Gene_Expr
GRM3,Gene_Expr
CHAMP1,Gene_Expr
INPP5F,Gene_Expr
ARHGAP11A,Gene_Expr
SUCNR1,Gene_Expr
HMGN2,Gene_Expr
SELENOM,Gene_Expr
UBE2J1,Gene_Expr
GJC2,Gene_Expr
OPA1,Gene_Expr
DENND4B,Gene_Expr
RYR3,Gene_Expr
ZNF277,Gene_Expr
MT-ND3,Gene_Expr
KTI12,Gene_Expr
STYXL2,Gene_Expr
SELENOT,Gene_Expr
ARHGEF15,Gene_Expr
TOX,Gene_Expr
CES1,Gene_Expr
CD3E,Gene_Expr
RUSC2,Gene_Expr
FICD,Gene_Expr
OSTC,Gene_Expr
R3HDM4,Gene_Expr
TSEN15,Gene_Expr
LTN1,Gene_Expr
RUNDC1,Gene_Expr
CCDC152,Gene_Expr
STKLD1,Gene_Expr
GRK5,Gene_Expr
TYW1,Gene_Expr
DCAF12,Gene_Expr
SFMBT2,Gene_Expr
PNMA5,Gene_Expr
ITPRIPL1,Gene_Expr
MT-ND4,Gene_Expr
SMC5,Gene_Expr
MT-ND1,Gene_Expr
DCAF12L1,Gene_Expr
PRMT6,Gene_Expr
SHISA4,Gene_Expr
CIPC,Gene_Expr
CAPZA2,Gene_Expr
MT-ATP6,Gene_Expr
TOP1,Gene_Expr
PRC1,Gene_Expr
GPRASP3,Gene_Expr
MAP3K3,Gene_Expr
L1CAM,Gene_Expr
SREBF2,Gene_Expr
C1orf174,Gene_Expr
POU3F3,Gene_Expr
RASGEF1A,Gene_Expr
SPOUT1,Gene_Expr
RPL39,Gene_Expr
DZIP3,Gene_Expr
KIAA0753,Gene_Expr
DCLRE1A,Gene_Expr
ATG9A,Gene_Expr
NOS1AP,Gene_Expr
APRT,Gene_Expr
GPRASP1,Gene_Expr
TBKBP1,Gene_Expr
MAGEE1,Gene_Expr
CCDC167,Gene_Expr
MT-CO3,Gene_Expr
ZFP2,Gene_Expr
SOWAHA,Gene_Expr
L3MBTL3,Gene_Expr
DMD,Gene_Expr
MFAP3L,Gene_Expr
NAGA,Gene_Expr
SMG5,Gene_Expr
KIFBP,Gene_Expr
TGM2,Gene_Expr
ARMCX6,Gene_Expr
PJA2,Gene_Expr
RORB,Gene_Expr
SGMS1,Gene_Expr
OR10Z1,Gene_Expr
ZNF525,Gene_Expr
INF2,Gene_Expr
GP1BB,Gene_Expr
OR2L2,Gene_Expr
EFCAB2,Gene_Expr
COX20,Gene_Expr
CHML,Gene_Expr
STUM,Gene_Expr
TCP10L3,Gene_Expr
CAPN8,Gene_Expr
TATDN3,Gene_Expr
CR1,Gene_Expr
C1orf53,Gene_Expr
SAMD5,Gene_Expr
TEDDM1,Gene_Expr
GJE1,Gene_Expr
ECT2L,Gene_Expr
GPR52,Gene_Expr
NTMT2,Gene_Expr
FCGR3A,Gene_Expr
TMEM244,Gene_Expr
OR6K3,Gene_Expr
CENPW,Gene_Expr
SPRN,Gene_Expr
FAM229B,Gene_Expr
FANK1,Gene_Expr
PRR9,Gene_Expr
KPRP,Gene_Expr
EEF1AKMT2,Gene_Expr
DDO,Gene_Expr
PLPP4,Gene_Expr
H3C14,Gene_Expr
H2BC18,Gene_Expr
PNLIPRP3,Gene_Expr
H3C15,Gene_Expr
HSD3B1,Gene_Expr
HSD3B2,Gene_Expr
RBM20,Gene_Expr
SMIM9,Gene_Expr
C6orf163,Gene_Expr
GDI1,Gene_Expr
PCMTD2,Gene_Expr
SOX18,Gene_Expr
LIME1,Gene_Expr
OOEP,Gene_Expr
C1orf146,Gene_Expr
SAMD13,Gene_Expr
RTL8A,Gene_Expr
CCDC160,Gene_Expr
C1orf141,Gene_Expr
EFCAB7,Gene_Expr
GLYATL3,Gene_Expr
LDLRAD1,Gene_Expr
ZYG11A,Gene_Expr
LCN8,Gene_Expr
C1orf185,Gene_Expr
GLT6D1,Gene_Expr
IFIT1B,Gene_Expr
LIPN,Gene_Expr
LIPK,Gene_Expr
LIPJ,Gene_Expr
LRIT2,Gene_Expr
LRRC73,Gene_Expr
FOXO6,Gene_Expr
TCEAL5,Gene_Expr
SYS1,Gene_Expr
INPP5B,Gene_Expr
RPA4,Gene_Expr
NEU4,Gene_Expr
MAFB,Gene_Expr
TRAF3IP1,Gene_Expr
CHIC1,Gene_Expr
NAP1L6P,Gene_Expr
GIGYF2,Gene_Expr
C2orf72,Gene_Expr
RUFY2,Gene_Expr
NHSL2,Gene_Expr
PHACTR4,Gene_Expr
CLPSL1,Gene_Expr
ASAH2B,Gene_Expr
AGAP6,Gene_Expr
TIMM23B,Gene_Expr
ZDHHC18,Gene_Expr
TMEM273,Gene_Expr
CXorf65,Gene_Expr
AGAP9,Gene_Expr
GPRIN2,Gene_Expr
SYT15,Gene_Expr
MACO1,Gene_Expr
PTPN20,Gene_Expr
ZDBF2,Gene_Expr
TXNDC8,Gene_Expr
DAXX,Gene_Expr
BMPR2,Gene_Expr
TCEA3,Gene_Expr
PFDN6,Gene_Expr
RING1,Gene_Expr
HSD17B8,Gene_Expr
RXRB,Gene_Expr
OXLD1,Gene_Expr
OR13C3,Gene_Expr
COL11A2,Gene_Expr
HLA-DOA,Gene_Expr
BRD2,Gene_Expr
HLA-DMA,Gene_Expr
COL5A2,Gene_Expr
PSMB8,Gene_Expr
TAP2,Gene_Expr
SPIN3,Gene_Expr
HLA-DRA,Gene_Expr
BTNL2,Gene_Expr
COL15A1,Gene_Expr
TSBP1,Gene_Expr
TMEM225,Gene_Expr
NOTCH4,Gene_Expr
PBX2,Gene_Expr
AGER,Gene_Expr
RNF5,Gene_Expr
AGPAT1,Gene_Expr
PJVK,Gene_Expr
PRRT1,Gene_Expr
FKBPL,Gene_Expr
MRPL38,Gene_Expr
SMIM5,Gene_Expr
ERICH2,Gene_Expr
WHR1,Gene_Expr
CD300LD,Gene_Expr
DXO,Gene_Expr
SKIC2,Gene_Expr
FAM120A2P,Gene_Expr
NELFE,Gene_Expr
NXPE2,Gene_Expr
ZBTB12,Gene_Expr
SDHD,Gene_Expr
EHMT2,Gene_Expr
XAGE1A,Gene_Expr
LAYN,Gene_Expr
XAGE1B,Gene_Expr
SLC44A4,Gene_Expr
NEU1,Gene_Expr
SNHG32,Gene_Expr
HSPA1B,Gene_Expr
HSPA1A,Gene_Expr
HSPA1L,Gene_Expr
LSM2,Gene_Expr
VARS1,Gene_Expr
VWA7,Gene_Expr
CARD16,Gene_Expr
MBD5,Gene_Expr
MSH5,Gene_Expr
MPIG6B,Gene_Expr
LY6G6C,Gene_Expr
LY6G6F,Gene_Expr
ABHD16A,Gene_Expr
LY6G5C,Gene_Expr
CSNK2B,Gene_Expr
GPANK1,Gene_Expr
C6orf47,Gene_Expr
NALF1,Gene_Expr
APOM,Gene_Expr
TRIM49C,Gene_Expr
BAG6,Gene_Expr
PRRC2A,Gene_Expr
AIF1,Gene_Expr
NCR3,Gene_Expr
PRAMEF17,Gene_Expr
PRAMEF14,Gene_Expr
LST1,Gene_Expr
NFKBIL1,Gene_Expr
PRAMEF15,Gene_Expr
MCCD1,Gene_Expr
ZNF814,Gene_Expr
MICB,Gene_Expr
AADACL4,Gene_Expr
ZNF551,Gene_Expr
MICA,Gene_Expr
ZNF805,Gene_Expr
HLA-C,Gene_Expr
POU5F1,Gene_Expr
ZSCAN5C,Gene_Expr
CCHCR1,Gene_Expr
PSORS1C1,Gene_Expr
MUC21,Gene_Expr
DEFB121,Gene_Expr
DHX16,Gene_Expr
C6orf136,Gene_Expr
MRPS18B,Gene_Expr
PPP1R10,Gene_Expr
ABCF1,Gene_Expr
PRR3,Gene_Expr
LILRB3,Gene_Expr
DDR1,Gene_Expr
GNL1,Gene_Expr
HLA-E,Gene_Expr
TRIM39,Gene_Expr
ZNF468,Gene_Expr
TRIM15,Gene_Expr
ZNF616,Gene_Expr
TRIM10,Gene_Expr
TRIM40,Gene_Expr
TRIM31,Gene_Expr
RNF39,Gene_Expr
PPP1R11,Gene_Expr
DISP3,Gene_Expr
RACK1,Gene_Expr
HLA-G,Gene_Expr
TBC1D8,Gene_Expr
NMS,Gene_Expr
HLA-F,Gene_Expr
ZFP57,Gene_Expr
ASPDH,Gene_Expr
MOG,Gene_Expr
OR2H2,Gene_Expr
CBY3,Gene_Expr
C9orf57,Gene_Expr
AKT1S1,Gene_Expr
FAM153CP,Gene_Expr
GABBR1,Gene_Expr
MIR1915HG,Gene_Expr
MAS1L,Gene_Expr
OR2H1,Gene_Expr
OR11A1,Gene_Expr
OR14J1,Gene_Expr
OR2J2,Gene_Expr
OR2J3,Gene_Expr
OR2B3,Gene_Expr
SPDYC,Gene_Expr
CFAP95,Gene_Expr
TRIM27,Gene_Expr
MALRD1,Gene_Expr
RANBP17,Gene_Expr
INSYN2B,Gene_Expr
ODAD4,Gene_Expr
MRPL53,Gene_Expr
MROH6,Gene_Expr
ATXN2,Gene_Expr
DCTN1,Gene_Expr
PNMA8B,Gene_Expr
TCTN1,Gene_Expr
FAM216A,Gene_Expr
ZBTB48,Gene_Expr
IGFL2,Gene_Expr
IGFL4,Gene_Expr
GPR20,Gene_Expr
KRT40,Gene_Expr
KRT25,Gene_Expr
MZT1,Gene_Expr
SPINK9,Gene_Expr
ZNF155,Gene_Expr
UQCC3,Gene_Expr
FBXO48,Gene_Expr
FAM221B,Gene_Expr
CD177,Gene_Expr
PSG5,Gene_Expr
ZNF783,Gene_Expr
ZNF425,Gene_Expr
FBXO47,Gene_Expr
UQCC6,Gene_Expr
PCDHGA1,Gene_Expr
BLACE,Gene_Expr
PCDHA9,Gene_Expr
PCDHA8,Gene_Expr
PCDHA7,Gene_Expr
PCDHA5,Gene_Expr
PCDHA4,Gene_Expr
PCDHA2,Gene_Expr
PCDHA1,Gene_Expr
TRIM13,Gene_Expr
MS4A13,Gene_Expr
PRSS1,Gene_Expr
SPIRE2,Gene_Expr
AARD,Gene_Expr
PABPN1L,Gene_Expr
PKHD1L1,Gene_Expr
SLFN12L,Gene_Expr
SLC35B4,Gene_Expr
SYCE1L,Gene_Expr
TMEM231,Gene_Expr
GARIN1A,Gene_Expr
LINC02898,Gene_Expr
CCNI2,Gene_Expr
SPATA31F1,Gene_Expr
CDKL4,Gene_Expr
ACCSL,Gene_Expr
CFAP96,Gene_Expr
TRIQK,Gene_Expr
SDHAF1,Gene_Expr
PSENEN,Gene_Expr
C11orf91,Gene_Expr
ZBTB10,Gene_Expr
C4orf46,Gene_Expr
SCGB2B2,Gene_Expr
CCDC144NL,Gene_Expr
LGR4,Gene_Expr
PSMB10,Gene_Expr
VIT,Gene_Expr
SPDYE2,Gene_Expr
E2F4,Gene_Expr
PDE7A,Gene_Expr
TMEM170B,Gene_Expr
MUC12,Gene_Expr
CTXN3,Gene_Expr
MGAT4D,Gene_Expr
SNX2,Gene_Expr
SAP25,Gene_Expr
NT5M,Gene_Expr
SARNP,Gene_Expr
OR6C68,Gene_Expr
ADGRG1,Gene_Expr
IPO7,Gene_Expr
PRR13,Gene_Expr
TECPR1,Gene_Expr
MT1H,Gene_Expr
SLCO6A1,Gene_Expr
INSYN1,Gene_Expr
CFI,Gene_Expr
SAMD9,Gene_Expr
KRT6A,Gene_Expr
CNEP1R1,Gene_Expr
KRT81,Gene_Expr
EXOC3L4,Gene_Expr
IZUMO3,Gene_Expr
KRTAP10-2,Gene_Expr
TP53TG3D,Gene_Expr
ATP6AP1L,Gene_Expr
CCDC85C,Gene_Expr
OR52J3,Gene_Expr
C2CD4B,Gene_Expr
RGL3,Gene_Expr
NAP1L4,Gene_Expr
TMSB4X,Gene_Expr
TMEM256,Gene_Expr
CPT1B,Gene_Expr
SMN2,Gene_Expr
SERF1B,Gene_Expr
HMGN1,Gene_Expr
DENND6B,Gene_Expr
EIF3CL,Gene_Expr
LCMT1,Gene_Expr
MFSD2B,Gene_Expr
CDPF1,Gene_Expr
HTN3,Gene_Expr
LIN52,Gene_Expr
ACOT6,Gene_Expr
TECRL,Gene_Expr
DPF3,Gene_Expr
MANSC4,Gene_Expr
ETFRF1,Gene_Expr
C17orf107,Gene_Expr
ITSN1,Gene_Expr
ITPRIPL2,Gene_Expr
DENND1C,Gene_Expr
SLCO1B7,Gene_Expr
CRLF2,Gene_Expr
CRYZL1,Gene_Expr
RIMOC1,Gene_Expr
GAGE1,Gene_Expr
ARRDC5,Gene_Expr
PLPP6,Gene_Expr
KLRC2,Gene_Expr
KLRC3,Gene_Expr
C16orf96,Gene_Expr
GMNC,Gene_Expr
TTC23L,Gene_Expr
CLEC6A,Gene_Expr
RFPL3S,Gene_Expr
C22orf42,Gene_Expr
NANOGNB,Gene_Expr
LRRC72,Gene_Expr
C1QTNF9B,Gene_Expr
DEFB134,Gene_Expr
ZNF316,Gene_Expr
ONECUT3,Gene_Expr
CEMP1,Gene_Expr
OLIG2,Gene_Expr
EPCIP,Gene_Expr
RNPS1,Gene_Expr
NYNRIN,Gene_Expr
DNAJC19,Gene_Expr
SMIM21,Gene_Expr
C18orf63,Gene_Expr
DEFA1,Gene_Expr
DOK6,Gene_Expr
JPT2,Gene_Expr
SERPINB11,Gene_Expr
SERPINB4,Gene_Expr
SERPINB5,Gene_Expr
ZDHHC11B,Gene_Expr
GOLGA8O,Gene_Expr
HBA1,Gene_Expr
HBM,Gene_Expr
ELOA2,Gene_Expr
ATP10A,Gene_Expr
ANKUB1,Gene_Expr
TSSK2,Gene_Expr
FOXL2NB,Gene_Expr
HCG27,Gene_Expr
COL6A6,Gene_Expr
RAB12,Gene_Expr
TMEM200C,Gene_Expr
HLA-A,Gene_Expr
HACD2,Gene_Expr
CFAP44,Gene_Expr
CD200R1L,Gene_Expr
LNP1,Gene_Expr
VGLL3,Gene_Expr
TRIM71,Gene_Expr
ZCWPW2,Gene_Expr
ANKRD28,Gene_Expr
COLQ,Gene_Expr
METTL6,Gene_Expr
XKR4,Gene_Expr
GPX3,Gene_Expr
DIO2,Gene_Expr
SELENOH,Gene_Expr
DIO1,Gene_Expr
STK38L,Gene_Expr
SACM1L,Gene_Expr
TSN,Gene_Expr
SLC48A1,Gene_Expr
TSSK1B,Gene_Expr
PRR22,Gene_Expr
TAS2R19,Gene_Expr
TAS2R50,Gene_Expr
TAS2R14,Gene_Expr
TAS2R13,Gene_Expr
ZRSR2P1,Gene_Expr
KRTAP16-1,Gene_Expr
CTAGE1,Gene_Expr
LINC02693,Gene_Expr
RTL8B,Gene_Expr
MT-ND4L,Gene_Expr
MAP10,Gene_Expr
POU5F1B,Gene_Expr
ZNF580,Gene_Expr
ZNF611,Gene_Expr
SYT3,Gene_Expr
NUP62,Gene_Expr
DENND1B,Gene_Expr
SFT2D2,Gene_Expr
CEP43,Gene_Expr
SCAF8,Gene_Expr
CFAP45,Gene_Expr
ACKR1,Gene_Expr
ZNF254,Gene_Expr
DYNLT2B,Gene_Expr
CRYGS,Gene_Expr
CRIP1,Gene_Expr
KLHL23,Gene_Expr
LINGO4,Gene_Expr
FAM24B,Gene_Expr
TRIM59,Gene_Expr
MLLT11,Gene_Expr
ASIC3,Gene_Expr
GIMAP1,Gene_Expr
CCDC183,Gene_Expr
ARHGEF35,Gene_Expr
DNLZ,Gene_Expr
TCL1B,Gene_Expr
SUPT4H1,Gene_Expr
TSGA13,Gene_Expr
NRAS,Gene_Expr
ZNF625-ZNF20,Gene_Expr
LTC4S,Gene_Expr
ANKRD39,Gene_Expr
QTRT1,Gene_Expr
CHUK,Gene_Expr
MXD3,Gene_Expr
GSTM2,Gene_Expr
COG8,Gene_Expr
ARHGAP19,Gene_Expr
HAUS7,Gene_Expr
LCAT,Gene_Expr
PTPRCAP,Gene_Expr
PVRIG,Gene_Expr
GPC2,Gene_Expr
KRT222,Gene_Expr
SIPA1,Gene_Expr
ERV3-1,Gene_Expr
SYNJ2BP,Gene_Expr
ARL2,Gene_Expr
GBP7,Gene_Expr
RBMXL1,Gene_Expr
SRA1,Gene_Expr
STIMATE,Gene_Expr
DNAJC9,Gene_Expr
C8orf82,Gene_Expr
VDAC1,Gene_Expr
ZBTB9,Gene_Expr
TMX2,Gene_Expr
SLX1A-SULT1A3,Gene_Expr
HEXA,Gene_Expr
NDUFS3,Gene_Expr
LEPROT,Gene_Expr
LBH,Gene_Expr
ADAT3,Gene_Expr
PPP1CB,Gene_Expr
GPSM3,Gene_Expr
LAT,Gene_Expr
NCKIPSD,Gene_Expr
ATF6B,Gene_Expr
TREX1,Gene_Expr
S1PR3,Gene_Expr
SLC35F6,Gene_Expr
FAM209B,Gene_Expr
CLIC1,Gene_Expr
DDAH2,Gene_Expr
RPS29,Gene_Expr
UGT2B11,Gene_Expr
ATP6V1G2,Gene_Expr
ZNF134,Gene_Expr
GTF2H4,Gene_Expr
DDX47,Gene_Expr
ZNF845,Gene_Expr
KLRK1,Gene_Expr
CEACAM18,Gene_Expr
EMP2,Gene_Expr
KCTD11,Gene_Expr
UBD,Gene_Expr
PPM1N,Gene_Expr
SLC23A3,Gene_Expr
LTB4R,Gene_Expr
LTB4R2,Gene_Expr
DNASE1,Gene_Expr
MDP1,Gene_Expr
CSNK1E,Gene_Expr
CCL27,Gene_Expr
IRF9,Gene_Expr
GALT,Gene_Expr
HBE1,Gene_Expr
HBG1,Gene_Expr
CLDN9,Gene_Expr
ITGA1,Gene_Expr
NUDT19,Gene_Expr
ZNF726,Gene_Expr
ZNF99,Gene_Expr
TAX1BP3,Gene_Expr
AP1G2,Gene_Expr
ZNF90,Gene_Expr
NAXD,Gene_Expr
MEF2B,Gene_Expr
GANC,Gene_Expr
TTLL3,Gene_Expr
REPIN1,Gene_Expr
MRPL23,Gene_Expr
ZNF891,Gene_Expr
SMIM7,Gene_Expr
FBXO16,Gene_Expr
TSPAN4,Gene_Expr
CPNE1,Gene_Expr
ARL16,Gene_Expr
SMCO1,Gene_Expr
WEE2,Gene_Expr
LYRM4,Gene_Expr
MYCBP,Gene_Expr
TMEM213,Gene_Expr
PRCD,Gene_Expr
ALG3,Gene_Expr
ZNF788P,Gene_Expr
SH3D21,Gene_Expr
C19orf38,Gene_Expr
IQCJ,Gene_Expr
C17orf67,Gene_Expr
FIS1,Gene_Expr
ANG,Gene_Expr
POU2AF3,Gene_Expr
SPDYE3,Gene_Expr
MBLAC1,Gene_Expr
FOXI3,Gene_Expr
MTCL3,Gene_Expr
NEURL1B,Gene_Expr
HAUS3,Gene_Expr
VSTM5,Gene_Expr
LCNL1,Gene_Expr
BBIP1,Gene_Expr
TRIM77,Gene_Expr
GNAT3,Gene_Expr
AS3MT,Gene_Expr
FAM187A,Gene_Expr
PLIN5,Gene_Expr
SEC14L6,Gene_Expr
SPINK13,Gene_Expr
NOTO,Gene_Expr
PPME1,Gene_Expr
STARD10,Gene_Expr
NUTM2D,Gene_Expr
CPEB1,Gene_Expr
EML6,Gene_Expr
ZNF727,Gene_Expr
ZSWIM8,Gene_Expr
C10orf105,Gene_Expr
ARHGEF33,Gene_Expr
C12orf71,Gene_Expr
IFRD2,Gene_Expr
CAPN14,Gene_Expr
ZBED1,Gene_Expr
TOMM6,Gene_Expr
HNRNPUL2,Gene_Expr
CSKMT,Gene_Expr
MS4A18,Gene_Expr
MS4A4E,Gene_Expr
FER1L6,Gene_Expr
MTCP1,Gene_Expr
RAD51AP2,Gene_Expr
DCDC2C,Gene_Expr
SMTNL1,Gene_Expr
TRIM64C,Gene_Expr
PNMA6E,Gene_Expr
SPATA31D1,Gene_Expr
ZSWIM7,Gene_Expr
ARHGEF28,Gene_Expr
LRRC69,Gene_Expr
CRPPA,Gene_Expr
ACSM4,Gene_Expr
RTL10,Gene_Expr
COL28A1,Gene_Expr
PHB2,Gene_Expr
NEURL4,Gene_Expr
GRID2IP,Gene_Expr
UBXN2B,Gene_Expr
ZNG1F,Gene_Expr
MUC5AC,Gene_Expr
MSMP,Gene_Expr
CIMIP2B,Gene_Expr
PEX26,Gene_Expr
CFAP90,Gene_Expr
UBE2QL1,Gene_Expr
FASTKD5,Gene_Expr
GOLGA8B,Gene_Expr
KCNU1,Gene_Expr
RNF212B,Gene_Expr
DDX3X,Gene_Expr
VPS16,Gene_Expr
ZNF705G,Gene_Expr
MYL5,Gene_Expr
SCRT2,Gene_Expr
ZNF407,Gene_Expr
NPEPL1,Gene_Expr
RPL17-C18orf32,Gene_Expr
SKOR2,Gene_Expr
SIAH3,Gene_Expr
EFCAB8,Gene_Expr
GAB4,Gene_Expr
C20orf202,Gene_Expr
HMX1,Gene_Expr
GCGR,Gene_Expr
RSC1A1,Gene_Expr
CELA2B,Gene_Expr
TMEM242,Gene_Expr
TMEM167B,Gene_Expr
FAM72D,Gene_Expr
TNFRSF25,Gene_Expr
SLC35E2A,Gene_Expr
TSTD1,Gene_Expr
RPTN,Gene_Expr
CYB5RL,Gene_Expr
C1orf167,Gene_Expr
TTC34,Gene_Expr
ATAD3C,Gene_Expr
IFI30,Gene_Expr
CCDC7,Gene_Expr
FNIP1,Gene_Expr
SP9,Gene_Expr
CKLF,Gene_Expr
PAM16,Gene_Expr
TENM3,Gene_Expr
CEBPZOS,Gene_Expr
TDRD15,Gene_Expr
PAPOLB,Gene_Expr
ZNF579,Gene_Expr
RNASEK,Gene_Expr
CATSPERZ,Gene_Expr
TAFA5,Gene_Expr
NBPF1,Gene_Expr
PPP1R3G,Gene_Expr
FAM228B,Gene_Expr
LINGO3,Gene_Expr
ZGLP1,Gene_Expr
VAMP2,Gene_Expr
EBF2,Gene_Expr
PEX39,Gene_Expr
PPP3R1,Gene_Expr
PSG3,Gene_Expr
FANCG,Gene_Expr
AP4M1,Gene_Expr
OR4A5,Gene_Expr
SPATA31H1,Gene_Expr
TAS2R41,Gene_Expr
PLXNA4,Gene_Expr
CEBPD,Gene_Expr
ZNF816-ZNF321P,Gene_Expr
PSG7,Gene_Expr
OR3A2,Gene_Expr
ARIH2OS,Gene_Expr
FAM200C,Gene_Expr
HMSD,Gene_Expr
NPTXR,Gene_Expr
FAM200A,Gene_Expr
PPP2R2A,Gene_Expr
C19orf73,Gene_Expr
ZNF880,Gene_Expr
TRIM16,Gene_Expr
OR2A25,Gene_Expr
OR2A14,Gene_Expr
TIGD1,Gene_Expr
FXYD7,Gene_Expr
XKR9,Gene_Expr
SLC12A8,Gene_Expr
TMEM14EP,Gene_Expr
APOL6,Gene_Expr
FADS3,Gene_Expr
CCNL2,Gene_Expr
UBA52,Gene_Expr
MYBPHL,Gene_Expr
PPT2,Gene_Expr
ZNF630,Gene_Expr
BTBD19,Gene_Expr
FAM185A,Gene_Expr
RAB6C,Gene_Expr
POTEJ,Gene_Expr
DCDC2B,Gene_Expr
C10orf55,Gene_Expr
USP17L2,Gene_Expr
EXOSC6,Gene_Expr
VPS52,Gene_Expr
ZNF844,Gene_Expr
CKMT1A,Gene_Expr
HBD,Gene_Expr
ZNF735,Gene_Expr
RFPL4A,Gene_Expr
CERS1,Gene_Expr
HLA-DPB1,Gene_Expr
C1QTNF5,Gene_Expr
CPTP,Gene_Expr
PRR29,Gene_Expr
C4B,Gene_Expr
ADM5,Gene_Expr
ATXN1L,Gene_Expr
SMIM13,Gene_Expr
GPX5,Gene_Expr
ZNF812P,Gene_Expr
NPIPA3,Gene_Expr
NDUFAF8,Gene_Expr
APOC4-APOC2,Gene_Expr
PRRT4,Gene_Expr
TMEM233,Gene_Expr
PLEKHM1,Gene_Expr
CT62,Gene_Expr
MKRN2OS,Gene_Expr
C2CD4D,Gene_Expr
ZNF469,Gene_Expr
MCRIP1,Gene_Expr
SLC26A6,Gene_Expr
DEFB131B,Gene_Expr
FAM229A,Gene_Expr
ERCC6,Gene_Expr
NOL7,Gene_Expr
C5orf67,Gene_Expr
ELFN1,Gene_Expr
PIGBOS1,Gene_Expr
FTCDNL1,Gene_Expr
TEX22,Gene_Expr
CROCC2,Gene_Expr
DCAF8L1,Gene_Expr
USP17L7,Gene_Expr
TMEM185B,Gene_Expr
KIF4B,Gene_Expr
HSBP1L1,Gene_Expr
TAS2R46,Gene_Expr
SRRM5,Gene_Expr
PGAM4,Gene_Expr
ERVMER34-1,Gene_Expr
LTA,Gene_Expr
WDR46,Gene_Expr
ZNF717,Gene_Expr
KLLN,Gene_Expr
PARG,Gene_Expr
AKR1B15,Gene_Expr
SCAMP4,Gene_Expr
LTB,Gene_Expr
RD3L,Gene_Expr
MRLN,Gene_Expr
POLR2J2,Gene_Expr
BOD1L2,Gene_Expr
CASP16P,Gene_Expr
MT-ATP8,Gene_Expr
ORM2,Gene_Expr
FAM174C,Gene_Expr
OST4,Gene_Expr
NUTM2E,Gene_Expr
FNDC10,Gene_Expr
PROB1,Gene_Expr
ARL17B,Gene_Expr
DHFR,Gene_Expr
SAPCD1,Gene_Expr
CT45A5,Gene_Expr
RPL41,Gene_Expr
RFPL4AL1,Gene_Expr
ORM1,Gene_Expr
SFTA3,Gene_Expr
SPINK8,Gene_Expr
PATL2,Gene_Expr
ZNF492,Gene_Expr
ZNF688,Gene_Expr
PET100,Gene_Expr
PRPS1L1,Gene_Expr
IQCF3,Gene_Expr
ANKRD66,Gene_Expr
ACBD6,Gene_Expr
OR5H6,Gene_Expr
ANKRD18B,Gene_Expr
PPP5D1P,Gene_Expr
PRB4,Gene_Expr
SETSIP,Gene_Expr
ANKRD63,Gene_Expr
YY2,Gene_Expr
STMND1,Gene_Expr
HSBP1,Gene_Expr
OR5H1,Gene_Expr
PLSCR5,Gene_Expr
CFAP97D1,Gene_Expr
SBK3,Gene_Expr
HLA-DPA1,Gene_Expr
RPS18,Gene_Expr
DIRC3,Gene_Expr
TSPAN19,Gene_Expr
OR5K2,Gene_Expr
PRH1,Gene_Expr
PSG1,Gene_Expr
TAPBP,Gene_Expr
SCAND3,Gene_Expr
TMEM253,Gene_Expr
TMA7,Gene_Expr
MCTS1,Gene_Expr
DYTN,Gene_Expr
OR52I1,Gene_Expr
OR5K1,Gene_Expr
SMIM26,Gene_Expr
AJM1,Gene_Expr
HLA-DQB2,Gene_Expr
GOLGA8N,Gene_Expr
TNF,Gene_Expr
PET117,Gene_Expr
LYRM9,Gene_Expr
NPIPA9,Gene_Expr
PHGR1,Gene_Expr
RNF224,Gene_Expr
GPX1,Gene_Expr
OR5H15,Gene_Expr
BTBD18,Gene_Expr
TMEM238,Gene_Expr
TWIST2,Gene_Expr
PIRT,Gene_Expr
PRR23C,Gene_Expr
ZNF892,Gene_Expr
IFNA13,Gene_Expr
H2BC15,Gene_Expr
RPS28,Gene_Expr
CTXN2,Gene_Expr
UQCRHL,Gene_Expr
TRIM26,Gene_Expr
TMEM229A,Gene_Expr
ZNF879,Gene_Expr
H2BC12L,Gene_Expr
CCDC188,Gene_Expr
ZNF736,Gene_Expr
PINLYP,Gene_Expr
FAM133B,Gene_Expr
MCIDAS,Gene_Expr
JRK,Gene_Expr
NPIPB2,Gene_Expr
HLA-B,Gene_Expr
FREY1,Gene_Expr
HNRNPUL2-BSCL2,Gene_Expr
APOC2,Gene_Expr
SHISA8,Gene_Expr
C19orf81,Gene_Expr
ANKRD65,Gene_Expr
ZSCAN31,Gene_Expr
C12orf75,Gene_Expr
SMIM1,Gene_Expr
HGH1,Gene_Expr
PPP1R3E,Gene_Expr
KDM4E,Gene_Expr
RPEL1,Gene_Expr
NFAM1,Gene_Expr
ANKRD34C,Gene_Expr
MFRP,Gene_Expr
KIAA0040,Gene_Expr
B3GALT4,Gene_Expr
PNMA6A,Gene_Expr
PATE3,Gene_Expr
OR5H14,Gene_Expr
ZBTB22,Gene_Expr
CLEC2L,Gene_Expr
ZBED5,Gene_Expr
SLFN14,Gene_Expr
PPIAL4G,Gene_Expr
ZNF853,Gene_Expr
ARHGEF38,Gene_Expr
CTAGE9,Gene_Expr
TAAR9,Gene_Expr
C4orf51,Gene_Expr
B3GNT9,Gene_Expr
CDKN2AIPNL,Gene_Expr
CKMT1B,Gene_Expr
PATE4,Gene_Expr
ZNF737,Gene_Expr
RGL2,Gene_Expr
MEIOSIN,Gene_Expr
SHISA9,Gene_Expr
OR7E24,Gene_Expr
HLA-DQA2,Gene_Expr
KIFC1,Gene_Expr
C2orf74,Gene_Expr
IRGM,Gene_Expr
FAM200B,Gene_Expr
LRRC37A2,Gene_Expr
TMEM250,Gene_Expr
OR2W3,Gene_Expr
PAGE2B,Gene_Expr
TXNDC5,Gene_Expr
CASTOR1,Gene_Expr
RNF103,Gene_Expr
RBM14,Gene_Expr
ALKBH6,Gene_Expr
ASB14,Gene_Expr
PCDHA13,Gene_Expr
KLHL41,Gene_Expr
CASTOR3P,Gene_Expr
STPG4,Gene_Expr
MEIKIN,Gene_Expr
NME1,Gene_Expr
TNFSF12,Gene_Expr
CDRT4,Gene_Expr
APOBEC3G,Gene_Expr
TLR9,Gene_Expr
WBP1,Gene_Expr
MRPS17,Gene_Expr
DEFA3,Gene_Expr
GET4,Gene_Expr
C1orf226,Gene_Expr
ADSL,Gene_Expr
LILRA4,Gene_Expr
LILRA2,Gene_Expr
TEX35,Gene_Expr
AMY2B,Gene_Expr
LY6G5B,Gene_Expr
PSMB9,Gene_Expr
PCDHGC3,Gene_Expr
SMKR1,Gene_Expr
COX19,Gene_Expr
DEFA1B,Gene_Expr
ACAD11,Gene_Expr
PPIL3,Gene_Expr
KIR3DL2,Gene_Expr
TNFRSF13B,Gene_Expr
L1TD1,Gene_Expr
AQP1,Gene_Expr
ISY1,Gene_Expr
PNMA2,Gene_Expr
LRRD1,Gene_Expr
KRBOX1,Gene_Expr
PCDHGC5,Gene_Expr
ARHGEF25,Gene_Expr
PEDS1,Gene_Expr
RDH14,Gene_Expr
PLCXD2,Gene_Expr
MIF,Gene_Expr
NSUN6,Gene_Expr
HLA-DOB,Gene_Expr
UGT1A9,Gene_Expr
YAE1,Gene_Expr
CRIPTO,Gene_Expr
CRCP,Gene_Expr
FBXW10B,Gene_Expr
RPL36A,Gene_Expr
PDXP,Gene_Expr
RPP21,Gene_Expr
CD302,Gene_Expr
EGFL8,Gene_Expr
ATP5MF,Gene_Expr
ARHGAP8,Gene_Expr
ARPC4,Gene_Expr
CORT,Gene_Expr
KRTAP9-4,Gene_Expr
UGT1A1,Gene_Expr
INMT,Gene_Expr
ARPC1A,Gene_Expr
TMEFF1,Gene_Expr
ATP5PO,Gene_Expr
PLEKHO2,Gene_Expr
C8orf58,Gene_Expr
PISD,Gene_Expr
HOGA1,Gene_Expr
PWP2,Gene_Expr
PI4KA,Gene_Expr
KIR3DL3,Gene_Expr
HYPK,Gene_Expr
AMACR,Gene_Expr
MTFP1,Gene_Expr
ARHGDIG,Gene_Expr
TCP10L,Gene_Expr
PSG2,Gene_Expr
ARFGAP3,Gene_Expr
BGLAP,Gene_Expr
C22orf39,Gene_Expr
PEG10,Gene_Expr
UGT1A8,Gene_Expr
EIF6,Gene_Expr
PCDHGC4,Gene_Expr
GTF2A1L,Gene_Expr
MRPL20,Gene_Expr
ARPIN,Gene_Expr
UGT1A10,Gene_Expr
SERPINB10,Gene_Expr
HLA-DMB,Gene_Expr
DECR2,Gene_Expr
GNG10,Gene_Expr
CNTF,Gene_Expr
CCDC169,Gene_Expr
RTL5,Gene_Expr
AP5Z1,Gene_Expr
ZNF709,Gene_Expr
STRC,Gene_Expr
ERVW-1,Gene_Expr
EIF4EBP3,Gene_Expr
PSG11,Gene_Expr
PSG4,Gene_Expr
MRPL33,Gene_Expr
MICAL3,Gene_Expr
PPAN-P2RY11,Gene_Expr
PCDHAC2,Gene_Expr
STON1,Gene_Expr
PRAF2,Gene_Expr
VSIG8,Gene_Expr
STMP1,Gene_Expr
KCTD7,Gene_Expr
EFNA4,Gene_Expr
TICAM2,Gene_Expr
NICOL1,Gene_Expr
NAA80,Gene_Expr
AMY2A,Gene_Expr
TNFRSF6B,Gene_Expr
UPK3B,Gene_Expr
IL10RB,Gene_Expr
CFB,Gene_Expr
ZNF487,Gene_Expr
DNAAF10,Gene_Expr
NME2,Gene_Expr
PLA2G4B,Gene_Expr
LEFTY1,Gene_Expr
CFAP57,Gene_Expr
NPIPB5,Gene_Expr
TTC4,Gene_Expr
OR5V1,Gene_Expr
TMEM35B,Gene_Expr
KIR2DL3,Gene_Expr
JMJD7,Gene_Expr
APOBEC3D,Gene_Expr
TUBA4B,Gene_Expr
MRPS6,Gene_Expr
ZNF512,Gene_Expr
GSTA1,Gene_Expr
RTL9,Gene_Expr
ACY1,Gene_Expr
NFS1,Gene_Expr
DDOST,Gene_Expr
VMA12,Gene_Expr
GSTA2,Gene_Expr
DNAJC25-GNG10,Gene_Expr
UGT1A7,Gene_Expr
P2RY11,Gene_Expr
TMEM141,Gene_Expr
IFITM10,Gene_Expr
DBNDD2,Gene_Expr
LY6G6D,Gene_Expr
ETV5,Gene_Expr
CFHR1,Gene_Expr
RBM12,Gene_Expr
UGT1A4,Gene_Expr
ERVFRD-1,Gene_Expr
LILRA6,Gene_Expr
SCARF2,Gene_Expr
APOBEC3C,Gene_Expr
RAD21L1,Gene_Expr
CCDC13,Gene_Expr
ASPRV1,Gene_Expr
OR2AE1,Gene_Expr
UBE2V1,Gene_Expr
PTCHD4,Gene_Expr
C4A,Gene_Expr
HBB,Gene_Expr
N4BP2L2,Gene_Expr
ZNF585B,Gene_Expr
CEBPA,Gene_Expr
H2AJ,Gene_Expr
UBAP1L,Gene_Expr
PGAM5,Gene_Expr
ZCCHC3,Gene_Expr
TWF2,Gene_Expr
MARS2,Gene_Expr
USP51,Gene_Expr
BCKDHA,Gene_Expr
INSL3,Gene_Expr
ADH1C,Gene_Expr
TRIM39-RPP21,Gene_Expr
APELA,Gene_Expr
CDK11B,Gene_Expr
PCDHAC1,Gene_Expr
TARM1,Gene_Expr
PRR5-ARHGAP8,Gene_Expr
POU5F2,Gene_Expr
PCP4L1,Gene_Expr
ABHD14A,Gene_Expr
STIMATE-MUSTN1,Gene_Expr
RBM14-RBM4,Gene_Expr
LY75-CD302,Gene_Expr
TRIM59-IFT80,Gene_Expr
DRC12,Gene_Expr
C4orf54,Gene_Expr
ACTN3,Gene_Expr
TNFSF12-TNFSF13,Gene_Expr
FMN1,Gene_Expr
ATP5MF-PTCD1,Gene_Expr
HAUS5,Gene_Expr
EPPIN-WFDC6,Gene_Expr
PCDHA11,Gene_Expr
ATP5MGL,Gene_Expr
TMEM150C,Gene_Expr
NAIP,Gene_Expr
ZNF286B,Gene_Expr
ZNF324B,Gene_Expr
SPATS1,Gene_Expr
SPMAP2L,Gene_Expr
ZNF564,Gene_Expr
FER1L5,Gene_Expr
ECSCR,Gene_Expr
HS3ST5,Gene_Expr
RNF103-CHMP3,Gene_Expr
PDCD6,Gene_Expr
GOLGA8K,Gene_Expr
TERB1,Gene_Expr
TMEM158,Gene_Expr
ARPIN-AP3S2,Gene_Expr
YJEFN3,Gene_Expr
DNAH10OS,Gene_Expr
PCDHA10,Gene_Expr
ARPC4-TTLL3,Gene_Expr
TRMT9B,Gene_Expr
ZNF718,Gene_Expr
SMIM20,Gene_Expr
GYPB,Gene_Expr
KIAA1210,Gene_Expr
CHCHD10,Gene_Expr
FAM218A,Gene_Expr
CDK3,Gene_Expr
GPR162,Gene_Expr
ATP6V1E2,Gene_Expr
GLI4,Gene_Expr
LY6G6F-LY6G6D,Gene_Expr
CCDC169-SOHLH2,Gene_Expr
SELENOP,Gene_Expr
NT5C1B-RDH14,Gene_Expr
ZNF674,Gene_Expr
TMED7-TICAM2,Gene_Expr
ZNF345,Gene_Expr
RFPL4B,Gene_Expr
ALG1L2,Gene_Expr
MSANTD3-TMEFF1,Gene_Expr
ZNF550,Gene_Expr
DCANP1,Gene_Expr
FOXD1,Gene_Expr
CENPS-CORT,Gene_Expr
PRB1,Gene_Expr
PCDHA12,Gene_Expr
PTX4,Gene_Expr
OC90,Gene_Expr
RGS21,Gene_Expr
PCDHGA12,Gene_Expr
C8orf88,Gene_Expr
SHLD3,Gene_Expr
CCDC71L,Gene_Expr
HOXA10,Gene_Expr
TMEM200B,Gene_Expr
PCDHGB6,Gene_Expr
SERPINE3,Gene_Expr
TRNP1,Gene_Expr
SMIM18,Gene_Expr
PCDHGA5,Gene_Expr
NACA2,Gene_Expr
PCDHGA7,Gene_Expr
SLC10A5,Gene_Expr
EIF5AL1,Gene_Expr
ALG11,Gene_Expr
ATXN7L3B,Gene_Expr
PRKDC,Gene_Expr
PCDHGA6,Gene_Expr
PCDHGA8,Gene_Expr
UTP14C,Gene_Expr
ETV3L,Gene_Expr
PCDHGA10,Gene_Expr
PCDHGA11,Gene_Expr
PCDHGB2,Gene_Expr
PCDHGB4,Gene_Expr
CLDN23,Gene_Expr
ZNF260,Gene_Expr
LYN,Gene_Expr
PINX1,Gene_Expr
PCDHGB7,Gene_Expr
NPIPB11,Gene_Expr
PCDHGB1,Gene_Expr
PCDHGA3,Gene_Expr
LRRC24,Gene_Expr
CHKB-CPT1B,Gene_Expr
SIGLEC14,Gene_Expr
PBOV1,Gene_Expr
XNDC1N,Gene_Expr
AP5B1,Gene_Expr
CHMP4A,Gene_Expr
SIGLEC12,Gene_Expr
PABPC4L,Gene_Expr
MAGEL2,Gene_Expr
CSNK2A3,Gene_Expr
RTL1,Gene_Expr
FPGT,Gene_Expr
IGLL5,Gene_Expr
MEX3A,Gene_Expr
EEF1G,Gene_Expr
CKLF-CMTM1,Gene_Expr
SYS1-DBNDD2,Gene_Expr
SLC67A1-AS,Gene_Expr
NPIPA2,Gene_Expr
MPV17L2,Gene_Expr
ATP6V1G2-DDX39B,Gene_Expr
RAP1BL,Gene_Expr
BORCS8,Gene_Expr
INMT-MINDY4,Gene_Expr
DPP3,Gene_Expr
STX16-NPEPL1,Gene_Expr
ANKHD1-EIF4EBP3,Gene_Expr
BRK1,Gene_Expr
SAA2-SAA4,Gene_Expr
PIGY,Gene_Expr
ZFP91-CNTF,Gene_Expr
ZNF286A-TBC1D26,Gene_Expr
CHMP1B,Gene_Expr
EID3,Gene_Expr
MSH5-SAPCD1,Gene_Expr
HTD2,Gene_Expr
CARD17P,Gene_Expr
OR5M11,Gene_Expr
FXYD6-FXYD2,Gene_Expr
OR8G5,Gene_Expr
EID1,Gene_Expr
NOX5,Gene_Expr
CCDC179,Gene_Expr
TAS2R43,Gene_Expr
HCAR3,Gene_Expr
PCDHA3,Gene_Expr
EBLN2,Gene_Expr
NPIPB8,Gene_Expr
NEDD8-MDP1,Gene_Expr
POLR2M,Gene_Expr
LY6G6E,Gene_Expr
FDXACB1,Gene_Expr
RAB44,Gene_Expr
TRIL,Gene_Expr
OR6J1,Gene_Expr
KLRC4-KLRK1,Gene_Expr
TIFAB,Gene_Expr
TAS2R20,Gene_Expr
CYP2A6,Gene_Expr
CTSO,Gene_Expr
COA8,Gene_Expr
TRAPPC2B,Gene_Expr
DNAAF4,Gene_Expr
ZNF432,Gene_Expr
SMLR1,Gene_Expr
TAS2R30,Gene_Expr
ZNF10,Gene_Expr
ZNF486,Gene_Expr
SMIM3,Gene_Expr
HMBS,Gene_Expr
ZNF225,Gene_Expr
ASIC5,Gene_Expr
TAS2R31,Gene_Expr
DND1,Gene_Expr
SALL3,Gene_Expr
POLG2,Gene_Expr
SMIM10L1,Gene_Expr
OR13A1,Gene_Expr
CLEC12B,Gene_Expr
LIMS4,Gene_Expr
ZNF350,Gene_Expr
ZNF253,Gene_Expr
KLRF2,Gene_Expr
CAPNS2,Gene_Expr
SLC5A8,Gene_Expr
HP,Gene_Expr
SLCO1B3-SLCO1B7,Gene_Expr
DENND11,Gene_Expr
LSM14A,Gene_Expr
NHLRC4,Gene_Expr
CLLU1,Gene_Expr
TAS2R38,Gene_Expr
HOXA10-HOXA9,Gene_Expr
GATC,Gene_Expr
LINC01619,Gene_Expr
ZBED6,Gene_Expr
MGAM,Gene_Expr
FNTB,Gene_Expr
ZNF878,Gene_Expr
RPL36A-HNRNPH2,Gene_Expr
ZNF625,Gene_Expr
GALNT4,Gene_Expr
INAFM1,Gene_Expr
CNPY2,Gene_Expr
MGAM2,Gene_Expr
CUX1,Gene_Expr
TEN1,Gene_Expr
P2RX5-TAX1BP3,Gene_Expr
OR9A4,Gene_Expr
MAP1LC3B2,Gene_Expr
PRSS58,Gene_Expr
CLEC5A,Gene_Expr
CHURC1,Gene_Expr
BACC1,Gene_Expr
RTEL1,Gene_Expr
PPT2-EGFL8,Gene_Expr
ZNF578,Gene_Expr
PDF,Gene_Expr
SPESP1,Gene_Expr
SPECC1L-ADORA2A,Gene_Expr
TRIM6-TRIM34,Gene_Expr
BCL2L2-PABPN1,Gene_Expr
SYNJ2BP-COX16,Gene_Expr
TRIM34,Gene_Expr
RNASE4,Gene_Expr
MC1R,Gene_Expr
DUXA,Gene_Expr
CEP95,Gene_Expr
TUBB3,Gene_Expr
UBE2F-SCLY,Gene_Expr
TMEM179,Gene_Expr
TVP23C-CDRT4,Gene_Expr
FPGT-TNNI3K,Gene_Expr
BLOC1S5-TXNDC5,Gene_Expr
POC1B-GALNT4,Gene_Expr
NDUFC2-KCTD14,Gene_Expr
ERLN,Gene_Expr
ITGB3,Gene_Expr
SLC35G6,Gene_Expr
BUB1B-PAK6,Gene_Expr
ZHX1-C8orf76,Gene_Expr
ST20-MTHFS,Gene_Expr
GH1,Gene_Expr
TGIF2-RAB5IF,Gene_Expr
THTPA,Gene_Expr
MRPL46,Gene_Expr
BLID,Gene_Expr
SLC22A31,Gene_Expr
LYPD8,Gene_Expr
RBM15B,Gene_Expr
TGFBR3L,Gene_Expr
HOXB7,Gene_Expr
SPDYE6,Gene_Expr
CCDC187,Gene_Expr
FRRS1L,Gene_Expr
PMF1-BGLAP,Gene_Expr
ARMH2,Gene_Expr
MRC1,Gene_Expr
HSPB9,Gene_Expr
SCX,Gene_Expr
C16orf95,Gene_Expr
ANKRD20A1,Gene_Expr
XKR7,Gene_Expr
CCPG1,Gene_Expr
TMEM178B,Gene_Expr
EPPK1,Gene_Expr
ZNF865,Gene_Expr
BOP1,Gene_Expr
GOLGA8T,Gene_Expr
MUC22,Gene_Expr
PECAM1,Gene_Expr
TEN1-CDK3,Gene_Expr
TMEM249,Gene_Expr
GAN,Gene_Expr
PIERCE2,Gene_Expr
HPR,Gene_Expr
GOLGA8S,Gene_Expr
BOLA2-SMG1P6,Gene_Expr
TCF24,Gene_Expr
GOLGA8H,Gene_Expr
ISY1-RAB43,Gene_Expr
MIA,Gene_Expr
PCDHGA9,Gene_Expr
GFY,Gene_Expr
PCDHGB3,Gene_Expr
CORO7,Gene_Expr
MMP12,Gene_Expr
TMEM256-PLSCR3,Gene_Expr
CCER2,Gene_Expr
PCDHGA4,Gene_Expr
SPON1,Gene_Expr
OVCA2,Gene_Expr
MRPL12,Gene_Expr
C19orf84,Gene_Expr
CCNQ,Gene_Expr
GTF2I,Gene_Expr
ZNF234,Gene_Expr
MYZAP,Gene_Expr
SRSF8,Gene_Expr
FAM72C,Gene_Expr
IKBKE,Gene_Expr
MSMB,Gene_Expr
NBPF11,Gene_Expr
RHEX,Gene_Expr
ANXA8L1,Gene_Expr
NOTCH2NLA,Gene_Expr
DYNLL2,Gene_Expr
MYH4,Gene_Expr
OTUD7B,Gene_Expr
GJA5,Gene_Expr
ANXA8,Gene_Expr
RBP3,Gene_Expr
RBM8A,Gene_Expr
TIMM23,Gene_Expr
RNF115,Gene_Expr
CFAP298-TCP10L,Gene_Expr
RPL17,Gene_Expr
ZNF488,Gene_Expr
SEC22B,Gene_Expr
FSBP,Gene_Expr
EEF1E1-BLOC1S5,Gene_Expr
TXNIP,Gene_Expr
SRGAP2,Gene_Expr
BAHCC1,Gene_Expr
RASSF5,Gene_Expr
STRADA,Gene_Expr
KLF14,Gene_Expr
NBPF15,Gene_Expr
NCOA4,Gene_Expr
MRPS21,Gene_Expr
GDF10,Gene_Expr
MYO15B,Gene_Expr
TBC1D29P,Gene_Expr
FXYD1,Gene_Expr
AARSD1,Gene_Expr
ZNF850,Gene_Expr
PTGES3L,Gene_Expr
LCN6,Gene_Expr
ZNF8-ERVK3-1,Gene_Expr
ATF7-NPFF,Gene_Expr
UPK3BL1,Gene_Expr
ZNF285,Gene_Expr
S1PR2,Gene_Expr
FDX2,Gene_Expr
ZNF224,Gene_Expr
SMIM22,Gene_Expr
LIN37,Gene_Expr
NDUFA7,Gene_Expr
CCDC177,Gene_Expr
NBPF12,Gene_Expr
GABRQ,Gene_Expr
SLC6A14,Gene_Expr
SMIM17,Gene_Expr
ARL14EPL,Gene_Expr
FAM156A,Gene_Expr
CT45A1,Gene_Expr
ERVV-2,Gene_Expr
MIA-RAB4B,Gene_Expr
CALR3,Gene_Expr
ZNF728,Gene_Expr
CT45A3,Gene_Expr
TRABD2B,Gene_Expr
FBXO17,Gene_Expr
MAGIX,Gene_Expr
IKBKG,Gene_Expr
ZNF587B,Gene_Expr
SPIB,Gene_Expr
ERVV-1,Gene_Expr
TMEM185A,Gene_Expr
CT45A10,Gene_Expr
ZIM2,Gene_Expr
NBPF9,Gene_Expr
SLC25A53,Gene_Expr
EGLN2,Gene_Expr
ARHGAP19-SLIT1,Gene_Expr
COMMD3-BMI1,Gene_Expr
FMC1-LUC7L2,Gene_Expr
MEI4,Gene_Expr
ZNF559-ZNF177,Gene_Expr
TSNAX-DISC1,Gene_Expr
MICOS10-NBL1,Gene_Expr
NCBP2AS2,Gene_Expr
BIVM-ERCC5,Gene_Expr
H4C15,Gene_Expr
BORCS7-ASMT,Gene_Expr
HEATR9,Gene_Expr
URGCP-MRPS24,Gene_Expr
NBPF14,Gene_Expr
TAF15,Gene_Expr
HSPE1-MOB4,Gene_Expr
GAS2L2,Gene_Expr
RPS10-NUDT3,Gene_Expr
H4C14,Gene_Expr
RASL10B,Gene_Expr
TLCD4-RWDD3,Gene_Expr
UGT2A2,Gene_Expr
SRXN1,Gene_Expr
NBPF19,Gene_Expr
NBPF10,Gene_Expr
MMP28,Gene_Expr
CCL5,Gene_Expr
LIX1L,Gene_Expr
MILR1,Gene_Expr
MROH7-TTC4,Gene_Expr
ANKRD34A,Gene_Expr
GTF2H5,Gene_Expr
NUDT3,Gene_Expr
KMT2B,Gene_Expr
POM121C,Gene_Expr
CD24,Gene_Expr
FAM47E-STBD1,Gene_Expr
CFAP206,Gene_Expr
MUSTN1,Gene_Expr
ZNF595,Gene_Expr
DOC2B,Gene_Expr
PCDHB16,Gene_Expr
STAG3L5P-PVRIG2P-PILRB,Gene_Expr
DCP1A,Gene_Expr
RBAK-RBAKDN,Gene_Expr
ARL2-SNX15,Gene_Expr
C2orf15,Gene_Expr
GRIN2B,Gene_Expr
LYPD4,Gene_Expr
NBPF26,Gene_Expr
SNURF,Gene_Expr
ZBTB8B,Gene_Expr
C1QTNF3-AMACR,Gene_Expr
TM4SF19-DYNLT2B,Gene_Expr
H4C12,Gene_Expr
CWC25,Gene_Expr
EPOP,Gene_Expr
ZNHIT3,Gene_Expr
H2BC14,Gene_Expr
LHX1,Gene_Expr
CYFIP1,Gene_Expr
CEACAM20,Gene_Expr
H2BC8,Gene_Expr
USP27X,Gene_Expr
TAF9,Gene_Expr
NOL12,Gene_Expr
H3C8,Gene_Expr
INO80B-WBP1,Gene_Expr
CASTOR2,Gene_Expr
NATD1,Gene_Expr
ANTXRL,Gene_Expr
SOCS7,Gene_Expr
ADRA2B,Gene_Expr
H2BC6,Gene_Expr
ZNF658,Gene_Expr
TPTE,Gene_Expr
TBC1D3L,Gene_Expr
RCC1L,Gene_Expr
SEBOX,Gene_Expr
DGKK,Gene_Expr
RIMBP3B,Gene_Expr
H4C6,Gene_Expr
H2BC17,Gene_Expr
CCL23,Gene_Expr
KRTAP7-1,Gene_Expr
H3C6,Gene_Expr
NPHP3-ACAD11,Gene_Expr
MAFIP,Gene_Expr
H2AC12,Gene_Expr
ZNF280B,Gene_Expr
MLLT6,Gene_Expr
PPP4R3B,Gene_Expr
SYNRG,Gene_Expr
NUDT18,Gene_Expr
ZNF2,Gene_Expr
H4C13,Gene_Expr
CCL16,Gene_Expr
LENG9,Gene_Expr
H2AC15,Gene_Expr
CCL4,Gene_Expr
PRAG1,Gene_Expr
H3C11,Gene_Expr
CCL18,Gene_Expr
FCGBP,Gene_Expr
HNF1B,Gene_Expr
GRIFIN,Gene_Expr
XKR5,Gene_Expr
CCL15-CCL14,Gene_Expr
AATF,Gene_Expr
H2BC9,Gene_Expr
H3C1,Gene_Expr
RIMBP3,Gene_Expr
ARHGAP23,Gene_Expr
TUBGCP5,Gene_Expr
PRSS2,Gene_Expr
DUSP14,Gene_Expr
UHRF1,Gene_Expr
ORAI1,Gene_Expr
CCL4L2,Gene_Expr
CCL3L3,Gene_Expr
H4C9,Gene_Expr
ANKRD20A3P,Gene_Expr
PIK3R6,Gene_Expr
TADA2A,Gene_Expr
PIP4K2B,Gene_Expr
H2AC14,Gene_Expr
CCL14,Gene_Expr
H2BC3,Gene_Expr
PCDHGB5,Gene_Expr
RAB7B,Gene_Expr
DACH1,Gene_Expr
PADI6,Gene_Expr
H2AC16,Gene_Expr
H4C5,Gene_Expr
H2AC8,Gene_Expr
TYW1B,Gene_Expr
F8A3,Gene_Expr
H4C4,Gene_Expr
PIGW,Gene_Expr
H2BC7,Gene_Expr
PCGF2,Gene_Expr
GOLGA6L6,Gene_Expr
SRCIN1,Gene_Expr
GPR179,Gene_Expr
MARCKS,Gene_Expr
ZNF670,Gene_Expr
PKD1L3,Gene_Expr
OR13C5,Gene_Expr
NEFL,Gene_Expr
CCL3,Gene_Expr
SYT15B,Gene_Expr
H3C7,Gene_Expr
PSMB3,Gene_Expr
GOLGA6L22,Gene_Expr
SRD5A2,Gene_Expr
OR52E5,Gene_Expr
SENP3-EIF4A1,Gene_Expr
CISD3,Gene_Expr
RDM1,Gene_Expr
DDX52,Gene_Expr
ZNF8,Gene_Expr
P3R3URF-PIK3R3,Gene_Expr
SSTR3,Gene_Expr
PRICKLE4,Gene_Expr
MYO19,Gene_Expr
TBC1D3C,Gene_Expr
GGNBP2,Gene_Expr
ZNF229,Gene_Expr
H2AC4,Gene_Expr
C17orf78,Gene_Expr
POTEB3,Gene_Expr
DHRS11,Gene_Expr
ACACA,Gene_Expr
TMEM191B,Gene_Expr
NR2E3,Gene_Expr
H2BC10,Gene_Expr
C11orf98,Gene_Expr
MRM1,Gene_Expr
H4C1,Gene_Expr
GOLGA6L10,Gene_Expr
H2AC17,Gene_Expr
IQCA1L,Gene_Expr
H4C2,Gene_Expr
H3C10,Gene_Expr
MRPL45,Gene_Expr
AGAP14P,Gene_Expr
LINC02961,Gene_Expr
WASH9P,Gene_Expr
DDX11L17,Gene_Expr
CCDC28A-AS1,Gene_Expr
TBC1D22A-AS1,Gene_Expr
PCDH20,Gene_Expr
CCDC163,Gene_Expr
PAGR1,Gene_Expr
RPS4Y2,Gene_Expr
GIMAP1-GIMAP5,Gene_Expr
TMEM265,Gene_Expr
CYP3A7-CYP3A51P,Gene_Expr
ADORA3,Gene_Expr
TEX13C,Gene_Expr
[HM] Hypoxia,Pathway
[HM] Mitotic spindle,Pathway
[HM] Wnt beta catenin signaling,Pathway
[HM] TGF beta signaling,Pathway
[HM] DNA repair,Pathway
[HM] G2M checkpoint,Pathway
[HM] Apoptosis,Pathway
[HM] Notch signaling,Pathway
[HM] Hedgehog signaling,Pathway
[HM] PI3K Akt mTOR signaling,Pathway
[HM] mTORC1 signaling,Pathway
[HM] E2F targets,Pathway
[HM] Epithelial mesenchymal transition,Pathway
[HM] Oxidative phosphorylation,Pathway
[HM] Glycolysis,Pathway
[HM] Reactive oxigen species pathway,Pathway
[HM] p53 pathway,Pathway
[HM] UV response up,Pathway
[HM] UV response down,Pathway
[HM] Angiogenesis,Pathway
[HM] KRAS signaling up,Pathway
[HM] KRAS signaling down,Pathway
[HM] Myc targets,Pathway
[HM] Estrogen response,Pathway
[IPA] ERK MAPK Signaling,Pathway
[IPA] HMGB1 Signaling,Pathway
[IPA] ErbB Signaling,Pathway
[IPA] PTEN Signaling,Pathway
[IPA] PI3K AKT Signaling,Pathway
[IPA] HER 2 Signaling in Breast Cancer,Pathway
[IPA] mTOR Signaling,Pathway
[IPA] AMPK Signaling,Pathway
[IPA] p38 MAPK Signaling,Pathway
[IPA] Myc Mediated Apoptosis Signaling,Pathway
[IPA] EGF Signaling,Pathway
[IPA] VEGF Signaling,Pathway
[IPA] Estrogen Dependent Breast Cancer Signaling,Pathway
[IPA] TNFR1 Signaling,Pathway
[IPA] ErbB2 ErbB3 Signaling,Pathway
[IPA] UVC Induced MAPK Signaling,Pathway
[IPA] UVA Induced MAPK Signaling,Pathway
[IPA] UVB Induced MAPK Signaling,Pathway
[IPA] ERK5 Signaling,Pathway
[IPA] Mismatch Repair in Eukaryotes,Pathway
[IPA] Telomere Extension by Telomerase,Pathway
[TBI] Barrier genes,Pathway
[TBI] MAPK up genes,Pathway
[TBI] Phopholipase,Pathway
[LM] Proliferation,Pathway
[TPW] PI3Kgamma Signature,Pathway
[TPW] NOS1 Signature,Pathway
[TPW] SHC1/pSTAT3 Signature,Pathway
[TPW] Hypoxia/Adenosine Immune Cell Suppression,Pathway
[TPW] Immunogenic Cell Death (ICD),Pathway
HSC-like,CellType
Progenitor-like,CellType
GMP-like,CellType
Promono-like,CellType
Monocyte-like,CellType
cDC-like,CellType
M0,Module
M1,Module
M11,Module
M12,Module
M14,Module
M16,Module
M21,Module
M23,Module
M3,Module
M4,Module
M6,Module
M7,Module
M8,Module
M9,Module
MUT_NPM1,Mutated_Gene
MUT_DNMT3A,Mutated_Gene
MUT_IDH2,Mutated_Gene
MUT_MAML2,Mutated_Gene
MUT_FLT3,Mutated_Gene
MUT_AR,Mutated_Gene
MUT_NRAS,Mutated_Gene
MUT_WT1,Mutated_Gene
MUT_ASXL1,Mutated_Gene
MUT_RUNX1,Mutated_Gene
MUT_TET2,Mutated_Gene
MUT_BCOR,Mutated_Gene
MUT_IDH1,Mutated_Gene
MUT_ZFHX3,Mutated_Gene
MUT_PTPN11,Mutated_Gene
MUT_STAG2,Mutated_Gene
MUT_KRAS,Mutated_Gene
MUT_MN1,Mutated_Gene
MUT_SRSF2,Mutated_Gene
MUT_ATRX,Mutated_Gene
MUT_CBL,Mutated_Gene
MUT_CEBPA,Mutated_Gene
MUT_FAT4,Mutated_Gene
MUT_NF1,Mutated_Gene
MUT_NR4A3,Mutated_Gene
MUT_TP53,Mutated_Gene
MUT_BRAF,Mutated_Gene
MUT_CEP89,Mutated_Gene
MUT_KAT6B,Mutated_Gene
MUT_LRP1B,Mutated_Gene
MUT_MLLT3,Mutated_Gene
MUT_NCOR2,Mutated_Gene
MUT_CHGA,Mutated_Gene
MUT_ETV6,Mutated_Gene
MUT_GATA2,Mutated_Gene
MUT_GRIN2A,Mutated_Gene
MUT_JAK2,Mutated_Gene
MUT_NCOR1,Mutated_Gene
MUT_PHF6,Mutated_Gene
MUT_USP8,Mutated_Gene
MUT_BCL11B,Mutated_Gene
MUT_BCORL1,Mutated_Gene
MUT_HSP90AB1,Mutated_Gene
MUT_MED12,Mutated_Gene
MUT_MLLT4,Mutated_Gene
MUT_NUP98,Mutated_Gene
MUT_SETBP1,Mutated_Gene
MUT_SMC3,Mutated_Gene
MUT_WRN,Mutated_Gene
MUT_WWTR1,Mutated_Gene
MUT_ARID1B,Mutated_Gene
MUT_CLTC,Mutated_Gene
MUT_EZH2,Mutated_Gene
MUT_KDM6A,Mutated_Gene
MUT_MTOR,Mutated_Gene
MUT_RBM10,Mutated_Gene
MUT_STIL,Mutated_Gene
