1	sample_id
2	AKT3
3	MED6
4	NR2E3
5	NAALAD2
6	CDKN2B-AS1
7	LOC100049716
8	NAALADL1
9	ACOT8
10	ABI1
11	GNPDA1
12	KCNE3
13	SNHG8
14	ZBTB33
15	CDH2
16	ZSCAN30
17	TANK
18	TMEM170B
19	SRA1
20	HOTAIR
21	ZGLP1
22	LOC100126784
23	LOC100127983
24	LOC100128071
25	LOC100128098
26	LOC100128139
27	TMPO-AS1
28	LOC100128288
29	LOC100128361
30	C20orf78
31	LOC100128511
32	SLC8A1-AS1
33	OST4
34	LOC100128751
35	LINC00476
36	LOC100128822
37	LOC100128881
38	LOC100128909
39	ZBTB42
40	MAPT-AS1
41	C20orf181
42	LOC100129034
43	LOC100129098
44	LOC100129104
45	KHDC1L
46	LOC100129195
47	LOC100129250
48	C1orf68
49	GABPB1-AS1
50	ZNF37BP
51	LINC00462
52	LOC100129617
53	ARRDC3-AS1
54	LOC100129726
55	CCDC152
56	LOC100129794
57	MRVI1-AS1
58	PCOLCE-AS1
59	LOC100129858
60	LOC100130100
61	LOC100130219
62	LOC100130428
63	PP14571
64	LOC100130452
65	LOC100130458
66	LOC100130502
67	LOC100130503
68	LOC100130548
69	LOC100130557
70	CXorf64
71	LOC100130700
72	LRRC70
73	LOC100130776
74	LOC100130938
75	SYCE1L
76	C6orf99
77	LOC100131138
78	TSTD1
79	TMEM194B
80	ZNF503-AS2
81	LOC100131347
82	LINC00605
83	FKSG29
84	LOC100131564
85	USP30-AS1
86	PET100
87	UBE2DNL
88	ZNF717
89	RRN3P3
90	LINC00543
91	KIAA0664L3
92	LOC100132356
93	KRTAP4-9
94	XGPY2
95	ZRANB2-AS1
96	LOC100132707
97	DPH3P1
98	HOXA-AS3
99	HDAC6
100	HDAC5
101	PDCD6IP
102	PDCD6
103	BCL2L10
104	BCL2L11
105	SH2B3
106	CDH3
107	GNE
108	HCN4
109	INSL5
110	FRAT1
111	TROAP
112	MED16
113	PIGK
114	CDH4
115	CHAF1A
116	PARP2
117	PARP3
118	CDH5
119	TOM1L1
120	HMGXB4
121	TOM1
122	SH2D3C
123	SH2D3A
124	MAMLD1
125	CST8
126	RANBP9
127	DNAJB6
128	CDH6
129	SLC17A4
130	SMC4
131	GJC1
132	AP1M2
133	UBA2
134	SAE1
135	FARSB
136	ABCC5
137	ABCB6
138	DNM1L
139	CDH7
140	ABCC9
141	ABCF2
142	NR1H3
143	SCAMP2
144	SCAMP3
145	IL18BP
146	RWDD2B
147	CDH8
148	MUC12
149	DPP3
150	SNUPN
151	HUWE1
152	PTPRU
153	TSPAN32
154	TSSC4
155	ATP9A
156	CDH9
157	PDCD7
158	GPC6
159	USH1C
160	PQBP1
161	EDIL3
162	HHLA1
163	COL4A3BP
164	KCNK7
165	CDH10
166	UST
167	ARPC5
168	ARPC4
169	ARPC1B
170	ACTR3
171	ACTR2
172	TSPAN5
173	TSPAN3
174	CDH11
175	ADA
176	TSPAN2
177	NUBP2
178	TSFM
179	TSPAN1
180	PPIF
181	CTDSP2
182	TRIM10
183	ARPC2
184	CDH12
185	SGK2
186	RAD50
187	KIF20A
188	PREB
189	HIPK3
190	FEM1B
191	ENAM
192	ACTR1B
193	ACTR1A
194	ARL4C
195	RASGRP1
196	DNAL4
197	ZNF263
198	LRPPRC
199	FRY
200	CDH13
201	PDIA6
202	TRAP1
203	OPTN
204	BCAP31
205	NAMPT
206	CELA3A
207	RBM12
208	YAF2
209	ARFRP1
210	CDH15
211	TOB1
212	C4orf6
213	AKAP9
214	CLEC3A
215	FAM13A
216	G3BP1
217	SUGP2
218	EBI3
219	GPR64
220	CDH16
221	MBNL2
222	HNRNPA3P1
223	ABI2
224	CEBPZ
225	PLXNC1
226	TRIM28
227	AASS
228	PDZK1IP1
229	ATP6AP2
230	CDH17
231	FARP1
232	LPAR6
233	LPCAT3
234	WASF2
235	CHST4
236	SLC25A13
237	SLC25A15
238	ZNF197
239	SERF2
240	CDH18
241	DHRS9
242	RCL1
243	ZNF256
244	SORBS3
245	CNIH
246	ODZ1
247	RBM7
248	CDK2
249	RBM6
250	RBM5
251	LHFPL2
252	LHFP
253	TNK2
254	ALYREF
255	TXNDC9
256	RNF41
257	TSHZ1
258	ALG3
259	PRMT3
260	PSME3
261	MPHOSPH9
262	MPHOSPH10
263	CDK4
264	ADAM8
265	MPHOSPH6
266	NME6
267	DHRS2
268	CALCRL
269	MPZL2
270	TRIM13
271	INADL
272	USPL1
273	EIF1
274	CDK5
275	TOPORS
276	FLOT1
277	DDX39A
278	PSMD14
279	SSX3
280	OLIG2
281	PRG4
282	CTDSPL
283	ANGPTL7
284	KLRG1
285	CDK6
286	GDF11
287	TRIB1
288	GPA33
289	CD96
290	PLIN3
291	MFSD10
292	STX6
293	COQ7
294	CDK7
295	NBR2
296	RCAN2
297	MSLN
298	LRRC23
299	LRRC17
300	RASGRP2
301	HNRNPR
302	SLC35B1
303	DCAF7
304	MRPS31
305	CALCOCO2
306	KCNMB2
307	GPHN
308	RABEPK
309	TIMM17B
310	SLC17A2
311	HRSP12
312	POP7
313	GLYAT
314	CDK8
315	SRRM1
316	SPRY1
317	SPRY2
318	STAM2
319	HCG9
320	CNKSR1
321	ABCC4
322	CDK9
323	DENND4A
324	IGSF6
325	SF3B4
326	CDK2AP2
327	IRX5
328	RAMP2
329	RAMP1
330	RAMP3
331	ZMPSTE24
332	CDKN1A
333	AKAP8
334	FSTL3
335	STUB1
336	STAG1
337	NET1
338	UBE4B
339	EFS
340	PRSS16
341	CDKN1B
342	SIGMAR1
343	DSCR4
344	BET1
345	CWC27
346	SAP18
347	SMNDC1
348	BCAS2
349	RGS19
350	LILRB2
351	EIF1B
352	CDKN1C
353	SPEG
354	SF3A1
355	TRAIP
356	DNAJA2
357	BCKDK
358	MAEA
359	APC2
360	PAK4
361	MARCH6
362	CDKN2A
363	ADAM10
364	KATNB1
365	DLEU1
366	SNAPC5
367	APBB3
368	ZNF267
369	CCNO
370	CDKN2B
371	DSCR3
372	TCIRG1
373	RTN3
374	LANCL1
375	NMUR1
376	B3GALT5
377	TNIP1
378	LAMC3
379	CDKN2C
380	IKZF1
381	CRISP3
382	SMYD5
383	KBTBD10
384	RRAGB
385	SIRPB1
386	AKR1A1
387	EMC8
388	TMEM5
389	CDKN2D
390	CNPY2
391	B3GNT3
392	CLEC4M
393	TLR6
394	MRVI1
395	PCGF3
396	CDKN3
397	TFG
398	PKDREJ
399	CCL26
400	TRDN
401	TRIM22
402	ABCA7
403	ABCA9
404	ABCA8
405	WARS2
406	NPM3
407	NPM2
408	HMG20B
409	HMG20A
410	KLF2
411	MICU1
412	CACNG3
413	CACNG2
414	CDO1
415	CITED2
416	SEMA3A
417	TUBA1B
418	IRF9
419	BPNT1
420	TUBB3
421	TUBB4A
422	TUBB4B
423	BTN3A3
424	BTN2A2
425	SYCP2
426	SCML2
427	CDR1
428	CEPT1
429	MYL12B
430	CORO2B
431	NOD1
432	ANAPC10
433	PRG3
434	DLC1
435	ATP8A1
436	NDRG1
437	MYL9
438	GNB2L1
439	CDR2
440	ADAR
441	PEMT
442	PIAS3
443	ST3GAL6
444	NDC80
445	CPQ
446	WFDC2
447	SPAG11B
448	BASP1
449	CDS1
450	RAPGEF3
451	YAP1
452	SPON2
453	SPON1
454	PRMT5
455	CDSN
456	TESK2
457	CD2BP2
458	UBAC1
459	CDIPT
460	PGRMC2
461	ARIH2
462	TUBGCP3
463	SEC24B
464	CFDP1
465	TMEM147
466	RBM14
467	LYPLA1
468	CDC42EP2
469	EMG1
470	IFI30
471	C1D
472	OLFM1
473	CD52
474	TIMM17A
475	N4BP2L2
476	ZER1
477	MCRS1
478	LRRN2
479	ACAA2
480	CDX1
481	PPIE
482	VAV3
483	TAB1
484	ECI2
485	HAX1
486	GPNMB
487	BAIAP2
488	MAD2L2
489	CDX2
490	TACC3
491	MERTK
492	CLEC10A
493	SLC30A9
494	PIBF1
495	PPIH
496	COG5
497	ZNHIT1
498	FST
499	TIMM44
500	CDX4
501	PFDN6
502	ZNF238
503	HMGN4
504	TADA3
505	TRIM38
506	SLC25A17
507	SLC9A6
508	CLGN
509	EIF3M
510	HOXB13
511	NXF1
512	SEC23B
513	SEC23A
514	C1orf61
515	CAP2
516	CAP1
517	CREB3
518	LRRC41
519	CEACAM5
520	VTI1B
521	CRTAP
522	SYNCRIP
523	VAT1
524	STK25
525	ENOX2
526	UNC13B
527	CARM1
528	NCOA2
529	ADARB1
530	SEMA6C
531	SEMA6B
532	SEMA4F
533	SEMA4D
534	SEMA4B
535	CEBPA
536	SEMA3C
537	APPBP2
538	MYBBP1A
539	FBLN5
540	CIB2
541	CIB1
542	CEBPB
543	ZNF211
544	DDX17
545	DEAF1
546	CHERP
547	KAT5
548	HYOU1
549	IPO8
550	NOP56
551	NEBL
552	CEBPD
553	PITRM1
554	ATG7
555	SSSCA1
556	RNASEH2A
557	LEPREL2
558	UBD
559	BATF
560	GLRX3
561	CEBPE
562	DCTN2
563	ANP32B
564	HBXIP
565	PROCR
566	TM9SF1
567	PRDX4
568	CEBPG
569	ARL6IP5
570	AGR2
571	ARPC1A
572	HTATIP2
573	AGPAT1
574	AGPAT2
575	RPP30
576	RPP38
577	SPTLC1
578	SLC35A1
579	SLC19A2
580	IFI44
581	OLFM4
582	CXCL13
583	ARFGEF2
584	ARFGEF1
585	AKAP3
586	RABAC1
587	SLC34A2
588	SLU7
589	CEL
590	DPYSL4
591	SIVA1
592	MRPL28
593	CCT7
594	CCT4
595	CCT2
596	NPC2
597	GNLY
598	TACC2
599	SORBS1
600	IFITM2
601	COLEC10
602	POMT1
603	MAB21L2
604	TXNRD2
605	DRAP1
606	CENPA
607	SCGN
608	C6orf108
609	SMC2
610	PRPF8
611	ERN2
612	AHSA1
613	SLCO1B1
614	CENPB
615	ADARB2
616	USP16
617	CDC42EP3
618	SH2B2
619	PAICS
620	TBL3
621	MXD4
622	LEPREL4
623	CENPC1
624	ST6GALNAC2
625	PDLIM5
626	TRIM3
627	ERLIN1
628	HEXIM1
629	SPAG5
630	RBCK1
631	STAMBP
632	TGOLN2
633	POLR3F
634	POLR3G
635	POLR3C
636	IVNS1ABP
637	MYL12A
638	TXNIP
639	TAF6L
640	CENPE
641	PDPN
642	POSTN
643	ATP5L
644	RASL10A
645	GAS2L1
646	RAD51AP1
647	RGS14
648	LEFTY1
649	SPHAR
650	CENPF
651	EXOC5
652	NPRL2
653	IGF2BP1
654	IGF2BP3
655	IGF2BP2
656	CAMKK2
657	SCGB1D2
658	SCGB1D1
659	SLMO1
660	MTX2
661	YKT6
662	SPINT2
663	PMVK
664	DMRT2
665	KHDRBS3
666	KHDRBS1
667	CELF1
668	CELF2
669	LBX1
670	KLF1
671	CXCR6
672	CTCF
673	C6orf10
674	CD226
675	FARS2
676	CGRRF1
677	CGREF1
678	RRAGA
679	DCTN6
680	GNA13
681	TNFSF13B
682	CSPG5
683	AVIL
684	B3GNT2
685	GNB5
686	EBP
687	DLL3
688	CLDN16
689	PNMA2
690	CETN1
691	FUT9
692	GMEB1
693	RRH
694	CCT6B
695	CCT8
696	CNPY3
697	CORIN
698	CETN2
699	CETN3
700	FAM189B
701	USP39
702	POLD3
703	CERS1
704	TBR1
705	AP4B1
706	CETP
707	POLQ
708	SLC12A7
709	MGEA5
710	NFAT5
711	NUDC
712	PTGES3
713	CFL1
714	YME1L1
715	TCFL5
716	PLK4
717	STAG3
718	STAG2
719	SIX2
720	RFPL3-AS1
721	RFPL3
722	RFPL2
723	CFL2
724	RFPL1-AS1
725	RBBP9
726	RAI2
727	RAI1
728	PTTG2
729	PHTF1
730	MAP3K2
731	MASP2
732	KLRAP1
733	KIF1C
734	GRAP
735	CHL1
736	CAPN9
737	GIPC1
738	TRAF3IP2
739	CTSC
740	PLAC1
741	NUP50
742	NES
743	KDM5B
744	TOB2
745	HBS1L
746	AHCYL1
747	PLK2
748	ZMYND11
749	SRSF10
750	ZBTB6
751	POP4
752	ARPP19
753	ARPP21
754	ZNF271
755	ZNF266
756	ZNF274
757	NEK6
758	WDR4
759	SLC17A3
760	NCKAP1
761	IQGAP2
762	VAMP5
763	ZNF273
764	ZNF460
765	MTHFD2
766	OR5I1
767	RPP40
768	ADCY1
769	CYSLTR1
770	SEPT9
771	SEC24A
772	CCR9
773	GJB6
774	SDCCAG8
775	SDCCAG3
776	HSPH1
777	STARD10
778	CFTR
779	WASF3
780	NOXA1
781	UTP14A
782	CPLX2
783	CPLX1
784	FRS3
785	FRS2
786	CGA
787	NEU3
788	C5orf4
789	FAM114A2
790	ZNF275
791	ALDH1L1
792	FTCD
793	PPP1R17
794	TUBGCP2
795	CLPX
796	PDE10A
797	SRCAP
798	PPP1R13L
799	CD3EAP
800	CEACAM3
801	CCL27
802	HPSE
803	RUVBL2
804	PGRMC1
805	CYP46A1
806	LILRB1
807	SLC26A1
808	ADAM28
809	SLC22A7
810	ARID5A
811	HCP5
812	TSPAN9
813	USP20
814	USP19
815	HCST
816	CD300C
817	ME3
818	NMU
819	FGL2
820	EDDM3A
821	SMR3B
822	CEACAM7
823	ACTL7B
824	ACTL7A
825	C1QL1
826	MRPS30
827	WDR3
828	NPFFR2
829	GPR83
830	CEACAM8
831	RAB10
832	PPARGC1A
833	MALT1
834	MMP24
835	LYVE1
836	OCLM
837	YIF1A
838	CPSF4
839	JTB
840	CEACAM4
841	ADCY2
842	RUNDC3A
843	BRD8
844	MTMR11
845	BLCAP
846	MAN1A2
847	TRAFD1
848	TXNL4A
849	PNPLA6
850	SUGT1
851	UTS2
852	GADD45G
853	EDAR
854	PAPOLA
855	TCERG1
856	MAGED2
857	BTNL3
858	EHMT2
859	COPS8
860	RNPS1
861	FASTK
862	SUB1
863	SMPDL3A
864	DBF4
865	SPIN1
866	RALBP1
867	SRSF8
868	APOBEC2
869	MORF4L1
870	PRDX3
871	GPR75
872	EHD1
873	AFG3L2
874	PRSS21
875	MSL3
876	C11orf58
877	KDELR1
878	SF3A3
879	AP3M2
880	STARD3
881	HNRNPA0
882	BTG3
883	SEC61B
884	TOMM34
885	PDIA5
886	SERINC3
887	OS9
888	PNRC1
889	TMED2
890	LMAN2
891	ERP29
892	MLLT11
893	STIP1
894	IFI44L
895	RAB40B
896	EBNA1BP2
897	CKAP4
898	TMED10
899	ASCC3
900	C10orf116
901	UQCR11
902	CLP1
903	FERMT2
904	COPS6
905	RAB32
906	MAPRE2
907	CCNI
908	GCN1L1
909	COPS5
910	METAP2
911	IMMT
912	LILRB5
913	SLC38A3
914	SF3B2
915	SDS
916	ILVBL
917	SLC27A5
918	SLC27A4
919	ADCY3
920	NAT2
921	SLC27A3
922	SLC27A2
923	KIF2C
924	SPINK5
925	LILRB4
926	CCDC85B
927	IL24
928	GLIPR1
929	TLK2
930	KLK11
931	TMSB15A
932	KDELR2
933	KDELR3
934	ATF7
935	SNRNP27
936	TMED1
937	LIAS
938	CHAD
939	IFT27
940	RAB35
941	TDRKH
942	LILRA1
943	LILRB3
944	LILRA3
945	LILRA2
946	RCBTB2
947	RBPMS
948	RAB31
949	ADAP1
950	DSTN
951	RIPK3
952	STON1
953	CHAT
954	PIM2
955	B3GNT1
956	MID2
957	PAPD7
958	UPK1A
959	SLC35D2
960	ADRM1
961	NUDT21
962	CPSF6
963	OGFR
964	ZPBP
965	DDX52
966	ABHD2
967	WWP1
968	CHD1
969	WWP2
970	LECT1
971	DUS4L
972	SOX30
973	CNTRL
974	UBE2C
975	SNRNP35
976	C10orf10
977	CYB561D2
978	RAPGEF4
979	CHD2
980	TMEM115
981	DUSP14
982	TOPBP1
983	TRIM31
984	STMN2
985	TPPP
986	HSF2BP
987	TRIOBP
988	RER1
989	CHD3
990	DNAJB4
991	KERA
992	ESM1
993	DIDO1
994	ADAM30
995	ADAM29
996	CHD4
997	WDR5
998	C9orf9
999	ADAMTS13
1000	CACFD1
1001	ADAMTS8
1002	ADAMTS5
1003	NUPL2
1004	PRSS23
1005	PTPN21
1006	AKR1C4
1007	HNRNPUL1
1008	ATE1
1009	RPP14
1010	KRR1
1011	KATNA1
1012	PRDM7
1013	PRDM5
1014	PRDM4
1015	HIBADH
1016	CIT
1017	FGFR1OP
1018	EMILIN1
1019	BTN3A2
1020	BTN3A1
1021	CHEK1
1022	BTN2A1
1023	PTPRT
1024	RCAN3
1025	FAF1
1026	CD160
1027	KIF3A
1028	POLR3A
1029	CLASRP
1030	FOXN3
1031	ZWINT
1032	CAPN11
1033	CAPN10
1034	KPTN
1035	CDC42EP1
1036	SLC7A9
1037	PWP1
1038	TBC1D8
1039	CHGA
1040	CDC37
1041	IL1RAPL1
1042	PKIG
1043	DMC1
1044	PLA2G16
1045	GLMN
1046	HHLA3
1047	HHLA2
1048	BVES
1049	CHGB
1050	CORO1A
1051	WDR45
1052	FICD
1053	AP4S1
1054	LDB3
1055	PTP4A3
1056	LSM6
1057	ERLIN2
1058	C14orf1
1059	NUDT6
1060	NUDT4
1061	NUDT5
1062	SOX21
1063	FSTL1
1064	PSIP1
1065	WDHD1
1066	CHI3L1
1067	FAM107A
1068	STRAP
1069	INSL6
1070	ADAMTS6
1071	BAZ2A
1072	BAZ1A
1073	LZTS1
1074	ZNF277
1075	CHI3L2
1076	WDR6
1077	TREH
1078	SLC2A6
1079	MAP4K5
1080	MAP4K1
1081	INMT
1082	RASSF1
1083	PKP3
1084	NISCH
1085	CELF3
1086	CHIT1
1087	CEP250
1088	WBP4
1089	ABCB8
1090	SEC23IP
1091	WIF1
1092	SUPT16H
1093	ANXA10
1094	CHKA
1095	POLI
1096	KLK8
1097	FZD10
1098	PROSC
1099	IRAK3
1100	AKAP13
1101	AKAP11
1102	AKAP10
1103	DDX20
1104	TREX2
1105	CHM
1106	DUSP10
1107	MRPL3
1108	GALNT6
1109	GALNT5
1110	RASSF8
1111	CHML
1112	PRAF2
1113	SEC63
1114	POLG2
1115	HPS5
1116	PDCD10
1117	RNF139
1118	RNF24
1119	CA5B
1120	EGLN3
1121	CHN1
1122	PADI2
1123	PMF1
1124	ZHX1
1125	GPR176
1126	PRKCDBP
1127	PRRT2
1128	ERI2
1129	NXPH4
1130	SAT2
1131	C14orf126
1132	NXPH3
1133	NXPH2
1134	CHN2
1135	GPR45
1136	PTGDR2
1137	PACSIN2
1138	MAN1B1
1139	SLC6A14
1140	HRH3
1141	SNX18
1142	DCTN3
1143	FILIP1L
1144	MRAP2
1145	XPOT
1146	RWDD2A
1147	CMTM7
1148	CHP1
1149	SP140
1150	PXMP4
1151	DUSP12
1152	SNF8
1153	FAM71E1
1154	NRM
1155	RDH13
1156	ATXN2L
1157	IL17F
1158	IFT43
1159	KLHL2
1160	SYNRG
1161	C1orf85
1162	TREX1
1163	KLF12
1164	KLF8
1165	KRT71
1166	SCN11A
1167	FDX1L
1168	HOGA1
1169	POU6F2
1170	MGAT4B
1171	CYP4F8
1172	WDR89
1173	L3HYPDH
1174	PNKP
1175	TP53RK
1176	B4GALT7
1177	CCDC101
1178	PHF21B
1179	CHRM1
1180	VPS26B
1181	GLB1L3
1182	NACC1
1183	CCDC104
1184	MED8
1185	KTI12
1186	CHRM2
1187	ADCY6
1188	RPUSD1
1189	PLCD3
1190	PTH2
1191	SLCO2B1
1192	LYST
1193	FAM54A
1194	VPS45
1195	CDCA5
1196	LYPLA2
1197	AHNAK2
1198	CD300A
1199	PARK7
1200	COPE
1201	SAAL1
1202	IZUMO4
1203	SCAMP4
1204	ADAT3
1205	RBPJL
1206	CHST14
1207	GPR182
1208	ECD
1209	CHRM3
1210	CASC4
1211	MGAT4A
1212	GPN1
1213	KIF12
1214	TMC6
1215	LOC113230
1216	SLC46A1
1217	C12orf57
1218	LARP4
1219	DDX42
1220	GLCCI1
1221	VSIG4
1222	TMEM106A
1223	SLC52A3
1224	STK38
1225	CHRM4
1226	CTRC
1227	PHB2
1228	ACOT7
1229	PDAP1
1230	TUSC2
1231	CBX3
1232	EXOC3
1233	GABARAP
1234	U2AF2
1235	OIP5
1236	CHRM5
1237	SFT2D1
1238	EXOSC8
1239	TEX261
1240	SCRG1
1241	RNF13
1242	MGLL
1243	C1orf212
1244	TWF2
1245	ADC
1246	TMEM54
1247	GABARAPL2
1248	CHRNA1
1249	HELQ
1250	CMTM1
1251	CHRNA2
1252	CYP2U1
1253	ADPRHL1
1254	MFSD3
1255	SDSL
1256	TUBA3FP
1257	CHRNA3
1258	KLHDC7B
1259	ODF3
1260	C7orf29
1261	PIK3IP1
1262	CHRNA4
1263	HENMT1
1264	FAM83F
1265	SLC35A4
1266	ZNF257
1267	DTX2
1268	CHRNA5
1269	ADCY7
1270	ZIM3
1271	TOE1
1272	LINC00313
1273	C21orf88
1274	C21orf90
1275	MCM3AP-AS1
1276	WBSCR22
1277	TRIM9
1278	CHRNB1
1279	TXNRD3
1280	UCN3
1281	SIGLEC11
1282	SLC2A13
1283	CHRNB2
1284	LACTB
1285	PALM2
1286	CHRNB3
1287	EFHC1
1288	CHRNB4
1289	CHRND
1290	NLRP3
1291	MAL2
1292	SLC22A9
1293	CHRNE
1294	TIRAP
1295	ERMAP
1296	LRRC37B
1297	CHRNG
1298	CYGB
1299	CARD16
1300	PGLYRP2
1301	PGLYRP3
1302	PKD1L2
1303	BTBD9
1304	LMTK3
1305	CSMD2
1306	MBD6
1307	XKR4
1308	GPRIN1
1309	CSMD3
1310	SLC25A25
1311	STK11IP
1312	TUBGCP5
1313	KLHL32
1314	FMNL2
1315	ELFN2
1316	TMEM132B
1317	KIAA1908
1318	SLITRK1
1319	ESCO1
1320	CHUK
1321	CCDC85A
1322	TMEM200A
1323	GALNT13
1324	SORCS1
1325	KLHL29
1326	CROCCP3
1327	SCAND3
1328	RHPN1
1329	LENG8
1330	PWWP2A
1331	SMYD4
1332	FHAD1
1333	SLAMF6
1334	OSBPL1A
1335	OSBPL5
1336	OSBPL6
1337	OSBPL7
1338	OSBPL8
1339	OSBPL9
1340	OSBPL10
1341	OSBPL11
1342	C1QTNF1
1343	C1QTNF2
1344	C1QTNF3
1345	C1QTNF4
1346	C1QTNF6
1347	C1QTNF7
1348	FBXO32
1349	TMEM123
1350	EPB41L4A-AS1
1351	C8orf40
1352	MRFAP1L1
1353	TSGA13
1354	PTPMT1
1355	FLYWCH2
1356	WDR31
1357	VASN
1358	ZNF618
1359	CIDEA
1360	ADCY8
1361	MB21D1
1362	SLC26A9
1363	NT5C3L
1364	CCDC124
1365	HAUS1
1366	SLC26A7
1367	MARCH3
1368	ZNF554
1369	ATG4A
1370	KCTD12
1371	OMA1
1372	DDIT4L
1373	RAB42
1374	SLC25A26
1375	FBXO17
1376	PCMTD1
1377	CKB
1378	GPR146
1379	FCRL1
1380	FCRL3
1381	LRRC42
1382	GBP4
1383	GBP5
1384	LRRC56
1385	CIRBP
1386	MALSU1
1387	UHRF2
1388	CISH
1389	ZNF689
1390	FCHO2
1391	ARHGEF25
1392	ZNF501
1393	FAM46B
1394	SLC5A11
1395	TBCB
1396	TNFRSF13C
1397	NOSTRIN
1398	ALPK2
1399	ARHGAP33
1400	EVI5L
1401	TRMT61A
1402	RASGRP4
1403	C12orf56
1404	DIS3L
1405	ARL11
1406	C3orf24
1407	IQCD
1408	DHRS1
1409	WDFY2
1410	RAB3C
1411	NXNL1
1412	CKM
1413	CTHRC1
1414	TSR3
1415	CCDC151
1416	ZNF653
1417	RNF166
1418	ADCY9
1419	RMI2
1420	OSR2
1421	LRRC58
1422	LYSMD3
1423	BATF2
1424	SLC22A12
1425	DNTTIP1
1426	DIRC1
1427	CKMT2
1428	FOXP4
1429	ZNF526
1430	FMO9P
1431	LRRC3B
1432	KLHDC3
1433	WDR92
1434	FAM210B
1435	PHACTR3
1436	CYYR1
1437	CMTM5
1438	TGM7
1439	ERCC8
1440	FAM122A
1441	ZMYND19
1442	COX20
1443	ABHD15
1444	TLCD1
1445	GINM1
1446	MOGAT1
1447	ACSM1
1448	C8orf34
1449	PANX3
1450	C5orf55
1451	RBP7
1452	SLC26A8
1453	LYPD1
1454	IL22RA2
1455	ZNF837
1456	TM4SF18
1457	RAB39B
1458	GRIN3A
1459	GRIN3B
1460	TOP1MT
1461	OLIG1
1462	CLNK
1463	TSEN15
1464	FAM129A
1465	CKS2
1466	MAS1L
1467	APOA5
1468	MRPL53
1469	MRPL54
1470	PPP1R27
1471	RPL39L
1472	HSPA12B
1473	CNTROB
1474	SNAP47
1475	LEAP2
1476	SLC18B1
1477	LRG1
1478	MED12L
1479	WDR17
1480	ART5
1481	ARAP2
1482	ARAP1
1483	AGAP2
1484	AGAP1
1485	AGAP3
1486	ADCYAP1
1487	TADA1
1488	CATSPER1
1489	THEM4
1490	MIA2
1491	DACH2
1492	CATSPER2
1493	SCGB3A2
1494	SH2D1B
1495	DCD
1496	WFIKKN1
1497	RAB3IP
1498	SSX2IP
1499	MRGPRX2
1500	MRGPRX3
1501	MRGPRX4
1502	HRASLS5
1503	FTSJ3
1504	SLC16A10
1505	GALNTL2
1506	IP6K3
1507	DEFB118
1508	CIB3
1509	TAGAP
1510	AP2M1
1511	AP1S1
1512	TMC1
1513	TMC2
1514	RLN3
1515	TWIST2
1516	PARD3B
1517	AP2S1
1518	TRIM78P
1519	TRIM6
1520	CLC
1521	CLCA1
1522	ADCYAP1R1
1523	CLCN1
1524	CLCN2
1525	CLCN3
1526	CLCN4
1527	UBE2J2
1528	LOH12CR1
1529	OLFM3
1530	ANTXR2
1531	MUCL1
1532	GPR62
1533	EXOSC6
1534	PRAP1
1535	ZNF511
1536	CHCHD1
1537	MSS51
1538	TTC18
1539	CLCN5
1540	CLCN6
1541	C10orf90
1542	BTBD16
1543	FAM24A
1544	PSTK
1545	CLCN7
1546	ZNF488
1547	PIK3AP1
1548	MORN4
1549	ZFYVE27
1550	MMP21
1551	COMTD1
1552	CLCNKB
1553	FRA10AC1
1554	ANKRD22
1555	SFXN2
1556	PDZD8
1557	ADD1
1558	C10orf32
1559	CLU
1560	CLIC1
1561	NUDT9P1
1562	AGAP11
1563	GSTO2
1564	SFR1
1565	CALHM3
1566	CLIC2
1567	CLRN3
1568	ANAPC16
1569	PNLIPRP3
1570	SFXN4
1571	CPXM2
1572	CLK1
1573	CLK2
1574	C11orf74
1575	CLK3
1576	ADD2
1577	OR5P2
1578	OR5P3
1579	GYLTL1B
1580	TPP1
1581	SLC36A4
1582	FAT3
1583	CLN3
1584	TMEM45B
1585	CYP2R1
1586	C11orf93
1587	PIH1D2
1588	CLN5
1589	NXPE1
1590	AMICA1
1591	DNAJC24
1592	CLNS1A
1593	DEPDC4
1594	LRRK2
1595	CLPS
1596	CCDC38
1597	TMEM52B
1598	CLPTM1
1599	ADD3
1600	FAM186A
1601	C12orf45
1602	CLTA
1603	SDR9C7
1604	LRIG3
1605	TMEM132D
1606	SLC15A4
1607	RHEBL1
1608	C12orf54
1609	ZNF641
1610	TPH2
1611	CLTB
1612	SP7
1613	GTSF1
1614	KRT74
1615	CLTC
1616	NEDD1
1617	IKBIP
1618	ERP27
1619	AEBP2
1620	BTBD11
1621	SPIC
1622	CMA1
1623	ANO4
1624	ALKBH2
1625	FOXN4
1626	SPPL3
1627	TEX29
1628	METTL21CP1
1629	RXFP2
1630	TEX26
1631	SLAIN1
1632	SPACA7
1633	TDRD9
1634	ANKRD9
1635	AK7
1636	IFI27L1
1637	C14orf28
1638	TRAPPC6B
1639	C14orf79
1640	PLD4
1641	ADSSL1
1642	RNASE11
1643	TPPP2
1644	MRPL52
1645	LRR1
1646	KLHDC1
1647	FRMD6
1648	SOCS4
1649	GPHB5
1650	NOXRED1
1651	JDP2
1652	ISCA2
1653	ACOT4
1654	TTC8
1655	TC2N
1656	SLC24A4
1657	SLC25A29
1658	DEGS2
1659	CCR1
1660	LEO1
1661	C15orf40
1662	SENP8
1663	MTFMT
1664	SLC51B
1665	TARSL2
1666	CCR3
1667	LRRC28
1668	CCR4
1669	CCR5
1670	C15orf27
1671	CCR6
1672	NIPA1
1673	AGPHD1
1674	CCR7
1675	WHAMM
1676	C16orf46
1677	CCR8
1678	NTAN1
1679	FOPNL
1680	DNAAF1
1681	DCUN1D3
1682	CCBP2
1683	CMTM3
1684	C16orf78
1685	PLIN2
1686	SPATA2L
1687	C16orf55
1688	NOXO1
1689	CCDC78
1690	CMKLR1
1691	IQCK
1692	LTB4R
1693	ZG16B
1694	PRSS30P
1695	PAQR4
1696	ZC3H18
1697	CDYL2
1698	ANKS3
1699	FAM100A
1700	SEPT12
1701	TMEM219
1702	EARS2
1703	SNX20
1704	TMEM170A
1705	ABCC2
1706	METTL23
1707	HSF5
1708	MSI2
1709	SLC38A10
1710	CANT1
1711	USH1G
1712	CD300LB
1713	KIF19
1714	ZPBP2
1715	CYB5D1
1716	USP43
1717	KRBA2
1718	C17orf64
1719	TEX34
1720	HEXIM2
1721	CCDC43
1722	CNTD1
1723	TMEM132E
1724	WFIKKN2
1725	B4GALNT2
1726	SPACA3
1727	SGK494
1728	SEZ6
1729	ANKRD13B
1730	SLC43A2
1731	CYB5D2
1732	ZFP3
1733	GGT6
1734	SPNS2
1735	EFCAB13
1736	MRPL10
1737	WDR81
1738	ADH1A
1739	TBC1D16
1740	GJD3
1741	KRT222
1742	KRT40
1743	C17orf76-AS1
1744	ZSWIM7
1745	SMCR7
1746	SLC5A10
1747	FAM210A
1748	INO80C
1749	TTC39C
1750	FAM69C
1751	CLDND2
1752	ZNF816
1753	CNGB1
1754	RAVER1
1755	COX6B2
1756	CALR3
1757	C19orf70
1758	CNGA1
1759	ADH1B
1760	TRAPPC5
1761	PCP2
1762	OSCAR
1763	ZNF441
1764	ZNF491
1765	ZNF440
1766	SWSAP1
1767	CCDC159
1768	JOSD2
1769	IZUMO2
1770	CPT1C
1771	ALDH16A1
1772	NTN5
1773	CNGA3
1774	NLRP13
1775	NLRP8
1776	NLRP5
1777	ZNF787
1778	ZNF573
1779	WDR88
1780	TMIGD2
1781	EID2B
1782	ZNF57
1783	IRGQ
1784	ZNF428
1785	CNGA4
1786	JSRP1
1787	MOB3A
1788	MFSD12
1789	GIPC3
1790	NDUFA11
1791	C19orf21
1792	LRRC25
1793	OR1I1
1794	WTIP
1795	ZNF792
1796	NR2C2AP
1797	HSPB6
1798	PLK3
1799	CCDC105
1800	CYP4F22
1801	FBXO27
1802	CNN1
1803	PLK5
1804	C19orf47
1805	ANKLE1
1806	C2CD4C
1807	CNN2
1808	RPTN
1809	TDRD10
1810	SHE
1811	C1orf172
1812	CNN3
1813	CCSAP
1814	PUSL1
1815	B3GALT6
1816	CNP
1817	WDR63
1818	KLHDC9
1819	AXDND1
1820	MAB21L3
1821	CNR1
1822	IFFO2
1823	SLC44A3
1824	CNR2
1825	ADH1C
1826	ATXN7L2
1827	C1orf194
1828	LYPLAL1
1829	ATP6V1G3
1830	CNTFR
1831	ASB17
1832	TYW3
1833	C1orf173
1834	LRRIQ3
1835	TPRG1L
1836	FAM213B
1837	MYOM3
1838	CNTN1
1839	DMBX1
1840	TMCO2
1841	ZNF684
1842	TCEANC2
1843	PODN
1844	LRRC39
1845	HMGB4
1846	RNF19B
1847	DCST2
1848	DNAH14
1849	TEDDM1
1850	C1orf122
1851	OSCP1
1852	C1orf216
1853	KLHDC7A
1854	VWA5B1
1855	UBXN10
1856	C1orf87
1857	COL1A1
1858	ARL8A
1859	GOLT1A
1860	COL1A2
1861	UHMK1
1862	FCRLB
1863	ADH4
1864	WDR64
1865	C1orf131
1866	COL2A1
1867	SPATA17
1868	EDARADD
1869	COL3A1
1870	KLF17
1871	TMEM125
1872	TSACC
1873	IQGAP3
1874	APOA1BP
1875	ARHGEF19
1876	COL4A1
1877	MRPL55
1878	DRAM2
1879	C1orf88
1880	C1orf162
1881	TATDN3
1882	BHLHE23
1883	NKAIN4
1884	VSTM2L
1885	SNHG11
1886	FITM2
1887	WFDC12
1888	SPATA25
1889	COL4A2
1890	TSHZ2
1891	COL4A3
1892	C20orf85
1893	ZNF831
1894	TBC1D20
1895	SIRPD
1896	C20orf141
1897	PROKR2
1898	COL4A4
1899	C20orf94
1900	COL4A5
1901	CSTL1
1902	CST9L
1903	CST9
1904	C20orf166
1905	DUSP15
1906	TSPY26P
1907	BPIFB6
1908	BPIFA3
1909	C20orf144
1910	CHMP4B
1911	PIGU
1912	HMGB3P1
1913	FAM83C
1914	COL4A6
1915	GAB4
1916	C22orf39
1917	C22orf25
1918	COL5A1
1919	ADH5
1920	ZNF280A
1921	SGSM1
1922	EMID1
1923	COL5A2
1924	ANKRD54
1925	COL6A1
1926	PPP1R21
1927	TRABD2A
1928	COL6A2
1929	TMEM150A
1930	COL6A3
1931	NUP35
1932	XIRP2
1933	TYW5
1934	COL7A1
1935	LYG1
1936	MITD1
1937	DIS3L2
1938	CMPK2
1939	MBOAT2
1940	CNTNAP5
1941	TAF8
1942	COL8A2
1943	TMEM18
1944	C7orf13
1945	COL9A1
1946	FBLN7
1947	NEU4
1948	RBM45
1949	C2orf73
1950	BBS5
1951	CCDC173
1952	COL9A2
1953	COL9A3
1954	SERPINA3
1955	ACMSD
1956	ICA1L
1957	FAM168B
1958	COL10A1
1959	CIB4
1960	REG3G
1961	RFTN2
1962	CLHC1
1963	COL11A1
1964	PLEKHH2
1965	COL11A2
1966	AP1S3
1967	C2orf76
1968	SGPP2
1969	ACVR1C
1970	COL12A1
1971	OSR1
1972	TTC32
1973	UBR3
1974	KCTD18
1975	ALS2CR12
1976	ZNF513
1977	SPATA3
1978	LYPD6
1979	LYPD6B
1980	GALM
1981	COL13A1
1982	TMEM198
1983	ZFAND2B
1984	COL15A1
1985	TMEM178A
1986	CPO
1987	MDH1B
1988	COL16A1
1989	PQLC3
1990	TMEM182
1991	AHSA2
1992	FBXO36
1993	COL17A1
1994	MTERFD2
1995	CCDC148
1996	C2orf65
1997	ADH6
1998	CPNE4
1999	CCDC58
2000	KCNH8
2001	COL19A1
2002	DNAJC19
2003	FAM3D
2004	COMP
2005	COMT
2006	ZPLD1
2007	LYZL4
2008	KBTBD5
2009	FAM131A
2010	CD200R1
2011	CHCHD4
2012	COPA
2013	ZDHHC19
2014	CRYBG3
2015	DCBLD2
2016	LRRC15
2017	FAM43A
2018	COPB1
2019	TPRA1
2020	TMEM42
2021	UROC1
2022	KLF6
2023	SLC31A1
2024	FAM194A
2025	NUDT16
2026	COL6A6
2027	SLC31A2
2028	TMEM207
2029	METTL6
2030	ADH7
2031	TAMM41
2032	IL17RE
2033	RTP1
2034	IQCF1
2035	GLYCTK
2036	PPM1M
2037	C3orf49
2038	SNTN
2039	SYNPR
2040	C3orf45
2041	RPL32P3
2042	H1FOO
2043	OCIAD2
2044	SCLT1
2045	C4orf33
2046	TMEM155
2047	PABPC4L
2048	ADAD1
2049	ZFP42
2050	LIN54
2051	SPATA18
2052	MAP3K8
2053	C4orf32
2054	TMPRSS11B
2055	GNPDA2
2056	COX4I1
2057	SPATA4
2058	CPEB2
2059	EVC2
2060	ARL9
2061	AASDH
2062	PDCL2
2063	C4orf36
2064	COX5B
2065	ADK
2066	PACRGL
2067	TRAM1L1
2068	ENPP6
2069	SLC9B2
2070	SETD9
2071	IL31RA
2072	SLCO6A1
2073	C5orf47
2074	PPARGC1B
2075	HEATR7B2
2076	EGFLAM
2077	PRRC1
2078	NADKD1
2079	UGT3A1
2080	CAPSL
2081	JMY
2082	C5orf58
2083	ZNF474
2084	CCDC127
2085	COX6A2
2086	ADM
2087	COX6B1
2088	UBE2QL1
2089	FAM173B
2090	CMBL
2091	POU5F2
2092	DNAJC21
2093	AFAP1L1
2094	GRPEL2
2095	TMEM171
2096	TMEM174
2097	LSM11
2098	POC5
2099	WDR36
2100	ZNF300P1
2101	NUDCD2
2102	UBLCP1
2103	ACOT12
2104	SOWAHA
2105	SHROOM1
2106	C5orf24
2107	COX6C
2108	ADAT2
2109	COX7A1
2110	RIPPLY2
2111	IRAK1BP1
2112	COX7A2
2113	CLVS2
2114	TAAR9
2115	TAAR1
2116	STXBP5
2117	COX7B
2118	ADORA1
2119	COX7C
2120	NCOA7
2121	HINT3
2122	PACRG
2123	C6orf57
2124	COX8A
2125	CD109
2126	RAET1E
2127	PM20D2
2128	SRSF12
2129	COX10
2130	COX11
2131	HUS1B
2132	COX15
2133	TRIM40
2134	DPCR1
2135	CP
2136	CPA1
2137	WBSCR28
2138	TRIM50
2139	CPA2
2140	C7orf34
2141	TMEM139
2142	NOBOX
2143	OR6B1
2144	OR2F2
2145	CPA3
2146	ADORA2A
2147	ZNF786
2148	CPB1
2149	CPB2
2150	EMID2
2151	PRSS37
2152	KLF14
2153	C7orf45
2154	C7orf57
2155	CPD
2156	SVOPL
2157	LRGUK
2158	ASB10
2159	CPE
2160	CLDN4
2161	PRSS58
2162	CLDN3
2163	MPLKIP
2164	CLDN7
2165	SRCRB4D
2166	C7orf31
2167	CPM
2168	ASZ1
2169	CPN1
2170	ADORA2B
2171	CLDN23
2172	CPN2
2173	CPOX
2174	ZNF572
2175	GOT1L1
2176	CPS1
2177	VPS37A
2178	CPT1A
2179	NDUFAF6
2180	TMEM68
2181	CPT2
2182	ABRA
2183	TMEM71
2184	SGCZ
2185	ADHFE1
2186	UBXN2B
2187	CR1
2188	PXDNL
2189	LETM2
2190	CR1L
2191	DCAF4L2
2192	RALYL
2193	HGSNAT
2194	RNF183
2195	CR2
2196	NACC2
2197	C9orf116
2198	C9orf41
2199	CRABP1
2200	C9orf57
2201	C9orf85
2202	C9orf135
2203	CRABP2
2204	LCN8
2205	FAM69B
2206	PTRH1
2207	TAF1L
2208	CRAT
2209	CREB1
2210	PTPDC1
2211	ANKRD19P
2212	ATF2
2213	RPP25L
2214	C9orf131
2215	CREBBP
2216	ATF6B
2217	CREBL2
2218	SLITRK4
2219	MAGEC3
2220	CREM
2221	BEND2
2222	PASD1
2223	DCAF12L1
2224	PIH1D3
2225	MUM1L1
2226	FAM199X
2227	FAM123B
2228	CRH
2229	APOOL
2230	HDX
2231	FUNDC1
2232	GPR112
2233	CRHBP
2234	PTCHD1
2235	SMEK3P
2236	CRHR1
2237	VENTXP1
2238	UPRT
2239	MAGEE2
2240	CRHR2
2241	CRIP1
2242	GAB3
2243	PNCK
2244	CRIP2
2245	DOCK11
2246	SPIN4
2247	CRK
2248	CRKL
2249	AADAC
2250	CRMP1
2251	CRP
2252	KRTAP13-1
2253	TCP10L
2254	MUC17
2255	ASB11
2256	ASB5
2257	ASB6
2258	ASB7
2259	ASB8
2260	ASB9
2261	MYL6B
2262	ZNF358
2263	MYO3B
2264	HAPLN1
2265	RNF32
2266	APOBEC3D
2267	S100A16
2268	CHODL
2269	TCEAL2
2270	SELM
2271	ZFP28
2272	ACTRT2
2273	GATA5
2274	SLC32A1
2275	C20orf96
2276	BPIFA2
2277	ZBTB46
2278	WFDC3
2279	GCNT7
2280	C20orf112
2281	CBLN4
2282	CTCFL
2283	TRIM69
2284	C20orf132
2285	CRX
2286	SAMD10
2287	ABHD16B
2288	C20orf160
2289	C20orf118
2290	RIMS4
2291	ANKRD60
2292	SUN5
2293	MACROD2
2294	DYNLL2
2295	TMEM37
2296	UBE2F
2297	ADAMTS14
2298	NRSN1
2299	SMCR8
2300	CRY1
2301	RPL10L
2302	TRPM6
2303	KRT72
2304	SRXN1
2305	ROMO1
2306	NEURL2
2307	LINC00261
2308	ZSWIM3
2309	WFDC10A
2310	BANF2
2311	DEFB127
2312	C20orf79
2313	ISM1
2314	WFDC6
2315	C20orf173
2316	FAM65C
2317	CST11
2318	DEFB129
2319	ZNF280B
2320	SIRPA
2321	PABPC5
2322	SREK1
2323	C20orf151
2324	C20orf152
2325	CRY2
2326	STK35
2327	R3HDML
2328	C5orf20
2329	CRYAA
2330	ADORA3
2331	CRYAB
2332	CRYBA1
2333	CRYBA2
2334	CRYBA4
2335	CRYBB1
2336	CRYBB2
2337	CRYBB3
2338	CRYGA
2339	CRYGB
2340	ADPRH
2341	CRYGC
2342	CRYGD
2343	MIB2
2344	DUSP19
2345	SLC34A3
2346	RAB40A
2347	ASB15
2348	ASB14
2349	ASB12
2350	CRYGS
2351	CRYM
2352	LIPJ
2353	TRUB1
2354	CRYZ
2355	PARP1
2356	MPP7
2357	VTI1A
2358	LOC143188
2359	DYDC1
2360	HECTD2
2361	FGFBP3
2362	MAPK14
2363	C10orf82
2364	CACUL1
2365	SYT9
2366	PSMA8
2367	CSE1L
2368	C11orf40
2369	XRRA1
2370	CSF1
2371	UBQLNL
2372	MUC15
2373	C11orf94
2374	FAM76B
2375	SESN3
2376	PIWIL4
2377	CSF1R
2378	CSF2
2379	KBTBD3
2380	CWF19L2
2381	KDELC2
2382	LAYN
2383	TTC36
2384	C11orf84
2385	CSF3
2386	PLEKHA7
2387	SPTY2D1
2388	TMEM86A
2389	OR10A5
2390	DNHD1
2391	PRICKLE1
2392	AMDHD1
2393	CSF3R
2394	BCDIN3D
2395	ALG10B
2396	CSH1
2397	ZNF664
2398	LINC00477
2399	LYRM5
2400	CSH2
2401	CPNE8
2402	WDR66
2403	GLT1D1
2404	BEST3
2405	E2F7
2406	CSHL1
2407	KRT80
2408	C12orf55
2409	A2ML1
2410	C12orf66
2411	CSK
2412	C12orf60
2413	FBXL14
2414	CSN1S1
2415	RAD9B
2416	FAM109A
2417	CSN2
2418	FAM216B
2419	LACC1
2420	CSN3
2421	B3GALTL
2422	RDH12
2423	GSC
2424	SERPINA12
2425	PRIMA1
2426	MIPOL1
2427	CSNK1A1
2428	PPP1R36
2429	SLC38A6
2430	CSNK1D
2431	C14orf37
2432	FRMD6-AS1
2433	ABHD12B
2434	PTGR2
2435	C14orf166B
2436	CSNK1E
2437	ISM2
2438	CEP128
2439	TTC7B
2440	LRFN5
2441	CSNK1G2
2442	C15orf43
2443	CSNK1G3
2444	C2CD4A
2445	LYSMD4
2446	FAM81A
2447	GCOM1
2448	FLJ27352
2449	CSNK2A1
2450	LOC145837
2451	LOC145845
2452	C15orf61
2453	C15orf32
2454	HAPLN3
2455	MESP2
2456	TMCO5A
2457	SPATA8
2458	CSNK2A2
2459	ZSCAN29
2460	TTBK2
2461	CDAN1
2462	CSNK2B
2463	VWA3A
2464	ZFP90
2465	RLTPR
2466	KCTD19
2467	CMTM4
2468	CMTM2
2469	BEAN1
2470	TEKT5
2471	VCAN
2472	RNF151
2473	C16orf11
2474	FBXL16
2475	C16orf92
2476	GSG1L
2477	NCAN
2478	IL34
2479	ZNF597
2480	CCDC64B
2481	TMED6
2482	CSPG4
2483	ZNF785
2484	ZNF688
2485	PRSS36
2486	C16orf89
2487	C16orf71
2488	CSRP1
2489	MGAT5B
2490	TOM1L2
2491	CSRP2
2492	ENTHD2
2493	B3GNTL1
2494	CD300LF
2495	C17orf77
2496	DNAH2
2497	RTN4RL1
2498	TCAM1P
2499	SLC47A2
2500	WDR16
2501	CCDC42
2502	PIK3R6
2503	ODF4
2504	C17orf50
2505	SLFN13
2506	SLC35G3
2507	UNC45B
2508	CD300LG
2509	SLC25A10
2510	RUNDC1
2511	EME1
2512	CST1
2513	ADRA1D
2514	TMEM199
2515	PROCA1
2516	DHRS13
2517	KCTD11
2518	C17orf69
2519	CST2
2520	NOTUM
2521	TMC8
2522	WIPF2
2523	KRT25
2524	TMEM99
2525	SCGB1C1
2526	CST3
2527	CST4
2528	STARD6
2529	C18orf25
2530	CCBE1
2531	CBLN2
2532	CST5
2533	ANKRD29
2534	APCDD1
2535	CST6
2536	LINC00526
2537	CSTA
2538	VSIG10L
2539	LOC147646
2540	LINC00085
2541	ZNF480
2542	LOC147670
2543	C19orf18
2544	ZNF418
2545	ZNF417
2546	ZNF548
2547	PPM1N
2548	CSTB
2549	KLC3
2550	LYPD4
2551	ILF3-AS1
2552	ZNF560
2553	TMEM190
2554	HIPK4
2555	TMC4
2556	CSTF1
2557	ZNF524
2558	ZNF784
2559	ZNF563
2560	CCDC155
2561	CSTF2
2562	DACT3
2563	SIX5
2564	IGFL2
2565	ZNF420
2566	ZNF565
2567	NLRP4
2568	ZNF582
2569	ZNF583
2570	FAM98C
2571	CAPN12
2572	CSTF3
2573	ADRA1B
2574	TTC9B
2575	TICAM1
2576	CIRBP-AS1
2577	ZNRF4
2578	ZNF599
2579	FAM187B
2580	CILP2
2581	C19orf55
2582	ZNF558
2583	CDC42EP5
2584	ZNF681
2585	C19orf25
2586	ATP8B3
2587	DIRAS1
2588	ZNF555
2589	ZNF569
2590	ZNF570
2591	SYT6
2592	NKX2-5
2593	C1orf74
2594	CREB3L4
2595	C1orf127
2596	BROX
2597	SAMD11
2598	LOC148413
2599	SAMD13
2600	C1orf52
2601	PHF13
2602	C1orf51
2603	UBE2U
2604	SLC35F3
2605	LINC00337
2606	CTBS
2607	LOC148709
2608	HFE2
2609	ANKRD35
2610	FAM163A
2611	CTBP1
2612	MFSD4
2613	PM20D1
2614	GCSAML
2615	SLC30A7
2616	CCDC27
2617	C1orf213
2618	CTBP2
2619	KNCN
2620	MOB3C
2621	GLIS1
2622	CTF1
2623	ADRA1A
2624	LELP1
2625	RC3H1
2626	DCDC2B
2627	ZNF362
2628	DCST1
2629	CTGF
2630	CNIH3
2631	LOC149134
2632	MANEAL
2633	CTH
2634	IL23R
2635	SHISA4
2636	EXOC8
2637	CTLA4
2638	PDIK1L
2639	BNIPL
2640	CLDN19
2641	WDR65
2642	C1orf210
2643	CCDC24
2644	CCDC17
2645	LRRC71
2646	C1orf64
2647	CTNNA1
2648	RNF187
2649	RP11-165H20.1
2650	PYHIN1
2651	C1orf227
2652	FAM71A
2653	FLJ32154
2654	ADIG
2655	GTSF1L
2656	CTNNA2
2657	WFDC5
2658	GNAS-AS1
2659	CTNS
2660	PRNT
2661	C20orf196
2662	COMMD7
2663	BPIFB4
2664	LSM14B
2665	LIPI
2666	CTNNB1
2667	AAMP
2668	ABCC13
2669	LOC150051
2670	LCA5L
2671	IGSF5
2672	SIK1
2673	ZNF295-AS1
2674	C21orf128
2675	SLC9B1
2676	CCT8L2
2677	CTNND2
2678	AIFM3
2679	YDJC
2680	ZDHHC8P1
2681	HSCB
2682	CCDC117
2683	HORMAD2
2684	DUSP18
2685	MORC2-AS1
2686	C22orf42
2687	ENTHD1
2688	DNAJB7
2689	MEI1
2690	FAM109B
2691	NFAM1
2692	PNPLA5
2693	CDPF1
2694	CN5H6.4
2695	CTPS1
2696	TTL
2697	CKAP2L
2698	SATB2-AS1
2699	SMYD1
2700	LOC150577
2701	C2orf15
2702	LOC150622
2703	OTOS
2704	MYEOV2
2705	COMMD1
2706	PROM2
2707	CTRL
2708	ANKAR
2709	FBXO41
2710	TTC30B
2711	ITPRIPL1
2712	FAM117B
2713	CTSB
2714	FAM59B
2715	PUS10
2716	CTSD
2717	ADRA2A
2718	SEPT10
2719	KANSL1L
2720	PLB1
2721	CTSE
2722	ZSWIM2
2723	LOC151121
2724	ZNF385B
2725	LOC151174
2726	ARL6IP6
2727	METTL21A
2728	CCNYL1
2729	CTSG
2730	PPP1R1C
2731	SGOL2
2732	ALS2CR11
2733	SLC38A11
2734	CCDC140
2735	SLC23A3
2736	CTSH
2737	GPBAR1
2738	FAM84A
2739	FAM82A1
2740	CTSK
2741	SLC16A14
2742	LINC00471
2743	CTSL1
2744	ASPRV1
2745	WDSUB1
2746	UPP2
2747	LBX2-AS1
2748	GPR155
2749	CTSL2
2750	TTC14
2751	FAM19A4
2752	SGOL1
2753	PP2D1
2754	EFHB
2755	PPM1L
2756	LOC151760
2757	WDR49
2758	LRRC34
2759	CPNE9
2760	DPPA2
2761	CCDC80
2762	BTLA
2763	CCDC12
2764	MB21D2
2765	PPP4R2
2766	CTSO
2767	ADRA2B
2768	XXYLT1
2769	RNF38
2770	GLIPR2
2771	C3orf22
2772	ZCWPW2
2773	CTSS
2774	CMC1
2775	C3orf79
2776	CCDC50
2777	SPICE1
2778	CMTM8
2779	NUDT16P1
2780	CTSW
2781	CCDC13
2782	LOC152217
2783	FGD5
2784	CTSZ
2785	CNTN4
2786	CUX1
2787	IGSF11
2788	C3orf30
2789	ZNF827
2790	CX3CR1
2791	SH3D19
2792	NFXL1
2793	PAQR3
2794	SHISA3
2795	SCFD2
2796	CXADR
2797	LOC152742
2798	FAM218A
2799	JAKMIP1
2800	THAP6
2801	C4orf26
2802	FAM53A
2803	CYB5A
2804	PPM1K
2805	C4orf45
2806	TRMT44
2807	ADRA2C
2808	RASGEF1B
2809	DAB2IP
2810	SLC38A9
2811	SPINK13
2812	CREBRF
2813	CEP120
2814	TMEM167A
2815	MBLAC2
2816	TMEM161B
2817	SRFBP1
2818	PLEKHG4B
2819	CYB561
2820	ZMAT2
2821	MARVELD2
2822	IRX2
2823	BTNL9
2824	CYBA
2825	ARSK
2826	FAM81B
2827	TTC23L
2828	LOC153684
2829	CYBB
2830	CCDC112
2831	FAM71B
2832	PRELID2
2833	SH3RF2
2834	PLAC8L1
2835	CYC1
2836	RNF145
2837	CYLC1
2838	ZC2HC1B
2839	CYLC2
2840	ADRB1
2841	SNRNP48
2842	CNKSR3
2843	SAMD3
2844	SLC2A12
2845	CYLD
2846	MBOAT1
2847	PNLDC1
2848	RNF217
2849	NKAIN2
2850	KHDC3L
2851	C6orf165
2852	CYP1A1
2853	CCDC167
2854	CYP1A2
2855	CYP1B1
2856	RUNDC3B
2857	ABCA13
2858	C7orf60
2859	PRSS3P2
2860	C7orf55
2861	AMOT
2862	AMOTL1
2863	IQUB
2864	LOC154872
2865	KCTD7
2866	CYP2A6
2867	CYP2A7
2868	ADRB2
2869	TMEM213
2870	GIMAP8
2871	CRYGN
2872	ZNF425
2873	ZNF746
2874	ATP6V0E2
2875	AMZ1
2876	CYP3A7
2877	WBSCR27
2878	VPS37D
2879	CYP2A13
2880	NSUN5P1
2881	RBM33
2882	AGR3
2883	CYP2B6
2884	CYP2B7P1
2885	CYP2C19
2886	CYP2C8
2887	CYP2C9
2888	ADRB3
2889	CYP2C18
2890	ADRBK1
2891	CYP2E1
2892	SGK223
2893	PEBP4
2894	CDCA2
2895	TMEM65
2896	CYP2J2
2897	RDH10
2898	ANKRD46
2899	ESCO2
2900	FBXO16
2901	FAM84B
2902	VPS13B
2903	C8orf42
2904	ERICH1
2905	CYP3A4
2906	SLC7A13
2907	TDH
2908	TMEM74
2909	FAM91A1
2910	C8orf48
2911	MCMDC2
2912	CYP3A5
2913	CLVS1
2914	KCNU1
2915	SBSPON
2916	CAMSAP1
2917	C9orf66
2918	CYP4A11
2919	ADRBK2
2920	LINGO2
2921	NXNL2
2922	C9orf163
2923	MAMDC4
2924	AK8
2925	CYP4B1
2926	OR1Q1
2927	TTLL11
2928	RASEF
2929	CYP7A1
2930	TTC39B
2931	TTC16
2932	FAM120AOS
2933	FAM154A
2934	CYP8B1
2935	FREM1
2936	KIAA2026
2937	LOC158376
2938	ATP8B5P
2939	ZNF483
2940	CYP11A1
2941	C9orf84
2942	TSTD2
2943	PRUNE2
2944	CYP11B1
2945	ZNF645
2946	FMR1NB
2947	FAAH2
2948	ZXDB
2949	CYP11B2
2950	CYP17A1
2951	FAM47A
2952	MOSPD2
2953	ARHGAP36
2954	RIBC1
2955	AKAP14
2956	ADAM3A
2957	RHOXF1
2958	NKAPP1
2959	MAGEB6
2960	CXorf65
2961	AWAT1
2962	ZDHHC15
2963	USP51
2964	CYP19A1
2965	CYP21A2
2966	ADSL
2967	CXorf38
2968	FAM122B
2969	FAM122C
2970	RBMY2FP
2971	USP54
2972	CYP24A1
2973	NKX2-3
2974	CYP26A1
2975	CYP27A1
2976	CYP27B1
2977	CYP51A1
2978	CCDC147
2979	SLC5A12
2980	CCDC67
2981	ADSS
2982	AANAT
2983	PATE1
2984	DAB1
2985	C11orf65
2986	DAB2
2987	LDHAL6A
2988	C11orf42
2989	DACH1
2990	TMTC2
2991	CLEC12A
2992	CLECL1
2993	DAD1
2994	TMTC3
2995	C12orf50
2996	ALDH1L2
2997	IFLTD1
2998	CD55
2999	DENND5B
3000	DAG1
3001	GRASP
3002	DGKA
3003	SLC5A8
3004	PPTC7
3005	CCDC63
3006	CCDC60
3007	DGKB
3008	DGKH
3009	GPR180
3010	DGKG
3011	DGKQ
3012	AP2A1
3013	STOML3
3014	DAO
3015	FAM71D
3016	TMEM229B
3017	SYNE3
3018	CLEC14A
3019	DAP
3020	FITM1
3021	REM2
3022	TMEM30B
3023	DAPK1
3024	MDGA2
3025	SAMD15
3026	DAPK3
3027	NOP9
3028	EML5
3029	C15orf26
3030	TBC1D21
3031	DYX1C1
3032	DARS
3033	DAXX
3034	OTUD7A
3035	SPRED1
3036	ODF3L1
3037	PGBD4
3038	ADAL
3039	EXD1
3040	FSIP1
3041	ZFPM1
3042	DAZL
3043	ADAD2
3044	AP2A2
3045	ITPRIPL2
3046	C16orf82
3047	DBC1
3048	MGC34800
3049	DBH
3050	ZFP1
3051	ANKFN1
3052	DBI
3053	MARCH10
3054	MFSD6L
3055	SLFN5
3056	NAGS
3057	FAM134C
3058	TMEM92
3059	PHOSPHO1
3060	RHBDL3
3061	TRPV3
3062	SLC16A11
3063	FBXO39
3064	SPPL2C
3065	C18orf54
3066	DBN1
3067	DBP
3068	ZNF836
3069	ZNF610
3070	ZNF600
3071	ZNF320
3072	ZNF497
3073	ZNF296
3074	DEDD2
3075	ZNF846
3076	OR7D2
3077	DBT
3078	AP1B1
3079	ZNF579
3080	ZNF564
3081	ZNF114
3082	ZNF567
3083	ZNF383
3084	DCC
3085	ZNF781
3086	EID2
3087	ZNF780B
3088	PRR22
3089	LGI4
3090	SYNE4
3091	ZNF100
3092	ZNF540
3093	DENND2C
3094	ECI1
3095	GBP6
3096	DCK
3097	LPPR5
3098	FNDC7
3099	DENND1B
3100	DCN
3101	TDRD5
3102	TOR1AIP2
3103	DCTD
3104	CALML6
3105	ACE
3106	IL28RA
3107	CYP4Z2P
3108	CITED4
3109	C1orf177
3110	SPRR4
3111	KANK4
3112	SASS6
3113	SDE2
3114	CNST
3115	DCT
3116	FAM43B
3117	DCTN1
3118	AP2B1
3119	HFM1
3120	PAQR7
3121	C1orf65
3122	DCX
3123	WFDC13
3124	APCDD1L
3125	DDB1
3126	LRRN4
3127	CST13P
3128	TTLL9
3129	DDB2
3130	DDC
3131	CCDC116
3132	AKR1C1
3133	CABP7
3134	TMPRSS6
3135	WBP2NL
3136	AKR1C2
3137	WDR69
3138	GADD45A
3139	LONRF2
3140	DDIT3
3141	AP1G1
3142	CCDC138
3143	GPR113
3144	DDOST
3145	C2orf57
3146	OXER1
3147	FAM179A
3148	FAM171B
3149	DDT
3150	UBXN2A
3151	DDX1
3152	DDX3X
3153	CLEC4F
3154	DQX1
3155	DDX5
3156	PARP15
3157	SPTSSB
3158	DDX6
3159	DNAJB8
3160	DMXL1
3161	GPR156
3162	XIRP1
3163	RNF168
3164	DHX8
3165	AEBP1
3166	CHST13
3167	DHX9
3168	DDX10
3169	PRICKLE2
3170	KBTBD12
3171	SPATA5
3172	BBS12
3173	DDX11
3174	DHX15
3175	DCLK2
3176	GPR125
3177	DECR1
3178	FREM3
3179	MMAA
3180	ZBTB49
3181	TIGD2
3182	RASSF6
3183	RBM46
3184	SGMS2
3185	MIER3
3186	CDC20B
3187	DEFA4
3188	AES
3189	DEFA5
3190	PAPD4
3191	DEFA6
3192	DCP2
3193	DEFB1
3194	NIM1
3195	LIX1
3196	ZNF366
3197	DES
3198	CFD
3199	PRSS35
3200	LCA5
3201	DFFA
3202	DFFB
3203	OLIG3
3204	TXLNB
3205	TIMM8A
3206	CRISP1
3207	DACT2
3208	C6orf118
3209	ZNF92
3210	GALNTL5
3211	DDX53
3212	RNF133
3213	CDC14C
3214	CCDC71L
3215	PKD1L1
3216	GIMAP7
3217	ZNF467
3218	BMPER
3219	PER4
3220	DFNA5
3221	ZNF800
3222	CNBD1
3223	SLC30A8
3224	COL22A1
3225	COCH
3226	SNX31
3227	TMEM64
3228	ZNF596
3229	IDO2
3230	C9orf96
3231	KCNV2
3232	OLFML2A
3233	TMEM252
3234	QSOX2
3235	GLIS3
3236	ZNF883
3237	ZNF169
3238	FAM46D
3239	SPIN3
3240	AARS
3241	FAM47B
3242	CXorf22
3243	ZCCHC12
3244	ARX
3245	FAM170B
3246	FUT11
3247	OIT3
3248	PWWP2B
3249	SSBP4
3250	CLEC4C
3251	ACTL10
3252	DHX36
3253	HTR3C
3254	GIMAP1
3255	GPHA2
3256	S100Z
3257	COMMD6
3258	PSORS1C1
3259	PSORS1C2
3260	NUDT10
3261	ADAMTS15
3262	ADAMTS16
3263	ADAMTS17
3264	ADAMTS18
3265	COX7B2
3266	GSX2
3267	KCNG3
3268	PPP1R18
3269	ZNF721
3270	ANKRD24
3271	ZNF384
3272	ADAMTS19
3273	ASXL1
3274	SYNPO2
3275	SPACA4
3276	RHOV
3277	NLRP6
3278	NS3BP
3279	ZNF675
3280	CLYBL
3281	FAM9A
3282	FAM9B
3283	FAM9C
3284	SPTSSA
3285	PTCRA
3286	POLR3H
3287	ABHD3
3288	DGUOK
3289	DHCR7
3290	DHCR24
3291	DHODH
3292	DHPS
3293	CYB5R3
3294	NQO1
3295	DIAPH1
3296	AFG3L1P
3297	DIAPH2
3298	SEPT1
3299	DIO1
3300	DIO2
3301	DIO3
3302	DKC1
3303	DLAT
3304	DLD
3305	DLG1
3306	AFM
3307	DLG2
3308	DLG3
3309	DLG4
3310	DLST
3311	DLX1
3312	DLX2
3313	DLX3
3314	DLX4
3315	DLX5
3316	AFP
3317	DLX6
3318	DMBT1
3319	DMD
3320	SARDH
3321	DMP1
3322	DNM1
3323	AGA
3324	DMPK
3325	DMRT1
3326	DMWD
3327	DNA2
3328	DNAH5
3329	DNAH8
3330	ACAN
3331	DNAH9
3332	DNASE1
3333	DNASE1L1
3334	DNASE1L2
3335	DNASE1L3
3336	DNASE2
3337	DYNC1H1
3338	AGER
3339	DYNC1I1
3340	DYNC1LI2
3341	DNM2
3342	DNMT1
3343	TRDMT1
3344	DNMT3A
3345	DNMT3B
3346	AGL
3347	DNTT
3348	DOCK1
3349	DOCK2
3350	DOCK3
3351	DOK1
3352	DOM3Z
3353	DPAGT1
3354	DPEP1
3355	DPH2
3356	DPP4
3357	DPP6
3358	DPT
3359	DPYD
3360	DPYS
3361	DPYSL2
3362	DPYSL3
3363	DR1
3364	SLC26A3
3365	DRD1
3366	DRD2
3367	DRD3
3368	DRD4
3369	DRD5
3370	DRG2
3371	AGRP
3372	ARID3A
3373	DRP2
3374	ATN1
3375	DSC1
3376	DSC2
3377	DSC3
3378	DSCAM
3379	RCAN1
3380	DSG1
3381	DSG2
3382	JAG1
3383	DSG3
3384	TSC22D3
3385	DSP
3386	EPYC
3387	DSPP
3388	SLC26A2
3389	DTNA
3390	DTNB
3391	HBEGF
3392	AGT
3393	DTX1
3394	DTYMK
3395	ECM2
3396	DUSP1
3397	DUSP2
3398	DUSP3
3399	DUSP4
3400	DUSP5
3401	DUSP6
3402	DUSP7
3403	DUSP8
3404	DUSP9
3405	DUT
3406	DVL1
3407	DVL2
3408	DVL3
3409	DYRK1A
3410	AGTR1
3411	TOR1A
3412	E2F1
3413	AGTR2
3414	E2F2
3415	E2F3
3416	E2F4
3417	E2F5
3418	E4F1
3419	EBF1
3420	APLNR
3421	GPR183
3422	ECE1
3423	TYMP
3424	ECH1
3425	ECHS1
3426	ECM1
3427	ECT2
3428	EDA
3429	AGXT
3430	ABAT
3431	S1PR1
3432	LPAR1
3433	S1PR3
3434	EDN1
3435	EDN2
3436	EDN3
3437	EDNRA
3438	NR0B1
3439	EDNRB
3440	PHC2
3441	PLAC4
3442	EEF1A1
3443	EEF1A2
3444	AHCY
3445	PGAM5
3446	B3GNT6
3447	HIGD2A
3448	KRT24
3449	EIF2C3
3450	EIF2C4
3451	SCAMP5
3452	EEF1D
3453	EEF2
3454	EIF2D
3455	EFNA1
3456	EFNA2
3457	EFNA3
3458	EFNA4
3459	EFNA5
3460	EFNB1
3461	EFNB2
3462	EFNB3
3463	EGF
3464	CELSR3
3465	CELSR2
3466	MEGF6
3467	MEGF8
3468	MEGF9
3469	EGFR
3470	SDR16C5
3471	AAED1
3472	EGR1
3473	EGR2
3474	EMX2OS
3475	PPAPDC1A
3476	EGR3
3477	EGR4
3478	IMMP1L
3479	EHHADH
3480	KRT78
3481	RILPL2
3482	DNAH10
3483	AMN1
3484	DTX3
3485	METTL7B
3486	C12orf77
3487	ZFC3H1
3488	C12orf28
3489	PLBD2
3490	FAM71C
3491	CCER1
3492	EIF1AX
3493	PIANP
3494	DCP1B
3495	ANO6
3496	ARID2
3497	METTL21C
3498	EIF2S1
3499	VSTM4
3500	PAOX
3501	FAM24B
3502	EIF2B1
3503	ADCY4
3504	EIF2S3
3505	C14orf183
3506	FAM227B
3507	DNM1P46
3508	CT62
3509	GRAMD2
3510	EPHA2
3511	AHR
3512	MGC15885
3513	UBR1
3514	PATL2
3515	LDHD
3516	FUK
3517	MLKL
3518	ZNF778
3519	ACSF3
3520	WDR90
3521	NLRC3
3522	NSMCE1
3523	EIF4A2
3524	EIF4E
3525	EIF4EBP1
3526	EIF4EBP2
3527	AHSG
3528	EIF4G1
3529	EIF4G2
3530	EIF5
3531	C20orf201
3532	EIF5A
3533	CELA1
3534	ELANE
3535	DZIP1L
3536	TTC21A
3537	SERPINB1
3538	ELAVL2
3539	ELAVL1
3540	ELAVL3
3541	C19orf59
3542	ZNF627
3543	DAND5
3544	ELAVL4
3545	ZNF585A
3546	NLRP7
3547	GGN
3548	CADM4
3549	THAP8
3550	U2AF1L4
3551	ZNF626
3552	FAM129C
3553	ELF1
3554	C19orf76
3555	ALG14
3556	FAM76A
3557	ELF2
3558	C1orf168
3559	TMEM201
3560	TMEM61
3561	CYP4Z1
3562	C1orf86
3563	ELF3
3564	AIF1
3565	ABCA1
3566	A1BG
3567	SLC5A9
3568	CC2D1B
3569	NUDT17
3570	TXLNA
3571	ELF4
3572	TCTEX1D1
3573	PLD5
3574	C1orf100
3575	SPAG17
3576	SLFNL1
3577	KRTCAP2
3578	CRTC2
3579	ELF5
3580	IBA57
3581	FAM209A
3582	ELK1
3583	RNF215
3584	APOBEC3F
3585	PCDP1
3586	VWA3B
3587	CREG2
3588	TET3
3589	ELK3
3590	GKN2
3591	C2orf51
3592	ANKRD23
3593	APLF
3594	PIKFYVE
3595	ELK4
3596	KRTCAP3
3597	ELN
3598	TMEM17
3599	SPRED2
3600	TIGD1
3601	C3orf67
3602	KCTD6
3603	LIPH
3604	ARL13B
3605	DHFRL1
3606	RPL22L1
3607	SLC51A
3608	FBXO45
3609	KLHDC8B
3610	MUC20
3611	GABRR3
3612	EML1
3613	EMD
3614	CEP112
3615	DHRS7C
3616	FAM18B2
3617	CENPV
3618	FLCN
3619	PLD6
3620	ARHGAP27
3621	ZNF385C
3622	SAMD14
3623	MARK2
3624	C17orf108
3625	C17orf74
3626	STRA13
3627	LRRC45
3628	SLC39A11
3629	AMZ2P1
3630	TRIM65
3631	UNC13D
3632	RDM1
3633	EMP1
3634	SPNS3
3635	EMP2
3636	FBXO15
3637	RAB12
3638	EMP3
3639	ZBTB7C
3640	ZNF584
3641	ZSCAN4
3642	EMR1
3643	PDE12
3644	FAM116A
3645	TIGIT
3646	LOC201651
3647	EMX1
3648	C4orf46
3649	SLC10A4
3650	TIGD4
3651	TMEM154
3652	CTTN
3653	C4orf34
3654	EMX2
3655	TMEM192
3656	CCDC111
3657	EN1
3658	TAPT1
3659	SPATA24
3660	DNAJC18
3661	EN2
3662	RANBP3L
3663	ENDOG
3664	CCDC125
3665	C5orf27
3666	ENG
3667	GAPT
3668	CMYA5
3669	STK32A
3670	ENO1
3671	OSTCP1
3672	TCTE1
3673	KHDRBS2
3674	ENO2
3675	LOC202781
3676	ENO3
3677	C7orf33
3678	ENPEP
3679	TMEM184A
3680	ENSA
3681	AIM1
3682	ADCK5
3683	TSNARE1
3684	TUBB
3685	R3HCC1
3686	PRSS55
3687	C8orf74
3688	SLC29A1
3689	HTRA4
3690	ADAM32
3691	C8orf47
3692	LGI3
3693	C9orf91
3694	C9orf72
3695	CCDC171
3696	NAIF1
3697	FAM219A
3698	CCDC107
3699	ANKS6
3700	SUSD3
3701	EP300
3702	CXorf61
3703	SLC25A43
3704	ZCCHC5
3705	NRK
3706	EPAS1
3707	DDX26B
3708	ZNF449
3709	VMA21
3710	TMEM31
3711	EPB41
3712	EPB41L1
3713	EPB41L2
3714	EPB42
3715	EPB49
3716	AK1
3717	STOM
3718	EPHA1
3719	CERS3
3720	EPHA3
3721	EPHA4
3722	PDILT
3723	EPHA5
3724	EPHA7
3725	EPHA8
3726	EPHB1
3727	NLRP11
3728	HIPK1
3729	EPHB2
3730	SLC44A5
3731	EPHB3
3732	AK2
3733	EPHB4
3734	FAM123C
3735	EPHB6
3736	LINC00116
3737	EPHX1
3738	C2orf69
3739	EPHX2
3740	C3orf58
3741	STX2
3742	SENP5
3743	CLN8
3744	EPO
3745	KIAA2018
3746	EPOR
3747	TRIML2
3748	EPRS
3749	EPS8
3750	EPS15
3751	AQPEP
3752	SLC36A1
3753	NR2F6
3754	C6orf163
3755	ERBB2
3756	ERBB3
3757	ERBB4
3758	ERCC1
3759	ERCC2
3760	EREG
3761	EYA4
3762	ERCC3
3763	ERCC4
3764	ERCC6
3765	ERF
3766	ERG
3767	ERH
3768	AKT1
3769	ERN1
3770	AKT2
3771	FBL
3772	ESD
3773	ESR1
3774	ABCA2
3775	ESR2
3776	ESRRA
3777	ESRRB
3778	ESRRG
3779	ETF1
3780	ETFA
3781	ETFB
3782	ALAD
3783	ETFDH
3784	ETS1
3785	ETS2
3786	ETV1
3787	ETV2
3788	ETV3
3789	ETV4
3790	ETV5
3791	ALAS1
3792	ETV6
3793	EVC
3794	MECOM
3795	EVI2A
3796	EVI2B
3797	EVPL
3798	EVX1
3799	ALAS2
3800	EWSR1
3801	EXT1
3802	EXT2
3803	EXTL1
3804	EXTL2
3805	EXTL3
3806	EYA1
3807	EYA2
3808	ALB
3809	EYA3
3810	EZH1
3811	EZH2
3812	F2
3813	F2R
3814	ALCAM
3815	F2RL1
3816	F2RL2
3817	F3
3818	F5
3819	F7
3820	F8
3821	F9
3822	F10
3823	ABCD1
3824	F11
3825	F12
3826	F13A1
3827	F13B
3828	FAAH
3829	FABP4
3830	FABP1
3831	FABP2
3832	ALDH1A1
3833	FABP3
3834	FABP6
3835	FABP7
3836	FANCA
3837	FANCC
3838	FANCD2
3839	FANCE
3840	ALDH2
3841	ACSL1
3842	ACSL3
3843	FAH
3844	PTK2B
3845	BPTF
3846	FANCB
3847	FANCF
3848	FANCG
3849	ALDH3A1
3850	FAP
3851	SAMD9L
3852	FAM123A
3853	ATAD3C
3854	FBLN1
3855	PLAC9
3856	FARSA
3857	MTIF3
3858	GSX1
3859	FASN
3860	SMTNL1
3861	YPEL4
3862	MED19
3863	C7orf62
3864	ZNF804B
3865	FAT1
3866	ZCCHC24
3867	ENKUR
3868	ARMC3
3869	UNC5B
3870	FAT2
3871	STOX1
3872	C10orf35
3873	TYSND1
3874	ZNF25
3875	GJD4
3876	CCNY
3877	RTKN2
3878	TBATA
3879	FAU
3880	C11orf45
3881	HYLS1
3882	TMEM218
3883	SLC37A2
3884	TMEM136
3885	MRPL21
3886	TPCN2
3887	SPATA19
3888	GLYATL2
3889	MPEG1
3890	PATL1
3891	PLAC1L
3892	MS4A15
3893	FBLN2
3894	ALDH1B1
3895	ABCA3
3896	VWCE
3897	CYBASC3
3898	PPP1R32
3899	C11orf82
3900	CCDC83
3901	ORAOV1
3902	LRTOMT
3903	SPERT
3904	FBN1
3905	FAM124A
3906	SKA1
3907	CCDC11
3908	DOK6
3909	FBN2
3910	ATOH7
3911	OTUD1
3912	HEPACAM
3913	EFEMP1
3914	OAF
3915	TIGD3
3916	FAM181B
3917	CCDC89
3918	FBP1
3919	FCAR
3920	FCER1A
3921	MS4A2
3922	FCER1G
3923	FCER2
3924	ZNF438
3925	SLC16A9
3926	FAM13C
3927	MARCH8
3928	C10orf25
3929	HNRNPA3
3930	ZNF485
3931	ALDH1A3
3932	RASGEF1A
3933	CCDC7
3934	REEP3
3935	JMJD1C
3936	UCMA
3937	FAM171A1
3938	SLC39A12
3939	NSUN6
3940	ARL5B
3941	LRRN4CL
3942	HNRNPUL2
3943	ALKBH3
3944	N6AMT2
3945	SKA3
3946	EFHA1
3947	CPNE2
3948	GPR114
3949	PRSS54
3950	CES5A
3951	LINC00305
3952	AKD1
3953	NT5DC1
3954	FAM26D
3955	ZUFSP
3956	FAM162B
3957	C6orf170
3958	BEND6
3959	OPN5
3960	GPR115
3961	GPR116
3962	FCGR2B
3963	TDRD6
3964	SPATS1
3965	C6orf223
3966	RSPH9
3967	LRRC73
3968	ADCY10P1
3969	C6orf130
3970	KIF6
3971	TMEM217
3972	FGD2
3973	PI16
3974	C6orf89
3975	ARMC12
3976	C6orf1
3977	LEMD2
3978	ZBTB9
3979	ZBTB12
3980	C6orf136
3981	FCGR3B
3982	KDM1B
3983	RBM24
3984	RNF182
3985	PHACTR1
3986	C6orf228
3987	SYCP2L
3988	LINC00518
3989	PXDC1
3990	MGC39372
3991	ZNF498
3992	FAM200A
3993	FCGRT
3994	VWDE
3995	PRPS1L1
3996	TWISTNB
3997	SP8
3998	HOXA11-AS
3999	JAZF1
4000	FKTN
4001	PPP1R35
4002	GPC2
4003	BRAT1
4004	SDK1
4005	FOXK1
4006	MMD2
4007	DAGLB
4008	THSD7A
4009	FCN1
4010	ALDH3B1
4011	TMED4
4012	FCN2
4013	DKFZP586I1420
4014	C7orf41
4015	PRR15
4016	SRRM3
4017	RSBN1L
4018	KIAA1324L
4019	LRWD1
4020	FAM185A
4021	FBXL13
4022	NAPEPLD
4023	ATXN7L1
4024	CDHR3
4025	FDFT1
4026	BEND7
4027	LNX2
4028	GPR97
4029	FDPS
4030	HS3ST5
4031	GPRC6A
4032	RFX6
4033	SLC35F1
4034	FAM83B
4035	GPR111
4036	TSPO2
4037	UNC5CL
4038	KCTD20
4039	PXT1
4040	LHFPL5
4041	SCUBE3
4042	NKAPL
4043	FAM217A
4044	TMEM130
4045	FERD3L
4046	NYAP1
4047	SLC29A4
4048	ALDH3B2
4049	CCDC129
4050	ZNRF2
4051	FDX1
4052	SEMA3D
4053	FDXR
4054	FECH
4055	FEN1
4056	GPC4
4057	ALDH9A1
4058	FER
4059	FES
4060	FGA
4061	FGB
4062	FGD1
4063	FGF1
4064	FGF2
4065	FGF3
4066	FGF4
4067	ALDH3A2
4068	FGF5
4069	FGF6
4070	FGF7
4071	FGF8
4072	FGF9
4073	FGF10
4074	MAPK15
4075	FGF11
4076	FGF12
4077	FGF13
4078	FGF14
4079	ABCD2
4080	FGFR1
4081	FGFR3
4082	GPC5
4083	FGFR2
4084	FGFR4
4085	FGG
4086	FGL1
4087	FGR
4088	ALDOA
4089	FH
4090	FHIT
4091	FHL1
4092	FHL2
4093	FHL3
4094	CASC3
4095	NID2
4096	COG2
4097	TFEC
4098	LAMB4
4099	RRAS2
4100	ITGA11
4101	CLCA4
4102	XRN2
4103	IKZF3
4104	IKZF2
4105	MRAS
4106	ATF5
4107	FKBP1A
4108	COPZ1
4109	FKBP1B
4110	COPG1
4111	RASA3
4112	PHLDA1
4113	MTF2
4114	HSPA4L
4115	DNAJC8
4116	PUF60
4117	SCAF8
4118	NLGN4Y
4119	KIAA1009
4120	ZNF652
4121	ZFP30
4122	RHOBTB3
4123	COBLL1
4124	RNF44
4125	DLGAP4
4126	RAB11FIP2
4127	PPM1E
4128	FRMPD1
4129	DOLK
4130	VASH1
4131	ZNF507
4132	AAK1
4133	CPEB3
4134	ADNP2
4135	ANKRD26
4136	LMTK2
4137	NTNG1
4138	CHSY1
4139	ICK
4140	LPHN1
4141	NLRP1
4142	FNDC3A
4143	ATG14
4144	R3HDM2
4145	SLITRK3
4146	CNKSR2
4147	FASTKD2
4148	ZNF510
4149	FKBP2
4150	PPP6R1
4151	NLGN1
4152	SEC31A
4153	DZIP1
4154	PLEKHA6
4155	ENPP4
4156	INPP5F
4157	MLXIP
4158	TRAPPC8
4159	MON1B
4160	FKBP3
4161	MORC2
4162	ANKRD6
4163	ZHX2
4164	CLSTN1
4165	WDR37
4166	ABLIM3
4167	FOXJ3
4168	UBOX5
4169	KIAA0907
4170	FKBP4
4171	ZBTB1
4172	ZNF365
4173	BAHD1
4174	DIS3
4175	CEP164
4176	DENND3
4177	ARHGEF15
4178	FKBP5
4179	CARD8
4180	ARSG
4181	RUFY3
4182	BTBD3
4183	SBNO2
4184	EPN2
4185	TRAK1
4186	DHX30
4187	SACM1L
4188	FAN1
4189	FOXG1
4190	WDR47
4191	RALY
4192	MMRN1
4193	NCBP2
4194	ZP1
4195	CD93
4196	MAPRE1
4197	KIFAP3
4198	MSRB2
4199	MAPRE3
4200	PLA2R1
4201	ATF6
4202	HABP4
4203	SEPHS2
4204	SEPHS1
4205	RAB3GAP1
4206	RAB18
4207	SIRT2
4208	RPIA
4209	ELL2
4210	SCAP
4211	SNW1
4212	SHANK2
4213	DKK1
4214	KIN
4215	CCT5
4216	PTGR1
4217	FOXF1
4218	SLC4A1AP
4219	P2RX2
4220	TRIM32
4221	SCMH1
4222	FOXF2
4223	FOXC1
4224	TPX2
4225	PAXIP1
4226	AKR7A3
4227	NT5C2
4228	FOXD1
4229	TCF25
4230	NINL
4231	DIP2C
4232	MAST1
4233	PDCD11
4234	ACIN1
4235	SORCS3
4236	MYH15
4237	PCNX
4238	KDM2A
4239	HMGXB3
4240	AZI1
4241	CEP152
4242	TTC39A
4243	IGSF9B
4244	LIMCH1
4245	RIMS1
4246	FOXI1
4247	ALDOB
4248	ABCB7
4249	WDFY3
4250	DAAM1
4251	MAPKBP1
4252	PLCH1
4253	KLHDC10
4254	FOXL1
4255	RAB21
4256	STK38L
4257	SPEN
4258	FBXO21
4259	GOLGA8A
4260	EXOSC7
4261	FAIM2
4262	CNOT1
4263	FOXE3
4264	SNRNP200
4265	PALLD
4266	TMCC1
4267	PDZRN3
4268	UNC13A
4269	MYO16
4270	KDM1A
4271	RBM34
4272	FOXJ1
4273	KDM4B
4274	MAST3
4275	USP33
4276	DOPEY1
4277	SAMD4A
4278	PHLPP2
4279	ZNF292
4280	PDZD2
4281	WDTC1
4282	XPO7
4283	FOXC2
4284	MYT1L
4285	MON2
4286	PDXDC1
4287	TNIK
4288	KIF21B
4289	PDS5B
4290	FNBP1
4291	SMG1
4292	FOXE1
4293	ZHX3
4294	ENDOD1
4295	KIAA0913
4296	NCOA6
4297	NMNAT2
4298	CLUAP1
4299	FOXM1
4300	ZNF609
4301	TBC1D9B
4302	GGA2
4303	WAPAL
4304	SETX
4305	EMC1
4306	CAND2
4307	SETD1B
4308	FOXD2
4309	FTSJD2
4310	ERP44
4311	HECW1
4312	UHRF1BP1L
4313	SWAP70
4314	RRP1B
4315	MYCBP2
4316	VWA8
4317	FOXS1
4318	AVL9
4319	KDM4C
4320	PPRC1
4321	ERC1
4322	EXPH5
4323	TRIM35
4324	PEG10
4325	FOXO1
4326	ZNF423
4327	ZC3H13
4328	ARHGAP26
4329	TTLL5
4330	SIPA1L3
4331	KIF1B
4332	IQSEC2
4333	CDK19
4334	SARM1
4335	ZBTB43
4336	FOXO3
4337	ALDOC
4338	MCF2L2
4339	TBC1D2B
4340	FSTL4
4341	MRPS27
4342	RAP1GAP2
4343	DDN
4344	SPG20
4345	TNRC6B
4346	CUL9
4347	NFASC
4348	FAM179B
4349	TAB2
4350	HIC2
4351	ATP10B
4352	CLASP2
4353	CAMTA2
4354	POGZ
4355	GLT25D2
4356	PLXND1
4357	FLG
4358	ATG2A
4359	GPATCH8
4360	RAD54L2
4361	PHF8
4362	KDM6B
4363	EPB41L3
4364	SMC5
4365	N4BP3
4366	MAST2
4367	FLI1
4368	ZZEF1
4369	ANKLE2
4370	DCUN1D4
4371	LRCH1
4372	ZC3H3
4373	SSPO
4374	NACAD
4375	FCHO1
4376	FLII
4377	FRMD4B
4378	GRAMD4
4379	CIC
4380	NCDN
4381	CLCC1
4382	SEPT6
4383	TBC1D9
4384	MLANA
4385	WDR43
4386	SNX13
4387	MAPK8IP3
4388	GGA3
4389	MPRIP
4390	NUP205
4391	STAB1
4392	EFR3A
4393	RTF1
4394	SLC35D1
4395	FLNA
4396	TTLL12
4397	GPD1L
4398	FAM175B
4399	METAP1
4400	ZCCHC14
4401	LPIN1
4402	SEPT8
4403	CEP68
4404	PASK
4405	RGL1
4406	FLNB
4407	RFTN1
4408	DIP2A
4409	MESDC2
4410	LARP4B
4411	RCOR1
4412	PHLDB1
4413	KANK1
4414	FLNC
4415	UBXN4
4416	CYFIP1
4417	ATG4B
4418	GANAB
4419	FBXL7
4420	MDN1
4421	FAM120A
4422	FAF2
4423	PSME4
4424	KIAA0182
4425	FLOT2
4426	AKR1B1
4427	ATP11B
4428	PMPCA
4429	ARL6IP1
4430	ACSBG1
4431	PLEKHM2
4432	SYT11
4433	MLC1
4434	JMJD6
4435	ZC3H4
4436	RRS1
4437	SULF1
4438	XPO6
4439	PRRC2C
4440	TBC1D1
4441	ZFR2
4442	NBEAL2
4443	FBXO28
4444	DTX4
4445	RHOBTB2
4446	RRP12
4447	SYNE2
4448	NUP210
4449	PLCL2
4450	ARHGEF9
4451	FLT3
4452	VPS13A
4453	SEL1L3
4454	TBC1D12
4455	SIK2
4456	PLCB1
4457	ARC
4458	PHLPP1
4459	FLT3LG
4460	KIAA0922
4461	PACS2
4462	COBL
4463	ANKRD28
4464	PDS5A
4465	ASTN2
4466	KIAA0556
4467	RPRD2
4468	FLT4
4469	ATP11A
4470	KIAA1024
4471	OTUD3
4472	ANKRD12
4473	KAZN
4474	SCFD1
4475	DENND5A
4476	CAMTA1
4477	PPIP5K2
4478	MCF2L
4479	ZC3H7B
4480	EXOC7
4481	LPHN2
4482	DNMBP
4483	MGA
4484	FMO1
4485	TSPYL4
4486	CAMSAP2
4487	FAM208A
4488	CLEC16A
4489	POFUT2
4490	KLHL18
4491	KIAA0664
4492	NUP160
4493	FMO2
4494	MTUS2
4495	CSTF2T
4496	LPHN3
4497	WWC1
4498	AGTPBP1
4499	IQCE
4500	FMO3
4501	FBXW11
4502	SMG6
4503	ANKS1A
4504	MGRN1
4505	BICD2
4506	FMO4
4507	ATMIN
4508	EHBP1
4509	WSCD1
4510	KIF13B
4511	UBR2
4512	ACSL6
4513	TMEM194A
4514	FKBP15
4515	ICOSLG
4516	SIN3B
4517	FMO5
4518	NCAPD3
4519	DMXL2
4520	KIAA0930
4521	SATB2
4522	SLC9A8
4523	CUX2
4524	DNAJC13
4525	ZCCHC11
4526	FMOD
4527	TRIM2
4528	RPGRIP1L
4529	MAN2B2
4530	KIAA1033
4531	USP22
4532	NEDD4L
4533	SASH1
4534	TBC1D30
4535	FMR1
4536	TTC28
4537	CLASP1
4538	DPY19L1
4539	SZT2
4540	WDR7
4541	SYNM
4542	PHF15
4543	VPS39
4544	DNAJC16
4545	ESYT1
4546	SYNE1
4547	SMCHD1
4548	DOCK9
4549	KIAA1045
4550	AFF2
4551	U2SURP
4552	KHNYN
4553	UBR4
4554	SUN1
4555	HAUS5
4556	VPS8
4557	ANGEL1
4558	USP24
4559	FN1
4560	FNBP4
4561	ZNF629
4562	PSD3
4563	OBSL1
4564	ARHGEF12
4565	KIAA0895
4566	LARP1
4567	PPP1R13B
4568	PUM2
4569	ARHGEF18
4570	TENC1
4571	CRTC1
4572	UFL1
4573	RRP8
4574	KIAA0947
4575	SRGAP2
4576	SMG5
4577	AHCYL2
4578	MAU2
4579	SPECC1L
4580	NCSTN
4581	NUDCD3
4582	SIK3
4583	MED13L
4584	ZDHHC17
4585	KIAA0368
4586	ADNP
4587	LARS2
4588	PIP5K1C
4589	NCAPH
4590	PPWD1
4591	CTDNEP1
4592	FNTA
4593	ATP13A2
4594	FRAT2
4595	FBXO46
4596	EXOSC2
4597	DICER1
4598	COTL1
4599	SIRT5
4600	SIRT4
4601	SIRT3
4602	SIRT1
4603	COMMD3
4604	NCS1
4605	ZFPM2
4606	KCNH4
4607	KCNH3
4608	MLYCD
4609	CRB1
4610	ITGB3BP
4611	TMED3
4612	TDRD7
4613	GRIP1
4614	SLC7A8
4615	RYBP
4616	TPSD1
4617	AP4E1
4618	GPR161
4619	RHOQ
4620	C3orf27
4621	CELA3B
4622	HARS2
4623	ATP1B4
4624	OTP
4625	SLC35A3
4626	SLC44A1
4627	SF3B3
4628	SF3B1
4629	ANGPTL2
4630	ABCB10
4631	ABCB9
4632	ABCA6
4633	ABCA5
4634	HEY1
4635	ICMT
4636	GCAT
4637	CBX6
4638	NPTXR
4639	CBX5
4640	PHF3
4641	FOLH1
4642	TRAM1
4643	CAPN7
4644	ETHE1
4645	QPRT
4646	BRD4
4647	SEC11A
4648	ISCU
4649	SEC61G
4650	PES1
4651	TGDS
4652	LEPROTL1
4653	FOLR1
4654	CES3
4655	CBX7
4656	HEY2
4657	TNFRSF13B
4658	HAAO
4659	MACF1
4660	DAAM2
4661	ZFYVE26
4662	RIMBP2
4663	TMEM131
4664	KIAA0240
4665	TTC9
4666	POFUT1
4667	FOLR2
4668	KCTD2
4669	NUP188
4670	SUZ12
4671	SCRIB
4672	KIAA0146
4673	MORC3
4674	SLC39A14
4675	SKIV2L2
4676	R3HDM1
4677	ANP32D
4678	ANP32C
4679	RPL13A
4680	KAT6B
4681	CABIN1
4682	SRRM2
4683	HMHA1
4684	ACAP2
4685	ZNF281
4686	CLCF1
4687	FOLR3
4688	NNT
4689	MMD
4690	PRAME
4691	PIK3R5
4692	TNPO3
4693	ADAT1
4694	OR52A1
4695	SLC16A8
4696	FOS
4697	SEC14L2
4698	MAPK8IP2
4699	RBFOX2
4700	SEZ6L
4701	ATP6V0A2
4702	SYNGR4
4703	LILRA4
4704	TTC33
4705	DNPEP
4706	FOSB
4707	PSD4
4708	RASD2
4709	CDK20
4710	HYAL4
4711	TSPAN12
4712	TSPAN15
4713	PIGN
4714	SNAPIN
4715	WBP2
4716	FOSL2
4717	GTPBP4
4718	CLDN14
4719	CHST5
4720	DDAH2
4721	LPAR3
4722	ZNF346
4723	ARL2BP
4724	PADI4
4725	FPGS
4726	DDAH1
4727	FPR1
4728	CDC42EP4
4729	CASP14
4730	CCNDBP1
4731	SMUG1
4732	VSIG2
4733	TMEM50A
4734	DDX58
4735	ELP5
4736	KLHDC2
4737	CARHSP1
4738	FPR2
4739	PDSS1
4740	FAM215A
4741	LEMD3
4742	HEBP2
4743	ORC6
4744	ORC3
4745	OPN3
4746	ACOT9
4747	PATZ1
4748	FPR3
4749	CLEC5A
4750	CORO1C
4751	DAPK2
4752	CD2AP
4753	MKRN1
4754	MKRN2
4755	PHLDA3
4756	ZMYND8
4757	PPY2
4758	PYY2
4759	SH3BP1
4760	TSSK2
4761	ZIM2
4762	NTSR2
4763	BACE1
4764	RUSC1
4765	CBLC
4766	FAM89B
4767	SPO11
4768	PRND
4769	KCNE1L
4770	CA14
4771	KPNA6
4772	SSBP2
4773	NUP62
4774	RABGAP1
4775	LRRC6
4776	HSPBP1
4777	LDOC1
4778	SNHG1
4779	LY96
4780	EDC4
4781	PPP1R15A
4782	PLD3
4783	ARFIP2
4784	SSBP3
4785	POLA2
4786	TRIM29
4787	PLXNB2
4788	SLC7A11
4789	LSM5
4790	PLA2G15
4791	ZKSCAN5
4792	TMEM2
4793	TMEFF2
4794	STX12
4795	SMPX
4796	SH3BP4
4797	RAB38
4798	PRKD3
4799	KCNE4
4800	CADM1
4801	GSPT2
4802	GABARAPL1
4803	SHPK
4804	TMEM245
4805	FRRS1L
4806	EID1
4807	NPAP1
4808	BHMT2
4809	AIPL1
4810	SDF2L1
4811	PPIL2
4812	PITPNB
4813	PISD
4814	OSBP2
4815	MAFF
4816	IL17RA
4817	FLRT3
4818	FLRT2
4819	FLRT1
4820	FKBP8
4821	BRD1
4822	APOL2
4823	BCL2L13
4824	MTCH1
4825	MTCH2
4826	ALK
4827	FXN
4828	ALOX12
4829	ABCF1
4830	ALOX5
4831	KIF4A
4832	IFIT5
4833	EML2
4834	FTSJ1
4835	LAMP5
4836	NAT6
4837	TFIP11
4838	PANX1
4839	CLDN15
4840	FJX1
4841	PRPF6
4842	ZNF318
4843	ALOX5AP
4844	ALOX12B
4845	FRK
4846	SPDYA
4847	MS4A6E
4848	VGLL2
4849	CNPY4
4850	DEFB119
4851	DEFB121
4852	DEFB123
4853	DEFB124
4854	DEFB125
4855	ATP6V0D2
4856	ATP6V1C2
4857	ALOX12P2
4858	TTTY10
4859	TXLNG2P
4860	CNOT6L
4861	GAS2L2
4862	SLC17A8
4863	RNASEH1
4864	LACE1
4865	STAC3
4866	PELI3
4867	LINC00314
4868	STH
4869	SPESP1
4870	IL27
4871	ALOX15
4872	MTOR
4873	ALOX15B
4874	FRG1
4875	FRZB
4876	FSHB
4877	ALPI
4878	CENPI
4879	FSHR
4880	NR5A2
4881	FTH1
4882	ALPL
4883	ABCA4
4884	ALPP
4885	FTL
4886	ADAM2
4887	NR5A1
4888	FUCA1
4889	FUCA2
4890	ALPPL2
4891	GAST
4892	FUS
4893	FUT1
4894	FUT2
4895	FUT3
4896	FUT4
4897	FUT5
4898	TMEM9
4899	ZNF396
4900	FUT6
4901	NEIL2
4902	STXBP4
4903	FNDC5
4904	FUT7
4905	HEPACAM2
4906	TECRL
4907	HCG27
4908	LOC253039
4909	FUT8
4910	LINC00612
4911	PRR14L
4912	EPHX4
4913	SERHL2
4914	KDSR
4915	RICTOR
4916	DARC
4917	FYB
4918	IPMK
4919	ZBTB38
4920	FYN
4921	SLC25A30
4922	LCLAT1
4923	CADM2
4924	FZD2
4925	CCDC75
4926	ZNF620
4927	GNN
4928	EBF3
4929	WDR27
4930	CERS6
4931	IFI6
4932	MSRB3
4933	ZDHHC20
4934	C20orf166-AS1
4935	G6PC
4936	YTHDF3
4937	RALGAPA1
4938	SFTA3
4939	KCTD13
4940	ASPHD1
4941	G6PD
4942	METTL20
4943	UBN2
4944	LRRC43
4945	BRWD3
4946	EHBP1L1
4947	SNX32
4948	CXorf58
4949	FBXO33
4950	TTLL10
4951	TSGA10IP
4952	RNF169
4953	FAM26E
4954	CNIH2
4955	AKNAD1
4956	PHYHD1
4957	SLC37A4
4958	LOC254312
4959	ZDHHC24
4960	MCM9
4961	GAGE1
4962	C10orf47
4963	SLC41A1
4964	C11orf86
4965	MEIOB
4966	LPCAT4
4967	LYG2
4968	C8orf46
4969	NAALADL2
4970	C17orf61
4971	ZDHHC23
4972	GAA
4973	MORN5
4974	GAB1
4975	CALHM1
4976	MPV17L
4977	TMEM86B
4978	C19orf26
4979	TAC4
4980	GABBR1
4981	CCDC108
4982	TMCO4
4983	C4orf22
4984	LOC255130
4985	PLA2G4F
4986	CSNK1G2-AS1
4987	GABPA
4988	MCOLN2
4989	LRRC57
4990	MYADML2
4991	NUP210P1
4992	MBLAC1
4993	TCP11L2
4994	GABPB1
4995	ZNF718
4996	LOC255411
4997	RASGEF1C
4998	RNF144B
4999	GABRA1
5000	ELMOD2
5001	GABRA2
5002	HIST1H2BA
5003	COL24A1
5004	GABRA3
5005	PCSK9
5006	NPNT
5007	TCTEX1D2
5008	PDZD9
5009	PRR24
5010	C3orf43
5011	GABRA4
5012	BCL6B
5013	GABRA5
5014	CNEP1R1
5015	ADAM5
5016	SYT14
5017	PAN3
5018	GABRA6
5019	ANKRD31
5020	ZNF549
5021	COL6A5
5022	GABRB1
5023	SYCE2
5024	TMEM196
5025	HMCN2
5026	GABRB2
5027	CDRT15L2
5028	NAPSB
5029	NUDT14
5030	GABRB3
5031	C17orf103
5032	CCDC110
5033	C11orf35
5034	GK5
5035	EML3
5036	LINC00521
5037	SCML4
5038	GABRD
5039	ST6GALNAC3
5040	MFSD8
5041	TMEM151A
5042	GABRE
5043	TCERG1L
5044	LYSMD2
5045	GABRG1
5046	CXorf23
5047	C15orf55
5048	MAMDC2
5049	GABRG2
5050	GLIPR1L1
5051	MAP7D2
5052	WDR72
5053	GABRG3
5054	C10orf67
5055	GABRP
5056	NPB
5057	KANK3
5058	C17orf66
5059	SUN3
5060	GABRR1
5061	PLAC2
5062	FRMD3
5063	C1orf101
5064	CATSPERD
5065	PLCXD2
5066	GABRR2
5067	ZNF683
5068	ARHGAP30
5069	GCSAM
5070	RNF214
5071	C9orf43
5072	C1orf192
5073	NEGR1
5074	GAD1
5075	SHPRH
5076	CCDC96
5077	KLHL34
5078	GAD2
5079	UTS2D
5080	BRWD1-IT2
5081	SNX33
5082	TAB3
5083	C2orf72
5084	KIAA1549L
5085	SHC2
5086	ANKS4B
5087	CXorf27
5088	PRPF40B
5089	SLC24A2
5090	C22orf31
5091	TBC1D22A
5092	C22orf24
5093	CBY1
5094	SUN2
5095	DSTYK
5096	RASGRP3
5097	RAB3GAP2
5098	RAD54B
5099	TMEM59L
5100	CCDC19
5101	NGEF
5102	CIZ1
5103	FBXO7
5104	FSCN2
5105	PGLS
5106	QPCT
5107	BRI3
5108	ZNF324
5109	ALX3
5110	SLC39A6
5111	SVIP
5112	GCA
5113	LMOD1
5114	SPDEF
5115	LSM4
5116	BAMBI
5117	VAX2
5118	RHBDD3
5119	TTLL1
5120	GAK
5121	SAMM50
5122	ATXN10
5123	TNFAIP8
5124	FAM19A5
5125	KLK5
5126	CCRN4L
5127	GALC
5128	ARIH1
5129	MTO1
5130	DNAJB5
5131	TPSG1
5132	PRDX5
5133	BACE2
5134	FBXL2
5135	TXN2
5136	TMEM184B
5137	GALE
5138	SULT4A1
5139	HECTD1
5140	POU2F3
5141	NIPBL
5142	RAB26
5143	COG4
5144	B4GALNT1
5145	METTL7A
5146	ABTB2
5147	ASF1A
5148	YIPF3
5149	ANAPC13
5150	PARM1
5151	GALK1
5152	ZNF345
5153	TECPR1
5154	ARMC8
5155	DCAF12
5156	FAM149A
5157	BRMS1
5158	C11orf20
5159	PART1
5160	GALK2
5161	DFNB31
5162	USP49
5163	ABHD14A
5164	PRKD2
5165	SUMF2
5166	C3orf17
5167	RPL36
5168	MPC2
5169	LETMD1
5170	SPEF1
5171	MXRA5
5172	DCAF13
5173	GALR1
5174	TMEM186
5175	CHRDL2
5176	POLR1A
5177	POC1A
5178	ZNF473
5179	GALNS
5180	ABI3BP
5181	PAMR1
5182	TRIM58
5183	PLEKHG4
5184	METTL21B
5185	INTS7
5186	RNF19A
5187	RCHY1
5188	GALNT1
5189	AMBN
5190	IFFO1
5191	CCDC28A
5192	MTHFD1L
5193	OLFML2B
5194	CNOT10
5195	ANAPC15
5196	TMEM158
5197	AHCTF1
5198	GALNT2
5199	DPCD
5200	C1orf43
5201	POT1
5202	RTTN
5203	NDUFAF3
5204	ALS2CL
5205	THUMPD3
5206	NCR3
5207	GALNT3
5208	COBRA1
5209	LY6G6F
5210	HSPA12A
5211	ZDHHC5
5212	SGMS1
5213	NALCN
5214	DSCR10
5215	TMIE
5216	WFDC11
5217	ATL3
5218	WFDC9
5219	MRGPRX1
5220	MYRIP
5221	ZNF521
5222	ASPM
5223	NOL11
5224	CNRIP1
5225	BOD1L1
5226	TAS2R39
5227	TAS2R40
5228	TAS2R41
5229	SOSTDC1
5230	TAS2R50
5231	GEMIN5
5232	GALT
5233	IL4I1
5234	FAM205A
5235	PTPN23
5236	CLIC4
5237	NIPSNAP3A
5238	NSL1
5239	WWTR1
5240	SAMHD1
5241	GAMT
5242	FAM98A
5243	TPGS2
5244	SIN3A
5245	C20orf194
5246	ZNF385A
5247	KBTBD2
5248	SYF2
5249	RWDD3
5250	PNKD
5251	SEC31B
5252	PNISR
5253	KANK2
5254	GANC
5255	GPR124
5256	NUDT13
5257	KIAA1429
5258	TMEM87A
5259	C2CD2
5260	GAP43
5261	SH2B1
5262	UNC50
5263	PARS2
5264	MMACHC
5265	EGFL6
5266	TIPARP
5267	NECAP1
5268	CHMP2B
5269	DHRS7B
5270	GAPDH
5271	AAR2
5272	DNAH1
5273	NGDN
5274	KRT23
5275	TSKU
5276	HINFP
5277	ULK3
5278	SNED1
5279	HIGD1A
5280	REXO2
5281	IBTK
5282	CLIP3
5283	AMBP
5284	ABL1
5285	TBC1D10B
5286	RNF167
5287	MOXD1
5288	GORASP2
5289	C2CD3
5290	DAK
5291	ZZZ3
5292	SPATS2L
5293	ODZ4
5294	NELF
5295	L3MBTL1
5296	RPAP1
5297	FAM32A
5298	LRIG1
5299	UPF2
5300	LRP10
5301	TMEM98
5302	ACOT11
5303	CYP4X1
5304	PLEKHG3
5305	OSBPL3
5306	SUSD5
5307	ATRNL1
5308	IPCEF1
5309	GLCE
5310	ZNF451
5311	SIPA1L1
5312	CHD5
5313	SS18L1
5314	SETBP1
5315	MAGI3
5316	PRSS33
5317	PYDC1
5318	FDCSP
5319	UBXN7
5320	LRRTM2
5321	LTN1
5322	CNTNAP2
5323	ZNF500
5324	FAM169A
5325	SLITRK5
5326	PPP1R16B
5327	DNM3
5328	AUTS2
5329	SENP6
5330	RAB11FIP5
5331	ANKRD17
5332	GIGYF2
5333	ERC2
5334	APPL1
5335	HACL1
5336	HYALP1
5337	DECR2
5338	RAI14
5339	LSM14A
5340	FAM127B
5341	POLDIP2
5342	C20orf26
5343	TBC1D29
5344	ARHGEF26
5345	KLK13
5346	GGA1
5347	ABHD12
5348	HERC4
5349	TOR1AIP1
5350	CCDC9
5351	DCAF4
5352	CHTOP
5353	C10orf137
5354	SZRD1
5355	WIPI2
5356	LRIT1
5357	CCDC69
5358	TANC2
5359	WSB1
5360	LDLRAP1
5361	PRPF31
5362	EPC2
5363	TCTN3
5364	FGFR1OP2
5365	KIAA1279
5366	GAPVD1
5367	TRPC4AP
5368	SERBP1
5369	TES
5370	ZBTB20
5371	IRF2BP1
5372	TRAF3IP1
5373	PHF19
5374	C10orf12
5375	RIBC2
5376	NAT9
5377	ZNF337
5378	KIF26A
5379	ABCA12
5380	NOC2L
5381	RSL1D1
5382	GIMAP2
5383	LRRC32
5384	IFT172
5385	GTPBP5
5386	RGS22
5387	PCDHB5
5388	SENP3
5389	TIPRL
5390	STEAP2
5391	NPHP4
5392	INTS1
5393	TMEM251
5394	GARS
5395	OR1F2P
5396	OR1C1
5397	OR1A2
5398	GART
5399	FBXW2
5400	PTPN22
5401	GAS1
5402	GMEB2
5403	SPAG8
5404	PITPNC1
5405	GAS2
5406	OR2F1
5407	OR2B6
5408	OR1J4
5409	GAS6
5410	DGCR5
5411	FBXL21
5412	FBXL3
5413	ARL5A
5414	PHGDH
5415	STAP1
5416	B3GAT3
5417	GAS8
5418	TIAM2
5419	LRRC29
5420	FBXO2
5421	FBXL6
5422	FBXL5
5423	FBXL4
5424	LCE2B
5425	GATA1
5426	FAM50B
5427	OR2M4
5428	OR2L2
5429	OR2L1P
5430	OR2K2
5431	KLHL3
5432	GATA2
5433	KCNG2
5434	CLEC4E
5435	OPTC
5436	PTTG3P
5437	CABYR
5438	NKX2-8
5439	BLOC1S6
5440	GATA3
5441	FBXO25
5442	FBXO24
5443	TSPAN17
5444	FBXO22
5445	SLC13A4
5446	FBXO10
5447	FBXO9
5448	FBXO8
5449	GATA4
5450	FBXO6
5451	FBXO5
5452	FBXO4
5453	FBXO3
5454	HIBCH
5455	VPS33B
5456	TINF2
5457	SACS
5458	PLA2G2D
5459	GATA6
5460	IL1RAPL2
5461	FGF20
5462	ERAL1
5463	CLDN17
5464	ARFGAP3
5465	ANKRD2
5466	AK5
5467	GATM
5468	GALNT8
5469	FGF21
5470	SERGEF
5471	EHF
5472	AMD1
5473	GBGT1
5474	GBAS
5475	GBE1
5476	GAPDHS
5477	OR7A17
5478	OR5L2
5479	OR5K1
5480	GBP1
5481	GBP2
5482	HSPB8
5483	GNL3
5484	FAM162A
5485	GBP3
5486	GBX2
5487	GC
5488	GCDH
5489	GCG
5490	GCH1
5491	GCHFR
5492	GCK
5493	LHX6
5494	PTPN18
5495	GCKR
5496	SEZ6L2
5497	NUPR1
5498	OR10J1
5499	BLOC1S1
5500	KAT2A
5501	OR8G2
5502	OR8B8
5503	OR8G1
5504	OR10A3
5505	PLEK2
5506	NR6A1
5507	NARF
5508	SLC17A5
5509	CNNM4
5510	CNNM3
5511	CNNM1
5512	HEYL
5513	MYOF
5514	GCNT1
5515	CHIC2
5516	INTS6
5517	FXC1
5518	TIMM13
5519	TIMM10
5520	GCNT2
5521	TIMM9
5522	TIMM8B
5523	EIF2C1
5524	LATS2
5525	IL36RN
5526	TSPAN16
5527	DAZAP1
5528	OR12D2
5529	OR11A1
5530	OR10H3
5531	OR10H2
5532	OR10H1
5533	ITGB1BP2
5534	AATF
5535	RGS17
5536	SRPK3
5537	PCOLCE2
5538	OSTF1
5539	MYEOV
5540	GREM1
5541	CKAP2
5542	MRPL46
5543	GDF2
5544	OR8B2
5545	AMELX
5546	TBL2
5547	MSTN
5548	ELP4
5549	GDF9
5550	GDF10
5551	GDI1
5552	OFCC1
5553	OR7C2
5554	OR7A5
5555	GDI2
5556	SEC14L3
5557	OR7C1
5558	BEST4
5559	PHF2P1
5560	HS6ST3
5561	MDGA1
5562	NPAS4
5563	RGL4
5564	NAP1L5
5565	OR4D1
5566	GDNF
5567	OR2W1
5568	GPR110
5569	GEM
5570	AMELY
5571	PGBD2
5572	PGBD3
5573	DAOA
5574	OR2J2
5575	GFAP
5576	OR2H1
5577	GFER
5578	GFI1
5579	GFPT1
5580	OR1J2
5581	NUFIP1
5582	GFRA1
5583	RPS6KC1
5584	SH3YL1
5585	GFRA2
5586	GFRA3
5587	SNORA72
5588	SNORA71B
5589	GGCX
5590	SNORA68
5591	SNORA64
5592	AMFR
5593	GGTA1P
5594	SNORA74A
5595	B4GALT1
5596	GGT7
5597	STEAP1
5598	OPLAH
5599	GGT5
5600	GH1
5601	GH2
5602	AMH
5603	GHR
5604	GHRH
5605	GHRHR
5606	GHSR
5607	GIF
5608	SMR3A
5609	RANBP6
5610	COPG2
5611	HBP1
5612	GIP
5613	NBEA
5614	GIPR
5615	CHORDC1
5616	ZNF285
5617	GJA1
5618	SEC22A
5619	AP3M1
5620	AKAP8L
5621	RNF11
5622	TRUB2
5623	GPR160
5624	FETUB
5625	CYFIP2
5626	AMHR2
5627	ABP1
5628	DNAJC2
5629	TCL6
5630	USP21
5631	FGF22
5632	GJA3
5633	TPK1
5634	KCNV1
5635	CNPPD1
5636	NGFRAP1
5637	DNAI1
5638	GJA4
5639	NPTN
5640	FOXD3
5641	FOXB1
5642	GJA5
5643	MLH3
5644	NPHP3
5645	ATP2C1
5646	ZBTB32
5647	ACAD8
5648	NOX1
5649	SIGLEC7
5650	TRMT2A
5651	PKD2L2
5652	GJA8
5653	LAT
5654	DIEXF
5655	PELP1
5656	SND1
5657	GJB1
5658	ANKRD1
5659	NSG1
5660	STAU2
5661	PPA2
5662	GHITM
5663	GJB2
5664	DAPP1
5665	VPS41
5666	LAMP3
5667	TSPAN13
5668	LYPD3
5669	B9D1
5670	RPUSD2
5671	GJB3
5672	MTBP
5673	FOXP1
5674	B3GAT1
5675	UQCRQ
5676	ST6GALNAC4
5677	CACNG5
5678	CACNG4
5679	TRAPPC3
5680	TAF5L
5681	CLUL1
5682	SND1-IT1
5683	GJB5
5684	AMPD1
5685	CACYBP
5686	EIF2AK1
5687	ARRDC2
5688	ZBTB11
5689	ATP5S
5690	GK
5691	FAM155B
5692	BBC3
5693	PDE7B
5694	DKKL1
5695	DKK4
5696	DKK3
5697	DKK2
5698	INPP5J
5699	AFF4
5700	SMC1B
5701	CYTH4
5702	HSPB7
5703	GK2
5704	INVS
5705	SNX5
5706	CPNE7
5707	KCNH5
5708	TJP3
5709	MORC1
5710	CIDEB
5711	PALD1
5712	FILIP1
5713	FAM184B
5714	DENND2A
5715	STK36
5716	CPAMD8
5717	INTU
5718	ZNF777
5719	BRPF3
5720	RTDR1
5721	CHIA
5722	INGX
5723	EIF2C2
5724	NAAA
5725	SALL3
5726	GLS2
5727	PRELID1
5728	SLC39A1
5729	TUBG2
5730	IL36B
5731	IL37
5732	IL36A
5733	GLA
5734	SIGLEC9
5735	SIGLEC8
5736	VPS4A
5737	DISC1
5738	IL17C
5739	IL17B
5740	GPR82
5741	HCAR1
5742	OXGR1
5743	GPC3
5744	AMPD2
5745	GPR78
5746	GPR77
5747	GLB1
5748	TUBGCP4
5749	SERP1
5750	NMRK2
5751	GNMT
5752	SULT1C4
5753	COQ2
5754	ARFIP1
5755	ARHGEF16
5756	GPKOW
5757	GPR162
5758	SIT1
5759	BBS9
5760	TNFRSF21
5761	CHMP2A
5762	SESN1
5763	AHDC1
5764	RNF115
5765	NFU1
5766	ERLEC1
5767	MMADHC
5768	PDCD4
5769	KLHL20
5770	PCDH17
5771	CSDC2
5772	CNTN6
5773	LSM1
5774	LSM3
5775	TINAG
5776	SULT1B1
5777	TEKT2
5778	SRPX2
5779	VENTX
5780	RBMXL2
5781	RND1
5782	SPINK4
5783	R3HCC1L
5784	DIMT1
5785	SMPDL3B
5786	DHDH
5787	PDLIM3
5788	TP53TG5
5789	CRCP
5790	ADAMDEC1
5791	GCLC
5792	AMPD3
5793	ZNF544
5794	APEX2
5795	BMP10
5796	RBMS3
5797	MOCS3
5798	HPGDS
5799	ZNF330
5800	GCLM
5801	RAB30
5802	PGAP2
5803	BHLHE22
5804	GLDC
5805	TOX3
5806	TNRC6A
5807	PCDH11X
5808	ANGPTL3
5809	RPS6KA6
5810	ZNF638
5811	GOLIM4
5812	P2RY10
5813	EIF3K
5814	HTATSF1
5815	PRPF19
5816	GLE1
5817	UTP20
5818	RRP7A
5819	RABGEF1
5820	POLL
5821	PCSK1N
5822	KCNMB4
5823	TMEM97
5824	STK39
5825	TOR1B
5826	MCAT
5827	GLG1
5828	APOBEC3C
5829	DESI1
5830	SGSM3
5831	GLI1
5832	GLI2
5833	GLI3
5834	GLI4
5835	GLO1
5836	AMPH
5837	GLP1R
5838	GLRA1
5839	HTRA2
5840	GLRA2
5841	MAT2B
5842	TOR2A
5843	POLM
5844	EML4
5845	CECR6
5846	GLRB
5847	CECR5
5848	CECR2
5849	PCLO
5850	GLS
5851	GLRX
5852	GLUD1
5853	GLUD2
5854	BIN1
5855	GLUL
5856	AMT
5857	GM2A
5858	GMDS
5859	GMFB
5860	GML
5861	GMPR
5862	GNA11
5863	GNA12
5864	GNA15
5865	GNAI1
5866	GNAI2
5867	GNAI3
5868	GNAL
5869	GNAO1
5870	GNAS
5871	GNAT1
5872	GNAT2
5873	GNAZ
5874	GNB1
5875	GNB2
5876	GNB3
5877	GNG3
5878	GNG4
5879	GNG5
5880	GNG7
5881	GNG11
5882	GNGT1
5883	GNGT2
5884	GNL1
5885	GNRH1
5886	GNRH2
5887	GNRHR
5888	GNS
5889	ABL2
5890	GOLGA1
5891	GOLGA2
5892	GOLGA3
5893	GOLGA4
5894	GOLGB1
5895	GOT1
5896	C11orf31
5897	WFDC10B
5898	GOT2
5899	AMY2B
5900	SFN
5901	GP1BA
5902	GP2
5903	GP5
5904	GP9
5905	GPC1
5906	GPD1
5907	GPD2
5908	GPI
5909	GPLD1
5910	SLCO4A1
5911	SLCO3A1
5912	SLCO1B3
5913	GPM6A
5914	GPM6B
5915	GPR1
5916	IL28A
5917	IL29
5918	AQP11
5919	CCR10
5920	OR51B5
5921	OR5J2
5922	GPR3
5923	POC1B
5924	ZNF311
5925	GPR4
5926	C10orf53
5927	FUOM
5928	STK32C
5929	BLOC1S2
5930	RBM20
5931	LOC282997
5932	XCR1
5933	FLJ37201
5934	C10orf40
5935	MKX
5936	GPR6
5937	SBF2-AS1
5938	H19
5939	C11orf85
5940	SLC25A45
5941	LOC283143
5942	BCL9L
5943	FOXR1
5944	CCDC153
5945	OR8D1
5946	OR8D2
5947	CDH20
5948	LOC283174
5949	LINC00301
5950	NPBWR1
5951	P4HA3
5952	PGM2L1
5953	KLHL35
5954	KCTD21
5955	EFCAB4A
5956	TMEM80
5957	CCDC88B
5958	TTC9C
5959	SLC22A24
5960	RCOR2
5961	HARBI1
5962	IGSF22
5963	OR10A4
5964	OLFML1
5965	NPBWR2
5966	OTOGL
5967	C1RL-AS1
5968	CD163L1
5969	ZNF740
5970	RPL13P5
5971	B4GALNT3
5972	ANKRD52
5973	SLC39A5
5974	SPRYD4
5975	MORN3
5976	CXCR3
5977	C12orf61
5978	DPY19L2
5979	GAS2L3
5980	MYO1H
5981	HECTD4
5982	KSR2
5983	C12orf40
5984	GXYLT1
5985	TMPRSS12
5986	LOC283481
5987	CHAMP1
5988	PRLHR
5989	SUGT1P3
5990	SIAH3
5991	KCNRG
5992	SLC46A3
5993	C14orf182
5994	GPR137C
5995	PROX2
5996	ZDHHC22
5997	TMED8
5998	C14orf178
5999	LOC283588
6000	SNHG10
6001	GPR12
6002	SLC25A47
6003	TSSK4
6004	FAM177A1
6005	KIAA0284
6006	C14orf80
6007	PRTG
6008	LOC283663
6009	C15orf60
6010	GOLGA6L2
6011	C15orf37
6012	FAM98B
6013	FAM169B
6014	UTS2R
6015	CCDC79
6016	CES4A
6017	EXOC3L1
6018	LOC283867
6019	NPW
6020	C16orf79
6021	PGP
6022	FLJ39639
6023	C16orf54
6024	INO80E
6025	GPR15
6026	HTA
6027	NUDT7
6028	FBXL19-AS1
6029	ZNF843
6030	NHLRC4
6031	C16orf91
6032	IGHV4-34
6033	IGHV4-31
6034	C17orf28
6035	TSEN54
6036	FAM100B
6037	TMEM235
6038	ANG
6039	CCDC57
6040	HEXDC
6041	VMO1
6042	C17orf58
6043	MILR1
6044	LOC284023
6045	KANSL1
6046	C17orf105
6047	FAM171A2
6048	C17orf104
6049	TTLL6
6050	C17orf47
6051	NEK8
6052	PIGW
6053	C17orf78
6054	IGHV3-73
6055	GPR17
6056	CISD3
6057	IGHV3-72
6058	SLC13A5
6059	TMEM102
6060	PTRF
6061	SLC26A11
6062	ENDOV
6063	GDPD1
6064	C17orf89
6065	LINC00482
6066	TMEM105
6067	GPR18
6068	METRNL
6069	LAMA1
6070	KCTD1
6071	ZADH2
6072	C18orf62
6073	LOC284276
6074	SSC5D
6075	GPR19
6076	ZNF547
6077	ZIK1
6078	ZNF776
6079	ZSCAN1
6080	C19orf54
6081	PRR19
6082	TMEM145
6083	CXCL17
6084	ZNF575
6085	LYPD5
6086	ZNF283
6087	PPP1R37
6088	NKPD1
6089	MAMSTR
6090	IZUMO1
6091	EMC10
6092	MGC45922
6093	KLK9
6094	SIGLEC17P
6095	SIGLECL1
6096	ZNF615
6097	LOC284379
6098	ACTL9
6099	ZNF763
6100	GPR20
6101	SCGB2B2
6102	WDR62
6103	ZFP82
6104	VSTM1
6105	FAM71E2
6106	C19orf77
6107	MIR7-3HG
6108	SLC25A41
6109	IGHV3-23
6110	SLC25A42
6111	ZNF493
6112	ODF3L2
6113	HKR1
6114	RIIAD1
6115	GPR21
6116	IGHV3-9
6117	OR2L13
6118	SLC9C2
6119	IGHV2-5
6120	GPR22
6121	FAM102B
6122	SYPL2
6123	ANKRD34A
6124	IGHV1-69
6125	LOC284648
6126	RSPO1
6127	EPHA10
6128	IGHV1-46
6129	C1orf111
6130	ZNF326
6131	BTBD8
6132	LPAR4
6133	RIMKLA
6134	SLC25A34
6135	LINC00176
6136	IGHV1-2
6137	C20orf197
6138	SIRPB2
6139	MCHR1
6140	GPR25
6141	SEC14L4
6142	SH2D6
6143	CCDC150
6144	RNF149
6145	LOC284998
6146	GPR26
6147	ANGPT1
6148	FAM150B
6149	C2orf61
6150	CXXC11
6151	LOC285095
6152	FLJ38379
6153	GPR27
6154	NKIRAS2
6155	DNAJC5G
6156	NKIRAS1
6157	CDH19
6158	IAH1
6159	DLL1
6160	TRDV3
6161	FAM126B
6162	DUSP28
6163	SLC9A9
6164	EOGT
6165	EPHA6
6166	C3orf38
6167	ZNF619
6168	ZNF621
6169	TRDC
6170	RABL3
6171	GPER
6172	C3orf56
6173	IGSF10
6174	C3orf33
6175	CCDC66
6176	TCAIM
6177	ZNF852
6178	ZNF660
6179	SUMF1
6180	RPUSD3
6181	PRRT3
6182	DPH3
6183	C3orf70
6184	TPRG1
6185	GPR31
6186	DCAF4L1
6187	CYP4V2
6188	CRIPAK
6189	DOK7
6190	RNF212
6191	GPR32
6192	LOC285501
6193	FAM13A-AS1
6194	GPRIN3
6195	COX18
6196	FRYL
6197	RNF175
6198	LOC285548
6199	FAM200B
6200	STPG2
6201	LOC285556
6202	SH3PXD2B
6203	ARL10
6204	KIAA0825
6205	RELL2
6206	TRBV25-1
6207	C5orf51
6208	TRBV24-1
6209	C5orf64
6210	SREK1IP1
6211	RGMB
6212	LINC00326
6213	CEP57L1
6214	PPIL6
6215	DCBLD1
6216	CAGE1
6217	GPR34
6218	PRR18
6219	HCG22
6220	PNPLA1
6221	TRBV10-2
6222	TREML4
6223	POM121L12
6224	CNPY1
6225	LINC00174
6226	TRBV7-8
6227	C7orf71
6228	HOXA-AS2
6229	SPDYE1
6230	SNHG15
6231	TRBV7-3
6232	ZNF775
6233	ATG9B
6234	ZNF789
6235	GPR35
6236	ANGPT2
6237	SLC26A4-AS1
6238	C7orf53
6239	FLJ10661
6240	XKR6
6241	NSMCE2
6242	ZNF707
6243	FAM83H
6244	EFHA2
6245	ZNF252P
6246	C8orf31
6247	ZFP41
6248	SCARA5
6249	TRIQK
6250	DPY19L4
6251	FBXO43
6252	NKAIN3
6253	GPR37
6254	CRB2
6255	SCAI
6256	C9orf117
6257	C9orf47
6258	FAM75E1
6259	LCN12
6260	C9orf142
6261	TPRN
6262	MLNR
6263	TUSC1
6264	FAM225A
6265	FAM78A
6266	LURAP1L
6267	GPR39
6268	ATP11C
6269	RP1-177G6.2
6270	TRAV40
6271	TRAV39
6272	H2BFM
6273	YIPF6
6274	CXorf59
6275	TRAV36DV7
6276	TRAV34
6277	FAM133A
6278	FFAR1
6279	MAGEB18
6280	TMSB15B
6281	TRAV30
6282	BCORP1
6283	TRAV27
6284	TRAV26-2
6285	TRAV25
6286	TRAV24
6287	TRAV23DV6
6288	TRAV22
6289	TRAV21
6290	TRAV20
6291	TRAV17
6292	ILDR1
6293	TRAV16
6294	TRAV13-2
6295	TRAV13-1
6296	TRAV12-3
6297	TRAV12-2
6298	TRAV12-1
6299	TUSC5
6300	TRAV10
6301	TRAV9-2
6302	FFAR2
6303	TRAV8-6
6304	LIN9
6305	TRIM59
6306	CSN1S2AP
6307	TRAV8-3
6308	TRAV8-1
6309	KRT6C
6310	TRAV5
6311	GRK4
6312	GRK5
6313	ANK1
6314	TRIM42
6315	GRK6
6316	TRAJ41
6317	TRAJ28
6318	MKNK2
6319	GPS1
6320	GPS2
6321	TRAC
6322	GPT
6323	IGLV9-49
6324	IGLV7-43
6325	IGLV6-57
6326	GPX2
6327	IGLV5-45
6328	IGLV4-60
6329	IGLV4-3
6330	GPX3
6331	IGLV3-25
6332	IGLV3-19
6333	GPX4
6334	ANK2
6335	IGLV3-10
6336	IGLV3-1
6337	GPX5
6338	IGLV2-14
6339	IGLV1-40
6340	GPX7
6341	GRB2
6342	GRB7
6343	GRB10
6344	GRB14
6345	RAPGEF1
6346	ANK3
6347	IGKV1D-8
6348	IGKV4-1
6349	GRIA1
6350	GRIA2
6351	GRIA3
6352	GRIA4
6353	GRID1
6354	TRIB2
6355	CCDC22
6356	REM1
6357	DEXI
6358	LAMTOR2
6359	MRPS28
6360	COA3
6361	TMEM176B
6362	GRID2
6363	DCPS
6364	OSTM1
6365	GIT1
6366	SLC27A6
6367	SNX24
6368	SLC6A16
6369	BZW2
6370	GRN
6371	C11orf54
6372	C11orf67
6373	SPCS1
6374	MRPS18B
6375	C19orf53
6376	ACAD9
6377	MRPL42
6378	TMEM14A
6379	GRIK1
6380	IFT81
6381	RGCC
6382	MCTS1
6383	MAGEH1
6384	NOB1
6385	DBNL
6386	NTMT1
6387	GRIK2
6388	ASTE1
6389	COMMD5
6390	MACROD1
6391	HIPK2
6392	MRPL13
6393	KLF15
6394	GRIK3
6395	ABO
6396	GRIK4
6397	SLC43A3
6398	GRIK5
6399	ATAD2
6400	GRIN1
6401	CPS1-IT1
6402	C16orf72
6403	GRIN2A
6404	GRIN2B
6405	TMEM230
6406	GRIN2C
6407	WDR91
6408	ZCCHC4
6409	ASAP1-IT1
6410	ZC3H7A
6411	GRIN2D
6412	CCDC113
6413	C1GALT1C1
6414	SETD2
6415	MRPL18
6416	NDUFAF4
6417	MED4
6418	GRINA
6419	CCDC59
6420	METTL5
6421	CHMP4A
6422	GTPBP8
6423	PHPT1
6424	BABAM1
6425	THYN1
6426	MRPL15
6427	UBE2T
6428	NR3C1
6429	TIMM21
6430	STXBP6
6431	MRPL22
6432	LGALSL
6433	ORMDL2
6434	CNIH4
6435	RANGRF
6436	COMMD9
6437	ARHGAP35
6438	ANPEP
6439	TMEM208
6440	SSU72
6441	DROSHA
6442	DNAJC15
6443	N6AMT1
6444	C16orf80
6445	SCG3
6446	NXT1
6447	PYCARD
6448	FHOD1
6449	TBK1
6450	C6orf15
6451	TAGLN3
6452	SAP30BP
6453	MYLIP
6454	BRD7
6455	DDX25
6456	CTNNA3
6457	GRM1
6458	CLEC2D
6459	PRSS50
6460	ANKRD11
6461	LGALS13
6462	C11orf21
6463	CD274
6464	RACGAP1
6465	GRM2
6466	GRM3
6467	GRM4
6468	GRM5
6469	GRM6
6470	GRM7
6471	GRM8
6472	CXCL1
6473	SLC25A4
6474	CXCL2
6475	CXCL3
6476	GRP
6477	PDIA3
6478	GRPR
6479	GRSF1
6480	GSC2
6481	SLC25A5
6482	GSK3A
6483	GSK3B
6484	GSN
6485	GSPT1
6486	GSR
6487	GSS
6488	GSTA1
6489	GSTA3
6490	GSTA4
6491	GSTM3
6492	GSTM4
6493	GSTM5
6494	GSTP1
6495	GSTT1
6496	GSTZ1
6497	MSH6
6498	GTF2A1
6499	GTF2A2
6500	GTF2B
6501	GTF2E1
6502	GTF2E2
6503	GTF2F1
6504	GTF2F2
6505	GTF2H1
6506	GTF2H4
6507	GTF2I
6508	GTF3A
6509	BRF1
6510	GUCY1B2
6511	GTF3C1
6512	BLNK
6513	USP25
6514	PACSIN3
6515	TMOD4
6516	TMOD3
6517	TMOD2
6518	GTF3C2
6519	POM121L9P
6520	CARD10
6521	ABT1
6522	GUCY1A2
6523	PARVB
6524	NCAPH2
6525	CYP2S1
6526	OLA1
6527	GUCA1A
6528	UQCR10
6529	YPEL1
6530	GUCA1B
6531	ZDHHC1
6532	VPREB3
6533	REPIN1
6534	GUCA2A
6535	GUCA2B
6536	GUCY1A3
6537	GUCY1B3
6538	GRHL1
6539	TFCP2L1
6540	SENP1
6541	TFPT
6542	GUCY2C
6543	TRPM5
6544	ICOS
6545	UBN1
6546	GUCY2F
6547	GUK1
6548	ALG5
6549	NPC1L1
6550	ANAPC2
6551	CNOT7
6552	SNX8
6553	SNX10
6554	STRN4
6555	GNL2
6556	RBM15B
6557	PSMC3IP
6558	CPSF1
6559	MYLPF
6560	TRA2A
6561	GPSM2
6562	SAC3D1
6563	FAM216A
6564	CCDC106
6565	EEF2K
6566	ST8SIA5
6567	GPR171
6568	GUSB
6569	HOOK2
6570	UBIAD1
6571	HCFC2
6572	SNX11
6573	C18orf8
6574	PYCR2
6575	NME7
6576	HILPDA
6577	EPN1
6578	GMPPB
6579	GMPPA
6580	SEC61A1
6581	TIMM22
6582	ALG6
6583	GYG1
6584	PCDHB1
6585	GPR132
6586	SNX12
6587	RPA4
6588	NENF
6589	GYPA
6590	DSE
6591	PKN3
6592	PURG
6593	PADI1
6594	PNMA3
6595	ANAPC4
6596	SERTAD3
6597	DNMT3L
6598	OSGIN1
6599	IL19
6600	GYPB
6601	SERTAD1
6602	PDZRN4
6603	DPP7
6604	TRHDE
6605	POMT2
6606	CERS2
6607	SLC25A24
6608	DMGDH
6609	NRBP1
6610	GYPC
6611	FTSJ2
6612	C16orf5
6613	STRN3
6614	LRP12
6615	PSAT1
6616	MDFIC
6617	GYPE
6618	A1CF
6619	UBQLN2
6620	UBQLN1
6621	GYS1
6622	DONSON
6623	NRBF2
6624	RHOD
6625	SLC39A3
6626	SLC39A2
6627	SLC2A8
6628	OBP2B
6629	GYS2
6630	PILRB
6631	OBP2A
6632	PILRA
6633	PACSIN1
6634	BAZ2B
6635	LMCD1
6636	GLTSCR2
6637	GLTSCR1
6638	FSCN3
6639	GZMH
6640	ABR
6641	A2M
6642	TNPO2
6643	ERO1L
6644	EFEMP2
6645	TBX21
6646	GUCY2D
6647	NXPH1
6648	SH3KBP1
6649	TLX3
6650	GZMA
6651	GZMB
6652	GZMK
6653	GZMM
6654	H1F0
6655	SLC40A1
6656	RAX
6657	HIST1H1C
6658	HIST1H1D
6659	HIST1H1E
6660	HIST1H1B
6661	HIST1H1T
6662	HIST1H2AE
6663	H2AFX
6664	H2AFZ
6665	HIST1H2BD
6666	HIST1H2BB
6667	ANXA1
6668	H3F3B
6669	HIST1H1A
6670	HABP2
6671	HSD17B10
6672	HAGH
6673	ANXA2
6674	HADHA
6675	HADHB
6676	HADH
6677	HAL
6678	HARS
6679	HAS1
6680	HAS2
6681	HAS3
6682	ANXA2P1
6683	HBM
6684	HBB
6685	HBBP1
6686	HBD
6687	HBE1
6688	HBG2
6689	HBQ1
6690	ANXA2P2
6691	HCCS
6692	SERPIND1
6693	HCFC1
6694	HCK
6695	HCLS1
6696	ANXA2P3
6697	HCRT
6698	HCRTR1
6699	HCRTR2
6700	HTT
6701	HDAC1
6702	HDAC2
6703	HDC
6704	HDGF
6705	HDLBP
6706	ANXA3
6707	HELLS
6708	NCKAP1L
6709	HEXA
6710	HEXB
6711	CFH
6712	HFE
6713	ANXA4
6714	CFHR2
6715	HUNK
6716	SOX8
6717	VSX1
6718	PLA2G2E
6719	ST6GALNAC6
6720	ERVW-1
6721	EMR2
6722	KCNIP3
6723	KCNIP2
6724	HGD
6725	KCNIP1
6726	CXXC1
6727	HGF
6728	ZNF354C
6729	NT5C
6730	ZNRD1
6731	CD209
6732	DNTTIP2
6733	SOCS7
6734	HGFAC
6735	EHD4
6736	EHD3
6737	EHD2
6738	CTAG2
6739	PIK3R4
6740	NRG1
6741	CDR2L
6742	HHEX
6743	ANXA5
6744	HIC1
6745	HIF1A
6746	HIP1
6747	UBE2K
6748	HINT1
6749	STOML2
6750	HIVEP1
6751	HIVEP2
6752	HK1
6753	HK2
6754	ANXA6
6755	ACAA1
6756	HK3
6757	ZBTB48
6758	HLA-A
6759	HLA-B
6760	HLA-C
6761	HLA-DMA
6762	HLA-DMB
6763	ANXA7
6764	MNX1
6765	HLA-DOA
6766	HLA-DOB
6767	HLA-DPA1
6768	HLA-DPB1
6769	HLA-DQA1
6770	HLA-DQB1
6771	ANXA11
6772	HLA-DQB2
6773	HLA-DRA
6774	HLA-DRB1
6775	HLA-DRB6
6776	ANXA13
6777	HLF
6778	HLA-E
6779	HLA-F
6780	HLA-G
6781	AOAH
6782	MR1
6783	HLCS
6784	HLX
6785	HMBS
6786	HMGB1
6787	HMGB2
6788	HMGB3
6789	AOC2
6790	HMGCL
6791	HMGCR
6792	HMGCS1
6793	HMGCS2
6794	HMGA1
6795	HMMR
6796	HMOX1
6797	HMOX2
6798	NR4A1
6799	HMX2
6800	FOXA1
6801	AOX1
6802	FOXA2
6803	FOXA3
6804	HNF4A
6805	HNF4G
6806	ONECUT1
6807	EIF4E3
6808	FAM149B1
6809	RFESD
6810	HNMT
6811	VN1R2
6812	VN1R5
6813	KLHL10
6814	C14orf39
6815	DDX51
6816	SLC29A2
6817	HNRNPA1
6818	APAF1
6819	HNRNPA2B1
6820	HNRNPAB
6821	HNRNPC
6822	HNRNPD
6823	HNRNPF
6824	HNRNPH1
6825	HNRNPH3
6826	NUDT2
6827	ITPK1-AS1
6828	HNRNPK
6829	KRT73
6830	SNORD8
6831	HNRNPL
6832	HNRNPU
6833	TLX1
6834	TLX2
6835	HOXA1
6836	HOXA2
6837	APOF
6838	ACACA
6839	HOXA3
6840	HOXA4
6841	HOXA5
6842	HOXA6
6843	HOXA7
6844	HOXA10
6845	HOXA11
6846	HPCA
6847	HOXA13
6848	APBA1
6849	HOXB1
6850	HOXB2
6851	HOXB3
6852	HOXB4
6853	HOXB5
6854	HOXB6
6855	HOXB7
6856	HOXB8
6857	HOXB9
6858	APBA2
6859	HOXC4
6860	HOXC5
6861	HOXC6
6862	HOXC8
6863	HOXC9
6864	HOXC10
6865	HOXC11
6866	HOXC12
6867	HOXC13
6868	APBB1
6869	HOXD1
6870	HOXD3
6871	HOXD4
6872	HOXD9
6873	HOXD10
6874	HOXD11
6875	HOXD12
6876	HOXD13
6877	APBB2
6878	HP
6879	HPCAL1
6880	HPD
6881	HPGD
6882	HPN
6883	APC
6884	HPR
6885	HPRT1
6886	HPS1
6887	APCS
6888	ZAR1
6889	HPX
6890	HRAS
6891	RAB37
6892	MMAB
6893	AGFG1
6894	AGFG2
6895	HRH1
6896	AIRE
6897	HRC
6898	HRG
6899	HRH2
6900	PRMT2
6901	SERPINA9
6902	PRMT1
6903	APEH
6904	HES1
6905	HSBP1
6906	HSD3B1
6907	HSD3B2
6908	APEX1
6909	HSD11B1
6910	HSD11B2
6911	HSD17B1
6912	HSD17B3
6913	HSD17B2
6914	HSD17B4
6915	HSF1
6916	HSF2
6917	HSF4
6918	BIRC2
6919	ACACB
6920	DNAJB2
6921	DNAJA1
6922	HSPA1A
6923	HSPA1B
6924	HSPA1L
6925	HSPA2
6926	HSPA4
6927	HSPA5
6928	BIRC3
6929	HSPA6
6930	HSPA8
6931	HSPA9
6932	HSPB2
6933	XIAP
6934	HSP90AA1
6935	IGSF3
6936	HSP90AB1
6937	BIRC5
6938	DNAJB1
6939	DNAJC4
6940	PPM1J
6941	SNAI3
6942	HSPG2
6943	APLP1
6944	NDST1
6945	FOXN2
6946	HTN1
6947	HTN3
6948	APLP2
6949	HTR1A
6950	HTR1B
6951	HTR1D
6952	HTR1E
6953	HTR1F
6954	HTR2A
6955	HTR2B
6956	HTR2C
6957	HTR3A
6958	APOA1
6959	HTR4
6960	HTR5A
6961	HTR6
6962	HTR7
6963	HUS1
6964	APOA2
6965	TNC
6966	HYAL1
6967	IAPP
6968	IARS
6969	UBAC2
6970	CHSY3
6971	KRTAP7-1
6972	KRTAP8-1
6973	KRTAP11-1
6974	KRTAP19-3
6975	APOA4
6976	ST7-OT4
6977	FAM151A
6978	IBSP
6979	ICA1
6980	NLRP9
6981	NLRP10
6982	NLRP14
6983	S100A7A
6984	GPIHBP1
6985	CLEC4D
6986	IFNE
6987	ICAM1
6988	ANO9
6989	ICAM2
6990	LOC338588
6991	ICAM3
6992	LUZP2
6993	CCDC84
6994	TMEM225
6995	ANKRD13D
6996	ICAM4
6997	B4GALNT4
6998	LOC338758
6999	TMEM119
7000	KRT79
7001	LOC338799
7002	C12orf74
7003	FAM19A2
7004	C1QTNF9
7005	APOB
7006	PRSS53
7007	JMJD8
7008	TMEM95
7009	C17orf65
7010	C17orf67
7011	ENPP7
7012	OXLD1
7013	CCDC137
7014	ARL16
7015	C17orf51
7016	MSL1
7017	LINC00667
7018	ZNF260
7019	ZNF546
7020	MYPOP
7021	NANOS2
7022	ADAMTSL5
7023	CLEC4G
7024	ANKRD45
7025	C1orf174
7026	KLHL17
7027	TMEM52
7028	FAM5C
7029	MTMR9LP
7030	ZBTB8OS
7031	TFAP2E
7032	IRF8
7033	ZNF678
7034	C1orf110
7035	LOC339524
7036	C1orf228
7037	ZNF642
7038	SLC35E4
7039	TEX33
7040	ICT1
7041	SPOPL
7042	CYP27C1
7043	HEATR7B1
7044	ESPNL
7045	C2orf70
7046	C2orf53
7047	ID1
7048	C2orf74
7049	CCDC39
7050	CCDC36
7051	KY
7052	C3orf35
7053	ID2
7054	CCDC158
7055	TRIML1
7056	LRRC66
7057	NAT8L
7058	ID3
7059	APOBEC1
7060	ACADL
7061	TMEM173
7062	FAM170A
7063	ID4
7064	SLC35D3
7065	MYLK4
7066	DPPA5
7067	TREML1
7068	TREML3P
7069	ZNF680
7070	COL28A1
7071	ABCB5
7072	FAM221A
7073	TSPAN33
7074	NRBP2
7075	RSPO2
7076	ZDHHC21
7077	RGAG4
7078	KIAA2022
7079	BEX5
7080	VSIG1
7081	ZC3H12B
7082	CA5BP1
7083	LHFPL1
7084	CXorf67
7085	NANOS1
7086	C11orf53
7087	ANKRD33
7088	H1FNT
7089	FREM2
7090	IDE
7091	IDH1
7092	SLC35F4
7093	IDH2
7094	COX8C
7095	IDH3A
7096	APOC1
7097	GLDN
7098	IDH3B
7099	IDH3G
7100	IDI1
7101	ZKSCAN2
7102	ATXN1L
7103	IDS
7104	SMTNL2
7105	NACA2
7106	KRT27
7107	IDUA
7108	STAC2
7109	CFI
7110	ZNF850
7111	NCCRP1
7112	SYCN
7113	IFI16
7114	ZNF404
7115	C19orf81
7116	ZNF677
7117	ZSCAN22
7118	NANOS3
7119	PALM3
7120	IFI27
7121	HNRNPCL1
7122	CCDC18
7123	IFI35
7124	SP110
7125	IFIT2
7126	KCNT2
7127	IFIT1
7128	RSPO4
7129	TGM6
7130	IFIT3
7131	KIAA1211L
7132	IFNA1
7133	AQP8
7134	FIGLA
7135	IFNA2
7136	NCKAP5
7137	IFNA5
7138	IFNA6
7139	PRORSD1P
7140	SH3RF3
7141	IFNA8
7142	IFNA10
7143	AADACL2
7144	PAQR9
7145	ATP13A5
7146	IFNA16
7147	MSANTD1
7148	IFNA21
7149	ZNF879
7150	IFNAR1
7151	PLCXD3
7152	IFNAR2
7153	IRGM
7154	FBLL1
7155	IFNB1
7156	FAM174A
7157	MTX3
7158	RSPH4A
7159	IFNG
7160	IFNGR1
7161	APOC3
7162	IFNGR2
7163	ZNF391
7164	ZFP57
7165	MACC1
7166	GNAT3
7167	MOGAT3
7168	FAM71F2
7169	IFNW1
7170	ZNF81
7171	ITIH6
7172	CCDC160
7173	IFRD1
7174	IGBP1
7175	LRRTM1
7176	CATSPER3
7177	TUBB2B
7178	SLC35B2
7179	SERINC2
7180	NME9
7181	C6orf52
7182	TBX10
7183	PDDC1
7184	AMIGO2
7185	IGF1
7186	APOD
7187	FAM70B
7188	RBPMS2
7189	ANKDD1A
7190	IGF1R
7191	C15orf38
7192	CTU2
7193	SKA2
7194	IGF2R
7195	FAM159A
7196	IGFALS
7197	IGFBP1
7198	IGFBP2
7199	IGFBP3
7200	FONG
7201	WDR53
7202	IGFBP4
7203	LNP1
7204	CCDC37
7205	NPHP3-AS1
7206	TPRXL
7207	IGFBP5
7208	SLC6A18
7209	NIPAL4
7210	HCN1
7211	NUP43
7212	IGFBP6
7213	APOE
7214	ZNF713
7215	IGFBP7
7216	WDR86
7217	CYR61
7218	NMNAT3
7219	IGHD
7220	RTN4RL2
7221	IGHE
7222	ACADM
7223	IGHM
7224	IGHMBP2
7225	APOH
7226	IGJ
7227	IGKC
7228	RBPJ
7229	APP
7230	DNAAF3
7231	GATS
7232	HCG26
7233	C6orf58
7234	RILPL1
7235	LCE1B
7236	TBC1D26
7237	ZACN
7238	SLCO4C1
7239	KAAG1
7240	ZNF445
7241	RGSL1
7242	ANKRD37
7243	SPATA12
7244	ZNF233
7245	POLN
7246	BMP8A
7247	LILRA5
7248	APRT
7249	IGLL1
7250	IGSF1
7251	IHH
7252	KLK3
7253	IK
7254	IKBKB
7255	IL1A
7256	IL1B
7257	IL1R1
7258	IL1RAP
7259	IL1RN
7260	IL2
7261	IL2RA
7262	FAS
7263	IL2RB
7264	IL2RG
7265	IL3
7266	IL4
7267	IL4R
7268	IL5
7269	IL5RA
7270	IL6
7271	FASLG
7272	IL6R
7273	IL6ST
7274	IL7
7275	IL7R
7276	IL8
7277	CXCR1
7278	IL9
7279	CXCR2
7280	SHROOM2
7281	IL10
7282	IL10RA
7283	IL10RB
7284	IL11
7285	AQP1
7286	IL11RA
7287	IL12A
7288	IL12B
7289	IL12RB1
7290	IL12RB2
7291	IL13
7292	IL13RA1
7293	FAM101B
7294	IL13RA2
7295	IRF2BP2
7296	AQP2
7297	ACADS
7298	ZBTB41
7299	IL15
7300	IL15RA
7301	IL16
7302	TNFRSF9
7303	IL17A
7304	IL18
7305	FOXK2
7306	ILF2
7307	ILF3
7308	AQP3
7309	ILK
7310	IMPA1
7311	IMPA2
7312	IMPDH1
7313	IMPDH2
7314	IMPG1
7315	INCENP
7316	AQP4
7317	IDO1
7318	ING1
7319	ING2
7320	INHA
7321	INHBA
7322	INHBB
7323	INHBC
7324	CXCL10
7325	INPP1
7326	INS
7327	INPP4A
7328	INPP5A
7329	INPP5B
7330	INPP5D
7331	INPPL1
7332	INSIG1
7333	AQP6
7334	INSL3
7335	INSL4
7336	INSM1
7337	INSR
7338	INSRR
7339	EIF3E
7340	AQP7
7341	PDX1
7342	IPP
7343	IRAK1
7344	ITGA6
7345	IRAK2
7346	IREB2
7347	IRF1
7348	IRF2
7349	IRF3
7350	IRF4
7351	IRF5
7352	IRF6
7353	IRF7
7354	IRS1
7355	ISG20
7356	AQP9
7357	ISL1
7358	ISLR
7359	ITGA2
7360	ITGA2B
7361	ITGA3
7362	ITGA4
7363	ITGA5
7364	ITGA7
7365	AR
7366	ITGA9
7367	ITGAD
7368	ITGAE
7369	ITGAL
7370	ITGAM
7371	ITGAV
7372	ITGAX
7373	ITGB2
7374	ABCC6
7375	ITGB3
7376	ITGB4
7377	EIF6
7378	ITGB5
7379	ITGB6
7380	ITGB7
7381	ITGB8
7382	ITIH1
7383	ITIH2
7384	ITIH3
7385	ARAF
7386	ACADSB
7387	ITIH4
7388	ITK
7389	STT3A
7390	ITPA
7391	ITPK1
7392	ITPKA
7393	ITPKB
7394	ITPR1
7395	ITPR2
7396	ITPR3
7397	IVD
7398	IVL
7399	JAG2
7400	JAK1
7401	JAK2
7402	JAK3
7403	JARID2
7404	JUN
7405	JUNB
7406	JUND
7407	JUP
7408	ARCN1
7409	KAL1
7410	GSTK1
7411	CD82
7412	KARS
7413	KCNA1
7414	KCNA2
7415	HILS1
7416	KCNA3
7417	KCNA4
7418	TRIM23
7419	KCNA5
7420	NDUFS7
7421	KCNA6
7422	CCDC172
7423	GALNTL4
7424	DKFZp779M0652
7425	FAM111B
7426	TMEM179B
7427	KCNA7
7428	TBC1D10C
7429	DNAJB13
7430	LOC374443
7431	KRT77
7432	C12orf42
7433	TPTE2P6
7434	KCNA10
7435	ASPG
7436	KCNB1
7437	TEX9
7438	KIF7
7439	ZNF710
7440	HDDC3
7441	KCNC1
7442	TEPP
7443	SPEM1
7444	EFCAB5
7445	KCNC2
7446	LRRC37A3
7447	ANKRD30B
7448	C18orf34
7449	ATP9B
7450	HSD11B1L
7451	C19orf45
7452	TMEM205
7453	YJEFN3
7454	SBSN
7455	ZNF829
7456	KCNC3
7457	ZNF568
7458	B3GNT8
7459	IGFL1
7460	DRAXIN
7461	CCDC23
7462	ATPAF1-AS1
7463	FAM73A
7464	NEXN-AS1
7465	KCNC4
7466	PEAR1
7467	SFT2D2
7468	MIA3
7469	C1orf95
7470	FAM89A
7471	KCND1
7472	PFN4
7473	FAM228B
7474	KCND2
7475	RBM43
7476	LOC375295
7477	KCND3
7478	LHFPL4
7479	C3orf62
7480	TMEM110
7481	LRRC33
7482	KCNE1
7483	C5orf34
7484	MAST4
7485	C5orf25
7486	KCNF1
7487	KCNG1
7488	NAT16
7489	LHFPL3
7490	SPATC1
7491	KCNH1
7492	ENHO
7493	PTAR1
7494	ERCC6L2
7495	SWI5
7496	C9orf50
7497	PNPLA7
7498	AGRN
7499	KCNH2
7500	KCNJ1
7501	KCNJ2
7502	ARF1
7503	KCNJ3
7504	KCNJ4
7505	RAB15
7506	KCNJ5
7507	KCNJ6
7508	RNF126P1
7509	SLC27A1
7510	KCNJ8
7511	KCNJ9
7512	KCNJ10
7513	KCNJ11
7514	KCNJ12
7515	ZC3H6
7516	KCNJ13
7517	KCNJ14
7518	KCNJ15
7519	KCNJ16
7520	KCNK1
7521	CA13
7522	KCNK2
7523	KCNK3
7524	KCNMA1
7525	KCNMB1
7526	ARF3
7527	KCNN1
7528	KCNN2
7529	KCNN3
7530	KCNN4
7531	KCNQ1
7532	KCNQ2
7533	KCNQ3
7534	APITD1
7535	KCNS1
7536	COL18A1-AS1
7537	KCNS2
7538	RNF148
7539	MALAT1
7540	ARF4
7541	FLJ31306
7542	KCNS3
7543	KDR
7544	KEL
7545	KHK
7546	KIF2A
7547	KIF3C
7548	KIF5A
7549	KIF5B
7550	ARL4D
7551	ACADVL
7552	KIF5C
7553	KIFC3
7554	KIR2DL1
7555	KIR2DL3
7556	KIR2DL4
7557	KIR2DS4
7558	KIR3DL1
7559	KIR3DL2
7560	KISS1
7561	KIT
7562	KLK1
7563	KLK2
7564	KLKB1
7565	ARF5
7566	KLRB1
7567	KLRC3
7568	KLRD1
7569	KNG1
7570	ARF6
7571	KLC1
7572	KIF11
7573	KIFC1
7574	KIF25
7575	KIF22
7576	KPNA1
7577	KPNB1
7578	KPNA2
7579	KPNA3
7580	ARG1
7581	KPNA4
7582	KPNA5
7583	TNPO1
7584	IPO5
7585	KRAS
7586	KRTAP5-9
7587	KRT1
7588	KRT2
7589	ARG2
7590	KRT3
7591	KRT4
7592	KRT5
7593	KRT6A
7594	KRT6B
7595	KRT7
7596	KRT9
7597	KRT10
7598	KRT12
7599	KRT13
7600	KRT14
7601	KCTD4
7602	KRTAP10-11
7603	KRT15
7604	KRT16
7605	ZKSCAN4
7606	SNHG5
7607	SUMO4
7608	CENPW
7609	SOGA3
7610	C6orf120
7611	KRT17
7612	NSUN4
7613	THEMIS
7614	RASL11A
7615	TMEM189
7616	C10orf113
7617	SKIDA1
7618	LINC00202
7619	LOC387647
7620	SH2D4B
7621	C10orf99
7622	CC2D2B
7623	INSC
7624	FIBIN
7625	C11orf96
7626	CLEC12B
7627	C12orf68
7628	C12orf75
7629	SETD8
7630	SHISA2
7631	NHLRC3
7632	SERP2
7633	C14orf23
7634	RHOA
7635	KRT19
7636	C15orf52
7637	C2CD4B
7638	C15orf59
7639	KRT31
7640	SBK1
7641	C16orf87
7642	C16orf86
7643	KRT32
7644	GLTPD2
7645	C17orf100
7646	TMEM220
7647	FAM211A
7648	C17orf98
7649	RPRML
7650	YPEL2
7651	C17orf82
7652	BTBD17
7653	KRT33B
7654	C3P1
7655	ZNF788
7656	RGS9BP
7657	KRTDAP
7658	ZNF470
7659	ZNF749
7660	ZNF324B
7661	FAM132A
7662	HES5
7663	SMIM1
7664	RNF207
7665	KRT34
7666	TRNP1
7667	TRABD2B
7668	SLC6A17
7669	LYSMD1
7670	FLG2
7671	KRT35
7672	FMO6P
7673	C1orf53
7674	C1orf31
7675	LOC388780
7676	LINC00493
7677	LOC388796
7678	FAM209B
7679	KRT81
7680	LINC00478
7681	LOC388882
7682	FAM211B
7683	KRT82
7684	C2orf71
7685	LOC388948
7686	TSPYL6
7687	BOLA3
7688	C2orf81
7689	C2orf68
7690	KRT83
7691	RHOB
7692	LOC389043
7693	SP5
7694	C2orf80
7695	C2orf82
7696	KRT84
7697	ZNF662
7698	FAM212A
7699	IQCF2
7700	IQCF5
7701	VGLL3
7702	ANKUB1
7703	KRT85
7704	C4orf52
7705	BEND4
7706	ANXA2R
7707	KRT86
7708	C5orf48
7709	LOC389332
7710	C5orf46
7711	ARHGEF37
7712	PSMG4
7713	SFTA2
7714	LIN28B
7715	SAMD5
7716	IYD
7717	LOC389458
7718	C7orf59
7719	KTN1
7720	RBM12B
7721	FAM75D1
7722	IER5L
7723	L1CAM
7724	LCN15
7725	USP27X
7726	ZCCHC13
7727	UBE2NL
7728	LAD1
7729	LOC389906
7730	TAKR
7731	AFF3
7732	RHOC
7733	ACAT1
7734	OR51B6
7735	OR51M1
7736	OR51I1
7737	OR51I2
7738	OR52D1
7739	LAG3
7740	LAIR1
7741	LAIR2
7742	SERPINA2
7743	UBAP1L
7744	LALBA
7745	ONECUT3
7746	OR7A10
7747	LAMA2
7748	NUDT19
7749	ZNF793
7750	PINLYP
7751	PRAMEF12
7752	LAMA3
7753	RND3
7754	LAMA4
7755	LAMA5
7756	LAMB1
7757	PTRHD1
7758	LAMB2
7759	LAMB3
7760	LAMC1
7761	LAMP1
7762	TRIM61
7763	LAMC2
7764	RHOG
7765	LAMP2
7766	FAM221B
7767	GLOD5
7768	STMN1
7769	ELFN1
7770	LASP1
7771	LBP
7772	ARHGAP1
7773	LBR
7774	LCAT
7775	LCK
7776	LCN1
7777	LCN2
7778	LCP1
7779	LCP2
7780	LCT
7781	ARHGAP4
7782	LDHB
7783	LDHC
7784	LDLR
7785	ARHGAP5
7786	LECT2
7787	LEP
7788	LEPR
7789	LETM1
7790	LFNG
7791	LGALS1
7792	LGALS2
7793	LGALS3
7794	LGALS3BP
7795	ARHGAP6
7796	LGALS4
7797	LGALS8
7798	LGALS9
7799	ARHGDIA
7800	LHB
7801	LHCGR
7802	LHX1
7803	LIF
7804	LIFR
7805	LIG1
7806	ARHGDIB
7807	LIG3
7808	LIG4
7809	LIM2
7810	ABLIM1
7811	LIMK1
7812	LIMK2
7813	LIMS1
7814	LIPA
7815	ARHGDIG
7816	LIPC
7817	LIPE
7818	FADS1
7819	LLGL2
7820	TMEM200B
7821	SLC25A35
7822	FADS3
7823	MEX3D
7824	FAM102A
7825	RPL13AP17
7826	HEATR4
7827	SHC4
7828	LLGL1
7829	FLJ45983
7830	C10orf114
7831	METTL10
7832	LMAN1
7833	PCNXL3
7834	C11orf87
7835	C11orf92
7836	C11orf88
7837	PATE2
7838	SNX19
7839	RHOH
7840	ACAT2
7841	LOC400027
7842	C12orf76
7843	LOC400099
7844	LMNA
7845	SERTM1
7846	LMNB1
7847	FOXN3-AS1
7848	C14orf180
7849	C15orf54
7850	ST20
7851	FAM174B
7852	LOC400456
7853	LMO1
7854	C16orf88
7855	C17orf97
7856	MED11
7857	LMO2
7858	KCNJ2-AS1
7859	FLJ37644
7860	TEX19
7861	LINC00668
7862	SIGLEC16
7863	ZNF880
7864	SH2D5
7865	C1orf226
7866	C1orf220
7867	PRICKLE3
7868	DEFB132
7869	C20orf202
7870	LOC400891
7871	LMO7
7872	CHCHD10
7873	EML6
7874	LMX1A
7875	ARL1
7876	FSIP2
7877	LOC401052
7878	IQCF3
7879	LOC401068
7880	FLJ22763
7881	LOC401093
7882	C3orf80
7883	LMX1B
7884	C4orf48
7885	C4orf3
7886	FLJ33360
7887	RGS7BP
7888	C5orf63
7889	CRIP3
7890	KLHL31
7891	LINC00242
7892	LNPEP
7893	LOC401321
7894	VWA5A
7895	LOC401442
7896	C8orf59
7897	SAMD12
7898	FLJ35024
7899	PTPLAD2
7900	LOR
7901	TOMM5
7902	C9orf152
7903	SNX30
7904	WDR38
7905	LCNL1
7906	ZNF674-AS1
7907	LOX
7908	SLC25A53
7909	GOLGA7B
7910	LOXL1
7911	LOXL2
7912	MGC57346
7913	LPA
7914	PHOX2A
7915	SRRD
7916	SOHLH1
7917	LPL
7918	XKRX
7919	C7orf61
7920	LPO
7921	IGLON5
7922	UFSP1
7923	LPP
7924	ARL2
7925	PPAPDC2
7926	APOBEC4
7927	ZBTB34
7928	LRMP
7929	LRCH4
7930	LRP1
7931	LRP2
7932	LRP3
7933	LRP4
7934	ARL3
7935	HAPLN4
7936	CUEDC1
7937	LRP6
7938	LRP5
7939	SPINK6
7940	CTXN1
7941	C6orf201
7942	HOXB-AS3
7943	YY2
7944	LRPAP1
7945	C16orf74
7946	LSAMP
7947	GTF2H5
7948	LSP1
7949	LSS
7950	LTA4H
7951	LTA
7952	LTB
7953	LTBP1
7954	LTBP2
7955	LTBP3
7956	LTBR
7957	LTC4S
7958	DUOXA2
7959	ERVFRD-1
7960	LTF
7961	LTK
7962	BCAM
7963	ARNT
7964	LUM
7965	LY6E
7966	LY6H
7967	LY9
7968	CD180
7969	LY75
7970	LYL1
7971	LYN
7972	SH2D1A
7973	LYZ
7974	ARNTL
7975	TACSTD2
7976	TM4SF1
7977	EPCAM
7978	M6PR
7979	CAPRIN1
7980	FAM19A1
7981	ARR3
7982	MAB21L1
7983	FNDC9
7984	MARCKS
7985	MXD1
7986	MAD2L1
7987	SMAD1
7988	SMAD2
7989	SMAD3
7990	SMAD4
7991	ARRB1
7992	SMAD5
7993	SMAD6
7994	SMAD7
7995	SMAD9
7996	MAF
7997	MAFG
7998	MAG
7999	ARRB2
8000	ASIC2
8001	MAGEA1
8002	MAGEA4
8003	MAGEA8
8004	MAGEA10
8005	ARSA
8006	MAGEA11
8007	MAGEB1
8008	MAGEB2
8009	MAGEB3
8010	MAGEB4
8011	MAGOH
8012	MAK
8013	MAL
8014	ARSB
8015	MAN1A1
8016	MAN2A2
8017	MAN2C1
8018	MAN2A1
8019	MAN2B1
8020	MANBA
8021	MAOA
8022	MAOB
8023	STS
8024	MAP1A
8025	MAP1B
8026	MAP2
8027	MAP4
8028	MAP6
8029	MAPT
8030	MARK1
8031	MARK3
8032	C10orf62
8033	MARS
8034	C10orf55
8035	LINC00619
8036	MAS1
8037	DDI1
8038	IDNK
8039	LCN10
8040	MAT1A
8041	MAT2A
8042	MATK
8043	MATN1
8044	MATN2
8045	BLID
8046	MATN3
8047	FAM116B
8048	C8orf82
8049	MAX
8050	ARSD
8051	MAZ
8052	PIM3
8053	STX19
8054	MB
8055	MBD1
8056	MBL2
8057	MBNL1
8058	MBP
8059	MC1R
8060	MC2R
8061	MC3R
8062	ARSE
8063	MC4R
8064	MC5R
8065	MCAM
8066	MCC
8067	CHST6
8068	MCF2
8069	ARSF
8070	MCL1
8071	MCM2
8072	MCM3
8073	MCM4
8074	MCM5
8075	MCM6
8076	MCM7
8077	CD46
8078	ART1
8079	SMCP
8080	ADAM11
8081	MDFI
8082	DNAJB9
8083	MDH1
8084	MDH2
8085	MDK
8086	MDM2
8087	MDM4
8088	ME1
8089	ART3
8090	ASIC1
8091	ME2
8092	MEA1
8093	MECP2
8094	MEF2A
8095	MEF2C
8096	MEF2D
8097	ART4
8098	MEFV
8099	MEIS1
8100	MEIS2
8101	MAP3K1
8102	MAP3K3
8103	MAP3K4
8104	MAP3K5
8105	RAB8A
8106	ARVCF
8107	MEN1
8108	MEOX1
8109	MEOX2
8110	MEP1A
8111	MEP1B
8112	MEST
8113	MET
8114	METTL1
8115	MFAP1
8116	MFAP2
8117	MFAP3
8118	MFAP4
8119	MFGE8
8120	MFI2
8121	MFNG
8122	MGAT1
8123	SCGB2A1
8124	MGAT2
8125	MGAT3
8126	MGAT5
8127	SCGB2A2
8128	CTAGE5
8129	KITLG
8130	MGMT
8131	MGP
8132	MGST1
8133	MGST2
8134	MGST3
8135	CIITA
8136	MICB
8137	ASAH1
8138	MID1
8139	MIF
8140	CXCL9
8141	MIP
8142	MIPEP
8143	MITF
8144	ATXN3
8145	MKI67
8146	MKLN1
8147	MLF1
8148	MLH1
8149	MAP3K9
8150	MAP3K10
8151	MLN
8152	MAP3K11
8153	MLL
8154	MLLT1
8155	AFF1
8156	ASCL1
8157	MLLT3
8158	MLLT4
8159	MLLT6
8160	FOXO4
8161	NR3C2
8162	TRPM1
8163	ASCL2
8164	MME
8165	MMP1
8166	MMP2
8167	MMP3
8168	MMP7
8169	LHX8
8170	MMP8
8171	MMP9
8172	MMP10
8173	MMP11
8174	MMP12
8175	MMP13
8176	MMP14
8177	MMP15
8178	MMP16
8179	MMP17
8180	MMP19
8181	ALDH6A1
8182	ASGR1
8183	MN1
8184	MNAT1
8185	MNDA
8186	MNT
8187	MOBP
8188	MOCS1
8189	MOCS2
8190	ASGR2
8191	MOG
8192	MOS
8193	MOV10
8194	CD200
8195	ASIP
8196	MPG
8197	MPI
8198	MPL
8199	MPO
8200	MPP1
8201	MPP2
8202	MPP3
8203	MPST
8204	MPV17
8205	MPZ
8206	ASL
8207	MRE11A
8208	ABCC1
8209	KLK14
8210	KLK12
8211	MXRA7
8212	LOC439949
8213	ASNA1
8214	ACHE
8215	TMEM41B
8216	IQSEC3
8217	FAM66C
8218	C12orf69
8219	ZNF891
8220	MZT1
8221	LINC00238
8222	CCDC88C
8223	EIF2AK4
8224	UNC13C
8225	LOC440288
8226	TTLL13
8227	LOC440335
8228	CTRB2
8229	BAIAP2-AS1
8230	PLIN5
8231	CLEC4GP1
8232	PRAMEF11
8233	MINOS1
8234	BCL2L15
8235	LRRC52
8236	C1orf186
8237	TRIM67
8238	MAP1LC3C
8239	DZANK1-AS1
8240	MIAT
8241	SHISA8
8242	ODF3B
8243	LOC440900
8244	POTEKP
8245	IQCF6
8246	C3orf78
8247	LOC440981
8248	ASNS
8249	MTHFD2L
8250	GUSBP5
8251	C4orf47
8252	MARCH11
8253	C5orf56
8254	C6orf226
8255	TMEM151B
8256	OOEP
8257	FAM26F
8258	LOC441179
8259	RP9P
8260	DTX2P1-UPK3BP1-PMS2P11
8261	FLJ39080
8262	C9orf173
8263	CDNF
8264	LOC441601
8265	LOC441666
8266	ANKRD65
8267	ZNFX1-AS1
8268	LOC442075
8269	OR2B3
8270	OR2J3
8271	OR14J1
8272	OR10C1
8273	PTCHD4
8274	FAM47C
8275	LMOD2
8276	MYO1B
8277	CITED1
8278	MSH2
8279	MSH3
8280	MSH4
8281	ASPA
8282	MSI1
8283	ASPH
8284	ASS1
8285	MSMB
8286	MSN
8287	MSR1
8288	MSRA
8289	MST1
8290	MST1R
8291	MSX1
8292	MSX2
8293	MT1F
8294	MT1G
8295	MT1M
8296	MT1X
8297	MT2A
8298	MT3
8299	MTAP
8300	MTCP1
8301	MTF1
8302	NUDT1
8303	MTHFD1
8304	MTHFR
8305	MTIF2
8306	MTM1
8307	MYO1F
8308	MTNR1A
8309	MTNR1B
8310	MTTP
8311	MTR
8312	MTRR
8313	MUC1
8314	MUC2
8315	MUC3A
8316	MUC4
8317	MUC6
8318	MUC7
8319	TRIM37
8320	MUSK
8321	MUT
8322	MUTYH
8323	MVD
8324	MVK
8325	MX1
8326	MX2
8327	MXI1
8328	MYB
8329	MYBL1
8330	MYBPC1
8331	MYBL2
8332	MYBPC2
8333	MYBPC3
8334	MYBPH
8335	MYC
8336	ASTN1
8337	MYCL1
8338	MYCN
8339	MYD88
8340	GADD45B
8341	MYF5
8342	MYF6
8343	MYH1
8344	MYH2
8345	MYH3
8346	MYH4
8347	MYH6
8348	MYH7
8349	MYH8
8350	MYH9
8351	MYH10
8352	MYH11
8353	SERPINC1
8354	MYL1
8355	MYL2
8356	MYL3
8357	MYL4
8358	MYL5
8359	MYL6
8360	MYLK
8361	ZFHX3
8362	MYO1A
8363	MYO1C
8364	MYO1D
8365	MYO1E
8366	MYO5A
8367	MYO5B
8368	MYO6
8369	MYO7A
8370	MYO7B
8371	MYO9A
8372	MYO9B
8373	MYO10
8374	MYOC
8375	MYOD1
8376	MYOG
8377	PPP1R12A
8378	PPP1R12B
8379	MYT1
8380	NAB1
8381	NAB2
8382	NACA
8383	NAGA
8384	NAGLU
8385	ATF1
8386	HNRNPM
8387	NAP1L1
8388	NAP1L2
8389	NAP1L3
8390	NAP1L4
8391	NARS
8392	NASP
8393	ATF3
8394	CEACAM6
8395	NUBP1
8396	NBN
8397	NCAM1
8398	NCBP1
8399	NCF2
8400	NCF4
8401	NCK1
8402	NCL
8403	NDN
8404	NDP
8405	NDUFA1
8406	NDUFA2
8407	NDUFA3
8408	NDUFA4
8409	NDUFA5
8410	NDUFA6
8411	NDUFA7
8412	NDUFA8
8413	NEB
8414	NDUFA9
8415	NDUFA10
8416	NDUFAB1
8417	NDUFB1
8418	NDUFB2
8419	NDUFB3
8420	NDUFB4
8421	NDUFB5
8422	NDUFB6
8423	NDUFB7
8424	NDUFB8
8425	NDUFB9
8426	NDUFB10
8427	NDUFC1
8428	NDUFC2
8429	NDUFS1
8430	ATIC
8431	NDUFS2
8432	NDUFS3
8433	NDUFV1
8434	NDUFS4
8435	NDUFS5
8436	NDUFS6
8437	NDUFS8
8438	ATM
8439	NDUFV3
8440	DRG1
8441	NEDD4
8442	SEPT2
8443	NEDD8
8444	NEDD9
8445	RERE
8446	STGC3
8447	NEFM
8448	GIMAP6
8449	LRRC18
8450	NEFH
8451	NELL1
8452	NEFL
8453	ATOH1
8454	NEK1
8455	NEK2
8456	NEK3
8457	NELL2
8458	NEO1
8459	NEU1
8460	NEU2
8461	ATOX1
8462	NEUROD1
8463	NEUROD2
8464	NEUROG1
8465	NF1
8466	ATP1A1
8467	NF2
8468	NFATC1
8469	NFATC2
8470	NFIA
8471	NFATC3
8472	NFATC4
8473	NFE2
8474	NFE2L1
8475	ATP1A2
8476	NFE2L2
8477	NFIB
8478	NFIC
8479	NFIL3
8480	NFIX
8481	ATP1A3
8482	NFKB1
8483	NFKB2
8484	NFKBIA
8485	NFKBIB
8486	NFKBIE
8487	NFKBIL1
8488	TONSL
8489	NFRKB
8490	NFX1
8491	ATP12A
8492	ACLY
8493	NFYA
8494	NFYB
8495	NFYC
8496	NGF
8497	NGFR
8498	NHLH1
8499	NHLH2
8500	NHP2L1
8501	ATP1A4
8502	NHS
8503	NID1
8504	NINJ1
8505	NINJ2
8506	NIT1
8507	NKG7
8508	ATP1B1
8509	NKTR
8510	NKX2-2
8511	NKX3-1
8512	NKX6-1
8513	NNAT
8514	NMB
8515	NMBR
8516	ATP1B2
8517	NME1
8518	NME3
8519	NME4
8520	NQO2
8521	NMT1
8522	NNMT
8523	NODAL
8524	NOP2
8525	ATP1B3
8526	NONO
8527	NOS1
8528	NOS2
8529	NOS3
8530	CNOT2
8531	CNOT3
8532	CNOT4
8533	NOTCH1
8534	NPY
8535	NOTCH2
8536	NOTCH3
8537	NOTCH4
8538	NOV
8539	NOVA1
8540	NOVA2
8541	PNP
8542	NPAS1
8543	NPAS2
8544	NPAT
8545	NPC1
8546	NPHP1
8547	NPHS1
8548	NPM1
8549	NPPA
8550	NPPB
8551	ATP2A1
8552	NPPC
8553	NPR1
8554	NPR2
8555	NPR3
8556	NPTX1
8557	NPTX2
8558	NPY1R
8559	NPY2R
8560	NPY6R
8561	NPY5R
8562	ATP2A2
8563	SLC11A2
8564	NRAP
8565	NRAS
8566	NRCAM
8567	NRD1
8568	NRF1
8569	ATP2A3
8570	ACO1
8571	NRGN
8572	NRL
8573	NRTN
8574	NSF
8575	NT5E
8576	NTF3
8577	ATP2B1
8578	NTHL1
8579	NTRK1
8580	NTRK2
8581	NTRK3
8582	NTN3
8583	ROR1
8584	ATP2B2
8585	ROR2
8586	DDR2
8587	NTS
8588	C8orf22
8589	IGIP
8590	NTSR1
8591	NUCB1
8592	NUCB2
8593	NUMA1
8594	NUP88
8595	NUP98
8596	NR4A2
8597	ATP2B3
8598	NVL
8599	GPR143
8600	COA5
8601	CISD2
8602	EID3
8603	GPX8
8604	OAS1
8605	PHOSPHO2
8606	OAS2
8607	ATP2B4
8608	OAS3
8609	CHAC2
8610	OAT
8611	TBC1D25
8612	RNF165
8613	DFNB59
8614	C18orf56
8615	OAZ1
8616	OAZ2
8617	OCA2
8618	OCRL
8619	ODC1
8620	ODF1
8621	ODF2
8622	OMD
8623	ATP4A
8624	OGDH
8625	OGG1
8626	OGN
8627	ATP4B
8628	TIFAB
8629	OLR1
8630	OMG
8631	OMP
8632	OPA1
8633	OPCML
8634	TNFRSF11B
8635	ZNF295
8636	SCAPER
8637	WRAP73
8638	OPRD1
8639	CRNN
8640	CLDN20
8641	OPRK1
8642	OPRL1
8643	OPRM1
8644	ATP5A1
8645	SIX6
8646	OR1D2
8647	OR1F1
8648	OR2C1
8649	OR3A1
8650	OR3A2
8651	ORC1
8652	ORC2
8653	ORC4
8654	ORC5
8655	SLC22A18
8656	SLC22A18AS
8657	ORM1
8658	ORM2
8659	OSBP
8660	OSM
8661	OTC
8662	CLDN11
8663	OTX1
8664	OTX2
8665	OVGP1
8666	OVOL1
8667	OXA1L
8668	OXCT1
8669	ALDH7A1
8670	OXT
8671	OXTR
8672	P2RX1
8673	P2RX3
8674	P2RX4
8675	P2RX5
8676	P2RX7
8677	P2RY1
8678	P2RY2
8679	P2RY4
8680	P2RY6
8681	P4HA1
8682	P4HB
8683	SPRN
8684	PA2G4
8685	PEBP1
8686	PABPC3
8687	FURIN
8688	PCSK6
8689	PAEP
8690	RRM2B
8691	SMARCAL1
8692	G0S2
8693	PLA2G3
8694	MINK1
8695	CD207
8696	PAFAH1B1
8697	PAFAH1B2
8698	DUOX2
8699	NOX4
8700	NOX3
8701	COL5A3
8702	PAFAH1B3
8703	SYCP3
8704	PODXL2
8705	DEC1
8706	CHST11
8707	PAFAH2
8708	PRDX1
8709	PAH
8710	SERPINE1
8711	SERPINB2
8712	PAK1
8713	IL20
8714	UBQLN3
8715	GALNT9
8716	IL21R
8717	IL22
8718	ATP6V0A4
8719	ITSN2
8720	DEF6
8721	CYHR1
8722	GEMIN4
8723	PAK2
8724	CALY
8725	ANO7
8726	PAK3
8727	PNPLA8
8728	ARHGEF4
8729	PALM
8730	ARHGEF3
8731	SLC45A1
8732	PAM
8733	NEUROG3
8734	CNTN3
8735	REG3A
8736	PAPPA
8737	ATP5B
8738	RDH8
8739	DCAF8
8740	PARK2
8741	PARN
8742	PAWR
8743	PAX1
8744	PAX2
8745	PAX3
8746	PAX4
8747	PAX5
8748	KCNK4
8749	MYEF2
8750	IRX4
8751	ASAP1
8752	AK3
8753	HP1BP3
8754	PAX6
8755	HDGFRP3
8756	COPS7A
8757	NSDHL
8758	PAX7
8759	PDCL
8760	TAS2R3
8761	TAS2R4
8762	TAS2R16
8763	TAS2R1
8764	TAS2R9
8765	TAS2R8
8766	TAS2R7
8767	TAS2R13
8768	TAS2R10
8769	PAX9
8770	TAS2R14
8771	DHH
8772	F11R
8773	TRAT1
8774	VILL
8775	C6orf48
8776	PARD6A
8777	CLEC4A
8778	SPOCK3
8779	STMN3
8780	RNF141
8781	NTM
8782	HEBP1
8783	PBX1
8784	PBX2
8785	PBX3
8786	PC
8787	PCBD1
8788	CDON
8789	IMPG2
8790	PCBP1
8791	PDE11A
8792	FOXP3
8793	SHANK1
8794	TBX22
8795	PCBP2
8796	PCCA
8797	SOST
8798	PCCB
8799	PCDH1
8800	PCDHGC3
8801	TMED5
8802	PCDH7
8803	ATP5C1
8804	ACO2
8805	SLC35B3
8806	MTERFD1
8807	TPRKB
8808	MED31
8809	COQ6
8810	AMDHD2
8811	SLC35C2
8812	ASCC1
8813	DERL2
8814	PCDH8
8815	EXOSC3
8816	FAHD2A
8817	SLMO2
8818	EXOSC1
8819	TMED7
8820	ISOC1
8821	EMC9
8822	RRP15
8823	CCDC53
8824	PCDH9
8825	HDDC2
8826	MRPS16
8827	GLRX2
8828	MRPS18C
8829	FIS1
8830	GOLT1B
8831	BOLA1
8832	VPS36
8833	DESI2
8834	GLOD4
8835	CELA2B
8836	UBXN1
8837	ZNF593
8838	ZBTB7B
8839	ST8SIA3
8840	SERPINA5
8841	PI15
8842	PRLH
8843	GMNN
8844	PLEKHA8P1
8845	LAP3
8846	WDPCP
8847	ZNF691
8848	FAM135B
8849	PCK1
8850	TXNDC12
8851	TXNDC11
8852	ATL1
8853	CALHM2
8854	RPS27L
8855	C3orf32
8856	YARS2
8857	NMD3
8858	MRPL2
8859	PCK2
8860	NOSIP
8861	DERA
8862	MRPL4
8863	TMX2
8864	CUTC
8865	FCF1
8866	THAP4
8867	NDUFA13
8868	MRPS7
8869	POLR1D
8870	GAL
8871	CRYL1
8872	MLXIPL
8873	YBX2
8874	KLHL5
8875	PCM1
8876	PLLP
8877	SEPSECS
8878	SIDT2
8879	RRNAD1
8880	ADIPOR1
8881	TRNT1
8882	UTP18
8883	SCCPDH
8884	IFT52
8885	ABHD5
8886	SH3GLB1
8887	ZC2HC1A
8888	MECR
8889	NDUFAF1
8890	FAM108B1
8891	PHF20L1
8892	TFB1M
8893	APH1A
8894	METTL9
8895	RDH11
8896	PCMT1
8897	LACTB2
8898	SUV420H1
8899	TRAPPC12
8900	ZDHHC9
8901	FAM82B
8902	MRPS2
8903	COQ4
8904	UTP11L
8905	PCNA
8906	COMMD2
8907	ZNF706
8908	IER3IP1
8909	GOLGA7
8910	NAA20
8911	TRIM17
8912	SAR1B
8913	ANGPTL4
8914	ASB3
8915	PHF11
8916	RLIM
8917	KCTD3
8918	CCDC41
8919	IRAK4
8920	RNFT1
8921	COPS4
8922	INSIG2
8923	CHCHD2
8924	DYNC1LI1
8925	HSD17B12
8926	LOC51145
8927	A4GNT
8928	ING4
8929	C5orf45
8930	SDF4
8931	SLC45A2
8932	MRTO4
8933	HN1
8934	SERPINA10
8935	ZNF580
8936	VPS28
8937	C3orf18
8938	EGFL7
8939	DBR1
8940	DCTN4
8941	AADAT
8942	CYB5R4
8943	MYO15A
8944	PCNT
8945	HSD17B11
8946	HSD17B14
8947	NAGPA
8948	TUBD1
8949	TUBE1
8950	LEF1
8951	PLEKHO1
8952	HAO2
8953	DCXR
8954	HSPA14
8955	GPN3
8956	CRBN
8957	WBP5
8958	RSL24D1
8959	SS18L2
8960	PCOLCE
8961	HERC5
8962	CKLF
8963	ZNF639
8964	IPO11
8965	RAPGEFL1
8966	PLCE1
8967	C9orf53
8968	NIN
8969	CHMP1A
8970	CPA4
8971	ZDHHC2
8972	DDX47
8973	NUSAP1
8974	TACO1
8975	ACP6
8976	GP6
8977	DUSP13
8978	CLDN18
8979	LUZP4
8980	IGF2-AS
8981	GLRX5
8982	PCP4
8983	ZNF219
8984	TCEB3B
8985	ABI3
8986	COPZ2
8987	PIGP
8988	GLTP
8989	PCSK1
8990	PHF20
8991	VRK3
8992	CRIM1
8993	C22orf43
8994	EMC4
8995	MZB1
8996	ANKRD39
8997	C3orf19
8998	SHISA5
8999	PAIP2
9000	PDZD11
9001	TMEM69
9002	C6orf203
9003	NT5C3
9004	FAM178B
9005	MRPL37
9006	RNF181
9007	TBC1D7
9008	MARCH2
9009	MRPL51
9010	TMEM216
9011	PCSK5
9012	CXorf26
9013	MRPL30
9014	MRPL27
9015	CDKL3
9016	CLEC1B
9017	CLEC1A
9018	PIPOX
9019	PCSK2
9020	TFDP3
9021	UBAP1
9022	BET1L
9023	KLF3
9024	ZNF571
9025	DNAJC27
9026	IER5
9027	C1RL
9028	CDK16
9029	GOLM1
9030	ANKMY1
9031	SCAND1
9032	BFAR
9033	TLR7
9034	RASL12
9035	CEND1
9036	CHCHD8
9037	RXFP3
9038	CDK17
9039	ERGIC2
9040	GMIP
9041	GMPR2
9042	CD320
9043	PCDH12
9044	ECSIT
9045	SLC15A3
9046	BPIFA1
9047	THEG
9048	NRN1
9049	CDK18
9050	TIMMDC1
9051	GCNT4
9052	CYP39A1
9053	FKBP11
9054	ZDHHC3
9055	KCNK9
9056	FAM13B
9057	FAM53C
9058	REEP2
9059	ARMCX1
9060	PCYT1A
9061	SLC22A17
9062	TLR8
9063	SLC25A37
9064	FAM198B
9065	NME8
9066	KRCC1
9067	PLAC8
9068	PHF21A
9069	MRPL35
9070	RSRC1
9071	MEX3C
9072	AMZ2
9073	WAC
9074	SPG21
9075	AHSP
9076	ARL6IP4
9077	PDC
9078	TNFRSF12A
9079	SPTBN5
9080	ZNF771
9081	PRR16
9082	NGRN
9083	THEM6
9084	MS4A4A
9085	DACT1
9086	PDCD1
9087	CRNKL1
9088	ZBTB7A
9089	FZR1
9090	TAOK3
9091	KLRF1
9092	PDCD2
9093	KRT76
9094	ZNF117
9095	WT1-AS
9096	MBTPS2
9097	HOOK1
9098	CDC40
9099	CHST15
9100	ZMYND10
9101	PLA1A
9102	UBR5
9103	POP5
9104	TEX264
9105	PDE1A
9106	POMP
9107	MRPS17
9108	ATRAID
9109	SNX7
9110	UCHL5
9111	ANGPT4
9112	CRLF3
9113	PDE1C
9114	CSAD
9115	ATP6V1D
9116	WNT16
9117	ZNF589
9118	EIF3L
9119	NIP7
9120	RWDD1
9121	PDE2A
9122	AIG1
9123	TRPV2
9124	COMMD10
9125	WDR83OS
9126	TRAPPC4
9127	PDE3A
9128	ATP5D
9129	PPME1
9130	NOL7
9131	HEMK1
9132	PDE3B
9133	BIN2
9134	ACTL6B
9135	PDE4A
9136	AMOTL2
9137	PRKAG2
9138	POLK
9139	ZNF107
9140	DDX41
9141	SNX9
9142	PDE4B
9143	SUCO
9144	ANAPC5
9145	SCARA3
9146	MAGEC2
9147	FAM8A1
9148	PDE4C
9149	HPCAL4
9150	YTHDF2
9151	VGLL1
9152	RNF138
9153	IP6K2
9154	PCYOX1
9155	PDE4D
9156	PRRX2
9157	LCMT1
9158	GULP1
9159	REV1
9160	RHCG
9161	PDE6A
9162	SFMBT1
9163	UBE2J1
9164	EVL
9165	PDE6C
9166	NAT8B
9167	DCDC2
9168	LIMA1
9169	CABP2
9170	ISYNA1
9171	ANKFY1
9172	PDE6D
9173	PDE6G
9174	C9orf114
9175	NOP16
9176	C22orf28
9177	PTPLAD1
9178	CTDSPL2
9179	TH1L
9180	TRIAP1
9181	PDE6H
9182	C11orf73
9183	CWC15
9184	TRMT112
9185	UFC1
9186	C20orf43
9187	PDE7A
9188	CHMP5
9189	GTSE1
9190	ETV7
9191	DTL
9192	NCKIPSD
9193	PDE8A
9194	LARS
9195	TMEM14C
9196	CXXC5
9197	TMEM138
9198	C20orf111
9199	C14orf129
9200	JKAMP
9201	ANAPC11
9202	PDE9A
9203	ZC3HC1
9204	C9orf156
9205	PHF7
9206	VTA1
9207	PPHLN1
9208	MTFP1
9209	ZCCHC17
9210	PDE1B
9211	VPS54
9212	ZNF581
9213	SIRT7
9214	SIRT6
9215	PDGFA
9216	CINP
9217	RAB14
9218	PEX5L
9219	LGSN
9220	NT5DC3
9221	PDGFB
9222	RAB6B
9223	IL23A
9224	MBIP
9225	HDAC7
9226	ARMCX3
9227	TDP2
9228	UFM1
9229	PDGFRA
9230	FAM49B
9231	GDE1
9232	LARP7
9233	ESF1
9234	PDGFRL
9235	AZIN1
9236	PCF11
9237	MED15
9238	PIAS4
9239	PDE6B
9240	TRIM33
9241	SRRT
9242	NBAS
9243	CUTA
9244	LSR
9245	PDGFRB
9246	ATP5F1
9247	LIPT1
9248	NOP58
9249	METTL13
9250	PIGT
9251	TRMT6
9252	ATP6V1H
9253	GET4
9254	PDHA1
9255	DPH5
9256	ERGIC3
9257	TAF9B
9258	HMP19
9259	UBE2D4
9260	PDHA2
9261	KLF13
9262	DYNC2LI1
9263	SLC25A39
9264	PDHB
9265	LUC7L2
9266	OTUD6B
9267	RBMX2
9268	DHRS7
9269	C14orf166
9270	SF3B14
9271	PDK1
9272	MRPL48
9273	TMBIM4
9274	PPIL1
9275	YPEL5
9276	FAM96B
9277	MRPS23
9278	PDK2
9279	MRPS33
9280	PTRH2
9281	CDK5RAP1
9282	RASD1
9283	STYXL1
9284	GINS2
9285	PDK3
9286	MPC1
9287	FKBP7
9288	ZFR
9289	ASB1
9290	ASB4
9291	NUB1
9292	HSPB11
9293	TMEM66
9294	PDK4
9295	TPPP3
9296	ASB2
9297	MPP6
9298	ENPP1
9299	SUFU
9300	OAZ3
9301	ENPP2
9302	LSM7
9303	NAA38
9304	CPSF3
9305	TRAPPC2L
9306	HECA
9307	VPS29
9308	ENPP3
9309	ATP5G1
9310	CYB5R2
9311	NLK
9312	PADI3
9313	ACSL5
9314	GPRC5B
9315	EMCN
9316	CYB5R1
9317	PDPK1
9318	ZNF44
9319	SELT
9320	RAB23
9321	CAB39
9322	UIMC1
9323	FBXO40
9324	DNAJB11
9325	CMPK1
9326	POLR3K
9327	WBP11
9328	SLC26A4
9329	UPB1
9330	MSRB1
9331	RAPGEF6
9332	GHRL
9333	PDYN
9334	WWOX
9335	ARID4B
9336	CD244
9337	LUC7L3
9338	RTEL1
9339	HIGD1B
9340	ERAP1
9341	TMEM8B
9342	CDK12
9343	C9orf78
9344	PECAM1
9345	SYT17
9346	ATP8A2
9347	RAB8B
9348	INPP5K
9349	GNG13
9350	MST4
9351	TM7SF3
9352	SERPINF1
9353	RSF1
9354	ZAK
9355	MYOZ2
9356	KDM3B
9357	PEG3
9358	PENK
9359	ATP5G2
9360	ASIC5
9361	SIX4
9362	COQ3
9363	CALML5
9364	TUBA8
9365	PHAX
9366	GALNT7
9367	CECR1
9368	PEPD
9369	PER1
9370	PET112
9371	PEX1
9372	ATP5G3
9373	PEX6
9374	PEX7
9375	PEX10
9376	PEX12
9377	PEX13
9378	PEX14
9379	PF4
9380	PF4V1
9381	PFAS
9382	CFP
9383	ACOX1
9384	PFDN1
9385	PFDN2
9386	PFDN4
9387	PFDN5
9388	ATP8B1
9389	PFKFB1
9390	PFKFB2
9391	PFKFB3
9392	PFKFB4
9393	PFKL
9394	VIT
9395	PFKM
9396	PFKP
9397	PFN1
9398	PFN2
9399	CDK14
9400	ATP5I
9401	PGAM2
9402	PGC
9403	PGD
9404	PGF
9405	PGGT1B
9406	ATP5J
9407	PGK1
9408	PGK2
9409	PGM1
9410	PGM3
9411	PGM5
9412	ATP6V1A
9413	PGR
9414	ABCB1
9415	ABCB4
9416	PHB
9417	SLC25A3
9418	PHEX
9419	PHF1
9420	PHF2
9421	PHKA1
9422	PHKA2
9423	PHKB
9424	ATP6V1B1
9425	PHKG1
9426	PHKG2
9427	PHYH
9428	SERPINA1
9429	PI3
9430	SERPINA4
9431	SERPINB5
9432	SERPINB6
9433	ATP6V1B2
9434	SERPINE2
9435	SERPINB8
9436	SERPINB9
9437	SERPINB10
9438	SERPINI1
9439	SERPINB13
9440	SERPINI2
9441	PIGA
9442	PIGC
9443	ATP6V0C
9444	PIGF
9445	PIGH
9446	PIGR
9447	PIK3C2A
9448	PIK3C2B
9449	PIK3C2G
9450	PIK3C3
9451	ATP6V1C1
9452	PIK3CA
9453	PIK3CB
9454	PIM1
9455	PIK3CD
9456	PIK3CG
9457	PIK3R1
9458	PIK3R2
9459	PI4KA
9460	PI4KB
9461	ATP6V1E1
9462	ACP1
9463	PIN1
9464	PIN1P1
9465	PIN4
9466	PIP
9467	PIP4K2A
9468	PITPNA
9469	PITX1
9470	PITX2
9471	PITX3
9472	PKD1
9473	PKD2
9474	PKLR
9475	PKHD1
9476	PKM
9477	PKNOX1
9478	PKP1
9479	PKP2
9480	PLA2G1B
9481	PLA2G2A
9482	PLA2G4A
9483	PLA2G5
9484	PLAG1
9485	PLAGL1
9486	PLAGL2
9487	PLAT
9488	PLAU
9489	PLAUR
9490	PLCB2
9491	PLCB3
9492	PLCB4
9493	BCL11A
9494	CPXCR1
9495	BTBD1
9496	PLCD1
9497	SPA17
9498	IL17D
9499	NUDT9
9500	CHIC1
9501	TM6SF2
9502	TM6SF1
9503	UBASH3A
9504	ZFYVE1
9505	PLCL1
9506	LRP1B
9507	PANK1
9508	SHC3
9509	PLCG1
9510	PLCG2
9511	NUP54
9512	TPCN1
9513	PLD1
9514	PLD2
9515	PLEC
9516	ATP6V0B
9517	CLIC5
9518	STX18
9519	PLG
9520	PLEK
9521	SERPINF2
9522	PLIN1
9523	PLK1
9524	FXYD1
9525	FXYD3
9526	ATP6V1G2
9527	PLN
9528	PLOD1
9529	PLOD2
9530	PLP1
9531	PLP2
9532	PLRG1
9533	PLS1
9534	PLS3
9535	PLSCR1
9536	ATP6V0A1
9537	PLTP
9538	MBD3
9539	ADAM22
9540	PLXNA1
9541	PLXNA2
9542	BCMO1
9543	PRKAG3
9544	PTOV1
9545	S1PR5
9546	PLXNB1
9547	PLXNB3
9548	PMAIP1
9549	PMCH
9550	PNOC
9551	PMCHL1
9552	PMCHL2
9553	PML
9554	PMM1
9555	PMP2
9556	PMP22
9557	PMS1
9558	PMS2P1
9559	ATP6AP1
9560	DSCR6
9561	FXYD7
9562	FXYD6
9563	FXYD5
9564	FXYD4
9565	P2RY13
9566	GPR84
9567	IL20RA
9568	IL20RB
9569	FGFRL1
9570	GPR87
9571	C11orf24
9572	CDHR5
9573	ATP7A
9574	MYO3A
9575	DUOX1
9576	RAB24
9577	PELO
9578	SLCO1C1
9579	PPIL3
9580	EXOSC9
9581	FTHL17
9582	CNTN5
9583	CSNK1G1
9584	A4GALT
9585	EXOSC10
9586	PRRX1
9587	CPSF2
9588	ATP5O
9589	ACP2
9590	BRWD1
9591	SLC37A1
9592	RBM11
9593	PCBP3
9594	C21orf58
9595	YBEY
9596	FAM165B
9597	C21orf49
9598	MIS18A
9599	PNLIP
9600	PNLIPRP1
9601	TSPEAR
9602	PNLIPRP2
9603	SETD4
9604	FAM3B
9605	PNMT
9606	ATP7B
9607	RIPK4
9608	CLIC6
9609	PION
9610	TLR9
9611	POLE3
9612	CHRAC1
9613	GPR88
9614	PNN
9615	UBL3
9616	LURAP1
9617	MRPL39
9618	C21orf91
9619	SEPT4
9620	C8orf58
9621	DCUN1D1
9622	NANS
9623	CYCS
9624	ERRFI1
9625	KCNK10
9626	TREM2
9627	PODXL
9628	TREM1
9629	SNTG1
9630	POLA1
9631	POLB
9632	POLD1
9633	POLD2
9634	POLE
9635	POLE2
9636	POLG
9637	POLH
9638	POLR2A
9639	POLR2B
9640	GPR173
9641	GPR85
9642	POLR2C
9643	GNG2
9644	GDAP1
9645	POLR2D
9646	DPM3
9647	SOX18
9648	POLR2E
9649	POLR2F
9650	CYTL1
9651	WNT4
9652	HAO1
9653	POLR2G
9654	POLR2H
9655	TERF2IP
9656	POLR2I
9657	POLR2J
9658	SLC38A2
9659	POLR2K
9660	NLGN3
9661	SIAE
9662	POLR2L
9663	TAS2R5
9664	DNAJC10
9665	YIPF1
9666	GAR1
9667	SSH1
9668	HCG4
9669	SH3TC1
9670	SEMA5B
9671	GFOD1
9672	RBM27
9673	POMC
9674	SASH3
9675	KCTD5
9676	ANLN
9677	PON1
9678	RIN2
9679	ATAD2B
9680	FBXO42
9681	MOV10L1
9682	TAF7L
9683	PON2
9684	MRPS21
9685	FBXW5
9686	FAM190B
9687	FAM134B
9688	XRN1
9689	ETAA1
9690	ANKIB1
9691	MIOS
9692	PON3
9693	SMCR7L
9694	TOLLIP
9695	KRT20
9696	NLE1
9697	RNF216
9698	PLEKHA5
9699	FAM64A
9700	POR
9701	CHPF2
9702	TRMT13
9703	DGCR8
9704	FAM105A
9705	NEURL1B
9706	C11orf71
9707	TMX3
9708	PRMT7
9709	HEATR5B
9710	SMOX
9711	TMCO1
9712	POU1F1
9713	RBM47
9714	ZDHHC13
9715	CPVL
9716	DHX29
9717	ADAMTSL4
9718	FLJ11235
9719	RHOF
9720	POU2AF1
9721	PCDH18
9722	HMGCLL1
9723	EXOSC4
9724	DDX4
9725	PUS7
9726	APBB1IP
9727	POU2F1
9728	CCDC93
9729	WDR44
9730	ANKRD16
9731	ASNSD1
9732	POU2F2
9733	MIER2
9734	USP53
9735	MRPL50
9736	CCHCR1
9737	EXOC6
9738	ROBO4
9739	NDUFB11
9740	POU3F1
9741	FAM193B
9742	DDIT4
9743	RC3H2
9744	TOMM7
9745	CRCT1
9746	MTMR12
9747	RNF186
9748	SDK2
9749	POU3F2
9750	NECAB2
9751	MAGEL2
9752	GNL3L
9753	DKFZP434I0714
9754	WDR5B
9755	DDX49
9756	ING3
9757	SGTB
9758	SPATA6
9759	POU3F3
9760	EPB41L4B
9761	DLL4
9762	POU3F4
9763	UGT1A8
9764	UGT1A6
9765	POU4F1
9766	EGLN1
9767	GNB1L
9768	LZTFL1
9769	C9orf11
9770	MXRA8
9771	POU4F2
9772	L1TD1
9773	POU4F3
9774	ATR
9775	NDFIP2
9776	DDX56
9777	INO80
9778	CCNJ
9779	FBXL19
9780	VSIG10
9781	ARL15
9782	PAF1
9783	PARP14
9784	HES2
9785	KIAA1383
9786	FAM63B
9787	POU6F1
9788	PPA1
9789	PPARA
9790	PCDHB18
9791	PCDHB17
9792	TBC1D13
9793	WDR74
9794	TMEM106B
9795	RSBN1
9796	LRRN3
9797	CRLS1
9798	GTPBP2
9799	CROT
9800	PPARD
9801	ZNHIT6
9802	P4HTM
9803	MANSC1
9804	PPARG
9805	MED1
9806	ATRX
9807	RRN3
9808	PDP1
9809	GPN2
9810	MARCH5
9811	PPEF2
9812	CNGB3
9813	RBFOX1
9814	SLC6A20
9815	PPAT
9816	OTUD4
9817	TMED9
9818	SLC35F2
9819	RAB39A
9820	MPHOSPH8
9821	FEV
9822	XAF1
9823	PPBP
9824	LEPROT
9825	LY6K
9826	EPDR1
9827	FBLIM1
9828	FNDC8
9829	IL17RD
9830	FAM20A
9831	KLHDC4
9832	PPEF1
9833	PCSK4
9834	GRAMD1C
9835	ROPN1
9836	ZRANB1
9837	TRIM44
9838	BTG4
9839	HYDIN
9840	DIRAS2
9841	CTSA
9842	PPP1R12C
9843	TTC40
9844	RNF111
9845	NSMCE4A
9846	ALKBH4
9847	C17orf59
9848	DNAJB12
9849	PPIA
9850	TET2
9851	TRPM4
9852	BNC2
9853	MED18
9854	DCHS2
9855	MBTD1
9856	PPIB
9857	KIF1A
9858	KLHL24
9859	HAUS6
9860	TRIT1
9861	CNNM2
9862	AHI1
9863	ZNF586
9864	DYM
9865	SAMD9
9866	PPIC
9867	GIPC2
9868	ZNF562
9869	AFTPH
9870	KLHL28
9871	QPCTL
9872	GATAD2A
9873	ZNF280D
9874	ZCCHC10
9875	PPID
9876	NDE1
9877	ERCC6L
9878	TRPM7
9879	SWT1
9880	CDHR2
9881	GIN1
9882	NXPE4
9883	BCAS3
9884	ASPN
9885	NUP62CL
9886	BEST2
9887	VPS13C
9888	GDAP2
9889	BSPRY
9890	WBP1L
9891	LRRC49
9892	APTX
9893	BIVM
9894	MFSD6
9895	SYTL2
9896	ESRP1
9897	SIDT1
9898	ARHGEF38
9899	DEF8
9900	FBXL12
9901	ANKRD49
9902	PAQR5
9903	FAM83E
9904	FAM46C
9905	GON4L
9906	GDPD2
9907	PGPEP1
9908	ELP6
9909	MS4A12
9910	SNRK
9911	CC2D1A
9912	TOR4A
9913	DNAJC25
9914	GPATCH4
9915	PPP1R14D
9916	TMEM214
9917	TMEM104
9918	EPS8L1
9919	QRICH1
9920	PIGG
9921	PALMD
9922	FNBP1L
9923	CNTLN
9924	DCAF16
9925	ZCCHC2
9926	DPP8
9927	ST7L
9928	BCOR
9929	TEX10
9930	ANKHD1
9931	CWC25
9932	RETSAT
9933	TBC1D8B
9934	LPPR1
9935	UHRF1BP1
9936	NSUN2
9937	ALKBH5
9938	INO80D
9939	NCAPG2
9940	MTMR10
9941	RNF43
9942	PQLC2
9943	CASZ1
9944	ELOVL2
9945	PXK
9946	LAX1
9947	CDKAL1
9948	TTC19
9949	MKS1
9950	WHSC1L1
9951	CYP2W1
9952	FAM208B
9953	CCDC99
9954	SEMA4C
9955	RPP25
9956	FOCAD
9957	YTHDF1
9958	C14orf101
9959	CMTM6
9960	HEATR2
9961	DUS2L
9962	CHTF8
9963	RASIP1
9964	LIME1
9965	ZNF434
9966	UBE2R2
9967	CHCHD3
9968	IMPAD1
9969	TMEM161A
9970	HAUS4
9971	TRMT10C
9972	EXD3
9973	RHBDL2
9974	KANSL2
9975	DUSP23
9976	ADPRHL2
9977	SARS2
9978	COMMD4
9979	PPL
9980	OCIAD1
9981	RNF125
9982	FAM206A
9983	DNAJC28
9984	SLC41A3
9985	LPCAT2
9986	MRPL16
9987	SDHAF2
9988	PPM1A
9989	COMMD8
9990	TRNAU1AP
9991	C1orf27
9992	FAM120C
9993	C1orf109
9994	PARP16
9995	TXNL4B
9996	TMEM160
9997	ODAM
9998	PPM1B
9999	GEMIN8
10000	SSH3
10001	TIPIN
10002	UCKL1
10003	C1orf56
10004	PIGX
10005	TMEM70
10006	C4orf27
10007	PPM1G
10008	TTC12
10009	BANP
10010	TMEM132A
10011	CPSF3L
10012	THG1L
10013	C20orf27
10014	SLC25A38
10015	C2orf18
10016	HRASLS2
10017	C2orf42
10018	NMRK1
10019	CLN6
10020	PINX1
10021	HCFC1R1
10022	ULK4
10023	C1orf123
10024	ACSM5
10025	ZNF770
10026	PPOX
10027	C1orf159
10028	ZSCAN2
10029	GID8
10030	OXSM
10031	MARC2
10032	TESC
10033	AURKAIP1
10034	PPP1CA
10035	AUH
10036	ACP5
10037	TUG1
10038	TTC22
10039	TMCO3
10040	PAK1IP1
10041	LAMTOR1
10042	RMND1
10043	TRMT61B
10044	FAM118A
10045	HERC6
10046	C19orf24
10047	PPP1CB
10048	PARPBP
10049	PIH1D1
10050	PPP2R3C
10051	CCDC109B
10052	STX17
10053	PRPF39
10054	C14orf119
10055	LINC00483
10056	PPP1CC
10057	TTC38
10058	PID1
10059	PHIP
10060	BANK1
10061	FLJ20712
10062	FAM70A
10063	HEATR3
10064	C17orf80
10065	PPP1R1A
10066	FBXO34
10067	USP47
10068	SLC35A5
10069	FKBP14
10070	MOCOS
10071	NOL8
10072	CCDC40
10073	PTCD3
10074	CDCA4
10075	TRMT12
10076	EPN3
10077	PLEKHB2
10078	VPS37C
10079	C19orf60
10080	PPP1R2
10081	C14orf102
10082	MRPL20
10083	ATG16L1
10084	ZWILCH
10085	AIM1L
10086	SUSD4
10087	WIPI1
10088	ZCWPW1
10089	LOC550643
10090	SPATA6L
10091	SLC52A1
10092	PDPR
10093	ENOX1
10094	TMEM248
10095	PPP1R3A
10096	DET1
10097	C9orf40
10098	RNF31
10099	OXR1
10100	UACA
10101	TMEM45A
10102	FEZF2
10103	PPP1R3C
10104	TAPBPL
10105	IFT57
10106	ARGLU1
10107	KIF26B
10108	SOBP
10109	CXorf57
10110	C10orf118
10111	SLC38A4
10112	MED9
10113	TMEM51
10114	WDYHV1
10115	GPATCH1
10116	SAMD4B
10117	EBLN2
10118	PPP1R3D
10119	AUP1
10120	WDR70
10121	ATP5SL
10122	ATG2B
10123	RALGPS2
10124	GPATCH2
10125	SLFN12
10126	ANO1
10127	BSDC1
10128	AGGF1
10129	PPP1R7
10130	MAGOHB
10131	PLEKHJ1
10132	WDR60
10133	ARHGAP17
10134	TMEM39B
10135	SLC6A15
10136	CRTAC1
10137	PRPF38B
10138	PPP1R8
10139	FANCL
10140	AKIRIN2
10141	PIWIL2
10142	CEP192
10143	HEATR1
10144	TRIM68
10145	ANO10
10146	ARMC4
10147	RBM28
10148	LARP1B
10149	SRBD1
10150	WRAP53
10151	FIGN
10152	FAM90A1
10153	ANKZF1
10154	ELP3
10155	HAUS2
10156	CDCA8
10157	LRRC8D
10158	THAP1
10159	ZDHHC4
10160	RBM23
10161	UBR7
10162	MTPAP
10163	PPP1R10
10164	C19orf73
10165	TMEM38B
10166	DALRD3
10167	SDAD1
10168	ARMC1
10169	DARS2
10170	RFWD3
10171	PPP2CA
10172	ARHGEF10L
10173	TMEM33
10174	PNPO
10175	SHQ1
10176	CEP55
10177	CENPQ
10178	MSL2
10179	MRPS18A
10180	PPP2CB
10181	PRMT6
10182	TBCCD1
10183	DNAAF2
10184	MRPS10
10185	INTS10
10186	KLHL11
10187	SEC61A2
10188	FAM82A2
10189	RNMTL1
10190	FAIM
10191	LINS
10192	SMG8
10193	RNF220
10194	RIF1
10195	DZANK1
10196	SLC25A36
10197	VPS13D
10198	RIC8B
10199	PPP2R1A
10200	NUDT11
10201	NADSYN1
10202	DNAJC17
10203	PBRM1
10204	FAM176B
10205	C14orf105
10206	KIAA1551
10207	RPRD1A
10208	APPL2
10209	PPP2R1B
10210	AVP
10211	PLEKHG6
10212	MAP1S
10213	LGI2
10214	GOLPH3L
10215	ARL8B
10216	DCUN1D2
10217	SETD5
10218	PPP2R2A
10219	ATAD3A
10220	DPPA4
10221	BBS7
10222	RCBTB1
10223	LEPREL1
10224	FANCI
10225	C11orf57
10226	EXD2
10227	TMEM57
10228	PPP2R2B
10229	KLHDC8A
10230	LRRC20
10231	TRIM62
10232	ETNK2
10233	RAVER2
10234	NAT10
10235	LRRC1
10236	PNMAL1
10237	PANK4
10238	PPP2R2C
10239	USP40
10240	CCDC87
10241	MOB1A
10242	SMU1
10243	UBA6
10244	VRTN
10245	SLC38A7
10246	OGFOD1
10247	PPP2R3A
10248	STEAP3
10249	KIRREL
10250	SLC47A1
10251	UQCC
10252	CCDC25
10253	NEIL3
10254	TMEM206
10255	YY1AP1
10256	PPP2R4
10257	ELP2
10258	PCMTD2
10259	ASXL2
10260	TYW1
10261	TMEM39A
10262	WDR41
10263	ADI1
10264	C20orf20
10265	THNSL2
10266	CASC1
10267	PPP2R5A
10268	TMEM143
10269	C7orf43
10270	TMEM19
10271	C22orf26
10272	ECHDC2
10273	PSPC1
10274	PPP2R5B
10275	NUDT15
10276	IMP3
10277	TMEM100
10278	PHF10
10279	VPS53
10280	PGM2
10281	FGGY
10282	QRSL1
10283	ZNF654
10284	PPP2R5C
10285	CWF19L1
10286	TMEM140
10287	LRRC36
10288	MCOLN3
10289	UBE2W
10290	RBM41
10291	C4orf19
10292	TMEM40
10293	ATXN7L3B
10294	RHOT1
10295	ACOXL
10296	PPP2R5D
10297	BRF2
10298	PPP6R3
10299	UEVLD
10300	FBXW7
10301	KLHL26
10302	TBC1D19
10303	CCDC91
10304	RNF121
10305	BRIX1
10306	AVPR1A
10307	PI4K2B
10308	OLAH
10309	GIMAP4
10310	SPTLC3
10311	DDX19A
10312	PPP3CA
10313	PEF1
10314	ZNF444
10315	RFK
10316	CPPED1
10317	TMEM144
10318	SLC29A3
10319	RSAD1
10320	AP5S1
10321	TMA16
10322	PPP4C
10323	MIS18BP1
10324	TMEM74B
10325	C5orf22
10326	LARP6
10327	ABCF3
10328	UFSP2
10329	AGPAT5
10330	LIN7C
10331	RNLS
10332	MNS1
10333	PPP3CB
10334	BLOC1S4
10335	ACER3
10336	DRAM1
10337	SYNJ2BP
10338	SLC39A9
10339	NIPSNAP3B
10340	FBXL8
10341	C19orf66
10342	WDR33
10343	PPP3CC
10344	LSG1
10345	STRBP
10346	SLC35C1
10347	C4orf21
10348	TCP11L1
10349	ABHD10
10350	CHDH
10351	PPP3R1
10352	VNN3
10353	STK32B
10354	C17orf79
10355	LAPTM4B
10356	HJURP
10357	SLC22A15
10358	TBC1D2
10359	STYK1
10360	PPP3R2
10361	PI4K2A
10362	TMEM63B
10363	HEMGN
10364	IMPACT
10365	TMEM176A
10366	LGR4
10367	PIDD
10368	PPP5C
10369	PPP4R1L
10370	TMCO6
10371	LRRC59
10372	PPP6C
10373	MEG3
10374	MCM10
10375	PPT1
10376	PPY
10377	AVPR1B
10378	PPYR1
10379	NCRNA00185
10380	C17orf85
10381	ZNF331
10382	ASPDH
10383	SIRPG
10384	KIAA1704
10385	PRB1
10386	YOD1
10387	AP1AR
10388	PRB3
10389	CAMK2N1
10390	CSGALNACT2
10391	PRB4
10392	DNAJA4
10393	PRCC
10394	C2orf56
10395	RBM12B-AS1
10396	PRCP
10397	PARL
10398	PRELP
10399	AVPR2
10400	ETNK1
10401	CHST12
10402	HES6
10403	TRPV6
10404	TNFRSF19
10405	NOP10
10406	H2AFY2
10407	GPRC5D
10408	SLC35E3
10409	BATF3
10410	PREP
10411	DDX43
10412	SAGE1
10413	SMPD3
10414	ASIC4
10415	PRF1
10416	ELAC1
10417	TRIM36
10418	DHTKD1
10419	FEM1A
10420	TMEM55A
10421	SRGN
10422	SVOP
10423	ELMOD1
10424	SLC30A10
10425	MAML3
10426	CDCA7L
10427	KCNQ1DN
10428	PRG2
10429	IL17RB
10430	RBM38
10431	ZNF823
10432	SOX6
10433	KLK15
10434	ENOSF1
10435	PLXNA3
10436	HAUS7
10437	CDC42BPG
10438	ZNF821
10439	DNAH3
10440	GALNT10
10441	C2orf29
10442	FOXRED1
10443	CDV3
10444	STAB2
10445	NAGK
10446	FAM48A
10447	PRIM1
10448	CHRNA9
10449	UBE2Q1
10450	MIOX
10451	MED29
10452	BMP2K
10453	PRIM2
10454	VEZT
10455	GOLGA2P5
10456	OTUD5
10457	ZCCHC8
10458	RNPC3
10459	ITLN1
10460	DDX60
10461	CDKN2AIP
10462	FAM46A
10463	LRRC16A
10464	KIF21A
10465	PPP1R9A
10466	ANKRD10
10467	ZNF280C
10468	CCDC132
10469	OTUB1
10470	FERMT1
10471	MTMR8
10472	KIF16B
10473	PRR5
10474	ASAP3
10475	TASP1
10476	DOCK10
10477	STAP2
10478	TRMT1
10479	TTC27
10480	THUMPD1
10481	POMGNT1
10482	ZDHHC7
10483	AMBRA1
10484	ZNF407
10485	PNRC2
10486	PRKAA1
10487	SLC39A4
10488	LRRC40
10489	G2E3
10490	TBC1D22B
10491	ZNF673
10492	DEPDC1
10493	CHD7
10494	SYBU
10495	PRKAA2
10496	FLVCR2
10497	BTBD2
10498	OSGEP
10499	LYAR
10500	RAB20
10501	PRKAB1
10502	PIGV
10503	NHP2
10504	SLC48A1
10505	BCAS4
10506	TMEM127
10507	NLRP2
10508	INTS8
10509	ZNF692
10510	RNF126
10511	ZNF416
10512	PRKAB2
10513	PRPF40A
10514	DDX27
10515	HIF1AN
10516	ZNF446
10517	CDC37L1
10518	URGCP
10519	NPLOC4
10520	DENND4C
10521	C14orf118
10522	MFN1
10523	PRKACA
10524	PEX26
10525	SMEK1
10526	SLC30A6
10527	IWS1
10528	LIMS2
10529	PRKACB
10530	RUFY2
10531	SCYL2
10532	KANSL3
10533	RABL6
10534	MREG
10535	TRMU
10536	YEATS2
10537	PRKACG
10538	PACS1
10539	FRMD4A
10540	LUC7L
10541	KDM4D
10542	NSUN5
10543	RBM22
10544	VAC14
10545	RADIL
10546	IARS2
10547	PKIA
10548	MAP7D1
10549	ARHGEF40
10550	CCDC94
10551	POLR3B
10552	CCDC88A
10553	IPO9
10554	TMEM48
10555	NECAP2
10556	KBTBD4
10557	PKIB
10558	FAR2
10559	ZNF334
10560	ODZ3
10561	DOK4
10562	LMBR1L
10563	WDR11
10564	POLR3E
10565	FAM178A
10566	PRKAG1
10567	TSR1
10568	IQCC
10569	CEP72
10570	ASF1B
10571	ASUN
10572	BTBD7
10573	N4BP2
10574	ATF7IP
10575	FAM222B
10576	C1orf112
10577	HHAT
10578	ZFP64
10579	DNAJC11
10580	VPS35
10581	ARFGAP1
10582	CARKD
10583	PRKAR1A
10584	ENAH
10585	EDEM2
10586	PARVA
10587	CHFR
10588	COA1
10589	AP5M1
10590	NUP133
10591	CNDP2
10592	CCAR1
10593	AGK
10594	TMEM184C
10595	SEPT11
10596	OGDHL
10597	TMEM30A
10598	CDK5RAP2
10599	INTS9
10600	UGGT2
10601	RCOR3
10602	WDR12
10603	PRKAR1B
10604	DHX32
10605	TTC17
10606	ZNF701
10607	EXOC1
10608	IFT122
10609	H2AFJ
10610	NGLY1
10611	ZNF83
10612	PRKAR2A
10613	EXOC2
10614	TDP1
10615	SAYSD1
10616	MBD5
10617	ZNF839
10618	PRKAR2B
10619	C6orf70
10620	RIOK2
10621	FTSJD1
10622	FGD6
10623	ZNF415
10624	TXLNG
10625	LMBRD1
10626	DEPDC1B
10627	PRKCA
10628	CSGALNACT1
10629	LRIF1
10630	FAM63A
10631	DDX28
10632	PCID2
10633	MBNL3
10634	CACNA2D3
10635	PRKCB
10636	SCN3B
10637	IL26
10638	DCP1A
10639	ADAP2
10640	LRP2BP
10641	HR
10642	ST6GALNAC1
10643	TRERF1
10644	PRKCD
10645	FOXJ2
10646	ADCY10
10647	SPATA7
10648	UTP6
10649	BDP1
10650	TSNAXIP1
10651	DOK5
10652	KDM3A
10653	RNF130
10654	PRKCE
10655	ALLC
10656	VPS11
10657	PAG1
10658	PECR
10659	DCAF6
10660	VIMP
10661	PRKCG
10662	GLT8D1
10663	EMC3
10664	CAND1
10665	UBAP2
10666	CENPJ
10667	EAPP
10668	CENPN
10669	PRKCH
10670	EAF2
10671	WWC3
10672	ARHGAP15
10673	PPP2R2D
10674	BRK1
10675	ITFG2
10676	CISD1
10677	PLGRKT
10678	PRKCI
10679	USE1
10680	PSENEN
10681	TEX2
10682	IDI2-AS1
10683	ZC3H15
10684	FAM45B
10685	ACOT13
10686	PLK1S1
10687	TMEM165
10688	BEX1
10689	PKN1
10690	ACTR10
10691	ECHDC1
10692	TMEM126B
10693	SLC22A11
10694	HDAC8
10695	PKN2
10696	ASH1L
10697	PBK
10698	GSDMB
10699	GABRQ
10700	PRKD1
10701	WSB2
10702	LMO3
10703	ZNF167
10704	PRKCQ
10705	GPRC5C
10706	LENEP
10707	MYNN
10708	ZNF395
10709	MESP1
10710	UNC45A
10711	PRKCSH
10712	AXL
10713	ZNF302
10714	ACSS2
10715	MLL5
10716	RNF114
10717	ZC4H2
10718	CMAS
10719	C19orf80
10720	BIN3
10721	PRKCZ
10722	APOBR
10723	ERBB2IP
10724	LANCL2
10725	NXT2
10726	CTTNBP2NL
10727	PRKDC
10728	RCC2
10729	NKRF
10730	FAM212B
10731	DMAP1
10732	PRKG1
10733	MYO5C
10734	APOM
10735	PRKG2
10736	MAPK1
10737	ZMAT5
10738	LIN37
10739	KLHL9
10740	SULF2
10741	MAPK3
10742	SEPT3
10743	AJAP1
10744	NDUFA12
10745	NSFL1C
10746	MAPK4
10747	GNG12
10748	BAIAP2L1
10749	SLC25A40
10750	BCAP29
10751	SLC50A1
10752	KLHL7
10753	MAPK6
10754	MAPK7
10755	NXF5
10756	MAPK8
10757	ACPP
10758	NXF3
10759	C19orf10
10760	SMG9
10761	MAPK11
10762	MAPK9
10763	MAPK10
10764	BARX1
10765	PDGFC
10766	MAPK13
10767	MAP2K1
10768	MAP2K2
10769	UBFD1
10770	KLHL4
10771	TMEM234
10772	MAP2K3
10773	MAP2K5
10774	MAP2K6
10775	PCDHGC5
10776	PCDHGC4
10777	PCDHGB7
10778	MAP2K7
10779	PCDHGB6
10780	PCDHGB5
10781	PCDHGA11
10782	PCDHGA10
10783	PCDHGA9
10784	EIF2AK2
10785	PCDHGA1
10786	DNAJC3
10787	PCDHB15
10788	PCDHB14
10789	PCDHB13
10790	PCDHB12
10791	PCDHB11
10792	PCDHB10
10793	PCDHB9
10794	PCDHB8
10795	PCDHB7
10796	PCDHB6
10797	PCDHB4
10798	PCDHB3
10799	PCDHB2
10800	PCDHAC2
10801	PCDHAC1
10802	PCDHA10
10803	PRKX
10804	PCDHA6
10805	PCDHA5
10806	PCDHA3
10807	PCDHA2
10808	TEX15
10809	TEX14
10810	TEX13B
10811	TEX13A
10812	TEX12
10813	TEX11
10814	NDNL2
10815	RNF17
10816	STK31
10817	TDRD1
10818	GSDMC
10819	PRKY
10820	DNAH7
10821	ANKH
10822	PRL
10823	MOSPD1
10824	FAM54B
10825	PRLR
10826	PRM1
10827	LMOD3
10828	FAM214A
10829	PRM2
10830	PRNP
10831	PSPN
10832	SUSD2
10833	ZNF253
10834	KIAA1217
10835	BTNL2
10836	C21orf62
10837	MRAP
10838	PROC
10839	YLPM1
10840	CRTAM
10841	RNF20
10842	TMX4
10843	SERTAD4
10844	MEPCE
10845	CTNNBL1
10846	PRODH
10847	C8orf44
10848	GPCPD1
10849	LRRC8A
10850	CPXM1
10851	CCBL2
10852	IRGC
10853	PROP1
10854	WDR45L
10855	BEX4
10856	PROS1
10857	GKN1
10858	PARD3
10859	PROX1
10860	IL36G
10861	SLC7A10
10862	TRPV5
10863	PRPH
10864	ANKRD7
10865	PRPS1
10866	METTL3
10867	PRMT8
10868	PPAN
10869	CABP5
10870	PRPS2
10871	PRPSAP1
10872	PRPSAP2
10873	PRRG1
10874	PRRG2
10875	AZGP1
10876	LTB4R2
10877	LGMN
10878	PRSS1
10879	PRSS3
10880	CTPS2
10881	RPRM
10882	CCL28
10883	EIF4ENIF1
10884	KCNQ5
10885	MASP1
10886	RELN
10887	KLK7
10888	TMPRSS15
10889	DNAJC12
10890	PRSS8
10891	KLK6
10892	MMP26
10893	CHST7
10894	HTRA1
10895	KLK10
10896	PRTN3
10897	CYP26B1
10898	ERO1LB
10899	SLC2A9
10900	PSAP
10901	DIABLO
10902	INPP5E
10903	PSD
10904	PSEN1
10905	BCCIP
10906	EIF5A2
10907	TMPRSS4
10908	PSEN2
10909	CLDND1
10910	C10orf2
10911	NPDC1
10912	POLE4
10913	OR2S2
10914	TRIM39
10915	KCNK13
10916	KCNK12
10917	PANX2
10918	MUC13
10919	SUCNR1
10920	AKIP1
10921	C11orf16
10922	TMEM9B
10923	NRIP3
10924	ASCL3
10925	SAR1A
10926	C21orf59
10927	PSG1
10928	AZU1
10929	JPH1
10930	PSG2
10931	PSG3
10932	RETN
10933	PSG4
10934	SLC2A4RG
10935	PSG5
10936	BARHL1
10937	FMN2
10938	PSG9
10939	B2M
10940	PSG11
10941	PSKH1
10942	ZC3HAV1
10943	PSMA1
10944	IFNK
10945	SLAMF8
10946	GPR137
10947	PSMA2
10948	SPHK2
10949	TCEAL7
10950	PSMA3
10951	GRIPAP1
10952	EMC7
10953	RAD18
10954	CELF4
10955	PSMA4
10956	PSMA5
10957	PSMA6
10958	CDC42SE1
10959	FSTL5
10960	UGGT1
10961	KCMF1
10962	TM9SF3
10963	PSMA7
10964	MDM1
10965	LGALS14
10966	C8orf4
10967	AGPAT3
10968	AGPAT4
10969	DPYSL5
10970	WRNIP1
10971	BDH2
10972	ANKS1B
10973	PSMB1
10974	TMEM167B
10975	NDUFA4L2
10976	PNO1
10977	PAPOLB
10978	SH3GLB2
10979	C15orf39
10980	THAP10
10981	SPIRE1
10982	PSMB2
10983	STARD7
10984	C21orf7
10985	IFT46
10986	C1GALT1
10987	OTOR
10988	EXOSC5
10989	SMARCAD1
10990	MEIS3
10991	C2orf83
10992	DHX33
10993	PSMB3
10994	SEMA3G
10995	MCCC1
10996	NMUR2
10997	PAK6
10998	LXN
10999	NCLN
11000	GPR108
11001	SPPL2B
11002	FEM1C
11003	PSMB4
11004	DUS3L
11005	CA10
11006	C11orf75
11007	PMEPA1
11008	ARNTL2
11009	PSMB5
11010	DUSP22
11011	C3orf37
11012	CMC2
11013	ENY2
11014	OLFML3
11015	MRPS22
11016	C11orf30
11017	MFF
11018	SDR39U1
11019	XAB2
11020	PSMB6
11021	SMYD2
11022	C5orf15
11023	PRTFDC1
11024	NT5M
11025	NIT2
11026	MEPE
11027	LHX9
11028	OTUD7B
11029	PSMB7
11030	SHD
11031	RGMA
11032	WDR93
11033	PARP6
11034	RPL23AP32
11035	PSMB8
11036	ATXN7L3
11037	CEACAM19
11038	STOX2
11039	PRDM8
11040	PRDM9
11041	PYY
11042	PRDM10
11043	PRDM11
11044	POGLUT1
11045	PSMG2
11046	ADPRM
11047	DTWD1
11048	BBX
11049	PSMB9
11050	CDC42SE2
11051	KIF15
11052	TOMM22
11053	CHPT1
11054	TULP4
11055	SLC12A9
11056	ADCK3
11057	CTNNBIP1
11058	ADAMTS9
11059	PSMB10
11060	ACRV1
11061	ACN9
11062	YAE1D1
11063	CCDC47
11064	CXCR7
11065	CABP4
11066	AKR1B10
11067	COQ9
11068	CCNL1
11069	CIAPIN1
11070	PSMC2
11071	C16orf62
11072	PDXP
11073	PSMC3
11074	SLC17A7
11075	C1orf63
11076	ANKMY2
11077	RARS2
11078	TWSG1
11079	PLSCR2
11080	PSMC4
11081	UTP3
11082	CHRNA10
11083	TBX20
11084	PSMC5
11085	PCBP4
11086	HYMAI
11087	DDX24
11088	PSMD1
11089	CASC5
11090	SLC17A6
11091	AGTRAP
11092	PLSCR4
11093	ENTPD7
11094	PSMD2
11095	CASS4
11096	PCNP
11097	CPA6
11098	PITHD1
11099	RPGRIP1
11100	PARP11
11101	AVEN
11102	PSMD3
11103	BAAT
11104	ANO2
11105	C12orf4
11106	C12orf5
11107	PNPLA2
11108	CYSLTR2
11109	NAT14
11110	PDSS2
11111	REXO4
11112	PSMD4
11113	HRASLS
11114	RAB25
11115	TRPC7
11116	PGLYRP4
11117	ZNF695
11118	INTS12
11119	CAMK1D
11120	EPPIN
11121	PSMD5
11122	GOPC
11123	LPAR5
11124	NUP107
11125	CD248
11126	PLXDC1
11127	CD177
11128	RHBG
11129	LYRM4
11130	MRPL47
11131	ATP13A1
11132	CHMP1B
11133	MAN1C1
11134	APMAP
11135	RGL3
11136	PSMD7
11137	RNPEPL1
11138	RTN4
11139	ADCK1
11140	PAK7
11141	TMEM159
11142	SCYL3
11143	RALGAPB
11144	LYRM1
11145	PSMD8
11146	C6orf162
11147	LYZL6
11148	SLURP1
11149	SLC44A2
11150	SMURF1
11151	TMEM63C
11152	PHTF2
11153	JPH2
11154	TRIM54
11155	PSMD9
11156	PELI2
11157	PELI1
11158	GJC2
11159	SALL4
11160	ASPHD2
11161	ZNFX1
11162	PSMD10
11163	DOLPP1
11164	CAMK1G
11165	CORO1B
11166	VARS2
11167	ZMIZ1
11168	KIAA1191
11169	PSMD11
11170	ACTR3B
11171	SLC39A10
11172	ANKRD50
11173	FAM219B
11174	NIPAL3
11175	THOC2
11176	ADAMTSL3
11177	KIAA1147
11178	PSMD12
11179	SEPN1
11180	VN1R1
11181	MCOLN1
11182	ATP10A
11183	ATP8B2
11184	PSMD13
11185	BACH1
11186	ATP10D
11187	ZNF248
11188	PSME1
11189	SLC45A4
11190	GPR126
11191	TP73-AS1
11192	SPRYD7
11193	KIAA1199
11194	THAP11
11195	VANGL2
11196	TTC7A
11197	KIAA1244
11198	ERGIC1
11199	SMEK2
11200	NHSL1
11201	LYRM2
11202	SMAGP
11203	SNX14
11204	ZNF630
11205	PSPH
11206	PTAFR
11207	PTBP1
11208	TAS2R38
11209	PTCH1
11210	PTEN
11211	PTGDR
11212	BAD
11213	PTGDS
11214	PTGER1
11215	CSRP2BP
11216	PBXIP1
11217	PTGER2
11218	CBX8
11219	RCN3
11220	ZNF286A
11221	ZNF287
11222	SENP7
11223	JPH3
11224	PTGER3
11225	ZNF304
11226	TTYH1
11227	PTGER4
11228	GJD2
11229	AICDA
11230	PTGFR
11231	MRS2
11232	RHOJ
11233	PTGFRN
11234	TMEM27
11235	CLK4
11236	PTGIR
11237	BAG1
11238	S100A14
11239	SERTAD4-AS1
11240	RAB22A
11241	CYP20A1
11242	SPC25
11243	ABHD6
11244	NMRAL1
11245	LRTM1
11246	MIF4GD
11247	PTGIS
11248	SCYL1
11249	RHBDD2
11250	C3orf14
11251	WDR18
11252	SLC24A3
11253	PTH
11254	PTGS1
11255	PTGS2
11256	NDRG3
11257	NDRG2
11258	BIRC6
11259	PLEKHG5
11260	PTHLH
11261	ODZ2
11262	GALNTL1
11263	DSCAML1
11264	REXO1
11265	TMCC3
11266	GATAD2B
11267	PTH1R
11268	PPM1H
11269	ISY1
11270	KIAA1161
11271	FAM40B
11272	TBC1D24
11273	SCAF4
11274	HHATL
11275	SLC12A5
11276	PNMAL2
11277	PTH2R
11278	LRRC47
11279	ERMN
11280	CNOT6
11281	ZNF512B
11282	ZNF490
11283	PLEKHH1
11284	SHROOM4
11285	USP31
11286	PRR12
11287	PTK2
11288	PLEKHG1
11289	KIAA1210
11290	KIAA1211
11291	RNF150
11292	NLN
11293	ESYT2
11294	ODF2L
11295	AHRR
11296	ARID1B
11297	HEG1
11298	RIMKLB
11299	KIAA1239
11300	MKL2
11301	LRFN2
11302	KIDINS220
11303	KIAA1257
11304	NLGN4X
11305	MTA3
11306	AARS2
11307	ZNF608
11308	INTS2
11309	MTUS1
11310	XPO5
11311	COG6
11312	GPR158
11313	CASKIN2
11314	ARHGAP31
11315	SERINC1
11316	STARD9
11317	HECW2
11318	RPTOR
11319	SRGAP1
11320	NYNRIN
11321	CASKIN1
11322	PCDH19
11323	KCTD16
11324	RGAG1
11325	CGN
11326	HACE1
11327	NUFIP2
11328	TBC1D14
11329	MIB1
11330	KIAA1324
11331	KIAA1328
11332	SORCS2
11333	ALPK3
11334	WDR35
11335	PTK6
11336	PTCHD2
11337	ZNF398
11338	KLHDC5
11339	TXNDC16
11340	CC2D2A
11341	PDP2
11342	ZNF624
11343	IGSF9
11344	PTK7
11345	TAOK1
11346	NCEH1
11347	MICAL3
11348	LRRC7
11349	NLGN2
11350	SEMA6A
11351	USP35
11352	STAMBPL1
11353	IFT80
11354	ARRDC3
11355	KIAA1377
11356	KLHL8
11357	KLHL14
11358	ZNF319
11359	SIPA1L2
11360	ARHGAP20
11361	TRMT5
11362	CARNS1
11363	DOCK6
11364	ZNF471
11365	MARCH4
11366	PCDH10
11367	KIF17
11368	KIAA1407
11369	UNC79
11370	FAM135A
11371	PREX1
11372	KCNT1
11373	TMEM181
11374	ARHGAP21
11375	CRAMP1L
11376	SYT13
11377	KIAA1430
11378	KIAA1432
11379	WDFY1
11380	MKL1
11381	ZNF687
11382	EBF4
11383	HOMEZ
11384	PDZD4
11385	BEGAIN
11386	BAHCC1
11387	WDR48
11388	BAI1
11389	FNIP2
11390	USP36
11391	KIAA1456
11392	PITPNM2
11393	SLAIN2
11394	KIAA1462
11395	DIP2B
11396	RANBP10
11397	ISLR2
11398	KIAA1467
11399	KIAA1468
11400	TSHZ3
11401	VPS18
11402	SHROOM3
11403	STIM2
11404	ZBTB2
11405	LRFN1
11406	ZFAT
11407	NYAP2
11408	KLHL1
11409	DPP10
11410	SH3RF1
11411	LRCH2
11412	LRRN1
11413	EP400
11414	ARHGAP23
11415	CCDC146
11416	PTMS
11417	COL20A1
11418	ZSWIM5
11419	MYH7B
11420	POGK
11421	USP28
11422	DHX37
11423	KIAA1522
11424	PHF12
11425	PTN
11426	KIAA1524
11427	UVSSA
11428	GRAMD1A
11429	HCN3
11430	CALCOCO1
11431	ZBTB4
11432	PHRF1
11433	CAMSAP3
11434	USP29
11435	PLEKHA4
11436	FBRSL1
11437	EPB41L5
11438	KIAA1549
11439	BEND3
11440	RNF213
11441	ZFP14
11442	GPAM
11443	ALS2
11444	CHD8
11445	ZDBF2
11446	ZBTB26
11447	CACHD1
11448	VAT1L
11449	ZSWIM6
11450	LRRC4C
11451	QSOX1
11452	TNRC6C
11453	KIAA1586
11454	MAGEE1
11455	ZNF317
11456	USP37
11457	DDX55
11458	FANCM
11459	KIAA1598
11460	CPNE5
11461	BAI2
11462	FAM160B1
11463	NCKAP5L
11464	CWC22
11465	GBA2
11466	WDFY4
11467	DENND1A
11468	KIAA1609
11469	MIER1
11470	PTPN1
11471	KIAA1614
11472	ZNF529
11473	SEMA4G
11474	PRX
11475	PCDHB16
11476	PPP4R4
11477	ANO8
11478	PTPN2
11479	GPR107
11480	METTL14
11481	IGDCC4
11482	EPG5
11483	NCOA5
11484	WDR19
11485	SPTBN4
11486	ZFYVE28
11487	GBA3
11488	PTPN3
11489	SCUBE2
11490	PTPN4
11491	TRIB3
11492	ANKRA2
11493	PTPN6
11494	RBAK
11495	MARK4
11496	PTPN7
11497	SUGP1
11498	FAM5B
11499	GATAD1
11500	RAB40C
11501	BAI3
11502	HES4
11503	POLD4
11504	KIAA1967
11505	PTPN9
11506	HAMP
11507	G6PC2
11508	LSM2
11509	PTPN11
11510	CCNB1IP1
11511	C1orf114
11512	GRHL3
11513	SLAMF7
11514	HMHB1
11515	RAP2C
11516	C6orf47
11517	CATSPERG
11518	ZP4
11519	PTPN12
11520	CYP4F11
11521	SLC4A5
11522	PTPN13
11523	PTPN14
11524	ZNF410
11525	CADM3
11526	SLC46A2
11527	PTPRA
11528	PTPRB
11529	PTPRC
11530	PTPRD
11531	PTPRCAP
11532	PTPRE
11533	PTPRF
11534	PTPRG
11535	PTPRH
11536	PTPRJ
11537	PTPRK
11538	PTPRM
11539	PTPRN
11540	PTPRN2
11541	NKX3-2
11542	PTPRO
11543	PTPRR
11544	PTPRS
11545	PTPRZ1
11546	PTS
11547	PTX3
11548	BARD1
11549	RAD1
11550	PURA
11551	PURB
11552	PTBP2
11553	NGB
11554	NEUROD4
11555	PVALB
11556	PVR
11557	WFDC1
11558	PVRL1
11559	CTDSP1
11560	CXCL16
11561	PVRL2
11562	BAX
11563	PVT1
11564	PWP2
11565	PEX19
11566	ABCD3
11567	ABCD4
11568	PXMP2
11569	PEX2
11570	PXN
11571	BBS1
11572	PEX5
11573	PYCR1
11574	ALDH18A1
11575	PCYT2
11576	PYGB
11577	PYGL
11578	PYGM
11579	BBS2
11580	SQRDL
11581	PLEKHB1
11582	MS4A7
11583	TP53INP2
11584	SRPRB
11585	ENOPH1
11586	RHOU
11587	NLRC4
11588	TRAPPC1
11589	ZBED5
11590	CREBZF
11591	PCTP
11592	FAM108C1
11593	RPRD1B
11594	ZNF71
11595	ZNF77
11596	INIP
11597	JAM2
11598	OVOL2
11599	LY6G5B
11600	PRUNE
11601	MYL7
11602	ZNF462
11603	ZNF250
11604	PROL1
11605	ARHGAP22
11606	OSTC
11607	SCAF1
11608	MLL3
11609	CACTIN
11610	PRODH2
11611	DNASE2B
11612	DLGAP3
11613	EPS15L1
11614	SELK
11615	RBM25
11616	DMRT3
11617	WIZ
11618	MID1IP1
11619	ABRACL
11620	RRAGD
11621	MYOZ1
11622	LY6G6D
11623	PRM3
11624	SNX6
11625	MPP4
11626	PZP
11627	QARS
11628	BBS4
11629	QDPR
11630	RAB1A
11631	RAB2A
11632	RGL2
11633	RAB3A
11634	RAB3B
11635	RAB3IL1
11636	RAB4A
11637	RAB5A
11638	RAB5B
11639	BCAT1
11640	RAB6A
11641	MAP4K2
11642	RAB27A
11643	RAB27B
11644	RABGGTA
11645	RABGGTB
11646	RABIF
11647	RAB5C
11648	RAC1
11649	BCAT2
11650	RAC2
11651	RAC3
11652	RAD9A
11653	RAD17
11654	RAD21
11655	RAD23A
11656	RAD23B
11657	RAD51
11658	RAD51C
11659	RAD51B
11660	MOK
11661	RAD51D
11662	RAD52
11663	RAF1
11664	RAG1
11665	RAG2
11666	IL22RA1
11667	TMEM8A
11668	RALA
11669	RALB
11670	ACTA1
11671	RALGDS
11672	RANBP1
11673	RANBP2
11674	RANGAP1
11675	IL21
11676	RAP1A
11677	CARD18
11678	ENPP5
11679	RAP1GAP
11680	BCHE
11681	RAP1GDS1
11682	RAP2A
11683	RAP2B
11684	RAPSN
11685	RARA
11686	RARB
11687	RARG
11688	RARS
11689	RARRES1
11690	RARRES2
11691	RARRES3
11692	RASA1
11693	RASA2
11694	RASGRF1
11695	RB1
11696	HIVEP3
11697	ARID4A
11698	FAM176C
11699	ACE2
11700	MESDC1
11701	NTN4
11702	KDM5A
11703	CACNG8
11704	CACNG7
11705	CACNG6
11706	RBBP5
11707	SIGIRR
11708	RBBP6
11709	RBBP7
11710	RBBP8
11711	PRDM12
11712	PRDM13
11713	PLEKHA1
11714	PLEKHA2
11715	RBL1
11716	HRH4
11717	TRPV4
11718	SCPEP1
11719	SENP2
11720	ALOXE3
11721	GNB4
11722	ZNF350
11723	KLHL12
11724	RBL2
11725	RXFP1
11726	PBOV1
11727	LGR6
11728	TMEM35
11729	RBM3
11730	RBM4
11731	RBMS1
11732	RBMS2
11733	BCKDHA
11734	RBP1
11735	CPLX3
11736	RBP2
11737	RBP3
11738	BCKDHB
11739	RBP4
11740	RCN2
11741	RCVRN
11742	CCND1
11743	PRPH2
11744	RDX
11745	RECQL
11746	REL
11747	REG1A
11748	REG1B
11749	REG1P
11750	BCL2
11751	RELA
11752	RELB
11753	REN
11754	RENBP
11755	UPF1
11756	DPF2
11757	REST
11758	RET
11759	BCL2A1
11760	REV3L
11761	RFC1
11762	RFC2
11763	RFC3
11764	RFC4
11765	RFC5
11766	RFNG
11767	TRIM27
11768	RFPL1
11769	RFX1
11770	BCL2L1
11771	RFX2
11772	RFX3
11773	RFX4
11774	RFX5
11775	RFXAP
11776	RGR
11777	RGS1
11778	RGS2
11779	RGS3
11780	RGS4
11781	BCL2L2
11782	ACTA2
11783	RGS7
11784	RGS10
11785	RGS12
11786	RGS13
11787	RGS16
11788	RHAG
11789	RHCE
11790	RHD
11791	RHEB
11792	RHO
11793	RLN1
11794	RIT2
11795	RING1
11796	RIT1
11797	RLBP1
11798	RLF
11799	RLN2
11800	BCL3
11801	AFAP1
11802	GPBP1L1
11803	C12orf10
11804	FAM3A
11805	RNASE1
11806	RNASE2
11807	AVPI1
11808	RNASE3
11809	TSKS
11810	SLC25A19
11811	RNASE4
11812	RNASE6
11813	EDA2R
11814	EXOC4
11815	RNASEL
11816	TGIF2
11817	CDH26
11818	RNF2
11819	BACH2
11820	BRD2
11821	RNF4
11822	ELOVL5
11823	SLC5A7
11824	HAPLN2
11825	SAV1
11826	TRMT11
11827	MRPS35
11828	APOBEC3G
11829	PPCDC
11830	NIF3L1
11831	CCDC90B
11832	FASTKD5
11833	CCDC81
11834	HPSE2
11835	AASDHPPT
11836	RNF6
11837	BCL6
11838	NYX
11839	AGBL5
11840	RNH1
11841	RNPEP
11842	C2orf43
11843	ELAC2
11844	ALX4
11845	GUF1
11846	SPCS3
11847	NAA35
11848	RINT1
11849	SCOC
11850	KCNK15
11851	ABCE1
11852	BCL7A
11853	DHX35
11854	RIC8A
11855	CYB5RL
11856	MIIP
11857	C12orf44
11858	PROK2
11859	PAPPA2
11860	CELF6
11861	EEFSEC
11862	CELF5
11863	FKBP10
11864	SMAP1
11865	TRAPPC11
11866	ZFAND3
11867	C14orf93
11868	BCL9
11869	TNFRSF17
11870	ROBO1
11871	ROBO2
11872	ROCK1
11873	ROM1
11874	RORA
11875	RORB
11876	RORC
11877	ROS1
11878	ACTB
11879	RP9
11880	RP1
11881	RP2
11882	RPGR
11883	HCN2
11884	RPA2
11885	RPA3
11886	OPN1SW
11887	RPE
11888	RPE65
11889	RPL3
11890	RPL3L
11891	RPL4
11892	RPL5
11893	CTXN3
11894	RPL8
11895	RPL10
11896	RPL11
11897	RPL13
11898	RPL15
11899	BCR
11900	RPL22
11901	MRPL23
11902	RPL30
11903	RPL27A
11904	RPL28
11905	RPL31
11906	RPL35A
11907	RPL37A
11908	RPL38
11909	BCS1L
11910	RPLP2
11911	MRPL12
11912	MRPS12
11913	RPN1
11914	RPN2
11915	RPS3
11916	LOC619207
11917	C6orf225
11918	ZNF704
11919	RPS4Y1
11920	SPANXA2-OT1
11921	RPS6
11922	RPS6KA1
11923	RPS6KA2
11924	RPS6KA3
11925	RPS6KB1
11926	RPS6KB2
11927	RPS11
11928	RPS14
11929	RPS16
11930	RPS19
11931	RPS20
11932	RPS21
11933	RPS23
11934	RPS24
11935	BDH1
11936	RRAD
11937	RRAS
11938	RRBP1
11939	RREB1
11940	BDKRB1
11941	RRM1
11942	RRM2
11943	RTKN
11944	RS1
11945	CLIP1
11946	BDKRB2
11947	RSU1
11948	RTN1
11949	RTN2
11950	RXRA
11951	RXRB
11952	RXRG
11953	RYK
11954	RYR1
11955	RYR2
11956	RYR3
11957	S100A1
11958	SORT1
11959	S100A2
11960	S100A3
11961	S100A4
11962	S100A5
11963	S100A6
11964	S100A8
11965	BDNF
11966	S100A9
11967	S100A10
11968	S100A11
11969	S100A12
11970	S100A13
11971	S100B
11972	S100P
11973	VPS52
11974	SAFB
11975	SAG
11976	ACSM3
11977	SALL2
11978	SALL1
11979	CFB
11980	MAPK12
11981	SARS
11982	SLC22A23
11983	TSPAN31
11984	BCORL1
11985	CELA2A
11986	SAT1
11987	SATB1
11988	SBF1
11989	MSMO1
11990	SC5DL
11991	ATXN1
11992	ATXN2
11993	ATXN7
11994	ATXN8OS
11995	SERPINB3
11996	SERPINB4
11997	SCD
11998	BFSP1
11999	CLEC11A
12000	SCML1
12001	SCN1A
12002	SCN1B
12003	SCN2A
12004	SCN2B
12005	SCN3A
12006	SCN4A
12007	SCN4B
12008	SCN5A
12009	SCN7A
12010	SCN9A
12011	SCN10A
12012	SCNN1A
12013	SCNN1B
12014	SCNN1D
12015	BGN
12016	SCNN1G
12017	SCO1
12018	SCP2
12019	SCT
12020	SCTR
12021	SRL
12022	CCL1
12023	CCL2
12024	CEACAM1
12025	CCL4
12026	CCL5
12027	CCL7
12028	CCL8
12029	CCL11
12030	CCL13
12031	BHMT
12032	CCL16
12033	CCL17
12034	CCL18
12035	CCL19
12036	CCL20
12037	CCL21
12038	CCL22
12039	CCL23
12040	CCL24
12041	BICD1
12042	CCL25
12043	CXCL6
12044	CXCL11
12045	CXCL5
12046	XCL1
12047	CX3CL1
12048	BID
12049	SRR
12050	BCAN
12051	SDC1
12052	SDC2
12053	SDC4
12054	SDCBP
12055	ABHD4
12056	MRPL17
12057	PKNOX2
12058	FAM204A
12059	CXCL12
12060	SDF2
12061	RNF123
12062	THADA
12063	UBE2O
12064	VIPAS39
12065	PIEZO2
12066	HEATR6
12067	SH2D4A
12068	NSUN3
12069	BIK
12070	FAM111A
12071	DUSP21
12072	MANBAL
12073	GPATCH3
12074	NAPB
12075	SDHB
12076	SLC17A9
12077	ELMO2
12078	GALNT11
12079	SDHC
12080	C5orf54
12081	CHTF18
12082	TNN
12083	CIDEC
12084	ZNF335
12085	ANKRD5
12086	CHP2
12087	XPNPEP3
12088	SDHD
12089	MRPS14
12090	CCDC90A
12091	ZNF667
12092	PCIF1
12093	GPSM3
12094	NECAB3
12095	FKBPL
12096	DMRTC2
12097	DMRTB1
12098	DMRTA2
12099	DMRTA1
12100	CLSPN
12101	SEC13
12102	TP53AIP1
12103	KIF13A
12104	NEUROG2
12105	NEUROD6
12106	PRDM16
12107	PRDM15
12108	PRDM14
12109	FIGNL1
12110	SEC14L1
12111	ANO3
12112	SECTM1
12113	TRAPPC2
12114	PRDM1
12115	PCGEM1
12116	MYO1G
12117	SEL1L
12118	SELE
12119	SELL
12120	SELP
12121	SELPLG
12122	SEMA3F
12123	TSPYL2
12124	RBM26
12125	PRSS22
12126	PERP
12127	MMP27
12128	NPAS3
12129	SEMG1
12130	CDH23
12131	C19orf33
12132	LHPP
12133	SLC28A3
12134	SEMG2
12135	RBKS
12136	PBLD
12137	GOLPH3
12138	CLSTN2
12139	MCCC2
12140	SNX16
12141	GAL3ST2
12142	POPDC2
12143	SAMSN1
12144	SMOC1
12145	SMOC2
12146	GFRA4
12147	EPB41L4A
12148	PARVG
12149	BLK
12150	ELSPBP1
12151	LRRC4
12152	TNMD
12153	CENPK
12154	NPFFR1
12155	RTP4
12156	MAGEF1
12157	NPVF
12158	MOAP1
12159	TMBIM1
12160	C10orf54
12161	SLC39A8
12162	DUS1L
12163	RRAGC
12164	FN3K
12165	ELTD1
12166	NOD2
12167	TINAGL1
12168	LIN7B
12169	XYLT1
12170	XYLT2
12171	ZNF674
12172	IFIH1
12173	ACOT6
12174	ABCG4
12175	ZFYVE20
12176	KIF9
12177	C17orf75
12178	SEPP1
12179	DIO3OS
12180	LEF1-AS1
12181	NCAPG
12182	SEPW1
12183	SNHG6
12184	TMEM91
12185	ERAP2
12186	NECAB1
12187	MAP2K4
12188	CARD9
12189	OSGEPL1
12190	DPEP2
12191	LEPRE1
12192	DPEP3
12193	EDDM3B
12194	SET
12195	SETMAR
12196	BLM
12197	IRF2BPL
12198	POPDC3
12199	MMS19
12200	LHX5
12201	DNAJC1
12202	TFB2M
12203	SEMA4A
12204	PJA1
12205	SFPQ
12206	STRA6
12207	ROBO3
12208	TOR3A
12209	MLST8
12210	HERPUD2
12211	ATL2
12212	SFRP1
12213	MS4A6A
12214	MS4A5
12215	PDLIM2
12216	ADARB2-AS1
12217	SFRP2
12218	ABCG5
12219	ABCG8
12220	C8orf73
12221	SFRP4
12222	MIR205HG
12223	SFRP5
12224	FLJ32790
12225	SRSF1
12226	SRSF2
12227	PAPD5
12228	ARHGEF28
12229	RAB17
12230	LOC642852
12231	RHBDF1
12232	SRG7
12233	ZNF323
12234	CHL1-AS2
12235	SRSF3
12236	FAM196A
12237	GRIK1-AS1
12238	SRSF4
12239	BLMH
12240	C17orf109
12241	LOC643037
12242	LOC643072
12243	LOC643085
12244	SRSF5
12245	C5orf43
12246	CYMP
12247	NOC3L
12248	FBRS
12249	SRSF6
12250	LOC643201
12251	RNF25
12252	SOX17
12253	TUBBP5
12254	NSD1
12255	RFWD2
12256	LMBR1
12257	XPO4
12258	SRSF7
12259	KIAA0754
12260	NFKBIZ
12261	ECRP
12262	C15orf62
12263	ARHGAP9
12264	LINC00452
12265	SFSWAP
12266	HS1BP3
12267	AZI2
12268	HIF3A
12269	TRA2B
12270	NXN
12271	ZNF862
12272	LOC643714
12273	TRAF3IP2-AS1
12274	SIL1
12275	IKZF4
12276	IKZF5
12277	CHST8
12278	USP46-AS1
12279	ZFP62
12280	CBLN3
12281	MMP25
12282	GREM2
12283	CRNDE
12284	LOC643923
12285	ZMAT3
12286	FLJ32255
12287	ZFP106
12288	C1orf233
12289	MPP5
12290	HHIP
12291	SFTPB
12292	CXCR5
12293	AKTIP
12294	CDH22
12295	RGS18
12296	SDHAF1
12297	WBSCR17
12298	SFTPC
12299	KLHL25
12300	ARAP3
12301	GZF1
12302	PIRT
12303	WIPF3
12304	C5orf28
12305	SYCE3
12306	TMEM168
12307	MTMR14
12308	SFTPD
12309	SUSD1
12310	DCLRE1C
12311	ATG3
12312	INF2
12313	POLR1E
12314	SUDS3
12315	TTC31
12316	NARFL
12317	ZDHHC6
12318	SGCA
12319	PCNXL4
12320	ACTR6
12321	MRPS25
12322	NOM1
12323	ZCCHC18
12324	SGCB
12325	DNAI2
12326	SGCD
12327	CXorf69
12328	SGCG
12329	RAD21-AS1
12330	SGK1
12331	LIMD1-AS1
12332	CSMD1
12333	SCG5
12334	C15orf56
12335	PHGR1
12336	MEIG1
12337	SGSH
12338	C1orf200
12339	SGTA
12340	BLVRA
12341	CXorf30
12342	SH3BGR
12343	LOC645188
12344	TEKT3
12345	LINGO3
12346	SH3BGRL
12347	LOC645249
12348	SH3BP2
12349	ITSN1
12350	FUT8-AS1
12351	FLJ44342
12352	SH3GL1
12353	LOC645638
12354	ASH1L-AS1
12355	SH3GL2
12356	ALDH8A1
12357	NDST4
12358	SH3GL3
12359	CLEC7A
12360	GPR135
12361	SEBOX
12362	RBMY3AP
12363	TTTY15
12364	PABPC1L2B
12365	MOSPD3
12366	GIGYF1
12367	BLVRB
12368	PLA2G2F
12369	VPS16
12370	SHB
12371	LOC646214
12372	LOC646268
12373	SHBG
12374	LOC646329
12375	EBF2
12376	C3orf71
12377	HIAT1
12378	SHC1
12379	CSRNP1
12380	C3orf65
12381	SYNDIG1L
12382	GORASP1
12383	FBXW4
12384	CTAGE1
12385	HRCT1
12386	TMPRSS3
12387	SHH
12388	BNC1
12389	C7orf73
12390	COPS7B
12391	SHMT1
12392	NUCKS1
12393	HS3ST6
12394	PDIA2
12395	UNKL
12396	CTAGE11P
12397	SHMT2
12398	GMNC
12399	WDR13
12400	SMAP2
12401	METTL17
12402	ACBD3
12403	MFSD1
12404	LPPR2
12405	SHOX2
12406	SMURF2
12407	CCDC136
12408	SMYD3
12409	C16orf58
12410	ATPAF1
12411	MARC1
12412	TNS3
12413	FAM160B2
12414	PARP12
12415	FAM59A
12416	ZNF574
12417	CREB3L2
12418	S100PBP
12419	IPPK
12420	MEAF6
12421	SI
12422	CCDC14
12423	C6orf106
12424	ENGASE
12425	PCED1A
12426	C11orf1
12427	RMND5B
12428	FNDC3B
12429	MTHFSD
12430	SIAH1
12431	MICAL1
12432	CERK
12433	AEN
12434	RBM15
12435	CRTC3
12436	GINS3
12437	TBC1D15
12438	EPS8L2
12439	LMF1
12440	DEM1
12441	SIAH2
12442	RABL5
12443	CEP85
12444	DDX31
12445	RMND5A
12446	DEPTOR
12447	IQCH
12448	EFCAB6
12449	ARV1
12450	NMNAT1
12451	P2RY12
12452	IL25
12453	ST6GAL1
12454	CYP3A43
12455	ST3GAL1
12456	ELOVL1
12457	KLC2
12458	FNDC4
12459	FBXL17
12460	ST3GAL2
12461	PORCN
12462	GNPNAT1
12463	ISL2
12464	MARCH7
12465	SPATA20
12466	YTHDC2
12467	SLC13A3
12468	ST3GAL4
12469	AGXT2L1
12470	TUT1
12471	USP46
12472	FAM129B
12473	VWA1
12474	PLEKHG2
12475	DCLRE1B
12476	NABP1
12477	ARMCX5
12478	METTL4
12479	RFX7
12480	CDCP1
12481	ST3GAL3
12482	PCDH20
12483	PAPOLG
12484	C12orf43
12485	LOC648987
12486	ST8SIA1
12487	LPIN3
12488	RANBP17
12489	AGXT2
12490	PMEL
12491	BCL11B
12492	STIL
12493	CASD1
12494	LRRC19
12495	SLC30A5
12496	RASAL3
12497	TTC23
12498	MRPL14
12499	SIM1
12500	SIM2
12501	STAG3L4
12502	NT5DC2
12503	DLGAP1-AS1
12504	CENPH
12505	MRPS26
12506	SIPA1
12507	SIX1
12508	MRPS15
12509	MRPS11
12510	MRPS9
12511	MRPS6
12512	MRPS5
12513	SIX3
12514	MRPL41
12515	MRPL40
12516	MRPL38
12517	MRPL36
12518	MRPL34
12519	MRPL32
12520	SKIL
12521	SKIV2L
12522	BMP1
12523	MRPL11
12524	MRPL9
12525	MRPL1
12526	NDRG4
12527	SKP1
12528	SLC26A6
12529	SLC26A10
12530	PINK1
12531	SKP2
12532	SLA
12533	SLAMF1
12534	REEP1
12535	GPBP1
12536	ACD
12537	RAPH1
12538	SLC1A1
12539	CDK15
12540	TMEM237
12541	ABCA17P
12542	GAS6-AS1
12543	SLC1A2
12544	RTN4R
12545	SLC1A3
12546	MRPL44
12547	VPS33A
12548	NOL6
12549	TMEM135
12550	SLC4A3
12551	JMJD4
12552	KRI1
12553	SLC1A4
12554	BMP2
12555	MARCKSL1
12556	UPF3B
12557	SLC1A5
12558	UPF3A
12559	RSRC2
12560	SLC1A6
12561	INTS3
12562	SOWAHC
12563	WNK1
12564	SLC1A7
12565	SLC2A1
12566	SLC2A2
12567	SLC2A3
12568	SLC2A4
12569	SLC2A5
12570	SLC3A1
12571	BMP3
12572	SLC3A2
12573	PCDH15
12574	SLC4A1
12575	NADK
12576	SLC4A2
12577	SLC5A1
12578	ZNF643
12579	SPATS2
12580	SLC5A2
12581	C5orf42
12582	ZNF649
12583	MPPE1
12584	SMTN
12585	SELRC1
12586	PYCRL
12587	UBE2Z
12588	C8orf33
12589	WNK4
12590	WNK3
12591	WNK2
12592	SLC5A3
12593	SLC5A4
12594	SLC5A5
12595	GATSL3
12596	LRRC37A5P
12597	SLC6A1
12598	BMP4
12599	SLC6A2
12600	ZBTB8A
12601	FAM228A
12602	SLC6A3
12603	KRTAP4-11
12604	SLC6A4
12605	KIAA0895L
12606	RRN3P2
12607	SLC6A6
12608	MLLT4-AS1
12609	SLC6A7
12610	PHLDB3
12611	SLC6A8
12612	SLC6A9
12613	MZT2A
12614	ZG16
12615	ACTR3C
12616	SLC6A11
12617	SLC6A12
12618	BMP5
12619	SLC6A13
12620	SLC7A1
12621	SLC7A2
12622	SLC8A2
12623	LRTM2
12624	LOC654433
12625	LINC00338
12626	SLC7A4
12627	SLC8A1
12628	PCP4L1
12629	SLC8A3
12630	SLC9A1
12631	SLC9A2
12632	BMP6
12633	SLC9A3
12634	SLC9A5
12635	SLC10A1
12636	SLC10A2
12637	SLC11A1
12638	SLC12A1
12639	SLC12A2
12640	SLC12A3
12641	BMP7
12642	SLC12A4
12643	SLC13A1
12644	SLC14A1
12645	SLC15A1
12646	SLC15A2
12647	SLC16A1
12648	SLC16A2
12649	SLC17A1
12650	SLC34A1
12651	BMP8B
12652	SLC18A1
12653	SLC18A2
12654	SLC18A3
12655	SLC19A1
12656	SLC20A1
12657	SLC20A2
12658	SLC25A1
12659	SLCO2A1
12660	SLCO1A2
12661	BMPR1A
12662	SLC22A1
12663	SLC22A3
12664	SLC22A2
12665	SLC22A4
12666	SLC22A5
12667	SLIT1
12668	SLIT3
12669	SLN
12670	BMPR1B
12671	SLPI
12672	SNAI2
12673	SMARCA1
12674	SMARCA2
12675	HLTF
12676	STK33
12677	PLEKHA3
12678	PHACTR4
12679	SMARCA4
12680	BRD9
12681	CAPRIN2
12682	ZSCAN18
12683	GRAMD3
12684	AACS
12685	ZBTB10
12686	ZNF747
12687	DLK2
12688	SMARCB1
12689	FAM173A
12690	DDRGK1
12691	MRPS34
12692	RASL11B
12693	C11orf95
12694	LRRC61
12695	SMARCC1
12696	BMPR2
12697	TMEM108
12698	CYP4F12
12699	LYNX1
12700	CHID1
12701	TRAK2
12702	SMARCC2
12703	SMARCD1
12704	SLC2A11
12705	MTMR9
12706	BOLL
12707	SMARCD2
12708	SMARCD3
12709	SMARCE1
12710	SMO
12711	SMPD1
12712	BMX
12713	SMPD2
12714	SUMO3
12715	SIGLEC1
12716	SNAI1
12717	SNAP25
12718	SNAPC1
12719	SNAPC2
12720	SNAPC3
12721	POLR3D
12722	SNCB
12723	SNAPC4
12724	SNCA
12725	SNCG
12726	FSCN1
12727	SNRNP70
12728	SNRPA
12729	SNRPB
12730	SNRPB2
12731	BNIP1
12732	SNRPC
12733	SNRPD1
12734	SNRPD2
12735	SNRPD3
12736	SNRPE
12737	SNRPF
12738	BNIP2
12739	SNTA1
12740	SNTB1
12741	SNX1
12742	SNX2
12743	SNTB2
12744	SOAT1
12745	SOD1
12746	SOD2
12747	SOD3
12748	BNIP3
12749	SOLH
12750	SON
12751	SORL1
12752	SOS1
12753	SOS2
12754	SOX1
12755	SOX2
12756	SOX3
12757	SOX4
12758	BNIP3L
12759	SOX5
12760	SOX9
12761	SOX10
12762	SOX11
12763	SOX15
12764	SOX12
12765	SP1
12766	SP2
12767	BOK
12768	SP3
12769	SP4
12770	SP100
12771	SPAG1
12772	UAP1
12773	SPAG4
12774	SPAM1
12775	SPARC
12776	DST
12777	SPAST
12778	SPG7
12779	SPI1
12780	SPIB
12781	FOXL2
12782	SPINK1
12783	SPINK2
12784	SPINT1
12785	SPN
12786	SPP2
12787	SPOCK1
12788	SPP1
12789	SPR
12790	SPRR1A
12791	SPRR1B
12792	BPGM
12793	SPRR2A
12794	SPRR2C
12795	SPRR2G
12796	SPRR3
12797	SPTA1
12798	SPTAN1
12799	BPHL
12800	SPTB
12801	SPTBN1
12802	SPTBN2
12803	SQLE
12804	SRC
12805	SRD5A1
12806	SRD5A2
12807	SRI
12808	AKR1D1
12809	BPI
12810	SREBF1
12811	SREBF2
12812	SRF
12813	SRM
12814	SRMS
12815	SRP9
12816	SRP14
12817	SRP19
12818	SRP54
12819	BRCA1
12820	SRP68
12821	SRP72
12822	SRPK1
12823	SRPK2
12824	SRPR
12825	SRY
12826	TRIM21
12827	TROVE2
12828	BRAF
12829	SSB
12830	SSBP1
12831	SSFA2
12832	SSR1
12833	SSR2
12834	SSR3
12835	SSR4
12836	SSRP1
12837	SST
12838	SSTR1
12839	SSTR2
12840	SSTR3
12841	SSTR4
12842	SSTR5
12843	SSX1
12844	SSX5
12845	BRCA2
12846	SS18
12847	ST5
12848	ST13
12849	ST14
12850	STAC
12851	BRDT
12852	STAR
12853	STAT1
12854	STAT2
12855	STAT3
12856	STAT4
12857	STAT5A
12858	SCARNA2
12859	SCARNA17
12860	STAT5B
12861	SNORA61
12862	STAT6
12863	STATH
12864	ZFP36L1
12865	STAU1
12866	STC1
12867	HSPA13
12868	SULT1E1
12869	ELOVL4
12870	STIM1
12871	NEK4
12872	STK3
12873	STK4
12874	ZFP36L2
12875	AURKA
12876	CDKL5
12877	STK10
12878	STK11
12879	AURKC
12880	SULT1A2
12881	STRN
12882	STX1A
12883	STX3
12884	BRS3
12885	STX4
12886	STX5
12887	STXBP1
12888	STXBP2
12889	STXBP3
12890	STYX
12891	SULT1A1
12892	SULT1C2
12893	SULT2B1
12894	SUOX
12895	SULT2A1
12896	SUPT4H1
12897	SUPT5H
12898	BSG
12899	SUPT6H
12900	SUPV3L1
12901	ABCC8
12902	SURF1
12903	SURF2
12904	SURF4
12905	MED22
12906	SURF6
12907	SUV39H1
12908	BST1
12909	SVIL
12910	VAMP1
12911	VAMP2
12912	SYCP1
12913	SNORA25
12914	BST2
12915	SYK
12916	SYN1
12917	SYN2
12918	SYP
12919	SYPL1
12920	SYT1
12921	BTC
12922	SYT4
12923	SYT5
12924	T
12925	TAC1
12926	TACR2
12927	TAC3
12928	TACC1
12929	ADAM17
12930	TACR1
12931	BTD
12932	TACR3
12933	TADA2A
12934	TAF1
12935	TAF2
12936	TAF4
12937	TAF4B
12938	TAGLN
12939	TAF5
12940	TAF6
12941	TAF7
12942	KLF9
12943	TAF9
12944	TAF10
12945	TAF11
12946	TAF12
12947	TAF13
12948	MAP3K7
12949	TAL1
12950	TAL2
12951	TALDO1
12952	KLF5
12953	TAP1
12954	TAP2
12955	TAPBP
12956	TARBP1
12957	TARBP2
12958	TARS
12959	TAT
12960	TBX1
12961	BTF3
12962	CNTN2
12963	TAZ
12964	TBCC
12965	TBCD
12966	TBCE
12967	SERPINA7
12968	TBL1X
12969	TBP
12970	TBX2
12971	TBX5
12972	TBX6
12973	TBX15
12974	TBXA2R
12975	TBXAS1
12976	TCEA2
12977	TCEA3
12978	TCEB2
12979	TCEB3
12980	TCF4
12981	TBX3
12982	HNF1A
12983	HNF1B
12984	TCF3
12985	TCF7
12986	TCF7L2
12987	ZEB1
12988	GCFC2
12989	TCF12
12990	TCF15
12991	ZNF354A
12992	TCF19
12993	TCF20
12994	TCF21
12995	VPS72
12996	MLX
12997	TCN1
12998	TCN2
12999	TCOF1
13000	BTG1
13001	TCP1
13002	TCP11
13003	TRAV6
13004	BTK
13005	BTN1A1
13006	TECTB
13007	TCTA
13008	DYNLT3
13009	TCTE3
13010	PPP1R11
13011	DYNLT1
13012	TDO2
13013	BUB1
13014	PRDX2
13015	TEAD1
13016	TEAD4
13017	TEAD3
13018	TEC
13019	TECTA
13020	TEF
13021	TMBIM6
13022	TEK
13023	TEP1
13024	TERF1
13025	TERF2
13026	TERT
13027	TESK1
13028	TF
13029	TFAM
13030	BUB1B
13031	TFAP2A
13032	TFAP2B
13033	TFAP2C
13034	TFAP4
13035	TFCP2
13036	NR2F1
13037	NR2F2
13038	TFDP1
13039	TFDP2
13040	TFE3
13041	TFF1
13042	TFF2
13043	TFF3
13044	TFPI
13045	TFR2
13046	TFRC
13047	TG
13048	TGFA
13049	TGFB1
13050	TGFB1I1
13051	TGFB2
13052	TGFB3
13053	LEFTY2
13054	TGFBI
13055	TGFBR1
13056	TGM4
13057	TGFBR2
13058	TGFBR3
13059	TGIF1
13060	TGM1
13061	TGM2
13062	TGM3
13063	TH
13064	THBD
13065	THBS1
13066	THBS2
13067	THBS3
13068	BYSL
13069	THBS4
13070	TCHH
13071	THOP1
13072	THPO
13073	THRA
13074	THRB
13075	THRSP
13076	TSPO
13077	THY1
13078	KLF10
13079	TIA1
13080	TIAL1
13081	TIAM1
13082	TIE1
13083	TIMP1
13084	TIMP2
13085	TIMP3
13086	TIMP4
13087	NKX2-1
13088	TJP1
13089	TK1
13090	TK2
13091	TKT
13092	ICAM5
13093	TLE1
13094	TLE2
13095	C1QBP
13096	TLE3
13097	TLE4
13098	TLL2
13099	TLN1
13100	SEC62
13101	TLR1
13102	TLR2
13103	TLR3
13104	TLR4
13105	ACTC1
13106	TLR5
13107	NR2E1
13108	TSPAN7
13109	TSPAN8
13110	TM4SF4
13111	TSPAN6
13112	TSPAN4
13113	GPR137B
13114	TM7SF2
13115	TRAPPC10
13116	SERPING1
13117	TMF1
13118	TMOD1
13119	TMPO
13120	TMPRSS2
13121	CLDN5
13122	CLEC3B
13123	TNF
13124	TNNC2
13125	TNFAIP1
13126	TNFAIP2
13127	TNFAIP3
13128	C1QA
13129	TNFAIP6
13130	TNFRSF1A
13131	TNFRSF1B
13132	TNNC1
13133	TNNI1
13134	TNNI2
13135	TNNI3
13136	TNNT1
13137	TNNT2
13138	C1QB
13139	TNNT3
13140	TNP1
13141	TNP2
13142	TNR
13143	TNS1
13144	TNXB
13145	C1QC
13146	TOP1
13147	TOP2A
13148	TOP2B
13149	TOP3A
13150	TP53
13151	TP53BP1
13152	TP53BP2
13153	C1R
13154	TP73
13155	TPBG
13156	TPD52
13157	TPD52L1
13158	TPD52L2
13159	TPI1
13160	TPM1
13161	TPM2
13162	C1S
13163	TPM3
13164	TPM4
13165	TPMT
13166	TPO
13167	TPP2
13168	TPR
13169	TPSAB1
13170	TPT1
13171	TPTE
13172	C2
13173	CRISP2
13174	NR2C1
13175	NR2C2
13176	HSP90B1
13177	TRAF1
13178	TRAF2
13179	TRAF3
13180	TRAF5
13181	TRAF6
13182	C3
13183	C3AR1
13184	ACTG1
13185	TRH
13186	TRHR
13187	CCT3
13188	TRIO
13189	TRIP6
13190	TRO
13191	TRPC1
13192	TRPC2
13193	TRPC3
13194	TRPC4
13195	TRPC5
13196	TRPC6
13197	TRPM2
13198	TRPS1
13199	C4BPA
13200	TSN
13201	TSC1
13202	TSC2
13203	TSG101
13204	TSHB
13205	TSHR
13206	TSNAX
13207	TSPYL1
13208	C4BPB
13209	TSSC1
13210	PHLDA2
13211	TST
13212	TSTA3
13213	TTC1
13214	DNAJC7
13215	TTC3
13216	CAPN5
13217	TTF1
13218	TTK
13219	TTN
13220	TTPA
13221	TUB
13222	TTR
13223	TUBA4A
13224	RNF208
13225	MUC5B
13226	TUBA3C
13227	GXYLT2
13228	LOC727944
13229	HEATR7A
13230	C5
13231	LINC00290
13232	TUBB2A
13233	ZBTB8B
13234	FAM155A
13235	D2HGDH
13236	OVOL3
13237	TUBG1
13238	LOC728431
13239	PPIEL
13240	C20orf61
13241	LOC728485
13242	DNLZ
13243	TUFM
13244	LOC728537
13245	C12orf73
13246	CCDC169
13247	LOC728613
13248	CCDC30
13249	TUFT1
13250	ZBED3-AS1
13251	LOC728743
13252	TULP1
13253	LOC728819
13254	TULP2
13255	TULP3
13256	C5AR1
13257	LOC729013
13258	LOC729059
13259	FAM198A
13260	HIRA
13261	LOC729164
13262	LOC729173
13263	STXBP5-AS1
13264	TWIST1
13265	FLJ45513
13266	CCR2
13267	TNFSF4
13268	PLIN4
13269	TNFRSF4
13270	LOC729420
13271	CCDC61
13272	TXK
13273	TMEM242
13274	TXN
13275	FLJ37453
13276	LOC729678
13277	TXNRD1
13278	SEC14L1P1
13279	TYK2
13280	FAM160A1
13281	LOC729852
13282	TYMS
13283	MORN2
13284	LOC729970
13285	MEF2BNB
13286	TYR
13287	C6
13288	ACTG2
13289	ZNF814
13290	LOC730098
13291	FAM166B
13292	TYRO3
13293	LOC730236
13294	TYROBP
13295	TYRP1
13296	U2AF1
13297	C7
13298	UBA52
13299	UBB
13300	UBC
13301	LOC731789
13302	UBA1
13303	UBA7
13304	UBE2A
13305	C8A
13306	UBE2B
13307	UBE2D1
13308	TDRG1
13309	UBE2D2
13310	UBE2D3
13311	UBE2E1
13312	UBE2E2
13313	UBE2G1
13314	UBE2G2
13315	UBE2H
13316	UBE2I
13317	C8B
13318	UBE2L3
13319	UBE2N
13320	UBE2V2
13321	UBE3A
13322	C8G
13323	SUMO1
13324	UBP1
13325	UBTF
13326	UCHL1
13327	UCHL3
13328	UPK1B
13329	UCN
13330	OSGIN2
13331	UCP1
13332	UCP2
13333	UCP3
13334	SNHG9
13335	UFD1L
13336	SLC35A2
13337	SCGB1A1
13338	UGCG
13339	UGDH
13340	UGP2
13341	UGT2B4
13342	UGT2B17
13343	UGT8
13344	UMOD
13345	UCK2
13346	UMPS
13347	COL14A1
13348	UNG
13349	USP4
13350	NR1H2
13351	UPP1
13352	UPK2
13353	UPK3A
13354	UQCRB
13355	UQCRC1
13356	UQCRC2
13357	UROD
13358	VPS51
13359	UROS
13360	USF1
13361	USF2
13362	USP1
13363	USH2A
13364	CLRN1
13365	UTRN
13366	KDM6A
13367	UTY
13368	UVRAG
13369	VARS
13370	VASP
13371	VAV1
13372	MRPL49
13373	VAV2
13374	VBP1
13375	VCAM1
13376	VCL
13377	VCP
13378	VDAC3
13379	ZNHIT2
13380	VDR
13381	VEGFA
13382	VEGFB
13383	VEGFC
13384	VGF
13385	VIL1
13386	EZR
13387	VIM
13388	VIP
13389	VIPR1
13390	VIPR2
13391	VLDLR
13392	BEST1
13393	VPREB1
13394	TRPV1
13395	VRK1
13396	VRK2
13397	VSNL1
13398	VTN
13399	MPPED2
13400	VWF
13401	WARS
13402	WAS
13403	ZAN
13404	WIPF1
13405	C11orf9
13406	CLIP2
13407	LAT2
13408	CORO2A
13409	WEE1
13410	WFS1
13411	WHSC1
13412	WHSC2
13413	C11orf10
13414	WNT1
13415	WNT2
13416	WNT3
13417	WNT5A
13418	WNT6
13419	WNT7A
13420	WNT7B
13421	WNT8A
13422	WNT8B
13423	DAGLA
13424	WNT10B
13425	WNT11
13426	WNT2B
13427	WNT9B
13428	WRB
13429	WRN
13430	WT1
13431	XBP1
13432	XDH
13433	XG
13434	XIST
13435	XK
13436	XPA
13437	XPC
13438	C16orf3
13439	METTL12
13440	XPNPEP1
13441	XPNPEP2
13442	XPO1
13443	XRCC1
13444	XRCC2
13445	XRCC3
13446	XRCC4
13447	CEMP1
13448	XRCC5
13449	YES1
13450	YY1
13451	YWHAB
13452	FMNL1
13453	YWHAE
13454	YWHAG
13455	YWHAH
13456	YWHAZ
13457	ZAP70
13458	SF1
13459	ZFP36
13460	ZFP37
13461	C18orf1
13462	ZFP161
13463	ZFPL1
13464	ZFX
13465	ZFY
13466	ZIC1
13467	ZIC2
13468	ZIC3
13469	ZNF2
13470	PTTG1IP
13471	ZNF3
13472	ZNF711
13473	ZNF7
13474	ZNF8
13475	CNBP
13476	ZNF10
13477	ZNF12
13478	C21orf2
13479	ZNF14
13480	ZNF708
13481	ZNF16
13482	ZNF18
13483	ZNF19
13484	ZNF182
13485	ZNF22
13486	ZNF23
13487	ZNF24
13488	ZNF26
13489	ZSCAN20
13490	TMEM50B
13491	ZNF32
13492	ZNF33A
13493	ZNF33B
13494	ZNF35
13495	ZKSCAN1
13496	ZNF37A
13497	ZSCAN21
13498	MPPED1
13499	ZNF41
13500	MZF1
13501	ZNF43
13502	ZNF45
13503	ZBTB25
13504	CA1
13505	CA2
13506	CA3
13507	ZNF70
13508	ZNF74
13509	ZNF75D
13510	ZNF75A
13511	ZNF76
13512	CA4
13513	ZNF79
13514	ZNF80
13515	ZNF84
13516	ZNF221
13517	ZNF85
13518	CA5A
13519	ZNF90
13520	ZNF91
13521	CA6
13522	CA7
13523	ZNF222
13524	SNORD114-3
13525	ZNF124
13526	CA8
13527	HAR1A
13528	RELL1
13529	PSAPL1
13530	CA9
13531	ZNF131
13532	ZNF132
13533	ZNF133
13534	ZNF134
13535	ZNF135
13536	ZNF136
13537	ZNF137P
13538	ZNF138
13539	ZNF140
13540	ZNF142
13541	ZNF143
13542	PCGF2
13543	ZBTB16
13544	ZNF146
13545	TRIM25
13546	ZNF148
13547	ZBTB17
13548	CA11
13549	ZNF154
13550	ZNF155
13551	VEZF1
13552	ZNF165
13553	CA12
13554	TRIM26
13555	ZNF174
13556	ZNF175
13557	RNF112
13558	ZNF180
13559	RNF113A
13560	ZNF184
13561	ZNF185
13562	CACNA1A
13563	ZNF187
13564	ZNF189
13565	ZNF192
13566	ZNF193
13567	ZNF195
13568	CACNA1B
13569	ZMYM2
13570	ZNF200
13571	ZNF202
13572	ZNF204P
13573	ZNF205
13574	ZNF207
13575	ZNF208
13576	CACNA1C
13577	ZNF213
13578	ZNF214
13579	ZNF215
13580	ZFAND5
13581	ZNF217
13582	ZNF223
13583	ZNF224
13584	ZNF225
13585	ZNF226
13586	CACNA1D
13587	ZNF227
13588	ZFP112
13589	ZNF229
13590	ZNF230
13591	ZNF232
13592	ZNF236
13593	SLC30A1
13594	CACNA1E
13595	SLC30A2
13596	SLC30A3
13597	SLC30A4
13598	ZP2
13599	MAP3K12
13600	ZXDA
13601	CACNA1F
13602	ZYX
13603	LUZP1
13604	PRDM2
13605	CACNA1S
13606	DNALI1
13607	PTP4A1
13608	LRP8
13609	LAPTM5
13610	FAM18A
13611	BSND
13612	DDR1
13613	CSDE1
13614	EVI5
13615	DAP3
13616	CACNA2D1
13617	NPHS2
13618	CACNB1
13619	BTG2
13620	PXDN
13621	CACNB2
13622	ALMS1
13623	MOGS
13624	RNF103
13625	TUBA1A
13626	PAX8
13627	CACNB3
13628	IL1R2
13629	CXCR4
13630	FZD5
13631	SCG2
13632	CACNB4
13633	BRPF1
13634	IFRD2
13635	MAPKAPK3
13636	SEMA3B
13637	CACNG1
13638	SLMAP
13639	MANF
13640	USP7
13641	RAB7A
13642	KCNAB1
13643	SLBP
13644	SLC25A20
13645	DUSP26
13646	CRELD1
13647	MRP63
13648	COLEC11
13649	OTUB2
13650	PCYOX1L
13651	YIPF2
13652	PRR14
13653	C17orf53
13654	C7orf49
13655	GDAP1L1
13656	LRFN4
13657	AUNIP
13658	VKORC1
13659	C19orf43
13660	MIS12
13661	CUEDC2
13662	METRN
13663	DBNDD1
13664	DDX50
13665	CAMKV
13666	DDA1
13667	GGCT
13668	GID4
13669	CENPM
13670	C7orf25
13671	TMEM106C
13672	NUP37
13673	C20orf195
13674	AHNAK
13675	ZNF655
13676	SPATA5L1
13677	ERI3
13678	C7orf26
13679	NABP2
13680	KXD1
13681	PVRIG
13682	ZFYVE21
13683	DDX54
13684	ST8SIA4
13685	TSEN34
13686	KCTD15
13687	SECISBP2
13688	NOC4L
13689	ALG8
13690	TRPM8
13691	PRRG4
13692	PRRG3
13693	ASPSCR1
13694	REEP5
13695	TMEM223
13696	ATG9A
13697	METTL16
13698	FTO
13699	KDELC1
13700	ELOVL6
13701	FASTKD3
13702	TMEM109
13703	C2orf49
13704	DSCC1
13705	DCTPP1
13706	C1orf50
13707	CCDC86
13708	C11orf48
13709	MLPH
13710	WDR77
13711	C19orf42
13712	ALG12
13713	ZNF426
13714	TMUB2
13715	TRAPPC6A
13716	METTL22
13717	CARD14
13718	CHAC1
13719	C11orf83
13720	C9orf16
13721	C11orf49
13722	TRIM48
13723	C1orf116
13724	CAD
13725	TAF1D
13726	RNF26
13727	MAPKAP1
13728	DHX58
13729	NDUFAF5
13730	TMEM185B
13731	APOO
13732	LY6G6E
13733	FAM134A
13734	DERL1
13735	DEK
13736	CCDC28B
13737	PHF23
13738	MBOAT7
13739	PPDPF
13740	CHCHD7
13741	FKRP
13742	MMP28
13743	ZSCAN5A
13744	FA2H
13745	GDPD3
13746	DHRS11
13747	TNIP2
13748	PLEKHF1
13749	MFSD11
13750	GNPTAB
13751	NOL12
13752	ALDH5A1
13753	MGC4294
13754	C7orf23
13755	LENG1
13756	LILRP2
13757	C1orf35
13758	PRRC2A
13759	PRR15L
13760	RBM42
13761	CENPO
13762	C19orf57
13763	CRELD2
13764	ZNF343
13765	FBXL15
13766	ZNF576
13767	THTPA
13768	BAG6
13769	EFHD2
13770	TTPAL
13771	BRCC3
13772	FSD1
13773	TMEM43
13774	GPANK1
13775	IRX3
13776	IRX1
13777	ABHD16A
13778	THOC6
13779	SLC39A7
13780	ZNF557
13781	HSD17B8
13782	MMEL1
13783	DCAF10
13784	OR2H2
13785	OR51B4
13786	OR51B2
13787	RSG1
13788	ZXDC
13789	BHLHE41
13790	HMGN5
13791	FCRL2
13792	B3GNT4
13793	RDBP
13794	BCL2L14
13795	CALB1
13796	NOX5
13797	LST1
13798	GLB1L
13799	KREMEN2
13800	ZBED2
13801	LRFN3
13802	C17orf62
13803	PLA2G7
13804	TFEB
13805	HAUS3
13806	LRRC2
13807	FYCO1
13808	BIRC7
13809	WDR25
13810	C16orf53
13811	ULBP3
13812	CALB2
13813	FAM65A
13814	C2orf47
13815	NKAIN1
13816	GCC1
13817	ATP13A3
13818	TTC13
13819	EPS8L3
13820	ABHD8
13821	NKAP
13822	CDC73
13823	EPM2A
13824	SLC52A2
13825	SPAG16
13826	TMEM231
13827	CORO7
13828	CHPF
13829	CARS2
13830	RNF128
13831	MRPL24
13832	C10orf76
13833	MUL1
13834	SAP130
13835	RNF219
13836	S100G
13837	TCTN1
13838	ADIPOR2
13839	CERS4
13840	PGBD5
13841	FAM118B
13842	RIC3
13843	METTL21D
13844	ACSS3
13845	NAA16
13846	TMCO7
13847	CCNJL
13848	HMBOX1
13849	RNASEH2B
13850	SNRNP25
13851	GALNT14
13852	C6orf211
13853	NDNF
13854	TNFAIP8L2
13855	OGFRL1
13856	SH3TC2
13857	OCEL1
13858	C1orf54
13859	EFTUD1
13860	FAM184A
13861	SCRN3
13862	CCDC121
13863	ARMC7
13864	TMEM53
13865	ROGDI
13866	ARSJ
13867	CHMP6
13868	SRD5A3
13869	EFCAB1
13870	PANK3
13871	AKIRIN1
13872	MCPH1
13873	MAP7D3
13874	USB1
13875	RHBDF2
13876	TMEM204
13877	HECTD3
13878	BEND5
13879	RPAP3
13880	ARHGAP10
13881	DYNC2H1
13882	AIMP2
13883	PPP1R3B
13884	NEIL1
13885	HSPBAP1
13886	NARG2
13887	DHX40
13888	PLEKHF2
13889	FLJ13197
13890	PARP8
13891	C3orf52
13892	ZCCHC6
13893	NLRX1
13894	FN3KRP
13895	ZNF329
13896	VEPH1
13897	FASTKD1
13898	OGFOD2
13899	SMC6
13900	VTCN1
13901	C22orf29
13902	MLF1IP
13903	ZDHHC14
13904	MSANTD2
13905	SAP30L
13906	STEAP4
13907	GAL3ST4
13908	QTRTD1
13909	YRDC
13910	MANEA
13911	GALNT12
13912	ZC2HC1C
13913	C14orf169
13914	ZMAT4
13915	ZYG11B
13916	CALCA
13917	C17orf101
13918	C11orf80
13919	LRRK1
13920	NOL9
13921	GLT25D1
13922	MORC4
13923	IPO4
13924	GTDC1
13925	IGFLR1
13926	CCDC51
13927	PPCS
13928	TBL1XR1
13929	AAGAB
13930	VPS37B
13931	ANKRD55
13932	SUV39H2
13933	ZNF768
13934	THAP9
13935	WDR59
13936	LIN28A
13937	PALB2
13938	SH3D21
13939	NSUN7
13940	NARS2
13941	E2F8
13942	KCTD17
13943	TBC1D17
13944	TEFM
13945	BBS10
13946	TTLL7
13947	ZBBX
13948	C10orf68
13949	CXorf36
13950	ZNF419
13951	CLIP4
13952	ECHDC3
13953	ADGB
13954	LMAN1L
13955	ZNF385D
13956	SLC25A22
13957	ZFAND1
13958	SNIP1
13959	ASB13
13960	ZNF750
13961	DHRS12
13962	ZNF668
13963	MAFK
13964	GEMIN7
13965	C1orf115
13966	ISOC2
13967	ELMO3
13968	C15orf29
13969	FZD3
13970	TXNDC15
13971	GRTP1
13972	ZFHX4
13973	ACBD4
13974	MICALL2
13975	CCDC82
13976	IQCA1
13977	LRRC31
13978	C7orf10
13979	MYH14
13980	RERGL
13981	KLHL36
13982	ZNF665
13983	CLMN
13984	MTERF
13985	FBXO31
13986	GSDMD
13987	C12orf49
13988	ALG9
13989	ZNF408
13990	ARMC5
13991	UGT2A3
13992	SHFM1
13993	CALCB
13994	ALS2CR8
13995	SHCBP1
13996	HHIPL2
13997	HPS6
13998	NBLA00301
13999	VASH2
14000	GSTCD
14001	TFPI2
14002	PTCD2
14003	SLTM
14004	MMRN2
14005	EHMT1
14006	AGMAT
14007	NIPAL2
14008	TLE6
14009	MOB3B
14010	ZNF552
14011	WDR78
14012	CATSPERB
14013	ARHGAP28
14014	CAMKMT
14015	CCDC48
14016	CLMP
14017	METTL8
14018	NAA40
14019	ST7
14020	ZMYM1
14021	KDM8
14022	QSER1
14023	GEMIN6
14024	PEAK1
14025	LONRF3
14026	PIP4K2C
14027	TMC5
14028	CCDC102B
14029	NHEJ1
14030	AGBL2
14031	ZBTB3
14032	FAM124B
14033	ZDHHC11
14034	RNF122
14035	C7orf63
14036	TMEM180
14037	CSPP1
14038	PDZD3
14039	ARHGEF5
14040	FAM57A
14041	EPHX3
14042	TM4SF20
14043	SNX22
14044	FLJ13224
14045	NEK11
14046	TUBAL3
14047	ZNF669
14048	RBFA
14049	C11orf63
14050	TREML2
14051	BORA
14052	TCTN2
14053	ALG13
14054	CPSF7
14055	BAALC
14056	RPAP2
14057	CBLL1
14058	NUDT18
14059	RABEP2
14060	THSD4
14061	UBA5
14062	DCAKD
14063	CCDC134
14064	ZC3H14
14065	PODNL1
14066	MAP9
14067	HDAC11
14068	CAAP1
14069	PLBD1
14070	LPCAT1
14071	ZNF212
14072	RIN3
14073	ZNF671
14074	MCMBP
14075	GGNBP2
14076	ZNF672
14077	ATP8B4
14078	THNSL1
14079	PRR5L
14080	CYBRD1
14081	NUP85
14082	NAA60
14083	TMC7
14084	MORN1
14085	BTNL8
14086	ACTR5
14087	ATAD5
14088	MAGIX
14089	SETD6
14090	C2orf54
14091	TUSC3
14092	TCEAL4
14093	MRM1
14094	ADM2
14095	SPEF2
14096	FAM110D
14097	MAP6D1
14098	DOK3
14099	TNIP3
14100	KIAA0319L
14101	SYNPO2L
14102	ADCK4
14103	CNTD2
14104	SLC35E1
14105	UBXN8
14106	ZNF696
14107	L2HGDH
14108	C10orf95
14109	DHDDS
14110	LPPR3
14111	PLEKHS1
14112	KAT6A
14113	SYNDIG1
14114	NOL10
14115	PDZD7
14116	ERMP1
14117	PAQR6
14118	DENND1C
14119	CEP76
14120	PHF17
14121	DENND2D
14122	DNAJC22
14123	SCD5
14124	WDR76
14125	ATAT1
14126	ZNF767
14127	WLS
14128	ZNF442
14129	CPED1
14130	GRHL2
14131	TRMT2B
14132	DSN1
14133	FRMD1
14134	DNAJB14
14135	POF1B
14136	SVEP1
14137	TTC26
14138	PLEKHH3
14139	OBFC1
14140	AGPAT4-IT1
14141	ELOVL7
14142	ANKRD53
14143	CALCR
14144	GREB1L
14145	PCNXL2
14146	ESRP2
14147	DOCK5
14148	C5orf44
14149	C10orf88
14150	TMEM156
14151	PSCA
14152	RMI1
14153	FAM192A
14154	PHC3
14155	FAM188A
14156	WWC2
14157	C14orf159
14158	NAA25
14159	UBTD1
14160	GLRA3
14161	FOXRED2
14162	TMEM62
14163	MYO15B
14164	NRSN2
14165	SLC24A6
14166	PANK2
14167	FBXL18
14168	SEMA6D
14169	ZNF556
14170	CSRNP3
14171	TRPM3
14172	CEBPA-AS1
14173	PGAP1
14174	LRRTM4
14175	ATF7IP2
14176	DCAF17
14177	ADAMTS20
14178	CCDC15
14179	TUBA4B
14180	ZNF606
14181	MZT2B
14182	C7orf69
14183	CALD1
14184	ZFP2
14185	ZNF614
14186	C3orf36
14187	BICC1
14188	BAIAP2L2
14189	ARL14
14190	PIF1
14191	YSK4
14192	VCPIP1
14193	CCDC33
14194	C14orf45
14195	TRIM46
14196	CCDC170
14197	LRRC8E
14198	C1orf129
14199	RPF1
14200	NR4A3
14201	PTGES2
14202	SIKE1
14203	FRAS1
14204	THOC7
14205	UXS1
14206	PQLC1
14207	ZC3H12A
14208	ASRGL1
14209	CENPT
14210	EDC3
14211	NAA15
14212	CWH43
14213	ATHL1
14214	FLJ22184
14215	C4orf29
14216	MOGAT2
14217	CTC1
14218	IFT74
14219	DBF4B
14220	SPSB1
14221	MYCT1
14222	C16orf59
14223	MYO19
14224	KIAA0226L
14225	CEP290
14226	TTI2
14227	TMEM134
14228	C10orf57
14229	RNF34
14230	MUS81
14231	FUZ
14232	BRD3
14233	CALM1
14234	HKDC1
14235	FBXO11
14236	CHD9
14237	FHOD3
14238	OPA3
14239	SPG11
14240	PROSER1
14241	ARMC9
14242	CCDC92
14243	TM2D3
14244	ALPK1
14245	WDR96
14246	NAA50
14247	COQ10B
14248	NUP214
14249	ACSF2
14250	TARS2
14251	RAB11FIP1
14252	NUBPL
14253	PAAF1
14254	ORAI2
14255	LHX3
14256	RUFY1
14257	CXorf21
14258	WDR26
14259	C17orf70
14260	PIGZ
14261	ELL3
14262	PREX2
14263	CEP63
14264	SLC35F5
14265	FAM214B
14266	EFHC2
14267	C16orf70
14268	TRIM45
14269	ZNF430
14270	EDEM3
14271	HSD3B7
14272	ITPKC
14273	GRPEL1
14274	SCUBE1
14275	CDK5RAP3
14276	STAM
14277	MLLT10
14278	MTERFD3
14279	CUBN
14280	PLEKHO2
14281	EFHD1
14282	C2orf44
14283	TRABD
14284	MED28
14285	FER1L4
14286	FLAD1
14287	SPHKAP
14288	CCDC6
14289	PDGFD
14290	TET1
14291	LRRC27
14292	EPC1
14293	CPEB4
14294	PPP1R2P9
14295	ZKSCAN3
14296	GKAP1
14297	CXXC4
14298	NCOA4
14299	SP6
14300	CEP70
14301	CCDC68
14302	PUS1
14303	ABTB1
14304	WNT10A
14305	ULBP2
14306	ULBP1
14307	DNAJC5
14308	ADAM33
14309	KCNIP4
14310	WDR82
14311	PABPC1L
14312	PNPLA3
14313	BPIFB2
14314	TRAF3IP3
14315	SEL1L2
14316	DCAF11
14317	ZSCAN16
14318	REEP4
14319	COASY
14320	WDR61
14321	SLC25A16
14322	LPAL2
14323	TNKS2
14324	RNF39
14325	SHOC2
14326	PDCD1LG2
14327	CD276
14328	ADAM12
14329	RASSF7
14330	CSRP3
14331	PDHX
14332	CALM2
14333	FOSL1
14334	CUL5
14335	UBXN6
14336	SLC19A3
14337	TSGA10
14338	AKNA
14339	ESX1
14340	PBX4
14341	SLC35G2
14342	ACAD10
14343	SRCIN1
14344	KIAA1683
14345	TTYH3
14346	ARHGAP39
14347	THSD7B
14348	SLC44A4
14349	VWA7
14350	C6orf25
14351	PTP4A2
14352	LY6G6C
14353	LY6G5C
14354	PRR3
14355	THUMPD2
14356	TSEN2
14357	FGF23
14358	AARSD1
14359	TMEM121
14360	PRR7
14361	KHDC1
14362	ITIH5
14363	UPK3B
14364	NDFIP1
14365	C12orf39
14366	THAP7
14367	STARD5
14368	MFAP5
14369	GLTPD1
14370	LIMD2
14371	TMEM177
14372	B9D2
14373	CYB5B
14374	ZNF34
14375	COL18A1
14376	INTS5
14377	USP5
14378	CMIP
14379	MLF2
14380	ASXL3
14381	CEP44
14382	ZNF436
14383	EEPD1
14384	DDHD1
14385	BHLHB9
14386	DUSP16
14387	ZFP91
14388	SSPN
14389	APOL6
14390	APOL5
14391	APOL4
14392	APOL3
14393	TAS1R2
14394	TAS1R1
14395	SH3BP5L
14396	JHDM1D
14397	SETD7
14398	KIAA1715
14399	MLL2
14400	PRRT1
14401	HCG4B
14402	AAAS
14403	FXR1
14404	ILKAP
14405	NPL
14406	YEATS4
14407	CALM3
14408	HMGA2
14409	ALX1
14410	TMPRSS5
14411	CDK2AP1
14412	IFT88
14413	TUBB1
14414	WNT5B
14415	ZBP1
14416	SLC2A10
14417	KCNH6
14418	SLC25A32
14419	COLEC12
14420	CLPTM1L
14421	CALML3
14422	GPR68
14423	TCL1A
14424	CALR
14425	AP3B2
14426	ANP32A
14427	OR51E2
14428	ST8SIA2
14429	NPRL3
14430	GAN
14431	CALU
14432	SLC7A5
14433	OR2C3
14434	TAF15
14435	PTDSS2
14436	GPR63
14437	RSPH6A
14438	SYNC
14439	CFHR5
14440	CAMK4
14441	DCSTAMP
14442	HM13
14443	MOB2
14444	ITFG1
14445	SGPP1
14446	SLC38A1
14447	RND2
14448	TMX1
14449	LRRC3
14450	GDPD5
14451	FBXO38
14452	TDRD3
14453	STMN4
14454	FAM49A
14455	YIPF5
14456	C15orf44
14457	FAM117A
14458	TRIM11
14459	LMAN2L
14460	C1orf21
14461	NDEL1
14462	CSRNP2
14463	ACTL8
14464	CLPB
14465	MIR600HG
14466	PDRG1
14467	ANKRD13C
14468	APOLD1
14469	CCDC130
14470	GFOD2
14471	COL21A1
14472	PLA2G12A
14473	CAMK2A
14474	CDADC1
14475	TRIM8
14476	URM1
14477	LBH
14478	PVRL4
14479	FIP1L1
14480	SNX27
14481	FAM83D
14482	ANP32E
14483	NIPA2
14484	TMEM163
14485	ACSBG2
14486	CAB39L
14487	ITM2C
14488	TSPAN14
14489	COIL
14490	CDT1
14491	KAZALD1
14492	UNC93B1
14493	DEFB126
14494	DIAPH3
14495	SHCBP1L
14496	TRMT1L
14497	TSC22D4
14498	TSSK3
14499	MAP1LC3B
14500	AKAP1
14501	CCNL2
14502	VMP1
14503	C6orf62
14504	ISCA1
14505	LOC81691
14506	AMN
14507	OR5V1
14508	OR2B2
14509	LINC00597
14510	CAMK2B
14511	DOCK8
14512	PPP1R14C
14513	SLC14A2
14514	MADCAM1
14515	SF3A2
14516	TRIM7
14517	NUAK2
14518	TIGD6
14519	ELL
14520	RNF170
14521	ADAMTS12
14522	TLR10
14523	ADAMTS10
14524	SLCO5A1
14525	OR12D3
14526	CAMK2D
14527	NETO2
14528	NETO1
14529	SPACA1
14530	VANGL1
14531	TRIM56
14532	SBF2
14533	RNF146
14534	SPRY4
14535	ST6GALNAC5
14536	KRTAP1-3
14537	KRTAP1-1
14538	TMEM14B
14539	SFXN3
14540	MED25
14541	SHARPIN
14542	KRTAP9-9
14543	KRTAP4-6
14544	ARPC5L
14545	ISG20L2
14546	RAB1B
14547	ZNF239
14548	LAS1L
14549	HYI
14550	FAHD1
14551	QTRT1
14552	SLIRP
14553	SLC25A28
14554	SYMPK
14555	CAMK2G
14556	CABLES2
14557	SEH1L
14558	CLPP
14559	KIF18A
14560	HDHD3
14561	DPF1
14562	MKKS
14563	CAMLG
14564	ACTN4
14565	GDF5
14566	NCOA3
14567	NRIP1
14568	CHAF1B
14569	C21orf33
14570	CAMP
14571	LZTR1
14572	CLTCL1
14573	CANX
14574	DGCR14
14575	SYN3
14576	HDHD1
14577	PNPLA4
14578	CAPG
14579	ZRSR2
14580	USP11
14581	USP9X
14582	CAPN1
14583	RBM10
14584	KDM5C
14585	SMC1A
14586	CAPN2
14587	CAPN3
14588	NAA10
14589	UBL4A
14590	TMEM187
14591	CAPNS1
14592	LAGE3
14593	SLC10A3
14594	TKTL1
14595	CAPN6
14596	KDM5D
14597	USP9Y
14598	ARID1A
14599	CAPS
14600	HIST3H3
14601	DYSF
14602	COLQ
14603	TRRAP
14604	PICALM
14605	KLRC4
14606	SNN
14607	ACOX2
14608	CAPZA2
14609	ACOX3
14610	AXIN1
14611	AXIN2
14612	BAP1
14613	BRAP
14614	CDC7
14615	CDC45
14616	CAST
14617	EOMES
14618	FZD1
14619	FZD4
14620	FZD6
14621	FZD7
14622	PCDH11Y
14623	FZD8
14624	FZD9
14625	GFI1B
14626	CAPZB
14627	HIST1H2AK
14628	HIST1H2AL
14629	HIST1H2AB
14630	HIST1H2AM
14631	PITPNM3
14632	HIST1H2BG
14633	CARS
14634	ELOVL3
14635	HIST1H2BL
14636	FCRL5
14637	FCRL4
14638	HIST1H2BM
14639	TCF7L1
14640	HIST1H2BF
14641	ADPGK
14642	SH3BGRL3
14643	SF3B5
14644	GSG1
14645	CCDC70
14646	SLC25A31
14647	PUS7L
14648	PMFBP1
14649	HIST1H2BE
14650	LRRC48
14651	ABHD11
14652	RAB33B
14653	HIST1H2BH
14654	EMC6
14655	CDCA3
14656	MXD3
14657	APH1B
14658	GLT8D2
14659	HIST1H2BI
14660	KATNAL2
14661	DOHH
14662	ARHGAP24
14663	DDX59
14664	PUS3
14665	SCRT1
14666	PLVAP
14667	HIST1H2BO
14668	HIST2H2BE
14669	CASP1
14670	HIST1H3A
14671	HIST1H3D
14672	HIST1H3C
14673	TTC25
14674	CHST9
14675	NUF2
14676	FAM110A
14677	AIF1L
14678	DNAL1
14679	RTBDN
14680	RILP
14681	COG3
14682	UCK1
14683	HIST1H3I
14684	GPR101
14685	TAAR8
14686	HIST1H3G
14687	HIST1H3B
14688	TMUB1
14689	THAP2
14690	AKR1E2
14691	RASSF5
14692	NUDT12
14693	SOX7
14694	BCL2L12
14695	RTP3
14696	HIST1H4A
14697	CASP2
14698	TMEM47
14699	CCM2
14700	C22orf13
14701	AMMECR1L
14702	C18orf21
14703	HIST1H4D
14704	HIST1H4F
14705	C19orf12
14706	ZMIZ2
14707	C11orf68
14708	TEX101
14709	FAM107B
14710	SELO
14711	CCDC3
14712	FAM167A
14713	HIST1H4C
14714	C8orf12
14715	DYNLRB2
14716	DYNLRB1
14717	TEKT1
14718	HIST1H4H
14719	TLN2
14720	MS4A8B
14721	PARP9
14722	SESN2
14723	HIST1H4B
14724	HIST1H4E
14725	HIST1H4L
14726	CRISPLD1
14727	CD99L2
14728	HSDL1
14729	RPS6KL1
14730	RHNO1
14731	TRAPPC9
14732	SLC4A9
14733	CALN1
14734	SH3BGRL2
14735	HIST1H4G
14736	CASP3
14737	JAM3
14738	FERMT3
14739	TRPT1
14740	NRIP2
14741	ESPN
14742	CRISPLD2
14743	YPEL3
14744	FAM57B
14745	INHBE
14746	HYAL3
14747	RIOK1
14748	SLC25A18
14749	ATG10
14750	ITCH
14751	TFAP2D
14752	MARVELD1
14753	GRWD1
14754	L3MBTL2
14755	LONP2
14756	KRTAP4-12
14757	RBP5
14758	RBM4B
14759	FRMD8
14760	ARMC10
14761	KCNK16
14762	MAD1L1
14763	CASP4
14764	NME5
14765	OR1A1
14766	USP26
14767	SYT15
14768	ESYT3
14769	SYT16
14770	SETDB2
14771	ROPN1L
14772	ANGPTL6
14773	KLF16
14774	TMTC1
14775	ATAD3B
14776	TAF3
14777	RSPH3
14778	TMEM120A
14779	TTTY5
14780	TTTY11
14781	TTTY12
14782	TTTY14
14783	RAB34
14784	HMCN1
14785	GPR61
14786	TBC1D10A
14787	BCO2
14788	MRO
14789	TM2D2
14790	USHBP1
14791	CDCA7
14792	MIXL1
14793	TSPAN10
14794	SLC25A2
14795	PRSS27
14796	TTLL2
14797	FGFBP2
14798	WDR87
14799	SPATA9
14800	SNX25
14801	KCTD10
14802	SPATA16
14803	TTC29
14804	KRTAP1-5
14805	KRTAP3-1
14806	KRTAP3-2
14807	CASP5
14808	KRTAP9-3
14809	KRTAP17-1
14810	GSG2
14811	OR1G1
14812	OR3A3
14813	STARD3NL
14814	STK40
14815	SPRTN
14816	HDAC10
14817	TMEM133
14818	RASSF4
14819	C10orf11
14820	EIF2A
14821	TM2D1
14822	TSSK1B
14823	IMMP2L
14824	PIP5K1A
14825	FCAMR
14826	NACAP1
14827	SLC4A11
14828	PIP5K1B
14829	PIP4K2B
14830	IFI27L2
14831	TSSK6
14832	SPNS1
14833	ITFG3
14834	CCDC8
14835	NCALD
14836	FAM172A
14837	PLA2G6
14838	BRIP1
14839	CTTNBP2
14840	REG4
14841	KREMEN1
14842	PLA2G10
14843	CASP6
14844	TMPRSS13
14845	B3GNT5
14846	SLC25A11
14847	OBSCN
14848	EMILIN2
14849	SOX14
14850	SPARCL1
14851	KATNAL1
14852	MND1
14853	WDR54
14854	GPR98
14855	SPOP
14856	RBM48
14857	MAGT1
14858	DTNBP1
14859	KIRREL2
14860	HDHD2
14861	TMEM222
14862	TEX35
14863	FAM160A2
14864	SLC10A7
14865	PLEKHN1
14866	SRPX
14867	FAM186B
14868	ARMC2
14869	HORMAD1
14870	MYCBPAP
14871	QRICH2
14872	FSCB
14873	TKTL2
14874	C3orf20
14875	KBTBD7
14876	ANKRD27
14877	TAGLN2
14878	C16orf48
14879	NSRP1
14880	ZRANB3
14881	FBXO30
14882	ULK1
14883	UXT
14884	CASP7
14885	ARL6
14886	USP44
14887	SLC41A2
14888	C4orf17
14889	PCBD2
14890	PRAM1
14891	ZIC4
14892	QRFPR
14893	EEA1
14894	ZNF394
14895	ATRIP
14896	WDR75
14897	BCAR3
14898	CEP78
14899	USP42
14900	ZNRF3
14901	TOMM40L
14902	UTP15
14903	SLC7A6OS
14904	FAM161A
14905	FAM176A
14906	FAM175A
14907	ZNF644
14908	KAT8
14909	PPP1R1B
14910	RNASEH2C
14911	RPF2
14912	ARID5B
14913	KIAA1109
14914	ASCC2
14915	NLRC5
14916	C19orf44
14917	ANTXR1
14918	ANXA9
14919	LOXL4
14920	POLR1B
14921	ELMOD3
14922	SLA2
14923	MYH16
14924	MFSD7
14925	STX7
14926	CHD6
14927	ZCCHC7
14928	FAR1
14929	SLITRK6
14930	CMAHP
14931	METTL25
14932	FAM96A
14933	SETD3
14934	USP48
14935	SGK196
14936	BFSP2
14937	CASP8
14938	TXNDC2
14939	MEX3B
14940	ZNF541
14941	TMEM117
14942	ZMYND12
14943	WDR24
14944	C21orf56
14945	IQCG
14946	NBPF3
14947	ZMYND15
14948	C2orf16
14949	CCDC135
14950	LRRC8C
14951	TRAF7
14952	MAF1
14953	TMEM126A
14954	RHBDD1
14955	ATP13A4
14956	ZCCHC9
14957	ZDHHC18
14958	MRI1
14959	MED10
14960	LDOC1L
14961	FYTTD1
14962	PSD2
14963	BBOX1
14964	ANKRD32
14965	SGIP1
14966	GARNL3
14967	CAMKK1
14968	SLC37A3
14969	FLYWCH1
14970	DCUN1D5
14971	LTBP4
14972	TCHP
14973	FBXW9
14974	PSMG3
14975	HSDL2
14976	HAGHL
14977	POLR3GL
14978	ALKBH7
14979	C9orf64
14980	RPAIN
14981	CHCHD5
14982	C9orf89
14983	POLDIP3
14984	YIPF4
14985	NOA1
14986	COQ5
14987	SLC25A33
14988	NICN1
14989	DNAJC30
14990	PRADC1
14991	ZNF282
14992	BTBD10
14993	C2orf88
14994	RNF135
14995	TMEM79
14996	NTPCR
14997	EIF1AD
14998	TMEM175
14999	ZDHHC16
15000	EFCAB2
15001	ING5
15002	STK24
15003	CAPNS2
15004	WDR83
15005	FAM213A
15006	UTP23
15007	PHF6
15008	GINS4
15009	LLPH
15010	MIEN1
15011	CASP9
15012	MNF1
15013	TMEM246
15014	CHCHD6
15015	NUDT22
15016	WIBG
15017	PDCD2L
15018	ZNF397
15019	NUDT16L1
15020	C7orf50
15021	MRPL45
15022	BRMS1L
15023	VPS25
15024	TMEM107
15025	MON1A
15026	LSMD1
15027	CCDC115
15028	CCDC77
15029	C3orf26
15030	NR0B2
15031	ACBD6
15032	C18orf12
15033	SARNP
15034	C16orf13
15035	ZBED3
15036	LZIC
15037	HVCN1
15038	ZNF414
15039	FAM195A
15040	DYDC2
15041	PCGF5
15042	APOPT1
15043	AKT1S1
15044	TMEM101
15045	ELOF1
15046	UTF1
15047	GFM2
15048	HPS3
15049	RECK
15050	SOAT2
15051	ARFGAP2
15052	MKI67IP
15053	PRAC
15054	SDPR
15055	HOOK3
15056	RASAL1
15057	RAD54L
15058	NSMAF
15059	CASP10
15060	NCK2
15061	C2orf40
15062	CYSTM1
15063	C15orf48
15064	PROK1
15065	CARD11
15066	GPR123
15067	ZNF528
15068	MSANTD4
15069	GNPAT
15070	RAB11FIP4
15071	MAML2
15072	FRMPD3
15073	DOT1L
15074	LZTS2
15075	BRSK1
15076	SYVN1
15077	ABLIM2
15078	ZNF333
15079	DYRK3
15080	ZNF512
15081	KIAA1804
15082	EFCAB7
15083	L3MBTL3
15084	PHYHIPL
15085	LCOR
15086	DYRK2
15087	ZMAT1
15088	NEURL4
15089	SLX4
15090	MEGF11
15091	MEGF10
15092	FBN3
15093	DUSP11
15094	DOC2A
15095	FAM120B
15096	DHX16
15097	CASQ1
15098	SPIRE2
15099	JPH4
15100	ZNF527
15101	CUL4B
15102	PPAPDC1B
15103	GHDC
15104	MCM8
15105	DCTN5
15106	ACTRT3
15107	CNFN
15108	ACRBP
15109	CUL4A
15110	C14orf142
15111	JAGN1
15112	ZC3H8
15113	HOPX
15114	ZNF559
15115	C15orf41
15116	CUL3
15117	SRRM4
15118	ACSS1
15119	C21orf67
15120	MCHR2
15121	CUL2
15122	KBTBD8
15123	MRPL43
15124	PGBD1
15125	TMEM185A
15126	MAK16
15127	CUL1
15128	PARD6G
15129	FAXC
15130	MAP1LC3A
15131	ATRN
15132	MT4
15133	SLC12A8
15134	FOXN1
15135	COL25A1
15136	GNPTG
15137	TTF2
15138	TPST2
15139	CASQ2
15140	TPST1
15141	PARD6B
15142	ZBTB37
15143	KRTAP4-4
15144	TUBB6
15145	NT5C1A
15146	ZGPAT
15147	ST6GAL2
15148	ZNF594
15149	FNDC1
15150	KRBA1
15151	ZNF469
15152	NTNG2
15153	KLF11
15154	TTBK1
15155	SLITRK2
15156	AFAP1L2
15157	KISS1R
15158	GPR174
15159	IL1F10
15160	TEAD2
15161	USP38
15162	HIATL1
15163	KIF2B
15164	C22orf23
15165	PLA2G12B
15166	LCE3D
15167	DGAT2
15168	SUPT3H
15169	SPINK7
15170	SPZ1
15171	GLYR1
15172	GHRLOS2
15173	EMR3
15174	RNASE7
15175	CCDC62
15176	DPY30
15177	GLIS2
15178	MYPN
15179	RETNLB
15180	HES7
15181	FAM126A
15182	USP32
15183	ZNF347
15184	CARD6
15185	TRIM55
15186	TRIM63
15187	DSCR8
15188	KDM2B
15189	SLC9A7
15190	SMARCA5
15191	ACCS
15192	HINT2
15193	INSM2
15194	PPP1R9B
15195	C9orf24
15196	MS4A14
15197	FKBP6
15198	SPATA22
15199	FAM71F1
15200	CCDC54
15201	MCEE
15202	GJA10
15203	LOXL3
15204	ABHD1
15205	CAPS2
15206	CREB3L3
15207	CASR
15208	MYO18B
15209	COX4I2
15210	GTPBP3
15211	GPT2
15212	BEX2
15213	LNX1
15214	MGARP
15215	SORBS2
15216	HDGFRP2
15217	IRS4
15218	PIGO
15219	PSRC1
15220	PLEKHA8
15221	PRRC2B
15222	SPSB2
15223	CBX2
15224	FAM167B
15225	CNDP1
15226	OGT
15227	UNC119B
15228	USP30
15229	FUT10
15230	B3GNT9
15231	PCGF1
15232	ZNF577
15233	EFCAB4B
15234	TRIM51
15235	MPV17L2
15236	CDC42BPA
15237	ZNF607
15238	NAA11
15239	GPR65
15240	SUV420H2
15241	TUBA1C
15242	LINC00467
15243	FAM220A
15244	PYROXD2
15245	C19orf48
15246	HIRIP3
15247	CAT
15248	AGPAT9
15249	MFSD9
15250	NFKBID
15251	C1orf170
15252	CROCCP2
15253	RAE1
15254	BUD13
15255	PLCD4
15256	PPAPDC3
15257	RTN4IP1
15258	TXNDC17
15259	IL17RC
15260	OFD1
15261	LMNB2
15262	FCRLA
15263	SFT2D3
15264	SEMA7A
15265	ADTRP
15266	ABHD14B
15267	ARHGAP5-AS1
15268	ZNF496
15269	RAX2
15270	CILP
15271	HPDL
15272	PHF5A
15273	MGC16121
15274	GALR3
15275	GLIS3-AS1
15276	TRIM52
15277	LOC84856
15278	ZNF503
15279	LRCH3
15280	KLHL22
15281	MINA
15282	CCDC142
15283	TMEM25
15284	PTPN5
15285	HAVCR2
15286	CBR4
15287	RSPO3
15288	ZC3H10
15289	GPR128
15290	ZNF514
15291	PARP10
15292	ORAI1
15293	ZBTB45
15294	MFSD2A
15295	GEMIN2
15296	RPUSD4
15297	AIFM2
15298	ZDHHC12
15299	C1orf198
15300	SPPL2A
15301	SLC7A3
15302	ADO
15303	ZSCAN10
15304	GTDC2
15305	FBXO18
15306	LINGO1
15307	FAM73B
15308	ATAD1
15309	TBRG1
15310	PLXDC2
15311	TMTC4
15312	RNFT2
15313	NFATC2IP
15314	CEP89
15315	ARHGEF39
15316	ZNF341
15317	FAM136A
15318	C9orf3
15319	RGS5
15320	ZNF382
15321	SLC35B4
15322	ATOH8
15323	ZNF587
15324	FAM222A
15325	CIRH1A
15326	LRP11
15327	PPP1R15B
15328	MAP4K3
15329	ALG10
15330	FIZ1
15331	FAM104A
15332	ZNF566
15333	DIRC2
15334	SPRYD3
15335	TMEM209
15336	FIBCD1
15337	PRSS12
15338	MASTL
15339	RAB2B
15340	C8orf76
15341	C12orf52
15342	C13orf33
15343	ZFYVE19
15344	ZNRF1
15345	MUM1
15346	PPM1D
15347	CORO6
15348	HSH2D
15349	WDR73
15350	MAEL
15351	ABHD13
15352	LTV1
15353	SERAC1
15354	TIGD5
15355	PRPF38A
15356	TNS4
15357	CGNL1
15358	MICALCL
15359	MPND
15360	NUDCD1
15361	RELT
15362	SYTL1
15363	UBASH3B
15364	PPFIBP2
15365	FBXL20
15366	AJUBA
15367	ALKBH6
15368	IGSF21
15369	LSM10
15370	TOX2
15371	PPFIBP1
15372	C1orf94
15373	ATG4D
15374	MFSD5
15375	DISP1
15376	FRMD5
15377	PPFIA4
15378	MIR22HG
15379	CEP19
15380	FAM83A
15381	ARHGAP19
15382	COX14
15383	PPP1R16A
15384	RANBP3
15385	RBM17
15386	PIGY
15387	UBL7
15388	C21orf119
15389	PPFIA2
15390	RERG
15391	AGXT2L2
15392	PPFIA1
15393	TCEAL3
15394	TMEM128
15395	TMEM141
15396	USP45
15397	C11orf70
15398	TMEM241
15399	SLC43A1
15400	REPS1
15401	TMEM60
15402	C9orf37
15403	C5orf62
15404	PKP4
15405	PIK3R3
15406	PEX3
15407	CNTNAP1
15408	ENC1
15409	NIPSNAP1
15410	NDST2
15411	MBL1P
15412	LIPF
15413	KCNAB2
15414	ITGA10
15415	ITGA8
15416	IKBKAP
15417	IFITM1
15418	HAT1
15419	GCM1
15420	GAS7
15421	HIST1H2BK
15422	DGKZ
15423	DGKE
15424	DGKD
15425	KRTAP9-4
15426	KRTAP4-1
15427	KRTAP4-5
15428	DDO
15429	KRTAP4-3
15430	KRTAP4-2
15431	KRTAP3-3
15432	KRTAP2-4
15433	CYP4F2
15434	ATCAY
15435	COL27A1
15436	CST7
15437	PPIL4
15438	PAQR8
15439	CSDA
15440	ABCC11
15441	LGALS12
15442	CPZ
15443	COPS3
15444	CHST1
15445	KIAA1644
15446	SHANK3
15447	CBX4
15448	SYDE1
15449	TRIM5
15450	ZCCHC3
15451	ALG2
15452	MYLK2
15453	FAM40A
15454	CAMK1
15455	MICALL1
15456	TUBGCP6
15457	KIAA1671
15458	BCAS1
15459	BARX2
15460	FAM207A
15461	RGS8
15462	API5
15463	EAF1
15464	DNAJC14
15465	NKD1
15466	NKD2
15467	AGPS
15468	SLC22A16
15469	SLC45A3
15470	RHPN2
15471	ZIC5
15472	CCNB3
15473	PPFIA3
15474	APOL1
15475	ZCRB1
15476	CABS1
15477	STON2
15478	LMO4
15479	DOCK7
15480	PRIC285
15481	KNDC1
15482	DCLK3
15483	LRRCC1
15484	CNTNAP4
15485	KIAA1755
15486	PIR
15487	ITPRIP
15488	UNK
15489	KIAA1751
15490	TSPYL5
15491	DISP2
15492	TNKS1BP1
15493	KIAA1737
15494	DIXDC1
15495	CGGBP1
15496	ZNF518B
15497	TANC1
15498	FHDC1
15499	ZC3H12C
15500	SSH2
15501	EPT1
15502	AP3B1
15503	GFM1
15504	SCIN
15505	CCDC65
15506	DNAJC5B
15507	FCN3
15508	TSLP
15509	PSKH2
15510	BLZF1
15511	RPPH1
15512	LGR5
15513	MBD3L1
15514	MAPKAPK5
15515	INE1
15516	BHLHE40
15517	PIAS1
15518	CDC14B
15519	GALP
15520	CDC14A
15521	TCAP
15522	CDK10
15523	PRPF18
15524	DEGS1
15525	DENR
15526	THOC5
15527	KMO
15528	YARS
15529	PDXK
15530	MADD
15531	RRP1
15532	MKNK1
15533	KHSRP
15534	PDLIM4
15535	CASK
15536	AKR7A2
15537	PRKRA
15538	STK16
15539	SCARF1
15540	CAV1
15541	LY6D
15542	GTPBP10
15543	CAV2
15544	OR6A2
15545	CAV3
15546	TNFSF11
15547	RGS20
15548	NOP14
15549	FAM193A
15550	SLC25A12
15551	PLA2G4C
15552	RUVBL1
15553	RDH16
15554	RUNX2
15555	PPAP2A
15556	PPAP2C
15557	PPAP2B
15558	STC2
15559	USO1
15560	CADPS
15561	RUNX1
15562	NPFF
15563	CDK13
15564	PDE8B
15565	PSMG1
15566	RFXANK
15567	TP63
15568	JRK
15569	RUNX1T1
15570	HSD17B6
15571	SKAP1
15572	DNAH17
15573	UNC5C
15574	RTCA
15575	RNASET2
15576	SSNA1
15577	OASL
15578	AOC3
15579	CBFA2T3
15580	DCHS1
15581	PTCH2
15582	AKR1C3
15583	KCNK5
15584	CHRD
15585	ABCB11
15586	NCOA1
15587	LAMTOR3
15588	RUNX3
15589	NUMB
15590	SOCS1
15591	DDX3Y
15592	PDE5A
15593	DYNLL1
15594	TNKS
15595	ALDH4A1
15596	CBFB
15597	IRS2
15598	EIF3A
15599	EIF3B
15600	EIF3D
15601	EIF3G
15602	EIF3H
15603	EIF3I
15604	EIF3J
15605	SERPINA6
15606	SLC4A4
15607	EIF4G3
15608	VAMP8
15609	VAMP4
15610	STX16
15611	STX11
15612	STX10
15613	BECN1
15614	CBL
15615	PEA15
15616	SRSF9
15617	MARCO
15618	KRT38
15619	KRT37
15620	KRT36
15621	CBLB
15622	JRKL
15623	HYAL2
15624	DGAT1
15625	CDC23
15626	S1PR4
15627	CBLN1
15628	ACTL6A
15629	DNAH11
15630	B4GALT4
15631	B4GALT3
15632	B4GALT2
15633	B3GALT4
15634	B3GALNT1
15635	B3GALT2
15636	B3GALT1
15637	SERPINB7
15638	TNK1
15639	PAGE1
15640	ABCC3
15641	NOL4
15642	PNPT1
15643	TRADD
15644	TNFRSF25
15645	SERPINH1
15646	MBTPS1
15647	EDF1
15648	CTSF
15649	SNX4
15650	SNX3
15651	URI1
15652	EED
15653	CTNNAL1
15654	ADAM19
15655	GBF1
15656	RNMT
15657	RNGTT
15658	GPAA1
15659	MYH13
15660	MYOM1
15661	RIPK1
15662	CRADD
15663	HRK
15664	CBR1
15665	TNFSF14
15666	TNFSF12
15667	TNFSF10
15668	TNFSF9
15669	ADAM23
15670	ADAM21
15671	ADAM20
15672	ADAM18
15673	CBR3
15674	ADAM15
15675	ADAM9
15676	ADAM6
15677	ADAM7
15678	CBS
15679	CDS2
15680	PABPC4
15681	CD164
15682	TNFRSF14
15683	RAB11A
15684	RIPK2
15685	FADD
15686	SNAP23
15687	NAPG
15688	NAPA
15689	A2LD1
15690	MTMR1
15691	MPDZ
15692	SIGLEC5
15693	RIOK3
15694	TNFRSF18
15695	MATN4
15696	RGS11
15697	RGS9
15698	DLK1
15699	FBP2
15700	FPGT
15701	TNFRSF11A
15702	TNFRSF10D
15703	TNFRSF10C
15704	TNFRSF10B
15705	SCEL
15706	TNFRSF10A
15707	DYRK4
15708	PEX11B
15709	ACTN1
15710	PEX11A
15711	SUCLG2
15712	SUCLG1
15713	SUCLA2
15714	CREG1
15715	TRIM24
15716	IL18RAP
15717	IL1RL2
15718	IL18R1
15719	GALR2
15720	CCNK
15721	DPM1
15722	CDKL1
15723	BANF1
15724	DCAF5
15725	FGF18
15726	DPM2
15727	SAP30
15728	CCIN
15729	HESX1
15730	INPP4B
15731	FGF17
15732	FGF16
15733	CES2
15734	LIN7A
15735	IQGAP1
15736	NRP2
15737	NRP1
15738	SYNGAP1
15739	CD84
15740	TMEM11
15741	SOCS2
15742	GGH
15743	CFLAR
15744	WISP3
15745	WISP2
15746	CCBL1
15747	WISP1
15748	HDAC3
15749	PROM1
15750	KSR1
15751	ANKRD13A
15752	ALKBH1
15753	DLEU2
15754	TSC22D1
15755	KAT2B
15756	CDK5R1
15757	AKAP4
15758	ASAP2
15759	ALDH1A2
15760	NR1I2
15761	FCGBP
15762	PROZ
15763	STK19
15764	CCK
15765	LDB1
15766	APLN
15767	PER3
15768	PER2
15769	SYNJ1
15770	ST3GAL5
15771	CCKAR
15772	IER3
15773	SYNJ2
15774	CDC123
15775	RRP36
15776	ARHGEF7
15777	VNN2
15778	VNN1
15779	SPHK1
15780	SQSTM1
15781	SGPL1
15782	CCKBR
15783	FUBP1
15784	CDC16
15785	ZNF259
15786	NAE1
15787	SLC5A6
15788	DDX18
15789	TAX1BP1
15790	MCM3AP
15791	EIF2B4
15792	EIF2B3
15793	EIF2B2
15794	EIF2B5
15795	EIF2S2
15796	CPNE3
15797	BUD31
15798	MTMR3
15799	MTMR2
15800	PRPF4B
15801	KRIT1
15802	ACTN2
15803	CCNA1
15804	CPNE1
15805	AP1S2
15806	AP1G2
15807	AP1M1
15808	GYG2
15809	ENDOU
15810	CCNA2
15811	SGCE
15812	CACNA1I
15813	TRIM4
15814	CACNA1H
15815	CACNA1G
15816	TIMELESS
15817	BCL10
15818	HERC3
15819	CCNB1
15820	HERC2
15821	HERC1
15822	BSN
15823	FOXH1
15824	PHOX2B
15825	CCNC
15826	MBD4
15827	MBD2
15828	FAM127A
15829	RAB7L1
15830	SKAP2
15831	WASF1
15832	BAIAP3
15833	FUBP3
15834	TOP3B
15835	CDK5R2
15836	KYNU
15837	AP3D1
15838	BTRC
15839	CCND2
15840	HIST1H3F
15841	CCND3
15842	H1FX
15843	MGAM
15844	CHRNA6
15845	P4HA2
15846	USP13
15847	RSPH1
15848	UMODL1
15849	WASL
15850	SERPINB12
15851	SERPINB11
15852	HPS4
15853	LMLN
15854	SIGLEC10
15855	GAL3ST3
15856	NAV3
15857	NAV1
15858	NAV2
15859	PPP1R3F
15860	KCNK17
15861	ABCC10
15862	FGD3
15863	FCHSD1
15864	ATG16L2
15865	FAM125B
15866	KLHL6
15867	PLOD3
15868	SEC16B
15869	PLCZ1
15870	RPS6KA4
15871	TRIM15
15872	AQP10
15873	SLC25A21
15874	C3orf15
15875	STBD1
15876	TPD52L3
15877	OR6W1P
15878	LHX4
15879	FATE1
15880	SLAMF9
15881	ZNF628
15882	HSPB3
15883	KBTBD6
15884	WDR34
15885	TMEM116
15886	TRPA1
15887	CCNE1
15888	UBE3B
15889	SELENBP1
15890	C16orf45
15891	ATP6V0E1
15892	PAPLN
15893	PGLYRP1
15894	RHOT2
15895	GLB1L2
15896	LIMD1
15897	KLC4
15898	SAPCD2
15899	TNFSF18
15900	NOL3
15901	RSPRY1
15902	ATPBD4
15903	KALRN
15904	CDKL2
15905	CCNF
15906	ACTN3
15907	MIDN
15908	SYT8
15909	HAP1
15910	FLJ20021
15911	UBE3D
15912	FAM181A
15913	CCDC120
15914	LACRT
15915	ZNF30
15916	CCNG1
15917	PHLDB2
15918	VWA5B2
15919	C9orf69
15920	TSR2
15921	KCNH7
15922	BTBD6
15923	TSPAN18
15924	TAF1C
15925	EFCAB11
15926	TAF1B
15927	TAF1A
15928	HS6ST2
15929	FRMD7
15930	SLC25A14
15931	EMILIN3
15932	SYS1
15933	WFDC8
15934	MPZL1
15935	CCNG2
15936	SNX21
15937	ZSWIM1
15938	MAP3K14
15939	SOCS3
15940	UCN2
15941	CLIC3
15942	ZNF551
15943	CH25H
15944	UNC5A
15945	BRSK2
15946	RNF8
15947	FAM105B
15948	HIP1R
15949	CEACAM21
15950	NAT8
15951	EFCAB12
15952	RHBDL1
15953	KLHL13
15954	CCNH
15955	TP53I13
15956	BAZ1B
15957	ZNF766
15958	CCDC97
15959	TM4SF5
15960	EXOC3L2
15961	ZNF468
15962	ZNF160
15963	PKD2L1
15964	FER1L5
15965	CCRL2
15966	C5orf30
15967	FAM110B
15968	SAMD1
15969	DCAF15
15970	SEMA5A
15971	TICRR
15972	TAAR5
15973	MED30
15974	UBA3
15975	TMEM41A
15976	UBE2M
15977	IFT20
15978	MCFD2
15979	C15orf57
15980	ATP6V1E2
15981	BMF
15982	SPAG9
15983	ZNF622
15984	BTAF1
15985	RPL14
15986	DOK2
15987	SH2D2A
15988	GADD45GIP1
15989	C12orf23
15990	ARTN
15991	AIP
15992	CCNT1
15993	LRRC46
15994	SCRN2
15995	PSTPIP2
15996	PSTPIP1
15997	YIF1B
15998	MLIP
15999	SHF
16000	DUOXA1
16001	STPG1
16002	GPRC5A
16003	MAP7
16004	NFS1
16005	MCU
16006	PRC1
16007	SLC7A7
16008	SLC7A6
16009	C19orf52
16010	AOC4
16011	ZNF625
16012	SLC13A2
16013	ZNF700
16014	ZNF439
16015	CCNT2
16016	PAPSS2
16017	PAPSS1
16018	LYRM7
16019	STARD13
16020	N4BP2L1
16021	ZFAND2A
16022	COX19
16023	PIAS2
16024	MAP3K6
16025	TBL1Y
16026	LRRC16B
16027	SYT7
16028	LRSAM1
16029	ANGPTL1
16030	CCDC126
16031	CLDN12
16032	SEC11C
16033	ASH2L
16034	CLDN10
16035	FAM104B
16036	PAGE5
16037	CLDN8
16038	CLDN6
16039	CLDN2
16040	CLDN1
16041	DIRAS3
16042	PYGO2
16043	CEP95
16044	LDB2
16045	ANGEL2
16046	TMEM55B
16047	CLDN9
16048	PRMT10
16049	ZNF479
16050	C16orf93
16051	TCEAL8
16052	ZNF598
16053	SPOCD1
16054	HN1L
16055	SPSB3
16056	IL33
16057	EIF1AY
16058	C9orf123
16059	ZNF697
16060	TMSB4Y
16061	PKMYT1
16062	CCT6A
16063	PIGQ
16064	SART1
16065	TRIM41
16066	DNAJA3
16067	UNC119
16068	ESAM
16069	ADCK2
16070	DHX57
16071	TBX19
16072	TBX18
16073	USP14
16074	ZNF251
16075	USP6
16076	KIFC2
16077	CREB3L1
16078	USP2
16079	CD1A
16080	ACVR1
16081	USP10
16082	FMNL3
16083	CERS5
16084	USP8
16085	DPP9
16086	RGN
16087	CCDC149
16088	AP5B1
16089	CCDC34
16090	ANKRD30A
16091	MTMR6
16092	MTMR7
16093	CD1B
16094	TRIM47
16095	MTMR4
16096	NMI
16097	ZNF682
16098	MTA1
16099	L3MBTL4
16100	SLC25A46
16101	LATS1
16102	TMEM67
16103	ATP6V0D1
16104	TIGD7
16105	IGFN1
16106	SCARF2
16107	SEC22C
16108	NUP210L
16109	INA
16110	KRT75
16111	CD1C
16112	SLC16A6
16113	SLC16A5
16114	SLC16A4
16115	SLC16A3
16116	PDLIM1
16117	SLC39A13
16118	RQCD1
16119	SMC3
16120	BOD1
16121	P2RX6
16122	MSANTD3
16123	LMF2
16124	PRPF4
16125	C12orf29
16126	PRPF3
16127	CD1D
16128	R3HDM4
16129	C19orf6
16130	FAM50A
16131	GUSBP11
16132	DERL3
16133	AIFM1
16134	KCNQ4
16135	CCNB2
16136	CCNE2
16137	DDX60L
16138	IGLL3P
16139	LRP5L
16140	RABEP1
16141	CDKN2AIPNL
16142	RRP9
16143	UAP1L1
16144	ARHGEF1
16145	ZNF502
16146	CBFA2T2
16147	CD1E
16148	SESTD1
16149	BTF3L4
16150	ATG12
16151	XRCC6BP1
16152	PDCD5
16153	CXorf1
16154	RCCD1
16155	SYNGR3
16156	C19orf40
16157	SYNGR2
16158	ACBD5
16159	SYNGR1
16160	PKDCC
16161	ISX
16162	HGS
16163	NEMF
16164	NEURL
16165	DYRK1B
16166	CD2
16167	CTDP1
16168	COL23A1
16169	PCED1B
16170	ANKRD44
16171	SLC6A5
16172	SLC28A2
16173	RSAD2
16174	UBXN11
16175	SLC28A1
16176	EXO1
16177	C12orf65
16178	RPS19BP1
16179	PLXNA4
16180	FIBP
16181	PCSK7
16182	CD3D
16183	ZNF830
16184	SLFN11
16185	RASL10B
16186	CHURC1
16187	DEPDC7
16188	NEXN
16189	DGKI
16190	ATPAF2
16191	BOC
16192	ZNF765
16193	NLRP12
16194	MYADM
16195	EBAG9
16196	COX7A2L
16197	SYT12
16198	CENPL
16199	C22orf32
16200	TMSB10
16201	LONRF1
16202	SCAF11
16203	CD3E
16204	ACY3
16205	LPAR2
16206	MYOM2
16207	IDI2
16208	IL1RL1
16209	YTHDC1
16210	C14orf43
16211	KIAA1919
16212	ZNF804A
16213	NEK9
16214	MAP3K13
16215	CABLES1
16216	NXPE3
16217	HTR3B
16218	CHMP7
16219	AP4M1
16220	CD3G
16221	ALKBH8
16222	MYLK3
16223	OSMR
16224	ARHGEF2
16225	EXOC3L4
16226	RASSF9
16227	WDR20
16228	ZW10
16229	BUB3
16230	REPS2
16231	CALML4
16232	MARVELD3
16233	RFT1
16234	TTC5
16235	SLC24A1
16236	DDX21
16237	FDXACB1
16238	DEDD
16239	TIMD4
16240	ARRDC4
16241	LOC91948
16242	COG7
16243	SLC16A7
16244	KCNAB3
16245	ZNF300
16246	MYOZ3
16247	TPGS1
16248	SLC33A1
16249	CD247
16250	ACVR1B
16251	FAM58A
16252	PTPLA
16253	SNX29
16254	DCLK1
16255	ZMYM4
16256	ZMYM3
16257	ZMYM6
16258	ZMYM5
16259	CTBP1-AS1
16260	GGTLC1
16261	LRRFIP1
16262	ZC3HAV1L
16263	LRRFIP2
16264	CD4
16265	TTC30A
16266	INTS4
16267	OXNAD1
16268	BMP15
16269	LGI1
16270	DSEL
16271	RIPPLY1
16272	AURKB
16273	XPR1
16274	MTDH
16275	FAIM3
16276	MTSS1L
16277	LARGE
16278	TMEM88
16279	MTG1
16280	VAPB
16281	UBTD2
16282	VAPA
16283	DAPL1
16284	MTA2
16285	CD5
16286	CDHR1
16287	NOLC1
16288	DUSP27
16289	MAGI1
16290	RCSD1
16291	LMBRD2
16292	MRPS36
16293	ATP6AP1L
16294	LRAT
16295	ZNF461
16296	DLGAP2
16297	CAPN13
16298	GLYATL1
16299	TMEM132C
16300	DLGAP1
16301	CD5L
16302	SCGB3A1
16303	TMEM129
16304	RAB11B
16305	MEX3A
16306	DLG5
16307	PTTG1
16308	STRADA
16309	C17orf72
16310	METTL18
16311	GORAB
16312	NAF1
16313	C1orf105
16314	CRB3
16315	IL32
16316	SPSB4
16317	CCPG1
16318	ACPL2
16319	TBRG4
16320	MRRF
16321	CD6
16322	PNMA1
16323	NOG
16324	CHMP4C
16325	MSC
16326	CRLF1
16327	GCNT3
16328	UBE2L6
16329	GCM2
16330	BBIP1
16331	LDHAL6B
16332	GPR50
16333	DHRS3
16334	CD7
16335	SPECC1
16336	RPS6KA5
16337	NUMBL
16338	CACNA2D2
16339	ATXN3L
16340	CCDC64
16341	AIMP1
16342	FANK1
16343	BZRAP1
16344	G6PC3
16345	MFHAS1
16346	ASB16
16347	ZNF764
16348	MOB1B
16349	CD8A
16350	TIMM50
16351	PDLIM7
16352	TIFA
16353	MAPKAPK2
16354	STK17B
16355	STK17A
16356	CYTH3
16357	C20orf72
16358	CYTH2
16359	DTD1
16360	CYTH1
16361	FAM114A1
16362	TMEM169
16363	CD8B
16364	ITGB1BP1
16365	ARRDC1
16366	WDR85
16367	PIWIL1
16368	DNER
16369	SLC38A5
16370	BPIFB1
16371	CCDC164
16372	BCL7C
16373	BCL7B
16374	COPB2
16375	WDR46
16376	ZBTB22
16377	HELB
16378	SHKBP1
16379	CENPBD1
16380	ZNF276
16381	MED14
16382	GPR37L1
16383	REEP6
16384	IMP4
16385	TAAR2
16386	GPR56
16387	CD9
16388	HNRPLL
16389	GPR55
16390	UBE2Q2
16391	CCDC102A
16392	MARS2
16393	GPR52
16394	ADAMTSL1
16395	S1PR2
16396	SRSF11
16397	PEX11G
16398	ATP6V1F
16399	MARCH9
16400	ZBTB47
16401	CD14
16402	ACVR2A
16403	B3GNT7
16404	NT5C1B
16405	PKHD1L1
16406	COQ10A
16407	SOCS6
16408	TEX30
16409	NEURL3
16410	CD83
16411	DMKN
16412	CD19
16413	NAPRT1
16414	TMEM44
16415	ZNF235
16416	ASIC3
16417	ORAI3
16418	KCNB2
16419	ZNF561
16420	MMP20
16421	OLFM2
16422	KLF4
16423	NREP
16424	HTR7P1
16425	PRDM6
16426	PTER
16427	PIGM
16428	IGSF8
16429	COPS2
16430	C1orf158
16431	TRIP13
16432	MS4A1
16433	TRIP12
16434	PGAP3
16435	TRIP11
16436	TRIP10
16437	CCDC114
16438	HMGN3
16439	TRIP4
16440	ZNHIT3
16441	LEMD1
16442	GTF3C5
16443	GTF3C4
16444	MS4A3
16445	GTF3C3
16446	B4GALT6
16447	HAUS8
16448	CD163
16449	TGM5
16450	FAM125A
16451	SP140L
16452	B4GALT5
16453	OPALIN
16454	CNOT8
16455	MMGT1
16456	TCEAL1
16457	CD22
16458	MYL10
16459	GLP2R
16460	VAMP3
16461	SYCE1
16462	SNAP29
16463	LOC93432
16464	ARMC6
16465	EFTUD2
16466	TAOK2
16467	ZNF670
16468	MAPK1IP1L
16469	NDST3
16470	RPL23
16471	CER1
16472	SDR42E1
16473	SLC9A3R2
16474	TXNL1
16475	SLIT2
16476	UBE4A
16477	ZFAND4
16478	LHX2
16479	SLC22A6
16480	TRMT10A
16481	CACNA2D4
16482	ITGBL1
16483	WDR67
16484	PPIG
16485	FBXO44
16486	LONP1
16487	MRFAP1
16488	LOC93622
16489	TADA2B
16490	TBCK
16491	CPNE6
16492	RAB33A
16493	TJAP1
16494	RAB28
16495	ACPT
16496	ST7-AS1
16497	ST7-AS2
16498	KL
16499	CAPZA3
16500	ARHGAP18
16501	CADPS2
16502	RAB9BP1
16503	RAB9A
16504	SLC9A3R1
16505	NRXN3
16506	ADIPOQ
16507	KIF3B
16508	ZFYVE9
16509	PLAA
16510	PPT2
16511	TM9SF2
16512	SLC22A8
16513	COX5A
16514	NRXN1
16515	NRXN2
16516	GRHPR
16517	OTOF
16518	COG1
16519	LIPG
16520	SLC22A14
16521	SLC22A13
16522	CIAO1
16523	TGFBRAP1
16524	ACRC
16525	ACTR8
16526	ATPIF1
16527	CPA5
16528	NMT2
16529	FOXP2
16530	CD101
16531	STOML1
16532	CD27
16533	ACVR2B
16534	PIGS
16535	RECQL5
16536	TTYH2
16537	RECQL4
16538	MUC16
16539	POM121L2
16540	GRAP2
16541	LRRC4B
16542	HTRA3
16543	CAMK2N2
16544	ZNF101
16545	SEP15
16546	LPXN
16547	SYAP1
16548	LENG9
16549	ZRANB2
16550	TMPRSS11D
16551	SFXN1
16552	HSPB9
16553	SFXN5
16554	PEX16
16555	CD28
16556	ORMDL1
16557	ORMDL3
16558	GCFC1
16559	TMEM203
16560	SNRNP40
16561	ARHGAP29
16562	SYTL3
16563	SYTL4
16564	SYTL5
16565	MED21
16566	ARHGAP12
16567	RP1L1
16568	FAM189A2
16569	TJP2
16570	FADS2
16571	ABCC12
16572	DDX23
16573	CRIPT
16574	CD80
16575	CYP7B1
16576	HAND1
16577	ZNF264
16578	OPN4
16579	FOXQ1
16580	GNG8
16581	H2AFV
16582	NTN1
16583	EPSTI1
16584	TP53INP1
16585	KCNK6
16586	CDYL
16587	PPP1R14A
16588	ECEL1
16589	ABCG2
16590	CD86
16591	CHST2
16592	NCR2
16593	NCR1
16594	MED23
16595	TNFRSF8
16596	MED17
16597	MED26
16598	MED27
16599	MED7
16600	QKI
16601	ITM2B
16602	GSTO1
16603	AIM2
16604	MAP4K4
16605	TNFSF8
16606	LY86
16607	EIF2AK3
16608	ITM2A
16609	GGPS1
16610	HOMER3
16611	HOMER2
16612	HOMER1
16613	FHL5
16614	ARHGEF6
16615	CD33
16616	RASAL2
16617	PICK1
16618	HAND2
16619	AKAP7
16620	IL27RA
16621	SH3BP5
16622	PCYT1B
16623	CHST3
16624	SIGLEC6
16625	EIF4E2
16626	AKAP6
16627	THEMIS2
16628	ATG5
16629	ROCK2
16630	NAPSA
16631	MED20
16632	CABP1
16633	MAPK8IP1
16634	CD34
16635	ONECUT2
16636	SLC25A27
16637	STX8
16638	CHST10
16639	PIGL
16640	PIGB
16641	PGS1
16642	CD36
16643	PSMF1
16644	KIF23
16645	AKAP5
16646	TBX4
16647	SLC4A7
16648	SLC4A8
16649	MYOT
16650	SCARB1
16651	ACVRL1
16652	MAGED1
16653	RPH3AL
16654	PAGE4
16655	ADAMTS3
16656	ADAMTS2
16657	SCARB2
16658	ADAMTS1
16659	PMPCB
16660	FXR2
16661	GAL3ST1
16662	STXBP5L
16663	LITAF
16664	SPTLC2
16665	GDF15
16666	TBPL1
16667	CD37
16668	NPEPPS
16669	EEF1E1
16670	SCAMP1
16671	VPS4B
16672	MPDU1
16673	GOSR1
16674	TMEM59
16675	BAG5
16676	CD38
16677	BAG4
16678	BAG3
16679	BAG2
16680	POLR1C
16681	ZNF254
16682	GMFG
16683	PTGES
16684	TP53I11
16685	EI24
16686	ENTPD1
16687	TP53I3
16688	CIR1
16689	NRG2
16690	IGDCC3
16691	RAB3D
16692	APBA3
16693	CXCL14
16694	ENTPD2
16695	ATP6V1G1
16696	ATP5J2
16697	SPAG7
16698	MRPL33
16699	SEC22B
16700	H2AFY
16701	C14orf2
16702	CHD1L
16703	VPS26A
16704	ENTPD6
16705	MINPP1
16706	H6PD
16707	BCAR1
16708	GTPBP1
16709	CEP41
16710	GABBR2
16711	GTF2IRD1
16712	ENTPD3
16713	GOSR2
16714	NR1D1
16715	GDF3
16716	CLOCK
16717	SPAG6
16718	BRE
16719	CDC42BPB
16720	ENTPD5
16721	SOX13
16722	PREPL
16723	APOBEC3B
16724	ENTPD4
16725	RBM39
16726	KIF20B
16727	CREB5
16728	MAD2L1BP
16729	PRDX6
16730	WTAP
16731	CD40
16732	AKAP12
16733	IER2
16734	CYTIP
16735	CD40LG
16736	PITPNM1
16737	PDIA4
16738	NFE2L3
16739	RNF14
16740	C16orf7
16741	CARTPT
16742	RAB36
16743	CD44
16744	RIN1
16745	NCOR1
16746	NCOR2
16747	GDA
16748	RNF7
16749	MTRF1
16750	TRAF4
16751	ABCG1
16752	CD47
16753	CELSR1
16754	KLK4
16755	TCL1B
16756	AATK
16757	GUCA1C
16758	SNCAIP
16759	RGS6
16760	CLCA3P
16761	CD48
16762	GNA14
16763	NUP155
16764	SEC24C
16765	MTL5
16766	CLCA2
16767	ISG15
16768	FEZ2
16769	FEZ1
16770	ARHGEF10
16771	CD53
16772	ZNF592
16773	IKBKE
16774	MORF4L2
16775	SH3PXD2A
16776	FNIP1
16777	MICAL2
16778	CTR9
16779	PPM1F
16780	GCC2
16781	RALGPS1
16782	MTFR1
16783	PLCH2
16784	TTC37
16785	HS2ST1
16786	TTLL4
16787	SOCS5
16788	MDC1
16789	IQCB1
16790	PDE4DIP
16791	CD58
16792	CEP135
16793	LPIN2
16794	KIAA0430
16795	DZIP3
16796	SAFB2
16797	EIF5B
16798	CD59
16799	IPO13
16800	WSCD2
16801	SDC3
16802	SLC25A44
16803	KIAA0040
16804	TTI1
16805	TGS1
16806	PPIP5K1
16807	PHF14
16808	FAM53B
16809	CD63
16810	DEPDC5
16811	KDM4A
16812	N4BP1
16813	LRRC14
16814	CLINT1
16815	VGLL4
16816	GREB1
16817	NUP93
16818	CD68
16819	UBE3C
16820	KIAA0391
16821	RAPGEF2
16822	EMC2
16823	EDEM1
16824	CROCC
16825	TRAM2
16826	PUM1
16827	RIMS2
16828	CD69
16829	ESPL1
16830	PPP6R2
16831	CEP57
16832	KIAA0100
16833	DHX34
16834	ST18
16835	ULK2
16836	HERPUD1
16837	CD70
16838	KIAA0355
16839	KIAA0226
16840	USP6NL
16841	FAM131B
16842	AQR
16843	SEC14L5
16844	ECE2
16845	ADAMTSL2
16846	CD72
16847	GPRIN2
16848	NOS1AP
16849	SEMA3E
16850	UTP14C
16851	TMEM63A
16852	ZNF646
16853	RAB11FIP3
16854	SECISBP2L
16855	CD74
16856	VPRBP
16857	CEP104
16858	DOCK4
16859	SART3
16860	HDAC9
16861	KNTC1
16862	USP34
16863	GPRASP1
16864	CCP110
16865	SETD1A
16866	CD79A
16867	LAPTM4A
16868	IFT140
16869	ARHGAP32
16870	ACAP1
16871	ZNF536
16872	CLSTN3
16873	SLK
16874	PHACTR2
16875	CD79B
16876	FAM65B
16877	SNPH
16878	PCDHA9
16879	ZSCAN12
16880	STARD8
16881	TBKBP1
16882	MLL4
16883	HDAC4
16884	CD81
16885	TOX
16886	MLEC
16887	PROSAPIP1
16888	KIAA0513
16889	ZFYVE16
16890	KIAA0247
16891	PHF16
16892	KIAA0101
16893	CD97
16894	RASSF2
16895	RAPGEF5
16896	KIAA0195
16897	BCLAF1
16898	EIF4A3
16899	ATG13
16900	TM9SF4
16901	KIAA0232
16902	TBC1D5
16903	CD151
16904	PIEZO1
16905	RNF144A
16906	MATR3
16907	RIMS3
16908	SNX17
16909	DHX38
16910	KIAA0586
16911	DLGAP5
16912	MTSS1
16913	CDA
16914	BMS1
16915	PTDSS1
16916	SERTAD2
16917	CKAP5
16918	MAML1
16919	PHYHIP
16920	TATDN2
16921	IST1
16922	ACYP1
16923	MRPL19
16924	DAZAP2
16925	TOMM20
16926	SCRN1
16927	SPOCK2
16928	IP6K1
16929	RNF40
16930	CTIF
16931	KIAA0141
16932	KIAA0494
16933	SFI1
16934	GIT2
16935	URB2
16936	KEAP1
16937	NUPL1
16938	TSC22D2
16939	CUL7
16940	RB1CC1
16941	ARMCX2
16942	ARHGAP11A
16943	SPATA2
16944	ARHGEF11
16945	ARHGEF17
16946	DNAJC6
16947	TRIM14
16948	JAKMIP2
16949	MELK
16950	LCMT2
16951	GINS1
16952	ZEB2
16953	CDK1
16954	TESPA1
16955	ZBTB24
16956	PLEKHM1
16957	HEPH
16958	ELMO1
16959	GAB2
16960	KIAA0528
16961	MFAP3L
16962	ZNF518A
16963	KIAA0753
16964	EPM2AIP1
16965	RUSC2
16966	C2CD2L
16967	FARP2
16968	KIAA0319
16969	CEP350
16970	PPP1R26
16971	LRIG2
16972	PSMD6
16973	MED24
16974	MAGI2
16975	TRIL
16976	TRIM66
16977	PJA2
16978	TOMM70A
16979	SETDB1
16980	KIAA0317
16981	SEC24D
16982	FCHSD2
16983	TLK1
16984	ZC3H11A
16985	TOX4
16986	DDX46
16987	LRBA
16988	ZBTB39
16989	TRANK1
16990	TBC1D4
16991	OSBPL2
16992	RHOBTB1
16993	SMG7
16994	ZBED4
16995	CDC5L
16996	LPPR4
16997	NUAK1
16998	SNAP91
16999	TELO2
17000	TECPR2
17001	FIG4
17002	KIAA0196
17003	UBAP2L
17004	SEPT7
17005	ACYP2
17006	SV2A
17007	SRGAP3
17008	MRC2
17009	KLHL21
17010	RBM19
17011	SGSM2
17012	SLC35E2
17013	AP5Z1
17014	G3BP2
17015	DENND4B
17016	CDC6
17017	RABGAP1L
17018	TMCC2
17019	ARHGAP44
17020	SUPT7L
17021	ATP2C2
17022	ARNT2
17023	FAM20B
17024	NCAPD2
17025	SEC16A
17026	CDC20
17027	KBTBD11
17028	RNF10
17029	IQSEC1
17030	ZBTB40
17031	PAN2
17032	ZBTB5
17033	LPGAT1
17034	MFN2
17035	KIF14
17036	JOSD1
17037	HELZ
17038	KIAA0020
17039	P2RY14
17040	MAFB
17041	DCLRE1A
17042	ARHGAP25
17043	RBM8A
17044	CDC25A
17045	DLEC1
17046	EXOG
17047	XYLB
17048	OXSR1
17049	GFPT2
17050	CRYZL1
17051	MAGEC1
17052	WDR1
17053	AMMECR1
17054	CDC25B
17055	GOLGA5
17056	HS3ST3B1
17057	HS3ST3A1
17058	HS3ST2
17059	HS3ST1
17060	USP15
17061	CDC25C
17062	USP3
17063	MVP
17064	SLC23A2
17065	SLC23A1
17066	FGF19
17067	TNFSF15
17068	THRAP3
17069	MED12
17070	MED13
17071	CDC27
17072	NR1I3
17073	NR1H4
17074	NUP153
17075	CCS
17076	NR1D2
17077	CLEC2B
17078	RBX1
17079	CDC34
17080	DOPEY2
17081	FGFBP1
17082	THOC1
17083	REC8
17084	RCE1
17085	HNRPDL
17086	DMTF1
17087	PPP4R1
17088	CDC42
17089	SLC12A6
17090	PTBP3
17091	KCNE2
17092	DGCR2
17093	CASP8AP2
17094	SCO2
17095	CDH1
17096	NAT1
17097	[HM] Hypoxia
17098	[HM] Mitotic spindle
17099	[HM] Wnt beta catenin signaling
17100	[HM] TGF beta signaling
17101	[HM] DNA repair
17102	[HM] G2M checkpoint
17103	[HM] Apoptosis
17104	[HM] Notch signaling
17105	[HM] Hedgehog signaling
17106	[HM] PI3K Akt mTOR signaling
17107	[HM] mTORC1 signaling
17108	[HM] E2F targets
17109	[HM] Epithelial mesenchymal transition
17110	[HM] Oxidative phosphorylation
17111	[HM] Glycolysis
17112	[HM] Reactive oxigen species pathway
17113	[HM] p53 pathway
17114	[HM] UV response up
17115	[HM] UV response down
17116	[HM] Angiogenesis
17117	[HM] KRAS signaling up
17118	[HM] KRAS signaling down
17119	[HM] Myc targets
17120	[HM] Estrogen response
17121	[IPA] ERK MAPK Signaling
17122	[IPA] HMGB1 Signaling
17123	[IPA] ErbB Signaling
17124	[IPA] PTEN Signaling
17125	[IPA] PI3K AKT Signaling
17126	[IPA] HER 2 Signaling in Breast Cancer
17127	[IPA] mTOR Signaling
17128	[IPA] AMPK Signaling
17129	[IPA] p38 MAPK Signaling
17130	[IPA] Myc Mediated Apoptosis Signaling
17131	[IPA] EGF Signaling
17132	[IPA] VEGF Signaling
17133	[IPA] Estrogen Dependent Breast Cancer Signaling
17134	[IPA] TNFR1 Signaling
17135	[IPA] ErbB2 ErbB3 Signaling
17136	[IPA] UVC Induced MAPK Signaling
17137	[IPA] UVA Induced MAPK Signaling
17138	[IPA] UVB Induced MAPK Signaling
17139	[IPA] ERK5 Signaling
17140	[IPA] Mismatch Repair in Eukaryotes
17141	[IPA] Telomere Extension by Telomerase
17142	[TBI] Barrier genes
17143	[TBI] MAPK up genes
17144	[TBI] Phopholipase
17145	[LM] Proliferation
17146	[TPW] PI3Kgamma Signature
17147	[TPW] NOS1 Signature
17148	[TPW] SHC1/pSTAT3 Signature
17149	[TPW] Hypoxia/Adenosine Immune Cell Suppression
17150	[TPW] Immunogenic Cell Death (ICD)
17151	HSC-like
17152	Progenitor-like
17153	GMP-like
17154	Promono-like
17155	Monocyte-like
17156	cDC-like
17157	M0
17158	M1
17159	M11
17160	M12
17161	M14
17162	M16
17163	M21
17164	M23
17165	M3
17166	M4
17167	M6
17168	M7
17169	M8
17170	M9
