UID	AML017	AML030	AML044	AML056	AML059	AML060	AML061	AML067	AML068	AML069	AML070	AML076	AML063	AML074	AML077	AML078	AML083	AML086	AML012	AML039	AML052	AML055	AML062Ph	AML071	AML010	AML013	AML051	AML079	AML098	AML099
AKT3	3.57005741164753	3.87402817280737	3.78908390025138	4.71408349490227	4.0399215211354	4.87878632207791	4.4942895760125	4.25593296004601	4.05014017454634	3.53579919405917	4.12873914232308	4.09150164716636	3.75193120085949	3.53579919405917	3.70046307024483	4.1480173058175	3.90499912301024	4.40252696284741	4.06978711426267	4.6438826589586	4.61643859723195	4.87878632207791	4.27571633937564	3.77622931973208	4.15158912765139	4.24002518661827	3.99623831260348	4.86417090180828	4.55156130821799	4.12085570934037
ABI1	8.15516562566504	8.22274729757887	8.09017569735573	8.04750384565537	8.03927615235	8.03696808087363	8.00092895670032	7.77551970857135	8.05244552436633	7.93810498244507	7.74236244837493	7.77746166107682	8.089446998923	8.02190732378984	8.03710732079232	7.85528630698852	7.91009689598941	7.78589416198831	7.97711092225429	8.22274729757887	7.71706041052133	8.04989927652641	7.80654541506894	7.86561755739783	8.15204210936303	8.22073626656951	7.95545937335278	7.71706041052133	8.14710822943359	7.97971993704888
SH2B3	8.14195195362697	8.34910792171409	7.42751195823409	7.17137559237171	7.72058261687051	8.64193385185617	8.27090229934649	8.22719145942223	7.67075470382567	8.24715594588412	8.45580297900213	7.43317767796595	8.64193385185617	7.66972449588717	7.7076403463951	8.15866821682275	8.30041523846248	7.63755028465414	8.46404776247749	8.49370957725714	7.9687607887755	7.17137559237171	7.76289788168624	7.28567291897322	7.54852188456096	7.38783987937155	7.43004324265594	7.64462809826935	8.25726326065329	8.37774341894351
CDH11	2.06805514336851	3.75520628792068	3.61265197758996	3.40578149185059	1.67861314934062	2.16747123822389	1.96934814631613	2.91521457959231	3.46240756071926	3.14318536986342	4.00334102786923	2.05044948792515	2.75356248017869	3.85371113828123	1.67861314934062	2.87562075959683	3.20815139951046	4.03472033365018	2.81032158977559	3.57745479963085	2.12027534119648	3.80993869228132	3.99023008322521	1.93092607149902	3.26793317013824	2.52750165359585	2.16401577349133	4.03472033365018	3.3847911145165	2.00733887064684
AKAP9	7.76085651307262	7.16803345420114	7.80880842062906	8.01800437980115	7.63139190073838	7.43364370872238	7.76327057530596	7.56509228592147	7.8335552559172	7.66091556363639	7.31525276528059	7.66313801671434	7.23713399445427	7.51875089131682	7.94538486075501	7.49577912534687	7.47142498699311	7.68978031153071	7.16803345420114	7.21868877124374	7.53996711645934	7.64320601325855	7.41248369397904	8.01800437980115	7.95255333130122	7.97732358017663	7.59335661457284	7.26953356601355	7.9221506232054	7.72761887843004
CDK4	7.67605979436825	7.39807842993448	7.48897022015437	7.6518514624884	8.15674998269629	7.10248697281608	7.9832131545564	8.2303531105172	7.78333095719719	7.90181039462563	7.89232917955835	7.45053083815164	7.76940909823607	8.19516491518618	7.7955420009925	8.17479430966966	8.10225924041092	7.85505898097822	7.10248697281608	7.68555541824661	8.01429567024746	7.66533290757672	7.4608041929707	7.65072235196567	7.8975137029104	7.8160725445725	8.2303531105172	7.48689441578011	7.21614508392185	7.72015434029989
OLIG2	2.44242276867371	2.7689703123668	2.24257760737426	2.03252330177208	3.22945099905967	4.40902371932958	3.35207494993744	3.68127443856174	3.58893454882994	3.11637678200293	3.44619567132841	3.40845239494057	3.92394627368902	3.47652360791208	2.67269816905218	2.1873625537042	3.00083802648067	2.16135233186508	3.56020879982695	3.26028621226007	2.03252330177208	3.7585841266015	4.13914831083363	3.52401271464938	2.25857025701638	2.62043873324098	2.36923337672284	4.40902371932958	3.24751987572528	3.47392501981389
CDK6	6.31544156090149	5.31215986888627	6.92518169470994	6.76716314394843	6.42149820323123	5.35311514395995	6.65896186895165	7.0159547073943	6.72178817754653	6.36105964069895	5.22502840547412	6.94814558627097	5.24924893639973	6.94928035778806	6.74552800848691	6.29607239791712	6.13827180469067	6.78299108799809	5.22502840547412	5.769744664376	6.76146567104048	6.90996230156943	5.82967722474608	6.8928033290303	7.10780368481205	7.10780368481205	6.64253373647442	5.986383119995	6.18138159268492	5.92076714903994
GPHN	5.1661322145689	2.67285831376141	4.56353651173418	3.29618266457454	5.10637548160718	5.34867744839323	5.44948041744328	5.17329516257346	5.0256733679308	3.88949172182486	4.86459512443889	4.9951651469442	2.67285831376141	3.9686305865408	4.44247604203627	5.43080666974168	5.05155481173782	4.72236581079244	4.75528299229562	4.63228497757484	4.53812488551497	5.21710949414482	5.39584425476771	5.18051528401937	4.8536434839981	4.94160169159212	4.95546295376932	5.44948041744328	3.7253991729695	4.58540216084442
CDKN1A	7.78028740348357	8.1714690875403	6.2623860342949	5.42786191248507	7.37204220183605	8.07977648479742	6.9706579483909	6.99577503133242	5.96515786562021	7.06498690836922	6.10593760994862	6.473611287581	8.10904318745378	5.42786191248507	6.64832349549118	7.11148400256917	7.10126764764769	7.18035570773862	7.41285636525418	8.1714690875403	7.57939827932203	6.6938315553718	7.66878275877676	6.44539281795149	5.67845572107885	5.4336681354265	6.43917862237815	7.90171771076771	6.81572925755036	7.69589761587599
FSTL3	3.88107954630821	2.85013358454629	4.04470258139344	5.12223770580945	4.37940857570883	3.87512660791193	4.65593772485449	3.04270508900641	4.7733731214137	4.47004872150767	5.14265286171297	4.21123715343401	4.59503509964221	4.37637438062051	3.40045149066169	3.68059335042403	4.00137512828686	5.07916430784618	3.98407501005245	4.70675397096461	4.83196590709289	4.93292008879044	4.1256345513727	2.85013358454629	4.22187133201692	4.14686246956009	4.07468604861414	5.14265286171297	4.30618906908723	3.66191873554313
STAG1	6.26739630519737	6.34090478611151	6.49951885475697	6.42071892805747	6.25809136375023	6.43324943725032	6.38043575847774	6.67521798061342	6.21574892466404	6.28824589187423	6.06446773414526	6.64605728377264	6.43580078552546	6.09594509850777	6.35684048795436	6.214353322466	6.50151919843101	6.06446773414526	6.76054268377057	6.52397224088959	6.23711886911135	6.27918416433113	6.55490719405983	6.36737935715928	6.50199252227391	6.56697666400734	6.76054268377057	6.19995338349948	6.35094212460429	6.41949064798429
CDKN1B	7.99794903931681	7.88469950024267	8.31156025262889	8.47415344511821	8.7898413190307	8.52138071346018	8.63679939832586	7.7379797754615	8.37699611171196	8.11130642626123	7.55078194385449	7.94420623037546	7.83359643112837	8.5042254188853	7.85500170141338	7.64174218309717	7.75059944239359	8.40923663795897	8.38073751599819	8.00679504928449	8.20825641640417	8.7898413190307	8.15544360171151	8.27618967358922	8.68268603798666	8.59519207283303	7.96449277740053	7.55078194385449	8.49402826291994	7.83640522858898
CDKN2A	3.23760147514163	3.90667595838274	4.25089207839776	3.20431127438073	3.84689858440106	4.57770435578608	1.96429035658022	3.04729581012018	4.0821276276872	2.83032540242662	4.29707169265443	4.51694729618084	4.13103795542822	3.31692339508626	3.29920055612707	4.57770435578608	4.08688225452864	4.20113832763554	1.96429035658022	3.70232493291599	3.64274777564379	2.70643236901497	4.05977933932146	3.69359485046714	3.46476952398322	3.63306035042631	2.06503884967483	4.55728484616631	3.53988861076561	3.45626232508253
CDKN2C	6.091058110747	5.80740397000214	6.34924794640357	5.15241825843898	5.84284055194997	6.68429756761074	6.42592137371267	6.68429756761074	5.34832815920699	5.38090445811637	5.16214864282846	4.57758888229467	5.39924724704192	4.61205057387323	6.5461120589875	5.84833662031083	6.03537415333808	5.83149172177965	4.57758888229467	5.90615658161037	5.46261803278046	5.6584892437088	5.61108379969566	5.75846408262765	5.78997952235711	5.76180345935937	6.5742259353929	5.07041275067933	6.08438345004272	5.32097993894849
IKZF1	6.50031225391284	6.5886980706728	7.06231518074803	6.7765406642198	6.72630391075002	6.66329964969787	6.75195328258203	6.53892772923624	6.98594619348726	6.5487514032486	7.04357621705505	7.08146585325017	6.77763415235298	7.05241308412799	6.63747992830774	6.44820310696141	6.45402215512482	7.08146585325017	6.44820310696141	6.61721801789001	6.96805898814949	6.91097557410867	6.90426422002482	6.90847626218161	6.61574491231106	6.7550057932619	6.83215002805334	6.77454709265975	7.02029336772228	6.49585748180238
TFG	7.83160109087298	7.79422042883888	7.57506237240688	8.01412483463757	7.85210651123123	7.50391549705912	8.16300102672896	8.11747421399769	7.95786967639639	7.7862469808526	7.70452701507364	7.82042487940311	7.73358830488673	8.16300102672896	7.50391549705912	7.84024009766562	7.53190396577336	7.69238677710182	8.07053406236981	7.89906673167925	7.87927753436467	8.05154856067938	7.83928317420693	7.70621097700464	7.99848349876515	7.99830705218094	7.9635666511907	7.50577632987057	7.68005769688617	7.78398695998415
NDRG1	8.33454165787077	7.50250655884769	8.02821617842821	8.52336393351397	8.01956473638791	7.9324979969664	7.55700954496818	7.06968746041377	8.64720788726585	8.49197233336022	8.55059879177435	8.61769172275342	8.31522509697272	7.29531048622707	7.97804505125766	8.17524925355265	8.21908203777142	8.00997081808656	8.64720788726585	7.97732542406268	7.28061168330575	8.43543971734166	7.82521851530247	8.51897017334747	8.43136667411766	8.41245422478286	7.06968746041377	8.0219275424728	8.22115312131866	8.13880321898123
CDX2	0.999828484631686	3.32516937469732	3.0785122842736	2.40601639957916	0.745819435305475	1.15246623245491	2.25472555733376	1.21323745839257	2.81558204591822	1.10883652261239	1.71899308833818	1.32416763001942	0.935682847615344	0.727216740196286	1.70663357995367	2.63878679051573	2.24071563698644	3.0851152475899	2.64846599104608	2.78914315704804	1.79086170321162	3.32516937469732	2.15632400247776	2.49816392970342	2.18240765737594	0.727216740196286	3.00942648177826	3.01552266224455	1.80726576953662	1.85133481575524
NCOA2	4.07850560827864	4.11604625048614	3.80406905782447	3.56407776408848	3.95882384209069	3.56407776408848	4.28877420000715	4.24145617816785	4.76017524962274	3.93471756493541	4.00363488108009	4.32385201753482	4.28659937539827	4.01123262951703	3.99192373440953	3.61493077727387	3.84825277992079	4.70658396134767	4.20575809809768	3.77352079488377	4.11145954367238	4.65655548045151	4.57413656442573	4.59688715198619	4.48311706674738	4.39946147617093	4.07836089522935	4.76017524962274	4.39866982934064	3.80905705991998
CEBPA	8.15329138234072	7.86160875258964	9.21445537547749	8.68002710520231	8.48941430169106	8.37104455059187	7.75801021391402	7.75801021391402	8.77598011841386	8.30940632965583	9.21445537547749	8.51579899065462	8.79239554322967	9.1034681250548	8.23946254299097	8.12939101583101	8.26112819801226	8.76986054846152	7.79700219877916	8.57618614693308	7.9015923250937	8.94308998094377	8.27361903302747	8.58398892232445	8.45243014900946	8.44457896344495	8.56388567569801	8.47337754860096	8.09646601499732	8.17665036133897
IGF2BP2	4.05597224829884	3.99865914018707	3.97665130215293	5.01382037655932	4.69372340171323	4.93254087047866	3.86312237738562	4.99767770769092	5.03222974503988	4.54256260739697	4.06205917536381	5.20783284067164	4.2596091892549	5.00747913912557	4.65676188849574	4.60052810701982	3.62851712814903	4.90110933306856	4.71299048261376	3.62607485640867	4.28177555528333	4.51811958217481	5.20783284067164	4.92198503999835	4.20072665581149	4.55604865273482	3.62607485640867	5.20544386829741	4.32554970314512	4.14226582163713
CTCF	7.54922690204249	7.53500784750273	7.81357706382582	7.86562798985485	7.80856976708752	7.64703096316762	7.73609493925157	7.88986572175678	7.8086367050806	7.61704622431318	7.57156559148721	7.86852909217561	7.56881520325711	7.88986572175678	7.69406443174487	7.74809012527568	7.76871750549885	7.77418636306186	7.45565046154178	7.55178605110842	7.76721592752632	7.82691847981658	7.63835146533541	7.66239095781496	7.58955598928136	7.60228085733354	7.80393571015289	7.45565046154178	7.8410963014445	7.7088493463484
POLQ	5.90494596597789	5.24872359839616	6.429777919083	5.72446718870325	5.4636659238515	5.36419204567061	5.95721286628872	7.10427690499947	5.47870489723498	6.18774647042674	6.45401379070988	6.3634066348149	5.57506196894761	5.97615321067011	6.31599584873363	6.56342834434993	6.4427487693074	5.84415434677869	5.15538707697048	5.4985324990305	7.07672791399287	6.18310824394188	5.15538707697048	6.34128071173313	5.23378034513201	5.37323479838552	7.10427690499947	5.97044049147107	5.38167801074286	5.61852337697032
STAG2	8.17459416864112	7.97441881652191	7.45690076766548	8.33904016631567	7.45690076766548	8.45275981817014	8.35657461858342	8.3203955089154	8.24040747618344	8.12452523903257	7.87560340293492	8.07662653985782	7.77934583991586	8.17744760909054	8.29587091699684	8.16809128530083	7.99971120518168	7.90628775254735	8.07407712511186	7.95983525818124	8.13816395327391	8.42095138505223	8.09137526220102	8.22994322359663	8.42447774344046	8.45275981817014	8.28356398112146	7.56540666946325	8.44707354102533	8.07081784409303
SEPT9	6.76487677940048	6.65931358169368	7.15471179449141	6.30975837017929	6.52768364144013	6.61090646958895	6.64627384268849	6.72040645327691	6.20927548949037	6.38973484253521	6.86723068651526	6.16255662101847	6.77009134975549	6.16255662101847	6.66568230502519	6.48558373182659	6.66758731243975	6.48370765007591	6.55789348413349	7.15471179449141	6.88930281706481	6.58213215697712	6.90517459531497	6.38240101203331	6.48621353017368	6.58828218605143	6.58955043897217	6.71585298424153	6.92243131769936	6.21800741282063
MALT1	6.00833481449587	6.03224633484399	6.10031177134249	5.64038450172487	5.78423248603884	6.61011708351479	5.17167415354406	5.78452725935345	5.5239701103168	5.97092913192622	5.17167415354406	5.96555112965077	5.82452483795744	5.25178842199921	6.00899615682345	6.02247869940962	5.88338422978547	5.28976017845723	6.14549558665233	6.61011708351479	5.94075234284238	5.3756024282841	6.52674124665374	5.83672175255978	5.51829513339154	5.60821772623813	5.71446438781042	6.08703126751696	6.1847635861041	6.05664394274858
SUB1	8.39412608089011	8.32040170441684	8.54702685215919	8.41961604109402	8.6511795809314	8.38042710387572	8.66659817487166	8.88828987370761	8.40711945186666	8.5529677392886	8.65141687184194	8.51166736760738	8.34105164437661	8.88828987370761	8.65639713078221	8.4693119545263	8.4776409558279	8.43812187615718	8.43751693648305	8.32570009115266	8.34521300558792	8.41972592768217	8.59854638999006	8.30837022263881	8.55719320099257	8.52888034244002	8.78687869752595	8.30837022263881	8.53036354934479	8.50588502109884
MLLT11	6.3322256788818	5.21706698499377	7.44075502935338	7.09742350417832	7.20917842094557	5.21706698499377	7.55822275266004	7.42682808012975	7.12038132753627	6.30245900516229	6.05968223532087	6.90146506509947	5.97627613460386	7.34447107492224	6.48270292252599	6.98339028729939	6.75796968669449	6.72342749600374	6.0132424893326	5.30456049406014	7.55822275266004	7.26338619215638	6.43738237175855	7.13370794950827	7.36246763531657	7.0797603019955	6.71050036557319	6.9682518039491	5.3584496935743	6.46278105552267
CLP1	6.94691588986718	7.3336016514399	6.98484383962588	6.97198750343162	6.88184050489151	7.3336016514399	6.93496056198397	6.99261191586043	6.98144366542935	7.0096822970878	6.76259490863967	6.84440413912166	7.11614827194852	6.99654866764281	7.11981306570825	7.17694753128396	7.2524427809336	6.96126051200431	6.9443273587828	6.922235927254	6.70382451861541	6.90707036263732	6.97122708817083	6.8923319514755	7.04971407903809	7.03379137863219	7.1402957286654	6.70382451861541	7.11160250185125	7.05309281828855
CNTRL	7.28801133522546	6.57726308847322	7.82426693029259	7.89044647418289	6.88085903812334	7.63377166951349	7.21321669774338	7.12904492972673	7.53628054297171	7.35607499760031	7.64278119510336	7.4433069058208	6.67329655081718	7.35624961366299	7.49717140883539	7.2783127062408	7.22613056228939	7.75621680052986	6.56262348634961	6.56262348634961	7.26147431063662	7.46389519351598	7.01069151312777	7.88637851410072	7.80275867066809	7.89044647418289	7.1549295816577	7.19354685583054	7.56323816941457	7.22721516288987
CHD2	6.25240926294145	6.724018125245	6.79244638790102	6.29945845205775	6.39464279017056	6.10530121809018	6.34399276705327	5.97058618268407	6.31087787154859	6.09997618063055	5.97058618268407	6.41502790504096	6.25223936643004	6.07857432986934	6.45249103805539	6.00896955557146	6.03056052314673	6.17236471854652	6.79244638790102	6.36919610345113	6.41123103613192	6.37077517235163	6.10596288177405	6.51237571959097	6.56034788037654	6.60698356278795	6.37680778912809	6.39323939901665	6.07343043120813	6.25558094433791
CHD4	7.42530416752943	7.13940774156979	7.72536716791746	7.53475925511849	7.63699657777619	7.08242119288729	7.72536716791746	7.33469536015188	7.40137690503273	7.36162388498376	7.2563888600511	7.38461126841082	7.57656706194889	7.71733596046225	7.16700273427783	7.33918210438895	7.32783929413698	7.47910258617905	7.33515608105633	7.08242119288729	7.58303627784453	7.42290417477674	7.27831275525778	7.49734334848008	7.09930867425068	7.53879474389495	7.1654047184647	7.57965111155246	7.13294776936312	7.43248055955908
FGFR1OP	6.13514840168186	6.65166371821422	6.79033742743417	6.40113215937568	6.39348267258823	5.81848994324273	5.86359324027964	6.64557708791308	6.13387720634658	6.33580530973513	6.16759321434453	6.73106169806861	5.81848994324273	6.30719975486717	6.7319940969756	6.45289907005487	6.46766408647208	6.49785266896831	6.44891171490638	6.37357222727501	6.68775975830007	6.27338399381273	5.85269297426946	6.66062674226913	6.24182777635611	6.28950163355335	6.79033742743417	6.12695492896963	6.4227661465883	6.31859977605924
PSIP1	7.32763290837617	7.03608274609894	7.96234144563989	8.07926110820732	7.55263366301303	7.69087409200738	8.42111558714461	8.42111558714461	7.57178048102345	7.39193789293823	7.66160702217184	7.62157042897024	7.07862085343085	8.04362504885112	7.98347067119586	7.70869181350269	7.59389114942111	7.40916788480216	7.78304964147214	7.89059457977825	8.3060556303815	8.09770324005551	7.77959684459973	7.25438815215394	8.17599615762694	8.2480174302502	8.40814754291046	7.03608274609894	7.82206865127384	7.30626755436708
BAZ1A	7.89906793988064	8.27267236929128	7.9576523978339	7.93736035090345	7.87225211929636	7.87583498718993	7.87642340282302	7.89656066359449	7.89914861813497	8.21562465340777	8.29672870398314	7.91837471034664	7.8210364489495	7.99746001067764	8.06354899308194	7.9835097695472	7.98671496311726	7.9231518183735	7.62622530520325	8.0248212130571	7.65197738753316	7.62622530520325	7.95690360225805	8.08059919671352	8.03213772711585	8.03816980352482	8.01430140931765	7.63439158801832	8.29672870398314	8.03513373908351
PWWP2A	6.08275096520294	5.82028864501175	6.21225320240042	6.41237521333931	6.23750938955442	5.99770252904211	6.16775719928033	6.11858424360435	6.50349928184971	6.09867074580063	6.545393221866	6.18452663207713	5.9400866163829	6.30323200886265	6.53634289549124	6.10879142861024	5.98819065953934	6.545393221866	6.16390304792217	5.82028864501175	6.06721052337663	6.18802767447492	6.41438652466955	6.3335751704705	6.21906953067218	6.32648207816521	6.16135635437656	6.42192559550573	6.46679969884656	6.05033800646912
RMI2	5.38048876072333	5.99253519497976	5.79724566018152	6.09721087061161	5.52318131694611	5.46488612601797	6.08506316494299	6.92783231652167	6.07364150322477	6.04741037976512	6.37665446621297	6.46118604545971	5.56335219897863	6.19172589673208	5.52446515326349	6.74222161038899	6.76655191002738	6.3472290701126	5.44488457883241	5.64528065411666	6.70105134118057	5.95409747891694	5.87019559403948	6.6415935295973	5.64539563803933	5.64861577038476	6.92783231652167	5.41045477939543	5.38048876072333	6.06868899552117
FAT3	3.35745398940591	2.754837654383	3.36480628825379	3.82083955609526	3.21137600596392	3.19104988130717	4.02514083189066	3.20078481741858	5.06990979085948	3.58662454714905	4.20588794085226	3.74874244807495	2.9906522180742	3.57522932422149	4.13229036063669	3.24394811366374	2.754837654383	5.21010606929854	3.74678262771376	2.78691694800684	3.2357131801977	4.8842755381545	4.47008001434171	3.92418904032158	3.82407917472595	3.91028773197609	2.89371386637893	5.21010606929854	3.88420650098739	3.75930008384555
CLTC	9.44073357979967	9.48727144831801	9.27598213838208	9.13776459454865	9.36372719207083	9.44760384026398	9.37105349310026	9.07257181896898	9.19973170526077	9.43265298587672	9.1218184012017	9.47450775049098	9.62259911867822	9.30762119452567	9.33096024398922	9.62259911867822	9.50169166217934	9.3663521270208	9.21541592519952	9.51508488267213	9.3952369065134	9.26415319401904	9.3638816808747	9.1515791245717	9.348565616884	9.36649418778985	9.37416331080117	9.07257181896898	9.44608103915495	9.59232991496362
CCR4	3.56225129328396	2.57810342661902	3.59799555013423	4.28469177174658	4.05621302159539	4.31249946154555	4.93145732343211	4.74950977845514	3.98847854121656	4.68616854872209	4.52841209620165	2.64150245618661	4.07125181210149	4.7175599610295	4.31251659607457	2.57810342661902	3.43267286845131	4.66326711687523	4.96239899644993	4.08647818561828	4.0514970163553	2.97691423961773	4.64405087591446	4.49005105001122	3.7670736077025	3.50592762860786	3.15275320251148	4.96239899644993	4.30751858852009	4.35308058661901
CCR7	5.41090669723569	5.64883421899108	5.74672917416032	4.24015565175549	6.08531302046747	7.53625865761446	5.63195910697709	5.43782007585072	5.96823063472933	4.77186665362379	5.90658464511818	4.42605142533315	5.1482027523592	4.24015565175549	6.3072178176715	5.88018541098683	5.90531880853247	5.89851344399655	4.68831740439218	7.58369966195896	7.37730027363766	6.36329495521867	7.58369966195896	5.35224490147238	5.61624612175797	5.7841839598557	5.58910945382443	7.17827176357274	6.63675996769798	4.88794736097455
MSI2	4.79163358670036	4.03011827784557	5.96224859036244	6.36103787544223	6.07582497109025	4.4673802446548	5.5013646422203	6.56524361354519	6.71538219187546	4.62244112248563	4.43693429044613	6.81115374595679	4.36364873325965	6.81115374595679	4.37485688791657	5.0273492394583	4.99544939295887	6.78100873627842	4.03011827784557	4.54473732572965	6.18101539812139	6.52379889039846	5.25573237787903	6.62319132193729	5.50500050354035	5.4687271340098	6.18178159458058	5.56443182054656	5.86777998523028	4.12164474330297
CANT1	6.33028906144294	6.20017983784722	6.01329238257642	6.13698815151991	6.37453989413485	6.25985761517118	6.19167516058156	6.34433996936079	6.20238096476333	6.35428504339782	6.61762637861694	6.49210410944938	6.48346857355842	6.10795559412729	6.01329238257642	6.28306992926083	6.32681351760821	6.09922774035714	6.61762637861694	6.18658148278589	6.51011773050265	6.48678380192306	6.46065522973389	6.41119486850792	6.21736104066436	6.10398417731813	6.13267840454713	6.39445497404373	6.02009353251111	6.30444812604575
COL1A1	4.64700546589603	2.89658812770771	3.37981449535759	3.45407916121503	2.75344679264713	2.75344679264713	2.9732174497786	3.37005273365922	3.82730614345639	3.63279063818281	3.2185711254622	3.82841949330046	3.19151036681442	3.30247995488583	3.14423630160665	3.65079638963032	3.54530163036007	4.27216445667637	3.81905641040413	2.99839557263319	3.40992955617993	3.65711412638614	4.19299838413915	3.24827942969986	2.84338351314271	3.30460618615545	3.01281707482255	4.64700546589603	3.61478966105048	3.62835955725487
COL2A1	2.16640665993986	1.40503963444524	1.83915987365461	1.50356021731802	2.2816480365415	3.15729402340616	3.60378895218973	3.43229225379329	3.88519784871223	2.45586491693641	2.02832117206098	3.8112694082517	2.89203158800427	1.96671791998165	3.04787055896285	3.53723626759847	1.40503963444524	2.99227012396573	2.01994457394639	1.63563451942816	2.44337676565781	2.72518379169841	3.50376758700375	3.2836355451818	3.2642079837522	3.10329574422704	1.90519664239988	3.88519784871223	1.63853375410748	1.84207195787118
COL3A1	2.41026772706683	1.16873529888518	1.16873529888518	2.0760416698966	2.73911600656733	3.48623786240098	4.2411713043692	3.09652755623315	3.74665006932177	2.71014102925469	3.73752113914734	2.61005682178477	1.96261902575356	3.38725365471759	2.71452593918993	2.17992414034819	1.9184626245949	3.57588177731117	1.23177817436192	3.30192136722196	1.68806185344575	3.77375862142417	3.97339390409407	2.92266986707584	2.91005962248165	1.96287499462162	1.42496194869193	4.2411713043692	1.81964180637663	2.94198964475949
KLF6	8.11680820060959	8.74950087274366	7.5079835343049	7.6570656920718	7.298381734999	8.42091782139498	7.67201743059039	7.02304884091564	7.24112718051922	7.89618776811557	8.40208443417626	7.12066675769332	8.61832256285788	7.02304884091564	7.84709178111941	7.56124554668662	7.61790681662432	7.08716832786508	8.124883344996	8.74950087274366	7.7826358005401	7.55618038797876	8.4106591978843	7.18629088624396	7.67634900146251	7.67144553114357	7.06249168531877	7.85212960268078	8.05522867173922	8.11940533286356
COX6C	9.60112147481758	9.66098339346819	9.68433107056529	9.54477362016878	9.63405811091069	9.42435043074564	9.3255786180736	9.80832915592673	9.50663366700378	9.70432468706092	9.87022494274762	9.93870733171599	9.93870733171599	9.91218064574211	9.47858900078381	9.74949200974037	9.58016588320638	9.33095551471913	9.45364165248516	9.79558907406535	9.70176453727434	9.81652827602794	9.71027829178346	9.30809779971652	9.41717811412569	9.4478732267104	9.68877070649441	9.30809779971652	9.54071377956822	9.6546682642772
CREB1	6.5862971435906	6.73055596642368	6.89512970951398	6.9491263056597	6.73570020034545	6.62300382305389	6.8770983427057	6.69759861606619	6.76914318689965	6.58780222093083	6.6107077128269	6.71015397240333	6.56005969837575	6.76132196268929	6.79843241958595	6.62200846580483	6.56005969837575	6.63003714196809	6.99278567277046	6.81195490297736	6.78223222293537	6.76806645264789	6.73487192660553	6.75125254965901	6.96953946360324	6.99278567277046	6.74589777965747	6.62201556299641	6.85792795729928	6.66020195281385
CREBBP	5.99564802006782	5.63750314556967	6.14197744470028	6.20532697880538	6.0384690993164	6.15629333321176	5.95483301166626	5.68756140858964	6.10437835285643	6.0530741442769	6.14047986247411	6.15970494209767	6.18045061070613	5.75442587899275	5.99942810105238	6.0448311988976	5.63750314556967	5.9713437780169	6.03219314218099	5.87134618561083	6.03850931628012	6.0975528249476	6.21779319519522	6.05153889986171	6.11830425472497	6.0562701005416	5.66316842002675	6.21779319519522	6.03466515656897	5.96647921844597
SIRPA	6.93019562529523	7.32081433099662	5.81943834794303	5.61815936788208	5.7921053265485	7.06526078689018	5.74217968513541	5.79869412301196	6.24907223417328	6.88651013807023	7.18935595807764	5.86332221765829	7.32081433099662	5.61815936788208	6.37205115451526	6.61389594266319	6.7501206488429	6.19666639995201	6.9032807937548	7.19191561590624	6.56448230135363	5.63511365444795	6.68246129302777	6.38296379963063	5.8893008806452	6.00975286413329	5.98831269357561	7.07764252043134	6.53979805373859	6.92454743438563
VTI1A	5.39201451631703	5.58891219622671	5.31582545838606	5.03968826263814	5.34754209932941	5.41592302446689	5.01807743608375	5.01107682145919	5.28358624881273	5.32801145189698	5.29152861357395	5.19895724520266	5.48197144016233	5.27003823261019	5.21808164097758	5.55324178769154	5.39894930100316	5.31403518991864	5.43773155236449	5.33676906365323	5.1856650676673	5.01107682145919	5.49716129070183	5.26564355312417	5.0650633409113	5.03573040628031	5.26916521724545	5.58891219622671	5.12442161073946	5.44753567561536
CSF1R	7.51373503998695	7.68893016916613	5.86163961411228	6.04342400612749	5.25222036133076	7.63559789007029	5.76990387826456	5.46582426571563	5.43367772027229	7.02070757776776	6.0932759895268	5.70328257617169	7.68893016916613	5.08625135684985	6.43429562640795	6.95723147875153	7.01406199620371	6.08322323043247	7.64062383754385	7.03318416127251	6.84704911806815	5.93045091404234	6.84182105533666	6.46263549853719	5.59613480454208	5.61924526793123	5.08625135684985	7.16361011540958	6.83230942110423	7.24096946039011
CSF3R	6.287567394447	6.10889740861353	5.30473908230382	6.5550448411762	5.76290507444367	5.49420845920878	5.35381791224987	5.80267973559622	6.45364963961932	6.48527318762681	6.16816176068296	6.27216514634964	6.13865453485745	5.70921866708194	5.477105381831	6.31606644457595	6.19502073582116	5.97550014601316	6.12608228318981	5.58495659703468	5.31359863076022	6.00951786983191	5.90424551705822	6.5550448411762	6.06607171002094	6.27782484141143	5.30473908230382	6.34558292306261	5.53993442383567	5.76976415278575
CTNNA1	7.1710767136156	7.00526108701115	5.83673416539337	7.0882133672587	6.76723079944382	6.908853552029	6.41076722111192	5.82537061463446	6.4030466165144	6.95742928463011	6.89973279399223	6.9749299477885	7.00755062100638	6.27171392347529	6.87996058544221	6.88785383282257	6.93728762421268	5.82537061463446	7.09940502311665	7.1710767136156	6.86923837493576	6.72491988525712	6.86018038051385	6.37536514012492	6.40149134902019	6.32444572673233	6.07005730752863	6.78744136562774	6.80840813544883	7.15180922517171
CTNNB1	7.64227201468192	7.28766510068181	7.67220537820799	6.97182904556268	7.45050701181669	7.12412917349218	7.4497589475539	7.4714844770106	7.11730105191401	7.34718561567076	6.89983031920352	7.44590393758405	7.56041172833358	7.48004063172935	7.59719027346063	7.2344814949183	7.31848900461605	7.27477283057277	7.70277989824734	7.70277989824734	7.43971664298171	7.29726740906288	7.2208073412308	7.29561362406038	7.24591034729766	7.50522388161198	6.89983031920352	7.19272823729111	7.48803139487882	7.47936772947234
MB21D2	5.74489299616115	6.16755370775276	4.39760146235312	4.1324189281092	4.24406426910852	6.55055720164042	5.4787785929415	4.41178951884478	4.94532215102764	5.40550168526754	5.09568678264784	4.44676734171775	5.7529406684981	4.1324189281092	4.72922251622882	5.34093605220555	5.61232294514778	5.23896919970049	5.27413483300208	5.32044405515247	5.27445437290755	4.92024449359747	6.32147222758964	5.67498903846249	4.57398832286281	4.91114761141457	5.26222036048682	6.55055720164042	4.63727044872899	5.09257611571722
CUX1	7.37175971455454	7.00050810944665	7.20504822863597	7.19547654793141	7.42064867068644	7.16814651910962	7.21282864320672	7.25371450145104	7.33509958978179	7.43617430839546	7.14066186419978	7.41924209022407	7.38804377698918	7.1056550095943	7.18121986787975	7.03517861942613	6.97726464049869	7.14733894107006	6.97726464049869	7.21469458788674	7.43617430839546	7.43382954863503	6.9835034370007	7.18456829110462	7.12603173470498	7.20588551857133	7.07590007631418	7.42014225376192	7.12675146542733	7.00102215496628
CYLD	6.27197572446039	6.19503498447711	6.91723184536144	6.85188180052006	6.63513838844066	7.00837654316074	6.7805860166193	6.27620037539777	6.72752254787795	6.63082041144411	6.41789007772673	6.27815272387775	6.29389432043063	6.5201794797603	6.66151907815275	6.39163584865213	6.2783280175721	6.97200342143948	6.15210212251081	6.45794538125019	6.69349297856511	6.78196677021178	6.94251806434402	6.79496332434836	6.29873990038664	6.40767334542813	6.15210212251081	6.78573485587729	7.00837654316074	6.73252767111139
CYP2C8	3.32032216732473	3.57315367185489	4.07376061715166	3.32837767148223	5.29338760869346	1.59997323167758	3.02233925650559	2.50598652952979	4.31376194478903	0.885245524341355	3.28421385946365	4.53424484562443	3.62482843170466	4.40186404386567	3.72092657321519	3.54945949095627	3.21180640961721	5.29338760869346	2.89447631636782	0.906618616305153	3.85481814403631	2.64920332751012	3.3771702003215	2.84729979374314	4.52594457481679	4.6753972278879	3.02910349511092	4.18223721898283	0.885245524341355	3.25181415815169
DAXX	5.72637804362535	5.63216979411969	5.98968143106275	6.09397359573951	5.69549218634896	5.79697341895378	6.10123703250486	6.13063425722249	5.90744865002351	5.88299818970302	6.13063425722249	6.05871447273536	5.68825058856177	5.68479327678862	5.91040521579313	5.9597279362278	5.78257019482472	5.95219075356042	5.84667461639034	5.7453916321752	6.07705339495388	5.66487861232023	5.96136685992354	6.12578962356569	6.06981289928003	5.85337379381868	5.92999451706436	6.06268686455498	5.63216979411969	5.77392537383429
DCTN1	4.99131830976327	5.21051469674449	4.89895931536279	5.34115609146979	5.29878576372985	5.21217651055536	4.92006198375545	5.12767626067273	5.48142713132787	5.05391913589971	5.44934142851466	5.41557716256047	5.63025018892727	4.90242411032199	5.08145450660412	5.28760389137454	5.36605542677402	5.3462755347889	5.61579449459956	5.23997708607692	5.56989663136735	5.1452676726609	5.37677289866285	5.54122662816796	4.87348954684065	5.00410997077393	5.02854913682182	5.63025018892727	4.87348954684065	5.08913227910819
DDB2	6.40400864143157	7.27503653633617	6.9510878462944	6.47202606759715	6.47190974326293	6.09719812153525	6.10436251021331	6.91657481624256	6.28269372965474	5.75781788840261	6.65903656308208	6.62370806759541	6.96755618573029	5.75781788840261	6.62284274372604	6.3249690552758	6.49111214562438	6.952987187363	6.28243172995063	6.88223185517037	7.27503653633617	6.97726064135403	7.1235996270535	6.77837610373347	6.14750484467275	5.80256245380293	6.44056003982219	6.57698354615911	6.71459149977682	6.90593635208765
DDIT3	6.48077160089747	6.9313656584536	6.33219177105078	6.68006222158804	6.40281640174888	6.40313276504126	6.63559095372734	6.66701560906434	7.06724461962748	6.43545653629284	7.06724461962748	6.08629939850236	6.30030133878457	6.12410376609253	6.08629939850236	6.47884591041808	6.53493599653292	6.62255814863639	6.46282715335426	6.39796832246282	6.30739581005604	7.04937908888531	6.80068364430279	6.77743743603706	6.72875935962732	6.73384954445903	6.12802925771884	6.99354061614443	6.5599238152036	6.44916920669684
DDX3X	6.95412737102152	6.95620524593245	6.64670088564608	6.23205060358446	6.56861663004377	6.42594384424486	6.38683460359009	6.71964627893907	6.15711996958409	6.31991537413767	5.9525661551021	6.12358563172162	6.68139554917124	6.62568573694197	6.59833971337623	6.73390537926026	6.4951612544162	5.9525661551021	7.04312960392789	6.9276383138793	6.72032047754377	6.63065999202553	6.53623485409638	6.41659626112119	6.3326951557523	6.63332852827283	7.04312960392789	6.39506294619626	6.68463224450878	6.20879439452571
DDX5	8.23546925677958	8.04697480624942	8.31953957822912	8.68963942466677	8.68814407549115	8.78873579750685	8.62386777347365	8.12527220482907	8.82291553098909	8.41719286086946	9.04981292825726	8.71540253787213	8.43928447175679	9.04981292825726	8.44881452940642	8.49219562806787	8.2954999613647	9.0377721928427	8.55662927299131	8.26061067726902	8.16406645312069	8.55954263198959	8.703292714034	8.24761613166718	8.70622279896851	8.61303811109767	8.04697480624942	8.7493732667966	8.85305243348765	8.46284451790196
DDX6	5.37486409876311	5.17830780533764	5.58671906279775	5.22375256022414	5.45173525992387	5.96285240645095	5.55055184630335	5.96285240645095	5.22570511679353	5.0441598444344	5.27835672746867	5.41422518075159	5.3004401775044	5.25686954734189	5.05829874938658	5.38056596668385	5.22281220610391	5.40710866170351	5.74824678028091	5.29605417869381	5.59674395189385	5.67509465468024	5.44806633091269	5.5066834890128	5.34626270959135	5.32209429422583	5.35985051152145	5.95899436213962	5.44198772111901	5.0441598444344
DDX10	6.791000121727	6.35991005515844	6.71486979476275	7.22224607826728	6.94874129747941	7.45543228429935	6.85034050732719	6.93953136653846	6.89283579506239	6.92659537737935	6.90340417008553	7.00935890466299	6.87612939659186	7.45543228429935	6.92547064318557	6.91741043756288	7.04218056385537	7.02210150037937	6.35991005515844	6.76155495741632	6.931589912687	6.98056771685674	6.99319102467171	6.77309892193061	6.89776836594058	6.84614588906701	7.32198168074076	6.69884006919521	6.87388058241255	7.01996146187474
ZNF384	6.06525637202729	6.27293381026622	6.49962084295092	6.59317383415343	6.15753240556375	6.19882592098465	6.27513368966746	5.88915978502242	6.41836225997504	6.29974820416644	6.54625028395662	6.23798627019628	6.29832114669177	6.37337466246146	5.90749356912544	6.49218658791006	6.40652216384185	6.47591650180136	5.88915978502242	6.23639874397475	6.31440326031689	6.2542460673994	6.10616659369758	6.66823645427289	6.30030859252409	6.36522153977121	5.91923136489519	6.66823645427289	6.19656287865614	6.10561707246682
DNM2	5.80914052848413	5.98354569902563	5.79887448108707	6.13540609562262	5.98675341669428	6.11608438883216	5.99385490075024	5.54535813569801	5.94435989884419	5.89486962624275	5.9835505145784	5.78828538890479	6.36589603904034	5.80107463304827	5.58976722859764	5.62592554448116	5.8748739851848	6.22486408883285	6.29915817452312	5.59222752406719	6.12720390507139	5.59981908545892	6.24154077680885	5.80889576224254	5.92098929749633	5.8661261075827	5.57739496368084	6.36589603904034	5.54535813569801	5.72622642855742
DNMT3A	5.84531436071796	5.52550577091431	6.28468714829873	6.15929180565412	6.0030855047839	5.51812792376262	6.38260516932433	6.51732251078337	6.11668732525906	5.94960781908483	6.55178608417399	6.52133400484115	5.99254663105088	6.28083529847663	6.2094106737168	6.03001815865967	5.96484617565476	6.1255720882375	5.86422821147354	5.51812792376262	6.55178608417399	6.21649558604241	6.02615367066979	6.12057937449044	6.04359660314054	6.06679683668375	6.16295950796521	6.5171451311705	5.60284956346936	6.08994078092124
EBF1	3.06701568729615	3.48787384949985	3.64457928102493	3.94025168535151	4.26354323793728	2.97635760002815	4.75821973208711	3.74300628901631	4.49650675688124	3.31042426655473	4.12107584376198	4.74659807374568	3.689478666328	2.97635760002815	4.63746024300006	3.68781476624115	3.26482148780276	4.87654323699539	4.5253507281384	3.39366520009343	3.8876315941489	4.3217901201758	5.0048438755774	4.05639072423036	4.09592433947847	3.77927020850421	4.06006987209304	5.0048438755774	3.7190242907927	3.52775135454478
EGFR	2.18631053458227	2.51171142866873	1.870407647862	1.88149987618987	1.93610338271433	3.58331525466954	3.06625887922332	2.74984310177476	2.98614455941963	2.5283944816595	3.05261331305658	2.418420487947	2.20440554085012	2.29707659272127	2.16936134195057	3.32080342341191	2.79103112140824	2.66164844001616	2.6536548204897	1.870407647862	2.74364721021063	2.59642513782558	3.26303257016884	2.79899877755696	2.10797991477576	2.20730575483571	2.24382932903975	3.58331525466954	2.22266645764584	2.42847920036944
EIF1AX	7.42475270251529	6.61045573564867	7.14187728119537	7.85989556023314	7.69373664488919	7.37788665225945	7.42568632209758	7.97058012299399	7.97454909794248	7.32275503010826	7.76229579313027	8.08873013876033	7.70563590676458	8.11293868784277	7.46637852036806	7.14902502158649	7.2826125448778	7.39731994065295	6.62015149716144	7.04651912744111	7.09021523730644	8.11293868784277	7.86253495367876	7.20472027581873	7.63238919351458	7.75824556826968	7.9883242484141	6.61045573564867	7.56230545234957	7.37936030632046
ARID2	6.43249440326141	6.33054970338721	6.55510576351598	7.09090571347381	6.49274083096159	6.69784760831572	6.72353470333957	6.33054970338721	6.87127730296807	6.59011021957183	7.09090571347381	6.94007125141286	6.41645405513144	7.09048530184865	6.47550541818051	6.50957524318697	6.51191366468967	6.97010115706341	6.33950801110985	6.55464603694088	6.4255490994673	6.82361195737224	6.74094294806918	6.84038154516992	6.98510186239758	6.90191594116137	6.5906870019344	6.48132088543279	7.0269307169531	6.67363890292776
EIF4A2	9.32705119825041	9.21783587814972	9.50711207143795	9.16201689080221	9.72265664490255	9.20953129432599	9.51526733960994	9.21081440616164	9.59433975540967	9.49731861084391	9.73128196346097	9.75457874430557	9.3307617852076	9.81387573486895	9.3743507938023	9.38338616637803	9.25156047417347	9.70102412053125	9.37549182246077	9.61273626261626	9.60435180886737	9.81387573486895	9.50998614945313	9.49059659387719	9.58582875588574	9.74271315907093	9.48356755003399	9.16201689080221	9.55070530790577	9.64714933551802
ELF3	4.07840012318699	3.2262792236405	3.51525180218171	3.60734326332965	3.91372666297074	4.3911107516366	4.08613616151174	3.82449876189086	4.46417498466431	3.54683387694111	4.27442575011394	3.48116419493428	3.77517464759381	3.35105671245846	4.0147431103153	3.62884802191972	3.2262792236405	4.58003692266549	4.15713189608016	3.90760287750834	3.57101130535781	4.37002109935696	4.48890135786583	4.32420335446301	3.73283731503636	3.77470608812459	3.39407038937209	4.58003692266549	3.94603178295354	3.75857073983406
ELF4	7.01349022025319	7.22594223592666	7.50711451972879	7.16899084733022	6.90340314186411	6.99791584516496	7.05905671583579	7.04940897928513	7.17484176494248	6.95375916289448	7.34621992877727	7.50711451972879	6.76162000343184	6.72946920866919	6.84112688225041	6.98587704121825	7.06708095026611	6.94841362564488	7.02985669674735	6.82218592780191	7.23084379101412	7.23115974772509	6.74695865574921	7.48208324163049	7.0012081927684	7.05923181314262	6.79266707519677	6.72946920866919	7.12790825705625	6.9713280189381
ELK4	4.07100996840289	3.81021065898893	3.81522747599474	4.16209995350217	3.62192254849855	3.97786968044805	3.66001697596675	3.82201431822472	4.48198650890451	3.77865285808521	4.0535632356092	4.0605293375273	3.70867562333387	3.80826233388988	3.62192254849855	3.77197464450522	3.6300621105381	4.69383908101322	3.91173244113687	3.73439639099301	4.02751247724866	3.92215387995203	4.39150838822374	4.35721020646017	3.78758437973054	3.99968561204094	3.93443706754873	4.69383908101322	3.79707236057497	3.81188021142679
ELN	2.1343504013471	1.89015697483132	2.19145731715834	1.52407631747802	1.97688942264095	2.06596936269631	1.86921390147898	2.02067112117833	2.20129457982058	2.02939361428932	2.69263629112546	2.4050761905634	1.76556211696891	2.11611547168144	1.91177888078305	2.60814346874876	2.27556791694777	2.37373120984717	2.69263629112546	1.54557819390582	1.7150066891065	2.03340480663148	1.98181218481321	2.26160203959537	2.44944107693354	2.14884241520443	1.52407631747802	2.64019179739055	2.15499386071385	2.30933424973085
FLCN	5.44773036824952	5.88035492445544	5.47538057242681	5.40318963437919	5.35593970812213	5.02788425714171	5.48724934292899	5.17112526544019	5.42984382355881	5.2761554427244	5.1988094458683	4.92447884327508	5.54216210166112	5.09254585031952	5.25739562145772	5.58720520252123	5.29958119912821	4.99396662445871	5.88035492445544	5.15406113530461	5.56252301371651	5.21781761455591	5.53724719972322	5.44563461336445	4.92447884327508	5.06095574619966	5.39566784818022	5.82453631233054	5.34787249152571	5.4342184310176
EP300	7.31214717251338	7.09204362165574	7.01204662524194	7.25273163191295	7.04727310532485	7.49426304708005	7.14490992201162	7.01983999683083	7.10701194465523	6.89450741683869	6.7924189666122	7.47385977898589	7.24721595014896	6.69772263388533	7.01954289348316	6.69772263388533	6.86875111359606	7.14811058833632	7.45456360063073	6.88748381825823	6.90678323940098	6.97133222863272	7.25174871739146	7.24117671635145	6.86711828521541	6.81625233430004	6.72726186037418	6.86626403755973	7.49426304708005	6.83469447438497
EPAS1	6.54611460923133	6.41012276664755	4.59446520400821	4.4665272252816	4.56984207012794	5.60519038763005	6.16012557466444	4.60529456925676	5.44435040779255	5.95546803113476	4.88863853213777	4.67563287672723	6.41932088113496	4.4665272252816	5.18904087249062	6.08577495311977	6.40215173577864	4.57293328934907	6.54611460923133	5.56143408995612	4.87312276268992	4.88899750720859	4.80523624147862	4.70095213083534	4.5720413002246	4.96902930503656	4.96940588439299	5.4141973928355	5.12941582714904	6.52445690412937
EPS15	7.75811081457398	7.5250990533687	7.89143207564797	8.27884023171032	7.64284975565231	7.79799785810411	8.09808507941873	8.12837833174324	8.0318542200403	7.81982803433933	7.46752807715193	7.92941048880912	7.46752807715193	7.83675480161472	7.62445590436312	7.7120241474124	7.58440296114464	8.02119137768266	7.92853436659976	7.64531172261388	7.73950996422392	8.27884023171032	7.84035142558063	7.92323829001234	8.19604700190541	8.14193348472111	7.85473954959447	7.57275924611706	8.11767587033104	7.81765903963732
ERBB2	3.6410408591724	4.00095149505256	3.78171971859174	2.75580814874958	3.31561646155264	3.96948361600652	4.34876233012229	4.33446622634717	4.3083545635143	3.50572210597454	4.17264344384006	3.8886132857684	3.72579634859629	3.45409661727619	3.99929356030749	3.27047048732139	3.83144253319976	4.41955698255586	3.73954059672142	2.75580814874958	4.3801971568523	4.175006526665	4.2229006553841	4.00565264727766	3.38297417664577	3.51746200336093	3.63432507822098	4.41955698255586	2.79977909227133	3.50116696042745
ERBB3	3.37307760645089	3.62954052174833	3.97076540271254	3.29182931777374	4.08303848635517	3.91434841336567	4.0623624697163	3.28617845858152	4.13383375420179	3.23612679026529	4.25296117871435	3.77705919153528	3.40791872101947	3.63118025161476	3.91155223899963	3.80385438464413	3.07114173006983	4.38685862627222	4.05024087177559	3.07114173006983	3.45699636901872	3.8324008976117	4.39161037140673	4.14012781451584	3.46834486723489	3.49161735846529	3.3661578373742	4.39161037140673	3.79633876522549	3.91122772039195
ERCC2	4.95907981814008	5.09121290560658	4.68284559474449	5.15161348326759	5.05969441560054	5.05706204861132	5.40257030535856	5.21484179114898	5.27535635235145	5.09218591160248	5.68853008606964	5.66238338574095	5.0703920834614	5.14687789632885	5.1627925448891	5.13962741823775	4.84170101884282	5.68332011655008	5.39628300536487	5.05057325869997	5.68853008606964	5.34018528152014	5.27675645881838	4.77840975675294	5.24642330327687	5.07700563191743	5.40625979570511	4.68284559474449	5.02623453002691	5.33901306501047
ERCC3	6.16603772792368	6.01151626787735	6.43537598239856	6.54299734163013	6.21053325349758	6.05536027112315	6.41771019978035	6.2119030975319	6.62473121503098	6.18360180943163	6.72161358894103	6.77195051181456	6.1867150520276	6.35220186152819	6.24915269005943	6.01151626787735	6.28744821003748	6.67661965868045	6.41282367035939	6.27289631967164	6.67472329461797	6.58983178210574	6.16506601680447	6.77195051181456	6.53682857900333	6.58621691613719	6.39217351982601	6.50370957273823	6.37220428636331	6.16947600715783
ERCC4	5.32318685734321	5.26246255868705	5.14265735992768	5.44446510979893	5.47705635796894	5.51289436458739	5.28194050986061	5.11457947342196	5.37598105578616	5.24645248012241	5.50675032540777	5.07735981845084	5.4695314533301	5.09674300068625	5.25589502591168	5.33616531962195	5.20959968431882	5.24084021447855	5.07735981845084	5.16470596122524	5.35387888840667	5.42310402525152	5.46753577307915	5.12467724755314	5.27588709590743	5.18376352282927	5.15063027004653	5.51289436458739	5.35398767464129	5.1987699738331
ERG	5.20583166948925	4.32710935191212	5.95159137710487	6.67500747347456	5.52520096573321	4.70373185479038	6.82448892464208	6.46008519541062	6.41946688884363	5.48348761460275	4.32710935191212	6.82448892464208	4.38255682013382	6.26170067028294	5.83035902933681	4.87260223567564	4.74603799859687	6.12915138901151	5.05251235499333	5.264820846925	6.3088687334523	6.80558684170545	5.09637520455963	6.74224851573654	6.26296019333153	6.4801473615616	6.09312441929355	5.67482153877228	5.26087535301716	5.78119980649027
AKT1	5.74061577993936	5.83624983437357	6.07285063941148	5.75300297845814	6.05151362926022	5.54700512040098	5.71466396165435	5.59476113665111	5.76462312930223	5.52852693948056	6.27287692721034	6.14524206409863	6.13623397527113	5.8548649320741	5.82952174957982	5.8414308657345	6.27287692721034	5.98557593641516	5.91437406066698	5.57860441921719	6.1887784578875	5.94447556114535	5.41959051516541	6.19957502025549	5.66679378143285	5.56373250752878	5.94712031677283	6.05531662420906	5.41959051516541	5.61293528688801
AKT2	4.74230845881255	4.62348318133377	5.23005600881183	5.25775288998751	4.98056631359311	4.77983709321972	5.17117451509723	4.91514093115684	5.25070794249685	4.82711067680581	5.28311425919325	5.15614165622999	5.00486512641899	5.17591697387439	4.76508665714061	4.6700670564828	4.62348318133377	5.23842126262235	4.86581688760299	4.78877833024989	5.28154364242214	5.1872232488727	5.12606598279049	5.31284693645422	5.14240488270387	5.30170800200192	4.89295213083665	5.31284693645422	4.8122734020805	4.70373960935244
ESR1	3.79199260619091	2.61201790579169	3.40474542140701	3.96840792819801	4.03969913757291	3.87070764148004	3.71405092748551	3.97087834792921	3.90108580509897	2.75023605708019	4.01672349050267	3.5368822952356	3.6436296430778	3.8772147039181	2.95113991412497	3.14935463124113	3.28768375866124	3.11970064822382	2.70043004745763	4.09073127864862	4.09073127864862	3.38934484266858	4.01294560469054	2.65373526521816	3.90897882074466	4.05786563163739	3.47103191413179	3.66444753298281	3.45549806652289	2.61201790579169
ETV1	3.31436494635901	2.96779385086612	3.54896257739376	3.57050798241849	3.22878815003645	3.5844212817381	3.95269364874096	3.53416072764302	4.18260261206701	3.07464194360558	4.3568190032173	3.85274666615755	3.5445596834091	3.99744600677144	3.10325786773745	2.96613917393654	3.32059380940832	4.09553680379236	3.91861519744208	2.96613917393654	4.15219819709738	4.10810495663862	4.01677382864318	3.94364199794891	3.42970402644403	3.65045286202771	3.27370103816708	4.3568190032173	3.50752346834096	3.68615682528984
ETV4	1.91726906822367	2.41026884975377	3.58206255712492	2.91792652080683	1.91687522799715	2.35074542036748	2.51496450308023	3.68729646296566	2.75031448309594	2.42566780712089	2.97941400934884	2.32410193610448	2.45991132313761	2.59682878383407	2.78253050758323	1.91687522799715	2.05860551898848	2.77130861167947	2.51065165533913	2.21870169547688	3.68729646296566	3.32676559193982	2.29069760715902	2.0925579907037	3.14070133467402	2.56816255800078	2.12529972912226	3.46582999381818	2.09574226583043	1.99762521131078
ETV5	5.8692798948181	5.88023077192238	4.35398456918673	4.5186935777125	5.12034554648478	4.41878789904334	4.96274103843977	5.88542039560037	5.38796255632101	5.67992849785555	4.46025718361549	3.11911463011938	5.96075374398099	5.41218441649713	4.78620174594917	6.14752151614381	6.20796396571156	4.93601483357124	6.20796396571156	3.11911463011938	5.46156363814967	4.73598433496844	4.53988258356694	4.09881308255089	3.56162726585972	4.31733316984081	4.19942064994746	5.98374729838089	3.36223963085452	5.71428678330619
ETV6	6.92020521889083	6.80674460334192	7.0598901574892	7.58236529306054	7.19384826588615	7.37631138215483	7.47411541521413	6.69589761626928	7.07707198851719	7.27375262870587	6.96655407155922	6.78963354981178	6.86113149194719	6.99305667347144	7.12956262245728	6.90213019249871	6.99236581802012	7.0579838676674	6.69589761626928	6.96743946880589	7.17140596807328	7.58236529306054	6.88914071272536	7.37597220503463	7.02804376614485	7.08294275388987	6.71778773187039	7.42741028014805	7.09113906533517	7.16858366409468
MECOM	2.24259543659096	1.33212269837292	1.48109991743758	3.39067179342275	2.5152317319945	1.457892002676	7.30040786264676	7.30040786264676	3.83841228830254	3.02475886085503	3.23548693754419	2.92468294604088	2.02022559515217	1.33212269837292	2.62714803577929	3.39690592600688	1.65921821620141	3.91155012616235	1.70239038008826	1.46273627250455	7.22170128118706	5.97148918754111	4.25566013279487	3.15488486928203	2.78104916280058	3.44245414997767	2.86210257984051	5.25361888166735	3.08729697743694	2.39417019919961
EWSR1	4.95157387155899	4.97301456550717	5.44070529465366	5.32731116728251	5.23855848025401	5.29306288639941	5.14013460453996	4.95914299348357	5.37522742802242	5.46156589013363	5.3935015141538	5.4289708549806	5.16024644757793	5.53420213273843	5.33305250134875	5.1376992564607	5.16657887207023	5.24037047769139	5.34789910743513	5.36945640022965	5.66925787178978	4.95157387155899	5.64501806378296	5.59891592614807	5.29358818099447	5.36309513537579	5.4089878226854	5.66925787178978	5.10724316633943	5.16113664250487
EXT1	5.89270909686574	5.10149339341535	3.13001585196912	4.29936732755989	4.50613573513231	5.24595093939104	4.19387947557471	4.26473373714544	4.34502780983774	5.20831530706264	2.84886197977706	3.67327030790781	5.34904520908063	2.84886197977706	3.04949421626127	5.40521631730843	5.59786077097633	4.63135739236056	5.89270909686574	4.88572143213117	4.67671133053743	4.05284871097889	4.03688609793211	4.82855388651009	4.14580784756838	3.75685287500983	4.80829300450998	5.81906004803834	3.77952976298801	5.27506516136238
EXT2	6.84894352570565	6.89421382787371	6.61580802658914	6.74174967578031	6.52514320743675	6.04148220394091	6.47658791106673	6.11502849361509	6.63190785793651	6.69518518866962	6.27386996692635	6.8704298296336	6.83332663778277	6.53453614259938	6.74374418840648	6.68714360893459	6.58927975760916	6.6561114253494	6.01810545947983	6.43335192982485	6.14258053083011	6.66390908696299	6.35882938991331	6.82948245854266	6.89421382787371	6.85750859277638	6.35897029789816	6.01810545947983	6.4811938646528	6.77247563823157
EZH2	6.91210198069934	6.69127138888641	7.37195547194941	7.33016413844851	6.65484172461317	6.89581585178543	6.87031219184654	7.50839841470718	6.96223828923	6.8907370236259	7.15100237158737	7.41089530113291	6.67228759749695	6.88226220978791	7.14342406842577	7.29896753480696	7.41808333470189	6.90046576342015	6.66647436183935	6.8765876261217	7.43064071780558	7.14126095638229	6.65484172461317	7.47900219961833	6.84401932136472	6.85205292634899	7.50839841470718	7.26854028650341	6.67051493417384	7.01813261085538
FANCA	5.03929751596592	5.17105787264758	5.3085813981053	5.69484921672616	4.57619019455718	4.57680017206706	5.25516579352682	5.30466994009153	5.24440172102736	4.90901786314394	5.56875085221188	5.38519149804164	4.57619019455718	5.09684479486562	5.46714423448466	5.03670489347584	5.13223673093936	5.06006270771392	4.63597684239841	4.96392741507904	5.62516110431045	5.62937609665456	5.13533373305362	5.52844494187673	5.07588497823198	5.03887325436209	4.86593161917723	5.69484921672616	5.42133477173901	4.67684343272605
FANCC	5.06675782189652	5.33116647645692	5.04295423371413	5.51323145455125	5.13645321181264	5.49453711428005	5.28812601075211	5.42289684070926	5.50314972177292	5.3864077577543	5.62842938752407	5.69201963929312	5.11997598334405	5.03056700586361	5.08211549406016	5.60676358311053	5.58359785136243	5.37047273689007	5.05062505828726	5.14932632639946	5.68334430198261	5.64913660997197	5.61255949924113	5.2614153691818	4.94951896265089	4.94951896265089	5.43531491712303	5.69201963929312	5.24766053380151	5.32535401929544
FANCD2	5.80005636430312	5.5069022561746	6.05537631098702	5.99068068119533	5.65306222026596	5.93383162072605	5.78390247524483	6.47073180048355	6.25007434640039	5.6830122806186	6.2751365498461	6.20290357642064	5.58700854304257	5.63213215928273	6.09856289372362	6.43349660226179	6.1335011914802	5.93299215829652	5.5069022561746	5.89347840740347	6.47073180048355	6.06265269699762	5.83326729679303	6.40621889204051	5.85385435145326	5.73637638444351	6.45311934321721	6.42301640936787	5.77881280243927	5.55900232592675
FANCE	5.60387996640708	5.11458263592592	5.15798137882892	5.91536561391549	5.66414469015266	5.46217338014268	5.87175756499072	5.9070419772007	5.77936333341748	5.81726410675701	5.92427789675355	5.8441479291485	5.52711111592734	5.38424317290435	5.55957717436687	6.04141268548896	5.34861354476671	5.72192752509187	5.73302839579499	5.51331017893636	5.97521859228567	5.92165089076636	5.7650707159437	5.77550629794878	5.82367560445449	5.47406294534908	5.6386808494582	6.04141268548896	5.11458263592592	5.58734114664707
ALDH2	8.33806012330984	6.86164183070322	6.54880721276635	7.00943758988263	8.13252441015661	7.98047766138706	7.33640164456839	7.987858784137	6.20254972197932	7.59016319458048	8.23859647031265	6.20254972197932	7.62167253297085	6.76116960073932	6.44044151991271	6.71431771314204	6.53620076262192	7.31772556603052	8.48801322552917	8.48801322552917	8.34472465454144	7.28197722592729	8.17150618582119	6.59097175699112	6.69870425583527	6.52266239564133	8.10247837189936	7.56065713144248	7.77058208739491	6.83045212979656
ACSL3	6.97496048507873	7.4605895154728	6.6765092453485	7.14826682517413	6.89608996522089	7.10510957365938	6.83959721170316	7.09987112296979	6.81097998974132	6.80924377106475	6.77067975307809	6.93212958767971	7.15247325097975	6.6765092453485	6.97390169211691	7.07247258489005	7.06064534953543	6.784177030997	7.4605895154728	7.1021294628009	7.02058691383659	6.93390694900455	6.85207220910433	6.73561963768459	7.07478853300054	7.09428687934752	6.81660208448781	6.82355327519612	7.27965428239052	6.85166158879309
FANCF	5.67926719828326	5.46778211059822	6.24179819920296	6.44246794550255	6.38226027977372	5.40632378934327	6.18353412698178	6.17513668104971	6.29176462015183	5.8132475850198	6.25118694625732	6.34546602827523	5.49964853245235	6.4715019309366	6.1674436661694	6.02384829700229	5.792407121204	5.98920180334714	5.40632378934327	5.7953579690868	5.98194542180229	6.35264945027511	6.23242605493848	6.4715019309366	6.20829982558985	6.32132828496487	6.32279789488511	5.46169888485682	6.08534568070222	5.87046362579353
FANCG	5.8599751460055	5.89129813148877	6.25565187371336	6.27184395555394	5.98173421908767	5.96301131218625	6.33486139214689	6.69658366032062	6.21601343641324	5.96703031826407	6.73715474015675	5.82984277046889	6.33419318586475	5.7946412589276	6.20490487595803	6.21023077011004	6.18817630004167	6.48129936022837	5.79424860086741	5.79424860086741	6.73715474015675	6.41763545180423	6.13502945434743	6.66568563107607	6.19529273118056	6.07787500794254	6.38162659616423	6.68443613646406	5.87588558970083	5.98582556352532
FAT1	3.43654864729315	3.3956705069081	2.35290068381107	3.50599404526851	3.69144002097072	4.19474366571731	6.48787779425759	3.65542944490088	3.81269644458635	1.69535878056391	4.59587901998729	6.53475770633054	3.51196752877691	3.97788264918389	3.20325531582153	1.69535878056391	1.77349029777697	6.53475770633054	4.76097392505687	3.00411766611992	3.58962019469547	4.50003962622963	5.32417921270727	4.49871446193415	6.09226845387063	6.01518689191385	3.1989677131678	5.30890120407003	2.49823735095437	3.12021041578482
FBLN2	2.58964823537171	1.99670665610253	2.13898035625131	2.52866406468546	4.36786577268589	2.5300007625812	3.34434076810099	1.92507505628036	1.94731127052582	2.12604065870858	2.77551882780387	4.0159746029603	2.12184221108777	2.57633168733225	2.76815163240263	1.82686824560814	1.90809017633261	1.82686824560814	3.20944944315126	3.87593331565734	4.36786577268589	4.3200414103682	2.49761895698316	2.37373824112732	3.71016361223869	2.4686692891205	2.90414600711784	3.09144585087382	2.43922826149997	1.93982251570869
FCGR2B	8.87793532157839	8.15362458929686	7.9021262824138	3.57596557756321	5.78149122689976	8.83165273384873	6.42662702437405	5.91155692715514	5.96301184506573	8.22926816615095	4.65753781698551	4.6765625674152	8.87793532157839	3.57596557756321	8.24050559802136	8.26268398721313	8.20371255733025	6.91494593843983	8.87528300721123	7.13827001388472	6.55388084584031	5.94388879284669	8.12005760062977	7.08766843849493	6.04189954180478	6.1099360036242	5.41992475613373	7.72378346990298	8.78302703927367	7.88914052611351
JAZF1	4.83764237258608	5.14243578700229	4.430148206217	3.67020767668773	4.19276542470382	5.64395924350671	4.85144845086136	4.47264433620859	4.74313446106572	3.90714954475865	4.21601912072365	4.75914213722164	5.23080175117829	3.82756105513584	4.31627824057578	4.5445682669243	4.32595871269086	4.3865996266032	5.00729814746065	4.38833228413189	4.75203248813701	3.67020767668773	5.64395924350671	4.76512653783235	5.4481793313318	5.42844279625713	4.19534667446969	4.86164604290429	4.18754079993286	4.06439825400307
FEN1	5.87824922162452	5.7788683123198	6.21687362475083	6.09700696081381	6.20283588681902	5.48846400358852	6.37312186038762	6.95588944213942	6.01960053304109	6.07424642021852	6.27276285707406	6.69203065082259	5.71334462989847	6.55189851915556	6.14832636932636	6.55537280651298	6.49413505506019	5.90526780191349	5.48846400358852	6.0977515223184	6.8655194692264	6.19988490292495	5.87759899843789	5.89290332647659	5.67789674727241	5.75990713072755	6.95588944213942	5.9604127324777	5.63152573378124	5.96358956717621
FES	6.47542278550263	6.5217303740651	6.90205729419451	6.74846973237136	6.44913049575698	6.9673666048043	6.10084614408667	5.97108110312312	6.55462039178646	6.59388520996211	6.78256011127252	6.86407514172841	6.70125369065535	5.97108110312312	6.56990575456456	6.2691333087732	6.47454427459082	6.61003693580712	6.61077664442753	6.50640726451737	6.83011703134068	6.59942350385937	6.67583769921622	6.9673666048043	6.66179899048014	6.42774949071017	6.20760283172228	6.79061828566815	6.54376480400779	6.27385036491457
FGFR1	5.4319915031579	4.0348759299244	5.20785756206746	5.15664598050061	4.72845249326271	4.70447501659392	4.70505901000831	4.86047122784337	4.66873984149772	5.39974393708751	4.65206005619469	4.05255582394963	5.7323103820364	3.92261052116657	4.7877374841099	5.70959274765718	5.70819584814322	4.47560453026876	5.12137522966666	5.02028661132871	4.42939909146749	5.13246972779542	3.98229401161574	4.80600856750258	3.92261052116657	4.2073123006299	4.73970822113189	5.7323103820364	5.14553499660901	5.0779109773111
FGFR3	3.70409716040936	3.74564429085672	4.12861434189991	3.53239746854863	2.31568159959087	1.87239392526773	3.74986892888777	4.88281343552866	4.12924206310621	2.015368107737	4.05984214096092	2.22861684385698	3.59052322307575	4.30085124448776	1.87239392526773	2.79604395637323	1.90955232342355	4.2558472809092	3.66735991856025	3.43886168862919	4.07318245949891	3.8285398776118	2.88126723585716	4.55629708279058	2.16208619639777	3.63762322764677	3.18289593173367	4.88281343552866	3.0375898045368	3.7615718418996
GPC5	1.3792121282054	0.741337380994444	2.47406893629669	3.03622912181734	3.35912175558169	3.48687789762408	3.22434476872639	2.20537876631235	2.81463262832479	1.84410643369221	4.23062385592827	3.35642375073513	2.98027610001579	0.960555743343129	2.84922773829359	3.50087686604979	0.741337380994444	3.89797228907258	3.60331120267534	1.29834124384189	3.27162646716424	3.8897376525582	2.98120524280115	3.74097064440499	2.89772819733345	3.23295588124262	2.06388008165315	4.23062385592827	0.935426183031688	3.24109876978558
FGFR2	1.85664143983528	1.70586987819918	1.72369830758484	3.38989242203079	2.02738014835055	1.69667361257669	3.87874625414615	2.38733445396368	2.60080028373069	3.1026756650482	1.67167513015754	1.89649540527719	3.41125007410855	2.39082199473798	2.17932037394769	2.42469825349345	1.56765723773082	2.23052203199587	2.08874929666072	1.55503082734033	3.84768447636852	2.2246659854199	2.04313911835271	1.85826364884872	3.29415389910159	3.27953776090477	3.87874625414615	3.14698316802914	1.55654500264502	1.55503082734033
FGFR4	3.20405076435399	3.4844319731098	2.89562757220522	2.07792124190559	3.20425300632116	4.05656484634562	3.13993085413463	2.72445343843795	3.42256845448602	3.41886590232941	4.07453850218466	2.12309272789907	3.87891326490681	3.55090819904987	3.32747644696236	2.35129318156098	2.12103621943356	2.82900754102704	3.79528246343905	2.07792124190559	2.92655961517992	4.07453850218466	2.7132639283005	3.76589557621712	3.03929348871457	3.71065560070369	2.50838936140104	3.33462006113258	3.35419069316063	2.12903829113251
FH	6.10861872254991	5.29771268946644	6.07726008847592	6.12687675852809	6.05571807670424	5.9715341045821	5.833008666739	6.4324278596463	5.59931484544212	6.23814103996496	5.87930928580062	5.78306031271281	5.11421044579439	6.12096365637919	6.31631099288269	5.73197695843256	5.92832153723397	5.04872731797841	5.04872731797841	5.85388301942477	5.6131077387017	5.88529892154237	5.79798694814045	5.57282463057702	5.29621756507383	5.63051047379934	6.4324278596463	5.62079517587111	5.87722710265541	5.71034029257205
FHIT	4.79513414044673	3.67966472595904	5.22840545020399	3.67575344888434	5.25129383364319	3.57470778302291	4.97732862916601	5.25129383364319	5.22707784848337	5.18905918186469	4.49600407744875	4.79402902848463	4.48307669112573	4.9991627325604	4.34264816064352	4.66553106532598	5.00430797661264	4.99606447082558	4.68293338592662	4.61678109128565	4.09167828509898	4.47120623658178	4.96188721847049	4.93192672530807	4.98948710238212	5.251065338151	4.93188890605212	3.57470778302291	4.32216405079769	4.62823573138843
IKZF3	1.41272851607398	2.91858881971773	3.74466706631132	4.07868240208452	3.28552834146589	3.740069850651	3.91690871871322	2.76117631853403	4.22097366958277	1.77056392590896	2.20200644429625	3.12189943620865	3.6740364790591	3.64924505116535	3.66692840584285	3.61320886355454	3.51785221729731	3.57532125077985	1.8817110459022	1.43388480266983	3.53949116986341	3.96304247057763	4.23486512502433	1.50019473662102	3.66362175673654	4.04887471654541	2.8782356201829	4.23486512502433	1.41272851607398	2.99523384794401
CPEB3	5.08772701874422	5.51193396512746	4.78422682139762	5.13654099032787	4.55811647964564	5.67172303733537	4.58951690268254	4.75278435048071	4.87928605089563	4.94014280283075	5.0682496974068	5.55106554119836	5.38260518886951	4.5484097425415	5.22104939685535	4.79732876967142	4.76062006298245	5.31342870548474	4.85241766755657	4.81300165423989	5.08367644688514	5.37697210252932	5.30711821188178	5.06650298524243	4.88644956518009	5.09753919526869	4.5484097425415	5.07782060074446	5.67172303733537	5.01180754180034
NT5C2	6.69145231081412	7.029930928882	7.0232914787805	7.59344027005364	7.02677005645924	6.91205812682354	7.29221130444235	6.92216121239853	7.2431123527397	6.94206085077176	7.49296286009124	7.32247120712407	6.94999731973606	6.76936428444436	7.02011332074252	6.97906383519711	6.92183985272031	7.15624190621719	7.34164674516222	6.69145231081412	6.98705883663217	7.18808529401034	6.97833632559071	7.59344027005364	7.57595510034788	7.53756429739545	7.00944391543559	7.38814978000539	7.32330345433122	7.07917784838208
SPEN	6.98016435946674	7.15469494827403	6.9576310081033	7.41373652546686	7.24412734614273	7.43813303820904	6.96807753526426	6.86261879187815	7.16111994577463	7.08622088741477	7.05493292328412	7.0236937951659	7.08955447085874	7.10058729315549	6.86653412832402	6.96458161293477	6.95197628362761	7.33321152054795	7.43813303820904	6.90922794075425	7.07474071570256	7.22324651787759	7.18991108420628	7.39581444330925	6.86261879187815	7.11403125062559	6.92384036625451	7.41377722032265	7.13740017114312	7.125192708174
FNBP1	7.88577230768985	8.03785388676933	8.41473231348188	8.40096625867974	8.1079957309167	8.15383064818696	8.1875647416296	8.21544915997654	8.33079765680882	7.7919422483866	7.69452399315062	8.29216608362158	7.79949315449737	8.16475985359138	7.70976384568891	7.69452399315062	7.85242210860979	8.32742911478027	8.12132865083841	7.98693473703444	8.32595881635819	8.42042409928307	8.33843696023887	8.42042409928307	8.41988304130062	8.38559787877527	8.30098515059334	8.35159375270364	8.04883257778247	7.86573896537786
SETD1B	7.66401710122267	7.81032335061294	8.53773868240501	8.32980588903488	8.24150480364877	8.16188111082048	8.30869292677328	8.24442151789773	8.05957075130918	7.917616029879	8.70053502794441	8.40421103100153	7.88486556043833	8.34918850190924	8.15706557287305	7.7430211596791	7.86384960047413	7.70951505571381	8.19324281796066	7.77489391739924	8.61431575026556	8.45914549808914	8.01155742156673	8.70053502794441	8.44735488420241	8.37717456333367	8.39372576930511	8.13787935253246	7.66401710122267	7.93723047022447
ERC1	5.53627331124397	5.58875479189028	5.65704021708512	5.48103228130642	5.20846378469408	5.69568095947513	5.55493479927297	5.56535058373449	5.5668175627416	5.46579833763193	5.50072542460171	5.40189265020283	5.58541204859889	5.42026267039151	5.35307907994003	5.40630443295797	5.28312714168971	5.5412535711982	5.7674602892016	5.40331286086312	5.59408145552017	5.68980496969299	5.53017988569501	5.49103961375146	5.35958185248068	5.52165226210096	5.20846378469408	5.7674602892016	5.3387147446499	5.49342880485218
FOXO1	6.13149730437152	5.15948381857315	4.84379972787722	6.2738595102783	5.80203647944448	5.83867850717343	6.17664810103132	5.56170058538034	5.22833452176174	5.91662860214152	5.59189149587753	4.5285036448322	6.06394255479292	4.5285036448322	5.81447209188684	5.89956826051784	5.88654806261142	5.20136075762074	6.06239993591404	6.2738595102783	5.80151600899741	6.03668380090268	6.02645293761277	5.0953091150584	5.86297950119475	5.83994398635338	5.57946704802153	5.53576535977883	6.23743354388259	5.46460705541256
ARHGAP26	5.97799768804521	6.2070249417168	4.9989076436751	5.97912760691126	5.251354448187	6.50980225558923	5.13937232920947	4.71359419147728	5.45185609770927	5.94755362348333	5.86456998863734	5.21731495956148	6.24013530599509	4.71359419147728	5.66905897850734	5.99126790894847	5.99223751133055	5.3517282603025	6.50980225558923	5.69807512265124	5.6161226834465	5.66944789617984	5.77964083035455	5.69361911370182	5.07114163768597	5.08825987024508	4.9189567011153	6.1928614854238	6.04715665183399	6.1384572204434
FOXO3	6.37945301352978	7.34890374514384	6.5153286593301	6.68274795426312	6.36569906089146	7.14900099789586	6.42796327416838	6.60699128782657	6.74908980404251	6.3747178140583	6.69950346020365	6.83935852214912	6.9699830536269	6.74244667398395	6.50809835265319	6.49107990828716	6.43216721314787	6.82268463221539	7.34890374514384	6.94959244236346	6.95397858538029	6.89692897395763	6.70964123027829	7.00749446358613	7.00435058502854	7.07035502509094	6.36569906089146	7.31591663877391	6.91478312592816	6.55656979467119
FLI1	5.95762758089119	5.6976135923801	6.07476658229079	6.54913823062119	5.99026229365501	6.54913823062119	6.25482566983364	5.84189914480584	6.32675548105017	6.17974097787166	6.33873552094568	5.8834944780305	5.62813203550669	6.0558583912595	5.89872019737206	6.04711411134764	5.80685924271521	5.68264021396009	5.67673302833111	5.77667157272747	6.07494614340184	6.53612971445437	6.04929868489775	5.98615720484317	6.04349196920469	6.4053321659148	6.23070271195932	5.62813203550669	6.10613851964009	5.92528645222029
CIC	6.05838716806418	6.24878451563606	5.60442374433015	5.9951489144623	6.00956009701155	5.68313144787699	6.0335292353276	5.63680673234749	5.98211232608845	5.92419671231199	6.24203948284405	5.93296402255244	6.32922162265354	5.73045607525732	5.74922331305464	5.92639856298063	5.61851400099327	6.01263432039917	6.10704292913057	5.72153470741442	5.8756532801414	5.6550177889752	6.00226029987243	6.46388261668457	5.76401930968542	5.80514696602066	5.60442374433015	6.46388261668457	5.72668149484697	5.88854976456402
SEPT6	7.04415246754017	6.30918902274546	7.89048060174479	7.74719993455081	7.10141697043744	6.30918902274546	7.93174979612345	7.90859523279606	8.05903389939051	6.8075114740984	6.76944904096132	7.59262470067386	6.42813952211674	8.05903389939051	7.33602292103813	6.66668007390665	6.74932485160155	7.66639637693797	6.3819375932516	6.33879247562676	7.66442806915519	7.73083557296739	7.00806686538757	7.79444084085832	7.88092323903472	7.94326875033503	7.67790340415412	6.87762806538121	6.61768818720411	6.69910167999978
FLNA	6.64417738910611	7.25651392685396	6.8093682312276	6.44046941599765	6.75026720423931	7.14684775552676	6.57392444941092	6.53572827793117	6.97051920105565	6.76268744173788	7.27217241941102	7.02027409104269	7.00038319673394	6.56708528385308	6.55520733449939	6.73563828022203	6.65928801731309	7.26796011491656	7.17474616452933	7.1733392486962	7.00839630178609	6.86964869419181	7.18702712332576	7.23441013676035	6.8639866410302	6.85304480112778	6.44046941599765	7.27217241941102	6.69595242937991	6.6735326182739
LARP4B	6.62549924191847	6.80735054059987	6.81749627066333	6.5240859181816	6.63030458796216	6.76284372827002	6.42583910477189	6.66927900221566	6.54484501571808	6.57625599220932	6.47055141504581	6.42583910477189	6.73054259483335	6.67376277859269	6.73400580300896	6.58211858271426	6.60550358266208	6.71117278653734	6.7672997318665	6.71462520345702	6.87916802048444	6.82995444901654	6.63751141894801	6.81130752023725	6.79038205097488	6.87916802048444	6.83912986818858	6.43122285517862	6.67889657714369	6.64907183895153
FLT3	6.8270638695984	5.4587810584669	7.41701952537952	7.50569017851932	7.94001756351247	7.14430925284352	6.66276235546385	6.53981761416293	7.8837122935236	6.93963375446712	8.28239619925301	8.2317253226115	5.49876263500613	7.84447066718807	7.81812436596083	6.88103369270162	6.88153354586254	8.00444622096703	5.4587810584669	7.3751732580698	6.62057690749098	8.28239619925301	7.75599436114851	7.45614784550254	6.21334368046149	6.31805004958236	7.55656190067153	7.62431364416247	8.20811692501802	6.87560209317417
FLT4	3.30520243783104	3.26708570003536	3.90372428338343	4.37510959809492	3.43971297271557	3.432494350509	3.64909689399524	3.76495928846986	2.31943547093799	3.15618709539624	2.21260847281993	3.86284071701323	3.11960484124621	2.60053243548896	3.70049292665732	3.74997303262196	3.44583929824891	2.21260847281993	3.55347643942874	3.46267323553863	4.30672757317949	3.26339872050568	4.48208271200592	3.49990108496255	3.03509845504005	3.4685349433438	3.35603860938978	4.48208271200592	2.6069813328446	3.86316493326628
CAMTA1	3.95436919902751	3.74599471181778	4.26449936947148	4.25322580878435	4.50904331136006	4.72636559043524	4.40738507774329	5.48570226929749	4.59142308119421	3.55976499893467	5.92893644465394	5.83083629365025	4.63804797878582	4.21443159595396	5.09108205888623	3.54027229372978	3.54027229372978	5.02842716851389	4.89614312147025	4.70977795074119	5.83903768287576	5.08385592511432	5.70091904441103	4.31195299857695	4.34967687375563	4.49115053643764	4.40752050153108	5.92893644465394	4.7035237369717	4.30792151171959
ACSL6	2.24870254252778	2.807653505335	4.14103525148405	1.6762927214705	3.45366225208231	3.22103262063085	3.0324987116171	3.23587781099896	3.83457163512584	2.90372157927103	3.34793317590417	3.68929942904078	3.22403631376922	3.43335036377182	2.74408823975556	3.43031931739635	2.66784956896461	3.775998272788	1.6762927214705	3.60977785437126	2.17411826390388	2.59998717867707	4.26283591828958	2.82405794650787	3.06650382898652	3.12128164157658	2.33288394506298	4.26283591828958	2.61996867260843	2.8027649485058
ARHGEF12	5.07108073272665	4.27536310678088	3.74263762815863	3.3654480494874	4.64849896518888	4.85942316397398	4.32147671351656	4.4853467202045	4.12532106034132	4.86927688163429	4.25761154321853	4.96989248844128	4.67617777509635	3.77262589936059	5.10581219447553	4.71918273504002	4.81001132648967	3.3654480494874	4.19190018449587	4.91045485571298	4.09569360726267	4.75735719273042	4.42391608915153	4.51665566806828	4.15898226708191	4.02426255664875	4.01774888326891	5.10581219447553	4.02482745409062	4.83371716513998
CRTC1	4.51049831972057	4.36360642499298	3.87806007131612	3.56595004096656	3.54147567096835	2.85519620040586	3.50464267499514	3.16386980896911	4.50410388745528	4.13595437333045	4.42705387072068	3.81255633111125	4.65847414359202	3.98805273218236	3.77044307226171	3.8032805665765	2.85519620040586	4.31597741230525	3.87031131776124	3.50631985712788	2.89702003171769	3.41802787985165	3.34884045288433	4.65847414359202	3.48038702761649	3.21364163406004	3.7552401968391	4.46651654859801	3.08351596245065	3.12534763630362
DICER1	7.56508077178252	7.09463036897916	7.05836536949332	7.39194451842735	7.28118316624228	7.20714209892275	7.2260568210975	7.05222593280332	7.40945028499081	7.12745198417434	6.95135926929202	6.95135926929202	7.92943168397233	7.54058632532162	7.29939400630543	7.6657132410097	7.48107308709987	7.56600081698604	7.62195318783379	7.33951058644646	7.18580569745597	7.3782094409582	7.39061633696677	7.92943168397233	7.6833747555287	7.55584825378082	7.42831770009228	7.39885526716126	7.87092771668532	7.63916028491816
SF3B1	8.26917355570841	8.14737591802113	8.60069145674214	8.66243053296408	8.56859791831994	8.40885414868774	8.43646041942226	8.43986816401105	8.40903649000352	8.21846188029388	8.20858623044568	8.47031588814727	8.25716540868077	8.49405448711349	8.33993260912364	8.26654643412358	8.14737591802113	8.47685385565056	8.64448338461395	8.24077305369335	8.38369784439845	8.45901714873215	8.21716415731371	8.65640096107367	8.61135612039465	8.66243053296408	8.4674602523147	8.38838738329107	8.59867263268652	8.27612746228922
HEY1	4.25156630560465	3.8621259410498	3.95402023639599	4.2387152151722	4.81822581023784	4.29312192428546	4.55546401371031	4.06102121031699	5.11055092680318	4.52688686038363	3.92198806155157	3.82695220558131	4.94468147561998	4.02431571959028	4.23102781362998	4.01379360340458	3.79973032850971	5.2243912542598	4.70001126170431	3.79973032850971	5.21944205105503	4.87918184764923	4.73465021521424	4.32335842303219	4.07438918636844	4.30748007565934	4.08173282585141	5.2243912542598	4.42384477538218	4.17023573704207
BRD4	6.52684772345908	6.69387716901097	6.60136492827398	6.78551469260714	6.67517946604817	6.80939673985042	6.56705518275376	6.47033236378175	6.74176121428822	6.5892027735934	6.44322962261028	6.38833399280579	6.71603096421635	6.59429254472026	6.37617945871586	6.69296361778467	6.47226245462858	6.75611545400327	6.78193739355425	6.43941582270354	6.93167544783359	6.90681596819967	6.65174977895074	6.85162766702901	6.56749721379191	6.57930703541151	6.51698826615247	6.93167544783359	6.37617945871586	6.51656497916982
LEPROTL1	7.9075391548602	7.57808749756848	8.05335305733808	7.57748803098081	7.89819997476106	7.50981393687271	8.05335305733808	7.457652128765	7.63663130923524	7.74171535139828	7.20370413102878	7.61881958353081	8.04548670248102	7.79888609346506	7.89413282465911	7.72779110127988	7.88512999871	7.48308834451466	7.37068029280808	7.60848646082818	7.75145364615648	7.60355323124728	7.64351977833461	7.19248168714714	7.75259707216142	7.67901175681883	8.02797447739558	7.19248168714714	7.56166116579326	7.66482824305505
SUZ12	8.19009964130882	7.94914891101082	8.43458211522475	8.34575851846074	8.19540118185185	8.26489705934163	8.39127224352787	8.46417820104613	8.34362192055625	8.35041278584589	8.45619083941878	7.90003944260221	8.16516802969358	8.31898188581915	8.33655962114377	8.34176614688663	8.46417820104613	8.4020317107235	7.90003944260221	7.98432983965347	8.32083883381023	8.34732547352949	8.20501369075497	8.33945470966963	8.37793732685437	8.46042365720849	8.20891878673809	8.20836228881092	8.29496823383532	8.30758067449626
KAT6B	5.85298996319049	5.51661089086984	6.32795759955823	6.49801061148495	6.0843978076594	5.51661089086984	6.42280101318936	6.42293335789007	6.47214600168671	5.89135271672605	5.73974384689003	6.1805702615601	5.61077494988727	6.23238252175234	6.13916673833039	5.78004857149509	5.62576757755775	6.06923787574858	5.66673514008544	5.57318184807279	6.04830859033404	6.50173840806461	5.8519805953302	6.50173840806461	6.22516585556141	6.2238042884849	6.23890616796962	6.18204814245734	5.91962529507937	5.57747749322861
PATZ1	5.14713443473224	4.84201908612715	5.35083927836197	5.41427440062657	4.98908264579764	5.10276898905499	5.17632494917946	5.20036496573548	5.42154569612725	5.2629832600302	5.45711383730667	5.29839970150276	4.84201908612715	5.49903503432767	5.26017213340024	5.10218509652109	4.95667820482724	5.35618024303038	5.06044197487119	4.86412883954811	5.17469648526484	5.50386292581261	5.04673952847412	5.36607898147797	5.11000572088601	5.12228139260621	5.31431685372014	5.50386292581261	4.94445373983747	5.00740661203422
MTOR	6.48316053758842	6.29386615055733	6.7812129052438	6.67026836583032	6.55224940637386	6.38361813534849	6.42298028893886	6.2111554156256	6.53313722921429	6.80133297075873	6.53648433505552	6.49505855027601	6.41021925529231	6.58802164480794	6.32108269436576	6.33261345492431	6.40674694573973	6.63216725459768	6.61810572922574	6.2111554156256	6.65838465225387	6.43885061501413	6.84073017259625	6.44960403142718	6.31031257144729	6.36589455635572	6.53945906259013	6.84073017259625	6.47104534504496	6.61098851294975
FUS	6.13823973196063	5.97606962570581	6.34773239743267	6.10446602332533	6.2177874896526	6.0177774072575	6.12920481482102	6.43572696940178	6.27465134180265	6.02640189803034	6.90969243268754	6.36150176944413	6.22316725802653	6.9166554624173	6.45728288792405	6.55996680332013	6.33294002277603	6.4147034212866	6.12329201753391	6.63438111346185	6.70511000227873	6.55210396368228	6.59992363696957	6.66900090237767	5.97606962570581	6.44189244862374	6.5082409985343	6.9166554624173	6.59711030106778	6.29029213124065
KDSR	6.30911381821837	5.67622231383106	5.59596314998818	6.6683505076601	6.55255895284546	6.43470698247578	6.42943360386861	6.50975394794043	6.31331596026142	6.37212134241503	6.58332510939672	5.93969049334186	6.31108145630821	6.61694760778426	6.23958609987137	6.12676615882012	6.06550370764996	6.23161161070325	5.59596314998818	6.40985953382076	6.10452747315063	6.43267356180115	6.25540115363943	6.12792659475889	6.62022187739569	6.4815038184752	6.33238473119352	5.83236159173081	6.6683505076601	6.04004874738057
PRPF40B	1.23735690251451	3.11476697215586	2.1607056020088	2.92621835967567	3.11028448941626	1.84463761847554	1.66836812336153	3.15377066742608	3.24314782577363	2.31912251341927	2.52349800450212	2.04533683495089	1.64549816808397	2.84493093196106	1.35065521692026	1.41795769144408	1.23735690251451	2.94497207094477	2.67101428333128	2.61327840281134	2.64177711979487	2.42564399313554	2.6428890320613	3.24314782577363	2.2801505227859	1.90099295261108	1.64961221306808	3.08509793008579	2.84917500574739	2.16448519236012
POT1	6.63718998567032	6.92766599402659	6.81229828748864	6.97215181384957	6.69913362466885	6.39749453316403	6.76160383790696	6.95121167453806	6.82474699550998	6.7469468797176	6.95925963141088	6.5764307138114	6.38938100533439	7.01183544265319	7.08695552213101	6.85488281724046	6.80405535372826	6.59044658190967	6.38938100533439	6.63502972682356	6.82447774319202	7.06785939356426	6.80577896534025	6.9123431808099	6.91275214549713	6.99023690496096	7.08695552213101	6.39052507668937	6.86959456303301	6.70752507943073
ZNF521	6.4543438661963	2.14484687135082	3.82801628921142	7.68948001706954	7.96766198513744	2.14484687135082	7.83583888322237	6.916657920906	4.23559018694443	6.67171797608108	4.48899964772079	8.09896071566312	5.38695752118744	2.23452306544451	4.92366017724579	6.55032145237536	6.67566652351758	4.82903992581913	7.59826991654437	5.33014342366367	5.79643525870998	8.09896071566312	6.59302058938377	4.29344053970472	6.97150601310272	6.87807779666426	6.75575770589076	6.44769686496247	4.52465243340566	6.14044934233145
WWTR1	2.96011385961219	3.30609818160673	3.29260228685382	4.66765273680898	3.2300991674265	1.78737504275982	1.76071560142557	4.26715367565474	4.28782445784704	3.10142304565974	3.9460109231735	1.76071560142557	3.76906594322406	2.78242172996261	1.93421069966008	2.10843349930792	3.37080740389427	3.4150587813567	2.50345054783909	3.18303255568268	4.66765273680898	4.03759592350942	3.10511366943133	3.67414967781867	3.55528265474093	3.61287456528154	2.74796077499533	4.4626413070749	3.20376623977066	2.99494669583117
ABL1	6.53362563874467	6.89622934261493	7.19812065169587	7.18029709593215	6.5276403699751	6.88651376318951	6.82723032246449	6.28089476270378	7.11795196519313	6.69448098480126	7.24847132277382	7.24847132277382	6.95542187894017	7.23208408850736	6.74824824791365	6.7097113231026	6.9494494263157	7.18127160459572	6.39082130893001	6.51240354094538	7.06643580868075	6.69300194720995	6.45234569194348	7.22882800383781	7.16124931567897	7.17374769928381	6.74513931554557	7.04672288598155	6.28089476270378	6.6969499314804
SS18L1	6.75599299789747	6.76894235348357	6.89465244548812	7.35264534138256	7.16637480006279	6.95414577160321	6.88788034843112	7.23568666253505	7.04906880420725	6.99053333919157	7.54311305154483	7.17346672718055	7.030029361859	6.97679323917744	7.17825132069816	6.85638173250574	7.03068414034201	7.15648033767651	7.21563455042824	6.75599299789747	6.82265406998415	6.95165953744688	6.89241503186023	7.54311305154483	7.32987878297177	7.43371441860947	7.09180821759213	7.19760834530414	7.13160967837285	7.13648597527958
SETBP1	3.46090359981087	3.36951799435173	3.61940491547084	4.2142239756248	3.98604869401758	5.04938954751049	5.07568512983637	5.70337756653841	4.47178802471758	3.73237566367543	4.21691368890485	3.63936685304374	3.90454862466586	3.09174050750447	4.47756580652347	3.8731252501857	4.08595157538027	4.54684558716103	4.49192543898078	4.41195561908307	5.70337756653841	5.22805794186852	4.98976932458813	3.09174050750447	5.0504536092452	4.94610465564523	4.85214333329494	5.31995449817917	4.24481481322687	3.55266039714716
CNTNAP2	3.44620911722651	2.08199507632452	3.64910031803805	3.58512535412264	4.08233282920394	3.26157718586924	3.66525680162049	2.08199507632452	3.75789708903118	3.2190277566387	3.64230252838838	2.82189893554758	3.65493017225776	3.58959725113354	3.89920636070876	3.59136406299574	2.43483711388698	3.41844153061248	3.22186946105676	2.90273141328349	3.46841279994164	2.13945742424159	4.00896816759492	3.71186001588739	3.94724506214261	4.10515210420132	2.72685103867989	4.10515210420132	2.90717622358314	3.20131172359812
LSM14A	8.09955361552767	7.79727161117446	8.38712293091608	8.55903607605918	8.30563723311959	8.30579984131244	8.26023812920445	8.06553272940866	8.39133693487185	8.29137956468442	8.33247399537102	8.40993867916615	7.97267050719111	8.34517558291973	8.39346623201355	8.28036562508026	8.10496345891857	8.37831885181376	8.12738261219388	7.95187913282533	7.8671815245688	7.87919833456114	8.24028572381392	8.17431281376083	8.56565268368825	8.56565268368825	8.25025647485536	7.79727161117446	8.37558420869199	8.30204190100185
GATA1	4.56317608644001	3.25518440192225	4.34882206291894	4.47949922268634	4.14412529986605	4.19901142822793	5.68163777364511	5.68163777364511	4.9420154190812	4.08118912568715	4.35445719808303	3.50924851102624	4.77760419784236	4.52559542763322	3.55352941862045	4.1831433303577	3.89530000462689	5.09370901165346	4.26516470674411	3.25518440192225	5.37246691543404	4.12402153428428	4.84963601791551	4.90688366272145	4.70773841148077	4.28703367493067	3.78038804194798	5.5573436327192	3.68596417814047	4.21998616519321
GATA2	7.27177484883946	5.8796815246302	7.18218545109486	6.96371874053099	7.58501404610873	5.3890423959454	7.58261895360585	7.17165958283106	7.90938961070914	6.85842744040092	5.3890423959454	7.80518273493732	7.17272497196773	7.81262395734504	6.77522474775585	7.07707651549486	6.96922216125775	7.79669018981609	5.63593300407032	5.44323521784509	7.90938961070914	7.16502331617817	6.48871704497588	7.8884491467885	7.56780071925247	7.63182177715427	6.60457077331565	7.78231669125156	5.6102527904762	7.01168711006745
GATA3	4.12978675265614	3.43653249769501	4.46271205039645	3.52113727854335	4.31996190073121	3.6100945722503	5.53874964862873	5.53874964862873	4.21789621736091	2.76220714315496	4.34008869410218	3.40676398208583	4.17128625536696	3.19717984316928	3.53604877846096	4.29526525538922	4.19100206663821	4.4175719105941	3.9680780634361	4.28301520060659	5.48198581045152	4.45381584535808	5.22671024178999	2.76220714315496	3.88595084015321	3.58428281784209	4.54684417223379	4.68245340861007	4.23755114974575	3.8586886481594
CHIC2	7.55452523587658	7.44494088353204	7.67109328508228	7.8767844564897	7.76029885231307	7.73718154006282	7.76845211155389	7.55584861301832	7.90957558327678	7.92718712406381	7.56710246523486	7.89873134693888	7.53934157893672	7.92784028649167	7.50501904397306	7.49075425413345	7.78075679912174	7.37412931345227	7.84778171509825	7.8668175675183	7.41181201454813	7.92784028649167	7.65099500968684	7.36963598442883	7.85068156624612	7.89765691260671	7.65960847540871	7.36963598442883	7.88185002123832	7.68042840463503
LATS2	7.27086659320326	7.06365831711463	7.15294219394808	6.97176575969939	7.44198688050173	7.56587635821989	7.37228699787354	7.03021869943297	7.31068005983107	7.20108919423346	6.68895062728606	6.68895062728606	7.14104081237475	7.14898443337695	7.56587635821989	6.86723677346962	6.97704963446169	7.08057167300412	7.50233222218796	7.15875529667469	6.74719609830503	7.18977152023736	6.69821570251438	6.92951594150756	7.23487205053147	7.07217579940967	7.10126566106105	6.98341989326932	7.51684714017538	7.0453552467894
NBEA	3.6497038570541	4.7477885926376	4.02453935161328	3.798863273539	5.26064688269589	3.96149317029515	4.95918657430547	5.08659170879216	4.38903731296661	4.11324850125632	4.07073276861125	4.86438944485347	3.77656967610584	3.9388918679246	4.25834590058083	4.15694209013698	3.91243651035014	5.0669279136971	4.22750506342917	3.6497038570541	4.82158126588445	5.10978071911984	4.92476121360501	5.28250225152749	4.5780899567042	4.6540251880515	4.45546160230098	5.28250225152749	4.86306690894261	3.73012788806167
SND1	7.12975859703207	6.77001991376456	7.05275575983636	6.98017573617013	7.2982506510839	6.81185757440388	6.83760814005087	6.86417398593663	7.06475768075567	7.2246474865619	7.43527766705405	7.30804575026877	7.46775731679482	7.04530403269281	6.77001991376456	7.38016989275871	7.24395051765367	7.46775731679482	7.37031973122808	7.41427037223141	7.45010443592777	7.21480868186273	7.08810987135598	7.2213919457583	7.00276006790333	7.1594764793517	6.94892878075815	7.44926791043538	6.80725744243068	7.18213221356314
FOXP1	6.78187054762193	6.5884055957601	6.97628152362194	7.01355092886128	7.23698236801786	6.89431635909814	7.31111580611181	7.15952863098815	7.31223346954169	6.61563564538413	7.20843524837705	7.31768529429656	6.80057114142757	7.31807073710403	7.09012682588628	6.591770418671	6.5884055957601	7.36426723111808	7.20633364233587	6.80898302022789	7.36426723111808	7.29456774529254	7.06209675024953	7.3590246668974	7.34632662584137	7.32480756533666	6.97052393894147	7.28798084791051	7.21229632446117	6.71445976657948
AFF4	4.17369266001074	4.48622411998382	4.61182519954066	4.44700865164118	4.43363707612663	4.53477252928707	4.50931531311307	4.14320883928257	4.9038933742299	4.24590059207724	4.54688889456568	4.39214614122216	4.43884893516667	4.34309198857092	4.38006727942965	4.14305558841884	4.14305558841884	4.75489145718742	4.58852655549734	4.35627811560538	4.62527197363753	4.62991500078899	4.66069791236538	4.83543146608296	4.39320901101072	4.49099328386045	4.26546915735577	4.9038933742299	4.54805889678489	4.47066528368462
GPC3	3.94910263726432	4.58386427782334	3.09452310184645	3.40129520142498	3.65193729078608	3.96437180787052	3.91065944140432	3.4421790058102	4.28332714324507	3.78613817621753	2.61599546414808	4.17164120117733	3.60882407596207	3.97073651192619	4.1576317603977	3.80319194515871	3.27117988477666	3.07879845642326	3.38567752913727	3.70522454139752	3.39445443920907	4.25194514905586	3.89133425771308	4.58386427782334	3.63624035352938	3.57003202681124	3.28865256879829	4.49298953523374	2.61599546414808	4.23989296968528
GLI1	1.75254431001338	2.28651068361076	1.38513704119522	1.59589512233575	1.45876586332677	2.04195269274107	2.43777207310361	1.54526105941383	1.91282147098384	1.46512097391649	2.13777293575325	2.10752410006678	1.55585952107649	2.85967352394888	1.23069265820205	1.31167601963476	1.50746117490258	2.05927609875185	1.63938083959364	1.46441102915165	1.99231697107265	2.37208735501155	2.03702721657087	2.15959726687985	1.58612402538046	1.96012775914036	1.23069265820205	2.85967352394888	1.65059943028271	1.72801819946958
EML4	5.59240524949348	5.90482023428756	5.44213220833683	5.47439954516994	5.35766193785411	5.69187745415656	5.2943505321095	5.41962392428722	5.2994107492914	5.60596279721606	5.64798541327326	5.2943505321095	5.74368700370504	5.42440249321838	5.39882917772561	5.51489802631089	5.48147066510098	5.37295594206475	5.84980269525495	5.63920770054287	6.08221519447333	5.36729000032259	6.11419847475268	5.49509685550628	5.30284695902177	5.53108581556386	5.70376674320721	6.11419847475268	5.43396530244682	5.67994264495515
GNA11	5.43890132283324	5.04412090981878	4.28811376718667	5.83639012691341	5.21279575261945	5.43652489483935	5.78728837175382	5.54734983477031	4.83799368746153	4.57501035327642	4.54605615194387	4.28811376718667	5.98981939093307	4.44515535632799	4.46487204817904	5.34796366532213	5.40258615193048	4.97507517440391	6.13645072640076	5.15772996733451	5.4244472499851	5.33916506653189	5.13571222390618	4.60840334638431	4.59810066012688	4.4112278801748	5.72618445792109	6.13645072640076	4.97238641902873	5.00431966130279
GNAS	9.62120445095998	9.16595493403606	9.8709127166149	9.58925503873534	9.61584633149788	9.51008164450715	9.67017616498049	9.82759072150935	9.53947420462658	9.51834707015264	9.45660885305031	9.71960866604072	9.8709127166149	9.61071937500944	9.52012717899802	9.78496335614716	9.4829749771629	9.58788926366712	9.48779259143259	9.79214302248649	9.61278832049099	9.79909787522355	9.59360038989331	9.28889383774913	9.69800696044851	9.66617811929441	9.50951743282043	9.16595493403606	9.42677910867071	9.49861627468705
ABL2	5.82597098975757	5.58244361778945	5.51759014331759	5.82518727570407	5.69320915308574	5.9598107629473	5.80151146887275	5.67470269752716	5.79986973448384	5.62340448396273	5.51759014331759	5.72399673437652	5.63604352616807	5.72612217284624	5.56192181541467	5.57159636251274	5.61090005061868	5.90840267750107	6.065751260749	6.07671641636797	5.66849434459863	5.70320058954633	5.77640623584794	5.72028368080347	5.87679125875923	5.84876303759671	5.58103695093668	6.07671641636797	5.71519646989482	5.84855021368304
BCL9L	4.32078552994645	4.91054045842429	4.11330711313092	5.08449950178628	4.32864825297098	5.04624683143469	4.94403525666452	4.26672091835757	4.40572121812605	4.4222428764793	4.68396004507414	4.10447622656291	4.9876682690621	4.02973432584526	4.01629850019571	4.01629850019571	4.0206888963256	4.38518714717026	5.25077806078847	4.41122069074934	4.73332780993573	4.94219050522604	4.81598062947009	4.88741729657928	4.19424082100427	4.62431914317564	4.14040901068758	5.25077806078847	4.48693419982968	4.03799063114705
ANK1	3.49533411255521	3.95770732586116	3.46642369334744	2.87407936749485	2.88289562933792	2.44852231063749	4.8561258988194	4.81726864276517	3.187805210731	2.45732522263843	3.8140745550992	3.44229587325088	3.6324826142081	2.61475327708117	3.61864041440729	2.44852231063749	3.01443313597417	4.22130514469437	3.6259844580929	3.00033938077345	3.37567530700217	4.05676301843842	4.01860522630505	3.89245027337538	4.02400088450845	4.02562249961411	3.275441586409	4.8561258988194	3.11234155350189	3.04861657797842
SETD2	6.23932669411798	6.04433394668424	6.64185351377561	6.66420413473316	6.5028804883608	6.40369373817267	6.65889820025324	6.49317144022465	6.51139031562012	6.2363469596455	6.10926699941069	6.37298874262243	5.99910810442384	6.40339758701535	6.46155675394179	6.12870660581861	6.0495202095895	6.66420413473316	6.41800683850364	6.11702170423958	6.37368281606013	6.28140573855352	6.07565340022182	6.59745070046761	6.44124546058483	6.60850259476171	5.99910810442384	6.43626846141459	6.45693596541863	6.2257942384216
ARHGAP35	4.90900618796175	4.90683947054589	5.14322329209674	5.34862896896804	5.07610946924993	4.88143826327141	5.29768299684757	5.02339321462693	5.38226342797068	4.93022906839102	5.23343797676627	5.14185622203824	5.19848698713248	5.11604323132649	4.87194971266413	5.12155135776319	4.93936724584971	5.15716688865618	5.22880018822644	4.87194971266413	5.31712037879333	5.24237628236853	5.10620445783217	5.38263762771663	4.92960992100545	5.14555974692687	5.03570741760671	5.38263762771663	4.89472496365692	4.95849948024827
DROSHA	7.73938430431274	7.5395832380926	7.98841962970954	8.17096536491143	7.84421098599059	7.38845176312569	7.82594063957947	8.11925342678076	7.72967401986213	7.69985017392892	7.71377090938353	8.17096536491143	7.38974357567546	7.9734993627201	7.66910344616051	7.69570079834203	7.77615520697247	8.07812764449958	7.5927319566728	7.38845176312569	8.10641639926591	7.84986726941431	7.52005568183689	8.12580346990675	8.05855231043525	8.01738418416035	8.07794970285291	7.51560439586688	8.08997126473299	7.71775391621901
CD274	5.21695725840823	6.21937995168979	4.54796057572766	4.81778032125751	3.99161020664371	5.89591186581435	5.23518273709869	5.15040953858811	4.40351368585281	4.62128564107969	4.61586958559504	3.91668021243189	4.69008071237159	3.91668021243189	4.92628607668444	4.2209119255166	4.37400568741368	4.51375541490144	4.49788318483935	6.21937995168979	5.64681672861699	5.19743728675172	5.9980462518119	4.56698669446689	4.95780196146217	4.61589415399501	4.90126188449238	6.09434482611234	4.55846421422296	5.1623000599478
MSH6	6.48903464452988	6.12263796811025	6.81881349135827	7.03195325172292	6.60062224790935	6.24435917121764	6.62042844421445	7.43664876047188	6.79838940215666	6.5079212359205	6.67960511825893	6.63818879000709	6.08895273506429	7.30454406672236	6.94067361063455	7.07822856214381	7.03962571597361	6.05065194881963	6.33654915804837	6.47988882304391	6.75824747074313	6.95014791752015	6.4400678349831	6.18815830739833	6.72834394413276	6.83091910759474	7.43664876047188	6.05065194881963	6.51774971602247	6.54530925682885
TFPT	6.5381704462067	6.80350574923227	6.2806886144499	5.94831317333584	6.54380592662342	6.41298505543529	6.15338524879451	6.35810323745411	6.12459893068201	6.296306222596	6.23324483455621	6.45729166078504	6.72528576221167	5.9853225103472	6.07612247317437	6.56519513030122	6.56118955791954	6.13708438560252	6.80350574923227	6.72707722956837	6.43587644718731	6.34438000376313	5.90175340327643	5.90175340327643	5.94456987089794	6.10365341958893	6.42076490888504	6.25421218292486	6.03396659950772	6.23284880600714
H3F3B	8.49878845571321	8.51120173759261	8.73512710207043	8.97940953596327	8.84812277698468	8.67818225584794	8.28410771807764	8.22898967883282	9.25409650326037	8.46845367481268	9.14943304329103	9.26453080138746	8.57034851681946	8.75707598730238	8.34117671195594	8.11631832281374	8.08548961361047	8.08548961361047	8.46859714668454	9.06381294303881	8.33653039733117	8.69943918536035	8.76838545928774	9.26453080138746	8.889641814965	8.90390687900664	8.44380368630518	8.19972840315418	8.64191976668908	8.80004790416297
CD209	4.27402704082365	4.16259110887697	3.25257901655412	2.81027308139242	4.2340604792421	5.15086994559957	2.81027308139242	3.99901966467111	4.15774415713572	4.57118972772131	3.96535844096204	2.91460260201919	5.09896433713912	3.23123829694416	4.17423499709275	3.9666163603893	3.99576924566498	3.40278619663852	5.20774093192733	3.85747518270109	4.64732795035242	3.91956740192069	4.32031640355683	3.32153966656094	3.35383185024321	3.54294834325721	3.60303888872264	5.20774093192733	3.74887145843112	4.44936559632834
NRG1	3.34862977929936	3.21715422596789	3.27566553345974	4.00699420899913	3.01463059916045	3.32487954152357	3.75101519759727	3.22751340530588	3.83202125907239	2.27958212145752	3.97925708806711	2.28745629015859	3.4308110522381	2.27958212145752	3.34429875763064	3.98392587584718	3.40135862053707	3.34326743625661	3.60422409498541	2.51919639589133	3.08285327566787	3.19657026537979	3.68610393134143	3.55851035595774	2.37454917948129	3.59669812287711	3.12750341835497	4.00699420899913	3.5986034360006	2.37977297832752
HIF1A	9.45388874699612	9.42518379450269	8.91405856325635	9.14066224820364	8.90245137016345	9.13006634630835	9.6253176248168	9.03275328213975	8.90691404061684	9.41382248574594	8.29101199036127	8.29101199036127	9.64756103868818	8.62410782619692	8.97217046883653	9.39081850476533	9.07100282804002	8.40533647771394	9.64756103868818	9.12374256439886	9.15728633465963	8.77679982046193	8.78657896737592	8.82041716254325	9.00194155703919	8.90478773060384	8.99186217689376	9.13552484822274	9.28123701496698	8.99395364961182
HIP1	5.43128487627339	4.92488347382425	4.92488347382425	5.94972051189732	5.25610462985891	5.85680331702934	5.56323761711312	5.52991067764178	5.67043711229942	6.04738125147569	5.43476885368536	5.37142106631144	5.00686340395563	5.586163968283	5.1468604263071	5.09490427449662	4.94500116319478	5.69040606569249	6.04738125147569	5.19106918280826	5.16660716704706	5.33993762591763	5.18569200900287	5.58781782786738	5.28742464908948	5.53416025621466	5.64536748309003	5.924909227201	5.68163152343873	5.31994090928666
HLA-A	10.0114028132963	10.1795532226881	10.3501574709465	10.2660459827947	9.87650417127806	9.71556263995476	10.412919700073	9.96646680532669	10.1356920921493	9.85723313140714	9.71556263995476	9.95145884260112	10.2454982316306	9.97750149009652	9.85671098475794	10.0046864755668	9.71613734739382	10.116215580161	10.3248424008843	10.2707817649945	10.4267800740079	10.2767111787281	10.4267800740079	10.1537207399361	9.84013084668864	9.82956946191647	9.84273046995841	10.0333534815348	9.95358843951982	10.1224201544805
MNX1	3.88360494699568	1.68648266442998	3.09241208951413	3.70864677842019	3.15239155840316	1.67630294386532	3.69577501661542	4.52485444051571	3.6828608370587	4.30549710505347	2.71826346394871	3.58068443878318	3.82777650973532	4.19346208752678	2.49247992919142	3.68425552472787	1.83622839448528	4.44065745395869	3.84546105237066	2.73600750268336	1.70435333147674	4.31799898886159	4.55166879051824	2.07351302608342	3.35083824373346	3.04011402077218	1.67630294386532	4.55166879051824	3.35936320039945	3.79707535922226
HLF	1.68832456684509	1.31403074423871	3.3509080313748	3.49074869027618	2.98013874681315	1.8064052711475	3.83155766115986	5.22958831178918	4.46332589377868	2.59493004925828	4.14871526462438	1.68749209391466	1.53081563473516	5.49079592988442	3.16839302719491	2.35389096872634	1.31403074423871	5.49079592988442	3.31169905186505	2.97162717827497	3.54185212586663	3.24583764536341	4.05150077956287	2.15771312413939	4.63039955145237	4.55040196025271	2.90815006508278	4.26145317180054	2.50133112204755	1.62868124847991
HMGA1	3.83294134504996	4.24831305625875	3.70882622481737	4.87681564846763	3.70855736895507	3.881121289962	3.8261460488167	5.23906782463499	4.99537366236011	5.01939882369336	3.96127609103447	3.69304099046918	4.54735529081241	3.7566126914075	4.64295851194047	5.16822779859009	4.56034529466273	3.69304099046918	5.13861024229642	4.32214780846811	4.22188743954962	4.81273420185347	5.23906782463499	4.7782424330633	4.82392909883324	4.38571844755269	4.4057684108926	4.86676903061486	4.67323372360252	3.84552357053135
FOXA1	3.70888039390969	3.18668425837391	1.44537730308536	0.69966653271013	2.79102449895081	4.24779659646236	2.60300827842815	2.37227217959157	3.73129794889403	2.70824756952582	3.81580663522885	0.982247814413044	1.5498185662901	3.18034512815341	2.34640138471574	0.305944468001283	3.64135055739042	0.805462608311721	2.7762292300958	0.305944468001283	3.74513383783547	4.2728989952033	3.97037077324664	1.88695683189167	1.76363179715459	0.572581075256862	0.951603599086207	4.2728989952033	3.71905691768318	3.19835074595951
HNRNPA2B1	8.49908906689417	8.63481841900446	8.92442140146758	8.96312261747575	8.77934043383919	8.67679806581915	8.74072150339018	8.83920250059594	8.85827929908317	8.7324364643217	9.18174586459792	9.18174586459792	8.5416948292901	8.9862561229407	8.82448378442141	8.87979308290704	8.76220914197374	9.09314973317914	8.49908906689417	8.64687694432242	8.91481187960367	8.78565490122424	8.77252856364707	9.14077886182905	8.88553264302188	8.93510297888002	9.03292914652956	8.78271213672394	8.96178036579548	8.85305808940647
HOXA11	1.2570292380044	2.94889457576631	1.45210061828434	2.07464464137855	2.5106190620553	4.95493998157424	1.74317950338365	1.12038458553589	3.93064046107453	1.13775454466388	6.162201717928	5.88165434057051	1.67268254415078	5.31267856531963	1.52217547995077	1.82260121660633	1.12038458553589	5.90965938987793	1.59012968073434	2.25964432371273	1.53307946823351	3.45242040055617	4.30405127673704	3.70720777208104	1.97685543239747	2.57527727615098	1.49079196070228	6.162201717928	2.30868248629544	1.86598711120131
HOXA13	0.9808158017573	1.07879692972031	0.664268062567037	2.8293831391271	0.969617654661309	4.63215185465239	2.69253505702845	0.685180227208982	2.75013900115174	0.259500909712132	1.45049786718589	4.30113411595762	0.911265835175217	3.93993354445182	2.50612497355811	2.27045135744665	0.12457469854632	4.63215185465239	0.12457469854632	1.72648389533015	2.63061780876382	4.18733067473031	3.33804629214855	1.66091031909014	1.19405496549533	2.33496919633312	2.05409397491189	4.61403907965426	2.47021209514466	2.80039694256379
APC	5.21198824539705	5.23349135904856	5.11854193421872	5.4489817382665	5.08936678970241	5.50006432435957	5.42940443712019	4.96738380463903	5.28890471686829	5.19039847911835	5.09810522495884	5.29736306052265	5.38053984050453	5.12345256585196	5.02499629024784	5.50006432435957	5.12862385789567	5.12414107145501	5.42063973425021	4.96738380463903	5.26035469711818	5.11962418433284	5.36409924206498	5.38110921984771	5.10851534601907	5.23229809527069	4.97159476249829	5.48128127477716	5.49018378383338	5.32892135870304
HRAS	5.59152929945212	6.17650267612415	5.60034721520007	5.60159620853794	5.53380333415109	6.01800241486796	5.41900242545131	5.99166225538462	5.6881690114342	6.01743133180987	6.08239400578506	6.15517977149852	6.30981891996795	5.74748973978543	5.33819320276865	5.72597921861694	6.18879605276693	5.8928356388869	6.30981891996795	6.00410161487669	6.28710486095228	5.89125048181951	6.0628214360494	5.56483617797812	5.53217172775952	5.33819320276865	5.75682074765941	6.226541323115	5.50858380090614	5.94540117094762
BIRC3	6.8023762971843	7.64207593609911	6.73397768227547	5.46634228122819	6.41139158228146	8.14033147275418	6.85020796809196	7.09760269319941	6.35040941543321	7.24019135332799	5.23986873248884	5.23986873248884	5.76947119235002	5.28009444330328	6.50734786404036	7.11560059428324	6.75477599623596	6.87795730156731	6.22603367833425	8.49089729704939	8.04325034556991	6.92575953423683	8.49089729704939	6.52294445202366	6.33303330237753	6.475858037078	6.54982336433137	7.16595731626556	8.3907146406002	7.39676863330001
HSP90AA1	9.67407373677435	9.86457792235438	9.67646408614693	9.68534565113597	9.9328371602558	9.61962233649348	9.91783306712127	9.96852742110191	9.9630557621109	9.8633280413085	9.72988332386022	9.95183283666207	9.85249884438947	10.0460004032482	9.60016917451141	10.0460004032482	9.69635932068144	9.93663760965913	9.53696157712888	9.70336598396782	9.80917810212259	9.78419474802026	10.0266212388794	9.69811652371038	9.64661770373675	9.73533130428057	9.8872155262424	9.53696157712888	9.88698444569379	10.0400020262902
HSP90AB1	8.25037913494824	7.7021596954147	8.17981574331855	8.59864916239443	8.66274483976985	7.6869807748073	8.44088078731567	8.79316030992625	8.27374076681071	8.26131132174715	7.50405844112576	8.20828777958358	7.75514134518484	8.79316030992625	8.32701766965316	8.202041523986	8.1556358375668	7.81228669614892	7.35057609999094	8.31180779845959	8.17376863263003	8.46077408876433	8.20364629570321	7.58746555517223	7.79356348944048	8.22126377107308	8.73021254034122	7.35057609999094	7.96395000271132	8.09369464416102
DNAJB1	6.79035879127607	6.92705121987546	6.45995057440555	6.33649390698791	6.80460062104159	6.37127174417036	6.57261316995368	6.70937604856688	6.59010569179461	6.64639172491887	6.92705121987546	6.73693036408652	6.92175470934034	6.82228364331256	6.45010733487708	6.77602289952042	6.84314932300358	6.41783605449612	6.47986190401903	6.84507792209277	6.73601772475971	6.87017404453648	6.75425231161657	6.40183162922649	6.72081454933359	6.7353197413396	6.77063349391134	6.62599521770762	6.33649390698791	6.53339438795476
TNC	4.72949363582397	1.18374491960183	1.79095990362856	2.13155298506873	3.77732018617217	3.73269742334634	3.15284212599144	2.66889433283512	0.786065913425485	5.16947907864208	1.08241011401028	0.786065913425485	3.20343882654793	2.79366509550703	2.96653704195412	5.23163385034973	5.23163385034973	1.93365665205928	3.37872041363647	0.864166970495407	1.45726937808345	1.46055453754482	3.53213125674993	3.03311112756351	1.52717820186287	2.19511763724208	2.43692603723953	5.13666093607909	2.81080464948354	3.25064962623987
ID3	7.48171009886665	6.50137877991334	5.84166090786676	4.11218987581433	5.9890660990181	5.82788165896371	6.15914685772825	4.76300215477171	5.51148932867564	6.85995942129761	4.06422391165197	4.79601557456403	7.34425884855627	4.06422391165197	5.55160537237989	6.86884274862655	6.6183207384592	5.28647830197821	7.48171009886665	5.5127678887197	6.23280916952718	5.22891929292276	6.64377592738948	4.93129609821424	6.42883753880477	6.69311552134524	4.76890656992397	5.8931798771531	4.85836972141903	6.79436675006219
RSPO2	1.23361658920775	-0.390846028689762	3.10324387771466	1.78831000356081	3.07497733712111	3.11321620665806	2.18837715784424	0.445200639727298	0.131082607842171	0.355795984302962	0.545154050264352	0.799400970261542	-0.236795472390201	2.45100712017421	1.78967726160992	1.21616482792821	2.55076106292733	3.12685346215144	3.12685346215144	-0.370857391235275	1.07036270202141	1.72824323711319	1.28624290579338	-0.390846028689762	1.80536742064008	2.23677660180249	1.74214626355672	2.04148290762198	0.454884923625945	2.45812272846393
IDH1	9.36274623369725	9.79723204142028	8.82358255764288	9.09291943251206	9.35760393483257	9.08429888613725	9.02850926321551	8.82358255764288	9.21318885182328	9.24346875945744	9.79723204142028	8.93411157283693	9.74686852883638	9.65423735953146	9.09673552737612	9.56053735908466	9.25875610538992	9.79710451986224	9.50888911928774	9.3011005167722	9.10199503410942	9.0468078427133	8.97228119173768	9.2469233771622	9.47223251265105	9.3661648603488	8.91703281877446	8.8893651043223	9.490624404682	9.39479609095929
IDH2	7.99465106641699	8.19961124814728	8.11001980081834	7.82672360695033	7.39018579615191	7.50907244280262	7.99295986862367	8.0827916996604	7.46680008647168	7.86370554609729	8.34411191514728	7.88906875784348	8.34699445997531	7.51441053565894	7.99412289608819	8.20858519406061	8.18652621809593	7.53415182470161	7.48012783989392	7.66386269282999	8.34699445997531	8.00932772926168	7.71729498996731	7.78813911826617	7.66156159109092	7.52657792883928	8.06516144607733	7.67559533831804	7.39018579615191	8.01083446829437
MACC1	4.06975205773314	4.24350921903319	5.39633274394529	2.61409123735642	6.36246673500357	4.16482058298864	6.06062038924637	5.18220608978329	5.1937586145611	4.34395022184694	2.86304276748665	5.07535150386388	3.11072787111908	6.36246673500357	3.08016964289588	4.64578150670395	4.7395008323078	5.97318629640307	2.61409123735642	4.06667301064331	5.53198577059888	4.75549705937973	4.53667469107468	4.453237668037	3.46060626613404	3.68848570275976	5.7948147228766	5.42868692989303	2.81635802080612	4.57579490387852
IKBKB	5.75433822852433	6.04749701724077	6.04164909447813	5.88348284276399	6.20933967699723	6.14538271683268	6.07550097438498	5.75195753704854	5.88512752029992	5.64387525049875	5.78372915943496	5.95569481986501	6.11300856521391	5.84737376094793	5.84363679560423	5.72827066128545	5.76048441298694	6.00341987622692	6.32742182580482	5.66638301188812	6.18849040738154	5.64387525049875	5.93610035152567	6.22085088628705	5.89381100700666	5.90033401443157	6.01850669356553	6.32742182580482	5.9292631972012	5.7635600786367
FAS	5.81055421721182	6.39715578521465	5.91395730795422	6.11765304420496	6.07283314840328	5.44751201286686	5.50919591328188	6.20158873367719	5.45007473159734	5.97047964576694	5.25481486281765	5.77187934644741	5.25667688264077	5.25481486281765	5.53924247225715	6.02421695826434	5.9551761388453	5.31140939007445	6.1143026709109	6.29291034446981	5.60878189180425	5.57899556137516	6.09695175650183	5.76912408180656	5.76409924312702	5.81451057236192	5.51108985463922	5.36999862347423	5.90370190643774	6.39715578521465
IL6ST	5.20419150618336	6.02745781691148	4.57284757689058	5.06977782102957	4.95534100052102	6.24515275781188	5.62255657429933	5.29823240980749	4.69371562706474	5.08921201514202	4.65969428533689	4.51713469964914	5.52549168910519	4.51713469964914	5.41561112833779	5.48049942432105	5.15623377717136	4.71841269435752	6.24888187441324	6.24888187441324	5.43914915986773	5.20840731381305	5.63030770108936	4.99219058594453	4.80796551592207	4.84100792421659	5.48810859773154	5.70777703978545	5.61815962675861	5.37226257576507
IL7R	6.86114469833046	6.16760845491702	7.18476747085734	4.86733573107858	7.12184808890582	7.5500789822785	7.31677421394976	5.12965211270328	6.70044555108385	5.41906783709688	6.1733271568157	4.69856867089315	6.76343238538335	4.69856867089315	6.15547895216677	6.10583979584323	6.13842134142805	6.36710450166501	7.60684484331673	7.60684484331673	6.98240687499472	6.44538003620431	7.52847432361261	5.85293750185256	5.48908727544165	5.58406097927631	7.3928879994928	7.4453824679598	6.83823579823591	5.54037851403415
EIF3E	9.48496073858597	9.12831124896366	10.0479625317319	9.89817951338418	9.89622730956489	9.68596098851171	10.0441906402386	9.67348583779984	10.3076089885861	9.84042645861424	9.91009162232192	10.0814163006559	9.56752391219828	10.3792255215481	9.43122247298045	9.86607173798081	9.53453081276846	9.95531124461982	9.23483747346979	9.93407507651765	9.87392868622742	10.3792255215481	9.77212206686013	10.2453994143654	10.0229105650029	9.89091801130837	9.72201511576177	9.12831124896366	9.85545988237321	10.0029738462424
IRF4	4.84993825394668	4.70892391132134	5.5885331492268	4.46850499372843	4.56713881219973	6.2530704792723	4.65801071683386	4.56888013709231	5.08986720563035	5.18281976242119	5.15266966200238	4.68468306617769	4.85062564693564	4.46850499372843	5.3678795309623	4.95978801843897	4.9147082807875	5.09760989320543	5.09321140253228	6.2530704792723	5.53152919936487	5.23009815172245	5.96609618062963	4.66911507813029	4.70546734052516	4.63591807098406	4.70433590493014	6.09915687658195	5.8018908389205	4.83524028500621
AR	4.77227425626595	2.75683737601471	3.46685702740949	5.17293089617708	4.1280343013827	4.85980184684889	4.70015253319955	5.05942836098599	4.10321584542055	4.42010532064175	4.20422062556818	4.96834572364448	4.49972368488638	4.06751885037457	4.67855168629553	5.02736738742151	4.85384591241599	4.41296436378259	3.7374195601918	2.87167163183203	3.38290056661751	5.17293089617708	4.36703206786144	3.72108842183699	4.14285424939678	4.10320342687625	2.75683737601471	4.95846307167443	4.53418629169313	4.55006778112446
ITGAV	7.95528642658611	7.03241102862958	6.42280775571583	8.26809170088697	7.83524335185283	8.02394553298971	7.37854005924446	7.37986799058373	7.55449008518862	7.66376941941276	6.42280775571583	6.95169912688899	8.25861120205796	6.45580667704473	6.76941914312501	7.23846300454373	7.36071784856692	7.13572805063113	8.26809170088697	7.673251604373	7.56264628221792	7.59953215256103	7.44900828645351	7.69998108060176	7.866861708093	7.90139993214846	7.34504102405822	6.91671321044787	7.12028644255536	7.75809983540484
ARAF	6.26287379327845	6.58961834349563	6.38936107591317	6.39955289675898	6.01153116004479	6.31851799127089	6.44410371138212	6.01020627226248	6.13202815420219	6.15637122461353	6.19920202480292	6.20768664533258	6.17249532197804	6.24489746727324	6.25629748609569	5.93321923435169	6.0878220021076	6.41089347223667	6.37871337536491	5.93321923435169	6.33349963853827	6.11852244254142	6.41245930434614	6.67821531826186	6.03100305032218	6.0582922740747	5.98180994663592	6.67821531826186	5.98571502055669	6.16637286618949
ITK	5.33908398915006	4.53326708797281	5.89432355843571	4.37179230603717	6.28202348819809	4.27329123062246	6.33759678396577	4.04268594633472	5.67759038259189	4.41658335630493	5.32476977371435	4.99881240061116	5.26249275517577	4.80538843321677	5.52387053494412	4.05812213708557	4.26694113304625	5.59899535391144	4.38016316475839	5.51155377241337	6.14331644917389	4.44247578479094	6.33759678396577	4.44472480525285	5.02405325991894	4.8869071710438	6.28717602662506	5.62248491796965	5.56571562869427	4.04268594633472
JAK1	7.65993193429485	7.29613141533758	7.93587887466512	7.74652194064721	7.4087963417814	7.91733471869328	7.79356652590396	7.5713198686807	7.45499936670458	7.43312349518306	7.16334271501473	7.14984202511095	7.50741616965235	7.48757316886707	7.72485250747592	7.41162290973555	7.30217560982221	7.14984202511095	7.96309857947067	7.96309857947067	7.75985236526188	7.75867326295296	7.8420176819583	7.339954184125	7.63146484559407	7.81464228407389	7.69949552044454	7.56667879719728	7.70488325213121	7.38081196178433
JAK2	6.48493342212529	7.11201581470628	6.57485979649645	6.48355916529514	5.7690484286537	7.11201581470628	6.43321072152052	5.93808010651381	6.07208831621231	6.37265426587045	6.16814173987241	6.49288347232921	6.04363931357399	5.80193199975018	6.91178632780582	6.38543024981225	6.34569901659708	5.7690484286537	5.84232774494078	6.62500636201629	6.38598418087741	6.44875367188694	6.81684337116639	6.08698539512391	6.84632581691711	7.09472390750009	6.40083779202343	5.85636836532734	6.78285034552087	6.17513568165752
JAK3	4.98099712165111	4.90146782200018	5.26495881061422	5.16402857328124	4.32237516341474	5.65255704456107	5.64926443965945	5.15913389951834	5.27225212938321	5.13417319011053	4.23443810685995	4.23443810685995	4.64177999830958	5.04932985475971	4.83879270390188	4.50277272200753	4.58731810108948	5.48937517261883	5.22152072901102	5.1626297029684	5.51237132386721	4.95581101817229	5.28574579089053	5.41473290942726	5.14049259884314	5.02706694886835	4.830584848315	5.65255704456107	4.79840502174531	4.85321334257247
JUN	6.63565137622743	7.08469280093398	5.35246236705912	5.31509575293076	5.65307196744065	7.23091478473152	5.66058996721773	5.58283186613633	5.89091579202152	6.23050287259836	8.17179131394279	5.02216943431415	7.43014237548626	5.02216943431415	6.06791582024301	6.30265263284267	6.22753049546952	5.34918282280062	8.17179131394279	8.16404739387541	6.3459711006059	5.60506359020838	6.33527394129068	5.91142442295686	5.50042413495307	5.47717767315148	5.84041049058853	6.84738218733418	6.31236382728569	6.8747300916455
KCNJ5	3.43519800643581	2.2552073404795	3.19409869093232	2.25967376140625	2.31236402586294	4.04427020701555	2.22406464059259	3.31497330661705	2.84198506039243	2.68151550652885	2.45235161284095	3.15102557496309	2.61291856483055	2.64707523013466	2.8603333135729	3.55916107309499	3.06871695227383	2.49475458124713	3.89159545910472	2.5720950857082	2.17048777628202	2.78515891821512	3.52947274178308	3.51361299065561	3.06176039112456	2.63943750972245	2.17048777628202	4.04427020701555	2.78495966067979	3.17658749633023
MALAT1	8.68566580537342	8.37792928165312	8.83547692349737	8.64231425200337	8.84656198000467	8.53271875283876	9.07838176854258	8.49501507830153	8.80089605350636	8.22695767576329	8.66671647853705	8.23955453625562	8.93754897439358	9.09549040542463	8.37808812142772	8.56970388658547	8.34388361987235	8.78053323677297	9.05346884804022	8.68406642533652	8.79503444504788	9.09549040542463	8.3072844469466	8.85059154930035	8.44722277101573	8.79699710486092	8.22695767576329	8.79283267604727	8.75945716101396	8.47597408016834
KDR	4.38379715432125	2.1851113246293	3.17655849159497	3.13626677119573	3.88783636358112	1.88614689677151	5.45867079339542	4.10211245374841	3.18106593644055	4.31108904893703	3.81040532677563	2.57221695660805	5.0772683877212	1.65131572172531	3.58881199940208	5.32875435515447	5.45867079339542	3.61599298043644	3.77209649262291	3.61013954503037	3.46377941675083	2.41264766497107	3.34424411615341	3.0095382116162	1.65131572172531	3.39096494868822	2.82004487182113	4.89844241259087	4.07922066652612	3.39528766917234
KIF5B	7.92454658965173	7.82765247586711	7.64007576091112	7.51631061521109	7.66508959998399	7.82581566547251	7.51437582175559	7.57487689707782	7.36026433322331	7.79121486229781	7.43539957313564	7.5687894073246	7.66395854670789	7.38288610162286	7.92454658965173	7.90034890407795	7.87212190950728	7.409746294859	7.72148323355125	7.66077366214481	7.46064557807406	7.50300657280764	7.63604011852614	7.36026433322331	7.56724560370725	7.65098536272988	7.7906131177802	7.36271388387356	7.89253875515006	7.78311243158315
KIT	8.57569630582658	5.86814347222301	9.72291071702713	9.02286536641112	7.73241017657341	8.6884747373927	8.6588016101828	8.82475829626433	9.19314003725392	8.70394473689803	5.86814347222301	9.00598191949147	6.43104890872121	9.42955925766923	8.84345240411735	8.33687902002303	8.45435973555704	8.95118350371994	6.2138175402263	8.56859853365592	9.62591443921383	9.72291071702713	8.53503339885516	7.9043583495083	8.53004511078625	8.61532951562353	8.99762192701524	6.14482612993064	9.00642417654088	8.53017210949919
KRAS	7.29583065990235	7.09149164207183	7.22292839580268	7.24479671694723	7.05282794908431	7.26418796467332	7.11671019616029	7.27054537277306	6.83169551377635	6.88995441743608	6.64868051176341	6.64868051176341	7.19580714236065	7.11071947956418	6.78575890298399	7.10919107957973	6.65237839517854	6.82645863808626	7.24459632177844	7.20033091058147	7.05238797733494	7.04616900666059	7.09724350521527	7.0755114214292	6.65143245664604	6.90913260981873	7.29307996142927	7.29583065990235	7.19774346125902	6.82066585282236
RHOA	9.42224123837935	9.27365231911291	9.41013806767617	9.01219765380132	9.01965035126636	9.41236437667225	9.10757948031473	9.0623410983629	8.88655264496848	9.38794530270295	9.09541657053595	8.95807369118509	9.20217582865499	9.0133279880437	9.29688862199354	9.3940121908761	9.16499603533113	8.51708140229125	9.27215272244554	9.42224123837935	9.15145694153139	9.28051085979433	9.39975511366446	8.58726369166296	9.21732968712611	9.24429441385948	8.9426450994313	8.51708140229125	9.21665751811245	9.28048845871921
KTN1	8.4668794406179	8.23697718055522	8.54998300361921	8.71207276357864	8.54779332307739	8.59330438421108	8.52895898326431	8.63453725447883	8.42241632288756	8.46348774610255	8.41330978510102	8.15475455874104	8.37552123178289	8.37528955210381	8.34821878429334	8.30113633133615	8.15475455874104	8.32513820549177	8.44294266424136	8.23299003571461	8.22189275182798	8.31076725021602	8.18644519262971	8.60848065553302	8.4678232845262	8.48009239610409	8.2504341164896	8.16180702387282	8.71207276357864	8.26380391503252
AFF3	3.02466388398129	3.68836703889242	3.40250195771861	1.91280626824673	3.40739042229996	3.41323873402948	2.39888792713261	3.61476425541433	2.5896154154655	3.54272582614964	4.29453813752999	2.03719219350063	2.15476594381561	2.00074374129258	3.88883385597073	2.96605482906146	3.29346371343669	4.11684016779399	2.76978677971337	1.91280626824673	3.78556187943927	4.26026166086742	3.99328319224217	2.60704568264981	3.33427333933476	3.42219367333	2.96504918438323	4.29453813752999	3.72608381310949	1.95760515788532
LASP1	8.65201776068643	8.52634711453713	8.72792407467787	8.27706150236133	8.18854837435175	8.53918243154168	8.48592032239794	8.19883534944357	8.41755307979457	8.45328681289612	8.15616262622877	8.61743416933436	8.61503170529603	8.07392743639437	8.12416602404782	8.44168745681973	8.44133800443778	8.16741557366409	8.72792407467787	8.50962840514661	8.39129253565373	8.07392743639437	8.1746963819372	8.20320027277827	8.18862648810301	8.32896323079085	8.23746058334158	8.1262263995581	8.11026338324027	8.60528749558976
LCK	5.44472364057206	4.72065963050341	5.92486063545985	4.21528839170888	5.6187310898702	3.8361944237453	5.93219559566053	5.95902067695766	5.67113721383482	4.19524777732623	5.46907421838523	3.91027387217988	5.66337356868177	4.54215246240755	4.95458914801994	3.80704187057721	4.19750957177168	5.60110972110587	3.7234432644	5.31959877363985	6.2984626219213	5.46614636229581	6.2984626219213	4.83150388901294	5.50066704098975	5.31340275535801	5.46318921911029	5.87612817141753	5.23032952599963	3.7234432644
LCP1	8.98522835024998	8.80761891884571	9.00842388116099	8.24606837688256	8.77147524352014	9.13914576350211	8.56093203164305	8.50764871455445	8.48089654352341	9.09575763896506	9.30599358864322	8.64516874066194	9.03791939449791	8.24606837688256	8.31216843989049	9.19745960770841	8.9849397565452	8.46572901252311	9.30599358864322	9.14421484604991	8.85882156790609	8.37558085892748	8.95020034527964	8.31497905111932	8.63075602465714	8.70994609780194	8.65259319119113	8.34948315692968	8.78079245166236	8.96039439998989
ARHGAP5	5.57635100763865	3.64723228453163	6.16848224247654	5.70010454705893	6.02839050646985	5.94789972279473	6.18712439325801	6.18712439325801	5.27409355279137	5.72240911157468	4.19580805138078	3.75775864972453	5.88301629250884	3.64723228453163	3.76822839577152	6.01911752603069	5.98782156604175	4.90678302469352	5.81438119300761	5.5493896371365	4.66464266770215	5.94192370839058	5.51924868774845	4.34038728260075	5.82271696112402	5.9291853310148	5.89855456087512	4.57240568147131	5.77112807366784	4.70049520497369
LIFR	3.02415228934081	2.727626719776	1.36774744573827	2.999653436202	1.79625353158826	2.46325414476728	1.3082753991465	2.34437347302275	3.41899968902037	1.39208483516841	3.81576222990892	3.45074863372214	2.51612278183159	1.60226284873301	2.21862676201768	2.90876643983954	2.23441550427943	2.82246334092939	1.3082753991465	3.17667612624107	2.6424438340188	3.4929892354996	3.80122569700321	2.8566648003801	1.33643083733436	2.85791661261412	2.4646316581291	3.81576222990892	2.67255122200091	2.25608959258801
RHOH	6.56967124699483	5.78788412855414	7.31381024016008	6.79298781493256	7.0876874338976	6.66261920892499	6.98638756643654	6.81903886119116	6.77524030582573	6.76172569780763	5.4727930913305	6.03136797193873	5.4727930913305	6.673025158151	6.5670327027203	6.42386099196506	6.396797936732	6.81700655445644	6.72929468277447	6.37310520447304	7.23029940195667	7.31381024016008	6.5296010400701	6.00489622815479	6.7842082468857	6.78152883706626	7.13753758425592	6.26588422687085	6.37627207554576	6.58905796690746
LMNA	6.63438416095744	7.17511832064245	6.12064453107559	5.23863474775619	5.58329227634187	6.89304518998474	5.53108074377849	5.68635335113291	5.67072049782083	6.50912083802452	6.65617759596414	5.98713528783089	6.78426820648646	5.23863474775619	6.1867865403243	6.63695155458531	6.60557236241935	5.8564022179455	7.17511832064245	6.83136350407545	6.02238212764706	5.76926834978252	7.12482038471342	5.96689395274471	5.57790671096432	5.47704592505402	5.38140346623255	6.77774600070393	6.29145413512446	6.66361084631449
LMO2	8.56504445662105	7.95408261322535	7.95408261322535	9.28795563590799	8.56527511814132	8.98426520175781	8.11973848106985	8.68106910420183	8.99452977698732	8.8856944517582	9.29645091493822	8.4623381532479	8.21044933221188	9.17191379059206	9.01511498537453	8.62009973319772	8.56854063978974	9.15078941990477	8.36969914145255	8.06294579989983	8.04750232657355	9.08679547601522	8.38852371293209	8.17041575984084	8.72298423637593	8.82150883700974	8.02853016526685	8.20523095986865	9.29645091493822	8.7307722365333
LPP	5.86533308841494	5.71097540135511	4.95662925262514	5.44962736904032	5.96943846942376	5.59568520806016	5.4317058049364	5.31621111782872	4.98774483209394	5.37750754017579	5.59858574111017	5.36132506845691	5.81809167027716	5.13354762786744	5.43882989460271	5.58420540129129	5.50181800551441	5.50403304416453	6.08206909825883	5.76888214768159	5.69826976882183	5.26088020836098	5.6098277417606	5.50038156778797	5.73915375558864	5.75103409844788	4.95662925262514	6.08206909825883	5.42983384211334	5.54178978599551
ARNT	5.469524203697	5.22179875129378	5.55584195623395	5.56540944769206	5.7122459965704	5.49240172873714	5.61426850849536	5.48643619004589	5.53914956920548	5.29903741833646	5.98216532114477	5.4171644722854	5.52476819258447	5.48343845954243	5.49839397335718	5.24496702133009	5.22328173895802	5.77833914354627	5.9218387270409	5.34883131799857	5.24237065276477	5.5535218541986	5.47217431357155	5.64707691913393	5.60899013039084	5.60471309430656	5.25022632395857	5.98216532114477	5.22179875129378	5.33602565610661
LYL1	7.97685834808917	7.45266565400155	8.40643542849289	8.64717796236303	7.96579858956975	7.50593571125392	8.79096636222961	8.42173463285964	8.39018713521128	8.19989968861942	7.51179699385926	7.64908075464991	7.75344990844234	8.31087986379833	8.1359560053077	7.9171362875785	8.12384218682825	8.34518215622175	7.46493730327657	7.46373976206254	8.32872621642265	8.79096636222961	7.45266565400155	8.75252054467334	8.40844368520208	8.30896430654642	7.95324657338877	8.17824665226061	7.66266846968561	8.01568324090287
LYN	8.59069927827757	8.87157319786509	8.17078676980615	7.81281848806278	8.59199352697637	8.84193062089232	8.68525430650287	8.18128905582615	8.16492677891237	8.43386939009905	7.88118121324112	8.02654435135224	8.87157319786509	8.47425068603329	8.66982271248711	8.50762532530418	8.4469598609662	8.01877672050733	8.79494718008315	8.6734180830661	8.34363281500396	7.93102446671557	8.44635315183778	7.81281848806278	8.21963512576858	8.16956904353865	8.48238735243601	8.31239696721682	8.52318048998203	8.52185758099594
SMAD2	6.57587395626625	6.93793955775671	6.6568566783966	6.48121729976908	6.53751011292028	6.60842536806229	6.70829598551713	6.86815452077809	6.66568524195993	6.50725952480442	6.5558548767427	6.93793955775671	6.69127562216418	6.7562845600264	6.64437024676816	6.58444557337517	6.66686145785849	6.51593095624374	6.46533364428583	6.67560480015624	6.79103113619782	6.62251857395453	6.75404458504137	6.70360249615603	6.89820864649418	6.80567938168706	6.87262442091235	6.46533364428583	6.52616500802657	6.66090735688089
SMAD3	4.467073495781	4.68226455590101	4.36415706744443	4.86222736407686	4.85945476157875	5.00827415351859	5.11026421796538	4.62156741288809	4.36305743473696	4.73351146911991	4.7048417906671	4.51637759572042	4.27900099448905	4.80275794450195	5.00774402569511	4.52487955615709	4.27900099448905	4.88172761008861	4.4466089643276	4.57982060237893	5.10003660013462	5.11026421796538	4.51854471391204	4.91730391417458	4.52140672334827	4.64841991157732	4.57924740520985	4.93040238968264	4.92545095791385	4.34904334586113
SMAD4	6.00022289397224	5.77117572408976	6.19013305053657	6.44436399161791	6.32778909824393	6.30386546030713	6.23083267623927	6.06444392225726	6.44436399161791	6.05498530093851	6.01828769234745	6.04095308728541	5.92269961156587	6.32851745073595	6.20383582425561	5.84957693056979	6.00553033868351	6.20441347633086	5.77117572408976	6.01795931096322	6.10601964829015	6.20428870886034	6.32550973197371	6.1263469839671	6.34724694562022	6.41252595051677	6.06783448135535	6.07043077616602	6.44100260227651	5.96187647318557
MAF	4.91212715336407	3.95016011504919	3.87353159231403	3.72265811971192	5.13642395085789	4.04848846477239	5.4361030169169	4.84966616700063	4.29188379296418	4.44477250444118	4.01690593498106	3.43132517865923	4.89429814058442	3.62233282395538	4.7016889043054	4.30384593614784	4.49925045649728	4.58272084859677	5.4361030169169	4.32105415588923	4.98203029304458	4.34420612504148	4.35419584500038	3.43132517865923	3.87973630030811	3.8019252794404	4.48982272916715	5.38850272753592	3.92907024777368	4.59943091938141
MAX	6.15920390671817	6.08307351569653	6.40461178914758	6.11605296640971	5.91810886252878	5.81638787577022	6.53270423125322	6.14204256348678	6.53270423125322	6.17774765754821	5.89458259959375	6.12986022284825	5.81638787577022	6.44471513365067	6.3070404983721	6.1828020995928	6.07740835880896	6.03539380241956	5.89229862058849	5.91163864303113	6.52062470929764	6.42634525035505	5.84691380713369	6.1190243452916	5.8957743407224	6.19237601221009	6.4331315200569	6.35580880449361	6.1212981066368	5.95538733767774
MDM2	4.85858263784998	5.45255722349813	4.5203661004611	4.52009442109807	4.8699998742774	4.83644954124105	4.9739760861264	5.29770724523047	5.06083450977931	4.62673316725853	5.36718696848191	4.90210103075455	5.26513885002837	4.52009442109807	4.67124073400749	4.94936749229663	4.60498729205014	5.51754094881187	5.07953711643686	4.80853070778879	5.47557690563161	4.93271552955828	5.32863909357367	5.11751312181836	4.69679809794225	4.84224131277873	4.59809793841987	5.51754094881187	5.02108156023532	5.15668912915537
MDM4	6.11611196034634	6.02179499303679	6.56285168656298	6.52677891474956	6.24343466077378	6.56033365818509	6.50985538558404	6.48756311199097	6.34669182322739	6.28740139237522	6.60273697087197	6.45353634209802	6.02179499303679	6.58541914503374	6.42555974382044	6.17650505997753	6.06942813358697	6.57899055599102	6.22278551748272	6.02533145730505	6.36703520721944	6.59763265564038	6.1871901747537	6.67035283886625	6.6768509034645	6.6768509034645	6.2890614748567	6.45742323455355	6.49283874269785	6.1538139742192
MAP3K1	6.85266029429625	6.8343105016714	6.53615500136049	7.22027667987682	7.15984735637451	7.29947656274089	6.36040250876253	6.3247228919149	6.6862880487386	6.57701070867202	6.35465949644698	6.3247228919149	6.80583986665775	6.47699033036671	7.17637814108562	6.84268499028853	6.60125011054415	6.32801323937945	6.59823556748708	7.16831535120395	6.40068342853719	6.76779363758097	7.36976370048361	6.68193983382992	7.25877885296247	7.36976370048361	6.38816616382045	6.96930846736541	7.26555103294212	6.49226074635509
MEN1	5.77532343612456	5.95262495792088	6.3935581381566	6.56911445791878	6.53877328082202	5.76947982957504	6.45653289604684	6.5688727780558	6.48984450925775	6.21419537515385	6.7281668531422	6.60549983123265	6.26800005621698	6.60085975256667	6.09890373085044	6.04382244679165	6.34437061157574	6.6695080712754	6.12989972707618	5.85403833343203	6.42445546059695	6.38560779176889	6.19113534366343	6.7281668531422	6.26639166307369	6.37826734417105	6.38137817881442	6.41570220269349	5.76947982957504	6.26443249501261
MET	4.31198726456042	3.20318225241314	2.84715236016639	3.12874414388951	4.61424599258475	2.99719713541157	4.72915207902289	3.26076569724394	4.16126896267093	3.89149658747258	3.48719041788332	3.66814455599595	4.57457517627164	3.27710333285937	3.68137343228317	4.47769283720389	4.12560812986709	3.36853973907022	4.77870413050707	3.05742546981136	4.21372713623596	3.22688046837047	3.00823019263704	3.38132170706082	3.15151516088619	2.84715236016639	4.32333451790154	4.77870413050707	3.25295823866794	3.30840717877869
MGMT	5.8465748653968	5.42179106074846	5.8205481892588	5.79463931561993	5.71682378938459	5.58423234525665	6.21710996671518	5.79998557246902	5.42835187556958	5.99495071050859	6.05430663136569	6.04737359528445	5.8488974171674	5.60343562889319	5.98406708974171	5.58034224936388	5.77865477244879	5.75443337740733	5.69971120406431	6.20863872696699	6.24949904617173	5.94823623149519	5.42179106074846	5.59038909093417	5.68170274829705	5.86066161488346	5.56033936162706	6.24949904617173	5.78163676240037	5.43724361447449
CIITA	1.29748760976313	1.01902606293611	4.14185333074313	4.14185333074313	1.96162914027402	4.043749122184	3.74743092935658	3.55906731731661	3.07825059123964	3.44359846885361	2.43534248718299	3.03017775776549	1.02455162978762	1.38206842101096	4.08938416694869	1.01902606293611	3.66015808403754	3.93394179067676	1.64355715355905	4.14081402571968	2.59065770612322	3.66807436899989	3.97511255034152	3.42947979885208	1.68043201725446	1.5054536250574	3.13316278729732	3.73447762359147	3.62478446171635	3.51776530246183
MITF	6.36936484886984	5.89109174636846	5.21158712694206	4.95082232991345	5.56594467083105	4.85390783502652	5.13385506301017	4.96333947685714	5.64854479989679	5.83941395141943	4.89274436217199	5.45825237335379	6.33371094128447	4.85513491322315	5.42219584832481	5.77056169077828	5.67040288062986	5.32122646863117	6.18585061440202	6.36936484886984	4.93694772121404	4.96831248460071	5.86630000948503	5.47734261598045	5.28216417813981	5.10826522181233	4.85390783502652	6.25411318313563	5.3808849028016	5.76984460781054
MLF1	3.49987904132908	3.71741282401441	1.6297928228506	1.64214884690348	3.224674459062	2.20872520608385	4.32575721820057	4.93259921829246	3.98078881238206	2.91919263996648	4.73643829002433	4.12858313381264	3.36582398420446	1.93981243679962	3.42300634457315	1.6297928228506	2.89801862448491	3.33042949665607	4.93259921829246	3.44510786467741	4.66980456054199	4.57850594564341	4.08132682726774	3.20257145063679	3.26539672437711	3.38617342455579	4.38784148426807	4.17625949762547	3.01287480915905	2.76925879379708
MLH1	7.84530689247444	7.76676605460108	7.87138737274006	7.88120374808841	7.73178422994296	7.83886889482591	7.85687575397181	8.11332315749271	7.64874902875188	7.96824473978947	8.03475482940363	7.87616840379191	7.7829044745191	7.91940499166115	7.98796452873467	8.08792379143063	8.13679171133676	7.78520776131807	7.64874902875188	7.88232544211133	8.14171455350068	7.88570517125497	7.92566741083646	7.97094974509536	7.78685104196324	7.66476254781306	8.14171455350068	7.84899777616018	7.8173001103414	7.9449968240945
MLLT1	5.69672137666354	5.4760466160179	5.4760466160179	6.01069793186934	6.04603026130907	5.55178612984229	5.85212312197273	5.80208440522102	6.25302961561246	5.64859817290501	6.17278281348861	6.07849679753814	5.88218273758987	5.93729528482787	5.5433501620776	5.74096481520694	5.710835530891	6.2896643516526	6.04903452109875	5.53989037078202	5.99514580134991	5.86142450152928	5.89303307004522	6.04990954571797	5.8051711136645	5.83638990233801	5.87065584609939	6.2896643516526	5.54885588947929	5.78702294756866
AFF1	4.17687142634759	4.64692968281491	3.73752763189852	4.44989817893022	4.25219026361475	3.70875065367572	4.05941920747313	4.19613476129719	4.13244412125992	4.16689010783191	4.38845088009499	4.37250405538843	4.46331949379568	4.39711197882479	3.70875065367572	4.56259172909106	3.81881367240523	4.22477593410799	3.92758344977512	4.26476503919442	4.45807889282417	4.15409907793216	4.4678075620825	4.78998356227705	4.00850269713104	4.34406013177405	3.77581676040278	4.78998356227705	4.22636621323834	4.04640105901241
MLLT3	4.76354769377285	3.57538482287264	5.83514210997896	7.01895712435545	5.78798309517766	5.57592275186875	7.01895712435545	6.68017209417695	4.27688048303462	4.91325031915304	4.89017964524835	3.77337581357734	5.21165200742862	3.57538482287264	4.91481381537082	5.33779054073758	5.37859587983863	4.89503661919826	4.56726087190189	5.4259418397661	6.77822080814129	6.9378109097176	5.54470521769507	3.77987053367262	6.88712348584612	6.8015172201295	6.26230450239221	5.21730018167856	5.33459434036937	4.04917596395358
MLLT6	5.9154369576161	5.68423650827652	6.15146403109854	6.34279406430946	6.45067410461549	5.67061558353305	6.16657383600699	6.03244544804015	6.05306231281085	6.06982035868177	6.29215365442232	6.24042595716358	6.27290245506982	6.04481251022497	5.67484150900428	5.84923370616984	5.67061558353305	6.38999228957197	6.23513502736914	6.20486564844841	6.10324175198977	5.93674473925631	6.32741386670279	6.58623069300968	6.1230497402838	6.08742841188307	5.68152900929256	6.58623069300968	5.68045228576697	6.00448147479482
FOXO4	4.18179274856984	4.31906602319653	4.42472352885487	4.84159109643688	4.28281157627601	4.38585669646719	4.73828789830882	4.13709322616969	5.18181781409125	4.30954717616584	4.66269411909196	4.47909846512394	4.42502215160783	4.65984437872191	4.13709322616969	4.29370078125268	4.29928094342166	4.63213873692651	4.81868921668214	4.48142515884337	4.44452991885749	5.28996185304894	4.68390607765773	4.92322591215197	4.63259541752549	4.88298075066324	4.2350128364337	5.28996185304894	4.60081696949367	4.39755640284986
MN1	6.3412615857161	4.33824549132349	5.30354452468855	7.0075218638018	4.33824549132349	5.46404363653282	6.72397094861829	7.0016915799184	4.80659050778679	5.93167769590615	5.09454012397778	5.94583591118185	5.55664643607691	4.70263310556644	4.63240482517967	7.0075218638018	6.94121456461272	4.94031623434894	5.09325144925823	5.2013017442796	5.85970706486646	6.65142189103957	4.98816735187189	4.79982253559975	6.03011098143184	5.98927957677046	5.95840724845491	5.57187159120632	4.91158193128984	6.10497584721336
MPL	3.89582749772083	1.63808498424339	2.31861980972157	2.83015185085018	4.14959719950288	1.90261082890961	4.58696971396174	4.58696971396174	2.90425535670798	3.76022303845717	2.30833290621855	1.59132431670914	2.40337935412429	2.44063316895349	2.37023394348359	4.24654778119904	2.07994696226416	1.89286828052342	2.26623425955298	2.03685987528744	4.1205325698599	4.47462607107237	1.95706732155066	3.35598342833397	3.76986904964562	3.9094925013419	3.14704913865141	3.69028603950784	1.59132431670914	3.33064933685816
MSH2	6.28073929170105	5.58029055838842	6.72463609425075	6.95815336067042	6.81035310383064	5.6916248822066	6.95490056487714	7.44201640657588	6.72774323016149	6.64927890152203	6.91491615100291	7.10317725832244	5.87395881580012	7.35202599710888	7.20673248033252	7.07824074511117	7.10812231023846	6.17220815845602	5.60424902144487	6.31322636577741	6.76822747566926	6.51713640979078	6.60514935362297	6.21640959419322	6.85852652927788	6.98080228483376	7.44201640657588	5.58029055838842	6.69403218332682	6.65745935304489
MSN	9.04829473165311	8.86414316471438	8.99808197028895	8.98188714220175	9.15503279666638	9.06334963885424	9.25045098265811	9.15957706458624	8.94622095550453	9.19746240118303	9.08429913261468	9.11743150706434	9.25045098265811	9.23300716193043	8.86043475679197	9.1959090457615	9.16031283350785	8.9909548022725	8.79794412098995	8.9683749260075	9.1266221781193	9.04882146708848	8.87788511242481	8.78755949543702	8.97587196954996	8.93114225323948	9.12340338491275	8.78755949543702	8.86014544685629	8.96486299551289
MTCP1	4.59889285607242	4.82341871140428	5.31637180802182	4.91242095243263	4.8578533358798	4.61797987591859	4.79080819861185	4.57024250667766	5.31637180802182	4.7700648118655	4.95884235880656	4.75169876310751	4.54345769290202	5.26923630553807	4.78263653125966	4.57521975008298	4.5525043694078	5.10461598189959	4.50921842364857	4.50921842364857	4.69768466428453	5.01734452468567	5.07267052249079	5.27827528525612	4.89090353636167	5.13485131680213	4.72656053367039	5.05670227991295	4.86482136430168	4.72471908326515
MUC1	3.41015461572309	4.75837499247531	3.82872831258847	3.98181681604973	3.9900529435987	4.64330516238546	3.98918659123077	4.049174656487	4.7088693214629	3.57145558748288	3.61458980570452	4.03602547455478	4.11225179988204	3.83713672434468	3.77375621020609	3.63496360318582	3.36835480165805	3.70278958300182	4.39300089622933	4.25255819607462	4.31965120665496	3.31345711155944	4.818469627493	4.91723946006833	3.97155458317282	3.83997834715386	4.27719299695932	4.91723946006833	3.89830436042244	3.31345711155944
MUC4	1.40132327597072	1.53710292674546	2.61233219230101	1.61513275140104	2.43441846175839	2.10247914772448	3.36777271591885	3.07086210855926	3.03177270297627	2.88396800759785	3.05872372278744	1.48289926928923	1.89431073529604	2.40000160042304	2.04026133012935	1.56434589081429	1.66647317722591	3.09471566953622	2.26485212530484	1.64085166355577	2.9307555439194	2.30941216027349	3.04987197349035	1.54072909822281	2.54631732818743	1.95006679565503	1.40132327597072	3.36777271591885	2.43084775810497	2.28662365175608
MUTYH	6.44249793814562	6.26847166070932	6.5372937782189	6.84252849963877	6.40834149438765	6.32104792911906	6.83539778789335	6.84252849963877	6.51204701643263	6.58284559424194	6.72412553432699	6.47825631437464	6.37658329080916	6.52704624348012	6.39165243089744	6.75683049805589	6.71091565795783	6.66886344932528	6.36260700890934	6.29867689101169	6.83251245199028	6.65584879193919	6.4847381410476	6.78644001714932	6.39981974791563	6.41562755270331	6.26847166070932	6.83695179936435	6.32858119670333	6.6687042715967
MYB	9.32990340110509	8.17449783115886	9.29816956000624	9.7862945325942	9.69588726765262	8.235383700526	9.49318712451205	9.51438161690377	10.080921635606	9.6465972402847	10.3119057085464	10.0812090253982	8.55366017298089	10.2724620592812	9.52291267383545	9.44833274555031	9.43501397499201	9.94697951011094	8.17449783115886	8.86082614618545	9.61381344091976	10.0311017605461	9.44931178094642	10.3119057085464	9.65153468239335	9.70780688442677	9.73348628654275	9.89009673348669	9.38162694599808	9.29555070810025
MYC	7.93684499929657	6.85451138105666	6.87129497458086	9.23364026445607	8.78151180428127	7.63437568951811	8.18928662610027	8.56097526109078	8.77699552209005	8.76920323914019	8.83970545074675	7.0782162661432	7.33047505170988	9.23364026445607	8.47994643701856	8.66916448032578	8.59216064878634	8.59269675464156	6.96187730115116	8.69044982882381	7.56217423126133	7.74642568393921	7.33363252854006	8.14956970223208	8.1956626378518	8.44230744012731	9.13489619298619	6.85451138105666	8.12926646594708	8.43576193600184
MYCN	3.17543347222765	2.38549761069357	2.73487177444499	2.42101356861811	2.85146326990388	2.12968567750366	3.12590899846247	2.7544349648314	3.10599381123549	2.56363465122663	2.69871808679078	3.88276756610531	2.39682575212567	3.88276756610531	2.57318228259914	2.34355891594642	2.15209781915771	3.83372700189889	2.39868288634441	3.5356663230563	2.58154559981249	3.62891534097888	2.78759000981015	3.73435696514882	2.98210067187101	2.28507004673637	3.58790103390744	3.68815065635084	2.12968567750366	2.96330031568163
MYD88	8.24305374954575	8.83147085389971	8.21394960682241	8.01668625530246	7.90502100157825	8.76740726141252	7.62024751491082	7.66832514742486	7.84068606743169	8.38778106301605	8.60085875378522	7.96817425537257	8.40898287334042	7.78515658568579	8.83147085389971	8.07823787048054	8.14714210797664	7.81768448869435	8.69236287402657	8.39807474181304	8.21016711605572	7.85734321779339	8.49258098516059	8.08370541977119	8.00320547654933	7.96788678925141	7.62024751491082	8.50415923301785	8.41368904726795	8.39307068613473
MYH9	7.60686325569649	7.12716262415297	7.58471374145095	7.3558492658235	7.53196464570147	7.60686325569649	7.44673894061899	7.50008356293358	7.30857028182748	7.54687622508891	7.47198895162357	7.28869940398148	7.49142791734609	7.05357920552457	7.51205100902951	7.24791455328461	7.59997970693441	7.10075237670033	7.49160725977584	7.55302091336585	7.44439902897732	7.24242003263545	7.52656572342728	7.08599504712353	7.06756682660687	7.19095486398078	7.26914901389477	7.05357920552457	7.39275884804105	7.45656629004048
MYH11	5.38457783243102	2.33066017184402	2.22909188262855	2.16132829867298	2.17136602249916	1.96567099789538	1.9454337708382	2.25280991385281	2.69053688732917	5.38457783243102	2.42798253526635	2.22237657154014	5.19060304322738	2.22797888067667	2.02510760048142	5.30882281896411	5.05975632989997	2.33225299792093	2.41991868941091	2.03760202463108	2.33010970154129	2.09504256291928	2.55743812091412	1.86916236028608	2.4631276623487	2.50611834647495	1.86916236028608	3.32727160862322	1.98105262703016	5.0430009011498
ZFHX3	5.22240335160448	4.81277090936072	4.47710940400775	4.00738611455137	4.16190814797203	5.45846531326903	5.00152190978265	4.25237333163372	4.28509374477584	5.22488801273553	3.95882603526838	4.8535850065723	5.41915857899832	3.96997223716323	4.38852820965927	5.08233616785358	4.64029992333939	4.78973520774528	5.42807027454569	5.2295687529936	4.94009396691985	4.43989639486081	4.49099173535738	4.81744378283422	4.58438390194629	4.76211360989628	3.95882603526838	5.45846531326903	4.62549240284775	5.19414697668076
MYO5A	6.59792992988335	6.60716517629087	6.30057215573787	5.29774420122924	5.6105395844814	6.29355114149382	6.02902457199286	5.83225552833755	6.14290061110709	6.342811011092	5.6362289296838	5.71402325145406	6.60716517629087	5.29774420122924	6.33833765708799	6.4393331381124	6.44676977654792	5.90674366707632	5.85816082045235	6.45591081281818	5.74640233019582	5.55242311781092	6.3305932309531	5.81333657053465	5.94612071235267	6.04358710902275	5.47853226046542	6.08596982414506	6.45684315346839	6.38534950082064
NAB2	4.18250883500021	4.13095269345031	2.86223494731695	3.99769799278937	4.26534037070047	2.92250160136394	4.07594925772904	3.97595550858048	3.41662645312184	4.738762023849	4.25395230597776	4.61975705171337	4.67040760507845	4.31316217119799	4.62845668299542	4.54024606469088	4.72768913153822	3.66694556544842	4.00209851771807	4.49166494361664	2.86223494731695	4.40267896104585	4.21688722317893	4.02765946086149	3.96499062796795	4.32398023653816	3.42928037419176	4.738762023849	3.71629912650279	4.04310992271457
NACA	9.89397674065052	9.14450287416431	10.252646241313	10.152032913352	10.1513696977855	9.88525515660945	10.0946622261505	9.78858096474019	10.4235802507776	10.0962680741387	9.89498694895741	10.1379536257862	9.28347739078377	10.4622999295098	9.89858840930547	9.96618363360191	9.58162850800058	9.92774250197965	9.52109028894598	9.77178349176174	9.72743337173185	10.4622999295098	9.89033465097379	10.1141941964277	10.1270547170921	10.2663111643592	9.78640233005977	9.14450287416431	10.0668938034136	9.99795458580616
ATF1	6.690743038175	6.36163946403271	6.95079040999493	6.79595406412725	6.90956999564084	6.61633876338764	6.67538105523581	6.9467202876076	6.60325999424332	6.69517432820671	6.40015978229285	6.71606895691923	6.11409733507024	6.69117044879215	6.90514207883874	6.64567207605976	6.61427369847955	6.29896065609508	6.59955242726129	6.56157535706658	6.05881639795374	6.77620035725368	6.59081594781263	6.61194194909143	6.8539039396077	6.90216367861942	6.83967751903828	6.05881639795374	6.95079040999493	6.62279903847756
NBN	7.0638216013835	7.39093721859767	7.05958690257884	7.14763949403226	7.100116886455	6.70819359553251	6.85782407121198	7.17458050740979	6.85470693783849	7.20091755879634	6.57510148528319	7.07130032269097	7.1245873603801	7.05022409997891	7.19078869437575	7.10542102986478	6.9470795561403	6.88849601221107	6.57510148528319	7.39093721859767	6.77743903334347	6.67042863764745	6.87292399942503	7.15883280040412	6.83849430359013	6.99087150580152	7.31476443476759	6.72213029024301	7.01792153983254	7.302485969142
ATIC	7.74602661216143	7.06186438465389	7.81458273676677	8.15865266869353	8.22384398884402	6.64869546964915	7.9078832263127	8.28466201923026	7.9706970151471	7.9552440969263	7.6123569882868	7.95010005262014	7.61138730522168	8.28466201923026	8.06864691214105	8.18998236892553	8.20085472945276	8.07677856683675	6.54603289971399	7.70876710710914	7.85073709931514	7.46755416589281	7.80607484095437	7.59265219277035	8.00763592125336	7.95364849469134	8.19586089697286	6.54603289971399	7.65197750154202	7.99478696744663
ATM	5.84272523236565	6.40052645712534	5.74619843880263	5.60814905963959	6.17784138994127	6.54284710503509	5.71418330626049	5.82295066759754	5.92220971595208	5.60814905963959	6.35469760963577	6.23868431228074	6.24965640121367	5.86685470414731	6.52562951492057	5.75173416626787	5.62029837414132	6.23894331507771	6.44520559234826	6.19818078611992	6.27346774276569	5.89190841322077	6.54284710503509	6.17811588534699	6.41316684920915	6.29325547677062	6.02208644961576	6.48967116197905	6.48400495417579	5.80220938103372
NF1	4.64342692375906	4.60907801762729	5.01670870312411	4.88822753150917	4.78365136438884	4.82200354720267	4.59368922429263	4.93096333221453	5.00635244517854	4.9302573083168	5.05951799928085	4.36751382954459	4.69697758419013	4.64308626702385	4.89134147182225	4.72699528870262	4.82271315698816	4.99235522228964	4.84285666856747	4.47024768659152	4.86817127913149	4.93009393445336	4.98558747432493	5.11371066893305	4.6371826991608	4.66370909298889	4.36751382954459	5.11371066893305	4.92581731981455	4.84466468396819
ATP1A1	7.7636423360745	7.8566532612858	7.59402281236422	7.59414753807892	7.89932798813656	7.693199791681	7.95606858571295	7.84500195397619	7.84853150636432	7.99343074779311	7.52164190946545	7.87607603106925	8.17447783410435	7.73679833760688	7.70180976181781	8.07901612793467	7.97254530183542	7.69874275783754	8.17447783410435	7.92068474528969	7.74418090520673	7.53382810130868	7.84722315347557	7.59303017251406	7.6394961378302	7.52164190946545	8.03737537789494	7.67984989696225	7.69124045449686	8.08313352773767
NF2	4.33648580317656	3.94562464694538	4.21223489195431	4.00124038391018	4.14563909891952	4.35542261631397	4.04956666969665	4.01409400794956	4.09071062605719	4.10875270870145	3.99915793691719	4.17068204046546	4.13334740082415	4.3631499547865	4.18968090995058	4.25081597980835	4.05176554353445	4.05601899554707	4.31303060182233	4.04341401723374	3.94562464694538	4.0906955486122	4.14444497534333	4.38705509808687	4.09229862946787	4.12478318944326	4.11004621644336	4.38705509808687	4.05247141819204	4.141205699865
NFATC2	1.51632374937271	1.37882660306352	1.03497565955763	2.90957288632453	3.54295195754864	3.55837537487695	3.01426671245453	2.26341142917505	2.52313454938228	1.32349416643793	3.12346438320188	1.71105770419427	3.36234393614944	3.11917484868272	1.37216606986389	1.72539302478325	1.03497565955763	2.26566763627778	3.62431539212864	3.2478741798765	1.58765394580141	2.20871451877478	2.78782370281665	1.0503595057762	1.30447223182244	1.58102798911012	2.26859956167612	3.62431539212864	1.37644343591839	2.53988798876744
NFE2L2	8.12286524520684	8.5748915184665	7.64692402713753	7.92239260623607	7.98487119831681	8.23338755609917	7.72668775432622	7.62463480711508	7.77130582009574	8.34640175987922	7.99896362107812	7.79563309518536	8.18752446568097	7.62894647484896	7.86280896909978	8.02919362255879	8.00080943156805	7.63486333843941	8.21049185568314	8.5748915184665	7.62463480711508	7.73961067749526	8.04412438836611	7.84945142197286	8.02728779556043	7.92930054092577	7.79186234211306	7.66204681864688	8.5067235964746	8.19596352929842
NFIB	2.62993007011886	3.27444864322608	3.27702974041011	1.89897429975822	2.14029497780021	2.90410797861479	3.18802262771826	1.96896169542747	3.57577318780247	1.91020635092721	4.11955248302687	3.38377875625063	1.92509439013667	3.75062023838212	3.34786741913903	1.90554242997129	1.89897429975822	4.42933486724955	3.37443423699801	2.91271747075222	2.90382679782418	3.95422927825192	4.19844470364632	2.25194972772735	3.34241965780023	3.56126915708849	2.5321222720085	4.42933486724955	2.91516623173514	2.88305691883836
NFKB2	4.38475252630514	5.10549689308349	4.12765510755154	3.54382927250598	3.23691234117986	5.30595899793978	3.68279168779526	4.21720319429731	2.85184352470444	5.02058921769621	4.51700050906472	4.02366665136494	4.33335635298486	2.85184352470444	3.84967112126448	3.5918379504747	4.46058880564796	4.44224538001171	5.13368654297158	5.27972187635839	5.20358779896952	4.31407849355908	5.140722400572	4.87084192448023	3.72488935034143	4.04816274718665	3.99595829039439	5.30595899793978	4.18840575045283	4.89811054799587
NFKBIE	6.66101658135071	7.18528786459106	6.30556816508386	6.33804036810487	6.14290801975239	6.63970703569948	6.3356598305083	6.89876942994042	5.99331270673935	6.77763899522998	6.05709295119915	5.89023361095471	6.81893903317597	5.89023361095471	6.40284282677954	6.711030849174	6.75306055429183	6.31088859781758	7.18528786459106	6.90215226767057	6.68010265151431	6.22715210093365	6.70738349990864	6.35466601301386	6.26238901722338	6.27709153690313	6.40965297131403	6.93680931193415	6.0672213866542	7.11052848048109
NONO	7.49562602894165	7.13882759704742	7.96677989841226	7.48193013610399	7.35622981964983	6.8029647825632	7.75810555132907	7.45697517338839	7.58740401302084	7.61550623918771	7.57385569796663	7.77847078034013	7.37406195462628	7.70027163717309	7.62136309859547	7.79249471993991	7.45317978791243	6.82458014637044	7.46010026852374	7.4944179764643	7.98485984521214	7.01362346274152	7.1057371926871	7.70990027793977	7.74290029431718	7.60428629695198	7.98485984521214	6.8029647825632	7.15897577212212	7.20277387793059
CNOT3	3.70153768919034	4.09460516828387	4.31269632427917	3.91340944503125	4.23889954148958	4.50907152699735	4.34247779242185	3.66327411054447	4.25172658205035	4.31560384554548	4.79507844782233	4.41161394643833	4.17079499602775	4.53112318163117	4.52841199141852	4.10490890534758	3.83715722056879	4.07685833750785	4.47962645581157	4.08006728151518	4.21775594287475	4.35232926756978	4.74532414832788	4.51836607726702	4.24404706898475	4.10208095838831	4.16403155092329	4.79507844782233	3.66327411054447	4.21142416630057
NOTCH1	5.9311444642579	5.94645003095533	6.75006099478296	6.16790683747089	5.60754656336001	6.75006099478296	6.10868431637607	6.35631057123989	6.38522315526731	5.75732293827353	6.13181031020139	6.07294786685271	6.24301254898555	6.05443890449594	5.87628469140974	5.7420048648288	5.60754656336001	6.52485413515141	6.4281494629129	6.02982244383311	6.53159927105625	6.70073185626332	6.14328606651424	6.50496643667583	6.60571861081569	6.47718527894794	5.95567839334854	6.66592481749233	6.11351029053634	5.80471513550446
NOTCH2	7.15597623120441	7.50694010871987	6.72245195957129	6.90338228710447	6.42388336486837	7.35703650436982	6.58417695830974	6.45117485257337	6.81214606083423	7.15459484347084	7.13612598330858	6.33067597228882	7.16311743897153	6.33067597228882	6.66816212153115	6.55801506030242	6.47104412408428	6.53511501679692	7.50694010871987	7.29056362895415	6.71368342094347	7.05824402872173	7.34097110698678	6.64274270935211	7.01872584483151	7.06395940998495	6.37671452808808	6.87497619513458	7.1166019546473	7.10248142522208
NRAS	7.19862212222239	7.30059191663672	6.71085048899188	6.22480738758802	6.29517346756583	6.80985694461217	6.56861739788195	6.93194292838037	6.20659807129777	7.14883623090956	6.45788138580746	6.59020115254287	6.77941433031117	6.33347624340812	6.65989136575714	6.99542802460832	7.05624320041823	6.20260149918197	7.30059191663672	7.14677583879142	6.62866880388962	6.27432798232121	6.70179170835542	6.20260149918197	6.36904609057664	6.53555102610412	6.89456138912333	6.48840646816877	6.72649553758005	7.22083998322554
NTHL1	4.79843488922852	4.72067978888505	4.93084526905597	5.90815401309314	5.52749436534701	4.80254946883549	5.85503509984836	6.00125895119639	5.72794426308116	5.40563577240523	5.73786952574528	6.00125895119639	5.46839531179764	5.9590599487338	5.25011949950792	5.469931127825	5.43986946265937	5.80231377204563	4.72067978888505	5.04069920671371	5.03691097508166	5.24373906530454	5.62804311649574	5.491193137018	5.40085417243497	5.56045103685496	5.76764154082221	5.31528573680868	4.99432743084709	5.43803943065015
NTRK1	5.50878106668948	2.99980764361342	4.37411363444904	1.57994466190758	5.55497034256624	1.17578230131734	5.76443420061908	2.42453755916676	3.88165678465119	4.94326642994	2.41553813645449	1.35759082513352	6.00496454306914	3.79309945593498	3.96734507262387	6.09344021205495	6.09344021205495	4.0659861063256	2.06177829138157	1.19137198832135	4.71227280675563	1.17578230131734	2.15082422442136	2.34041271566366	2.47123743306309	3.65206320454202	2.09917954925798	3.49861090792613	1.25201645861463	5.14408978755165
NTRK3	3.88434817314841	3.36024656334813	4.07849944776161	3.88172565596953	3.54595294954734	3.43285084200407	4.16331576018972	3.67025193228154	4.42647861910239	4.18434065582291	4.23500054326832	4.15349400756297	3.91961544002495	3.34342954617065	4.16417149992848	3.85945505679089	3.65398473791074	4.21175715562062	3.84830049136868	3.34342954617065	4.05973483581952	4.02683661187895	4.50028667298865	4.33502184540993	3.59177895242148	4.02912039102667	3.36856268865161	4.50028667298865	3.63619774642644	4.02654604920906
DDR2	1.10303777276628	1.54558780236275	0.853504098592395	2.43192713595023	2.59628640863603	1.67501668427291	2.03389692130618	1.43344256331982	2.1892111257436	1.4525869979822	3.246603590396	1.03075537075064	3.11439159098334	2.92499073822385	2.49900074722809	2.12704721678978	0.853504098592395	2.05724526301713	1.52607305760555	2.54855524418306	2.23178406365013	1.48045506958255	3.246603590396	1.5654497861669	1.41655910011489	0.899860729364465	2.16439632524143	3.00743714045404	1.78508598073387	2.75511885308037
NUMA1	5.01010249320871	5.1904171109197	5.3955501231961	5.45642911456161	5.5885767355907	5.34234479738834	5.64164752776075	5.58187610755365	5.34360120513699	5.05587190195178	5.6329714847307	5.67738940940499	5.54780206710275	5.36717805283508	5.44129902601742	5.02804744790948	5.15886605829372	5.72883731638817	5.85726564203198	5.31914983924316	5.85726564203198	5.83634706579701	5.03101082892421	5.56087074408247	5.77260723150629	5.78652122802248	5.38780162511699	5.01010249320871	5.32847673421965	5.29992027785043
NUP98	6.7120920853307	6.57140551166295	6.48158933160903	6.8643397809839	6.6108777849861	6.46399625699826	6.69259790046351	6.64120098041445	6.85029834438552	6.94357500575502	6.53117626483169	6.43362715750454	6.41743899354301	6.77085561823121	6.65906462740871	6.78154189839527	6.84449663017621	6.65603981114664	6.91505316108955	6.58972165029203	6.93831948956376	6.84288859058546	6.41743899354301	6.912121030333	6.88473920369413	6.7524998863509	6.94357500575502	6.726335934793	6.45544632723441	6.69683191705044
PAFAH1B2	4.72238375742749	4.32442609318189	4.3991495218493	4.1889746230851	4.20021314092929	5.06972418112968	4.20724566305309	4.23712481329621	4.71607326271872	4.05938232007168	4.2532329765115	4.37103090002264	4.66522712164404	4.44564314389788	4.01895511970782	4.66369249949045	4.20941864959624	4.77851549159415	4.25720359464765	4.1562280906697	4.01895511970782	4.57628931108044	4.58050677316489	4.43654460428196	4.22568370398696	4.3879584443907	4.08059424428055	5.06972418112968	4.3748981776208	4.42018154772906
CHST11	7.45218484461301	6.8868003760749	7.1556032247138	7.20724164335721	6.93783632446839	6.95170863078147	7.15178625307796	7.18456996992315	7.13515311060575	7.45218484461301	7.22053248562566	7.17312881689232	6.97906427050175	6.91447939876613	7.01903899269951	7.12527593146635	7.19966895754821	7.01719853786811	7.03033652818847	7.44433175390885	7.05879604981978	7.23524392283775	6.8868003760749	7.44344314642343	7.31413209334883	7.31694791383072	7.19647080022325	6.97895848598891	7.01381390804479	7.31851747026624
IL21R	5.1581925978695	4.67602767477353	4.67139951629094	4.41070079639647	4.76798014895767	5.56564282526511	4.96557353618213	4.39889840739585	3.58786372980524	5.0366092325636	3.72316940245238	3.32719252398909	4.42404948252112	3.32719252398909	4.43246381540544	4.87914093974383	4.79583162883245	5.03365002369585	5.00397795413325	5.16923654285332	5.56564282526511	4.67287721022103	5.51659623692109	4.46674133404284	4.16538708071923	4.01832585376719	4.57561052242104	5.24025969043353	4.96704523020858	4.96900177397927
PAX5	2.1608334681324	1.2000256648046	2.67003349881459	1.28206136452183	2.10693145353912	1.28279730322315	1.95232677083964	3.33573652287498	3.26783452492934	1.73950698804364	2.49724304962097	2.16280990196405	2.12873432465874	1.2000256648046	1.26764644084809	2.4327948643883	2.8304232432456	1.84047663444436	1.55703855774187	2.63727951719563	2.78094321735564	2.1883860132835	2.22102001022595	2.6995450068529	2.47862102884273	2.47049052974295	2.44200349163358	3.33573652287498	1.29898964074698	2.16502145549903
PBX1	2.18248607640048	2.12209581552464	2.66307166190398	3.64990489235181	2.61916359464851	4.24580524016944	3.01013777966109	3.98209620672456	4.40034756264499	2.50676787427895	3.00187822455719	3.34846411579079	3.43970373669399	2.1302598496268	3.08288644340429	3.45303727416427	2.11927432405869	2.80412982804512	2.21453032595034	2.99310868558975	5.33974966412781	5.33974966412781	4.03460867241438	3.6240805818425	3.917895034416	3.83544114632935	2.56701879882494	5.22371531865524	3.56982045557204	2.11927432405869
PCBP1	9.18839089362855	8.93005678570107	9.01681004785731	8.62049833829193	9.04811434713867	9.07575151445559	8.74211193901445	8.61201199418883	8.40436831141109	9.19397969866696	8.88673201582894	8.51393566777781	8.78928640750022	8.80280870757558	8.86026073781911	9.0975751524789	9.0990305807152	8.25375429391859	9.19397969866696	9.04421912667014	8.61699505222798	8.6505006370849	8.66245212917711	8.28933518231853	8.70460366611891	8.82117328471845	8.8097078712931	8.25375429391859	8.81934881323314	8.90241988382844
PCM1	6.67707309960697	6.46907343420764	7.13047074998858	7.19159515392603	6.97862445801619	6.74574691343301	6.86890349190629	7.07189019206167	7.12632558749103	6.74434353958247	7.29037602296461	6.89919824438431	6.88963008923609	6.90660313211633	7.11673602889109	6.68397463875083	6.4716137156534	7.18035768107092	6.82025844173729	6.46907343420764	7.04428299127296	7.00454314768211	6.55111071491118	7.13778981599046	7.29037602296461	7.26773024219572	7.13578717592766	6.97098168137368	6.88549023160782	6.57739555692944
LEF1	4.04877476524642	3.77979810854613	4.35658770507184	3.48639972508895	5.00932346633089	4.99967790978766	4.07904380408791	4.4364940392929	4.94011558390036	3.63609176477809	4.79927590523422	2.37346508759512	4.5111154365672	3.46982443780591	4.56319325458943	4.16447293228116	3.53665583240259	4.53745941235008	3.84596245364626	4.13852361796523	3.88466831849009	2.75632482596564	5.00932346633089	2.40231832025375	4.67141853993094	4.83920740158484	4.27895265585537	4.98454323399288	4.05446183485439	2.37346508759512
NIN	6.28262813586903	5.86857808053021	6.31912012005296	6.27199761013801	6.10721900789873	6.10298232520284	6.0021718546312	5.94573925846996	6.10416262970105	6.38504220889696	6.17130769647601	6.14173150697115	5.86857808053021	6.0469353372849	6.29707306891845	6.19107003528044	6.07643461182241	5.96491548740948	6.00439953720788	6.1199365112057	6.2121226472618	6.46109422438326	6.22682802727673	5.97295934412627	6.31855331612695	6.38902052890675	6.21291207421249	5.97367329109836	6.46109422438326	6.17150913438073
CRNKL1	6.80181200345723	6.92365333172864	7.08781814178157	7.03889157938909	6.9382855854684	6.93068487185908	7.17151599120208	6.65206757974773	6.70448394161335	6.86701287496221	6.96864235792107	6.95123122747136	6.68817133466568	7.17151599120208	7.05532552031426	6.97887967281759	6.87686421574952	6.78488656782614	7.12600397442788	6.77388499833825	6.96516772502102	6.84297065229692	6.72384782188023	6.65206757974773	7.06040868268992	7.16458744412194	6.91426270923912	6.68131636598824	7.14583593203615	6.84928332978821
UBR5	7.36412464462699	7.16892096194685	7.69386574919154	7.65401373884086	7.54505800892288	7.4781581589942	7.409201308896	7.58726934363032	7.43883303774737	7.39564135255113	7.48514772895399	7.3506782005908	7.65842634736133	7.54018625695286	7.54506131664265	7.43429237440426	7.40680402343229	7.43671272791538	7.69226591662405	7.30625975600692	7.48218030431879	7.59713725631216	7.16892096194685	7.49431479416482	7.73079468165922	7.73079468165922	7.65527831892977	7.19546454777578	7.62959862253289	7.35027754616964
NCKIPSD	5.88228100411711	5.90037823021831	5.22308110579617	5.44222775079123	5.57971772286994	5.13125639360794	5.7479833110548	5.56481079457305	5.7097334139873	5.40507161866001	5.86867876030794	5.29334866935804	5.90037823021831	5.53607354062063	5.44698074936443	5.62761277062605	5.76980571316798	5.82606141974625	5.83047244473903	5.70684411613437	5.57934265364693	5.57309730217096	5.78251830480955	5.7174486169609	5.23842819739674	5.3541247542452	5.13125639360794	5.81981509815996	5.80010602110134	5.72182684503033
PDGFB	5.24820886715739	5.2051662514387	3.31963329053121	3.81380123327346	3.27864419844315	4.98274277888587	4.54173851183835	4.33866862510614	3.73747045146158	5.27419975111055	3.89097548263113	3.62803252805691	5.27419975111055	3.27864419844315	4.13157085532362	5.03523786889568	5.02643279785313	3.87418462687548	3.46421333451465	5.04372850358639	4.06612064730123	3.85757457705121	4.65605051198251	4.23341351626285	3.67737639148091	4.12281348691927	3.3443602077097	4.85129461713006	4.49809494536591	4.96165303878085
PDGFRA	4.57792911879387	3.51737805204931	2.73329653412183	2.53718585269247	4.30378981166885	3.35169375521532	4.24922957219269	3.68768230310038	4.04401013985661	4.67614409709042	4.16512072594635	2.19923930179898	3.90630996625136	3.57471778692817	4.13711526415699	5.03867164259983	4.8069220281278	3.6690730783655	4.9385102250165	3.25088441434679	2.95795614473064	4.11651349064191	3.76749354636509	2.19923930179898	3.4370066413299	2.74703642783452	2.78470787446617	5.03867164259983	4.31375628055459	4.07210441147779
TRIM33	7.17774250669574	7.54810355182616	7.60392552680013	7.51794778701934	7.50070505903653	7.18222675911115	7.50190409026321	7.45403550441262	7.65648906998538	7.17774250669574	7.33192894805894	7.67196610286495	7.26315466638825	7.50723381957553	7.41729253332516	7.27019191902074	7.22874180458112	7.56296107567662	7.76207111280367	7.25178123046509	7.31810955256288	7.37123259029452	7.45765281563135	7.68532021208325	7.76207111280367	7.73054872999005	7.35689149435842	7.47018088594014	7.46785836557989	7.4093515200354
PDGFRB	4.13823996543942	3.93888311244479	1.39477814826139	4.06131793710513	1.29463351379269	3.96827034204967	3.91107287079163	2.11462462539302	3.33123361412292	3.78938868226563	1.8303732596974	2.11994409516632	3.97292370978605	3.27944636624832	1.84053865946839	1.58239545550606	2.2843081016407	3.85062915127744	2.49892597538987	3.10709557496034	4.13823996543942	3.17968052667532	4.03034441640083	1.29463351379269	1.76232073125233	3.89539547804296	1.78316197942523	3.1190558536957	2.83007215771829	3.43344237642153
SUFU	3.77440517232636	3.32249896594471	4.40518973435979	3.61204643082446	4.0309955909579	3.75365851303209	3.63063449919863	3.91001479714732	4.3639065044977	3.84812650242593	4.21821564391227	3.79291530487421	4.30925078170036	3.42746028834663	3.49032526179139	3.2130079126272	4.07473408959715	3.72583122485663	4.50298468382603	3.71204420943482	4.09935158330207	4.30846910372567	3.76109472593248	4.24132786909001	3.92452858231897	4.13935222443695	3.50631250327641	4.50298468382603	3.2130079126272	3.92342923641332
CDK12	6.41447967331807	6.27995003272359	6.44860455256003	6.68706106188673	6.47447046151031	6.54689907343223	6.59788066216877	6.49232471403588	6.62904278080935	6.54425416549803	6.66222823046384	6.76021896057086	6.41618814064548	6.76021896057086	6.55663833564575	6.43776160991382	6.48272033885192	6.64350699273823	6.42159726332651	6.29967234819271	6.44941379762254	6.45467874785766	6.42017960855899	6.63529726262471	6.61516409497285	6.58655323978895	6.56654153287206	6.27995003272359	6.70532998124852	6.52620013875694
PER1	4.94589728113153	5.30728003068361	4.75188004907742	5.06409345242155	4.94658004174273	4.98212391915744	5.22597875335078	5.15005435514702	5.35519716727029	5.04719637170579	5.15952718676682	5.04332303194198	5.11263282540144	5.11332428286539	4.87139772375905	5.06240859253617	5.20075796019767	4.88043092553195	5.37913476146562	5.0645034360225	4.9618998802121	4.75188004907742	4.98467234600335	5.26838980544613	4.76499474716569	4.77978106584211	5.37913476146562	5.33193181381045	4.89005746788929	5.01267660832266
PIK3CA	6.94778753420132	6.6519537248674	7.1033242893561	6.90264381658299	6.71440374352073	7.05225120589057	6.85161429566785	6.63630631172992	6.81759790236753	6.72695763185922	6.34600804203481	6.53101100968554	6.64672232655386	6.51803446076397	6.98360355019061	6.91318538997034	6.85112163854957	6.34600804203481	7.06460620638245	6.97374923514405	6.69792395684681	6.78653662611578	6.771949033052	6.92935547539347	7.10605937906036	7.10605937906036	6.87027052242266	6.45439713171979	7.08830569116419	6.8768351220867
PIK3CB	6.15418946402537	5.76814549245155	6.13958423894447	6.3778701816325	6.36879262608811	6.72112143035956	5.8252916961071	5.61147687902464	6.9167855246222	6.13088719569581	6.75649350313155	6.35179082927247	6.28310259928265	6.40704922947558	5.8627755350155	6.06913876440201	5.80951148899808	7.14207967269157	5.95592598650141	5.61147687902464	6.25620941366992	5.80638434552016	5.97860255063994	7.14207967269157	6.5639354837617	6.66263634297452	5.62764490105866	6.94470223650812	6.64444989822765	6.54405091434571
PIM1	5.95811554574332	6.72291716440017	6.39042220357881	6.53680832042664	7.79413089551588	7.26591274209094	8.17700084634727	6.99945907165314	6.79915058084552	5.58711797030949	6.14214661568373	5.58711797030949	5.72672609182417	7.68022511696441	6.52887599885146	6.07197648699931	6.17438777795387	7.99630631074133	8.27039407313864	6.38745038468463	7.08301549753777	6.19910250044101	6.90132785512201	7.38093026754676	6.52136327355076	6.43355358807239	7.47811500213242	8.27039407313864	6.12057572421078	5.78175518436598
PIK3R1	7.2123055197773	7.02407980727833	7.34654768816552	7.57452575238316	7.38067074369772	6.88499174077199	7.25883486278346	7.21233609917317	7.47360006526066	6.98805905549632	6.99831890659562	6.96208031682146	7.14572273279764	7.19577909254142	7.30537566125595	6.88499174077199	6.94084880080546	7.1478349079573	6.98278127076748	7.24097949652945	6.92935396779607	7.31955261496397	6.96494027082227	7.57452575238316	7.05634561450932	7.01658137297221	7.40552686509145	7.13996385867445	7.40442756849311	6.93941290006677
PLAG1	3.51029943315055	4.02225186927428	4.1493089387383	3.51196578843987	4.43250937878611	4.79462606212437	5.13306583889269	5.11180423154701	4.33352004790399	4.3177732240971	4.50370698804673	3.78986439404536	4.85947446383125	4.69387068901328	3.61068124434967	4.39090797718143	4.29302450162705	4.89175334129877	3.51029943315055	4.44643141238518	3.66163526818057	4.43181825858873	4.40948091869665	5.06208532507771	5.26973961745596	5.26973961745596	4.11564553422652	4.46623465519073	3.95384571322342	3.86153342547027
BCL11A	6.82059598765732	6.20649375924808	6.85913952227072	8.01033934443098	7.45692678346666	7.6715387624794	7.67160819947851	7.77686398573188	7.7069270678402	7.24248555798553	6.04679832007434	7.47253241837918	6.04679832007434	8.01033934443098	6.82732529019798	6.54557826715098	6.84944159968421	7.78504601348323	7.07176971100122	7.23519840129096	7.87049382810017	7.71627471511799	6.95566299565149	7.85991978000179	7.85748729260052	7.74957063328748	7.69253802830615	6.95626351805542	7.22041026032975	6.55151619560399
LRP1B	3.50889306347704	0.906421336988482	1.32585026770596	2.25618270301274	0.212362421295506	0.258209905070941	2.48340665618901	-0.189984805299769	3.29016264451578	0.552758934464105	1.72978803722545	1.69396773847472	2.23761202383768	0.080631438753455	2.75449578344743	2.53326730969001	1.45886365718803	2.70174808027976	-0.189984805299769	2.68560215057023	2.51676331034415	0.9423815726011	3.13383715233359	2.31212596666204	2.1000594197168	-0.0780110976378023	0.971290394172137	3.50889306347704	0.528451186773493	2.76826008698333
PLCG1	4.76633366827131	4.67267383563074	4.71159777612975	5.53203763183686	4.79044809870664	4.47338503093384	4.660408788146	4.86192711793222	4.91744624118402	4.50813232268452	5.61700316968097	5.15537211390253	4.86972062022876	4.47338503093384	5.20514176724807	4.70393723180781	4.66862649224936	4.71675740892188	4.8273062328288	4.8206671854817	5.25429152440305	5.61700316968097	4.97075293698842	5.33250163472526	4.85837281218053	4.90640844064118	4.57493129420188	5.60011527549409	4.87063283073187	4.56714431957117
PML	4.84324954523731	5.10607411484747	4.84926715253969	4.45084959505001	4.55929106313273	4.47252391556433	4.87044818432057	4.73526574020616	4.9274707733195	4.6270900235454	4.3884712081643	4.80452574866025	4.92079523003328	4.71382942132793	5.08512894754219	4.3767185664409	4.3767185664409	4.73463176974152	4.78693680150702	4.55379421826817	4.67117535418148	4.90498988324558	4.81536528840175	4.92423663214245	4.59883061499069	4.67116304855104	4.57248653326688	5.10607411484747	4.56298656053989	4.70292303844987
PMS1	7.02591795455474	6.74793869818728	7.36033399848298	7.79569595898647	7.65209626660289	6.98089470966583	7.40276823542044	7.59643845645586	7.58362852549237	7.37822050481715	7.81567402176385	7.57570432758922	6.96803498418738	7.77449194860599	7.17788438243299	7.50677763625953	7.45740895834507	7.81567402176385	6.74793869818728	6.8830261077409	7.27294961320365	7.21861385173658	7.23247065303701	7.54383234628393	7.53902981968744	7.55371958694809	7.62964359458874	7.04198478910598	7.43782969515135	7.43978620266706
POLD1	6.07834784347056	6.14255773694623	6.36876643861615	6.29587894832322	5.84806940303626	5.81518003184133	6.144262519866	6.65762823909747	6.36737840904427	6.48051710585284	6.65762823909747	6.62478800322839	6.37238282951941	5.88229253535777	6.2201303399244	6.48591775823175	6.62913179299192	6.45866205353243	6.14961389854034	5.93336624210948	6.32577445093064	6.22116762894121	5.88697390561132	6.39876830709134	6.02298675497814	5.87189885323864	6.57643652662338	6.51387706525716	5.81518003184133	6.06978818930964
POLE	5.50440411205986	5.64760633577598	6.85368924844511	6.40073160832453	5.31200148413807	5.31200148413807	6.67789976079077	6.60322397460111	5.6934234976749	6.38928555519857	6.06747557543723	6.03068507144863	5.78326562365002	5.87530080277837	6.84754726230342	6.29344346818765	6.10671965199675	6.28620767784897	5.32389642979185	5.43068425774474	6.62650220804323	6.85368924844511	5.54101158788793	5.91205997846905	6.40878026942079	6.11337247908777	6.74018730780383	6.02162935064026	5.63751078264256	5.91021474580662
POLG	5.74620331957501	5.87627269875621	6.0371025158154	6.12181626583007	5.92285324986194	5.88867180262461	5.90203967499106	5.79217244928949	6.10633506671798	5.74620331957501	6.00448606794959	6.1121530684242	5.83133062346813	5.90606485805664	5.8065462162642	5.83103031499195	5.79209007098498	5.84843338232177	5.8715947578933	5.79602036878418	5.95316874654112	6.14166618538071	5.95962711207831	6.09862416468391	6.05935719825131	5.93162392667525	5.98532016131577	6.14166618538071	5.88583495164972	5.89174916334229
POLR2A	4.65322560817024	4.46133539388497	4.7392510881892	5.08624911365744	5.09048280795873	4.97949894879332	4.61932972092983	5.0848481442563	5.34105803987401	4.55992483649868	5.46523547667176	4.55663151030219	5.01566639735209	4.64022433268019	4.79084279420557	4.63450140012227	4.58607128983871	5.233029730718	4.46133539388497	4.77041666977261	5.3220431809412	5.44503049881997	5.02310871073883	5.41071666884262	4.54098038666759	4.78091941206917	4.55109509801002	5.46523547667176	4.90570469348774	4.65154609112847
DGCR8	5.43267438904319	5.58438027956765	5.62698284053853	6.02293783456664	5.70117611652931	5.7327629928855	5.63239112584912	5.89066770335237	5.80777201637365	5.61495195675942	6.00387530761416	6.02903946600326	5.77701168945556	5.88151568476374	5.3905683660523	5.62667027599732	5.73087869576691	6.18250589088864	5.95795476305888	5.3905683660523	6.07749480363335	5.6482108237343	5.87608879547838	6.0421785470632	5.49416837824752	5.54670682276324	5.72412735693885	6.18250589088864	5.69226643367228	5.7510205087575
POU2AF1	4.67758080274861	5.16771418548837	4.7943727141601	4.03276569629828	5.77483413365758	2.79984702786545	5.11338218210798	3.74821858051551	5.22982533562032	4.54456600314763	4.6656221483535	2.44714475737149	5.41469294477519	2.44714475737149	5.4313298863397	5.17590746379986	4.99798963393	5.42292334084503	4.54222069060541	4.76698300873914	5.08270978108942	4.28920352659245	6.33990895589041	4.89201654443822	6.33990895589041	6.29284685038343	5.07892594469135	4.67292028401543	4.78863617486711	4.32112309171612
ATR	6.90986125880291	6.59874085165823	7.27488874643943	7.63446086867324	7.50211941775189	7.18302607167369	7.11131790167301	7.22726825812651	7.49855305854616	7.20752301816049	7.20265041561102	7.11065398700026	6.79352170369841	7.63446086867324	7.21748791469881	7.17112360642969	7.15596824263379	7.62467000526871	6.59874085165823	6.97871817061765	7.2121301452224	7.08924666462749	7.25874692824555	7.1963436483338	7.26669497351022	7.33580344075637	7.3168637405961	6.83693617493758	7.49377404904656	7.25556534829881
PPARG	4.77771083269556	4.77771083269556	1.61537025110217	1.56128102671733	1.26995256928869	3.33652968762059	3.35489569685608	3.86235738255016	1.70943700857648	3.92080354226839	2.67228585397994	4.31160234543448	4.48629187855772	2.16077223297212	4.46945983091729	1.98754373793105	3.48801676713131	1.93554624330435	4.4337575729235	3.19524340592005	4.0640401544331	1.24584688384788	4.51700341152386	3.37037206003449	2.82345308835374	3.2593534079002	4.71186566257405	3.663002900477	1.24584688384788	4.00435619732035
ATRX	6.89072657498597	6.47287220382456	7.26669625604538	7.36780376838676	7.35341178366282	7.08345685999483	7.29726564507964	7.10867525760027	7.30835008471833	6.73275922727309	7.095424609925	7.27375992522331	6.56141590611551	7.02193572509708	7.12450827424193	6.67579130808813	6.75627465696875	7.18869913577417	6.47287220382456	6.87131515092179	7.04358141336653	7.02739427458292	6.72234496735931	7.16387185645344	7.00742212064985	7.36780376838676	6.85791413849021	6.75262312986323	7.33280022900683	6.9321186600878
TET2	6.11037511688246	5.50018931016694	5.89552917601324	5.78591989136297	5.80510706118017	5.73412087681753	5.72366470404758	5.39757129821593	5.92579949913597	5.81008424534696	5.21658555632641	5.92390540688535	5.82839841706438	5.29053652573152	5.91728427063176	5.59290474041226	5.36324648508438	5.79069116492594	6.26130632968999	5.35823293948366	5.56484966460716	5.48106681850281	5.66658133945383	6.32680700258158	5.57317208012268	5.83562247284662	5.21658555632641	6.32680700258158	5.76924056472612	5.63079155418427
BCOR	5.51496803396274	5.51496803396274	6.01300859234697	6.05511758447967	6.27426532819447	6.17839457680544	5.77288362953917	6.26536515093739	6.11068761373572	5.75120064265668	6.32324546723905	6.32324546723905	5.56502368133607	6.1992752760771	5.61270725147759	5.63473472290022	5.73522922992115	5.84941965692088	5.64682407493838	5.53900146808016	5.78940120811528	6.32171464608093	5.8670041371015	6.23351197369943	6.24512232909946	6.27354913124639	5.777874207108	5.81880138612959	5.90297510088994	5.62526804698117
RNF43	3.45983093201127	3.16785951633411	2.48524458847796	4.35951818479367	4.74224179737411	3.20556935547085	4.34708995246448	4.26547263976523	4.74195501259858	4.33036072839525	3.08507146587827	3.56489311920806	4.23820401234085	4.74224179737411	3.41416081347265	3.95106345388082	3.67627926054472	3.47026308675291	2.4104475453139	4.24297140369571	4.00800391912115	2.53682653051261	4.00092648350301	4.0974956185942	4.52798494088809	3.75944105574692	4.20326383340711	4.41426521503171	2.4104475453139	3.54743377027712
SDHAF2	6.99181574302798	7.11181660004549	6.89968343859605	6.95116721696024	7.12468782364612	6.90764002089892	7.11534460169327	6.78836402833579	6.97332280269333	6.86862185924925	7.12468782364612	7.0695197704839	7.03323313282516	6.88940903910906	6.95342780791763	6.82067227344121	7.07560839428439	6.86631713722907	6.86932629578783	7.0980730000836	7.05160583178874	7.07726196859421	7.12048422034137	6.78836402833579	6.99822292477507	6.89576304511381	6.8536959556766	6.87208894575918	6.88708126263542	7.06712472076012
RFWD3	6.05838783839565	5.54354738173568	5.74746402083657	6.23134047934877	6.07744226755775	6.31621977572123	6.08485766553629	6.52651242919823	6.53190201831519	5.81417395431225	6.66463386976814	6.43664152842867	5.71705474759345	6.32813627943698	6.03482021739536	6.34042474968718	6.52719543000798	6.62839136271688	5.54354738173568	5.69041704845072	6.72436339573317	5.92949986354158	5.91445005523867	6.47211599272415	6.0790649360016	6.11376833168717	5.81449187066325	6.72436339573317	6.0039580126777	6.14300545857042
ARHGEF10L	6.548906275027	7.05827578193767	4.9368404533673	4.47810190060609	4.52452085823527	7.01163900615392	4.69431903556352	4.30227994901555	4.88961068572314	6.58442030432622	6.68625669950205	5.91152681512114	7.05827578193767	4.30227994901555	5.71752577837521	6.08635733167408	5.83080636861007	5.57171263208478	6.37227661592481	6.61731938933327	5.97843279472682	4.89113926310446	5.64462397003688	4.88647546429006	4.66736667028141	4.90532432596524	4.39621206270035	6.01891229296352	6.19557352961769	6.88175974488046
PPP2R1A	5.1617417589212	5.34999951546981	5.73492202211013	5.1635172450873	5.43884622897188	5.52365389427392	5.67350876485059	5.66769804016472	5.48454869891161	5.400754540604	5.55624344807826	5.40321118968705	5.62002091092515	5.27761425351404	5.16459588711269	5.4505713521911	5.83361631546756	5.87812944573326	5.87812944573326	5.49687213350957	5.84995953855709	5.49429312132923	5.46796661180809	5.70138093874134	5.47540259309476	5.46929121221005	5.52879420900113	5.800859629622	5.1617417589212	5.40781241941132
PBRM1	6.34138605203229	6.47000055178498	6.611678741197	6.42851938026025	6.63300456083344	6.50780675612214	6.35540055210118	6.37530654276896	6.63300456083344	6.25029884964253	6.46235165194252	6.21274840615079	6.13095681763007	6.48377651752747	6.4799656792697	6.22897112139258	6.13878609907901	6.37687563341328	6.41115408177471	6.48902925373372	6.19708531962829	6.38384496299411	6.62667347467892	6.45058746920401	6.49328993822904	6.61418885577782	6.13095681763007	6.58095328089104	6.51071182044125	6.28372412776039
ASXL2	4.74321558294902	5.07813135028826	4.81158008710843	4.92044961750827	5.06765074347487	5.19484992101087	5.27543940043813	5.14696322327725	5.27509271204491	4.85466942535666	5.40109577516159	4.70416625893519	5.21197865949937	5.02123326451959	5.03612771023724	4.70416625893519	4.81475171705219	5.13736345292051	4.96653875012724	4.8039774139326	5.15044806481971	5.18355035904901	5.29594703609309	5.32933517685849	5.03219245343667	5.08928730276975	4.77280926532521	5.40109577516159	5.03492674671092	4.90135384161161
FBXW7	6.13474224964618	5.97145939435201	6.11884039481741	6.490512612448	6.1336043443729	6.58685199142997	6.1656339621933	6.17274785969939	6.10504843459342	6.28517131295153	6.40428337386884	6.31612200262013	6.15367620710785	6.05297896880784	6.12206326263023	6.00994422015684	5.97145939435201	6.32847025865139	6.47697817552392	6.267746939697	6.17782941062102	6.46995520615831	6.47468583505305	6.40417980739672	6.28042812396763	6.18763208354734	6.33880353928653	6.58685199142997	6.56352838760659	6.13677023985714
PPP6C	7.14408138257483	7.07129224844704	7.12491947840321	7.09559909508451	7.05370513495061	7.38463303632445	7.13693459681297	6.99035654515176	7.02477321709523	7.14527921174651	7.2933581366714	7.1667293567383	7.19621323756703	7.04554395788139	7.15490137960778	7.16540380686287	7.36192389818162	7.04859905974698	7.15731039310014	7.14844234727048	7.10406704828128	7.12511901049817	7.18981899307	7.06529170567675	7.37609455957575	7.38463303632445	7.13988719662999	6.99035654515176	7.13717817158083	7.14404330317542
ZNF331	6.08495332881213	6.39864087197529	5.46558350488275	5.66646204384053	5.58370915727853	5.79252259301164	5.75358789623278	5.54309400481484	6.00606062010724	5.80809810118776	5.64521181201173	5.81162996323374	6.37152377905389	5.70737013850089	5.64310795348687	5.77965654257012	5.91073596933734	5.7142859780546	6.39864087197529	6.14424072921367	5.87390618219351	5.46558350488275	5.59226496709935	5.67858123799154	5.6294091253342	5.79730553392463	6.05940323528647	5.82946033730823	5.76992508369959	5.62141807657866
PRCC	5.90087374797939	6.02721302252913	6.04078874137619	6.05760088013515	6.36084877487736	5.94409435797095	6.16430249355873	6.36168746720239	6.16593971355355	5.94857417182537	6.04004902767464	6.229587377671	5.97263319050076	5.79733971531798	5.92027574539459	6.00266260961381	6.09053408770135	6.12711083040754	6.28748606490463	5.84600950277593	5.83620673371151	5.90643742973172	5.79733971531798	6.36168746720239	5.99598932776088	5.8736033948533	6.07631965775612	6.20299625476914	5.85090642173683	6.07373906527041
ETNK1	6.30829273245545	6.37255716959912	6.15146846276591	5.88876702206902	6.13730211678821	5.95578392528259	6.03415821522871	5.7414907549561	6.01624609878226	6.10500167582536	5.75924916753559	5.7414907549561	6.01937275872706	5.89813153785209	6.02896127925253	6.09045966329783	6.24838793940855	5.92444604968204	6.39426129807559	6.12696972614233	6.09835320544114	5.86290197962035	5.79146617037127	5.7812081593746	5.94041880853411	6.07329146971145	6.39426129807559	5.82658371429287	6.01267737048429	5.99213015262487
PRF1	5.18406898163126	4.5456235131048	5.84834047315904	5.12522160342902	5.59526869713194	4.8381743014874	5.75379343709372	4.62179153136304	5.28577155346679	4.70818808663747	5.63758888921052	5.40191341496868	5.04145471321175	5.00295005193731	5.32481748069643	4.93530875017395	4.91456212037119	5.13381632259905	4.82500438132948	4.83092298614469	5.84834047315904	5.52873758217347	5.6662487473585	5.15759471598267	5.43797616772707	5.30098570321797	5.26426891373573	5.77125968302416	5.18162379856904	4.5456235131048
ZCCHC8	7.8666238058662	7.96788523325826	7.91824737818858	8.0639298675616	7.68535311015006	8.23416026284681	7.80134914542123	7.84969266075615	7.65070865750778	7.97821604889187	7.65070865750778	7.91979720683364	7.92134903428194	7.84558142966287	7.92057705882771	7.80509588419814	7.73590997387872	7.8930254599932	8.08632770205873	8.04771235055009	8.22432898891623	7.9879648339902	7.87255747997017	8.20464147820588	7.76794920410675	7.90178124392499	8.23416026284681	7.84220334739816	8.0463965486707	7.97529556980222
TMEM127	6.75101491243909	7.31820829331567	6.31599346819425	6.36514363881103	6.26019551528686	7.26185682669807	6.49838042602206	6.17288318898302	6.38119056965799	6.60210205709531	6.60658275992147	6.22333531452374	7.34479077576532	6.17288318898302	6.35504520194013	6.55829641272485	6.65323513220549	6.53056867111911	7.34479077576532	6.73631142565024	6.60788517072731	6.65061212445062	6.75025240966731	6.49374523253776	6.53513178834039	6.41045246228345	6.41774501697645	7.06376595998689	6.60369161740412	6.69912970299841
PRKACA	4.56370676697734	5.00582238659086	4.27270912260709	4.02277209502123	2.66157873170268	4.95857360671909	3.54855399885485	3.33943398952087	4.53959106203398	4.51129005499626	4.34470068407193	4.39814530311085	4.9677739578825	3.73079373209628	3.88613128838097	4.56309636281712	4.21500314263436	2.66157873170268	5.08680239429437	4.17624627598421	4.65089458093516	4.10335419181572	4.51274009060739	3.81451642248622	4.01673601629416	2.8797593386761	3.14091792652943	5.08680239429437	4.23646377419892	4.43572850438056
N4BP2	5.12703881906875	4.77775854203063	6.119368170425	6.12939908646644	5.71214722952867	5.06673920077999	6.00085805170373	6.20949227401169	5.62569698318428	5.54954859511002	4.54275575482002	5.56234558659193	5.56441853531413	5.60415938254457	5.20344339280864	4.60651535597494	4.54275575482002	6.28187972665587	4.76445500739242	5.58577771957597	6.3309319071492	6.3309319071492	5.62995808705999	5.57816947724602	5.37199271054455	5.88048669362724	5.4513399472861	5.32170358417313	6.10894335491676	5.61935972570785
PRKAR1A	8.65561467933039	8.23993465400113	8.86543685009131	8.26223257873847	8.94376938463794	8.76421113633842	8.83350494418458	8.7968108106653	8.45385580339849	8.53416154906523	8.80495016806051	8.94376938463794	8.37784440487648	8.41543867333578	8.46963300492917	8.52754973944496	8.45426779158285	7.94433817813943	8.83940434198279	8.72539351076822	8.4559448224757	8.43473209079854	8.57656848902306	8.10103027485553	8.63207724991994	8.68865599087857	8.61840963003413	7.94433817813943	8.69758453618304	8.37645682251818
PRKCB	6.3874192845861	6.27608520466798	6.36466314495611	6.91011005851411	6.06578283452875	6.85018854613891	6.91678071826643	6.66768148569759	6.50747441503063	6.54171778313428	6.86508725671977	6.58866582889566	6.16307929352279	6.47494401383607	6.75755535942094	6.63090451801135	6.55715873132448	6.36153457585561	6.70520221186396	6.06578283452875	6.43008227619134	6.99418928029996	6.74312964143097	6.81614379940498	6.90159075685859	6.99418928029996	6.77697005028679	6.53798036485727	6.77464936201602	6.34176265259999
PRKD1	0.879295510259441	2.63077501391308	3.34013044019796	2.15298441822155	2.89727384240488	2.90143693850595	1.62124985014646	2.29656550707807	3.77323711646701	3.09800137016443	2.60920921318101	1.13699020086513	2.59086340265616	2.76137725775923	2.15440195754845	0.755690005205583	2.79200605491925	3.8961966768715	3.21877271638004	1.07732589472041	1.365475204801	3.8961966768715	1.94946907291553	1.85368368514176	3.35171687339909	3.25726039323462	2.60514741627472	2.08832450126555	2.8998400688948	0.755690005205583
MAPK1	7.36082983579039	7.16434400176958	7.52304638083944	7.00105184934032	6.89788821553826	7.44932642948616	7.21239363239297	7.24737092617484	6.80787266988716	7.33375943349919	6.73664464550718	6.87070993561848	7.17501538018727	6.86445552280954	7.44105159416207	7.31962187764567	7.47930514509374	6.84734291591384	7.35142124695055	7.30362136171538	7.24827815814212	7.00944304046204	7.15198183223122	6.73664464550718	7.01275139110109	7.04135046539745	7.52304638083944	6.77087099695193	7.28792526330016	7.14134688370516
MAP2K1	8.14015270624803	7.74431538788679	7.92017593438212	7.65450244539299	7.39403353309648	8.30266288621307	7.50003834401601	7.50595633370341	7.15156202948541	8.15796900022321	7.28746548981145	7.54437376213468	8.29410518038564	7.27280568417282	7.85617495699362	8.02880235331843	8.25179143505298	7.0935278046703	8.30266288621307	8.17382966767133	7.79074187673791	7.47112883096339	8.03218704804834	7.0935278046703	7.44761984371709	7.40170723218445	7.79223107209068	7.42231167002027	7.78776795097083	8.28081358090613
MAP2K2	5.62725901356614	6.11545296191654	5.89622983073836	5.59990683834045	5.25501926135307	5.41224524219944	5.58965838909789	5.37714624952974	5.85067966841573	5.33236278319056	5.39736820364123	5.87518224984811	5.99081769681806	5.40594394028125	5.28083998429197	5.55891166087419	5.48313461457527	5.75401967217197	6.16667775707272	5.68526921077062	5.43494095231111	5.25501926135307	5.55590912250725	5.91644498892588	5.73158720966123	5.37318429769731	5.37934910401325	6.16667775707272	5.40451816718631	5.48777916306721
B2M	10.3724336953402	10.4923025312392	10.6609855593379	10.4862857916321	10.4290471954825	10.5165127971351	10.7178427646895	10.3925222902896	10.9160568361205	10.487154312973	10.1853864932623	10.5105742297835	10.7415570710863	10.6347979144633	10.2428291871379	10.8023880775473	10.1853864932623	10.6281165333843	10.6807374794327	10.7370733486662	10.6455097271342	10.8782702504094	10.9160568361205	10.606954437154	10.5693317621001	10.6184840555654	10.3490737920074	10.1890386140758	10.639267229353	10.7084504888124
CYSLTR2	4.08927939703206	3.8118409076606	3.72657794192728	4.3643582149425	4.36436597788065	3.97646234086606	4.11945924098767	3.14279647226549	4.60470709348399	2.52191673970952	4.41186527982183	3.62341424126937	3.28210064349851	4.11704142325446	3.95775012082195	2.55694739350328	4.00461681332774	3.07732165769905	2.77216481858057	2.52191673970952	2.95834489598155	3.51334928402548	4.2422346369894	4.09939356149847	3.33292229990339	3.99547564883991	3.6357556945868	4.60470709348399	3.52362833585827	3.82185958708948
GOPC	6.03653087080481	5.97907860542448	6.40262706322711	6.26096301874563	5.83603317128047	5.87384063424737	6.04946478042802	6.32175702686509	6.28986550852924	5.85126983362751	6.06902354771121	6.35722003620234	5.88772102026108	6.24521494045698	6.0084584841741	6.07595010298489	5.83097009808402	6.38395240444641	5.83097009808402	5.916411873917	6.22159172412213	6.38788204311947	6.19989119052999	6.37575760717047	6.05380013816148	6.20106426574366	6.1953194174766	6.40262706322711	6.19377157588854	6.0349778805461
SALL4	2.98001450060367	2.71024063666223	2.90093119509347	1.62756492672673	4.87944302177349	1.75921599280023	3.08026048777736	4.84626312103764	4.65154990864477	2.9166125783759	3.63893793468295	5.16881744949859	3.89457818964814	2.52804850354557	2.37130916721082	4.06456422244934	3.84365835554049	4.93568366139591	4.77028828351579	1.62756492672673	5.16881744949859	1.93399034161133	4.05787152734726	2.77662466633618	4.29828647703503	3.27556906554435	3.63385476838177	4.9832203344786	2.1875298267682	3.09503718870768
PTCH1	3.54130277515095	2.76216575612559	2.9950247193881	3.33626514992161	3.29083087689448	3.6770961408225	4.06698863487949	2.45270925070681	3.72003839602403	2.94217717326128	4.52234938750105	4.73003963107473	2.99176241762496	3.48870879709408	2.35112561621791	3.12954145312499	2.88310659187793	3.84547799697731	2.35112561621791	2.45061181633856	2.77321484903837	4.17123995675842	4.64891067302379	3.41197503520114	3.13038591389955	3.58544934586043	3.12357998484508	4.73003963107473	3.45972719597718	2.80461235738789
PTEN	7.40550615596751	7.096086279522	8.15463786047219	7.18257069022566	7.72812664154678	7.07656627370504	7.16641139348361	7.53299837829529	7.1847685014561	7.2676684015297	7.12690887276842	8.03236967308301	7.03420692108856	7.42080551344472	7.7437231309648	7.22302368335907	7.20384215572782	7.03420692108856	7.61163176575272	7.45415129542775	7.70617439396675	7.63748097402632	7.76880769904203	7.57169533673563	7.44419380023033	7.5544065885475	8.15463786047219	7.204069607843	7.46895352742761	7.45930807931204
BIRC6	7.94478439216783	7.80613645748684	8.06151870878622	8.23428688380579	8.19995106645291	8.01311015662468	8.09960175202651	7.93234100340681	8.13122746716639	8.01148165729839	8.14765708606333	8.0601509728044	7.93468270543651	8.10437556735811	8.17189032237251	8.08226530422431	8.1942351058313	8.23941997116239	7.8427776876458	7.87578422967984	7.81491727036807	7.98091483411165	7.80613645748684	8.00730831793973	8.22030224288965	8.23941997116239	8.09344553377962	7.86712571300122	8.16231714920678	8.03447236247231
ARID1B	6.32276189075719	6.1195060495951	6.86362162330333	7.41482037569078	7.23086190674011	6.34785710960227	7.03228593627551	6.58783595621459	7.31691549227324	6.50372320612587	6.14384440676106	6.52910908598769	6.1195060495951	7.35131426756292	6.62498500211949	6.33554092035427	6.16444840243978	7.27399156836935	6.16864445655146	6.57961291208012	6.57140561161211	7.41482037569078	6.38602978563213	7.20587712903129	7.23265399516381	7.33608606713014	6.90459970029356	6.82785222345699	6.82546091245469	6.27341738079236
PTK6	2.25056454358711	3.90320329564368	3.00811697975943	2.87077290103596	1.83972304598788	2.45195396666088	3.9247840080573	4.13752464389829	3.70523084633463	2.28357604821457	4.36174248089509	2.59434688701807	4.36174248089509	2.75883769885324	3.11798691350768	1.83972304598788	1.88525476988777	4.12649762322283	2.67933612732323	2.62137574106948	2.69614511642324	2.90521636330442	4.11569587571744	3.25259461614154	3.13545405115754	3.5753777026016	2.03164364975101	4.29531805804791	2.42956407838534	3.63932609084133
KIAA1549	5.06769704281529	3.23475669730626	3.93448934443033	4.18345449622847	4.91571983245464	3.64201267924434	5.32021497848147	4.84838985476598	5.32021497848147	5.11944340081134	4.41796045768583	4.68263262879004	3.72904677446437	5.22449662289021	4.30020223635132	4.28630730914493	4.9761876340059	5.04343611927334	3.24038727651569	4.13599116085925	4.66601405769601	4.8669901383743	4.2188885384589	5.16261380212104	4.80164080718059	4.88890551112286	4.21606469484513	5.21333945976485	3.23475669730626	4.9384079278916
RNF213	5.19907334178459	6.12851383200105	5.49156564747705	5.37155812146074	5.29967447513442	5.65162741125968	5.87790589340093	5.31200043230078	5.14942687551772	5.17208777193658	5.16303129124894	5.15916062287004	5.70265033258516	4.99994634984994	6.12851383200105	5.07429852391453	4.96293068262491	5.3793790303181	5.53286019639929	5.4280270806953	5.76548569596344	5.63803296176228	5.88699448910968	5.27849056211445	5.19812003080865	5.31756831395007	4.96293068262491	6.04478272646026	5.57938115882936	5.37030159038144
PTPN6	8.24446107843595	8.01441330709161	8.20322344910509	6.9524249466505	8.24368976369879	7.91478650006025	7.79120736919933	6.92325770519504	8.12927017969757	8.07324357191143	8.45317265150355	7.26034268383868	8.36680225746805	7.6452263597048	7.72783661006068	8.33908993161377	8.2225694029901	8.23000197022843	7.75493266552403	7.49951239738452	7.8974243968219	7.13729236824537	7.61456668380981	8.3744863952739	7.66415292576395	7.58240332547184	6.92325770519504	8.45317265150355	7.4158607773496	7.87796574196293
PTPN11	5.80571229407536	5.40451393572318	5.7654941838186	5.92960852928577	5.59047545081034	5.69202761704701	5.79409623272375	6.11280703799749	5.688892681194	5.68850536736523	5.44789835461591	5.89635458939268	5.72104936890884	5.85321841589056	5.813239802564	6.08488975114062	5.70921626239866	5.54176562570601	5.89837710437556	5.75773921743407	5.83978933973116	5.70747833918658	5.73814870064188	5.40451393572318	5.79436435464732	5.80334654176777	6.11280703799749	5.98607674216489	5.78187656153074	5.60650976516882
CCNB1IP1	6.95075538896249	6.29945762703469	7.94709256529776	7.65631869240943	7.94824094813131	7.03895543438233	7.74112356545585	7.83219916476353	7.88631509006293	7.4783857312657	7.5946463464024	8.08278447970343	6.34293630019525	8.08278447970343	7.80264388693211	7.21251471407246	7.37164991825349	7.54563792416637	6.29945762703469	7.00793851837163	7.54431779723707	7.9327956156416	7.00646617637987	7.70432045973976	7.30605428207238	7.07082601146295	8.04028007306611	6.87986058892584	7.74484011523325	7.45222392686796
PTPN13	4.12008622913695	2.87320538676591	4.84759716227427	3.5082495105977	4.0937915089819	3.62116132933829	4.75058288249417	5.10747455409678	4.69263888935492	3.62499332157818	3.42402663864997	4.73797171274901	4.95286394047179	4.2241276995269	3.422354422408	5.10747455409678	5.02102277126196	4.33834468583133	3.41597019218295	3.38907605851265	4.74298420427284	2.88304142101548	4.13071241472197	3.80668090173366	2.887950786472	3.85644286498983	4.6224243021466	4.575994932161	2.87320538676591	4.52366546066463
PTPRB	1.53273591646507	2.29679159152508	2.16165206330981	3.302548266497	2.89441084362626	3.24568425045578	3.69841555900842	3.5941695277581	3.14482177115126	3.04916904970385	2.76986518462504	3.40448501806612	1.53273591646507	1.58924295114798	3.38800136610283	1.83209993438593	2.06058810220108	3.91157070622713	2.27856682714714	3.0478666010318	3.03703411997644	3.81142843267763	3.75892293986084	2.14836383229839	2.57915523455658	2.72717653391131	2.62337818350689	3.91157070622713	2.7657897805727	3.34952351576199
PTPRC	8.8620538539152	8.9534645666705	8.73292904625452	7.9831370809664	8.52824222007551	8.93185107944833	8.89549028139994	8.41901628503054	8.13544794481342	8.54133833571415	7.9441362538291	8.40573139687655	8.22525439959134	7.98999292905921	8.83796792969674	8.54808787193751	8.51183848348136	7.91860858833784	8.9534645666705	8.37448281102185	8.30423592563231	7.91860858833784	8.64535165564096	8.44010384082548	8.38980438840867	8.83489219400499	8.87976907571127	7.98626424453101	8.41614622762875	8.45993306390617
PTPRD	2.45176157960182	2.45176157960182	3.14792090402903	3.87363829894453	3.53359016904946	3.76246682730876	3.71217241133322	4.44451848663356	4.7187291878681	2.81958187623926	4.20871145900587	3.17167583398093	3.16476712293521	3.42481531579303	3.30886442667828	3.00233577034362	2.78392473584325	4.59917221055361	3.84681832050073	2.52608590410127	4.84941563449954	4.0837077358821	4.8065765337832	3.52262286399836	3.52762430487402	3.76329752179107	3.16407495546369	4.84941563449954	3.30136365765772	3.25950511801503
PTPRK	1.81684147089026	3.62967229250519	1.71536815496506	1.71536815496506	3.65263413919843	4.36532988914011	2.9422479787498	2.82224560566796	3.94695488311707	3.43113191242165	4.86041821673825	2.06104712234777	3.55972845543435	3.05071725077764	2.7785423019726	3.12443870470251	2.47387884201898	3.90249226331093	2.12182950877712	2.91801909483828	2.85337139418255	4.37856178388459	4.86041821673825	3.4313071168626	2.7530919924282	3.24755589990723	3.3699257823131	4.75603157563545	2.71500138983136	2.85593256907513
BARD1	5.84005424479183	6.36403473437201	6.18475319365066	6.01399560354816	6.05034315279912	5.93914345636883	5.94384500567652	6.77913709082032	5.71327448170296	5.80464720813328	6.11913104360469	6.74640270263342	6.08622036948783	5.7240174650155	6.69754013929209	6.5255025861218	6.40952212265957	5.72128436752293	5.71327448170296	5.7601334507944	6.65891624816192	6.5514766030513	5.93121404166088	6.1408359742321	6.11956091239629	6.11313427969826	6.77913709082032	6.26864797403211	5.81915669351862	6.29705352086058
BAX	5.76508878162583	6.14849363307097	5.83583798793262	5.20206631046046	5.57524241003328	5.72812457320242	5.73253071205696	6.19737402950095	5.50742550193575	5.28985168627205	5.62389686657736	5.20206631046046	6.23172251196973	5.86500080251346	5.51712198520932	6.26912629702824	5.98809935272458	6.26912629702824	5.97712657154126	6.12319978941745	6.08085978773062	6.04272964948449	5.93751981406551	5.65932149083825	5.22701099760078	5.24091164567438	5.7052245854076	6.00797833960647	5.69009539701719	5.81001708000356
RAC1	8.64884295401306	8.94676367714711	8.21834835219401	8.23757035238394	8.09729370792627	9.02607786535313	8.51258438253422	8.34130003228642	7.95083518197509	8.52181268215916	8.5931425064087	8.4105506878466	9.02607786535313	7.94570599099903	8.79999685757891	8.84677226298895	8.61279936995437	8.31042365390881	8.35781597682114	8.91846283932556	8.62491602192643	8.29367784963436	8.45269448724372	8.03857847799365	8.01802660228823	7.94570599099903	8.64779313050965	8.48086830409123	8.57280424387977	8.98409748279557
RAD17	6.38241598596101	6.30834351765267	6.8110649443314	6.75833463620268	6.58753291376523	6.30133474656521	6.58774203498713	6.54903146946863	6.78860668047956	6.43149544630259	6.89363967493974	6.88007306532561	6.30133474656521	6.78847854296663	6.88003046883208	6.41387381649783	6.46763048537785	6.76701238524653	6.57027444824182	6.37088519958583	6.66166368407652	6.89168693933161	6.72061104889809	6.94573412265145	6.60653138954324	6.7395001051542	6.94573412265145	6.75906302316746	6.67838688554126	6.60482352778669
RAD21	7.69083737097825	7.58746815313981	7.74579710505094	7.59169164798657	7.99694451045297	7.75691600986769	7.71306722654481	8.06904599506822	7.76682764442609	7.5505604010564	7.17112792064345	7.55521261648462	7.72080327521975	7.69756781349728	7.66908928555805	7.73997477898032	7.19463912385051	7.17112792064345	7.72425181978948	7.49883403926271	7.81475926256984	7.74108393348121	7.50557899266922	7.46329794846076	7.55129772387937	7.63600884803906	8.06904599506822	7.20595518249714	7.62530496185805	7.39741611278841
RAD51B	4.02660582608533	4.16794394322266	3.8381145277378	3.99475101896867	3.87993974275886	3.53963318849267	4.10924252638155	4.30355812093089	4.07830778285188	3.79983183395762	3.77475913937922	3.71266337522244	3.69329477288636	3.96035282126338	4.13834033264573	4.30355812093089	4.15715632210897	4.14259354593437	3.63558296624126	3.53963318849267	3.63970625077263	4.17581381940363	4.22891245338907	4.04516740036233	3.82888045379957	4.08572942721945	4.11791795674375	3.82306249671116	3.66528775544236	3.8887123700422
RAF1	7.36889065889292	7.41114979743919	7.43296495353155	7.61498542182382	7.32146097636237	7.62169124086333	7.7710524297948	7.33192814705519	7.4005245293885	7.45047230974157	7.7136785178858	7.58858784764659	7.64028575261019	7.3466904493145	7.32146097636237	7.42247632996972	7.50375452433594	7.60029508894726	7.79318837038892	7.46467980339259	7.46328186677047	7.48453498700439	7.47509725716783	7.70247874704265	7.65884944685672	7.55036079743002	7.52418601701198	7.79318837038892	7.50182942298909	7.4529884892343
RALGDS	5.58142482679868	5.97253799590953	5.79321076346836	5.72109245348916	6.06266021846968	5.46463071669788	5.66501400445967	6.1004493383389	6.38792619246812	5.63876228871331	6.13039958614041	6.06231665947935	5.92866118969535	6.10964638546434	5.46463071669788	5.569137205573	5.56846673602446	6.42807246304965	6.4755765087579	6.09656460919493	6.15693450989682	5.88763950754036	5.95110061262658	6.55160780976168	6.1138199865862	5.96722297190771	5.48686226470918	6.55160780976168	5.61986299719514	5.64788585626896
RANBP2	7.02328089815165	6.60010820064785	6.7233767800995	7.28742616802513	7.04238732450965	6.96199324687388	7.06104374641512	7.29402101656902	7.13783742653958	7.00606915513119	7.00893136387697	6.79720338228185	6.99468768376745	7.29402101656902	7.26842069934754	7.07514125305262	7.01588900940121	6.99958808144368	6.60010820064785	6.68758844942695	6.84396660578132	7.00180248871212	6.98131861210036	6.62756071185039	7.15567310088864	7.19916658661055	7.27359697026963	6.6840003791898	7.13481434240615	7.01798578496384
RAP1GDS1	6.90679660445626	6.93056849263846	6.81509236244076	6.84179458544075	6.45521239091359	6.60020754498579	6.79025068194864	7.04896757000538	6.5989181110409	6.79164862839673	6.12552003979391	6.71044475488675	6.45725319189306	6.98399938597024	6.86153582404715	6.96826372837615	6.94788203207269	6.63255141018326	6.05005704871232	6.86957038486833	6.81707750157456	6.52280224977128	6.68145765899643	6.6749042995255	6.96349842083916	6.83319228076676	7.04896757000538	6.05005704871232	6.7789426338131	6.6821636164513
RARA	4.11550540093548	4.43399525233138	4.51855998063005	4.39165623874252	4.18750225729438	4.86460274504842	4.41580644143376	4.58177844020513	4.8898558439585	3.79184166535889	4.66195929910507	3.79184166535889	4.451331567824	4.22344012494896	4.17890843915147	3.85539146117807	4.08246784419427	4.90246774720937	4.72505878191246	4.0335786902275	4.79711717540786	4.54488780512475	4.95911275355617	4.68183159365747	4.13272837098066	4.40318636736083	4.02130582074312	4.95911275355617	4.37594254699937	4.54570545068461
RB1	6.69847134956135	7.16934981932735	6.85669262460892	6.63178999104235	6.02365676740589	7.16934981932735	6.514181833747	6.59863563029591	6.40476096830105	6.64511059032306	6.02365676740589	6.67177811645341	6.64669770359353	6.20042412622565	7.01185276150755	6.34531572330616	6.40125437361561	6.20954358355584	7.05551239711695	7.01704945479758	6.52108284346232	6.70386420964288	6.94830491219203	6.02690551880015	6.50532086655669	6.56061238755542	6.42597995440387	6.02847746243863	6.91397130266346	6.5428554093283
KDM5A	6.05922235084178	6.04885209218182	6.31318349749877	6.26872560109852	6.27656051610395	6.28254853593059	6.27870981164332	6.3803567068669	6.41945042812164	6.10392623670132	6.61231466013525	6.40948482102304	6.1381729296992	6.61231466013525	6.40716755233689	6.25111726407933	6.07501356642315	6.33197249527069	6.35423230376709	6.13481681247979	6.49472147519246	6.52284298022889	6.3378030293891	6.42452544776937	6.40859356557626	6.45048671855036	6.56704314413311	6.36965093030009	6.40560233991682	6.04885209218182
CCND1	4.43784000448754	3.62621184697703	1.22498578261381	1.47423488435201	1.30597538837397	3.50050695013444	3.63715890712121	4.43784000448754	4.11645815034386	4.24207807158969	2.13752297738903	2.65962356080924	2.9431565304615	1.22498578261381	4.3185812628633	4.42797129979062	3.90055360677084	3.39233830004755	3.54817274594353	4.33578903798378	4.24662352692542	3.70634105004839	2.47974424805571	1.47263191570201	2.96083773787158	2.95806317820849	1.29134866166254	4.05224552098701	3.40251022890643	4.2462409064979
REL	6.39957675409704	6.19435354889642	6.830805367079	6.54109035267378	6.53343755097365	7.13848297570986	6.23863584368156	6.51206117518645	6.77401422336872	6.63761964099908	6.69385970687678	6.70534339776279	6.0722240402361	6.0722240402361	6.56057312308574	6.47073245935345	6.45226772405034	6.60379821307056	6.80617659877385	7.13848297570986	6.86116836159542	6.52795363627027	6.89482941449949	6.64340019392632	6.9952796356118	6.87438258246351	6.51223107274571	6.51526022383861	6.77575143481775	6.38906325473838
BCL2	5.03402416471677	4.52442915882095	5.13122629646344	5.22903729677631	4.98418551948051	4.75800991462741	5.23720034976728	5.28140573430111	5.31979518426724	5.00350352994222	5.52069373031808	5.47295068842712	5.0195987725335	5.37882310446261	4.98408235542227	4.97747575672065	5.03814387459544	5.20385219866143	4.52442915882095	4.73382562320736	5.38813455722807	5.44021898466843	5.41830761832996	5.28577402535063	5.12374856081047	5.23631919257408	5.00061058607503	5.52069373031808	4.86136686335675	5.11166581699775
RET	4.39139447910526	4.01352757443137	3.55283220896972	3.9848101577137	3.8914487305164	4.06296117256579	3.93275186641057	3.85925146196237	3.99665405144695	3.42017257792289	4.83635499973393	4.20759924462107	4.60032510288175	4.01406031689527	3.41763096180594	4.20152066402336	4.07325487356469	4.42397726133181	4.46461660579556	4.60498333188945	3.92900899973269	4.15998487316439	3.81662377937512	3.83096125863885	4.40260941054469	4.28737572308401	3.41763096180594	4.83635499973393	3.53706623645179	4.05130016395372
TRIM27	6.97177970490272	6.57756531028567	6.72881787802884	6.72245470082491	7.05139577977759	6.8808509437127	6.68273144377964	6.7861954267584	6.72255223875418	7.03507165213771	7.04356852114736	6.78238181804335	6.83255003045129	7.07414531591945	7.02252188890207	6.98367121104339	7.07414531591945	6.86332586664537	6.70487757158257	6.82753283735836	6.8186752987207	6.94134615437434	6.6044140013068	6.57756531028567	7.00439634249759	6.76338060998236	6.95698084379593	6.60214656393895	6.85470446123549	6.92900017652707
BCL3	4.87862991318368	5.47380930548969	5.29516665525	4.95429570173285	4.71274518562164	6.06063607888198	4.98474825933355	4.95231447348292	5.39051292885473	5.41411184650825	5.22168662411393	5.1496190784387	5.40084437660297	4.59362026545856	4.71950367911055	5.28780961942544	4.78202422079694	5.06696346094636	5.95676949350832	5.61994528371356	4.94099874136181	5.04835531370757	5.6258808515996	5.72319958220549	4.59362026545856	4.97490487842596	4.87529042929128	6.06063607888198	5.04857344270167	5.45213945773894
BCL6	6.64621337913339	6.7405791061683	5.80897946534182	4.85963274285838	5.33607671439735	6.88032508785164	5.16234857947805	5.19913878842419	5.27133741441336	6.34337860892383	5.54513045465139	5.72040356666031	6.24129056630416	4.85963274285838	5.67466186495749	6.25663924834876	6.18808857165774	5.11120965019262	7.14822201845565	6.68117636247054	6.05854129421324	5.78861607848946	6.57540560964814	5.65049465593494	5.46074386250443	5.28154027430661	5.30001781178634	7.14822201845565	5.56239726089769	5.97504246792713
BCL7A	4.53263293389653	4.63616161728055	5.52772772983768	4.88614908032698	5.73970966233721	5.81889732807997	4.82074153200539	6.02049925237425	5.92226174357228	4.79078298167509	5.76024027063866	5.95577468893623	4.53263293389653	5.99367518175458	4.91265737859706	5.18158840944793	5.24658961691551	6.02049925237425	5.05640135340566	5.50081799960219	5.91093025598353	5.7473718244892	5.43428138354489	5.53788782414907	5.57492791147355	5.59400252440144	5.98397986172794	5.69953739754799	4.74966913549199	4.6505015995816
BCL9	4.22785439896448	4.39352013135176	3.80768233162986	5.49073568948999	5.47327945370986	5.15599548971185	5.76600420481533	5.28618073076426	5.26965001049599	3.82710232529261	5.87994550694247	5.08002175253188	3.91797073366646	5.19844937650231	5.0057336001527	4.00645232196701	4.1081647235646	5.32389233767093	5.55396369671476	5.18150022448741	5.87994550694247	5.75802626541868	4.97836500588449	5.45207732332369	5.14993303718774	5.21398013069656	4.98313731354557	5.85917925543504	4.5066065671779	3.80768233162986
TNFRSF17	2.53418830146118	3.7806117647136	3.81101608436959	1.1602439645232	4.06336842754679	1.2099144527188	2.4995450211604	2.85896137065732	1.07301416234371	1.14903266438463	3.3109639601022	1.5305320353503	1.07301416234371	3.11197849007944	1.76138614350162	2.72786842939635	3.89234504496265	3.12660112749729	1.09139074501483	3.80106316287088	4.02074212482686	3.04147732789464	3.92650746278725	1.5271117799985	4.06336842754679	3.81081780857908	3.25322184031053	1.93148721456696	2.2700552151294	2.29654245999359
ROBO2	2.39502111529701	1.06801408299431	3.08964057823791	3.20782505011883	1.06801408299431	2.180816150321	3.37657444652794	2.45171493692114	3.81836610372614	2.59368050332285	3.60626804950947	2.8718990537138	3.1683046202683	3.30608527430917	1.21857804006125	1.37300756736634	1.16768487018384	3.70695806638684	2.76459520712501	1.59338041662789	2.02567848142611	3.53265582394152	3.27936427682179	2.87461813552283	1.29909720350359	2.68663279916002	2.58510954745696	3.81836610372614	3.03380923107169	2.27235053092118
RPL5	10.5789540469201	10.2999835410132	10.8619196448846	10.9675304708599	10.9016476425679	10.8344053000998	10.9400280408133	10.7818023616062	11.2414526167942	10.8563825726492	10.6622827905041	10.9999719058931	10.3428058598911	11.2291882150971	10.5268923016018	10.9964868189355	10.3668827417576	11.1153450497346	10.6524808827507	10.5762374881037	10.6897581584257	11.2250052299018	10.8136303206758	11.2414526167942	10.9165769350468	10.9890409267435	10.6853594415001	10.2999835410132	10.943428579275	10.9318271123043
RPL10	4.50200421427167	4.86368732679938	4.53961846962957	3.56611300198811	4.39404044067049	4.73153946660075	4.70644283146161	4.34869487621793	4.24193151448975	3.95720717315917	4.34435954092949	3.60249248957015	4.33646091864159	4.37317083470003	4.19586921100147	4.50259312229333	4.11003199714809	3.67549674917375	4.85788733229631	4.38528781344031	4.64761997769467	3.56611300198811	4.38438906563359	4.86368732679938	4.27429537103542	4.45895501098896	3.95690590978518	4.36086945622358	4.63427822678167	3.85631079415526
BCR	6.10846775618631	5.67722905123594	6.68670510883556	6.05711831064947	6.49291620199932	5.78294656589423	7.18182962885747	7.23236318411681	6.92115108457715	6.36720164889952	6.29282646377301	6.5037877179279	6.00592167709541	6.55281577430048	6.0303012320708	6.36399609556765	6.37460644834303	6.86227131444141	6.13104206084467	5.97931284448756	7.22572477105103	6.47181253276249	5.67722905123594	7.00944038557573	6.71693765886775	6.32984152866583	7.23236318411681	6.80710993569608	5.72814075944359	5.9290101402085
RPL22	8.68401259083642	8.05111444111333	9.01764615739261	9.19707175202776	9.33764263593233	8.73103300416826	9.17699993460634	8.43837740418911	9.432970310316	8.87271401356167	9.1005405508096	8.94451876177138	8.3384727706645	9.432970310316	8.78728804324573	8.77602457045603	8.5680389123385	9.17512895723448	8.19968195475122	8.78105814565979	8.73237915619794	9.41170217827313	8.57827923424605	8.99414502582213	9.29666060965562	9.26676545906069	8.90318591385984	8.05111444111333	8.90357305125132	8.80019754237713
RPN1	7.9929763180263	8.33832489022204	7.89211588862361	8.00879523379911	7.89211588862361	7.99654845858361	8.15735941710068	8.22126704017119	7.92366581275664	8.03081671314458	8.07807251700054	8.33656624257207	8.33832489022204	8.11099654692787	7.95384871699819	8.26713895640956	8.32770541851187	8.18704113415895	8.06144170011149	8.21661156796169	8.10518095143153	7.97603700042164	8.11533078889306	7.91364599404558	8.02348801654611	7.93806769409015	8.29798484321081	8.08691782320149	8.07049870360454	8.18659002592029
CLIP1	6.30454828662102	6.32270137671761	6.06144039876813	6.25488745701939	6.24942733211935	6.37855588227736	5.95044645008122	5.7531170343274	5.89372484811736	5.94552281001805	5.6311703121392	5.81505420194649	5.9742464136816	5.6311703121392	5.94519921755203	5.81487872389037	5.68623438770171	5.66819104688624	6.4090654411241	6.11730226995855	5.82294275686012	6.0161206002339	6.10740073649385	6.13312615765675	5.66832941516531	6.06081168028783	5.87607922886393	6.4090654411241	6.0629272763711	5.83830323532436
BCORL1	4.81983162463927	4.63852406593473	5.02635083888898	5.06604867173794	4.75978268243048	5.12443379124049	4.79522379039051	4.89792747634605	5.19935152504325	4.91623148906713	5.11189297944459	4.62543174150626	4.74835152314722	5.02598586450923	4.83494261302752	4.62627173174597	4.7003520349002	4.99504924163479	5.2466148296107	4.79078472572518	4.86212340307305	5.01885419837118	5.02215199755809	5.09988057948835	4.87424239459387	5.00739099645482	4.71898928983194	5.2466148296107	4.62543174150626	4.84196899082589
SDC4	6.95476581851538	6.97170679385485	5.7348083723092	5.05412968377754	5.68198032546869	6.49503570267417	5.67684603850207	5.81586772889011	5.6328278412758	6.99188073649747	5.67344550803887	5.09374138553286	6.65825411428237	5.05412968377754	5.60346107528598	6.56950949757791	6.72807085510283	5.66923446537671	6.99188073649747	6.24131518814726	6.46719045876971	5.46704615911225	6.44158764534223	6.33891067617472	5.54681673278229	5.40140503923715	5.72014364729961	6.95089013712294	5.83118357568319	6.88586281288938
SDHB	7.72406626516775	7.74949780616558	7.41315747545172	7.46819979738214	7.25775252230204	7.58013605316192	7.22319489229704	6.85953273309858	6.99545436993692	7.57676120556399	7.41030546243003	7.3461226225254	7.26884049482531	7.3419631839419	7.74949780616558	7.65816874219859	7.703032455169	6.65001367259465	7.65790892277943	7.61822802966115	6.88113651106174	7.06340418529449	7.48946483507081	6.64826836007702	7.36973976013906	7.36529426660806	7.6313285504848	6.64826836007702	7.50825542150592	7.71642319686694
SDHC	5.95587335040509	5.52003714517527	5.5941136963287	6.17319503512069	5.96568513104095	5.84945775906759	5.78662448703736	5.6026199331323	5.85332604499509	6.06274029736155	6.00378924806244	5.62513607524873	6.10687396499677	6.04674646281809	5.8122743271347	5.53641931689083	5.91937202266163	5.61379435601604	5.52003714517527	5.65090336703902	5.69041071616383	6.17319503512069	5.74154783498611	5.79594536138063	5.85371303601687	5.73826175062617	5.68284226830531	5.55747163420829	5.77136760912114	5.88627347316382
SDHD	8.82001322491346	8.50427113663979	8.58080400285992	8.48562729487146	8.47789179096123	8.82001322491346	8.31894519589407	8.40408661356554	8.38412992434219	8.71327141158471	8.28818286038575	8.35188868021626	8.40143808703865	8.57865353297332	8.68316986135016	8.78257076117615	8.57846134879435	7.97195342053095	8.25685521064949	8.77049239063241	8.05856973970901	8.46330985817653	8.45503417677206	8.00510239198925	8.50808337745747	8.48309106293456	8.44707885863482	7.97195342053095	8.61219260730681	8.59410416689517
PRDM16	2.95791578469191	4.26697607776322	3.06983429641259	3.26843221585401	5.91197418321914	3.57058961616402	2.16446569335757	4.66705848967851	5.91197418321914	2.16674337032148	2.19484152198942	4.39693344229211	1.55354441404767	5.88719526303811	1.55354441404767	2.89723717327526	2.68502903171254	5.69876608749139	4.38701197935799	4.80364000299389	4.19532504444247	4.35276479911863	3.17099724742019	5.7025385392235	4.57581657916146	4.53810424593552	5.19851897206413	3.45560916594698	1.76316065435802	2.22122516915118
PRDM1	7.04386459042043	6.91560301981048	6.41337668648803	5.77156283706266	6.19907961447604	7.07095208382406	5.30888658735596	5.34149072781894	5.16590940736987	6.42044465482287	4.64066447476461	5.80337897223632	7.06722564403407	4.64066447476461	5.81554447613776	6.24506223635035	6.00830639622488	5.813011088871	6.622150143732	7.07095208382406	5.77028945855095	5.59873544142541	6.72217988528889	5.79778430303131	5.59954281252066	5.58080222521143	5.1808499713444	6.50399317069089	6.40892728161613	6.49037503990484
GOLPH3	8.7364392985212	8.55535756684139	8.5222573703584	8.55816320407652	8.57181939649877	8.7364392985212	8.70236704697627	8.59555067581057	8.31157079865503	8.57072107548834	8.17382566759204	8.54611213233039	8.68055257800097	8.62068794144125	8.5564773377149	8.72195300005026	8.5978485252045	8.4180391615639	8.67682272761026	8.44126531994202	8.2502310006922	8.32032011899745	8.38251279007292	8.26301818568717	8.57587655124907	8.62489981705746	8.69072471819859	8.17382566759204	8.63318643964094	8.52703631289552
MAP2K4	5.81273744038798	5.68883795671753	5.92525448176862	5.69578033796398	5.89726627904084	5.7162334784357	5.73043449531986	5.69812057051906	5.85717025602197	5.68987320054947	5.974165341423	5.40572796900626	5.8679707399492	5.56357295839425	5.77887177553054	6.04442474601629	5.67767362658228	5.5215219730382	6.04540676882717	6.11482795623276	5.70480708047025	5.95830613038735	5.86922959886331	6.11482795623276	5.66301062694928	5.77818543625396	6.07488774315431	5.40572796900626	5.89772015488205	6.0569058914424
SET	8.76898143041363	8.29475401827926	9.1459269896079	9.18293462765457	9.27708539831916	9.08978977101571	9.23708209185933	9.2956800565716	9.11288867858064	9.08649483675497	9.05142483939273	9.32679711578334	8.66484751279457	9.36703357391164	9.07267350666425	8.95388421219507	8.93044620122209	8.97061488645469	8.32455210504412	8.7803501795647	8.96974981914438	9.25096741414947	8.72923369675588	8.53810092144932	9.36703357391164	9.32580053262273	9.25618923466651	8.29475401827926	8.90517714700536	8.92635846931224
BLM	6.74090053499602	6.19670141053244	7.0384450731006	7.28211430505892	6.62347614718773	6.19670141053244	7.09425965501008	7.63116738512139	6.86418818196951	6.80598079173115	6.79592505181406	7.39440698216089	6.32529560468582	6.85194358563502	7.15882332683715	6.94604440944914	6.89640427354068	6.84807012340839	6.34603265073317	6.21330494863807	7.58735157742125	7.07795364392182	6.47089221331279	7.0968859448976	6.97488593319471	6.86092826698063	7.63116738512139	6.57732679067278	6.61289801154943	6.54897507014059
SFPQ	8.47672006356428	8.2057059659206	8.39013720056062	8.91953495488888	8.57915027918083	8.6043930588681	8.81756716330812	9.12054305035354	8.97093550771971	8.88961304320319	8.84327611470962	8.79110547985282	8.20280960209047	9.12054305035354	8.89448312877862	8.98228799693648	8.97941900073709	9.10222459868207	8.44326017993142	8.4094528330654	8.55502582437632	8.20280960209047	8.62176227450144	8.7905680145444	8.73553807055536	8.79630924886424	8.87875001868605	8.30612032656256	8.96640927228007	8.94984902057601
SFRP4	3.85769289150946	3.68266670875191	2.29351685501719	4.07218772272201	3.73495223877195	4.03304737180871	3.71203537742207	2.81158789166329	4.14868191095793	3.89219681379674	4.37292133977852	4.02202090840248	4.2580437430198	3.7095948355427	2.86830176444956	3.34461699583494	3.53361953403821	4.01080120595647	2.29351685501719	2.66361089586997	3.52282580601837	4.33088797264036	4.43043375491946	4.15784653957613	3.5198183491102	3.75608453818842	2.79074120888727	4.43043375491946	3.65504019169143	3.70358939446617
SRSF2	8.30486516231299	8.21625125792929	8.51337056685688	8.69433095547692	8.58277293531278	8.5280550238745	8.41569110553612	8.73144679403729	8.54971440193341	8.707142234741	8.80793448405407	8.70727780626986	8.3418644915044	8.80793448405407	8.56503707729482	8.65620660320278	8.57447398597441	8.6069289844122	8.21625125792929	8.49252309737176	8.47013380414679	8.24620231706695	8.4831355801931	8.35958986658865	8.32550765804462	8.43123223124823	8.77997429245245	8.26261018312289	8.54576724505508	8.66610073590774
SRSF3	6.96888651154084	6.60193079349347	7.2109901137903	7.2628596797875	7.54366846419666	7.23053398123846	7.30275392679237	7.65149178672129	7.20041507424383	7.30678112321516	7.68295219415175	7.45477332510485	6.92296134625125	7.6424836560578	7.45084091436973	7.27781517665961	7.39046583647452	7.36898718048897	6.60193079349347	6.87115528868781	7.23453691027082	7.07070528958679	7.18600954933514	6.91609031268748	7.11540715872782	7.14457487561283	7.68295219415175	6.72852438636611	7.3361968666091	7.28856771302603
NSD1	4.38175411192817	5.00284066570053	4.92145957601842	4.67700758501743	4.79943802839014	4.58584818763226	4.78819806329064	4.84637185384443	4.95001965015308	4.63438623520715	5.26874660106468	4.78299212524248	4.68839291508868	4.91918446083111	4.58437951418407	4.38175411192817	4.64368863962786	5.12339834112584	4.40831339556376	4.67831486740568	5.12526624715052	4.84655596915732	5.26874660106468	4.64088853717318	4.49977926529529	4.44616651303549	4.81629443464081	5.18846356528344	4.86424519652145	4.79329397220345
SGK1	9.397608293416	9.54411584587276	7.65540837734246	5.56681525943823	7.23446278450719	8.56007081410233	7.78758362424675	6.93827651498629	7.23884000231261	8.64854472637699	6.93766761027432	5.75007809746403	9.54411584587276	5.56681525943823	8.29315305263669	8.43274633777414	8.48639228204461	6.91361725414195	9.1827458728983	9.46862749885469	8.21845831364237	7.07836955463847	8.65533509825363	7.03769311033217	6.95803242898455	6.94544960235067	7.556787646264	8.0175481513635	8.04298104027726	9.35521155417871
SH3GL1	6.14671367428204	6.15269630281627	6.09209321738877	6.31623985767461	5.8047335738697	6.67772715458164	6.31899392450051	6.11051778648039	5.80607610908697	6.15393019597455	5.91599260593549	6.04402465399084	6.65813770802974	6.03646896771049	6.11983649249094	6.33144042087464	6.65037084676483	5.93307925145261	6.67772715458164	6.35193333290732	5.92945081328724	5.91306450357595	6.06060406828083	6.33806943494902	6.08034221318918	5.83136015311556	5.8047335738697	5.84439556881594	6.15287928247498	6.34021520602816
CREB3L2	7.51082753189514	7.27518856254729	7.62520436499764	7.41504481470455	7.53031402353914	7.16965168563168	7.79967073909039	7.56749459746874	7.69082823596179	7.48267226497561	7.42333369930524	7.74094670780547	7.60404049504495	7.68549678202927	7.2394061960338	7.55546965072929	7.68937297982586	7.59970467177855	7.1828151125073	7.28585195562682	7.77115401696888	7.58681052746128	7.16965168563168	7.78832924447425	7.79967073909039	7.69877997286551	7.66985880943199	7.61748788258133	7.17146841265647	7.37032402377248
RBM15	6.57722617888722	6.50426319009893	6.75373947685463	6.9601226084416	6.68275325244634	6.71332930684728	6.87513113462285	7.02433656381425	6.91131392619191	6.68375152578688	7.10691662360151	6.73460598064004	6.5151538300092	7.10007201864959	6.87244899894131	6.8903389942681	6.79129649507999	6.80334656929666	6.50426319009893	6.74231596378656	6.72141661783581	6.70713529524745	6.87238731089158	6.84962074668292	6.95927579331917	6.92919067575206	7.10691662360151	6.57683857099394	7.06583075671323	6.72539401886864
CRTC3	7.42645050999906	7.47446038981487	7.38166016995003	7.80946428356353	7.11466445590283	7.80447973426971	7.73543765761331	7.23241754857386	6.93932951394644	7.4344999672345	7.00656198769782	7.53498378506867	7.67421019173999	7.15399599595602	7.34115291743372	7.29246623701821	7.33522105368019	6.93932951394644	7.80946428356353	7.42392241626963	7.70461107801887	7.16306885154333	7.51220094320032	7.3085565029175	7.26282193563437	7.17944755995995	7.34527287702882	7.55684753177527	7.24252803390845	7.66054557191404
BCL11B	4.82345711006872	3.9205333596661	5.05164706122438	3.97181824609832	5.19771711144701	3.90945223313338	4.86720080997607	3.56881528480308	5.20307201103762	4.08491871839577	5.09002953064706	4.11483309735288	4.93571412702638	3.73946922032343	4.38822551893777	3.87738588799012	4.11867350558746	4.96276318807592	3.62252500584616	4.61569925169183	4.87586729704213	4.2985192255294	5.20708092452993	4.24577230849223	4.45294815480866	4.31644611103063	4.85264457107723	5.20708092452993	4.87589350424859	3.56881528480308
STIL	6.30716177666856	6.07754643296911	6.77446392350774	6.4011169005638	6.09323034402882	5.55652446235902	6.69800502552285	7.23141455149321	6.07261796621239	6.1893730095952	6.34567809914985	6.83338602687855	5.65673101422299	5.97063141175994	6.63376789753922	6.64911060946316	6.78928594074807	5.96453082586677	5.87476160008331	5.55652446235902	7.07517018862986	6.63516147434549	5.59640990091694	6.56384829987791	6.13839160467798	5.99477737921953	7.23141455149321	5.80588014417238	5.90404942736613	6.03436181103803
WNK2	1.92600556242053	4.31468592312311	3.64671996864216	2.53507273949849	1.98637639298835	2.44736256441724	3.88543250313977	3.7460143314984	2.93793537601121	3.35465943964008	3.94909452768308	2.77717708331707	3.64234715201577	4.04670089812931	3.7981453136944	3.63322377515441	1.90874554412673	3.37597426938975	2.43040273304392	3.55445298651746	3.79821693808121	3.44949844885414	3.9225655451072	3.91071063031722	1.90874554412673	3.2962300235066	3.43100993467512	4.31468592312311	3.45155235880105	3.15647706827802
BMPR1A	3.72156169607794	5.62051602291031	4.30951177106591	3.0356137416053	4.87410535857671	1.24747042832924	3.20731795858403	3.12825675003037	4.38874523353231	4.03482210399112	5.62051602291031	4.19908613701688	4.36027463059154	3.90720878869867	1.24747042832924	3.90371191278058	3.58191898878805	5.31741118824089	3.92463021462372	1.96458677167042	4.20539986247065	4.82884155164641	4.90553744828482	4.72836270521877	4.18338560217487	3.79564701633211	4.00996794101005	5.57734710595834	3.85752407025465	3.01735089190734
SMARCA4	6.83344856927507	6.62327585300466	7.02667224487689	7.28809742063334	7.08022967457834	6.80831913296863	6.9610762149733	7.30378462901301	7.15179349218144	6.99102858262585	7.20274023890104	7.32138361040885	6.86329278968754	7.32138361040885	6.99054840303788	7.00045590782557	7.14691533095748	7.1490268678521	6.64250511105894	6.79033861581379	7.13548095744635	6.9607037422257	6.86329420812387	7.12985044327577	7.15262642628111	7.02725724039309	7.20920808682602	7.1881451835378	6.62327585300466	7.02712406503612
SMARCB1	5.96765317346168	5.81654260226431	5.67288534042536	5.94681186852206	6.06116167788903	5.53416374529646	6.00312805058581	6.21446491597802	5.49321776518092	5.84724645642454	6.21913468244393	5.97742977165895	6.02304289009599	6.06629922026698	5.52007828216536	5.73407197984281	5.80864029656563	6.05763066611944	5.83747226553564	5.49321776518092	6.10515485763821	5.63352308517776	6.01186483223742	6.01668024436911	5.50571076370102	5.58967244406724	6.21913468244393	6.17033868857812	5.54751536981556	5.62749696439111
SMARCD1	4.33690542223821	4.62591426562576	4.76189230125686	4.7311203903339	4.52573982551406	4.70344392474468	4.78564673624865	5.0080128360046	5.06851150940245	4.90472302631367	4.66075589110798	4.54085869082763	4.64913843068054	4.62769304705259	4.62249558743104	4.3809977786876	4.51424920102376	4.80317514564002	4.92780731783261	4.37059213810527	4.96174192277027	4.80105270734564	4.86836783876373	5.09091690610432	4.57090513419823	4.55013927814837	4.45333979954498	5.09091690610432	4.33690542223821	4.74695286163804
SMARCE1	7.96543282040858	7.72848228619283	8.22778763629655	8.33318659646953	8.11041873528804	7.9697343302431	8.24195586563674	8.28689014738868	8.07188116622242	8.025910824178	8.24941769251284	8.34586886954236	7.79497244491938	8.12005932173695	8.2719482852415	8.17537393613101	8.04288536848848	8.12486432695442	7.73614455494843	7.86965056231434	7.89208206200562	8.21122354790589	7.94735755023733	8.2069586513735	8.3144672931184	8.24145548409924	8.34586886954236	7.72848228619283	8.18863142290165	8.00441195867977
SMO	3.67797254684601	2.43734979351446	4.15769771589673	4.45968785269778	4.34832361413401	3.24620517340485	3.87295317813789	4.45566415873082	3.41509145819702	3.32930182195342	3.49497610654691	3.66282282118905	2.43734979351446	4.41495733254332	4.02184546597858	3.31029291508805	3.88342671252371	3.99265588523447	3.88743550414858	4.36999580367577	4.0781360304358	4.69879502658726	3.72902185188075	2.50124537841011	4.23608400566269	3.48758165043716	3.72856713346635	4.69879502658726	3.69917799708912	3.55840682717572
SRC	3.92773407131385	4.57249818043322	3.8014115590275	3.2584178275574	2.96244069754326	4.04435802844381	4.34256267331915	3.87877564569355	3.94036501374166	4.29760265437912	4.30346963162655	3.20923364218384	4.21494952891778	3.00152259042462	3.79253710031358	2.93519662119542	3.56514494950366	4.1623000726716	4.32292675861023	4.19403389628875	4.48368153446679	3.993838973807	4.42598818811153	3.844198847919	3.7511538750067	3.99401872609344	2.93519662119542	4.57249818043322	4.0013357943521	3.99789346740179
BRCA1	5.83489192049109	5.55748796437787	6.09315516952729	6.4049481628314	5.93835246371034	5.47109562915723	6.20579565068582	6.59923128474802	6.21336941838674	6.21771053628973	6.48674779287299	6.05615035884097	5.68265020636375	5.7870554281182	6.25950443539813	6.39758313658522	6.19897006156876	6.20473556443089	5.89703018913775	5.47109562915723	6.59037240784576	6.22358715904283	5.53819973020787	6.43142918896488	5.96191972356104	5.85911764391881	6.59923128474802	6.34302247587586	5.52561834146468	5.8855470371285
BRAF	5.04856775154339	5.01965943109154	4.55915731433055	4.31292926037766	4.81373383122254	4.65313057183278	4.18528278065082	4.74902072279293	5.29727090387727	4.06282206259118	5.31288101203631	5.37426233452296	5.17319633488041	4.06282206259118	4.32890721095879	5.24984256711215	4.70008866326129	4.9907761840611	5.43022150869868	4.72894046721958	5.20930002526881	5.24900189078931	4.32527486663285	5.09863971269928	4.11069535391891	4.57490386122494	5.2722773442125	5.43022150869868	4.59154198117572	4.63236242608857
BRCA2	5.75909150744376	5.91504001844415	5.53411986741725	5.05594038502046	4.69398611703389	4.87945703164709	5.07879415755495	6.05340832100248	4.81854615273403	5.22673224132971	5.34329380468101	5.41156606056123	4.87799675013112	4.62003967829706	6.05340832100248	5.53232360822268	5.66024228804456	5.10239880669895	4.57757056510576	5.12133221364372	5.87739637826401	5.23958043198787	4.76517003445997	5.4778407474212	4.57757056510576	4.8331878837274	6.05188470446548	5.19711114273971	5.20193618761066	5.15978152757388
SS18	5.61824620462329	5.92220835296055	5.92220835296055	5.47281279172371	5.70810207885603	5.65350785232361	5.74128068921891	5.54011572575377	5.73185543216939	5.4074123070554	5.48191876090361	5.62470362195895	5.4074123070554	5.45573524259555	5.80070287819708	5.84267790604399	5.53418362585805	5.65499669758296	5.91711202685003	5.59369096083818	5.86028548536732	5.84078187525888	5.66346071578373	5.56546413173843	5.54261147158526	5.65601463739395	5.91269296686933	5.63154460866275	5.49774612623802	5.80936730337119
STAT3	7.22053301731957	7.67276683512928	7.34186836605362	7.27518581797032	7.36475447651119	7.75878390006986	7.74136462309108	7.47187783702563	7.3872573091133	7.2587172158161	7.00661522597126	7.09062118187694	7.25141788865186	7.34522147680799	7.18314939724981	7.19971753160985	7.20324982101786	7.18391777123087	7.75878390006986	7.62840162020425	7.70901455467111	7.32305801296645	7.35483030922041	7.48713765625586	7.53517344466361	7.50990050936497	7.39764083656263	7.58142305858442	7.00661522597126	7.13116413958597
STAT5B	6.06788040785541	5.82987675854071	6.25279188047613	6.23514605764354	6.04979124088045	6.04463859620722	6.29567589170422	6.18826726093378	6.25103887517333	5.92928330494813	5.82987675854071	5.87144362642871	6.00368003778241	6.18452192367385	6.03075748366968	5.96517110424247	5.83981091215371	6.05738283223758	6.19753530209031	5.88611246033072	6.25323303779078	6.16651702507884	6.00563483176308	6.14019895233624	6.25583034816041	6.24176663650897	6.12225403037318	6.29567589170422	5.85679741007394	5.83312866160467
STAT6	6.7674276755704	7.22560154407298	7.12403091542428	7.03979618818394	6.91663940343306	7.17194050448844	6.78953143738828	6.51584341257633	6.95302509723087	7.17771480217383	7.02117322803175	6.97915688152781	6.92379013383325	6.76991854189606	6.8248633696511	6.64006968295567	6.84244349847268	6.80436202529451	7.22604146482249	6.94326982708106	6.83237069697611	6.86901307848563	6.85726307598903	7.22604146482249	6.87644420654679	6.86688534179178	6.51584341257633	7.21449439682248	6.89799003848345	6.80096161512062
STK11	5.26312770993187	5.2918988045627	5.51448863721146	5.64674491080178	5.40015161111317	5.5203480988798	5.72126431658193	5.17596787892797	5.65239835178044	5.31165472487769	5.88010971679367	5.30588638053313	5.69002884771182	5.46812607360444	5.2687639771909	5.28046756750902	5.17596787892797	5.82021221838373	5.77474781991352	5.4716501900348	5.39976487070649	5.59987883573727	5.63395238293409	5.72994370940944	5.52079294167701	5.32916632021897	5.22037988592446	5.88010971679367	5.22763268952387	5.37569280466911
STRN	3.77624115677748	4.26438434238611	3.55932049889172	3.86661296826299	3.74144512289263	3.97318333456502	4.51615938861491	4.11458122185558	4.32859796855524	3.97911531588246	4.7528144225961	4.40821993471365	4.6774314024594	3.99841474239263	4.08283249328072	3.7977226730949	3.96167880814895	4.25906331192016	4.47910467338964	3.55932049889172	4.4275996320257	4.51157386737529	4.41530990500454	4.46842701076953	4.03962718205422	4.15591744308378	4.14692171703599	4.7528144225961	3.83024876750973	4.20987585780761
SYK	7.48411690772892	7.35395375056322	7.57665577649893	7.3295762602097	6.93552967815579	7.67504942368716	6.87759575706025	7.07322230969383	7.25968040689256	7.4503202906486	7.88515455423847	7.14203295360622	7.71811162302512	7.07526452373796	7.13990178624942	7.09894737099789	7.25287343710554	7.09260173755623	7.88515455423847	7.60796000266849	7.24230093813652	7.1790664901998	7.63412663298952	6.87759575706025	6.89322480773076	6.92095642028687	7.14307160281383	7.67189746447151	7.5260492219654	7.24653045533003
TAL1	4.84116655814605	4.56591191045227	4.41261971447011	4.45316136302309	4.49216545904069	4.27515086616099	5.90529294595129	5.90529294595129	5.2856744824698	5.38881094607153	4.38312692270303	4.41895128245429	5.47255388537019	4.6011757095538	4.43886371084142	4.64685032291344	4.36330133840544	4.63181474742679	5.81689003529168	5.02679350557921	5.87404423905688	5.74131652782584	4.61183309624586	4.91677957194375	5.6493974127861	5.54627577298665	5.26525980858286	5.15709795476178	4.27515086616099	5.23493502062093
TBX3	2.62561189478685	1.99542248956786	2.43843232959101	3.07850120034587	3.54944399882973	2.95890446566032	3.54399427055675	2.29666307024508	3.71373503661202	3.30891704492667	3.95590815948226	1.97707455662457	2.23783172616891	2.40334740134017	2.62507817294809	4.05406362887187	4.03183431190196	3.62341200303697	2.01664189947429	1.97707455662457	3.09130457911642	3.64383481148228	3.76297823782342	3.10797336681294	2.29139016233097	2.36333791454364	2.07801949328485	4.05406362887187	3.43052355834458	3.04651362461895
TCF3	5.86582116826359	5.51459914652549	6.18161103252951	6.08599677552683	6.00702225197928	5.51459914652549	6.04252584246334	5.64502660614764	6.18490885118752	5.91950763266105	6.39085464375506	6.35737277695581	5.87802448329985	6.07048600734783	5.94675945995202	5.92767626251064	5.87248583604656	6.20872846188036	5.54289166009228	5.53475952784742	6.08588086097372	5.92409953238705	5.93553314494314	6.24735459974274	5.84624243235998	5.98530517387193	6.04787349172847	6.39085464375506	5.65465832140512	5.86541931258938
TCF7L2	6.00473356086588	5.77362449574159	4.98529441052018	6.36977534433787	5.38816368431368	5.59289489667075	5.88117980030478	6.30791850101433	5.37257243018923	6.31186580179567	5.03448603223402	4.98529441052018	5.83611515814191	5.49116306566533	5.57931272028813	5.85543860870716	5.89542773189007	5.33587498577751	6.36977534433787	5.85257780170734	5.81197275357934	6.23672890405352	5.03140114714402	5.2204968105875	6.09492226227745	5.99603842795365	5.62211303868173	6.14105121064091	5.30166452481411	5.72645261319379
ZEB1	5.13166411134507	3.75163698255655	5.08047418002906	5.81931442922868	5.48324715583275	3.66367203023944	5.40704954428402	5.78041920608208	5.42161013670224	5.25218317819444	3.9189534803988	4.20471618415986	4.28985418370358	5.81931442922868	3.66367203023944	4.88206234082545	4.83399804389904	5.1980696731964	4.82204551944959	4.96418971430059	5.39512921434884	5.12802238589424	4.87703662672896	4.65073454209583	5.00198915443686	5.08182030198684	5.37171807714541	5.38844849310107	3.9735699973633	4.88569230831685
TCF12	7.77389426604746	7.71420722265085	7.74364506919589	8.22261538201354	8.00324243420337	7.56740784316971	7.90612521405635	8.14329481223382	7.69864412119396	7.74301631331661	7.98835148924931	8.00769278899893	7.99646638097902	7.88575920940248	7.76590974156778	8.09685922061036	7.99771213990452	7.82334754724902	7.7316085065282	7.63132736825013	8.21229590725632	8.22261538201354	7.70121944533809	7.64973824070724	8.02108560511501	7.99221303913106	8.09093581888452	7.56740784316971	7.95803116568813	7.78144079219154
BTG1	7.17848885854283	6.9880660250807	7.12168588270461	6.86201784640103	8.68071956851917	8.14037594231053	6.94464842137193	6.86405552393256	7.89329214442073	6.7174867530202	8.73180464593634	7.34953045265888	7.6697380493368	6.7174867530202	7.79172442942217	7.12918910872175	7.00348170422838	6.93893491887266	8.29086914365349	8.55357382736873	7.6066365291435	6.87303520341431	8.70874493241677	8.73180464593634	7.20333183536519	7.52283424234784	7.22618149110001	8.04604845851098	8.36588303919543	7.0456312347114
BTK	6.93029184867084	6.63355265730861	7.10997504947839	6.74070166634779	6.69030178285582	6.56812625299084	6.85240458566103	7.06596911270381	6.42293031168758	6.52349414227276	6.63747352094332	6.9568699705304	6.91897428966487	7.20438220819543	7.02809313866069	6.95557802266595	7.05656624095605	7.22790198326916	7.05049238295601	6.85776962247579	6.95615757550801	7.22790198326916	6.48385841809838	6.90483350443953	6.94325771648628	7.08571773054754	6.56598356485577	6.42293031168758	6.53891217923463	6.62651045369082
TEC	3.43618740593838	5.03252343332948	4.19551899275328	5.10623336816361	4.5139421593163	3.43618740593838	5.23773306640641	5.29426524972699	4.35107889561668	4.41897946741878	5.58338821640429	5.30455303844088	4.14194659721617	4.78378743367742	5.04571580846773	3.71903686189339	3.65534104246508	5.42596201920374	4.9859052712924	4.09818759252413	5.60157135501523	5.11955123486899	4.25961483835325	5.07411381579183	5.17550388078875	4.85338356572852	4.30745847383302	5.60157135501523	4.69804877768548	4.71646300612421
TERT	3.80498953265263	3.69365251252819	3.67318907903772	3.68023987260687	2.98480608113315	4.28987730756877	3.99964054582647	4.12066913217171	4.449719606166	3.92004164817075	3.89087976393286	4.12420037078335	4.15531535183632	4.05668356405935	3.78028550095134	3.75247460083385	3.863882936531	3.01516134434463	4.37551065704093	2.98480608113315	4.18651635705725	4.449719606166	4.08047260625266	4.22131898865138	4.12544450172274	3.52448415554056	3.68720736884557	4.39995848547832	4.04659198605108	4.01016686323449
BUB1B	6.23790730978573	5.59733531114411	7.42910825844602	6.39109061861701	5.52213867329077	5.04354212438893	6.36386523253928	7.42910825844602	5.77378387165045	6.03526200650214	5.29502081079663	6.83969383200153	5.16380950923071	5.8413767621991	6.73628746056589	6.87315018841563	6.8323092659373	6.21350487438936	5.02018748049839	5.28532014882033	7.39842380967957	6.57746563872591	5.02018748049839	6.69623036645844	5.58709046512784	5.58388600242471	7.39709830841909	6.21371932400362	5.02922619464857	5.55458164284971
TFE3	5.57003107081313	6.09732538794227	5.43912752220855	5.55605357421626	5.48707603192244	6.00748470370279	5.33251905342508	5.13815751646534	5.69583170649813	5.56744799839536	5.39551045780304	5.12338981334469	5.83073619117161	5.12338981334469	5.24665166610284	5.5963041994368	5.42711296879457	5.76098271370916	6.11160951909277	5.67169603627726	5.58428533283601	5.37438667996808	5.35345880731025	5.76606990669683	5.5573094417712	5.38558221113051	5.17096979018128	6.11160951909277	5.32569108662549	5.46445785433841
TFRC	9.41902983229074	8.23261413517986	9.27798611911441	8.69887339571517	8.89050727762587	9.06738062907422	8.74562394312927	9.45150367140153	9.38499239856874	8.98554066079926	8.23261413517986	9.0135644229778	8.67591274474993	9.45150367140153	9.13188490288392	8.96668914925024	9.1144304357095	8.79185371125761	9.0923305840734	9.17063066567954	9.12622822115399	8.51702889079568	9.37185388603259	9.20822783703275	8.83212153897422	8.83933671124039	9.40610088253866	8.82741809607155	9.44007214137118	9.04466448953666
TGFBR2	6.73013622554892	6.1738333014368	6.57898407252616	6.56066479409092	6.70928329689228	6.80470857588035	6.42307039110029	6.07265528957575	6.496283331902	6.44454313917622	6.07265528957575	6.1139053162485	6.47298624788751	6.07671076033844	6.71038756341609	6.70396112502563	6.40104669148879	6.08561843333812	6.80470857588035	6.43860321145732	6.10942226948197	6.62013286785883	6.72258122949391	6.210970268574	6.44619936580508	6.42103304088983	6.24803748354479	6.64665344340092	6.48772823279831	6.43600700872076
TNFAIP3	7.17833235428389	8.35485897187064	6.40305947318094	6.63156438052234	6.30602654168587	8.42800227427578	7.03985201516785	6.47712028057167	6.31719945390655	7.67928459601277	6.30602654168587	6.55534270041604	7.0534952708956	6.53564290166337	6.43474811875478	6.74878374624617	6.84209222294802	7.01303938789003	7.69499991435037	8.42800227427578	7.49345028279111	6.75826637768011	7.66764850483585	6.92207322357241	6.31987888489621	6.31686596565265	6.77940073775513	8.17841465011564	7.17347176635869	7.80183740648472
TOP1	7.60499821848182	7.58951341224036	7.92189043917606	7.85921752582279	7.53565092810119	7.5450969479546	7.92189043917606	7.51902215806341	7.33548802711672	7.18317343753832	7.3148957041751	7.35189394258594	7.22590346618943	7.46747036060249	7.87561782313309	7.64612434059721	7.32044957214119	7.39526740886194	7.4420163907092	7.17187901363037	7.46109695725055	7.40008923042846	7.31659348486705	7.76103309429617	7.17187901363037	7.75779007506164	7.52918078105467	7.71758157440405	7.63006004098731	7.32542215342307
TPM3	4.77220924276227	4.55437266551301	4.9147102723374	4.66145888215785	4.78058281873399	5.15024654799923	4.91524560605085	4.81152596846721	5.06546207228825	4.87554845754716	5.09381918683988	4.76524748011784	4.93248052716305	4.7157794369686	5.09578271893586	4.83781426137512	4.7598227454498	5.04348591450238	4.76901545124192	4.63920594782217	5.13954236651046	4.94192398806225	4.95365464328179	4.55437266551301	4.67768606002936	4.75073023767021	4.6991655814475	5.15024654799923	4.76118909487076	4.98394864703797
TPM4	6.4323364580297	6.7343277832388	6.37641105685676	4.6646249927992	6.41975249256254	6.10112430171056	5.25942976391884	6.2840295667239	4.57693292638256	5.37958902938823	5.13420559761109	5.89901884808459	5.25634983467848	5.10287849285553	6.11474743549465	6.34590965168829	6.26957266408665	4.68017953760284	6.7343277832388	6.18371553955879	6.54204156520133	5.95322270218205	4.57693292638256	4.84046924588505	5.42728294725364	5.02196306045516	6.61642497433416	6.27219634259091	5.37543624507587	5.53463962439119
TPR	6.06936770094311	5.91670187813649	6.43907748611381	6.67014960208924	6.52921423514024	6.29768088858636	6.48320438841887	6.5278918070132	6.36345581189366	6.09129837038369	6.28777322446813	6.23307091187432	5.91670187813649	6.67014960208924	6.31328875582012	6.12680287269858	5.97706879335409	6.17814795502868	6.05255896532302	5.96117268232306	6.16900745372784	6.61098476466526	6.12879475997254	6.20349261232038	6.50013807036213	6.65538072992918	6.54754887069287	6.14106795909683	6.32002002746361	5.99765447038193
TSC1	6.99004045248221	6.79238638603628	7.14223566683982	7.30368186679621	7.24828475059944	7.41905880401917	6.99754816734646	7.06348551848135	7.08344521594892	6.88253171208164	7.08501302847826	7.08454460288664	7.05787072496535	7.04435310047159	7.03324053201755	6.96875116199809	6.95602484635266	7.2553624623051	7.35233927506006	6.79238638603628	7.10580678395055	6.91325319691666	6.91733646552529	7.43436376759641	7.35174790963353	7.43436376759641	6.87843696514396	7.28173005372262	7.03983486851922	6.93103563122561
TSC2	4.60551725251464	5.34436705848533	5.82002971853338	5.60118982034894	5.21661828489342	5.32776049158474	5.29115123760278	5.14146170955548	5.74275506823725	5.43715611101549	5.77514690631504	5.0581456676314	5.45584850663041	4.85341313750787	4.66717776431909	5.29919281378623	5.42467808192301	5.62860701950881	4.91627021847008	5.13554284526363	5.81898635886651	4.89484677739555	5.1458066246066	5.80439337102746	5.57548270037523	5.44219871293982	4.9693776713308	5.82002971853338	4.60551725251464	5.19826794787966
TSHR	3.03469941980146	3.14579136599919	2.54909747909473	1.28238542419417	0.703720242509808	2.94878140041755	1.66291685417886	0.60016705525575	1.53776437816326	1.9258436646703	1.48925069347816	2.76317798813865	1.15544329091465	3.55924663515782	1.07110204316678	1.44245315425244	0.60016705525575	2.16791088055812	2.63754437171657	1.01386342638239	3.06058169359761	2.97242894061868	3.55392909303263	2.21062189824117	1.35492958358425	1.30576186242475	0.985548827810498	3.55924663515782	2.1600430228444	2.860435095843
U2AF1	8.11332424460936	8.30405169362658	8.22200575238972	8.06748475587697	8.38952741325709	7.9609257091969	8.33139999174704	8.74332463849775	8.42996610279057	8.33274875916157	8.46435515846029	8.81884473502403	8.53066903932234	8.81884473502403	7.98771817632742	8.43845487752071	8.52283017701296	8.72981168630415	8.44684892457633	8.51164709068727	8.62640200313367	8.56428652156036	8.36004654804178	7.9609257091969	8.15111833698303	8.15014614049377	8.73204154620051	8.38629710809525	8.29503787248945	8.37359588161639
KDM6A	6.16602161038817	6.29284531012377	5.99855065783757	6.1258896906105	6.27556357080022	6.03829865969317	6.28025686387609	6.56563468826508	6.56563468826508	5.90904710719696	6.22110242047005	6.49853384786112	6.23451857977618	6.52430846022277	6.11338045814382	5.8763709029215	5.8763709029215	6.39624519231411	5.99404350225469	5.91942052802099	5.93343961383294	6.54000171506992	6.47400102146714	6.10216730012362	6.51212570589319	6.5329045269601	6.54133305811553	5.89655498676023	6.33868621937275	5.90019800537331
VAV1	6.43262243400056	7.07097063098375	7.12965564522942	6.89976918591567	6.66683308340098	6.95122569728059	6.74233995218146	7.00242474568382	6.54741116328705	6.81792708522275	6.96556133720535	7.21427983450063	6.86854420254138	6.47533906958425	6.43262243400056	6.95873408953891	6.70396438751231	6.94817383168079	7.17612680168881	6.6029340733449	6.81667609886578	6.72805444046944	6.70346020447123	7.21427983450063	7.12817705328691	6.77411354385299	6.87084287155678	6.93115261242586	6.90436455504412	7.00935769866812
EZR	6.48564752861324	6.49028742302425	6.58823797473659	6.14776625010277	5.94479879737265	6.63905004533611	6.12022157400019	6.48594758438167	5.51548224133465	6.08229981671852	5.58716727334541	5.77500127581721	6.37233536813392	5.54694568407734	6.64920910423707	6.43692143889244	6.30881344556739	5.51548224133465	6.37326805018731	6.64920910423707	6.42599407789135	6.17951343444175	6.62716223330584	6.08763072726209	5.85356406564659	6.13386180515168	6.48467446291962	5.99206990851602	6.4667670732083	6.00829709773638
WAS	5.96449844123217	6.48247840938434	6.41541470209453	6.21849501732919	6.60326714662051	6.75858935576257	6.22477499702796	6.5320573607062	6.18799338911138	6.2334735412681	6.45793017307362	6.00930103029694	6.26592159456954	6.21342768166036	6.06957490215707	6.21050142581787	5.93050635338565	6.58568539151739	6.85047883869644	6.14792334236391	6.5547570178111	6.23338524148421	6.19625174581895	6.82141884461059	6.24822337663107	6.32899044864957	5.93050635338565	6.85047883869644	6.31069363822082	6.00941313330836
WRN	5.79590616315117	5.586634437026	6.07271417001547	6.07423518872112	6.04650502876209	5.49708280017384	5.97783576613111	6.47140413707176	6.39071605192366	5.99827612097478	5.86941695156552	6.28382665760709	6.38014172365667	6.23215663265265	5.80671414810694	6.12602678308948	5.85360249388771	6.07819018122285	5.49708280017384	6.02256540418929	6.15458229540701	5.53985571713823	5.66243289853274	6.25773057923117	6.04902772944924	5.87278739469359	6.47140413707176	5.85247605527369	5.98400367149388	6.05632987107941
WT1	5.57954722100124	3.40315024491644	3.54034264450039	5.48234820452832	5.95694159933928	4.58576289446974	5.69542071468359	5.39351948908962	6.15868262097009	5.44688957167396	3.40315024491644	6.29182191436414	4.36978015184026	6.29182191436414	3.66603996557154	6.0074205596192	5.36528580568242	5.7297703980546	4.35140132274158	4.78662841370811	3.93033742942508	3.77140309920152	4.97363549998025	6.17026164283223	4.57847797275589	4.5082095674363	5.7706681714626	5.9930867318994	3.58910056330764	5.89813706451074
XPA	6.06283601233953	6.08862223376643	6.54644710445317	6.54644710445317	5.76632054766982	6.27592020995819	6.01764578800187	6.01669885801178	6.23423785288022	6.26747731525942	5.95278143102117	6.24454985911399	6.01105444747993	6.18636274797305	6.09459898207304	6.29653499900951	6.18811848466525	6.25055554793055	6.19693995205424	6.25494335247269	6.29301358998193	6.34775697031912	5.91099687090599	5.77741801135646	6.10827693096589	5.76632054766982	6.03515253695853	5.95253552721402	6.34157610023524	6.45681161063406
XPC	6.59106615841378	6.65850219018446	6.94532686259805	7.11911634755483	6.93986184374821	6.49869350588413	6.75617000264785	6.82796647597244	7.00752972071084	6.66439768908498	6.88830008981177	6.48802560869375	7.10921938322897	6.76260621447634	6.61485840507379	6.48802560869375	6.64772720353329	7.01372822987008	6.64147721139738	6.73636733484688	6.55272452778245	6.87741748780734	7.11911634755483	6.78083968149251	6.67232339036814	6.67971067187233	6.65308458311365	6.56424829081333	6.98436130335856	6.69065045859278
XPO1	9.17039943963944	9.39408723727166	9.50850248313481	9.60787389779435	9.35170215259392	9.41679516738496	9.27871150294485	9.59565913707391	9.24147262862478	9.32816592900574	9.41167785516734	9.61998506598866	9.19708227116332	9.38577600392332	9.28331178977746	9.45987875236704	9.20368431800604	9.53150167158669	9.09679189640783	9.24986973419422	9.57185722347081	9.61998506598866	9.47376716398826	9.39590945177328	9.45167141268984	9.42852022695893	9.60734132672273	9.09679189640783	9.50707422094285	9.37944992354251
YWHAE	6.66646365612932	6.36527507069377	6.49326174479593	6.69354505645752	6.73501161953589	6.4059529007656	6.58306998173173	6.78173535826923	6.62734441697586	6.83145064022356	6.64791389870942	6.05583002456064	6.74806299279377	6.92108353640706	6.92108353640706	6.79345478734682	6.81948440368545	6.55421387832043	6.05583002456064	6.81058759668218	6.83758001455387	6.79849782077104	6.57835307599665	6.71863364643271	6.12731377493619	6.29646479160527	6.34063455269251	6.900325031404	6.51322783849032	6.87340518887769
CNBP	7.62626707097861	7.38020201540676	7.43877074759869	7.69460596162601	7.71839793526168	7.8135442569901	7.72132766970023	7.41307753710293	7.64142110510205	7.57903641649114	7.68236218071876	7.43829285001326	7.73018640749812	7.8135442569901	7.77712010504825	7.53463812071582	7.49954905007824	7.70859096253767	7.77412823705516	7.49007994432382	7.56966588122099	7.74535646382912	7.62635467477331	7.52218861243038	7.78291040868654	7.76494243630306	7.72283072394607	7.38020201540676	7.72291256016155	7.53552800480067
ZBTB16	6.42961396141288	4.45774426623275	6.78311107522422	6.0779921391369	6.2903033047207	4.1658936035614	6.81329274009205	6.84776865626007	7.35309063598028	6.35776823392887	4.43611829911198	7.2422887375245	5.36494401679256	6.16257764248523	6.01905182869688	6.64445360190083	6.71194240136439	6.96242934987835	4.1658936035614	4.84182994569871	6.84179325718679	6.66071827851688	5.14136626477642	7.35309063598028	6.22160762223476	5.87110699458576	6.80722409172941	5.7079735073471	4.20629610947215	6.69814485630696
ZMYM2	5.2673217310194	5.30581372680447	5.64600602209524	5.71392808906546	5.80186557663866	5.25473887535261	5.88697183192822	5.59133712785765	5.83125818409028	5.32960970486919	5.73345414578003	5.5962873890296	5.72185514615748	5.71792817315401	5.63436747899187	5.36913066672564	5.25473887535261	5.8128152102085	5.64560099510997	5.30609770692693	5.47292318492011	5.87816018707375	5.50131614266474	5.91124742325282	5.90361326918325	5.91124742325282	5.36095682485257	5.66412661777802	5.67066315569415	5.55639687238679
CACNA1D	2.46858537904263	1.28646031681921	3.41396761181468	3.105120863514	1.35398984095936	3.40271012824678	2.32245027964088	1.46856300957131	3.25975434657441	3.21820950086541	3.54088650662521	2.89026153076906	1.28646031681921	1.55382323987818	3.64149871072204	2.94017477508925	2.62958964799079	2.61432779695433	3.64149871072204	1.74785921385468	1.98867682812759	2.30642047054679	3.52751761388619	2.39708799045811	3.5323089956296	3.03714817477696	1.45697754842175	3.16830060665705	3.19834227695831	1.83040432734782
PRDM2	5.39203031313713	5.62128794897298	6.0162040976162	5.90954774339828	5.80072452089212	6.03467732098224	5.81675139888145	5.36632569932524	5.91465565589528	5.48067807321409	5.71995512276354	5.8042872840891	5.58479122759897	5.38487523134485	5.69564779903902	5.36632569932524	5.40978699090205	5.97333988745947	6.62424011780846	5.77969119881832	5.8415725047156	5.49799761688824	5.80169015684194	6.62424011780846	5.85213394256752	5.93532687908815	5.3785727003139	6.45043364412817	5.6193810214888	5.52365251189893
BTG2	6.3441594124485	5.81169020776825	6.08424616287499	5.75009667242455	6.36734630029426	6.53633292680323	5.92498185602749	6.22265185010862	6.50220461246255	6.51389517592573	7.25833578287505	6.15186469848804	6.55946078011377	5.9926019165986	5.75009667242455	6.18042795614088	6.11848927097943	6.26674219721094	6.58455741940408	7.25833578287505	6.29825909769313	6.07685357126814	6.58383820885983	6.33857850260902	6.13223951938132	6.16212737326219	5.88388986093716	6.95026271101369	5.78336705419937	6.17597030572295
PAX8	4.21225307302377	4.90621703242197	4.25693053990063	3.83762671454468	4.2227281837206	4.52689731202642	3.66200219410401	2.83580680243297	4.00115682900925	4.32095864783359	4.25024729046452	3.63635647407107	4.85752103362256	2.83580680243297	4.1171333676139	4.24008385536309	4.05680497759443	4.0743520433323	4.55906806323222	4.04849075406749	3.61657247607796	4.63786209184653	4.56493523583479	4.18773699791112	3.55174001796828	3.09170492141098	3.84006660418974	4.90621703242197	4.10159785872428	4.37272073461115
CXCR4	9.29748553790759	8.68739240793293	7.5725808221244	8.10125704144943	9.45214846486722	8.21936314042582	8.24694276724721	7.69827617471509	8.90449876531816	9.32057046359646	9.45214846486722	8.38576995514796	8.79033677985996	7.5725808221244	9.25019927017441	8.98050329801129	8.85332255051115	8.02586881060202	8.76276070799576	8.988260573169	8.78084175906667	8.40006056581775	9.27268334079794	9.38806046583196	9.00606795245366	9.0341569635702	8.17464094551685	8.50377798058749	9.17812881911079	8.64788262610554
ASPSCR1	5.25522625317184	5.5924772626007	5.15872416381624	5.7272995918279	5.01759128899983	5.03115823728381	4.64137655819578	4.35723681554945	5.30291164386261	5.40141452743044	5.79423911836026	5.79423911836026	5.27716107347696	5.05654317304975	5.36011257629727	5.30021233667253	4.76356507662747	4.98101846184542	4.25905110817242	5.55531722601941	4.84932147401196	5.44886511462375	5.12021013686385	5.77335271436175	5.36734925594504	5.30105633309304	4.92560538062353	4.25905110817242	5.4273136213635	5.18600896735949
DEK	8.96667648974364	8.91172302425375	8.92373051612421	9.21281805011078	9.04500628868816	9.32143237957722	9.18734439522845	9.34542040358398	9.17431349425022	9.11899940823101	9.21494503592769	9.3353991597744	9.0500933261704	9.24771757960792	9.1333835732371	9.41551542533562	9.17765077443312	9.10275630442578	9.06574197689194	9.10166235202574	9.27121112810988	9.22130357675634	8.91282893824338	8.97349442916782	9.12374217369418	9.06964008774787	9.41551542533562	8.91172302425375	9.2179789463962	9.26382973606765
CHCHD7	6.42268061036262	6.22221095080865	6.95871581373395	6.79048019401802	6.95116025400765	6.9805684890218	6.564886950151	6.58003119220266	6.92207606848589	6.63416958591151	6.59884373310359	6.73181118556644	6.9805684890218	6.87800500570943	6.32401470054079	6.5042132744676	6.58830722828981	6.83140143873169	6.22221095080865	6.82094334144677	6.71353927634075	6.64200582419726	6.71419778120575	6.93511185904909	6.71016211564915	6.81567348317085	6.54745347789281	6.85295210953145	6.94038347428134	6.44400354028423
TFEB	6.14275077795072	6.58091251979016	5.52765731523685	5.75518129268339	4.69032968483793	6.58091251979016	4.7419308489948	5.40446055885949	5.12223690545324	5.7013335168095	5.68546818594331	5.73134300005215	6.48954566308591	4.63594594379803	5.85674088035086	5.31450291245988	5.68450285263173	5.81483623864551	6.08373827369266	6.17390050484919	6.05879128864564	5.29487280905146	6.41310542248621	5.80574733384927	5.65753950613651	5.67234965317174	4.63594594379803	6.22839394179903	6.05136738188163	5.98212887260886
CDC73	6.4539102188815	6.27422024142158	6.09797316315803	6.50631824353439	6.59036698226184	6.43817663155126	6.4513536447199	6.40406221029275	6.4032445293952	6.52827471406696	6.31617616976543	6.41983505124153	6.30214111291346	6.52452674997486	6.59036698226184	6.53953384181849	6.47394531704649	6.42687255103083	6.28207122979632	6.20366206689415	6.25843889239149	6.45675680548177	6.29422483265892	6.11143195564883	6.55078526376279	6.57593537341118	6.52051295860894	6.09797316315803	6.53320449506044	6.45790339600595
TBL1XR1	7.77096796876955	7.30074544141609	7.63136227698487	7.77981881553309	7.69910182898578	7.80637688189492	7.54241632762901	8.04616055491167	7.46911025928369	7.76741386433681	7.72984862529625	7.87384620023654	7.59961628883928	7.54194691419873	7.77306494288951	7.59755662704496	7.59404384698866	7.46033411817038	7.90383151222571	7.42990044120814	7.69593988119239	8.04616055491167	7.56561220734203	7.68211102840969	7.86411375819904	8.00391267088724	7.75986817600486	7.30074544141609	7.98457395086084	7.63576454860453
PALB2	6.68343945945881	6.35740713961052	6.39747067790331	7.07154854210684	6.85790015077394	6.7252043270125	6.64591678313346	6.85782164320186	6.65777875942941	6.85108272725611	7.15456813061654	6.64251925087449	6.94228660081191	7.13597991449461	6.81403662486494	7.11686494903124	6.94527476685396	6.91271033769867	6.36938196883638	6.92398847653306	6.86702398689575	6.65087005659043	6.70185915730098	6.75070043181217	6.77717022326516	6.77366601249315	7.15456813061654	6.35740713961052	6.78249281382013	6.94946061017059
KAT6A	7.20698151050427	7.3627759064651	7.50501201053873	7.8719000979184	7.29536591679317	7.61526700068917	7.6468968021728	7.34887204708534	7.61605196089811	7.30620270349038	7.20698151050427	7.75480899166939	7.8719000979184	7.48472821498271	7.3246028387434	7.22462795437933	7.27182938268185	7.44363193951549	7.57789275418701	7.25040338470092	7.57458049483218	7.54914720305559	7.47653962478737	7.45699281773326	7.86907065842909	7.67230687233107	7.72703904715894	7.22885603323377	7.40897133737984	7.37906616633047
NR4A3	5.18423960411982	4.23016371186598	3.65100903141119	3.20794703369817	4.68550298843935	4.54540396746413	4.15505107114935	4.35624125017282	3.03432782196036	3.85307823235403	3.03432782196036	3.50458214093804	3.69550239672769	3.35262277147599	4.24822800138216	3.91146568470732	3.95494305658216	4.11738572431316	3.64608406634076	5.35817834385744	5.06437714028336	4.30700119504425	5.07079836061279	3.55185203969083	3.0998991464978	3.71998405340567	4.02462626143727	5.21515705794658	5.35817834385744	3.93532228241419
BRD3	7.3048135164141	7.23635562905722	7.82960622933785	7.80736726411876	7.54648767269327	8.05332952135072	7.62114773292953	7.58632859789965	7.87428260884178	7.49454582589713	8.05332952135072	7.7982665349059	7.23635562905722	7.80008405888255	7.7545595472407	7.3497311180959	7.3654809030379	8.00287638153928	7.9997668380562	7.50529580550518	7.74861958437994	7.61159143530863	7.6102947007585	8.02570009947111	8.01662697358121	7.99634303169108	7.46515988940269	7.79483038395232	7.49093925641313	7.45393399401986
FBXO11	7.61544903799334	7.80082596644839	7.70414256371213	7.72228005616792	7.82895175464553	7.99048385144615	7.54587885403132	7.62796146807568	7.69436782728157	7.66816185550044	7.8961624165673	7.85201527730868	7.72590810618652	7.54587885403132	7.66270425447555	7.57668387513958	7.57775356799578	7.72418374380051	7.89682590036811	7.66229259305581	7.72487345813878	7.64083101381093	7.7819273940822	7.70072296499709	7.85150106620597	7.95422969112054	7.64903386918468	7.70902794161346	7.99048385144615	7.71645624981102
NUP214	6.8089624503528	6.55817809717628	6.69163035185637	7.17014358778061	6.58267108978194	7.36374388902343	6.49007468166879	6.03702005912882	7.05929976099222	6.52603695685063	7.76540995678635	6.59573576892499	7.35122533694247	6.05755158430832	6.57553399079062	6.70976677081867	6.72772056885482	6.9248712752287	7.76540995678635	6.53852806731488	6.70053013214146	7.04915940384933	7.07612587388527	6.75227294463999	6.95893930432215	6.73869151364431	6.03702005912882	7.18326107837655	7.47743622499763	6.74135789030335
PREX2	3.33064340416415	3.51053396427908	3.08857198840464	0.781538857180924	3.90282542636498	3.43828903498183	0.954599630293617	3.34611414692182	0.952960745600975	3.3237501244656	2.32718799848777	2.97683103741062	3.44394047232675	3.5001280512876	1.85361618161873	0.781538857180924	1.34831599929252	3.69757733835244	3.68232674474874	3.90282542636498	2.46425666954858	3.77659113140002	2.35824335394001	2.89863437240707	3.52771182752419	1.89930580817451	3.21364830261034	2.55654992743485	2.22864903642486	2.03564745682829
MLLT10	5.80890118609469	5.80934612250811	6.04967464806405	6.08681813707351	6.00124634732049	5.81121455094075	6.01815554913823	6.07680005668429	6.45034323739309	5.94149628978639	5.78191208342438	6.2150676495116	5.88405703333858	6.45034323739309	5.91377587434896	5.81299887815566	5.78191208342438	6.20320731282058	5.98496227153235	5.81069849204194	6.14835226247499	6.12836476965867	5.96654646949765	6.40252903971068	6.01271148378519	6.37219853045547	6.1174216914281	6.1821462263498	5.99627343463631	5.86014101170087
CCDC6	5.98663041153558	6.37722530306392	6.07549235426968	5.93418842816325	6.0373854681166	5.63617385672957	6.46562159693218	6.48830126555811	5.92403763879506	5.91635471154246	5.73080806336795	5.83746084415281	5.93457939716238	6.37720204878877	5.63832441699769	5.90894457384399	5.87808237758675	6.21891243707898	6.35235415483657	5.63617385672957	6.31808866136123	6.31508668955246	5.92021049222716	6.12688794222416	6.31674495580168	6.32491646084742	6.48830126555811	6.32634585690115	5.83260334511399	5.8649764281205
TET1	5.07276639096759	4.14255374907913	4.07501772598678	6.03485270727491	4.63949904357938	3.41628136611007	5.0566172738913	5.78322936355576	4.73725992290974	4.72313196056519	5.79733987705299	4.80829872144346	3.97596944529845	5.39354955928439	5.71724403415779	5.09278436944482	4.75653841646764	4.97251704961727	3.41628136611007	4.16335228009967	6.03485270727491	5.19990120333865	4.51888449290459	5.31533885225576	5.4578545106304	4.97862560124311	5.09750415343833	4.81072537601067	4.13715654682533	4.84720961230494
NCOA4	10.0975814379677	9.90893053563091	9.94957214076685	9.92993560617212	10.1896182283906	9.86401861543632	9.87591955658386	9.79206578065957	10.6161045995394	10.3760891043658	10.1175136221663	9.74478776835932	10.1463858581602	10.6161045995394	9.7457572468826	10.3752097209352	9.74478776835932	9.92794050253512	10.4091122150558	10.14921262051	9.965653894235	10.5725664619895	10.2711618480249	10.2421287224286	10.018522063713	10.0735795612618	10.0134225302362	10.4665749852782	10.2498739474793	10.2201567210866
PDCD1LG2	3.51837331353328	3.98676664246252	1.79935374809744	1.20984565852174	2.72931920588418	2.24006551505637	1.5155736724754	1.85412677502134	1.69917199480699	2.43207870385922	2.1007318086288	2.05562342273251	1.32630047340561	1.34892948229248	3.02249810675512	2.15541861169229	1.20984565852174	1.64793013520594	1.77514415205982	1.96735360122042	2.09073619182189	1.8423596359907	3.98676664246252	2.32462628894362	1.71568978413738	1.94089903000571	1.866467749894	3.53746511042565	1.82701972199213	2.28302203826806
HMGA2	2.67246506587785	3.64009524848104	3.34159182826306	3.08690605911805	4.04213615718401	4.51174439324853	4.08587161289458	4.53289371218659	3.60559442849792	3.38130653302792	2.95109955402452	3.27426525340053	2.73112936221491	3.71702001598233	3.414775426098	3.08733226949549	2.67246506587785	3.95530457069397	3.88970216580436	3.23837639717298	4.53289371218659	4.14753099966844	3.04500748184095	3.60411371656338	4.07626469523002	4.13079549583145	3.86425274835306	4.27470184262283	2.98741311669872	2.70410492446932
TCL1A	4.06130039424637	4.85179736832489	4.73906782009515	2.97701192104884	5.48402468114229	3.93025710655754	4.25910033723675	2.97701192104884	4.58083976714017	4.76057672872219	5.07330293303546	3.09751938080007	5.13037055836036	4.04629540038675	4.95136645527816	4.56906458598717	4.66999946708381	5.27619486044327	3.54618770556463	3.95039674380047	3.97335062555597	3.50602741730525	5.48402468114229	4.9092647441589	5.44200468997068	5.44467585150393	5.16488817804153	4.59130529284551	3.87507802648434	4.18061198061413
CALR	6.68734698000132	6.64115163725759	6.37282308975413	6.43843043230931	6.60426851780172	6.1758570168345	6.22724664892734	6.21688854951359	6.56594015739703	6.65660663798548	5.94950363340764	6.52600571423385	6.69517090108808	6.36889540807471	6.27058425473764	6.77485060009728	6.33818818203378	6.32197061830728	6.58886245734925	6.21698887265162	6.08679513248185	6.34449916386168	6.52128610201352	6.77485060009728	5.95243569895384	5.94950363340764	6.2753192536727	6.52877325017465	6.12760016295624	6.59265595911674
TAF15	6.33153753891498	6.13001475664823	6.23892550659148	6.35667094531141	6.44398782961761	6.34716953067375	6.49824205097439	6.91203442815281	6.25598865133853	6.2106719872162	6.15005857715073	6.37631942913487	6.28105659496649	6.91203442815281	6.44393131658366	6.67852862138195	6.4452428035391	6.66183129179503	6.35289801262467	6.3927156745686	6.79106067907358	6.45858275947019	6.52675216509493	6.89629864164318	6.13001475664823	6.34928656098882	6.57842780753541	6.83277196751647	6.33319236745992	6.43368748357991
FIP1L1	6.09659370102229	5.6974709101494	6.35007899276287	6.27269642249922	6.29475455123232	6.04524790595546	6.2597343280618	6.35007899276287	6.15747496655027	5.94404169885316	5.96635007711042	6.25460432258797	5.69545898153651	5.98785842967613	6.1491767277088	6.06771255602389	5.80959011437355	6.03959759846727	5.69545898153651	5.8184438043239	5.86249137489041	6.13259614360916	5.85018876556107	6.14938249875888	6.27968425285235	6.26054927432988	6.19037137941311	6.12102115982575	5.95079737855788	6.02010745712553
ELL	4.84337368207004	4.69494631131402	4.88967043690253	4.73794794292265	4.61558749166847	5.05715356885207	4.43123503080497	4.31996948260495	4.80609730280151	4.76923991490594	5.18484303588619	4.92154312511265	4.82945829343203	4.44430660083177	4.80087296069243	5.02246445364908	4.74766414645224	4.75726547971011	5.14765808721539	4.31996948260495	4.9354822245571	5.01116241407893	4.79579062293105	5.04063034231956	4.71551917620158	4.91527603507481	4.60064677489108	5.18484303588619	4.72751496355146	4.76759805101417
LZTR1	5.51736757364809	5.70786769885116	5.60476783559451	5.9186208432744	5.80134039990144	5.58782874302558	5.63279612459907	5.50410059035828	6.11099660946647	5.71156095395281	6.19652872253115	5.97602321167652	5.86363699558537	6.02190268056579	5.42883619056352	5.52849427527084	5.62792345396995	6.2839848097858	5.84413021898588	5.42883619056352	5.79387042453471	5.67423625817077	5.84911517473014	6.15390341493803	5.66733241857921	5.72753480434528	5.8105708328762	6.2839848097858	5.54479863664887	5.61369339847001
CLTCL1	3.95499977713645	5.4814115574976	2.60654832532095	3.96442648017282	4.12087126001124	3.49714872115098	3.38625754364591	3.68222689565596	4.30983048470125	3.53178858630482	5.91214949574097	5.91214949574097	4.29980227429454	4.45798860960766	3.67595865590644	2.54162319015832	3.49575592858456	5.02569615393971	4.95422347697191	2.54162319015832	4.34578452565731	2.99245824074603	4.51522614693422	5.70088581202199	3.02244752047337	4.18746999865098	3.59102811925544	3.72085565123659	4.19673346667028	3.48625743280937
ZRSR2	6.48118330404649	6.60577059102942	6.52516498227128	6.28739988763611	6.55281337804653	6.34704645419213	6.06574768863885	6.40639466897468	6.68183712325423	6.22846999410912	6.72614874710687	6.58016854325655	6.73062741825553	6.47353097644159	6.18739009698871	6.06574768863885	6.13813100063619	6.43591485747416	6.70985834551059	6.09193174156997	6.48052340921422	6.39455668055754	6.26002909356042	6.73062741825553	6.42443992472472	6.37041258264479	6.27667190140083	6.64894669464481	6.19076820082884	6.30162566296938
USP9X	7.33767997777616	7.0195851882841	7.18029980532855	7.25460846497042	7.28841210205253	7.39217338041681	7.32935140821637	7.3259188862169	7.22774953222134	7.21546189259082	7.22800930686377	7.25447350763017	7.44604158460145	7.02485182020116	7.24895184864587	7.28380105052685	7.1248211119957	7.3558007287141	7.43699460764453	7.06796187910039	7.15706954797693	7.0195851882841	7.18308730623328	7.07917160372866	7.44604158460145	7.38460711630612	7.35747903321542	7.07913314485866	7.38740644287425	7.20248941492183
RBM10	6.82911878862149	6.95575396402495	7.07312387884241	7.18526768163373	7.09160118647824	6.89726131940781	6.92949537341441	7.28490863692609	7.34880653236463	6.92738370243014	7.33814078382496	7.3622014409012	6.87564782058845	7.0473566104812	6.82911878862149	6.97323737209493	6.91080813237869	7.45282832405439	7.11546733274305	6.87735197778561	7.28324769716631	7.13828840829556	7.08374075358857	7.38242829941244	6.99623291163023	6.99091805076953	6.91055362459204	7.45282832405439	6.89000591790048	7.05360734883307
KDM5C	5.2610123420803	4.95087138216429	5.15857347112724	5.4689834561029	5.73017601443259	5.19334462107809	5.2822860105503	5.30046657891224	5.73017601443259	5.13091508846997	5.54381862137743	5.52761143778783	5.36907551559471	5.53202285728338	4.97881338017763	5.14729745853444	4.95673314487793	5.63201412793069	5.15132252935084	5.00078655354392	4.95087138216429	5.73004222862439	5.43405492203657	5.69536211137401	5.67491128763806	5.71327518817939	4.9818013708651	5.39306287442537	5.24083106136169	5.21282781556845
SMC1A	4.85379782653191	4.444873230786	4.74576145701954	4.81266265314984	4.9659612187532	4.81712408024636	4.69409856536286	5.08055367145429	5.19622323309753	4.72870218594232	4.8234873314654	5.08274445224216	5.01863112435996	4.98529803067087	4.444873230786	4.89516064741196	4.63549003703347	4.98307920061917	4.77459815666998	4.79064776540317	4.87131124599798	4.91948582089389	4.8540272170469	5.22090805042746	4.82483003540819	4.66972657918703	4.71729152954002	5.22090805042746	4.68846497679469	4.57559082071677
ARID1A	5.91536827389128	5.9468772937755	6.26905282338382	6.13574928963412	5.91536827389128	6.34779035159992	6.11551586606337	6.01761551154183	6.29992083745241	5.94900575539854	6.21894200544854	6.23976229370576	6.21047859423264	6.05862741598714	5.95133690456433	5.94137771075077	5.99555189261635	6.1562470916684	6.37982835158254	6.18215178536797	6.3847124661709	6.39853240360297	6.28457383372149	6.38149061316413	6.15447600492672	6.07025020383412	6.00948867547794	6.39853240360297	6.07415432276341	6.03514032779509
TRRAP	5.77572302572678	5.54918488898411	5.83420221038849	6.09984270821869	5.85998955068968	5.62880400509143	5.98245075391253	5.64146587542828	6.05747710833663	5.94586675629695	5.71776057265395	5.80710799869977	5.95558931096158	6.09984270821869	5.74095131166723	5.82743076104864	5.79515472607994	6.04491301269659	5.80969182242943	5.58076777872304	5.94269060506736	5.77327296297437	5.69016498149681	5.54918488898411	5.77473311637401	5.89927156425443	6.0675263772316	6.02721620869853	5.65504755927831	5.65203367501909
PICALM	6.97152361176868	6.76220650963637	6.39896661059563	6.10298776643224	6.40723449994717	6.82116919909226	6.10298776643224	6.48814027044334	6.33617628172363	6.75558147793385	6.25989085553555	6.54297618572113	6.85384994516613	6.33170482632729	6.33130738150671	6.90012461782541	6.78955426667541	6.39512445016837	6.97610002848793	6.97610002848793	6.38782840297835	6.97266564757919	6.24905072206345	6.14472500304081	6.47772977275492	6.72694364605176	6.30925122301915	6.34131451317071	6.94680372079026	6.26474404690251
AXIN1	5.23772491678605	4.58748342531893	5.79968494108251	5.67950612793844	4.95563657474613	4.94428494592242	5.65063079885578	5.37817685178627	5.59100604675813	5.01020665452686	5.01574062549413	5.11667406769683	5.23927254842416	5.43210672680355	5.09010865598547	5.13568864821995	4.72321160068179	5.79968494108251	4.89488499214927	4.58748342531893	5.62758813509719	5.43615538705282	4.8316000935202	5.77799628164739	5.00356410567466	5.36963383838985	4.9274096884627	5.78201050368593	5.01723493387617	4.89466453021786
AXIN2	2.78442397195508	2.23357512952883	2.95334853630183	2.11467505779833	3.27681214890486	2.36761863923724	3.38963339676603	2.26207567361302	3.92529215447415	2.20137273686966	3.6029089035635	2.71569912891415	2.31933632939069	2.46228924000247	3.32880886313684	2.11467505779833	2.16426511066075	2.75052129556879	2.24083227664308	3.62068115280706	3.39916219445445	2.340434173221	3.47026181238749	2.76881415389247	3.02474794896883	2.12780528379542	2.2130693447221	3.92529215447415	3.05901122575793	2.93559241484519
BAP1	5.13237834776515	5.07921435794965	5.55188778694671	5.69256339756468	5.36561480254102	5.29654917366356	5.28468624484898	5.35896131478824	5.47557584575437	5.25276578662336	5.74489971078554	5.7325328116104	5.74489971078554	5.50918822649217	5.03074611263968	5.36930962893397	5.35838430006049	5.21730406483751	5.71000220718818	5.43576718748177	5.63767386998398	5.29448555285222	5.22697264119373	5.62476553885659	5.49545680085824	5.53220795346996	5.03074611263968	5.7102738697973	5.19937174077178	5.20444320402898
CARS	6.09501833671353	6.54878249723686	6.26858667571976	6.77908586649183	6.40121724258215	6.46363172064067	6.4446406495923	6.52270631446366	6.63713574968082	6.0949539164978	6.57324887250808	6.75061749116773	6.33041040058716	6.77908586649183	6.53993168237855	6.0949539164978	6.11932548025698	6.54339919863172	6.16928322655687	6.22510143161728	6.42805422055091	6.36149641918547	6.68283490443706	6.58454895748034	6.55007995981139	6.63259342254321	6.30558176919339	6.68013324099924	6.41387195167265	6.342358602388
HIST1H3B	4.20569211453858	3.44251570817022	3.95183326364264	2.91161556951361	3.69640534965138	3.62306713859201	2.45915694134208	4.15921019090066	4.20344179251709	3.43800389226582	2.85333663987402	4.06742463050793	2.45915694134208	3.94873727991196	2.51329436825582	3.24854200198038	3.26910344557	3.63345360515367	3.5937702835605	3.20914686971253	3.27604628017648	4.33256393198761	3.89525681147762	3.94772580300626	3.1952719453574	3.65942613475492	3.44636578604301	4.33256393198761	3.24927959803866	3.50330586971339
BCL2L12	5.54169449330132	5.9443299453885	5.79000702613019	5.84307734705897	6.01619843986739	5.54486028578494	5.86869083274522	6.29754299112204	5.92621019854111	6.06087800279205	6.05972757033677	6.0934786638726	5.87263076890574	5.7316869731064	5.50829679168432	5.8437249856588	5.7034858104416	5.83706000951197	5.68503425970152	5.79395918098909	6.01251095415117	6.29152812435741	5.97414294869777	6.18021554554116	5.80047292808131	5.50829679168432	6.29754299112204	6.10065723242334	5.74082540976063	5.54003854468287
CASP3	7.72742413106804	7.86706621162387	8.10087989951108	8.23487624690636	8.16297811537369	7.47120666929249	8.24980022008818	7.57007127407914	8.05098196418792	7.65846202023703	7.48683671149766	7.51035751459245	7.56262393462342	8.35081793987324	8.39978037995296	7.65078994604127	7.77672178899265	7.84434005747044	7.95507399367299	7.75981826055008	7.77547701910442	8.21118021374104	8.06172591270077	7.47120666929249	8.27952618456689	8.34348613654017	8.39978037995296	7.87372474709598	7.78563074079068	7.845661107581
BRIP1	5.38480766243007	5.15213026833141	5.52855818240381	5.6300131144697	5.00974334638502	4.37963463222454	5.44966536151195	6.57642523768061	5.35662719577846	5.36669497688995	5.74234546983631	6.50691134271254	4.5472117809798	5.35404943361664	5.97494056507858	6.0351262059512	5.94249242730735	5.12323670407916	4.31144015122934	4.84387390938806	6.45519232053494	5.4946121222378	4.89468809697972	5.32488470933988	4.80691467693239	4.78189872445328	6.57642523768061	5.13042221954882	4.31144015122934	5.43333134159303
SPOP	6.67177630496393	6.87943422102097	7.07361238741005	6.61473353761274	6.93417983656123	6.839330621543	6.89801770426986	6.92195689398386	7.12667049946411	6.6427245616117	7.11251650862969	7.18122756311231	6.69867887980449	7.18122756311231	6.79388800220383	6.69446325297483	6.71285427371593	7.17914360820093	6.91970352352539	6.65555658219373	6.79262342681503	7.0071360280144	6.95098867238617	6.93193044953892	6.79639258806448	6.87032979987507	6.81753908011105	7.07946083749292	6.82771641840028	6.61473353761274
USP44	2.91409685774559	3.4847784535558	5.32754587220315	3.82013656922669	5.98875603886427	2.62967147322688	4.36782804211452	3.88786705820336	4.56200582855796	2.89834844069504	3.98884160774888	3.57979628010176	3.09063976875136	5.80117587894379	4.43944128108254	3.38205359478297	2.62967147322688	5.30899466582806	3.38794799211953	3.1476471081982	3.01603469595952	4.2975255220336	5.98875603886427	3.73609586861605	4.28137258748937	3.79655749395431	3.51546064017645	5.96450237449023	3.60202339934117	3.74911363569914
ZNRF3	4.09291033684498	4.09741281025806	4.51788223863324	5.48390588729296	4.68703599511135	4.08402044787793	3.97801214626333	5.6601061073476	4.81860240560159	4.60402013323361	5.68492384611126	5.16249758611205	4.89157356364736	5.18023176600573	4.66246745127048	4.41131674304432	4.50567543310477	3.97801214626333	4.94180979509375	4.09611171348252	4.97683012765035	5.62705753567645	4.44822952884531	4.83173763931997	4.61575393841195	4.65396136882092	5.68492384611126	5.41079979383067	4.58682562036469	4.01792974715885
CASP8	5.88506960890324	6.03298196298789	6.38494837392113	6.22269353215853	6.1487453051427	6.07836691294014	6.25448051594923	5.93771979208819	6.27424430673689	5.63189439917385	5.63286401596133	6.13951732952572	5.63189439917385	6.33754132104369	6.1697993632514	6.03310451035864	5.67883974165674	6.4108723643094	6.1890569124182	5.97720843645545	5.78910032598407	6.08773368474087	6.24889135423317	6.05975452410159	6.23525179486844	6.4108723643094	6.33095681132707	6.39467110937865	6.30473258672273	5.87436871819126
TRAF7	5.41895514157845	5.50314707133559	5.28980385578769	5.69146318255582	5.56164641271907	5.33999078825759	5.55774528250503	5.22206130282378	5.45360228695863	5.50279303563537	5.82090055342812	5.66817822708113	5.65452529468713	5.53671722643386	5.31981891376656	5.62232344953177	5.5202649620014	5.58873340754065	5.41300753481231	5.22206130282378	5.81553535830026	5.68341085958626	5.32464364968354	5.77256441622123	5.36472141100577	5.23109508161461	5.40289195068998	5.82090055342812	5.33185011041037	5.39863159828397
PHF6	5.77015141704857	5.53547354145288	5.86214087171799	5.36844807226754	5.88185719923431	5.48789315750566	5.89172260307654	5.96481322951314	5.97644909800905	5.70855648114095	5.84299704460195	5.57138829388642	5.61627381464577	5.93489079872492	5.61610758755854	5.69254543083269	5.61442494658319	5.61492141048211	5.59827133911992	5.36844807226754	5.75728978080355	5.87710276248471	5.64441829452895	5.80129392858783	5.55135286759353	5.80240065820644	5.80154436546724	5.97644909800905	5.49274867010269	5.5636064845549
CASP9	6.08610418477041	6.40717169202488	6.22147397695705	6.06063310857853	6.17214811580216	5.73341144095538	6.08323742637139	5.73341144095538	6.25586504000365	5.85259974366525	6.28031024999197	6.33353737466576	6.05755807341427	6.11204539800113	5.90154407662863	5.86686453881593	5.80116838758129	6.12892360400172	6.47682012171549	5.97673567864539	6.09831089513883	5.99597644817726	6.06897892762074	6.38725560648657	5.92678950129866	6.01161203554927	5.83423878604118	6.47682012171549	5.94960539917383	5.88770922088881
HOOK3	6.65215381317042	5.94374384070813	6.23375620922326	5.76282196369509	5.91245898837825	6.82348270239662	5.97360368623294	5.8864645459567	5.78343704169538	6.47381590448642	5.83626836366613	6.03117246790173	6.82348270239662	5.76282196369509	6.49017604823836	6.29114259133683	6.21639007378954	5.93549851504219	6.34398629500871	6.49367694437167	6.19294318219744	5.77151533673657	6.43781267448515	6.02034340404845	5.88759138282408	6.04382425810822	5.97755347277768	6.05855182661882	6.68227604081724	6.43869739075483
CARD11	3.53042163713492	2.79042467390336	3.34239444459843	3.9593644115647	3.48652630917639	2.71202516736643	2.48505046188771	3.48843378795598	3.7512855741899	2.70905804819753	2.66395792433613	2.20930582176238	2.89406442391623	3.48453548548881	2.20930582176238	3.26374440619231	3.15943647443054	4.0302442887227	3.29054018003026	2.26097338795221	2.71540689922206	3.80608555389266	2.85684692388077	3.12430704609695	3.22418078256017	3.50971449747722	2.62310597038293	4.0302442887227	2.94007996433074	2.95281349343683
MAML2	4.26168628903287	4.82094057608011	3.20986854003811	2.86972528788522	3.24876160416521	4.5098097686346	3.66005893443528	3.61933752335805	3.38184590388733	4.40061160803071	3.49842519588166	2.81426207535479	4.58369871707135	2.81426207535479	4.39593992775508	4.25628488635573	3.85750497871086	3.3963358511288	4.2627797064997	4.53670888967326	3.56125987948929	3.49724161455551	3.9150485964065	3.76447025237655	3.59807603486191	3.2144444288664	3.42424728531966	4.82094057608011	3.83847003998151	4.0785906661423
CUL3	6.30519723410822	6.10866501186596	6.42942516553518	6.61487630117804	6.40142350833796	6.74968591950069	6.75359535492221	6.49978590736341	6.34560270897638	6.42944273086596	6.72107262663761	6.12953469122277	6.29917500244177	6.65747075190981	6.59350519996561	6.25575687688757	6.3366439023305	6.16988926051022	6.19905361720976	6.10866501186596	6.36668437678842	6.75359535492221	6.62182621220455	6.1192575952322	6.62071796917662	6.71333964153018	6.44867976699466	6.22300013247042	6.74065022374296	6.32599995969292
CEP89	4.64268605550027	4.41326487128581	4.39486039095097	4.40561863775647	4.66458101930773	4.2730092490762	4.36002752496311	4.5572925518408	4.41531630108635	4.29091941012871	4.68132022190984	4.27196414787591	4.42635313821523	4.44273022726262	4.44872441402034	4.48814390991951	4.15091573742995	4.52323297456504	4.15091573742995	4.19116997946048	4.38061224425901	4.22085100412328	4.428189782837	4.30525382965461	4.16964452569134	4.32787146879602	4.33177208824899	4.68132022190984	4.279189688824	4.38898973048982
PPM1D	7.32389163505084	7.26766420590882	7.08713241071301	7.05677042581203	7.03145939273455	7.29503005339294	7.10554061744516	7.43540938463978	6.99958195167436	7.21330825867064	6.84384983146917	7.50044203259699	7.0751378644538	7.00295583419406	7.50044203259699	7.28031472462502	7.3527358374944	6.72225284533242	6.90644159537874	7.15359178996977	7.17165950137676	7.38290786604685	7.30309124514249	6.87929456391866	7.36790725658873	7.35275951321549	7.228095589582	6.72225284533242	7.47093219009647	7.25964366791662
PPFIBP1	4.63015292182531	4.06378549031474	3.66157049958158	5.01059920520891	5.37192654315908	4.40661230175638	4.91472553114515	4.96257334651828	5.18498833219566	4.46230357115429	3.89946373010066	5.36218541708584	5.0875937270953	4.60925830639356	3.75179089728028	5.11775212145767	5.08806208787321	4.88999126218081	4.79906275375385	3.66157049958158	5.19994015476038	4.84118535353683	4.38752136131127	5.28201465698256	4.58642331285028	4.63635840013461	4.84839377417276	5.37192654315908	4.61742545965811	4.15168094063388
GAS7	6.71826563924424	6.95156018434043	6.24867433367107	5.68844669273462	5.57643943543128	6.95156018434043	5.61513296979835	5.61346208884933	6.00716995860775	6.73645680785865	5.41718965486386	5.08597088622767	6.83854527362262	5.08597088622767	6.34960910419968	6.59625550182447	6.57951345330112	5.93067498818336	6.71956898278074	6.84041346187509	5.92536487647101	5.97019672361878	6.88895790775684	6.14032434683502	5.2840844040754	5.44594874874192	5.29645015846627	6.77374325343518	6.69293925234422	6.66993238564339
SLC45A3	5.22943030881294	4.73160275036179	4.91258755361121	5.18729916607387	5.13177653246417	4.749083819622	4.93810076139258	4.7193275354098	5.89188361933472	5.17902843483947	4.45159093987326	5.39508804388934	4.62281118054058	5.48487647290715	5.38366494899764	4.45159093987326	4.6975068389223	5.92633533111179	4.99242516505528	4.45431276884498	5.12122300491722	5.0103979078476	5.34200816233004	5.77517651760053	5.11550906447856	5.40433816135186	4.72870246432736	5.92633533111179	4.65153121096337	5.05064513082894
TP63	2.89208466772009	2.85595048753654	3.42984240205024	2.90438285264257	4.27084088557835	1.90183455812782	3.24716010790284	2.08626979999915	3.83828703052185	2.10619621553696	3.9412114104654	3.45540152379623	2.80908665693716	2.09953106713662	2.27406176809281	3.03369796513464	2.18012115141125	3.81624972076632	2.04996018107041	1.98754144958913	2.60212744491976	4.18113217077666	4.33497344810772	3.67840909693148	2.75146776030798	2.90665169968468	1.90183455812782	4.33497344810772	2.8823385916374	3.29925449454539
CBFA2T3	6.00904801483826	5.44845927983091	7.40009651512318	7.05824948313958	6.57604567328842	6.86859429865444	7.15282221451422	7.43818999574307	7.40529825189687	6.48992025549268	7.53151442449585	7.0476877485113	5.47401494620468	7.31990933632804	6.20548334677845	6.39378952792763	6.40955348823627	7.53151442449585	5.44845927983091	6.63391391074561	7.44172175431573	7.09292141841964	6.55594121761587	7.19521052940489	7.10625220651016	6.95241048559242	6.36822111826703	7.20128159043037	7.08934752112678	6.59970681111708
NCOA1	6.77504861646234	6.2621983201617	6.69358584192268	6.80765785143982	6.90626262407324	6.62419641982742	6.52521038937992	6.27252285046351	6.65430095959155	6.6270827762499	6.42767583316257	6.35173483930108	6.56303098003278	6.2621983201617	6.34610663444717	6.49895526716583	6.51208255945377	6.5323869840267	6.90626262407324	6.5520292124723	6.34190189628776	6.66156927160286	6.55247675239343	6.80784967781295	6.89054995159385	6.82281878978024	6.32551248796143	6.41934139199539	6.51760703211266	6.52414174504891
SOCS1	2.78802804937402	4.39444846494505	2.61947653533918	4.33790717320297	4.66796143578744	3.99674394257286	4.87139298305057	3.79338076854688	4.38731868057981	2.58140655462358	3.24541610888916	2.64647990957503	2.5263139921221	4.34551377211533	4.05754602905078	2.5263139921221	3.72198929689688	4.4090273659759	4.26253574884483	4.16778462952306	4.70550484760677	4.4407576876392	4.92841765473098	4.45494420480635	3.89359469724949	3.90443686305734	4.03958092820774	4.92841765473098	3.80598760344979	3.04546201095945
CBFB	6.32193165834746	6.79729780744504	6.95486758218436	6.93080496999244	6.99133614827731	6.95914903128606	6.88527725462555	7.30446841336798	7.07277920239959	6.35298759884112	7.05732628287808	7.20507041986585	6.32193165834746	7.30446841336798	7.07179549690365	6.56085576016521	6.48614377820997	7.02364141070012	6.40318230646801	7.09016441704511	7.25469061640802	7.01011578568435	7.22655148010066	6.86526845720953	6.68343450546101	6.8463084147317	7.03581027861117	6.50795762568372	7.27043916500672	6.59909860334964
CBL	5.87079015244182	5.8406963792	5.9970349333869	5.92163453641913	5.69190250255492	6.38277786550158	5.64235253926718	5.63226106920064	5.64999471390156	5.68753399382704	5.74453091860945	5.7103315486852	6.28193623149026	5.68708770322778	6.04606583487497	5.91361924143252	5.73707788617858	5.73393278268809	6.13630934451513	5.83456033659713	5.88839511195605	6.01944515136733	6.1602656871623	5.8146684569323	5.63226106920064	5.76349897907704	5.73480708351859	6.38277786550158	5.8600284768299	5.72314784296547
CBLB	7.30489239440295	7.53756087900274	6.77063671690006	7.14062551189665	7.38876641256945	6.52945191670301	7.31349727042747	6.578770644965	6.77312075463773	6.85794299063254	6.76571923506197	6.91796094729067	7.48587460556395	6.52945191670301	7.15124888915689	6.93067110586952	7.19921150361159	7.01071066313596	6.7595893991599	6.96607881781789	7.53756087900274	6.90834953268725	6.98501088005758	7.32005528931723	6.89152860428371	6.99868093232374	6.61375395588482	7.25808315392973	7.16580704445062	7.28122769169437
EED	5.74641203004366	5.85289310204495	5.74128797905228	5.88487837867009	5.40374787381447	5.88990317267891	5.67491513694828	5.68409086074317	5.40374787381447	5.57638198498877	5.94777876858075	5.71697228758668	5.70043994794142	5.43852530896751	5.61238856090502	5.65505017683318	5.4354551126681	5.67298565364725	5.83716035665874	5.73821981807633	5.85876018220061	5.62989337752603	5.90927824219087	5.95244673611815	5.47716700291229	5.56958500692608	5.65512269450717	5.85290198318403	5.95244673611815	5.84093538480539
TNFRSF14	6.54739493233877	6.94294893572229	6.76563830364735	6.22675810412283	6.12055067360933	6.06097948870116	6.61917710513633	5.54278644040812	6.30029240584198	5.7928972526845	6.47717907189539	5.53644042445446	7.02286181798365	5.53644042445446	6.4780860233891	6.49887906458739	6.45598468774949	6.37827379166059	7.02286181798365	6.70796098247135	6.42916629249885	6.08855339360232	6.27828076967563	6.4304760575769	6.58598858699457	6.53594132338575	5.91832152210486	6.96997864559587	5.90525477218254	6.58863733072174
FADD	6.047403685151	6.22289455632268	6.05601416570938	6.28405111777567	6.41238123131698	6.07047584200221	6.46410506867522	6.36214366117967	6.13861990597918	6.0610863958124	6.77571536977612	6.047403685151	6.30768866508126	6.23065564780452	6.09121050846046	6.54032042995579	6.75165368558832	6.77571536977612	6.67635668248424	6.24293922712667	6.36360523174333	6.7317024227371	6.31352361622062	6.15547078260524	6.187679658348	6.37968588520078	6.11933012932114	6.16687287349366	6.23285026353738	6.5179214188458
TRIM24	7.89672586025677	7.13106840044527	8.06592263357544	7.9537737219419	7.80457393631973	7.35302118237093	8.42303834041689	8.26885068414596	8.3205471138158	8.15508118529191	7.33877772553588	7.96508260472985	7.88451767871482	8.42303834041689	8.22814743563694	8.0242362162195	8.05269070347014	7.99049097917266	7.18862346574557	7.67738962066656	8.13403159455216	8.24467592468692	7.13106840044527	8.09586576330415	8.14755573343524	8.01720431838147	8.3346264219326	7.43436439562019	8.00025670060432	8.32067709738094
FUBP1	7.11338007886584	6.68523847584947	7.10120766248432	7.41001946978934	7.21474103872013	6.95119186307079	7.19867791388271	7.16131642547226	7.2001713329291	7.35971527531746	6.75606200295821	6.89435199548001	6.69968253324092	7.41001946978934	7.1729803200026	7.18390680308409	7.27874523222018	6.8546744325722	6.62469336319566	7.05836253874981	7.0536863808883	7.23063892720366	6.81570506242022	6.56611488396264	6.58999292172967	6.75435188336848	7.17388371475698	6.56611488396264	7.26456540854813	7.199224096022
BCL10	7.78402873341947	8.17924516533048	7.58206081996329	7.46664301563461	7.55131591852433	8.07119599237611	7.60932647871337	7.97252056035478	7.4809767927502	7.88187068784316	7.78142901921539	7.83641446377263	8.07983341400723	7.44743535427403	7.82797974020817	7.64372897705704	7.9158353101791	7.63199103054733	8.17924516533048	7.96585175074338	7.71857515442604	7.80207499083493	7.86775256402999	7.65549368091801	7.73373707865711	7.73847646744883	7.75917581605075	7.44743535427403	8.04370727947723	7.87178746617426
CCNC	8.21751400344499	8.17846239079025	8.35582581428037	8.11548741112083	8.17556071476	8.1005649052027	8.24228255156631	8.41420704518863	8.00052268117656	8.09007100460473	7.78905271241788	7.96082360790652	7.9294192027645	8.10743267713171	8.11811647273955	8.37638847414547	8.30543501196671	7.87199887048352	8.01854983650352	8.11257252516238	8.09785647840031	7.96560285385105	7.96197630559164	8.05832908259656	8.16054558752745	8.17061168698936	8.41420704518863	7.78905271241788	8.14988388053449	8.24944230859065
CCND2	6.03395957511161	4.46479426667547	6.19163904179357	6.43064287979159	5.64459913718774	4.59687595659915	6.54644120595985	6.54270552654172	6.09501577015361	6.28492894993945	4.46479426667547	5.40984253599992	5.21298264019041	6.49388217853183	5.9239027584858	6.36251012451829	6.27233392494262	5.80583703373298	5.45221620246004	5.79607151358196	6.43909712189357	6.29833401580056	5.49125459447881	5.2462958294074	5.64676279853042	5.74104322516781	6.54644120595985	6.05134067883191	5.71763597343214	5.69610860019607
CCND3	6.67472336037254	7.19569964277633	7.01893549173809	6.95822148480535	7.73034813710813	7.55006284884315	7.79246571439114	7.70816678010883	7.04683071834364	6.6756625175228	7.66258979614347	7.04302185177125	7.08903254648456	7.45651349881634	6.67875010965244	6.8323758241477	6.9198327163454	7.39524783721639	7.33274852501676	6.86282217206533	7.88404361497243	7.34892785727593	7.55123605726928	7.18952384114675	7.30375820610789	7.025311914201	7.05892084672817	7.88404361497243	6.67472336037254	6.68173059225614
CCNE1	5.70702415741469	5.84548427415199	5.70527908683324	5.94351995493175	5.34889071584776	4.97441528263624	6.0432117559774	5.79294765947441	5.40745776080952	5.7818808614456	6.15189108786946	5.65894375019275	5.79764215512326	5.60480481851749	5.91341020963369	6.32788011018186	6.32788011018186	5.05905770685132	5.49160428010968	5.42028375363764	5.80940716286846	5.76217732188013	4.97441528263624	5.86562928430238	5.10830053583556	5.13193014799628	6.13116406506509	6.2856906345185	5.12761987222114	5.75620323891854
USP6	4.90271844154239	5.22692274204443	5.30146170715947	5.77168117938193	4.61615238498818	5.81621248184645	5.11961145104905	5.23767897956661	4.64152719406037	6.01711303594759	5.9640507655694	5.4272066963355	4.61615238498818	5.73018589989655	5.45921208782009	5.12185272959878	4.97871826388995	5.95775156860039	5.29835647561059	4.64860005012857	4.84133017473626	5.60318990807764	5.27089679386692	5.22641996473568	4.96442629910785	5.09380007719412	5.27951629644372	6.01711303594759	5.52649240541137	5.45678867071955
CREB3L1	2.87395913388142	3.26939456531145	2.90805196270693	3.4094002255927	2.05118633175201	3.8429375305292	2.77588815146586	2.22397451425127	3.92154287644807	2.66874919318309	4.39378652720172	2.39794875713629	2.26513445673308	3.53325904584764	2.58341356663162	2.5087724885645	1.88307647113579	4.45071858989109	2.24197185267912	2.65885114909181	3.79667612516728	4.17691060586692	4.23071220011402	2.71759987603401	3.33408822627433	3.27306030844062	1.88307647113579	4.45071858989109	2.85137202594408	2.69760187360742
ACVR1	7.476663362665	7.40846891198827	6.77698323133391	6.21781532287471	7.68502609061545	7.28220210375896	7.53667250161515	6.89633476682392	7.39927865675649	7.21665216550018	6.19139521180628	6.37627759925742	7.33212459177881	7.09815297701408	6.43317602194165	7.2242424555526	7.39021012282092	6.61743440531198	7.68502609061545	7.44698283065828	7.26237938161639	6.59763122609861	6.84906547083078	6.7647722133093	7.58070130781441	7.64420181366031	6.19139521180628	6.45441578471792	7.05921941022353	7.18485664794145
USP8	7.39729950521722	7.36444099878799	7.01427141699689	7.24714680873953	7.11479064112503	7.47887991508693	6.97212080198419	6.91624639929028	7.10614017922405	7.2789696157682	7.41933108203528	7.18364813706481	7.43613080955409	7.04520702186056	7.15591219585232	7.20484074303343	7.3639088353551	7.02135302914081	7.47971087796063	7.17479713738137	7.08350773649366	7.20461235320683	7.20466093724019	7.08084811400838	7.42008225193048	7.32365562929154	7.26090621199762	6.91624639929028	7.47971087796063	7.2644965193471
LATS1	3.9218456421537	3.70354607751813	3.26856340067143	3.80834295887574	3.60371633145771	3.40735675802548	3.30914220615463	3.61590666377142	3.25823176603194	3.72596340402539	3.82413543710169	3.47815771083459	3.18195646448037	4.10160264554787	3.2766950659829	3.32183569687744	3.49836717037331	3.37677110829751	3.23396425707904	3.30458725611474	4.00543822867373	3.56235980419532	3.18195646448037	4.14268797823873	3.67972831406752	3.61566362130413	3.28032831050369	4.14268797823873	3.32107071941104	3.62294770173477
RABEP1	6.19980505144536	6.26172088405037	6.26149085864414	6.29272921856174	6.0429780075687	5.87823419926808	6.31934555156768	6.15913744692706	5.98423701205012	6.13924832838524	5.89176123099488	5.55862872636407	6.01856934794137	6.34846602906744	6.19755293152688	6.36206524304455	6.13648770942268	6.15901266150189	5.55862872636407	6.13628884454945	6.19375406268495	6.22828116844665	6.18179105702188	5.97823695981598	5.97170001140416	5.94279822639114	6.03972248912443	5.83858386614834	6.36206524304455	6.26223735061413
MAP3K13	1.36202207189722	1.67375315745219	3.18021769962411	1.5554242605749	1.49016120079654	1.18788238451379	3.18292058939719	3.20533872533011	2.4102685269044	1.03084749325307	2.72987834317045	1.58648598952468	1.45475202018797	1.09128336293621	1.11763319626882	1.12834443894023	1.49897455524581	3.75179583949677	1.03084749325307	1.75749597151876	3.65384413365975	2.12244386395595	3.1074734637707	2.0997128104911	1.82938055448722	2.00384535635365	1.87995108386747	3.75179583949677	1.27754357793271	1.64914139527254
ACVR1B	5.27019880136392	5.0296236131729	4.63528601534407	4.45293566394099	5.18021853494964	4.60694967413709	4.64454116282298	5.00367052893501	5.19589151170012	5.10793767393123	4.5865489250247	4.64132257773698	5.21319665914423	4.78735458080437	5.05660379899787	5.13650770391984	4.90048118679087	4.54958322954315	5.43714037497966	4.69784499428394	5.0565968602846	4.58401863545996	5.20027564364897	4.98750281188937	4.51188890261609	4.62644012206117	4.45293566394099	5.43714037497966	4.97224184292931	4.92609337849199
SNX29	6.10927878548344	5.75892053623594	5.64280146103602	5.60158225861712	5.61759858384005	5.90240952131925	5.56039482911828	5.49534036883778	6.11941242452406	5.87748878507925	5.9695564367784	5.43537901039114	6.11941242452406	5.4499197659382	5.72478818193108	5.73471786006061	5.85108931588289	6.01376387392528	5.80094314567249	5.81117108792699	5.43537901039114	5.76155460580569	5.90928387917252	5.96695685079881	6.00553364190609	6.06594563756102	5.47359208574234	5.98370415551958	5.89205155000818	5.6464923926761
ZMYM3	5.19997792837245	5.16319411542974	5.37505408493884	5.4602572566066	5.13540619384216	4.85287341831622	5.28067823966351	5.06771151196066	5.49554848763541	5.07024882342007	5.34545839446821	5.1100487325419	5.40506307084323	5.38694343737039	5.11747204838542	5.05939298733816	5.11667928681802	5.56252997877086	5.34256718657873	4.85287341831622	5.36294238576398	5.44848565543642	5.14784353076529	5.37770041514427	5.29337258287554	5.36187253732607	5.08012748536556	5.56252997877086	4.89943597981783	5.12274855605374
SPECC1	5.64967387329806	4.84121153457025	5.57066400098718	5.37468579376878	4.74455640662098	5.61608739553852	5.14795431292268	4.67396967207729	4.79678692137563	5.53800893834841	5.17328515915595	4.56826883747722	5.16509066360298	4.79093391314991	5.30262937511178	5.02105224632148	5.47469567700556	5.45006760773092	4.4023656923645	5.64533560021535	4.87000242943944	5.40676222047527	4.88658836686167	4.86857944703235	4.4023656923645	4.73161551297456	4.89848405922279	5.36274820777581	5.64967387329806	5.05243051525751
ACVR2A	5.20565294813072	5.38534807046707	4.32146091300563	4.8420645125245	4.8853316745112	5.04828767137231	5.10417855221003	5.58133307398534	5.4091361167629	5.76374404878121	4.79302073378246	4.72787701539822	5.16994241854466	4.66315633929157	4.32146091300563	5.40639091860661	5.45438445560968	5.13571050064359	5.7304355906858	5.76584502048502	5.16020551881651	4.78692373009145	5.67213943125117	5.42482016178573	5.32186540699064	5.27338355272057	4.48850283716888	5.76584502048502	5.09554535212551	5.74602285976226
KLF4	4.95565309477782	4.39726934094156	3.73663570381916	3.84814492331779	4.13279718861802	5.93255802595484	4.43074058807762	4.23865239159681	4.84834995811669	5.04521304468661	5.93255802595484	4.65217240697723	5.89565287403604	3.73663570381916	4.53797493001683	4.57185137622946	4.3192497472998	4.20532994129532	5.24219115152037	5.39048107975939	4.43037987805797	4.8535778164041	5.35750344420608	4.95992153106359	4.14559433265666	3.96863077917828	4.10817934652871	5.74442676602411	4.73107624496573	5.38494251476141
TRIP11	6.09475425980653	6.1936041611964	6.16185679705398	6.01710791035135	6.09143015827451	6.27002901700266	6.11468385377329	6.12191848331569	6.37235548147979	6.21917526177416	6.02589148023678	6.12374333838771	5.94772935638987	6.09470005903772	6.05199617719383	6.08152397957652	6.11188191342448	6.28164970553772	6.1974336007329	5.89000101156803	6.06417052552756	6.26432642474409	6.09297079315434	6.34200819200924	5.89000101156803	5.89309563812769	6.18046442191906	6.18735868988362	6.37235548147979	6.27982217418847
RECQL4	4.67259442072217	4.25004426726098	5.34267509452279	5.39134899545298	4.31450539135725	4.531692511103	4.92021271550105	5.77437755311443	4.2093998546925	4.99804556599941	5.67076733646578	5.60847969360078	5.0750640274894	4.36180897234004	4.56590067688369	5.41531970684011	5.41799722440161	5.23998002038546	4.13695004987937	4.35465455100278	5.844327443302	5.09273112968071	4.49458978346655	4.98011176038921	4.54947887701579	4.19581305789917	4.91199313793662	5.844327443302	4.53416295170741	4.13695004987937
MUC16	1.73002671318818	0.908822496019375	2.4557541635566	1.10060991421609	1.03139151476337	0.908822496019375	2.31592139665049	2.39576548933926	2.47907196471807	2.21495069747134	2.25606777321778	0.936275716005447	2.52194728546433	2.54728729427322	1.4997981478885	1.16520834067463	1.11295705064742	1.16041687920939	1.61168309031915	3.14098156357252	1.44930090439797	1.49838112383095	1.72709837118774	2.02519176676447	1.19214927553067	3.14098156357252	1.03217791907062	3.11093247812785	1.08611610461055	1.44698580405449
CD28	4.39234117437177	3.83181156377229	4.07217265548377	3.6959207836485	4.30940458535113	3.2737687368623	3.97959792503711	3.59558385321612	4.42783941436401	4.304644427399	3.81540178810415	3.18874240433823	4.05409447931056	3.04742874018288	3.68400592863916	4.15448922580508	4.15623924202243	4.19652013769413	3.27168050097311	3.76367303635183	3.6160757952864	4.21088069498641	4.56267022693144	3.62458406548312	3.99495051297219	3.70714339655722	4.34229445330209	4.56267022693144	4.05113820308115	3.04742874018288
QKI	6.71043626016383	6.75900799783328	6.15412531307749	5.99663574646745	5.91492746907688	6.76742714160874	6.08618233796987	5.80527874737102	6.14980503734227	6.57085297586578	6.61195788953747	5.62789005736452	6.86339060890922	5.62789005736452	6.33033117529552	6.47744957076457	6.49525679075975	5.73939381653337	6.86339060890922	6.53785560729625	6.05793080933358	6.2327253217498	6.30840870440972	5.94210072859781	6.29238826867999	6.36869132578726	5.9792834245121	5.87843480643113	6.2276814817218	6.78468377797607
APOBEC3B	6.62514376315939	5.95342410078591	6.75261321616448	6.67134149218181	5.75344193857021	4.98483911004729	6.38253094397443	6.79494164388974	5.92810384384973	5.35454792309615	5.78547539345119	6.85730274909867	5.75573913617039	5.51132417946922	6.71997637737596	6.76489967681527	6.86549974423459	5.97581042944429	4.95049495743577	5.49681338467769	6.70703626122474	6.52655359199334	4.95049495743577	6.86549974423459	5.79556270911347	5.60968479832921	5.72574167121452	5.95968575068488	5.01933379816708	5.70966265421087
NCOR1	6.68984368742615	6.53989257906324	6.816822748661	6.86001151075178	6.69333103301056	6.79867377260333	6.68754849553778	6.57930704368843	6.82922853547799	6.77024686318176	6.74612095340763	6.41966169787114	6.41966169787114	6.80387101070182	6.59500593830644	6.72385462722692	6.67360791031887	6.74282858956593	6.77047367024288	6.43118586709541	6.67276840140166	6.86001151075178	6.63306222741371	6.63791749941695	6.46880026605994	6.42126793131057	6.85619218060762	6.62675688662493	6.73156233967327	6.59997931261485
NCOR2	4.74139404366806	4.17999050217342	4.25248645837737	4.14658701740498	4.65137867918503	4.50419640875173	4.53707785721334	4.30554143188144	4.94603656439426	4.49309552370494	4.89963151086366	4.40288384791161	4.51836486512584	4.1910108488564	4.18537548411144	4.43222969698199	4.23659986389731	4.78265722358428	4.83181303603089	4.41432488044621	4.81283019263392	4.52308679838663	4.81497714577535	4.68486609201607	4.32739129654475	4.47653505850475	4.38565510291362	4.94603656439426	4.14658701740498	4.43198273843033
ARHGEF10	5.310116968685	5.46516920322537	4.64018479387068	4.17823247808118	5.23763839774761	5.24812964019501	4.27944730729563	3.92767012117601	5.31492669560685	5.32005579513788	3.03483847418749	4.46950088477452	4.73821579352513	4.60816722709553	4.91700238687011	5.43502421424816	5.01579420746736	4.44315177405704	4.82872169576314	4.20794321148685	5.0616477049649	5.45490891663244	4.72493516890891	3.03483847418749	4.99386472363719	4.56141135955619	5.46516920322537	5.12103082341334	5.10377872520061	3.7268618170991
PDE4DIP	5.08769608979818	5.70383252083401	4.34024761967552	4.52397840397914	5.09583070772854	4.95919385848115	5.10896100550483	4.93046074045774	4.91002644477773	4.30768814461276	6.14079362666095	4.27342560386371	4.98608807732947	4.48964609523421	5.26052078202768	5.23063267734161	5.35011605698406	4.65597102831859	6.14079362666095	6.11557607820887	5.09177668775988	4.27342560386371	5.07055188976164	4.86419732219786	5.12466641751107	5.20004042259964	4.58725299367899	5.77868425845037	5.0426002490246	5.25106499623089
HERPUD1	8.42444947700512	8.09682098589019	7.75050321854788	7.64156421558301	7.94890832107957	8.73500829321971	7.87427450516699	7.94977297380991	7.72272575028808	8.17565610871251	7.82735937961199	7.98161401212462	8.55543842670002	7.9527177976633	7.86271516062199	8.47557531586988	8.45336168326934	7.77425353325134	8.01630896873939	8.73500829321971	7.99001351203106	7.92807722225991	8.2668163858248	7.63585185528428	7.81716859394687	7.72978214948354	7.63585185528428	8.08874331347775	8.46703067474558	8.28484458529399
FAM131B	4.08096108560306	2.92567737908599	3.31018720214819	3.15301029872992	4.17965355222549	4.3397242587519	2.2391278984111	3.56162305526786	3.52355563082782	4.07446024525786	3.76395592250221	3.62503888779881	4.16127520333735	2.30454519846619	3.51574942889153	3.94692198425709	3.47390750725857	4.34435043610749	3.39961370069059	2.78547285986282	3.69153573300084	4.34435043610749	3.76374247074422	3.76236936916237	2.2391278984111	2.77013328891383	3.44381608348379	3.82310642771316	4.11552167176244	3.96688561248962
CD74	7.23340272979117	7.14311303091719	7.27326827344769	6.88228024639328	6.04903102530715	7.54246123337604	6.9792136453727	6.49386728351382	6.46502263984776	6.98301720472772	6.04903102530715	6.84398962785927	6.92238917982508	6.29493047899978	7.08298874703561	6.81133547821004	6.69988585337859	6.95577873009919	6.6775406517941	7.66699305060142	6.9018216833052	7.44224401370472	7.66699305060142	6.62406102725039	6.28355076891278	6.29880908882822	6.41370331870024	6.85296153330191	7.0625107447249	6.91158371784938
CD79A	4.23556490621805	4.47659537113296	4.97481620396032	3.92230883002999	4.61359738800568	4.07623225453125	4.94131172260202	4.3117595463005	4.92582128403337	3.90321823294499	4.2391725048947	5.07656961648891	4.62196119225341	3.89616379801786	4.81311033714317	4.38427719027422	4.22840848735809	4.79230405526246	4.40299139495911	4.17648850450538	4.8017913108047	4.72269590916647	5.07656961648891	4.92270795450236	4.99711259592099	4.79967443122372	4.41059460202999	3.89616379801786	4.33295591921754	4.5145066941132
CD79B	4.89291020557626	4.43245746280416	4.43245746280416	5.66352360114456	5.1321559707345	4.68788396446896	5.520951484672	5.53327895520228	5.05244046049745	4.72766076726925	4.47873781017225	5.39708070267355	5.05139320152639	5.32619350283453	5.10647059810042	4.6173031128813	4.83714646999897	5.58402834460533	4.47254838675713	4.81035504200502	4.88164657566836	5.59041968151138	5.66352360114456	4.70341022346414	5.47156934616356	5.36038540379639	4.78653580810785	5.37026701330475	4.71469536598594	4.94806452455109
BCLAF1	7.06155579281819	6.60707983265088	7.10473359655339	7.14279774967163	7.16547728648234	7.05278472750587	7.03504998278275	7.09993034596644	7.00415432748024	6.91825607396779	6.9647901421498	6.99186900526829	6.88714282443544	7.1907773728203	7.10314869296557	6.89559559405879	6.95673033774733	6.9079536729345	6.60707983265088	6.94165324573873	6.92962000408138	6.95381189151973	7.03846065192994	6.87999004615771	7.02322687234032	7.1207235018559	7.07739764475843	6.72669782139723	7.1907773728203	6.91896118994234
KEAP1	6.9062044839918	7.13202472002359	7.27693599506956	7.13897849214522	7.13791420428131	6.9062044839918	7.16093854324828	7.25962628759659	7.19770561017838	7.06300020744177	6.98912991070714	7.22147354930517	7.04006581751568	7.31142092058493	6.92337569078447	6.98988329659078	7.17646520485107	7.17855524910592	7.1939401461139	7.24169306764829	7.18386866691709	7.31142092058493	7.05730910634022	7.02083823534913	7.07243653439835	6.99885669670526	7.28736354461076	7.00932502865179	7.04244858316823	7.09863094972705
SETDB1	5.8806950937929	5.88343210893702	6.04532796821571	6.08356456020391	5.83053768119824	5.69119095820814	5.82364093904285	5.71142057883668	6.02334538963533	5.87198162087591	6.09872901004174	6.14062522326811	5.93734725219185	5.93582666374694	5.83060248333954	5.59763804088178	5.59763804088178	6.05807476659229	5.94781211585591	5.7405042450458	5.99461632938815	6.10057258654485	5.90871175967241	6.14062522326811	6.08952723113794	6.06252060895068	5.7241559556827	6.07454942728729	5.60428251324103	5.62850085088711
SRGAP3	4.02161212096849	4.64228090042918	5.15756772775384	4.27767645189792	4.17043497152106	3.66819417920043	5.08679764573383	4.83702322753768	4.60635929527096	3.53264938480462	5.62051091584696	5.21483150850789	3.26373325251882	4.97610426410299	4.28639665536139	4.56895494733965	4.10435093024274	4.73680088997182	4.67189528552247	4.09167799281622	5.62051091584696	4.86303077417655	5.19811440616179	4.64066381231405	5.03505394857175	4.7571398919906	3.66769618357646	5.55544269589709	4.43167193788518	3.26373325251882
MAFB	9.41964954468612	9.76459926325215	7.70078306468824	6.19933536794314	5.59591236119757	9.05109882757714	8.04328281073276	5.94643485725283	8.08866555057142	9.26176088992662	6.74534993851531	5.64520870177083	9.64833341790908	5.59591236119757	8.0214898034518	9.26620015447897	8.98267653412771	7.92749652185271	9.76459926325215	8.90589737820723	8.26815362732097	6.88282444700193	9.2220400300464	7.98460976448848	6.3803460348643	6.35072204910342	7.92576939399995	9.11202973604892	8.36240689486906	9.57140511308488
GOLGA5	7.73788506808112	7.46575177649503	7.50919150603814	7.56167494119606	7.51781336261336	7.65396195549119	7.42447790159618	7.23147722584442	7.47868788731073	7.73764915380708	7.58073043212937	7.17892770393338	7.75623033160022	7.48650952395509	7.51146536115107	7.6880641012706	7.58143353798322	7.26336088394095	7.68232936112795	7.59329927174837	7.3132382954329	7.5570822562458	7.44766425428214	7.29593495145758	7.62542940411684	7.56566410140809	7.53921028309187	7.17892770393338	7.75623033160022	7.59364597457022
THRAP3	6.38161455163533	6.26447474135343	6.24254606002432	6.46370263745571	6.34679285445055	6.17918583148303	6.41850514491433	6.55511932042642	6.53318350607338	6.29465163192354	6.43162410362626	6.45842743858027	6.05650576488089	6.29778456402502	6.28995684992713	6.07845844891348	6.23641454132408	6.05282703355951	6.55511932042642	6.09283976487028	6.45394149398251	6.36307157170977	6.40810948244959	6.33548515110943	6.05922344947606	6.36096296394717	6.31442539316904	6.44005015886189	6.05282703355951	6.06281380170706
MED12	5.83701716109261	5.53336103793646	6.16318074194905	6.44862895210884	6.13270966126649	5.53336103793646	6.30523057461452	6.1550514794924	6.38899480684466	5.95091320876127	6.07869754734007	6.48810184169959	5.69409752522247	6.31647761722326	5.96391934644199	6.01435497273037	6.0974534508946	6.57150688590022	6.12830128635529	5.6794109685231	6.30854948015492	6.3269622463076	5.72516107305657	6.57150688590022	6.11058693819742	6.21104392283428	6.21492112768257	6.25400431446391	5.84213026055661	5.88158057710859
CDH1	2.60516902740281	2.82649204182419	1.60495018605361	0.955075429907276	0.939391817892223	3.73253640016603	1.19992802360678	1.5596276533556	3.44855162246881	2.61155029750762	3.08359611898513	0.944487979255246	0.939391817892223	1.23414631025138	1.41513840699159	2.61749089067276	1.07919650403179	2.83200955602436	3.36375668807488	1.32555841544649	3.92384013058964	2.02791984379525	3.92384013058964	1.48319154948979	2.82350383967596	3.02302316685308	1.85522845721557	3.06775962076492	2.01317722022706	1.28564668084713
