CID,MolecularWeight,SMILES,InChIKey,XLogP,Name,MaxAbsEStateIndex,MinAbsEStateIndex,MinEStateIndex,qed,SPS,MolWt,FpDensityMorgan1,AvgIpc,BalabanJ,Ipc,Kappa2,PEOE_VSA1,PEOE_VSA10,PEOE_VSA11,PEOE_VSA12,PEOE_VSA13,PEOE_VSA14,PEOE_VSA2,PEOE_VSA3,PEOE_VSA4,PEOE_VSA5,PEOE_VSA6,PEOE_VSA7,PEOE_VSA8,PEOE_VSA9,SMR_VSA1,SMR_VSA10,SMR_VSA2,SMR_VSA3,SMR_VSA4,SMR_VSA5,SMR_VSA6,SMR_VSA7,SMR_VSA9,SlogP_VSA1,SlogP_VSA10,SlogP_VSA11,SlogP_VSA12,SlogP_VSA2,SlogP_VSA3,SlogP_VSA4,SlogP_VSA5,SlogP_VSA7,SlogP_VSA8,TPSA,EState_VSA1,EState_VSA10,EState_VSA11,EState_VSA2,EState_VSA3,EState_VSA4,EState_VSA5,EState_VSA6,EState_VSA7,EState_VSA8,EState_VSA9,VSA_EState1,VSA_EState10,VSA_EState2,VSA_EState3,VSA_EState4,VSA_EState5,VSA_EState7,VSA_EState8,VSA_EState9,FractionCSP3,NHOHCount,NumAliphaticCarbocycles,NumAliphaticHeterocycles,NumAliphaticRings,NumAmideBonds,NumAromaticHeterocycles,NumAtomStereoCenters,NumBridgeheadAtoms,NumHAcceptors,NumHeteroatoms,NumHeterocycles,NumRotatableBonds,NumSaturatedCarbocycles,NumSaturatedHeterocycles,NumSaturatedRings,NumSpiroAtoms,NumUnspecifiedAtomStereoCenters,RingCount,MolLogP,fr_Al_COO,fr_Al_OH,fr_Al_OH_noTert,fr_ArN,fr_Ar_COO,fr_Ar_N,fr_Ar_NH,fr_Ar_OH,fr_COO,fr_C_S,fr_HOCCN,fr_Imine,fr_NH0,fr_NH1,fr_NH2,fr_N_O,fr_Ndealkylation1,fr_Ndealkylation2,fr_SH,fr_aldehyde,fr_alkyl_carbamate,fr_alkyl_halide,fr_allylic_oxid,fr_amidine,fr_aniline,fr_aryl_methyl,fr_azide,fr_azo,fr_bicyclic,fr_ester,fr_ether,fr_furan,fr_guanido,fr_hdrzine,fr_hdrzone,fr_imidazole,fr_imide,fr_isocyan,fr_ketone,fr_ketone_Topliss,fr_lactone,fr_methoxy,fr_morpholine,fr_nitro,fr_nitro_arom_nonortho,fr_oxazole,fr_oxime,fr_para_hydroxylation,fr_phos_acid,fr_piperdine,fr_piperzine,fr_priamide,fr_pyridine,fr_quatN,fr_sulfide,fr_sulfonamd,fr_sulfone,fr_term_acetylene,fr_tetrazole,fr_thiazole,fr_thiophene,fr_unbrch_alkane,fr_urea,graph_diameter,avg_shortest_path,num_cycles,num_chains,clustering_coefficients,avg_degree_centrality,avg_eigen_centrality,avg_betweenness_centrality,avg_load_centrality,wiener_index,max_degree,closeness_mean,katz_centrality_std,betweenness_mean,betweenness_std,eigenvector_mean,ring_4,heteroatom_ratio,ring_1,ring_2,ring_3,ring_5,num_aromatic_rings,num_non_aromatic_rings,average_carbon,average_oxygen,average_sulphur,average_nitrogen,num_single_bonds,num_double_bonds,Morgan_0,Morgan_1,Morgan_2,Morgan_3,Morgan_4,Morgan_5,Morgan_6,Morgan_7,Morgan_8,Morgan_9,Morgan_10,Morgan_11,Morgan_12,Morgan_13,Morgan_14,Morgan_15,Morgan_16,Morgan_17,Morgan_18,Morgan_19,Morgan_20,Morgan_21,Morgan_22,Morgan_23,Morgan_24,Morgan_25,Morgan_26,Morgan_27,Morgan_28,Morgan_29,Morgan_30,Morgan_31,Morgan_32,Morgan_33,Morgan_34,Morgan_35,Morgan_36,Morgan_37,Morgan_38,Morgan_39,Morgan_40,Morgan_41,Morgan_42,Morgan_43,Morgan_44,Morgan_45,Morgan_46,Morgan_47,Morgan_48,Morgan_49,Morgan_50,Morgan_51,Morgan_52,Morgan_53,Morgan_54,Morgan_55,Morgan_56,Morgan_57,Morgan_58,Morgan_59,Morgan_60,Morgan_61,Morgan_62,Morgan_63,Morgan_64,Morgan_65,Morgan_66,Morgan_67,Morgan_68,Morgan_69,Morgan_70,Morgan_71,Morgan_72,Morgan_73,Morgan_74,Morgan_75,Morgan_76,Morgan_77,Morgan_78,Morgan_79,Morgan_80,Morgan_81,Morgan_82,Morgan_83,Morgan_84,Morgan_85,Morgan_86,Morgan_87,Morgan_88,Morgan_89,Morgan_90,Morgan_91,Morgan_92,Morgan_93,Morgan_94,Morgan_95,Morgan_96,Morgan_97,Morgan_98,Morgan_99,Morgan_100,Morgan_101,Morgan_102,Morgan_103,Morgan_104,Morgan_105,Morgan_106,Morgan_107,Morgan_108,Morgan_109,Morgan_110,Morgan_111,Morgan_112,Morgan_113,Morgan_114,Morgan_115,Morgan_116,Morgan_117,Morgan_118,Morgan_119,Morgan_120,Morgan_121,Morgan_122,Morgan_123,Morgan_124,Morgan_125,Morgan_126,Morgan_127,MACCS_0,MACCS_1,MACCS_2,MACCS_3,MACCS_4,MACCS_5,MACCS_6,MACCS_7,MACCS_8,MACCS_9,MACCS_10,MACCS_11,MACCS_12,MACCS_13,MACCS_14,MACCS_15,MACCS_16,MACCS_17,MACCS_18,MACCS_19,MACCS_20,MACCS_21,MACCS_22,MACCS_23,MACCS_24,MACCS_25,MACCS_26,MACCS_27,MACCS_28,MACCS_29,MACCS_30,MACCS_31,MACCS_32,MACCS_33,MACCS_34,MACCS_35,MACCS_36,MACCS_37,MACCS_38,MACCS_39,MACCS_40,MACCS_41,MACCS_42,MACCS_43,MACCS_44,MACCS_45,MACCS_46,MACCS_47,MACCS_48,MACCS_49,MACCS_50,MACCS_51,MACCS_52,MACCS_53,MACCS_54,MACCS_55,MACCS_56,MACCS_57,MACCS_58,MACCS_59,MACCS_60,MACCS_61,MACCS_62,MACCS_63,MACCS_64,MACCS_65,MACCS_66,MACCS_67,MACCS_68,MACCS_69,MACCS_70,MACCS_71,MACCS_72,MACCS_73,MACCS_74,MACCS_75,MACCS_76,MACCS_77,MACCS_78,MACCS_79,MACCS_80,MACCS_81,MACCS_82,MACCS_83,MACCS_84,MACCS_85,MACCS_86,MACCS_87,MACCS_88,MACCS_89,MACCS_90,MACCS_91,MACCS_92,MACCS_93,MACCS_94,MACCS_95,MACCS_96,MACCS_97,MACCS_98,MACCS_99,MACCS_100,MACCS_101,MACCS_102,MACCS_103,MACCS_104,MACCS_105,MACCS_106,MACCS_107,MACCS_108,MACCS_109,MACCS_110,MACCS_111,MACCS_112,MACCS_113,MACCS_114,MACCS_115,MACCS_116,MACCS_117,MACCS_118,MACCS_119,MACCS_120,MACCS_121,MACCS_122,MACCS_123,MACCS_124,MACCS_125,MACCS_126,MACCS_127,MACCS_128,MACCS_129,MACCS_130,MACCS_131,MACCS_132,MACCS_133,MACCS_134,MACCS_135,MACCS_136,MACCS_137,MACCS_138,MACCS_139,MACCS_140,MACCS_141,MACCS_142,MACCS_143,MACCS_144,MACCS_145,MACCS_146,MACCS_147,MACCS_148,MACCS_149,MACCS_150,MACCS_151,MACCS_152,MACCS_153,MACCS_154,MACCS_155,MACCS_156,MACCS_157,MACCS_158,MACCS_159,MACCS_160,MACCS_161,MACCS_162,MACCS_163,MACCS_164,MACCS_165,MACCS_166
2735853.0,148.16,C1=CN(C(=C1)C=O)CCC#N,SUUQLYBKCBUSAR-UHFFFAOYSA-N,0.1,Axitinib (AG-013736),10.347832105064247,0.43999999999999995,0.43999999999999995,0.6046758714138072,9.0,148.16499999999996,1.7272727272727273,2.472626532976909,2.6977692256470607,479.6895473975203,3.569737395471661,4.567099647791355,0.0,6.286160523129555,0.0,0.0,0.0,4.794537184071822,0.0,5.261891554738487,0.0,0.0,12.13273413692322,12.741599977525652,18.183970930566744,4.794537184071822,6.286160523129555,5.261891554738487,4.567099647791355,0.0,12.965578028838586,0.0,24.023505703384757,6.069221312792274,0.0,0.0,0.0,0.0,10.85326017092091,6.544756405912575,11.33111286753076,16.909286801846292,0.0,0.0,45.79,0.0,4.794537184071822,0.0,0.0,18.659506023687047,6.286160523129555,0.0,22.89667735632765,6.069221312792274,0.0,5.261891554738487,1.760138888888889,0.0,10.347832105064247,8.277004440665156,0.6252314814814817,0.0,3.0217932728647012,0.5948148148148148,0.0,0.25,0,0,0,0,0,1,0,0,3,3,1,3,0,0,0,0,0,1,1.2142799999999998,0,0,0,0,0,1,0,0,0,0,0,0,2,0,0,0,0,0,0,1,0,0,0,0,0,1,0,0,0,0,0,0,0,0,0,0,0,0,0,0,0,0,0,0,0,0,0,0,0,0,0,0,0,0,0,0,0,0,0,0,0,0,0,7,3.036363636363636,1,1,0.0,0.2,0.3008888614808336,0.22626262626262628,0.22626262626262628,167.0,3,0.3454535935674399,0.019364502210451585,0.22626262626262628,0.20362995019562266,0.2653926982371359,0,0,0,0,0,1,1,0,0.7272727272727273,0.09090909090909091,0.0,0.18181818181818182,0,0,0,0,0,0,0,0,0,0,0,0,1,0,0,0,0,1,0,0,0,0,0,0,1,0,0,0,0,0,0,1,0,1,0,0,1,0,0,0,0,1,0,0,0,0,0,0,0,1,0,0,0,0,0,0,1,0,0,0,0,1,0,0,0,0,1,1,0,0,0,0,0,0,0,0,0,0,0,1,0,0,1,1,0,0,0,0,1,0,0,0,1,0,0,1,0,1,0,0,0,0,1,0,0,0,1,0,0,0,1,0,0,0,0,0,0,0,1,0,0,0,0,1,0,0,0,0,0,0,0,0,0,0,0,0,0,0,0,0,0,0,0,0,0,0,0,0,0,0,0,0,0,0,0,0,0,0,0,0,0,0,0,0,0,0,0,0,0,0,0,1,0,0,0,0,0,0,0,0,0,0,0,0,0,0,0,0,0,0,0,0,0,0,0,1,0,0,0,0,0,0,0,0,0,1,0,0,0,0,1,0,0,1,0,1,0,0,0,0,0,0,0,0,0,1,1,0,0,0,1,0,0,0,0,0,0,0,0,0,0,1,0,0,0,0,0,0,1,0,0,1,1,0,0,0,0,0,0,0,0,0,0,0,0,0,0,1,0,0,0,0,1,0,1,0,0,1,1,0,1,0,0,1,1,1,1,0,1,0,0,1,1,0,1,1,0
10366136.0,443.5,CC1(COC1)COC2=CC3=C(C=C2)N(C=N3)C4=NC5=C(C=CC=C5N6CCC(CC6)N)C=C4,DYNHJHQFHQTFTP-UHFFFAOYSA-N,3.7,Crenolanib,6.1224115530822445,0.1115683211363363,0.1115683211363363,0.503802926026981,18.545454545454547,443.5510000000004,1.121212121212121,3.245607433588821,1.3170433042236929,55461575.96422276,8.005862005534539,20.107303115612762,17.894694685883476,0.0,0.0,0.0,0.0,4.567099647791355,9.967957041894417,0.0,0.0,19.056471336613843,43.173478588160066,35.9989353932963,42.058134321071094,9.473725907600098,27.623712641997145,0.0,14.53505668968577,11.148657946558965,25.807221274690605,37.81006843621439,54.85825662245742,11.567374611118932,15.370440161812713,5.687386274683562,5.749511833283905,0.0,53.48705622419764,4.736862953800049,5.41499046939678,19.765380445542643,0.0,27.754189145148608,78.43,0.0,0.0,0.0,5.41499046939678,12.648722793660879,72.64862096513552,5.687386274683562,0.0,23.027153859479117,53.20582786225796,20.19137190570949,13.388855696141942,0.0,12.114017295677614,1.138609080914276,10.326193878472663,1.6915698373806594,3.8649356659457514,6.270846667220297,0.0,0.38461538461538464,2,0,2,2,0,2,0,0,7,7,4,5,0,2,2,0,0,6,3.916500000000001,0,0,0,0,0,3,0,0,0,0,0,0,4,0,1,0,0,0,0,0,0,0,0,0,1,0,0,0,2,0,2,0,0,0,0,1,0,0,0,0,0,0,0,0,0,0,0,1,0,1,0,0,1,0,0,0,0,0,0,0,0,0,0,18,6.566287878787879,6,6,0.0,0.07196969696969698,0.1737654281029046,0.1795576735092864,0.17955767350928642,3467.0,4,0.15937620501750915,0.010421434605878455,0.1795576735092864,0.16590466412287627,0.1489845610755559,1,0,0,0,0,1,4,2,0.7878787878787878,0.06060606060606061,0.0,0.15151515151515152,0,0,0,0,1,0,1,0,1,0,0,0,1,1,0,0,0,1,1,0,0,1,0,0,0,1,0,0,0,0,0,1,1,0,1,1,0,0,1,1,0,1,1,1,0,0,1,1,0,0,0,0,0,1,1,0,0,1,1,0,1,0,1,0,0,1,1,1,1,0,0,0,0,0,1,1,0,1,0,0,1,1,1,1,0,0,0,0,1,0,0,0,0,0,0,1,1,0,0,0,0,0,1,1,0,1,1,0,0,1,0,0,0,1,0,0,0,0,0,0,0,0,0,0,1,1,0,0,0,0,0,0,0,0,0,0,0,0,1,0,0,1,0,0,0,0,0,0,0,0,0,0,0,0,0,0,0,0,0,0,0,0,0,0,0,0,0,0,1,0,0,0,0,0,0,0,0,0,0,0,0,0,0,0,0,0,0,1,0,0,0,0,1,0,0,1,1,0,0,0,0,0,0,0,0,1,0,1,0,1,1,0,0,1,1,1,1,0,0,1,1,0,0,0,0,0,1,1,1,0,1,1,0,0,1,1,0,0,0,1,0,1,1,1,0,1,0,0,1,0,1,1,1,0,0,1,1,1,1,1,0,0,0,1,0,1,0,1,1,0,0,0,1,1,0,1,0,1,1,0,0,1,1,1,0,1,1,1,1,1,1,1,1,1,1,1,0
3102.0,182.22,C1=CC=C(C=C1)C(=O)C2=CC=CC=C2,RWCCWEUUXYIKHB-UHFFFAOYSA-N,3.4,Crizotinib (PF-2341066),11.846296296296297,0.07518518518518569,0.07518518518518569,0.6524732866647586,9.714285714285714,182.222,0.6428571428571429,2.303941289095321,2.348637604509715,2580.4142437867595,3.8789693771624525,0.0,0.0,5.783244946364939,0.0,0.0,0.0,4.794537184071822,0.0,0.0,0.0,60.6636706846161,0.0,11.126902983393991,0.0,4.794537184071822,5.783244946364939,0.0,0.0,0.0,0.0,0.0,71.7905736680101,0.0,0.0,0.0,0.0,0.0,5.783244946364939,0.0,0.0,15.921440167465814,0.0,0.0,17.07,0.0,4.794537184071822,0.0,5.783244946364939,0.0,11.126902983393991,0.0,0.0,60.6636706846161,0.0,0.0,0.0,0.0,11.846296296296297,0.0,1.4698148148148151,0.07518518518518569,0.0,0.0,0.0,0.0,0,0,0,0,0,0,0,0,1,1,0,2,0,0,0,0,0,2,2.917600000000001,0,0,0,0,0,0,0,0,0,0,0,0,0,0,0,0,0,0,0,0,0,0,0,0,0,0,0,0,0,0,0,0,0,0,0,0,0,0,1,0,0,0,0,0,0,0,0,0,0,0,0,0,0,0,0,0,0,0,0,0,0,0,0,8,3.3736263736263736,2,2,0.0,0.16483516483516483,0.26689065885560576,0.1978021978021978,0.1978021978021978,307.0,3,0.3068011951131253,0.014069386773846731,0.1978021978021978,0.20083150420326445,0.2490874997694992,0,0,0,0,0,0,2,0,0.9285714285714286,0.07142857142857142,0.0,0.0,0,0,0,0,0,0,0,1,0,0,0,1,1,0,0,0,0,0,0,0,0,0,0,0,0,0,0,0,0,0,0,0,0,0,0,0,0,0,0,0,0,1,0,0,0,0,0,0,0,1,0,0,0,0,0,0,0,0,0,0,0,0,0,0,0,0,1,1,0,0,0,0,0,0,0,0,0,0,0,0,0,0,0,1,0,0,0,0,1,0,0,0,0,0,0,0,0,0,0,0,0,0,1,0,0,0,0,1,0,0,0,0,0,1,0,0,0,0,0,0,0,0,0,0,0,0,0,1,0,0,0,0,0,0,0,0,0,0,0,0,0,0,0,0,0,0,0,0,0,0,0,0,0,0,0,0,0,0,0,0,0,0,0,0,0,0,0,0,0,0,0,0,0,0,0,0,0,0,0,0,0,0,0,0,0,0,0,0,0,0,0,0,0,0,0,0,0,0,0,0,0,0,0,0,0,0,0,0,0,0,0,0,0,0,0,0,0,0,0,0,0,0,0,0,0,0,0,0,0,0,0,0,0,0,0,0,0,0,0,0,0,0,0,0,0,0,0,0,0,0,0,0,0,0,0,1,0,0,0,0,0,0,0,0,0,0,0,0,0,0,0,0,0,0,0,1,0,0,0,0,0,0,1,0,1,0,0,0,0,0,0,0,1,1,1,1,0
3111.0,311.36,CC1=C(C(=O)N(N1C)C2=CC=CC=C2)N(C)CS(=O)(=O)O,LVWZTYCIRDMTEY-UHFFFAOYSA-N,0.0,Dasatinib,12.562356386999245,0.2351648715041572,-4.204731066809439,0.8430014275958215,11.619047619047619,311.36300000000006,1.2380952380952381,2.591446297651132,2.5883295308306113,37596.70288632262,5.377849347883951,4.899909730850478,11.564174664416917,0.0,0.0,15.67739375408556,0.0,14.02908999290737,4.681802935145185,8.417796984328938,0.0,18.19910120538483,19.056471336613843,14.09534396535438,11.381314269532023,12.9705468580193,15.805513133717117,0.0,9.36360587029037,7.04767198267719,6.923737199690624,17.824370103261025,46.37956741628034,5.687386274683562,10.459176625902485,5.687386274683562,0.0,0.0,35.25861310072022,17.165798841710743,6.923737199690624,5.693927994848461,0.0,5.687386274683562,84.54000000000002,15.99491524876691,13.212334168400758,0.0,11.24665316973557,11.381314269532023,0.0,16.629384648672854,30.78594625443622,18.19910120538483,0.0,4.552749873690364,34.03018298450387,0.0,13.790967498110355,0.0,1.1814229024943321,-0.6370208175862939,0.0,1.7189153439153437,-1.0367194454942459,0.3076923076923077,1,0,0,0,0,1,0,0,6,8,1,4,0,0,0,0,0,2,0.7659199999999997,0,0,0,0,0,2,0,0,0,0,0,0,3,0,0,0,0,0,0,0,0,0,0,0,1,0,0,0,0,0,0,0,0,0,0,0,0,0,0,0,0,0,0,0,0,0,0,1,0,0,0,0,0,0,0,0,0,0,0,0,0,0,0,10,4.238095238095238,2,2,0.0,0.10476190476190475,0.21734927955848649,0.17042606516290726,0.17042606516290726,890.0,4,0.24624491879512417,0.019450920144160798,0.17042606516290726,0.18136343456618256,0.18139932114188298,0,0,0,0,0,1,2,0,0.6190476190476191,0.19047619047619047,0.047619047619047616,0.14285714285714285,0,0,0,0,0,0,0,1,0,1,0,0,1,1,0,0,0,0,0,0,0,0,0,0,0,1,0,1,0,0,0,0,0,0,0,1,0,0,0,0,0,1,0,1,0,0,0,0,1,1,0,0,0,0,0,0,0,0,0,0,1,0,0,0,0,0,1,0,0,0,1,1,0,1,0,1,0,1,0,1,0,0,1,1,0,1,0,0,1,0,1,0,0,0,0,0,1,1,0,0,0,0,1,0,1,0,0,1,0,0,0,0,1,0,0,1,0,0,1,0,0,0,1,1,0,0,0,0,0,0,0,0,0,0,0,0,0,0,0,0,0,0,0,0,0,0,0,0,0,0,0,0,0,0,0,0,0,0,1,0,0,0,0,0,0,0,0,0,0,1,1,0,0,0,0,0,0,1,1,0,0,1,1,0,0,1,0,0,1,0,1,1,1,0,0,1,0,1,0,1,0,0,0,1,0,1,0,0,0,1,1,0,0,1,0,1,1,0,1,0,0,0,1,1,1,1,1,1,0,0,1,0,1,0,1,0,1,0,1,0,1,0,1,1,0,1,0,1,0,0,1,1,1,0,1,1,0,1,0,0,1,0,1,1,0,1,1,1,0,1,1,1,1,1,1,0,1,0,1,1,1,0,0,1,1,1,1,0,1,1,1,1,1,1,1,1,0
176870.0,393.4,COCCOC1=C(C=C2C(=C1)C(=NC=N2)NC3=CC=CC(=C3)C#C)OCCOC,AAKJLRGGTJKAMG-UHFFFAOYSA-N,3.3,Erlotinib,5.857396779890918,0.392174356427603,0.392174356427603,0.4178840975839869,10.517241379310345,393.4430000000002,0.9310344827586207,2.7455759043014254,1.9569167353908146,4235838.812669483,10.271588954277956,24.264240419206526,25.358946781625406,11.49902366656781,0.0,0.0,0.0,0.0,9.967957041894417,0.0,6.423349895620259,11.986801387317254,24.26546827384644,36.92302413186203,18.730464646642098,18.947451815200196,22.40817398459965,0.0,9.967957041894417,0.0,0.0,45.96391154461307,48.288973977231194,23.84280788104371,14.790514511606428,11.50524905251859,11.49902366656781,0.0,50.61507998250116,9.473725907600098,12.343784214475903,5.563451491696996,0.0,10.902924932081056,74.73000000000002,0.0,0.0,0.0,0.0,43.74441430245451,22.153762698461616,6.3273200747645415,14.219595082555067,36.39820241076966,21.20517996475639,25.370801710820455,21.801771191071715,0.0,8.754103465077492,4.096557301741735,2.3431613389549906,4.443107152704465,6.994191360636236,1.7256948446942135,3.2500337392662777,0.2727272727272727,1,0,0,0,0,1,0,0,7,7,1,10,0,0,0,0,0,3,3.405100000000002,0,0,0,0,0,2,0,0,0,0,0,0,2,1,0,0,0,0,0,0,0,0,0,0,2,0,0,0,1,0,4,0,0,0,0,0,0,0,0,0,0,2,0,0,0,0,0,0,0,0,0,0,0,0,0,0,0,1,0,0,0,0,0,15,5.901477832512315,3,3,0.0,0.07635467980295567,0.1853580343814081,0.18153621601897463,0.18153621601897463,2396.0,3,0.17843683669555302,0.011187390712332539,0.18153621601897463,0.15081431693578115,0.1449293636744496,0,0,0,0,0,0,3,0,0.7586206896551724,0.13793103448275862,0.0,0.10344827586206896,0,0,1,0,0,0,0,1,0,0,0,0,0,0,1,1,0,1,0,0,1,1,0,1,0,0,0,0,1,0,0,0,0,0,0,1,1,0,1,0,0,0,0,0,0,0,1,0,0,0,0,0,1,0,0,0,0,1,0,0,0,0,0,0,0,1,1,0,0,0,1,0,1,0,0,1,1,0,0,1,1,0,1,1,0,0,0,0,1,1,0,0,0,0,0,1,0,0,0,0,0,0,1,0,1,1,0,1,0,1,0,1,1,0,1,0,0,1,0,0,0,0,1,0,1,0,0,1,0,0,0,0,0,0,0,0,0,0,0,0,0,0,0,0,0,0,0,1,0,0,0,0,0,0,0,0,0,0,0,0,0,0,0,0,0,0,0,0,1,0,0,0,0,0,0,0,0,0,0,0,0,0,0,0,0,0,0,0,0,0,0,0,0,0,0,1,0,0,0,0,0,0,1,0,0,0,0,1,0,0,1,0,0,0,0,0,1,0,0,0,0,0,0,1,0,0,0,1,1,0,0,1,0,0,0,1,0,0,0,1,0,0,0,1,0,1,1,0,1,0,1,1,0,0,0,1,1,1,0,0,0,0,1,1,0,1,0,1,1,0,1,0,1,1,1,1,1,1,0,1,1,1,1,1,0,1,1,1,1,1,1,1,1,1,1,1,0
3154.0,324.4,CCNC1CC(S(=O)(=O)C2=C1C=C(S2)S(=O)(=O)N)C,IAVUPMFITXYVAF-UHFFFAOYSA-N,0.4,Gefitinib,12.24113142479214,0.09900179516250907,-3.876635133219954,0.8471269771691101,26.05263157894737,324.44900000000007,1.5263157894736843,2.7150687211876408,2.644543138598183,14628.790269759009,4.8126222010358415,5.316788604006331,8.418358355044159,9.837253136417502,10.023291153407584,0.0,0.0,0.0,21.974567706265816,0.0,11.336785877934737,6.923737199690624,25.95568229699082,11.605292320844956,5.249938029982174,16.835593968657875,31.197330167759823,0.0,5.316788604006331,5.138973737607942,39.97843323648156,6.544756405912575,11.629818560158606,0.0,10.455762341614273,0.0,0.0,11.336785877934737,28.630288404552626,19.860544289825086,0.0,31.873588343152214,0.0,0.0,106.32999999999998,25.11048231980726,16.835593968657875,0.0,14.460199184192119,18.52902952053558,11.336785877934737,6.06636706846161,6.923737199690624,6.923737199690624,5.316788604006331,5.138973737607942,47.270895849080375,0.7416449357520782,0.0,7.727590781683043,0.5221990740740743,0.0,0.43448979591836734,4.232918910619803,-7.329554161942554,0.6,3,0,1,1,0,1,2,0,6,9,2,3,0,0,0,0,2,2,0.612,0,0,0,0,0,0,0,0,0,0,0,0,0,1,1,0,0,0,0,0,0,0,0,0,0,0,0,0,1,0,0,0,0,0,0,0,0,0,0,0,0,0,0,0,0,0,0,0,0,0,0,0,0,0,0,1,1,0,0,0,1,0,0,8,3.7076023391812867,2,2,0.0,0.11695906432748533,0.22830546454878176,0.15927072583419333,0.15927072583419333,634.0,4,0.2813975601679403,0.02254315427204841,0.15927072583419333,0.1422061490276866,0.20041424181492667,0,0,0,0,0,1,1,0,0.5263157894736842,0.21052631578947367,0.15789473684210525,0.10526315789473684,0,0,1,0,0,1,0,0,0,0,1,0,1,0,1,0,0,0,0,0,0,1,0,0,0,0,0,0,0,0,0,1,1,0,0,1,1,1,0,1,1,0,1,0,0,0,0,0,1,0,0,0,0,0,0,0,0,0,0,0,0,1,0,0,1,0,0,1,0,0,1,0,0,1,0,0,0,0,0,0,0,1,1,1,1,0,1,1,1,0,0,0,0,0,0,0,1,0,0,0,1,0,1,0,0,0,0,0,1,1,0,0,0,0,1,1,0,0,0,0,0,0,0,0,0,1,0,0,0,0,0,0,0,0,0,0,0,0,0,0,0,0,0,0,0,0,0,0,0,0,0,0,0,0,0,0,0,0,0,0,0,0,1,1,0,0,1,0,0,0,0,0,0,0,0,0,0,0,0,0,0,1,0,0,0,1,0,0,1,1,1,1,0,0,1,0,0,1,0,1,0,0,0,1,0,0,0,0,0,0,0,1,1,1,1,0,0,0,1,0,0,0,0,0,1,0,1,0,1,0,1,1,1,0,1,1,1,0,1,0,0,1,1,0,1,1,0,1,0,0,1,0,0,0,1,0,0,1,0,1,1,1,0,1,0,0,1,1,0,0,1,0,1,1,1,0,1,0,1,1,1,1,0,1,0,1,1,0,1,1,1,1,1,1,1,1,0
3431.0,721.8,CCCCC(C)C(C(CC(C)CC(CCCCC(CC(C(C)N)O)O)O)OC(=O)CC(CC(=O)O)C(=O)O)OC(=O)CC(CC(=O)O)C(=O)O,UVBUBMSSQKOIBE-UHFFFAOYSA-N,-0.5,Ibrutinib (PCI-32765),13.047847136955419,0.027024850931465005,-1.5914417385934885,0.04066143596563033,17.52,721.8380000000002,0.62,2.9856797954026955,5.981227919733834,9869597388.74651,24.74961985257453,50.95308514864722,12.207932775496605,0.0,0.0,0.0,35.81583172771109,28.76722310443093,0.0,0.0,0.0,46.454498090775914,50.863657406643455,12.462662452073971,55.830997747271724,73.98664077591597,35.81583172771109,0.0,0.0,29.40529166180776,154.14812428761616,0.0,0.0,0.0,5.733667477162185,0.0,0.0,0.0,108.12319625948552,38.240949012031024,23.671624184645573,117.58645151972667,0.0,0.0,288.51,115.8145091257888,54.29986007863445,0.0,25.18037091493942,38.524929737556064,6.4208216229260096,0.0,20.771211599071872,6.923737199690624,0.0,25.420448174443692,11.404474020778531,0.0,71.64064597221429,67.78970210932027,5.629766501112921,-11.976034978577474,-3.7363199816136707,7.057264640975999,0.0,0.8235294117647058,9,0,0,0,0,0,10,0,12,16,0,29,0,0,0,0,10,0,2.5642000000000036,4,3,3,0,0,0,0,0,4,0,0,0,0,0,1,0,0,0,0,0,0,0,0,0,0,0,0,0,0,2,2,0,0,0,0,0,0,0,0,0,0,0,0,0,0,0,0,0,0,0,0,0,0,0,0,0,0,0,0,0,0,2,0,21,9.023673469387756,0,0,0.0,0.039999999999999994,0.1409811915173915,0.16715986394557825,0.16715986394557825,11054.0,3,0.1165732242049626,0.011149154153413714,0.16715986394557825,0.1748294431092453,0.09938301420230922,0,0,0,0,0,0,0,0,0.68,0.3,0.0,0.02,0,0,0,1,0,1,0,1,0,0,0,0,1,0,0,0,0,1,0,0,1,1,1,0,0,0,0,0,1,1,0,0,0,0,1,1,0,0,1,0,1,1,1,0,1,0,1,0,0,1,1,0,1,0,1,0,0,1,0,0,0,0,0,0,0,0,0,1,0,0,1,1,0,0,0,1,0,0,1,1,1,1,1,1,0,0,0,1,0,1,0,1,0,0,1,0,0,0,0,0,0,1,0,0,0,0,1,1,1,1,0,0,0,0,0,0,0,0,1,1,1,1,1,1,0,0,0,1,0,0,0,0,0,0,0,0,0,0,0,0,0,0,0,0,0,0,0,0,0,0,0,0,0,0,0,0,0,0,0,0,0,0,0,0,0,0,0,0,0,0,0,0,0,0,0,0,0,0,0,0,0,0,0,1,1,0,0,0,0,0,0,0,0,0,0,0,0,0,0,0,0,0,1,0,0,0,0,0,0,0,0,0,0,0,1,0,0,0,0,1,1,1,0,0,0,1,0,0,0,0,0,0,0,0,1,0,0,0,1,0,0,0,0,0,1,1,1,0,1,0,0,0,0,1,0,0,1,0,1,1,0,1,1,0,0,0,1,0,0,1,1,1,0,0,0,0,1,1,0,1,0,1,1,0,1,1,1,1,1,1,1,1,0,0,1,0,0
3428.0,273.42,C(CC(CNCCCNCCCN)N)CN=C(N)N,NEFHYROACNTRNJ-UHFFFAOYSA-N,-2.6,Imatinib,5.968046754782415,0.1470666014736357,0.1470666014736357,0.13399563616955293,12.31578947368421,273.429,1.0,2.374131087177176,3.1999260892083985,12281.38011396753,13.539548732956249,33.568247116661404,0.0,5.959554568743835,0.0,0.0,0.0,4.992404732635669,0.0,0.0,0.0,0.0,51.86231211535434,19.13135364097311,0.0,0.0,5.959554568743835,0.0,10.633577208012662,27.92707464128441,31.725127320852,39.26853843547545,0.0,0.0,33.568247116661404,0.0,0.0,0.0,51.26993383336724,0.0,0.0,25.683286491704038,0.0,0.0,140.5,0.0,0.0,0.0,12.001395397891795,6.544756405912575,58.40706852126692,0.0,0.0,0.0,15.62598194064833,22.93466990864874,0.0,0.0,3.9208766879811456,6.6880866848707345,21.84597015561291,0.1470666014736357,3.9854281806000227,5.246462135051583,0.0,0.9166666666666666,10,0,0,0,0,0,1,0,5,7,0,13,0,0,0,0,1,0,-1.7145999999999955,0,0,0,0,0,0,0,0,0,0,0,1,1,2,4,0,0,0,0,0,0,0,0,0,0,0,0,0,0,0,0,0,1,0,0,0,0,0,0,0,0,0,0,0,0,0,0,0,0,0,0,0,0,0,0,0,0,0,0,0,0,0,0,16,6.16374269005848,0,0,0.0,0.10526315789473684,0.22911285395597134,0.30374957000344,0.30374957000344,1054.0,3,0.16991748220366976,0.011784697684631583,0.30374957000344,0.19530138912828385,0.19330860202032288,0,0,0,0,0,0,0,0,0.631578947368421,0.0,0.0,0.3684210526315789,0,0,1,1,0,1,0,0,1,0,0,1,0,0,1,0,0,0,1,0,1,1,0,0,0,0,0,0,0,1,0,0,1,0,0,0,0,1,0,1,0,1,0,0,1,0,0,0,0,0,1,0,0,0,0,0,0,0,0,0,0,0,0,0,0,0,0,0,0,0,0,0,0,0,0,0,0,0,0,0,0,0,1,0,1,0,1,1,0,0,0,0,0,0,0,0,1,1,0,0,0,1,0,0,0,0,0,0,0,0,1,1,0,0,0,0,0,0,0,0,0,1,0,0,0,0,1,0,0,0,0,0,0,0,0,0,0,0,0,0,0,0,0,0,0,0,0,0,0,0,0,0,0,0,0,1,0,0,0,0,0,0,0,0,0,0,0,0,0,0,0,0,0,1,0,0,0,0,0,0,0,0,0,1,1,0,0,0,0,0,0,0,0,0,0,0,0,0,0,0,0,0,0,0,0,0,0,1,1,1,1,0,1,0,1,0,1,0,0,0,1,1,0,0,0,0,0,0,0,0,1,0,0,0,1,0,1,0,0,0,0,1,0,0,0,0,0,0,1,1,0,0,0,0,0,0,0,0,1,1,0,1,0,0,0,0,0,0,1,0,0,0,1,0,0,0,0,1,0,0,0,1,0,1,0,1,1,0,1,0,0,1,0,0,0,0,0
208908.0,581.1,CS(=O)(=O)CCNCC1=CC=C(O1)C2=CC3=C(C=C2)N=CN=C3NC4=CC(=C(C=C4)OCC5=CC(=CC=C5)F)Cl,BCFGMOOMADDAQU-UHFFFAOYSA-N,5.1,Lapatinib,13.43080267349532,0.06636168724030922,-3.0189964704993364,0.17947949298055937,11.575,581.0690000000002,1.025,3.3922507391730585,1.291877087026654,1089671666.2054772,12.033712839100877,19.78759109886606,51.676545465608676,0.0,0.0,0.0,0.0,0.0,22.776169073898174,0.0,0.0,23.733674027155736,66.2271221763131,29.437587570269333,22.836944044016953,21.962225922857154,43.84636701124967,0.0,15.284745645900749,0.0,13.151638370425493,23.8701678001771,101.28727796166254,17.07321074385534,15.370440161812711,15.89566410019341,5.749511833283905,11.600939890232516,36.939133222394126,22.988891506842997,5.817220841045895,11.323698910571437,5.022633313741326,22.226623842652494,106.35000000000001,9.837253136417502,12.808212032003757,0.0,18.1769564123056,52.45085334081485,16.466376423778055,24.715823395199166,24.26546827384644,36.39820241076966,20.60153424990708,20.754953781085913,47.77016383386254,6.467436423952425,8.79698874038175,7.555419093540143,2.9915328563347954,2.1726441865322363,2.6916802072288206,0.9561977100750518,-3.0189964704993364,0.1724137931034483,2,0,0,0,0,2,0,0,8,11,2,11,0,0,0,0,0,5,6.139100000000005,0,0,0,0,0,2,0,0,0,0,0,0,2,2,0,0,0,0,0,0,0,0,0,0,2,0,0,0,1,0,1,1,0,0,0,0,0,0,0,0,0,0,0,0,0,0,0,0,0,0,0,0,0,0,0,0,1,0,0,0,0,0,0,23,8.51923076923077,5,5,0.0,0.05641025641025641,0.15780312393747645,0.19787449392712547,0.19787449392712547,6645.0,4,0.1234683582614681,0.009908283179918376,0.19787449392712547,0.17331694852476684,0.1168820380742193,0,0,0,0,0,1,5,0,0.725,0.1,0.025,0.1,0,0,1,0,0,0,0,1,1,0,1,0,1,0,0,1,1,1,1,1,1,1,1,0,0,0,1,0,1,1,0,0,0,0,0,1,0,0,0,0,0,0,0,0,1,0,1,1,0,0,0,1,1,0,1,0,1,1,0,0,0,1,0,0,0,1,1,1,0,0,1,0,1,0,0,1,1,1,0,1,0,1,1,1,0,0,0,0,1,1,0,0,1,0,0,0,1,1,0,1,1,0,1,0,1,0,0,1,0,1,1,0,1,0,0,1,0,0,0,1,0,0,1,1,1,0,0,0,0,1,0,0,0,0,0,0,0,0,0,0,0,0,0,0,0,0,0,0,0,0,0,0,0,0,0,0,0,0,0,0,0,0,0,0,0,0,0,0,1,0,0,0,1,0,0,0,0,0,0,0,0,1,0,0,0,1,0,1,1,0,1,1,1,0,0,1,0,1,0,0,0,0,0,1,0,0,0,1,0,0,1,0,1,1,0,0,1,1,1,0,0,0,0,1,0,1,1,1,1,0,1,1,1,1,1,1,0,1,0,1,0,1,1,1,0,1,1,0,1,0,1,1,0,0,1,1,1,1,0,1,1,1,1,1,1,1,1,1,1,0,1,0,1,1,1,1,1,1,1,0,1,1,1,1,0,1,1,1,1,1,1,1,1,1,1,1,0
3353.0,941.2,CC1CC(C2C(CC(C(O2)(C(=O)C(=O)N3CCCCC3C(=O)OC(C(C(CC(=O)C(C=C(C1)C)CCOC(=O)NCC4=CC=CC=C4)O)C)C(=CC5CCC(C(C5)OC)O)C)O)C)OC)OC,JEQCTALUECDHLT-UHFFFAOYSA-N,3.2,Nilotinib,14.484858413545473,0.05382082449737924,-2.5560558187522604,0.13174249210949424,35.6865671641791,941.1689999999999,0.8955223880597015,3.313673980552737,1.4984816206957416,191181840429146.56,25.011681895638585,53.95745824217922,24.033018551009505,0.0,5.7871111525705965,11.690424675716445,12.062545358890265,14.383611552215466,9.589074368143644,0.0,0.0,68.82819168511695,101.02805874273041,58.593445197067936,37.126713903254426,67.71344582768151,29.536214980971646,0.0,10.216698334856808,29.589530230806965,166.34919695250852,34.48103099425809,59.19353610781134,0.0,5.316788604006331,4.794537184071822,0.0,0.0,138.79345458655902,54.14408286500015,29.589530230806965,110.81117534233623,0.0,0.0,216.68999999999997,96.06340486904756,39.292268104881224,0.0,62.998738306729834,50.518855890551336,16.036465752616742,14.219595082555067,27.881009140349406,56.331349955357055,5.316788604006331,28.421177722800294,35.47803513195353,0.0,71.45407747602663,37.33416771103272,2.3586239704661733,-8.519844803954975,1.3147201485033004,9.241829774386867,4.559053121789336,0.7058823529411765,4,1,3,4,2,0,14,2,14,16,3,10,1,2,3,0,14,5,5.379400000000008,0,3,2,0,0,0,0,0,0,0,0,0,1,1,0,0,0,0,0,0,1,0,3,0,0,0,0,0,3,1,6,0,0,0,0,0,0,0,2,2,1,3,0,0,0,0,0,0,0,1,0,0,0,0,0,0,0,0,0,0,0,0,0,22,9.352781546811398,5,5,0.0,0.03211216644052465,0.1218015856379955,0.12850433148940613,0.12850433148940613,20679.0,4,0.11080133529189452,0.009473482485253716,0.12850433148940613,0.1250512481066454,0.07246940349501385,0,0,0,0,0,0,1,4,0.7611940298507462,0.208955223880597,0.0,0.029850746268656716,0,0,1,1,1,0,1,1,0,1,0,0,1,0,1,1,0,1,1,0,1,1,0,0,1,0,0,0,0,0,0,1,1,0,1,1,0,1,1,1,0,1,1,1,1,0,1,1,1,1,0,1,0,0,1,1,1,1,0,1,1,1,0,0,0,1,1,0,1,0,0,1,1,0,1,1,1,0,0,0,1,1,1,1,0,1,0,0,1,0,1,0,1,0,0,1,1,0,0,0,0,1,1,0,0,1,1,1,1,0,1,0,1,1,1,0,1,0,0,0,0,0,1,1,1,1,1,1,1,1,0,0,0,0,0,0,0,0,0,0,0,0,0,0,0,0,0,0,0,0,0,0,0,1,0,0,0,0,0,0,0,0,0,0,0,0,0,0,0,0,0,0,0,0,0,0,0,0,0,0,1,0,0,0,0,0,0,1,0,0,0,0,0,0,0,0,0,0,0,0,0,0,1,0,0,0,1,0,0,0,0,0,1,0,0,1,0,0,0,1,1,1,1,1,0,1,0,1,1,1,1,0,0,0,1,1,1,0,1,1,1,1,1,0,0,1,1,1,1,0,1,1,1,1,0,0,1,1,1,1,0,1,1,0,0,0,1,1,1,1,1,1,1,1,0,1,1,1,1,1,1,1,1,1,1,1,1,1,1,1,1,1,1,1,1,1,0
10113978.0,437.5,CC1=C(C=C(C=C1)NC2=NC=CC(=N2)N(C)C3=CC4=NN(C(=C4C=C3)C)C)S(=O)(=O)N,CUIHSIWYWATEQL-UHFFFAOYSA-N,3.1,Pazopanib (GW786034),11.779825719936824,0.05993496598696968,-3.8219773298611472,0.4921501033338167,11.64516129032258,437.52900000000017,1.096774193548387,3.011315190856428,1.627309736469276,8680579.780183045,7.637285318559557,10.216698334856808,5.817862777835028,0.0,15.97163043439408,0.0,0.0,4.681802935145185,18.54074924288409,10.082660329248245,0.0,6.06636706846161,55.809128301847906,42.74711229564783,10.412184193134037,8.417796984328938,44.06719069367729,0.0,19.74844178534064,12.186645720285131,18.742957874899023,17.264370317534,59.9187925373898,0.0,15.355672072464749,23.140974608188646,0.0,0.0,35.21391075234676,17.070963136084774,13.847474399381248,11.257379486545457,0.0,10.902924932081056,119.03,10.023291153407584,8.417796984328938,0.0,4.895483475517775,23.01703982520208,22.284239201613083,6.06636706846161,31.31968197668853,48.79989503642549,20.383427454201787,5.138973737607942,25.419306893387812,0.0,10.79515830455717,13.994250458882703,4.047340546796058,1.0061256115100365,1.6382820111069119,3.725197471821334,0.01287994383090263,0.19047619047619047,3,0,0,0,0,2,0,0,8,10,2,5,0,0,0,0,0,4,3.1390400000000005,0,0,0,0,0,4,0,0,0,0,0,0,5,1,1,0,0,0,0,0,0,0,0,0,4,3,0,0,1,0,0,0,0,0,0,0,0,0,0,0,0,0,0,0,0,0,0,0,0,0,0,0,0,0,0,1,0,0,0,0,0,0,0,15,6.318279569892473,4,4,0.0,0.07311827956989246,0.17906575771808622,0.18338895068594735,0.18338895068594735,2938.0,4,0.16379078742701023,0.013911108114621549,0.18338895068594735,0.18581988251688242,0.13866945014179002,0,0,0,0,0,1,4,0,0.6774193548387096,0.06451612903225806,0.03225806451612903,0.22580645161290322,0,0,1,0,0,0,0,0,0,0,1,0,1,1,1,0,0,0,1,0,0,1,0,0,0,0,0,0,0,1,0,0,0,0,0,1,0,0,1,1,0,1,1,0,0,0,1,1,1,0,0,0,1,1,0,0,1,1,0,0,1,0,0,0,0,1,1,1,0,0,1,1,0,1,1,1,1,1,0,1,0,0,0,1,1,0,0,0,1,0,0,0,0,0,0,0,1,0,0,0,0,0,1,0,1,0,0,0,0,1,0,1,0,1,0,1,0,1,0,0,0,0,0,1,1,0,0,0,1,0,0,0,0,0,0,0,0,0,0,0,0,0,0,0,0,0,0,0,0,0,0,0,0,0,0,1,0,0,0,0,0,0,1,1,0,0,0,0,1,0,0,0,0,0,0,0,0,0,0,0,0,1,1,0,0,1,0,0,1,1,1,1,0,0,1,1,0,1,0,1,0,0,0,1,0,1,0,1,0,0,1,1,0,1,1,1,0,0,1,0,0,0,0,1,1,0,1,0,1,0,0,1,1,0,0,1,1,0,0,0,0,0,1,0,0,0,0,1,0,0,1,1,1,0,1,1,0,0,0,0,1,1,0,1,0,1,1,1,0,0,0,1,1,0,1,1,0,0,1,1,1,1,0,0,0,0,1,0,1,1,1,1,1,1,1,1,0
3302.0,288.5,CCC1(CCC2C1(CCC3C2CCC4=CCCCC34)C)O,AOXRBFRFYPMWLR-UHFFFAOYSA-N,5.1,Ponatinib (AP24534),11.165774675610985,0.2071439200680274,-0.36972426933736435,0.6662692979783309,52.61904761904762,288.475,1.1428571428571428,2.7940534686553127,1.636467666698343,105497.87086948729,4.84692990170901,5.106527394840706,0.0,0.0,0.0,0.0,0.0,0.0,0.0,0.0,0.0,25.496599036284397,93.29483088330247,0.0,5.601050810983688,5.106527394840706,0.0,0.0,0.0,29.086614654042354,83.65674143962505,0.0,11.64912463690315,0.0,0.0,0.0,0.0,0.0,10.707578205824394,0.0,29.086614654042354,78.05569062864136,0.0,0.0,20.23,0.0,5.106527394840706,0.0,11.016041280380467,0.0,36.513267430497585,51.36657298340809,0.0,5.573104530069267,19.92349450621513,0.0,0.0,0.0,0.0,11.165774675610985,1.6520985948391709,3.5640759637188193,15.49386352476788,4.624187241063143,0.0,0.9,1,4,0,4,0,0,6,0,1,1,0,1,3,0,3,0,6,4,5.090300000000005,0,1,0,0,0,0,0,0,0,0,0,0,0,0,0,0,0,0,0,0,0,0,2,0,0,0,0,0,5,0,0,0,0,0,0,0,0,0,0,0,0,0,0,0,0,0,0,0,0,0,0,0,0,0,0,0,0,0,0,0,0,0,0,10,3.8666666666666667,4,4,0.0,0.11428571428571428,0.21746080704600795,0.1508771929824561,0.15087719298245614,812.0,4,0.26811030067754105,0.018161635882995127,0.1508771929824561,0.13639375601438275,0.19099786337881527,0,0,0,0,0,1,0,4,0.9523809523809523,0.047619047619047616,0.0,0.0,0,0,0,0,1,0,1,0,0,1,0,1,1,1,0,0,0,1,0,1,0,0,0,0,0,0,1,0,0,0,1,0,1,1,0,1,0,0,1,0,1,1,0,0,0,1,0,1,0,1,0,0,0,0,0,0,1,0,1,1,0,0,0,0,0,0,0,0,0,0,0,0,0,1,0,0,1,0,0,1,0,1,1,1,0,0,0,0,0,0,0,1,0,0,0,0,1,0,0,0,0,0,1,0,0,0,0,0,0,0,0,0,1,0,0,0,0,0,0,1,0,0,0,0,1,1,0,0,0,0,0,0,0,0,0,0,0,0,0,0,0,0,0,0,0,0,0,0,0,0,0,0,0,0,0,0,1,0,0,0,0,0,0,0,0,0,0,0,0,0,0,0,0,0,0,0,0,0,0,0,1,0,0,0,0,0,0,0,0,0,0,0,0,0,0,0,1,0,0,0,0,0,0,0,0,0,1,0,0,0,0,0,0,0,0,0,0,0,0,0,1,1,0,0,0,0,1,0,0,1,0,1,0,0,1,1,0,0,1,0,0,0,1,0,1,1,1,0,1,0,0,0,0,0,0,0,0,1,1,1,0,0,1,0,0,0,0,0,0,1,0,0,0,1,0,1,0,1,0,1,1,0,1,0,0,1,0,1,0,0,1,0,0,1,1,1,0
3295.0,258.3,CCOC1=CC2=C(C=C1)N=C(S2)S(=O)(=O)N,OUZWUKMCLIBBOG-UHFFFAOYSA-N,2.0,Quizartinib (AC220),11.10759345867977,0.07301067649281912,-3.723219416624674,0.9002834195387214,11.875,258.32399999999996,1.5,2.600911266509063,2.5417251486516017,4725.855771246967,4.003138159763861,4.736862953800049,5.749511833283905,0.0,4.339655680673546,10.023291153407584,0.0,0.0,18.54074924288409,0.0,11.336785877934737,0.0,25.122838405075452,0.0,16.82350259859828,13.154659938128987,31.57669766542768,0.0,4.9839785209472085,5.138973737607942,11.263392880364169,6.606881964512918,18.19910120538483,5.749511833283905,9.87583669140799,0.0,5.749511833283905,11.336785877934737,20.008657469789064,10.023291153407584,0.0,6.923737199690624,0.0,10.216620634085363,82.28,10.023291153407584,8.417796984328938,0.0,4.339655680673546,17.873094515413086,16.036705794403836,0.0,18.19910120538483,6.923737199690624,4.9839785209472085,9.87583669140799,28.194538533005797,1.0401634542705969,3.9352187263794405,5.006232442050894,0.6087759826152683,0.6940920256991687,0.0,2.443448063639036,-3.723219416624674,0.2222222222222222,2,0,0,0,0,1,0,0,5,7,1,3,0,0,0,0,0,2,1.3424,0,0,0,0,0,1,0,0,0,0,0,0,1,0,1,0,0,0,0,0,0,0,0,0,0,0,0,0,1,0,1,0,0,0,0,0,0,0,0,0,0,0,0,0,0,0,0,0,0,0,0,0,0,0,0,1,0,0,0,1,0,0,0,9,3.683333333333333,2,2,0.0,0.14166666666666666,0.24918233608408363,0.19166666666666668,0.19166666666666668,442.0,4,0.2835754732254232,0.02020305382061798,0.19166666666666668,0.148170054597294,0.22230282786953623,0,0,0,0,0,1,2,0,0.5625,0.1875,0.125,0.125,0,0,0,0,0,0,0,1,0,0,0,0,1,0,0,0,0,0,0,0,0,1,0,0,0,0,0,0,0,0,0,0,0,1,0,1,1,1,0,0,1,0,0,0,0,0,1,1,0,0,0,0,0,0,0,0,0,1,1,0,0,0,0,0,0,1,0,1,1,0,1,1,0,1,0,1,0,0,0,0,1,0,1,1,0,0,0,0,1,0,0,0,0,0,0,1,1,0,0,0,0,0,1,1,0,0,0,0,0,1,0,1,0,0,0,0,0,1,0,1,0,0,0,0,1,0,0,0,0,0,0,0,0,0,0,0,0,0,0,0,0,0,0,0,0,0,0,0,0,0,0,0,0,0,0,0,0,0,0,0,0,0,1,1,0,0,1,0,0,0,0,0,0,0,0,0,0,1,0,0,0,1,0,0,0,1,0,0,1,1,1,1,0,0,1,1,0,1,0,1,0,0,0,1,0,0,0,0,0,1,0,1,0,1,1,0,0,0,1,0,0,0,0,0,1,1,1,0,0,0,0,1,1,0,0,1,1,0,0,1,0,0,1,1,1,0,0,1,0,0,1,1,0,0,1,1,1,1,0,0,1,0,0,0,0,0,1,1,0,0,0,0,1,1,0,0,1,0,1,0,0,1,1,1,0,1,1,1,0,1,1,1,1,1,1,1,0
3270.0,476.6,CC(=O)OC1CC2C3CCC4=C(C3CCC2(C1OC(=O)C)C)C=CC(=C4)OC(=O)C5=CC=CC=C5,VQHGRIUWSVCJPX-UHFFFAOYSA-N,5.4,Ruxolitinib (INCB018424),12.490855889118704,0.21268726729781307,-0.406461218719655,0.44385863744932597,30.885714285714286,476.56900000000024,0.9428571428571428,3.0938185660334705,1.369608285187316,85933768.36212876,9.136725460753578,14.210588861400147,17.957444608780513,0.0,0.0,0.0,17.90791586385555,9.589074368143644,4.794537184071822,0.0,0.0,31.189205473537065,85.25019751035467,19.26246486877803,5.563451491696996,28.59420041361561,17.90791586385555,0.0,0.0,17.250802561719567,71.0011585353599,0.0,65.22129102278387,5.749511833283905,4.736862953800049,0.0,5.749511833283905,0.0,30.11584863935215,25.48362189866975,17.250802561719567,73.8572957961001,0.0,0.0,78.9,12.207932775496605,14.383611552215466,0.0,23.322906333252327,29.06668146346508,32.10410811463005,24.974377382775238,12.13273413692322,30.33183534230805,12.990104268152233,14.210588861400147,17.08062413181633,0.0,36.173122427793146,0.0,2.875107700112574,0.6762281578473239,3.7087809048954155,5.03751995477343,0.0,0.4827586206896552,0,3,0,3,0,0,6,0,6,6,0,4,2,0,2,0,6,5,5.235200000000005,0,0,0,0,0,0,0,0,0,0,0,0,0,0,0,0,0,0,0,0,0,0,0,0,0,1,0,0,5,3,3,0,0,0,0,0,0,0,0,0,0,0,0,0,0,0,0,0,0,0,0,0,0,0,0,0,0,0,0,0,0,0,0,17,6.588235294117647,5,5,0.0,0.06554621848739493,0.1685496822844151,0.16934046345811052,0.16934046345811052,3920.0,4,0.15944708396643348,0.012744927353708165,0.16934046345811052,0.1326490910559538,0.1253986339137909,0,0,0,0,0,1,2,2,0.8285714285714286,0.17142857142857143,0.0,0.0,0,0,0,0,0,1,0,1,0,1,0,1,1,1,1,0,0,1,0,1,0,0,0,0,0,0,1,0,0,0,0,0,1,1,0,1,0,0,1,0,0,1,0,0,0,1,0,1,0,1,0,1,0,0,0,0,0,1,1,0,0,0,0,0,0,0,1,1,1,0,1,1,0,1,0,1,1,0,0,0,1,0,1,1,0,0,1,0,1,0,0,0,0,0,0,0,1,0,0,0,1,0,1,0,1,1,0,1,0,1,0,0,1,0,0,0,0,0,0,0,1,0,0,1,1,1,1,1,0,0,0,0,0,0,0,0,0,0,0,0,0,0,0,0,0,0,0,0,0,0,0,0,0,0,0,0,0,0,0,0,0,0,0,0,0,0,0,0,0,0,0,0,0,0,0,0,0,0,0,0,0,0,0,0,0,0,0,0,0,0,0,0,0,0,0,0,1,0,0,0,0,0,1,0,0,0,0,0,0,0,0,0,0,0,0,0,0,0,0,0,0,0,0,0,0,0,1,0,0,0,0,1,0,0,0,1,0,0,1,0,0,0,1,1,0,1,1,0,1,0,0,0,0,1,0,1,1,1,1,1,0,0,1,0,0,0,1,0,0,0,1,1,0,1,1,1,1,1,0,1,1,0,1,0,1,0,0,1,0,1,1,0,1,1,1,1,0
7524.0,116.16,C1CCOC(C1)CO,ROTONRWJLXYJBD-UHFFFAOYSA-N,0.3,Sorafenib,8.566018518518518,0.14236111111111094,0.14236111111111094,0.5417292126902966,30.375,116.16000000000001,1.5,1.9034911933164034,2.1250162554146717,91.36757727918736,3.0480339439763515,9.843390348640755,0.0,0.0,0.0,0.0,0.0,0.0,0.0,0.0,0.0,0.0,19.26246486877803,6.606881964512918,12.71084835226122,9.843390348640755,0.0,0.0,0.0,0.0,25.36643125652633,13.213763929025836,0.0,0.0,0.0,0.0,0.0,0.0,24.424257711614846,4.736862953800049,0.0,19.26246486877803,0.0,0.0,29.46,0.0,0.0,0.0,12.71084835226122,0.0,19.448525210364938,6.4208216229260096,0.0,0.0,0.0,9.843390348640755,5.177083333333334,0.0,0.0,8.566018518518518,0.0,0.0,3.5572685185185184,1.032962962962963,0.0,1.0,1,0,1,1,0,0,1,0,2,2,1,1,0,1,1,0,1,1,0.5478000000000001,0,1,1,0,0,0,0,0,0,0,0,0,0,0,0,0,0,0,0,0,0,0,0,0,0,0,0,0,0,0,1,0,0,0,0,0,0,0,0,0,0,0,0,0,0,0,0,0,0,0,0,0,0,0,0,0,0,0,0,0,0,0,0,5,2.2857142857142856,1,1,0.0,0.2857142857142857,0.35310296422859,0.2142857142857143,0.2142857142857143,64.0,3,0.4503630050505051,0.01784087029780461,0.2142857142857143,0.15971914124998499,0.3397505230258183,0,0,0,0,0,0,0,1,0.75,0.25,0.0,0.0,0,0,0,0,0,0,1,0,0,0,0,1,0,0,0,0,0,0,1,0,0,0,0,0,0,0,0,0,0,0,0,0,1,0,0,0,1,0,0,0,0,1,0,0,0,0,0,1,0,0,0,0,0,0,0,1,1,0,0,0,0,0,0,0,0,0,0,0,0,0,0,0,0,0,0,0,0,0,0,0,0,0,1,0,0,0,0,0,0,0,0,0,0,0,0,0,1,0,0,1,0,0,0,0,0,0,0,1,0,0,1,0,0,1,0,0,0,0,0,0,0,0,1,0,1,1,0,0,0,1,0,0,0,0,0,0,0,0,0,0,0,0,0,0,0,0,0,0,0,0,0,0,0,0,0,0,0,0,0,0,0,0,0,0,0,0,0,0,0,0,0,0,0,0,0,0,0,0,0,0,0,0,0,0,0,0,0,1,0,0,0,0,0,0,0,0,0,0,0,0,0,0,1,0,0,0,0,0,0,0,0,0,1,0,0,0,0,0,0,0,1,1,0,0,0,0,0,0,1,0,0,0,0,0,0,0,0,0,0,1,0,0,0,0,0,0,0,0,1,0,0,0,0,0,0,0,0,0,1,1,0,0,1,0,0,0,0,1,1,1,0,0,0,0,0,0,0,1,0,0,0,0,1,1,0,1,0,1,0,1,0,0,0,1,1,1,0
3086686.0,398.5,CCN(CC)CCNC(=O)C1=C(NC(=C1C)C=C2C3=C(C=CC(=C3)F)NC2=O)C,WINHZLLDWRZWRT-UHFFFAOYSA-N,2.6,Sunitinib,13.650463200837027,0.14317205740320782,-0.40388206564662066,0.6263032743124629,14.413793103448276,398.48200000000014,1.2413793103448276,3.1428009378032566,1.8335121708816986,3245583.0996731743,8.611069784767098,20.517465459810346,5.817220841045895,0.0,0.0,11.814359458703011,0.0,9.589074368143644,4.39041504767482,0.0,0.0,13.847474399381248,56.775560015122096,35.72820656790263,11.136556021766264,13.979489415818463,29.15087037028972,0.0,15.200676855804016,0.0,27.694948798762496,31.49581422765663,52.09453251121863,0.0,10.633577208012662,10.077801322358383,0.0,0.0,47.877273334151006,4.794537184071822,19.664695240427143,46.72022204824098,0.0,11.64912463690315,77.23,5.817220841045895,13.979489415818463,0.0,11.814359458703011,34.626078188907854,30.89164870428318,12.13273413692322,12.142387175295491,13.847474399381248,34.364939859191594,0.0,13.650463200837027,0.0,30.47464616021191,5.70478149684159,4.204299098794467,-0.8364270658224617,1.6762110260770975,11.095507045485572,0.0,0.36363636363636365,3,0,1,1,2,1,0,0,3,7,2,7,0,0,0,0,0,3,3.3349400000000013,0,0,0,0,0,1,1,0,0,0,0,0,1,3,0,0,1,0,0,0,0,0,0,0,1,1,0,0,1,0,0,0,0,0,0,0,0,0,0,0,0,0,0,0,0,0,0,0,0,0,0,0,0,0,0,0,0,0,0,0,0,0,0,15,6.039408866995074,3,3,0.0,0.07635467980295566,0.18513013456839336,0.1866447728516694,0.1866447728516694,2452.0,3,0.17309658227864694,0.01447728895125852,0.1866447728516694,0.1892586191416838,0.15124355738673023,0,0,0,0,0,2,2,0,0.7586206896551724,0.06896551724137931,0.0,0.13793103448275862,0,0,1,0,1,0,1,0,1,0,1,0,1,0,0,0,1,1,0,0,0,0,0,0,0,0,0,1,0,1,0,0,0,1,0,1,1,0,1,0,1,1,0,0,0,0,0,0,0,0,0,0,0,0,1,0,1,0,0,0,1,1,0,1,1,0,0,0,0,0,0,1,1,0,1,0,1,0,0,0,1,1,1,1,1,0,0,0,1,0,0,0,1,0,0,0,0,0,1,0,0,0,1,0,1,0,0,0,0,1,1,0,0,0,1,1,0,0,0,0,0,0,0,1,0,1,1,1,0,0,0,0,0,0,0,0,0,0,0,0,0,0,0,0,0,0,0,0,0,0,0,0,0,0,0,0,0,0,0,0,0,0,0,0,0,0,0,0,0,0,0,0,1,0,0,0,0,0,0,0,1,0,0,1,0,0,0,0,0,0,0,0,0,0,0,1,0,0,0,0,0,0,0,0,0,0,1,0,0,1,1,0,1,1,0,1,1,1,0,0,0,1,1,0,0,0,1,1,0,1,1,1,0,0,1,1,0,1,1,0,1,1,0,0,1,0,1,1,1,0,1,1,1,0,0,1,0,1,0,1,0,1,0,0,1,1,1,1,1,0,0,1,1,1,1,0,0,1,1,1,1,1,0,1,1,1,1,0,1,1,1,1,1,1,1,1,0
93860.0,384.2,B(C(CC(C)C)NC(=O)C(CC1=CC=CC=C1)NC(=O)C2=NC=CN=C2)(O)O,GXJABQQUPOEUTA-NVXWUHKLSA-N,,Bortezomib (Velcade),12.826666981607458,0.09193056080456885,-1.6949844256139357,0.46304615262258836,12.892857142857142,384.24500000000006,1.1071428571428572,2.6752263701822323,2.1619332305440584,1408881.2155927708,10.531039362336648,20.68162235814467,11.735768823996422,0.0,5.907179729351506,5.907179729351506,7.118392334224363,14.573052889090853,4.9839785209472085,0.0,0.0,44.179309741689295,17.9021791607844,18.814508766152162,12.138036169478873,19.63711951827565,18.932751792927373,0.0,20.60153424990708,5.917906046161393,38.67215107224702,0.0,60.17974554369273,0.0,10.633577208012662,0.0,0.0,0.0,50.931787411967555,11.21535880699783,5.917906046161393,36.320212692924535,0.0,0.0,124.44000000000001,30.91578521994113,19.63711951827565,0.0,18.032655663935863,6.4208216229260096,5.563451491696996,18.59053071483923,0.0,44.179309741689295,20.60153424990708,0.0,0.0,0.0,33.07797794477448,24.450794335551283,0.9456827653901069,-1.7203417003471129,4.78381958130921,3.8310241943936028,-1.6949844256139357,0.3684210526315789,4,0,0,0,2,1,2,0,6,9,1,9,0,0,0,0,2,2,0.36059999999999964,0,0,0,0,0,2,0,0,0,0,0,0,2,2,0,0,0,0,0,0,0,0,0,0,0,0,0,0,0,0,0,0,0,0,0,0,0,0,0,0,0,0,0,0,0,0,0,0,0,0,0,0,0,0,0,0,0,0,0,0,0,0,0,12,5.603174603174603,2,2,0.0,0.07671957671957673,0.18854989722912555,0.17704517704517705,0.17704517704517705,2118.0,3,0.18606262126818657,0.012775835361020714,0.17704517704517705,0.193075262045857,0.166306096629323,0,0,0,0,0,0,2,0,0.6785714285714286,0.14285714285714285,0.0,0.14285714285714285,0,0,1,1,1,0,0,1,0,0,0,0,1,0,0,0,0,1,0,0,0,0,0,0,0,0,0,0,0,1,0,1,0,0,0,1,0,0,0,0,0,1,1,0,1,0,1,0,0,1,0,0,1,0,1,0,0,1,0,0,0,0,0,1,1,0,1,0,0,1,0,0,0,0,0,0,1,0,0,0,0,1,1,1,0,0,0,0,1,1,0,1,1,0,0,0,0,0,1,0,0,1,1,1,1,0,0,0,0,0,0,0,0,0,0,0,0,0,0,1,0,1,0,0,1,0,0,1,0,1,0,0,0,0,0,0,0,0,0,0,0,0,0,0,0,0,0,0,1,0,0,0,0,0,0,0,0,0,0,0,0,0,0,0,0,0,0,0,0,0,0,0,0,1,1,0,0,0,0,0,0,0,0,0,1,0,0,0,0,0,0,0,0,0,0,1,0,0,0,1,0,0,0,0,1,0,0,0,0,1,1,0,0,0,0,0,0,0,0,0,1,0,1,0,0,1,0,1,1,0,0,0,1,0,1,0,0,0,0,0,1,1,0,0,0,1,0,1,0,0,1,1,0,0,1,1,0,0,0,0,1,1,0,0,0,0,1,1,0,1,1,0,1,0,0,1,1,0,1,1,0,1,0,0,1,1,1,0,1,1,1,1,1,1,1,1,0
5040.0,914.2,CC1CCC2CC(C(=CC=CC=CC(CC(C(=O)C(C(C(=CC(C(=O)CC(OC(=O)C3CCCCN3C(=O)C(=O)C1(O2)O)C(C)CC4CCC(C(C4)OC)O)C)C)O)OC)C)C)C)OC,QFJCIRLUMZQUOT-UHFFFAOYSA-N,6.0,Rapamycin,14.36141029013072,0.019310587100698884,-2.4280638995263715,0.15551123998195282,37.83076923076923,914.187,0.8461538461538461,3.279948913566458,1.7019978625273082,47983207692394.52,25.12545058178446,43.90380668437284,30.136984938757806,5.783244946364939,5.7871111525705965,11.690424675716445,5.969305287951849,19.178148736287287,4.794537184071822,0.0,0.0,71.0748066394564,106.95561782726408,58.46951041408137,24.41586555099321,62.97658287388147,29.22621985639817,0.0,4.899909730850478,35.507436276968356,180.07273656890322,27.874149029745176,47.60232970114182,0.0,0.0,0.0,0.0,0.0,131.8765774974726,47.65700068935935,35.507436276968356,125.51601987294649,0.0,0.0,195.42999999999995,83.86619841036084,39.292268104881224,0.0,54.81057407072694,63.36049913640336,11.993926152995277,12.009707272128011,41.066826788460816,58.0750493329319,0.0,23.684314769000245,29.362285880841483,0.0,71.77161134616098,33.83832848387476,1.2664139568346384,-7.959310503890356,11.183541207846696,12.739893160432432,4.520200305620426,0.7450980392156863,3,1,3,4,1,0,15,2,13,14,3,6,1,2,3,0,15,4,6.180600000000006,0,3,2,0,0,0,0,0,0,0,0,0,1,0,0,0,0,0,0,0,0,0,6,0,0,0,0,0,3,1,5,0,0,0,0,0,0,0,3,3,1,3,0,0,0,0,0,0,0,1,0,0,0,0,0,0,0,0,0,0,0,0,0,21,9.265865384615385,4,4,0.0,0.032692307692307694,0.12362840638552114,0.13120421245421243,0.13120421245421243,19273.0,4,0.10993761934146407,0.01003157610706433,0.13120421245421243,0.129305704710927,0.07333991482889933,0,0,0,0,0,0,0,4,0.7846153846153846,0.2,0.0,0.015384615384615385,0,0,0,1,1,0,1,0,1,1,1,0,1,1,1,0,1,1,1,0,1,0,0,0,1,0,0,1,1,1,0,1,1,1,1,1,0,0,1,0,1,1,1,1,1,1,1,1,1,0,0,0,0,1,1,1,1,1,0,1,1,1,0,0,0,1,0,0,0,1,0,0,1,0,1,1,1,1,0,0,1,0,1,1,0,0,0,0,0,0,0,0,1,0,1,0,1,0,0,1,0,1,1,0,0,1,1,1,1,0,0,0,1,1,1,0,1,0,0,1,0,0,0,0,1,1,0,1,1,0,0,0,0,0,0,0,0,0,0,0,0,0,0,0,0,0,0,0,0,0,0,0,0,0,0,0,0,0,0,0,0,0,0,0,0,0,0,0,0,0,0,0,0,0,0,0,0,0,0,0,1,0,0,0,0,0,0,1,0,0,0,0,0,0,0,0,0,0,0,0,0,0,1,0,0,0,1,0,0,0,0,0,0,0,0,1,0,0,0,1,1,1,1,1,0,1,0,1,1,1,1,0,0,0,1,1,0,0,1,0,1,1,1,0,0,1,1,1,1,0,1,1,1,1,0,0,1,1,1,1,0,1,1,0,0,0,1,1,0,1,1,1,0,1,0,1,1,1,1,1,1,0,1,1,1,1,1,1,1,1,1,1,0,1,1,1,0
3081361.0,475.4,CN1CCC(CC1)COC2=C(C=C3C(=C2)N=CN=C3NC4=C(C=C(C=C4)Br)F)OC,UHTHHESEBZOYNR-UHFFFAOYSA-N,4.9,Vandetanib (ZD6474),14.263532113112287,0.3331109753331629,-0.37390503086477245,0.5415290027618135,15.333333333333334,475.36200000000036,1.1666666666666667,2.745192105338734,1.584797088896538,7246165.158178437,9.138396883374352,19.690424242456906,17.962403693645463,11.49902366656781,0.0,0.0,0.0,0.0,14.358372089569237,0.0,0.0,15.929943897949348,63.16220236036219,15.925310798758819,24.920766498090277,13.864140955274918,38.33811788254899,0.0,14.867866772744895,5.917906046161393,12.841643245852019,39.17065290429912,46.9490957739509,11.49902366656781,14.790514511606428,15.89566410019341,11.49902366656781,15.929943897949348,48.72173107303768,0.0,11.735126887207288,12.841643245852019,0.0,10.902924932081056,59.51,0.0,4.39041504767482,0.0,5.817220841045895,45.51848096320938,31.317380272141968,12.393687143226153,19.242531678200752,12.13273413692322,43.16227125737776,9.473725907600098,26.605880321347147,3.2683829938629314,11.001989343199341,3.778348685131746,1.0314418416302993,1.9167947935602159,3.705786010546806,2.838797969860111,3.7537608689568,0.36363636363636365,1,0,1,1,0,1,0,0,6,8,2,6,0,1,1,0,0,4,5.004200000000005,0,0,0,0,0,2,0,0,0,0,0,0,3,1,0,0,0,1,0,0,0,0,0,0,2,0,0,0,1,0,2,0,0,0,0,0,0,0,0,0,0,1,0,0,0,0,0,0,0,1,0,0,0,0,0,0,0,0,0,0,0,0,0,17,6.154022988505747,4,4,0.0,0.07586206896551724,0.18220389482226243,0.18407224958949095,0.18407224958949095,2677.0,3,0.17015125149159738,0.01162213598833092,0.18407224958949095,0.16155525769949733,0.14631685446846748,0,0,0,0,0,0,3,1,0.7333333333333333,0.06666666666666667,0.0,0.13333333333333333,0,0,1,0,0,0,0,1,0,0,1,0,0,0,1,1,0,0,0,0,1,0,0,0,0,0,0,0,1,0,0,1,1,0,1,1,0,0,0,0,0,1,0,1,0,0,1,1,0,0,1,0,1,0,0,0,0,1,0,0,0,1,0,0,0,0,1,0,0,0,1,0,0,0,1,1,1,1,0,1,0,1,1,1,0,0,1,0,1,1,1,0,0,1,0,1,0,1,0,1,0,0,1,0,0,0,0,1,0,1,0,0,0,0,1,1,0,0,1,0,0,0,0,1,1,1,0,0,1,0,0,0,0,0,0,0,0,0,0,0,0,0,0,0,0,0,0,0,0,0,0,0,0,0,0,0,0,0,0,0,0,0,0,0,0,0,0,0,1,0,0,0,1,0,0,0,1,0,0,0,0,0,0,0,0,0,0,0,0,0,0,0,0,0,0,1,0,0,0,0,0,0,1,0,0,1,0,1,0,0,1,0,0,0,0,1,1,1,0,0,0,0,0,1,0,0,0,1,1,0,1,1,0,0,0,1,0,1,0,1,0,1,0,1,0,1,1,0,1,0,1,1,1,0,0,1,1,1,1,1,0,0,0,1,1,1,0,1,1,0,0,0,1,1,1,1,0,1,1,1,1,1,1,1,0,1,1,1,1,1,1,1,1,1,1,1,0
447983.0,513.6,CCC1(CC(C2=C(C3=C(C4=C(C=CC=C4O)C(=C3C=C2C1)O)O)O)OC5CC(C(C(O5)C)O)N(C)C)O,TVYXBCHESACMHF-NWJGULHDSA-N,3.8,AKT Inhibitor IV,11.524615562274295,0.00028622868900640697,-1.1197324840430007,0.22853084662951698,30.18918918918919,513.5870000000003,1.054054054054054,2.8340139575739745,1.6618067306605648,139464026.04704636,9.17972171997998,45.0128000074948,22.99804733313562,6.290026729335213,0.0,0.0,0.0,0.0,0.0,0.0,0.0,19.056471336613843,45.13608841659122,41.64020561855257,34.68539840315818,40.11289027664433,21.544896857859182,0.0,4.899909730850478,0.0,75.77557842379704,14.09534396535438,35.392371257240434,22.99804733313562,0.0,0.0,22.99804733313562,0.0,79.77526921021254,15.894547530526108,0.0,50.34080863930157,0.0,21.544896857859182,143.07999999999998,30.202976703563806,30.63916436904423,0.0,63.42642826599477,23.96854622924601,0.0,6.06636706846161,25.122838405075456,25.918990895895483,0.0,9.473725907600098,12.350257304891144,0.0,1.917287510885805,66.53659686429646,-0.12739058432014772,-1.0428185961952876,-1.4407816620664033,3.6502215995044174,3.7533390522010928,0.5,6,1,1,2,0,0,6,0,9,9,1,4,0,1,1,0,6,5,3.3864000000000027,0,2,1,0,0,0,0,4,0,0,0,0,1,0,0,0,1,0,0,0,0,0,0,0,0,0,0,0,3,0,2,0,0,0,0,0,0,0,0,0,0,0,0,0,0,0,0,0,0,0,0,0,0,0,0,0,0,0,0,0,0,0,0,14,5.930930930930931,5,5,0.0,0.06156156156156155,0.16378522220136266,0.14088374088374087,0.14088374088374087,3950.0,4,0.17506111698312155,0.014192533793417025,0.14088374088374087,0.14241396259766526,0.1316887988354496,0,0,0,0,0,0,3,1,0.7567567567567568,0.21621621621621623,0.0,0.02702702702702703,0,0,0,1,1,0,1,0,1,0,0,0,0,1,1,0,0,1,1,0,0,0,0,0,0,1,0,0,0,0,0,1,1,0,0,1,1,0,1,1,1,1,0,0,0,1,1,1,0,1,1,1,0,0,0,0,0,1,0,1,0,0,0,1,0,0,1,0,1,0,1,1,0,1,0,0,1,0,0,1,0,1,1,1,1,1,1,0,1,1,0,0,0,0,0,1,0,0,0,0,0,0,1,1,0,0,0,1,0,1,0,0,0,0,1,1,0,0,0,0,0,1,0,1,0,1,0,0,0,1,0,0,0,0,0,0,0,0,0,0,0,0,0,0,0,0,0,0,0,0,0,0,0,0,0,0,0,0,0,0,0,0,0,0,0,0,0,0,0,0,0,0,0,0,0,0,0,0,0,0,0,0,0,1,0,0,0,1,0,0,0,0,0,0,0,0,1,0,0,0,0,0,1,0,1,0,0,0,0,0,0,0,0,0,0,1,1,0,0,1,1,1,0,1,0,1,0,1,1,0,0,1,0,0,1,1,0,0,1,0,0,1,1,1,1,0,1,0,0,0,0,0,1,1,0,1,1,1,1,0,0,1,1,1,0,0,0,1,0,1,1,1,0,1,1,1,1,0,1,1,1,0,1,0,0,1,1,1,1,1,1,1,1,1,1,1,0
447983.0,513.6,CCC1(CC(C2=C(C3=C(C4=C(C=CC=C4O)C(=C3C=C2C1)O)O)O)OC5CC(C(C(O5)C)O)N(C)C)O,TVYXBCHESACMHF-NWJGULHDSA-N,3.8,AKT Inhibitor X,11.524615562274295,0.00028622868900640697,-1.1197324840430007,0.22853084662951698,30.18918918918919,513.5870000000003,1.054054054054054,2.8340139575739745,1.6618067306605648,139464026.04704636,9.17972171997998,45.0128000074948,22.99804733313562,6.290026729335213,0.0,0.0,0.0,0.0,0.0,0.0,0.0,19.056471336613843,45.13608841659122,41.64020561855257,34.68539840315818,40.11289027664433,21.544896857859182,0.0,4.899909730850478,0.0,75.77557842379704,14.09534396535438,35.392371257240434,22.99804733313562,0.0,0.0,22.99804733313562,0.0,79.77526921021254,15.894547530526108,0.0,50.34080863930157,0.0,21.544896857859182,143.07999999999998,30.202976703563806,30.63916436904423,0.0,63.42642826599477,23.96854622924601,0.0,6.06636706846161,25.122838405075456,25.918990895895483,0.0,9.473725907600098,12.350257304891144,0.0,1.917287510885805,66.53659686429646,-0.12739058432014772,-1.0428185961952876,-1.4407816620664033,3.6502215995044174,3.7533390522010928,0.5,6,1,1,2,0,0,6,0,9,9,1,4,0,1,1,0,6,5,3.3864000000000027,0,2,1,0,0,0,0,4,0,0,0,0,1,0,0,0,1,0,0,0,0,0,0,0,0,0,0,0,3,0,2,0,0,0,0,0,0,0,0,0,0,0,0,0,0,0,0,0,0,0,0,0,0,0,0,0,0,0,0,0,0,0,0,14,5.930930930930931,5,5,0.0,0.06156156156156155,0.16378522220136266,0.14088374088374087,0.14088374088374087,3950.0,4,0.17506111698312155,0.014192533793417025,0.14088374088374087,0.14241396259766526,0.1316887988354496,0,0,0,0,0,0,3,1,0.7567567567567568,0.21621621621621623,0.0,0.02702702702702703,0,0,0,1,1,0,1,0,1,0,0,0,0,1,1,0,0,1,1,0,0,0,0,0,0,1,0,0,0,0,0,1,1,0,0,1,1,0,1,1,1,1,0,0,0,1,1,1,0,1,1,1,0,0,0,0,0,1,0,1,0,0,0,1,0,0,1,0,1,0,1,1,0,1,0,0,1,0,0,1,0,1,1,1,1,1,1,0,1,1,0,0,0,0,0,1,0,0,0,0,0,0,1,1,0,0,0,1,0,1,0,0,0,0,1,1,0,0,0,0,0,1,0,1,0,1,0,0,0,1,0,0,0,0,0,0,0,0,0,0,0,0,0,0,0,0,0,0,0,0,0,0,0,0,0,0,0,0,0,0,0,0,0,0,0,0,0,0,0,0,0,0,0,0,0,0,0,0,0,0,0,0,0,1,0,0,0,1,0,0,0,0,0,0,0,0,1,0,0,0,0,0,1,0,1,0,0,0,0,0,0,0,0,0,0,1,1,0,0,1,1,1,0,1,0,1,0,1,1,0,0,1,0,0,1,1,0,0,1,0,0,1,1,1,1,0,1,0,0,0,0,0,1,1,0,1,1,1,1,0,0,1,1,1,0,0,0,1,0,1,1,1,0,1,1,1,1,0,1,1,1,0,1,0,0,1,1,1,1,1,1,1,1,1,1,1,0
16078949.0,257.24,C1=CN(C(=C1C(=O)N)N)C2C(C(C(O2)CO)O)O,QJVAIRVBURSSBY-DAGMQNCNSA-N,-1.9,AMPK Inhibitor,11.052530076845553,0.03920351473922934,-1.2522439531368106,0.4146524677443217,31.72222222222222,257.246,1.4444444444444444,2.824413936520752,2.30201617959144,13365.126747616197,4.575951652716755,36.09087974043789,24.129761941079938,6.22790117073487,0.0,5.907179729351506,0.0,4.794537184071822,0.0,0.0,0.0,0.0,6.06636706846161,6.196843571613076,12.170333456209914,24.85098232239399,11.725042507186533,0.0,4.567099647791355,5.733667477162185,24.539800333979777,12.340549441675103,17.826662131771684,0.0,11.46733495432437,5.817862777835028,0.0,0.0,50.7126426894228,4.736862953800049,0.0,16.585889846503687,0.0,0.0,143.96,37.053862027844204,15.007591973753234,0.0,11.381314269532023,0.0,0.0,16.83031028786604,0.0,0.0,0.0,21.310725302965125,6.571191421012849,0.0,11.052530076845553,28.392245265390105,10.92696412824389,-0.6570988966574287,-2.9157690854119442,-0.43196767132779,0.0,0.5,7,0,1,1,1,1,4,0,7,8,2,3,0,1,1,0,4,2,-2.219299999999999,0,3,3,1,0,1,0,0,0,0,0,0,1,0,2,0,0,0,0,0,0,0,0,0,1,0,0,0,0,0,1,0,0,0,0,0,0,0,0,0,0,0,0,0,0,0,0,0,0,0,0,1,0,0,0,0,0,0,0,0,0,0,0,9,3.803921568627451,2,2,0.0,0.12418300653594766,0.2347795274242321,0.17524509803921567,0.17524509803921567,582.0,3,0.2736769642167838,0.02083576391711638,0.17524509803921567,0.18041363496391274,0.2109071270477421,0,0,0,0,0,2,1,1,0.5555555555555556,0.2777777777777778,0.0,0.16666666666666666,0,0,0,1,0,0,0,0,0,0,0,0,1,0,1,0,0,0,1,0,0,1,1,0,0,0,1,0,0,0,0,0,0,0,0,0,0,0,0,0,0,1,0,0,0,0,0,0,0,0,0,1,0,0,1,1,0,0,0,0,1,0,0,0,0,0,0,1,0,0,0,0,1,1,0,0,0,1,0,1,0,1,1,1,1,0,0,0,1,0,0,0,0,0,0,0,1,0,0,1,1,0,1,0,0,0,0,1,0,0,1,0,1,0,0,0,1,0,0,0,0,0,0,0,0,1,0,1,0,0,0,0,0,0,0,0,0,0,0,0,0,0,0,0,0,0,0,0,0,0,0,0,0,0,0,0,0,0,0,0,0,0,0,0,0,0,0,0,1,0,0,0,0,0,0,0,0,0,0,0,0,0,0,1,1,0,0,1,0,0,0,0,1,0,0,1,0,0,0,0,0,0,1,0,0,1,0,1,0,0,1,0,1,1,1,1,0,0,0,1,1,1,1,0,0,1,1,1,0,0,0,0,0,0,0,0,0,0,0,1,1,0,0,0,0,0,0,1,0,0,1,1,1,0,0,0,0,1,0,0,0,1,1,1,0,1,0,1,0,1,1,0,1,1,1,0,1,0,1,0,1,1,1,1,1,1,1,1,1,1,0,1,1,0,1,1,0
11409972.0,529.6,CCN1CCN(CC1)CC2=C(C=C(C=C2)NC(=O)NC3=CC=C(C=C3)OC4=NC=NC(=C4)NC)C(F)(F)F,ODPGGGTTYSGTGO-UHFFFAOYSA-N,3.8,AST-487,13.84158880593284,0.05410189270939658,-4.53948445769485,0.3733441496106457,14.657894736842104,529.5670000000001,0.9473684210526315,2.9037576963321325,1.366322835713792,267035458.19034186,12.096201602349261,25.587138496669517,17.894694685883472,0.0,5.879988336435371,0.0,12.207413029781547,4.899909730850478,14.76249422596624,13.171245143024459,0.0,12.990104268152233,48.50641030837923,57.21259363006879,5.563451491696996,22.702645280896327,23.223749839540226,0.0,19.76777650359537,0.0,19.644792123046674,55.72181982425905,65.98515960585142,11.629500169719275,20.687228765819043,35.15841765429844,11.629500169719275,0.0,65.57034502817352,12.72105492335605,0.0,18.050640183084614,0.0,0.0,94.65,17.770864521478543,17.96578232709628,0.0,17.795594172293132,36.22426203406302,25.700636286199337,18.460054211687762,37.37950732498524,4.899909730850478,37.74196978445451,4.736862953800049,47.191017430124845,0.0,24.815298975315862,7.989798242695635,-0.06836665081616866,1.4255963025784522,-3.1727015439761037,6.317338937178138,1.72765191451285,0.34615384615384615,3,0,1,1,2,1,0,0,7,12,2,8,0,1,1,0,0,4,5.1109000000000036,0,0,0,0,0,2,0,0,0,0,0,0,4,3,0,0,1,0,0,0,0,3,0,0,3,0,0,0,0,0,1,0,0,0,0,0,0,0,0,0,0,0,0,0,0,0,0,0,0,0,1,0,0,0,0,0,0,0,0,0,0,0,1,23,8.256045519203415,4,4,0.0,0.05832147937411097,0.16186165690623763,0.2015568199778726,0.2015568199778726,5804.0,4,0.12650369344749135,0.010797846880356142,0.2015568199778726,0.1693916025644399,0.11480621039207177,0,0,0,0,0,0,3,1,0.6842105263157895,0.05263157894736842,0.0,0.18421052631578946,0,0,1,0,0,0,1,0,1,0,1,0,1,0,0,0,1,0,1,0,1,0,0,0,1,0,1,0,0,0,0,1,1,1,0,1,1,1,0,0,1,1,0,1,0,0,1,1,0,0,0,0,0,0,0,1,0,1,1,0,0,0,0,0,0,1,0,1,1,0,1,1,1,0,1,0,1,1,1,1,1,0,1,1,0,0,0,0,1,0,0,0,1,0,0,0,0,0,0,1,0,0,1,1,0,0,0,1,0,1,0,0,0,0,0,0,1,0,0,0,0,0,0,0,1,1,0,1,0,1,0,0,0,0,0,0,0,0,0,0,0,0,0,0,0,0,0,0,0,0,0,0,0,0,0,0,0,0,0,0,0,0,0,0,0,0,0,1,1,0,0,0,1,1,0,0,0,0,0,0,0,0,0,0,0,0,0,0,0,0,0,0,0,0,0,1,0,0,0,0,0,0,0,0,0,1,0,1,0,1,1,0,0,0,0,1,1,0,0,0,0,0,1,1,0,0,0,1,1,0,1,0,0,0,0,0,1,1,1,0,1,1,1,1,1,0,1,1,1,0,1,1,1,0,0,1,1,1,1,1,0,1,0,1,1,1,0,1,1,0,0,0,1,1,1,1,0,1,1,1,1,1,1,1,1,1,1,1,1,1,1,1,1,1,1,1,0
16007391.0,507.6,CCN(CCCOC1=CC2=C(C=C1)C(=NC=N2)NC3=NNC(=C3)CC(=O)NC4=CC(=CC=C4)F)CCO,QYZOGCMHVIGURT-UHFFFAOYSA-N,3.0,AZD1152-HQPA (AZD2811),13.318538711451158,0.048045376595604594,-0.4174591326755446,0.20253996280129952,11.135135135135135,507.57000000000016,1.162162162162162,3.3188151087800666,1.3361174418479216,258937864.35121894,12.744696234798589,25.376877287503895,23.711915526929367,5.817862777835028,5.907179729351506,0.0,0.0,9.893218992372859,14.358372089569237,5.098681808301038,0.0,12.990104268152233,43.29741337114663,41.98978543274519,25.151286269568104,19.028342580387395,34.13321649178618,0.0,25.06523038934697,0.0,19.765380445542643,43.48161035477623,66.36940545835178,5.749511833283905,15.37044016181271,21.71352687802844,5.749511833283905,0.0,68.92697066030274,11.21535880699783,5.817220841045895,19.038486817465095,0.0,10.902924932081056,128.29000000000002,5.817220841045895,9.184952231746642,0.0,18.934883316790433,41.918190028911475,30.413259366832214,24.52642128014937,12.13273413692322,18.19910120538483,42.62254479705026,9.843390348640755,19.20724160474723,0.0,23.149902217212613,22.747786699530934,1.6991397047256527,1.072336796165809,2.3602202518313606,5.203384144127357,0.0,0.3076923076923077,4,0,0,0,1,2,0,0,8,11,2,13,0,0,0,0,0,4,3.499900000000001,0,1,1,0,0,4,1,0,0,0,0,0,4,3,0,0,1,0,0,0,0,0,0,0,3,0,0,0,1,0,1,0,0,0,0,0,0,0,0,0,0,0,0,0,0,0,0,0,0,0,0,0,0,0,0,0,0,0,0,0,0,0,0,23,8.46996996996997,4,4,0.0,0.06006006006006004,0.16412069492356637,0.21342771342771338,0.2134277134277134,5641.0,3,0.1240277293996996,0.009561617270770442,0.21342771342771338,0.17765287908930533,0.11728366158942134,0,0,0,0,0,1,4,0,0.7027027027027027,0.08108108108108109,0.0,0.1891891891891892,0,0,1,0,0,0,0,1,1,0,1,0,1,0,1,1,0,1,0,0,1,0,0,0,0,0,1,0,1,0,1,0,0,1,0,1,0,0,1,0,1,1,0,1,0,0,1,1,0,1,0,0,0,0,0,0,0,1,1,0,0,1,0,1,0,1,1,0,1,0,1,1,0,0,0,1,1,1,0,1,1,1,1,1,0,1,1,0,1,1,0,1,1,0,1,1,1,0,0,0,0,0,1,0,1,0,0,1,0,1,0,0,0,0,1,1,0,0,0,0,0,1,0,0,1,1,1,1,0,1,0,0,0,0,0,0,0,0,0,0,0,0,0,0,0,0,0,0,0,0,0,0,0,0,0,0,0,0,0,0,0,0,0,0,0,0,0,0,1,0,0,0,1,0,0,0,0,0,0,0,0,0,1,1,1,0,0,0,0,0,0,0,0,0,0,1,0,0,0,1,0,0,0,0,0,0,0,1,0,1,1,0,1,1,0,1,1,1,0,0,0,1,1,0,1,1,1,1,1,0,1,1,0,0,1,1,0,1,1,1,1,1,0,1,1,0,1,1,1,0,1,1,1,0,1,1,1,1,1,1,0,1,1,1,1,1,0,1,1,1,0,0,1,1,0,1,1,1,1,0,0,1,1,1,1,1,1,1,1,1,1,1,1,1,1,1,0
3012.0,459.6,CC1=C(C(=O)N2C=CSC2=N1)CCN3CCC(=C(C4=CC=CC=C4)C5=CC=C(C=C5)F)CC3,MFVJXLPANKSLLD-UHFFFAOYSA-N,5.1,Alisertib (MLN8237),13.54493167120781,0.05464627373218778,-0.21545440983696285,0.4041142074341962,14.666666666666666,459.59000000000015,1.0303030303030303,3.305621425679452,1.3363944758467914,57812304.0083934,9.413961958509868,4.899909730850478,5.817220841045895,4.960872922772032,0.0,5.559266895052008,0.0,9.195231790333615,9.374393568622029,0.0,11.336785877934737,48.03767400930054,55.01894371885513,42.46855504636217,0.0,4.39041504767482,21.870763330776036,0.0,14.28458285805948,0.0,26.186202068468653,19.634269217737724,110.30262187841195,0.0,5.559266895052008,4.39041504767482,0.0,11.336785877934737,33.918852075797204,6.4208216229260096,12.740958040736519,35.22592571579146,0.0,10.533977452841299,37.61000000000001,0.0,9.184952231746642,0.0,11.376487736097904,6.4208216229260096,54.257616364604225,40.17918056669348,10.59753817787487,42.635635312464586,22.016622388720904,0.0,15.196595938511507,1.485993200368759,20.618451177231268,1.8996975998231804,6.555146360155449,-0.21545440983696285,4.429139889107872,4.670164856754863,0.0,0.25925925925925924,0,0,1,1,0,2,0,0,5,6,3,5,0,1,1,0,0,5,5.343920000000005,0,0,0,0,0,2,0,0,0,0,0,0,3,0,0,0,0,1,0,0,0,0,0,0,0,1,0,0,1,0,0,0,0,0,0,0,0,0,0,0,0,0,0,0,0,0,0,0,0,1,0,0,0,0,0,0,0,0,0,1,0,0,0,16,6.621212121212121,5,5,0.0,0.07007575757575757,0.1737586990101649,0.1813294232649071,0.1813294232649071,3496.0,3,0.15654897352790592,0.010533034763315935,0.1813294232649071,0.17591787188829563,0.1319292271444084,0,0,0,0,0,1,4,1,0.8181818181818182,0.030303030303030304,0.030303030303030304,0.09090909090909091,0,0,1,0,1,0,0,1,1,1,1,0,1,0,0,0,1,0,0,0,0,0,0,0,0,1,0,0,0,0,0,0,1,1,0,1,0,1,0,1,0,1,0,1,0,0,0,0,0,1,0,1,0,0,0,0,0,0,0,0,1,1,1,0,0,1,1,1,0,0,0,0,0,0,1,0,1,0,1,1,0,0,1,1,0,0,0,0,1,1,0,0,1,1,1,1,0,0,0,1,0,0,1,0,0,0,0,1,0,0,0,0,0,1,0,0,1,0,0,1,1,1,1,1,1,0,0,1,0,1,0,0,0,0,0,0,0,0,0,0,0,0,0,0,0,0,0,0,0,0,0,0,0,0,0,0,0,0,0,0,0,0,0,0,0,0,1,0,0,0,0,0,1,0,0,0,0,1,0,0,1,0,0,0,0,0,0,0,0,0,0,0,0,0,0,1,0,0,0,0,0,0,0,0,0,1,1,1,0,0,1,1,0,1,0,1,1,1,1,0,0,0,1,0,0,0,1,1,1,1,1,1,0,0,0,1,1,1,1,0,1,1,0,1,0,0,1,1,1,0,1,1,1,0,0,1,0,1,1,1,0,0,0,0,1,0,0,1,1,0,0,0,1,1,1,1,0,1,1,0,1,0,0,1,1,1,1,0,1,0,1,1,1,1,1,1,0
25062766.0,414.5,C1COCCN1C2=CC=C(C=C2)NC3=NC=CC(=N3)C4=CC=C(C=C4)C(=O)NCC#N,ZVHNDZWQTBEVRY-UHFFFAOYSA-N,2.6,CYT387,11.92660219224032,0.01889831182277324,-0.27900989977418655,0.597823059764905,13.32258064516129,414.4690000000002,1.064516129032258,2.8370135317791796,1.433524782151086,16661666.99159785,9.693819408820946,20.27034989266319,6.544756405912575,0.0,5.948339280986494,5.907179729351506,0.0,4.794537184071822,9.967957041894417,5.261891554738487,0.0,12.13273413692322,42.46456947923127,41.78803191619934,24.976913236666572,9.53140013787187,23.230291559705122,5.261891554738487,15.284745645900749,0.0,0.0,43.06473148162037,66.35759867946456,17.32660079933773,15.53348693886314,17.323111830353618,0.0,0.0,48.72316991800948,4.736862953800049,11.33111286753076,10.357988675768818,0.0,11.257379486545457,103.17,0.0,4.794537184071822,0.0,12.45193613526408,11.51179077268349,43.248042502080004,5.687386274683562,18.329577708536295,36.40105665510033,37.63417811768078,9.998754508538536,5.403346734075544,0.0,23.11682474177885,14.329295953526113,4.170571915227785,0.21401071774228253,1.6947466808884557,3.292328067248141,0.0,0.21739130434782608,2,0,1,1,1,1,0,0,7,8,2,6,0,1,1,0,0,4,2.9771800000000015,0,0,0,0,0,2,0,0,0,0,0,0,4,2,0,0,0,0,0,0,0,0,0,0,3,0,0,0,0,0,1,0,0,0,0,0,0,0,0,0,0,0,1,0,0,0,0,0,0,0,0,0,0,0,0,0,0,0,0,0,0,0,0,20,7.105376344086022,4,4,0.0,0.07311827956989249,0.17935007660332414,0.2105302187615869,0.2105302187615869,3304.0,3,0.14728919981165184,0.009571548386274172,0.2105302187615869,0.16725978280581968,0.15892551413324038,0,0,0,0,0,0,3,1,0.7419354838709677,0.06451612903225806,0.0,0.1935483870967742,0,0,1,1,0,0,0,0,0,0,1,1,1,1,0,0,0,1,1,0,0,1,0,0,1,1,0,0,0,1,0,0,1,0,0,1,1,0,0,0,0,1,0,0,0,1,1,0,1,1,0,0,1,1,0,0,1,0,0,0,0,0,0,1,0,1,0,1,0,0,0,1,0,0,1,1,1,1,0,0,0,0,1,1,0,0,1,0,1,0,0,0,0,0,1,0,0,0,0,0,0,0,1,0,1,0,1,1,0,1,0,0,0,0,0,0,0,0,1,0,1,0,0,0,1,0,0,1,0,0,0,0,0,0,0,0,0,0,0,0,0,0,0,0,0,0,0,0,0,0,0,0,0,0,0,1,0,0,0,0,0,0,0,0,0,0,0,0,0,0,0,1,0,0,0,0,0,0,0,0,0,0,0,0,0,0,0,1,0,0,0,0,1,0,0,1,0,0,0,0,0,0,0,0,0,1,0,1,0,1,1,0,1,0,0,1,1,0,0,0,0,0,1,0,0,1,0,0,1,0,1,0,0,0,0,0,1,0,0,1,1,1,0,0,0,0,0,1,1,0,1,1,1,0,0,1,0,0,1,1,0,1,1,1,0,1,0,1,1,0,0,0,1,0,0,1,0,1,1,0,0,1,0,1,1,1,1,1,1,1,0,1,1,1,1,1,0
156414.0,485.9,C=CC(=O)NC1=C(C=C2C(=C1)C(=NC=N2)NC3=CC(=C(C=C3)F)Cl)OCCCN4CCOCC4,OMZCMEYTWSXEPZ-UHFFFAOYSA-N,3.9,Canertinib (CI-1033),13.520356855803808,0.004571763668690387,-0.5096327660617559,0.34297263045705784,14.058823529411764,485.9470000000004,1.2647058823529411,2.8489167064702583,1.5584181185757717,52821570.92832902,11.237626644753938,20.10730311561276,23.711915526929367,0.0,5.907179729351506,0.0,0.0,9.694446914922299,14.358372089569237,0.0,0.0,18.179875573831012,36.76231000360633,36.77424677534769,36.047366199579905,18.65867813934674,45.603679878867226,0.0,14.867866772744895,0.0,6.4208216229260096,50.08849231928914,60.15396536229218,5.749511833283905,15.370440161812711,21.58305037487697,5.749511833283905,11.600939890232516,60.22996161337287,9.53140013787187,5.817220841045895,6.4208216229260096,5.022633313741326,10.902924932081056,88.61,5.817220841045895,9.184952231746642,0.0,10.929813043092832,40.45195405708003,39.26885476968957,24.536074318521642,18.19910120538483,0.0,32.08037966435605,21.074665797832616,24.918329853710688,5.897164405946523,23.0337471283251,6.550379422056513,1.6488586165116697,0.09591373450326857,3.432896512403013,8.24206189150405,0.0,0.2916666666666667,2,0,1,1,1,1,0,0,7,10,2,9,0,1,1,0,0,4,4.391500000000003,0,0,0,0,0,2,0,0,0,0,0,0,3,2,0,0,0,0,0,0,0,0,0,0,3,0,0,0,1,0,2,0,0,0,0,0,0,0,0,0,0,0,1,0,0,0,0,0,0,0,0,0,0,0,0,0,0,0,0,0,0,0,0,18,6.828877005347594,4,4,0.0,0.0659536541889483,0.1711812247760947,0.1821524064171123,0.1821524064171123,3831.0,3,0.15392718270742553,0.010428470167693597,0.1821524064171123,0.15718102836588765,0.12863380936221036,0,0,0,0,0,0,3,1,0.7058823529411765,0.08823529411764706,0.0,0.14705882352941177,0,0,1,0,0,0,0,1,0,0,1,0,1,1,1,1,0,0,1,0,1,1,0,0,0,0,1,0,1,0,0,1,1,0,0,1,1,1,0,0,0,1,0,0,0,0,1,1,0,0,1,1,1,0,0,0,1,1,0,1,0,1,0,0,0,1,0,0,0,1,1,0,0,0,1,1,1,1,0,1,0,0,1,1,0,0,0,0,1,1,1,0,0,0,0,0,0,0,0,0,0,0,1,0,0,0,0,1,0,1,0,1,1,0,0,0,0,0,0,0,0,1,1,1,1,0,0,1,0,1,0,0,0,0,0,0,0,0,0,0,0,0,0,0,0,0,0,0,0,0,0,0,0,0,0,0,0,0,0,0,0,0,0,0,1,0,0,0,1,0,0,0,1,0,0,0,0,0,0,0,0,0,0,0,0,0,0,1,0,0,0,0,0,0,0,1,0,0,0,0,0,0,0,0,0,1,0,1,0,0,1,0,0,0,0,1,1,1,0,0,0,1,1,0,0,1,0,1,1,1,1,1,0,1,0,1,0,1,0,1,1,1,0,1,0,0,0,1,1,0,1,1,1,0,0,1,1,1,1,1,0,1,1,1,1,1,0,1,1,0,0,0,1,1,1,1,1,1,1,0,1,1,1,1,1,1,1,1,1,1,0,1,1,1,1,1,0
156422.0,527.7,CC1=CC=C(C=C1)N2C(=CC(=N2)C(C)(C)C)NC(=O)NC3=CC=C(C4=CC=CC=C43)OCCN5CCOCC5,MVCOAUNKQVWQHZ-UHFFFAOYSA-N,5.7,Doramapimod (BIRB 796),13.24385986732241,0.16997731816187445,-0.33809285912998166,0.30878428664193475,14.35897435897436,527.6690000000006,0.9743589743589743,3.3496195407699414,1.3322619189000384,725071079.5827968,11.471316997387193,14.790514511606428,18.17425657563185,0.0,0.0,0.0,6.031114512338072,10.216698334856808,9.476340119217006,5.098681808301038,0.0,62.73286550153853,31.18920547353706,41.88807518452571,30.282464473241422,14.268263091671919,28.308811993786254,0.0,14.680394474296701,0.0,33.10993926815928,50.08849231928914,77.98741723962318,11.436898107967467,15.370440161812711,16.29978623659041,5.749511833283905,0.0,60.166424097911246,10.15185342319683,6.923737199690624,32.02859108561733,0.0,16.459834703613154,80.65,0.0,4.794537184071822,0.0,11.446104981734852,18.11213101703151,66.31475917020606,0.0,4.681802935145185,73.65377495276834,36.30469853793501,14.572407715901136,13.37032289878332,0.0,15.589436999789578,12.737129678067953,3.4767953935534694,1.4080869010982995,0.0,13.222523282940676,0.0,0.3548387096774194,2,0,1,1,2,1,0,0,6,8,2,7,0,1,1,0,0,5,5.986420000000005,0,0,0,0,0,2,0,0,0,0,0,0,3,2,0,0,0,0,0,0,0,0,0,0,2,1,0,0,1,0,2,0,0,0,0,0,0,0,0,0,0,0,1,0,0,0,0,0,0,0,0,0,0,0,0,0,0,0,0,0,0,0,1,20,7.581646423751687,5,5,0.0,0.05802968960863698,0.1597838043512376,0.1778823357770726,0.1778823357770726,5618.0,4,0.1377194709495294,0.010495785252713375,0.1778823357770726,0.17209404949283094,0.12700771709325887,0,0,0,0,0,1,4,1,0.7948717948717948,0.07692307692307693,0.0,0.1282051282051282,0,0,1,0,0,0,0,0,0,1,1,0,1,1,1,1,0,0,1,0,0,0,1,1,0,0,1,0,0,0,0,0,1,1,1,1,0,0,1,1,0,1,1,0,0,0,1,0,0,1,0,0,1,0,0,1,1,1,1,1,1,1,1,1,0,1,1,0,0,0,0,1,0,0,1,0,1,0,0,1,0,0,1,1,0,0,0,0,1,0,0,0,0,0,0,0,1,0,0,0,0,0,1,0,1,0,0,1,0,1,0,0,1,0,1,0,1,1,0,0,0,0,0,1,1,0,0,1,0,1,0,0,0,0,0,0,0,0,0,0,0,0,0,0,0,0,0,0,0,0,0,0,0,0,0,0,0,0,0,0,0,0,0,0,0,0,0,1,1,0,0,0,0,1,0,0,0,0,0,0,0,0,1,0,0,0,0,1,0,0,0,0,1,0,0,1,1,0,0,0,0,0,0,0,1,1,0,1,0,1,1,0,0,1,0,1,1,0,0,0,0,0,0,0,1,1,1,1,1,0,1,1,0,0,0,1,1,0,0,1,1,1,1,1,0,0,0,1,1,0,1,1,1,0,1,1,1,1,1,1,0,1,1,1,0,1,0,1,1,0,0,1,1,1,1,1,1,1,1,1,1,1,1,1,1,1,1,1,1,1,1,1,1,1,1,1,0
3122.0,225.18,C(CCC(C(=O)O)N)CCP(=O)(O)O,MYDMWESTDPJANS-UHFFFAOYSA-N,-3.6,Dovitinib (CHIR-258),10.412139445284286,0.1435421390778533,-3.896262658870133,0.36086300909365476,13.928571428571429,225.181,1.2857142857142858,2.006570226000149,3.391717311893502,658.1550341280488,6.136612600237763,20.62701807750784,6.041840829147961,0.0,0.0,0.0,13.565067614739736,9.35958546900315,0.0,0.0,0.0,12.841643245852019,12.841643245852019,6.161910027467921,0.0,24.252936069348806,13.565067614739736,0.0,0.0,5.733667477162185,31.725127320852,6.161910027467921,0.0,0.0,5.733667477162185,0.0,0.0,7.595762326787885,33.06640674491339,9.35958546900315,0.0,25.683286491704038,0.0,0.0,120.85000000000001,19.606908443887697,9.35958546900315,0.0,6.161910027467921,25.683286491704038,0.0,0.0,0.0,0.0,0.0,20.62701807750784,10.412139445284286,0.0,27.286144276126088,8.418268919193192,5.231411997669438,-1.041677728961955,1.765848293020912,0.0,-3.896262658870133,0.8571428571428571,5,0,0,0,0,0,1,0,3,7,0,7,0,0,0,0,1,0,0.1363999999999999,1,0,0,0,0,0,0,0,1,0,0,0,0,0,1,0,0,0,0,0,0,0,0,0,0,0,0,0,0,0,0,0,0,0,0,0,0,0,0,0,0,0,0,0,0,0,0,0,0,0,0,0,0,0,0,0,0,0,0,0,0,2,0,9,4.241758241758242,0,0,0.0,0.14285714285714282,0.26634957143454446,0.27014652014652013,0.27014652014652013,386.0,4,0.2438882623756573,0.022056228716757723,0.27014652014652013,0.24099564762109038,0.24805902952763112,0,0,0,0,0,0,0,0,0.5,0.35714285714285715,0.0,0.07142857142857142,0,0,0,1,0,1,0,1,0,0,0,0,1,0,0,0,0,0,0,0,1,1,0,0,1,0,0,0,0,0,1,0,0,0,0,0,0,0,0,0,0,1,0,0,0,0,0,0,1,0,0,0,0,0,1,0,0,0,0,1,0,0,0,0,0,0,1,0,0,0,0,0,0,0,0,0,0,1,0,0,0,0,1,0,0,0,1,0,0,0,0,0,0,0,0,1,0,0,0,0,0,1,0,0,1,0,0,0,0,0,0,0,0,0,0,0,0,0,0,1,0,1,0,0,0,0,0,1,0,1,0,0,0,0,0,0,0,0,0,0,0,0,0,0,0,0,0,0,0,0,0,0,0,0,0,0,0,0,0,1,0,0,0,0,0,0,0,0,0,0,0,0,0,1,0,0,0,0,1,0,0,0,0,0,1,0,0,0,0,0,0,0,0,0,0,0,0,0,0,1,0,0,0,0,0,0,0,0,0,0,0,0,0,0,1,0,0,0,0,0,1,1,0,0,0,1,0,0,0,0,0,0,1,0,1,0,1,0,0,0,0,1,1,0,0,0,0,0,1,0,0,0,0,1,1,0,0,0,1,1,1,1,1,0,0,0,1,0,0,1,1,0,0,0,0,0,1,1,1,0,0,1,0,1,1,1,1,1,1,1,0,1,0,0,1,0,0
5287969.0,401.8,CN1CCC(C(C1)O)C2=C(C=C(C3=C2OC(=CC3=O)C4=CC=CC=C4Cl)O)O,BIIVYFLTOXDAOV-YVEFUNNKSA-N,3.3,Flavopiridol,12.769432004283193,0.01876700680272103,-0.7438293825760758,0.6095989367593202,20.535714285714285,401.8460000000001,1.1785714285714286,2.626300717252821,1.9967325788263286,2097158.9013421573,7.1274310435417405,24.636642852425943,28.22851544154929,5.428790391900541,0.0,0.0,0.0,4.794537184071822,0.0,0.0,0.0,23.733674027155736,32.14598414843899,35.72229957239118,11.126599701489628,19.736733121575462,22.57018424633955,0.0,4.899909730850478,0.0,18.442694056835705,20.13718479450234,57.20761479218034,22.822722577139245,5.428790391900541,0.0,11.49902366656781,11.600939890232516,46.46064309762323,0.0,0.0,17.9021791607844,5.022633313741326,22.292943266678478,94.14,17.450662825810234,20.11411936859394,0.0,28.22851544154929,29.115114325973902,12.611123474374185,6.06636706846161,24.26546827384644,11.947581713527669,0.0,16.018090827285864,6.001549744897959,6.246199911255526,14.761653224854882,31.805403435176913,0.4917950575291852,-0.7667591017888629,-0.16929252050614496,1.1516720241305374,1.9066033186690654,0.2857142857142857,3,0,1,1,0,1,2,0,6,7,2,2,0,1,1,0,2,4,3.3046000000000015,0,1,1,0,0,0,0,2,0,0,1,0,1,0,0,0,1,1,0,0,0,0,0,0,0,0,0,0,1,0,0,0,0,0,0,0,0,0,0,0,0,0,0,0,0,0,0,0,0,1,0,0,0,0,0,0,0,0,0,0,0,0,0,12,4.875661375661376,4,4,0.0,0.08201058201058202,0.18842207769178762,0.14906389906389905,0.14906389906389905,1843.0,3,0.21320479072004517,0.014539819551688194,0.14906389906389905,0.15726832476052316,0.1613117944276428,0,0,0,0,0,0,3,1,0.75,0.17857142857142858,0.0,0.03571428571428571,0,0,0,0,0,0,0,1,0,0,0,0,1,0,0,0,0,0,1,0,0,1,0,0,0,0,1,0,1,0,0,1,1,0,0,1,0,1,0,0,0,1,0,0,0,0,0,1,0,1,0,1,0,0,0,0,1,0,0,0,1,1,0,0,0,0,1,0,1,0,1,0,0,1,1,0,0,0,1,0,1,1,0,1,1,0,0,0,1,0,1,0,0,0,1,0,0,1,1,1,0,1,1,0,1,0,0,1,0,1,0,1,1,0,1,0,0,0,0,0,1,0,1,1,0,1,0,0,0,0,0,0,0,0,0,0,0,0,0,0,0,0,0,0,0,0,0,0,0,0,0,0,0,0,0,0,0,0,0,0,0,0,0,0,0,0,0,0,0,0,0,0,0,0,0,0,0,0,0,0,0,0,0,1,0,0,0,1,0,0,0,0,1,0,0,0,0,0,0,0,0,0,0,0,0,1,0,0,0,0,0,0,0,0,0,1,1,1,0,1,1,1,0,1,0,1,0,0,1,0,1,1,0,1,1,1,0,1,0,0,0,1,0,1,0,1,1,0,1,0,1,1,1,0,0,1,0,1,1,1,0,1,1,0,1,0,0,1,1,1,1,0,0,1,1,1,1,1,1,0,1,0,1,1,1,0,0,1,1,1,1,1,1,1,1,1,0
16723044.0,510.7,CC1=CN=C(N=C1NC2=CC(=CC=C2)S(=O)(=O)NC(C)(C)C)NC3=CC=CC(=C3)CN4CCOCC4,OOSKXASFJFSOBK-UHFFFAOYSA-N,3.7,GDC-0941,12.746293147737138,0.1847829611263836,-3.6521912879849556,0.41420427853231395,15.0,510.66400000000016,1.0,2.808842429812748,1.4840728167992543,80240943.22686224,10.915917389594654,15.37044016181271,5.817862777835028,0.0,15.97163043439408,0.0,0.0,4.899909730850478,18.123870369728234,4.9839785209472085,0.0,18.19910120538483,63.59023563276754,48.308262082798265,18.10924740454361,13.154659938128987,33.164265761596226,0.0,19.589961637196982,0.0,44.67411393257619,36.93685394886365,65.85468310269995,0.0,15.355672072464749,23.140974608188646,0.0,0.0,55.12786575030817,21.30491051312021,6.923737199690624,31.898114582465865,0.0,0.0,108.47999999999999,15.56221640579093,8.417796984328938,0.0,4.895483475517775,17.453588333505085,44.09887091314412,5.563451491696996,30.462311845459514,39.827682935685715,42.35627298213287,4.736862953800049,33.609250753507126,0.0,11.615501734164422,6.522443483404779,2.9785857254885455,1.0417571444708902,1.7331372660978992,11.599817361674127,-3.6521912879849556,0.38461538461538464,3,0,1,1,0,1,0,0,8,10,2,8,0,1,1,0,0,4,4.181220000000002,0,0,0,0,0,2,0,0,0,0,0,0,3,3,0,0,0,0,0,0,0,0,0,0,4,1,0,0,0,0,1,0,0,0,0,0,0,0,0,0,0,0,1,0,0,0,0,0,0,0,0,0,0,0,0,1,0,0,0,0,0,0,0,19,7.411111111111111,4,4,0.0,0.06190476190476188,0.16626452825463212,0.188562091503268,0.188562091503268,4669.0,4,0.1402870920907548,0.011570843618441485,0.188562091503268,0.19118906780484551,0.13221660847284814,0,0,0,0,0,0,3,1,0.7222222222222222,0.08333333333333333,0.027777777777777776,0.16666666666666666,0,0,1,0,0,0,1,0,0,0,1,0,1,1,0,0,0,1,1,0,0,0,0,0,0,0,0,0,0,0,0,0,1,0,1,1,0,0,0,0,0,1,0,0,1,0,1,1,1,0,0,0,1,0,0,0,1,0,1,1,1,0,0,0,0,1,1,0,0,0,1,0,1,0,1,1,1,0,0,0,0,0,1,1,1,0,0,0,1,0,1,0,1,1,0,0,1,0,0,0,0,0,1,1,0,0,1,0,0,1,0,0,0,1,0,0,1,0,0,0,1,0,1,0,1,0,0,1,0,1,0,0,0,0,0,0,0,0,0,0,0,0,0,0,0,0,0,0,0,0,0,0,0,0,0,1,0,0,0,0,0,0,1,1,0,0,0,0,1,0,0,0,0,0,0,0,0,0,0,0,0,1,0,1,0,1,0,1,1,1,1,1,0,0,1,1,1,1,0,1,0,0,0,1,1,1,0,1,0,0,1,1,0,0,0,1,1,0,1,0,0,1,0,0,1,1,0,0,1,0,1,0,1,0,0,0,1,0,0,1,0,1,1,0,0,0,0,1,1,0,1,1,1,0,1,1,0,0,1,1,1,1,1,1,0,1,1,1,1,0,0,1,1,0,1,1,1,1,1,1,1,1,0,1,0,1,1,1,1,1,1,1,1,1,1,1,0
11617559.0,366.4,COC1=CC=C(C=C1)COC2=C(C=C(C=C2)CC3=CN=C(N=C3N)N)OC,MYQAUKPBNJWPIE-UHFFFAOYSA-N,2.6,GW-2580,5.906471534009829,0.16306519180786583,0.16306519180786583,0.6621176234986874,10.444444444444445,366.4210000000001,0.8888888888888888,2.6901279505552544,1.7104701830491746,1394142.6696075574,8.266220883045207,25.67792381572452,18.17425657563185,11.49902366656781,5.948339280986494,0.0,0.0,0.0,4.9839785209472085,4.9839785209472085,0.0,18.19910120538483,35.392371257240434,18.18111668623608,14.219595082555067,14.210588861400147,11.766202058821523,0.0,9.967957041894417,0.0,13.027703587438928,25.68693003687944,65.35176752593534,17.248535499851716,25.67792381572452,11.766202058821523,17.248535499851716,0.0,24.187552124449482,13.027703587438928,0.0,16.690354475090988,0.0,0.0,105.51,0.0,0.0,0.0,5.948339280986494,30.344590031841765,22.439866308374892,0.0,20.416438654168143,42.46456947923127,9.967957041894417,25.67792381572452,16.53082349269428,0.0,7.978157997047752,0.0,14.28776855528547,2.6653300334817196,2.2078018976235345,0.4290190737426489,3.2520794506404886,0.2,4,0,0,0,0,1,0,0,7,7,1,7,0,0,0,0,0,3,2.828000000000001,0,0,0,2,0,2,0,0,0,0,0,0,2,0,2,0,0,0,0,0,0,0,0,0,2,0,0,0,0,0,3,0,0,0,0,0,0,0,0,0,0,2,0,0,0,0,0,0,0,0,0,0,0,0,0,0,0,0,0,0,0,0,0,17,6.176638176638177,3,3,0.0,0.08262108262108263,0.1920638926860158,0.20706552706552706,0.20706552706552706,2168.0,3,0.16919781983912643,0.012185982247305988,0.20706552706552706,0.1668725929720298,0.16649540850212993,0,0,0,0,0,0,3,0,0.7407407407407407,0.1111111111111111,0.0,0.14814814814814814,0,0,1,0,0,1,0,0,0,0,0,0,0,0,0,1,0,0,0,0,0,1,0,0,1,0,0,1,0,1,1,0,0,0,0,1,0,0,0,0,0,0,0,0,1,0,1,0,0,0,1,1,1,1,0,0,1,1,0,0,0,0,0,0,0,1,0,0,1,0,0,1,0,0,0,1,1,0,0,0,1,1,1,1,0,0,1,0,1,0,0,0,1,0,0,1,1,0,0,0,0,0,1,0,0,0,0,1,0,1,0,0,0,0,1,0,0,0,0,0,0,0,0,1,1,0,0,0,0,1,0,0,0,0,0,0,0,0,0,0,0,0,0,0,0,0,0,0,0,0,0,0,0,0,0,1,0,0,0,0,0,0,0,0,0,0,0,0,1,0,0,0,0,0,0,0,0,0,0,0,0,0,0,1,0,0,0,0,0,0,0,0,0,0,0,1,0,0,0,0,0,0,1,0,0,0,0,1,0,0,1,0,0,0,1,0,0,0,0,0,1,0,0,1,0,0,0,0,1,0,0,0,0,0,0,0,1,0,0,1,0,0,0,1,0,0,0,0,0,0,1,1,0,0,0,1,1,1,0,0,0,1,0,1,0,1,0,1,0,0,0,0,1,1,1,1,1,0,0,1,1,1,1,1,0,1,1,1,1,1,1,1,1,1,1,1,0
3501.0,378.4,CN1C2=CC=CC=C2C3=C4C(=C5C6=CC=CC=C6N(C5=C31)CCC#N)CNC4=O,VWVYILCFSYNJHF-UHFFFAOYSA-N,3.2,Go6976,12.92081902630198,0.002676813009154122,-0.002676813009154122,0.4880340142942995,13.448275862068966,378.4350000000002,1.0,3.3752316926194137,1.9850502898258842,11514238.394348327,5.616220592022494,14.450987899589041,0.0,0.0,0.0,5.907179729351506,0.0,4.794537184071822,0.0,5.261891554738487,0.0,36.39820241076966,17.696185628620217,52.71548308759404,29.0868958626478,4.794537184071822,49.51887945767573,5.261891554738487,14.450987899589041,7.04767198267719,19.51033443475116,0.0,59.65783953108687,6.069221312792274,5.316788604006331,0.0,0.0,0.0,15.041379024934216,20.13718479450234,11.33111286753076,22.342261790391824,0.0,43.611699728324226,62.75,0.0,10.056428738810308,0.0,5.907179729351506,19.51033443475116,54.738602711718215,0.0,0.0,24.26546827384644,51.83334946890494,0.0,4.457153250188965,0.0,12.92081902630198,16.687602777630286,6.260028869572522,-0.002676813009154122,0.4379718600403124,1.1601048752834466,2.0651347159234064,0.16666666666666666,1,0,1,1,1,2,0,0,4,5,3,2,0,0,0,0,0,6,4.596480000000004,0,0,0,0,0,2,0,0,0,0,0,0,3,1,0,0,0,0,0,0,0,0,0,0,0,2,0,0,10,0,0,0,0,0,0,0,0,0,0,0,0,0,0,0,0,0,0,2,0,0,0,0,0,0,0,0,0,0,0,0,0,0,0,10,4.472906403940887,6,6,0.0,0.08374384236453201,0.1852034645200979,0.12862616310892172,0.12862616310892172,1816.0,3,0.23303191100652426,0.013506863086686315,0.12862616310892172,0.11408690438966038,0.1583273578013917,0,0,0,0,0,3,5,0,0.8275862068965517,0.034482758620689655,0.0,0.13793103448275862,0,0,0,0,0,0,1,1,0,0,1,0,1,1,0,0,0,0,0,0,0,0,0,0,1,0,0,1,0,0,0,1,1,0,1,1,1,0,1,1,0,1,0,0,0,0,0,1,0,1,0,0,0,0,1,0,0,0,0,0,1,1,0,0,1,0,1,1,1,0,0,0,1,0,0,0,1,0,0,1,0,0,1,1,0,1,1,0,1,1,0,0,1,0,0,0,0,0,0,0,0,0,1,0,0,0,1,1,1,0,0,0,0,0,0,0,0,0,1,0,0,0,0,1,1,0,0,0,0,1,0,0,0,0,0,0,0,0,0,0,0,0,0,0,0,0,0,0,0,0,0,0,0,0,0,0,0,0,0,0,0,0,0,0,0,0,0,0,0,0,0,1,0,0,0,0,0,0,0,0,0,0,0,0,0,0,0,0,0,0,0,0,0,0,0,1,0,0,0,0,0,0,0,0,0,1,0,0,0,1,1,0,1,1,0,1,0,0,0,0,0,1,1,1,0,0,1,0,0,0,1,1,0,0,0,1,0,0,0,0,1,1,0,0,0,0,0,1,1,0,1,1,1,0,0,1,0,1,0,0,0,0,0,0,0,0,0,1,1,0,0,0,1,1,1,1,0,1,1,0,0,1,0,1,1,1,1,0,1,0,1,1,1,1,1,1,0
3541.0,446.4,C1=CC2=C(C=CN=C2)C(=C1)S(=O)(=O)NCCNCC=CC3=CC=C(C=C3)Br,ZKZXNDJNWUTGDK-UHFFFAOYSA-N,3.5,H-89,12.570404470092075,0.27549465181950805,-3.5669339077101614,0.5193465752944636,12.037037037037036,446.3700000000001,1.037037037037037,2.6787408005124522,1.4862254528807748,1377365.6597706948,9.232454818522204,5.316788604006331,0.0,0.0,10.023291153407584,0.0,0.0,4.9839785209472085,13.139891848781026,0.0,0.0,52.34745238546355,29.828919765543436,47.27312430572588,4.895483475517775,8.417796984328938,42.80170358712041,0.0,15.022861989405627,0.0,4.895483475517775,19.634269217737724,77.03681480528232,0.0,10.038883468458419,0.0,0.0,15.929943897949348,33.03604472301387,10.023291153407584,0.0,5.563451491696996,0.0,16.848468535763473,71.09,10.023291153407584,8.417796984328938,0.0,4.895483475517775,25.02049343220252,15.422395221994204,0.0,30.592788348610984,42.483875555975814,30.952805887354973,0.0,28.831711866863895,3.4061682948417977,4.307611143410477,4.6692726294106475,1.1168039735706445,0.0,7.289234085116291,1.5177444167201117,-3.5669339077101614,0.15,2,0,0,0,0,1,0,0,4,7,1,8,0,0,0,0,0,3,3.5786000000000024,0,0,0,0,0,1,0,0,0,0,0,0,1,2,0,0,0,0,0,0,0,0,0,0,0,0,0,0,1,0,0,0,0,0,0,0,0,0,0,0,0,0,0,0,0,0,0,0,0,0,0,0,1,0,0,1,0,0,0,0,0,0,0,17,6.64957264957265,3,3,0.0,0.08262108262108264,0.19206712720914687,0.22598290598290605,0.22598290598290602,2334.0,4,0.15586831004972973,0.012134895247278073,0.22598290598290605,0.20801894753464403,0.13654811188109425,0,0,0,0,0,0,3,0,0.7407407407407407,0.07407407407407407,0.037037037037037035,0.1111111111111111,0,0,1,1,0,0,0,1,1,1,1,0,1,0,0,1,0,1,0,0,0,0,0,0,0,1,0,1,0,1,0,0,0,0,1,0,0,0,0,0,0,0,0,0,0,0,1,0,0,0,0,0,1,0,0,1,1,0,1,0,0,0,0,0,0,1,1,1,0,1,1,0,0,0,0,0,1,0,1,1,0,0,1,1,0,0,0,0,1,0,1,0,1,0,1,1,1,1,1,0,0,0,1,0,0,0,0,0,0,0,1,0,1,0,0,1,0,0,0,0,1,0,0,0,1,0,1,0,0,1,0,0,0,0,0,0,0,0,0,0,0,0,0,0,0,0,0,0,0,0,0,0,0,0,0,0,0,0,0,0,0,0,1,1,0,0,0,0,0,0,0,0,0,0,0,0,1,0,0,0,0,1,0,0,1,1,0,0,1,1,1,1,0,0,1,1,0,1,0,1,0,0,0,1,0,0,0,0,0,1,0,1,1,0,0,0,1,1,1,0,0,1,0,0,1,0,0,0,1,1,1,1,1,0,1,1,1,1,0,0,0,1,1,0,0,0,0,1,1,0,0,1,0,0,1,1,0,0,0,1,1,1,0,0,1,0,1,1,1,0,0,0,1,0,0,1,0,1,1,0,0,1,0,1,0,1,1,0,1,1,0,1,1,1,1,1,0
45375953.0,309.33,CC(C)N1C2=NC=NC(=C2C(=N1)C3=CC4=C(C=C3)OC(=N4)N)N,GYLDXIAOMVERTK-UHFFFAOYSA-N,1.7,INK-128,6.066019673301419,0.13663428025531243,0.13663428025531243,0.5825137647621351,11.782608695652174,309.333,1.173913043478261,3.063974568041082,2.027448164824675,288390.4782677308,4.668040298150509,15.884485891377718,23.355811565064293,11.230197362409971,0.0,6.014658705012475,0.0,0.0,14.6497599770396,10.082660329248245,0.0,0.0,32.046575604766076,11.605292320844956,5.386224214464796,4.417150937053347,33.96564377733853,0.0,24.732420306287846,0.0,19.88931522852921,11.46733495432437,24.52642128014937,11.257379486545457,11.46733495432437,11.832521482847504,0.0,0.0,24.732420306287846,0.0,0.0,19.88931522852921,0.0,33.390501781036484,121.67,0.0,0.0,0.0,12.056499534160436,22.56476085786126,16.643603701010253,6.3273200747645415,0.0,36.72837853991126,20.05061737114266,15.884485891377718,7.142429243302258,0.0,12.58058085579911,5.411397392290249,15.249625068410692,0.39968854980263746,1.4479489550386013,4.075485967522403,0.0,0.2,4,0,0,0,0,3,0,0,8,8,3,2,0,0,0,0,0,4,2.3798000000000004,0,0,0,2,0,5,0,0,0,0,0,0,5,0,2,0,0,0,0,0,0,0,0,0,2,0,0,0,2,0,0,0,0,0,0,0,0,0,0,0,0,0,0,0,0,1,0,0,0,0,0,0,0,0,0,0,0,0,0,0,0,0,0,10,4.379446640316205,4,4,0.0,0.1027667984189723,0.20796087238966207,0.1609260304912479,0.1609260304912479,1108.0,3,0.23705321475406912,0.01518342598019087,0.1609260304912479,0.15267311628838756,0.18438096587243907,0,0,0,0,0,2,4,0,0.6521739130434783,0.043478260869565216,0.0,0.30434782608695654,0,0,1,1,0,0,0,0,1,0,1,0,0,1,1,0,0,0,1,0,1,1,0,0,0,0,0,0,0,1,0,1,0,0,1,1,0,1,1,0,0,1,0,0,0,0,1,0,0,0,0,1,0,1,0,0,0,0,0,0,1,0,0,0,0,1,1,0,0,1,1,0,1,0,0,1,0,1,1,0,0,0,0,1,0,0,0,0,1,0,0,0,0,0,0,0,0,0,0,0,0,0,1,0,0,1,1,1,0,1,0,1,0,0,0,0,0,0,0,0,0,0,0,0,1,0,0,1,0,1,0,0,0,0,0,0,0,0,0,0,0,0,0,0,0,0,0,0,0,0,0,0,0,0,0,0,0,0,0,0,0,0,0,0,0,0,0,1,1,0,0,0,0,0,0,0,0,0,0,0,0,0,1,0,0,0,0,1,0,0,0,0,1,0,0,1,0,0,0,0,0,0,0,0,1,1,0,1,0,1,1,0,0,1,1,0,0,0,0,0,0,0,0,0,1,1,1,0,1,0,0,1,0,0,0,1,1,0,0,0,1,0,0,0,0,0,0,1,0,0,1,1,1,0,1,1,0,0,0,0,0,1,0,1,0,1,0,1,0,0,0,0,1,0,0,1,0,0,1,1,0,1,1,0,0,0,1,0,1,0,1,1,1,1,1,1,0
11625818.0,415.4,CCC(C1=NC2=C(C(=CC=C2)F)C(=O)N1C3=CC=CC=C3)NC4=NC=NC5=C4NC=N5,IFSDAJWBUCMOAH-HNNXBMFYSA-N,3.7,Idelalisib,14.54633941628891,0.03893466028386672,-0.5951781410962502,0.4533184660974361,12.32258064516129,415.43200000000013,1.096774193548387,3.2742475030481213,1.7378436920324165,22671413.590705678,7.599108901758115,10.30076712495354,28.871870345891423,11.465039998602755,0.0,5.559266895052007,0.0,9.361636831863176,24.326329131463652,0.0,0.0,31.18920547353706,30.686289896772447,0.0,23.573247896212322,4.39041504767482,27.88466564830007,0.0,29.486992252527397,0.0,19.386399651764595,5.316788604006331,83.18100611539163,5.687386274683562,10.876055499058339,10.208277825509848,0.0,0.0,29.486992252527397,0.0,5.817220841045895,25.21080414976452,0.0,27.754189145148608,101.38000000000002,11.376487736097902,9.184952231746642,0.0,11.428065043612756,40.43105382944478,0.0,16.960786791017508,30.59278834861098,25.122838405075452,25.252702687795164,4.9839785209472085,16.00261398167062,0.0,33.76661252613228,3.31351077622407,1.637263582494013,0.4100323968226214,3.5633509984317158,1.9724948034769463,0.0,0.13636363636363635,2,0,0,0,0,3,1,0,7,9,3,5,0,0,0,0,1,5,3.7543000000000015,0,0,0,0,0,6,1,0,0,0,0,0,5,2,0,0,0,0,0,0,0,0,0,0,1,0,0,0,2,0,0,0,0,0,0,1,0,0,0,0,0,0,0,0,0,0,0,1,0,0,0,0,0,0,0,0,0,0,0,0,0,0,0,11,5.275268817204301,5,5,0.0,0.07526881720430109,0.17922540781535484,0.14742306266221725,0.14742306266221725,2453.0,3,0.19668375074435812,0.011675517528091407,0.14742306266221725,0.16693203245007127,0.1499121660492312,0,0,0,0,0,1,5,0,0.7096774193548387,0.03225806451612903,0.0,0.22580645161290322,0,0,1,1,0,0,0,1,0,0,1,0,1,0,0,0,0,1,0,0,1,1,0,0,0,1,1,1,0,0,0,0,0,0,1,1,0,1,0,0,1,1,0,0,0,0,1,0,0,1,1,0,1,1,0,0,0,0,0,0,1,1,0,0,0,1,1,1,1,0,1,0,0,0,0,1,0,0,0,0,0,1,1,1,0,1,0,0,1,1,1,0,1,0,1,0,0,0,0,0,0,0,1,0,0,0,0,1,0,0,0,0,0,0,0,0,0,0,0,0,0,0,1,0,1,1,0,0,0,0,0,0,0,0,0,0,0,0,0,0,0,0,0,0,0,0,0,0,0,0,0,0,0,0,0,0,0,0,0,0,0,0,0,0,0,0,0,0,1,0,0,0,1,0,0,0,0,0,0,0,0,0,0,0,1,0,0,0,0,0,0,0,1,0,0,1,0,0,0,0,0,0,0,0,0,1,0,1,0,1,1,0,0,1,0,1,0,1,0,0,0,0,1,0,0,0,1,1,1,0,0,1,0,0,1,1,0,1,0,0,1,1,0,1,1,0,0,1,0,0,1,1,1,0,0,1,0,1,0,0,0,1,0,1,1,1,0,1,0,0,0,0,1,1,1,1,0,0,1,0,1,1,0,0,1,1,1,0,1,0,1,1,1,1,1,1,0
57339437.0,255.32,CC1=NC2=CN=C3C(=C2N1C4CCNCC4)C=CN3,XTQACRIFOIASKV-UHFFFAOYSA-N,1.3,JAK Inhibitor I,4.684185563114134,0.5479166666666666,0.5479166666666666,0.700155324505914,17.526315789473685,255.32499999999996,1.3157894736842106,3.0162950534750257,2.011529434768006,59903.61976201401,4.062175521023477,14.867866772744893,16.988282436383916,0.0,0.0,0.0,0.0,0.0,9.967957041894417,0.0,0.0,0.0,38.92126032582941,17.624908615225834,11.713544289229338,0.0,22.066802870465047,0.0,24.835823814639312,0.0,25.807221274690605,13.08951281182515,24.28445870968769,0.0,5.316788604006331,0.0,0.0,0.0,32.60854802245813,0.0,6.923737199690624,24.707888572999906,0.0,22.066802870465047,58.53,0.0,0.0,0.0,0.0,6.041840829147961,30.077795248209068,23.744568177933076,0.0,12.393687143226153,37.82592808279154,0.0,2.410740740740741,0.0,12.295913485764675,4.601532265684051,3.1818213813303107,1.0948148148148151,6.158757007432602,4.274611678004535,0.0,0.42857142857142855,2,0,1,1,0,3,0,0,4,5,4,1,0,1,1,0,0,4,2.1455199999999994,0,0,0,0,0,4,1,0,0,0,0,0,3,2,0,0,0,0,0,0,0,0,0,0,0,1,0,0,3,0,0,0,0,0,0,1,0,0,0,0,0,0,0,0,0,0,0,0,0,1,0,0,1,0,0,0,0,0,0,0,0,0,0,8,3.6491228070175437,4,4,0.0,0.12865497076023394,0.22900153901365924,0.15583075335397317,0.15583075335397317,624.0,3,0.2837854696335671,0.013779480278439971,0.15583075335397317,0.16683370030806643,0.2045205711895975,0,0,0,0,0,2,3,1,0.7368421052631579,0.0,0.0,0.2631578947368421,0,0,1,1,1,0,0,0,0,0,1,0,0,0,0,0,0,0,0,0,0,0,0,1,0,0,0,0,0,1,1,0,1,0,1,1,0,0,0,0,1,1,0,0,0,0,1,1,0,0,0,1,0,0,0,0,0,0,0,0,1,0,0,0,0,1,0,0,0,1,0,0,0,1,0,1,0,0,0,1,1,0,0,1,0,0,0,0,1,1,0,0,1,0,0,1,0,1,0,0,1,0,1,1,0,0,0,0,0,0,1,1,0,0,0,0,0,0,1,0,1,1,0,0,1,1,0,0,1,1,0,0,0,0,0,0,0,0,0,0,0,0,0,0,0,0,0,0,0,0,0,0,0,0,0,0,0,0,0,0,0,0,0,0,0,0,0,0,1,0,0,0,0,0,0,0,0,0,0,0,0,0,0,0,0,0,0,0,0,0,0,0,1,0,0,1,0,0,0,0,0,0,0,0,0,1,0,1,0,1,1,0,1,1,0,1,1,0,0,0,0,1,0,0,0,0,1,0,1,0,1,1,0,0,1,1,0,0,1,0,0,1,0,0,0,0,0,0,1,0,1,1,1,0,0,1,0,0,1,1,0,1,0,1,0,0,0,1,1,0,0,0,1,0,1,1,0,1,1,0,1,1,0,1,0,0,1,0,1,0,1,1,1,1,0,1,0
5330790.0,394.4,C1=CC(=C(C(=C1)F)C(=O)N2C(=NC(=N2)NC3=CC=C(C=C3)S(=O)(=O)N)N)F,KDKUVYLMPJIGKA-UHFFFAOYSA-N,2.4,JNJ-7706621,13.767917650753322,0.10068685076850481,-3.843914239080078,0.6027885397158543,11.37037037037037,394.36300000000006,1.0740740740740742,2.9429829711628814,1.8759414809028752,973939.0125447593,6.735580600255685,11.050456081168516,17.197893173788785,0.0,21.919969715380574,5.907179729351506,0.0,4.794537184071822,22.33760081728652,9.665781456092393,5.098681808301038,6.06636706846161,36.39820241076966,5.687386274683562,4.895483475517775,21.9931642637504,33.51453571941564,0.0,14.76446326439343,5.138973737607942,4.895483475517775,11.050456081168516,59.66246265302005,0.0,16.189429818776457,26.364894932006194,0.0,0.0,29.089439978073873,10.023291153407584,11.63444168209179,10.357988675768818,0.0,0.0,145.98999999999998,39.07670333753437,21.9931642637504,0.0,10.84382275650427,10.369189209828747,18.19910120538483,24.26546827384644,0.0,0.0,15.399448933254577,10.872641214770127,50.53849741405102,0.0,16.01387273153932,11.463443163761335,5.146142518429675,-3.799565748438403,0.0,0.0,-3.843914239080078,0.0,5,0,0,0,0,1,0,0,8,12,1,4,0,0,0,0,0,3,1.217999999999999,0,0,0,1,0,3,0,0,0,0,0,0,3,1,2,0,0,0,0,0,0,0,0,0,3,0,0,0,0,0,0,0,0,0,0,0,0,0,0,0,0,0,0,0,0,0,0,0,0,0,0,0,0,0,0,1,0,0,0,0,0,0,0,14,5.746438746438747,3,3,0.0,0.08262108262108263,0.1918271720009247,0.18985754985754985,0.18985754985754985,2017.0,4,0.1807875585642245,0.01547168766375245,0.18985754985754985,0.18559344871722055,0.16307540790680836,0,0,0,0,0,1,3,0,0.5555555555555556,0.1111111111111111,0.037037037037037035,0.2222222222222222,0,0,1,0,0,0,0,0,0,0,1,0,1,0,0,0,0,1,0,0,0,1,0,1,0,0,0,0,0,0,0,0,0,0,0,0,0,0,1,1,0,1,0,0,0,1,0,1,1,0,1,1,1,0,0,0,0,0,0,0,0,1,0,0,0,1,1,1,0,0,1,0,0,1,0,0,1,1,0,0,0,0,0,1,1,1,0,0,1,0,0,0,0,0,0,0,1,0,1,0,0,0,1,0,0,1,0,0,0,1,0,0,0,0,0,0,0,0,1,0,1,0,0,0,1,0,0,1,0,0,0,0,0,0,0,0,0,0,0,0,0,0,0,0,0,0,0,0,0,0,0,0,0,0,0,1,0,0,0,0,0,0,1,1,0,0,0,0,0,0,0,0,1,0,0,0,0,0,0,0,0,1,1,1,0,1,0,0,1,1,1,1,0,0,1,1,0,1,0,1,0,0,0,1,0,1,0,1,0,1,1,1,0,1,1,0,0,1,1,0,0,0,1,0,1,1,1,1,0,0,0,0,1,0,0,0,1,1,0,0,1,0,1,0,0,0,0,1,0,0,1,1,1,0,1,1,0,0,0,0,1,1,0,1,1,1,1,1,0,0,0,0,1,0,1,1,1,0,1,0,1,1,0,0,1,0,1,0,1,1,0,1,1,1,1,1,0
10364826.0,420.5,COC1CCC(CC1)C(=O)NC2=NC=CC(=C2)C3=CC(=NC=C3)NC4=CC=C(C=C4)F,ACGBFWCBVIXTPZ-UHFFFAOYSA-N,4.0,JNK Inhibitor II,13.10664551951347,0.0070341873868216,-0.2867007237307897,0.5753581140403788,18.387096774193548,420.48800000000017,0.9354838709677419,2.8086393673636887,1.4411116012282352,13985990.47018398,9.658886049843257,15.37044016181271,17.45294639671595,0.0,5.907179729351506,0.0,0.0,4.794537184071822,14.358372089569237,0.0,0.0,0.0,85.34112602279092,31.10877700534864,6.103966387748303,13.92181518554669,23.230291559705122,0.0,9.967957041894417,5.917906046161393,31.78725287945234,17.743374749290194,66.74184453196493,11.126902983393991,10.633577208012662,21.71352687802844,0.0,0.0,29.088900700271758,9.53140013787187,11.735126887207288,25.683286491704038,0.0,11.126902983393991,76.14,0.0,9.184952231746642,0.0,23.746273004307096,11.635725555670057,42.49757574978159,12.13273413692322,31.636218821426905,24.26546827384644,20.60153424990708,4.736862953800049,18.490198392785487,0.0,21.28606442694896,6.12281829984256,2.5907273149122796,0.8795215122866169,7.10619861362861,0.0,1.7224021337428703,0.2916666666666667,2,1,0,1,1,2,0,0,5,7,2,6,1,0,1,0,0,4,5.170000000000004,0,0,0,0,0,2,0,0,0,0,0,0,2,2,0,0,0,0,0,0,0,0,0,0,3,0,0,0,0,0,1,0,0,0,0,0,0,0,0,0,0,1,0,0,0,0,0,0,0,0,0,0,2,0,0,0,0,0,0,0,0,0,0,19,6.774193548387097,4,4,0.0,0.07311827956989249,0.17931737304859524,0.19911012235817574,0.19911012235817574,3150.0,3,0.1540627275558061,0.010165836860778226,0.19911012235817574,0.1847373565438968,0.1562507746350029,0,0,0,0,0,0,3,1,0.7741935483870968,0.06451612903225806,0.0,0.12903225806451613,0,0,1,0,1,0,0,0,1,0,1,0,1,0,0,0,0,0,0,1,0,1,0,0,0,0,1,0,0,0,0,0,1,0,0,1,0,0,0,0,0,1,1,1,0,0,1,1,0,0,0,1,0,0,0,0,0,1,0,0,0,1,0,0,0,1,0,0,0,0,0,0,0,0,1,1,1,1,0,0,1,0,0,1,0,1,1,0,1,0,0,0,1,0,0,0,0,0,0,1,0,0,1,0,0,0,0,0,1,1,0,0,0,0,0,0,0,0,1,0,0,1,0,1,1,1,0,1,0,0,0,0,0,0,0,0,0,0,0,0,0,0,0,0,0,0,0,0,0,0,0,0,0,0,0,0,0,0,0,0,0,0,0,0,0,0,0,0,1,0,0,0,1,0,0,0,0,0,0,0,0,0,0,0,0,0,0,0,0,0,0,0,1,0,0,1,0,0,0,0,0,0,0,0,0,0,0,1,0,0,0,0,0,0,0,0,0,1,0,0,1,1,1,1,0,0,0,1,1,0,0,0,0,0,0,0,0,1,1,0,1,0,0,0,0,0,1,1,1,0,1,1,0,0,0,1,1,1,1,1,0,1,1,1,1,1,0,1,0,0,0,0,1,1,0,1,0,1,0,0,0,1,1,0,1,0,1,1,1,1,1,1,1,1,1,1,0
3836.0,457.0,CN(CC=CC1=CC=C(C=C1)Cl)CC2=CC=CC=C2NS(=O)(=O)C3=CC=C(C=C3)OC,RUAOVVIUGUOYHA-UHFFFAOYSA-N,5.0,KN92,12.805965963030046,0.1827365644829777,-3.7019645579094624,0.4746417494043486,11.741935483870968,456.9950000000001,1.0,2.762082366770745,1.6670971042358351,7984981.252403816,10.484472496125425,4.736862953800049,5.749511833283905,0.0,0.0,10.023291153407584,0.0,9.622004595302567,8.417796984328938,0.0,0.0,54.08481544620833,60.63914444530245,18.112146125566476,17.69266729147887,13.154659938128987,33.38763742515754,0.0,4.899909730850478,0.0,11.440239881430351,25.42432079431939,95.02196122550855,5.749511833283905,9.458957818252138,5.687386274683562,5.749511833283905,11.600939890232516,34.019932645046715,16.56804755932016,0.0,11.126902983393991,5.022633313741326,6.076020106833881,58.64000000000001,10.023291153407584,8.417796984328938,0.0,4.895483475517775,29.549044233533944,11.126902983393991,12.13273413692322,25.30889874666236,55.58826156874234,15.698024702136447,16.337802844032566,33.41583068036623,5.913061443493442,2.286835821529265,0.7110809363105222,2.5271113752365313,0.6042869484857476,4.095732373301246,1.3000538660925494,-0.17407728601342742,0.16666666666666666,1,0,0,0,0,0,0,0,4,7,0,9,0,0,0,0,0,3,5.294600000000004,0,0,0,0,0,0,0,0,0,0,0,0,1,1,0,0,1,0,0,0,0,0,0,0,1,0,0,0,0,0,1,0,0,0,0,0,0,0,0,0,0,1,0,0,0,0,0,1,0,0,0,0,0,0,0,1,0,0,0,0,0,0,0,19,6.84731182795699,3,3,0.0,0.07096774193548389,0.17920058386080445,0.20163144234334446,0.20163144234334446,3184.0,4,0.15261735058559775,0.012050529452095551,0.20163144234334446,0.1961574047009646,0.13697012698973743,0,0,0,0,0,0,3,0,0.7741935483870968,0.0967741935483871,0.03225806451612903,0.06451612903225806,0,0,1,0,0,0,1,0,0,0,0,0,1,1,0,1,0,0,0,0,0,1,0,0,0,0,0,1,0,0,1,1,0,0,1,1,0,0,0,0,0,0,0,0,0,0,0,0,1,1,1,1,0,0,0,0,1,1,0,0,0,0,0,1,0,1,1,1,1,1,1,1,0,0,1,1,0,1,1,0,1,0,1,1,0,0,1,0,1,0,1,0,0,0,0,0,1,0,0,0,1,0,1,0,0,0,0,0,0,0,0,0,1,0,0,1,0,1,0,0,1,0,0,0,0,1,0,0,1,0,0,0,0,0,0,0,0,0,0,0,0,0,0,0,0,0,0,0,0,0,0,0,0,0,0,0,0,0,0,0,0,0,1,1,0,0,0,0,0,0,0,0,0,0,0,0,0,0,0,0,0,1,0,0,0,1,0,0,1,1,1,1,0,0,1,0,0,1,0,1,0,0,0,1,0,0,0,0,0,0,1,1,0,0,0,1,1,1,1,0,1,0,0,1,1,0,0,0,0,1,1,0,1,1,0,0,1,1,0,0,0,0,1,1,0,1,0,1,0,0,0,0,1,0,1,1,1,1,0,0,1,0,0,1,1,1,1,0,1,0,0,0,1,1,1,1,1,0,1,1,1,1,1,1,0,1,1,1,1,1,1,1,1,1,1,1,0
3837.0,501.0,CN(CC=CC1=CC=C(C=C1)Cl)CC2=CC=CC=C2N(CCO)S(=O)(=O)C3=CC=C(C=C3)OC,LLLQTDSSHZREGW-UHFFFAOYSA-N,4.5,KN93,13.453049296363378,0.050039976461575986,-3.8815710393909435,0.41366471929273385,11.794117647058824,501.04800000000023,1.0,2.8403445109613488,1.8048902678851422,34054367.32106131,12.035794839139877,9.843390348640755,5.749511833283905,0.0,0.0,10.023291153407584,0.0,9.205125722146711,8.417796984328938,0.0,0.0,54.08481544620833,60.63914444530245,18.112146125566476,30.844305661904365,18.26118733296969,33.38763742515754,0.0,4.899909730850478,0.0,11.440239881430351,38.15908029158903,95.02196122550855,5.749511833283905,9.042078945096282,5.687386274683562,5.749511833283905,11.600939890232516,52.278098410312914,16.56804755932016,0.0,11.126902983393991,5.022633313741326,6.076020106833881,70.08,10.023291153407584,13.524324379169643,0.0,18.04712184594327,29.549044233533944,11.126902983393991,23.547747669496985,24.26546827384644,55.59791460711461,4.899909730850478,16.337802844032566,33.30910263011607,5.933568484889333,2.2206973105693253,10.347896587787467,2.4391060696554683,0.5706834221986894,4.065849282706575,0.8455662266807716,-0.38523352475624617,0.23076923076923078,1,0,0,0,0,0,0,0,5,8,0,11,0,0,0,0,0,3,4.6814000000000044,0,1,1,0,0,0,0,0,0,0,0,0,2,0,0,0,1,0,0,0,0,0,0,0,1,0,0,0,0,0,1,0,0,0,0,0,0,0,0,0,0,1,0,0,0,0,0,1,0,0,0,0,0,0,0,1,0,0,0,0,0,0,0,19,6.832442067736185,3,3,0.0,0.0641711229946524,0.17106205348202255,0.1822638146167558,0.1822638146167558,3833.0,4,0.15345676446115414,0.012228596174377946,0.1822638146167558,0.19035355090972886,0.1254744322127165,0,0,0,0,0,0,3,0,0.7647058823529411,0.11764705882352941,0.029411764705882353,0.058823529411764705,0,0,1,0,0,0,1,0,0,0,0,0,1,1,0,1,0,0,0,0,0,1,1,1,0,0,0,1,1,0,1,1,0,1,0,1,0,0,0,0,0,1,1,0,0,0,0,0,1,1,1,1,0,0,0,0,1,1,0,0,0,0,0,1,0,1,1,1,1,1,1,1,0,0,0,1,0,1,1,0,1,0,1,1,1,0,1,0,1,0,1,1,0,0,0,0,1,0,0,0,1,0,1,0,0,0,1,0,0,0,0,0,1,1,0,1,0,0,0,0,0,0,0,0,0,1,0,0,0,0,0,0,0,0,0,0,0,0,0,0,0,0,0,0,0,0,0,0,0,0,0,0,0,0,0,0,0,0,0,0,0,0,1,1,0,0,0,0,0,0,0,0,0,0,0,0,0,0,0,0,0,1,0,0,0,1,0,0,1,1,1,1,0,0,1,0,0,1,0,0,0,0,0,1,0,0,0,0,0,0,1,1,1,0,0,1,1,1,1,0,0,0,0,1,1,1,0,0,0,1,1,0,1,1,1,0,1,1,0,1,0,1,1,1,0,1,0,1,1,0,0,0,1,0,1,1,1,1,1,0,1,0,1,1,1,1,1,0,1,1,1,0,1,1,1,1,1,1,1,1,1,0,1,1,0,1,1,1,1,1,1,1,1,1,1,1,0
153999.0,468.5,CN(C)CC1CCN2C=C(C3=CC=CC=C32)C4=C(C5=CN(CCO1)C6=CC=CC=C65)C(=O)NC4=O,ZCBUQCWBWNUWSU-SFHVURJKSA-N,2.7,LY-333531,13.201412492096114,0.07405843201478102,-0.3480320738130984,0.4573972811321401,18.885714285714286,468.55700000000024,0.8571428571428571,3.472016842994582,1.6218321693193114,162815431.5249539,8.51712038914847,18.770971980233238,0.0,0.0,0.0,11.814359458703011,0.0,14.905862972149976,0.0,0.0,0.0,36.39820241076966,32.648899725203606,64.96070920851997,23.857057412399758,14.325937321943693,44.76641838300365,0.0,19.35089763043952,0.0,25.614300822499462,27.246982335779872,72.05152667431304,0.0,5.316788604006331,0.0,0.0,0.0,59.199417208664364,27.415450133768843,0.0,17.54772460632,0.0,32.952058924300644,68.5,0.0,9.589074368143644,0.0,17.918325846451314,24.29784743056403,52.44308728230727,0.0,0.0,48.79188955399581,45.57897573271712,4.736862953800049,10.696257689804316,0.0,28.525805369471634,4.484549134277219,4.520259889704786,-0.690026530291231,4.929511868018812,2.805916890465501,4.125604614810825,0.2857142857142857,1,0,2,2,2,2,1,4,6,7,4,2,0,0,0,0,1,6,3.513700000000002,0,0,0,0,0,2,0,0,0,0,0,0,3,1,0,0,1,0,0,0,0,0,0,0,0,1,0,0,12,0,1,0,0,0,0,0,1,0,0,0,0,0,0,0,0,0,0,2,0,0,0,0,0,0,0,0,0,0,0,0,0,0,0,12,5.326050420168067,6,6,0.0,0.0672268907563025,0.16864675632378595,0.1310924369747899,0.1310924369747899,3169.0,3,0.1926756739431204,0.011388597494605081,0.1310924369747899,0.10583608006415664,0.1397983771683819,0,0,0,0,0,3,4,1,0.8,0.08571428571428572,0.0,0.11428571428571428,0,0,0,0,1,0,0,1,0,0,0,1,1,1,1,1,0,0,1,0,0,0,0,0,1,0,0,0,0,0,0,1,1,0,0,1,1,0,1,1,0,1,0,0,0,1,0,1,0,1,0,0,0,0,0,0,1,0,0,0,1,0,0,0,0,0,1,0,1,0,1,1,1,0,1,0,1,0,0,1,0,0,1,1,0,0,0,0,1,0,0,0,1,0,0,0,0,0,1,0,0,0,1,0,0,1,0,0,0,0,0,0,0,1,0,1,0,0,0,0,0,0,1,1,0,1,0,0,0,0,0,0,0,0,0,0,0,0,0,0,0,0,0,0,0,0,0,0,0,0,0,0,0,0,0,0,1,0,0,0,0,0,0,0,0,0,0,0,0,0,0,0,0,0,0,0,0,0,0,0,1,0,0,0,0,0,0,1,0,0,0,0,0,0,0,1,0,0,0,0,0,0,0,0,1,0,1,0,0,0,0,0,0,1,0,1,1,0,0,1,0,0,1,1,0,1,1,1,0,1,1,1,0,0,0,1,0,0,1,1,1,1,0,0,0,1,0,1,1,0,1,1,1,0,0,1,0,1,1,1,0,0,1,0,0,0,1,1,1,0,0,0,1,1,0,1,1,1,1,1,0,1,1,1,1,1,1,1,1,1,1,1,1,1,1,1,0
3973.0,307.3,C1COCCN1C2=CC(=O)C3=C(O2)C(=CC=C3)C4=CC=CC=C4,CZQHHVNHHHRRDU-UHFFFAOYSA-N,3.1,LY294002,12.507811397707233,0.008775037792894791,-0.008775037792894791,0.7283788950081733,15.043478260869565,307.34900000000005,0.9130434782608695,2.625849696921802,1.9100402584319742,352914.19926629023,5.893593272736996,14.053923621703873,5.583020141642242,11.31297259376155,0.0,0.0,0.0,4.794537184071822,0.0,0.0,0.0,42.46456947923127,11.629818560158606,24.719331371983756,18.59998814349063,9.154013890853395,16.853426557968046,0.0,0.0,0.0,0.0,31.203186471701468,64.82063119212685,11.126902983393991,10.32870012275102,5.884182201861009,0.0,0.0,26.303276740850986,4.736862953800049,0.0,0.0,0.0,22.09614733950103,42.68000000000001,0.0,4.794537184071822,0.0,5.428790391900541,30.067190486993887,24.21641579521914,0.0,6.06636706846161,48.53093654769288,4.899909730850478,9.154013890853395,11.50852903237869,0.0,14.569431768077603,0.6142245370370372,2.619353452800874,0.6196121504157217,0.0,2.7857743378955497,0.0,0.21052631578947367,0,0,1,1,0,1,0,0,4,4,2,2,0,1,1,0,0,4,3.2966000000000024,0,0,0,0,0,0,0,0,0,0,0,0,1,0,0,0,0,0,0,0,0,0,0,0,1,0,0,0,1,0,1,0,0,0,0,0,0,0,0,0,0,0,1,0,0,0,0,1,0,0,0,0,0,0,0,0,0,0,0,0,0,0,0,11,4.466403162055336,4,4,0.0,0.1027667984189723,0.20819608326981184,0.16506681724073025,0.16506681724073025,1130.0,3,0.23273108661079264,0.011517455477438831,0.16506681724073025,0.1605295513727478,0.18173224073350525,0,0,0,0,0,0,3,1,0.8260869565217391,0.13043478260869565,0.0,0.043478260869565216,0,0,0,0,0,0,0,1,0,0,1,0,1,1,0,0,0,1,1,0,0,0,0,0,0,1,1,0,0,0,0,0,1,0,0,1,0,0,0,1,0,1,0,0,0,1,0,0,0,1,0,0,0,0,0,0,1,0,0,0,1,0,1,0,0,0,1,0,0,1,1,0,0,0,1,0,0,0,0,1,0,0,0,1,1,0,0,0,1,0,1,0,0,0,0,0,1,0,1,0,0,1,1,0,0,0,0,0,0,1,0,1,0,0,0,0,0,0,0,0,1,1,0,0,0,0,0,1,0,0,0,0,0,0,0,0,0,0,0,0,0,0,0,0,0,0,0,0,0,0,0,0,0,0,0,0,0,0,0,0,0,0,0,0,0,0,0,0,0,0,0,0,0,0,0,0,0,0,0,0,0,0,0,0,0,0,0,1,0,0,0,0,1,0,0,0,0,0,0,0,0,0,0,0,0,1,0,0,0,0,0,0,0,0,0,1,1,0,0,1,0,0,1,0,0,1,0,1,1,0,1,1,0,0,0,1,0,0,0,1,1,1,0,1,0,0,0,1,1,0,1,1,1,0,0,1,0,1,1,1,0,0,1,1,0,1,0,1,1,0,0,0,0,1,0,1,1,1,1,0,0,0,1,1,1,0,1,1,1,1,0,1,1,1,1,1,0
3398.0,376.8,C1COC2(N1CC(=O)N(C3=C2C=C(C=C3)Cl)CCO)C4=CC=CC=C4F,WMFSSTNVXWNLKI-UHFFFAOYSA-N,2.2,Linifanib (ABT-869),14.798520959309649,0.0561838624338622,-1.2307119236583524,0.8931096040475427,22.884615384615383,376.8150000000001,1.2307692307692308,3.0053347762311073,2.0243289767008705,1172032.4773737122,6.6279185871306945,14.743300079491233,5.817220841045895,5.724985593970254,5.907179729351506,0.0,0.0,9.694446914922299,4.39041504767482,0.0,0.0,29.800041095617345,24.26546827384644,29.23904910896047,25.445906609621975,19.028342580387395,23.195505894267583,0.0,4.899909730850478,0.0,5.724985593970254,37.74794287761404,64.43132661741248,0.0,4.899909730850478,10.077801322358383,0.0,11.600939890232516,48.761650001806245,15.256385731842123,5.817220841045895,11.126902983393991,5.022633313741326,0.0,53.010000000000005,11.542206435016148,14.291479626587348,0.0,25.603574505689576,34.988560942244376,0.0,10.966276799312087,36.39820241076966,4.899909730850478,0.0,16.337802844032566,20.93209577349458,6.250083573038268,16.18731292517007,9.877749244257782,0.2902771478961963,-0.5835931332409494,0.0,0.8781872795414463,0.0,0.3157894736842105,1,0,2,2,1,0,1,0,4,7,2,3,0,1,1,0,1,4,2.3513000000000006,0,1,1,0,0,0,0,0,0,0,1,0,2,0,0,0,0,0,0,0,0,0,0,0,1,0,0,0,3,0,1,0,0,0,0,0,0,0,0,0,0,0,0,0,0,0,0,0,0,0,0,0,0,0,0,0,0,0,0,0,0,0,0,10,4.187692307692307,4,4,0.0,0.08923076923076924,0.19549965991802187,0.13282051282051283,0.13282051282051283,1361.0,4,0.24860840130125406,0.015537742225827551,0.13282051282051283,0.14598235553049807,0.1658105852645556,0,0,0,0,0,1,2,1,0.7307692307692307,0.11538461538461539,0.0,0.07692307692307693,0,0,0,0,0,0,1,0,1,0,1,0,1,0,0,0,1,1,1,0,0,1,0,0,0,1,0,0,1,0,0,1,1,0,0,0,0,0,1,1,0,1,0,0,0,0,0,0,0,1,1,1,0,0,1,0,1,0,1,0,1,1,1,0,0,0,1,0,0,0,0,0,1,0,1,0,0,0,1,1,0,0,1,1,0,1,0,0,1,1,1,1,0,0,0,0,1,1,0,0,0,0,1,0,0,0,0,0,0,1,0,0,0,0,0,0,0,0,0,0,0,0,0,1,0,1,0,0,0,0,0,0,0,0,0,0,0,0,0,0,0,0,0,0,0,0,0,0,0,1,0,0,0,0,0,0,0,0,0,0,0,0,0,0,0,0,0,0,0,0,0,0,1,0,0,0,0,0,0,0,0,0,0,0,0,0,0,1,0,0,0,0,1,0,0,0,0,0,0,0,0,0,0,0,0,1,0,0,0,1,1,0,1,1,0,1,1,1,0,0,0,0,1,0,0,1,1,1,0,0,1,1,0,1,1,1,0,1,0,1,1,1,1,0,0,0,0,1,1,0,1,1,1,0,0,1,0,1,1,1,0,0,1,0,1,1,0,1,1,1,0,0,1,1,1,1,1,1,1,0,1,0,1,1,1,1,1,1,1,1,0,1,1,1,1,1,0
104937.0,570.6,CC1(C(C2N3C4=CC=CC=C4C5=C6C(=C7C8=CC=CC=C8N(C7=C53)C1(O2)C)CNC6=O)N(C)C(=O)C9=CC=CC=C9)OC,IIQIEMHSDLLZQA-QZPVEUDVSA-N,4.7,Midostaurin,14.099265663489149,0.062200038350189946,-1.0267890211640212,0.28721839165619395,25.627906976744185,570.6490000000002,0.9302325581395349,3.720619426588509,1.4882402226786977,14845161709.167633,8.03483615504225,28.824623538039617,11.642891640131648,11.952886764705124,0.0,11.814359458703011,0.0,9.589074368143644,0.0,0.0,0.0,54.59730361615449,43.67639416492468,47.81057427942348,27.63025436216204,19.06280027574374,55.426059187027235,0.0,19.35089763043952,0.0,43.98800921013059,14.157469523954724,95.55312636509194,0.0,5.316788604006331,0.0,0.0,0.0,51.64882964922256,21.743467907482927,0.0,46.35480441335075,0.0,43.611699728324226,77.72999999999999,23.59577840483677,9.589074368143644,0.0,11.814359458703011,12.10820789760957,54.738602711718215,0.0,12.009707272128011,61.64497559883168,52.56393057281673,9.473725907600098,18.33265681426892,0.0,29.46302735169249,7.1449708567127095,4.235160543846928,-0.1769502903028226,-0.6116770597127743,4.597508794576692,3.5437872853457266,0.2571428571428571,1,0,3,3,2,2,4,2,6,8,5,3,0,1,1,0,4,9,5.906800000000007,0,0,0,0,0,2,0,0,0,0,0,0,3,1,0,0,1,0,0,0,0,0,0,0,0,0,0,0,13,0,2,0,0,0,0,0,0,0,0,0,0,1,0,0,0,0,0,2,0,0,0,0,0,0,0,0,0,0,0,0,0,0,0,13,5.473975636766334,9,9,0.0,0.056478405315614606,0.15198020466555326,0.10912135699430082,0.10912135699430082,4943.0,4,0.19028774844236687,0.01256309449558179,0.10912135699430082,0.11329293989176865,0.12306704185227071,0,0,0,0,0,4,6,1,0.813953488372093,0.09302325581395349,0.0,0.09302325581395349,0,0,0,0,0,0,1,1,0,0,1,0,1,1,0,0,0,1,1,0,0,0,0,0,0,0,1,0,0,0,1,0,1,0,1,1,0,0,1,1,1,1,0,0,0,0,0,1,1,1,1,0,0,0,0,0,1,1,0,1,1,0,0,0,1,0,1,1,1,0,0,1,0,0,0,1,1,1,0,1,0,1,1,1,0,1,1,0,1,1,0,1,1,0,0,1,0,0,0,1,0,0,1,0,1,0,0,1,1,0,0,0,0,0,0,1,0,0,1,0,0,0,0,1,1,1,0,1,0,1,0,0,0,0,0,0,0,0,0,0,0,0,0,0,0,0,0,0,0,1,0,0,0,0,0,0,0,0,0,0,0,0,0,0,0,0,0,0,0,0,0,0,0,0,0,0,0,0,0,0,0,0,0,0,0,0,0,1,0,0,0,0,0,0,0,1,1,0,0,0,0,0,1,0,0,0,0,0,0,1,1,0,1,1,0,1,0,0,0,1,0,1,1,1,0,1,1,1,0,0,1,1,0,0,0,1,0,0,0,0,1,0,1,0,0,0,0,1,0,0,1,1,1,0,0,1,1,1,0,0,0,0,0,1,0,0,1,1,0,0,1,1,1,1,1,1,1,0,1,1,1,1,1,1,1,0,1,1,1,1,1,1,1,1,1,1,0
11667893.0,373.5,CC1(CNC2=C1C=CC(=C2)NC(=O)C3=C(N=CC=C3)NCC4=CC=NC=C4)C,RAHBGWKEPAQNFF-UHFFFAOYSA-N,3.9,Motesanib (AMG-706),12.85226493606702,0.10245050574197134,-0.19209677080708776,0.6289061542065445,14.071428571428571,373.4600000000001,1.1428571428571428,3.0136363531844634,1.4973169396035275,3232800.0433334503,7.306717223612469,15.950365812018994,5.817862777835028,0.0,0.0,5.907179729351506,0.0,9.77851570501903,4.9839785209472085,0.0,0.0,19.913841467842857,47.52510539416365,48.469806545428284,5.563451491696996,4.794537184071822,23.09981505655366,0.0,9.967957041894417,0.0,25.807221274690605,22.495122217931566,77.74545466916149,0.0,15.950365812018994,17.192635327202154,0.0,0.0,22.419893177158496,11.959746875309355,0.0,35.33236605854405,0.0,0.0,78.94,0.0,4.794537184071822,0.0,11.322170198748285,17.9260706754446,23.482980446976693,5.563451491696996,30.72326485176245,24.26546827384644,45.83216432175627,0.0,0.0,0.0,21.199642490541677,9.6340751521971,4.782226851577069,0.36089451058201116,5.1582462829635105,5.878985070941205,0.0,0.22727272727272727,3,0,1,1,1,2,0,0,5,6,3,5,0,0,0,0,0,4,4.044100000000002,0,0,0,0,0,2,0,0,0,0,0,0,2,3,0,0,0,0,0,0,0,0,0,0,3,0,0,0,1,0,0,0,0,0,0,0,0,0,0,0,0,0,0,0,0,0,0,0,0,0,0,0,2,0,0,0,0,0,0,0,0,0,0,15,5.947089947089947,4,4,0.0,0.082010582010582,0.18858825817177924,0.19027269027269028,0.19027269027269028,2248.0,4,0.17471248224810498,0.012196499252656588,0.19027269027269028,0.1886081340955923,0.1354318211321944,0,0,0,0,0,1,3,0,0.7857142857142857,0.03571428571428571,0.0,0.17857142857142858,0,0,1,0,0,0,0,0,1,0,1,0,1,0,0,0,1,0,0,0,0,1,0,0,0,0,1,1,0,0,0,1,1,0,0,1,0,0,1,1,0,1,0,0,0,0,1,0,0,0,0,0,0,0,0,0,0,0,1,1,1,0,1,0,1,1,1,0,0,1,1,0,0,1,0,0,1,1,0,0,0,1,1,1,0,0,1,0,1,0,0,0,1,0,0,0,0,0,0,1,1,0,1,0,1,0,0,0,0,1,0,1,0,0,0,0,0,0,0,0,0,0,0,0,1,0,0,1,1,1,0,0,0,0,0,0,0,0,0,0,0,0,0,0,0,0,0,0,0,0,0,0,0,0,0,0,0,0,0,0,0,0,0,0,0,0,0,0,1,0,0,0,0,0,0,0,0,0,0,0,0,0,0,1,0,0,0,0,0,0,0,0,0,0,0,1,1,0,0,0,0,0,0,0,1,0,0,1,0,0,1,0,1,1,0,0,0,0,0,0,0,1,1,0,0,0,1,1,1,0,1,1,0,0,0,1,0,0,0,0,1,0,1,0,0,1,0,1,0,0,1,1,0,0,0,1,0,0,0,0,0,1,0,1,0,1,0,1,1,0,0,0,1,0,1,1,0,0,0,1,1,1,0,1,1,1,1,0,1,0,1,1,1,1,1,1,0
2051.0,315.75,COC1=C(C=C2C(=C1)C(=NC=N2)NC3=CC(=CC=C3)Cl)OC,GFNNBHLJANVSQV-UHFFFAOYSA-N,4.0,PD153035,6.007271996748908,0.6240223013073545,0.6240223013073545,0.7869935859921958,10.5,315.7600000000001,1.0,2.536419075563668,2.093088316671023,130369.40406489698,6.071664934514076,14.790514511606428,12.14518285259957,11.49902366656781,0.0,0.0,0.0,0.0,9.967957041894417,0.0,0.0,17.667306958694127,24.26546827384644,22.162610871351294,19.736295800171327,9.473725907600098,34.00911387483217,0.0,9.967957041894417,0.0,0.0,19.536383686561397,47.74815579927552,11.49902366656781,14.790514511606428,11.50524905251859,11.49902366656781,11.600939890232516,24.187552124449482,0.0,0.0,0.0,5.022633313741326,10.902924932081056,56.27000000000001,0.0,0.0,0.0,0.0,22.339519758144164,16.59031120676462,6.3273200747645415,14.219595082555067,36.39820241076966,15.284745645900749,21.074665797832616,10.634140223135983,6.007271996748908,8.573391107471796,4.733244512438686,1.610613845846981,1.9255271933876437,1.5011210317460317,0.0,3.1880562411807905,0.125,1,0,0,0,0,1,0,0,5,6,1,4,0,0,0,0,0,3,4.044000000000002,0,0,0,0,0,2,0,0,0,0,0,0,2,1,0,0,0,0,0,0,0,0,0,0,2,0,0,0,1,0,2,0,0,0,0,0,0,0,0,0,0,2,0,0,0,0,0,0,0,0,0,0,0,0,0,0,0,0,0,0,0,0,0,11,4.562770562770563,3,3,0.0,0.10389610389610389,0.2127404559879208,0.17813852813852815,0.17813852813852818,1054.0,3,0.22795698079798135,0.014001565648062817,0.17813852813852815,0.1656534389144358,0.18222537628614155,0,0,0,0,0,0,3,0,0.7272727272727273,0.09090909090909091,0.0,0.13636363636363635,0,0,1,0,0,0,0,1,0,0,0,0,0,0,1,0,0,1,0,0,1,1,0,0,0,0,0,0,1,0,0,0,0,0,0,1,0,0,0,1,0,0,0,0,0,0,1,0,0,0,0,1,1,0,0,0,0,1,0,0,0,0,0,0,0,1,1,0,0,0,1,0,0,0,0,1,1,0,0,1,0,0,1,1,0,0,0,0,1,1,1,0,0,0,0,1,0,0,0,0,0,0,1,0,0,0,1,1,0,1,0,0,0,0,1,0,0,0,0,0,0,0,1,1,1,0,0,0,0,0,0,0,0,0,0,0,0,0,0,0,0,0,0,0,0,0,0,0,0,0,0,0,0,0,0,0,0,0,0,0,0,0,0,0,0,0,0,0,1,0,0,0,0,0,0,0,0,0,0,0,0,0,0,0,0,0,0,0,0,0,0,0,0,0,0,1,0,0,0,0,0,0,1,0,0,0,0,1,0,0,1,0,0,0,0,0,0,1,0,0,0,0,0,1,0,0,0,1,1,0,0,1,0,1,0,1,0,1,0,0,0,0,0,1,0,0,0,0,0,0,1,1,0,0,0,1,1,1,0,0,0,0,0,1,1,1,0,1,0,0,0,0,1,1,1,1,0,0,0,1,1,1,1,0,0,0,1,1,1,1,1,1,1,1,1,1,0
4713.0,267.28,COC1=CC=CC(=C1N)C2=CC(=O)C3=CC=CC=C3O2,QFWCYNPOPKQOKV-UHFFFAOYSA-N,2.9,PD98059,12.106557146006551,0.09345379818594068,-0.09345379818594068,0.7246123513065331,10.65,267.284,1.1,2.4725708987107122,2.2782750599062496,49644.27850431368,4.735394314355078,14.887681368015581,17.09277939380059,5.428790391900541,0.0,0.0,0.0,4.794537184071822,0.0,0.0,0.0,18.19910120538483,24.26546827384644,11.629818560158606,18.18340803042589,9.154013890853395,16.6566306307906,0.0,0.0,0.0,0.0,12.84346501843972,58.754264123665244,17.07321074385534,15.899320822862776,5.687386274683562,5.749511833283905,0.0,7.109797541277533,0.0,0.0,0.0,0.0,22.292943266678478,65.46,0.0,4.794537184071822,0.0,5.428790391900541,33.72984137464594,0.0,6.06636706846161,43.50799995204719,6.06636706846161,0.0,14.887681368015581,10.953486158352229,0.0,12.106557146006551,0.5534421716217355,7.576415186444949,0.989266292936928,0.0,0.0,1.5476542160073905,0.0625,2,0,0,0,0,1,0,0,4,4,1,2,0,0,0,0,0,3,3.0508000000000006,0,0,0,1,0,0,0,0,0,0,0,0,0,0,1,0,0,0,0,0,0,0,0,0,1,0,0,0,1,0,1,0,0,0,0,0,0,0,0,0,0,1,0,0,0,0,0,2,0,0,0,0,0,0,0,0,0,0,0,0,0,0,0,10,4.078947368421052,3,3,0.0,0.11578947368421051,0.22307273250480336,0.17105263157894735,0.17105263157894737,775.0,3,0.25380886410466974,0.015445258587684457,0.17105263157894735,0.1631695098816139,0.20458487250261853,0,0,0,0,0,0,3,0,0.8,0.15,0.0,0.05,0,0,1,0,1,0,0,0,0,0,0,0,1,0,0,0,0,1,1,0,0,1,0,0,0,0,1,0,1,0,0,0,0,0,0,1,0,0,1,1,0,0,0,0,0,0,0,0,0,1,0,1,1,0,0,0,0,1,0,0,1,0,0,0,0,0,1,0,0,0,1,0,0,0,0,1,0,0,0,1,0,0,0,1,0,0,0,0,1,0,1,0,0,0,0,0,0,0,1,0,0,0,1,0,0,0,1,0,0,1,0,1,0,0,1,0,0,0,0,0,1,0,1,1,0,0,0,0,0,0,0,0,0,0,0,0,0,0,0,0,0,0,0,0,0,0,0,0,0,0,0,0,0,0,0,0,0,0,0,0,0,0,0,0,0,0,0,0,0,0,0,0,0,0,0,0,0,0,0,0,0,0,0,0,0,0,0,1,0,0,0,0,1,0,0,0,0,0,0,0,0,0,0,0,0,0,0,0,0,0,0,0,0,0,1,0,0,0,0,1,0,0,0,1,0,1,0,1,1,0,0,1,0,0,0,1,0,0,0,0,0,0,0,1,0,0,0,0,0,0,0,0,0,0,0,1,1,1,0,0,0,0,0,1,0,1,0,1,0,0,0,0,0,1,1,1,1,0,0,0,1,1,1,0,1,0,1,1,1,1,1,1,1,1,1,1,0
3311.0,248.27,CCSC(=NC1=CC=C(C=C1)C(F)(F)F)N,LCMOXIFARISMOH-UHFFFAOYSA-N,3.2,PI-103,12.238229959441178,0.34931358654572975,-4.313534265558075,0.6430931335337231,12.875,248.273,1.3125,2.1698860407614093,2.834827152576926,2725.3768671963303,5.24682951557415,5.733667477162185,0.0,5.167651769578048,0.0,0.0,6.176298517443475,0.0,4.992404732635669,13.171245143024459,0.0,18.685622149081738,30.018321880593227,0.0,11.250837766380558,13.171245143024459,22.616922993652725,0.0,0.0,10.726072209797854,13.100035717134098,5.752853606746789,29.828919765543436,0.0,5.733667477162185,18.858631417708022,0.0,11.761884949391115,10.920505376324837,6.176298517443475,0.0,12.487188691387619,0.0,0.0,38.379999999999995,11.73975000914047,13.171245143024459,0.0,0.0,10.85503804426161,17.88558774367001,23.894619086314336,0.0,6.923737199690624,4.992404732635669,5.733667477162185,36.71468987832353,1.3413894006676743,3.96197940287226,0.34931358654572975,5.26657484830352,0.7737777935248175,-4.313534265558075,1.9164660068700472,0.0,0.3,2,0,0,0,0,0,0,0,2,6,0,2,0,0,0,0,0,1,3.404700000000001,0,0,0,0,0,0,0,0,0,0,0,1,1,0,1,0,0,0,0,0,0,3,0,1,0,0,0,0,0,0,0,0,0,0,0,0,0,0,0,0,0,0,0,0,0,0,0,0,0,0,0,0,0,0,1,0,0,0,0,0,0,0,0,10,4.116666666666666,1,1,0.0,0.13333333333333333,0.24917651130764634,0.22261904761904763,0.22261904761904763,494.0,4,0.25390145987972074,0.02027476787907563,0.22261904761904763,0.18319026576045944,0.2162468487026169,0,0,0,0,0,0,1,0,0.625,0.0,0.0625,0.125,0,0,0,1,0,0,0,0,0,0,1,1,0,0,1,0,1,0,1,0,0,1,0,0,0,0,0,0,0,0,0,0,0,0,0,1,0,0,0,1,1,1,0,1,0,0,0,1,0,0,0,0,0,0,1,0,0,0,0,0,0,0,0,0,1,0,0,0,0,0,0,0,0,0,0,0,1,0,0,1,0,0,1,1,0,0,0,1,1,0,0,0,0,0,0,0,0,0,0,0,0,0,1,0,0,0,1,0,1,0,1,0,0,0,0,0,1,0,1,0,0,0,0,0,0,0,0,1,0,1,0,0,0,0,0,0,0,0,0,0,0,0,0,0,0,0,0,0,0,0,0,0,0,0,0,0,0,0,0,0,0,0,0,0,0,0,0,0,0,0,0,0,1,0,0,0,0,1,0,0,0,0,0,0,0,0,0,0,0,0,0,0,0,0,0,0,0,0,0,0,0,0,0,0,0,0,0,1,1,0,0,1,0,0,1,0,0,0,1,0,1,0,0,0,0,0,0,0,0,0,0,0,0,0,0,0,1,1,0,0,0,0,1,0,1,0,0,0,0,1,0,0,0,0,0,0,0,0,0,0,0,0,0,1,1,1,0,0,0,0,0,0,1,0,0,0,0,0,0,0,0,1,0,1,0,1,1,0,1,0,1,1,1,1,0,1,0
4878.0,301.77,CC(C)(C)N1C2=NC=NC(=C2C(=N1)C3=CC=C(C=C3)Cl)N,PBBRWFOVCUAONR-UHFFFAOYSA-N,3.0,PP2,6.050371927577616,0.20464409503513337,-0.20464409503513337,0.7467618341433326,12.0,301.781,1.0952380952380953,2.8041232130015534,2.3513512259264138,64999.576077376005,4.701771042905422,5.733667477162185,17.839110847448033,5.647177220767728,0.0,0.0,0.0,0.0,14.6497599770396,5.098681808301038,0.0,23.733674027155736,32.903945735995094,10.586084805438322,10.92514946684814,0.0,28.452204103300065,0.0,19.74844178534064,0.0,26.310136851455216,5.733667477162185,35.615421662352304,11.257379486545457,5.733667477162185,5.817862777835028,0.0,11.600939890232516,19.74844178534064,5.538925252383345,0.0,20.771211599071872,5.022633313741326,22.29078092177798,69.62,0.0,0.0,0.0,5.538925252383345,10.840496091576355,22.29078092177798,6.3273200747645415,0.0,28.947271208991623,30.739168640966287,22.43328917569574,1.8792795729402871,5.9514366724055865,8.449149152459338,6.16823072824809,8.293451597974581,0.43097222222222253,1.4655041152263375,6.218394431846813,0.0,0.26666666666666666,2,0,0,0,0,2,0,0,5,6,2,1,0,0,0,0,0,3,3.483900000000001,0,0,0,1,0,4,0,0,0,0,0,0,4,0,1,0,0,0,0,0,0,0,0,0,1,0,0,0,1,0,0,0,0,0,0,0,0,0,0,0,0,0,0,0,0,0,0,0,0,0,0,0,0,0,0,0,0,0,0,0,0,0,0,9,4.0285714285714285,3,3,0.0,0.10952380952380951,0.21748197569732544,0.15939849624060148,0.15939849624060148,846.0,4,0.25868304164546013,0.017906363836233063,0.15939849624060148,0.15129605718256245,0.18757317132776907,0,0,0,0,0,1,3,0,0.7142857142857143,0.0,0.0,0.23809523809523808,0,0,1,0,0,0,0,0,0,0,1,0,0,1,0,0,0,0,0,0,1,1,0,0,0,0,1,0,0,0,0,0,0,0,1,1,0,0,1,0,0,1,0,0,0,0,1,0,1,0,1,1,0,1,0,0,0,0,0,1,0,0,0,0,0,0,1,0,0,1,0,0,0,0,0,0,0,1,0,0,0,0,0,1,0,0,0,0,1,1,1,0,0,0,0,1,0,0,0,1,0,0,1,0,0,0,0,1,0,0,0,0,0,0,0,0,1,0,0,0,0,0,0,0,1,0,0,0,0,0,0,0,0,0,0,0,0,0,0,0,0,0,0,0,0,0,0,0,0,0,0,0,0,0,0,0,0,0,0,0,0,0,0,0,0,0,0,0,1,0,0,0,0,0,0,0,0,0,0,0,0,0,1,0,0,0,0,0,0,0,0,0,1,0,0,1,1,0,0,0,0,0,0,0,1,1,0,1,0,1,1,0,0,1,1,0,0,1,0,0,0,0,0,0,1,0,1,0,1,0,0,1,0,1,0,1,0,1,0,0,0,0,1,0,0,0,0,0,0,0,1,1,1,0,1,1,0,0,0,0,0,0,0,1,1,1,0,1,0,0,0,1,1,0,0,1,0,0,1,1,0,1,0,0,0,0,1,0,1,0,1,1,1,1,0,1,0
44595079.0,445.5,CCS(=O)(=O)N1CCN(CC1)C2=CC=C(C=C2)NC3=NC=C(C(=N3)NC4CC4)C(=O)N,BGLPECHZZQDNCD-UHFFFAOYSA-N,1.9,PRT062070,12.017673396262293,0.13268640430711431,-3.135350635282735,0.55466520924993,17.387096774193548,445.5490000000003,1.1612903225806452,3.5828881112184208,1.404195171976402,16986214.567342523,8.674388985339505,21.267154416025324,5.817862777835028,0.0,15.97163043439408,5.907179729351506,0.0,4.794537184071822,13.401775505276145,9.289194512243443,0.0,0.0,44.030848719389084,49.79248257377846,11.316305098443785,13.212334168400758,39.07144549094774,0.0,14.273173033190652,5.733667477162185,25.807221274690605,47.46536616926022,36.02576333715651,0.0,21.267154416025324,23.140974608188646,0.0,0.0,66.57186980641615,10.023291153407584,0.0,30.12336912131146,0.0,0.0,133.55,15.930470882759089,13.212334168400758,0.0,11.316305098443785,43.98706851161978,24.216415795219145,6.196843571613076,11.228953190986857,24.26546827384644,25.501443980757553,5.733667477162185,25.590672911958055,0.0,22.39557541152275,6.365404975473232,7.529398287598642,0.3912012022491449,3.524515509853326,3.9616266671926685,-3.135350635282735,0.45,4,1,1,2,1,1,0,0,8,11,2,8,1,1,2,0,0,4,1.3651000000000009,0,0,0,0,0,2,0,0,0,0,0,0,4,2,1,0,0,0,0,0,0,0,0,0,4,0,0,0,0,0,0,0,0,0,0,0,0,0,0,0,0,0,0,0,0,0,0,0,0,0,1,1,0,0,0,1,0,0,0,0,0,0,0,17,6.883870967741935,4,4,0.07526881720430106,0.07311827956989249,0.1791664138343702,0.20289210233592878,0.20289210233592878,3201.0,4,0.15113356798013317,0.012548333349899927,0.20289210233592878,0.16213794553556324,0.16687086981468144,0,0,0,0,1,0,2,2,0.6451612903225806,0.0967741935483871,0.03225806451612903,0.22580645161290322,0,0,1,0,0,0,0,0,0,0,1,1,1,0,1,0,0,0,0,0,0,1,0,0,0,1,0,0,0,0,0,0,1,0,1,1,0,0,0,0,1,1,0,0,0,0,1,1,1,1,0,0,1,1,0,1,1,0,0,0,0,0,0,0,0,1,0,0,0,0,1,0,0,1,1,1,1,1,0,0,0,0,1,1,0,0,0,0,1,0,0,0,0,0,0,0,1,0,0,0,1,0,1,0,0,0,0,1,0,1,0,0,1,0,0,0,0,0,1,0,0,1,1,0,1,1,0,1,0,1,0,0,0,0,0,0,0,0,0,0,0,0,0,0,0,0,0,0,0,0,0,0,1,0,0,1,0,0,0,0,0,0,1,1,0,0,0,0,1,0,0,0,0,0,0,0,0,0,0,0,0,1,0,1,0,1,0,0,1,0,1,1,1,0,1,1,0,1,0,0,0,0,0,1,0,1,0,1,0,1,1,1,0,0,1,1,1,0,1,0,1,0,1,0,1,0,0,1,1,0,1,0,1,0,1,0,1,0,1,0,1,1,1,0,1,0,0,1,1,0,1,1,1,0,1,1,0,0,1,1,1,1,1,1,0,1,1,1,1,0,0,0,1,0,1,1,1,1,1,0,1,1,0,1,1,1,1,0,1,1,1,1,1,1,1,1,0
216467.0,467.9,CCOC1=C(C=C2C(=C1)N=CC(=C2NC3=CC(=C(C=C3)F)Cl)C#N)NC(=O)C=CCN(C)C,WVUNYSQLFKLYNI-UHFFFAOYSA-N,4.5,Pelitinib (EKB-569),13.575593405749409,0.04818045428546003,-0.5453832938700158,0.44792324774633824,11.06060606060606,467.9320000000002,1.3333333333333333,2.767470713354282,2.069589949315544,17860813.1886744,10.767884172542857,20.270349892663187,17.635953987122072,0.0,5.907179729351506,0.0,0.0,9.77851570501903,4.39041504767482,5.261891554738487,0.0,17.676959997066398,45.28454943889144,35.9575976419695,34.08444003693462,13.921815185546691,45.47320337571576,5.261891554738487,9.883888251797686,0.0,6.923737199690624,37.880559543792536,65.0840247740731,11.818733146076179,15.37044016181271,21.452573871725505,5.749511833283905,11.600939890232516,43.03805031692906,4.794537184071822,17.148333708576654,12.487188691387619,5.022633313741326,10.902924932081056,90.27999999999999,5.817220841045895,14.446843786485129,0.0,16.493264534789827,46.86623395984114,0.0,30.471964883831784,18.208754243757102,25.918990895895483,21.686777041752144,16.337802844032566,19.276332722098843,5.905325496888886,18.737265335380943,16.107405227700504,2.2026507045812522,-0.4123097066527597,4.633578084894616,2.8450075897229437,3.8082965321784723,0.20833333333333334,2,0,0,0,1,1,0,0,6,9,1,8,0,0,0,0,0,3,5.097580000000004,0,0,0,0,0,1,0,0,0,0,0,0,3,2,0,0,1,0,0,0,0,0,0,0,3,0,0,0,1,0,1,0,0,0,0,0,0,0,0,0,0,0,0,0,0,0,0,0,0,0,0,0,1,0,0,0,0,0,0,0,0,0,0,16,6.287878787878788,3,3,0.0,0.06628787878787878,0.17362063793822333,0.1705767350928641,0.1705767350928641,3320.0,3,0.16713080069777722,0.012605728259591343,0.1705767350928641,0.1593673942709783,0.13371673470461207,0,0,0,0,0,0,3,0,0.7272727272727273,0.06060606060606061,0.0,0.15151515151515152,0,0,1,0,0,0,0,0,0,0,1,1,1,1,1,0,0,0,0,0,0,1,0,0,1,0,1,0,0,0,0,1,0,1,0,1,1,1,0,0,1,1,1,1,0,0,1,1,0,0,1,1,1,0,0,0,1,1,0,1,0,1,0,0,0,1,0,1,0,0,0,0,1,0,1,1,1,1,1,1,1,0,1,1,0,0,0,0,1,0,1,0,1,0,0,0,0,0,0,0,0,0,1,0,0,0,1,1,0,1,0,1,1,0,1,1,0,0,0,0,0,1,0,0,1,0,0,1,1,1,0,0,0,0,0,0,0,0,0,0,0,0,0,0,0,0,0,0,0,0,0,0,0,0,0,0,0,0,0,0,0,0,0,0,0,0,0,0,0,0,0,1,1,0,0,0,0,0,0,0,0,0,0,0,0,0,0,0,0,0,0,0,0,0,0,1,0,0,0,0,0,0,0,0,1,0,0,0,0,0,1,0,0,0,0,1,1,1,0,0,0,1,1,1,0,1,0,1,1,1,1,1,0,1,0,1,0,1,0,1,1,0,0,1,1,1,0,1,0,0,0,1,1,0,0,1,1,1,0,0,0,1,0,1,1,1,0,1,1,0,0,1,1,1,1,1,0,0,1,1,1,1,1,1,1,1,1,1,1,1,1,1,1,1,1,1,0
3292.0,204.22,CCN1C(=O)C(NC1=O)C2=CC=CC=C2,SZQIFWWUIBRPBZ-UHFFFAOYSA-N,1.0,R406,11.790003779289494,0.17249999999999965,-0.5151388888888893,0.7380128478007799,20.6,204.22899999999998,1.2666666666666666,2.551194136993342,2.271025752228069,3785.9720992981197,3.7263265306122446,5.316788604006331,6.041840829147961,0.0,0.0,5.907179729351506,6.031114512338072,9.694446914922299,4.794537184071822,0.0,0.0,30.33183534230805,12.487188691387619,6.544756405912575,0.0,9.589074368143644,11.938294241689578,0.0,10.216698334856808,0.0,12.965578028838586,6.544756405912575,35.89528683400505,0.0,5.316788604006331,4.794537184071822,0.0,0.0,23.38296037845263,4.794537184071822,0.0,18.52902952053558,0.0,0.0,49.410000000000004,6.041840829147961,9.589074368143644,0.0,11.938294241689578,6.544756405912575,5.563451491696996,4.899909730850478,6.923737199690624,30.33183534230805,5.316788604006331,0.0,0.0,0.0,24.40336781934996,2.65837962962963,0.8257407407407411,-0.17249999999999965,0.0,2.1933071145124714,0.0,0.2727272727272727,1,0,1,1,3,0,1,0,2,4,1,2,0,1,1,0,1,2,1.2993999999999999,0,0,0,0,0,0,0,0,0,0,0,0,1,1,0,0,1,0,0,0,0,0,0,0,0,0,0,0,0,0,0,0,0,0,0,0,1,0,0,0,0,0,0,0,0,0,0,0,0,0,0,0,0,0,0,0,0,0,0,0,0,0,1,8,3.361904761904762,2,2,0.0,0.15238095238095234,0.257491323599153,0.18168498168498168,0.18168498168498168,353.0,3,0.3093873600981443,0.019101961622380446,0.18168498168498168,0.1734903100501733,0.22905104676704197,0,0,0,0,0,1,1,1,0.7333333333333333,0.13333333333333333,0.0,0.13333333333333333,0,0,0,0,0,0,0,1,0,0,0,0,1,0,0,0,0,0,0,0,0,0,0,0,0,0,1,1,0,1,0,0,1,0,0,1,1,0,0,0,1,1,0,0,0,0,0,1,0,1,0,0,0,0,0,0,0,0,0,0,1,0,0,0,0,0,1,0,0,0,0,0,0,0,0,1,0,0,1,0,0,0,1,1,0,0,0,0,1,0,0,0,1,0,0,0,0,0,1,0,0,0,1,0,0,0,0,0,0,0,0,0,0,0,0,0,0,0,0,0,0,0,0,0,0,1,0,0,0,1,0,0,0,0,0,0,0,0,0,0,0,0,0,0,0,0,0,0,0,0,0,0,0,0,0,0,0,0,0,0,0,0,0,0,0,0,0,1,0,0,0,0,0,0,0,0,0,0,0,0,0,0,0,0,0,0,0,0,0,0,0,0,1,0,0,0,0,0,0,0,0,0,0,0,0,1,0,1,0,1,0,0,0,1,0,1,0,0,0,1,1,1,1,0,0,1,1,1,0,0,1,0,0,0,0,0,1,0,0,0,1,0,0,0,1,0,0,1,0,0,1,1,1,0,0,0,0,1,0,0,0,0,0,0,0,0,1,1,0,0,0,0,1,1,0,0,0,0,1,0,1,1,0,1,1,1,1,0,1,1,1,1,1,1,1,1,0
11656518.0,518.4,CN1C2=C(C=C(C=C2)OC3=CC(=NC=C3)C4=NC=C(N4)C(F)(F)F)N=C1NC5=CC=C(C=C5)C(F)(F)F,YABJJWZLRMPFSI-UHFFFAOYSA-N,5.4,RAF265 (CHIR-265),12.853011153577118,0.058392917216895546,-4.557853374163376,0.24673078257718173,12.18918918918919,518.421,0.8648648648648649,3.4488468564973314,1.3564216855640783,205690578.4694686,8.835175439194487,19.604729726544942,22.886879656264732,5.824404497999927,5.948339280986494,0.0,12.35259703488695,4.9839785209472085,9.967957041894417,26.34249028604892,0.0,0.0,42.46456947923127,31.064635965897047,22.793696498542594,31.07935323984897,22.669126990902576,0.0,24.503013731580186,7.04767198267719,12.35259703488695,5.316788604006331,78.24837024592611,23.017356159416195,10.05365155780638,37.978215841718985,11.49902366656781,0.0,24.503013731580186,19.40026901756414,0.0,11.257379486545457,0.0,22.551733928080907,80.65,23.609976521432404,26.34249028604892,0.0,11.518332492848387,34.848293511467205,17.649434854539482,30.462311845459517,29.813872835853374,0.0,25.252702687795164,4.736862953800049,84.54289127407463,0.0,14.461329739607176,2.992560388325769,0.12464611493388467,1.0564149245384094,-6.910971518221814,0.0,1.7460196230213714,0.125,2,0,0,0,0,3,0,0,6,13,3,5,0,0,0,0,0,5,6.931900000000003,0,0,0,0,0,5,1,0,0,0,0,0,4,2,0,0,0,0,0,0,0,6,0,0,2,1,0,0,1,0,1,0,0,0,0,2,0,0,0,0,0,0,0,0,0,0,0,0,0,0,0,0,1,0,0,0,0,0,0,0,0,0,0,20,7.761261261261262,5,5,0.0,0.06156156156156155,0.16394415758441305,0.1931788931788932,0.1931788931788932,5169.0,4,0.13434640637807543,0.012220483663266288,0.1931788931788932,0.17511930457285685,0.12596316697306173,0,0,0,0,0,2,5,0,0.6486486486486487,0.02702702702702703,0.0,0.16216216216216217,0,0,1,1,1,0,1,0,0,0,1,1,0,0,0,0,0,1,0,0,0,1,0,0,0,0,0,0,0,0,0,1,0,0,0,1,0,0,0,0,0,1,1,1,1,0,1,1,0,0,0,0,1,0,1,0,0,1,1,0,1,0,0,0,0,1,0,1,1,0,0,0,0,0,0,1,1,1,0,0,1,0,0,1,0,0,1,0,1,0,0,0,1,0,0,0,0,0,0,0,0,0,1,1,0,0,0,0,0,1,1,1,0,1,0,0,1,0,1,0,0,0,0,1,1,0,0,0,1,1,0,0,0,0,0,0,0,0,0,0,0,0,0,0,0,0,0,0,0,0,0,0,0,0,0,1,0,0,0,0,0,0,0,0,0,0,0,0,1,0,0,0,1,0,0,0,0,0,0,0,0,0,0,0,0,0,0,0,0,0,0,0,1,0,0,1,0,0,0,0,0,0,0,0,0,1,0,1,0,1,0,0,0,1,0,1,0,0,0,0,0,0,0,1,0,0,1,1,1,0,0,1,0,0,0,1,1,1,0,0,0,0,1,1,0,0,0,0,0,0,1,1,1,0,0,1,1,1,0,0,0,1,0,1,1,1,0,1,0,0,0,0,1,1,1,1,0,0,1,0,1,1,1,0,0,0,1,1,1,0,1,1,1,1,1,1,0
3275.0,325.4,CCN(CC)CCOC1=CC=CC=C1C(=O)CCC2=CC=CC=C2,OEGDFSLNGABBKJ-UHFFFAOYSA-N,4.2,Roscovitine (CYC-202),12.557777147896195,0.13638169774082476,0.13638169774082476,0.6125095095106854,10.791666666666666,325.452,0.9583333333333334,2.642990440578671,1.9300152718904264,307348.0723540125,9.886091267796385,9.636772684650527,12.356393797796823,5.783244946364939,0.0,0.0,0.0,4.794537184071822,0.0,0.0,0.0,56.31204387861251,37.20652006337138,12.965578028838586,5.563451491696996,9.53140013787187,5.783244946364939,0.0,4.899909730850478,0.0,26.689117645233267,26.241151182250643,65.72420659954848,5.749511833283905,4.736862953800049,0.0,5.749511833283905,0.0,36.92430585946607,6.4208216229260096,0.0,36.18973618977307,0.0,0.0,29.54,0.0,4.794537184071822,0.0,5.783244946364939,24.340666912419827,26.055090840663734,5.563451491696996,0.0,42.46456947923127,30.880118267154945,4.736862953800049,5.88197515117158,0.0,14.863171689972283,0.0,1.8738527307795887,0.8333426240866718,1.2578238938290345,7.786044233447975,0.0,0.38095238095238093,0,0,0,0,0,0,0,0,3,3,0,10,0,0,0,0,0,2,4.222700000000004,0,0,0,0,0,0,0,0,0,0,0,0,1,0,0,0,1,0,0,0,0,0,0,0,0,1,0,0,0,0,1,0,0,0,0,0,0,0,1,1,0,0,0,0,0,0,0,1,0,0,0,0,0,0,0,0,0,0,0,0,0,0,0,14,5.6521739130434785,2,2,0.0,0.09057971014492754,0.20377849875051654,0.21146245059288538,0.21146245059288538,1560.0,3,0.1849922327408632,0.011873925789409507,0.21146245059288538,0.199937108329345,0.16258724395279425,0,0,0,0,0,0,2,0,0.875,0.08333333333333333,0.0,0.041666666666666664,0,0,0,0,1,0,0,1,0,0,0,0,1,0,0,1,0,0,0,0,0,0,0,1,0,0,0,0,0,0,1,1,1,1,0,1,0,1,1,0,1,1,0,0,1,0,1,0,0,1,0,0,1,0,0,0,0,1,0,0,0,0,0,1,0,0,1,0,1,0,0,0,0,1,0,0,0,0,0,0,0,0,1,1,0,0,0,0,1,0,0,0,1,1,0,0,0,0,0,0,0,0,1,0,0,0,0,0,0,0,1,0,1,0,0,1,0,0,1,0,0,0,0,0,0,1,0,1,0,0,0,0,0,0,0,0,0,0,0,0,0,0,0,0,0,0,0,0,0,0,0,0,0,0,0,0,0,0,0,0,0,0,0,0,0,0,0,0,0,0,0,0,0,0,0,0,0,0,0,0,0,0,0,0,0,0,0,0,0,0,0,0,0,0,0,0,0,0,0,0,0,0,0,0,0,0,0,0,0,0,0,0,0,0,0,1,1,0,0,1,0,0,0,0,0,1,0,0,0,0,1,0,0,0,0,0,0,0,1,1,0,1,0,1,1,0,1,0,1,0,0,0,1,0,0,1,1,1,0,1,0,0,1,0,0,0,0,0,1,0,0,0,0,1,1,1,0,1,1,1,1,0,1,1,1,1,0,1,1,1,1,1,1,1,1,1,0
5169.0,331.3,C1=CC(=CC=C1C2=NC(=C(N2)C3=CC=NC=C3)C4=CC=C(C=C4)F)O,QHKYPYXTTXKZST-UHFFFAOYSA-N,3.7,SB-202190,13.273721726935769,0.19761240349624187,-0.28842141177458624,0.5742392441280129,10.76,331.35,0.76,3.08912128645481,1.8852937284635265,997020.0734458629,6.2030177080467555,10.090505915787915,17.391137172329728,0.0,0.0,0.0,0.0,4.9839785209472085,9.374393568622029,0.0,0.0,0.0,60.6636706846161,29.08404161831714,11.387855989696922,9.496942442515525,0.0,0.0,14.951935562841626,0.0,0.0,0.0,78.87457866888816,39.65212679607174,0.0,4.39041504767482,5.749511833283905,0.0,20.05846295768233,0.0,5.817220841045895,0.0,0.0,33.90261496278784,61.800000000000004,0.0,9.496942442515525,0.0,11.5667326743298,5.824404497999927,28.078210464787908,12.13273413692322,48.791889553995816,12.13273413692322,9.967957041894417,4.9839785209472085,13.273721726935769,0.0,12.08691391666094,9.47231454994872,4.161268424036281,0.5815402925530994,3.4262757479279844,0.0,0.0,0.0,2,0,0,0,0,2,0,0,3,5,2,3,0,0,0,0,0,4,4.650400000000003,0,0,0,0,0,3,1,1,0,0,0,0,2,1,0,0,0,0,0,0,0,0,0,0,0,0,0,0,0,0,0,0,0,0,0,1,0,0,0,0,0,0,0,0,0,0,0,0,0,0,0,0,1,0,0,0,0,0,0,0,0,0,0,12,4.916666666666667,4,4,0.0,0.09333333333333332,0.19966492556405474,0.17028985507246377,0.17028985507246377,1475.0,3,0.21308182291662223,0.011572272875302873,0.17028985507246377,0.14583952187787402,0.17030267155817963,0,0,0,0,0,1,4,0,0.8,0.04,0.0,0.12,0,0,1,0,1,0,0,0,1,0,1,0,0,0,0,0,0,0,0,0,0,0,0,1,0,0,0,0,0,1,0,0,1,0,0,1,1,0,0,0,0,1,1,0,0,0,0,0,1,0,0,0,0,0,0,0,0,0,1,0,0,1,0,0,0,1,1,0,1,1,0,0,0,0,0,1,1,0,0,0,0,0,0,1,0,0,0,0,1,1,0,0,1,0,0,0,0,0,0,0,0,0,1,0,0,0,0,1,0,0,0,0,0,0,0,0,1,0,0,0,0,1,0,0,1,0,0,0,0,1,0,0,0,0,0,0,0,0,0,0,0,0,0,0,0,0,0,0,0,0,0,0,0,0,0,0,0,0,0,0,0,0,0,0,0,0,0,0,1,0,0,0,1,0,0,0,0,0,0,0,0,0,0,0,0,0,0,0,0,0,0,0,1,0,0,1,0,0,0,0,0,0,0,0,0,0,0,1,0,1,0,0,0,1,0,0,0,1,0,0,0,0,0,0,0,0,1,0,1,0,0,0,0,0,0,0,0,1,0,0,0,0,0,1,0,0,0,0,0,0,1,1,0,0,0,1,0,1,0,0,0,1,0,0,1,0,0,1,0,1,0,0,1,1,1,1,0,0,0,0,1,1,1,0,0,0,1,1,0,0,0,1,1,1,1,1,0
176155.0,377.4,CS(=O)C1=CC=C(C=C1)C2=NC(=C(N2)C3=CC=NC=C3)C4=CC=C(C=C4)F,CDMGBJANTYXAIV-UHFFFAOYSA-N,3.2,SB-203580,13.337706887074775,0.28877297142101765,-1.0275441312988953,0.5616140036875235,12.074074074074074,377.444,0.8518518518518519,3.145777796282283,1.8436932630476301,2451995.3779790034,7.245996883943845,4.9839785209472085,11.641625339045822,0.0,0.0,0.0,0.0,9.192877013111676,9.374393568622029,0.0,0.0,12.13273413692322,48.53093654769288,51.03486332025062,11.387855989696922,8.599313539839288,10.799569042904308,0.0,14.951935562841626,0.0,4.895483475517775,6.255769183511404,78.87457866888816,33.90261496278784,0.0,4.39041504767482,0.0,0.0,25.416603238517496,10.799569042904308,5.817220841045895,0.0,0.0,33.90261496278784,58.64,10.799569042904308,8.599313539839288,0.0,5.817220841045895,5.824404497999927,32.97369394030569,12.13273413692322,30.782190463660775,36.39820241076966,9.967957041894417,4.9839785209472085,24.93776050342401,0.0,12.950405005896217,0.0,4.208996476162483,0.4006461202897408,5.084693344542211,0.0,-1.0275441312988953,0.047619047619047616,1,0,0,0,0,2,1,0,3,6,2,4,0,0,0,0,1,4,4.6822000000000035,0,0,0,0,0,3,1,0,0,0,0,0,2,1,0,0,0,0,0,0,0,0,0,0,0,0,0,0,0,0,0,0,0,0,0,1,0,0,0,0,0,0,0,0,0,0,0,0,0,0,0,0,1,0,0,0,0,0,0,0,0,0,0,13,5.330484330484331,4,4,0.0,0.08547008547008549,0.19207929436153498,0.17321937321937322,0.17321937321937322,1871.0,3,0.19676165710253196,0.01194075854423969,0.17321937321937322,0.14353189265588823,0.16134762023763458,0,0,0,0,0,1,4,0,0.7777777777777778,0.037037037037037035,0.037037037037037035,0.1111111111111111,0,0,1,0,1,0,0,0,1,0,1,0,1,0,0,0,0,0,0,0,0,0,0,1,0,0,0,1,1,1,0,0,1,0,0,1,1,0,0,0,0,0,1,0,0,1,0,0,1,0,0,0,0,0,0,0,0,0,1,0,0,1,0,0,0,1,1,0,1,1,0,0,0,0,0,1,1,0,0,1,0,0,0,1,0,0,0,0,1,1,0,0,1,0,0,0,1,0,0,0,1,0,1,0,0,0,0,0,0,0,0,0,0,0,0,1,0,0,0,0,0,1,0,0,1,0,0,0,0,1,0,0,0,0,0,0,0,0,0,0,0,0,0,0,0,0,0,0,0,0,0,0,0,0,0,0,0,0,0,0,0,0,0,0,0,0,0,0,1,0,0,0,1,0,0,0,0,0,0,0,0,1,0,0,0,0,0,0,0,1,1,1,1,0,1,1,0,1,0,0,0,0,0,1,0,0,0,1,0,1,0,1,0,1,0,0,0,1,1,0,0,0,0,1,0,0,1,0,1,0,0,0,1,0,0,0,0,1,0,0,0,0,0,0,0,0,0,0,0,0,1,1,0,0,1,1,0,0,0,0,0,0,0,0,1,0,0,1,0,0,0,0,1,0,1,1,0,0,1,0,1,1,0,0,0,0,1,0,0,0,1,1,1,1,1,1,0
9778.0,370.06,C(C(C(C(C(C(C(F)(F)F)(F)F)(F)F)(F)F)(F)F)(F)F)(F)F,HBZVXKDQRIQMCW-UHFFFAOYSA-N,5.5,SB-431542,12.567916666666667,5.760477607709753,-8.167708333333332,0.5985927585216789,16.363636363636363,370.05499999999995,0.4090909090909091,2.2538192065250198,6.235713617456157,11530.539060582001,4.974366365146566,0.0,0.0,0.0,0.0,0.0,42.21438910277555,0.0,8.78083009534964,57.07539561977267,0.0,0.0,0.0,0.0,0.0,65.8562257151223,0.0,0.0,0.0,0.0,42.21438910277555,0.0,0.0,0.0,0.0,65.8562257151223,0.0,0.0,42.21438910277555,0.0,0.0,0.0,0.0,0.0,0.0,42.21438910277555,65.8562257151223,0.0,0.0,0.0,0.0,0.0,0.0,0.0,0.0,0.0,181.62730890967498,0.0,0.0,0.0,0.0,-39.47409958427816,-13.319875992063494,0.0,0.0,1.0,0,0,0,0,0,0,0,0,0,15,0,5,0,0,0,0,0,0,4.990300000000001,0,0,0,0,0,0,0,0,0,0,0,0,0,0,0,0,0,0,0,0,0,15,0,0,0,0,0,0,0,0,0,0,0,0,0,0,0,0,0,0,0,0,0,0,0,0,0,0,0,0,0,0,0,0,0,0,0,0,0,0,0,0,0,8,3.8181818181818183,0,0,0.0,0.09090909090909091,0.21132720149246495,0.14090909090909093,0.14090909090909093,882.0,4,0.2711260846364164,0.02820211630194733,0.14090909090909093,0.22320383682745745,0.1823592372283737,0,0,0,0,0,0,0,0,0.3181818181818182,0.0,0.0,0.0,0,0,0,1,0,0,0,0,0,0,1,0,0,0,0,0,0,0,0,0,0,0,1,0,0,0,0,0,1,0,0,0,0,0,0,0,0,0,0,0,0,0,0,0,0,0,0,1,0,0,0,0,0,0,0,0,0,0,0,1,0,1,0,0,0,0,0,0,0,0,0,0,0,0,0,0,0,0,1,0,0,0,0,0,0,0,1,0,0,0,0,0,0,0,0,0,0,1,0,0,0,0,0,0,0,0,0,0,0,0,0,0,0,1,0,0,1,0,1,0,1,0,0,0,0,0,0,0,0,0,0,0,0,0,0,0,0,0,0,0,0,0,0,0,0,0,0,0,0,0,0,0,0,0,0,0,0,0,0,0,0,0,0,0,0,0,0,0,0,0,0,0,1,0,0,0,0,0,0,0,0,0,0,0,0,0,0,0,0,0,0,0,0,0,0,0,0,0,0,0,0,0,0,0,0,0,0,0,0,0,0,0,0,0,0,0,0,0,0,0,0,0,0,0,0,0,0,0,0,0,0,0,0,0,0,0,1,1,0,0,0,0,1,0,0,0,0,0,0,0,0,0,0,0,0,0,0,0,0,0,0,0,0,0,1,0,0,0,0,0,0,0,0,0,0,0,0,0,0,0,0,0,0,0,0,0,0,0,0,0,0,0,0,0,0,0,0
3025986.0,380.5,CC(C)(C)C1=CN=C(O1)CSC2=CN=C(S2)NC(=O)C3CCNCC3,OUSFTKFNBAZUKL-UHFFFAOYSA-N,3.0,SNS-032 (BMS-387032),12.248810699310997,0.03522401753309712,-0.03522401753309712,0.770773758794448,16.12,380.53900000000016,1.36,3.2232116354643954,1.5117083373451787,589705.9079780239,7.884375502787275,15.05072814506601,5.760247418874442,5.131558479839333,11.797903651377414,0.0,0.0,4.794537184071822,9.967957041894417,0.0,11.761884949391115,32.107997477006606,25.93115605767717,11.332896515558172,22.35571992749502,9.211688121125169,34.13740903651669,0.0,15.284745645900749,5.917906046161393,48.98987809858954,18.406301415831482,24.044658484126504,0.0,10.633577208012662,5.131558479839333,0.0,23.098670827325854,28.964649583071076,15.962381260215391,5.917906046161393,45.26382618582424,0.0,0.0,80.05,0.0,4.794537184071822,0.0,17.24007624490968,16.77513600861203,35.90058265407369,11.336785877934737,24.155572092617266,0.0,41.37274584897895,4.417150937053347,6.835194934157429,3.111094721067439,20.890799618575628,6.873065605766906,-0.03522401753309712,2.4214880037172675,5.367467079436932,8.119447388144827,0.0,0.5882352941176471,2,0,1,1,1,2,0,0,7,8,3,5,0,1,1,0,0,3,3.6590000000000016,0,0,0,0,0,2,0,0,0,0,0,0,2,2,0,0,0,0,0,0,0,0,0,0,1,0,0,0,0,0,0,0,0,0,0,0,0,0,0,0,0,0,0,0,0,1,0,0,0,1,0,0,0,0,1,0,0,0,0,1,0,0,0,15,6.053333333333334,3,3,0.0,0.09,0.1995493570337027,0.21971014492753624,0.21971014492753624,1816.0,4,0.17138672752257544,0.013418424178563608,0.21971014492753624,0.20291764920466668,0.16809965150840658,0,0,0,0,0,2,2,1,0.68,0.08,0.08,0.16,0,0,1,1,0,0,0,0,0,0,1,0,1,0,0,0,0,0,1,1,0,0,0,1,0,0,1,0,1,1,1,1,1,0,0,1,1,1,0,0,0,1,0,0,0,0,1,1,0,0,0,1,0,0,0,0,0,0,0,0,0,1,0,0,0,0,0,0,0,0,1,0,0,0,0,0,0,0,0,0,1,0,1,1,0,0,0,1,1,0,1,0,1,0,0,0,0,0,1,1,0,0,1,0,0,0,0,0,0,1,1,0,1,0,0,0,1,1,1,0,1,0,0,0,1,1,0,1,0,1,0,0,0,0,0,0,0,0,0,0,0,0,0,0,0,0,0,0,0,0,0,0,0,0,0,0,0,0,0,0,0,0,0,0,0,0,1,0,0,0,0,0,0,0,0,0,0,1,0,0,0,0,0,0,0,0,0,1,0,1,0,0,0,0,1,1,1,0,0,0,0,0,0,0,1,0,0,1,0,0,0,1,1,1,0,0,1,0,1,0,1,1,1,0,0,1,1,1,1,0,1,0,0,0,1,0,1,0,0,0,1,1,1,0,0,0,0,1,1,0,1,1,0,0,0,1,0,0,1,1,0,1,1,1,0,1,0,1,1,0,0,1,1,0,0,0,0,1,0,1,0,1,1,1,1,1,1,0,1,1,1,1,1,1,1,1,0
3467590.0,314.3,C1=CC=C2C(=C1)N=C3N2C(=O)C4=CC=CC5=C(C=CC3=C54)C(=O)O,MYKOWOGZBMOVBJ-UHFFFAOYSA-N,3.5,STO609,13.026235355253212,0.18116780045351466,-1.0090505584950027,0.5151736689266291,11.833333333333334,314.30000000000007,0.9166666666666666,2.9837139877915804,2.176947638687822,669485.7445806748,4.291404509564668,5.106527394840706,5.647177220767728,0.0,0.0,5.559266895052007,5.969305287951849,9.195231790333615,9.77851570501903,0.0,0.0,24.26546827384644,35.71805955677284,16.158672643394386,16.59685292692952,9.901064578912528,44.194780801811284,0.0,9.384673127209002,0.0,0.0,0.0,70.51455918697532,0.0,5.559266895052007,0.0,0.0,0.0,20.460505810001557,0.0,0.0,10.357988675768818,0.0,38.225475513859436,71.67,5.969305287951849,14.69560176298435,0.0,11.122718386749003,21.805849864162113,16.419625649697316,0.0,34.73252994856984,24.26546827384644,4.9839785209472085,0.0,1.6040480914588056,0.0,29.129164164926244,11.922323605393592,2.0562222852103815,-1.0090505584950027,0.0,0.0,0.0,0.0,1,0,0,0,0,2,0,0,4,5,2,1,0,0,0,0,0,5,3.2901000000000016,0,0,0,0,1,2,0,0,1,0,0,0,2,0,0,0,0,0,0,0,0,0,0,0,0,0,0,0,4,0,0,0,0,0,0,1,0,0,0,0,0,0,0,0,0,0,0,2,0,0,0,0,1,0,0,0,0,0,0,0,0,0,0,10,4.119565217391305,5,5,0.0,0.10144927536231883,0.2036005300126408,0.141798418972332,0.141798418972332,1137.0,3,0.2518067096767795,0.014611325923352094,0.141798418972332,0.11026751851785951,0.18164516630907904,0,0,0,0,0,1,5,0,0.7916666666666666,0.125,0.0,0.08333333333333333,0,0,0,0,0,0,0,1,0,1,0,0,1,0,0,0,0,1,0,0,0,0,0,1,0,1,0,0,0,0,0,0,0,0,1,1,0,0,1,1,0,1,0,0,0,0,0,1,1,1,0,0,0,0,0,0,0,0,0,0,1,0,0,0,0,1,1,0,0,1,0,1,0,1,1,1,0,0,0,1,1,0,1,1,0,0,0,0,1,0,0,0,0,0,0,0,0,0,0,1,1,0,1,1,0,0,0,1,0,0,0,1,0,0,0,0,0,0,0,0,0,0,1,0,1,0,0,1,0,0,0,0,0,0,0,0,0,0,0,0,0,0,0,0,0,0,0,0,0,0,0,0,0,0,0,0,0,0,0,0,0,0,0,0,0,0,0,0,1,0,0,0,0,0,0,0,0,0,0,0,0,0,0,0,0,0,0,0,0,0,0,0,0,0,0,1,0,0,0,0,0,0,0,0,0,0,0,1,0,1,0,0,0,1,0,1,0,0,0,0,0,0,1,0,0,0,1,1,1,0,0,1,0,0,0,1,0,0,0,0,1,0,0,1,0,0,0,1,0,0,1,1,1,1,0,1,0,1,0,0,0,0,0,0,0,0,1,1,0,1,0,0,1,1,0,1,1,0,1,0,0,0,0,0,1,0,1,1,0,1,0,1,1,1,1,1,0
10138259.0,442.5,CC1=C(NC(=C1C(=O)NCC(CN2CCOCC2)O)C)C=C3C4=C(C=CC(=C4)F)NC3=O,CTNPALGJUAXMMC-PMFHANACSA-N,0.9,SU14813,13.695871222911446,0.13068574214452644,-0.6881710043829872,0.5096580614407035,18.5,442.49100000000027,1.34375,3.219129567918373,1.4723376982916268,18419820.758074116,9.234168127488923,25.460946077600624,5.817220841045895,0.0,0.0,11.814359458703011,0.0,14.488984098994122,4.39041504767482,0.0,0.0,0.0,43.68604720329695,48.81771937972778,30.454286338540406,23.822879764459216,29.15087037028972,0.0,15.200676855804018,0.0,19.95144078712955,44.70957815668247,52.09453251121863,0.0,10.633577208012662,10.077801322358383,0.0,0.0,72.30153104576584,9.53140013787187,19.664695240427143,32.87274764885973,0.0,11.64912463690315,106.69,11.921187228794198,19.086016810659167,0.0,18.359115864615585,59.09722160447914,13.08951281182515,18.19910120538483,19.92349450621513,0.0,20.51746545981035,4.736862953800049,18.996506890546808,0.0,30.45208208227991,15.796238340795988,3.7534408306158533,-1.0555767961865858,0.9437674794269584,6.981586538449015,0.0,0.391304347826087,4,0,2,2,2,1,1,0,5,9,3,6,0,1,1,0,1,4,1.68624,0,1,1,0,0,1,1,0,0,0,1,0,1,3,0,0,0,0,0,0,0,0,0,0,1,1,0,0,1,0,1,0,0,0,0,0,0,0,0,0,0,0,1,0,0,0,0,0,0,0,0,0,0,0,0,0,0,0,0,0,0,0,0,17,6.637096774193548,4,4,0.0,0.07056451612903225,0.17632821824045072,0.1879032258064516,0.1879032258064516,3292.0,3,0.15704795401933594,0.012584095205773593,0.1879032258064516,0.1940884415897729,0.13822823387093536,0,0,0,0,0,2,2,1,0.71875,0.125,0.0,0.125,0,0,1,1,1,0,1,0,1,0,1,0,1,1,0,0,1,1,1,0,0,0,0,0,0,0,0,1,0,0,0,0,1,0,0,1,1,0,1,0,0,1,0,0,0,0,0,0,0,0,0,0,0,0,1,0,1,0,0,1,1,1,0,0,1,0,0,0,0,0,0,1,1,0,1,0,1,0,0,0,1,1,1,1,1,0,0,0,1,0,0,0,1,1,0,0,1,0,1,0,0,1,1,0,1,0,0,0,0,1,1,0,0,0,1,1,0,0,0,0,1,0,0,1,0,0,1,1,0,1,0,0,0,0,0,0,0,0,0,0,0,0,0,0,0,0,0,0,0,0,0,0,0,0,0,0,0,0,0,0,0,0,0,0,0,0,0,0,0,0,0,0,1,0,0,0,0,0,0,0,1,0,0,1,1,0,0,1,0,0,0,0,0,0,0,1,0,0,0,0,0,0,0,0,0,1,1,0,0,0,1,0,1,1,0,1,1,1,0,0,1,1,1,0,0,1,1,1,1,1,1,1,0,0,1,1,0,1,0,1,1,1,0,0,0,0,0,1,1,0,1,1,1,0,0,1,0,1,1,1,0,1,1,0,1,1,1,1,1,1,1,0,1,1,1,1,1,1,1,1,1,1,1,1,1,1,1,1,1,1,1,1,1,1,1,1,0
6419747.0,353.4,CN1C=C(C2=CC=CC=C21)C=C3C4=C(C=CC(=C4)S(=O)(=O)N)NC3=O,MLKHXLFEYOOYEY-NVNXTCNLSA-N,1.5,SYK Inhibitor,12.372553224993702,0.021694696397077218,-3.839127828957825,0.6923613399431757,15.6,353.4030000000001,1.16,3.046602945981737,1.9201252432728697,610018.2612709772,5.301342031455029,9.883888251797686,0.0,0.0,10.023291153407584,5.907179729351506,0.0,4.794537184071822,13.556770721936878,0.0,0.0,18.19910120538483,30.34148838068032,46.53483427451814,4.895483475517775,13.212334168400758,44.16990672642685,0.0,4.567099647791355,12.186645720285131,4.895483475517775,5.316788604006331,59.788316034238335,0.0,10.455762341614273,5.687386274683562,0.0,0.0,18.892076361471798,21.865500320156595,0.0,11.126902983393991,0.0,22.55204956898421,94.19,10.023291153407584,13.212334168400758,0.0,10.80266320486928,16.823942296449825,16.46637642377805,12.13273413692322,12.142387175295491,42.077083475928056,5.316788604006331,5.138973737607942,25.196475550964188,0.0,12.350858528596625,8.972048760881508,3.4523822646342497,-0.2689781746031743,3.7111929563492065,0.0,-1.9025135845328844,0.05555555555555555,3,0,1,1,1,1,0,0,4,7,2,2,0,0,0,0,0,4,2.3184000000000005,0,0,0,0,0,1,0,0,0,0,0,0,1,1,1,0,0,0,0,0,0,0,0,0,1,1,0,0,2,0,0,0,0,0,0,0,0,0,0,0,0,0,0,0,0,0,0,1,0,0,0,0,0,0,0,1,0,0,0,0,0,0,0,11,4.803333333333334,4,4,0.0,0.09333333333333332,0.1993992523433186,0.1653623188405797,0.1653623188405797,1441.0,4,0.21543692761084432,0.01548993753781947,0.1653623188405797,0.17979012946550796,0.18194183078143644,0,0,0,0,0,2,3,0,0.72,0.12,0.04,0.12,0,0,0,1,0,0,1,1,0,0,0,1,1,0,0,0,1,1,0,0,0,1,0,0,0,0,0,1,0,0,1,0,0,0,1,1,0,0,1,1,0,1,0,0,0,0,0,1,0,1,0,0,0,0,0,0,1,0,0,0,1,0,0,0,1,1,1,1,0,0,1,0,1,1,0,0,1,1,0,1,0,0,1,1,0,0,0,0,1,0,0,0,1,0,0,0,1,0,1,0,0,0,1,1,0,0,0,0,1,1,0,0,0,0,0,0,0,0,0,0,0,0,0,1,0,0,0,0,0,1,0,0,0,0,0,0,0,0,0,0,0,0,0,0,0,0,0,0,0,0,0,0,0,0,0,0,0,0,0,0,0,0,1,1,0,0,0,0,0,0,0,0,0,0,0,0,0,0,0,0,1,1,0,0,0,1,0,0,1,1,1,1,0,0,1,1,0,1,0,1,0,0,0,1,0,1,1,0,0,0,0,1,0,1,1,1,0,0,1,0,0,0,1,1,1,0,1,0,0,1,0,1,1,0,0,1,1,0,0,0,1,0,1,0,0,0,0,1,0,0,1,1,1,0,1,1,0,1,0,0,1,1,0,0,0,1,1,1,0,0,0,0,1,1,1,1,1,0,1,0,1,1,0,0,1,0,1,0,1,1,1,1,1,1,1,1,0
3231.0,400.5,COC(=O)CCC=C=CCC1C(C(CC1=O)O)C=CC(COC2=CC=CC=C2)O,PTOJVMZPWPAXER-UHFFFAOYSA-N,1.3,Tandutinib (MLN518),12.198333862321126,0.0048276714266972665,-0.8402614328386828,0.35628084335893095,22.17241379310345,400.4710000000001,1.3103448275862069,2.997542584692787,1.858572734887233,2950337.284069045,12.020282318516955,19.68678069728151,24.243605131910066,0.0,0.0,0.0,5.969305287951849,9.589074368143644,0.0,0.0,5.731218590741754,30.351141419052592,37.126417596443,24.677455338174802,13.213763929025836,29.275855065425148,11.75255023431679,0.0,0.0,11.835812092322787,37.89121926720064,13.716679505790452,60.36713436038532,5.749511833283905,4.736862953800049,0.0,5.749511833283905,0.0,47.89021730528525,14.325937321943691,11.835812092322787,25.683286491704038,0.0,0.0,93.06000000000002,12.207932775496605,19.802129157825057,0.0,43.03688753700451,18.591155079135923,0.0,7.109797541277533,36.436814564258746,18.19910120538483,10.468081544541803,4.736862953800049,10.061440915297911,0.0,23.2385292571663,20.307412254227696,2.9659127564485748,-0.33615355501795796,6.484503235580719,0.08807213374063183,1.3445377474896638,0.43478260869565216,2,1,0,1,0,0,4,0,6,6,0,10,1,0,1,0,4,2,2.603200000000001,0,2,2,0,0,0,0,0,0,0,0,0,0,0,0,0,0,0,0,0,0,0,1,0,0,0,0,0,0,1,2,0,0,0,0,0,0,0,1,1,0,1,0,0,0,0,0,1,0,0,0,0,0,0,0,0,0,0,0,0,0,0,0,19,7.086206896551724,2,2,0.0,0.07389162561576354,0.18532477892082866,0.22541507024265642,0.22541507024265642,2877.0,3,0.14823357242271484,0.011725397163236395,0.22541507024265642,0.19581635120872004,0.1201368264511984,0,0,0,0,0,1,1,1,0.7931034482758621,0.20689655172413793,0.0,0.0,0,0,1,1,0,0,1,1,0,0,0,1,1,0,0,0,1,0,1,1,0,0,1,0,0,1,0,0,0,0,1,0,1,0,0,1,1,0,0,1,0,1,0,0,0,0,1,1,0,1,0,0,1,0,1,0,1,1,0,0,1,0,0,0,0,1,1,0,1,1,0,0,0,0,0,1,0,0,1,1,0,0,1,1,0,0,0,0,1,0,1,0,0,0,0,1,0,0,0,0,0,1,1,0,1,1,0,1,1,0,0,0,0,0,0,0,1,0,1,0,1,0,0,0,0,1,0,1,0,0,0,0,0,0,0,0,0,0,0,0,0,0,0,0,0,0,0,0,0,0,0,0,0,0,0,0,0,0,0,0,0,0,0,0,0,0,0,0,0,0,0,0,0,0,0,0,0,0,0,0,0,0,0,0,0,0,0,0,0,0,0,0,0,0,0,0,0,0,0,0,0,0,1,0,0,0,0,0,0,0,0,0,0,0,0,0,0,0,0,1,0,1,0,1,0,0,1,0,0,1,0,0,0,0,1,0,0,0,1,1,0,0,0,1,0,0,1,0,1,0,0,0,0,1,0,0,1,1,1,1,0,1,1,0,0,0,1,0,0,1,1,0,0,1,0,0,1,1,0,0,1,0,1,1,1,1,0,1,0,1,1,0,1,1,1,1,0
3211.0,512.6,CC(C)CC(C(=O)O)NC(=O)NC(C1CCN=C(N1)N)C(=O)NC(CCC(=O)N)C(=O)NC(C)C=O,IJWCGVPEDDQUDE-UHFFFAOYSA-N,-2.6,Tofacitinib (CP-690550),13.240610224027883,0.027962841105462877,-1.305632033677669,0.11245480740313187,18.333333333333332,512.5680000000003,1.0833333333333333,2.7830045495031266,3.1011935641756767,27518259.92934133,14.480544742884264,47.95234255326855,24.411683010573437,5.959554568743835,17.721539188054518,0.0,12.000419800289922,19.376016284851136,9.589074368143644,0.0,0.0,13.847474399381248,32.104108114630044,12.965578028838586,12.083681658295921,33.87375049927164,41.967674080217826,0.0,26.583943020031654,22.377645733121433,76.6637022365157,6.544756405912575,0.0,0.0,38.051277974356026,4.794537184071822,0.0,0.0,83.82816202671093,23.97268592035911,5.917906046161393,46.454498090775914,0.0,0.0,247.19999999999996,59.93116313408424,33.87375049927164,0.0,44.105503512521835,6.286160523129555,0.0,6.923737199690624,13.847474399381248,0.0,31.576347752667324,11.46733495432437,0.0,0.0,76.18388270199546,21.838217506847243,10.894628365971226,-3.469106578311644,0.5420044310765744,5.269764467623588,0.0,0.6666666666666666,10,0,1,1,5,0,5,0,9,15,1,14,0,0,0,0,5,1,-2.715999999999995,1,0,0,0,0,0,0,0,1,0,0,1,1,5,2,0,0,0,0,1,0,0,0,0,0,0,0,0,0,0,0,0,1,0,0,0,0,0,0,0,0,0,0,0,0,0,0,0,0,0,0,1,0,0,0,0,0,0,0,0,0,0,1,15,6.661904761904762,1,1,0.0,0.057142857142857134,0.1661513711954027,0.16652661064425772,0.16652661064425772,4197.0,3,0.15666627335489272,0.013095786637895925,0.16652661064425772,0.18753407262594177,0.13106853582819633,0,0,0,0,0,0,0,1,0.5833333333333334,0.19444444444444445,0.0,0.2222222222222222,0,0,1,1,0,1,0,1,1,0,0,0,1,0,1,0,0,0,1,0,1,1,0,0,0,0,0,0,0,1,1,0,1,0,0,1,0,0,0,0,0,1,1,0,1,0,0,1,0,0,0,1,0,0,1,0,1,1,0,1,0,0,0,1,1,0,0,0,0,0,0,1,0,0,1,1,1,0,0,0,0,0,1,1,1,0,0,0,1,0,1,0,1,0,0,0,0,1,1,0,0,1,1,0,0,1,0,0,1,0,1,0,1,0,0,1,0,0,0,1,0,1,0,0,1,1,1,1,0,0,0,0,0,0,0,0,0,0,0,0,0,0,0,0,0,0,0,0,0,0,0,0,0,0,0,1,0,0,0,0,0,0,0,0,0,0,0,1,0,0,0,0,0,1,0,0,0,0,0,0,0,0,0,1,1,0,0,0,0,0,0,0,0,0,0,0,0,0,0,0,0,0,0,0,1,0,0,1,1,1,1,0,0,0,1,0,0,0,0,0,1,1,1,0,0,1,0,1,1,0,1,0,0,0,1,0,1,0,0,0,1,1,0,0,0,1,0,1,1,1,1,1,0,1,0,0,0,0,0,0,0,1,1,1,0,0,1,1,0,1,1,1,1,0,0,0,1,1,0,1,0,1,0,1,1,1,1,1,1,1,1,1,0,1,1,1,0
15073.0,82.10,CC1=CC=NN1,XKVUYEYANWFIJX-UHFFFAOYSA-N,0.6,Tozasertib (VX-680),3.6967592592592595,1.1064814814814816,1.1064814814814816,0.49044689078380066,8.833333333333334,82.10600000000001,1.8333333333333333,1.8638263900908159,3.049648321313926,33.548875021634686,1.1248871618940932,0.0,0.0,0.0,0.0,0.0,0.0,5.098681808301038,0.0,5.098681808301038,0.0,0.0,12.990104268152233,11.890771566461538,0.0,0.0,0.0,0.0,10.197363616602075,0.0,6.923737199690624,0.0,17.957138634923147,0.0,0.0,0.0,0.0,0.0,10.197363616602075,0.0,6.923737199690624,5.693927994848461,0.0,0.0,28.68,0.0,0.0,0.0,0.0,0.0,5.693927994848461,0.0,6.196843571613076,12.990104268152233,10.197363616602075,0.0,0.0,0.0,0.0,6.4467592592592595,1.1064814814814816,0.0,1.7314814814814814,1.9652777777777777,0.0,0.25,1,0,0,0,0,1,0,0,1,2,1,0,0,0,0,0,0,1,0.7181199999999999,0,0,0,0,0,2,1,0,0,0,0,0,1,1,0,0,0,0,0,0,0,0,0,0,0,1,0,0,0,0,0,0,0,0,0,0,0,0,0,0,0,0,0,0,0,0,0,0,0,0,0,0,0,0,0,0,0,0,0,0,0,0,0,3,1.7333333333333334,1,1,0.0,0.39999999999999997,0.4076777829712879,0.18333333333333332,0.18333333333333332,26.0,3,0.5883237133237134,0.02157526218339283,0.18333333333333332,0.15723301886761004,0.39987216322173547,0,0,0,0,0,1,1,0,0.6666666666666666,0.0,0.0,0.3333333333333333,0,0,0,0,0,0,0,0,0,0,0,0,0,0,0,0,0,0,0,0,0,0,0,0,0,0,0,0,0,0,0,0,0,0,0,1,0,0,0,0,1,0,1,0,0,0,0,0,0,0,0,0,0,0,0,0,0,0,0,0,1,1,0,0,0,1,0,0,0,0,0,0,0,0,0,0,1,0,0,0,0,0,0,1,0,0,0,0,1,0,0,0,1,1,0,0,0,0,0,1,0,0,1,0,0,0,0,0,0,1,0,0,0,0,0,0,0,0,0,0,0,0,0,0,1,0,0,0,0,0,0,0,0,0,0,0,0,0,0,0,0,0,0,0,0,0,0,0,0,0,0,0,0,0,0,0,0,0,0,0,0,0,0,0,0,0,0,0,0,0,0,0,0,0,0,0,0,0,0,0,0,0,1,0,0,0,0,0,0,0,0,0,0,0,0,1,0,0,0,1,0,0,0,0,0,0,0,0,0,0,1,0,0,1,0,0,0,0,0,0,0,0,0,0,1,0,1,0,0,0,0,0,0,0,0,0,0,0,0,0,0,0,0,0,0,0,0,0,0,0,1,1,0,0,1,0,0,0,0,0,0,0,0,0,0,0,0,1,0,0,0,0,1,0,0,0,0,0,0,0,0,1,0,0,0,0,1,0,0,0,1,1,1,0,0,1,0
196969.0,400.3,C1=CC=C(C=C1)SC2=NN3C=NC(=O)C(=C3C=C2)C4=C(C=CC=C4Cl)Cl,HVIHYFPILKEGDC-UHFFFAOYSA-N,4.9,VX-745,12.43929930077071,0.3396862139917698,-0.3979051526742723,0.4735106027032046,11.0,400.2900000000001,0.8461538461538461,2.6400762472121797,1.8745534710925336,1137661.6564486725,7.113004946622349,0.0,11.353280053433782,0.0,0.0,5.559266895052008,0.0,4.794537184071822,4.5153978936156225,10.082660329248245,0.0,59.22923300370259,36.39820241076966,10.45893496721477,21.125418836795912,0.0,40.48046544747241,0.0,14.59805822286387,0.0,9.921443454187017,0.0,87.39006146598713,11.126902983393991,5.559266895052008,0.0,0.0,34.963764729856145,14.59805822286387,0.0,0.0,0.0,10.045266627482652,16.643603701010253,47.260000000000005,5.559266895052008,4.794537184071822,0.0,0.0,26.688870328492907,9.921443454187017,18.089205024155657,22.714499099000452,42.46456947923127,10.082660329248245,23.20187978046503,1.5710956790123456,14.104842146136924,17.443655317996498,6.12309867207775,1.0057694376597706,0.0,1.4037396069538928,0.0,0.0,0.0,0,0,0,0,0,2,0,0,5,7,2,3,0,0,0,0,0,4,5.214500000000003,0,0,0,0,0,3,0,0,0,0,0,0,3,0,0,0,0,0,0,0,0,0,0,0,0,0,0,0,1,0,0,0,0,0,0,0,0,0,0,0,0,0,0,0,0,0,0,0,0,0,0,0,0,0,0,0,0,0,0,0,0,0,0,13,5.132307692307692,4,4,0.0,0.08923076923076924,0.1957096708472353,0.17217948717948717,0.17217948717948717,1668.0,3,0.20333465061911007,0.012619952393145839,0.17217948717948717,0.16171342783336626,0.16411766727318644,0,0,0,0,0,0,4,0,0.7307692307692307,0.038461538461538464,0.038461538461538464,0.11538461538461539,0,0,0,0,0,1,0,1,1,0,0,0,1,0,0,0,0,1,0,0,0,1,0,0,0,0,0,0,0,1,0,1,0,0,0,0,0,0,1,1,0,1,1,1,0,1,1,1,0,1,1,1,0,0,0,0,0,0,0,0,1,0,0,0,0,0,1,0,0,0,0,0,0,0,0,0,1,0,0,0,1,0,0,1,0,1,0,1,1,0,0,0,0,0,0,0,0,0,0,0,1,0,1,1,0,0,0,0,0,0,0,0,1,0,0,0,0,0,1,1,1,1,0,0,1,0,0,0,1,0,0,0,0,0,0,0,0,0,0,0,0,0,0,0,0,0,0,0,0,0,0,0,0,0,0,0,0,0,0,0,0,0,0,0,0,0,0,0,0,0,0,0,0,0,0,0,0,1,0,0,0,0,1,0,0,0,0,0,0,1,0,0,1,0,1,1,0,0,0,0,0,0,0,0,0,0,0,1,0,1,1,1,0,0,0,0,0,1,1,0,0,0,1,0,1,0,0,1,1,0,0,1,0,1,0,1,0,1,0,0,1,0,0,1,0,0,0,1,0,0,1,1,1,0,1,1,0,1,0,0,0,0,0,0,1,0,0,1,0,0,0,0,1,1,1,1,0,0,1,0,1,0,0,0,1,0,1,0,0,0,0,1,1,1,1,1,0
151193.0,464.9,C1=CC=C2C(=C1)C(=NN=C2NC3=CC=C(C=C3)Cl)CC4=CC=NC=C4.C(CC(=O)O)C(=O)O,LLDWLPRYLVPDTG-UHFFFAOYSA-N,,Vatalanib (PTK787),9.640416666666667,0.2962962962962965,-1.0764814814814814,0.3505472145095703,10.212121212121213,464.9090000000003,0.8181818181818182,2.817207934169393,3.307499634081789e-07,23466215.208457377,11.542662138620376,15.529843393687743,0.0,5.817862777835028,0.0,0.0,11.938610575903699,14.573052889090853,0.0,5.098681808301038,5.098681808301038,35.866408164078955,41.96165390246666,40.29697678350664,18.53557124070048,19.802129157825057,45.81724794758439,0.0,15.181342137549283,0.0,19.26246486877803,5.316788604006331,89.33737062812907,0.0,5.316788604006331,11.50524905251859,0.0,11.600939890232516,37.33300750313439,16.00989599106965,0.0,24.099022732397476,5.022633313741326,10.772448428929591,125.30000000000003,11.938610575903699,9.589074368143644,0.0,12.841643245852019,5.022633313741326,39.955898590919645,0.0,12.393687143226153,48.53093654769288,32.63086487847883,21.813994679913925,0.0,5.947311192792933,23.341854348633056,30.818936585129098,3.029681879434766,-1.4201844503233385,3.7130429376173204,0.0,0.0,0.125,3,0,0,0,0,2,0,0,6,9,2,7,0,0,0,0,0,4,4.948400000000004,2,0,0,0,0,3,0,0,2,0,0,0,3,1,0,0,0,0,0,0,0,0,0,0,2,0,0,0,1,0,0,0,0,0,0,0,0,0,0,0,0,0,0,0,0,0,0,0,0,0,0,0,1,0,0,0,0,0,0,0,0,0,0,0,0.0,4,4,0.0,0.06628787878787878,0.17374170696670302,0.08027859237536658,0.08027859237536657,,3,0.0,0.01080969765195178,0.08027859237536658,0.08624095851937356,0.12575857190644693,0,0,0,0,0,0,4,0,0.7272727272727273,0.12121212121212122,0.0,0.12121212121212122,0,0,1,0,0,0,0,1,0,1,0,0,1,0,1,0,1,0,0,0,1,1,0,0,1,0,0,0,0,0,1,1,0,0,1,0,0,0,0,1,0,1,0,0,0,0,0,0,1,1,1,1,0,0,0,0,0,0,1,0,0,0,0,0,0,1,1,0,0,1,1,0,0,0,0,1,1,1,0,1,0,0,1,1,0,0,0,0,1,0,1,0,1,0,0,0,0,0,0,0,0,0,1,0,0,0,1,1,0,1,0,1,0,1,0,0,0,0,1,0,0,0,1,0,1,0,0,1,0,1,0,0,0,0,0,0,0,0,0,0,0,0,0,0,0,0,0,0,0,0,0,0,0,0,0,0,0,0,0,0,0,0,0,0,0,0,0,0,1,0,0,0,0,0,0,0,0,0,0,0,0,0,1,0,0,0,0,0,0,0,0,0,0,0,0,1,0,0,0,0,0,0,0,0,0,0,0,1,0,1,0,0,0,0,0,0,0,1,0,0,1,0,0,0,1,0,0,0,1,0,0,1,0,1,1,1,0,1,0,0,0,1,0,0,0,0,0,0,1,0,1,1,0,1,1,1,0,0,0,0,0,1,1,1,1,1,1,1,0,1,1,0,1,0,0,1,1,1,0,0,0,1,0,0,1,1,1,1,1,1,0,1,1,1,1,1,1
10126189.0,363.4,CC1=[N+](C2=C(N1CCOC)C(=O)C3=CC=CC=C3C2=O)CC4=NC=CN=C4,OTSOOHRUMBRSHZ-UHFFFAOYSA-N,1.4,YM-155,13.25024321302595,0.1413898862013938,-0.149669312169312,0.5002579320852899,12.814814814814815,363.39700000000016,1.1111111111111112,2.9730978382122384,1.9196853167823091,2118344.102117573,6.846242233502885,4.736862953800049,18.78344080667361,0.0,22.9543458824268,5.824404497999927,0.0,19.55703141003806,9.13419929558271,0.0,0.0,24.26546827384644,0.0,37.5541248675883,12.803725536125995,18.893036969735046,11.566489892729878,0.0,14.53505668968577,0.0,20.013250011515773,13.716679505790452,76.88909045462498,0.0,4.567099647791355,0.0,0.0,0.0,39.8182260882061,17.8263757656252,6.923737199690624,43.62216583408294,0.0,0.0,77.96000000000001,0.0,9.589074368143644,0.0,11.566489892729878,42.21115374942898,11.518332492848387,0.0,49.9657965299632,16.05793649527333,9.967957041894417,4.736862953800049,8.921013316789832,0.0,34.85529275676957,0.0,2.41305791761149,0.5119122679936177,4.876428576634204,3.188782360166288,1.6122712777208628,0.25,0,1,0,1,0,2,0,0,6,7,2,5,0,0,0,0,0,4,1.344119999999999,0,0,0,0,0,4,0,0,0,0,0,0,4,0,0,0,0,0,0,0,0,0,0,0,0,0,0,0,2,0,1,0,0,0,0,1,0,0,2,0,0,1,0,0,0,0,0,0,0,0,0,0,0,0,0,0,0,0,0,0,0,0,0,11,4.763532763532764,4,4,0.0,0.0854700854700855,0.1919339362947041,0.15054131054131054,0.15054131054131054,1672.0,3,0.2201117615349633,0.01408549379530188,0.15054131054131054,0.13334760193455636,0.15456083093116885,0,0,0,0,0,1,3,0,0.7407407407407407,0.1111111111111111,0.0,0.14814814814814814,0,0,0,1,0,1,0,0,0,0,0,0,1,0,0,1,0,1,0,0,0,0,0,0,0,0,1,0,0,0,0,0,0,1,0,1,1,0,0,0,0,1,0,0,0,0,1,0,0,1,0,0,1,1,0,0,0,1,0,0,1,0,0,0,1,0,1,0,0,1,1,0,0,0,0,1,1,0,0,0,0,1,1,1,0,0,1,0,1,0,1,1,0,0,0,0,0,0,1,0,0,0,1,1,1,0,1,0,0,1,0,1,0,0,0,1,0,0,0,1,0,0,0,1,1,0,1,0,0,1,0,0,0,0,0,0,0,0,0,0,0,0,0,0,0,0,0,0,0,0,0,0,0,0,0,0,0,0,0,0,0,0,0,0,0,0,0,0,1,0,0,0,0,0,0,0,0,0,0,1,0,0,0,0,0,0,0,0,0,0,0,0,0,0,0,1,0,0,0,0,0,0,0,0,0,1,0,1,0,1,1,0,0,1,0,1,1,0,0,0,0,0,0,1,0,1,1,1,1,0,1,1,0,0,0,1,0,0,1,1,0,1,0,0,0,1,1,0,1,0,1,1,1,0,0,1,1,1,1,0,0,0,1,0,0,0,1,1,1,0,0,0,1,1,1,1,1,1,1,1,1,0,1,1,1,1,1,1,1,1,1,1,1,1,1,1,0
13926968.0,234.68,CC1=C(C(=NC(=N1)N)N)C2=CC(=CC=C2)Cl,KUJZZRQOOOVVCJ-UHFFFAOYSA-N,2.2,p38 MAP Kinase Inhibitor,5.924374072674336,0.18127598261526856,0.18127598261526856,0.7935670865382279,10.375,234.69000000000003,1.1875,2.1528885626589718,2.644295172874199,3965.620732417826,3.980499762284877,11.46733495432437,5.817862777835028,0.0,5.948339280986494,0.0,0.0,0.0,4.9839785209472085,4.9839785209472085,0.0,23.733674027155736,24.619922828310838,10.586084805438322,5.693927994848461,0.0,23.367141949054037,0.0,9.967957041894417,0.0,6.923737199690624,11.46733495432437,34.982029582436226,11.126902983393991,11.46733495432437,11.766202058821523,0.0,11.600939890232516,9.967957041894417,0.0,6.923737199690624,5.693927994848461,5.022633313741326,11.126902983393991,77.82,0.0,0.0,0.0,5.948339280986494,10.840496091576355,16.82083097824245,0.0,6.06636706846161,25.122838405075452,9.967957041894417,23.068274844556885,0.0,5.924374072674336,8.025835222978081,0.6464120370370374,13.746919231684446,0.5491154887881082,0.0,1.837934618291761,0.0,0.09090909090909091,4,0,0,0,0,1,0,0,4,5,1,1,0,0,0,0,0,2,2.26982,0,0,0,2,0,2,0,0,0,0,0,0,2,0,2,0,0,0,0,0,0,0,0,0,2,1,0,0,0,0,0,0,0,0,0,0,0,0,0,0,0,0,0,0,0,0,0,0,0,0,0,0,0,0,0,0,0,0,0,0,0,0,0,8,3.466666666666667,2,2,0.0,0.14166666666666666,0.24928152428946387,0.17619047619047623,0.17619047619047623,416.0,3,0.29892071739784776,0.018939948466704867,0.17619047619047623,0.17668848536811338,0.22832269271187478,0,0,0,0,0,0,2,0,0.6875,0.0,0.0,0.25,0,0,0,0,0,0,0,0,0,0,1,0,1,0,0,0,0,1,0,0,0,1,0,0,0,0,0,1,0,0,0,0,0,0,0,1,0,1,0,1,0,0,0,0,1,0,0,0,0,0,0,1,0,1,0,0,0,0,0,0,1,0,0,0,0,1,1,0,0,0,0,0,0,0,0,0,0,0,0,0,0,0,1,1,1,1,0,0,1,0,1,0,0,0,1,0,0,0,1,0,0,0,1,1,0,0,0,0,0,1,0,0,0,0,0,0,0,0,0,0,0,0,0,0,1,0,0,1,0,0,0,0,0,0,0,0,0,0,0,0,0,0,0,0,0,0,0,0,0,0,0,0,0,0,0,1,0,0,0,0,0,0,0,0,0,0,0,0,1,0,0,0,0,0,0,0,0,0,0,0,0,0,0,1,0,0,0,0,0,0,0,0,1,0,0,1,0,0,0,0,0,0,0,0,0,0,0,1,0,0,1,0,0,0,1,0,0,1,0,0,0,0,0,0,0,0,0,0,1,0,0,0,0,1,0,0,1,1,0,0,0,0,0,0,0,0,0,0,0,0,1,1,0,0,0,1,0,0,0,0,0,1,0,1,1,1,0,1,0,0,0,0,1,0,1,1,0,0,0,0,1,1,0,0,0,0,1,0,1,0,1,1,1,1,0,1,0
151069.0,585.7,CC1CC(C(C(C=C(C(C(C=CC=C(C(=O)NC2=CC(=O)C(=C(C1)C2=O)NCC=C)C)OC)OC(=O)N)C)C)O)OC,AYUNIORJHRXIBJ-JDHGPBJTSA-N,2.6,17-AAG (Tanespimycin),13.543777654063652,0.13197909552301645,-1.00060424979937,0.27059417062584445,28.357142857142858,585.6980000000002,1.2142857142857142,2.935192291874461,2.6203077236130485,652578352.3841956,15.998597983616888,35.684360941415704,6.103966387748303,6.103966387748303,11.566489892729878,5.907179729351506,6.093240070938415,14.383611552215466,4.794537184071822,0.0,6.578935683598497,44.22757493355065,38.180128221463924,43.90448670160145,23.602011401608273,38.49526499252814,23.5669096930198,0.0,10.633577208012662,17.569479569484972,64.95245759560771,20.764351488467643,71.14844854092125,0.0,16.367244685174846,4.794537184071822,0.0,0.0,73.85365412732135,28.59420041361561,11.835812092322787,40.53659204461451,0.0,0.0,166.28,53.9006812901744,24.28467613112799,0.0,41.42377176125018,11.993926152995277,6.076020106833881,20.295615189388947,45.075292026407396,6.923737199690624,17.21251289161116,19.944256338562333,16.553938412601227,0.0,51.2725712999576,16.747144691665135,6.4194893702971925,-2.1438806835870183,5.3354691442624915,10.896658947773345,2.9186088170300364,0.4838709677419355,5,1,1,2,2,0,6,2,9,11,1,6,0,0,0,0,6,2,2.537600000000001,0,1,1,0,0,0,0,0,0,0,0,0,0,2,1,0,0,0,0,0,0,0,4,0,0,0,0,0,2,0,3,0,0,0,0,0,0,0,2,1,0,2,0,0,0,0,0,0,0,0,0,1,0,0,0,0,0,0,0,0,0,0,0,17,6.668989547038327,2,2,0.0,0.04994192799070848,0.15379164562264075,0.1417247386759582,0.1417247386759582,5742.0,3,0.15302867604622156,0.012556016334964133,0.1417247386759582,0.1189361713115774,0.10608342458350369,0,0,0,0,0,0,0,2,0.7380952380952381,0.19047619047619047,0.0,0.07142857142857142,0,0,1,0,0,0,0,0,0,1,1,0,1,1,1,0,0,1,0,1,0,1,0,0,1,1,0,0,1,0,1,1,1,1,0,1,0,0,1,0,0,1,0,1,0,1,1,0,0,0,1,0,0,0,0,1,1,1,0,0,1,1,1,0,0,0,0,0,1,0,1,0,0,0,0,1,0,0,0,1,0,1,1,1,0,0,1,0,1,1,0,1,1,0,0,0,1,0,0,1,1,1,1,0,1,1,1,1,1,1,0,1,1,0,1,0,0,0,1,0,0,0,0,1,0,1,1,1,0,0,0,0,0,0,0,0,0,0,0,0,0,0,0,0,0,0,0,0,0,0,0,0,0,1,0,0,1,0,0,0,0,0,0,0,1,0,0,0,0,0,0,0,0,0,0,1,0,0,0,0,1,0,0,0,0,0,0,0,0,0,0,0,0,0,0,0,0,0,0,0,0,0,1,0,0,0,1,0,0,0,0,0,1,0,1,0,0,0,0,0,1,1,1,1,0,1,0,1,0,1,1,0,0,0,0,1,1,0,1,0,1,0,0,0,0,1,1,1,0,0,0,1,0,1,0,0,1,1,1,0,0,1,1,1,0,0,1,1,0,1,1,1,1,1,0,0,1,0,0,1,1,1,1,1,1,1,1,1,1,1,1,1,0,1,1,1,0
11314340.0,358.4,CC1=C2C=C(C=CC2=NN1)C3=CC(=CN=C3)OCC(CC4=CC=CC=C4)N,BPNUQXPIQBZCMR-IBGZPJMESA-N,3.6,A-674563,6.213946524355074,0.06853131396421497,-0.06853131396421497,0.5482499950490909,12.222222222222221,358.445,1.037037037037037,3.0769274235207478,1.4583614109433274,2486009.665688435,7.595949758954507,10.470530430962235,12.356393797796823,0.0,0.0,0.0,0.0,10.082660329248245,0.0,5.098681808301038,0.0,36.39820241076966,42.67056301139545,28.88228810177129,11.713544289229338,4.736862953800049,10.902924932081056,0.0,15.181342137549283,5.733667477162185,19.386399651764595,6.606881964512918,78.24837024592611,16.876414816677897,10.470530430962235,0.0,5.749511833283905,0.0,27.830064931210163,6.4208216229260096,6.923737199690624,11.257379486545457,0.0,22.02982791547505,76.82,0.0,0.0,0.0,6.041840829147961,6.606881964512918,39.89408936653342,5.563451491696996,6.196843571613076,49.518783182073356,33.380443342934115,10.470530430962235,5.892341978458049,0.0,4.323843245248819,8.40420958236033,11.5306350127795,0.7222446092634588,4.345338186327995,2.4632175201886053,0.0,0.18181818181818182,3,0,0,0,0,2,1,0,4,5,2,6,0,0,0,0,1,4,3.8821200000000022,0,0,0,0,0,3,1,0,0,0,0,0,2,1,1,0,0,0,0,0,0,0,0,0,0,1,0,0,1,0,1,0,0,0,0,0,0,0,0,0,0,0,0,0,0,0,0,0,0,0,0,0,1,0,0,0,0,0,0,0,0,0,0,15,6.085470085470085,4,4,0.0,0.08547008547008546,0.19216043843081432,0.20341880341880342,0.20341880341880342,2136.0,3,0.17053791970981377,0.010554759074192828,0.20341880341880342,0.1924543410458474,0.14553403676593002,0,0,0,0,0,1,4,0,0.8148148148148148,0.037037037037037035,0.0,0.14814814814814814,0,0,1,1,0,0,0,1,0,0,1,0,0,0,0,0,1,0,0,1,1,1,0,0,0,1,0,0,0,0,0,0,0,0,0,1,0,0,0,1,0,0,0,0,1,0,1,1,0,1,0,0,0,0,1,0,0,1,0,0,1,0,0,0,0,0,1,1,1,1,0,1,0,0,0,1,1,0,0,1,0,1,1,1,1,0,1,0,1,0,0,1,1,0,0,1,0,0,0,0,0,1,1,0,0,0,0,0,0,1,0,0,0,0,0,1,0,1,0,0,1,0,0,0,1,0,0,0,0,1,0,0,0,0,0,0,0,0,0,0,0,0,0,0,0,0,0,0,0,0,0,0,0,0,0,0,0,0,0,0,0,0,0,0,0,0,0,0,0,0,0,0,0,0,0,0,0,0,0,0,0,0,1,0,0,0,0,0,0,0,0,0,1,0,0,1,0,0,0,1,0,0,0,0,0,0,0,0,0,0,1,0,0,1,1,0,0,0,0,0,0,0,0,0,1,1,1,0,1,0,0,1,0,0,1,1,0,0,0,1,0,1,0,1,0,0,0,0,0,0,1,1,0,0,1,1,1,1,0,0,0,1,0,0,0,0,0,1,0,0,0,0,1,1,0,1,0,0,0,0,0,1,1,1,0,1,1,1,1,0,1,1,1,1,1,1,0
3004.0,576.6,CC1CC2C3CCC4=CC(=O)C=CC4(C3(C(CC2(C1(C(=O)COC(=O)C5=CC(=CC=C5)S(=O)(=O)O)O)C)O)F)C,TWQWRHIQRAZHPR-UHFFFAOYSA-N,3.2,ABT-737,17.254707994361155,0.21564664076575735,-4.5698018719037625,0.3543114565983498,40.475,576.6390000000005,1.2,3.090264758318913,1.4098100431448897,428347188.43953234,9.137314385512033,14.94991774348146,5.601050810983688,18.058886729623534,5.783244946364939,10.118126859033554,5.969305287951849,14.141824241834009,9.184952231746642,8.417796984328938,0.0,31.562966104746007,74.79397720277005,16.747886984954953,16.562901354963074,46.69449120139105,27.653922039715283,0.0,0.0,28.583699077277743,68.72375858377134,6.606881964512918,53.630084616114345,0.0,0.0,4.39041504767482,0.0,0.0,64.70005581037302,24.444064180977247,28.583699077277743,56.81248676654473,0.0,0.0,155.26999999999998,79.33051862813645,37.56721319991618,4.39041504767482,17.767518060987943,24.835569398847298,12.13273413692322,30.360794457424863,20.771211599071872,0.0,0.0,4.736862953800049,54.44816627860619,0.0,37.67676516390839,23.38993492268242,-6.170669670220726,-3.862612406664315,3.6403311443409936,4.216760786353364,-4.5698018719037625,0.5517241379310345,3,4,0,4,0,0,8,0,8,11,0,5,3,0,3,0,8,5,3.007100000000001,0,2,1,0,0,0,0,0,0,0,0,0,0,0,0,0,0,0,0,0,0,1,4,0,0,0,0,0,5,1,1,0,0,0,0,0,0,0,2,1,0,0,0,0,0,0,0,0,0,0,0,0,0,0,0,0,0,0,0,0,0,0,0,18,6.737179487179487,5,5,0.0,0.05641025641025641,0.15733207862255033,0.15097840755735495,0.1509784075573549,5255.0,4,0.15503569179566046,0.015704045221140935,0.15097840755735495,0.17077004690825517,0.11544641905521366,0,0,0,0,0,1,1,4,0.725,0.225,0.025,0.0,0,0,0,0,1,0,0,0,0,1,1,0,1,0,1,1,0,1,0,1,1,1,1,0,0,0,0,0,0,0,1,1,1,0,0,1,0,1,1,0,0,1,1,0,1,0,0,1,0,0,0,0,0,0,0,0,1,1,0,0,1,0,0,1,0,1,1,1,0,0,1,0,0,1,1,1,1,1,1,1,0,0,1,1,0,0,1,1,1,0,1,0,0,0,0,0,1,0,0,0,0,0,1,1,0,0,0,1,1,1,1,0,1,0,0,0,1,0,0,1,0,0,1,0,1,1,1,1,0,1,0,0,0,0,0,0,0,0,0,0,0,0,0,0,0,0,0,0,0,0,0,0,0,0,0,0,1,0,0,0,0,0,0,0,0,0,0,0,0,1,1,0,1,0,0,0,0,0,1,0,1,1,0,0,0,1,0,0,1,1,1,1,0,0,1,0,1,1,0,1,0,0,1,1,0,0,1,0,0,0,0,1,0,0,0,0,0,1,1,1,1,1,0,0,0,0,1,0,0,1,0,1,1,0,1,1,1,1,1,1,0,0,1,0,0,1,1,0,1,0,0,0,0,1,1,0,1,1,1,1,1,1,1,0,1,0,1,0,0,1,1,1,0,1,0,1,1,1,1,1,1,0,1,1,1,1,0,1,0,1,1,0,1,1,1,1,0
11338033.0,382.2,C1CNCCC1NC(=O)C2=C(C=NN2)NC(=O)C3=C(C=CC=C3Cl)Cl,OVPNQJVDAFNBDN-UHFFFAOYSA-N,2.6,AT7519,12.456889471659494,0.09593866584487065,-0.5065589044259677,0.6529263890140131,14.96,382.2510000000001,1.12,3.0354444734220425,1.7276213511633824,611945.6058418838,7.860510380623547,15.950365812018994,5.693927994848461,0.0,0.0,11.814359458703011,0.0,14.68775617644468,0.0,5.098681808301038,0.0,29.268246848926644,38.06389019460039,6.041840829147961,27.492947965476286,9.589074368143644,40.703625513851605,0.0,20.830940824614736,0.0,18.88348407499998,18.406301415831482,45.698590891026015,0.0,15.950365812018994,5.687386274683562,0.0,23.20187978046503,41.143076716278195,0.0,0.0,33.68809710054112,10.045266627482652,0.0,98.91,5.907179729351506,9.589074368143644,0.0,38.93905294721113,0.0,25.93115605767717,6.196843571613076,18.19910120538483,0.0,26.147729428621066,23.20187978046503,0.0,12.08357911320562,24.897403420037197,15.744484765051062,0.6103943525042925,-0.8214148715041565,3.090863459198596,1.7272247268760474,0.0,0.3125,4,0,1,1,2,1,0,0,4,9,2,4,0,1,1,0,0,3,2.4505999999999997,0,0,0,0,0,2,1,0,0,0,0,0,1,4,0,0,0,0,0,0,0,0,0,0,1,0,0,0,0,0,0,0,0,0,0,0,0,0,0,0,0,0,0,0,0,0,0,0,0,1,0,0,0,0,0,0,0,0,0,0,0,0,0,13,5.286666666666667,3,3,0.0,0.08999999999999998,0.1995537725366239,0.18637681159420288,0.18637681159420288,1586.0,3,0.1962079485469922,0.013352597739816717,0.18637681159420288,0.20713886945026772,0.17584088585821267,0,0,0,0,0,1,2,1,0.64,0.08,0.0,0.2,0,0,1,0,1,1,0,0,0,0,0,0,1,0,0,0,0,1,0,0,0,1,0,0,0,0,1,0,0,1,1,0,1,0,0,0,0,1,0,0,0,1,0,0,0,0,0,1,1,0,0,1,0,1,0,0,0,0,0,0,0,0,0,0,0,0,1,0,0,0,0,0,0,0,1,1,1,0,0,0,1,1,0,1,0,1,0,0,1,0,0,0,1,0,0,0,1,0,1,1,1,1,1,0,1,0,0,0,0,0,1,0,1,0,0,0,0,0,0,0,0,1,0,0,1,1,0,1,1,1,0,0,0,0,0,0,0,0,0,0,0,0,0,0,0,0,0,0,0,0,0,0,0,0,0,0,0,0,0,0,0,0,0,0,0,0,0,0,0,0,0,0,0,0,0,0,0,0,0,0,0,0,1,1,1,0,0,0,0,0,0,0,0,0,0,1,0,0,0,1,0,0,0,0,0,0,0,0,0,1,1,0,1,1,0,0,1,1,0,0,1,1,1,0,1,1,1,1,1,0,1,0,0,1,1,0,0,1,0,0,1,1,0,0,0,0,0,1,1,0,1,1,0,0,1,1,0,0,1,1,0,1,0,1,1,1,1,1,1,0,0,0,1,0,1,1,0,1,0,0,1,1,0,1,1,0,1,0,1,1,0,1,1,1,1,1,0
16659841.0,348.76,CC1=CC(=NN1)NC2=NC(=NC=C2Cl)NC(C)C3=NC=C(C=N3)F,PDOQBOJDRPLBQU-QMMMGPOBSA-N,2.4,AZD1480,12.881540890820986,0.3127281746031749,-0.49122667105878315,0.6505657114536998,12.0,348.7730000000001,1.2083333333333333,2.96087490805868,1.7603855163454318,344006.29031788965,6.749502516439852,10.633577208012662,10.847037811741252,17.45294639671595,5.948339280986494,0.0,0.0,5.098681808301038,19.342350610516444,10.082660329248245,0.0,11.600939890232516,13.847474399381248,11.760295063310071,24.63237154398719,4.39041504767482,29.18500472688907,0.0,30.13327770039091,0.0,19.88931522852921,10.633577208012662,47.01508443093644,0.0,10.633577208012662,21.974479884331373,0.0,11.600939890232516,30.13327770039091,0.0,12.740958040736519,24.483910521686973,5.022633313741326,0.0,104.30000000000001,5.817220841045895,4.39041504767482,0.0,6.041840829147961,28.431102648397808,18.087615138074614,6.196843571613076,0.0,19.913841467842857,40.76685490840357,11.600939890232516,12.881540890820986,6.104268570690527,16.277562721731044,13.287894353509227,0.9056554097891583,1.2623153816923252,3.6837472774539877,3.7008947806242176,0.0,0.21428571428571427,3,0,0,0,0,3,1,0,7,10,3,5,0,0,0,0,1,3,3.00732,0,0,0,0,0,6,1,0,0,0,0,0,5,3,0,0,0,0,0,0,0,0,0,0,3,1,0,0,0,0,0,0,0,0,0,0,0,0,0,0,0,0,0,0,0,0,0,0,0,0,0,0,0,0,0,0,0,0,0,0,0,0,0,14,5.3768115942028984,3,3,0.0,0.09420289855072465,0.20370189494988233,0.19894598155467721,0.19894598155467721,1484.0,3,0.19340414496662117,0.013122677337104736,0.19894598155467721,0.1871868303564994,0.18527303997012445,0,0,0,0,0,1,3,0,0.5833333333333334,0.0,0.0,0.3333333333333333,0,0,1,1,0,0,0,0,1,0,1,0,0,0,1,0,0,0,0,0,0,1,0,1,0,0,1,0,0,1,0,0,0,0,1,1,0,0,0,1,0,0,0,0,0,0,1,0,1,0,0,1,1,0,1,0,0,1,0,0,1,1,0,0,0,1,0,0,0,0,1,0,0,0,0,1,1,1,0,0,0,0,0,1,0,0,1,0,1,0,0,1,1,1,0,0,1,0,0,0,0,0,1,0,0,0,0,1,0,1,0,0,1,0,0,0,0,0,0,0,0,0,1,0,1,0,1,0,0,1,0,0,0,0,0,0,0,0,0,0,0,0,0,0,0,0,0,0,0,0,0,0,0,0,0,1,0,0,0,0,0,0,0,0,0,0,0,0,1,0,0,0,1,0,0,0,0,0,0,0,0,0,1,1,1,0,0,0,0,0,0,0,0,0,0,1,0,0,0,1,0,0,0,0,0,0,0,1,0,1,1,0,0,1,0,0,0,1,0,0,0,0,0,0,1,0,1,0,1,0,0,0,0,1,0,0,1,1,0,0,0,0,0,0,0,0,0,0,0,0,1,1,0,0,1,1,0,0,0,0,0,1,0,1,1,1,0,1,0,0,0,0,1,0,1,1,0,0,0,1,1,1,0,0,0,0,1,0,1,0,1,1,1,1,0,1,0
9525.0,223.31,C(=C[As](=O)(Cl)Cl)Cl,UQKJRDWYYZHIOR-UHFFFAOYSA-N,,Afatinib (BIBW-2992),10.234961419753086,1.0555555555555558,-3.5620659722222223,0.6223393055115665,13.0,223.318,1.4285714285714286,1.2958363892911637,3.8243334651287073,18.14170945007629,3.0861966011317636,0.0,0.0,0.0,0.0,0.0,57.24653056677779,0.0,0.0,0.0,0.0,0.0,0.0,0.0,0.0,3.739489136565806,43.10807945036032,0.0,0.0,0.0,0.0,0.0,10.39896197985166,0.0,0.0,0.0,0.0,31.500254165378784,11.607825284981539,3.739489136565806,0.0,0.0,0.0,0.0,17.07,11.607825284981539,3.739489136565806,0.0,0.0,0.0,10.39896197985166,0.0,0.0,0.0,0.0,31.500254165378784,10.234961419753086,1.417623456790123,1.100115740740741,0.0,1.0555555555555558,0.0,0.0,0.0,10.087577160493826,0.0,0,0,0,0,0,0,0,0,1,5,0,1,0,0,0,0,0,0,2.1250999999999998,0,0,0,0,0,0,0,0,0,0,0,0,0,0,0,0,0,0,0,0,0,0,0,0,0,0,0,0,0,0,0,0,0,0,0,0,0,0,0,0,0,0,0,0,0,0,0,0,0,0,0,0,0,0,0,0,0,0,0,0,0,0,0,4,2.1904761904761907,0,0,0.0,0.2857142857142857,0.3763226070589651,0.2380952380952381,0.2380952380952381,46.0,4,0.47817896389324954,0.0351914517104169,0.2380952380952381,0.3020714576600706,0.3464606187548695,0,0,0,0,0,0,0,0,0.2857142857142857,0.14285714285714285,0.0,0.0,0,0,0,1,0,0,0,0,1,0,0,0,1,0,0,1,0,0,0,0,0,1,0,0,1,0,0,0,0,1,0,0,0,0,0,0,0,0,0,0,0,0,0,0,0,0,0,0,0,0,0,0,0,0,0,0,1,0,0,0,0,0,0,0,0,1,0,0,0,0,0,0,0,0,0,0,0,0,0,0,0,0,0,0,0,0,0,0,0,0,1,0,0,0,0,0,0,0,0,0,0,0,0,0,0,0,0,0,1,0,0,0,0,0,0,0,0,0,0,0,0,0,0,0,0,1,0,0,0,1,0,0,0,1,0,0,0,0,0,0,0,0,0,0,0,0,0,0,0,0,0,0,0,0,0,0,0,0,0,0,0,1,0,0,0,0,0,0,0,0,0,0,0,0,1,0,0,0,0,0,0,0,0,0,0,0,0,0,0,0,0,0,0,0,0,0,0,0,0,0,0,0,0,0,0,0,0,0,0,0,0,0,0,0,0,0,0,0,0,0,0,0,0,0,0,0,0,0,0,1,0,0,1,1,0,0,1,1,0,0,0,0,1,0,0,0,0,0,0,0,0,0,0,0,1,0,0,0,0,0,1,0,0,0,1,0,0,0,0,0,0,0,0,0,0,0,0,0,1,0,0,0,0,0,0,0,0,0,0,0,0,0,0,0,1,0,0
11977753.0,469.5,CC(C)(C#N)C1=CC=C(C=C1)N2C3=C4C=C(C=CC4=NC=C3N(C2=O)C)C5=CC6=CC=CC=C6N=C5,JOGKUKXHTYWRGZ-UHFFFAOYSA-N,5.2,BEZ235,13.407465839626127,0.1487330871155721,-0.6094675124162523,0.3236299364019045,11.833333333333334,469.5480000000002,0.8611111111111112,3.177706822516373,1.5920983929372514,234470212.05205664,7.89109502524953,0.0,0.0,0.0,0.0,0.0,5.689743398203474,19.102156337477126,4.794537184071822,5.261891554738487,0.0,36.39820241076966,61.3725797935449,29.580415474916855,45.43524449895074,0.0,32.83925129939463,5.261891554738487,19.102156337477126,7.04767198267719,19.26246486877803,0.0,101.23782403873778,22.883510570869827,5.689743398203474,0.0,0.0,0.0,19.102156337477126,12.46266245207397,11.33111286753076,19.410925891078243,0.0,49.65354055747219,76.5,5.41499046939678,10.056428738810308,0.0,5.689743398203474,0.0,55.216992049169185,0.0,22.378714849872974,74.64162158714882,34.23627956007152,0.0,3.351267229885781,0.0,22.66369244876406,11.458421955250955,6.203156397122758,0.0,3.629753842910131,3.76675618446542,1.7628422833779975,0.13333333333333333,0,0,0,0,0,3,0,0,6,6,3,3,0,0,0,0,0,6,5.893780000000005,0,0,0,0,0,4,0,0,0,0,0,0,5,0,0,0,0,0,0,0,0,0,0,0,0,1,0,0,4,0,0,0,0,0,0,1,0,0,0,0,0,0,0,0,0,0,0,1,0,0,0,0,2,0,0,0,0,0,0,0,0,0,0,17,6.344444444444444,6,6,0.0,0.06507936507936506,0.16623084852760303,0.15718954248366013,0.15718954248366013,3997.0,4,0.16469378476855923,0.012045031156908031,0.15718954248366013,0.1610955395596326,0.12829331044926467,0,0,0,0,0,1,6,0,0.8333333333333334,0.027777777777777776,0.0,0.1388888888888889,0,0,1,1,0,1,0,1,0,0,1,1,1,1,0,0,0,0,0,1,0,0,0,0,1,0,0,0,0,0,0,0,0,0,1,1,1,0,1,0,0,1,1,0,0,0,1,1,0,1,0,0,0,0,1,0,1,0,0,1,1,0,1,0,0,1,1,1,0,0,0,0,0,0,1,1,1,0,1,1,0,1,1,1,0,0,0,0,1,0,0,0,0,0,0,1,0,0,0,0,0,0,1,0,0,0,1,1,0,1,0,0,0,0,0,0,1,1,0,1,0,1,0,1,1,0,0,0,0,1,0,0,0,0,0,0,0,0,0,0,0,0,0,0,0,0,0,0,0,0,0,0,0,0,0,0,0,0,0,0,0,0,0,0,0,0,0,1,0,0,0,1,0,0,0,0,0,0,0,0,0,0,0,0,0,0,0,0,0,0,0,0,1,0,0,1,1,0,0,0,0,0,0,0,1,1,0,1,0,1,1,0,0,1,0,1,0,0,0,0,0,0,0,1,0,0,1,0,1,0,0,1,0,0,0,1,1,0,0,0,1,0,1,1,0,0,0,1,0,0,1,1,1,0,0,1,0,1,0,0,0,0,0,1,0,1,0,1,0,0,0,1,1,1,1,1,0,0,1,1,1,0,0,0,1,0,1,0,1,0,1,1,1,1,1,1,0
11364421.0,521.7,CCC1C(=O)N(C2=CN=C(N=C2N1C3CCCC3)NC4=C(C=C(C=C4)C(=O)NC5CCN(CC5)C)OC)C,XQVVPGYIWAGRNI-JOCHJYFZSA-N,3.7,BI-2536,13.134548027166531,0.08980640446650345,-0.22662444095240186,0.5703394097150783,20.94736842105263,521.6660000000004,1.131578947368421,3.4619111225168075,1.3751490134613775,527411995.3443799,11.1465794303837,30.070169354364143,17.478738937115427,5.817862777835028,11.855519010338,5.907179729351506,0.0,9.589074368143644,4.9839785209472085,4.9839785209472085,0.0,19.765380445542643,70.44039411451722,24.69480513267011,18.99402738757417,14.325937321943693,34.95533406689165,0.0,20.184655376751227,0.0,69.99501104761659,49.41126238416436,29.9593962686949,5.749511833283905,25.170259623513665,23.140974608188646,5.749511833283905,0.0,79.10240303734884,4.794537184071822,0.0,62.22747723594152,0.0,0.0,102.92999999999999,0.0,9.589074368143644,0.0,23.898041116998932,28.990529709798917,56.6988699789738,12.841643245852019,37.3869569633415,6.06636706846161,39.38878437302864,9.720841474747257,5.62502339845233,0.0,41.64958544332834,6.436681303705113,1.948195065582592,1.7391548513942117,8.80446158769195,4.0248514282844035,5.484973543853895,0.5714285714285714,2,1,2,3,2,1,1,0,8,10,3,7,1,1,2,0,1,5,3.5568000000000017,0,0,0,0,0,2,0,0,0,0,0,0,5,2,0,0,1,1,0,0,0,0,0,0,4,0,0,0,1,0,1,0,0,0,0,0,0,0,0,0,0,1,0,0,0,0,0,0,0,1,0,0,0,0,0,0,0,0,0,0,0,0,0,18,7.16927453769559,5,5,0.0,0.05974395448079659,0.16182232263503965,0.17136873715821088,0.17136873715821088,5040.0,3,0.14519649806204918,0.011372131316747079,0.17136873715821088,0.16570147593164783,0.11562033602873663,0,0,0,0,0,1,2,2,0.7368421052631579,0.07894736842105263,0.0,0.18421052631578946,0,0,1,0,1,1,1,1,0,0,0,0,1,0,0,0,1,1,1,0,0,0,0,0,0,0,0,0,0,1,0,0,1,0,1,1,1,0,0,0,1,1,0,0,0,1,1,1,1,0,0,0,1,0,0,0,0,1,0,0,1,0,0,0,1,1,1,1,0,0,0,0,1,0,1,1,1,0,0,0,0,1,1,1,0,0,1,0,1,0,0,0,0,1,0,0,1,0,0,1,1,0,1,0,1,0,0,1,1,1,0,0,0,0,0,1,0,0,0,0,1,1,0,1,1,1,0,1,1,1,0,0,0,0,0,0,0,0,0,0,0,0,0,0,0,0,0,0,0,0,0,0,0,0,0,1,0,0,0,0,0,0,0,0,0,0,0,0,1,0,0,0,0,0,0,0,0,0,0,0,0,0,0,0,0,0,0,0,0,0,0,0,1,0,0,1,0,0,0,0,0,0,0,0,0,1,0,1,0,1,1,0,0,0,0,1,1,0,0,0,1,0,1,1,0,1,1,0,1,0,1,1,0,0,1,1,1,0,1,0,1,1,0,1,1,1,1,1,1,0,1,1,1,0,0,1,1,1,1,1,0,1,0,1,0,1,1,1,1,0,0,1,1,1,1,1,1,1,1,1,1,1,1,1,1,1,1,1,1,1,1,1,1,1,1,1,0
9813758.0,255.32,CC1=CC2=C(C=C1)N=C(C3=NC=C(N23)C)NCCN,PSPFQEBFYXJZEV-UHFFFAOYSA-N,2.3,BMS-345541,5.540650240812578,0.5689143728479046,0.5689143728479046,0.7493932675754699,11.31578947368421,255.32500000000002,1.3157894736842106,2.7906177646141543,2.3459920411928845,34051.11796382191,4.512098560693943,11.050456081168516,0.0,11.465039998602755,0.0,0.0,0.0,4.400694606261793,9.967957041894417,0.0,0.0,6.06636706846161,31.54366002800146,24.980284378286687,11.033401435232523,0.0,22.498441433835282,0.0,14.36865164815621,5.733667477162185,13.847474399381248,18.406301415831482,35.65332426354337,0.0,11.050456081168516,5.817862777835028,0.0,0.0,27.45816445998136,0.0,13.847474399381248,11.257379486545457,0.0,16.68057865600025,68.24,0.0,0.0,0.0,0.0,13.08951281182515,28.19236942868374,5.563451491696996,0.0,12.263210640074686,45.665648788467,5.733667477162185,2.133118858654573,0.0,9.093371126228268,3.2379674508692364,10.750127780285156,0.7869472789115649,1.8674726001511717,5.386909650427867,0.0,0.2857142857142857,3,0,0,0,0,2,0,0,5,5,2,3,0,0,0,0,0,3,1.86994,0,0,0,0,0,3,0,0,0,0,0,0,3,1,1,0,0,0,0,0,0,0,0,0,1,2,0,0,3,0,0,0,0,0,0,1,0,0,0,0,0,0,0,0,0,0,0,0,0,0,0,0,0,0,0,0,0,0,0,0,0,0,0,10,3.824561403508772,3,3,0.0,0.12280701754385963,0.22882611538461053,0.16615067079463366,0.16615067079463366,654.0,3,0.2736247909667891,0.016437392291884897,0.16615067079463366,0.12800198254605166,0.19994456806153008,0,0,0,0,0,1,3,0,0.7368421052631579,0.0,0.0,0.2631578947368421,0,0,1,1,1,0,0,0,0,0,1,1,0,0,1,0,0,0,0,0,0,1,0,0,0,0,0,0,1,1,0,0,0,1,1,1,0,0,1,0,0,1,0,0,0,0,1,1,0,0,1,0,0,0,0,0,0,0,0,0,1,0,0,0,0,1,0,1,0,0,1,0,0,0,0,1,0,1,0,0,0,1,1,1,0,0,0,1,1,0,0,0,0,0,0,0,0,0,1,0,0,0,1,1,0,0,0,0,0,1,0,0,1,0,0,0,1,1,0,1,0,0,0,0,1,0,1,0,0,1,0,0,0,0,0,0,0,0,0,0,0,0,0,0,0,0,0,0,0,0,0,0,0,0,0,0,0,0,0,0,0,0,0,0,0,0,0,0,1,0,0,0,0,0,0,0,0,0,0,0,0,0,0,0,1,0,0,0,0,0,0,0,0,0,0,1,0,0,0,0,0,0,0,0,0,0,0,1,0,1,0,0,1,1,1,1,0,0,0,0,0,0,0,0,0,0,1,0,1,0,1,1,0,0,1,1,0,0,0,0,0,1,0,0,0,0,0,0,1,0,1,1,1,0,0,1,0,0,0,0,0,1,0,1,0,1,0,1,1,0,0,0,1,0,0,1,0,1,1,1,0,1,0,1,0,1,1,0,1,0,1,1,1,1,0,1,0
3076.0,414.5,CC(=O)OC1C(SC2=CC=CC=C2N(C1=O)CCN(C)C)C3=CC=C(C=C3)OC,HSUGRBWQSSZJOP-UHFFFAOYSA-N,3.1,Bosutinib (SKI-606),13.555265810027715,0.20803883744855955,-0.9162433862433865,0.6757916364888925,18.93103448275862,414.52700000000016,1.1379310344827587,2.812118854571921,2.0558523189198885,3020643.091876138,9.325064666284545,19.273545369301054,5.749511833283905,6.103966387748303,0.0,5.907179729351506,5.969305287951849,9.589074368143644,0.0,0.0,11.761884949391115,24.26546827384644,43.92426373089781,24.90873348703355,18.04712184594327,19.06280027574374,29.32575624137803,0.0,4.899909730850478,0.0,23.17312509293888,39.19456404930754,54.09438803938988,5.749511833283905,9.636772684650527,5.687386274683562,5.749511833283905,11.761884949391115,57.17501545435919,14.325937321943691,0.0,17.737126721369794,0.0,0.0,59.080000000000005,12.073271675700152,9.589074368143644,0.0,11.15711775933368,13.08951281182515,21.89583307518224,6.923737199690624,23.771592221519125,67.52619024389773,0.0,9.473725907600098,10.828902890675838,1.54208734882842,30.158230889080457,-0.3585071806500377,1.7473855190224241,0.052814670748924986,-0.9162433862433865,2.548077373881396,5.540471876588988,0.36363636363636365,0,0,1,1,1,0,2,0,6,7,1,6,0,0,0,0,2,3,3.368500000000002,0,0,0,0,0,0,0,0,0,0,0,0,2,0,0,0,1,0,0,0,0,0,0,0,1,0,0,0,1,1,2,0,0,0,0,0,0,0,0,0,0,1,0,0,0,0,0,1,0,0,0,0,0,0,1,0,0,0,0,0,0,0,0,13,5.115763546798029,3,3,0.0,0.07635467980295567,0.18519594618617313,0.15243568691844553,0.15243568691844553,2077.0,3,0.20520304695389124,0.013609560496126083,0.15243568691844553,0.13926247320063462,0.15367028726990833,0,0,0,0,0,0,2,0,0.7586206896551724,0.13793103448275862,0.034482758620689655,0.06896551724137931,0,0,1,0,0,0,0,1,0,1,0,1,1,1,1,1,0,1,0,0,0,0,0,1,0,0,0,1,0,0,0,0,0,1,0,1,0,1,0,0,0,1,0,0,0,0,0,0,0,1,0,0,0,0,0,1,0,1,0,0,1,0,0,0,0,1,1,0,1,0,0,0,0,1,0,1,0,0,1,0,1,0,1,1,0,0,0,0,1,0,0,0,0,0,0,0,0,0,0,0,0,0,1,0,1,0,1,0,0,0,1,0,0,1,0,1,0,0,0,0,0,0,1,1,1,1,0,1,0,1,0,0,0,0,0,0,0,0,0,0,0,0,0,0,0,0,0,0,0,1,0,0,0,0,0,0,0,0,0,0,0,0,0,0,0,0,1,0,0,0,0,0,0,0,0,0,0,0,0,0,0,0,0,0,0,0,0,0,0,1,0,0,1,0,0,0,0,0,0,0,0,0,1,0,1,1,0,0,0,1,0,1,0,0,0,1,1,0,1,0,0,0,1,1,0,1,0,0,0,0,1,1,0,0,0,1,0,0,0,0,1,1,0,1,0,1,1,1,1,0,1,1,1,1,0,1,1,1,0,0,0,0,0,0,0,1,1,1,1,0,1,1,1,1,1,1,1,1,1,1,1,0,1,1,1,1,1,1,1,1,1,1,1,1,1,1,0
9956119.0,465.3,CC1=CN=C(N1)C2=CN=C(N=C2C3=C(C=C(C=C3)Cl)Cl)NCCNC4=NC=C(C=C4)C#N,AQGNHMOJWBZFQQ-UHFFFAOYSA-N,4.3,CHIR-99021,8.842475442381433,0.4515114333918444,0.4515114333918444,0.331308710882763,10.5625,465.34800000000007,0.96875,3.229244096382972,1.5327912264704515,23765621.927330483,9.641528454663158,15.617555728959871,17.71148858862723,0.0,5.948339280986494,0.0,0.0,0.0,19.935914083788834,5.261891554738487,0.0,23.20187978046503,37.255572541998674,47.96005632695116,21.84346429198378,0.0,34.968081839286555,5.261891554738487,24.91989260473604,0.0,6.923737199690624,23.723090019837812,70.2250121711754,28.714456789034653,10.633577208012662,11.766202058821523,0.0,23.20187978046503,38.009405416561194,0.0,18.254850067221383,11.257379486545457,10.045266627482652,22.64523547624238,115.19999999999999,0.0,0.0,0.0,0.0,51.9827654826747,16.82083097824245,6.196843571613076,36.65915541707259,19.059325580944506,30.569491291801494,33.44774985615073,0.0,12.536078950324917,20.936456546941663,16.250433424489962,3.5404058382746846,1.7918023849105613,4.983292746356412,3.060560134208326,0.0,0.13636363636363635,3,0,0,0,0,3,0,0,7,10,3,7,0,0,0,0,0,4,4.939600000000002,0,0,0,0,0,5,1,0,0,0,0,0,5,3,0,0,0,0,0,0,0,0,0,0,2,1,0,0,0,0,0,0,0,0,0,1,0,0,0,0,0,0,0,0,0,0,0,0,0,0,0,0,1,0,0,0,0,0,0,0,0,0,0,17,6.717741935483871,4,4,0.0,0.07056451612903225,0.1764331984645168,0.19059139784946239,0.19059139784946239,3332.0,3,0.15592344869123886,0.011014829984181337,0.19059139784946239,0.16759044199857392,0.13491625547569658,0,0,0,0,0,1,4,0,0.6875,0.0,0.0,0.25,0,0,1,1,0,0,0,0,0,0,1,0,0,1,0,0,0,0,0,0,0,1,1,0,1,0,0,0,1,1,0,0,0,1,1,1,1,0,1,1,0,0,1,0,0,0,1,1,1,1,1,1,0,0,0,0,0,0,0,1,1,1,0,1,0,1,0,1,0,1,0,1,0,1,0,1,0,1,0,0,0,0,1,1,0,0,0,0,1,0,1,0,1,0,0,0,0,0,1,0,0,0,1,0,1,1,1,1,0,1,0,1,1,0,1,0,0,0,0,0,0,0,0,0,1,0,0,0,0,1,0,0,0,0,0,0,0,0,0,0,0,0,0,0,0,0,0,0,0,0,0,0,0,0,0,1,0,0,0,0,0,0,0,0,0,0,0,0,1,0,0,1,0,0,0,0,0,0,0,0,0,0,0,0,1,0,0,0,0,0,0,0,1,0,0,1,0,0,0,0,0,0,0,0,0,0,0,1,0,1,1,0,1,1,0,0,0,1,0,0,0,0,0,0,0,0,1,0,1,0,1,0,0,1,1,0,1,1,0,0,0,1,0,0,0,0,0,0,1,0,1,1,0,0,0,1,0,0,0,0,0,1,0,1,1,1,0,1,1,0,0,0,1,0,1,1,0,1,0,0,1,1,0,1,0,1,1,0,1,0,1,1,1,1,0,1,0
6918454.0,478.7,C1CC1CONC(=O)C2=C(C(=C(C=C2)F)F)NC3=C(C=C(C=C3)I)Cl,GFMMXOIFOQCCGU-UHFFFAOYSA-N,5.6,CI-1040 (PD184352),14.276656614806415,0.07933925422020649,-1.1625374254640122,0.45190369246868806,13.6,478.664,1.28,3.3808191944991313,1.8462304222577437,719742.5983169201,7.839102310984525,5.316788604006331,0.0,11.63444168209179,0.0,5.907179729351506,0.0,9.632125767808455,14.260926693470841,0.0,0.0,11.600939890232516,71.68225526138953,3.5701822710653963,28.567739319318363,18.412955863158096,51.47376279601921,0.0,5.480096598121202,5.917906046161393,12.841643245852019,11.923670568519249,56.12254410090356,0.0,10.796885202127534,20.15560264471676,0.0,34.191810517300574,12.514061693864424,4.8375885837366335,21.122529999318576,23.199631921620835,5.022633313741326,0.0,50.36,17.541621411443295,13.575367279421462,0.0,11.250837766380558,23.2348075990992,22.478192585379023,6.06636706846161,18.19910120538483,0.0,33.38775582919559,16.43852847396915,28.80889678099914,8.201057136478838,17.37874327472427,3.02874793423134,2.250269473838919,-2.4433573261749926,2.1372187552296333,0.4038978215380633,0.0,0.23529411764705882,2,1,0,1,1,0,0,0,3,8,0,6,1,0,1,0,0,3,5.0378000000000025,0,0,0,0,0,0,0,0,0,0,0,0,0,2,0,1,0,0,0,0,0,0,0,0,2,0,0,0,0,0,0,0,0,0,0,0,0,0,0,0,0,0,0,0,0,0,0,0,0,0,0,0,0,0,0,0,0,0,0,0,0,0,0,13,5.176666666666667,3,3,0.09333333333333334,0.08999999999999998,0.19949664932714087,0.18159420289855072,0.18159420289855072,1553.0,3,0.20237108594350658,0.014180511529694252,0.18159420289855072,0.1836661926467717,0.16950877255728053,0,0,0,0,1,0,2,1,0.68,0.08,0.0,0.08,0,0,1,0,0,0,0,1,0,1,1,0,1,0,1,0,0,0,0,0,0,1,0,1,0,0,0,0,0,0,0,1,1,0,0,0,0,0,0,1,0,1,0,0,0,0,0,1,0,1,1,1,0,1,0,0,0,1,0,0,1,1,0,1,0,1,1,0,0,1,1,0,0,1,1,0,0,0,0,0,0,0,1,1,0,0,0,0,1,0,1,0,0,1,0,0,0,0,0,0,0,0,1,0,1,1,1,0,0,1,0,0,1,0,1,0,1,0,0,0,0,0,1,0,1,1,0,1,0,0,0,0,0,0,0,0,0,0,0,0,0,0,0,0,0,0,0,0,0,0,0,0,1,0,1,0,0,1,0,0,0,0,0,0,0,0,0,0,0,0,0,0,1,0,0,0,0,0,0,0,0,0,0,1,0,0,0,0,0,0,0,0,0,0,0,0,0,0,0,1,0,1,1,0,0,0,0,0,0,0,1,0,0,0,0,0,0,1,0,0,0,1,1,0,1,0,0,1,0,0,0,0,1,1,1,0,0,1,0,1,1,1,0,0,0,0,0,1,0,0,0,0,0,0,1,1,1,0,0,1,0,1,0,1,1,1,0,0,0,0,0,0,1,0,1,1,0,1,0,0,1,1,0,1,1,1,1,1,1,1,0,1,1,1,1,1,0
24956525.0,586.6,C1CC1(C(=O)NC2=CC=C(C=C2)OC3=C4C=C(NC4=NC=C3)C(=O)NCCN5CCOCC5)C(=O)NC6=CC=C(C=C6)F,PKOVTRMHYNEBDU-UHFFFAOYSA-N,3.8,Cabozantinib,13.169339625496466,0.22492076110630843,-1.1597309797998903,0.20685054924324148,15.930232558139535,586.6240000000001,0.9534883720930233,3.7218587254750815,1.0533197155183427,9117008442.571653,12.19850571081555,30.408070240566296,34.072340192626676,0.0,11.814359458703011,5.907179729351506,0.0,19.28352128306594,9.374393568622029,0.0,0.0,0.0,73.50531393046813,43.7506417446305,18.59998814349063,28.247752507490382,40.129713172654164,0.0,20.184655376751223,5.41499046939678,12.841643245852019,50.0263667606888,78.37166309212354,11.49902366656781,20.68722876581904,15.765187597041944,11.49902366656781,0.0,71.98219551347553,14.325937321943691,11.232211310442676,23.330108424772302,0.0,11.033401435232523,137.68,23.046570769145685,18.774026599890284,0.0,5.907179729351506,72.20128922680635,19.634269217737724,24.26546827384644,42.59504598238274,0.0,30.818232584763884,9.473725907600098,24.60876145487948,0.0,48.1799389169591,9.100433499623167,0.6840882256641008,-0.4319566991651578,2.4446748539950636,4.409694656812597,0.0,0.2903225806451613,4,1,1,2,3,2,0,0,7,12,3,10,1,1,2,0,0,6,3.913700000000002,0,0,0,0,0,2,1,0,0,0,0,0,2,4,0,0,0,0,0,0,0,0,0,0,2,0,0,0,1,0,2,0,0,0,0,0,0,0,0,0,0,0,1,0,0,0,0,0,0,0,0,0,1,0,0,0,0,0,0,0,0,0,0,26,9.22923588039867,6,6,0.050387596899224806,0.05315614617940198,0.15219854531219904,0.20071307025362617,0.20071307025362617,8334.0,4,0.11329696609409998,0.009561211133473616,0.20071307025362617,0.1815509723388902,0.08459606916166128,0,0,0,0,1,1,4,2,0.7209302325581395,0.11627906976744186,0.0,0.13953488372093023,0,0,1,0,1,0,0,0,1,1,1,0,1,1,0,1,1,1,1,0,0,1,0,0,0,0,1,0,0,1,1,0,1,0,0,1,0,0,1,0,0,1,0,0,0,0,1,0,0,0,0,0,1,0,0,1,1,1,0,1,0,1,1,0,0,1,0,1,1,0,0,1,0,0,1,0,1,1,0,1,1,0,1,1,0,0,0,0,1,0,0,0,1,0,0,0,0,1,0,0,0,0,1,0,1,0,1,0,0,1,0,0,0,0,1,0,0,0,0,0,0,0,0,1,1,0,1,1,0,1,0,0,0,0,0,0,0,0,0,0,0,0,0,0,0,0,0,0,0,0,0,0,1,0,0,0,0,0,0,0,0,0,0,0,0,0,0,0,1,0,0,0,1,0,0,0,0,0,0,0,0,0,0,1,1,0,0,1,0,0,0,0,0,0,0,1,1,0,0,0,0,0,0,0,0,1,0,1,0,1,1,0,1,1,0,1,1,1,0,1,1,1,1,0,0,1,1,1,1,0,1,1,0,0,1,1,0,1,0,1,1,1,1,1,0,0,0,1,1,0,1,1,1,0,0,1,1,1,1,1,0,1,1,1,1,1,1,1,1,0,1,0,1,1,0,1,1,1,1,0,0,1,1,1,1,1,1,1,1,1,0,1,1,1,1,1,0
9933475.0,450.5,CC1=CC2=C(N1)C=CC(=C2F)OC3=NC=NC4=CC(=C(C=C43)OC)OCCCN5CCCC5,XXJWYDDUDKYVKI-UHFFFAOYSA-N,4.9,Cediranib (AZD2171),15.026190779677208,0.09972784673275137,-0.4365434465570093,0.37102530780077236,14.272727272727273,450.51400000000035,1.0303030303030303,3.4742172084751988,1.3793686005959498,59273995.00925388,9.229951711689049,24.094477113197833,6.3273200747645415,23.065756340897607,5.879988336435371,0.0,0.0,0.0,14.358372089569237,0.0,0.0,0.0,63.541183154140235,29.207976401303704,24.619604437871512,18.60100390907497,21.805849864162113,0.0,19.851845293692104,0.0,26.186202068468653,33.35094872352818,48.17030425296695,23.128523836287084,14.210588861400147,4.39041504767482,23.128523836287084,0.0,53.20279401722027,0.0,12.740958040736519,24.95639286362649,0.0,21.805849864162113,72.5,5.817220841045895,0.0,4.39041504767482,11.629500169719275,34.39505477762658,24.176206741303307,32.25847613244171,31.37526581512397,12.990104268152233,19.851845293692104,14.210588861400147,32.47487014338668,0.0,14.181369115049018,1.0917330867673756,2.234848198573741,1.090376067284888,4.9126829373619625,5.864501571247562,1.5877178906584568,0.36,1,0,1,1,0,2,0,0,6,8,3,8,0,1,1,0,0,5,5.224220000000004,0,0,0,0,0,3,1,0,0,0,0,0,3,1,0,0,0,1,0,0,0,0,0,0,0,1,0,0,2,0,3,0,0,0,0,0,0,0,0,0,0,1,0,0,0,0,0,0,0,0,0,0,0,0,0,0,0,0,0,0,0,0,0,18,6.746212121212121,5,5,0.0,0.07007575757575757,0.17375698195151967,0.1853616813294233,0.18536168132942327,3562.0,3,0.15541265139398494,0.01056132217715037,0.1853616813294233,0.16557351264358083,0.14524766076319873,0,0,0,0,0,2,4,1,0.7575757575757576,0.09090909090909091,0.0,0.12121212121212122,0,0,1,0,1,0,1,0,0,0,1,0,0,0,1,1,1,0,0,1,1,1,0,1,0,0,0,0,0,0,0,0,1,0,0,1,0,0,0,1,0,1,0,0,1,0,1,0,0,0,1,0,1,0,0,0,0,1,0,0,1,1,0,0,0,0,0,0,0,0,1,0,0,0,1,1,1,0,0,1,1,0,1,1,0,0,0,0,1,0,0,0,1,1,0,1,1,0,0,0,0,0,1,0,0,0,0,1,0,1,0,0,1,0,1,0,0,0,0,0,0,1,0,1,1,0,0,0,0,1,0,0,0,0,0,0,0,0,0,0,0,0,0,0,0,0,0,0,0,0,0,0,0,0,0,0,0,0,0,0,0,0,0,0,0,0,0,0,0,0,0,0,1,0,0,0,0,0,0,0,0,0,0,0,0,0,0,0,0,0,0,0,0,0,0,1,0,0,0,0,0,0,1,0,0,1,0,1,0,0,1,0,0,1,0,1,1,1,0,0,0,0,1,1,0,0,1,1,1,0,1,1,0,0,0,1,0,1,0,1,1,1,0,1,0,0,0,1,1,0,1,1,1,0,0,1,1,1,1,1,0,0,1,0,1,0,0,1,1,0,0,0,1,1,1,1,1,1,1,1,1,1,1,1,0,1,1,1,1,1,1,1,1,1,1,1,0
300471.0,400.5,CN(C(=S)C1=CC=CC=C1)NC(=O)CC(=O)NN(C)C(=S)C2=CC=CC=C2,BKJIXTWSNXCKJH-UHFFFAOYSA-N,2.9,Elesclomol,12.096380893036738,0.35765274628369803,-0.4793420361971943,0.46534178892908706,9.851851851851851,400.5290000000001,0.7407407407407407,2.672626391044817,1.8337417670413516,916090.8028056499,9.746357628243448,0.0,16.397825826402393,0.0,11.814359458703011,0.0,0.0,30.458482210273473,0.0,0.0,0.0,85.0994175707095,0.0,25.22224694874837,0.0,9.589074368143644,46.227110548272776,0.0,20.86940784212983,0.0,6.4208216229260096,14.09534396535438,71.7905736680101,0.0,10.85158279422077,0.0,0.0,24.43574688609339,45.90453267544284,9.589074368143644,0.0,17.54772460632,0.0,0.0,64.68,11.814359458703011,9.589074368143644,0.0,6.4208216229260096,9.977004203476382,11.126902983393991,10.017825047909064,14.09534396535438,60.6636706846161,10.85158279422077,24.43574688609339,0.0,10.637644524374114,25.094116596204373,2.8305504115226334,6.765970430886419,-0.9586840723943881,-0.35765274628369803,0.0,3.2535554715713446,0.15789473684210525,2,0,0,0,2,0,0,0,4,8,0,4,0,0,0,0,0,2,2.0539000000000005,0,0,0,0,0,0,0,0,0,2,0,0,2,2,0,0,0,0,0,0,0,0,0,0,0,0,0,0,0,0,0,0,0,2,0,0,0,0,0,0,0,0,0,0,0,0,0,0,0,0,0,0,0,0,0,0,0,0,0,0,0,0,0,16,6.267806267806268,2,2,0.0,0.07977207977207978,0.19198790325299092,0.21071225071225072,0.21071225071225072,2200.0,3,0.16520908474067142,0.013329742741600604,0.21071225071225072,0.2181545459391416,0.18020388326958225,0,0,0,0,0,0,2,0,0.7037037037037037,0.07407407407407407,0.07407407407407407,0.14814814814814814,0,0,1,0,0,0,0,1,1,0,0,0,1,1,0,0,0,0,0,0,0,0,0,0,0,0,0,0,0,0,0,0,0,0,0,1,0,0,0,0,0,1,1,1,0,0,1,0,0,1,0,0,0,0,0,0,0,0,0,1,0,0,0,0,0,0,1,1,0,0,0,0,1,0,0,0,0,0,0,0,0,0,1,1,0,0,1,0,1,0,0,0,0,0,0,0,0,0,0,1,0,0,1,0,0,0,0,1,0,0,0,0,1,0,0,1,0,0,0,0,0,0,0,0,0,0,0,1,0,0,0,0,0,0,0,0,0,0,0,0,0,0,0,0,0,0,0,0,0,0,0,0,0,0,0,0,0,0,0,0,0,0,0,0,0,0,0,0,0,0,0,0,0,0,0,0,0,1,0,0,0,0,1,1,0,0,0,0,0,0,0,0,0,0,0,0,0,0,0,1,0,0,0,1,0,0,0,0,0,0,1,1,0,0,0,0,0,0,1,1,0,0,1,1,1,1,0,1,0,0,0,0,0,0,1,0,0,0,1,0,1,1,0,0,0,0,0,1,0,0,0,0,1,0,1,1,0,0,0,0,1,1,1,0,0,0,1,0,0,0,0,0,1,0,0,1,0,0,1,1,0,1,0,0,1,1,1,0,1,1,1,1,1,1,1,1,0
42642645.0,632.7,COC1=CC2=C(C=CN=C2C=C1OCCCN3CCOCC3)OC4=C(C=C(C=C4)NC(=O)C5(CC5)C(=O)NC6=CC=C(C=C6)F)F,CXQHYVUVSFXTMY-UHFFFAOYSA-N,5.5,Foretinib (XL880),15.23723745837296,0.06658043249670387,-1.277428588509745,0.1496403020296978,15.630434782608695,632.6639999999998,0.8913043478260869,3.8826637530547545,1.100038116413333,41249734674.13736,13.672856348020767,29.581029023212857,16.98172314372658,23.065756340897607,11.814359458703011,0.0,0.0,19.47296261994133,8.78083009534964,0.0,0.0,0.0,67.79340141647091,54.724843690105935,32.44714415243255,37.31735627869348,34.09205694015119,0.0,9.883888251797686,5.41499046939678,19.26246486877803,57.19828986056667,78.49495593832097,22.99804733313562,24.844166069412807,20.155602644716765,22.99804733313562,0.0,68.2629603630547,14.325937321943693,17.04943215148857,19.26246486877803,0.0,10.902924932081056,111.25,28.86379161019158,13.979489415818463,4.39041504767482,11.436898107967467,53.287371916981265,45.33522183815118,36.39820241076966,31.505742318275438,0.0,20.51746545981035,18.947451815200196,51.38719318481273,0.0,32.66607400016185,5.88517099853107,-0.1438208134343575,-0.8708183930204785,3.09048727222037,4.76119479848856,1.5451727968472058,0.3235294117647059,2,1,1,2,2,1,0,0,8,12,2,12,1,1,2,0,0,6,5.772400000000005,0,0,0,0,0,1,0,0,0,0,0,0,2,2,0,0,0,0,0,0,0,0,0,0,2,0,0,0,1,0,4,0,0,0,0,0,0,0,0,0,0,1,1,0,0,0,0,0,0,0,0,0,1,0,0,0,0,0,0,0,0,0,0,27,9.42415458937198,6,6,0.04710144927536233,0.049275362318840575,0.1471291735668834,0.19145805884936315,0.19145805884936312,9754.0,4,0.11127619443700383,0.009598787439490147,0.19145805884936315,0.17123279194419444,0.08156716299351899,0,0,0,0,1,0,4,2,0.7391304347826086,0.13043478260869565,0.0,0.08695652173913043,0,0,1,0,1,0,0,0,1,1,1,0,1,1,1,1,1,0,1,0,0,1,1,0,0,0,1,1,0,0,1,0,1,0,0,1,0,0,1,0,0,1,0,0,0,0,1,0,0,0,1,0,1,0,0,1,1,1,1,1,0,1,0,0,0,1,1,0,0,0,0,0,0,0,1,1,1,1,0,1,0,0,1,1,0,0,0,0,1,0,0,0,1,0,0,1,1,0,0,0,0,0,1,1,0,0,0,0,0,1,0,0,1,0,1,1,0,0,0,0,0,1,0,1,1,0,1,1,0,1,0,0,0,0,0,0,0,0,0,0,0,0,0,0,0,0,0,0,0,0,0,0,1,0,0,0,0,0,0,0,0,0,0,0,0,0,0,0,0,0,0,0,1,0,0,0,0,0,0,0,0,0,0,1,0,0,0,1,0,0,0,0,0,0,0,1,1,0,0,0,0,0,1,0,0,1,0,0,0,0,1,0,0,0,0,1,1,1,0,1,1,1,1,1,0,1,0,1,1,0,1,1,0,0,0,1,0,1,0,1,1,1,1,1,0,0,0,1,1,0,1,1,1,0,0,1,1,1,1,1,0,1,1,1,1,1,1,1,1,0,1,0,1,1,1,1,1,1,1,0,1,1,1,1,1,1,1,1,1,1,1,1,1,1,1,1,0
11717001.0,334.4,C1CC(=NO)C2=C1C=C(C=C2)C3=CN(N=C3C4=CC=NC=C4)CCO,DEZZLWQELQORIU-RELWKKBWSA-N,1.7,GDC-0879,9.236427001062642,0.039104366085787934,0.039104366085787934,0.5675095065479836,14.84,334.37899999999996,1.04,3.257962924539894,1.8247942794298286,1125391.6170979666,6.487449451119022,10.313780419617995,5.693927994848461,0.0,0.0,0.0,0.0,9.665781456092393,0.0,5.098681808301038,0.0,23.35481393213537,36.101280366169235,35.28088518993022,18.863323373196195,10.313780419617995,5.711685002770702,0.0,14.76446326439343,5.15571272675054,19.386399651764595,6.606881964512918,60.04926904054127,22.384282469939446,0.0,0.0,0.0,0.0,37.39681065129505,12.965578028838586,0.0,17.547724606320003,0.0,22.384282469939446,83.53,0.0,5.106527394840706,0.0,6.606881964512918,6.544756405912575,46.501062210259164,5.563451491696996,17.075490078371338,30.462311845459514,21.304740124460395,5.20725302477729,1.7628293493323255,0.0,4.069963571695763,26.362504015864715,6.863567887656544,0.0,7.088918022430377,0.4878569537191477,0.0,0.21052631578947367,2,1,0,1,0,2,0,0,6,6,2,4,0,0,0,0,0,4,2.7289000000000003,0,1,1,0,0,3,0,0,0,0,0,0,4,0,0,0,0,0,0,0,0,0,0,0,0,1,0,0,1,0,0,0,0,0,0,0,0,0,0,0,0,0,0,0,0,0,1,0,0,0,0,0,1,0,0,0,0,0,0,0,0,0,0,12,4.94,4,4,0.0,0.09333333333333332,0.19961773413116612,0.17130434782608694,0.17130434782608694,1482.0,3,0.2116926449074932,0.012359620558053681,0.17130434782608694,0.1510014181104653,0.1765657096441557,0,0,0,0,0,2,3,0,0.76,0.08,0.0,0.16,0,0,1,1,0,0,0,0,0,0,1,0,0,0,0,0,1,0,0,0,1,0,0,0,0,0,0,0,1,1,0,0,1,0,0,0,0,0,1,0,0,1,1,0,0,1,1,0,0,0,0,0,0,0,0,0,0,0,1,0,0,0,0,0,0,0,0,0,0,1,0,1,0,0,1,0,1,0,0,1,0,0,1,1,0,0,1,1,1,1,0,1,0,0,0,0,1,0,1,0,0,0,1,0,0,0,0,1,0,1,0,0,0,0,0,0,0,0,0,0,0,1,0,1,1,1,0,0,0,1,0,0,0,0,0,0,0,0,0,0,0,0,0,0,0,0,0,0,0,0,0,0,0,0,1,0,0,0,0,0,0,0,0,0,0,0,0,0,0,0,0,0,0,0,0,0,0,0,0,0,0,0,1,0,0,0,0,0,0,0,0,0,1,0,0,1,0,0,0,1,0,1,0,0,0,1,0,0,1,0,1,0,1,1,0,0,0,0,0,0,1,1,0,0,1,1,1,1,1,0,1,1,1,0,1,1,0,0,0,1,0,1,0,0,0,0,0,0,1,1,1,1,1,0,1,1,0,0,0,0,1,1,1,1,0,0,0,1,1,1,0,0,1,0,1,1,0,1,1,0,1,0,0,1,0,1,1,1,1,1,0,1,1,1,1,1,0
25113169.0,530.6,CNC(=O)C1=C(C=CC=C1F)NC2=NC(=NC3=C2C=CN3)NC4=C(C=C5C=CN(C5=C4)C(=O)CN(C)C)OC,DESOLSKAHZZIGK-UHFFFAOYSA-N,4.3,GSK-1838705A,14.559998943021384,0.07993337010881874,-0.6648870597550054,0.23597562353622997,11.23076923076923,530.5640000000003,1.1025641025641026,3.5429617293797593,1.5569455679962436,722817408.0786462,10.418752175341144,30.57111701761673,23.031772672932554,0.0,11.855519010338,5.907179729351506,0.0,14.156174015934997,4.39041504767482,9.967957041894417,0.0,6.06636706846161,50.49354637612404,24.82758334036814,41.49570292033529,18.716352369618512,56.89166043420524,0.0,29.735733545489786,0.0,0.0,45.43114710323434,66.23892895520032,5.749511833283905,20.687228765819043,27.531389655863467,5.749511833283905,0.0,71.03087429540813,0.0,5.817220841045895,15.15252585984064,0.0,21.93632636731358,129.2,11.7244005703974,13.979489415818463,0.0,29.651113182631132,33.80486303865128,5.386224214464796,19.18040611960041,47.16959526853035,26.2280781022776,30.902301374860617,4.736862953800049,21.74542393963762,0.0,39.196576029151906,10.19881703264203,1.8592458316949463,-0.23092218805304254,3.4322307755930384,0.24833901655514912,6.65145323100021,0.18518518518518517,4,0,0,0,1,3,0,0,9,12,3,8,0,0,0,0,0,5,4.108900000000003,0,0,0,0,0,4,1,0,0,0,0,0,4,4,0,0,1,0,0,0,0,0,0,0,4,0,0,0,2,0,1,0,0,0,0,0,0,0,0,0,0,1,0,0,0,0,0,0,0,0,0,0,0,0,0,0,0,0,0,0,0,0,0,17,6.89608636977058,5,5,0.0,0.058029689608636977,0.15970850017808186,0.1593536856694751,0.1593536856694751,5110.0,3,0.15048192718578113,0.01158536196643244,0.1593536856694751,0.17409833793242802,0.13454155671548632,0,0,0,0,0,2,5,0,0.6923076923076923,0.07692307692307693,0.0,0.20512820512820512,0,0,1,0,1,0,1,0,1,0,1,0,1,1,1,0,0,1,0,0,0,0,0,1,1,0,0,1,0,1,0,0,0,0,1,1,1,0,0,1,1,1,0,0,0,1,0,1,1,0,1,0,1,0,0,0,0,1,1,0,0,1,0,0,1,1,1,0,0,0,1,0,0,1,1,1,1,0,0,1,0,0,1,1,1,0,0,0,1,0,0,1,1,0,0,0,0,1,0,0,1,0,1,0,1,1,0,1,0,1,0,1,0,1,0,1,0,0,0,0,1,0,0,1,1,1,0,1,0,0,0,0,0,0,0,0,0,0,0,0,0,0,0,0,0,0,0,0,0,0,0,0,0,0,0,1,0,0,0,0,0,0,0,0,0,0,0,0,1,0,0,0,1,0,0,0,0,0,0,0,0,0,0,1,0,0,0,0,0,0,0,0,0,0,0,1,0,0,0,0,0,0,0,0,1,1,0,1,0,1,1,0,0,1,0,1,1,1,0,0,0,0,1,1,0,1,1,1,1,0,1,1,0,0,0,1,1,1,0,0,1,1,0,1,0,1,0,1,0,0,1,1,1,0,0,1,1,1,0,0,0,1,1,1,1,1,1,1,0,0,0,1,1,1,1,1,1,0,1,1,1,1,1,1,1,1,1,1,1,1,1,1,1,1,1,1,0
25124816.0,852.0,CCC1=CC(=C(C=C1N2CCC(CC2)N3CCN(CC3)S(=O)(=O)C)OC)NC4=NC=CC(=N4)C5=C(N=C6N5C=CC=C6)C7=CC(=C(C=C7)OC)C(=O)NC8=C(C=CC=C8F)F,MOSKATHMXWSZTQ-UHFFFAOYSA-N,6.8,GSK-1904529A,14.51646533269083,0.04845799996875999,-3.172485904251426,0.1332652850269747,15.540983606557377,851.9809999999993,0.8688524590163934,3.668258850308775,1.0559613980268805,50235001002705.05,17.43447605079991,25.007212846463236,34.46802884411089,0.0,15.97163043439408,5.907179729351506,0.0,14.095141521184093,32.1505626425202,4.305215991296234,0.0,19.056471336613843,79.42321997662953,75.02127124269172,48.807986016992416,31.466890171350496,44.588146208564,0.0,28.557755891250128,0.0,32.22804289761662,75.27738964040506,107.95143663025128,34.144259142810185,25.007212846463236,31.791328200386822,11.49902366656781,0.0,108.66847613562045,16.444112776333593,11.63444168209179,35.68682061300845,0.0,28.292412697010104,146.53,33.25229883953444,21.993164263750398,0.0,11.3129633249809,64.80900372693718,68.8250623957321,19.431933793250547,41.877325378033284,28.796639383259702,44.473846527274674,19.441682949494513,67.95168123460651,0.0,32.815851601524,5.749161805324075,5.258578545677129,-1.4187807103776502,7.542005840494889,6.42731385746999,-0.12820982334824516,0.3181818181818182,2,0,2,2,1,3,0,0,12,17,5,12,0,2,2,0,0,8,6.8580000000000085,0,0,0,0,0,4,0,0,0,0,0,0,7,2,0,0,0,0,0,0,0,0,0,0,4,1,0,0,1,0,2,0,0,0,0,1,0,0,0,0,0,2,0,0,0,0,0,1,0,1,1,0,1,0,0,1,0,0,0,0,0,0,0,28,10.346448087431694,8,8,0.0,0.03715846994535518,0.12772073791241367,0.15841437436324907,0.15841437436324907,18934.0,4,0.10104895110660467,0.008991981431217528,0.15841437436324907,0.1674916211751775,0.08249839499864321,0,0,0,0,0,1,6,2,0.7213114754098361,0.08196721311475409,0.01639344262295082,0.14754098360655737,0,0,1,0,0,1,1,0,0,1,1,0,1,0,1,0,0,1,0,0,0,1,0,1,0,1,1,0,1,1,0,0,1,0,1,1,0,0,0,0,1,1,0,0,0,1,1,1,1,1,1,1,1,1,1,0,0,1,1,0,0,1,0,1,1,1,1,0,1,1,1,1,1,1,1,1,1,0,0,1,0,1,1,1,0,0,1,0,1,0,1,0,0,0,0,0,1,0,0,0,1,0,1,0,1,1,0,1,0,1,0,0,0,0,0,0,0,0,0,0,1,0,0,1,1,1,0,1,0,0,0,0,0,0,0,0,0,0,0,0,0,0,0,0,0,0,0,0,0,0,0,0,0,0,0,1,0,0,0,0,0,0,1,1,0,0,0,0,1,0,0,0,1,0,0,0,0,0,0,0,0,1,0,0,0,1,0,0,1,0,1,1,1,0,1,1,0,1,0,0,0,0,0,1,0,1,0,1,0,1,1,1,0,1,0,1,1,1,1,1,0,1,1,1,1,1,1,1,1,0,1,1,1,0,0,1,1,1,1,0,1,1,1,1,1,0,1,1,1,0,1,1,1,0,1,1,1,1,1,1,1,1,0,1,1,1,1,1,1,0,1,1,1,1,1,1,1,1,1,1,1,1,1,1,1,1,1,1,1,1,1,1,1,1,1,1,0
3164.0,302.4,C1CCN(CC1)CCCCOC2CNC(=O)C3=CC=CC=C23,SNXXMVHAWWHIFJ-UHFFFAOYSA-N,2.3,GSK690693,11.810231854388842,0.003598775930124809,0.003598775930124809,0.8216333938800687,22.181818181818183,302.41799999999995,1.1363636363636365,2.5757982148011416,1.404361352701169,163779.55368991577,7.746285958140277,14.953561288656857,6.103966387748303,0.0,0.0,5.907179729351506,0.0,4.794537184071822,0.0,0.0,0.0,24.619922828310838,56.947374269600374,18.71508986212249,0.0,9.53140013787187,5.907179729351506,0.0,10.216698334856808,0.0,38.20807450237835,32.78590758816322,35.392371257240434,0.0,5.316788604006331,0.0,0.0,0.0,43.5929970483652,4.736862953800049,0.0,54.12951466984417,0.0,0.0,41.57,0.0,4.794537184071822,0.0,12.011146117099809,6.544756405912575,24.154606570832918,45.31755570944177,0.0,24.26546827384644,10.216698334856808,4.736862953800049,6.013916603678508,0.0,14.379311536014068,2.908734928391314,1.78643263767858,0.01439674720272599,6.392856546708217,5.081161500986988,0.0,0.6111111111111112,1,0,2,2,1,0,1,0,3,4,2,6,0,1,1,0,1,3,2.753800000000001,0,0,0,0,0,0,0,0,0,0,0,0,1,1,0,0,0,1,0,0,0,0,0,0,0,0,0,0,1,0,1,0,0,0,0,0,0,0,0,0,0,0,0,0,0,0,0,0,0,1,0,0,0,0,0,0,0,0,0,0,0,1,0,13,5.441558441558442,3,3,0.0,0.10389610389610392,0.2129272915625478,0.2220779220779221,0.222077922077922,1257.0,3,0.19029729092166967,0.010794163347995642,0.2220779220779221,0.19665769812720732,0.15951531938820973,0,0,0,0,0,0,1,1,0.8181818181818182,0.09090909090909091,0.0,0.09090909090909091,0,0,0,0,1,1,1,1,0,0,0,0,1,0,1,1,1,0,1,0,0,0,0,0,0,0,0,0,0,0,0,0,1,0,0,0,0,0,0,0,0,1,0,0,0,0,0,0,0,1,0,0,0,0,0,0,0,1,0,1,1,0,1,0,0,0,1,0,0,0,0,0,0,0,1,0,1,0,0,0,1,0,1,1,0,0,0,0,1,0,1,0,1,0,0,0,0,0,1,1,0,0,1,0,0,0,0,0,0,0,0,0,0,1,0,0,0,1,0,0,0,1,1,1,0,1,0,1,0,1,0,0,0,0,0,0,0,0,0,0,0,0,0,0,0,0,0,0,0,0,0,0,0,0,0,0,0,0,0,0,0,0,0,0,0,0,0,0,0,0,0,0,0,0,0,0,0,0,0,0,0,0,0,0,0,0,0,0,0,0,0,0,0,0,0,0,0,0,0,0,0,0,0,0,0,1,0,0,0,0,0,0,1,0,0,1,1,0,0,0,0,1,1,0,0,1,0,0,1,0,1,1,0,0,0,1,0,0,0,1,1,1,0,0,0,0,0,1,1,0,1,1,1,0,0,0,1,1,1,1,0,0,1,0,0,0,0,1,1,0,0,0,1,1,1,1,0,1,1,0,0,1,1,1,1,1,1,1,1,1,0,1,1,1,1,1,0
11676971.0,460.6,CN(C)CC(=O)N1CCC(CC1)C2=CC(=C(C=C2)NC(=O)C3=NC=C(N3)C#N)C4=CCCCC4,GUBJNPWVIUFSTR-UHFFFAOYSA-N,3.1,JNJ-28312141,12.766618015499134,0.12404028193905003,-0.3614609489880396,0.6829230182051201,16.764705882352942,460.58200000000033,1.2647058823529411,3.341254103007833,1.5267646950950131,62665675.11246992,10.659507611473547,20.100586586654494,11.763149307640735,5.824404497999927,5.907179729351506,5.907179729351506,0.0,9.589074368143644,4.9839785209472085,5.261891554738487,0.0,12.142387175295491,81.80746990776133,24.340350578205708,12.741599977525652,9.589074368143644,23.074850263455843,5.261891554738487,19.76777650359537,0.0,44.442835783717456,39.04640178709843,53.117200360074165,6.069221312792274,5.316788604006331,5.687386274683562,0.0,0.0,65.3117491453905,4.794537184071822,11.33111286753076,71.88260844403166,0.0,5.573104530069267,105.12,0.0,9.589074368143644,0.0,23.3326919515514,12.462662452073968,56.44445869283576,23.75422121630535,0.0,36.03075180830922,33.49349988965785,5.261891554738487,0.0,0.0,35.80543553972888,11.983354111386065,4.591063608699676,0.3379505685993479,9.873464107306617,1.9901259278025178,3.8348917226464874,0.46153846153846156,2,1,1,2,2,1,0,0,5,8,2,6,0,1,1,0,0,4,3.7586800000000027,0,0,0,0,0,2,1,0,0,0,0,0,4,2,0,0,1,1,0,0,0,0,2,0,1,0,0,0,0,0,0,0,0,0,0,1,0,0,0,0,0,0,0,0,0,0,0,0,0,1,0,0,0,0,0,0,0,0,0,0,0,0,0,18,6.755793226381462,4,4,0.0,0.0659536541889483,0.171134570773746,0.17986853832442068,0.17986853832442068,3790.0,3,0.15548330387834725,0.011167962749225487,0.17986853832442068,0.1556019723040677,0.14352171075379383,0,0,0,0,0,1,2,2,0.7647058823529411,0.058823529411764705,0.0,0.17647058823529413,0,0,1,0,1,0,1,0,1,0,0,0,1,1,1,0,1,0,0,1,0,0,1,0,1,0,1,0,0,0,0,1,1,0,0,1,1,0,0,0,1,1,1,0,0,0,1,1,0,0,0,0,0,1,0,1,1,0,0,1,0,1,0,0,0,0,1,0,0,0,0,0,1,0,1,0,1,0,0,1,0,0,1,1,1,0,0,0,1,0,0,1,1,1,0,1,0,0,1,0,0,1,1,0,1,0,1,0,0,1,0,0,0,1,1,1,0,0,0,1,1,0,1,0,1,1,0,1,0,1,0,0,0,0,0,0,0,0,0,0,0,0,0,0,0,0,0,0,0,0,0,0,0,0,0,0,0,0,0,0,0,0,0,0,0,0,0,0,1,0,0,1,0,0,0,0,0,0,0,0,1,0,0,0,1,0,0,0,0,0,0,0,1,0,0,1,0,0,0,0,0,0,0,0,1,1,1,1,0,1,1,0,0,1,0,1,1,0,0,0,0,1,1,1,0,1,1,0,1,1,1,0,0,0,0,0,0,0,0,0,1,1,0,0,0,1,0,1,1,0,1,1,1,0,0,1,0,0,1,1,0,1,1,1,0,1,1,1,1,0,0,0,1,0,1,1,0,1,1,1,1,1,0,1,1,1,1,0,1,1,1,1,1,1,1,1,0
46911863.0,377.3,CN1C=C(C=N1)C2=NN3C(=NN=C3C(C4=CC5=C(C=C4)N=CC=C5)(F)F)C=C2,JRWCBEOAFGHNNU-UHFFFAOYSA-N,2.1,JNJ-38877605,15.317502204585537,0.19825848240530708,-3.3849114229024932,0.48270131804589156,12.107142857142858,377.358,1.0357142857142858,3.331850607311051,1.6542910937068744,4855232.678284595,5.878363497079383,0.0,0.0,5.647177220767728,5.824404497999927,0.0,5.922529168094576,9.665781456092393,0.0,23.49359160556734,10.197363616602075,12.13273413692322,30.33183534230805,35.954486323762126,17.407472284077798,8.78083009534964,16.550102152848787,0.0,34.57590658291217,7.04767198267719,5.922529168094576,0.0,72.44295618376742,11.257379486545457,0.0,8.78083009534964,0.0,0.0,34.57590658291217,12.970201150771766,0.0,11.387855989696924,0.0,27.80748163939424,73.79,11.746933666094503,0.0,8.78083009534964,11.210628712464723,22.160304418626517,4.5153978936156225,12.13273413692322,60.651840974969645,0.0,25.37870575415136,0.0,33.33120920994715,0.0,4.165888474556959,16.60955837602561,1.8982403476743874,-3.929836781934995,4.995449679489181,0.0,1.772780839598605,0.10526315789473684,0,0,0,0,0,4,0,0,7,9,4,3,0,0,0,0,0,5,3.2131000000000016,0,0,0,0,0,7,0,0,0,0,0,0,7,0,0,0,0,0,0,0,0,2,0,0,0,1,0,0,2,0,0,0,0,0,0,0,0,0,0,0,0,0,0,0,0,0,0,0,0,0,0,0,1,0,0,0,0,0,0,0,0,0,0,14,5.3201058201058204,5,5,0.0,0.08465608465608465,0.18854903687223237,0.16615791615791617,0.16615791615791617,2011.0,4,0.19552956085182177,0.012788526453007588,0.16615791615791617,0.17930628578397248,0.1623940541335799,0,0,0,0,0,2,5,0,0.6785714285714286,0.0,0.0,0.25,0,0,1,1,0,0,0,0,0,0,1,1,0,0,1,0,0,1,0,0,0,1,0,0,1,0,0,0,1,0,1,0,1,0,0,1,0,0,1,0,0,1,0,0,0,1,1,1,1,0,0,0,0,1,0,0,0,0,1,0,0,0,0,0,1,1,1,1,1,0,0,0,0,1,1,1,1,0,0,0,0,0,1,1,0,0,1,0,1,0,0,0,0,1,0,0,0,0,0,0,1,1,1,1,0,0,0,1,0,1,0,0,0,0,0,0,1,1,0,0,0,0,0,1,1,0,0,0,0,1,0,0,0,0,0,0,0,0,0,0,0,0,0,0,0,0,0,0,0,0,0,0,0,0,0,0,0,0,0,0,0,0,0,0,0,0,0,0,1,0,0,0,1,0,0,0,0,0,0,0,0,0,1,0,0,0,0,0,0,0,0,0,1,0,0,1,0,0,0,0,0,0,0,0,0,1,0,1,0,1,1,0,0,1,0,0,0,0,0,0,0,0,0,1,1,0,1,0,1,0,0,1,0,0,0,1,0,1,0,0,0,0,1,0,0,0,0,0,0,0,1,1,1,0,1,1,0,0,0,0,1,0,0,0,1,0,0,1,0,0,0,0,1,0,0,1,0,0,1,0,0,0,0,0,0,0,1,0,1,0,1,1,1,1,0,1,0
9869779.0,480.5,CC(C1=NC=CS1)NC(=O)NC2=C(C=C(C=C2)OC3=C4C=C(C(=CC4=NC=C3)OC)OC)OC,SHPFDGWALWEPGS-UHFFFAOYSA-N,3.6,KI20227,12.460076684616068,0.21834425573044625,-0.36496437898854883,0.3483008400739441,11.529411764705882,480.5460000000001,0.9117647058823529,3.3926102234014786,1.53665494827513,65072133.41307345,10.259849714365426,29.581029023212857,22.25615919670448,11.49902366656781,0.0,0.0,6.031114512338072,4.9839785209472085,9.77851570501903,0.0,11.336785877934737,0.0,31.189205473537065,35.29270826508008,38.57532044528038,23.741988999272017,33.958211597037426,0.0,15.284745645900749,0.0,12.965578028838586,26.64618122783893,59.17957602131449,28.747559166419524,29.581029023212857,10.481923458755384,28.747559166419524,11.336785877934737,37.32846417806509,0.0,0.0,17.97320172569135,0.0,10.902924932081056,103.83,0.0,4.794537184071822,0.0,12.072955341486033,39.95164615871935,10.393847911317561,18.44658341921227,56.94511756808927,18.37016703861815,20.60153424990708,18.947451815200196,22.37303405144535,1.4806273247111836,21.070679390300477,9.118984590754009,1.2047258993101004,2.7215830852600638,3.362216380727138,1.8712339564431135,4.676874929816374,0.20833333333333334,2,0,0,0,2,2,1,0,8,10,2,8,0,0,0,0,1,4,5.392100000000004,0,0,0,0,0,2,0,0,0,0,0,0,2,2,0,0,0,0,0,0,0,0,0,0,1,0,0,0,1,0,4,0,0,0,0,0,0,0,0,0,0,3,0,0,0,0,0,0,0,0,0,0,1,0,0,0,0,0,0,1,0,0,1,18,6.978609625668449,4,4,0.0,0.0659536541889483,0.17111572610310585,0.18683155080213903,0.186831550802139,3915.0,3,0.14924059062275902,0.011453077581558894,0.18683155080213903,0.1747405559504373,0.13020299564568802,0,0,0,0,0,1,4,0,0.7058823529411765,0.14705882352941177,0.029411764705882353,0.11764705882352941,0,0,1,1,0,1,0,0,0,1,0,1,1,0,1,0,1,0,0,0,0,1,1,0,0,0,1,0,0,1,1,0,0,1,0,1,0,1,0,0,0,1,0,0,1,0,1,0,0,1,0,0,1,0,0,0,0,1,0,0,0,0,0,1,0,0,1,0,1,1,0,1,0,0,1,1,1,0,0,1,1,0,0,1,0,0,1,0,1,0,0,0,1,1,0,1,0,0,0,0,0,0,1,1,0,0,0,0,0,1,1,1,0,0,1,0,0,0,0,1,0,0,0,1,1,1,0,1,0,0,0,0,0,0,0,0,0,0,0,0,0,0,0,0,0,0,0,0,0,0,0,0,0,0,0,0,0,0,0,0,0,0,0,0,0,0,1,1,0,0,0,0,0,1,0,0,0,1,0,0,0,0,0,0,0,0,0,0,0,0,0,0,0,0,0,1,0,0,0,0,0,0,1,0,0,0,0,1,0,1,0,1,0,1,0,0,0,0,1,1,0,0,0,1,0,1,1,1,1,0,0,1,0,0,0,1,1,0,0,0,1,0,0,1,0,0,0,1,0,0,1,1,0,0,0,1,1,1,0,0,0,1,0,1,0,1,0,1,0,0,1,1,1,1,1,1,1,0,0,1,1,1,1,0,1,0,1,1,1,1,1,1,1,1,1,1,0
5278396.0,395.5,C1COCCN1C2=CC(=O)C=C(O2)C3=C4C(=CC=C3)SC5=CC=CC=C5S4,XRKYMMUGXMWDAO-UHFFFAOYSA-N,3.9,KU-55933,12.363622694078142,0.03777079659024096,-0.03777079659024096,0.48753390702796573,15.925925925925926,395.5050000000002,0.8518518518518519,2.7174009420148546,1.5838918784225355,2979401.871240159,7.110004367878112,14.053923621703873,5.760247418874442,11.31297259376155,0.0,0.0,0.0,4.794537184071822,0.0,0.0,0.0,47.78923817262867,18.19910120538483,50.367632342516465,13.213763929025836,9.154013890853395,29.40795210064324,0.0,0.0,0.0,19.5819339020711,31.203186471701468,64.82063119212685,11.323698910571437,10.32870012275102,5.884182201861009,0.0,23.52376989878223,26.303276740850986,4.736862953800049,0.0,0.0,0.0,11.323698910571437,42.68000000000001,0.0,4.794537184071822,0.0,5.428790391900541,24.85819354976129,23.548447779039922,14.686450426553325,35.65650403570545,12.13273413692322,35.23174507315853,9.154013890853395,11.592044131166016,3.4950108274995535,19.257099829333328,0.0,0.9267778145208704,1.2366561686402957,0.0,2.7682866464913585,0.0,0.19047619047619047,0,0,2,2,0,1,0,0,6,6,3,2,0,1,1,0,0,5,4.759200000000003,0,0,0,0,0,0,0,0,0,0,0,0,1,0,0,0,0,0,0,0,0,0,0,0,1,0,0,0,2,0,1,0,0,0,0,0,0,0,0,0,0,0,1,0,0,0,0,0,0,0,0,0,0,0,0,0,0,0,0,0,0,0,0,13,5.088319088319088,5,5,0.0,0.08831908831908833,0.19217427371307474,0.1635327635327635,0.1635327635327635,1786.0,3,0.2038826591469682,0.01029978445838934,0.1635327635327635,0.1629154793053559,0.16821353932462757,0,0,0,0,0,0,3,1,0.7777777777777778,0.1111111111111111,0.07407407407407407,0.037037037037037035,0,0,0,0,0,0,1,0,0,0,0,0,1,1,0,1,1,1,1,0,0,0,0,0,0,1,0,0,0,0,0,0,1,0,0,1,1,1,0,0,0,1,0,0,0,0,0,0,0,1,0,1,1,1,1,1,1,0,0,0,1,0,1,0,0,0,1,0,0,0,1,0,1,1,1,0,0,0,0,0,0,0,0,1,1,0,0,0,1,0,1,0,0,0,1,0,0,0,1,0,0,0,1,0,0,0,0,0,0,1,0,0,1,0,0,0,1,0,0,0,1,0,1,1,0,0,1,1,0,0,0,0,0,0,0,0,0,0,0,0,0,0,0,0,0,0,0,0,0,0,0,0,0,0,0,0,0,0,0,0,0,0,0,0,0,0,1,0,0,0,0,0,0,0,0,0,0,0,0,0,0,0,0,0,0,0,0,1,0,1,0,0,1,0,0,0,0,0,0,0,0,0,0,0,0,1,0,0,0,0,0,1,0,0,0,1,1,0,1,1,0,0,1,0,0,1,0,1,1,0,1,1,0,0,0,1,0,0,0,1,1,1,0,1,0,0,0,1,1,0,1,1,1,0,0,1,0,1,1,1,0,0,1,1,0,1,0,1,1,0,0,0,0,1,1,1,1,1,1,0,0,0,1,1,1,0,1,1,1,1,0,1,1,1,1,1,0
11427553.0,332.4,C1CN(CCN1)C(=O)C2=CC=C(C=C2)C=CC3=NNC4=CC=CC=C43,YYLKKYCXAOBSRM-JXMROGBWSA-N,2.7,KW-2449,12.468092175630122,0.10678228724404848,0.10678228724404848,0.7752072726994867,15.12,332.40700000000015,1.0,3.1003441982961193,1.490593764283088,1149508.4177138556,6.906831389792871,10.216698334856808,0.0,0.0,0.0,5.907179729351506,0.0,9.893218992372859,0.0,5.098681808301038,0.0,36.407855449141934,29.838572803915707,37.128701329812095,11.210628712464722,4.794537184071822,28.96214487510033,0.0,20.414061951458883,0.0,0.0,26.1790256236503,65.35176752593533,0.0,5.316788604006331,0.0,0.0,0.0,47.18347870045435,0.0,0.0,21.615368162314276,0.0,23.05496514574882,61.02,0.0,4.794537184071822,0.0,5.907179729351506,0.0,53.9027815339738,0.0,0.0,65.58288649221112,15.514152220608405,0.0,0.0,0.0,14.36809851001777,11.729647373438503,3.725830360958012,0.10678228724404848,4.007589549900156,3.271633367311023,0.0,0.2,2,0,1,1,1,1,0,0,3,5,2,3,0,1,1,0,0,4,2.7787000000000006,0,0,0,0,0,2,1,0,0,0,0,0,2,2,0,0,0,0,0,0,0,0,0,0,0,0,0,0,1,0,0,0,0,0,0,0,0,0,0,0,0,0,0,0,0,0,0,1,0,0,1,0,0,0,0,0,0,0,0,0,0,0,0,15,5.83,4,4,0.0,0.09333333333333332,0.19973364943272962,0.21000000000000005,0.21000000000000005,1749.0,3,0.17780415880683775,0.010318395431628944,0.21000000000000005,0.18303946201429994,0.1583705897721422,0,0,0,0,0,1,3,1,0.8,0.04,0.0,0.16,0,0,0,0,0,0,0,0,0,0,0,0,1,0,0,0,0,0,0,0,0,0,0,0,0,0,0,1,0,0,1,0,1,0,0,1,0,0,0,1,0,1,0,0,0,0,0,0,1,1,0,1,0,0,0,0,1,0,1,0,0,0,0,1,0,0,1,0,1,1,0,0,0,0,1,0,1,0,0,1,0,0,0,1,0,0,1,1,1,0,1,1,1,0,0,0,0,0,1,0,0,0,1,0,0,1,0,1,0,0,1,0,1,0,0,1,0,0,0,0,0,1,0,0,1,0,0,1,0,0,0,0,0,0,0,0,0,0,0,0,0,0,0,0,0,0,0,0,0,0,0,0,0,0,0,0,0,0,0,0,0,0,0,0,0,0,0,0,0,0,0,0,0,0,0,0,0,0,0,0,0,0,1,0,0,0,0,0,0,0,0,0,0,0,0,1,0,0,0,1,0,0,0,0,0,1,0,0,0,1,1,0,1,1,0,1,1,0,0,0,0,1,1,0,1,0,1,0,1,1,1,1,0,0,1,1,0,0,0,0,1,1,0,0,0,0,0,1,1,0,1,1,1,0,1,1,0,0,1,1,0,1,0,0,0,0,0,1,1,0,0,0,1,0,0,1,0,1,1,0,0,1,0,1,1,0,1,0,1,0,0,1,1,1,1,1,0
126565.0,439.5,CC12C(CC(O1)N3C4=CC=CC=C4C5=C6C(=C7C8=CC=CC=C8N2C7=C53)CNC6=O)(CO)O,UIARLYUEJFELEN-LROUJFHJSA-N,2.2,Lestaurtinib (CEP-701),13.163770533293665,0.05552420582430484,-1.4773228064373893,0.3732159623688665,27.848484848484848,439.47100000000023,1.0606060606060606,3.5082713259428684,1.7755712328651565,98632045.24862874,5.390137946115351,29.4009056430705,11.828951981718557,5.724985593970254,0.0,5.907179729351506,0.0,4.794537184071822,0.0,0.0,0.0,36.39820241076966,24.619922828310838,34.51047488669777,34.23713632667496,19.74445492755328,49.51887945767573,0.0,14.450987899589041,0.0,37.44325280421802,6.606881964512918,59.65783953108687,0.0,5.316788604006331,0.0,0.0,0.0,37.46236659011223,17.006604953682878,0.0,35.49390016081732,0.0,43.611699728324226,88.65,24.160819540201732,15.007591973753232,0.0,12.328001352277514,6.544756405912575,54.738602711718215,0.0,0.0,49.38830667892189,20.51735496805065,4.736862953800049,10.88890802154195,0.0,13.163770533293665,29.105204124470667,2.8023037787645944,-0.05552420582430484,-0.2465339191232041,1.9050015484588907,0.0,0.2692307692307692,3,0,3,3,1,2,3,2,6,7,5,1,0,1,1,0,3,8,3.474400000000002,0,2,1,0,0,2,0,0,0,0,0,0,2,1,0,0,0,0,0,0,0,0,0,0,0,0,0,0,13,0,1,0,0,0,0,0,0,0,0,0,0,0,0,0,0,0,0,2,0,0,0,0,0,0,0,0,0,0,0,0,0,0,0,10,4.388257575757576,8,8,0.0,0.07575757575757576,0.17350583930075691,0.10929863147605082,0.10929863147605082,2317.0,4,0.2354461507477616,0.014098015164207849,0.10929863147605082,0.09151200424906614,0.153016080640108,0,0,0,0,0,4,5,1,0.7878787878787878,0.12121212121212122,0.0,0.09090909090909091,0,0,0,0,1,0,1,1,0,0,1,0,1,1,0,0,0,1,1,0,1,1,0,0,0,0,0,0,0,0,1,0,1,0,1,1,0,0,1,1,1,1,0,0,0,0,0,1,1,1,0,1,0,0,0,0,1,0,0,0,1,0,0,0,1,0,1,0,1,0,0,0,0,0,0,0,1,0,0,1,0,0,1,1,0,1,1,0,1,1,0,0,1,0,0,0,1,0,0,0,0,0,1,0,0,0,0,1,1,0,0,0,0,0,1,0,0,0,1,0,1,0,0,1,1,1,0,0,0,1,0,0,0,0,0,0,0,0,0,0,0,0,0,0,0,0,0,0,0,1,0,0,0,0,0,0,0,0,0,0,0,0,0,0,0,0,0,0,0,0,0,0,0,0,0,0,0,0,0,0,0,0,0,0,1,0,0,1,0,0,0,0,0,0,0,1,1,0,0,0,0,0,1,0,0,0,0,0,0,1,1,0,1,1,0,1,0,0,0,1,1,1,1,0,0,1,1,1,0,0,1,1,0,0,1,1,0,0,1,1,1,1,1,0,0,0,1,1,0,0,1,1,1,0,0,1,0,1,0,0,0,1,1,0,0,0,0,1,1,1,1,0,1,1,1,1,1,0,1,0,1,1,1,1,1,1,1,1,1,1,1,1,1,1,1,1,0
24901704.0,517.6,CN1C=C(N=C1)C2=CC3=NC=CC(=C3S2)OC4=C(C=C(C=C4)NC(=S)NC(=O)CC5=CC=CC=C5)F,UFICVEHDQUKCEA-UHFFFAOYSA-N,4.9,MGCD-265,14.88862714042791,0.055433011011529976,-0.5788148480874848,0.2820524163020694,10.833333333333334,517.6110000000002,1.1111111111111112,3.477694628791091,1.2641186033200817,206929938.82089114,10.224599788537702,19.937539809604065,5.749511833283905,16.679169559054557,5.907179729351506,0.0,0.0,9.77851570501903,9.374393568622029,0.0,11.336785877934737,30.33183534230805,35.98042614012852,37.26147953751013,33.53583752032567,13.92181518554669,50.47828284382662,0.0,19.8518452936921,7.04767198267719,6.4208216229260096,5.316788604006331,90.7653502353497,22.070098855117568,15.37044016181271,10.077801322358383,11.49902366656781,23.554659320981433,25.554673303762033,18.26303078967502,5.817220841045895,5.563451491696996,0.0,20.787695822635122,81.07,5.817220841045895,9.184952231746642,0.0,23.189950070286176,11.436898107967467,26.351147314332117,23.469520014857956,24.65689778330084,54.20981761285128,20.60153424990708,16.954736396846744,23.460349076298453,6.675322716357697,21.918602603074447,5.518207136394496,2.833411524432369,-0.28973756051135013,5.4653129662827675,0.0,1.9060152215684714,0.07692307692307693,2,0,0,0,1,3,0,0,7,10,3,6,0,0,0,0,0,5,5.683900000000003,0,0,0,0,0,3,0,0,0,1,0,0,3,2,0,0,0,0,0,0,0,0,0,0,1,1,0,0,1,0,1,0,0,0,0,1,0,0,0,0,0,0,0,0,0,0,0,0,0,0,0,0,1,0,0,0,0,0,0,0,1,0,0,21,7.750793650793651,5,5,0.0,0.06349206349206346,0.16636626310564706,0.19855275443510736,0.19855275443510736,4883.0,3,0.1346488590560254,0.010002213657005554,0.19855275443510736,0.17970607949782427,0.1201665065407469,0,0,0,0,0,2,5,0,0.7222222222222222,0.05555555555555555,0.05555555555555555,0.1388888888888889,0,0,1,0,0,1,0,1,1,1,1,0,1,0,0,0,1,0,0,1,0,1,0,0,0,1,1,1,0,0,1,0,0,0,0,1,1,1,1,0,1,1,1,1,1,0,1,0,0,1,1,0,1,0,0,0,1,1,1,0,0,1,0,0,1,1,1,0,0,0,0,1,0,0,0,1,1,1,0,0,0,0,1,1,0,0,1,0,1,1,0,0,1,0,0,0,1,1,0,1,0,0,1,1,0,0,0,0,0,1,0,0,1,0,0,1,0,0,0,0,0,1,0,1,1,0,0,1,1,1,0,0,0,0,0,0,0,0,0,0,0,0,0,0,0,0,0,0,0,0,0,0,0,0,0,0,0,0,0,0,0,0,0,0,0,0,1,0,0,0,0,0,1,1,0,0,0,1,0,0,0,0,0,0,0,0,0,0,0,0,0,0,1,0,0,1,0,0,0,0,0,0,0,1,0,1,0,1,0,1,0,1,0,1,0,1,0,1,1,0,0,1,1,1,0,0,1,1,1,0,0,1,0,0,1,1,1,1,0,0,1,1,0,1,0,0,0,1,0,0,1,1,1,0,0,1,1,1,0,0,0,1,1,1,1,1,0,1,0,0,0,0,1,1,1,1,0,0,1,0,1,1,1,0,1,1,1,1,1,1,1,1,1,1,1,1,0
24964624.0,407.5,C1CC(C1)(C2=CC=C(C=C2)C3=C(C=C4C(=N3)C=CN5C4=NNC5=O)C6=CC=CC=C6)N,ULDXWLCXEDXJGE-UHFFFAOYSA-N,3.0,MK-2206,12.02243652495595,0.18410484647162928,-0.2596902551107376,0.4680681321504014,15.258064516129032,407.4770000000002,0.967741935483871,3.182313349912265,1.5861978992103931,22021302.879311282,6.617690246209264,5.733667477162185,0.0,5.647177220767728,0.0,0.0,5.689743398203474,0.0,19.27789211958186,5.098681808301038,0.0,54.59730361615449,42.52210198909525,28.24889602185521,11.210628712464722,0.0,16.550102152848787,0.0,19.582036743811077,5.733667477162185,24.801390121161372,0.0,88.97461339866311,22.384282469939446,11.423410875365658,0.0,0.0,0.0,19.582036743811077,5.538925252383345,0.0,24.825916360475023,0.0,38.93438462278824,89.07,0.0,4.794537184071822,0.0,11.228668650586819,5.647177220767728,46.128850647872525,16.3849677208848,6.196843571613076,24.26546827384644,52.66193309583334,10.717645998109393,1.5065152036330856,0.0,17.029102246800242,7.56211547337425,12.598648783685467,0.0,4.9697054826971785,0.0,0.0,0.16,3,1,0,1,0,3,0,0,5,6,3,3,1,0,1,0,0,6,4.242700000000003,0,0,0,0,0,4,1,0,0,0,0,0,3,1,1,0,0,0,0,0,0,0,0,0,0,0,0,0,3,0,0,0,0,0,0,0,0,0,0,0,0,0,0,0,0,0,0,0,0,0,0,0,2,0,0,0,0,0,0,0,0,0,0,14,5.576344086021505,6,6,0.0,0.07741935483870971,0.17924330975311206,0.15780496848350017,0.15780496848350017,2593.0,4,0.1873137537530713,0.011397386756575305,0.15780496848350017,0.14174644215532886,0.15728636219190023,1,0,0,0,0,1,5,1,0.8064516129032258,0.03225806451612903,0.0,0.16129032258064516,0,0,1,1,0,0,1,1,0,0,1,1,1,0,0,0,0,0,0,0,0,1,0,0,0,0,0,0,0,0,1,0,1,0,1,1,0,0,1,0,0,1,1,0,0,0,1,0,0,1,1,1,0,0,0,0,0,0,0,1,1,0,0,0,0,1,1,0,1,1,0,0,0,0,0,1,1,0,0,1,0,0,0,1,0,0,1,1,1,1,0,0,1,0,0,0,1,0,1,0,0,1,1,0,0,0,0,0,0,1,1,0,0,0,0,1,1,0,1,0,1,0,0,0,1,0,0,0,0,0,0,0,0,0,0,0,0,0,0,0,0,1,0,0,0,0,0,0,0,0,0,0,0,0,0,0,0,0,0,0,0,0,0,0,0,0,0,1,1,0,0,0,0,0,0,0,0,0,0,0,0,0,1,0,0,0,0,0,0,0,0,0,1,0,0,1,1,0,0,1,0,0,0,0,0,0,0,1,0,1,1,0,0,1,1,1,0,0,0,0,1,1,0,0,1,1,1,1,1,0,0,1,0,0,1,1,1,0,0,0,1,1,1,1,0,0,0,1,1,0,1,1,1,0,1,1,0,1,0,0,0,1,0,1,0,0,0,1,0,0,0,0,1,1,1,1,0,1,1,0,1,1,0,0,1,0,1,0,1,0,0,1,1,1,1,1,0
9929127.0,366.8,CC1=C(C=CC=N1)C(=O)NC2=C3C(=CC(=C2OC)Cl)C4=C(N3)C=NC=C4,ZNOLRTPMNMPLHY-UHFFFAOYSA-N,3.1,MLN120B,12.797253401360544,0.28310389896699384,-0.28310389896699384,0.5650794982632386,11.038461538461538,366.80800000000016,1.2692307692307692,3.005168542230584,1.9242539823241396,1272709.9138144478,6.310384087791493,15.037630078753587,5.687386274683562,5.749511833283905,0.0,5.907179729351506,0.0,14.76249422596624,0.0,0.0,0.0,11.600939890232516,31.189205473537065,28.860063567004207,34.926127353561455,9.53140013787187,45.001355758429696,0.0,14.951935562841626,0.0,6.923737199690624,12.426586145283864,59.136011788972446,5.749511833283905,10.05365155780638,5.687386274683562,5.749511833283905,11.600939890232516,27.96891283347066,0.0,6.923737199690624,16.051916670617278,5.022633313741326,21.805849864162113,79.89999999999999,0.0,4.794537184071822,0.0,5.907179729351506,27.71691090825425,21.805849864162113,7.109797541277533,37.64700205145307,12.13273413692322,20.268724166847957,16.337802844032566,5.449309571050642,6.4083809418829265,24.38239651404214,5.182536900562695,3.1870513143529027,0.11372511967750087,5.0898419294383395,1.7860268504231949,1.5161065444696395,0.10526315789473684,2,0,0,0,1,3,0,0,4,7,3,3,0,0,0,0,0,4,4.333820000000002,0,0,0,0,0,3,1,0,0,0,0,0,2,2,0,0,0,0,0,0,0,0,0,0,1,1,0,0,3,0,1,0,0,0,0,0,0,0,0,0,0,1,0,0,0,0,0,0,0,0,0,0,2,0,0,0,0,0,0,0,0,0,0,11,4.7846153846153845,4,4,0.0,0.08923076923076924,0.19561385885779817,0.15769230769230771,0.15769230769230771,1555.0,3,0.21690461619485207,0.014026998406640305,0.15769230769230771,0.16735822991510035,0.1591516072106128,0,0,0,0,0,1,4,0,0.7307692307692307,0.07692307692307693,0.0,0.15384615384615385,0,0,1,0,0,0,1,0,0,0,0,0,1,0,0,0,0,0,0,0,0,1,0,1,0,0,1,0,0,0,0,0,0,0,0,1,0,0,0,0,0,1,0,0,0,0,1,0,0,0,0,1,1,0,0,0,0,1,1,0,1,0,0,0,0,1,1,0,0,1,1,0,0,1,0,1,1,0,0,1,1,1,0,1,0,0,0,0,1,0,0,0,1,0,1,0,1,1,0,0,0,0,1,0,1,0,0,0,0,1,0,0,1,0,0,0,0,0,0,0,1,1,0,0,1,1,1,1,0,1,0,0,0,0,0,0,0,0,0,0,0,0,0,0,0,0,0,0,0,0,0,0,0,0,0,0,0,0,0,0,0,0,0,0,0,0,0,0,0,0,0,0,0,0,0,0,0,0,0,0,0,0,0,0,1,0,0,0,0,0,0,0,0,0,0,1,0,0,0,0,0,0,0,0,0,0,0,0,0,1,1,0,0,1,0,0,0,1,0,0,0,0,1,1,0,1,1,1,1,0,0,1,0,1,0,1,0,1,0,0,1,0,0,1,0,0,0,1,0,0,1,1,0,0,0,1,1,1,0,0,0,1,0,1,1,1,0,1,0,0,0,0,1,1,1,1,0,0,0,1,1,1,1,0,1,0,1,1,1,1,1,1,1,1,1,1,0
11712649.0,476.9,C1C2=CN=C(N=C2C3=C(C=C(C=C3)Cl)C(=N1)C4=C(C=CC=C4F)F)NC5=CC=C(C=C5)C(=O)O,HHFBDROWDBDFBR-UHFFFAOYSA-N,5.2,MLN8054,14.6472231894541,0.10945293092749808,-1.022970079171604,0.3845047685657031,12.264705882352942,476.8700000000002,1.0,2.960719814708308,1.5914565167178314,59636097.53881469,8.642329804877052,10.423315998847038,11.63444168209179,0.0,5.948339280986494,0.0,5.969305287951849,4.992404732635669,23.54332432131588,0.0,0.0,23.733674027155736,48.53093654769288,33.59721763512895,29.07727238692573,18.681894674262168,34.91765573662512,0.0,9.967957041894417,4.992404732635669,6.544756405912575,5.316788604006331,105.7713952188503,11.257379486545457,5.316788604006331,20.4165556510197,0.0,11.600939890232516,26.755474727457674,6.544756405912575,11.63444168209179,27.048343150859804,5.022633313741326,11.257379486545457,87.47,17.603746970043638,13.575367279421462,0.0,29.33168367306376,33.094302058364335,0.0,30.33183534230805,36.52867891392113,0.0,20.27715037853642,16.70746728507322,29.2944463789082,6.233582920162659,24.519417762133905,12.494600302151701,2.9283793565046015,-2.211853591943103,1.5960511673805324,0.10945293092749808,0.0,0.04,2,0,1,1,0,1,0,0,5,9,2,4,0,0,0,0,0,5,5.868000000000003,0,0,0,0,1,2,0,0,1,0,0,1,3,1,0,0,0,0,0,0,0,0,0,0,2,0,0,0,3,0,0,0,0,0,0,0,0,0,0,0,0,0,0,0,0,0,0,0,0,0,0,0,0,0,0,0,0,0,0,0,0,0,0,16,6.174688057040998,5,5,0.0,0.0677361853832442,0.1711036554807647,0.1617090017825312,0.1617090017825312,3464.0,3,0.16949110937494657,0.011632015603589096,0.1617090017825312,0.15612150006008396,0.13912937317524748,0,0,0,0,0,0,4,0,0.7352941176470589,0.058823529411764705,0.0,0.11764705882352941,0,0,1,0,0,0,0,1,0,1,1,0,1,0,0,0,0,1,0,0,1,1,0,0,0,0,0,0,0,1,0,0,1,0,1,1,0,1,0,1,0,1,1,0,0,0,1,1,1,0,1,1,1,0,0,0,0,0,0,0,1,1,0,0,0,1,1,0,0,1,0,0,0,0,1,0,1,1,0,0,0,0,0,1,0,1,1,0,1,0,1,1,0,0,0,0,0,0,1,0,0,0,1,0,1,0,0,1,1,1,0,0,0,0,1,1,1,1,1,0,0,0,0,0,1,0,0,1,0,1,0,0,0,0,0,0,0,0,0,0,0,0,0,0,0,0,0,0,0,1,0,0,0,0,0,1,0,0,0,0,0,0,0,0,0,0,0,0,0,0,0,0,1,0,0,0,0,0,0,0,0,0,0,0,0,0,0,0,0,0,0,0,1,0,0,1,0,0,0,0,0,0,0,0,0,0,0,1,1,0,1,0,0,0,0,0,0,1,0,0,0,0,0,0,0,0,0,0,1,0,1,1,0,1,0,1,1,1,0,0,0,0,0,0,0,0,0,0,0,1,1,1,0,1,0,1,0,0,0,0,0,1,0,1,1,1,0,1,0,1,0,0,1,0,1,1,0,0,0,0,1,1,0,1,1,0,1,1,1,1,0,1,1,1,1,1,0
3385.0,130.08,C1=C(C(=O)NC(=O)N1)F,GHASVSINZRGABV-UHFFFAOYSA-N,-0.9,Masitinib (AB-1010),11.984814814814815,0.7070370370370369,-1.0011574074074072,0.482564502908463,9.444444444444445,130.078,1.4444444444444444,1.7965675742516067,3.5238977189940166,104.20091930659319,1.8479763724759504,4.9839785209472085,0.0,0.0,5.817220841045895,5.559266895052007,5.689743398203474,9.77851570501903,4.794537184071822,4.39041504767482,0.0,0.0,0.0,6.196843571613076,0.0,4.39041504767482,0.0,0.0,9.967957041894417,0.0,0.0,0.0,32.8521490740581,0.0,11.24901029325548,4.39041504767482,0.0,0.0,9.967957041894417,0.0,5.817220841045895,0.0,0.0,0.0,65.72,17.066231134301376,13.979489415818463,0.0,0.0,6.196843571613076,0.0,0.0,4.9839785209472085,4.9839785209472085,0.0,0.0,11.984814814814815,0.0,24.005000000000003,0.0,-1.7081944444444441,-0.9911111111111108,0.7094907407407407,0.0,0.0,0.0,2,0,0,0,0,1,0,0,2,5,1,0,0,0,0,0,0,1,-0.7977000000000001,0,0,0,0,0,2,2,0,0,0,0,0,0,2,0,0,0,0,0,0,0,0,0,0,0,0,0,0,0,0,0,0,0,0,0,0,0,0,0,0,0,0,0,0,0,0,0,0,0,0,0,0,0,0,0,0,0,0,0,0,0,0,0,5,2.3333333333333335,1,1,0.0,0.25,0.3323467622716512,0.19047619047619047,0.19047619047619047,84.0,3,0.44041667025469244,0.025626952972635477,0.19047619047619047,0.15567496226930977,0.31808757630403367,0,0,0,0,0,0,1,0,0.4444444444444444,0.2222222222222222,0.0,0.2222222222222222,0,0,0,0,0,0,0,0,0,0,1,0,1,0,0,0,0,0,0,0,0,0,0,0,0,1,0,0,0,0,0,0,0,0,0,0,0,0,0,0,1,0,0,0,0,0,0,0,0,0,1,0,0,0,0,0,0,0,0,1,1,1,0,0,0,0,0,0,0,0,0,0,0,0,0,0,0,0,0,0,0,0,0,1,0,0,1,0,0,1,0,0,1,0,0,1,0,0,0,0,0,0,1,0,0,0,0,0,0,0,0,0,1,0,1,0,0,1,0,0,0,0,0,0,0,0,0,0,0,0,0,0,0,0,0,0,0,0,0,0,0,0,0,0,0,0,0,0,0,0,0,0,0,0,0,0,0,0,0,0,0,0,0,0,0,0,0,1,0,0,0,0,1,1,0,0,0,0,0,0,0,0,0,1,0,0,0,0,0,0,0,0,0,0,0,1,0,0,0,0,0,0,0,0,0,0,0,1,0,0,1,0,0,0,0,0,0,1,0,1,0,0,1,0,0,0,0,1,1,0,0,0,0,0,0,0,1,1,0,0,1,0,0,1,0,0,0,1,0,0,1,1,0,0,0,0,0,1,0,0,0,1,0,0,1,0,1,1,0,0,0,0,1,1,1,0,0,0,0,0,1,1,0,0,1,0,1,0,0,1,0,1,1,1,1,1,0
9825149.0,453.6,C1CCN(C1)CC2CC(C2)N3C=C(C4=C(N=CN=C43)N)C5=CC(=CC=C5)OCC6=CC=CC=C6,LSFLAQVDISHMNB-UHFFFAOYSA-N,4.6,NVP-ADW742,6.37387045924269,0.46820957518506456,0.46820957518506456,0.41085449633122095,20.470588235294116,453.5900000000003,0.9705882352941176,3.493861203073333,1.2529525282496425,118256342.80341317,9.105175321519985,19.93753980960407,30.14875387116412,0.0,0.0,0.0,0.0,0.0,9.967957041894417,0.0,0.0,42.46456947923127,67.95034247000778,24.34689229837061,5.386224214464796,4.736862953800049,16.85126421306755,0.0,19.43496642053625,5.917906046161393,38.33200928536492,25.36793669489991,72.6849187542291,16.876414816677897,10.470530430962235,5.817862777835028,5.749511833283905,0.0,39.06923563827397,6.606881964512918,5.917906046161393,37.28857881254899,0.0,22.160304418626513,69.2,0.0,0.0,0.0,0.0,18.46658557149591,39.39117378976881,45.31755570944176,6.3273200747645415,30.33183534230805,49.897278265995766,10.470530430962235,8.420510747044801,0.0,11.581429866203981,0.935835451592126,10.599197880667713,2.1455473877943074,8.909053131844674,4.312180882363912,0.0,0.35714285714285715,2,1,1,2,0,2,0,0,6,6,3,7,1,1,2,0,0,6,5.306400000000005,0,0,0,1,0,3,0,0,0,0,0,0,4,0,1,0,0,1,0,0,0,0,0,0,1,0,0,0,1,0,1,0,0,0,0,0,0,0,0,0,0,0,0,0,0,0,0,0,0,0,0,0,0,0,0,0,0,0,0,0,0,0,0,18,6.737967914438503,6,6,0.0,0.0695187165775401,0.17126217847070524,0.1793114973262032,0.1793114973262032,3780.0,3,0.15614673895222617,0.00900171824434923,0.1793114973262032,0.1607561160700561,0.1280845057161061,1,0,0,0,0,2,4,2,0.8235294117647058,0.029411764705882353,0.0,0.14705882352941177,0,0,0,0,0,0,1,1,0,0,1,0,0,0,1,0,1,1,0,1,1,1,0,0,0,0,0,0,0,0,0,1,1,0,1,0,0,0,1,0,1,1,1,0,1,0,1,0,0,1,0,1,1,1,0,0,0,1,0,0,0,0,0,0,0,0,1,1,1,1,0,0,0,0,1,0,0,0,0,0,1,0,1,1,0,0,0,0,1,0,0,0,1,0,0,1,0,0,1,0,0,1,1,0,0,0,0,1,0,1,0,1,0,0,0,1,0,0,0,0,1,0,0,1,1,1,0,0,0,1,0,0,0,0,0,0,0,0,0,0,0,1,0,0,0,0,0,0,0,0,0,0,0,0,0,0,0,0,0,0,0,0,0,0,0,0,0,0,1,0,0,0,0,0,0,0,0,0,0,0,0,0,0,0,0,0,0,0,0,0,0,0,1,0,0,1,0,0,0,0,0,0,0,0,0,1,0,1,0,0,1,0,0,1,1,1,1,0,0,0,0,0,0,0,0,0,1,0,1,0,1,1,0,0,0,1,0,0,0,1,0,1,0,1,0,0,0,0,1,0,1,1,1,0,0,1,1,1,1,1,0,0,0,1,0,1,0,1,1,0,0,0,1,1,0,1,0,1,1,0,0,1,1,1,0,1,1,1,1,0,0,1,1,1,1,1,0
16038120.0,614.2,CC(C)S(=O)(=O)C1=CC=CC=C1NC2=NC(=NC=C2Cl)NC3=C(C=C(C=C3)N4CCC(CC4)N5CCN(CC5)C)OC,QQWUGDVOUVUTOY-UHFFFAOYSA-N,5.7,NVP-TAE684,12.908611522813086,0.18890012195667083,-3.521924240116881,0.3417369623091553,17.428571428571427,614.216,0.9761904761904762,2.994320880742135,1.2835542551200512,2428113295.1195564,13.030669476655728,25.170259623513665,10.772145147025231,15.65511591425253,5.948339280986494,0.0,0.0,4.899909730850478,13.401775505276145,4.9839785209472085,0.0,23.733674027155736,58.00225790175689,57.06413260776858,34.82683516775768,13.154659938128987,50.26655390952223,0.0,19.76777650359537,0.0,42.87637997988118,68.95949489829331,53.684046364585676,5.749511833283905,20.270349892663187,28.828360882872207,5.749511833283905,11.600939890232516,92.9033603064846,9.837253136417502,0.0,26.689117645233267,5.022633313741326,0.0,102.92999999999999,15.087191166399677,8.417796984328938,0.0,9.918116789259102,34.93232727062051,57.79756795601103,6.196843571613076,45.22274021450522,12.13273413692322,48.41530249359732,16.337802844032566,31.551805023301977,6.409723029952383,16.54146861671406,6.014052373788884,2.2335964285322443,1.263557874299288,3.7859014629781806,9.93323418140139,0.3203650875940407,0.4666666666666667,2,0,2,2,0,1,0,0,10,12,3,9,0,2,2,0,0,5,5.024100000000003,0,0,0,0,0,2,0,0,0,0,0,0,5,2,0,0,1,0,0,0,0,0,0,0,5,0,0,0,0,0,1,0,0,0,0,0,0,0,0,0,0,1,0,0,0,0,0,1,0,1,1,0,0,0,0,0,1,0,0,0,0,0,0,22,8.307781649245063,5,5,0.0,0.05342624854819977,0.15391528305689373,0.1826945412311266,0.1826945412311266,7153.0,4,0.12534995113412425,0.010936610582812952,0.1826945412311266,0.17304068297621866,0.12258813054261215,0,0,0,0,0,0,3,2,0.7142857142857143,0.07142857142857142,0.023809523809523808,0.16666666666666666,0,0,1,1,0,0,0,0,0,0,1,0,1,0,0,0,1,0,0,0,0,1,1,0,0,1,0,0,0,1,0,0,1,0,1,1,0,1,0,0,0,1,0,0,0,1,1,1,1,1,0,1,1,0,0,0,0,1,1,1,0,0,0,0,1,1,1,1,0,0,1,0,0,0,1,1,1,0,0,0,0,1,0,1,0,0,1,0,1,0,0,1,0,0,0,0,1,0,1,0,0,0,1,0,0,0,0,1,0,1,0,0,1,0,1,1,0,0,0,0,1,0,0,1,1,1,0,0,0,1,0,0,0,0,0,0,0,0,0,0,0,0,0,0,0,0,0,0,0,0,0,0,0,0,0,1,0,0,0,0,0,0,0,0,0,0,0,0,1,0,0,0,0,0,0,0,0,0,0,0,0,1,0,1,0,1,0,0,1,1,1,1,1,0,1,1,0,1,0,0,0,0,0,1,1,1,0,1,0,1,1,1,0,0,0,1,1,1,1,0,0,0,0,1,0,1,0,1,1,0,1,0,1,1,0,0,1,1,0,0,0,1,1,1,0,1,1,0,1,0,1,1,1,0,1,1,1,1,1,1,1,1,0,1,1,1,1,1,1,0,0,1,1,1,1,1,1,1,1,1,1,1,1,1,0,0,1,1,1,1,1,1,1,1,1,1,0
3364.0,453.9,CC1=C(C(=NO1)C2=C(C=CC=C2Cl)F)C(=O)NC3C4N(C3=O)C(C(S4)(C)C)C(=O)O,UIOFUWFRIANQPC-UHFFFAOYSA-N,2.6,Neratinib (HKI-272),14.353488149225743,0.03676692281850946,-1.0976976952297461,0.6840735128490479,24.366666666666667,453.8790000000002,1.4,3.144298249906367,1.6227197444307269,4159133.0872566467,6.984704279164452,19.846320666670863,40.292402217730455,0.0,5.907179729351506,5.907179729351506,5.969305287951849,9.589074368143644,9.184952231746642,0.0,11.761884949391115,22.82397021581957,32.903945735995094,4.74702245321756,10.586084805438322,28.40364893170434,41.14648958627849,0.0,15.373361591982254,0.0,42.975788523554094,0.0,40.362654270743484,11.257379486545457,5.316788604006331,4.39041504767482,0.0,23.36282483962363,55.151342053953705,9.589074368143644,12.740958040736519,29.965710494024506,5.022633313741326,11.257379486545457,112.74,45.80546251218297,23.880553994730988,0.0,27.60371171085822,0.0,0.0,41.78463308531705,13.847474399381248,0.0,10.473451861131776,16.124034827205865,18.730926127363126,7.398451812299017,38.48376168652011,15.438149150770673,-0.18529373184969167,-2.807821329047538,0.0,4.967932344080883,0.0,0.3684210526315789,2,0,2,2,2,1,3,0,6,11,3,4,0,2,2,0,3,4,2.6878199999999994,1,0,0,0,0,1,0,0,1,0,0,0,2,1,0,0,0,0,0,0,0,0,0,0,0,1,0,0,1,0,0,0,0,0,0,0,0,0,0,0,0,0,0,0,0,0,0,0,0,0,0,0,0,0,1,0,0,0,0,0,0,0,0,13,5.52183908045977,4,4,0.0,0.07586206896551723,0.18182779105363062,0.16149425287356323,0.16149425287356323,2402.0,4,0.18709523611122728,0.016492050627213463,0.16149425287356323,0.18754200225549902,0.13053552229612816,1,0,0,0,0,2,2,2,0.6333333333333333,0.16666666666666666,0.03333333333333333,0.1,0,0,1,0,1,1,0,1,1,0,1,0,1,0,0,1,0,1,1,1,1,1,0,0,0,1,0,0,0,0,0,0,0,0,0,1,0,1,1,0,0,1,1,0,0,0,0,0,0,0,1,1,0,0,0,1,0,0,0,1,1,1,0,0,0,0,1,0,0,1,0,0,0,0,0,0,1,0,0,1,1,0,0,1,0,1,0,1,1,0,0,0,0,0,0,0,0,0,0,0,0,1,1,0,1,0,0,1,1,0,0,0,1,0,0,1,0,0,0,0,1,0,1,0,1,1,0,1,1,1,0,0,0,0,0,0,0,0,1,0,0,1,0,0,0,0,0,0,0,1,0,0,0,0,0,0,0,0,0,0,0,0,0,0,0,0,1,0,0,0,0,0,1,0,0,0,0,1,0,0,0,0,0,0,0,0,0,1,0,0,0,0,1,0,0,1,1,0,0,0,0,1,0,0,1,0,0,0,0,1,1,1,0,1,0,1,0,1,1,1,0,0,1,0,1,1,1,1,0,0,0,0,1,1,0,1,0,1,0,0,1,0,1,0,0,0,0,1,0,0,1,1,1,1,1,1,0,1,0,0,0,1,0,1,1,0,1,1,0,1,1,1,1,1,1,0,1,0,1,1,1,1,1,0,1,0,1,1,1,1,1,1,1,1,1,1,0
447077.0,443.3,CN1C2=NC(=NC=C2C=C(C1=O)C3=C(C=CC=C3Cl)Cl)NC4=CC(=CC=C4)SC,VAARYSWULJUGST-UHFFFAOYSA-N,5.4,PD173955,13.002834711784928,0.23469412134816126,-0.23469412134816126,0.4061626844719179,11.03448275862069,443.3590000000001,1.0689655172413792,2.7173972095852386,1.807784750610308,4161881.326887254,8.06476767016192,5.316788604006331,5.647177220767728,0.0,5.948339280986494,5.559266895052007,0.0,9.361636831863176,4.9839785209472085,4.9839785209472085,11.761884949391115,35.33461391738825,42.65397159428106,34.77706101065339,15.608718119179649,0.0,57.632891720758735,0.0,14.53505668968577,7.04767198267719,4.895483475517775,11.572557787517734,75.12685082591244,11.126902983393991,10.876055499058339,11.635725555670057,0.0,34.963764729856145,20.790825873197175,7.04767198267719,0.0,0.0,10.045266627482652,22.160304418626513,59.81,0.0,4.794537184071822,0.0,5.559266895052007,38.153910327095666,10.582869750201336,4.567099647791355,49.271868777527814,30.52123745735784,15.284745645900749,23.20187978046503,1.4816486625514402,14.262786447766235,23.063634808925833,4.735272208278056,2.073743736281131,0.4113694325466817,3.6954646151417783,0.0,1.6706760728982952,0.09523809523809523,1,0,0,0,0,2,0,0,6,8,2,4,0,0,0,0,0,4,5.767800000000003,0,0,0,0,0,3,0,0,0,0,0,0,3,1,0,0,0,0,0,0,0,0,0,0,2,1,0,0,1,0,0,0,0,0,0,0,0,0,0,0,0,0,0,0,0,0,0,0,0,0,0,0,1,0,1,0,0,0,0,0,0,0,0,15,5.748768472906404,4,4,0.0,0.0788177339901478,0.18522481329651003,0.1758803138113483,0.1758803138113483,2334.0,3,0.1816016363709025,0.013210872793371096,0.1758803138113483,0.15392632241900053,0.1518012587222589,0,0,0,0,0,0,4,0,0.7241379310344828,0.034482758620689655,0.034482758620689655,0.13793103448275862,0,0,1,0,1,1,0,0,0,0,0,0,1,0,0,0,1,1,0,0,0,1,0,0,0,0,1,0,0,1,0,0,0,0,1,1,0,0,0,0,0,1,0,0,0,1,1,0,1,0,0,1,1,0,1,0,0,0,0,0,1,1,0,0,0,1,1,0,0,0,0,0,0,1,0,1,1,0,0,0,1,0,0,1,0,1,0,1,1,0,0,0,0,1,0,0,0,0,1,0,0,0,1,1,0,0,0,1,0,1,0,0,1,0,0,0,0,0,1,0,0,0,1,1,1,0,1,0,0,1,0,0,0,0,0,0,0,0,0,0,0,0,0,0,0,0,0,0,0,0,0,0,0,0,0,1,0,0,0,0,0,0,0,0,0,0,0,0,1,0,0,0,0,0,0,0,0,0,0,0,0,0,0,0,0,0,0,0,0,1,0,0,1,0,1,1,0,0,0,0,0,0,0,0,0,1,0,1,0,0,1,1,0,0,0,1,0,1,1,0,0,0,1,1,0,0,0,1,1,0,0,1,0,1,0,1,1,1,0,0,1,0,0,1,0,0,0,1,0,0,1,1,1,0,0,1,0,1,0,0,0,0,0,1,1,1,0,1,0,0,0,0,1,1,1,1,0,0,1,1,1,1,0,0,1,0,1,0,1,0,1,1,1,1,1,1,0
3355.0,415.35,C1CCNC(C1)C[NH2+]C(=O)C2=C(C=CC(=C2)OCC(F)(F)F)OCC(F)(F)F,DJBNUMBKLMJRSA-UHFFFAOYSA-O,3.8,PHA-665752,12.463682327097505,0.07120886465493248,-4.623506977413452,0.6718879374399531,18.0,415.35400000000004,1.0714285714285714,2.623560874178439,2.106626262239118,927019.4935257063,9.460634877147063,14.790514511606428,17.062475158264807,13.213763929025836,0.0,0.0,18.259776764238456,5.316788604006331,4.794537184071822,26.34249028604892,0.0,6.4208216229260096,31.519133788687814,6.06636706846161,12.586597235060536,45.927541981727174,5.907179729351506,0.0,5.316788604006331,0.0,37.65690273281294,26.303276740850986,23.762552697081826,11.49902366656781,20.10730311561276,26.34249028604892,11.49902366656781,0.0,50.60489433423741,0.0,0.0,29.620453544546844,0.0,0.0,64.17,31.47354069326429,31.137027470120742,0.0,23.104315987412765,6.544756405912575,44.00632248007543,5.316788604006331,0.0,0.0,14.790514511606428,0.0,83.40285381715846,0.0,12.463682327097505,4.518630546016233,-0.2780241402116401,-1.290954900478709,-6.328642305357446,-2.0437523699895186,0.0,0.5882352941176471,3,0,1,1,1,0,1,0,4,11,1,7,0,1,1,0,1,2,2.4145000000000003,0,0,0,0,0,0,0,0,0,0,0,0,0,1,1,0,0,0,0,0,0,6,0,0,0,0,0,0,0,0,2,0,0,0,0,0,0,0,0,0,0,0,0,0,0,0,0,0,0,1,0,1,0,1,0,0,0,0,0,0,0,0,0,13,5.904761904761905,2,2,0.0,0.07671957671957674,0.18844048954188192,0.18864468864468864,0.18864468864468864,2232.0,4,0.17781583401896128,0.01429921730381106,0.18864468864468864,0.17204964390367197,0.15157239370372855,0,0,0,0,0,0,1,1,0.6071428571428571,0.10714285714285714,0.0,0.07142857142857142,0,0,0,0,0,0,1,0,0,0,1,0,1,0,0,0,0,0,0,0,0,0,1,0,0,0,0,0,0,0,0,0,1,0,0,0,0,0,1,0,0,1,0,1,0,0,1,1,0,0,0,1,1,0,0,0,0,1,0,0,0,0,1,0,0,1,0,0,1,0,0,1,0,1,0,1,0,0,0,0,1,0,1,1,0,0,1,1,1,1,0,0,1,1,0,1,1,0,0,1,0,1,1,0,1,1,0,0,0,1,0,0,0,0,0,1,1,0,1,1,0,0,1,0,1,1,0,1,0,0,0,0,0,0,0,0,0,0,0,0,0,0,0,0,0,0,0,0,0,0,0,0,0,0,0,0,0,0,0,0,0,0,0,0,0,0,0,0,0,0,0,0,1,0,0,0,0,0,0,1,0,0,0,0,1,0,0,0,0,0,0,0,0,0,0,0,0,0,0,0,0,0,0,0,0,0,0,0,0,1,0,0,1,0,1,0,0,0,0,1,1,1,1,0,0,0,0,1,1,0,1,0,0,0,1,0,1,1,0,1,1,1,1,1,0,0,0,1,1,0,0,1,0,0,0,0,1,1,1,1,0,1,0,0,1,0,0,1,1,0,0,0,1,1,1,1,1,1,0,0,1,1,1,1,1,1,1,1,1,1,0,1,1,1,1,1,0
44240850.0,409.6,CCCCCCCCCCCCC1=CC=C(C=C1)S(=O)(=O)NC2=NN=CS2,BYWWNRBKPCPJMG-UHFFFAOYSA-N,7.4,PHT-427,12.28230435976656,0.2541879639074984,-3.586168295348996,0.4000902139916928,11.592592592592593,409.62100000000004,0.8888888888888888,3.1577703551212792,1.6274618901070397,1368337.6813625733,12.08020476119022,0.0,5.51053927361738,0.0,5.131558479839333,10.023291153407584,0.0,4.722094864452088,8.417796984328938,0.0,10.197363616602075,88.18065182088269,30.537828874472233,0.0,4.895483475517775,8.417796984328938,26.491635511181656,0.0,10.197363616602075,0.0,82.44825852739453,4.722094864452088,35.339459039160815,0.0,4.722094864452088,5.131558479839333,0.0,11.336785877934737,18.615160600931013,16.444112776333593,0.0,76.69540492064773,0.0,0.0,71.95,10.023291153407584,8.417796984328938,0.0,10.027041955357108,0.0,24.178429123786756,68.86138537164848,12.13273413692322,12.13273413692322,21.84319568074479,0.0,27.003495707504143,1.158830916905248,0.2541879639074984,7.626691253347762,2.6781286263947153,0.0,14.227431061435333,2.2536763939756623,-3.586168295348996,0.6,1,0,0,0,0,1,0,0,5,7,1,14,0,0,0,0,0,2,5.802300000000005,0,0,0,0,0,2,0,0,0,0,0,0,2,1,0,0,0,0,0,0,0,0,0,0,1,1,0,0,0,0,0,0,0,0,0,0,0,0,0,0,0,0,0,0,0,0,0,0,0,0,0,0,0,0,0,1,0,0,0,0,0,9,0,20,7.387464387464387,2,2,0.0,0.07977207977207978,0.1921168701976404,0.2554985754985755,0.2554985754985755,2593.0,4,0.14225669625658402,0.011320124668042574,0.2554985754985755,0.17829047992355027,0.14108704852457232,0,0,0,0,0,1,2,0,0.7407407407407407,0.07407407407407407,0.07407407407407407,0.1111111111111111,0,0,1,1,0,0,1,0,0,1,0,0,1,0,1,0,0,0,0,0,0,1,1,1,0,0,0,1,1,0,0,0,0,1,1,1,0,1,1,0,1,0,0,0,0,0,0,0,0,0,1,0,0,0,0,0,1,0,0,0,0,0,0,1,0,1,0,0,0,0,1,0,0,0,0,0,0,1,0,0,0,1,1,1,1,0,0,0,1,0,0,0,1,1,0,0,1,1,0,0,0,0,1,0,0,0,0,0,0,0,0,0,0,0,0,0,0,1,0,0,1,1,0,0,1,0,0,0,0,0,0,0,0,0,0,0,0,0,0,0,0,0,0,0,0,0,0,0,0,0,0,0,0,0,0,0,0,0,0,0,0,0,1,1,0,0,1,0,0,0,0,0,0,0,0,0,0,1,0,0,0,1,1,0,0,1,0,0,1,1,1,1,0,0,1,1,0,1,0,1,0,0,0,1,0,0,0,1,0,1,1,1,0,1,0,0,0,0,1,0,0,0,0,0,1,0,1,1,0,0,0,0,1,0,0,0,1,0,1,0,0,0,1,0,1,1,1,1,1,0,1,1,0,0,1,1,0,0,1,1,1,0,0,1,0,1,1,1,0,0,0,0,1,0,0,0,0,1,1,0,0,1,0,0,0,1,1,0,1,1,1,1,1,1,1,1,0
24180719.0,413.8,CCCS(=O)(=O)NC1=C(C(=C(C=C1)F)C(=O)C2=CNC3=C2C=C(C=N3)Cl)F,YZDJQTHVDDOVHR-UHFFFAOYSA-N,3.3,PLX-4720,14.786044798577867,0.03577283845636958,-3.8139671922360416,0.5997438594472442,11.703703703703704,413.833,1.3333333333333333,2.999738411653434,2.088807323809325,1032455.9659997021,7.241185926979019,4.9839785209472085,11.464398061813622,5.817220841045895,15.806536099772522,0.0,0.0,9.51663204852391,22.182605600625784,0.0,0.0,18.524677089923138,24.619922828310838,23.343362849387944,22.026324686868673,21.9931642637504,44.12826369992112,0.0,9.967957041894417,0.0,13.344558822616634,10.474948471198877,58.37676632783808,0.0,4.722094864452088,14.468216370033202,0.0,11.600939890232516,29.92185257933508,10.023291153407584,11.63444168209179,29.265998990082444,5.022633313741326,11.033401435232523,91.92,38.69181554824487,21.9931642637504,0.0,16.33893841218511,17.454223058158533,12.13273413692322,18.460054211687762,6.923737199690624,4.722094864452088,9.967957041894417,11.600939890232516,54.81745816182219,5.8758233570595735,19.4873233369929,0.5429972373512346,-1.077307886695812,-3.5964439889949453,2.9395975945298325,1.6442296538751473,-3.8139671922360416,0.17647058823529413,2,0,0,0,0,2,0,0,4,10,2,6,0,0,0,0,0,3,3.877200000000002,0,0,0,0,0,2,1,0,0,0,0,0,1,2,0,0,0,0,0,0,0,0,0,0,1,0,0,0,1,0,0,0,0,0,0,0,0,0,1,0,0,0,0,0,0,0,0,0,0,0,0,0,1,0,0,1,0,0,0,0,0,0,0,13,5.168091168091168,3,3,0.0,0.08262108262108263,0.19179269106673685,0.16672364672364673,0.16672364672364673,1814.0,4,0.2013324317191665,0.01589341657467839,0.16672364672364673,0.18854885965793539,0.16556449186068858,0,0,0,0,0,1,3,0,0.6296296296296297,0.1111111111111111,0.037037037037037035,0.1111111111111111,0,0,1,0,0,0,0,0,0,0,1,1,1,0,0,0,0,0,0,0,0,1,0,0,0,0,0,0,1,0,0,0,0,0,0,1,0,0,0,1,1,1,0,1,0,0,1,0,0,0,1,1,0,0,0,0,0,0,0,0,0,1,0,0,0,0,1,0,0,0,1,0,0,1,1,0,1,0,0,1,0,0,1,1,0,0,0,0,1,1,1,1,1,0,0,0,1,1,0,1,1,0,1,0,1,0,0,0,1,1,0,0,0,0,0,0,0,0,0,0,1,1,0,0,1,0,0,1,0,1,0,0,0,0,0,0,0,0,0,0,0,0,0,0,0,0,0,0,0,0,0,0,0,0,0,0,0,0,0,0,0,0,1,1,0,0,0,0,1,0,0,0,1,0,0,0,0,0,0,0,0,1,0,0,0,1,0,0,1,0,1,1,0,0,0,1,0,1,0,1,0,0,0,1,0,0,0,1,0,0,0,0,0,1,0,0,0,1,1,0,1,0,0,0,1,0,1,1,1,0,0,1,1,1,1,1,1,1,0,0,0,1,1,0,1,1,0,1,1,0,1,1,0,0,1,1,0,0,0,0,1,1,1,1,1,1,1,1,0,0,0,0,1,0,1,1,1,1,1,0,1,1,1,1,1,1,1,0,1,1,1,1,1,1,1,1,0
135565635.0,308.34,CC(C)N1C2=NC=NC(=C2C(=N1)C3=CC4=C(N3)C=CC(=C4)O)N,MFAQYJIYDMLAIM-UHFFFAOYSA-N,2.0,PP242,9.629219010173195,0.14719702695893178,0.14719702695893178,0.5277706284055409,11.782608695652174,308.345,1.2173913043478262,3.078726907615688,2.0328288600240345,291349.1634483954,4.703832953310596,15.824173392950101,23.588622680731937,5.647177220767728,0.0,0.0,0.0,0.0,14.6497599770396,5.098681808301038,0.0,0.0,38.112942673227685,16.944765761229018,11.080152209313257,5.106527394840706,27.754189145148608,0.0,24.732420306287846,0.0,19.88931522852921,5.733667477162185,30.59278834861098,17.137367822980828,5.733667477162185,5.817862777835028,5.749511833283905,0.0,29.838947701128554,0.0,0.0,19.88931522852921,0.0,33.32418235701051,105.64,0.0,5.106527394840706,0.0,11.791352662431866,17.158967993451217,21.983077141394315,6.3273200747645415,12.13273413692322,30.662011471449652,20.05061737114266,5.733667477162185,1.8389737654320988,0.0,11.739181573864112,15.945792611836081,9.223851095993954,0.6267299697656845,1.4496547337943442,4.078897525033889,0.0,0.1875,4,0,0,0,0,3,0,0,6,7,3,2,0,0,0,0,0,4,2.8432999999999993,0,0,0,1,0,5,1,1,0,0,0,0,4,1,1,0,0,0,0,0,0,0,0,0,1,0,0,0,2,0,0,0,0,0,0,0,0,0,0,0,0,0,0,0,0,0,0,0,0,0,0,0,0,0,0,0,0,0,0,0,0,0,0,10,4.379446640316205,4,4,0.0,0.1027667984189723,0.20796009449632094,0.16092603049124787,0.16092603049124787,1108.0,3,0.23721558316624322,0.015194076696084321,0.16092603049124787,0.14805630766777414,0.18394219157735775,0,0,0,0,0,2,4,0,0.6956521739130435,0.043478260869565216,0.0,0.2608695652173913,0,0,0,1,0,0,0,0,1,0,0,0,0,1,1,0,0,0,0,0,1,1,0,1,0,0,0,1,0,1,0,1,1,0,1,1,0,0,1,0,0,1,0,0,0,0,1,0,0,0,0,1,0,1,0,1,0,0,0,0,1,0,0,0,0,1,1,0,1,1,0,0,0,0,0,0,0,0,0,0,0,0,0,1,0,0,0,0,1,0,0,0,1,0,0,0,0,1,0,0,0,0,1,0,0,1,0,1,0,1,0,1,0,0,0,0,0,0,0,0,0,1,0,0,1,0,0,1,0,0,0,0,0,0,0,0,0,0,0,0,0,0,0,0,0,0,0,0,0,0,0,0,0,0,0,0,0,0,0,0,0,0,0,0,0,0,0,0,1,0,0,0,0,0,0,0,0,0,0,0,0,0,1,0,0,0,0,0,0,0,0,0,1,0,0,1,0,0,0,0,0,0,0,0,1,1,0,1,0,1,1,0,0,1,1,0,0,0,0,0,0,0,0,0,1,0,1,0,1,0,0,1,0,0,0,1,0,0,0,0,0,0,0,1,0,0,0,0,0,0,1,1,1,0,1,1,0,1,0,0,0,1,0,1,0,1,0,1,0,1,0,0,1,1,0,1,0,0,1,1,0,1,1,0,0,0,1,1,1,0,1,1,1,1,1,1,0
44462758.0,393.4,C1CCC(C(C1)N)NC2=NC=C(C(=N2)NC3=CC(=CC=C3)N4N=CC=N4)C(=O)N,TXGKRVFSSHPBAJ-JKSUJKDBSA-N,2.2,PRT062607,11.85672330221753,0.05354476862579838,-0.6126710390946501,0.492881036705245,18.93103448275862,393.45500000000004,1.1724137931034482,3.2488429071273646,1.596735509722754,6321494.565715398,8.22988449042261,22.100912162337032,11.381314269532023,0.0,5.948339280986494,5.907179729351506,0.0,4.794537184071822,4.9839785209472085,19.9778483600483,0.0,18.90801031431363,31.040744451236847,23.96791150459256,18.081073417909714,4.794537184071822,23.36076806285659,0.0,24.961826880995506,11.46733495432437,37.76696814999996,10.633577208012662,48.41945048038266,5.687386274683562,22.100912162337032,17.453588333505085,0.0,0.0,42.95268826864293,0.0,0.0,36.04127516747286,0.0,5.687386274683562,149.65999999999997,5.907179729351506,4.794537184071822,0.0,17.647133149992918,17.453588333505085,31.3706727663876,10.99334979411209,12.393687143226153,24.26546827384644,30.798897866509154,11.46733495432437,0.0,0.0,22.08299790019605,14.691870110885228,13.39055012654375,0.11853531536071316,8.80542816586228,0.0,0.0,0.3157894736842105,6,1,0,1,1,2,2,0,9,10,2,6,1,0,1,0,2,4,1.5815999999999988,0,0,0,0,0,5,0,0,0,0,0,0,5,2,2,0,0,0,0,0,0,0,0,0,3,0,0,0,0,0,0,0,0,0,0,0,0,0,0,0,0,0,0,0,0,0,0,0,0,0,0,1,0,0,0,0,0,0,0,0,0,0,0,14,5.834975369458128,4,4,0.0,0.07881773399014778,0.18536935110999764,0.1790731618317825,0.1790731618317825,2369.0,3,0.17823744993228524,0.010998285764066711,0.1790731618317825,0.17909365474225633,0.1665425997599736,0,0,0,0,0,1,3,1,0.6551724137931034,0.034482758620689655,0.0,0.3103448275862069,0,0,1,0,0,0,1,0,0,1,0,0,1,0,1,0,0,1,0,0,1,1,0,0,0,0,0,1,0,0,0,0,1,0,1,1,0,0,0,0,0,1,1,0,0,1,1,1,1,0,0,0,0,0,0,1,1,0,0,0,0,0,0,0,0,1,1,0,0,0,1,0,0,1,0,1,1,1,0,0,0,0,0,1,0,1,0,0,1,0,0,1,0,0,0,0,0,0,0,0,1,0,1,0,0,0,0,0,0,1,0,0,1,1,0,0,0,0,1,1,0,1,1,0,1,1,0,1,0,1,0,0,0,0,0,0,0,0,0,0,0,0,0,0,0,0,0,0,0,0,0,0,0,0,0,1,0,0,0,0,0,0,0,0,0,0,0,0,1,0,0,0,0,0,0,0,0,0,0,0,0,0,1,1,1,0,0,0,0,0,0,0,1,0,0,1,0,0,0,0,1,0,0,0,0,1,0,1,0,1,1,0,0,1,1,0,0,0,0,0,1,1,1,0,1,0,1,1,1,0,0,0,0,0,1,0,1,0,0,0,1,1,0,0,0,0,0,1,1,0,1,1,1,0,1,1,0,0,1,1,1,1,0,1,0,1,0,1,0,0,0,0,1,0,1,1,0,1,1,0,1,1,0,0,1,0,1,0,1,0,0,1,1,1,1,1,0
3286.0,384.5,CCOP(=S)(OCC)SCSP(=S)(OCC)OCC,RIZMRRKBZQXFOY-UHFFFAOYSA-N,5.1,Regorafenib (BAY 73-4506),5.554592466616276,0.5555805146132526,-2.2537497637944073,0.34347389826428293,12.842105263157896,384.4870000000002,0.6842105263157895,2.2944537799220246,4.359571541268355,8858.886044278937,11.413012205652409,18.09498864684727,0.0,0.0,11.38707520155611,0.0,0.0,0.0,0.0,0.0,0.0,22.76344959222632,51.30866097603979,0.0,31.51241344861924,18.09498864684727,57.76423697105973,0.0,0.0,0.0,27.694948798762496,31.51241344861924,0.0,0.0,0.0,0.0,0.0,34.15052479378243,31.51241344861924,41.70870082412456,0.0,27.694948798762496,0.0,0.0,36.92,11.38707520155611,0.0,0.0,0.0,31.51241344861924,0.0,22.76344959222632,0.0,27.694948798762496,0.0,41.70870082412456,22.218369866465103,13.855792181069958,0.0,0.6612654320987656,-4.507499527588814,0.0,0.0,9.883183159066094,0.0,1.0,0,0,0,0,0,0,0,0,8,10,0,12,0,0,0,0,0,0,5.005300000000004,0,0,0,0,0,0,0,0,0,0,0,0,0,0,0,0,0,0,0,0,0,0,0,0,0,0,0,0,0,0,0,0,0,0,0,0,0,0,0,0,0,0,0,0,0,0,0,0,0,0,0,0,0,0,0,0,0,0,0,0,0,0,0,10,4.631578947368421,0,0,0.0,0.10526315789473684,0.22860437825232077,0.21362229102167182,0.21362229102167182,792.0,4,0.22501749833175677,0.01927737511276498,0.21362229102167182,0.21855009068556544,0.20081645401135823,0,0,0,0,0,0,0,0,0.47368421052631576,0.21052631578947367,0.21052631578947367,0.0,0,0,0,0,0,0,0,0,0,1,0,0,0,0,0,0,0,0,0,0,0,0,0,0,0,0,0,0,0,0,0,0,0,0,0,1,0,0,0,0,1,0,0,0,0,0,0,0,0,0,0,0,0,1,1,0,0,1,0,1,0,0,0,0,0,0,1,1,0,0,0,0,0,0,0,0,1,0,0,0,0,0,1,0,0,0,0,1,1,0,0,0,0,0,0,0,0,0,0,1,0,0,0,0,0,0,0,0,0,0,0,0,0,0,0,0,0,0,1,0,0,0,0,0,0,0,0,0,0,0,0,0,0,0,0,0,0,0,0,0,0,0,0,0,0,0,0,0,0,0,0,0,0,0,0,0,0,0,1,1,0,0,0,0,0,0,0,0,0,0,0,0,0,0,0,0,0,0,0,0,0,0,0,0,0,0,0,0,0,0,0,0,0,0,0,0,0,1,0,0,0,0,0,1,0,0,0,0,0,0,0,1,0,0,0,0,0,0,1,0,0,0,0,0,0,0,0,0,0,0,0,0,1,0,0,0,1,0,0,1,0,0,1,0,1,0,0,0,0,0,0,0,0,0,1,0,1,0,1,0,1,0,0,0,0,0,0,0,1,0,1,1,0,0,0,0,1,0,1,1,0,0,0,1,0,1,0,1,0,1,1,0,0,0,1,0,0
252682.0,365.4,CC1=CC=C(C=C1)S(=O)(=O)OCC(=O)NC2=CC(=C(C=C2)C(=O)O)O,HWNUSGNZBAISFM-UHFFFAOYSA-N,3.0,S31-201,11.966607579262702,0.07467078189300347,-4.078439630839071,0.6647586677422,11.08,365.36300000000006,1.12,2.5304594371370612,1.9953373605235638,248096.36505466604,7.324575345007146,15.529843393687743,17.919845289493818,0.0,0.0,16.02530658838506,5.969305287951849,8.97762261672153,4.794537184071822,8.417796984328938,0.0,17.696185628620217,31.18920547353706,11.753753343145172,4.895483475517775,32.4030115748037,27.681998151020473,0.0,0.0,0.0,11.819220675208399,11.923670568519249,53.59147246262526,5.749511833283905,5.316788604006331,5.687386274683562,5.749511833283905,0.0,37.11421875582662,19.09574947575508,6.923737199690624,15.921440167465814,0.0,0.0,130.0,34.35100567413373,23.113398747313283,0.0,16.14632124189833,0.0,17.696185628620217,18.19910120538483,19.056471336613843,0.0,9.499874036656038,5.106527394840706,28.61837724805257,0.0,22.49131078122592,20.649846233413534,0.6540186953665497,-2.6254092215418563,0.0,1.035121447782242,-4.078439630839071,0.125,3,0,0,0,1,0,0,0,6,9,0,6,0,0,0,0,0,2,1.74282,0,0,0,0,1,0,0,1,1,0,0,0,0,1,0,0,0,0,0,0,0,0,0,0,1,1,0,0,0,0,0,0,0,0,0,0,0,0,0,0,0,0,0,0,0,0,0,0,0,0,0,0,0,0,0,0,0,0,0,0,0,0,0,15,5.806666666666667,2,2,0.0,0.08666666666666666,0.19936776639990364,0.2089855072463768,0.2089855072463768,1742.0,4,0.17847995254618124,0.015890050997824527,0.2089855072463768,0.20036387818142065,0.17976810603268703,0,0,0,0,0,0,2,0,0.64,0.28,0.04,0.04,0,0,1,0,0,0,0,1,0,0,0,0,1,0,0,0,0,0,0,0,0,0,0,0,0,1,1,0,0,0,0,1,1,1,0,1,0,0,0,0,0,1,0,1,0,0,0,0,0,0,0,0,0,0,0,1,0,1,1,0,1,0,0,0,0,1,0,0,1,1,1,0,0,1,1,0,0,1,0,1,0,0,1,1,1,0,1,0,1,0,0,0,0,1,0,0,1,0,0,0,0,0,1,0,0,0,0,0,0,1,0,0,1,1,0,0,0,0,0,0,0,0,0,0,0,0,0,1,0,0,0,0,0,0,0,0,0,0,0,0,0,0,0,0,0,0,0,0,0,0,0,0,0,0,0,0,0,0,0,0,0,0,0,0,0,0,0,0,0,1,1,0,0,0,0,0,0,0,1,0,0,1,0,1,0,1,0,0,1,1,1,1,0,0,1,0,0,1,0,0,0,0,1,1,0,0,0,0,0,0,0,1,0,0,0,0,0,0,1,1,0,0,1,0,0,1,0,1,0,0,0,0,1,0,1,0,1,0,0,1,1,1,1,1,0,0,0,1,0,0,0,0,0,1,1,1,1,1,0,0,1,1,1,1,0,1,1,0,0,1,1,0,0,1,1,1,1,0,1,0,1,1,1,1,1,1,1,1,1,1,1,1,1,1,1,1,0
24779724.0,359.4,CN1C=C(C=N1)C2=NN3C(=NN=C3SC4=CC5=C(C=C4)N=CC=C5)C=C2,BCZUAADEACICHN-UHFFFAOYSA-N,2.4,SGX-523,4.682395282186949,0.7107371714117745,0.7107371714117745,0.49235603543853707,11.423076923076923,359.41800000000006,1.0384615384615385,3.2767751438823685,1.54930116404396,2299437.6359177255,5.921357991514548,0.0,0.0,5.647177220767728,5.156436481820707,0.0,0.0,9.665781456092393,0.0,14.712761510217698,10.197363616602075,6.06636706846161,48.16008736016077,35.28651830758291,17.407472284077798,0.0,28.311987102239904,0.0,34.57590658291217,7.04767198267719,10.051919957338482,0.0,61.05510019407049,11.257379486545457,0.0,0.0,0.0,11.761884949391115,34.57590658291217,7.04767198267719,0.0,0.0,0.0,27.80748163939424,73.79,0.0,0.0,0.0,0.0,10.803613702588436,27.055787894144288,11.761884949391115,21.59088797198696,49.64271796505992,31.445072822612968,0.0,3.52042355077608,1.5259327496430668,5.417081995175083,19.198026149709158,3.4660438981069053,0.0,5.522235393774896,0.0,1.8855791935080701,0.05555555555555555,0,0,0,0,0,4,0,0,8,8,4,3,0,0,0,0,0,5,3.2242000000000006,0,0,0,0,0,7,0,0,0,0,0,0,7,0,0,0,0,0,0,0,0,0,0,0,0,1,0,0,2,0,0,0,0,0,0,0,0,0,0,0,0,0,0,0,0,0,0,0,0,0,0,0,1,0,0,0,0,0,0,0,0,0,0,14,5.4,5,5,0.0,0.09230769230769233,0.19585030738951234,0.18333333333333338,0.18333333333333338,1755.0,3,0.1921889901848475,0.010207622493606794,0.18333333333333338,0.17708733446125022,0.17125612163512158,0,0,0,0,0,2,5,0,0.6923076923076923,0.0,0.038461538461538464,0.2692307692307692,0,0,0,1,0,0,0,1,0,0,1,0,0,0,1,0,0,1,0,0,0,1,0,0,0,1,0,0,1,0,1,0,1,0,0,1,0,0,1,0,0,1,1,1,0,1,1,1,0,0,0,0,0,1,0,0,0,0,0,0,0,0,0,0,0,1,1,1,1,0,0,0,0,1,1,1,1,0,0,0,0,0,1,1,0,0,1,0,1,0,0,0,0,1,0,0,0,0,0,0,1,0,1,1,0,1,0,1,1,1,0,0,0,0,0,0,0,1,1,1,0,0,0,1,1,0,0,0,0,1,0,0,0,0,0,0,0,0,0,0,0,0,0,0,0,0,0,0,0,0,0,0,0,0,0,0,0,0,0,0,0,0,0,0,0,0,0,0,1,0,0,0,0,0,0,0,0,1,0,0,0,0,1,0,0,0,0,0,0,1,0,0,1,0,1,1,0,0,0,0,0,0,0,0,0,1,0,1,0,1,1,1,0,1,0,0,0,0,1,0,0,0,0,1,1,0,1,0,1,0,0,1,0,0,0,1,1,0,0,0,0,0,0,0,0,0,0,0,0,0,1,1,1,0,1,1,0,0,0,0,1,0,0,0,0,0,0,1,0,0,0,0,1,0,0,1,0,0,1,0,0,0,0,0,0,0,1,0,1,0,1,1,1,1,0,1,0
9549297.0,568.1,CC1=C(NC(=C1C(=O)N2CCN(CC2)C)C)C=C3C4=C(C=CC(=C4)S(=O)(=O)N(C)C5=CC(=CC=C5)Cl)NC3=O,FPYJSJDOHRDAMT-KQWNVCNZSA-N,3.1,SU11274,13.444685829154189,0.03453165341023956,-3.935562012853121,0.45356841813751364,16.897435897435898,568.099,1.0769230769230769,3.367818098026517,1.4927953781581942,518876299.18848544,10.179223121730733,20.100586586654494,0.0,0.0,0.0,21.837650612110593,0.0,13.894290359439879,8.417796984328938,0.0,0.0,17.667306958694127,68.93282039135897,60.88802467614629,21.7194257719676,18.00687135247258,56.46248768861338,0.0,14.783797982648164,0.0,18.742957874899023,49.89637418430724,75.5654132577605,0.0,9.622004595302565,11.374772549367124,0.0,11.600939890232516,75.2903240146848,14.817828337479405,13.847474399381248,32.87274764885973,5.022633313741326,11.64912463690315,105.82,10.023291153407584,18.00687135247258,0.0,16.709842934220784,51.88085418324531,28.65210828966684,19.18040611960041,36.407855449141934,25.795056112908917,15.200676855804018,11.600939890232516,28.045047817222827,6.06553282233004,33.61842118935665,3.229297964817294,4.426537972933693,-0.3805121699409002,1.681888590606123,6.656562861473219,-0.4418083036100473,0.2857142857142857,2,0,2,2,2,1,0,0,5,11,3,5,0,1,1,0,0,5,3.9903400000000033,0,0,0,0,0,1,1,0,0,0,0,0,3,2,0,0,1,0,0,0,0,0,0,0,2,1,0,0,1,0,0,0,0,0,0,0,0,0,0,0,0,0,0,0,0,0,0,0,0,0,1,0,0,0,0,1,0,0,0,0,0,0,0,19,7.082321187584346,5,5,0.0,0.058029689608636977,0.15961530030860788,0.16438705912390125,0.16438705912390125,5248.0,4,0.14697892630822196,0.012805528041379733,0.16438705912390125,0.18624197169737094,0.13261482660460383,0,0,0,0,0,2,3,1,0.717948717948718,0.10256410256410256,0.02564102564102564,0.1282051282051282,0,0,0,0,0,0,1,0,0,1,0,0,1,1,0,0,1,1,0,1,0,1,0,0,0,0,0,1,0,0,0,1,1,0,1,1,0,0,1,1,0,1,0,0,0,0,0,0,1,1,0,1,0,0,1,1,1,0,1,0,1,0,0,0,1,1,1,1,0,0,1,0,1,0,1,0,1,1,0,0,1,1,1,1,0,0,1,0,1,0,1,1,1,0,0,0,1,0,1,0,0,0,1,1,0,0,0,0,0,1,1,0,0,0,1,1,0,1,0,0,0,0,0,1,0,0,1,1,0,0,0,0,0,0,0,0,0,0,0,0,0,0,0,0,0,0,0,0,0,0,0,0,0,0,0,0,0,0,0,0,0,0,1,1,0,0,0,0,0,0,0,0,0,0,0,0,0,0,0,0,1,1,0,0,0,1,0,0,1,1,1,1,0,0,1,1,0,1,0,0,0,0,0,1,0,1,1,0,0,1,1,1,0,1,0,1,1,1,1,0,0,0,1,1,1,0,1,1,1,1,1,1,1,1,0,1,1,1,0,0,1,1,1,0,0,1,1,1,1,0,1,1,1,0,1,1,0,1,1,1,1,1,0,1,1,1,1,1,1,0,1,1,1,1,1,1,1,1,1,1,1,1,0,1,1,0,1,0,1,1,1,1,1,1,1,1,0
3265.0,384.5,CCC(=O)OC1CCC2C1(CCC3C2CCC4=C3C=CC(=C4)OC(=O)CC)C,JQIYNMYZKRGDFK-UHFFFAOYSA-N,4.3,Saracatinib (AZD0530),11.902878667387508,0.05819992966322296,-0.1799140829809116,0.530091130997489,33.392857142857146,384.51600000000013,1.0714285714285714,3.0319663332337057,1.5378262162530862,2824067.4337302037,7.530891094307919,9.473725907600098,11.853478221032208,0.0,0.0,0.0,11.938610575903699,9.589074368143644,0.0,0.0,0.0,26.83757866753348,79.53828499635746,18.2566337152488,0.0,19.06280027574374,11.938610575903699,0.0,0.0,17.250802561719567,84.15965701638964,0.0,29.32600418877882,5.749511833283905,4.736862953800049,0.0,5.749511833283905,0.0,18.042576963652003,20.7467589448697,17.250802561719567,82.76177198910933,0.0,0.0,52.6,0.0,9.589074368143644,0.0,23.45756743304878,36.344873217620105,25.683286491704038,23.968546229246012,0.0,19.913841467842857,19.056471336613846,9.473725907600098,11.283346955454327,0.0,23.511317085203096,0.0,2.9184426178963077,2.3199943810204564,7.606249060072024,6.048064073999475,0.0,0.6666666666666666,0,3,0,3,0,0,5,0,4,4,0,4,2,0,2,0,5,4,5.179900000000005,0,0,0,0,0,0,0,0,0,0,0,0,0,0,0,0,0,0,0,0,0,0,0,0,0,1,0,0,5,2,2,0,0,0,0,0,0,0,0,0,0,0,0,0,0,0,0,0,0,0,0,0,0,0,0,0,0,0,0,0,0,0,0,16,5.5661375661375665,4,4,0.0,0.082010582010582,0.18840663146746964,0.17562067562067568,0.1756206756206756,2104.0,4,0.18945642746285435,0.014738620470274839,0.17562067562067568,0.13111665277833695,0.1516523679204896,0,0,0,0,0,1,1,2,0.8571428571428571,0.14285714285714285,0.0,0.0,0,0,0,0,1,1,0,0,0,1,0,0,1,0,1,0,0,1,0,0,0,0,0,0,0,0,1,0,0,0,0,0,1,1,0,1,0,0,1,1,1,1,0,0,0,1,0,1,0,0,0,1,1,0,0,1,0,1,0,0,1,0,0,0,0,0,0,1,1,0,1,1,0,1,0,1,1,0,0,0,1,0,1,1,0,0,1,0,1,0,0,0,0,0,0,0,0,0,0,0,0,0,1,0,1,0,0,1,1,1,0,0,1,0,0,0,0,0,0,1,1,0,0,1,1,1,1,1,1,0,0,0,0,0,0,0,0,0,0,0,0,0,0,0,0,0,0,0,0,0,0,0,0,0,0,0,0,0,0,0,0,0,0,0,0,0,0,0,0,0,0,0,0,0,0,0,0,0,0,0,0,0,0,0,0,0,0,0,0,0,0,0,0,0,0,0,1,0,0,0,0,0,0,0,0,0,0,0,0,0,0,0,0,0,0,0,0,0,0,0,0,0,0,0,0,0,1,0,0,0,0,1,0,0,0,1,0,0,1,0,0,0,1,1,1,1,1,0,1,0,0,0,0,1,0,0,1,1,1,1,0,0,1,0,0,0,1,0,0,0,1,1,0,1,1,1,1,1,0,1,1,0,1,0,1,1,0,1,0,1,1,0,1,1,1,1,0
3256.0,862.1,CCC1C(C(C(C(=O)C(CC(C(C(C(C(C(=O)O1)C)OC2CC(C(C(O2)C)O)(C)OC)C)OC3C(C(CC(O3)C)N(C)C)OC(=O)CCC(=O)OCC)(C)O)C)C)O)(C)O,NSYZCCDSJNWWJL-UHFFFAOYSA-N,3.4,Selumetinib (AZD6244),14.294592685397456,0.043069317084462266,-2.0433919152336415,0.16346044563458165,43.81666666666667,862.064,0.85,3.171975488090707,2.215056633356373,1725288024656.1074,21.370036890316925,63.22092294061369,23.592228532845233,18.684019846418728,0.0,0.0,17.90791586385555,19.178148736287287,0.0,0.0,0.0,27.694948798762496,81.82396923196677,31.284337302687717,73.13020564638317,77.49916194605049,23.691160810220488,0.0,4.899909730850478,23.671624184645573,198.94281675690883,27.812023471144833,0.0,0.0,0.0,0.0,0.0,0.0,161.08598141433453,57.073052366687676,23.671624184645573,114.6860389341529,0.0,0.0,226.27999999999997,131.61956281762195,39.60425831565011,0.0,38.710990079142974,6.4208216229260096,0.0,27.881009140349406,48.46616039783436,25.918990895895483,0.0,37.89490363040039,48.77026406003245,0.0,55.631583239826114,46.80025627526352,-5.055684559388473,-6.644539832517889,-11.127012570511047,17.890226735378096,5.094269468662148,0.9069767441860465,4,0,3,3,0,0,18,0,17,17,3,12,0,3,3,0,18,3,2.6798000000000073,0,4,2,0,0,0,0,0,0,0,0,0,1,0,0,0,1,0,0,0,0,0,0,0,0,0,0,0,0,3,8,0,0,0,0,0,0,0,1,1,1,1,0,0,0,0,0,0,0,0,0,0,0,0,0,0,0,0,0,0,0,0,0,19,7.997175141242938,3,3,0.0,0.035028248587570615,0.1285434107807269,0.12064095071108512,0.12064095071108512,14155.0,4,0.1301987902932003,0.011969052240005296,0.12064095071108512,0.14488408618502147,0.10767847921041449,0,0,0,0,0,0,0,3,0.7166666666666667,0.26666666666666666,0.0,0.016666666666666666,0,0,0,1,1,0,1,0,0,0,0,1,1,1,1,1,0,1,1,0,0,1,0,1,1,1,1,0,0,0,1,1,1,0,0,1,0,0,1,1,1,1,0,0,1,1,0,1,1,1,1,0,0,0,0,0,1,1,0,0,1,0,0,1,0,0,1,1,0,0,0,0,0,1,0,1,0,0,0,0,1,0,1,0,1,0,0,0,1,0,0,1,0,0,0,1,0,0,0,0,0,1,1,1,1,1,0,1,1,0,0,0,1,0,0,1,1,1,0,0,1,0,1,0,1,1,1,1,0,0,0,0,0,0,0,0,0,0,0,0,0,0,0,0,0,0,0,0,0,0,0,0,0,0,0,0,0,0,0,0,0,0,0,0,0,0,0,0,0,0,0,0,0,0,0,0,0,0,0,0,0,0,0,0,1,0,0,1,0,0,0,0,0,0,0,0,1,0,0,0,0,0,1,0,1,0,0,0,0,0,0,0,0,0,0,1,1,0,0,1,1,1,0,1,0,1,0,1,1,0,0,1,0,0,1,0,0,0,1,1,0,1,1,0,1,1,1,0,1,0,1,0,1,1,0,0,1,1,1,1,0,1,1,1,0,0,1,1,0,1,1,1,0,1,0,1,1,1,1,1,1,0,1,1,1,1,1,1,1,1,1,1,0,1,1,1,0
5279.0,466.5,CC12C(C(CC(O1)N3C4=CC=CC=C4C5=C6C(=C7C8=CC=CC=C8N2C7=C53)CNC6=O)NC)OC,HKSZLNNOFSGOKW-UHFFFAOYSA-N,3.2,Staurosporine,13.322080739735185,0.0035672293608803862,-0.7598920540438403,0.4058424794083466,27.285714285714285,466.5410000000003,1.0571428571428572,3.5081436775758226,1.722908301157929,283668581.9642293,6.428959091661394,29.24150241119547,12.331867558483172,5.724985593970254,0.0,5.907179729351506,0.0,4.794537184071822,0.0,0.0,0.0,36.39820241076966,31.667594810988028,47.66211325712326,27.63025436216204,14.268263091671919,49.51887945767573,0.0,19.76777650359537,0.0,43.98800921013059,14.157469523954724,59.65783953108687,0.0,10.633577208012662,0.0,0.0,0.0,41.3446557657852,21.743467907482927,0.0,35.49390016081732,0.0,43.611699728324226,69.45,5.724985593970254,4.794537184071822,0.0,24.280888116982638,6.544756405912575,61.15942433464423,0.0,7.109797541277533,7.04767198267719,75.22245025097888,9.473725907600098,17.95779664798018,0.0,13.322080739735185,11.034434758279907,5.507619834971026,0.0035672293608803862,0.3367121231208525,2.68314240047871,3.7682444514894007,0.32142857142857145,2,0,3,3,1,2,4,2,6,7,5,2,0,1,1,0,4,8,4.354000000000003,0,0,0,0,0,2,0,0,0,0,0,0,2,2,0,0,1,0,0,0,0,0,0,0,0,0,0,0,13,0,2,0,0,0,0,0,0,0,0,0,0,1,0,0,0,0,0,2,0,0,0,0,0,0,0,0,0,0,0,0,0,0,0,10,4.6,8,8,0.0,0.07058823529411762,0.16851887782062494,0.10909090909090907,0.10909090909090909,2737.0,4,0.22500142662488892,0.013145964761319196,0.10909090909090907,0.0908158121787847,0.14588013659421833,0,0,0,0,0,3,5,1,0.8,0.08571428571428572,0.0,0.11428571428571428,0,0,1,0,0,0,1,1,0,0,1,1,1,1,1,0,0,0,1,0,0,0,0,0,1,0,0,1,0,0,1,0,1,0,1,1,0,0,1,1,1,1,0,1,0,0,0,1,1,1,0,1,0,0,0,0,1,1,0,0,1,0,0,0,1,1,1,1,1,0,0,0,0,1,0,1,1,0,0,1,0,0,1,1,0,1,1,0,1,1,0,0,1,0,0,0,0,0,0,0,0,1,1,0,0,0,0,1,1,0,1,1,0,0,0,0,0,0,1,0,0,0,0,1,1,1,0,0,0,1,0,0,0,0,0,0,0,0,0,0,0,0,0,0,0,0,0,0,0,1,0,0,0,0,0,0,0,0,0,0,0,0,0,0,0,0,0,0,0,0,0,0,0,0,0,0,0,0,0,0,0,0,0,0,0,0,0,1,0,0,0,0,0,0,0,1,0,0,0,0,0,0,1,0,0,0,0,0,0,1,1,0,1,1,0,1,0,0,0,0,0,1,1,1,0,1,1,1,1,0,1,1,0,0,1,1,0,0,1,0,1,1,1,0,0,0,1,1,0,0,1,1,1,0,0,1,1,1,0,0,0,1,1,1,0,0,0,1,0,0,0,1,1,1,1,1,1,0,1,1,1,1,1,1,1,0,1,1,1,1,1,1,1,1,1,1,0
10427712.0,346.3,C1=CC(=CC(=C1)O)C2=NC3=C(N=C(N=C3N=C2C4=CC(=CC=C4)O)N)N,UJIAQDJKSXQLIT-UHFFFAOYSA-N,1.7,TG100-115,9.830112846842644,0.0034588372385986332,-0.0034588372385986332,0.43266451954791146,10.923076923076923,346.3500000000001,0.6923076923076923,2.604185501986936,2.0814407586257127,951350.6308438596,5.850360878873389,21.68038974400578,11.49902366656781,16.98174071621902,5.948339280986494,0.0,0.0,0.0,9.967957041894417,9.967957041894417,0.0,24.26546827384644,24.26546827384644,11.126902983393991,11.387855989696922,10.213054789681411,22.930079997205514,0.0,19.935914083788834,0.0,0.0,11.46733495432437,48.53093654769288,34.01378263965872,11.46733495432437,11.766202058821523,11.49902366656781,0.0,30.148968873470245,0.0,0.0,0.0,0.0,33.678636911474904,144.06,0.0,10.213054789681411,0.0,28.91240294615706,28.031459690707173,0.0,0.0,48.53093654769288,0.0,19.935914083788834,11.46733495432437,0.0,0.0,17.14207787435962,19.657760554073683,14.348210138993872,0.2924828357268845,0.0,0.0,0.0,0.0,6,0,0,0,0,2,0,0,8,8,2,2,0,0,0,0,0,4,2.3294000000000006,0,0,0,2,0,4,0,2,0,0,0,0,4,0,2,0,0,0,0,0,0,0,0,0,2,0,0,0,1,0,0,0,0,0,0,0,0,0,0,0,0,0,0,0,0,0,0,0,0,0,0,0,0,0,0,0,0,0,0,0,0,0,0,10,4.689230769230769,4,4,0.0,0.08923076923076924,0.19566582590839038,0.15371794871794875,0.15371794871794872,1524.0,3,0.22206854372792886,0.013282433253208147,0.15371794871794875,0.14608208489680055,0.1708759247938959,0,0,0,0,0,0,4,0,0.6923076923076923,0.07692307692307693,0.0,0.23076923076923078,0,0,0,0,0,0,0,0,0,1,1,0,0,0,0,0,0,1,0,0,0,1,0,0,0,0,0,1,0,0,0,0,0,0,1,0,0,0,0,1,1,1,0,0,1,0,0,0,0,0,0,1,0,1,0,0,0,0,0,0,0,0,1,0,0,1,1,1,1,1,0,0,0,0,0,0,0,0,0,0,0,0,0,1,1,0,0,0,1,1,1,0,0,0,0,0,0,0,1,0,0,0,1,0,0,0,0,1,0,1,0,0,0,0,0,0,0,1,0,0,0,1,0,1,1,0,0,1,0,0,0,0,0,0,0,0,0,0,0,0,0,0,0,0,0,0,0,0,0,0,0,0,0,0,0,1,0,0,0,0,0,0,0,0,0,0,0,0,1,0,0,0,0,0,0,0,0,0,0,0,0,0,0,1,0,0,0,0,0,0,0,0,1,0,0,1,0,0,0,0,0,0,0,0,0,0,0,1,0,1,1,0,0,0,1,0,0,0,0,0,0,0,0,0,0,0,0,0,1,0,0,1,0,0,0,1,1,0,0,0,0,0,0,1,0,0,0,0,0,0,1,1,0,0,0,1,0,1,0,0,0,1,0,1,0,1,0,1,0,1,0,0,1,1,1,1,0,0,0,0,1,1,1,0,0,0,1,1,1,1,0,1,1,1,1,1,0
3221.0,239.27,CCOC1=C(C=NN(C1=O)C)N2CCOCC2,URJQOOISAKEBKW-UHFFFAOYSA-N,0.0,TG101348,11.939686555177627,0.19829459561602403,-0.19829459561602403,0.7437392123445291,16.0,239.27499999999998,1.4705882352941178,2.364600087357836,2.3737453235234875,9032.772333706933,5.17988389716606,14.373635638450576,5.687386274683562,0.0,5.749511833283905,0.0,5.559266895052008,4.794537184071822,4.681802935145185,5.098681808301038,0.0,0.0,6.923737199690624,20.13718479450234,26.01748946515183,9.473725907600098,5.687386274683562,0.0,9.780484743446223,7.04767198267719,6.923737199690624,37.81006843621439,16.550647650736906,5.749511833283905,15.196039579702536,5.687386274683562,5.749511833283905,0.0,42.69064344881013,11.78453493647724,0.0,6.923737199690624,0.0,0.0,56.59,0.0,4.794537184071822,0.0,5.559266895052008,25.57015772682266,18.776899086508713,4.681802935145185,13.244515554290267,6.923737199690624,9.998591539151516,9.473725907600098,12.021441562736207,0.0,14.012001369992442,4.0384448223733935,0.5639739229024947,0.3813888888888892,1.678287037037037,5.18546626984127,1.618996126228269,0.6363636363636364,0,0,1,1,0,1,0,0,6,6,2,3,0,1,1,0,0,2,0.015599999999999836,0,0,0,0,0,2,0,0,0,0,0,0,3,0,0,0,0,0,0,0,0,0,0,0,1,1,0,0,0,0,2,0,0,0,0,0,0,0,0,0,0,0,1,0,0,0,0,0,0,0,0,0,0,0,0,0,0,0,0,0,0,0,0,8,3.6470588235294117,2,2,0.0,0.1323529411764706,0.24193817231396053,0.17647058823529413,0.17647058823529413,496.0,3,0.28566381120970447,0.017013235704740136,0.17647058823529413,0.17416315537593952,0.21532770464410855,0,0,0,0,0,0,1,1,0.6470588235294118,0.17647058823529413,0.0,0.17647058823529413,0,0,0,1,0,0,0,0,0,0,0,0,1,1,0,0,0,1,1,0,0,1,0,0,0,1,0,0,0,0,0,0,1,0,0,1,0,0,0,0,1,1,0,0,0,1,1,0,0,0,0,0,0,0,0,0,1,1,0,0,1,0,0,0,0,0,0,0,0,0,0,0,0,0,1,0,0,0,0,1,0,0,1,1,0,0,0,0,1,0,0,0,1,0,0,0,0,0,0,0,0,0,1,0,1,1,0,0,0,0,0,1,1,0,0,0,0,0,0,1,1,0,1,1,1,0,0,1,0,1,0,0,0,0,0,0,0,0,0,0,0,0,0,0,0,0,0,0,0,0,0,0,0,0,0,0,0,0,0,0,0,0,0,0,0,0,0,0,0,0,0,0,0,0,0,0,0,0,0,0,0,0,1,0,0,0,0,1,0,0,0,0,1,0,0,1,0,0,0,0,0,0,1,0,0,1,0,0,0,1,1,0,0,0,0,1,1,0,0,0,0,0,1,1,1,1,0,1,1,0,1,0,0,0,0,0,0,0,0,1,1,1,0,1,1,0,0,1,1,0,1,1,1,0,1,0,1,1,1,1,0,0,1,1,0,1,0,1,1,0,0,0,1,1,1,1,1,1,1,1,1,0,1,1,1,1,1,1,1,1,1,1,1,1,1,1,0
9911830.0,454.9,CC1=CC(=NO1)NC(=O)NC2=C(C=C(C=C2)OC3=C4C=C(C(=CC4=NC=C3)OC)OC)Cl,SPMVMDHWKHCIDT-UHFFFAOYSA-N,4.0,Tivozanib (AV-951),12.155593817395108,0.29777299358423126,-0.5045940086181784,0.38787036915829415,10.625,454.8700000000003,1.0,3.1876241322372456,1.5322367677934974,20602822.876195434,9.02586737598828,24.050472402379825,17.25927108544225,17.316886444402837,0.0,0.0,6.031114512338072,10.30076712495354,4.794537184071822,0.0,0.0,16.757603147357962,31.189205473537065,29.7821689914627,30.44631538859622,23.528220982445315,40.04022838717024,0.0,10.140641778072654,0.0,6.923737199690624,24.853172290567727,59.44429378346011,22.99804733313562,24.844166069412807,16.299786236590414,22.99804733313562,11.600939890232516,30.39135137296579,0.0,6.923737199690624,5.760247418874442,5.022633313741326,10.902924932081056,107.74000000000001,6.031114512338072,4.794537184071822,0.0,0.0,50.802877835886235,5.386224214464796,0.0,69.80474533309003,0.0,20.774218986085316,30.33462368860601,21.65653137837252,6.346763454854784,16.51546502344107,9.962238885832727,1.0898362952198704,3.0559300566915275,1.6359805875511004,1.7264488072935844,3.125641848029896,0.13636363636363635,2,0,0,0,2,2,0,0,7,10,2,6,0,0,0,0,0,4,5.6381200000000025,0,0,0,0,0,2,0,0,0,0,0,0,2,2,0,0,0,0,0,0,0,0,0,0,2,1,0,0,1,0,3,0,0,0,0,0,0,0,0,0,0,2,0,0,0,0,0,0,0,0,0,0,1,0,0,0,0,0,0,0,0,0,1,18,6.780241935483871,4,4,0.0,0.07056451612903225,0.1763815963902907,0.1926747311827957,0.1926747311827957,3363.0,3,0.1536807821692677,0.0118123856528899,0.1926747311827957,0.17350967524618088,0.13579093936822667,0,0,0,0,0,1,4,0,0.6875,0.15625,0.0,0.125,0,0,1,0,0,0,0,0,1,1,0,0,1,0,1,0,0,0,1,0,0,1,1,0,0,0,1,0,0,0,1,0,0,0,1,1,0,0,0,0,0,1,0,0,0,0,1,0,1,0,0,1,1,0,0,0,0,1,1,0,1,0,0,1,0,0,1,0,1,0,0,1,0,0,1,1,1,1,0,1,1,0,0,1,0,0,0,0,1,0,0,0,1,0,0,1,0,0,0,0,0,0,1,1,0,0,0,0,0,1,0,0,1,0,1,0,0,0,0,0,1,0,1,1,1,0,0,1,0,0,0,0,0,0,0,0,0,0,0,0,0,0,0,0,0,0,0,0,0,0,0,0,0,0,0,0,0,0,0,0,0,0,0,0,0,0,0,1,1,0,0,0,0,1,0,0,0,0,0,0,0,0,0,0,0,0,0,1,0,0,0,0,0,0,0,1,0,0,0,0,0,1,1,0,0,0,0,1,0,0,1,0,0,1,0,0,0,1,0,0,0,0,0,1,1,1,1,1,1,0,0,1,1,1,0,1,1,1,0,0,1,0,0,1,0,0,0,1,0,0,1,1,0,0,1,1,1,1,0,0,0,1,0,1,1,1,0,1,0,0,1,1,1,1,1,1,1,0,0,1,1,1,1,0,1,0,1,1,1,1,1,1,1,1,1,1,0
3203.0,315.67,C1CC1C#CC2(C3=C(C=CC(=C3)Cl)NC(=O)O2)C(F)(F)F,XPOQHMRABVBWPR-UHFFFAOYSA-N,4.0,Trametinib (GSK1120212),13.600453514739229,0.0017852418745274434,-4.868966049382716,0.7328090954055055,24.285714285714285,315.67799999999994,1.380952380952381,3.1894533619900485,2.218109084297208,81905.16233590445,4.567094032752005,4.736862953800049,0.0,0.0,0.0,5.601050810983688,12.26953858838189,5.316788604006331,4.794537184071822,13.171245143024459,0.0,17.521374209088158,36.961178770092495,16.503990851599717,5.687386274683562,22.70264528089633,23.381566235854493,0.0,0.0,5.917906046161393,24.61899257427918,5.316788604006331,28.78518601082315,11.840868637711289,5.316788604006331,23.653168601779846,0.0,11.600939890232516,12.26953858838189,10.337913764783737,17.75877468387268,18.405094737549014,5.022633313741326,0.0,38.33,17.870589399365578,17.96578232709628,0.0,22.191377126283278,0.0,18.90801031431363,12.13273413692322,0.0,0.0,21.894520195517668,11.600939890232516,45.39211671705719,5.7816662292489,11.49921201814059,2.3364369173595367,-3.2719009826152683,4.601619268077601,-4.537780962179111,0.0,0.0,0.35714285714285715,1,1,1,2,1,0,1,0,2,7,1,0,1,0,1,0,1,3,4.073100000000001,0,0,0,0,0,0,0,0,0,0,0,0,0,1,0,0,0,0,0,0,0,3,0,0,1,0,0,0,1,0,1,0,0,0,0,0,0,0,0,0,1,0,0,0,0,0,0,0,0,0,0,0,0,0,0,0,0,0,0,0,0,0,0,8,3.842857142857143,3,3,0.11111111111111112,0.10952380952380951,0.21738457898454253,0.14962406015037594,0.14962406015037594,807.0,4,0.27139562173729986,0.019052360451157244,0.14962406015037594,0.16936404317173667,0.18888354957850126,0,0,0,0,1,0,1,1,0.6666666666666666,0.09523809523809523,0.0,0.047619047619047616,0,0,0,0,1,1,1,0,0,0,1,0,1,1,0,0,0,1,1,0,1,1,0,0,1,0,0,1,0,0,0,0,1,0,0,0,1,1,1,1,0,0,0,0,0,0,0,1,0,0,1,1,0,0,0,0,0,0,0,0,1,1,1,0,1,0,0,0,0,0,0,0,0,0,0,0,1,0,0,0,0,0,0,1,0,0,0,1,1,0,1,0,1,0,0,1,0,0,0,0,0,0,1,0,0,0,0,1,0,1,0,0,0,0,1,0,1,1,0,0,0,0,0,0,0,1,0,0,0,0,0,0,0,0,0,0,0,0,0,0,0,0,0,0,0,0,0,1,0,0,0,0,1,1,0,0,0,0,0,0,0,0,0,0,0,0,0,0,0,0,0,0,1,0,0,0,0,0,0,0,0,0,0,0,0,0,0,1,0,0,0,0,0,0,0,0,1,0,0,0,0,0,0,0,0,0,0,0,0,0,0,0,0,0,0,0,0,1,0,0,0,0,0,0,0,0,0,1,1,0,0,1,0,1,0,1,1,1,0,0,1,0,1,0,0,0,0,1,0,0,1,1,0,1,0,0,0,1,0,0,0,0,0,0,1,1,0,1,0,0,0,0,0,1,1,1,0,1,0,0,0,1,1,0,1,0,1,1,1,1,0,1,1,1,1,1,0
3188.0,314.38,CC(C)CCNC(=O)C(CC(C)C)NC(=O)C1C(O1)C(=O)O,SCMSYZJDIQPSDI-UHFFFAOYSA-N,1.6,Vismodegib (GDC-0449),12.171141030486268,0.2190193268665488,-1.1648661950623531,0.5380859921538701,21.545454545454547,314.38200000000006,1.0909090909090908,3.164923042986954,2.5110276211742932,69631.47186875598,8.121369342798701,20.476967556653417,6.041840829147961,12.207932775496605,5.907179729351506,5.907179729351506,5.969305287951849,9.589074368143644,4.794537184071822,0.0,0.0,27.694948798762496,24.677455338174802,6.544756405912575,0.0,24.227001900856223,17.78366474665486,0.0,10.633577208012662,11.835812092322787,58.78636564925907,6.544756405912575,0.0,0.0,10.633577208012662,0.0,0.0,0.0,47.6847221520527,19.120474506015515,11.835812092322787,40.53659204461451,0.0,0.0,108.03000000000002,30.12625862194792,14.383611552215466,0.0,11.8250857755129,18.883484074999977,6.4208216229260096,0.0,0.0,13.847474399381248,24.48105160739391,9.843390348640755,4.795112580921564,0.0,34.78499562112581,14.146179015240094,0.0,-1.2496308631477282,-0.7321501489331581,8.590394588444212,0.0,0.8,3,0,1,1,2,0,3,0,4,7,1,9,0,1,1,0,3,1,0.5316000000000012,1,0,0,0,0,0,0,0,1,0,0,0,0,2,0,0,0,0,0,0,0,0,0,0,0,0,0,0,0,0,1,0,0,0,0,0,0,0,0,0,0,0,0,0,0,0,0,0,0,0,0,0,0,0,0,0,0,0,0,0,0,0,0,12,5.151515151515151,1,1,0.07575757575757575,0.0952380952380952,0.21246653654835573,0.2075757575757576,0.2075757575757576,1190.0,3,0.20346937604738474,0.017678130605119566,0.2075757575757576,0.20551888211753702,0.14645612044847586,0,0,0,0,1,0,0,1,0.6818181818181818,0.22727272727272727,0.0,0.09090909090909091,0,0,1,1,0,0,0,1,1,0,0,0,1,0,0,0,0,0,1,0,0,0,0,0,0,1,0,0,0,1,0,0,0,0,1,1,0,0,0,0,0,1,1,0,1,0,0,1,0,1,0,1,0,0,0,0,1,1,0,0,0,0,0,1,0,0,1,0,0,0,1,1,0,0,0,0,1,0,0,0,0,0,1,0,0,0,0,0,1,0,0,0,0,0,0,0,0,0,1,0,0,1,1,0,0,0,0,0,0,0,0,0,0,0,0,0,0,0,0,1,0,1,0,0,0,1,0,1,0,0,0,0,0,0,0,0,0,0,0,0,0,0,0,0,0,0,1,0,0,0,0,0,1,0,0,0,0,0,0,0,0,0,0,0,0,0,0,0,0,0,0,0,0,0,0,0,0,0,0,0,0,0,0,0,1,0,0,1,0,0,0,0,0,0,0,0,0,0,0,0,0,0,1,0,1,0,0,0,0,1,0,0,1,0,0,0,0,0,0,1,1,1,1,0,0,1,0,1,0,0,1,0,0,0,1,0,0,0,0,0,1,1,0,0,0,1,1,1,1,0,0,0,0,1,0,0,0,0,1,0,0,1,0,0,0,0,1,1,0,1,1,1,1,0,0,0,1,1,0,1,1,1,1,1,1,1,1,1,1,1,1,1,0,0,1,1,0
2759241.0,192.24,C1=COC(=C1)CSC2=NC=CN=C2,VICVSKQFQDAHAD-UHFFFAOYSA-N,1.2,R547,5.186198270975057,0.7973148148148148,0.7973148148148148,0.6996655803767795,10.153846153846153,192.243,1.3846153846153846,2.6889513315807085,1.9393963712534563,2054.358817327661,4.091434100973202,4.417150937053347,10.786207397543684,0.0,0.0,0.0,0.0,4.9839785209472085,4.9839785209472085,0.0,0.0,11.761884949391115,12.13273413692322,12.393687143226153,18.212860173998923,4.417150937053347,11.761884949391115,0.0,9.967957041894417,0.0,10.77881358541603,0.0,42.74667526627595,0.0,0.0,0.0,0.0,11.761884949391115,9.967957041894417,5.752853606746789,0.0,5.760247418874442,0.0,0.0,38.92,0.0,0.0,0.0,0.0,0.0,16.539061004290474,0.0,36.6155786598694,12.13273413692322,9.967957041894417,4.417150937053347,5.186198270975057,1.6107870370370367,8.107640778533636,0.9156481481481483,0.0,1.7516232048374907,6.76546981292517,0.0,0.0,0.1111111111111111,0,0,0,0,0,2,0,0,4,4,2,3,0,0,0,0,0,2,2.3618999999999994,0,0,0,0,0,2,0,0,0,0,0,0,2,0,0,0,0,0,0,0,0,0,0,0,0,0,0,0,0,0,0,1,0,0,0,0,0,0,0,0,0,0,0,0,0,0,0,0,0,0,0,0,0,0,1,0,0,0,0,0,0,0,0,8,3.551282051282051,2,2,0.0,0.17948717948717946,0.2771848828491669,0.23193473193473194,0.23193473193473194,277.0,3,0.29041996828412536,0.009571710556139099,0.23193473193473194,0.20900851518257613,0.26904302334446817,0,0,0,0,0,1,2,0,0.6923076923076923,0.07692307692307693,0.07692307692307693,0.15384615384615385,0,0,0,0,0,0,0,0,1,0,0,0,0,0,0,0,1,0,1,0,0,1,0,0,0,0,0,0,1,0,0,1,0,0,0,0,0,0,0,0,0,0,0,1,0,0,1,0,0,1,0,0,1,0,0,0,0,0,0,0,1,0,1,0,0,0,1,0,1,1,0,0,0,0,0,0,1,0,0,0,0,0,1,1,0,0,0,1,1,0,0,0,1,0,0,0,0,0,0,0,0,0,1,1,0,0,0,0,0,0,1,0,1,0,0,0,0,0,1,0,0,0,0,0,1,0,0,0,0,1,0,0,0,0,0,0,0,0,0,0,0,0,0,0,0,0,0,0,0,0,0,0,0,0,0,0,0,0,0,0,0,0,0,0,0,0,0,0,0,0,0,0,0,0,0,0,0,1,0,0,0,0,0,0,0,0,0,1,0,1,0,0,0,0,1,1,0,0,0,0,0,0,0,0,0,0,0,0,0,1,0,1,0,1,0,0,0,0,1,0,0,0,0,0,0,0,1,0,1,0,0,0,0,0,0,0,0,0,0,0,0,0,0,0,0,0,0,0,0,0,1,1,0,0,0,1,0,0,0,0,0,0,1,0,0,0,0,1,0,0,0,0,1,0,0,0,0,0,0,0,0,0,1,1,0,1,1,0,0,0,0,1,1,1,1,1,0
3181.0,312.4,CC(=O)C1CCC2C1(CCC3C2C=CC4=CC(=O)CCC34C)C,JGMOKGBVKVMRFX-UHFFFAOYSA-N,3.8,XAV-939,12.128701581215335,0.169610024565382,0.169610024565382,0.7141681268421906,48.30434782608695,312.4530000000001,1.1304347826086956,2.8512912772504935,1.7243536412046323,209150.76906015543,4.908423477457827,0.0,5.783244946364939,5.783244946364939,0.0,0.0,0.0,9.589074368143644,0.0,0.0,0.0,25.999514613049012,79.26066902850155,12.338727669087403,0.0,9.589074368143644,11.566489892729878,0.0,0.0,34.501605123439134,59.296141336627926,0.0,23.80116485057091,0.0,0.0,0.0,0.0,0.0,11.566489892729878,9.589074368143644,34.501605123439134,59.296141336627926,0.0,0.0,34.14,0.0,9.589074368143644,0.0,16.747886984954953,35.74102965414007,12.841643245852019,24.835569398847294,6.923737199690624,6.076020106833881,25.999514613049012,0.0,0.0,0.0,23.95269533562711,0.0,1.6270907475644585,2.8268968609469605,12.883610245023933,6.543040144170871,0.0,0.7142857142857143,0,4,0,4,0,0,6,0,2,2,0,1,2,0,2,0,6,4,4.499500000000004,0,0,0,0,0,0,0,0,0,0,0,0,0,0,0,0,0,0,0,0,0,0,4,0,0,0,0,0,5,0,0,0,0,0,0,0,0,0,2,1,0,0,0,0,0,0,0,0,0,0,0,0,0,0,0,0,0,0,0,0,0,0,0,11,4.158102766798419,4,4,0.0,0.1027667984189723,0.20769859044690933,0.15038584603801994,0.15038584603802,1052.0,4,0.2501411975101234,0.018427056084254004,0.15038584603801994,0.13580664385146243,0.1865099090418623,0,0,0,0,0,1,0,4,0.9130434782608695,0.08695652173913043,0.0,0.0,0,0,0,0,0,0,1,0,0,1,0,0,1,0,0,0,0,1,0,1,1,0,0,0,0,1,0,0,1,0,0,1,1,1,1,1,0,1,1,0,0,1,0,0,0,0,0,1,0,0,0,0,1,0,0,0,0,0,0,0,1,1,0,0,1,0,0,1,0,0,0,1,0,0,0,1,1,1,0,0,1,0,0,1,0,0,1,0,0,0,1,0,0,0,1,0,0,1,0,0,0,0,1,0,0,0,0,0,1,0,0,0,0,0,0,0,1,0,0,0,0,0,1,1,1,1,0,1,0,0,0,0,0,0,0,0,0,0,0,0,0,0,0,0,0,0,0,0,0,0,0,0,0,0,0,0,1,0,0,0,0,0,0,0,0,0,0,0,0,0,0,0,0,0,0,0,0,0,0,0,1,0,0,0,0,0,0,0,0,0,0,0,0,0,0,0,1,0,0,0,0,0,0,0,0,0,1,0,0,0,0,0,0,0,0,0,0,0,0,0,0,0,0,0,0,0,1,0,0,1,0,1,0,0,0,1,0,0,1,0,0,0,1,0,0,1,1,0,1,0,0,0,0,0,0,0,0,1,1,1,0,0,1,0,0,0,1,0,0,0,0,1,0,1,0,1,0,1,0,1,1,0,1,0,1,0,0,0,0,1,1,0,0,1,1,1,0
1805.0,244.20,C1=NC(=NC(=O)N1C2C(C(C(O2)CO)O)O)N,NMUSYJAQQFHJEW-UHFFFAOYSA-N,-2.2,Azacytidine,11.470870653817082,0.19630241139665672,-1.3499310279667431,0.4262474653048269,32.88235294117647,244.207,1.4705882352941178,2.5654067136030916,2.3196952658217853,7816.79425634862,4.372750406697864,25.790112615484354,24.639219238009446,6.22790117073487,5.948339280986494,0.0,5.689743398203474,4.567099647791355,9.77851570501903,4.9839785209472085,0.0,0.0,0.0,0.0,6.606881964512918,20.056445138322168,5.948339280986494,0.0,14.53505668968577,0.0,24.539800333979777,12.340549441675103,16.811600657039836,0.0,11.423410875365658,5.948339280986494,0.0,0.0,54.77342000196571,4.736862953800049,0.0,6.22790117073487,0.0,0.0,143.72000000000003,36.83642569669617,15.007591973753232,0.0,5.948339280986494,0.0,10.894419722555895,0.0,0.0,0.0,9.967957041894417,15.57705782580294,6.036694066515495,0.0,18.42747023809524,28.089890925506005,4.456252204585538,-0.19630241139665672,-3.6744283824640984,-0.4729099741748548,0.0,0.625,5,0,1,1,0,1,4,0,9,9,2,2,0,1,1,0,4,2,-3.1679999999999997,0,3,3,1,0,3,0,0,0,0,0,0,3,0,1,0,0,0,0,0,0,0,0,0,1,0,0,0,0,0,1,0,0,0,0,0,0,0,0,0,0,0,0,0,0,0,0,0,0,0,0,0,0,0,0,0,0,0,0,0,0,0,0,9,3.6470588235294117,2,2,0.0,0.1323529411764706,0.2416953525991762,0.17647058823529413,0.17647058823529413,496.0,3,0.2852208960814755,0.02017141402392536,0.17647058823529413,0.16822155321186838,0.21651546315473538,0,0,0,0,0,1,1,1,0.47058823529411764,0.29411764705882354,0.0,0.23529411764705882,0,0,0,1,0,0,0,0,0,0,0,0,1,0,0,0,0,0,1,0,0,1,0,0,0,0,1,1,0,0,0,0,0,0,0,0,0,0,1,0,0,1,0,0,0,0,1,0,0,0,0,1,0,0,1,0,0,0,0,0,1,0,0,0,0,1,0,1,1,0,0,0,1,0,0,0,0,1,0,0,0,1,1,1,1,0,0,0,0,0,0,0,0,0,0,0,1,1,0,0,1,0,1,0,1,0,0,1,0,0,1,0,0,0,1,0,0,0,0,0,0,0,1,0,1,1,0,0,0,0,0,0,0,0,0,0,0,0,0,0,0,0,0,0,0,0,0,0,0,0,0,0,0,0,0,1,0,0,0,0,0,0,0,0,0,0,0,1,0,0,0,0,0,0,0,0,0,0,0,0,0,0,0,1,1,0,0,1,0,0,0,0,1,0,0,1,0,0,0,0,0,0,1,0,0,1,0,1,0,0,1,0,1,1,1,1,0,0,0,1,1,1,1,0,0,1,1,1,1,0,0,0,0,0,0,0,1,0,0,1,1,0,0,1,0,0,0,1,0,0,1,1,1,0,0,0,0,1,0,0,0,1,1,1,0,1,0,1,0,1,1,0,1,1,1,0,1,0,1,0,1,1,1,1,1,1,1,1,1,1,0,1,1,1,1,1,0
10115684.0,463.5,CC(C(=O)NC1C2=CC=CC=C2C3=CC=CC=C3N(C1=O)C)NC(=O)CC4=CC(=CC(=C4)F)F,QSHGISMANBKLQL-UHFFFAOYSA-N,3.6,DBZ,13.3791377504565,0.14802838684144914,-0.9844418199378515,0.6079944800936932,15.588235294117647,463.4840000000002,0.9705882352941176,2.8789501772441044,1.5160759957631045,37295026.11288819,9.426269962607526,15.53348693886314,23.718123340387713,0.0,11.814359458703011,5.907179729351506,0.0,14.383611552215466,8.78083009534964,0.0,0.0,42.46456947923127,41.81319288016644,18.677490542835795,12.10820789760957,23.164441647565106,23.40892546273808,0.0,10.633577208012662,0.0,25.428240480912557,11.947581713527669,89.4913824185635,11.126902983393991,15.53348693886314,14.4682163700332,0.0,0.0,30.811051999879666,20.804433175141472,11.63444168209179,24.092481012232575,0.0,11.126902983393991,78.51,35.53248279909072,23.164441647565106,0.0,17.89145284397451,11.629818560158606,28.947023395000773,11.823646930541102,19.18040611960041,36.39820241076966,10.633577208012662,0.0,26.758275500913,0.0,40.09839838962176,5.27110074431007,3.2101427569423824,-3.0379086239933346,-0.29609152708629694,1.477123015873016,1.6483424565040519,0.19230769230769232,2,0,1,1,3,0,2,0,3,8,1,5,0,0,0,0,2,4,3.512900000000002,0,0,0,0,0,0,0,0,0,0,0,0,1,2,0,0,1,0,0,0,0,0,0,0,1,0,0,0,3,0,0,0,0,0,0,0,0,0,0,0,0,0,0,0,0,0,0,1,0,0,0,0,0,0,0,0,0,0,0,0,0,0,0,15,6.411764705882353,4,4,0.0,0.0659536541889483,0.1710355988931467,0.16911764705882354,0.16911764705882354,3597.0,3,0.1617013500079579,0.012593197256653565,0.16911764705882354,0.18660436116406964,0.12580248771924168,0,0,0,0,0,0,3,0,0.7647058823529411,0.08823529411764706,0.0,0.08823529411764706,0,0,1,1,0,1,1,1,1,0,1,0,1,0,0,1,0,1,0,1,0,0,0,1,0,0,0,0,0,1,0,0,0,0,0,1,0,0,1,1,0,1,0,1,0,0,1,0,0,1,0,0,0,0,0,0,0,0,0,0,1,1,0,1,0,1,1,0,1,0,0,1,1,0,0,0,0,0,0,0,0,0,1,1,0,0,0,0,1,0,1,0,1,1,0,1,0,0,1,1,0,0,1,0,0,0,0,1,0,1,0,0,0,1,0,0,0,1,0,1,1,0,0,1,0,1,0,1,0,1,0,0,0,0,0,0,0,0,0,0,0,0,0,0,0,0,0,0,0,1,0,0,0,0,0,0,0,0,0,0,0,0,0,0,0,0,0,0,0,0,0,0,1,0,0,0,0,0,0,0,0,0,0,0,1,0,0,0,0,0,0,0,0,0,0,0,0,0,0,0,0,0,0,0,0,1,0,0,0,1,0,0,0,0,0,1,0,1,0,0,0,0,1,1,0,1,0,0,0,0,0,1,0,0,1,1,0,1,1,0,1,1,0,0,0,0,0,1,0,0,0,1,1,0,0,1,0,1,0,0,0,1,1,1,1,1,1,1,0,0,0,0,1,1,1,1,1,0,1,1,1,1,0,0,1,1,1,0,1,1,1,1,1,1,1,1,0
42611257.0,489.9,CCCS(=O)(=O)NC1=C(C(=C(C=C1)F)C(=O)C2=CNC3=C2C=C(C=N3)C4=CC=C(C=C4)Cl)F,GPXBXXGIAQBQNI-UHFFFAOYSA-N,5.0,Vemurafenib (PLX-4032),15.10238933711031,0.00029734784860413477,-3.8396560426272726,0.33309063319660087,11.636363636363637,489.9310000000001,1.121212121212121,3.1926550046954496,1.7779404633614704,25694615.183989167,8.915150055261146,4.9839785209472085,11.464398061813622,5.817220841045895,15.806536099772522,0.0,0.0,9.51663204852391,22.182605600625784,0.0,0.0,30.657411226846357,42.316108456931055,33.92944765482626,17.003691373127346,21.9931642637504,44.12826369992112,0.0,9.967957041894417,0.0,13.344558822616634,10.474948471198877,82.64223460168454,11.126902983393991,4.722094864452088,14.468216370033202,0.0,11.600939890232516,29.92185257933508,10.023291153407584,11.63444168209179,29.265998990082444,5.022633313741326,22.160304418626517,91.92,38.69181554824487,17.60274921607558,4.39041504767482,11.316305098443785,28.040307863596855,17.696185628620217,6.196843571613076,43.45241611361175,0.0,14.690051906346504,11.600939890232516,55.81082308313539,5.932253151051562,20.29041965569077,0.9249147491069565,0.473889852332268,-3.569349560249398,3.2235148964674254,1.6513389367071376,-3.8396560426272726,0.13043478260869565,2,0,0,0,0,2,0,0,4,10,2,7,0,0,0,0,0,4,5.544200000000004,0,0,0,0,0,2,1,0,0,0,0,0,1,2,0,0,0,0,0,0,0,0,0,0,1,0,0,0,1,0,0,0,0,0,0,0,0,0,1,0,0,0,0,0,0,0,0,0,0,0,0,0,1,0,0,1,0,0,0,0,0,0,0,17,6.178030303030303,4,4,0.0,0.06818181818181818,0.17355563158115608,0.16703323558162267,0.16703323558162267,3262.0,4,0.1688987647743912,0.01347119332116932,0.16703323558162267,0.1838125842569817,0.14450466923205366,0,0,0,0,0,1,4,0,0.696969696969697,0.09090909090909091,0.030303030303030304,0.09090909090909091,0,0,1,0,0,0,0,0,0,0,1,1,1,0,0,0,0,0,0,0,0,1,0,0,0,0,0,0,1,0,0,0,0,0,0,1,0,0,0,1,1,1,0,1,0,0,1,0,1,0,1,1,0,0,0,0,0,0,0,0,0,1,0,0,0,0,1,0,0,0,1,0,0,1,1,0,1,0,0,1,0,1,1,1,0,0,0,0,1,1,1,1,1,0,0,1,1,1,0,1,1,0,1,0,0,0,0,0,1,1,0,0,0,0,0,0,0,0,0,0,1,1,0,0,1,0,0,1,0,1,0,0,0,0,0,0,0,0,0,0,0,0,0,0,0,0,0,0,0,0,0,0,0,0,0,0,0,0,0,0,0,0,1,1,0,0,0,0,1,0,0,0,1,0,0,0,0,0,0,0,0,1,0,0,0,1,0,0,1,0,1,1,1,0,0,1,0,1,0,1,0,0,0,1,0,0,0,1,0,0,0,0,0,1,0,0,0,1,1,0,1,0,0,0,1,0,1,1,1,0,0,1,1,1,1,1,1,1,0,0,0,1,1,0,1,1,0,1,1,0,1,1,0,0,1,1,0,0,0,0,1,1,1,1,1,1,1,1,0,0,0,0,1,0,1,1,1,1,1,0,1,1,1,1,1,1,1,0,1,1,1,1,1,1,1,1,0
5359389.0,248.71,CC1=NC=CC2=C1NC3=C2C=CC(=C3)OC.Cl,VNPLYCKZIUTKJM-UHFFFAOYSA-N,,AGI-5198,5.212899896069539,0.0,0.0,0.7162738476724717,10.470588235294118,248.713,1.1764705882352942,2.6810025185203914,1.0799996306001317e-06,8750.792220450558,4.260150879894845,9.720841474747257,5.749511833283905,0.0,0.0,0.0,0.0,4.9839785209472085,0.0,0.0,12.407033161179976,0.0,25.122838405075456,23.03565906900428,23.83712697135852,4.736862953800049,34.21288302534209,0.0,9.967957041894417,0.0,6.923737199690624,7.109797541277533,36.15623984030798,5.749511833283905,4.736862953800049,0.0,5.749511833283905,12.407033161179976,17.07775458317195,0.0,6.923737199690624,5.693927994848461,0.0,21.805849864162113,37.91,0.0,0.0,0.0,12.407033161179976,0.0,22.476841263364893,10.772448428929591,7.109797541277533,31.319681976688532,16.034324110356028,4.736862953800049,5.212899896069539,0.0,7.6611337081128745,2.4226417233560094,3.21191657218443,0.8654336734693878,1.8424392951625095,2.0088744803476946,1.6772088372385991,0.15384615384615385,1,0,0,0,0,2,0,0,2,4,2,1,0,0,0,0,0,3,3.4549200000000018,0,0,0,0,0,2,1,0,0,0,0,0,1,1,0,0,0,0,0,0,0,0,0,0,0,1,0,0,3,0,1,0,0,0,0,0,0,0,0,0,0,1,0,0,0,0,0,0,0,0,0,0,1,0,0,0,0,0,0,0,0,0,0,0,0.0,3,3,0.0,0.1323529411764706,0.24163844409248683,0.14019607843137252,0.14019607843137252,,3,0.0,0.020842066795949542,0.14019607843137252,0.10136870891956744,0.2124690682153816,0,0,0,0,0,1,3,0,0.7647058823529411,0.058823529411764705,0.0,0.11764705882352941,0,0,1,0,1,0,0,0,0,0,0,0,0,0,0,1,0,0,0,0,0,1,0,0,0,0,0,0,0,0,0,0,0,0,0,1,0,0,0,0,0,0,0,1,0,0,1,0,0,0,0,0,0,0,1,1,0,1,0,0,1,0,0,0,0,0,0,0,1,0,0,1,0,0,0,1,1,0,0,1,1,1,0,1,0,0,0,0,1,0,1,0,1,0,1,0,1,1,0,0,0,0,1,0,0,0,0,0,0,1,0,0,0,0,0,1,0,0,0,0,0,1,0,0,1,0,1,0,0,0,0,0,0,0,0,0,0,0,0,0,0,0,0,0,0,0,0,0,0,0,0,0,0,0,0,0,0,0,0,0,0,0,0,0,0,0,0,0,0,0,0,0,0,0,0,0,0,0,0,0,0,0,0,0,0,0,0,0,0,0,0,0,0,0,0,1,0,0,0,0,0,0,0,0,0,0,0,0,0,1,0,0,0,1,0,0,0,0,0,0,0,0,0,1,0,0,1,1,1,0,0,1,0,1,0,1,0,0,0,0,0,0,0,1,0,0,0,0,0,0,1,1,0,0,0,1,1,1,0,0,0,1,0,0,1,0,0,1,0,0,0,0,1,1,0,1,0,0,0,1,0,1,1,0,0,0,1,1,0,0,1,1,1,1,1,1,1
71299339.0,481.5,C1CC1NS(=O)(=O)C2=CC(=C(C=C2)C3=CSC=C3)NC(=O)NC4=CC=CC(=C4)C(F)(F)F,CCAWRGNYALGPQH-UHFFFAOYSA-N,4.2,AGI-6780,12.922940295071673,0.015973730988160906,-4.544113522478993,0.43338038352309904,14.21875,481.5210000000002,1.03125,3.349537237817682,1.6066437871787893,16226163.241160197,8.566038312755065,10.633577208012662,0.0,0.0,10.023291153407584,0.0,12.207413029781547,0.0,17.934429032852847,24.508031020959194,0.0,12.13273413692322,65.5634226892505,17.292678595528518,16.146321241898335,26.38357931142522,38.765964093047515,0.0,4.722094864452088,0.0,29.95526606796123,10.633577208012662,64.85451358032171,11.126902983393991,15.355672072464749,29.340554876463408,0.0,11.336785877934737,20.49075232581497,16.199589670851058,0.0,18.405094737549014,0.0,11.126902983393991,87.30000000000001,27.794155674886127,26.38357931142522,0.0,22.312096854032863,5.563451491696996,30.537828874472236,35.60225415178118,6.06636706846161,16.82649260939344,15.355672072464749,0.0,66.54363841264588,1.4294762087807409,12.531492202916263,8.600974473284333,0.6184432752569835,0.0,-2.9950660185533806,0.0,-3.765879130431123,0.19047619047619047,3,1,0,1,2,1,0,0,4,11,1,6,1,0,1,0,0,4,5.518600000000003,0,0,0,0,0,0,0,0,0,0,0,0,0,3,0,0,0,0,0,0,0,3,0,0,2,0,0,0,0,0,0,0,0,0,0,0,0,0,0,0,0,0,0,0,0,0,0,0,0,0,0,0,0,0,0,1,0,0,0,0,1,0,1,14,6.17741935483871,4,4,0.07291666666666667,0.07056451612903225,0.17628290535126764,0.1725806451612903,0.1725806451612903,3064.0,4,0.16834627468861796,0.013203684368993412,0.1725806451612903,0.1832935188375923,0.14317460041782168,0,0,0,0,1,1,3,1,0.65625,0.09375,0.0625,0.09375,0,0,1,0,0,0,0,0,0,0,1,1,1,1,0,0,1,1,0,0,0,0,0,0,0,0,1,0,0,0,0,0,1,0,0,0,0,1,0,0,0,1,1,1,0,0,0,1,0,0,0,0,0,0,0,1,0,0,1,0,1,0,0,1,0,1,1,0,0,0,1,1,1,0,1,0,0,1,0,0,0,0,0,1,0,0,0,0,1,0,0,1,0,1,0,0,1,0,1,1,1,0,1,1,0,0,0,1,0,1,1,0,0,0,0,0,1,0,1,0,1,0,0,0,0,1,0,1,0,0,0,0,0,0,0,0,0,0,0,0,0,0,0,0,0,0,0,0,0,0,0,0,1,0,0,0,0,0,0,0,0,0,1,1,0,0,1,1,0,0,0,0,1,1,0,0,0,0,0,0,0,1,0,0,0,1,0,0,1,1,1,1,1,0,1,0,0,1,0,1,0,0,0,1,0,0,0,1,0,0,0,1,0,1,0,0,0,0,1,0,1,0,0,0,1,0,1,0,0,0,0,0,1,0,1,0,1,1,0,0,1,1,1,0,0,0,0,1,0,0,0,0,0,0,1,1,0,0,0,0,1,1,0,1,1,1,1,1,0,0,0,0,1,0,1,1,1,1,1,0,1,1,0,0,1,0,1,0,1,1,0,1,1,1,1,1,0
2268.0,317.3,COP(=S)(OC)SCN1C(=O)C2=CC=CC=C2N=N1,CJJOSEISRRTUQB-UHFFFAOYSA-N,2.8,Bay 11-7085,12.165822625346436,0.20198507180650016,-2.404323655902691,0.7813603331085346,11.894736842105264,317.33200000000005,1.368421052631579,2.4636960843609743,2.29629490763367,21581.977699002135,6.107870443192932,9.047494323423635,11.393489107349618,0.0,5.693537600778055,5.559266895052007,0.0,4.794537184071822,0.0,4.681802935145185,5.098681808301038,17.346119232578086,35.32131502167503,14.219595082555067,5.386224214464796,9.047494323423635,39.78504341761092,0.0,14.993869839101091,0.0,5.876788389733356,14.219595082555067,34.61927235297027,0.0,5.559266895052007,0.0,0.0,17.075262396891215,29.213464921656158,26.731138801795638,0.0,0.0,0.0,10.902924932081056,66.24000000000001,5.693537600778055,4.794537184071822,0.0,11.436055284785363,10.902924932081056,0.0,30.283122813813414,18.19910120538483,6.06636706846161,10.312066903955905,20.85435041206228,11.534348544973545,6.45029271122029,12.165822625346436,8.391357079868985,-2.0306923360908153,0.24566011589821146,0.0,0.0,2.9843683337532543,0.3,0,0,0,0,0,1,0,0,8,9,1,5,0,0,0,0,0,2,1.9994999999999998,0,0,0,0,0,3,0,0,0,0,0,0,3,0,0,0,0,0,0,0,0,0,0,0,0,0,0,0,1,0,0,0,0,0,0,0,0,0,0,0,0,0,0,0,0,0,0,0,0,0,0,0,0,0,0,0,0,0,0,0,0,0,0,10,4.257309941520468,2,2,0.0,0.11695906432748539,0.2287238526098247,0.1916064671482628,0.19160646714826282,728.0,4,0.2435025256704155,0.01780388145005473,0.1916064671482628,0.18976571803008488,0.19789684788016326,0,0,0,0,0,0,2,0,0.5263157894736842,0.15789473684210525,0.10526315789473684,0.15789473684210525,0,0,0,0,0,0,0,0,0,1,1,0,1,0,1,0,0,0,0,0,0,0,0,0,0,0,0,0,0,1,0,0,1,0,0,1,0,0,0,1,0,1,0,0,0,0,0,0,0,1,0,0,1,0,0,0,0,1,0,0,1,0,0,0,0,0,1,1,0,0,0,0,0,0,0,1,0,0,0,1,0,0,1,1,0,0,0,1,1,0,0,1,0,0,0,0,0,0,0,1,0,0,1,0,0,0,0,0,0,1,0,0,0,0,0,0,0,0,1,0,1,1,1,0,1,0,0,0,0,0,0,0,0,0,0,0,0,0,0,0,0,0,0,0,0,0,0,0,0,0,0,0,0,0,0,0,0,0,1,1,0,0,0,0,0,0,0,0,0,0,0,0,0,0,0,0,0,1,0,0,0,0,1,0,0,0,0,0,0,0,0,0,0,0,0,1,0,1,0,0,1,0,0,1,0,1,0,1,0,0,1,1,0,0,0,0,0,0,1,0,0,0,1,1,1,1,0,1,1,0,1,1,1,0,0,1,1,0,1,0,1,1,1,1,0,0,0,1,0,0,1,1,1,0,1,1,1,1,0,0,1,0,0,0,0,0,0,1,0,0,0,0,1,1,1,1,1,0,1,1,1,0,0,1,1,1,1,1,1,1,1,1,1,1,1,1,0
596.0,243.22,C1=CN(C(=O)N=C1N)C2C(C(C(O2)CO)O)O,UHDGCWIWMRVCDJ-UHFFFAOYSA-N,-2.1,Cytarabine,11.510870653817083,0.05369758860334284,-1.309931027966743,0.4489304892314893,32.88235294117647,243.21900000000002,1.4705882352941178,2.5654067136030916,2.3196952658217853,7816.79425634862,4.414475063137193,25.790112615484354,24.129761941079934,6.22790117073487,0.0,0.0,5.689743398203474,4.567099647791355,4.794537184071822,4.9839785209472085,0.0,0.0,6.06636706846161,6.196843571613076,6.606881964512918,20.056445138322168,5.817862777835028,0.0,9.551078168738563,0.0,24.539800333979777,12.340549441675103,22.74749122234998,0.0,11.423410875365658,5.817862777835028,0.0,0.0,49.7894414810185,4.736862953800049,0.0,6.22790117073487,0.0,0.0,130.82999999999998,36.83642569669617,15.007591973753232,0.0,5.817862777835028,0.0,4.567099647791355,12.263210640074686,0.0,0.0,4.9839785209472085,15.57705782580294,6.187805177626607,0.0,14.98930933484505,28.15370186654909,4.629863315696649,0.05369758860334284,-3.2663728269085426,-0.45250181090954866,0.0,0.5555555555555556,5,0,1,1,0,1,4,0,8,8,2,2,0,1,1,0,4,2,-2.563,0,3,3,1,0,2,0,0,0,0,0,0,2,0,1,0,0,0,0,0,0,0,0,0,1,0,0,0,0,0,1,0,0,0,0,0,0,0,0,0,0,0,0,0,0,0,0,0,0,0,0,0,0,0,0,0,0,0,0,0,0,0,0,9,3.6470588235294117,2,2,0.0,0.1323529411764706,0.2416953525991762,0.17647058823529413,0.17647058823529413,496.0,3,0.28522089608147544,0.02017141402392536,0.17647058823529413,0.16822155321186835,0.21651546315473535,0,0,0,0,0,1,1,1,0.5294117647058824,0.29411764705882354,0.0,0.17647058823529413,0,0,0,1,0,0,0,0,0,0,0,0,1,0,0,0,0,0,1,0,0,1,0,0,0,0,1,0,0,0,0,0,0,0,0,0,0,0,0,0,0,1,1,0,0,0,0,0,0,0,0,1,0,0,1,0,0,0,0,0,1,0,0,0,1,1,0,1,0,0,0,0,1,0,0,0,0,1,0,1,0,1,1,1,1,0,0,0,1,0,0,0,0,0,0,0,1,1,0,0,1,0,1,1,0,0,0,1,0,0,1,0,0,0,0,0,1,0,0,0,0,1,0,0,1,1,0,0,0,0,0,0,0,0,0,0,0,0,0,0,0,0,0,0,0,0,0,0,0,0,0,0,0,0,0,0,0,0,0,0,0,0,0,0,0,0,0,1,1,0,0,0,0,0,0,0,0,0,0,0,0,0,0,1,1,0,0,1,0,0,0,0,1,0,0,1,0,0,0,0,0,0,1,0,0,1,0,1,0,0,1,0,1,1,1,1,0,0,0,1,1,1,1,0,0,1,1,1,1,0,0,0,0,0,0,0,1,0,0,1,1,0,0,1,0,0,0,1,0,0,1,1,1,0,0,0,0,1,0,0,0,1,1,1,0,1,0,1,0,1,1,0,1,1,1,0,1,0,1,0,1,1,1,1,1,1,1,1,1,1,0,1,1,1,1,1,0
59473233.0,411.5,C1COCCN1C2=CC=C(C=C2)NC3=NC(=CN4C3=NC=C4)C5=CC6=C(C=C5)C=NN6,XSMSNFMDVXXHGJ-UHFFFAOYSA-N,3.6,Entospletinib (GS-9973),5.4468989695025805,0.7141945914168137,0.7141945914168137,0.46738531794023797,14.387096774193548,411.4690000000003,1.032258064516129,3.489105127248178,1.3342895252986113,40565850.481012546,7.406585163051498,19.35425589491865,0.0,11.465039998602755,0.0,0.0,0.0,5.098681808301038,9.967957041894417,5.098681808301038,0.0,12.13273413692322,30.33183534230805,54.00449178219329,30.621236213103636,4.736862953800049,33.742737480050934,0.0,24.566015264758285,0.0,0.0,36.5199750757078,67.25194376568358,11.257379486545457,10.216698334856808,17.19263532720215,0.0,0.0,50.86929200560927,4.736862953800049,0.0,0.0,0.0,27.807481639394243,83.37,0.0,0.0,0.0,0.0,5.817862777835028,59.798144654928784,5.687386274683562,6.196843571613076,29.057592389562632,61.79624288317576,9.720841474747257,7.436900960657169,0.0,11.706218908469296,11.655646813580653,5.804928138450311,0.7141945914168137,7.52705668140282,3.398145306329483,0.0,0.17391304347826086,2,0,1,1,0,3,0,0,7,8,4,4,0,1,1,0,0,6,3.852800000000002,0,0,0,0,0,5,1,0,0,0,0,0,5,2,0,0,0,0,0,0,0,0,0,0,3,0,0,0,2,0,1,0,0,0,0,1,0,0,0,0,0,0,1,0,0,0,0,0,0,0,0,0,0,0,0,0,0,0,0,0,0,0,0,16,6.212903225806452,6,6,0.0,0.07741935483870972,0.17941029728789618,0.17975528364849835,0.17975528364849835,2889.0,3,0.16770159931942435,0.008367182512515798,0.17975528364849835,0.16121475051388656,0.15012491232322808,0,0,0,0,0,2,5,1,0.7419354838709677,0.03225806451612903,0.0,0.22580645161290322,0,0,1,0,0,1,0,0,0,0,1,0,1,1,0,0,0,0,1,0,0,0,0,0,0,1,1,0,0,0,0,0,1,0,1,1,0,1,1,0,1,1,0,0,0,0,1,0,0,1,0,0,0,0,1,0,1,0,0,0,0,1,0,0,0,1,0,0,0,0,1,0,0,0,1,0,1,1,0,1,0,0,1,1,0,0,1,0,1,1,1,0,1,0,0,0,0,1,1,1,0,0,1,0,0,0,0,1,0,1,0,0,0,1,0,0,0,0,1,0,1,1,1,1,1,0,0,1,0,1,0,0,0,0,0,0,0,0,0,0,0,0,0,0,0,0,0,0,0,0,0,0,0,0,0,0,0,0,0,0,0,0,0,0,0,0,0,0,1,0,0,0,0,0,0,0,0,0,0,0,0,0,1,0,0,0,0,1,0,0,0,0,1,0,0,1,0,0,0,1,0,0,0,0,0,1,0,1,0,1,1,0,0,1,0,1,1,0,0,0,0,0,0,0,1,1,1,0,1,0,1,1,0,0,0,1,0,0,0,1,0,1,0,0,0,0,0,0,1,0,1,1,1,0,1,1,0,0,1,1,0,1,1,1,0,1,0,1,1,0,0,0,1,0,0,1,0,1,1,0,0,1,0,1,0,0,1,1,1,0,0,1,1,1,1,1,0
46907787.0,457.0,CC1=C(SC2=C1C(=NC(C3=NN=C(N32)C)CC(=O)OC(C)(C)C)C4=CC=C(C=C4)Cl)C,DNVXATUJJDPFDM-KRWDZBQOSA-N,4.9,JQ1,12.71203803890447,0.082801380840402,-0.5690248649008123,0.48554391296514915,15.709677419354838,456.9990000000003,1.1612903225806452,3.136391080689446,1.9117719569262777,7395095.80012848,7.875964479640198,4.736862953800049,22.468378114819444,5.824404497999927,0.0,0.0,5.969305287951849,14.354041564498846,0.0,0.0,21.534149494536813,23.733674027155736,59.23860882676395,21.026683490836618,12.132506625696712,9.53140013787187,34.6187160588898,0.0,14.76446326439343,4.992404732635669,59.60613646120139,0.0,62.50441225237991,5.001081976687867,0.0,0.0,0.0,22.937725768167255,32.04650436609967,9.53140013787187,20.771211599071872,66.45018471593798,5.022633313741326,5.001081976687867,69.37,11.642891640131648,4.794537184071822,0.0,12.390126910877859,10.847037811741252,33.227525952549485,4.877147193701299,11.336785877934737,56.527516720400286,24.044838015983323,21.330207576668233,7.609954096584388,7.8163929720422285,18.988647739751787,10.393922412080332,3.3989460765621935,1.093642443345652,0.082801380840402,11.696364962441294,0.0,0.391304347826087,0,0,1,1,0,2,1,0,7,8,3,3,0,0,0,0,1,4,5.531360000000006,0,0,0,0,0,3,0,0,0,0,0,1,4,0,0,0,0,0,0,0,0,0,0,0,0,2,0,0,3,1,1,0,0,0,0,0,0,0,0,0,0,0,0,0,0,0,0,0,0,0,0,0,0,0,0,0,0,0,0,0,1,0,0,12,5.1956989247311824,4,4,0.0,0.07311827956989249,0.17899509819836423,0.1446792732665925,0.1446792732665925,2416.0,4,0.20127267437286472,0.01479254329339605,0.1446792732665925,0.14390882246645195,0.14365182003858357,0,0,0,0,0,2,3,0,0.7419354838709677,0.06451612903225806,0.03225806451612903,0.12903225806451613,0,0,1,0,0,0,0,0,0,0,1,0,1,0,1,0,0,0,1,0,0,1,0,1,0,0,0,0,0,0,0,0,0,0,1,1,1,1,0,0,1,1,1,0,0,0,1,0,1,0,1,1,0,0,1,0,1,1,0,1,1,0,1,0,1,0,0,0,1,1,0,0,1,0,0,1,0,0,0,0,0,0,1,1,0,1,1,1,1,0,1,0,0,0,0,0,0,0,0,0,1,0,1,0,0,1,0,0,1,0,1,0,0,0,0,1,1,0,0,1,0,0,0,0,1,1,1,1,0,1,0,0,0,0,0,0,0,0,0,0,0,0,0,0,0,0,0,0,0,1,0,0,0,0,0,0,0,0,0,0,0,0,0,0,0,0,1,0,1,0,0,0,0,0,0,0,0,1,0,0,0,0,1,0,0,0,0,0,0,0,0,0,1,0,0,1,1,0,0,0,0,0,0,0,1,0,0,1,1,1,1,1,0,1,0,1,0,1,1,0,0,0,0,0,1,0,1,1,0,0,0,1,0,1,0,1,0,1,1,0,0,1,1,0,0,0,0,0,0,1,1,1,1,1,1,1,1,0,0,0,0,0,1,0,1,1,0,1,0,0,0,1,1,0,1,0,0,0,1,1,1,0,1,0,1,1,1,1,1,1,1,1,1,1,1,1,0
9823820.0,426.9,COC1=CC2=NC=CC(=C2C=C1C(=O)N)OC3=CC(=C(C=C3)NC(=O)NC4CC4)Cl,WOSKHXYHFSIKNG-UHFFFAOYSA-N,2.8,Lenvatinib,11.909660008631626,0.22417170561579414,-0.6189823602580289,0.5490365970627805,13.0,426.8600000000003,1.1666666666666667,3.5272108148238384,1.6002616831341396,10373463.516602242,8.076871617315621,25.840970592774944,17.248535499851716,0.0,0.0,5.907179729351506,6.031114512338072,9.77851570501903,4.794537184071822,0.0,0.0,11.600939890232516,37.107111519698464,29.757642752149053,28.89996933901568,19.06280027574374,40.12954533868671,0.0,10.30076712495354,5.733667477162185,18.88348407499998,12.426586145283864,53.181130787821054,17.248535499851716,25.840970592774944,10.481923458755384,17.248535499851716,11.600939890232516,30.07391113306228,0.0,0.0,23.199631921620835,5.022633313741326,10.902924932081056,115.57,5.907179729351506,9.589074368143644,0.0,17.636406833183027,38.86148002035766,12.841643245852019,7.109797541277533,42.595045982382736,0.0,15.617555728959871,26.8083332749948,11.192113026272441,6.303911449668123,27.961409838279383,6.476791037963026,6.734644400295792,0.638513461678665,3.5784894540132925,0.0,1.4548256936493824,0.19047619047619047,4,1,0,1,3,1,0,0,5,9,1,6,1,0,1,0,0,4,4.071900000000002,0,0,0,0,0,1,0,0,0,0,0,0,1,2,1,0,0,0,0,0,0,0,0,0,1,0,0,0,1,0,2,0,0,0,0,0,0,0,0,0,0,1,0,0,0,0,0,0,0,0,0,1,1,0,0,0,0,0,0,0,0,0,1,16,6.220689655172414,4,4,0.07777777777777777,0.07586206896551724,0.18214539563079285,0.18645320197044335,0.18645320197044335,2706.0,3,0.16770995004306624,0.01250552613188633,0.18645320197044335,0.16919279330473583,0.14557645916101025,0,0,0,0,1,0,3,1,0.7,0.13333333333333333,0.0,0.13333333333333333,0,0,1,0,0,1,0,0,0,1,0,1,1,0,1,0,0,0,1,0,0,1,1,0,0,0,1,0,1,0,1,0,1,0,0,1,0,0,0,0,0,1,0,0,0,0,1,1,1,0,0,1,1,0,0,1,0,1,0,0,0,0,0,1,0,0,1,0,1,0,0,1,0,1,1,1,1,0,0,1,1,0,1,1,0,0,0,0,1,0,0,0,1,0,0,0,0,0,0,0,1,0,1,1,1,0,0,0,0,1,0,0,1,0,1,0,0,0,0,0,0,1,1,1,1,1,0,1,0,0,0,0,0,0,0,0,0,0,0,0,0,0,0,0,0,0,0,0,0,0,0,0,1,0,0,0,0,0,0,0,0,0,0,0,0,0,0,1,0,0,0,0,0,1,0,0,0,0,0,0,0,0,0,0,0,0,0,0,0,0,0,0,0,0,0,1,0,0,0,0,0,0,0,0,0,0,0,1,0,0,0,0,0,0,1,0,0,1,0,1,1,1,1,1,0,0,0,1,1,0,0,1,0,1,1,1,1,1,0,0,1,1,0,1,0,0,0,1,0,0,0,1,0,0,0,1,1,1,0,0,0,1,0,1,1,1,1,1,0,0,1,0,1,1,1,1,1,1,0,0,1,1,1,0,1,0,1,1,1,1,1,1,1,1,1,1,0
216345.0,581.5,CC(C)OC1=C(C=CC(=C1)OC)C2=NC(C(N2C(=O)N3CCNC(=O)C3)C4=CC=C(C=C4)Cl)C5=CC=C(C=C5)Cl,BDUHCSBCVGXTJM-UHFFFAOYSA-N,5.2,Nutlin 3a,14.346270348674448,0.042136401724244266,-0.5278411071218612,0.3940146398500006,18.95,581.5000000000002,1.0,3.3296326425788814,1.70684959231355,1091314321.681714,11.778868236927842,19.690424242456906,29.921240687385616,0.0,5.907179729351506,0.0,6.031114512338072,14.686851647557969,4.794537184071822,0.0,0.0,47.46734805431147,61.3725797935449,29.201146507769412,24.81905624987079,19.06280027574374,40.97579380791188,0.0,15.116608065707286,4.992404732635669,32.03512244542547,26.74406675901526,93.46565885565137,11.49902366656781,14.790514511606428,4.794537184071822,11.49902366656781,23.20187978046503,60.421766635911354,4.794537184071822,0.0,42.621510532768156,10.045266627482652,0.0,83.47000000000001,12.083681658295921,9.589074368143644,0.0,24.587017035350456,46.032874383329876,11.126902983393991,0.0,35.10871820836332,62.37841094707413,5.316788604006331,37.6680104207008,11.653364316748327,12.461193259779463,35.030626116351144,3.9737243608820645,2.3665420988354198,1.3870548318424418,-0.13710614051252623,4.579532249344833,1.5888988687930719,0.3,1,0,2,2,3,0,2,0,5,10,2,6,0,1,1,0,2,5,5.885800000000008,0,0,0,0,0,0,0,0,0,0,0,1,3,1,0,0,0,0,0,0,0,0,0,1,0,0,0,0,0,0,2,0,0,0,0,0,0,0,0,0,0,1,0,0,0,0,0,0,0,0,1,0,0,0,0,0,0,0,0,0,0,0,1,13,6.03974358974359,5,5,0.0,0.05641025641025641,0.15770880080096647,0.13262483130904182,0.13262483130904182,4711.0,3,0.17346475954849616,0.011310797934764756,0.13262483130904182,0.13990621957389981,0.122409996022499,0,0,0,0,0,1,3,2,0.75,0.1,0.0,0.1,0,0,1,1,0,0,0,0,0,1,0,0,1,1,0,1,0,0,0,0,0,1,0,0,0,0,1,0,1,1,0,0,1,0,0,1,0,1,0,0,0,1,1,0,0,1,0,0,1,0,1,1,1,0,1,0,0,1,0,0,1,1,1,0,0,0,0,0,1,0,0,0,0,0,1,1,1,0,0,0,1,0,0,1,1,0,0,0,1,0,1,1,1,1,0,0,0,1,1,0,0,0,1,0,0,0,0,1,1,1,0,1,1,0,0,0,0,0,1,0,1,0,1,0,1,1,0,1,1,1,0,0,0,0,0,0,0,0,0,0,0,0,0,0,0,0,0,0,0,0,0,0,0,0,0,0,0,0,0,0,0,0,0,0,0,0,0,1,1,0,0,0,0,0,0,0,0,0,0,0,0,0,0,0,0,0,0,0,0,0,0,0,1,0,0,0,0,0,0,0,0,0,0,0,1,1,0,1,1,1,1,0,1,1,0,1,1,1,0,1,0,1,1,1,0,1,1,1,1,0,1,0,0,1,1,0,1,1,0,0,1,1,0,1,0,0,0,1,1,1,1,1,1,0,0,1,1,1,1,1,0,0,1,0,1,0,1,1,1,0,1,1,1,1,1,1,1,1,1,1,1,1,1,1,1,0,1,1,1,1,1,1,1,1,1,1,0
49846579.0,868.4,CC1(CCC(=C(C1)C2=CC=C(C=C2)Cl)CN3CCN(CC3)C4=CC(=C(C=C4)C(=O)NS(=O)(=O)C5=CC(=C(C=C5)NCC6CCOCC6)[N+](=O)[O-])OC7=CN=C8C(=C7)C=CN8)C,LQBVNQSMGBZMKD-UHFFFAOYSA-N,8.2,Venetoclax,13.906068499863752,0.03586729183555981,-4.551966160527181,0.07640809714093555,17.65573770491803,868.457,1.0327868852459017,3.7219099251765475,1.0032092071926542,43762524630358.69,17.855789620807272,24.674402763404114,22.8335871620191,0.0,0.0,21.61785715744265,0.0,19.80876518368787,18.123870369728234,0.0,0.0,43.15425295660625,103.1044971996474,86.90812387592727,21.579089587645516,27.609371124818527,61.20007556234408,0.0,19.589961637196982,11.332896515558172,50.84706598952907,62.69900069935808,117.02705106073567,11.49902366656781,19.675656153108946,17.062158824050687,11.49902366656781,11.600939890232516,86.59845689974429,14.760154107207633,21.447214784323744,61.87302268147711,5.022633313741326,16.606505965301793,172.03,31.436651681778095,23.32665243716633,0.0,28.333246115222636,31.15520938899004,86.99050101554423,35.039238260371825,30.462311845459517,18.19910120538483,55.78686850835827,21.074665797832616,41.163265941171446,6.238459066896006,37.09911170299354,16.693683327269152,5.553397832658171,-0.1950024178408707,8.130102533447669,10.383275953298511,-4.551966160527181,0.37777777777777777,3,1,2,3,1,2,0,0,11,16,4,13,0,2,2,0,0,8,8.659900000000006,0,0,0,0,0,2,1,0,0,0,0,0,4,3,0,0,0,0,0,0,0,0,1,0,2,0,0,0,1,0,2,0,0,0,0,0,0,0,0,0,0,0,0,1,0,0,0,0,0,0,1,0,1,0,0,1,0,0,0,0,0,0,0,28,10.456284153005464,8,8,0.0,0.03715846994535518,0.12775101857892768,0.16027600259331298,0.16027600259331298,19135.0,4,0.100045589678073,0.008551016021344508,0.16027600259331298,0.15583524417938047,0.10912939088319834,0,0,0,0,0,1,5,3,0.7377049180327869,0.11475409836065574,0.01639344262295082,0.11475409836065574,0,0,1,0,0,0,0,0,0,1,1,0,1,1,0,0,0,0,1,0,0,1,0,0,1,1,0,0,0,0,0,1,1,0,0,1,0,0,1,0,1,1,1,0,0,1,1,1,1,1,1,1,1,1,1,1,1,1,0,0,0,0,1,0,0,1,1,0,1,1,1,0,1,1,1,0,1,1,1,1,0,1,1,1,0,0,1,0,1,0,1,0,1,1,1,0,1,1,0,1,1,0,1,1,1,0,1,1,0,1,0,0,0,0,1,1,0,0,0,0,1,1,1,0,1,1,0,1,0,1,0,0,0,0,0,0,0,0,0,0,0,0,0,0,0,0,0,0,0,0,0,0,0,0,1,0,0,0,0,0,0,0,1,1,0,0,0,0,1,0,0,0,0,0,0,0,0,0,0,1,1,1,0,0,0,1,1,1,1,1,1,1,1,1,1,1,1,1,0,1,1,1,0,1,1,1,1,1,0,1,0,1,1,1,0,1,1,1,1,1,1,1,1,0,1,1,1,1,1,1,1,1,1,1,0,1,1,1,0,1,1,1,1,1,0,1,1,1,1,1,1,1,1,0,1,1,1,1,1,1,1,1,1,1,1,1,1,1,1,0,1,0,1,1,1,1,1,1,1,1,1,1,1,1,1,1,1,1,1,1,1,1,1,1,1,1,0
3187.0,359.42,CC(C)CC(C(=O)NCCCCN=C(N)N)NC(=O)C(CC(=O)O)O,QPQNJAXBPHVASB-UHFFFAOYSA-N,-1.3,Volasertib (BI-6727),12.208596518854456,0.017281457473349082,-1.6948655740801446,0.13954458718385643,12.96,359.4270000000002,1.12,2.477258992891589,4.44001858573524,127838.95032817044,12.06703479300747,32.31396695201845,12.145807216896262,5.959554568743835,11.814359458703011,0.0,5.969305287951849,19.376016284851136,0.0,0.0,0.0,13.847474399381248,25.18037091493942,13.08951281182515,6.4208216229260096,24.596666341896878,23.743219315398697,0.0,10.633577208012662,22.377645733121433,51.67656810798155,13.08951281182515,0.0,0.0,22.100912162337032,0.0,0.0,0.0,59.19159413380151,14.383611552215466,5.917906046161393,39.53076089108529,0.0,0.0,180.13000000000005,30.44311385712563,19.49013894705617,0.0,17.784640344256736,32.35197768060318,0.0,0.0,0.0,13.847474399381248,15.62598194064833,16.573862349165076,0.0,0.0,38.38168524736863,23.211904650855107,10.405873029573739,-2.422355003629249,-0.6936512934185055,4.6224211617252955,0.0,0.7333333333333333,8,0,0,0,2,0,2,0,5,10,0,12,0,0,0,0,2,0,-1.477299999999996,1,1,1,0,0,0,0,0,1,0,0,1,1,2,2,0,0,0,0,0,0,0,0,0,0,0,0,0,0,0,0,0,1,0,0,0,0,0,0,0,0,0,0,0,0,0,0,0,0,0,0,0,0,0,0,0,0,0,0,0,0,1,0,15,6.113333333333333,0,0,0.0,0.07999999999999999,0.199432438635189,0.22231884057971016,0.22231884057971016,1834.0,3,0.1719281314109745,0.015056640396236168,0.22231884057971016,0.20178493566282268,0.1566210513345648,0,0,0,0,0,0,0,0,0.6,0.2,0.0,0.2,0,0,1,1,0,0,0,1,1,0,0,0,1,0,1,0,0,0,1,0,1,1,1,0,0,0,0,0,0,1,0,0,0,0,0,1,0,0,0,0,0,1,1,0,0,0,0,1,0,1,0,0,0,0,0,0,0,1,0,0,0,0,0,1,0,0,0,0,0,0,0,1,0,0,0,1,1,0,0,0,0,0,1,0,1,0,1,1,1,0,0,0,0,1,0,0,0,1,1,0,0,1,0,0,0,1,0,0,0,0,0,0,0,0,0,0,0,0,0,1,0,1,0,0,0,0,0,1,0,0,0,0,0,0,0,0,0,0,0,0,0,0,0,0,0,0,0,0,0,0,0,0,0,0,0,1,0,0,0,0,0,0,0,0,0,0,0,0,0,0,0,0,0,1,0,0,0,0,0,0,0,0,0,1,1,0,0,0,0,0,0,0,0,0,0,0,0,0,0,0,0,0,1,0,1,0,0,1,1,1,0,0,1,0,1,0,0,0,0,1,1,1,1,0,0,1,0,0,0,0,1,0,0,0,1,0,1,0,0,0,1,1,0,0,0,1,0,1,1,1,0,0,0,1,0,0,0,0,1,1,0,1,1,0,0,0,1,0,1,1,1,0,1,0,0,0,1,1,0,1,0,1,1,1,1,1,1,1,1,1,1,1,0,0,1,0,0
49803313.0,552.7,CCC1=C(N=C(C(=N1)C(=O)N)NC2=CC(=C(C=C2)N3CCC(CC3)N4CCN(CC4)C)OC)NC5CCOCC5,GYQYAJJFPNQOOW-UHFFFAOYSA-N,3.5,Gilteritinib,12.327670302174699,0.12814781882448578,-0.6165528753650691,0.4281496579360725,19.925,552.7240000000003,1.05,2.979554447830112,1.3069727373583477,1227970973.18777,13.010320591880324,35.6407900544759,5.749511833283905,17.32965355051852,0.0,5.907179729351506,0.0,9.694446914922299,9.967957041894417,0.0,0.0,6.923737199690624,51.28451423423046,76.31973736594237,18.491111810809556,14.268263091671919,28.917677834388684,0.0,19.76777650359537,5.733667477162185,51.1115269726166,82.17325882731916,29.58695719508175,5.749511833283905,26.004017369825373,23.01049810503718,5.749511833283905,0.0,104.3984097796988,11.157684576726059,0.0,48.78941686516342,0.0,0.0,121.10999999999999,5.907179729351506,4.794537184071822,0.0,11.735768823996422,24.098388007744028,100.98380123370482,0.0,7.109797541277533,19.056471336613843,43.431323972650105,20.19137190570949,11.311321601555303,0.0,29.199493635427416,6.806820223711638,8.402950784838854,1.1733764491697565,4.730398193583551,10.04829067710557,3.8983968441670354,0.6206896551724138,4,0,3,3,1,1,0,0,10,11,4,9,0,3,3,0,0,5,2.6972000000000014,0,0,0,0,0,2,0,0,0,0,0,0,5,2,1,0,1,0,0,0,0,0,0,0,4,1,0,0,0,0,2,0,0,0,0,0,0,0,0,0,0,1,0,0,0,0,0,0,0,1,1,1,0,0,0,0,0,0,0,0,0,0,0,21,7.742307692307692,5,5,0.0,0.05641025641025641,0.15779283593568239,0.17742914979757082,0.17742914979757082,6039.0,3,0.13494530179704559,0.010070795766711299,0.17742914979757082,0.15711220191736758,0.13408166461211063,0,0,0,0,0,0,2,3,0.725,0.075,0.0,0.2,0,0,1,0,0,0,1,0,1,1,1,0,1,1,1,0,1,1,1,0,0,1,0,0,0,1,0,0,0,0,0,0,1,0,0,1,0,0,0,0,1,1,0,0,0,0,0,1,1,0,0,0,1,0,0,1,1,1,1,0,0,0,0,0,1,1,0,0,0,0,1,0,0,0,1,1,0,1,1,0,0,1,1,1,0,0,1,0,1,0,0,1,0,0,0,0,0,0,0,0,1,0,1,1,0,1,0,1,1,1,0,0,0,0,0,0,0,0,0,0,1,1,1,1,1,1,0,1,0,0,0,0,0,0,0,0,0,0,0,0,0,0,0,0,0,0,0,0,0,0,0,0,0,0,0,0,0,0,0,0,0,0,0,0,0,0,0,0,1,0,0,0,0,0,0,0,0,0,0,0,0,0,0,1,0,0,0,1,0,0,0,0,1,0,0,1,0,0,0,0,0,0,0,0,0,1,0,1,0,1,1,0,0,0,1,1,1,0,0,0,1,0,1,1,0,1,0,1,1,0,1,0,0,0,1,0,0,0,0,1,1,1,0,1,1,1,1,1,1,0,1,1,1,0,0,1,1,1,1,1,0,1,1,1,0,1,0,1,1,0,0,1,1,1,1,1,1,1,1,1,1,1,1,1,1,1,1,1,1,1,1,1,1,1,1,1,0
3400.0,342.8,C1CC1CN2C(=O)CN=C(C3=C2C=CC(=C3)Cl)C4=CC=CC=C4F,OFVXPDXXVSGEPX-UHFFFAOYSA-N,3.0,Lenalidomide,14.303425794700598,0.016554232804232516,-0.3562338855295193,0.827096217305339,17.333333333333332,342.8010000000001,1.1666666666666667,3.390634225930433,1.8692833671442082,684202.8617189539,6.021408317580342,4.899909730850478,12.361977246958471,0.0,5.907179729351506,0.0,0.0,9.786941916707491,4.39041504767482,0.0,0.0,23.733674027155736,49.09138463432147,22.694292703047893,11.399071277454265,9.184952231746642,28.907190897038284,0.0,0.0,10.910310778797061,12.841643245852019,17.98942254267563,64.43132661741248,0.0,4.899909730850478,10.077801322358383,0.0,11.600939890232516,24.70837754394736,4.794537184071822,11.735126887207288,23.968546229246012,5.022633313741326,0.0,32.67,0.0,9.184952231746642,0.0,18.269156976309976,34.32388375197999,18.52902952053558,6.06636706846161,35.23174507315853,6.06636706846161,4.992404732635669,11.600939890232516,14.303425794700598,6.172483518098597,18.780054327286468,0.5402872260015121,2.3418875976316462,0.13385980935584207,2.2931166225460355,0.7045875062988156,0.0,0.2631578947368421,0,1,1,2,1,0,0,0,2,5,1,3,1,0,1,0,0,4,4.073100000000004,0,0,0,0,0,0,0,0,0,0,0,1,2,0,0,0,0,0,0,0,0,0,0,0,1,0,0,0,1,0,0,0,0,0,0,0,0,0,0,0,0,0,0,0,0,0,0,0,0,0,0,0,0,0,0,0,0,0,0,0,0,0,0,10,4.336956521739131,4,4,0.09722222222222222,0.09782608695652174,0.20367989464246625,0.1516798418972332,0.1516798418972332,1197.0,3,0.2400425170789716,0.013459835998277525,0.1516798418972332,0.1538789059824777,0.18376030390688905,0,0,0,0,1,0,2,1,0.7916666666666666,0.041666666666666664,0.0,0.08333333333333333,0,0,0,0,0,0,0,1,0,1,1,0,1,0,1,0,0,1,0,0,0,1,0,1,0,0,0,0,0,0,0,1,1,0,0,0,0,0,0,1,0,1,0,0,0,0,0,1,0,1,1,1,0,0,0,0,0,0,0,0,1,1,0,0,0,0,1,0,1,1,0,0,1,1,0,0,0,1,1,0,0,0,1,1,0,0,1,0,1,0,1,0,0,0,1,0,0,0,1,0,0,0,1,0,0,0,0,0,0,1,0,0,0,0,1,1,0,0,0,0,0,0,0,0,1,1,1,0,0,0,0,0,0,0,0,0,0,0,0,0,0,0,0,0,0,0,0,0,0,1,0,0,1,0,0,0,0,0,0,0,0,0,0,0,0,0,0,0,0,0,0,0,1,0,0,0,0,0,0,0,0,0,0,0,0,0,0,0,0,0,0,0,1,0,0,0,0,0,0,0,0,0,0,0,0,1,0,0,1,1,1,0,0,0,0,1,0,1,0,0,0,0,1,0,0,1,0,0,0,0,1,1,0,1,0,1,0,1,0,0,1,1,0,0,0,0,0,1,0,1,1,1,1,0,0,1,0,1,0,1,0,0,1,0,1,1,0,1,1,0,0,0,1,1,1,1,0,1,1,0,1,0,0,1,1,1,1,0,1,0,0,1,1,1,1,1,0
3391.0,458.5,C1C(C(C(C1O)C=CC(COC2=CC=CC(=C2)C(F)(F)F)O)CC=CCCCC(=O)O)O,WWSWYXNVCBLWNZ-UHFFFAOYSA-N,2.9,Lovastatin,12.75815355894656,0.01897217650056815,-4.4890351804458275,0.29845407001772745,24.9375,458.4730000000002,1.21875,2.987584836063307,1.871598872677395,7498652.708259065,12.034130008553658,25.162972533162872,18.460360185545124,0.0,0.0,0.0,12.145603805395325,4.794537184071822,0.0,13.171245143024459,0.0,30.370447495797134,43.37947212032425,18.75954929201341,17.7713842671936,43.12875486025916,5.969305287951849,0.0,0.0,11.835812092322787,56.59230579531843,6.606881964512918,54.13300019287896,5.749511833283905,4.736862953800049,13.171245143024459,5.749511833283905,0.0,51.31419599507249,10.970835701515297,11.835812092322787,37.667559606327046,0.0,0.0,107.22000000000001,41.93886050649862,33.285364511618404,0.0,31.115943089810234,19.26246486877803,12.13273413692322,18.208754243757102,6.076020106833881,12.152040213667762,0.0,9.843390348640755,43.521207173434874,0.0,10.504861086523231,39.21046601001362,-0.8454128504907847,-1.547704692659898,1.4775895952189426,-0.26654159137904565,0.0,0.5217391304347826,4,1,0,1,0,0,5,0,5,9,0,11,1,0,1,0,5,2,3.560400000000003,1,3,3,0,0,0,0,0,1,0,0,0,0,0,0,0,0,0,0,0,0,3,2,0,0,0,0,0,0,0,1,0,0,0,0,0,0,0,0,0,0,0,0,0,0,0,0,0,0,0,0,0,0,0,0,0,0,0,0,0,0,1,0,19,7.485887096774194,2,2,0.0,0.06653225806451613,0.1762828154957178,0.21619623655913978,0.21619623655913978,3713.0,4,0.13961335208473788,0.013204883979145998,0.21619623655913978,0.19897920234669733,0.11428681633433135,0,0,0,0,0,1,1,1,0.71875,0.1875,0.0,0.0,0,0,1,1,0,0,0,1,0,1,1,1,1,0,1,0,0,1,1,1,0,1,0,0,0,1,0,0,1,0,1,0,1,0,0,0,0,0,0,1,0,1,0,1,0,0,1,1,0,0,0,0,1,0,0,0,1,1,0,0,0,0,0,0,0,1,1,0,1,0,0,0,0,0,0,1,0,0,1,0,0,0,1,1,0,0,0,0,1,0,1,0,0,1,0,1,0,0,0,1,1,1,1,0,0,0,0,1,0,1,1,0,0,0,0,0,1,0,1,0,1,1,1,0,0,1,0,1,0,1,0,0,0,0,0,0,0,0,0,0,0,0,0,0,0,0,0,0,0,0,0,0,0,0,0,0,0,0,0,0,0,0,0,0,0,0,0,0,0,0,0,0,1,0,0,0,0,0,0,0,0,0,0,1,0,0,0,0,0,0,0,0,0,0,0,0,0,0,0,0,0,0,1,0,0,0,0,0,0,0,0,0,0,0,0,0,0,0,0,1,1,1,0,0,0,0,1,0,0,1,0,0,0,0,1,0,1,1,0,1,0,0,1,1,0,0,0,0,1,0,0,0,0,1,0,0,1,1,1,1,0,1,1,0,1,0,0,0,0,1,1,0,0,1,0,0,1,1,0,0,1,0,1,1,1,1,0,1,0,1,0,0,1,1,1,1,0
9936746.0,492.0,CC1=C(SC2=C1C(=NC(C3=NN=C(N32)C)CC(=O)NC4=CC=C(C=C4)O)C5=CC=C(C=C5)Cl)C,GNMUEVRJHCWKTO-FQEVSTJZSA-N,4.5,OTX-015,12.999353798541659,0.08637918696285096,-0.5386118459729576,0.3667496040525896,14.705882352941176,492.00400000000025,1.088235294117647,3.28133511773486,1.609537766765938,60112851.82557931,8.699205846690393,10.423315998847038,22.616839137119662,5.824404497999927,5.907179729351506,0.0,0.0,14.354041564498846,0.0,0.0,21.534149494536813,23.733674027155736,62.73286550153853,26.71406976552018,12.132506625696712,9.901064578912528,40.24397677497302,0.0,14.76446326439343,4.992404732635669,33.23387405114585,5.316788604006331,86.76988052622634,10.750593809971772,5.316788604006331,5.687386274683562,5.749511833283905,22.937725768167255,31.489855391356347,4.794537184071822,20.771211599071872,45.67897311686612,5.022633313741326,5.001081976687867,92.4,6.041840829147961,9.901064578912528,0.0,18.07751318556142,16.534424086424814,33.227525952549485,17.00988133062452,23.469520014857956,35.75630512132842,29.361626619989654,16.593344622868184,2.0187697326745546,7.820195197901582,19.28588752751466,22.770648693821304,4.492240114966938,1.3041044707982412,0.08637918696285096,6.0921462471487215,0.0,0.2,2,0,1,1,1,2,1,0,7,9,3,4,0,0,0,0,1,5,5.533960000000006,0,0,0,0,0,3,0,1,0,0,0,1,4,1,0,0,0,0,0,0,0,0,0,0,1,2,0,0,3,0,0,0,0,0,0,0,0,0,0,0,0,0,0,0,0,0,0,0,0,0,0,0,0,0,0,0,0,0,0,0,1,0,0,15,5.825311942959002,5,5,0.0,0.0677361853832442,0.17105272771453733,0.1507909982174688,0.1507909982174688,3268.0,3,0.17975611090828955,0.012358359409674764,0.1507909982174688,0.14961628660316598,0.1312378899379096,0,0,0,0,0,2,4,0,0.7352941176470589,0.058823529411764705,0.029411764705882353,0.14705882352941177,0,0,1,0,0,0,0,1,0,0,1,0,1,0,1,0,0,0,1,0,0,1,0,1,0,0,1,0,0,0,0,0,0,0,1,1,1,1,0,0,0,1,1,1,0,0,1,0,1,0,1,1,0,0,1,1,0,0,0,1,1,0,0,0,1,1,0,0,1,0,0,0,1,0,0,1,0,1,0,0,0,0,1,1,0,1,1,1,1,0,1,0,0,0,0,0,0,0,0,0,1,0,1,0,0,0,0,1,1,0,1,0,0,0,0,1,1,0,0,1,0,0,0,0,1,1,1,1,0,1,0,0,0,0,0,0,0,0,0,0,0,0,0,0,0,0,0,0,0,1,0,0,0,0,0,0,0,0,0,0,0,0,0,0,0,0,1,0,1,0,0,0,0,0,0,0,0,1,0,0,0,0,1,0,0,0,0,0,0,0,0,0,1,0,0,1,0,0,0,0,0,0,0,0,0,0,0,1,1,1,1,1,0,1,0,1,0,1,1,0,0,0,1,0,1,0,1,1,0,0,0,1,0,1,1,1,0,1,0,0,1,1,0,1,0,0,0,1,0,1,1,1,1,0,1,1,0,1,0,0,0,1,1,1,1,1,0,1,0,1,0,1,1,1,1,1,0,0,1,1,1,1,1,0,1,1,1,1,1,1,1,1,1,1,1,1,0
3319.0,904.6,CC12CC(=O)NC13CC4C(C(C(=N4)CC5=C(C6=C([N-]5)C(=C7C(C(C(=CC(C2CCC(=O)O)[N-]3)[N-]7)CC(=O)O)CCC(=O)O)C(=O)CC6)CC(=O)O)(C)CC(=O)N)CCC(=O)O.[Ni+3],GYTCYCYCZFADOK-UHFFFAOYSA-M,,Palbociclib,14.1801479973578,0.0,-1.440023429577677,0.1245590985546167,31.903225806451612,904.5760000000001,0.8709677419354839,3.832560448382532,6.412832979480888e-06,11498526163625.62,17.07475997555512,52.20064878433191,0.0,5.783244946364939,11.814359458703011,0.0,46.337950272609575,43.34870220521024,0.0,5.697039313055833,29.202756238734597,24.974377382775238,78.84750895703759,49.65160520972354,18.88348407499998,80.38035827962842,58.72892037766716,0.0,10.30076712495354,45.227677333236976,121.48551881401124,0.0,50.61843491404912,0.0,16.034434602115724,0.0,0.0,0.0,96.43499451546728,74.11018617420294,34.501605123439134,106.99127122465828,0.0,16.20668173808193,330.4199999999999,113.04756280135871,63.888934446778094,0.0,121.38268056026583,16.838587986164693,0.0,0.0,12.999757306524504,6.923737199690624,5.316788604006331,26.343627938757724,0.0,0.0,112.08161715478073,63.315493130105864,4.032564397444089,-10.487176823716423,-0.9088311314747217,3.5707571266125906,0.0,0.5952380952380952,8,1,5,6,2,1,9,8,9,20,6,15,0,3,3,1,9,7,2.929400000000001,5,0,0,0,0,1,0,0,5,0,0,1,4,1,1,0,0,0,0,0,0,0,3,0,0,0,0,0,5,0,0,0,0,0,0,0,0,0,1,1,0,0,0,0,0,0,0,0,0,0,0,1,0,0,0,0,0,0,0,0,0,0,0,0,0.0,7,7,0.0,0.03543098889476466,0.12646150549340165,0.1006522122333862,0.1006522122333862,,4,0.0,0.011684172474199832,0.1006522122333862,0.09142878044896209,0.08495465997496554,0,0,0,0,0,5,1,4,0.6774193548387096,0.20967741935483872,0.0,0.0967741935483871,0,0,0,0,0,0,0,1,1,1,0,1,1,1,1,1,1,1,0,0,1,1,1,0,1,0,0,0,0,1,1,0,1,1,0,1,0,0,1,1,1,1,0,1,1,0,1,0,0,1,0,0,0,0,1,0,0,0,0,0,1,0,1,0,1,1,1,1,0,0,1,1,1,0,1,1,1,0,1,0,1,0,1,1,1,0,0,0,0,1,1,0,1,0,0,1,0,0,1,0,0,1,1,0,0,0,0,1,1,1,1,0,0,1,0,1,1,0,1,1,0,1,0,0,1,1,0,1,1,1,0,0,0,0,0,0,0,0,0,1,0,0,0,0,0,0,0,0,0,0,0,0,0,0,0,0,1,0,0,0,0,0,0,0,0,0,0,0,1,0,0,0,0,0,1,1,0,0,0,1,1,0,0,0,0,0,0,0,0,0,0,0,0,0,0,1,1,0,0,0,0,0,0,0,0,0,1,1,1,0,1,0,0,1,1,0,0,0,0,0,1,1,1,0,0,0,1,1,0,1,0,1,0,0,1,1,0,0,1,0,1,1,1,0,0,1,1,1,1,1,1,1,0,1,0,0,0,1,1,1,0,1,1,0,0,0,1,1,0,1,1,0,1,1,1,0,1,1,0,1,1,1,1,0,1,1,1,1,1,1,1,1,1,1,1,1,1
3318.0,363.6,CCCCCC=CCC=CCC=CCC=CCCC(C)C(=O)NCCF,HMMNZALKMVCHHZ-UHFFFAOYSA-N,7.0,Panobinostat,11.986916547858463,0.05690990251897543,-0.5043315290306318,0.24720778805312899,13.5,363.5610000000001,0.8846153846153846,2.6501580512886362,3.5781554992064786,432513.7444444593,19.681666518371124,5.316788604006331,6.674590972274908,0.0,5.907179729351506,0.0,0.0,4.794537184071822,4.39041504767482,0.0,0.0,75.29727849990431,44.94575136048208,12.462662452073968,0.0,9.184952231746642,5.907179729351506,0.0,5.316788604006331,5.917906046161393,71.63486900571534,13.219347378187482,48.60816085467105,0.0,5.316788604006331,4.39041504767482,0.0,0.0,19.12652710753899,4.794537184071822,5.917906046161393,71.63486900571534,0.0,0.0,29.1,6.674590972274908,9.184952231746642,0.0,18.369842181425476,0.0,32.10410811463005,25.683286491704038,0.0,6.923737199690624,60.848686658368,0.0,11.986916547858463,0.0,11.569687824722612,2.576888034370243,0.0,-0.11934167582760224,27.257311669768242,3.7285375991080403,0.0,0.6086956521739131,1,0,0,0,1,0,1,0,1,3,0,16,0,0,0,0,1,0,6.463800000000006,0,0,0,0,0,0,0,0,0,0,0,0,0,1,0,0,0,0,0,0,0,1,8,0,0,0,0,0,0,0,0,0,0,0,0,0,0,0,0,0,0,0,0,0,0,0,0,0,0,0,0,0,0,0,0,0,0,0,0,0,0,3,0,23,8.42153846153846,0,0,0.0,0.07692307692307693,0.1958998429197318,0.30923076923076925,0.30923076923076925,2737.0,3,0.12390408082274165,0.009208148867328033,0.30923076923076925,0.18954806280488204,0.1262214146470255,0,0,0,0,0,0,0,0,0.8846153846153846,0.038461538461538464,0.0,0.038461538461538464,0,0,1,1,0,0,0,0,1,1,1,0,1,0,0,0,0,0,0,1,0,0,0,0,0,0,0,0,1,1,0,0,0,0,1,1,0,0,1,0,1,1,0,0,0,1,0,1,0,0,0,0,0,0,0,0,1,0,0,0,0,0,0,1,0,0,0,0,0,0,0,1,0,0,0,0,0,0,1,0,0,1,1,1,0,0,0,1,0,1,0,0,0,1,0,0,0,0,1,0,0,1,0,0,0,0,0,0,0,0,0,0,0,1,0,0,0,0,0,1,0,1,0,0,0,0,0,1,1,0,0,0,0,0,0,0,0,0,0,0,0,0,0,0,0,0,0,0,0,0,0,0,0,0,0,0,0,0,0,0,0,0,0,0,0,0,0,0,0,0,0,0,1,0,0,0,0,0,0,0,0,0,0,0,0,0,0,0,0,0,0,0,0,0,0,0,0,0,0,0,0,0,0,0,0,0,0,0,0,0,0,0,1,0,0,0,0,0,0,0,1,1,1,0,0,0,0,0,0,1,1,0,0,0,1,0,0,0,1,0,1,1,0,0,1,1,1,1,1,0,0,0,0,0,0,0,0,0,1,1,0,0,0,0,1,0,0,0,1,0,0,0,0,0,0,0,0,1,0,1,0,1,0,1,1,1,1,0,1,0,1,1,0,0,1,0,0
57394021.0,479.0,CCCCCNC(=O)N1CCC(C1)CN(CC2=CC=C(C=C2)Cl)CC3=CC=C(S3)[N+](=O)[O-],PPUYOYQTTWJTIU-UHFFFAOYSA-N,5.3,SR9011,12.446898088350107,0.02938509675883405,-0.3415963214234474,0.26127334861652796,15.96875,479.0460000000002,1.25,3.4257486602956853,1.5927476167437422,18052448.467245914,12.179649585324322,10.216698334856808,0.0,0.0,0.0,0.0,11.032196489025939,15.01422799961605,4.794537184071822,0.0,0.0,54.83584035063311,42.52210198909523,55.23468601137968,4.923311048817671,9.717848232889493,33.96992225719319,0.0,15.116608065707286,5.917906046161393,45.696536503219804,26.1790256236503,61.97575267867485,0.0,5.316788604006331,9.795619160759689,0.0,22.937725768167255,46.933270646507,13.08951281182515,16.032224314926967,43.04762237679295,5.022633313741326,0.0,78.72,0.0,14.908855452837393,0.0,15.955507537843609,17.485295765815295,68.8476672066652,11.336785877934737,6.06636706846161,35.23174507315853,17.140435534547432,11.600939890232516,0.0,7.250347783777639,28.353060100865918,14.954418341552547,1.1425704673718469,0.37374082297528055,4.243423678676825,6.576371414325519,0.0,0.5217391304347826,1,0,1,1,2,1,1,0,5,9,2,11,0,1,1,0,1,3,5.533600000000005,0,0,0,0,0,0,0,0,0,0,0,0,3,1,0,0,0,1,0,0,0,0,0,0,0,0,0,0,0,0,0,0,0,0,0,0,0,0,0,0,0,0,0,1,0,0,0,0,0,0,0,0,0,0,0,0,0,0,0,0,1,2,1,17,6.828629032258065,3,3,0.0,0.06854838709677419,0.1764322042658136,0.19428763440860214,0.19428763440860214,3387.0,3,0.15398265949067935,0.011030743307059044,0.19428763440860214,0.17937671453111945,0.15175531950381702,0,0,0,0,0,2,2,1,0.71875,0.09375,0.03125,0.125,0,0,1,0,0,0,1,0,0,0,0,0,1,0,1,0,0,0,1,0,0,1,0,0,0,0,0,0,1,1,0,1,1,1,1,1,1,1,1,0,1,1,0,0,0,1,0,1,1,0,1,1,0,0,1,0,1,0,0,0,0,0,0,1,0,0,0,0,1,0,0,1,1,0,1,1,0,1,0,0,0,1,1,1,0,1,1,0,1,0,1,1,1,0,0,0,0,0,0,0,0,1,1,0,0,0,0,0,0,0,1,0,0,0,0,1,0,0,0,0,0,1,1,0,0,1,0,1,0,1,0,0,0,0,0,0,0,0,0,0,0,0,0,0,0,0,0,0,0,0,0,0,0,0,1,0,0,0,0,0,0,0,0,0,0,0,1,1,0,0,0,0,0,0,0,0,0,1,0,1,0,0,0,0,0,0,1,0,0,0,0,0,0,1,0,0,0,0,0,0,1,1,0,0,0,1,0,1,0,0,1,1,1,1,0,1,1,1,1,0,1,1,0,0,1,0,1,0,0,0,1,0,1,1,1,0,1,1,1,0,1,1,0,0,1,1,1,1,1,1,1,1,1,0,1,1,0,0,1,1,1,0,0,1,1,1,1,1,1,0,0,0,1,0,0,0,1,1,1,0,0,1,0,1,1,1,1,0,1,1,1,1,1,1,1,1,0
2240.0,282.33,CC1CCC2C(C(=O)OC3C24C1CCC(O3)(OO4)C)C,BLUAFEHZUWYNDE-UHFFFAOYSA-N,2.8,Artemisinin,12.121545256991686,0.12277777777777743,-0.7932690854119424,0.5042031477298718,57.75,282.33599999999996,1.1,2.6282809975525736,1.8371175333567644,48486.52784284988,3.95962278386191,9.473725907600098,0.0,5.601050810983688,12.07713788190581,0.0,5.969305287951849,4.794537184071822,9.775141906512223,0.0,0.0,13.847474399381248,32.104108114630044,18.256633715248796,5.917906046161393,24.043404998184144,5.969305287951849,0.0,0.0,23.671624184645573,64.13268678366542,0.0,0.0,0.0,0.0,0.0,0.0,0.0,23.647493980841347,24.043404998184144,23.671624184645573,46.454498090775914,0.0,0.0,53.99000000000001,17.6781886928895,4.794537184071822,0.0,17.805117380274638,11.835812092322787,25.683286491704038,0.0,0.0,13.847474399381248,6.923737199690624,19.248867814112323,11.596643518518519,0.0,23.67632038926682,0.0,-0.6101157407407405,-0.13705498866213173,3.244110922146636,6.063429232804233,0.0,0.9333333333333333,0,1,4,5,0,0,7,2,5,5,4,0,1,4,5,1,7,5,2.3949000000000007,0,0,0,0,0,0,0,0,0,0,0,0,0,0,0,0,0,0,0,0,0,0,0,0,0,0,0,0,2,1,2,0,0,0,0,0,0,0,0,0,0,0,0,0,0,0,0,0,0,0,0,0,0,0,0,0,0,0,0,0,0,0,0,7,3.3,4,4,0.0,0.12105263157894737,0.2227318331781783,0.12777777777777777,0.12777777777777777,627.0,4,0.3117871831059902,0.019761844273451967,0.12777777777777777,0.10967701616190928,0.20309809838016255,0,0,0,0,0,0,0,4,0.75,0.25,0.0,0.0,0,0,0,0,0,0,0,0,0,1,0,1,1,0,0,0,0,0,1,1,0,1,0,1,0,0,0,1,0,0,1,1,1,0,0,1,0,0,1,0,1,0,0,0,0,0,0,1,1,0,0,0,1,0,0,0,1,0,0,0,1,0,0,0,0,0,0,0,1,1,0,0,0,0,0,0,0,0,0,0,0,0,0,0,0,0,0,1,1,0,0,0,0,0,0,0,0,0,1,0,1,1,1,0,0,0,0,0,0,0,0,0,1,0,0,0,0,1,0,1,0,1,0,0,1,1,1,0,0,0,0,0,0,0,0,0,0,0,0,0,0,0,0,0,0,0,0,0,0,1,0,0,0,0,0,0,0,0,0,0,0,0,0,0,0,0,0,0,0,0,0,0,0,0,0,0,0,0,0,0,0,0,0,0,0,0,0,1,0,0,0,0,0,0,0,0,1,0,0,0,0,0,1,0,0,0,0,0,0,0,0,0,0,0,0,0,0,0,0,1,0,0,0,0,0,0,0,0,1,0,0,1,1,0,0,1,0,0,1,0,0,0,1,0,0,1,1,0,1,0,1,0,0,1,1,0,0,1,1,1,0,0,1,0,0,0,0,1,0,0,1,1,0,1,0,1,1,1,0,1,1,0,1,0,1,0,0,1,0,1,1,0,0,1,1,1,0
25141092.0,560.6,CN1CCN(CC1)C2=CC(=C(C=C2)C(=O)NC3=NNC4=C3C=C(C=C4)CC5=CC(=CC(=C5)F)F)NC6CCOCC6,HAYYBYPASCDWEQ-UHFFFAOYSA-N,5.7,Entrectinib,13.711370464350253,0.2217325450882861,-0.6100469315217716,0.2942436042587454,16.70731707317073,560.6490000000001,0.975609756097561,3.3486423408765384,1.2534051433918516,2732515938.9104447,11.839297377555038,25.170259623513665,11.63444168209179,5.817862777835028,0.0,5.907179729351506,0.0,9.893218992372859,8.78083009534964,5.098681808301038,0.0,6.06636706846161,79.90160931408049,68.26199421411762,11.080152209313258,18.312230233221513,34.002739988634715,0.0,15.097273347452553,0.0,25.30430569792599,61.973948474216456,82.92209977333728,0.0,15.533486938863138,25.97346542255179,0.0,0.0,73.48675544130535,11.157684576726059,11.63444168209179,34.326534905014825,0.0,10.902924932081056,85.52,11.63444168209179,13.575367279421462,0.0,11.949020558499466,36.579351313180865,72.92818491110911,12.13273413692322,0.0,30.33183534230805,43.744799337454495,4.736862953800049,32.955504299475635,0.0,18.332686185117733,14.642389170472303,4.544164195229348,-1.0877559675369066,2.096914710424664,5.244344082309473,2.130854145280339,0.3548387096774194,3,0,2,2,1,1,0,0,6,10,3,7,0,2,2,0,0,6,5.026900000000005,0,0,0,0,0,2,1,0,0,0,0,0,3,3,0,0,1,0,0,0,0,0,0,0,3,0,0,0,1,0,1,0,0,0,0,0,0,0,0,0,0,0,0,0,0,0,0,0,0,0,1,0,0,0,0,0,0,0,0,0,0,0,0,19,7.602439024390244,6,6,0.0,0.05609756097560975,0.15590337068264548,0.16929330831769857,0.16929330831769857,6234.0,3,0.137196468421672,0.009186017212517337,0.16929330831769857,0.17296279822471666,0.1262228657066624,0,0,0,0,0,1,4,2,0.7560975609756098,0.04878048780487805,0.0,0.14634146341463414,0,0,1,0,1,1,1,0,1,0,1,0,1,1,1,0,1,0,1,0,0,1,0,0,1,1,1,0,0,0,0,0,1,0,0,1,0,0,0,0,0,1,0,1,0,0,0,1,0,1,1,0,0,1,0,1,1,1,1,0,0,1,0,0,0,0,0,0,0,1,1,0,0,1,1,0,1,0,1,1,0,1,1,1,0,0,1,0,1,0,0,0,1,1,0,0,0,0,0,0,1,0,1,0,1,0,0,1,0,1,0,0,0,0,1,0,0,0,0,0,0,1,0,1,1,1,0,1,0,1,0,0,0,0,0,0,0,0,0,0,0,0,0,0,0,0,0,0,0,0,0,0,0,0,0,0,0,0,0,0,0,0,0,0,0,0,0,0,1,0,0,0,1,0,0,0,0,0,0,0,0,0,1,1,1,0,0,1,0,0,0,0,1,0,0,1,0,0,0,1,0,0,0,0,0,1,0,1,0,1,1,0,0,1,0,1,1,1,0,0,1,0,1,1,1,0,1,1,1,0,1,1,0,0,1,1,0,1,0,1,1,1,0,0,0,1,1,1,1,0,1,1,1,0,1,1,0,0,1,1,0,1,1,1,1,1,0,1,1,0,0,0,1,0,1,1,0,1,1,0,1,1,0,1,1,1,1,1,1,1,1,1,1,1,1,1,0
216468.0,385.8,C1=CC2=C(C(=C1)NS(=O)(=O)C3=CC=C(C=C3)S(=O)(=O)N)NC=C2Cl,SETFNECMODOHTO-UHFFFAOYSA-N,1.8,Indisulam,12.47436649659864,0.09300359032501859,-3.9065098261526816,0.6370196418331787,12.416666666666666,385.8540000000001,0.9583333333333334,2.8904154095223333,1.9885604931862806,236771.26868643146,5.778540218917986,4.9839785209472085,0.0,0.0,10.023291153407584,10.023291153407584,0.0,4.722094864452088,21.974567706265816,0.0,0.0,23.733674027155736,30.33183534230805,11.583067786077873,26.0176872570767,16.835593968657875,48.2378334038123,0.0,4.9839785209472085,5.138973737607942,9.79096695103555,4.722094864452088,53.68404636458567,0.0,9.86106860206003,5.687386274683562,0.0,11.600939890232516,21.819572489605083,20.046582306815168,0.0,0.0,5.022633313741326,10.902924932081056,122.12,20.046582306815168,16.835593968657875,0.0,9.79096695103555,21.61294452050595,12.13273413692322,12.13273413692322,24.395944776997908,0.0,9.706073385399296,16.73991362784046,49.85887565868943,6.015741935458307,2.644828985415206,6.151927655324711,0.8769944806626362,0.0,1.5604396885782168,0.0,-7.791420298484916,0.0,4,0,0,0,0,1,0,0,4,10,1,4,0,0,0,0,0,3,2.2695,0,0,0,0,0,1,1,0,0,0,0,0,0,2,1,0,0,0,0,0,0,0,0,0,1,0,0,0,1,0,0,0,0,0,0,0,0,0,0,0,0,0,0,0,0,0,0,1,0,0,0,0,0,0,0,2,0,0,0,0,0,0,0,12,4.981884057971015,3,3,0.0,0.09420289855072465,0.2034066776726983,0.1809947299077734,0.1809947299077734,1375.0,4,0.2081847082871964,0.017099419429374957,0.1809947299077734,0.18940904734380212,0.18165712522045463,0,0,0,0,0,1,3,0,0.5833333333333334,0.16666666666666666,0.08333333333333333,0.125,0,0,1,0,0,0,1,0,0,0,1,0,1,0,0,0,0,1,0,0,0,1,0,0,1,0,0,0,0,0,0,0,0,0,1,1,0,0,0,1,1,0,0,0,0,0,0,1,0,0,0,1,0,1,0,0,0,0,0,0,0,0,0,0,0,1,1,1,0,0,1,0,0,1,1,0,0,1,1,1,0,0,0,1,0,0,0,0,1,1,0,0,1,0,0,0,1,0,0,0,0,0,1,0,0,0,0,0,0,0,0,0,1,0,0,0,0,1,0,0,1,0,0,0,1,0,0,0,1,0,0,0,0,0,0,0,0,0,0,0,0,0,0,0,0,0,0,0,0,0,0,0,0,0,0,0,0,0,0,0,0,0,1,1,0,0,0,0,0,0,0,0,0,0,0,0,0,0,0,0,0,1,0,0,1,1,0,0,1,1,1,1,0,0,1,1,0,1,0,1,0,0,0,1,0,0,0,0,0,1,0,1,0,1,1,0,0,1,1,0,0,0,0,0,1,0,1,0,0,0,0,1,1,1,0,1,1,1,0,0,0,0,1,0,0,0,0,1,0,0,0,1,0,0,1,1,0,0,0,0,1,1,0,1,1,1,1,1,0,0,1,0,1,0,0,1,1,0,1,0,0,1,0,0,0,0,1,0,1,1,0,1,1,1,1,1,0
3332.0,212.24,C1=CC=C(C=C1)C2=CC=C(C=C2)CC(=O)O,QRZAKQDHEVVFRX-UHFFFAOYSA-N,3.0,Olaparib,10.523622641588009,0.07844214537666927,-0.7986471193415638,0.8487600767385667,10.0,212.24800000000002,0.875,2.303219266187675,2.228677125948167,5601.429255368425,4.619630554976046,5.106527394840706,0.0,0.0,0.0,0.0,5.969305287951849,4.794537184071822,0.0,0.0,0.0,54.59730361615449,16.690354475090988,0.0,6.4208216229260096,9.901064578912528,5.969305287951849,0.0,0.0,0.0,6.4208216229260096,0.0,60.160755107851486,11.126902983393991,0.0,0.0,0.0,0.0,11.075832682792555,11.21535880699783,0.0,5.563451491696996,0.0,11.126902983393991,37.3,5.969305287951849,4.794537184071822,0.0,6.4208216229260096,0.0,16.690354475090988,0.0,0.0,54.59730361615449,0.0,5.106527394840706,0.0,0.0,10.523622641588009,8.653244768599206,3.075273053665911,-0.7986471193415638,0.07844214537666927,0.0,0.0,0.07142857142857142,1,0,0,0,0,0,0,0,1,2,0,3,0,0,0,0,0,2,2.9807000000000015,1,0,0,0,0,0,0,0,1,0,0,0,0,0,0,0,0,0,0,0,0,0,0,0,0,0,0,0,0,0,0,0,0,0,0,0,0,0,0,0,0,0,0,0,0,0,0,0,0,0,0,0,0,0,0,0,0,0,0,0,0,0,0,10,4.025,2,2,0.0,0.1416666666666667,0.2495871872536091,0.21607142857142858,0.21607142857142858,483.0,3,0.2593950736234791,0.014360917757298055,0.21607142857142858,0.1638094805509356,0.22771116598294772,0,0,0,0,0,0,2,0,0.875,0.125,0.0,0.0,0,0,1,0,0,0,0,1,0,0,1,0,1,0,0,0,0,0,0,1,1,0,0,0,0,0,0,0,0,0,0,0,0,0,0,0,0,0,0,0,0,1,0,0,0,0,1,0,0,1,0,0,0,0,0,0,1,0,0,0,0,0,0,0,0,0,1,0,0,0,0,1,0,0,0,1,0,0,0,0,1,0,1,1,0,0,0,0,1,0,0,0,1,0,0,0,0,0,1,0,0,0,1,0,0,0,0,0,0,0,0,0,0,0,0,0,0,0,0,0,0,0,0,0,0,0,0,1,0,0,0,0,0,0,0,0,0,0,0,0,0,0,0,0,0,0,0,0,0,0,0,0,0,0,0,0,0,0,0,0,0,0,0,0,0,0,0,0,0,0,0,0,0,0,0,0,0,0,0,0,0,0,0,0,0,0,0,0,0,0,0,0,1,0,0,0,0,0,0,0,0,0,0,0,0,0,0,0,0,0,0,0,0,0,0,0,0,0,0,0,0,0,0,0,0,0,0,0,0,0,0,0,0,0,1,0,0,0,0,0,0,0,0,0,0,0,0,0,0,0,0,0,0,1,0,1,0,0,0,0,0,0,1,0,0,0,0,0,0,1,0,0,0,0,0,1,0,0,0,0,0,0,0,0,1,1,0,1,0,1,0,0,1,1,1,1,0
71481097.0,443.3,C1=CN=C(C=N1)NNC(=O)C=CN2C=NC(=N2)C3=CC(=CC(=C3)C(F)(F)F)C(F)(F)F,DEVSOMFAQLZNKR-RJRFIUFISA-N,3.0,Selinexor,12.978575344807052,0.00877691142801007,-4.993355655491059,0.35658914228699357,12.193548387096774,443.311,0.967741935483871,3.1886945180122863,1.7660416513573298,6699664.013571039,8.411985131955074,0.0,6.3273200747645415,11.642267275834955,0.0,5.907179729351506,12.35259703488695,20.6300984992398,14.6497599770396,26.34249028604892,5.098681808301038,0.0,18.19910120538483,30.233113631577478,17.32374655500707,31.137027470120742,17.924997397006983,0.0,30.15821170339823,0.0,12.35259703488695,5.425791397110385,60.31987508521647,11.387855989696924,10.85158279422077,32.160353063883946,0.0,0.0,30.63960003563935,17.147134218958772,0.0,11.126902983393991,0.0,17.58781087951737,97.62,34.950131239329444,31.137027470120742,0.0,17.708634344296566,12.13273413692322,23.285098006564056,18.59053071483923,0.0,0.0,30.90220016536343,0.0,78.82061857803859,0.0,23.08821547404117,3.778384140310547,1.2778012476278806,-0.7798333439866545,-2.714104379188911,0.0,0.0,0.11764705882352941,2,0,0,0,1,2,0,0,7,14,2,5,0,0,0,0,0,3,3.386700000000001,0,0,0,0,0,5,0,0,0,0,0,0,5,2,0,0,0,0,0,0,0,6,0,0,1,0,0,0,0,0,0,0,0,1,0,0,0,0,0,0,0,0,0,0,0,0,0,0,0,0,0,0,0,0,0,0,0,0,0,0,0,0,0,16,6.7505376344086025,3,3,0.0,0.07096774193548387,0.17908194517805665,0.19829440118650352,0.19829440118650352,3139.0,4,0.15430120735768144,0.013701146936389595,0.19829440118650352,0.18857172375348333,0.1368940337975393,0,0,0,0,0,1,3,0,0.5483870967741935,0.03225806451612903,0.0,0.22580645161290322,0,0,1,0,0,0,0,0,1,1,1,1,1,0,0,0,0,0,0,0,0,0,0,0,0,0,0,0,0,0,0,1,0,1,0,0,0,0,1,0,1,1,0,1,0,1,1,1,0,1,0,1,1,0,1,0,1,0,0,0,0,0,0,0,0,1,0,0,0,1,0,0,0,0,0,0,1,1,0,0,0,0,0,1,0,0,0,0,0,0,0,0,0,1,0,0,0,0,0,1,0,0,1,1,0,0,0,1,1,1,1,0,0,0,0,0,1,0,0,0,0,1,0,1,1,0,0,1,0,1,0,0,0,0,0,0,0,0,0,0,0,0,0,0,0,0,0,0,0,0,0,0,0,0,0,0,0,0,0,0,0,0,0,0,0,0,0,0,1,0,0,0,1,0,0,1,0,0,0,0,0,0,1,0,0,0,0,0,0,0,0,0,1,0,0,1,0,0,1,1,0,0,0,0,0,1,0,1,0,1,1,0,0,1,0,0,0,0,0,0,0,0,1,0,1,1,1,1,1,1,0,0,0,0,0,0,1,1,0,0,1,0,1,0,0,0,0,1,0,0,1,1,1,0,1,1,0,0,0,0,1,1,0,1,1,1,0,1,0,0,0,0,1,0,0,1,0,0,1,0,0,1,0,0,1,0,1,0,1,0,0,1,1,1,1,1,0
3503.0,518.6,CC1=CC2=C(C(=C(C(=C2C(C)C)O)O)C=O)C(=C1C3=C(C4=C(C=C3C)C(=C(C(=C4C=O)O)O)C(C)C)O)O,QBKSWRVVCFFDOT-UHFFFAOYSA-N,6.9,AT-101,12.000586431953469,0.005120884773662793,-0.6611367813884048,0.1312357685384841,11.68421052631579,518.5620000000004,0.5526315789473685,2.828542129330573,2.274743429153191,141736305.72085428,9.13110351007032,30.63916436904423,11.49902366656781,35.57036837939473,0.0,0.0,0.0,9.589074368143644,0.0,0.0,0.0,39.827682935685715,47.582637904027614,33.02625439571757,11.126902983393991,40.22823873718787,34.11721790411829,0.0,0.0,0.0,53.37823529046652,0.0,45.513443087105195,45.62397398309742,0.0,0.0,34.49707099970343,0.0,43.211485415303336,0.0,13.847474399381248,82.5005442094109,0.0,32.671799841253176,155.52,34.49707099970343,40.22823873718787,0.0,44.86206648804036,45.59857544197668,0.0,0.0,53.675157335066956,0.0,0.0,0.0,0.0,0.0,24.001172863906937,66.37135146259577,1.330878504345318,-3.572998573070307,0.6818570514115248,10.54204015213603,0.0,0.26666666666666666,6,0,0,0,0,0,0,0,8,8,0,5,0,0,0,0,0,4,6.382240000000009,0,0,0,0,0,0,0,6,0,0,0,0,0,0,0,0,0,0,0,2,0,0,0,0,0,2,0,0,2,0,0,0,0,0,0,0,0,0,0,0,0,0,0,0,0,0,0,0,0,0,0,0,0,0,0,0,0,0,0,0,0,0,0,13,5.78805120910384,4,4,0.0,0.058321479374110974,0.16147206502209407,0.13300142247510668,0.13300142247510668,4069.0,3,0.17891316142152355,0.015574392161007143,0.13300142247510668,0.14674958237122784,0.1418701653166167,0,0,0,0,0,0,4,0,0.7894736842105263,0.21052631578947367,0.0,0.0,0,0,0,1,0,1,0,1,0,0,0,0,1,0,0,0,0,0,0,0,0,0,0,0,0,0,0,0,0,1,0,1,0,0,0,1,0,0,0,0,0,1,0,0,0,0,0,0,0,0,0,0,0,0,0,0,1,0,0,0,1,0,0,0,0,0,1,0,1,0,0,0,0,0,1,0,1,0,0,1,0,0,0,1,0,1,0,0,1,0,1,0,1,0,0,0,1,1,0,1,0,0,1,0,1,0,0,0,0,1,1,0,0,1,0,0,0,1,0,0,0,0,0,1,0,0,0,0,0,0,0,0,0,0,0,0,0,0,0,0,0,0,0,0,0,0,0,0,0,0,0,0,0,0,0,0,0,0,0,0,0,0,0,0,0,0,0,0,0,0,0,0,0,0,0,0,0,0,0,0,0,0,0,0,1,0,0,0,0,0,0,0,1,0,0,0,0,0,0,0,0,0,1,0,1,0,0,0,0,0,0,0,0,0,0,0,0,0,0,1,0,0,0,0,0,0,0,0,0,0,0,1,0,0,0,1,0,0,0,0,0,0,0,1,0,0,0,0,0,0,0,0,0,0,0,1,0,1,0,0,0,1,0,0,0,0,1,0,0,1,1,1,0,1,1,1,1,0,0,1,1,0,1,0,1,0,0,1,0,1,1,0,1,1,1,1,0
3068.0,586.7,CC1C(C(C(C(O1)OC2CC(C3(C4C(CCC3(C2)O)C5(CCC(C5(CC4O)C)C6CC(=O)OC6)O)CO)O)O)O)O,ZTFGOPUOTATSAL-UHFFFAOYSA-N,-1.2,Birinapant,12.424064335836523,0.027762224431145954,-1.663279825934047,0.14090682595649803,58.829268292682926,586.6750000000006,0.975609756097561,3.4488716189248274,1.270638115126766,1204589290.6701365,10.047923805904244,55.062808020125786,18.31189916324491,6.290026729335213,0.0,0.0,5.969305287951849,4.794537184071822,0.0,0.0,0.0,6.923737199690624,50.863657406643455,30.092445807571583,60.667543194309204,59.85734520419761,5.969305287951849,0.0,0.0,34.50160512343913,125.43394044833005,13.213763929025836,0.0,0.0,0.0,0.0,0.0,0.0,120.25518144124406,19.005126045471968,34.50160512343913,65.21404738278935,0.0,0.0,206.6,89.49256806116996,45.64675634279746,0.0,49.90922549490469,25.869346833290948,0.0,6.923737199690624,0.0,6.923737199690624,0.0,14.210588861400147,16.77805018794585,0.0,11.900572096237177,89.65654832777338,-5.132632467387106,-1.629083247861863,-7.604367756820765,3.1975795267799985,0.0,0.9655172413793104,8,4,2,6,0,0,16,0,12,12,2,4,4,2,6,0,16,6,-1.4350999999999972,0,8,6,0,0,0,0,0,0,0,0,0,0,0,0,0,0,0,0,0,0,0,0,0,0,0,0,0,5,1,3,0,0,0,0,0,0,0,0,0,1,0,0,0,0,0,0,0,0,0,0,0,0,0,0,0,0,0,0,0,0,0,0,18,6.478048780487805,6,6,0.0,0.056097560975609764,0.15545269100670697,0.14046278924327704,0.14046278924327704,5312.0,4,0.1618974233049497,0.014990155476588884,0.14046278924327704,0.14180904318971205,0.11866408062721752,0,0,0,0,0,2,0,6,0.7073170731707317,0.2926829268292683,0.0,0.0,0,0,0,1,1,1,1,1,0,1,1,0,1,0,1,1,1,0,1,1,1,0,0,0,0,0,1,1,0,1,1,1,1,0,0,1,0,0,1,0,1,1,0,0,1,1,0,1,0,0,1,1,0,0,0,0,0,1,0,1,1,0,0,0,1,0,0,0,0,0,1,0,0,1,0,1,1,0,0,0,0,1,1,1,1,0,0,0,0,0,0,0,0,0,0,0,1,0,0,0,0,0,1,1,0,1,1,1,1,0,0,0,1,0,0,1,0,0,0,0,0,1,1,0,1,1,0,0,0,0,0,0,0,0,0,0,0,0,0,0,0,0,0,0,0,0,0,0,0,0,0,0,0,0,0,0,0,0,0,0,0,0,0,0,0,0,0,0,0,0,0,0,0,0,0,0,0,0,0,0,0,0,0,1,1,0,0,1,0,0,0,0,1,0,0,0,1,0,0,0,0,0,1,0,0,0,0,0,0,0,0,0,1,1,0,0,0,0,0,1,1,1,0,0,0,0,1,0,1,0,0,1,0,0,1,1,0,0,1,1,0,0,1,0,0,1,1,0,1,0,1,0,0,1,0,0,1,1,1,1,0,1,1,0,0,0,0,1,1,1,1,0,0,1,0,1,1,1,0,1,1,0,1,1,1,1,0,1,0,1,1,0,0,1,1,1,0
66571643.0,364.5,C1CN(CCC1CNC2CC2C3=CC=CC=C3)CC4=CC=C(C=C4)C(=O)O,LRULVYSBRWUVGR-FCHUYYIVSA-N,1.3,GSK-2879552,10.936702388339102,0.3587180168729025,-0.861082937094215,0.7857639825022791,23.25925925925926,364.4890000000001,1.037037037037037,3.482955383223677,1.1682939738057918,3412739.0026978874,8.237607293133586,10.423315998847038,0.0,0.0,0.0,0.0,5.969305287951849,4.899909730850478,4.794537184071822,0.0,0.0,42.46456947923127,68.07427725299435,18.50450328122193,5.563451491696996,9.901064578912528,5.969305287951849,0.0,10.216698334856808,5.917906046161393,37.766968149999954,19.634269217737724,71.28765809124549,0.0,5.316788604006331,0.0,0.0,0.0,41.651852460528715,6.544756405912575,5.917906046161393,46.66526257410223,0.0,0.0,52.57,5.969305287951849,4.794537184071822,0.0,0.0,17.52319836700635,32.096931669811696,30.38936785217202,12.13273413692322,12.13273413692322,40.548533677164855,5.106527394840706,0.0,0.0,13.419015129793708,12.767082776934325,3.02445339966014,0.6182900738791396,3.7510543902974733,4.299127945372257,0.0,0.43478260869565216,2,1,1,2,0,0,2,0,3,4,1,7,1,1,2,0,2,4,3.7425000000000033,0,0,0,0,1,0,0,0,1,0,0,0,1,1,0,0,0,1,0,0,0,0,0,0,0,0,0,0,0,0,0,0,0,0,0,0,0,0,0,0,0,0,0,0,0,0,0,0,0,1,0,0,0,0,0,0,0,0,0,0,0,0,0,18,6.806267806267806,4,4,0.06172839506172839,0.08547008547008546,0.19216173635259265,0.23225071225071225,0.23225071225071225,2389.0,3,0.15314065067374774,0.01053110245860864,0.23225071225071225,0.1728296335220282,0.12608610651996613,0,0,0,0,1,0,2,2,0.8518518518518519,0.07407407407407407,0.0,0.07407407407407407,0,0,1,1,0,0,0,1,0,0,0,0,1,0,1,0,0,0,1,0,0,1,0,0,0,0,0,0,0,0,0,1,1,0,1,1,0,0,0,0,0,1,0,0,0,0,0,1,0,1,0,0,0,1,0,0,1,1,0,0,0,0,0,0,0,0,1,0,0,0,1,0,0,1,1,0,0,0,0,0,0,0,1,1,0,0,0,0,1,0,0,0,1,0,0,0,0,1,0,0,0,0,1,1,0,0,0,1,1,1,0,1,0,0,0,0,1,0,0,0,0,0,0,0,0,1,0,1,1,1,0,0,0,0,0,0,0,0,0,0,0,0,0,0,0,0,0,0,0,0,0,0,1,0,0,0,0,0,0,0,0,0,0,0,0,0,0,0,0,0,0,0,0,0,0,0,0,0,0,0,0,0,0,0,0,0,0,0,0,0,0,0,1,0,0,0,0,0,0,0,0,0,0,0,0,1,0,0,0,0,0,0,1,0,0,1,1,0,0,0,1,1,0,0,0,0,0,0,1,0,1,0,0,0,1,0,0,0,0,0,0,1,0,0,0,0,0,0,1,0,0,1,1,1,0,1,0,0,1,1,0,1,0,1,0,0,0,1,1,1,0,0,1,0,0,1,0,1,1,0,1,1,0,1,1,1,1,1,1,1,0,1,1,1,1,1,0
20357474.0,372.3,CN1CCC(=C2C3=CC=CC=C3SC4=C2C=C(C=C4)Br)CC1,UHGZJXZINNENOT-UHFFFAOYSA-N,4.9,BLZ945,3.6513520408163265,1.1641283488704126,1.1641283488704126,0.5169041722111276,18.09090909090909,372.3310000000001,0.9545454545454546,2.537835475336485,1.9296001926594475,175293.3719524417,5.8765368256740995,4.899909730850478,0.0,0.0,0.0,0.0,0.0,0.0,0.0,0.0,0.0,51.46403458279456,60.8547910158389,27.353199278693115,0.0,0.0,33.26493337740973,0.0,4.899909730850478,0.0,22.63261019688757,20.13718479450234,63.637296508526944,0.0,0.0,0.0,0.0,27.691828847340464,25.03709452535282,0.0,0.0,23.96854622924601,0.0,5.573104530069267,3.24,0.0,0.0,0.0,0.0,0.0,17.562232327657565,39.33261771035083,5.573104530069267,11.761884949391115,70.34209509070828,0.0,1.1641283488704126,5.5454345920466945,5.1917684712774,0.0,5.9159547430083155,0.0,2.3547373393801965,2.3283326247165532,2.218898652053414,0.2631578947368421,0,0,2,2,0,0,0,0,2,3,2,0,0,1,1,0,0,4,5.441200000000004,0,0,0,0,0,0,0,0,0,0,0,0,1,0,0,0,0,1,0,0,0,0,0,0,0,0,0,0,2,0,0,0,0,0,0,0,0,0,0,0,0,0,0,0,0,0,0,0,0,1,0,0,0,0,0,0,0,0,0,0,0,0,0,9,4.082251082251083,4,4,0.0,0.10822510822510822,0.21279069553490784,0.15411255411255412,0.15411255411255412,943.0,3,0.25480119421030945,0.013216101857794255,0.15411255411255412,0.14439639647000468,0.1882196625431574,0,0,0,0,0,0,2,1,0.8636363636363636,0.0,0.045454545454545456,0.045454545454545456,0,0,1,1,0,0,0,1,0,0,0,0,0,1,1,1,0,0,0,0,0,0,0,0,0,0,0,0,0,0,0,0,1,0,0,1,0,1,0,0,0,1,0,0,0,0,0,0,0,1,0,1,0,0,0,1,0,0,0,0,1,0,0,0,0,0,1,0,0,0,0,0,1,0,1,1,1,0,0,0,0,1,0,1,0,0,1,0,1,0,1,0,0,0,0,0,0,1,1,0,0,0,1,0,0,0,1,0,0,1,0,0,0,0,0,0,0,0,0,0,0,0,0,1,0,0,1,0,1,0,0,0,0,0,0,0,0,0,0,0,0,0,0,0,0,0,0,0,0,0,0,0,0,0,0,0,0,0,0,0,0,0,0,0,0,0,1,0,0,0,0,0,0,0,0,0,1,0,0,0,1,0,0,0,0,0,0,0,0,1,0,0,1,0,0,0,0,0,0,0,0,0,0,0,0,1,1,0,0,0,0,1,0,0,0,1,1,1,1,0,0,0,0,1,0,0,0,0,1,1,1,1,0,0,0,1,0,1,0,0,0,1,0,0,0,1,1,0,1,0,1,1,1,0,0,1,0,0,1,1,0,0,0,0,1,0,0,1,1,0,0,0,0,0,1,1,0,1,1,0,0,0,0,1,0,0,0,0,1,0,1,1,1,1,0,1,0
3071.0,246.31,C1=CC=C2C(=C1)C(=CN2)CC3=CNC4=CC=CC=C43,VFTRKSBEFQDZKX-UHFFFAOYSA-N,4.3,BMS-754807,3.338453168304359,0.9524074074074074,0.9524074074074074,0.5299411118820241,11.368421052631579,246.31300000000002,0.631578947368421,3.050597177264692,1.823911847977008,67287.02193892731,4.0227765264994515,9.967957041894417,0.0,0.0,0.0,0.0,0.0,0.0,0.0,0.0,0.0,36.39820241076966,23.259637120317212,40.62035863031427,0.0,0.0,21.805849864162113,0.0,9.967957041894417,0.0,6.4208216229260096,0.0,72.05152667431302,0.0,0.0,0.0,0.0,0.0,9.967957041894417,6.4208216229260096,0.0,11.126902983393991,0.0,21.805849864162113,31.58,0.0,0.0,0.0,0.0,0.0,6.4208216229260096,32.9327528475561,0.0,0.0,70.89258073281346,0.0,0.0,0.0,6.676906336608718,2.6255205971277404,5.106841353825482,0.0,5.187407407407408,0.0,0.0,0.058823529411764705,2,0,0,0,0,2,0,0,0,2,2,2,0,0,0,0,0,4,4.240000000000002,0,0,0,0,0,2,2,0,0,0,0,0,0,2,0,0,0,0,0,0,0,0,0,0,0,0,0,0,2,0,0,0,0,0,0,0,0,0,0,0,0,0,0,0,0,0,0,2,0,0,0,0,0,0,0,0,0,0,0,0,0,0,0,10,4.081871345029239,4,4,0.0,0.1286549707602339,0.22914483186315257,0.18128654970760236,0.18128654970760236,698.0,3,0.25275702356772173,0.011145625948145403,0.18128654970760236,0.18804602562355002,0.2168280719506893,0,0,0,0,0,2,4,0,0.8947368421052632,0.0,0.0,0.10526315789473684,0,0,0,0,0,0,0,0,0,0,0,0,0,0,0,0,0,0,0,1,0,0,0,0,1,0,0,0,0,0,0,0,0,0,0,0,0,0,0,1,1,0,0,0,0,0,0,0,0,1,0,0,1,0,0,0,0,0,0,0,0,0,0,0,0,0,1,0,0,0,0,1,0,1,1,0,0,0,0,1,0,0,1,1,0,0,0,0,1,1,0,0,1,0,0,0,0,0,0,0,0,0,1,0,0,0,0,0,0,0,1,0,0,0,0,0,0,0,1,0,0,1,0,0,0,0,0,0,0,0,0,0,0,0,0,0,0,0,0,0,0,0,0,0,0,0,0,0,0,0,0,0,0,0,0,0,0,0,0,0,0,0,0,0,0,0,0,0,0,0,0,0,0,0,0,0,0,0,0,0,0,0,0,0,0,0,0,0,0,0,0,0,0,0,0,1,0,0,0,0,0,0,0,0,0,0,0,0,0,0,0,0,0,1,0,0,0,0,0,0,1,1,0,0,0,0,1,0,0,0,0,1,0,0,0,1,0,0,0,0,0,0,0,0,0,0,0,0,0,0,1,1,0,0,0,1,0,0,0,0,0,1,0,0,0,0,0,1,0,0,0,0,1,0,0,1,0,0,0,0,0,1,0,0,0,1,1,0,0,0,0,1,1,1,0,1,0
1231.0,298.76,C1C(O1)(CCCCCCOC2=CC=C(C=C2)Cl)C(=O)O,NWSIRTXVYBEURF-UHFFFAOYSA-N,3.6,Etomoxir,10.876188311228583,0.3631063607770235,-0.8613027435721237,0.559563752115824,20.65,298.7660000000001,1.25,3.208711141439808,1.4980935623279574,56601.664534998214,6.952511517037944,14.580253302440804,5.749511833283905,5.601050810983688,0.0,0.0,5.969305287951849,0.0,4.794537184071822,0.0,0.0,24.442583136084536,43.52793314262447,5.022633313741326,13.213763929025836,19.374790486512627,17.570245178184365,0.0,0.0,0.0,37.70515892561373,13.213763929025836,29.288101587587764,5.749511833283905,4.736862953800049,0.0,5.749511833283905,11.600939890232516,29.890647422802083,9.53140013787187,0.0,32.10410811463005,5.022633313741326,0.0,59.06,11.570356098935537,4.794537184071822,0.0,0.0,24.657218865693174,31.432798324987942,0.0,12.13273413692322,12.13273413692322,0.0,26.18119319267332,10.599338224056128,5.786752438714354,10.876188311228583,9.636594387667827,-0.8613027435721237,-0.005386798914034596,4.48892000476431,1.031961314795668,0.0,0.5333333333333333,1,0,1,1,0,0,1,0,3,5,1,9,0,1,1,0,1,2,3.5229000000000026,1,0,0,0,0,0,0,0,1,0,0,0,0,0,0,0,0,0,0,0,0,0,0,0,0,0,0,0,0,0,2,0,0,0,0,0,0,0,0,0,0,0,0,0,0,0,0,0,0,0,0,0,0,0,0,0,0,0,0,0,0,3,0,14,5.752631578947368,2,2,0.10833333333333335,0.1105263157894737,0.22308699644563967,0.26403508771929823,0.26403508771929823,1093.0,4,0.17942960802524788,0.015237848170367475,0.26403508771929823,0.2151997123123942,0.1357897110567383,0,0,0,0,1,0,1,1,0.75,0.2,0.0,0.0,0,0,0,0,0,0,0,1,0,0,0,0,1,0,0,1,0,0,1,0,0,1,0,0,1,0,0,0,0,1,0,0,1,0,0,0,0,0,1,0,0,1,0,0,0,1,1,0,1,0,1,1,0,0,0,0,0,1,1,0,0,0,0,0,0,0,0,0,1,0,0,0,0,0,1,0,0,0,0,0,1,0,1,1,0,0,0,0,1,0,1,0,0,0,0,0,0,0,0,1,0,0,1,0,1,0,0,0,1,1,0,0,0,0,1,0,0,0,0,0,0,1,0,1,0,1,0,1,0,0,0,0,0,0,0,0,0,0,0,0,0,0,0,0,0,0,1,0,0,0,0,0,1,0,0,0,0,0,0,0,0,0,0,0,0,0,0,0,0,0,0,0,0,0,0,0,0,0,0,0,0,0,0,0,0,0,0,1,0,0,0,0,0,0,0,0,1,0,0,0,0,0,1,0,0,0,0,0,0,0,0,0,0,0,0,0,0,1,0,1,1,1,0,0,0,0,0,0,0,0,0,0,0,1,0,0,0,1,0,1,0,0,1,1,0,0,0,0,1,0,0,0,0,1,0,0,1,1,1,1,0,0,1,0,1,0,0,1,1,1,1,0,0,1,0,0,1,1,0,0,0,0,1,1,1,1,0,1,0,1,0,0,1,1,1,1,0
4091.0,129.16,CN(C)C(=N)N=C(N)N,XZWYZXLIPXDOLR-UHFFFAOYSA-N,-1.3,Metformin,7.0522222222222215,0.05092592592592626,-0.0891666666666664,0.2818737771329878,8.222222222222221,129.167,1.4444444444444444,1.634374150092862,3.927830970185914,60.47184355343589,2.9071056558917943,16.36724468517485,0.0,5.959554568743835,5.959554568743835,0.0,0.0,5.409283605791522,0.0,4.992404732635669,0.0,0.0,0.0,14.09534396535438,0.0,0.0,11.91910913748767,5.409283605791522,4.899909730850478,16.459739686960038,0.0,14.09534396535438,0.0,0.0,11.46733495432437,0.0,0.0,0.0,30.91436283369253,0.0,5.409283605791522,0.0,0.0,0.0,91.49,0.0,0.0,0.0,11.91910913748767,0.0,0.0,4.899909730850478,14.09534396535438,0.0,4.992404732635669,16.876618560115894,0.0,0.0,4.958055555555555,7.0522222222222215,9.982777777777777,-0.03824074074074013,0.0,0.0,3.3785185185185185,0.5,5,0,0,0,0,0,0,0,1,5,0,0,0,0,0,0,0,0,-1.243829999999999,0,0,0,0,0,0,0,0,0,0,0,1,2,1,2,0,0,0,0,0,0,0,0,0,0,0,0,0,0,0,0,0,2,0,0,0,0,0,0,0,0,0,0,0,0,0,0,0,0,0,0,0,0,0,0,0,0,0,0,0,0,0,0,5,2.6666666666666665,0,0,0.0,0.2222222222222222,0.3320973516617596,0.23809523809523808,0.23809523809523808,96.0,3,0.3908723764864115,0.028678565695597957,0.23809523809523808,0.27251245576808564,0.3082799560841146,0,0,0,0,0,0,0,0,0.4444444444444444,0.0,0.0,0.5555555555555556,0,0,1,0,0,0,0,0,0,0,0,0,0,1,1,0,0,0,0,0,0,1,0,0,0,0,0,0,0,0,0,0,0,0,0,1,0,0,0,0,0,1,0,0,0,0,0,0,0,0,0,0,0,0,0,0,0,0,0,0,0,0,0,0,0,0,0,0,0,0,0,0,0,0,0,0,0,0,0,1,0,0,1,0,0,0,0,1,0,0,0,0,0,1,0,0,0,1,0,0,0,0,0,0,0,0,1,0,0,0,0,0,0,1,0,1,0,0,0,1,0,0,1,0,0,0,0,0,0,0,0,0,0,0,0,0,0,0,0,0,0,0,0,0,0,0,0,0,0,0,0,0,0,0,0,1,0,0,0,0,0,0,0,0,0,0,0,0,0,0,0,0,0,1,0,0,0,0,0,0,0,0,0,1,0,0,0,0,0,0,0,0,0,0,0,0,0,0,0,0,0,0,0,0,1,0,0,1,1,0,1,0,0,0,1,1,1,0,0,0,0,0,0,1,0,0,0,0,0,0,0,0,0,0,0,0,1,0,0,0,0,0,0,0,0,0,0,0,0,1,0,0,1,0,0,0,0,0,0,0,0,1,0,0,0,0,0,0,0,0,0,0,1,0,0,0,0,0,1,1,0,1,0,0,0,0,1,0,1,0,1,1,0,0,0,0,0
11476171.0,439.6,C1CN(C1)CC2CC(C2)N3C=C(C4=C(N=CN=C43)N)C5=CC(=CC=C5)OCC6=CC=CC=C6,AECDBHGVIIRMOI-UHFFFAOYSA-N,4.2,NVP-AEW541,6.3565093481315795,0.47161093572928214,0.47161093572928214,0.44279765418089745,20.363636363636363,439.5630000000003,1.0,3.1711734088241714,1.2690065248989257,46815208.52938495,8.52064941075976,19.93753980960407,30.14875387116412,0.0,0.0,0.0,0.0,0.0,9.967957041894417,0.0,0.0,42.46456947923127,61.52952084708177,24.34689229837061,5.386224214464796,4.736862953800049,16.85126421306755,0.0,19.43496642053625,5.917906046161393,31.911187662438905,25.36793669489991,72.6849187542291,16.876414816677897,10.470530430962235,5.817862777835028,5.749511833283905,0.0,39.06923563827397,6.606881964512918,5.917906046161393,30.867757189622985,0.0,22.160304418626513,69.2,0.0,0.0,0.0,0.0,18.46658557149591,39.39117378976881,38.89673408651575,6.3273200747645415,30.33183534230805,49.897278265995766,10.470530430962235,8.40249416541215,0.0,11.50045764398176,0.9341687849254593,10.576084037586224,2.149850450698769,7.54550373565008,4.312180882363912,0.0,0.3333333333333333,2,1,1,2,0,2,0,0,6,6,3,7,1,1,2,0,0,6,4.916300000000004,0,0,0,1,0,3,0,0,0,0,0,0,4,0,1,0,0,1,0,0,0,0,0,0,1,0,0,0,1,0,1,0,0,0,0,0,0,0,0,0,0,0,0,0,0,0,0,0,0,0,0,0,0,0,0,0,0,0,0,0,0,0,0,18,6.558712121212121,6,6,0.0,0.07196969696969698,0.1738353553177716,0.17931329423264908,0.17931329423264908,3463.0,3,0.1604878708598351,0.009181478343621327,0.17931329423264908,0.1599875134084031,0.132080427116695,2,0,0,0,0,1,4,2,0.8181818181818182,0.030303030303030304,0.0,0.15151515151515152,0,0,0,0,0,0,1,1,0,0,1,0,0,0,1,0,1,1,0,1,1,1,0,0,0,0,0,0,0,0,0,1,1,0,1,0,0,0,1,0,1,1,1,0,1,0,1,0,0,1,0,1,1,1,0,0,0,1,0,0,0,1,0,0,0,0,1,1,1,1,0,0,0,0,1,0,0,0,0,0,0,0,1,1,0,0,0,0,1,0,0,0,1,0,0,1,0,0,1,0,0,1,1,0,0,0,0,1,0,1,0,1,0,0,0,1,0,0,0,0,1,0,0,1,1,1,0,0,0,1,0,0,0,0,0,0,0,0,1,0,0,1,0,0,0,0,0,0,0,0,0,0,0,0,0,0,0,0,0,0,0,0,0,0,0,0,0,0,1,0,0,0,0,0,0,0,0,0,0,0,0,0,0,0,0,0,0,0,0,0,0,0,1,0,0,1,0,0,0,0,0,0,0,0,0,1,0,1,0,0,1,0,0,1,1,1,1,0,0,0,0,0,0,0,0,0,1,0,1,0,1,1,0,0,0,1,0,0,0,1,0,1,0,1,0,0,0,0,1,0,1,1,1,0,0,1,1,1,1,1,0,0,0,1,0,1,0,1,1,0,0,0,1,1,0,1,0,1,1,0,0,1,1,1,0,1,1,1,1,0,0,1,1,1,1,1,0
22049997.0,477.3,CC1=C(C=C(C=C1)C(=O)NC)N2C(=CC(=C(C2=O)Br)OCC3=C(C=C(C=C3)F)F)C,KCAJXIDMCNPGHZ-UHFFFAOYSA-N,4.2,PH-797804,13.844240145586351,0.15311662782396906,-0.7242342434824953,0.5917430897650455,10.733333333333333,477.30500000000006,1.1333333333333333,2.7110649311036585,1.9951004963370487,3960190.8091746005,8.788534342888047,10.05365155780638,28.463554995721026,0.0,0.0,11.466446624403513,0.0,14.156174015934997,8.78083009534964,0.0,0.0,6.06636706846161,59.60633806287404,36.00123709784286,5.687386274683562,18.31223023322151,21.837123627300855,0.0,9.883888251797686,0.0,20.454356363894167,7.04767198267719,91.30981722621875,11.436898107967467,15.612918452858386,8.78083009534964,5.749511833283905,15.929943897949348,17.52195135982005,6.606881964512918,25.481916081473038,27.17881965401127,0.0,5.687386274683562,60.330000000000005,11.63444168209179,18.369904463493285,0.0,33.85901142972974,16.944765761229018,17.696185628620217,17.681138698930155,31.189205473537065,6.923737199690624,21.24673250195568,4.736862953800049,34.14820536651575,3.2605224998950195,25.034322285455442,2.559750154023268,2.1396225721390145,-1.4278390621449295,0.0,3.397265988621993,1.5336919478529376,0.18181818181818182,1,0,0,0,1,1,0,0,4,8,1,5,0,0,0,0,0,3,4.433640000000004,0,0,0,0,0,1,0,0,0,0,0,0,1,1,0,0,0,0,0,0,0,0,0,0,0,2,0,0,0,0,1,0,0,0,0,0,0,0,0,0,0,0,0,0,0,0,0,0,0,0,0,0,1,0,0,0,0,0,0,0,0,0,0,16,5.972413793103448,3,3,0.0,0.07356321839080458,0.1819942294570902,0.1775862068965517,0.1775862068965517,2598.0,3,0.17495683766342646,0.014540762622823791,0.1775862068965517,0.1700272905339524,0.14566738751931102,0,0,0,0,0,0,3,0,0.7333333333333333,0.1,0.0,0.06666666666666667,0,0,1,0,1,0,0,0,1,0,1,0,1,0,0,0,1,1,0,0,0,0,0,0,1,0,0,0,0,1,0,0,0,0,0,1,1,0,0,0,0,1,0,0,1,0,1,1,0,0,1,0,1,0,0,1,0,1,0,0,1,1,0,0,0,0,0,0,0,0,0,1,0,0,0,1,1,0,1,1,0,1,1,1,0,1,1,0,1,1,1,1,0,0,0,0,0,1,0,0,0,0,1,0,1,0,0,1,0,1,1,0,1,1,0,0,1,1,0,0,1,0,1,0,0,0,0,1,0,0,0,0,0,0,0,0,0,0,0,0,0,0,0,0,0,0,0,0,0,0,0,0,0,0,0,0,0,0,0,0,0,0,0,0,0,0,0,0,0,0,0,0,1,0,0,0,1,0,0,0,0,0,0,0,0,0,0,0,0,0,0,0,1,0,0,1,0,0,0,0,0,0,0,0,0,1,0,0,0,0,0,0,0,0,0,1,0,1,0,1,0,0,1,1,0,0,0,1,1,0,0,0,0,0,0,0,0,1,0,1,1,0,0,1,0,0,0,1,0,0,0,1,1,0,0,1,1,1,0,0,0,0,0,1,1,1,1,1,0,0,0,1,1,1,1,1,1,0,1,1,1,1,1,1,1,1,1,1,1,1,1,1,1,1,1,1,0
4746.0,277.5,C1CCC(CC1)C(CC2CCCCN2)C3CCCCC3,CYXKNKQEMFBLER-UHFFFAOYSA-N,6.8,Perhexiline maleate,3.8277437641723355,0.8588917233560089,0.8588917233560089,0.7354070672581984,30.75,277.496,0.65,2.551779563650304,1.6083797130755597,71858.11251239256,7.8230600428570565,5.316788604006331,0.0,0.0,0.0,0.0,0.0,0.0,0.0,0.0,0.0,70.62903785218613,43.56093941317478,6.041840829147961,0.0,0.0,0.0,0.0,5.316788604006331,17.75371813848418,95.93334355011213,6.544756405912575,0.0,0.0,5.316788604006331,0.0,0.0,0.0,12.586597235060536,0.0,17.75371813848418,89.89150272096417,0.0,0.0,12.03,0.0,0.0,0.0,0.0,0.0,23.79555896763214,70.75297263517268,25.683286491704038,0.0,5.316788604006331,0.0,0.0,0.0,0.0,3.8277437641723355,0.0,3.2197713529856387,21.142482048374905,1.2844444444444445,0.0,1.0,1,2,1,3,0,0,1,0,1,1,1,4,2,1,3,0,1,3,5.295400000000005,0,0,0,0,0,0,0,0,0,0,0,0,0,1,0,0,0,0,0,0,0,0,0,0,0,0,0,0,0,0,0,0,0,0,0,0,0,0,0,0,0,0,0,0,0,0,0,0,0,1,0,0,0,0,0,0,0,0,0,0,0,0,0,9,4.221052631578948,3,3,0.0,0.11578947368421051,0.2234021393689992,0.1789473684210526,0.1789473684210526,802.0,3,0.24662882994196922,0.009564733417834929,0.1789473684210526,0.18940869580723899,0.20055634427440908,0,0,0,0,0,0,0,3,0.95,0.0,0.0,0.05,0,0,0,1,1,0,1,0,0,0,0,0,0,0,0,0,0,0,0,1,0,0,0,0,0,0,0,0,0,0,0,0,1,0,0,0,0,0,0,0,0,0,0,0,0,0,0,1,0,0,0,1,0,0,0,0,1,0,0,0,1,0,0,0,0,0,0,0,0,0,0,1,0,0,0,0,0,0,0,0,0,0,1,0,0,0,0,0,0,0,0,0,1,0,0,0,0,0,0,0,1,1,1,0,1,0,0,0,0,0,0,0,0,0,0,0,0,0,1,0,0,0,1,0,1,1,0,1,0,0,0,0,0,0,0,0,0,0,0,0,0,0,0,0,0,0,0,0,0,0,0,0,0,0,0,0,0,0,0,0,0,0,0,0,0,0,0,0,0,0,0,0,0,0,0,0,0,0,0,0,0,0,0,0,0,0,0,0,0,0,0,0,0,0,0,0,0,0,0,0,0,0,0,0,0,0,0,0,0,0,0,0,1,0,0,0,0,0,0,0,1,1,0,0,0,0,0,0,1,0,1,0,0,0,1,0,0,0,0,0,0,1,0,0,0,0,0,0,1,0,0,1,0,0,0,0,0,0,1,1,0,0,0,0,0,0,0,1,0,0,0,0,0,0,0,1,0,1,0,0,0,1,0,1,0,1,1,0,1,0,0,1,0,1,0,1,0
11539025.0,420.5,CC(C)(C)CN1C2=C(C=CC(=N2)C3=C(N=C(N3)C(C)(C)C)C4=CC=C(C=C4)F)N=C1N,XPPBBJCBDOEXDN-UHFFFAOYSA-N,5.3,Ralimetinib (LY2228820),13.514758914799604,0.01993898220976642,-0.2796459540753957,0.45471857738976285,12.612903225806452,420.5360000000002,0.9354838709677419,3.2317620577110597,1.9121793105788902,7329106.337911218,7.182350817683787,10.717645998109393,17.158326056662084,5.647177220767728,5.948339280986494,0.0,0.0,4.567099647791355,19.342350610516444,0.0,0.0,41.54242319814374,41.81319288016644,17.52319836700635,17.081783984545382,4.39041504767482,17.112217219370482,0.0,24.503013731580186,5.41499046939678,53.50217007345309,5.733667477162185,48.03982774981548,22.645235476242377,5.733667477162185,10.338754328661313,0.0,0.0,24.503013731580186,11.959746875309355,11.232211310442676,47.36682769614366,0.0,33.80911341462637,85.41000000000001,0.0,4.39041504767482,0.0,16.647201779839456,12.49309568689907,39.6335179126263,12.13273413692322,12.13273413692322,16.699833784714574,51.51038024003816,15.701624519056601,15.470551129814627,0.0,17.724034487513247,0.0,10.630346201352815,1.0117978657364797,0.0,13.448377229305365,0.0,0.375,3,0,0,0,0,3,0,0,5,7,3,3,0,0,0,0,0,4,5.553300000000005,0,0,0,1,0,5,1,0,0,0,0,0,4,1,1,0,0,0,0,0,0,0,0,0,1,0,0,0,1,0,0,0,0,0,0,2,0,0,0,0,0,0,0,0,0,0,0,0,0,0,0,0,1,0,0,0,0,0,0,0,0,0,0,13,5.565591397849462,4,4,0.0,0.07311827956989249,0.17898573229175457,0.15743418613274004,0.15743418613274004,2588.0,4,0.18708408574623034,0.014905440352884632,0.15743418613274004,0.1648814375207783,0.15603454908856948,0,0,0,0,0,2,4,0,0.7741935483870968,0.0,0.0,0.1935483870967742,0,0,1,1,1,0,0,0,1,0,1,0,0,0,0,0,0,1,0,0,0,1,0,0,0,0,0,0,0,1,0,1,1,0,1,1,1,0,0,0,0,1,0,0,0,0,0,0,0,0,0,1,0,0,1,0,0,0,0,1,0,1,1,0,0,1,1,1,0,1,1,0,0,0,0,1,0,0,0,0,0,0,1,1,0,1,1,0,1,1,0,0,1,0,0,0,0,0,0,0,0,0,1,1,0,0,0,0,0,0,0,0,0,0,0,0,1,0,0,0,0,0,1,0,1,0,0,0,0,0,0,0,0,0,0,0,0,0,0,0,0,0,0,0,0,0,0,0,0,0,0,0,0,0,0,1,0,0,0,0,0,0,0,0,0,0,0,0,1,0,0,0,1,0,0,0,0,0,0,0,0,0,0,0,0,0,0,0,0,0,0,0,1,0,0,1,1,0,0,0,0,0,0,0,1,1,0,1,0,1,1,0,0,1,1,1,0,1,0,0,1,0,0,0,0,0,1,0,1,0,1,1,0,0,0,1,1,1,0,0,0,0,1,0,0,1,0,0,0,0,1,1,1,0,0,1,0,0,0,0,0,1,0,1,1,1,0,1,0,0,0,1,1,0,1,1,0,0,1,1,1,1,0,1,0,1,1,0,1,0,1,1,1,1,0,1,0
56959.0,427.5,CC1=C(C(=CC=C1)C)NC(=O)CN2CCN(CC2)CC(COC3=CC=CC=C3OC)O,XKLMZUWKNUAPSZ-UHFFFAOYSA-N,2.7,Ranolazine,12.483462172502751,0.010271401003238534,-0.5937112072718826,0.6398550561014078,16.0,427.5450000000002,1.0,2.7630690321134272,1.3840486993991417,8558341.072344258,11.134736906161526,19.897041906447136,12.71084835226122,11.49902366656781,5.907179729351506,0.0,0.0,14.594356645772777,0.0,0.0,0.0,30.33183534230805,37.107111519698464,38.41116830424644,13.65455394719011,19.374790486512627,11.594566004035068,0.0,9.799819461700956,0.0,19.95144078712955,58.30200654527223,53.59147246262526,11.49902366656781,14.790514511606428,5.687386274683562,11.49902366656781,0.0,79.90271091490737,4.794537184071822,13.847474399381248,11.126902983393991,0.0,0.0,74.27,6.103966387748303,9.901064578912528,0.0,12.514061693864424,24.58853647839296,42.99331488172785,0.0,7.109797541277533,56.31204387861251,15.116608065707286,9.473725907600098,10.982191459182097,0.0,16.83792929788979,13.41839832540996,3.0502794851109627,1.2938384329862322,-0.5937112072718826,8.330664200898061,1.597765368363673,0.4583333333333333,2,0,1,1,1,0,1,0,6,7,1,9,0,1,1,0,1,3,2.30804,0,1,1,0,0,0,0,0,0,0,1,0,2,1,0,0,0,0,0,0,0,0,0,0,1,2,0,0,0,0,2,0,0,0,0,0,0,0,0,0,0,1,0,0,0,0,0,3,0,0,1,0,0,0,0,0,0,0,0,0,0,0,0,18,7.333333333333333,3,3,0.0,0.07096774193548387,0.17923911501150838,0.2183908045977011,0.2183908045977011,3410.0,3,0.14149215379850197,0.011463165619509559,0.2183908045977011,0.19238615299292125,0.14470006943361285,0,0,0,0,0,0,2,1,0.7741935483870968,0.12903225806451613,0.0,0.0967741935483871,0,0,1,1,1,0,1,0,0,0,0,0,1,0,1,0,0,1,0,0,1,0,0,1,0,0,1,0,0,1,0,0,1,0,1,1,0,0,0,0,0,1,0,1,0,0,1,0,0,1,0,0,1,0,1,0,0,1,0,0,1,0,0,0,0,0,1,0,0,1,0,0,0,0,1,1,1,0,0,1,0,1,1,1,0,0,0,1,1,0,0,0,0,1,0,0,0,0,0,0,0,1,1,0,0,0,0,0,0,0,0,0,0,1,0,0,0,0,0,0,1,0,0,1,0,0,0,1,0,1,0,0,0,0,0,0,0,0,0,0,0,0,0,0,0,0,0,0,0,0,0,0,0,0,0,0,0,0,0,0,0,0,0,0,0,0,0,0,0,0,0,0,0,0,0,0,0,0,0,0,0,0,0,0,0,0,0,0,0,0,0,0,0,0,0,0,0,0,0,0,0,0,1,0,0,1,0,0,0,1,0,0,0,0,0,1,1,0,0,0,0,1,1,1,0,1,0,1,1,0,1,0,0,0,1,0,0,0,0,1,1,1,0,1,0,0,0,1,1,0,1,1,1,0,0,1,1,1,1,1,0,1,1,1,0,1,0,1,1,1,1,1,1,1,1,1,1,1,1,1,1,1,1,1,1,1,1,1,1,1,1,1,1,1,1,1,0
446339.0,566.0,CCOC(=O)C1CN(CC(=O)N1CC2=CC=[N+](C=C2)C3=CC=NC=C3)S(=O)(=O)C4=CC5=C(C=C4)C=C(C=C5)Cl,GFCOGUIWSHWJKN-AREMUKBSSA-N,3.7,XMD 8-87,13.576427772366916,0.032321176232993354,-4.0738214970321724,0.2520492530129248,16.41025641025641,566.0590000000002,1.0512820512820513,2.941876457491982,1.397636162556181,611340850.0162084,11.092219882756934,9.636772684650527,6.041840829147961,12.393687143226153,21.61785715744265,0.0,5.969305287951849,9.77851570501903,13.212334168400758,8.872315639087589,0.0,23.733674027155736,47.525105394163646,54.771301542639065,18.04712184594327,27.310833954063984,44.27316448987305,0.0,14.189104243093919,0.0,24.405817910268937,19.696394776338067,96.03712977650673,5.687386274683562,4.567099647791355,0.0,0.0,11.600939890232516,60.22162185021224,30.89398488126385,0.0,12.487188691387619,5.022633313741326,16.459834703613154,100.75999999999999,27.941616999858898,18.00687135247258,0.0,31.13663465776842,10.408857528206122,20.942277972141586,10.966276799312087,49.64925968522482,41.22625506486394,4.9839785209472085,16.337802844032566,35.33532903392306,6.049101597196308,31.70862918012366,2.0305784341851796,1.7084140700871315,-1.1361143967330816,7.087389944210608,1.2982893934580282,-4.0738214970321724,0.21428571428571427,0,0,1,1,1,2,1,0,6,11,3,7,0,1,1,0,1,5,3.1297000000000015,0,0,0,0,0,2,0,0,0,0,0,0,4,0,0,0,0,0,0,0,0,0,0,0,0,0,0,0,1,1,1,0,0,0,0,0,0,0,0,0,0,0,0,0,0,0,0,0,0,0,1,0,2,0,0,1,0,0,0,0,0,0,0,20,7.195681511470985,5,5,0.0,0.058029689608636977,0.1597265133752062,0.167450851661378,0.167450851661378,5332.0,4,0.14574941928586402,0.011334309243430136,0.167450851661378,0.15487505446861785,0.12652508938582596,0,0,0,0,0,0,4,1,0.717948717948718,0.1282051282051282,0.02564102564102564,0.10256410256410256,0,0,0,0,0,1,0,0,0,0,0,0,1,0,0,0,0,0,1,0,0,1,0,0,1,0,0,0,1,0,0,0,1,0,1,1,0,0,0,1,1,1,1,0,0,0,0,0,0,0,1,1,0,0,1,0,1,1,1,1,1,0,0,0,1,1,1,1,1,1,1,0,0,0,0,1,1,1,0,0,0,1,1,1,1,1,0,0,1,0,1,0,1,0,0,0,1,0,0,0,0,1,1,1,0,0,1,0,0,1,0,0,0,1,0,0,0,0,0,1,0,1,1,0,1,1,0,1,0,1,0,0,0,0,0,0,0,0,0,0,0,0,0,0,0,0,0,0,0,0,0,0,0,0,0,0,0,0,0,0,0,0,1,1,0,0,0,0,0,0,0,0,0,0,0,0,0,0,0,1,0,1,0,0,0,1,0,0,1,1,1,1,1,0,1,1,0,1,0,0,0,0,0,1,0,1,0,0,0,1,1,1,0,0,0,1,1,1,1,0,0,0,1,0,1,1,0,1,1,0,1,1,1,1,0,1,1,1,0,1,1,1,1,0,1,0,0,1,0,0,1,1,1,1,1,1,1,1,1,1,1,0,1,1,1,1,1,1,1,0,1,0,1,1,0,1,1,0,1,0,1,0,0,1,1,1,1,1,1,1,1,1,1,1,1,1,0
85201.0,227.23,C[Si](C=C)(O[Si](C)(C=C)Cl)Cl,QNXUEHHVVZBQHD-UHFFFAOYSA-N,,Everolimus,5.985054012345678,1.6445293209876544,-2.239020061728395,0.5294606978226155,21.454545454545453,227.23899999999998,1.0909090909090908,1.8637743766073418,4.233343581482011,143.51062699876533,3.9121349332932205,4.115147098438452,0.0,0.0,0.0,0.0,15.254332838043382,0.0,0.0,0.0,35.31583650862969,11.39858852164869,13.094022707362173,0.0,0.0,4.115147098438452,37.41229797947608,0.0,0.0,0.0,13.094022707362173,0.0,24.556459888845687,0.0,0.0,0.0,0.0,22.157965141432694,15.254332838043382,4.115147098438452,0.0,0.0,13.094022707362173,0.0,9.23,15.254332838043382,0.0,0.0,0.0,0.0,0.0,0.0,11.39858852164869,13.094022707362173,13.157871367196995,26.273112239871146,5.4961419753086425,11.970108024691356,0.0,0.0,3.2890586419753087,0.0,0.0,10.833842592592593,-4.47804012345679,0.3333333333333333,0,0,0,0,0,0,2,0,1,5,0,4,0,0,0,0,2,0,3.075000000000001,0,0,0,0,0,0,0,0,0,0,0,0,0,0,0,0,0,0,0,0,0,0,0,0,0,0,0,0,0,0,0,0,0,0,0,0,0,0,0,0,0,0,0,0,0,0,0,0,0,0,0,0,0,0,0,0,0,0,0,0,0,0,0,6,2.8363636363636364,0,0,0.0,0.18181818181818185,0.2998827668905352,0.20404040404040405,0.20404040404040405,156.0,4,0.3673218673218673,0.03129563917174149,0.20404040404040405,0.2630765370776716,0.2731556416403471,0,0,0,0,0,0,0,0,0.5454545454545454,0.09090909090909091,0.0,0.0,0,0,0,0,0,0,0,0,1,0,0,0,0,0,0,0,0,1,1,0,0,1,0,0,0,0,0,0,0,0,1,0,0,0,0,1,0,0,0,1,0,0,0,0,0,1,0,0,0,0,0,1,0,0,0,0,1,1,0,0,0,0,0,0,0,0,0,0,0,0,0,0,0,0,0,0,0,0,0,0,0,0,0,0,0,0,1,0,1,0,0,0,0,0,0,0,0,0,0,0,0,0,0,0,0,0,0,0,0,0,0,1,0,0,0,0,0,0,0,0,0,0,0,0,1,0,0,0,0,0,0,0,0,0,0,0,0,0,0,0,0,0,0,0,0,0,0,0,0,0,1,0,0,0,0,0,0,0,0,0,0,1,0,0,1,0,0,0,0,0,0,0,0,0,0,0,0,0,0,0,0,0,0,0,0,0,0,0,0,0,0,0,0,0,0,0,0,0,0,0,0,0,0,0,0,0,0,0,0,0,0,0,0,0,0,0,0,0,0,0,0,0,0,1,0,0,0,0,0,1,0,0,1,1,0,0,0,1,0,0,0,0,1,0,0,0,0,0,0,0,0,0,0,0,1,0,1,0,0,0,1,0,0,0,1,0,0,0,0,0,0,0,0,0,0,0,0,0,1,1,0,0,0,0,0,0,0,0,0,0,1,0,0,0,1,0,0
