sample_id	inhibitor	primary_key	predicted_auc	DSS
AML_001_01	Afatinib	Afatinib_AML_001_01	207.34566	5.7
AML_001_03	Afatinib	Afatinib_AML_001_03	202.70769	0.2
AML_002_01	Afatinib	Afatinib_AML_002_01	209.86075	9.1
AML_003_02	Afatinib	Afatinib_AML_003_02	212.54405	4.9
AML_004_01	Afatinib	Afatinib_AML_004_01	204.68414	1.8
AML_006_02	Afatinib	Afatinib_AML_006_02	209.59326	7.8
AML_007_01	Afatinib	Afatinib_AML_007_01	204.5417	6.4
AML_007_02	Afatinib	Afatinib_AML_007_02	206.41156	0.0
AML_012_01	Afatinib	Afatinib_AML_012_01	204.23401	0.0
AML_013_01	Afatinib	Afatinib_AML_013_01	204.99026	0.9
AML_014_01	Afatinib	Afatinib_AML_014_01	203.82016	0.1
AML_015_01	Afatinib	Afatinib_AML_015_01	203.15315	0.5
AML_015_02	Afatinib	Afatinib_AML_015_02	206.28397	0.1
AML_015_03	Afatinib	Afatinib_AML_015_03	204.46808	0.1
AML_015_04	Afatinib	Afatinib_AML_015_04	208.7212	2.8
AML_018_01	Afatinib	Afatinib_AML_018_01	204.32315	2.5
AML_019_01	Afatinib	Afatinib_AML_019_01	206.7914	1.7
AML_020_01	Afatinib	Afatinib_AML_020_01	208.17067	5.3
AML_022_01	Afatinib	Afatinib_AML_022_01	205.89897	11.5
AML_023_01	Afatinib	Afatinib_AML_023_01	199.20622	9.3
AML_023_03	Afatinib	Afatinib_AML_023_03	200.67035	9.2
AML_023_04	Afatinib	Afatinib_AML_023_04	200.73755	11.0
AML_024_01	Afatinib	Afatinib_AML_024_01	206.96465	1.6
AML_025_01	Afatinib	Afatinib_AML_025_01	206.60313	4.7
AML_026_01	Afatinib	Afatinib_AML_026_01	204.56612	0.2
AML_028_01	Afatinib	Afatinib_AML_028_01	206.6945	1.3
AML_028_04	Afatinib	Afatinib_AML_028_04	205.80789	3.6
AML_029_01	Afatinib	Afatinib_AML_029_01	203.24557	1.5
AML_030_01	Afatinib	Afatinib_AML_030_01	197.28542	0.3
AML_032_01	Afatinib	Afatinib_AML_032_01	207.25171	0.0
AML_033_01	Afatinib	Afatinib_AML_033_01	202.92955	0.1
AML_033_02	Afatinib	Afatinib_AML_033_02	202.4587	1.3
AML_035_02	Afatinib	Afatinib_AML_035_02	211.70728	0.0
AML_035_04	Afatinib	Afatinib_AML_035_04	209.93346	0.0
AML_036_01	Afatinib	Afatinib_AML_036_01	200.28873	0.0
AML_040_01	Afatinib	Afatinib_AML_040_01	200.43332	4.2
AML_041_01	Afatinib	Afatinib_AML_041_01	204.2656	1.1
AML_042_01	Afatinib	Afatinib_AML_042_01	204.55354	3.1
AML_043_02	Afatinib	Afatinib_AML_043_02	205.18927	0.0
AML_045_01	Afatinib	Afatinib_AML_045_01	204.51627	0.2
AML_046_01	Afatinib	Afatinib_AML_046_01	200.62762	5.9
AML_051_01	Afatinib	Afatinib_AML_051_01	199.13625	0.0
AML_052_01	Afatinib	Afatinib_AML_052_01	206.62314	1.0
AML_053_01	Afatinib	Afatinib_AML_053_01	211.60007	2.2
AML_054_01	Afatinib	Afatinib_AML_054_01	201.60255	5.1
AML_057_01	Afatinib	Afatinib_AML_057_01	200.31023	0.7
AML_058_01	Afatinib	Afatinib_AML_058_01	200.5918	1.7
AML_059_01	Afatinib	Afatinib_AML_059_01	201.64905	1.8
AML_060_01	Afatinib	Afatinib_AML_060_01	207.57126	2.3
AML_061_01	Afatinib	Afatinib_AML_061_01	201.75711	1.4
AML_062_01	Afatinib	Afatinib_AML_062_01	194.69115	4.0
AML_064_01	Afatinib	Afatinib_AML_064_01	200.25984	4.0
AML_065_01	Afatinib	Afatinib_AML_065_01	201.12979	2.0
AML_067_01	Afatinib	Afatinib_AML_067_01	199.58913	3.0
AML_070_01	Afatinib	Afatinib_AML_070_01	200.92575	0.6
AML_072_01	Afatinib	Afatinib_AML_072_01	208.9187	0.7
AML_073_01	Afatinib	Afatinib_AML_073_01	210.26991	2.3
AML_074_01	Afatinib	Afatinib_AML_074_01	202.89067	2.4
AML_075_01	Afatinib	Afatinib_AML_075_01	201.90288	3.0
AML_076_01	Afatinib	Afatinib_AML_076_01	206.9312	0.1
AML_076_02	Afatinib	Afatinib_AML_076_02	201.76167	2.7
AML_077_01	Afatinib	Afatinib_AML_077_01	205.6663	2.2
AML_078_02	Afatinib	Afatinib_AML_078_02	203.18996	2.3
AML_084_01	Afatinib	Afatinib_AML_084_01	203.15456	5.0
AML_086_02	Afatinib	Afatinib_AML_086_02	209.87877	1.9
AML_098_01	Afatinib	Afatinib_AML_098_01	200.1395	0.0
AML_100_01	Afatinib	Afatinib_AML_100_01	203.48015	1.1
AML_101_01	Afatinib	Afatinib_AML_101_01	198.58917	3.5
AML_101_02	Afatinib	Afatinib_AML_101_02	211.91101	0.0
AML_102_01	Afatinib	Afatinib_AML_102_01	196.2173	0.3
AML_103_01	Afatinib	Afatinib_AML_103_01	194.42343	0.0
AML_103_02	Afatinib	Afatinib_AML_103_02	203.19772	2.9
AML_104_01	Afatinib	Afatinib_AML_104_01	203.31691	0.0
AML_108_01	Afatinib	Afatinib_AML_108_01	195.66989	2.1
AML_109_01	Afatinib	Afatinib_AML_109_01	202.19218	1.0
AML_110_01	Afatinib	Afatinib_AML_110_01	201.33482	1.9
AML_112_01	Afatinib	Afatinib_AML_112_01	197.1736	1.3
AML_112_02	Afatinib	Afatinib_AML_112_02	200.5068	1.3
AML_113_01	Afatinib	Afatinib_AML_113_01	201.7381	4.9
AML_114_01	Afatinib	Afatinib_AML_114_01	202.12796	0.0
AML_115_01	Afatinib	Afatinib_AML_115_01	199.82922	3.3
AML_116_01	Afatinib	Afatinib_AML_116_01	201.83035	0.1
AML_117_01	Afatinib	Afatinib_AML_117_01	203.76315	0.7
AML_119_01	Afatinib	Afatinib_AML_119_01	196.31114	2.4
AML_120_01	Afatinib	Afatinib_AML_120_01	201.46127	8.3
AML_120_03	Afatinib	Afatinib_AML_120_03	205.81667	0.0
AML_122_01	Afatinib	Afatinib_AML_122_01	203.79533	0.0
AML_123_01	Afatinib	Afatinib_AML_123_01	204.68686	6.5
AML_124_01	Afatinib	Afatinib_AML_124_01	207.53125	2.7
AML_125_01	Afatinib	Afatinib_AML_125_01	206.15295	22.1
AML_126_01	Afatinib	Afatinib_AML_126_01	200.38948	3.4
AML_127_01	Afatinib	Afatinib_AML_127_01	202.65065	1.8
AML_128_01	Afatinib	Afatinib_AML_128_01	208.02393	1.9
AML_129_02	Afatinib	Afatinib_AML_129_02	198.38776	9.5
AML_129_03	Afatinib	Afatinib_AML_129_03	201.82388	6.4
AML_131_01	Afatinib	Afatinib_AML_131_01	204.55193	0.8
AML_133_01	Afatinib	Afatinib_AML_133_01	207.4303	0.5
AML_134_01	Afatinib	Afatinib_AML_134_01	207.49356	0.1
AML_135_01	Afatinib	Afatinib_AML_135_01	207.14018	1.5
AML_138_01	Afatinib	Afatinib_AML_138_01	210.44063	2.7
AML_139_01	Afatinib	Afatinib_AML_139_01	214.07974	2.2
AML_140_01	Afatinib	Afatinib_AML_140_01	205.66501	1.4
AML_142_01	Afatinib	Afatinib_AML_142_01	205.41982	5.3
AML_143_01	Afatinib	Afatinib_AML_143_01	201.78098	2.4
AML_144_01	Afatinib	Afatinib_AML_144_01	208.91089	3.5
AML_146_01	Afatinib	Afatinib_AML_146_01	207.77153	2.0
AML_147_01	Afatinib	Afatinib_AML_147_01	201.79495	1.8
AML_151_01	Afatinib	Afatinib_AML_151_01	197.47264	5.4
AML_152_01	Afatinib	Afatinib_AML_152_01	202.57729	2.5
AML_153_01	Afatinib	Afatinib_AML_153_01	205.88998	1.3
AML_156_01	Afatinib	Afatinib_AML_156_01	203.6193	1.6
AML_157_01	Afatinib	Afatinib_AML_157_01	203.10858	0.2
AML_157_02	Afatinib	Afatinib_AML_157_02	205.3463	1.2
AML_158_01	Afatinib	Afatinib_AML_158_01	204.65434	0.9
AML_159_01	Afatinib	Afatinib_AML_159_01	206.093	2.9
AML_160_01	Afatinib	Afatinib_AML_160_01	203.86041	1.2
AML_161_01	Afatinib	Afatinib_AML_161_01	202.73225	1.6
AML_175_01	Afatinib	Afatinib_AML_175_01	201.56767	0.0
AML_179_01	Afatinib	Afatinib_AML_179_01	205.76907	9.5
AML_183_01	Afatinib	Afatinib_AML_183_01	202.73035	0.0
AML_183_02	Afatinib	Afatinib_AML_183_02	199.42368	1.4
AML_183_03	Afatinib	Afatinib_AML_183_03	199.76413	1.5
AML_184_01	Afatinib	Afatinib_AML_184_01	198.80376	9.2
AML_185_01	Afatinib	Afatinib_AML_185_01	211.4558	7.8
AML_004_01	AGI-5198	AGI-5198_AML_004_01	219.96873	1.7
AML_019_01	AGI-5198	AGI-5198_AML_019_01	217.5599	0.5
AML_025_01	AGI-5198	AGI-5198_AML_025_01	224.34373	0.9
AML_026_01	AGI-5198	AGI-5198_AML_026_01	223.6228	0.0
AML_029_01	AGI-5198	AGI-5198_AML_029_01	222.20087	0.8
AML_030_01	AGI-5198	AGI-5198_AML_030_01	216.80782	1.0
AML_033_01	AGI-5198	AGI-5198_AML_033_01	217.81075	0.0
AML_033_02	AGI-5198	AGI-5198_AML_033_02	214.36504	0.0
AML_041_01	AGI-5198	AGI-5198_AML_041_01	222.37582	0.0
AML_042_01	AGI-5198	AGI-5198_AML_042_01	221.15163	0.0
AML_043_02	AGI-5198	AGI-5198_AML_043_02	214.74477	0.0
AML_046_01	AGI-5198	AGI-5198_AML_046_01	214.95056	0.5
AML_052_01	AGI-5198	AGI-5198_AML_052_01	221.71577	0.0
AML_057_01	AGI-5198	AGI-5198_AML_057_01	217.61826	0.0
AML_058_01	AGI-5198	AGI-5198_AML_058_01	214.97258	0.0
AML_059_01	AGI-5198	AGI-5198_AML_059_01	216.31302	0.3
AML_060_01	AGI-5198	AGI-5198_AML_060_01	219.80612	0.4
AML_061_01	AGI-5198	AGI-5198_AML_061_01	216.51726	0.1
AML_062_01	AGI-5198	AGI-5198_AML_062_01	211.29842	0.3
AML_064_01	AGI-5198	AGI-5198_AML_064_01	219.70218	1.2
AML_065_01	AGI-5198	AGI-5198_AML_065_01	216.20288	0.0
AML_067_01	AGI-5198	AGI-5198_AML_067_01	218.8606	0.4
AML_070_01	AGI-5198	AGI-5198_AML_070_01	220.36089	0.0
AML_072_01	AGI-5198	AGI-5198_AML_072_01	223.0819	0.0
AML_073_01	AGI-5198	AGI-5198_AML_073_01	222.8229	0.3
AML_074_01	AGI-5198	AGI-5198_AML_074_01	220.22758	1.3
AML_075_01	AGI-5198	AGI-5198_AML_075_01	220.2142	0.0
AML_076_01	AGI-5198	AGI-5198_AML_076_01	224.75627	0.0
AML_076_02	AGI-5198	AGI-5198_AML_076_02	217.7381	0.0
AML_077_01	AGI-5198	AGI-5198_AML_077_01	221.03072	0.0
AML_078_02	AGI-5198	AGI-5198_AML_078_02	220.81886	0.1
AML_086_02	AGI-5198	AGI-5198_AML_086_02	220.96603	1.4
AML_098_01	AGI-5198	AGI-5198_AML_098_01	217.53076	0.0
AML_100_01	AGI-5198	AGI-5198_AML_100_01	223.1347	0.0
AML_101_01	AGI-5198	AGI-5198_AML_101_01	211.73854	0.0
AML_101_02	AGI-5198	AGI-5198_AML_101_02	222.27913	0.6
AML_102_01	AGI-5198	AGI-5198_AML_102_01	216.46576	0.0
AML_103_01	AGI-5198	AGI-5198_AML_103_01	210.13023	0.0
AML_103_02	AGI-5198	AGI-5198_AML_103_02	212.29486	3.5
AML_104_01	AGI-5198	AGI-5198_AML_104_01	223.57768	0.0
AML_108_01	AGI-5198	AGI-5198_AML_108_01	214.64682	0.3
AML_109_01	AGI-5198	AGI-5198_AML_109_01	217.9307	0.3
AML_110_01	AGI-5198	AGI-5198_AML_110_01	218.49043	0.0
AML_112_01	AGI-5198	AGI-5198_AML_112_01	216.7656	1.2
AML_112_02	AGI-5198	AGI-5198_AML_112_02	217.3245	0.0
AML_113_01	AGI-5198	AGI-5198_AML_113_01	215.03021	0.0
AML_114_01	AGI-5198	AGI-5198_AML_114_01	218.89789	1.5
AML_115_01	AGI-5198	AGI-5198_AML_115_01	216.17635	0.4
AML_116_01	AGI-5198	AGI-5198_AML_116_01	217.64175	0.7
AML_117_01	AGI-5198	AGI-5198_AML_117_01	221.23033	1.8
AML_119_01	AGI-5198	AGI-5198_AML_119_01	213.36891	2.3
AML_122_01	AGI-5198	AGI-5198_AML_122_01	222.03737	1.1
AML_123_01	AGI-5198	AGI-5198_AML_123_01	223.95616	0.3
AML_124_01	AGI-5198	AGI-5198_AML_124_01	223.3197	1.8
AML_125_01	AGI-5198	AGI-5198_AML_125_01	220.62509	0.0
AML_126_01	AGI-5198	AGI-5198_AML_126_01	220.05716	0.0
AML_127_01	AGI-5198	AGI-5198_AML_127_01	219.6386	0.0
AML_128_01	AGI-5198	AGI-5198_AML_128_01	222.28871	0.5
AML_131_01	AGI-5198	AGI-5198_AML_131_01	220.3155	0.0
AML_133_01	AGI-5198	AGI-5198_AML_133_01	218.27414	0.0
AML_134_01	AGI-5198	AGI-5198_AML_134_01	217.56924	0.6
AML_135_01	AGI-5198	AGI-5198_AML_135_01	222.64494	0.1
AML_138_01	AGI-5198	AGI-5198_AML_138_01	223.2431	1.2
AML_139_01	AGI-5198	AGI-5198_AML_139_01	224.92767	1.5
AML_140_01	AGI-5198	AGI-5198_AML_140_01	219.59134	1.8
AML_142_01	AGI-5198	AGI-5198_AML_142_01	214.86382	0.1
AML_143_01	AGI-5198	AGI-5198_AML_143_01	216.21935	0.0
AML_144_01	AGI-5198	AGI-5198_AML_144_01	223.71506	1.1
AML_146_01	AGI-5198	AGI-5198_AML_146_01	221.71884	0.4
AML_147_01	AGI-5198	AGI-5198_AML_147_01	217.59216	1.6
AML_151_01	AGI-5198	AGI-5198_AML_151_01	211.69623	1.2
AML_152_01	AGI-5198	AGI-5198_AML_152_01	219.05777	1.2
AML_153_01	AGI-5198	AGI-5198_AML_153_01	215.2544	0.0
AML_156_01	AGI-5198	AGI-5198_AML_156_01	217.37645	0.6
AML_157_01	AGI-5198	AGI-5198_AML_157_01	218.15994	1.4
AML_157_02	AGI-5198	AGI-5198_AML_157_02	220.7407	0.0
AML_158_01	AGI-5198	AGI-5198_AML_158_01	222.29092	0.2
AML_159_01	AGI-5198	AGI-5198_AML_159_01	219.54465	0.0
AML_160_01	AGI-5198	AGI-5198_AML_160_01	216.16486	0.0
AML_161_01	AGI-5198	AGI-5198_AML_161_01	214.19368	0.1
AML_183_01	AGI-5198	AGI-5198_AML_183_01	221.40211	0.0
AML_183_02	AGI-5198	AGI-5198_AML_183_02	216.82759	0.0
AML_183_03	AGI-5198	AGI-5198_AML_183_03	215.02884	0.2
AML_004_01	AGI-6780	AGI-6780_AML_004_01	217.14444	0.0
AML_019_01	AGI-6780	AGI-6780_AML_019_01	214.81734	2.9
AML_025_01	AGI-6780	AGI-6780_AML_025_01	221.86719	0.1
AML_026_01	AGI-6780	AGI-6780_AML_026_01	220.07115	0.4
AML_029_01	AGI-6780	AGI-6780_AML_029_01	218.30812	4.2
AML_030_01	AGI-6780	AGI-6780_AML_030_01	213.11433	0.4
AML_033_01	AGI-6780	AGI-6780_AML_033_01	214.94246	1.0
AML_033_02	AGI-6780	AGI-6780_AML_033_02	211.34662	0.1
AML_041_01	AGI-6780	AGI-6780_AML_041_01	221.21552	1.3
AML_042_01	AGI-6780	AGI-6780_AML_042_01	219.24532	3.5
AML_043_02	AGI-6780	AGI-6780_AML_043_02	212.50507	0.1
AML_046_01	AGI-6780	AGI-6780_AML_046_01	211.74895	4.3
AML_052_01	AGI-6780	AGI-6780_AML_052_01	217.96664	0.0
AML_057_01	AGI-6780	AGI-6780_AML_057_01	217.14238	0.0
AML_058_01	AGI-6780	AGI-6780_AML_058_01	215.60695	1.4
AML_059_01	AGI-6780	AGI-6780_AML_059_01	214.94339	1.3
AML_060_01	AGI-6780	AGI-6780_AML_060_01	217.33517	4.3
AML_061_01	AGI-6780	AGI-6780_AML_061_01	214.43939	0.1
AML_062_01	AGI-6780	AGI-6780_AML_062_01	210.63109	5.9
AML_064_01	AGI-6780	AGI-6780_AML_064_01	216.45982	2.3
AML_065_01	AGI-6780	AGI-6780_AML_065_01	214.08307	2.3
AML_067_01	AGI-6780	AGI-6780_AML_067_01	216.81956	0.7
AML_070_01	AGI-6780	AGI-6780_AML_070_01	217.05495	2.8
AML_072_01	AGI-6780	AGI-6780_AML_072_01	221.38683	1.8
AML_073_01	AGI-6780	AGI-6780_AML_073_01	219.86841	0.0
AML_074_01	AGI-6780	AGI-6780_AML_074_01	220.6457	1.5
AML_075_01	AGI-6780	AGI-6780_AML_075_01	218.07065	0.8
AML_076_01	AGI-6780	AGI-6780_AML_076_01	222.03549	1.3
AML_076_02	AGI-6780	AGI-6780_AML_076_02	215.38638	0.0
AML_077_01	AGI-6780	AGI-6780_AML_077_01	218.53683	0.7
AML_078_02	AGI-6780	AGI-6780_AML_078_02	219.8065	0.2
AML_086_02	AGI-6780	AGI-6780_AML_086_02	218.81148	0.5
AML_098_01	AGI-6780	AGI-6780_AML_098_01	214.42587	1.7
AML_100_01	AGI-6780	AGI-6780_AML_100_01	220.40044	1.0
AML_101_01	AGI-6780	AGI-6780_AML_101_01	208.59856	1.1
AML_101_02	AGI-6780	AGI-6780_AML_101_02	220.71959	0.8
AML_102_01	AGI-6780	AGI-6780_AML_102_01	213.98572	0.6
AML_103_01	AGI-6780	AGI-6780_AML_103_01	208.58833	0.8
AML_103_02	AGI-6780	AGI-6780_AML_103_02	210.55058	1.4
AML_104_01	AGI-6780	AGI-6780_AML_104_01	221.98866	0.3
AML_108_01	AGI-6780	AGI-6780_AML_108_01	212.13077	4.1
AML_109_01	AGI-6780	AGI-6780_AML_109_01	214.90416	0.0
AML_110_01	AGI-6780	AGI-6780_AML_110_01	216.8994	0.2
AML_112_01	AGI-6780	AGI-6780_AML_112_01	214.05518	0.1
AML_112_02	AGI-6780	AGI-6780_AML_112_02	216.27962	0.9
AML_113_01	AGI-6780	AGI-6780_AML_113_01	213.70663	4.2
AML_114_01	AGI-6780	AGI-6780_AML_114_01	214.93042	0.1
AML_115_01	AGI-6780	AGI-6780_AML_115_01	213.96715	2.7
AML_116_01	AGI-6780	AGI-6780_AML_116_01	215.54774	2.3
AML_117_01	AGI-6780	AGI-6780_AML_117_01	218.64757	0.0
AML_119_01	AGI-6780	AGI-6780_AML_119_01	212.42867	0.5
AML_122_01	AGI-6780	AGI-6780_AML_122_01	220.53069	0.5
AML_123_01	AGI-6780	AGI-6780_AML_123_01	221.02985	2.3
AML_124_01	AGI-6780	AGI-6780_AML_124_01	221.07849	0.7
AML_125_01	AGI-6780	AGI-6780_AML_125_01	218.59593	0.0
AML_126_01	AGI-6780	AGI-6780_AML_126_01	218.31058	0.5
AML_127_01	AGI-6780	AGI-6780_AML_127_01	218.87242	0.4
AML_128_01	AGI-6780	AGI-6780_AML_128_01	220.07542	0.0
AML_131_01	AGI-6780	AGI-6780_AML_131_01	217.08446	1.1
AML_133_01	AGI-6780	AGI-6780_AML_133_01	215.1044	0.0
AML_134_01	AGI-6780	AGI-6780_AML_134_01	213.60535	0.0
AML_135_01	AGI-6780	AGI-6780_AML_135_01	219.17245	0.0
AML_138_01	AGI-6780	AGI-6780_AML_138_01	222.40005	1.5
AML_139_01	AGI-6780	AGI-6780_AML_139_01	223.82576	2.0
AML_140_01	AGI-6780	AGI-6780_AML_140_01	219.53587	0.7
AML_142_01	AGI-6780	AGI-6780_AML_142_01	213.07755	0.0
AML_143_01	AGI-6780	AGI-6780_AML_143_01	215.44142	0.0
AML_144_01	AGI-6780	AGI-6780_AML_144_01	219.71928	0.2
AML_146_01	AGI-6780	AGI-6780_AML_146_01	220.66669	0.0
AML_147_01	AGI-6780	AGI-6780_AML_147_01	216.97574	0.3
AML_151_01	AGI-6780	AGI-6780_AML_151_01	211.03558	0.3
AML_152_01	AGI-6780	AGI-6780_AML_152_01	217.44342	0.5
AML_153_01	AGI-6780	AGI-6780_AML_153_01	212.82509	0.0
AML_156_01	AGI-6780	AGI-6780_AML_156_01	215.53677	1.1
AML_157_01	AGI-6780	AGI-6780_AML_157_01	217.09619	2.8
AML_157_02	AGI-6780	AGI-6780_AML_157_02	219.4393	1.0
AML_158_01	AGI-6780	AGI-6780_AML_158_01	220.28827	0.6
AML_159_01	AGI-6780	AGI-6780_AML_159_01	218.33759	0.7
AML_160_01	AGI-6780	AGI-6780_AML_160_01	214.2339	0.1
AML_161_01	AGI-6780	AGI-6780_AML_161_01	212.4337	0.0
AML_183_01	AGI-6780	AGI-6780_AML_183_01	219.29008	0.1
AML_183_02	AGI-6780	AGI-6780_AML_183_02	214.66609	1.6
AML_183_03	AGI-6780	AGI-6780_AML_183_03	212.67258	0.3
AML_001_01	Alisertib	Alisertib_AML_001_01	221.5595	0.0
AML_001_03	Alisertib	Alisertib_AML_001_03	218.4411	18.8
AML_002_01	Alisertib	Alisertib_AML_002_01	220.91045	1.3
AML_003_02	Alisertib	Alisertib_AML_003_02	222.2558	10.5
AML_004_01	Alisertib	Alisertib_AML_004_01	218.96838	8.9
AML_006_02	Alisertib	Alisertib_AML_006_02	224.89568	0.5
AML_007_01	Alisertib	Alisertib_AML_007_01	218.40178	4.7
AML_007_02	Alisertib	Alisertib_AML_007_02	220.54047	3.2
AML_012_01	Alisertib	Alisertib_AML_012_01	216.15366	3.0
AML_013_01	Alisertib	Alisertib_AML_013_01	217.70673	11.1
AML_014_01	Alisertib	Alisertib_AML_014_01	216.50992	7.4
AML_015_01	Alisertib	Alisertib_AML_015_01	215.24846	12.6
AML_015_02	Alisertib	Alisertib_AML_015_02	217.99522	6.0
AML_015_03	Alisertib	Alisertib_AML_015_03	215.30443	12.4
AML_015_04	Alisertib	Alisertib_AML_015_04	219.1162	5.7
AML_018_01	Alisertib	Alisertib_AML_018_01	214.7798	22.4
AML_019_01	Alisertib	Alisertib_AML_019_01	217.41414	3.9
AML_020_01	Alisertib	Alisertib_AML_020_01	219.63379	0.0
AML_022_01	Alisertib	Alisertib_AML_022_01	217.98277	0.8
AML_023_01	Alisertib	Alisertib_AML_023_01	212.31612	3.6
AML_023_03	Alisertib	Alisertib_AML_023_03	213.11658	2.6
AML_023_04	Alisertib	Alisertib_AML_023_04	214.7932	8.6
AML_024_01	Alisertib	Alisertib_AML_024_01	218.02527	12.9
AML_025_01	Alisertib	Alisertib_AML_025_01	220.2706	2.0
AML_026_01	Alisertib	Alisertib_AML_026_01	219.66898	1.7
AML_028_01	Alisertib	Alisertib_AML_028_01	219.07545	6.5
AML_028_04	Alisertib	Alisertib_AML_028_04	214.35307	4.3
AML_029_01	Alisertib	Alisertib_AML_029_01	218.32295	4.6
AML_030_01	Alisertib	Alisertib_AML_030_01	211.50053	2.2
AML_032_01	Alisertib	Alisertib_AML_032_01	219.60463	6.0
AML_033_01	Alisertib	Alisertib_AML_033_01	217.79672	18.3
AML_033_02	Alisertib	Alisertib_AML_033_02	213.70508	13.3
AML_035_02	Alisertib	Alisertib_AML_035_02	223.04929	13.9
AML_035_04	Alisertib	Alisertib_AML_035_04	218.82095	12.7
AML_036_01	Alisertib	Alisertib_AML_036_01	213.59474	9.4
AML_040_01	Alisertib	Alisertib_AML_040_01	215.98726	5.0
AML_041_01	Alisertib	Alisertib_AML_041_01	216.99457	5.1
AML_042_01	Alisertib	Alisertib_AML_042_01	218.54677	5.3
AML_043_02	Alisertib	Alisertib_AML_043_02	213.9837	13.2
AML_045_01	Alisertib	Alisertib_AML_045_01	217.83916	0.0
AML_046_01	Alisertib	Alisertib_AML_046_01	212.84074	11.3
AML_051_01	Alisertib	Alisertib_AML_051_01	213.01164	0.0
AML_052_01	Alisertib	Alisertib_AML_052_01	222.11641	9.8
AML_053_01	Alisertib	Alisertib_AML_053_01	226.96109	3.3
AML_054_01	Alisertib	Alisertib_AML_054_01	212.4736	1.5
AML_057_01	Alisertib	Alisertib_AML_057_01	215.36035	3.1
AML_058_01	Alisertib	Alisertib_AML_058_01	214.3314	7.9
AML_059_01	Alisertib	Alisertib_AML_059_01	212.81499	6.7
AML_060_01	Alisertib	Alisertib_AML_060_01	218.65837	0.5
AML_061_01	Alisertib	Alisertib_AML_061_01	215.2734	3.7
AML_062_01	Alisertib	Alisertib_AML_062_01	206.61244	12.8
AML_064_01	Alisertib	Alisertib_AML_064_01	214.33847	0.0
AML_065_01	Alisertib	Alisertib_AML_065_01	214.7063	6.0
AML_067_01	Alisertib	Alisertib_AML_067_01	213.20322	3.8
AML_070_01	Alisertib	Alisertib_AML_070_01	217.94962	2.5
AML_072_01	Alisertib	Alisertib_AML_072_01	222.32626	3.1
AML_073_01	Alisertib	Alisertib_AML_073_01	222.18561	6.8
AML_074_01	Alisertib	Alisertib_AML_074_01	217.43013	1.9
AML_075_01	Alisertib	Alisertib_AML_075_01	216.10492	4.4
AML_076_01	Alisertib	Alisertib_AML_076_01	222.26578	6.5
AML_076_02	Alisertib	Alisertib_AML_076_02	215.85013	3.5
AML_077_01	Alisertib	Alisertib_AML_077_01	220.53653	10.8
AML_078_02	Alisertib	Alisertib_AML_078_02	215.39317	4.5
AML_084_01	Alisertib	Alisertib_AML_084_01	216.48347	1.9
AML_086_02	Alisertib	Alisertib_AML_086_02	221.69427	7.0
AML_098_01	Alisertib	Alisertib_AML_098_01	214.095	8.2
AML_100_01	Alisertib	Alisertib_AML_100_01	218.6839	2.3
AML_101_01	Alisertib	Alisertib_AML_101_01	210.14557	5.3
AML_101_02	Alisertib	Alisertib_AML_101_02	223.39233	0.7
AML_102_01	Alisertib	Alisertib_AML_102_01	210.54263	2.9
AML_103_01	Alisertib	Alisertib_AML_103_01	207.49591	2.9
AML_103_02	Alisertib	Alisertib_AML_103_02	211.36504	10.1
AML_104_01	Alisertib	Alisertib_AML_104_01	218.6027	3.3
AML_108_01	Alisertib	Alisertib_AML_108_01	209.21608	4.1
AML_109_01	Alisertib	Alisertib_AML_109_01	214.63696	3.3
AML_110_01	Alisertib	Alisertib_AML_110_01	214.67653	14.1
AML_112_01	Alisertib	Alisertib_AML_112_01	210.76712	3.8
AML_112_02	Alisertib	Alisertib_AML_112_02	214.12605	1.3
AML_113_01	Alisertib	Alisertib_AML_113_01	212.54448	15.0
AML_114_01	Alisertib	Alisertib_AML_114_01	216.18396	3.4
AML_115_01	Alisertib	Alisertib_AML_115_01	212.98	4.8
AML_116_01	Alisertib	Alisertib_AML_116_01	216.25328	1.3
AML_117_01	Alisertib	Alisertib_AML_117_01	217.89009	3.2
AML_119_01	Alisertib	Alisertib_AML_119_01	210.09935	2.5
AML_120_01	Alisertib	Alisertib_AML_120_01	216.0929	8.4
AML_120_03	Alisertib	Alisertib_AML_120_03	218.27783	13.0
AML_122_01	Alisertib	Alisertib_AML_122_01	217.38962	3.8
AML_123_01	Alisertib	Alisertib_AML_123_01	220.4187	7.4
AML_124_01	Alisertib	Alisertib_AML_124_01	221.32654	17.8
AML_125_01	Alisertib	Alisertib_AML_125_01	219.1025	12.8
AML_126_01	Alisertib	Alisertib_AML_126_01	215.06287	5.1
AML_127_01	Alisertib	Alisertib_AML_127_01	216.31378	14.1
AML_128_01	Alisertib	Alisertib_AML_128_01	222.41125	5.3
AML_129_02	Alisertib	Alisertib_AML_129_02	213.16982	3.9
AML_129_03	Alisertib	Alisertib_AML_129_03	217.44293	3.6
AML_131_01	Alisertib	Alisertib_AML_131_01	217.90205	0.4
AML_133_01	Alisertib	Alisertib_AML_133_01	218.05034	3.1
AML_134_01	Alisertib	Alisertib_AML_134_01	218.66498	7.4
AML_135_01	Alisertib	Alisertib_AML_135_01	220.42952	10.2
AML_138_01	Alisertib	Alisertib_AML_138_01	222.92711	3.3
AML_139_01	Alisertib	Alisertib_AML_139_01	225.22955	1.5
AML_140_01	Alisertib	Alisertib_AML_140_01	219.38373	4.9
AML_142_01	Alisertib	Alisertib_AML_142_01	215.06506	3.0
AML_143_01	Alisertib	Alisertib_AML_143_01	217.08032	5.5
AML_144_01	Alisertib	Alisertib_AML_144_01	223.2866	7.3
AML_146_01	Alisertib	Alisertib_AML_146_01	220.82372	0.6
AML_147_01	Alisertib	Alisertib_AML_147_01	216.29413	2.9
AML_151_01	Alisertib	Alisertib_AML_151_01	209.39235	4.0
AML_152_01	Alisertib	Alisertib_AML_152_01	215.8577	8.8
AML_153_01	Alisertib	Alisertib_AML_153_01	214.32452	2.2
AML_156_01	Alisertib	Alisertib_AML_156_01	217.8748	5.0
AML_157_01	Alisertib	Alisertib_AML_157_01	215.24431	10.1
AML_157_02	Alisertib	Alisertib_AML_157_02	217.47345	20.8
AML_158_01	Alisertib	Alisertib_AML_158_01	219.29898	2.0
AML_159_01	Alisertib	Alisertib_AML_159_01	218.89658	6.6
AML_160_01	Alisertib	Alisertib_AML_160_01	214.95619	2.5
AML_161_01	Alisertib	Alisertib_AML_161_01	213.59302	20.0
AML_175_01	Alisertib	Alisertib_AML_175_01	216.52962	0.7
AML_179_01	Alisertib	Alisertib_AML_179_01	219.45007	0.0
AML_183_01	Alisertib	Alisertib_AML_183_01	217.40211	4.3
AML_183_02	Alisertib	Alisertib_AML_183_02	213.16571	1.9
AML_183_03	Alisertib	Alisertib_AML_183_03	211.77768	2.3
AML_184_01	Alisertib	Alisertib_AML_184_01	214.2288	5.0
AML_185_01	Alisertib	Alisertib_AML_185_01	223.7823	0.0
AML_004_01	AT7519	AT7519_AML_004_01	203.22644	21.8
AML_019_01	AT7519	AT7519_AML_019_01	205.10925	26.9
AML_025_01	AT7519	AT7519_AML_025_01	205.82768	20.6
AML_026_01	AT7519	AT7519_AML_026_01	205.59387	16.0
AML_029_01	AT7519	AT7519_AML_029_01	204.44713	23.8
AML_030_01	AT7519	AT7519_AML_030_01	197.8224	18.4
AML_033_01	AT7519	AT7519_AML_033_01	202.27428	21.2
AML_033_02	AT7519	AT7519_AML_033_02	201.43658	19.3
AML_041_01	AT7519	AT7519_AML_041_01	202.2564	10.1
AML_042_01	AT7519	AT7519_AML_042_01	203.06175	15.4
AML_043_02	AT7519	AT7519_AML_043_02	203.51682	19.5
AML_046_01	AT7519	AT7519_AML_046_01	198.45001	23.9
AML_052_01	AT7519	AT7519_AML_052_01	206.71085	21.8
AML_057_01	AT7519	AT7519_AML_057_01	199.46465	18.1
AML_058_01	AT7519	AT7519_AML_058_01	200.93626	17.0
AML_059_01	AT7519	AT7519_AML_059_01	198.04152	21.2
AML_060_01	AT7519	AT7519_AML_060_01	205.48892	22.1
AML_061_01	AT7519	AT7519_AML_061_01	199.18893	22.1
AML_062_01	AT7519	AT7519_AML_062_01	192.16629	22.5
AML_064_01	AT7519	AT7519_AML_064_01	200.46101	22.5
AML_065_01	AT7519	AT7519_AML_065_01	197.99881	19.3
AML_067_01	AT7519	AT7519_AML_067_01	198.75575	20.3
AML_070_01	AT7519	AT7519_AML_070_01	200.91435	12.6
AML_072_01	AT7519	AT7519_AML_072_01	207.76686	15.8
AML_073_01	AT7519	AT7519_AML_073_01	209.31935	3.3
AML_074_01	AT7519	AT7519_AML_074_01	201.50394	21.5
AML_075_01	AT7519	AT7519_AML_075_01	201.52739	18.3
AML_076_01	AT7519	AT7519_AML_076_01	205.49464	13.3
AML_077_01	AT7519	AT7519_AML_077_01	205.79187	21.0
AML_078_02	AT7519	AT7519_AML_078_02	201.74294	23.9
AML_086_02	AT7519	AT7519_AML_086_02	206.58385	0.0
AML_098_01	AT7519	AT7519_AML_098_01	197.85054	22.8
AML_100_01	AT7519	AT7519_AML_100_01	203.66467	17.9
AML_101_01	AT7519	AT7519_AML_101_01	200.71844	22.1
AML_101_02	AT7519	AT7519_AML_101_02	210.265	15.7
AML_102_01	AT7519	AT7519_AML_102_01	195.54779	21.6
AML_103_01	AT7519	AT7519_AML_103_01	191.902	23.1
AML_103_02	AT7519	AT7519_AML_103_02	201.53192	26.5
AML_104_01	AT7519	AT7519_AML_104_01	202.71321	17.2
AML_108_01	AT7519	AT7519_AML_108_01	193.92882	27.3
AML_109_01	AT7519	AT7519_AML_109_01	200.79608	25.2
AML_110_01	AT7519	AT7519_AML_110_01	198.7372	19.9
AML_112_01	AT7519	AT7519_AML_112_01	196.43445	23.6
AML_112_02	AT7519	AT7519_AML_112_02	199.70207	25.7
AML_113_01	AT7519	AT7519_AML_113_01	198.36073	34.5
AML_114_01	AT7519	AT7519_AML_114_01	201.51242	25.5
AML_115_01	AT7519	AT7519_AML_115_01	195.212	19.3
AML_116_01	AT7519	AT7519_AML_116_01	201.28238	24.3
AML_117_01	AT7519	AT7519_AML_117_01	205.08684	18.3
AML_119_01	AT7519	AT7519_AML_119_01	194.92126	23.7
AML_122_01	AT7519	AT7519_AML_122_01	203.49829	24.7
AML_123_01	AT7519	AT7519_AML_123_01	205.47675	15.2
AML_124_01	AT7519	AT7519_AML_124_01	206.82664	18.8
AML_125_01	AT7519	AT7519_AML_125_01	202.91783	17.9
AML_126_01	AT7519	AT7519_AML_126_01	201.04489	26.0
AML_127_01	AT7519	AT7519_AML_127_01	199.27531	0.0
AML_128_01	AT7519	AT7519_AML_128_01	209.80772	16.2
AML_131_01	AT7519	AT7519_AML_131_01	201.62732	32.1
AML_133_01	AT7519	AT7519_AML_133_01	208.53076	25.5
AML_134_01	AT7519	AT7519_AML_134_01	207.11424	14.9
AML_135_01	AT7519	AT7519_AML_135_01	207.16907	24.3
AML_138_01	AT7519	AT7519_AML_138_01	210.72633	18.8
AML_139_01	AT7519	AT7519_AML_139_01	208.37079	31.2
AML_140_01	AT7519	AT7519_AML_140_01	203.9536	22.2
AML_142_01	AT7519	AT7519_AML_142_01	205.35954	29.3
AML_143_01	AT7519	AT7519_AML_143_01	198.61658	19.7
AML_144_01	AT7519	AT7519_AML_144_01	206.10349	21.1
AML_146_01	AT7519	AT7519_AML_146_01	205.79132	22.5
AML_147_01	AT7519	AT7519_AML_147_01	199.04617	19.0
AML_151_01	AT7519	AT7519_AML_151_01	193.962	31.9
AML_152_01	AT7519	AT7519_AML_152_01	200.76477	25.2
AML_153_01	AT7519	AT7519_AML_153_01	203.66383	8.3
AML_156_01	AT7519	AT7519_AML_156_01	200.70682	23.7
AML_157_01	AT7519	AT7519_AML_157_01	199.78838	28.8
AML_157_02	AT7519	AT7519_AML_157_02	203.203	26.8
AML_158_01	AT7519	AT7519_AML_158_01	202.78879	22.5
AML_159_01	AT7519	AT7519_AML_159_01	204.57425	17.6
AML_160_01	AT7519	AT7519_AML_160_01	199.4385	21.4
AML_161_01	AT7519	AT7519_AML_161_01	199.65234	18.7
AML_183_01	AT7519	AT7519_AML_183_01	202.73685	19.8
AML_183_03	AT7519	AT7519_AML_183_03	198.84778	19.9
AML_001_01	Axitinib	Axitinib_AML_001_01	215.32646	0.0
AML_001_03	Axitinib	Axitinib_AML_001_03	214.16838	7.1
AML_002_01	Axitinib	Axitinib_AML_002_01	215.23677	8.3
AML_003_02	Axitinib	Axitinib_AML_003_02	219.8473	4.2
AML_004_01	Axitinib	Axitinib_AML_004_01	214.35724	7.5
AML_006_02	Axitinib	Axitinib_AML_006_02	218.96219	3.9
AML_007_01	Axitinib	Axitinib_AML_007_01	211.95868	1.4
AML_007_02	Axitinib	Axitinib_AML_007_02	215.22974	0.0
AML_012_01	Axitinib	Axitinib_AML_012_01	211.12065	6.4
AML_013_01	Axitinib	Axitinib_AML_013_01	213.90956	2.1
AML_014_01	Axitinib	Axitinib_AML_014_01	213.25244	6.1
AML_015_01	Axitinib	Axitinib_AML_015_01	210.99417	21.0
AML_015_02	Axitinib	Axitinib_AML_015_02	213.34468	15.0
AML_015_03	Axitinib	Axitinib_AML_015_03	210.19435	29.9
AML_015_04	Axitinib	Axitinib_AML_015_04	213.03973	40.7
AML_018_01	Axitinib	Axitinib_AML_018_01	211.84888	5.7
AML_019_01	Axitinib	Axitinib_AML_019_01	214.25403	3.3
AML_020_01	Axitinib	Axitinib_AML_020_01	215.40157	2.9
AML_022_01	Axitinib	Axitinib_AML_022_01	213.46115	3.7
AML_023_01	Axitinib	Axitinib_AML_023_01	206.22444	11.4
AML_023_03	Axitinib	Axitinib_AML_023_03	206.35306	0.0
AML_023_04	Axitinib	Axitinib_AML_023_04	206.99411	8.7
AML_024_01	Axitinib	Axitinib_AML_024_01	214.05618	5.2
AML_025_01	Axitinib	Axitinib_AML_025_01	216.36465	3.8
AML_026_01	Axitinib	Axitinib_AML_026_01	215.24452	2.6
AML_028_01	Axitinib	Axitinib_AML_028_01	214.6384	0.0
AML_028_04	Axitinib	Axitinib_AML_028_04	210.22502	0.7
AML_029_01	Axitinib	Axitinib_AML_029_01	214.42044	1.3
AML_030_01	Axitinib	Axitinib_AML_030_01	207.82216	2.5
AML_032_01	Axitinib	Axitinib_AML_032_01	215.76244	0.1
AML_033_01	Axitinib	Axitinib_AML_033_01	212.0136	11.3
AML_033_02	Axitinib	Axitinib_AML_033_02	207.83868	9.9
AML_035_02	Axitinib	Axitinib_AML_035_02	219.96838	2.7
AML_035_04	Axitinib	Axitinib_AML_035_04	216.21567	0.4
AML_036_01	Axitinib	Axitinib_AML_036_01	207.9268	2.7
AML_040_01	Axitinib	Axitinib_AML_040_01	210.54193	11.3
AML_041_01	Axitinib	Axitinib_AML_041_01	213.2826	6.6
AML_042_01	Axitinib	Axitinib_AML_042_01	211.87064	6.7
AML_043_02	Axitinib	Axitinib_AML_043_02	210.70743	5.4
AML_045_01	Axitinib	Axitinib_AML_045_01	211.79893	1.9
AML_046_01	Axitinib	Axitinib_AML_046_01	206.2367	14.4
AML_051_01	Axitinib	Axitinib_AML_051_01	207.76816	2.8
AML_052_01	Axitinib	Axitinib_AML_052_01	216.0855	3.1
AML_053_01	Axitinib	Axitinib_AML_053_01	221.24837	1.8
AML_054_01	Axitinib	Axitinib_AML_054_01	209.27203	7.7
AML_057_01	Axitinib	Axitinib_AML_057_01	210.12009	6.8
AML_058_01	Axitinib	Axitinib_AML_058_01	210.5837	4.6
AML_059_01	Axitinib	Axitinib_AML_059_01	208.52356	6.1
AML_060_01	Axitinib	Axitinib_AML_060_01	213.74648	6.2
AML_061_01	Axitinib	Axitinib_AML_061_01	208.76245	4.9
AML_062_01	Axitinib	Axitinib_AML_062_01	201.30757	7.3
AML_064_01	Axitinib	Axitinib_AML_064_01	208.74637	0.0
AML_065_01	Axitinib	Axitinib_AML_065_01	208.5254	7.4
AML_067_01	Axitinib	Axitinib_AML_067_01	208.62708	7.4
AML_070_01	Axitinib	Axitinib_AML_070_01	212.13211	0.3
AML_072_01	Axitinib	Axitinib_AML_072_01	217.48595	3.7
AML_073_01	Axitinib	Axitinib_AML_073_01	216.9685	4.4
AML_074_01	Axitinib	Axitinib_AML_074_01	213.78204	2.1
AML_075_01	Axitinib	Axitinib_AML_075_01	210.55508	3.0
AML_076_01	Axitinib	Axitinib_AML_076_01	217.0898	4.1
AML_076_02	Axitinib	Axitinib_AML_076_02	210.51021	4.1
AML_077_01	Axitinib	Axitinib_AML_077_01	214.78416	8.0
AML_078_02	Axitinib	Axitinib_AML_078_02	211.16461	0.0
AML_084_01	Axitinib	Axitinib_AML_084_01	210.60922	7.5
AML_086_02	Axitinib	Axitinib_AML_086_02	215.59793	5.0
AML_098_01	Axitinib	Axitinib_AML_098_01	207.6012	4.5
AML_100_01	Axitinib	Axitinib_AML_100_01	215.29494	2.6
AML_101_01	Axitinib	Axitinib_AML_101_01	205.93544	14.9
AML_101_02	Axitinib	Axitinib_AML_101_02	219.0612	0.6
AML_102_01	Axitinib	Axitinib_AML_102_01	205.90259	3.2
AML_103_01	Axitinib	Axitinib_AML_103_01	200.50246	4.1
AML_103_02	Axitinib	Axitinib_AML_103_02	207.88805	6.7
AML_104_01	Axitinib	Axitinib_AML_104_01	215.02708	2.1
AML_108_01	Axitinib	Axitinib_AML_108_01	203.48119	6.3
AML_109_01	Axitinib	Axitinib_AML_109_01	209.88448	0.0
AML_110_01	Axitinib	Axitinib_AML_110_01	209.29102	6.8
AML_112_01	Axitinib	Axitinib_AML_112_01	205.87598	5.1
AML_112_02	Axitinib	Axitinib_AML_112_02	208.78209	5.4
AML_113_01	Axitinib	Axitinib_AML_113_01	209.05417	6.0
AML_114_01	Axitinib	Axitinib_AML_114_01	211.56265	1.0
AML_115_01	Axitinib	Axitinib_AML_115_01	206.38498	13.7
AML_116_01	Axitinib	Axitinib_AML_116_01	209.83095	3.8
AML_117_01	Axitinib	Axitinib_AML_117_01	213.99901	1.8
AML_119_01	Axitinib	Axitinib_AML_119_01	205.4855	1.4
AML_120_01	Axitinib	Axitinib_AML_120_01	212.11942	12.9
AML_120_03	Axitinib	Axitinib_AML_120_03	214.02475	13.1
AML_122_01	Axitinib	Axitinib_AML_122_01	211.24796	0.0
AML_123_01	Axitinib	Axitinib_AML_123_01	214.45859	7.3
AML_124_01	Axitinib	Axitinib_AML_124_01	215.1249	7.5
AML_125_01	Axitinib	Axitinib_AML_125_01	214.44035	5.6
AML_126_01	Axitinib	Axitinib_AML_126_01	210.59999	4.8
AML_127_01	Axitinib	Axitinib_AML_127_01	211.3509	3.8
AML_128_01	Axitinib	Axitinib_AML_128_01	217.66342	2.3
AML_129_02	Axitinib	Axitinib_AML_129_02	208.01173	13.2
AML_129_03	Axitinib	Axitinib_AML_129_03	211.14804	4.4
AML_131_01	Axitinib	Axitinib_AML_131_01	211.1429	1.7
AML_133_01	Axitinib	Axitinib_AML_133_01	214.70825	2.8
AML_134_01	Axitinib	Axitinib_AML_134_01	214.03247	0.2
AML_135_01	Axitinib	Axitinib_AML_135_01	216.0719	10.1
AML_138_01	Axitinib	Axitinib_AML_138_01	219.55852	2.6
AML_139_01	Axitinib	Axitinib_AML_139_01	220.80206	1.3
AML_140_01	Axitinib	Axitinib_AML_140_01	213.71388	5.0
AML_142_01	Axitinib	Axitinib_AML_142_01	211.07706	2.8
AML_143_01	Axitinib	Axitinib_AML_143_01	209.72658	1.1
AML_144_01	Axitinib	Axitinib_AML_144_01	216.9949	4.2
AML_146_01	Axitinib	Axitinib_AML_146_01	215.09955	0.1
AML_147_01	Axitinib	Axitinib_AML_147_01	210.20592	6.4
AML_151_01	Axitinib	Axitinib_AML_151_01	204.9281	3.7
AML_152_01	Axitinib	Axitinib_AML_152_01	210.53302	4.4
AML_153_01	Axitinib	Axitinib_AML_153_01	209.28943	1.3
AML_156_01	Axitinib	Axitinib_AML_156_01	211.39897	1.5
AML_157_01	Axitinib	Axitinib_AML_157_01	211.95764	4.3
AML_157_02	Axitinib	Axitinib_AML_157_02	213.28806	9.3
AML_158_01	Axitinib	Axitinib_AML_158_01	214.67964	4.6
AML_159_01	Axitinib	Axitinib_AML_159_01	215.16231	5.9
AML_160_01	Axitinib	Axitinib_AML_160_01	209.60483	4.0
AML_161_01	Axitinib	Axitinib_AML_161_01	208.04425	5.4
AML_175_01	Axitinib	Axitinib_AML_175_01	212.95787	1.2
AML_179_01	Axitinib	Axitinib_AML_179_01	212.6078	4.1
AML_183_01	Axitinib	Axitinib_AML_183_01	212.86496	3.5
AML_183_02	Axitinib	Axitinib_AML_183_02	209.66493	0.2
AML_183_03	Axitinib	Axitinib_AML_183_03	207.76802	0.8
AML_184_01	Axitinib	Axitinib_AML_184_01	209.8921	8.6
AML_185_01	Axitinib	Axitinib_AML_185_01	219.12085	3.8
AML_001_03	AZD1480	AZD1480_AML_001_03	210.73232	3.7
AML_003_02	AZD1480	AZD1480_AML_003_02	212.69336	10.6
AML_004_01	AZD1480	AZD1480_AML_004_01	211.76578	8.4
AML_006_02	AZD1480	AZD1480_AML_006_02	214.68619	0.0
AML_007_01	AZD1480	AZD1480_AML_007_01	210.16072	0.1
AML_007_02	AZD1480	AZD1480_AML_007_02	212.6007	0.0
AML_012_01	AZD1480	AZD1480_AML_012_01	207.2131	3.9
AML_013_01	AZD1480	AZD1480_AML_013_01	208.74219	6.8
AML_014_01	AZD1480	AZD1480_AML_014_01	210.17021	0.0
AML_015_01	AZD1480	AZD1480_AML_015_01	207.73404	4.0
AML_015_02	AZD1480	AZD1480_AML_015_02	210.90144	2.4
AML_015_03	AZD1480	AZD1480_AML_015_03	207.93987	2.6
AML_015_04	AZD1480	AZD1480_AML_015_04	210.48749	3.6
AML_018_01	AZD1480	AZD1480_AML_018_01	207.43556	20.8
AML_019_01	AZD1480	AZD1480_AML_019_01	210.2437	2.6
AML_020_01	AZD1480	AZD1480_AML_020_01	210.83076	0.0
AML_023_04	AZD1480	AZD1480_AML_023_04	204.23477	0.5
AML_024_01	AZD1480	AZD1480_AML_024_01	212.04391	7.5
AML_025_01	AZD1480	AZD1480_AML_025_01	212.45657	6.8
AML_026_01	AZD1480	AZD1480_AML_026_01	211.49174	3.5
AML_028_01	AZD1480	AZD1480_AML_028_01	212.19528	2.5
AML_028_04	AZD1480	AZD1480_AML_028_04	206.29314	5.4
AML_029_01	AZD1480	AZD1480_AML_029_01	209.28122	3.7
AML_030_01	AZD1480	AZD1480_AML_030_01	203.7653	1.9
AML_032_01	AZD1480	AZD1480_AML_032_01	212.99542	6.0
AML_033_01	AZD1480	AZD1480_AML_033_01	208.63075	12.4
AML_033_02	AZD1480	AZD1480_AML_033_02	206.46184	11.4
AML_035_02	AZD1480	AZD1480_AML_035_02	215.92049	6.7
AML_035_04	AZD1480	AZD1480_AML_035_04	209.98636	5.3
AML_036_01	AZD1480	AZD1480_AML_036_01	205.35442	5.1
AML_040_01	AZD1480	AZD1480_AML_040_01	207.00131	4.3
AML_041_01	AZD1480	AZD1480_AML_041_01	209.53088	0.7
AML_042_01	AZD1480	AZD1480_AML_042_01	209.42583	3.2
AML_043_02	AZD1480	AZD1480_AML_043_02	205.72017	9.6
AML_045_01	AZD1480	AZD1480_AML_045_01	209.59225	0.0
AML_046_01	AZD1480	AZD1480_AML_046_01	205.20805	9.2
AML_051_01	AZD1480	AZD1480_AML_051_01	203.57231	0.2
AML_052_01	AZD1480	AZD1480_AML_052_01	214.45511	3.9
AML_053_01	AZD1480	AZD1480_AML_053_01	217.95181	0.2
AML_054_01	AZD1480	AZD1480_AML_054_01	205.67056	0.3
AML_057_01	AZD1480	AZD1480_AML_057_01	207.1515	4.3
AML_058_01	AZD1480	AZD1480_AML_058_01	206.1795	0.0
AML_059_01	AZD1480	AZD1480_AML_059_01	205.16919	1.5
AML_060_01	AZD1480	AZD1480_AML_060_01	212.01059	0.0
AML_061_01	AZD1480	AZD1480_AML_061_01	206.93234	0.0
AML_062_01	AZD1480	AZD1480_AML_062_01	198.30525	5.9
AML_064_01	AZD1480	AZD1480_AML_064_01	207.02975	0.0
AML_065_01	AZD1480	AZD1480_AML_065_01	204.47156	3.5
AML_067_01	AZD1480	AZD1480_AML_067_01	205.07545	1.4
AML_070_01	AZD1480	AZD1480_AML_070_01	207.27269	1.9
AML_072_01	AZD1480	AZD1480_AML_072_01	214.51257	0.0
AML_073_01	AZD1480	AZD1480_AML_073_01	214.02345	0.1
AML_074_01	AZD1480	AZD1480_AML_074_01	209.50096	3.4
AML_075_01	AZD1480	AZD1480_AML_075_01	207.85895	0.0
AML_076_01	AZD1480	AZD1480_AML_076_01	212.24237	5.8
AML_076_02	AZD1480	AZD1480_AML_076_02	206.15085	5.7
AML_077_01	AZD1480	AZD1480_AML_077_01	211.19902	5.8
AML_078_02	AZD1480	AZD1480_AML_078_02	208.32137	2.2
AML_084_01	AZD1480	AZD1480_AML_084_01	207.49127	2.9
AML_086_02	AZD1480	AZD1480_AML_086_02	213.82176	5.9
AML_098_01	AZD1480	AZD1480_AML_098_01	204.87817	4.9
AML_100_01	AZD1480	AZD1480_AML_100_01	210.74606	3.2
AML_101_01	AZD1480	AZD1480_AML_101_01	202.23154	9.2
AML_101_02	AZD1480	AZD1480_AML_101_02	213.79681	0.6
AML_102_01	AZD1480	AZD1480_AML_102_01	201.10799	0.6
AML_103_01	AZD1480	AZD1480_AML_103_01	197.65506	6.6
AML_103_02	AZD1480	AZD1480_AML_103_02	203.48672	9.1
AML_104_01	AZD1480	AZD1480_AML_104_01	211.04308	5.2
AML_108_01	AZD1480	AZD1480_AML_108_01	200.96423	5.9
AML_109_01	AZD1480	AZD1480_AML_109_01	207.21025	0.2
AML_110_01	AZD1480	AZD1480_AML_110_01	205.31705	8.2
AML_112_01	AZD1480	AZD1480_AML_112_01	202.28682	1.1
AML_112_02	AZD1480	AZD1480_AML_112_02	205.86804	1.8
AML_113_01	AZD1480	AZD1480_AML_113_01	205.38852	10.8
AML_114_01	AZD1480	AZD1480_AML_114_01	207.19441	4.1
AML_115_01	AZD1480	AZD1480_AML_115_01	203.4165	7.7
AML_116_01	AZD1480	AZD1480_AML_116_01	207.24287	9.4
AML_117_01	AZD1480	AZD1480_AML_117_01	210.68098	2.7
AML_119_01	AZD1480	AZD1480_AML_119_01	201.29169	7.1
AML_120_03	AZD1480	AZD1480_AML_120_03	210.37207	1.8
AML_122_01	AZD1480	AZD1480_AML_122_01	209.45328	0.0
AML_123_01	AZD1480	AZD1480_AML_123_01	211.48212	4.3
AML_124_01	AZD1480	AZD1480_AML_124_01	213.2796	6.6
AML_125_01	AZD1480	AZD1480_AML_125_01	212.12012	5.5
AML_126_01	AZD1480	AZD1480_AML_126_01	207.17	10.0
AML_127_01	AZD1480	AZD1480_AML_127_01	208.62445	6.3
AML_128_01	AZD1480	AZD1480_AML_128_01	213.8154	5.8
AML_131_01	AZD1480	AZD1480_AML_131_01	208.49464	4.3
AML_133_01	AZD1480	AZD1480_AML_133_01	211.20187	8.6
AML_134_01	AZD1480	AZD1480_AML_134_01	210.32407	6.2
AML_135_01	AZD1480	AZD1480_AML_135_01	212.13411	3.7
AML_138_01	AZD1480	AZD1480_AML_138_01	214.76112	7.0
AML_139_01	AZD1480	AZD1480_AML_139_01	216.38506	6.4
AML_140_01	AZD1480	AZD1480_AML_140_01	210.16261	5.3
AML_142_01	AZD1480	AZD1480_AML_142_01	206.21786	11.1
AML_143_01	AZD1480	AZD1480_AML_143_01	207.93652	3.2
AML_144_01	AZD1480	AZD1480_AML_144_01	213.52325	4.7
AML_146_01	AZD1480	AZD1480_AML_146_01	213.03357	2.9
AML_147_01	AZD1480	AZD1480_AML_147_01	207.26892	4.2
AML_151_01	AZD1480	AZD1480_AML_151_01	199.6072	6.3
AML_152_01	AZD1480	AZD1480_AML_152_01	208.10359	7.0
AML_153_01	AZD1480	AZD1480_AML_153_01	207.38605	0.0
AML_156_01	AZD1480	AZD1480_AML_156_01	206.71275	6.6
AML_157_01	AZD1480	AZD1480_AML_157_01	207.76642	6.4
AML_157_02	AZD1480	AZD1480_AML_157_02	211.02727	6.2
AML_158_01	AZD1480	AZD1480_AML_158_01	209.94432	4.5
AML_159_01	AZD1480	AZD1480_AML_159_01	210.048	5.5
AML_160_01	AZD1480	AZD1480_AML_160_01	205.40448	5.5
AML_161_01	AZD1480	AZD1480_AML_161_01	203.29604	8.9
AML_175_01	AZD1480	AZD1480_AML_175_01	208.47588	1.4
AML_183_01	AZD1480	AZD1480_AML_183_01	207.13074	3.8
AML_183_02	AZD1480	AZD1480_AML_183_02	204.69768	5.2
AML_183_03	AZD1480	AZD1480_AML_183_03	202.8913	3.2
AML_001_01	AZD1152-HQPA	AZD1152-HQPA_AML_001_01	208.8363	0.0
AML_001_03	AZD1152-HQPA	AZD1152-HQPA_AML_001_03	206.89845	8.5
AML_002_01	AZD1152-HQPA	AZD1152-HQPA_AML_002_01	209.13667	0.0
AML_003_02	AZD1152-HQPA	AZD1152-HQPA_AML_003_02	212.84406	0.0
AML_004_01	AZD1152-HQPA	AZD1152-HQPA_AML_004_01	206.23637	5.3
AML_006_02	AZD1152-HQPA	AZD1152-HQPA_AML_006_02	212.86848	0.0
AML_007_01	AZD1152-HQPA	AZD1152-HQPA_AML_007_01	205.18413	6.6
AML_007_02	AZD1152-HQPA	AZD1152-HQPA_AML_007_02	208.00227	2.7
AML_012_01	AZD1152-HQPA	AZD1152-HQPA_AML_012_01	201.74677	6.8
AML_013_01	AZD1152-HQPA	AZD1152-HQPA_AML_013_01	203.60335	4.3
AML_014_01	AZD1152-HQPA	AZD1152-HQPA_AML_014_01	202.62401	8.9
AML_015_01	AZD1152-HQPA	AZD1152-HQPA_AML_015_01	203.50685	7.7
AML_015_02	AZD1152-HQPA	AZD1152-HQPA_AML_015_02	207.824	2.2
AML_015_03	AZD1152-HQPA	AZD1152-HQPA_AML_015_03	201.77364	4.1
AML_015_04	AZD1152-HQPA	AZD1152-HQPA_AML_015_04	208.10158	2.3
AML_018_01	AZD1152-HQPA	AZD1152-HQPA_AML_018_01	204.2009	14.1
AML_019_01	AZD1152-HQPA	AZD1152-HQPA_AML_019_01	205.21739	0.0
AML_020_01	AZD1152-HQPA	AZD1152-HQPA_AML_020_01	207.58424	0.0
AML_022_01	AZD1152-HQPA	AZD1152-HQPA_AML_022_01	206.32292	3.3
AML_023_01	AZD1152-HQPA	AZD1152-HQPA_AML_023_01	199.4181	2.9
AML_023_03	AZD1152-HQPA	AZD1152-HQPA_AML_023_03	201.07167	0.2
AML_023_04	AZD1152-HQPA	AZD1152-HQPA_AML_023_04	201.07634	6.7
AML_024_01	AZD1152-HQPA	AZD1152-HQPA_AML_024_01	208.4051	7.7
AML_025_01	AZD1152-HQPA	AZD1152-HQPA_AML_025_01	209.0414	0.0
AML_026_01	AZD1152-HQPA	AZD1152-HQPA_AML_026_01	207.156	0.0
AML_028_01	AZD1152-HQPA	AZD1152-HQPA_AML_028_01	206.44327	2.6
AML_028_04	AZD1152-HQPA	AZD1152-HQPA_AML_028_04	202.17358	8.6
AML_029_01	AZD1152-HQPA	AZD1152-HQPA_AML_029_01	205.1564	0.0
AML_030_01	AZD1152-HQPA	AZD1152-HQPA_AML_030_01	200.87737	0.0
AML_032_01	AZD1152-HQPA	AZD1152-HQPA_AML_032_01	207.70172	5.9
AML_033_01	AZD1152-HQPA	AZD1152-HQPA_AML_033_01	204.27875	15.7
AML_033_02	AZD1152-HQPA	AZD1152-HQPA_AML_033_02	199.6788	12.1
AML_035_02	AZD1152-HQPA	AZD1152-HQPA_AML_035_02	212.79512	3.2
AML_035_04	AZD1152-HQPA	AZD1152-HQPA_AML_035_04	208.26761	0.0
AML_036_01	AZD1152-HQPA	AZD1152-HQPA_AML_036_01	201.26843	4.9
AML_040_01	AZD1152-HQPA	AZD1152-HQPA_AML_040_01	201.71162	0.1
AML_041_01	AZD1152-HQPA	AZD1152-HQPA_AML_041_01	205.8884	0.0
AML_042_01	AZD1152-HQPA	AZD1152-HQPA_AML_042_01	204.69212	0.0
AML_043_02	AZD1152-HQPA	AZD1152-HQPA_AML_043_02	201.57607	10.8
AML_045_01	AZD1152-HQPA	AZD1152-HQPA_AML_045_01	205.02359	0.0
AML_046_01	AZD1152-HQPA	AZD1152-HQPA_AML_046_01	200.49692	12.6
AML_051_01	AZD1152-HQPA	AZD1152-HQPA_AML_051_01	200.40875	2.1
AML_052_01	AZD1152-HQPA	AZD1152-HQPA_AML_052_01	208.88004	5.8
AML_053_01	AZD1152-HQPA	AZD1152-HQPA_AML_053_01	212.63261	0.2
AML_054_01	AZD1152-HQPA	AZD1152-HQPA_AML_054_01	200.78474	0.0
AML_057_01	AZD1152-HQPA	AZD1152-HQPA_AML_057_01	203.46893	0.0
AML_058_01	AZD1152-HQPA	AZD1152-HQPA_AML_058_01	201.54189	3.0
AML_059_01	AZD1152-HQPA	AZD1152-HQPA_AML_059_01	201.48929	0.2
AML_060_01	AZD1152-HQPA	AZD1152-HQPA_AML_060_01	208.8692	0.0
AML_061_01	AZD1152-HQPA	AZD1152-HQPA_AML_061_01	202.80643	0.8
AML_062_01	AZD1152-HQPA	AZD1152-HQPA_AML_062_01	194.30011	1.1
AML_064_01	AZD1152-HQPA	AZD1152-HQPA_AML_064_01	203.31993	0.0
AML_065_01	AZD1152-HQPA	AZD1152-HQPA_AML_065_01	201.65756	2.8
AML_067_01	AZD1152-HQPA	AZD1152-HQPA_AML_067_01	202.2268	0.2
AML_070_01	AZD1152-HQPA	AZD1152-HQPA_AML_070_01	203.5503	3.4
AML_072_01	AZD1152-HQPA	AZD1152-HQPA_AML_072_01	211.00995	0.0
AML_073_01	AZD1152-HQPA	AZD1152-HQPA_AML_073_01	210.68335	0.0
AML_074_01	AZD1152-HQPA	AZD1152-HQPA_AML_074_01	203.57811	0.0
AML_075_01	AZD1152-HQPA	AZD1152-HQPA_AML_075_01	203.62158	0.0
AML_076_01	AZD1152-HQPA	AZD1152-HQPA_AML_076_01	208.91495	1.1
AML_076_02	AZD1152-HQPA	AZD1152-HQPA_AML_076_02	202.43797	0.0
AML_077_01	AZD1152-HQPA	AZD1152-HQPA_AML_077_01	207.04077	9.7
AML_078_02	AZD1152-HQPA	AZD1152-HQPA_AML_078_02	203.86897	0.0
AML_084_01	AZD1152-HQPA	AZD1152-HQPA_AML_084_01	204.53592	0.0
AML_086_02	AZD1152-HQPA	AZD1152-HQPA_AML_086_02	210.13766	0.4
AML_098_01	AZD1152-HQPA	AZD1152-HQPA_AML_098_01	202.86955	4.3
AML_100_01	AZD1152-HQPA	AZD1152-HQPA_AML_100_01	207.0964	0.0
AML_101_01	AZD1152-HQPA	AZD1152-HQPA_AML_101_01	196.46486	2.9
AML_101_02	AZD1152-HQPA	AZD1152-HQPA_AML_101_02	211.27573	0.0
AML_102_01	AZD1152-HQPA	AZD1152-HQPA_AML_102_01	196.54395	0.0
AML_103_01	AZD1152-HQPA	AZD1152-HQPA_AML_103_01	193.36128	0.0
AML_103_02	AZD1152-HQPA	AZD1152-HQPA_AML_103_02	198.7802	8.0
AML_104_01	AZD1152-HQPA	AZD1152-HQPA_AML_104_01	206.35135	0.0
AML_108_01	AZD1152-HQPA	AZD1152-HQPA_AML_108_01	196.41284	1.5
AML_109_01	AZD1152-HQPA	AZD1152-HQPA_AML_109_01	203.36694	0.0
AML_110_01	AZD1152-HQPA	AZD1152-HQPA_AML_110_01	201.80905	5.6
AML_112_01	AZD1152-HQPA	AZD1152-HQPA_AML_112_01	198.85313	0.0
AML_112_02	AZD1152-HQPA	AZD1152-HQPA_AML_112_02	203.50539	0.0
AML_113_01	AZD1152-HQPA	AZD1152-HQPA_AML_113_01	200.398	13.4
AML_114_01	AZD1152-HQPA	AZD1152-HQPA_AML_114_01	202.64198	0.0
AML_115_01	AZD1152-HQPA	AZD1152-HQPA_AML_115_01	199.00052	0.0
AML_116_01	AZD1152-HQPA	AZD1152-HQPA_AML_116_01	203.81627	0.0
AML_117_01	AZD1152-HQPA	AZD1152-HQPA_AML_117_01	206.69064	0.0
AML_119_01	AZD1152-HQPA	AZD1152-HQPA_AML_119_01	195.90521	0.0
AML_120_01	AZD1152-HQPA	AZD1152-HQPA_AML_120_01	201.8594	14.2
AML_120_03	AZD1152-HQPA	AZD1152-HQPA_AML_120_03	205.46472	13.8
AML_122_01	AZD1152-HQPA	AZD1152-HQPA_AML_122_01	204.6071	0.2
AML_123_01	AZD1152-HQPA	AZD1152-HQPA_AML_123_01	207.24268	1.4
AML_124_01	AZD1152-HQPA	AZD1152-HQPA_AML_124_01	207.11673	17.6
AML_125_01	AZD1152-HQPA	AZD1152-HQPA_AML_125_01	207.52084	9.1
AML_126_01	AZD1152-HQPA	AZD1152-HQPA_AML_126_01	202.89124	1.8
AML_127_01	AZD1152-HQPA	AZD1152-HQPA_AML_127_01	203.29462	6.2
AML_128_01	AZD1152-HQPA	AZD1152-HQPA_AML_128_01	210.85448	0.7
AML_129_02	AZD1152-HQPA	AZD1152-HQPA_AML_129_02	199.42906	12.8
AML_129_03	AZD1152-HQPA	AZD1152-HQPA_AML_129_03	203.10834	1.9
AML_131_01	AZD1152-HQPA	AZD1152-HQPA_AML_131_01	206.21799	0.0
AML_133_01	AZD1152-HQPA	AZD1152-HQPA_AML_133_01	205.97281	1.3
AML_134_01	AZD1152-HQPA	AZD1152-HQPA_AML_134_01	207.2128	0.0
AML_135_01	AZD1152-HQPA	AZD1152-HQPA_AML_135_01	208.86884	0.0
AML_138_01	AZD1152-HQPA	AZD1152-HQPA_AML_138_01	211.27487	0.0
AML_139_01	AZD1152-HQPA	AZD1152-HQPA_AML_139_01	212.64825	0.1
AML_140_01	AZD1152-HQPA	AZD1152-HQPA_AML_140_01	206.15485	3.2
AML_142_01	AZD1152-HQPA	AZD1152-HQPA_AML_142_01	202.46043	1.7
AML_143_01	AZD1152-HQPA	AZD1152-HQPA_AML_143_01	202.7109	0.0
AML_144_01	AZD1152-HQPA	AZD1152-HQPA_AML_144_01	208.9172	7.4
AML_146_01	AZD1152-HQPA	AZD1152-HQPA_AML_146_01	207.02815	0.0
AML_147_01	AZD1152-HQPA	AZD1152-HQPA_AML_147_01	203.46825	0.0
AML_151_01	AZD1152-HQPA	AZD1152-HQPA_AML_151_01	195.54399	5.3
AML_152_01	AZD1152-HQPA	AZD1152-HQPA_AML_152_01	203.70438	8.5
AML_153_01	AZD1152-HQPA	AZD1152-HQPA_AML_153_01	204.91801	0.0
AML_156_01	AZD1152-HQPA	AZD1152-HQPA_AML_156_01	204.06647	0.1
AML_157_01	AZD1152-HQPA	AZD1152-HQPA_AML_157_01	204.01498	0.7
AML_157_02	AZD1152-HQPA	AZD1152-HQPA_AML_157_02	205.50348	1.0
AML_158_01	AZD1152-HQPA	AZD1152-HQPA_AML_158_01	206.40126	1.4
AML_159_01	AZD1152-HQPA	AZD1152-HQPA_AML_159_01	207.14487	4.7
AML_160_01	AZD1152-HQPA	AZD1152-HQPA_AML_160_01	201.91249	0.0
AML_161_01	AZD1152-HQPA	AZD1152-HQPA_AML_161_01	199.08725	14.3
AML_175_01	AZD1152-HQPA	AZD1152-HQPA_AML_175_01	204.0484	0.0
AML_179_01	AZD1152-HQPA	AZD1152-HQPA_AML_179_01	206.07762	1.8
AML_183_01	AZD1152-HQPA	AZD1152-HQPA_AML_183_01	204.80388	0.9
AML_183_02	AZD1152-HQPA	AZD1152-HQPA_AML_183_02	201.38426	1.0
AML_183_03	AZD1152-HQPA	AZD1152-HQPA_AML_183_03	199.44751	0.0
AML_184_01	AZD1152-HQPA	AZD1152-HQPA_AML_184_01	200.82454	6.1
AML_185_01	AZD1152-HQPA	AZD1152-HQPA_AML_185_01	212.4466	0.0
AML_004_01	Birinapant	Birinapant_AML_004_01	211.54947	9.6
AML_019_01	Birinapant	Birinapant_AML_019_01	212.70926	15.3
AML_025_01	Birinapant	Birinapant_AML_025_01	213.00447	1.4
AML_026_01	Birinapant	Birinapant_AML_026_01	211.17517	3.0
AML_029_01	Birinapant	Birinapant_AML_029_01	211.99545	3.7
AML_030_01	Birinapant	Birinapant_AML_030_01	203.7353	5.3
AML_033_01	Birinapant	Birinapant_AML_033_01	212.29028	16.6
AML_033_02	Birinapant	Birinapant_AML_033_02	209.3021	15.5
AML_041_01	Birinapant	Birinapant_AML_041_01	210.15324	3.5
AML_042_01	Birinapant	Birinapant_AML_042_01	210.35399	3.2
AML_043_02	Birinapant	Birinapant_AML_043_02	209.9095	3.7
AML_046_01	Birinapant	Birinapant_AML_046_01	207.16824	7.9
AML_052_01	Birinapant	Birinapant_AML_052_01	214.89977	5.8
AML_057_01	Birinapant	Birinapant_AML_057_01	207.9519	6.6
AML_058_01	Birinapant	Birinapant_AML_058_01	207.62383	9.3
AML_059_01	Birinapant	Birinapant_AML_059_01	205.28993	7.5
AML_060_01	Birinapant	Birinapant_AML_060_01	213.48659	6.4
AML_061_01	Birinapant	Birinapant_AML_061_01	208.31415	12.4
AML_062_01	Birinapant	Birinapant_AML_062_01	200.03445	11.7
AML_064_01	Birinapant	Birinapant_AML_064_01	208.00589	16.3
AML_065_01	Birinapant	Birinapant_AML_065_01	205.40671	11.6
AML_067_01	Birinapant	Birinapant_AML_067_01	204.48653	10.9
AML_070_01	Birinapant	Birinapant_AML_070_01	207.01306	1.3
AML_072_01	Birinapant	Birinapant_AML_072_01	216.81874	0.7
AML_073_01	Birinapant	Birinapant_AML_073_01	217.6561	0.0
AML_074_01	Birinapant	Birinapant_AML_074_01	210.57031	6.6
AML_075_01	Birinapant	Birinapant_AML_075_01	208.97949	8.0
AML_076_01	Birinapant	Birinapant_AML_076_01	212.63957	4.6
AML_076_02	Birinapant	Birinapant_AML_076_02	210.2509	4.7
AML_077_01	Birinapant	Birinapant_AML_077_01	215.4064	6.8
AML_078_02	Birinapant	Birinapant_AML_078_02	208.37505	2.7
AML_086_02	Birinapant	Birinapant_AML_086_02	216.0225	0.0
AML_098_01	Birinapant	Birinapant_AML_098_01	204.24226	8.6
AML_100_01	Birinapant	Birinapant_AML_100_01	210.60582	3.4
AML_101_01	Birinapant	Birinapant_AML_101_01	206.54767	16.3
AML_101_02	Birinapant	Birinapant_AML_101_02	217.50632	0.1
AML_102_01	Birinapant	Birinapant_AML_102_01	201.25197	1.9
AML_103_01	Birinapant	Birinapant_AML_103_01	198.91393	6.2
AML_103_02	Birinapant	Birinapant_AML_103_02	208.43251	22.2
AML_104_01	Birinapant	Birinapant_AML_104_01	210.69536	3.5
AML_108_01	Birinapant	Birinapant_AML_108_01	199.40071	0.0
AML_109_01	Birinapant	Birinapant_AML_109_01	209.88243	0.0
AML_110_01	Birinapant	Birinapant_AML_110_01	209.11269	1.6
AML_112_01	Birinapant	Birinapant_AML_112_01	202.75894	2.7
AML_112_02	Birinapant	Birinapant_AML_112_02	208.16704	7.5
AML_113_01	Birinapant	Birinapant_AML_113_01	205.25247	2.1
AML_114_01	Birinapant	Birinapant_AML_114_01	209.323	0.1
AML_115_01	Birinapant	Birinapant_AML_115_01	201.99757	6.6
AML_116_01	Birinapant	Birinapant_AML_116_01	209.2446	4.8
AML_117_01	Birinapant	Birinapant_AML_117_01	213.7739	0.2
AML_119_01	Birinapant	Birinapant_AML_119_01	201.19931	8.1
AML_122_01	Birinapant	Birinapant_AML_122_01	211.86316	4.5
AML_123_01	Birinapant	Birinapant_AML_123_01	212.94081	3.8
AML_124_01	Birinapant	Birinapant_AML_124_01	214.69206	4.8
AML_125_01	Birinapant	Birinapant_AML_125_01	210.95619	5.6
AML_126_01	Birinapant	Birinapant_AML_126_01	209.18625	7.6
AML_127_01	Birinapant	Birinapant_AML_127_01	207.73402	7.5
AML_128_01	Birinapant	Birinapant_AML_128_01	217.85097	1.8
AML_131_01	Birinapant	Birinapant_AML_131_01	208.61858	3.7
AML_133_01	Birinapant	Birinapant_AML_133_01	214.86427	2.8
AML_134_01	Birinapant	Birinapant_AML_134_01	212.78813	0.0
AML_135_01	Birinapant	Birinapant_AML_135_01	215.88843	0.0
AML_138_01	Birinapant	Birinapant_AML_138_01	220.38394	1.9
AML_139_01	Birinapant	Birinapant_AML_139_01	219.49771	2.6
AML_140_01	Birinapant	Birinapant_AML_140_01	211.36952	1.9
AML_142_01	Birinapant	Birinapant_AML_142_01	210.621	4.5
AML_143_01	Birinapant	Birinapant_AML_143_01	209.75037	8.9
AML_144_01	Birinapant	Birinapant_AML_144_01	217.6614	4.4
AML_146_01	Birinapant	Birinapant_AML_146_01	213.35243	4.9
AML_147_01	Birinapant	Birinapant_AML_147_01	207.24063	4.4
AML_151_01	Birinapant	Birinapant_AML_151_01	202.64319	6.7
AML_152_01	Birinapant	Birinapant_AML_152_01	209.03508	2.6
AML_153_01	Birinapant	Birinapant_AML_153_01	210.58691	0.0
AML_156_01	Birinapant	Birinapant_AML_156_01	211.17216	1.2
AML_157_01	Birinapant	Birinapant_AML_157_01	209.41121	10.3
AML_157_02	Birinapant	Birinapant_AML_157_02	213.00156	14.7
AML_158_01	Birinapant	Birinapant_AML_158_01	211.06133	4.6
AML_159_01	Birinapant	Birinapant_AML_159_01	212.14166	2.5
AML_160_01	Birinapant	Birinapant_AML_160_01	206.9873	10.8
AML_161_01	Birinapant	Birinapant_AML_161_01	208.55316	10.2
AML_183_01	Birinapant	Birinapant_AML_183_01	208.14151	1.0
AML_183_02	Birinapant	Birinapant_AML_183_02	205.32265	6.9
AML_183_03	Birinapant	Birinapant_AML_183_03	204.6511	0.8
AML_001_01	BMS-754807	BMS-754807_AML_001_01	218.3036	0.0
AML_001_03	BMS-754807	BMS-754807_AML_001_03	218.58226	5.8
AML_002_01	BMS-754807	BMS-754807_AML_002_01	218.9375	4.7
AML_003_02	BMS-754807	BMS-754807_AML_003_02	220.19737	18.2
AML_004_01	BMS-754807	BMS-754807_AML_004_01	217.4135	11.7
AML_006_02	BMS-754807	BMS-754807_AML_006_02	222.2241	6.0
AML_007_01	BMS-754807	BMS-754807_AML_007_01	216.50449	6.7
AML_007_02	BMS-754807	BMS-754807_AML_007_02	218.61473	4.3
AML_012_01	BMS-754807	BMS-754807_AML_012_01	213.32574	7.3
AML_013_01	BMS-754807	BMS-754807_AML_013_01	214.536	23.6
AML_014_01	BMS-754807	BMS-754807_AML_014_01	216.85872	14.3
AML_015_01	BMS-754807	BMS-754807_AML_015_01	214.78491	6.3
AML_015_02	BMS-754807	BMS-754807_AML_015_02	215.74745	10.3
AML_015_03	BMS-754807	BMS-754807_AML_015_03	214.15178	16.1
AML_015_04	BMS-754807	BMS-754807_AML_015_04	217.48457	6.9
AML_018_01	BMS-754807	BMS-754807_AML_018_01	214.66325	17.3
AML_019_01	BMS-754807	BMS-754807_AML_019_01	216.95992	6.1
AML_020_01	BMS-754807	BMS-754807_AML_020_01	217.02544	5.8
AML_022_01	BMS-754807	BMS-754807_AML_022_01	216.67166	5.5
AML_023_01	BMS-754807	BMS-754807_AML_023_01	211.67924	4.8
AML_023_03	BMS-754807	BMS-754807_AML_023_03	211.52968	1.5
AML_023_04	BMS-754807	BMS-754807_AML_023_04	211.4833	8.3
AML_024_01	BMS-754807	BMS-754807_AML_024_01	218.59549	12.2
AML_025_01	BMS-754807	BMS-754807_AML_025_01	220.41046	4.2
AML_026_01	BMS-754807	BMS-754807_AML_026_01	218.87411	3.7
AML_028_01	BMS-754807	BMS-754807_AML_028_01	218.43515	9.1
AML_028_04	BMS-754807	BMS-754807_AML_028_04	213.55516	10.3
AML_029_01	BMS-754807	BMS-754807_AML_029_01	217.82193	4.7
AML_030_01	BMS-754807	BMS-754807_AML_030_01	211.19582	3.4
AML_032_01	BMS-754807	BMS-754807_AML_032_01	218.71509	5.0
AML_033_01	BMS-754807	BMS-754807_AML_033_01	214.28268	15.1
AML_033_02	BMS-754807	BMS-754807_AML_033_02	213.13857	14.2
AML_035_02	BMS-754807	BMS-754807_AML_035_02	222.73827	7.7
AML_035_04	BMS-754807	BMS-754807_AML_035_04	215.49734	9.1
AML_036_01	BMS-754807	BMS-754807_AML_036_01	213.90111	6.2
AML_040_01	BMS-754807	BMS-754807_AML_040_01	215.06429	11.9
AML_041_01	BMS-754807	BMS-754807_AML_041_01	217.88359	3.3
AML_042_01	BMS-754807	BMS-754807_AML_042_01	216.20728	12.9
AML_043_02	BMS-754807	BMS-754807_AML_043_02	213.07195	11.3
AML_045_01	BMS-754807	BMS-754807_AML_045_01	217.10101	0.0
AML_046_01	BMS-754807	BMS-754807_AML_046_01	212.33316	25.5
AML_051_01	BMS-754807	BMS-754807_AML_051_01	211.94412	0.2
AML_052_01	BMS-754807	BMS-754807_AML_052_01	220.58255	16.2
AML_053_01	BMS-754807	BMS-754807_AML_053_01	225.27727	15.9
AML_054_01	BMS-754807	BMS-754807_AML_054_01	211.63228	20.3
AML_057_01	BMS-754807	BMS-754807_AML_057_01	214.39621	4.5
AML_058_01	BMS-754807	BMS-754807_AML_058_01	213.42754	9.6
AML_059_01	BMS-754807	BMS-754807_AML_059_01	213.41931	10.7
AML_060_01	BMS-754807	BMS-754807_AML_060_01	218.26976	13.8
AML_061_01	BMS-754807	BMS-754807_AML_061_01	214.3795	8.6
AML_062_01	BMS-754807	BMS-754807_AML_062_01	207.52141	4.0
AML_064_01	BMS-754807	BMS-754807_AML_064_01	214.11359	1.4
AML_065_01	BMS-754807	BMS-754807_AML_065_01	211.89198	6.1
AML_067_01	BMS-754807	BMS-754807_AML_067_01	215.04866	4.8
AML_070_01	BMS-754807	BMS-754807_AML_070_01	215.033	3.5
AML_072_01	BMS-754807	BMS-754807_AML_072_01	220.92844	0.0
AML_073_01	BMS-754807	BMS-754807_AML_073_01	219.58995	2.6
AML_074_01	BMS-754807	BMS-754807_AML_074_01	216.30724	2.2
AML_075_01	BMS-754807	BMS-754807_AML_075_01	214.46294	11.8
AML_076_01	BMS-754807	BMS-754807_AML_076_01	220.33224	2.3
AML_076_02	BMS-754807	BMS-754807_AML_076_02	213.15977	4.2
AML_077_01	BMS-754807	BMS-754807_AML_077_01	218.03206	14.5
AML_078_02	BMS-754807	BMS-754807_AML_078_02	216.54187	8.2
AML_084_01	BMS-754807	BMS-754807_AML_084_01	214.3626	8.2
AML_086_02	BMS-754807	BMS-754807_AML_086_02	219.54463	5.8
AML_098_01	BMS-754807	BMS-754807_AML_098_01	213.91191	8.1
AML_100_01	BMS-754807	BMS-754807_AML_100_01	217.96045	2.9
AML_101_01	BMS-754807	BMS-754807_AML_101_01	208.73299	11.8
AML_101_02	BMS-754807	BMS-754807_AML_101_02	220.02588	2.5
AML_102_01	BMS-754807	BMS-754807_AML_102_01	210.22699	0.0
AML_103_01	BMS-754807	BMS-754807_AML_103_01	206.47899	2.8
AML_103_02	BMS-754807	BMS-754807_AML_103_02	210.9627	9.1
AML_104_01	BMS-754807	BMS-754807_AML_104_01	218.04878	2.3
AML_108_01	BMS-754807	BMS-754807_AML_108_01	210.00603	6.1
AML_109_01	BMS-754807	BMS-754807_AML_109_01	214.06833	7.8
AML_110_01	BMS-754807	BMS-754807_AML_110_01	212.79613	9.8
AML_112_01	BMS-754807	BMS-754807_AML_112_01	211.16158	4.6
AML_112_02	BMS-754807	BMS-754807_AML_112_02	214.51962	2.9
AML_113_01	BMS-754807	BMS-754807_AML_113_01	211.69652	11.1
AML_114_01	BMS-754807	BMS-754807_AML_114_01	214.64745	3.6
AML_115_01	BMS-754807	BMS-754807_AML_115_01	211.59064	4.9
AML_116_01	BMS-754807	BMS-754807_AML_116_01	214.56538	4.0
AML_117_01	BMS-754807	BMS-754807_AML_117_01	216.33902	5.2
AML_119_01	BMS-754807	BMS-754807_AML_119_01	208.45905	4.5
AML_120_01	BMS-754807	BMS-754807_AML_120_01	215.29697	8.1
AML_120_03	BMS-754807	BMS-754807_AML_120_03	216.87897	10.2
AML_122_01	BMS-754807	BMS-754807_AML_122_01	215.17241	4.3
AML_123_01	BMS-754807	BMS-754807_AML_123_01	218.3815	12.2
AML_124_01	BMS-754807	BMS-754807_AML_124_01	220.48546	20.7
AML_125_01	BMS-754807	BMS-754807_AML_125_01	218.94952	6.5
AML_126_01	BMS-754807	BMS-754807_AML_126_01	215.77951	10.7
AML_127_01	BMS-754807	BMS-754807_AML_127_01	215.99648	8.6
AML_128_01	BMS-754807	BMS-754807_AML_128_01	219.97171	6.6
AML_129_02	BMS-754807	BMS-754807_AML_129_02	212.20766	6.5
AML_129_03	BMS-754807	BMS-754807_AML_129_03	214.51129	0.4
AML_131_01	BMS-754807	BMS-754807_AML_131_01	215.3446	4.0
AML_133_01	BMS-754807	BMS-754807_AML_133_01	215.33636	0.0
AML_134_01	BMS-754807	BMS-754807_AML_134_01	215.67154	1.5
AML_135_01	BMS-754807	BMS-754807_AML_135_01	219.10886	18.1
AML_138_01	BMS-754807	BMS-754807_AML_138_01	221.57224	5.9
AML_139_01	BMS-754807	BMS-754807_AML_139_01	222.65353	4.4
AML_140_01	BMS-754807	BMS-754807_AML_140_01	218.10785	7.2
AML_142_01	BMS-754807	BMS-754807_AML_142_01	213.05423	3.4
AML_143_01	BMS-754807	BMS-754807_AML_143_01	215.1254	3.7
AML_144_01	BMS-754807	BMS-754807_AML_144_01	220.33075	10.2
AML_146_01	BMS-754807	BMS-754807_AML_146_01	220.66191	4.4
AML_147_01	BMS-754807	BMS-754807_AML_147_01	214.39885	3.6
AML_151_01	BMS-754807	BMS-754807_AML_151_01	207.51486	3.4
AML_152_01	BMS-754807	BMS-754807_AML_152_01	214.56387	8.5
AML_153_01	BMS-754807	BMS-754807_AML_153_01	212.7729	1.8
AML_156_01	BMS-754807	BMS-754807_AML_156_01	213.55844	10.4
AML_157_01	BMS-754807	BMS-754807_AML_157_01	215.49637	7.7
AML_157_02	BMS-754807	BMS-754807_AML_157_02	217.22507	6.2
AML_158_01	BMS-754807	BMS-754807_AML_158_01	218.60146	7.7
AML_159_01	BMS-754807	BMS-754807_AML_159_01	218.4475	11.5
AML_160_01	BMS-754807	BMS-754807_AML_160_01	212.58221	2.8
AML_161_01	BMS-754807	BMS-754807_AML_161_01	211.59457	16.1
AML_175_01	BMS-754807	BMS-754807_AML_175_01	218.51662	3.4
AML_179_01	BMS-754807	BMS-754807_AML_179_01	216.60411	4.8
AML_183_01	BMS-754807	BMS-754807_AML_183_01	218.2131	4.9
AML_183_02	BMS-754807	BMS-754807_AML_183_02	214.1303	4.3
AML_183_03	BMS-754807	BMS-754807_AML_183_03	211.39622	2.8
AML_184_01	BMS-754807	BMS-754807_AML_184_01	214.61835	7.9
AML_185_01	BMS-754807	BMS-754807_AML_185_01	220.92566	4.3
AML_001_01	Bosutinib	Bosutinib_AML_001_01	211.61139	8.2
AML_001_03	Bosutinib	Bosutinib_AML_001_03	209.58151	9.2
AML_002_01	Bosutinib	Bosutinib_AML_002_01	213.8721	11.4
AML_003_02	Bosutinib	Bosutinib_AML_003_02	216.06218	3.9
AML_004_01	Bosutinib	Bosutinib_AML_004_01	210.64807	8.5
AML_006_02	Bosutinib	Bosutinib_AML_006_02	215.30121	7.8
AML_007_01	Bosutinib	Bosutinib_AML_007_01	209.89337	9.9
AML_007_02	Bosutinib	Bosutinib_AML_007_02	213.38568	8.4
AML_012_01	Bosutinib	Bosutinib_AML_012_01	209.48148	9.5
AML_013_01	Bosutinib	Bosutinib_AML_013_01	209.19643	7.3
AML_014_01	Bosutinib	Bosutinib_AML_014_01	209.54927	10.4
AML_015_01	Bosutinib	Bosutinib_AML_015_01	208.96454	11.1
AML_015_02	Bosutinib	Bosutinib_AML_015_02	211.24925	14.5
AML_015_03	Bosutinib	Bosutinib_AML_015_03	209.03096	16.9
AML_015_04	Bosutinib	Bosutinib_AML_015_04	212.28653	20.2
AML_018_01	Bosutinib	Bosutinib_AML_018_01	210.90344	15.3
AML_019_01	Bosutinib	Bosutinib_AML_019_01	210.94775	10.7
AML_020_01	Bosutinib	Bosutinib_AML_020_01	213.32637	7.0
AML_022_01	Bosutinib	Bosutinib_AML_022_01	212.06248	10.4
AML_023_01	Bosutinib	Bosutinib_AML_023_01	205.12025	11.5
AML_023_03	Bosutinib	Bosutinib_AML_023_03	206.31184	10.9
AML_023_04	Bosutinib	Bosutinib_AML_023_04	206.81148	9.7
AML_024_01	Bosutinib	Bosutinib_AML_024_01	210.30429	4.6
AML_025_01	Bosutinib	Bosutinib_AML_025_01	213.14955	9.1
AML_026_01	Bosutinib	Bosutinib_AML_026_01	210.45331	7.1
AML_028_01	Bosutinib	Bosutinib_AML_028_01	212.23196	6.9
AML_028_04	Bosutinib	Bosutinib_AML_028_04	210.35188	11.0
AML_029_01	Bosutinib	Bosutinib_AML_029_01	210.44121	8.6
AML_030_01	Bosutinib	Bosutinib_AML_030_01	203.6513	8.0
AML_032_01	Bosutinib	Bosutinib_AML_032_01	211.96516	7.9
AML_033_01	Bosutinib	Bosutinib_AML_033_01	206.95775	9.8
AML_033_02	Bosutinib	Bosutinib_AML_033_02	206.37398	9.7
AML_035_02	Bosutinib	Bosutinib_AML_035_02	216.47339	8.1
AML_035_04	Bosutinib	Bosutinib_AML_035_04	213.45396	8.5
AML_036_01	Bosutinib	Bosutinib_AML_036_01	205.3943	7.7
AML_040_01	Bosutinib	Bosutinib_AML_040_01	207.61673	15.2
AML_041_01	Bosutinib	Bosutinib_AML_041_01	208.59291	9.0
AML_042_01	Bosutinib	Bosutinib_AML_042_01	208.6207	9.7
AML_043_02	Bosutinib	Bosutinib_AML_043_02	209.21785	9.7
AML_045_01	Bosutinib	Bosutinib_AML_045_01	209.4099	4.5
AML_046_01	Bosutinib	Bosutinib_AML_046_01	205.80891	12.9
AML_051_01	Bosutinib	Bosutinib_AML_051_01	203.59024	3.9
AML_052_01	Bosutinib	Bosutinib_AML_052_01	213.98758	8.2
AML_053_01	Bosutinib	Bosutinib_AML_053_01	217.5837	7.4
AML_054_01	Bosutinib	Bosutinib_AML_054_01	206.8471	3.8
AML_057_01	Bosutinib	Bosutinib_AML_057_01	207.35435	11.8
AML_058_01	Bosutinib	Bosutinib_AML_058_01	206.45212	7.7
AML_059_01	Bosutinib	Bosutinib_AML_059_01	205.27766	8.6
AML_060_01	Bosutinib	Bosutinib_AML_060_01	211.30252	3.8
AML_061_01	Bosutinib	Bosutinib_AML_061_01	206.03941	4.2
AML_062_01	Bosutinib	Bosutinib_AML_062_01	200.48996	14.1
AML_064_01	Bosutinib	Bosutinib_AML_064_01	210.69751	5.4
AML_065_01	Bosutinib	Bosutinib_AML_065_01	205.51454	11.9
AML_067_01	Bosutinib	Bosutinib_AML_067_01	206.1686	12.1
AML_070_01	Bosutinib	Bosutinib_AML_070_01	206.19968	9.4
AML_072_01	Bosutinib	Bosutinib_AML_072_01	215.3274	4.6
AML_073_01	Bosutinib	Bosutinib_AML_073_01	215.03874	10.9
AML_074_01	Bosutinib	Bosutinib_AML_074_01	208.29587	8.7
AML_075_01	Bosutinib	Bosutinib_AML_075_01	206.42062	6.4
AML_076_01	Bosutinib	Bosutinib_AML_076_01	211.99002	9.8
AML_076_02	Bosutinib	Bosutinib_AML_076_02	207.0813	13.0
AML_077_01	Bosutinib	Bosutinib_AML_077_01	210.59099	10.4
AML_078_02	Bosutinib	Bosutinib_AML_078_02	208.86768	8.1
AML_084_01	Bosutinib	Bosutinib_AML_084_01	207.39938	13.5
AML_086_02	Bosutinib	Bosutinib_AML_086_02	212.507	10.9
AML_098_01	Bosutinib	Bosutinib_AML_098_01	206.67491	5.8
AML_100_01	Bosutinib	Bosutinib_AML_100_01	209.41252	8.2
AML_101_01	Bosutinib	Bosutinib_AML_101_01	203.6128	9.3
AML_101_02	Bosutinib	Bosutinib_AML_101_02	216.01123	7.7
AML_102_01	Bosutinib	Bosutinib_AML_102_01	202.5786	8.0
AML_103_01	Bosutinib	Bosutinib_AML_103_01	200.67488	9.1
AML_103_02	Bosutinib	Bosutinib_AML_103_02	206.3437	8.3
AML_104_01	Bosutinib	Bosutinib_AML_104_01	210.14194	6.9
AML_108_01	Bosutinib	Bosutinib_AML_108_01	201.88477	10.4
AML_109_01	Bosutinib	Bosutinib_AML_109_01	207.62372	9.1
AML_110_01	Bosutinib	Bosutinib_AML_110_01	206.36267	11.2
AML_112_01	Bosutinib	Bosutinib_AML_112_01	201.58595	10.2
AML_112_02	Bosutinib	Bosutinib_AML_112_02	207.41414	9.5
AML_113_01	Bosutinib	Bosutinib_AML_113_01	205.53555	11.2
AML_114_01	Bosutinib	Bosutinib_AML_114_01	205.94064	5.9
AML_115_01	Bosutinib	Bosutinib_AML_115_01	204.1131	16.7
AML_116_01	Bosutinib	Bosutinib_AML_116_01	207.48743	9.2
AML_117_01	Bosutinib	Bosutinib_AML_117_01	209.00055	9.7
AML_119_01	Bosutinib	Bosutinib_AML_119_01	200.39444	8.1
AML_120_01	Bosutinib	Bosutinib_AML_120_01	207.45522	11.2
AML_120_03	Bosutinib	Bosutinib_AML_120_03	210.9363	11.3
AML_122_01	Bosutinib	Bosutinib_AML_122_01	210.23398	5.2
AML_123_01	Bosutinib	Bosutinib_AML_123_01	210.75266	11.0
AML_124_01	Bosutinib	Bosutinib_AML_124_01	211.98254	11.9
AML_125_01	Bosutinib	Bosutinib_AML_125_01	211.5156	7.9
AML_126_01	Bosutinib	Bosutinib_AML_126_01	205.9785	8.6
AML_127_01	Bosutinib	Bosutinib_AML_127_01	207.70572	8.9
AML_128_01	Bosutinib	Bosutinib_AML_128_01	214.10406	9.3
AML_129_02	Bosutinib	Bosutinib_AML_129_02	204.85977	11.6
AML_129_03	Bosutinib	Bosutinib_AML_129_03	208.34296	11.4
AML_131_01	Bosutinib	Bosutinib_AML_131_01	210.5731	5.8
AML_133_01	Bosutinib	Bosutinib_AML_133_01	212.67787	6.8
AML_134_01	Bosutinib	Bosutinib_AML_134_01	210.94518	5.1
AML_135_01	Bosutinib	Bosutinib_AML_135_01	212.26228	13.3
AML_138_01	Bosutinib	Bosutinib_AML_138_01	215.91467	9.7
AML_139_01	Bosutinib	Bosutinib_AML_139_01	218.84723	9.5
AML_140_01	Bosutinib	Bosutinib_AML_140_01	212.04128	9.1
AML_142_01	Bosutinib	Bosutinib_AML_142_01	210.72786	8.8
AML_143_01	Bosutinib	Bosutinib_AML_143_01	206.4475	4.7
AML_144_01	Bosutinib	Bosutinib_AML_144_01	215.04625	7.2
AML_146_01	Bosutinib	Bosutinib_AML_146_01	212.81763	5.6
AML_147_01	Bosutinib	Bosutinib_AML_147_01	207.27165	10.0
AML_151_01	Bosutinib	Bosutinib_AML_151_01	202.59099	9.5
AML_152_01	Bosutinib	Bosutinib_AML_152_01	207.82347	9.2
AML_153_01	Bosutinib	Bosutinib_AML_153_01	210.80214	5.9
AML_156_01	Bosutinib	Bosutinib_AML_156_01	208.66487	10.0
AML_157_01	Bosutinib	Bosutinib_AML_157_01	209.64583	11.3
AML_157_02	Bosutinib	Bosutinib_AML_157_02	212.7844	11.6
AML_158_01	Bosutinib	Bosutinib_AML_158_01	211.12369	9.6
AML_159_01	Bosutinib	Bosutinib_AML_159_01	211.47438	12.2
AML_160_01	Bosutinib	Bosutinib_AML_160_01	208.44582	10.4
AML_161_01	Bosutinib	Bosutinib_AML_161_01	205.48933	12.5
AML_175_01	Bosutinib	Bosutinib_AML_175_01	208.58035	8.6
AML_179_01	Bosutinib	Bosutinib_AML_179_01	211.21103	11.1
AML_183_01	Bosutinib	Bosutinib_AML_183_01	210.09842	5.6
AML_183_02	Bosutinib	Bosutinib_AML_183_02	205.65134	9.8
AML_183_03	Bosutinib	Bosutinib_AML_183_03	205.11694	9.9
AML_184_01	Bosutinib	Bosutinib_AML_184_01	205.64197	11.3
AML_185_01	Bosutinib	Bosutinib_AML_185_01	217.5988	8.9
AML_001_03	Cabozantinib	Cabozantinib_AML_001_03	209.33081	0.0
AML_003_02	Cabozantinib	Cabozantinib_AML_003_02	215.0029	0.0
AML_004_01	Cabozantinib	Cabozantinib_AML_004_01	211.46086	5.3
AML_006_02	Cabozantinib	Cabozantinib_AML_006_02	216.19525	0.0
AML_007_01	Cabozantinib	Cabozantinib_AML_007_01	209.37263	0.0
AML_007_02	Cabozantinib	Cabozantinib_AML_007_02	212.6222	0.0
AML_012_01	Cabozantinib	Cabozantinib_AML_012_01	208.21811	15.2
AML_013_01	Cabozantinib	Cabozantinib_AML_013_01	211.07332	16.4
AML_014_01	Cabozantinib	Cabozantinib_AML_014_01	210.16336	0.2
AML_015_01	Cabozantinib	Cabozantinib_AML_015_01	206.0978	10.6
AML_015_02	Cabozantinib	Cabozantinib_AML_015_02	211.59227	9.3
AML_015_03	Cabozantinib	Cabozantinib_AML_015_03	207.35397	9.6
AML_015_04	Cabozantinib	Cabozantinib_AML_015_04	209.25099	19.1
AML_018_01	Cabozantinib	Cabozantinib_AML_018_01	208.38242	13.4
AML_019_01	Cabozantinib	Cabozantinib_AML_019_01	209.47015	1.7
AML_020_01	Cabozantinib	Cabozantinib_AML_020_01	211.1886	0.0
AML_023_04	Cabozantinib	Cabozantinib_AML_023_04	204.2781	4.4
AML_024_01	Cabozantinib	Cabozantinib_AML_024_01	211.32852	0.0
AML_025_01	Cabozantinib	Cabozantinib_AML_025_01	214.53064	0.9
AML_026_01	Cabozantinib	Cabozantinib_AML_026_01	211.9945	0.0
AML_028_01	Cabozantinib	Cabozantinib_AML_028_01	212.36473	6.8
AML_028_04	Cabozantinib	Cabozantinib_AML_028_04	207.7335	24.1
AML_029_01	Cabozantinib	Cabozantinib_AML_029_01	210.41086	0.0
AML_030_01	Cabozantinib	Cabozantinib_AML_030_01	203.33044	0.0
AML_032_01	Cabozantinib	Cabozantinib_AML_032_01	212.96136	0.0
AML_033_01	Cabozantinib	Cabozantinib_AML_033_01	209.00537	3.9
AML_033_02	Cabozantinib	Cabozantinib_AML_033_02	204.43082	6.0
AML_035_02	Cabozantinib	Cabozantinib_AML_035_02	215.55919	0.0
AML_035_04	Cabozantinib	Cabozantinib_AML_035_04	210.92831	0.0
AML_036_01	Cabozantinib	Cabozantinib_AML_036_01	204.9504	0.0
AML_040_01	Cabozantinib	Cabozantinib_AML_040_01	206.58723	5.4
AML_041_01	Cabozantinib	Cabozantinib_AML_041_01	209.29927	3.1
AML_042_01	Cabozantinib	Cabozantinib_AML_042_01	209.58171	4.2
AML_043_02	Cabozantinib	Cabozantinib_AML_043_02	207.4193	0.0
AML_045_01	Cabozantinib	Cabozantinib_AML_045_01	210.14238	0.0
AML_046_01	Cabozantinib	Cabozantinib_AML_046_01	203.65321	25.9
AML_051_01	Cabozantinib	Cabozantinib_AML_051_01	203.69736	1.3
AML_052_01	Cabozantinib	Cabozantinib_AML_052_01	214.72992	0.0
AML_053_01	Cabozantinib	Cabozantinib_AML_053_01	216.99759	4.8
AML_054_01	Cabozantinib	Cabozantinib_AML_054_01	206.67174	11.9
AML_057_01	Cabozantinib	Cabozantinib_AML_057_01	206.94125	4.3
AML_058_01	Cabozantinib	Cabozantinib_AML_058_01	207.41853	1.8
AML_059_01	Cabozantinib	Cabozantinib_AML_059_01	206.46112	2.1
AML_060_01	Cabozantinib	Cabozantinib_AML_060_01	210.2979	0.9
AML_061_01	Cabozantinib	Cabozantinib_AML_061_01	204.34853	0.7
AML_062_01	Cabozantinib	Cabozantinib_AML_062_01	198.11375	7.8
AML_064_01	Cabozantinib	Cabozantinib_AML_064_01	206.15	1.5
AML_065_01	Cabozantinib	Cabozantinib_AML_065_01	203.47838	5.2
AML_067_01	Cabozantinib	Cabozantinib_AML_067_01	204.05717	7.1
AML_070_01	Cabozantinib	Cabozantinib_AML_070_01	208.51189	2.9
AML_072_01	Cabozantinib	Cabozantinib_AML_072_01	216.2318	0.0
AML_073_01	Cabozantinib	Cabozantinib_AML_073_01	215.16682	2.4
AML_074_01	Cabozantinib	Cabozantinib_AML_074_01	211.13338	1.1
AML_075_01	Cabozantinib	Cabozantinib_AML_075_01	207.63477	0.6
AML_076_01	Cabozantinib	Cabozantinib_AML_076_01	210.5781	0.0
AML_076_02	Cabozantinib	Cabozantinib_AML_076_02	207.65608	4.2
AML_077_01	Cabozantinib	Cabozantinib_AML_077_01	211.17816	0.0
AML_078_02	Cabozantinib	Cabozantinib_AML_078_02	208.71754	0.0
AML_084_01	Cabozantinib	Cabozantinib_AML_084_01	207.45879	12.8
AML_086_02	Cabozantinib	Cabozantinib_AML_086_02	211.6424	0.8
AML_098_01	Cabozantinib	Cabozantinib_AML_098_01	205.96762	0.0
AML_100_01	Cabozantinib	Cabozantinib_AML_100_01	211.32826	0.4
AML_101_01	Cabozantinib	Cabozantinib_AML_101_01	202.0051	11.3
AML_101_02	Cabozantinib	Cabozantinib_AML_101_02	215.22781	0.0
AML_102_01	Cabozantinib	Cabozantinib_AML_102_01	200.83699	0.0
AML_103_01	Cabozantinib	Cabozantinib_AML_103_01	196.70679	0.0
AML_103_02	Cabozantinib	Cabozantinib_AML_103_02	204.02812	3.6
AML_104_01	Cabozantinib	Cabozantinib_AML_104_01	211.0279	0.0
AML_108_01	Cabozantinib	Cabozantinib_AML_108_01	200.51552	2.5
AML_109_01	Cabozantinib	Cabozantinib_AML_109_01	206.41461	0.0
AML_110_01	Cabozantinib	Cabozantinib_AML_110_01	206.50127	3.1
AML_112_01	Cabozantinib	Cabozantinib_AML_112_01	201.34024	0.2
AML_112_02	Cabozantinib	Cabozantinib_AML_112_02	206.48354	1.0
AML_113_01	Cabozantinib	Cabozantinib_AML_113_01	203.91669	0.0
AML_114_01	Cabozantinib	Cabozantinib_AML_114_01	205.11346	0.0
AML_115_01	Cabozantinib	Cabozantinib_AML_115_01	200.77759	3.2
AML_116_01	Cabozantinib	Cabozantinib_AML_116_01	207.64024	0.0
AML_117_01	Cabozantinib	Cabozantinib_AML_117_01	210.7	0.0
AML_119_01	Cabozantinib	Cabozantinib_AML_119_01	199.05182	0.0
AML_120_03	Cabozantinib	Cabozantinib_AML_120_03	210.66286	10.2
AML_122_01	Cabozantinib	Cabozantinib_AML_122_01	209.74664	0.0
AML_123_01	Cabozantinib	Cabozantinib_AML_123_01	212.40051	4.9
AML_124_01	Cabozantinib	Cabozantinib_AML_124_01	212.53622	2.5
AML_125_01	Cabozantinib	Cabozantinib_AML_125_01	211.30396	0.0
AML_126_01	Cabozantinib	Cabozantinib_AML_126_01	208.40474	2.3
AML_127_01	Cabozantinib	Cabozantinib_AML_127_01	207.62077	0.0
AML_128_01	Cabozantinib	Cabozantinib_AML_128_01	215.48499	0.1
AML_131_01	Cabozantinib	Cabozantinib_AML_131_01	207.51064	0.0
AML_133_01	Cabozantinib	Cabozantinib_AML_133_01	211.0334	1.9
AML_134_01	Cabozantinib	Cabozantinib_AML_134_01	209.10405	0.0
AML_135_01	Cabozantinib	Cabozantinib_AML_135_01	211.65236	2.1
AML_138_01	Cabozantinib	Cabozantinib_AML_138_01	215.64894	1.5
AML_139_01	Cabozantinib	Cabozantinib_AML_139_01	217.0419	2.1
AML_140_01	Cabozantinib	Cabozantinib_AML_140_01	210.30121	0.0
AML_142_01	Cabozantinib	Cabozantinib_AML_142_01	209.09882	10.0
AML_143_01	Cabozantinib	Cabozantinib_AML_143_01	207.2737	0.0
AML_144_01	Cabozantinib	Cabozantinib_AML_144_01	213.46548	0.0
AML_146_01	Cabozantinib	Cabozantinib_AML_146_01	213.26564	0.0
AML_147_01	Cabozantinib	Cabozantinib_AML_147_01	206.86223	6.3
AML_151_01	Cabozantinib	Cabozantinib_AML_151_01	200.2917	1.0
AML_152_01	Cabozantinib	Cabozantinib_AML_152_01	206.06906	0.0
AML_153_01	Cabozantinib	Cabozantinib_AML_153_01	206.386	0.7
AML_156_01	Cabozantinib	Cabozantinib_AML_156_01	205.97754	0.0
AML_157_01	Cabozantinib	Cabozantinib_AML_157_01	208.51259	5.5
AML_157_02	Cabozantinib	Cabozantinib_AML_157_02	212.37236	6.7
AML_158_01	Cabozantinib	Cabozantinib_AML_158_01	210.40614	0.0
AML_159_01	Cabozantinib	Cabozantinib_AML_159_01	211.764	1.1
AML_160_01	Cabozantinib	Cabozantinib_AML_160_01	204.74326	2.2
AML_161_01	Cabozantinib	Cabozantinib_AML_161_01	203.90494	0.0
AML_175_01	Cabozantinib	Cabozantinib_AML_175_01	209.7278	0.0
AML_183_01	Cabozantinib	Cabozantinib_AML_183_01	209.49115	0.0
AML_183_02	Cabozantinib	Cabozantinib_AML_183_02	205.51964	0.0
AML_183_03	Cabozantinib	Cabozantinib_AML_183_03	203.71964	0.0
AML_001_01	Canertinib	Canertinib_AML_001_01	212.19635	8.0
AML_001_03	Canertinib	Canertinib_AML_001_03	211.88696	9.2
AML_002_01	Canertinib	Canertinib_AML_002_01	212.70692	12.8
AML_003_02	Canertinib	Canertinib_AML_003_02	214.93646	8.1
AML_004_01	Canertinib	Canertinib_AML_004_01	212.16852	9.4
AML_006_02	Canertinib	Canertinib_AML_006_02	218.55656	7.9
AML_007_01	Canertinib	Canertinib_AML_007_01	211.72957	6.7
AML_007_02	Canertinib	Canertinib_AML_007_02	213.38866	7.3
AML_012_01	Canertinib	Canertinib_AML_012_01	206.00496	12.6
AML_013_01	Canertinib	Canertinib_AML_013_01	209.51157	11.4
AML_014_01	Canertinib	Canertinib_AML_014_01	210.08603	10.5
AML_015_01	Canertinib	Canertinib_AML_015_01	206.22691	9.7
AML_015_02	Canertinib	Canertinib_AML_015_02	212.9718	8.3
AML_015_03	Canertinib	Canertinib_AML_015_03	207.3259	11.7
AML_015_04	Canertinib	Canertinib_AML_015_04	211.51265	16.8
AML_018_01	Canertinib	Canertinib_AML_018_01	208.86015	13.6
AML_019_01	Canertinib	Canertinib_AML_019_01	209.10028	10.3
AML_020_01	Canertinib	Canertinib_AML_020_01	211.91626	9.0
AML_022_01	Canertinib	Canertinib_AML_022_01	212.5838	5.0
AML_023_01	Canertinib	Canertinib_AML_023_01	206.76135	12.0
AML_023_03	Canertinib	Canertinib_AML_023_03	206.48857	10.4
AML_023_04	Canertinib	Canertinib_AML_023_04	207.20596	11.0
AML_024_01	Canertinib	Canertinib_AML_024_01	211.8852	9.4
AML_025_01	Canertinib	Canertinib_AML_025_01	215.45312	9.2
AML_026_01	Canertinib	Canertinib_AML_026_01	212.20139	6.1
AML_028_01	Canertinib	Canertinib_AML_028_01	211.99783	9.9
AML_028_04	Canertinib	Canertinib_AML_028_04	205.78725	15.1
AML_029_01	Canertinib	Canertinib_AML_029_01	211.18074	9.7
AML_030_01	Canertinib	Canertinib_AML_030_01	204.8731	8.3
AML_032_01	Canertinib	Canertinib_AML_032_01	212.08665	7.3
AML_033_01	Canertinib	Canertinib_AML_033_01	209.16849	9.7
AML_033_02	Canertinib	Canertinib_AML_033_02	202.20892	10.5
AML_035_02	Canertinib	Canertinib_AML_035_02	215.86403	7.1
AML_035_04	Canertinib	Canertinib_AML_035_04	209.29875	9.7
AML_036_01	Canertinib	Canertinib_AML_036_01	206.66344	11.2
AML_040_01	Canertinib	Canertinib_AML_040_01	207.27693	11.5
AML_041_01	Canertinib	Canertinib_AML_041_01	210.91438	3.9
AML_042_01	Canertinib	Canertinib_AML_042_01	210.97928	9.9
AML_043_02	Canertinib	Canertinib_AML_043_02	204.08792	9.9
AML_045_01	Canertinib	Canertinib_AML_045_01	211.87274	6.2
AML_046_01	Canertinib	Canertinib_AML_046_01	202.92807	19.1
AML_051_01	Canertinib	Canertinib_AML_051_01	203.95886	6.9
AML_052_01	Canertinib	Canertinib_AML_052_01	214.14064	16.2
AML_053_01	Canertinib	Canertinib_AML_053_01	218.82703	8.8
AML_054_01	Canertinib	Canertinib_AML_054_01	203.89029	15.1
AML_057_01	Canertinib	Canertinib_AML_057_01	208.3676	8.9
AML_058_01	Canertinib	Canertinib_AML_058_01	207.94524	8.5
AML_059_01	Canertinib	Canertinib_AML_059_01	205.39372	11.6
AML_060_01	Canertinib	Canertinib_AML_060_01	211.36272	11.3
AML_061_01	Canertinib	Canertinib_AML_061_01	207.04019	9.1
AML_062_01	Canertinib	Canertinib_AML_062_01	201.6751	13.2
AML_064_01	Canertinib	Canertinib_AML_064_01	208.86575	4.9
AML_065_01	Canertinib	Canertinib_AML_065_01	207.0365	11.1
AML_067_01	Canertinib	Canertinib_AML_067_01	207.85979	12.7
AML_070_01	Canertinib	Canertinib_AML_070_01	209.94896	10.1
AML_072_01	Canertinib	Canertinib_AML_072_01	216.68999	14.3
AML_073_01	Canertinib	Canertinib_AML_073_01	216.06787	8.9
AML_074_01	Canertinib	Canertinib_AML_074_01	210.96974	9.8
AML_075_01	Canertinib	Canertinib_AML_075_01	208.4482	11.7
AML_076_01	Canertinib	Canertinib_AML_076_01	213.69917	9.4
AML_076_02	Canertinib	Canertinib_AML_076_02	209.41347	10.3
AML_077_01	Canertinib	Canertinib_AML_077_01	212.7264	10.3
AML_078_02	Canertinib	Canertinib_AML_078_02	209.94249	9.9
AML_084_01	Canertinib	Canertinib_AML_084_01	206.37407	13.9
AML_086_02	Canertinib	Canertinib_AML_086_02	213.18394	11.1
AML_098_01	Canertinib	Canertinib_AML_098_01	208.156	7.8
AML_100_01	Canertinib	Canertinib_AML_100_01	212.71696	8.7
AML_101_01	Canertinib	Canertinib_AML_101_01	200.0822	10.4
AML_101_02	Canertinib	Canertinib_AML_101_02	216.10452	8.8
AML_102_01	Canertinib	Canertinib_AML_102_01	202.99496	8.9
AML_103_01	Canertinib	Canertinib_AML_103_01	200.6418	6.5
AML_103_02	Canertinib	Canertinib_AML_103_02	203.53258	11.0
AML_104_01	Canertinib	Canertinib_AML_104_01	211.957	8.8
AML_108_01	Canertinib	Canertinib_AML_108_01	200.70671	10.5
AML_109_01	Canertinib	Canertinib_AML_109_01	206.61185	8.7
AML_110_01	Canertinib	Canertinib_AML_110_01	206.43004	11.1
AML_112_01	Canertinib	Canertinib_AML_112_01	205.69458	9.3
AML_112_02	Canertinib	Canertinib_AML_112_02	208.47859	10.2
AML_113_01	Canertinib	Canertinib_AML_113_01	206.18555	18.4
AML_114_01	Canertinib	Canertinib_AML_114_01	207.09537	5.5
AML_115_01	Canertinib	Canertinib_AML_115_01	203.82306	13.1
AML_116_01	Canertinib	Canertinib_AML_116_01	210.2159	10.4
AML_117_01	Canertinib	Canertinib_AML_117_01	212.01826	8.8
AML_119_01	Canertinib	Canertinib_AML_119_01	202.35376	8.5
AML_120_01	Canertinib	Canertinib_AML_120_01	208.20018	7.4
AML_120_03	Canertinib	Canertinib_AML_120_03	210.77551	8.4
AML_122_01	Canertinib	Canertinib_AML_122_01	212.1025	9.3
AML_123_01	Canertinib	Canertinib_AML_123_01	212.54056	9.6
AML_124_01	Canertinib	Canertinib_AML_124_01	213.49365	12.3
AML_125_01	Canertinib	Canertinib_AML_125_01	211.55392	5.4
AML_126_01	Canertinib	Canertinib_AML_126_01	210.01909	13.2
AML_127_01	Canertinib	Canertinib_AML_127_01	210.67876	10.6
AML_128_01	Canertinib	Canertinib_AML_128_01	216.16048	10.7
AML_129_02	Canertinib	Canertinib_AML_129_02	203.99779	9.0
AML_129_03	Canertinib	Canertinib_AML_129_03	207.3792	9.6
AML_131_01	Canertinib	Canertinib_AML_131_01	211.76413	10.5
AML_133_01	Canertinib	Canertinib_AML_133_01	209.61246	12.5
AML_134_01	Canertinib	Canertinib_AML_134_01	209.20956	9.3
AML_135_01	Canertinib	Canertinib_AML_135_01	213.96254	8.5
AML_138_01	Canertinib	Canertinib_AML_138_01	214.57625	9.6
AML_139_01	Canertinib	Canertinib_AML_139_01	217.51852	11.4
AML_140_01	Canertinib	Canertinib_AML_140_01	211.68803	8.5
AML_142_01	Canertinib	Canertinib_AML_142_01	206.98273	14.5
AML_143_01	Canertinib	Canertinib_AML_143_01	208.62329	8.1
AML_144_01	Canertinib	Canertinib_AML_144_01	212.0383	10.3
AML_146_01	Canertinib	Canertinib_AML_146_01	213.2371	10.0
AML_147_01	Canertinib	Canertinib_AML_147_01	208.3427	6.1
AML_151_01	Canertinib	Canertinib_AML_151_01	201.61102	15.0
AML_152_01	Canertinib	Canertinib_AML_152_01	207.18126	9.9
AML_153_01	Canertinib	Canertinib_AML_153_01	205.85622	8.8
AML_156_01	Canertinib	Canertinib_AML_156_01	207.56126	11.2
AML_157_01	Canertinib	Canertinib_AML_157_01	209.69121	13.1
AML_157_02	Canertinib	Canertinib_AML_157_02	211.10492	13.4
AML_158_01	Canertinib	Canertinib_AML_158_01	211.81165	9.8
AML_159_01	Canertinib	Canertinib_AML_159_01	212.26932	9.7
AML_160_01	Canertinib	Canertinib_AML_160_01	205.21573	11.5
AML_161_01	Canertinib	Canertinib_AML_161_01	203.07431	10.1
AML_175_01	Canertinib	Canertinib_AML_175_01	211.54024	8.7
AML_179_01	Canertinib	Canertinib_AML_179_01	209.8214	10.0
AML_183_01	Canertinib	Canertinib_AML_183_01	210.29346	7.4
AML_183_02	Canertinib	Canertinib_AML_183_02	207.15387	9.0
AML_183_03	Canertinib	Canertinib_AML_183_03	206.04732	6.5
AML_184_01	Canertinib	Canertinib_AML_184_01	209.25153	11.2
AML_185_01	Canertinib	Canertinib_AML_185_01	215.20145	7.5
AML_001_01	Cediranib	Cediranib_AML_001_01	221.45692	4.5
AML_001_03	Cediranib	Cediranib_AML_001_03	219.00911	0.0
AML_002_01	Cediranib	Cediranib_AML_002_01	221.57634	8.4
AML_003_02	Cediranib	Cediranib_AML_003_02	223.15034	0.0
AML_004_01	Cediranib	Cediranib_AML_004_01	217.94685	0.0
AML_006_02	Cediranib	Cediranib_AML_006_02	223.64182	0.1
AML_007_01	Cediranib	Cediranib_AML_007_01	218.07544	1.9
AML_007_02	Cediranib	Cediranib_AML_007_02	219.45886	0.0
AML_012_01	Cediranib	Cediranib_AML_012_01	215.31192	0.0
AML_013_01	Cediranib	Cediranib_AML_013_01	219.55717	0.0
AML_014_01	Cediranib	Cediranib_AML_014_01	217.01851	0.0
AML_015_01	Cediranib	Cediranib_AML_015_01	215.92381	7.8
AML_015_02	Cediranib	Cediranib_AML_015_02	217.88715	10.2
AML_015_03	Cediranib	Cediranib_AML_015_03	216.19138	9.6
AML_015_04	Cediranib	Cediranib_AML_015_04	220.05032	19.4
AML_018_01	Cediranib	Cediranib_AML_018_01	218.10175	5.9
AML_019_01	Cediranib	Cediranib_AML_019_01	218.9755	0.0
AML_020_01	Cediranib	Cediranib_AML_020_01	221.03938	0.0
AML_022_01	Cediranib	Cediranib_AML_022_01	218.05733	5.0
AML_023_01	Cediranib	Cediranib_AML_023_01	212.45563	10.5
AML_023_03	Cediranib	Cediranib_AML_023_03	214.41805	6.3
AML_023_04	Cediranib	Cediranib_AML_023_04	213.84793	0.5
AML_024_01	Cediranib	Cediranib_AML_024_01	219.93553	0.0
AML_025_01	Cediranib	Cediranib_AML_025_01	222.08504	0.0
AML_026_01	Cediranib	Cediranib_AML_026_01	220.23894	0.0
AML_028_01	Cediranib	Cediranib_AML_028_01	219.32524	0.0
AML_028_04	Cediranib	Cediranib_AML_028_04	215.84352	0.0
AML_029_01	Cediranib	Cediranib_AML_029_01	219.1534	0.4
AML_030_01	Cediranib	Cediranib_AML_030_01	212.08743	0.0
AML_032_01	Cediranib	Cediranib_AML_032_01	219.67148	0.0
AML_033_01	Cediranib	Cediranib_AML_033_01	217.26192	0.0
AML_033_02	Cediranib	Cediranib_AML_033_02	214.16739	0.2
AML_035_02	Cediranib	Cediranib_AML_035_02	224.35777	0.0
AML_035_04	Cediranib	Cediranib_AML_035_04	220.01416	0.0
AML_036_01	Cediranib	Cediranib_AML_036_01	213.03246	0.0
AML_040_01	Cediranib	Cediranib_AML_040_01	216.54622	0.0
AML_041_01	Cediranib	Cediranib_AML_041_01	218.07957	0.0
AML_042_01	Cediranib	Cediranib_AML_042_01	216.46109	0.0
AML_043_02	Cediranib	Cediranib_AML_043_02	216.3653	5.0
AML_045_01	Cediranib	Cediranib_AML_045_01	219.17502	0.1
AML_046_01	Cediranib	Cediranib_AML_046_01	213.1561	0.0
AML_051_01	Cediranib	Cediranib_AML_051_01	214.13913	0.0
AML_052_01	Cediranib	Cediranib_AML_052_01	222.48358	0.0
AML_053_01	Cediranib	Cediranib_AML_053_01	223.78253	0.1
AML_054_01	Cediranib	Cediranib_AML_054_01	214.39665	0.0
AML_057_01	Cediranib	Cediranib_AML_057_01	215.85887	1.0
AML_058_01	Cediranib	Cediranib_AML_058_01	214.94238	0.0
AML_059_01	Cediranib	Cediranib_AML_059_01	214.11319	0.1
AML_060_01	Cediranib	Cediranib_AML_060_01	220.41742	0.0
AML_061_01	Cediranib	Cediranib_AML_061_01	214.95325	0.0
AML_062_01	Cediranib	Cediranib_AML_062_01	207.55595	0.0
AML_064_01	Cediranib	Cediranib_AML_064_01	215.49307	0.0
AML_065_01	Cediranib	Cediranib_AML_065_01	213.84793	0.0
AML_067_01	Cediranib	Cediranib_AML_067_01	214.85397	0.0
AML_070_01	Cediranib	Cediranib_AML_070_01	216.46207	0.0
AML_072_01	Cediranib	Cediranib_AML_072_01	222.58769	0.0
AML_073_01	Cediranib	Cediranib_AML_073_01	223.83809	0.0
AML_074_01	Cediranib	Cediranib_AML_074_01	217.82487	2.3
AML_075_01	Cediranib	Cediranib_AML_075_01	214.40916	0.0
AML_076_01	Cediranib	Cediranib_AML_076_01	222.0331	0.0
AML_076_02	Cediranib	Cediranib_AML_076_02	215.49092	0.1
AML_077_01	Cediranib	Cediranib_AML_077_01	219.81606	0.0
AML_078_02	Cediranib	Cediranib_AML_078_02	216.82666	0.4
AML_084_01	Cediranib	Cediranib_AML_084_01	215.60538	0.0
AML_086_02	Cediranib	Cediranib_AML_086_02	222.43253	2.1
AML_098_01	Cediranib	Cediranib_AML_098_01	214.54515	1.8
AML_100_01	Cediranib	Cediranib_AML_100_01	219.42787	0.0
AML_101_01	Cediranib	Cediranib_AML_101_01	210.96487	7.3
AML_101_02	Cediranib	Cediranib_AML_101_02	225.14905	6.7
AML_102_01	Cediranib	Cediranib_AML_102_01	211.04716	0.0
AML_103_01	Cediranib	Cediranib_AML_103_01	206.96562	0.0
AML_103_02	Cediranib	Cediranib_AML_103_02	213.73581	0.2
AML_104_01	Cediranib	Cediranib_AML_104_01	217.7858	0.0
AML_108_01	Cediranib	Cediranib_AML_108_01	210.33957	0.0
AML_109_01	Cediranib	Cediranib_AML_109_01	217.4736	0.0
AML_110_01	Cediranib	Cediranib_AML_110_01	213.42043	0.0
AML_112_01	Cediranib	Cediranib_AML_112_01	211.88866	0.0
AML_112_02	Cediranib	Cediranib_AML_112_02	216.16708	0.0
AML_113_01	Cediranib	Cediranib_AML_113_01	212.66763	0.0
AML_114_01	Cediranib	Cediranib_AML_114_01	215.7838	0.0
AML_115_01	Cediranib	Cediranib_AML_115_01	211.21495	0.0
AML_116_01	Cediranib	Cediranib_AML_116_01	215.9482	0.0
AML_117_01	Cediranib	Cediranib_AML_117_01	219.2223	0.1
AML_119_01	Cediranib	Cediranib_AML_119_01	208.91133	2.6
AML_120_01	Cediranib	Cediranib_AML_120_01	217.36148	8.9
AML_120_03	Cediranib	Cediranib_AML_120_03	219.2143	1.2
AML_122_01	Cediranib	Cediranib_AML_122_01	216.8927	0.0
AML_123_01	Cediranib	Cediranib_AML_123_01	220.51668	1.4
AML_124_01	Cediranib	Cediranib_AML_124_01	221.23598	0.0
AML_125_01	Cediranib	Cediranib_AML_125_01	219.83794	0.0
AML_126_01	Cediranib	Cediranib_AML_126_01	216.09993	0.0
AML_127_01	Cediranib	Cediranib_AML_127_01	216.69035	0.0
AML_128_01	Cediranib	Cediranib_AML_128_01	223.26834	0.3
AML_129_02	Cediranib	Cediranib_AML_129_02	213.04257	7.0
AML_129_03	Cediranib	Cediranib_AML_129_03	217.49667	9.0
AML_131_01	Cediranib	Cediranib_AML_131_01	217.14697	0.0
AML_133_01	Cediranib	Cediranib_AML_133_01	218.81366	0.0
AML_134_01	Cediranib	Cediranib_AML_134_01	219.3235	0.0
AML_135_01	Cediranib	Cediranib_AML_135_01	220.74225	0.0
AML_138_01	Cediranib	Cediranib_AML_138_01	222.3497	0.0
AML_139_01	Cediranib	Cediranib_AML_139_01	222.71153	0.2
AML_140_01	Cediranib	Cediranib_AML_140_01	219.03702	0.4
AML_142_01	Cediranib	Cediranib_AML_142_01	214.73416	0.0
AML_143_01	Cediranib	Cediranib_AML_143_01	215.84862	0.0
AML_144_01	Cediranib	Cediranib_AML_144_01	222.00351	0.5
AML_146_01	Cediranib	Cediranib_AML_146_01	219.43439	0.0
AML_147_01	Cediranib	Cediranib_AML_147_01	215.76021	5.2
AML_151_01	Cediranib	Cediranib_AML_151_01	209.7359	5.0
AML_152_01	Cediranib	Cediranib_AML_152_01	216.64694	1.0
AML_153_01	Cediranib	Cediranib_AML_153_01	216.53867	4.2
AML_156_01	Cediranib	Cediranib_AML_156_01	216.27223	1.3
AML_157_01	Cediranib	Cediranib_AML_157_01	216.29517	2.6
AML_157_02	Cediranib	Cediranib_AML_157_02	217.52148	7.4
AML_158_01	Cediranib	Cediranib_AML_158_01	219.1072	2.3
AML_159_01	Cediranib	Cediranib_AML_159_01	219.25275	1.4
AML_160_01	Cediranib	Cediranib_AML_160_01	215.44496	5.1
AML_161_01	Cediranib	Cediranib_AML_161_01	214.90378	5.3
AML_175_01	Cediranib	Cediranib_AML_175_01	218.57516	0.0
AML_179_01	Cediranib	Cediranib_AML_179_01	219.42097	12.4
AML_183_01	Cediranib	Cediranib_AML_183_01	217.85472	0.0
AML_183_02	Cediranib	Cediranib_AML_183_02	213.3613	0.0
AML_183_03	Cediranib	Cediranib_AML_183_03	213.41605	0.0
AML_184_01	Cediranib	Cediranib_AML_184_01	215.55777	1.0
AML_185_01	Cediranib	Cediranib_AML_185_01	223.21054	0.4
AML_001_03	Crenolanib	Crenolanib_AML_001_03	209.90967	9.9
AML_003_02	Crenolanib	Crenolanib_AML_003_02	214.75407	5.0
AML_004_01	Crenolanib	Crenolanib_AML_004_01	212.73296	10.6
AML_013_01	Crenolanib	Crenolanib_AML_013_01	209.31621	18.7
AML_015_01	Crenolanib	Crenolanib_AML_015_01	207.01671	19.6
AML_015_02	Crenolanib	Crenolanib_AML_015_02	212.526	24.8
AML_015_03	Crenolanib	Crenolanib_AML_015_03	209.7066	38.1
AML_015_04	Crenolanib	Crenolanib_AML_015_04	209.18622	40.3
AML_018_01	Crenolanib	Crenolanib_AML_018_01	209.92967	25.6
AML_019_01	Crenolanib	Crenolanib_AML_019_01	210.73235	8.3
AML_020_01	Crenolanib	Crenolanib_AML_020_01	211.20409	5.0
AML_024_01	Crenolanib	Crenolanib_AML_024_01	210.4676	4.7
AML_025_01	Crenolanib	Crenolanib_AML_025_01	213.54323	8.7
AML_026_01	Crenolanib	Crenolanib_AML_026_01	212.5842	8.3
AML_028_01	Crenolanib	Crenolanib_AML_028_01	209.7329	11.8
AML_028_04	Crenolanib	Crenolanib_AML_028_04	204.3925	30.4
AML_029_01	Crenolanib	Crenolanib_AML_029_01	210.99835	8.0
AML_030_01	Crenolanib	Crenolanib_AML_030_01	203.89742	8.3
AML_032_01	Crenolanib	Crenolanib_AML_032_01	213.57162	7.7
AML_033_01	Crenolanib	Crenolanib_AML_033_01	207.08598	9.5
AML_033_02	Crenolanib	Crenolanib_AML_033_02	202.26405	9.2
AML_035_02	Crenolanib	Crenolanib_AML_035_02	217.60481	10.0
AML_035_04	Crenolanib	Crenolanib_AML_035_04	212.17365	10.7
AML_036_01	Crenolanib	Crenolanib_AML_036_01	206.11296	8.4
AML_041_01	Crenolanib	Crenolanib_AML_041_01	210.84561	7.4
AML_042_01	Crenolanib	Crenolanib_AML_042_01	211.63068	4.9
AML_043_02	Crenolanib	Crenolanib_AML_043_02	205.7108	8.4
AML_045_01	Crenolanib	Crenolanib_AML_045_01	210.62233	4.1
AML_046_01	Crenolanib	Crenolanib_AML_046_01	201.80093	32.0
AML_051_01	Crenolanib	Crenolanib_AML_051_01	203.15567	5.0
AML_052_01	Crenolanib	Crenolanib_AML_052_01	215.14499	9.2
AML_053_01	Crenolanib	Crenolanib_AML_053_01	218.66806	8.9
AML_054_01	Crenolanib	Crenolanib_AML_054_01	204.94914	3.6
AML_057_01	Crenolanib	Crenolanib_AML_057_01	208.6592	11.2
AML_058_01	Crenolanib	Crenolanib_AML_058_01	207.08858	7.2
AML_059_01	Crenolanib	Crenolanib_AML_059_01	206.01886	8.6
AML_060_01	Crenolanib	Crenolanib_AML_060_01	210.71855	4.9
AML_061_01	Crenolanib	Crenolanib_AML_061_01	205.60686	6.7
AML_062_01	Crenolanib	Crenolanib_AML_062_01	198.85172	15.1
AML_064_01	Crenolanib	Crenolanib_AML_064_01	210.78276	9.0
AML_065_01	Crenolanib	Crenolanib_AML_065_01	203.26353	9.4
AML_067_01	Crenolanib	Crenolanib_AML_067_01	204.42203	13.0
AML_070_01	Crenolanib	Crenolanib_AML_070_01	208.74393	8.1
AML_072_01	Crenolanib	Crenolanib_AML_072_01	214.63072	4.9
AML_073_01	Crenolanib	Crenolanib_AML_073_01	214.66391	3.3
AML_074_01	Crenolanib	Crenolanib_AML_074_01	210.24493	11.6
AML_075_01	Crenolanib	Crenolanib_AML_075_01	208.33589	4.6
AML_076_01	Crenolanib	Crenolanib_AML_076_01	212.48105	8.4
AML_076_02	Crenolanib	Crenolanib_AML_076_02	206.25073	11.9
AML_077_01	Crenolanib	Crenolanib_AML_077_01	211.63828	10.7
AML_078_02	Crenolanib	Crenolanib_AML_078_02	208.67453	10.3
AML_084_01	Crenolanib	Crenolanib_AML_084_01	204.75264	5.5
AML_086_02	Crenolanib	Crenolanib_AML_086_02	210.88481	10.7
AML_098_01	Crenolanib	Crenolanib_AML_098_01	208.444	9.1
AML_100_01	Crenolanib	Crenolanib_AML_100_01	212.5322	8.7
AML_101_01	Crenolanib	Crenolanib_AML_101_01	199.91017	12.3
AML_101_02	Crenolanib	Crenolanib_AML_101_02	214.73093	8.3
AML_102_01	Crenolanib	Crenolanib_AML_102_01	202.51982	6.6
AML_103_01	Crenolanib	Crenolanib_AML_103_01	199.2195	11.3
AML_103_02	Crenolanib	Crenolanib_AML_103_02	201.48354	13.2
AML_104_01	Crenolanib	Crenolanib_AML_104_01	212.31824	12.4
AML_108_01	Crenolanib	Crenolanib_AML_108_01	201.47055	10.1
AML_109_01	Crenolanib	Crenolanib_AML_109_01	206.66905	3.9
AML_110_01	Crenolanib	Crenolanib_AML_110_01	207.66376	8.8
AML_112_01	Crenolanib	Crenolanib_AML_112_01	203.44829	11.5
AML_112_02	Crenolanib	Crenolanib_AML_112_02	208.39925	8.6
AML_113_01	Crenolanib	Crenolanib_AML_113_01	206.72023	18.8
AML_114_01	Crenolanib	Crenolanib_AML_114_01	207.4515	8.9
AML_115_01	Crenolanib	Crenolanib_AML_115_01	199.55948	22.0
AML_116_01	Crenolanib	Crenolanib_AML_116_01	208.796	10.3
AML_117_01	Crenolanib	Crenolanib_AML_117_01	210.773	6.7
AML_119_01	Crenolanib	Crenolanib_AML_119_01	200.97719	10.2
AML_122_01	Crenolanib	Crenolanib_AML_122_01	212.96817	9.1
AML_123_01	Crenolanib	Crenolanib_AML_123_01	213.3466	13.8
AML_124_01	Crenolanib	Crenolanib_AML_124_01	211.75049	15.5
AML_125_01	Crenolanib	Crenolanib_AML_125_01	211.26324	45.8
AML_126_01	Crenolanib	Crenolanib_AML_126_01	208.40831	11.5
AML_127_01	Crenolanib	Crenolanib_AML_127_01	208.06223	10.7
AML_128_01	Crenolanib	Crenolanib_AML_128_01	215.4895	8.3
AML_131_01	Crenolanib	Crenolanib_AML_131_01	210.28688	10.6
AML_133_01	Crenolanib	Crenolanib_AML_133_01	209.19716	3.8
AML_134_01	Crenolanib	Crenolanib_AML_134_01	209.63852	6.3
AML_135_01	Crenolanib	Crenolanib_AML_135_01	212.63962	5.0
AML_138_01	Crenolanib	Crenolanib_AML_138_01	215.09099	8.9
AML_139_01	Crenolanib	Crenolanib_AML_139_01	218.89769	14.0
AML_140_01	Crenolanib	Crenolanib_AML_140_01	211.34898	10.3
AML_142_01	Crenolanib	Crenolanib_AML_142_01	206.24226	12.3
AML_143_01	Crenolanib	Crenolanib_AML_143_01	207.49597	9.5
AML_144_01	Crenolanib	Crenolanib_AML_144_01	215.3496	10.4
AML_146_01	Crenolanib	Crenolanib_AML_146_01	213.23967	9.6
AML_147_01	Crenolanib	Crenolanib_AML_147_01	205.6634	13.6
AML_151_01	Crenolanib	Crenolanib_AML_151_01	202.86914	13.6
AML_152_01	Crenolanib	Crenolanib_AML_152_01	207.08788	10.2
AML_153_01	Crenolanib	Crenolanib_AML_153_01	207.32133	4.6
AML_156_01	Crenolanib	Crenolanib_AML_156_01	208.4981	9.8
AML_157_01	Crenolanib	Crenolanib_AML_157_01	211.4655	19.4
AML_157_02	Crenolanib	Crenolanib_AML_157_02	214.10895	17.4
AML_158_01	Crenolanib	Crenolanib_AML_158_01	211.45943	9.8
AML_159_01	Crenolanib	Crenolanib_AML_159_01	212.84047	9.5
AML_160_01	Crenolanib	Crenolanib_AML_160_01	203.2401	10.8
AML_161_01	Crenolanib	Crenolanib_AML_161_01	204.63513	9.8
AML_175_01	Crenolanib	Crenolanib_AML_175_01	208.62852	7.6
AML_183_01	Crenolanib	Crenolanib_AML_183_01	208.96399	9.6
AML_183_02	Crenolanib	Crenolanib_AML_183_02	205.47636	12.2
AML_183_03	Crenolanib	Crenolanib_AML_183_03	203.34772	9.5
AML_001_01	Crizotinib	Crizotinib_AML_001_01	217.31052	0.0
AML_001_03	Crizotinib	Crizotinib_AML_001_03	217.91624	0.1
AML_002_01	Crizotinib	Crizotinib_AML_002_01	218.07443	9.7
AML_003_02	Crizotinib	Crizotinib_AML_003_02	220.71904	3.5
AML_004_01	Crizotinib	Crizotinib_AML_004_01	216.10757	5.2
AML_006_02	Crizotinib	Crizotinib_AML_006_02	222.1716	8.7
AML_007_01	Crizotinib	Crizotinib_AML_007_01	215.28894	5.9
AML_007_02	Crizotinib	Crizotinib_AML_007_02	218.30292	0.0
AML_012_01	Crizotinib	Crizotinib_AML_012_01	213.36787	0.0
AML_013_01	Crizotinib	Crizotinib_AML_013_01	215.07968	3.3
AML_014_01	Crizotinib	Crizotinib_AML_014_01	214.95067	0.0
AML_015_01	Crizotinib	Crizotinib_AML_015_01	213.32683	0.0
AML_015_02	Crizotinib	Crizotinib_AML_015_02	216.89352	0.2
AML_015_03	Crizotinib	Crizotinib_AML_015_03	213.40134	2.7
AML_015_04	Crizotinib	Crizotinib_AML_015_04	216.25197	1.1
AML_018_01	Crizotinib	Crizotinib_AML_018_01	214.48727	3.1
AML_019_01	Crizotinib	Crizotinib_AML_019_01	216.83792	0.9
AML_020_01	Crizotinib	Crizotinib_AML_020_01	217.29747	1.0
AML_022_01	Crizotinib	Crizotinib_AML_022_01	216.83394	7.9
AML_023_01	Crizotinib	Crizotinib_AML_023_01	209.30025	10.2
AML_023_03	Crizotinib	Crizotinib_AML_023_03	210.52081	8.8
AML_023_04	Crizotinib	Crizotinib_AML_023_04	210.7086	10.2
AML_024_01	Crizotinib	Crizotinib_AML_024_01	217.47203	0.6
AML_025_01	Crizotinib	Crizotinib_AML_025_01	218.85909	1.7
AML_026_01	Crizotinib	Crizotinib_AML_026_01	217.53664	0.2
AML_028_01	Crizotinib	Crizotinib_AML_028_01	216.56915	0.0
AML_028_04	Crizotinib	Crizotinib_AML_028_04	212.70663	0.0
AML_029_01	Crizotinib	Crizotinib_AML_029_01	215.30469	1.0
AML_030_01	Crizotinib	Crizotinib_AML_030_01	209.00209	0.5
AML_032_01	Crizotinib	Crizotinib_AML_032_01	218.5973	1.8
AML_033_01	Crizotinib	Crizotinib_AML_033_01	214.07744	4.3
AML_033_02	Crizotinib	Crizotinib_AML_033_02	211.15373	4.0
AML_035_02	Crizotinib	Crizotinib_AML_035_02	222.42213	0.2
AML_035_04	Crizotinib	Crizotinib_AML_035_04	217.36397	0.0
AML_036_01	Crizotinib	Crizotinib_AML_036_01	211.29713	2.4
AML_040_01	Crizotinib	Crizotinib_AML_040_01	211.40205	0.6
AML_041_01	Crizotinib	Crizotinib_AML_041_01	215.94217	0.0
AML_042_01	Crizotinib	Crizotinib_AML_042_01	215.08899	0.6
AML_043_02	Crizotinib	Crizotinib_AML_043_02	211.54431	0.6
AML_045_01	Crizotinib	Crizotinib_AML_045_01	215.22302	0.0
AML_046_01	Crizotinib	Crizotinib_AML_046_01	209.12404	2.8
AML_051_01	Crizotinib	Crizotinib_AML_051_01	208.10658	0.4
AML_052_01	Crizotinib	Crizotinib_AML_052_01	217.37852	0.2
AML_053_01	Crizotinib	Crizotinib_AML_053_01	224.06966	1.1
AML_054_01	Crizotinib	Crizotinib_AML_054_01	211.60614	5.2
AML_057_01	Crizotinib	Crizotinib_AML_057_01	213.14014	0.3
AML_058_01	Crizotinib	Crizotinib_AML_058_01	212.3604	2.0
AML_059_01	Crizotinib	Crizotinib_AML_059_01	212.27065	6.9
AML_060_01	Crizotinib	Crizotinib_AML_060_01	216.52914	3.6
AML_061_01	Crizotinib	Crizotinib_AML_061_01	212.41724	3.0
AML_062_01	Crizotinib	Crizotinib_AML_062_01	203.87363	0.0
AML_064_01	Crizotinib	Crizotinib_AML_064_01	210.96463	0.0
AML_065_01	Crizotinib	Crizotinib_AML_065_01	210.74591	0.2
AML_067_01	Crizotinib	Crizotinib_AML_067_01	211.21477	0.6
AML_070_01	Crizotinib	Crizotinib_AML_070_01	212.447	1.1
AML_072_01	Crizotinib	Crizotinib_AML_072_01	220.18675	1.1
AML_073_01	Crizotinib	Crizotinib_AML_073_01	219.40666	0.0
AML_074_01	Crizotinib	Crizotinib_AML_074_01	214.18492	1.2
AML_075_01	Crizotinib	Crizotinib_AML_075_01	214.49777	0.1
AML_076_01	Crizotinib	Crizotinib_AML_076_01	218.53389	0.0
AML_076_02	Crizotinib	Crizotinib_AML_076_02	211.84631	0.5
AML_077_01	Crizotinib	Crizotinib_AML_077_01	217.045	2.9
AML_078_02	Crizotinib	Crizotinib_AML_078_02	214.12169	0.5
AML_084_01	Crizotinib	Crizotinib_AML_084_01	213.22754	0.0
AML_086_02	Crizotinib	Crizotinib_AML_086_02	217.9731	1.9
AML_098_01	Crizotinib	Crizotinib_AML_098_01	211.35342	0.1
AML_100_01	Crizotinib	Crizotinib_AML_100_01	216.3188	0.6
AML_101_01	Crizotinib	Crizotinib_AML_101_01	207.27615	0.1
AML_101_02	Crizotinib	Crizotinib_AML_101_02	219.30568	0.8
AML_102_01	Crizotinib	Crizotinib_AML_102_01	206.8753	0.4
AML_103_01	Crizotinib	Crizotinib_AML_103_01	202.95738	0.4
AML_103_02	Crizotinib	Crizotinib_AML_103_02	210.40048	2.9
AML_104_01	Crizotinib	Crizotinib_AML_104_01	216.26768	0.0
AML_108_01	Crizotinib	Crizotinib_AML_108_01	206.5914	2.5
AML_109_01	Crizotinib	Crizotinib_AML_109_01	211.80296	1.1
AML_110_01	Crizotinib	Crizotinib_AML_110_01	211.67592	3.2
AML_112_01	Crizotinib	Crizotinib_AML_112_01	209.00671	0.1
AML_112_02	Crizotinib	Crizotinib_AML_112_02	212.97585	2.4
AML_113_01	Crizotinib	Crizotinib_AML_113_01	211.3637	4.6
AML_114_01	Crizotinib	Crizotinib_AML_114_01	213.3776	1.8
AML_115_01	Crizotinib	Crizotinib_AML_115_01	208.74927	2.2
AML_116_01	Crizotinib	Crizotinib_AML_116_01	212.23915	3.6
AML_117_01	Crizotinib	Crizotinib_AML_117_01	215.1869	1.2
AML_119_01	Crizotinib	Crizotinib_AML_119_01	206.13286	0.4
AML_120_01	Crizotinib	Crizotinib_AML_120_01	214.15077	8.8
AML_120_03	Crizotinib	Crizotinib_AML_120_03	216.23949	0.0
AML_122_01	Crizotinib	Crizotinib_AML_122_01	214.54568	0.0
AML_123_01	Crizotinib	Crizotinib_AML_123_01	217.52493	1.7
AML_124_01	Crizotinib	Crizotinib_AML_124_01	217.40102	3.3
AML_125_01	Crizotinib	Crizotinib_AML_125_01	217.30345	0.0
AML_126_01	Crizotinib	Crizotinib_AML_126_01	213.30597	4.6
AML_127_01	Crizotinib	Crizotinib_AML_127_01	213.87881	1.1
AML_128_01	Crizotinib	Crizotinib_AML_128_01	219.43886	3.2
AML_129_02	Crizotinib	Crizotinib_AML_129_02	211.02142	8.7
AML_129_03	Crizotinib	Crizotinib_AML_129_03	212.72089	11.7
AML_131_01	Crizotinib	Crizotinib_AML_131_01	214.37231	0.2
AML_133_01	Crizotinib	Crizotinib_AML_133_01	215.85408	3.8
AML_134_01	Crizotinib	Crizotinib_AML_134_01	214.99454	3.8
AML_135_01	Crizotinib	Crizotinib_AML_135_01	216.68292	1.1
AML_138_01	Crizotinib	Crizotinib_AML_138_01	220.62593	0.3
AML_139_01	Crizotinib	Crizotinib_AML_139_01	222.96198	2.7
AML_140_01	Crizotinib	Crizotinib_AML_140_01	215.77855	1.1
AML_142_01	Crizotinib	Crizotinib_AML_142_01	213.45483	5.9
AML_143_01	Crizotinib	Crizotinib_AML_143_01	212.78989	0.0
AML_144_01	Crizotinib	Crizotinib_AML_144_01	217.92557	2.7
AML_146_01	Crizotinib	Crizotinib_AML_146_01	218.98782	0.0
AML_147_01	Crizotinib	Crizotinib_AML_147_01	212.71413	0.2
AML_151_01	Crizotinib	Crizotinib_AML_151_01	206.64648	0.8
AML_152_01	Crizotinib	Crizotinib_AML_152_01	213.2194	0.4
AML_153_01	Crizotinib	Crizotinib_AML_153_01	212.03134	0.0
AML_156_01	Crizotinib	Crizotinib_AML_156_01	212.01169	1.1
AML_157_01	Crizotinib	Crizotinib_AML_157_01	214.7218	3.1
AML_157_02	Crizotinib	Crizotinib_AML_157_02	216.28816	1.9
AML_158_01	Crizotinib	Crizotinib_AML_158_01	216.73732	1.0
AML_159_01	Crizotinib	Crizotinib_AML_159_01	217.50359	1.0
AML_160_01	Crizotinib	Crizotinib_AML_160_01	211.24675	0.5
AML_161_01	Crizotinib	Crizotinib_AML_161_01	210.35132	1.2
AML_175_01	Crizotinib	Crizotinib_AML_175_01	215.27437	0.3
AML_179_01	Crizotinib	Crizotinib_AML_179_01	215.46045	6.9
AML_183_01	Crizotinib	Crizotinib_AML_183_01	214.52234	0.0
AML_183_02	Crizotinib	Crizotinib_AML_183_02	211.03271	0.9
AML_183_03	Crizotinib	Crizotinib_AML_183_03	209.48904	0.4
AML_184_01	Crizotinib	Crizotinib_AML_184_01	211.65573	8.5
AML_185_01	Crizotinib	Crizotinib_AML_185_01	220.83685	9.9
AML_001_01	Dasatinib	Dasatinib_AML_001_01	212.81668	0.0
AML_001_03	Dasatinib	Dasatinib_AML_001_03	212.76799	0.0
AML_002_01	Dasatinib	Dasatinib_AML_002_01	215.15666	11.1
AML_003_02	Dasatinib	Dasatinib_AML_003_02	216.71004	0.0
AML_004_01	Dasatinib	Dasatinib_AML_004_01	212.89807	7.9
AML_006_02	Dasatinib	Dasatinib_AML_006_02	216.54436	5.6
AML_007_01	Dasatinib	Dasatinib_AML_007_01	213.36072	3.7
AML_007_02	Dasatinib	Dasatinib_AML_007_02	215.69963	0.0
AML_012_01	Dasatinib	Dasatinib_AML_012_01	208.38277	1.9
AML_013_01	Dasatinib	Dasatinib_AML_013_01	209.53447	6.8
AML_014_01	Dasatinib	Dasatinib_AML_014_01	212.00735	0.0
AML_015_01	Dasatinib	Dasatinib_AML_015_01	209.45549	22.1
AML_015_02	Dasatinib	Dasatinib_AML_015_02	212.87787	23.4
AML_015_03	Dasatinib	Dasatinib_AML_015_03	211.34366	24.7
AML_015_04	Dasatinib	Dasatinib_AML_015_04	212.69011	32.5
AML_018_01	Dasatinib	Dasatinib_AML_018_01	210.34407	18.5
AML_019_01	Dasatinib	Dasatinib_AML_019_01	212.21394	2.4
AML_020_01	Dasatinib	Dasatinib_AML_020_01	211.72685	0.0
AML_022_01	Dasatinib	Dasatinib_AML_022_01	212.24481	14.9
AML_023_01	Dasatinib	Dasatinib_AML_023_01	204.34918	25.5
AML_023_03	Dasatinib	Dasatinib_AML_023_03	206.42432	12.0
AML_023_04	Dasatinib	Dasatinib_AML_023_04	207.99463	8.8
AML_024_01	Dasatinib	Dasatinib_AML_024_01	214.87843	0.0
AML_025_01	Dasatinib	Dasatinib_AML_025_01	214.63399	7.2
AML_026_01	Dasatinib	Dasatinib_AML_026_01	213.81831	2.1
AML_028_01	Dasatinib	Dasatinib_AML_028_01	213.31265	1.0
AML_028_04	Dasatinib	Dasatinib_AML_028_04	207.9385	0.0
AML_029_01	Dasatinib	Dasatinib_AML_029_01	209.27367	0.0
AML_030_01	Dasatinib	Dasatinib_AML_030_01	204.07741	0.2
AML_032_01	Dasatinib	Dasatinib_AML_032_01	215.10303	0.0
AML_033_01	Dasatinib	Dasatinib_AML_033_01	209.44382	9.1
AML_033_02	Dasatinib	Dasatinib_AML_033_02	208.19489	6.4
AML_035_02	Dasatinib	Dasatinib_AML_035_02	219.5387	0.0
AML_035_04	Dasatinib	Dasatinib_AML_035_04	213.44885	0.0
AML_036_01	Dasatinib	Dasatinib_AML_036_01	208.15175	0.0
AML_040_01	Dasatinib	Dasatinib_AML_040_01	211.4804	22.4
AML_041_01	Dasatinib	Dasatinib_AML_041_01	212.46414	12.8
AML_042_01	Dasatinib	Dasatinib_AML_042_01	211.5217	12.9
AML_043_02	Dasatinib	Dasatinib_AML_043_02	207.7464	4.6
AML_045_01	Dasatinib	Dasatinib_AML_045_01	210.66234	0.0
AML_046_01	Dasatinib	Dasatinib_AML_046_01	206.45197	13.0
AML_051_01	Dasatinib	Dasatinib_AML_051_01	205.77301	0.0
AML_052_01	Dasatinib	Dasatinib_AML_052_01	215.85068	0.0
AML_053_01	Dasatinib	Dasatinib_AML_053_01	221.49188	0.8
AML_054_01	Dasatinib	Dasatinib_AML_054_01	207.02779	0.0
AML_057_01	Dasatinib	Dasatinib_AML_057_01	209.39084	17.7
AML_058_01	Dasatinib	Dasatinib_AML_058_01	207.24434	6.9
AML_059_01	Dasatinib	Dasatinib_AML_059_01	207.87021	5.6
AML_060_01	Dasatinib	Dasatinib_AML_060_01	213.8158	1.7
AML_061_01	Dasatinib	Dasatinib_AML_061_01	208.82135	4.5
AML_062_01	Dasatinib	Dasatinib_AML_062_01	202.21646	15.8
AML_064_01	Dasatinib	Dasatinib_AML_064_01	209.5415	0.0
AML_065_01	Dasatinib	Dasatinib_AML_065_01	207.41013	13.8
AML_067_01	Dasatinib	Dasatinib_AML_067_01	204.92464	20.1
AML_070_01	Dasatinib	Dasatinib_AML_070_01	208.65897	0.0
AML_072_01	Dasatinib	Dasatinib_AML_072_01	216.20871	1.2
AML_073_01	Dasatinib	Dasatinib_AML_073_01	216.07074	5.4
AML_074_01	Dasatinib	Dasatinib_AML_074_01	209.29878	3.0
AML_075_01	Dasatinib	Dasatinib_AML_075_01	209.48048	4.7
AML_076_01	Dasatinib	Dasatinib_AML_076_01	215.39993	3.4
AML_076_02	Dasatinib	Dasatinib_AML_076_02	206.89706	2.8
AML_077_01	Dasatinib	Dasatinib_AML_077_01	213.10034	2.6
AML_078_02	Dasatinib	Dasatinib_AML_078_02	209.92857	0.0
AML_084_01	Dasatinib	Dasatinib_AML_084_01	206.85493	8.7
AML_086_02	Dasatinib	Dasatinib_AML_086_02	215.55972	6.1
AML_098_01	Dasatinib	Dasatinib_AML_098_01	208.81975	0.0
AML_100_01	Dasatinib	Dasatinib_AML_100_01	212.31403	4.6
AML_101_01	Dasatinib	Dasatinib_AML_101_01	202.35155	13.9
AML_101_02	Dasatinib	Dasatinib_AML_101_02	215.90585	0.0
AML_102_01	Dasatinib	Dasatinib_AML_102_01	202.62007	0.0
AML_103_01	Dasatinib	Dasatinib_AML_103_01	200.49463	8.1
AML_103_02	Dasatinib	Dasatinib_AML_103_02	205.39194	2.9
AML_104_01	Dasatinib	Dasatinib_AML_104_01	211.74193	0.0
AML_108_01	Dasatinib	Dasatinib_AML_108_01	202.06718	7.3
AML_109_01	Dasatinib	Dasatinib_AML_109_01	208.10835	3.2
AML_110_01	Dasatinib	Dasatinib_AML_110_01	207.74246	6.8
AML_112_01	Dasatinib	Dasatinib_AML_112_01	203.8754	14.4
AML_112_02	Dasatinib	Dasatinib_AML_112_02	208.61967	8.3
AML_113_01	Dasatinib	Dasatinib_AML_113_01	207.3341	14.0
AML_114_01	Dasatinib	Dasatinib_AML_114_01	208.03189	2.4
AML_115_01	Dasatinib	Dasatinib_AML_115_01	204.71628	19.0
AML_116_01	Dasatinib	Dasatinib_AML_116_01	208.48875	0.0
AML_117_01	Dasatinib	Dasatinib_AML_117_01	210.82404	0.0
AML_119_01	Dasatinib	Dasatinib_AML_119_01	201.24155	2.7
AML_120_01	Dasatinib	Dasatinib_AML_120_01	209.04657	35.0
AML_120_03	Dasatinib	Dasatinib_AML_120_03	212.05003	23.1
AML_122_01	Dasatinib	Dasatinib_AML_122_01	213.01483	0.0
AML_123_01	Dasatinib	Dasatinib_AML_123_01	213.55827	7.1
AML_124_01	Dasatinib	Dasatinib_AML_124_01	212.09299	5.4
AML_125_01	Dasatinib	Dasatinib_AML_125_01	214.03508	0.7
AML_126_01	Dasatinib	Dasatinib_AML_126_01	207.58066	6.8
AML_127_01	Dasatinib	Dasatinib_AML_127_01	211.27339	4.5
AML_128_01	Dasatinib	Dasatinib_AML_128_01	214.26836	3.0
AML_129_02	Dasatinib	Dasatinib_AML_129_02	209.30864	21.4
AML_129_03	Dasatinib	Dasatinib_AML_129_03	211.92986	8.5
AML_131_01	Dasatinib	Dasatinib_AML_131_01	211.19405	0.0
AML_133_01	Dasatinib	Dasatinib_AML_133_01	211.63593	0.5
AML_134_01	Dasatinib	Dasatinib_AML_134_01	211.92377	0.0
AML_135_01	Dasatinib	Dasatinib_AML_135_01	214.2662	9.9
AML_138_01	Dasatinib	Dasatinib_AML_138_01	217.79063	2.1
AML_139_01	Dasatinib	Dasatinib_AML_139_01	219.84004	8.9
AML_140_01	Dasatinib	Dasatinib_AML_140_01	210.54701	4.8
AML_142_01	Dasatinib	Dasatinib_AML_142_01	207.58965	1.5
AML_143_01	Dasatinib	Dasatinib_AML_143_01	208.52324	0.0
AML_144_01	Dasatinib	Dasatinib_AML_144_01	215.72858	0.0
AML_146_01	Dasatinib	Dasatinib_AML_146_01	215.40437	0.0
AML_147_01	Dasatinib	Dasatinib_AML_147_01	209.72311	8.5
AML_151_01	Dasatinib	Dasatinib_AML_151_01	204.4947	5.7
AML_152_01	Dasatinib	Dasatinib_AML_152_01	209.58405	2.0
AML_153_01	Dasatinib	Dasatinib_AML_153_01	209.02553	0.3
AML_156_01	Dasatinib	Dasatinib_AML_156_01	208.0083	5.0
AML_157_01	Dasatinib	Dasatinib_AML_157_01	212.9322	15.0
AML_157_02	Dasatinib	Dasatinib_AML_157_02	213.18756	15.4
AML_158_01	Dasatinib	Dasatinib_AML_158_01	212.56723	4.2
AML_159_01	Dasatinib	Dasatinib_AML_159_01	212.33018	8.2
AML_160_01	Dasatinib	Dasatinib_AML_160_01	206.54811	2.8
AML_161_01	Dasatinib	Dasatinib_AML_161_01	206.42334	5.9
AML_175_01	Dasatinib	Dasatinib_AML_175_01	210.10141	5.4
AML_179_01	Dasatinib	Dasatinib_AML_179_01	213.01883	2.7
AML_183_01	Dasatinib	Dasatinib_AML_183_01	209.24637	0.0
AML_183_02	Dasatinib	Dasatinib_AML_183_02	204.6429	2.7
AML_183_03	Dasatinib	Dasatinib_AML_183_03	205.94456	3.5
AML_184_01	Dasatinib	Dasatinib_AML_184_01	206.45456	17.0
AML_185_01	Dasatinib	Dasatinib_AML_185_01	218.19334	0.1
AML_001_01	Doramapimod	Doramapimod_AML_001_01	212.1803	0.2
AML_001_03	Doramapimod	Doramapimod_AML_001_03	208.54561	4.6
AML_002_01	Doramapimod	Doramapimod_AML_002_01	214.64586	4.4
AML_003_02	Doramapimod	Doramapimod_AML_003_02	217.18993	16.7
AML_004_01	Doramapimod	Doramapimod_AML_004_01	209.05252	9.3
AML_006_02	Doramapimod	Doramapimod_AML_006_02	213.55678	5.4
AML_007_01	Doramapimod	Doramapimod_AML_007_01	207.29626	0.0
AML_007_02	Doramapimod	Doramapimod_AML_007_02	210.53275	0.0
AML_012_01	Doramapimod	Doramapimod_AML_012_01	209.7337	4.6
AML_013_01	Doramapimod	Doramapimod_AML_013_01	211.20193	21.5
AML_014_01	Doramapimod	Doramapimod_AML_014_01	210.36102	0.7
AML_015_01	Doramapimod	Doramapimod_AML_015_01	208.03487	6.9
AML_015_02	Doramapimod	Doramapimod_AML_015_02	210.0447	0.1
AML_015_03	Doramapimod	Doramapimod_AML_015_03	208.51593	2.5
AML_015_04	Doramapimod	Doramapimod_AML_015_04	212.1423	7.3
AML_018_01	Doramapimod	Doramapimod_AML_018_01	210.2023	1.8
AML_019_01	Doramapimod	Doramapimod_AML_019_01	211.4727	5.0
AML_020_01	Doramapimod	Doramapimod_AML_020_01	212.80711	0.8
AML_022_01	Doramapimod	Doramapimod_AML_022_01	209.25262	0.0
AML_023_01	Doramapimod	Doramapimod_AML_023_01	201.48119	0.0
AML_023_03	Doramapimod	Doramapimod_AML_023_03	203.72783	0.0
AML_023_04	Doramapimod	Doramapimod_AML_023_04	204.61119	0.0
AML_024_01	Doramapimod	Doramapimod_AML_024_01	211.07364	0.0
AML_025_01	Doramapimod	Doramapimod_AML_025_01	212.48975	0.7
AML_026_01	Doramapimod	Doramapimod_AML_026_01	211.24474	0.0
AML_028_01	Doramapimod	Doramapimod_AML_028_01	211.31961	0.7
AML_028_04	Doramapimod	Doramapimod_AML_028_04	209.93282	4.0
AML_029_01	Doramapimod	Doramapimod_AML_029_01	208.66185	10.2
AML_030_01	Doramapimod	Doramapimod_AML_030_01	201.90366	2.9
AML_032_01	Doramapimod	Doramapimod_AML_032_01	212.96635	0.0
AML_033_01	Doramapimod	Doramapimod_AML_033_01	207.81078	3.4
AML_033_02	Doramapimod	Doramapimod_AML_033_02	206.5433	3.2
AML_035_02	Doramapimod	Doramapimod_AML_035_02	216.93457	0.0
AML_035_04	Doramapimod	Doramapimod_AML_035_04	214.2939	0.0
AML_036_01	Doramapimod	Doramapimod_AML_036_01	203.35292	0.0
AML_040_01	Doramapimod	Doramapimod_AML_040_01	206.30142	14.3
AML_041_01	Doramapimod	Doramapimod_AML_041_01	206.3716	0.0
AML_042_01	Doramapimod	Doramapimod_AML_042_01	206.92683	3.0
AML_043_02	Doramapimod	Doramapimod_AML_043_02	209.0505	3.6
AML_045_01	Doramapimod	Doramapimod_AML_045_01	210.19934	2.7
AML_046_01	Doramapimod	Doramapimod_AML_046_01	205.27512	9.8
AML_051_01	Doramapimod	Doramapimod_AML_051_01	203.54237	2.6
AML_052_01	Doramapimod	Doramapimod_AML_052_01	215.62311	4.5
AML_053_01	Doramapimod	Doramapimod_AML_053_01	217.0063	7.8
AML_054_01	Doramapimod	Doramapimod_AML_054_01	206.06078	18.5
AML_057_01	Doramapimod	Doramapimod_AML_057_01	203.41725	5.1
AML_058_01	Doramapimod	Doramapimod_AML_058_01	205.38759	7.5
AML_059_01	Doramapimod	Doramapimod_AML_059_01	205.23099	10.4
AML_060_01	Doramapimod	Doramapimod_AML_060_01	211.9284	7.6
AML_061_01	Doramapimod	Doramapimod_AML_061_01	205.42792	6.9
AML_062_01	Doramapimod	Doramapimod_AML_062_01	196.638	3.6
AML_064_01	Doramapimod	Doramapimod_AML_064_01	205.35255	0.0
AML_065_01	Doramapimod	Doramapimod_AML_065_01	203.30923	3.9
AML_067_01	Doramapimod	Doramapimod_AML_067_01	203.40744	4.3
AML_070_01	Doramapimod	Doramapimod_AML_070_01	205.63583	3.4
AML_072_01	Doramapimod	Doramapimod_AML_072_01	214.85728	8.0
AML_073_01	Doramapimod	Doramapimod_AML_073_01	215.2118	3.5
AML_074_01	Doramapimod	Doramapimod_AML_074_01	206.9473	4.4
AML_075_01	Doramapimod	Doramapimod_AML_075_01	204.77583	5.6
AML_076_01	Doramapimod	Doramapimod_AML_076_01	210.02832	0.0
AML_076_02	Doramapimod	Doramapimod_AML_076_02	207.08759	5.4
AML_077_01	Doramapimod	Doramapimod_AML_077_01	210.18724	1.6
AML_078_02	Doramapimod	Doramapimod_AML_078_02	205.25475	0.4
AML_084_01	Doramapimod	Doramapimod_AML_084_01	206.56903	0.6
AML_086_02	Doramapimod	Doramapimod_AML_086_02	213.84099	6.7
AML_098_01	Doramapimod	Doramapimod_AML_098_01	203.02113	0.0
AML_100_01	Doramapimod	Doramapimod_AML_100_01	208.17975	2.2
AML_101_01	Doramapimod	Doramapimod_AML_101_01	202.61957	14.3
AML_101_02	Doramapimod	Doramapimod_AML_101_02	216.40506	9.1
AML_102_01	Doramapimod	Doramapimod_AML_102_01	196.6565	0.0
AML_103_01	Doramapimod	Doramapimod_AML_103_01	195.86487	0.0
AML_103_02	Doramapimod	Doramapimod_AML_103_02	206.91983	8.0
AML_104_01	Doramapimod	Doramapimod_AML_104_01	206.75478	0.8
AML_108_01	Doramapimod	Doramapimod_AML_108_01	198.40681	0.2
AML_109_01	Doramapimod	Doramapimod_AML_109_01	208.16913	1.1
AML_110_01	Doramapimod	Doramapimod_AML_110_01	204.4372	2.2
AML_112_01	Doramapimod	Doramapimod_AML_112_01	199.4753	0.0
AML_112_02	Doramapimod	Doramapimod_AML_112_02	203.75197	0.0
AML_113_01	Doramapimod	Doramapimod_AML_113_01	206.20157	1.4
AML_114_01	Doramapimod	Doramapimod_AML_114_01	204.60413	0.0
AML_115_01	Doramapimod	Doramapimod_AML_115_01	200.72267	4.0
AML_116_01	Doramapimod	Doramapimod_AML_116_01	206.215	0.7
AML_117_01	Doramapimod	Doramapimod_AML_117_01	207.65767	4.3
AML_119_01	Doramapimod	Doramapimod_AML_119_01	198.07933	5.4
AML_120_01	Doramapimod	Doramapimod_AML_120_01	207.56926	0.0
AML_120_03	Doramapimod	Doramapimod_AML_120_03	209.72678	0.0
AML_122_01	Doramapimod	Doramapimod_AML_122_01	206.66191	0.0
AML_123_01	Doramapimod	Doramapimod_AML_123_01	209.82024	1.1
AML_124_01	Doramapimod	Doramapimod_AML_124_01	210.74785	0.5
AML_125_01	Doramapimod	Doramapimod_AML_125_01	209.94478	15.5
AML_126_01	Doramapimod	Doramapimod_AML_126_01	205.22601	10.8
AML_127_01	Doramapimod	Doramapimod_AML_127_01	207.12466	1.3
AML_128_01	Doramapimod	Doramapimod_AML_128_01	213.99564	7.7
AML_129_02	Doramapimod	Doramapimod_AML_129_02	203.59615	9.2
AML_129_03	Doramapimod	Doramapimod_AML_129_03	208.16881	7.2
AML_131_01	Doramapimod	Doramapimod_AML_131_01	207.54384	0.0
AML_133_01	Doramapimod	Doramapimod_AML_133_01	211.85292	17.4
AML_134_01	Doramapimod	Doramapimod_AML_134_01	212.44719	3.4
AML_135_01	Doramapimod	Doramapimod_AML_135_01	210.75642	4.3
AML_138_01	Doramapimod	Doramapimod_AML_138_01	215.97005	0.0
AML_139_01	Doramapimod	Doramapimod_AML_139_01	218.7834	6.1
AML_140_01	Doramapimod	Doramapimod_AML_140_01	209.70181	0.0
AML_142_01	Doramapimod	Doramapimod_AML_142_01	209.80891	19.7
AML_143_01	Doramapimod	Doramapimod_AML_143_01	205.1099	4.8
AML_144_01	Doramapimod	Doramapimod_AML_144_01	214.98227	9.6
AML_146_01	Doramapimod	Doramapimod_AML_146_01	211.1228	2.7
AML_147_01	Doramapimod	Doramapimod_AML_147_01	204.70508	1.9
AML_151_01	Doramapimod	Doramapimod_AML_151_01	202.00363	16.7
AML_152_01	Doramapimod	Doramapimod_AML_152_01	206.64316	4.1
AML_153_01	Doramapimod	Doramapimod_AML_153_01	208.76585	1.7
AML_156_01	Doramapimod	Doramapimod_AML_156_01	208.89316	13.9
AML_157_01	Doramapimod	Doramapimod_AML_157_01	208.18399	0.0
AML_157_02	Doramapimod	Doramapimod_AML_157_02	212.40068	7.9
AML_158_01	Doramapimod	Doramapimod_AML_158_01	209.69028	1.3
AML_159_01	Doramapimod	Doramapimod_AML_159_01	209.85667	5.1
AML_160_01	Doramapimod	Doramapimod_AML_160_01	206.16505	1.7
AML_161_01	Doramapimod	Doramapimod_AML_161_01	205.67989	7.2
AML_175_01	Doramapimod	Doramapimod_AML_175_01	206.9621	4.7
AML_179_01	Doramapimod	Doramapimod_AML_179_01	212.12938	0.0
AML_183_01	Doramapimod	Doramapimod_AML_183_01	207.29051	0.0
AML_183_02	Doramapimod	Doramapimod_AML_183_02	201.83224	1.6
AML_183_03	Doramapimod	Doramapimod_AML_183_03	202.11053	0.0
AML_184_01	Doramapimod	Doramapimod_AML_184_01	203.97734	9.6
AML_185_01	Doramapimod	Doramapimod_AML_185_01	217.0043	3.7
AML_001_01	Dovitinib	Dovitinib_AML_001_01	214.3341	0.0
AML_001_03	Dovitinib	Dovitinib_AML_001_03	212.4437	0.5
AML_002_01	Dovitinib	Dovitinib_AML_002_01	214.40387	0.2
AML_003_02	Dovitinib	Dovitinib_AML_003_02	216.42192	7.5
AML_004_01	Dovitinib	Dovitinib_AML_004_01	210.24243	3.2
AML_006_02	Dovitinib	Dovitinib_AML_006_02	217.78804	0.1
AML_007_01	Dovitinib	Dovitinib_AML_007_01	212.56514	0.0
AML_007_02	Dovitinib	Dovitinib_AML_007_02	214.29172	0.0
AML_012_01	Dovitinib	Dovitinib_AML_012_01	206.34055	7.0
AML_013_01	Dovitinib	Dovitinib_AML_013_01	209.22993	11.1
AML_014_01	Dovitinib	Dovitinib_AML_014_01	206.19534	0.0
AML_015_01	Dovitinib	Dovitinib_AML_015_01	206.14163	6.1
AML_015_02	Dovitinib	Dovitinib_AML_015_02	212.93852	3.6
AML_015_03	Dovitinib	Dovitinib_AML_015_03	206.9092	8.1
AML_015_04	Dovitinib	Dovitinib_AML_015_04	210.7846	9.5
AML_018_01	Dovitinib	Dovitinib_AML_018_01	206.61067	10.4
AML_019_01	Dovitinib	Dovitinib_AML_019_01	209.94135	0.7
AML_020_01	Dovitinib	Dovitinib_AML_020_01	210.87363	3.0
AML_022_01	Dovitinib	Dovitinib_AML_022_01	211.60545	0.0
AML_023_01	Dovitinib	Dovitinib_AML_023_01	203.59076	0.0
AML_023_03	Dovitinib	Dovitinib_AML_023_03	204.69585	0.0
AML_023_04	Dovitinib	Dovitinib_AML_023_04	204.34538	1.9
AML_024_01	Dovitinib	Dovitinib_AML_024_01	211.60896	2.3
AML_025_01	Dovitinib	Dovitinib_AML_025_01	214.85555	0.4
AML_026_01	Dovitinib	Dovitinib_AML_026_01	213.96028	1.3
AML_028_01	Dovitinib	Dovitinib_AML_028_01	212.83667	9.0
AML_028_04	Dovitinib	Dovitinib_AML_028_04	208.10275	12.8
AML_029_01	Dovitinib	Dovitinib_AML_029_01	211.88731	0.9
AML_030_01	Dovitinib	Dovitinib_AML_030_01	204.51656	0.4
AML_032_01	Dovitinib	Dovitinib_AML_032_01	211.92805	0.0
AML_033_01	Dovitinib	Dovitinib_AML_033_01	207.75981	3.4
AML_033_02	Dovitinib	Dovitinib_AML_033_02	203.7421	2.8
AML_035_02	Dovitinib	Dovitinib_AML_035_02	218.41261	0.0
AML_035_04	Dovitinib	Dovitinib_AML_035_04	213.15387	0.2
AML_036_01	Dovitinib	Dovitinib_AML_036_01	205.31088	2.6
AML_040_01	Dovitinib	Dovitinib_AML_040_01	204.95996	2.5
AML_041_01	Dovitinib	Dovitinib_AML_041_01	213.26613	1.0
AML_042_01	Dovitinib	Dovitinib_AML_042_01	211.53989	0.4
AML_043_02	Dovitinib	Dovitinib_AML_043_02	204.68137	0.9
AML_045_01	Dovitinib	Dovitinib_AML_045_01	210.7273	0.0
AML_046_01	Dovitinib	Dovitinib_AML_046_01	203.66226	16.9
AML_051_01	Dovitinib	Dovitinib_AML_051_01	204.6866	1.1
AML_052_01	Dovitinib	Dovitinib_AML_052_01	211.12701	0.0
AML_053_01	Dovitinib	Dovitinib_AML_053_01	219.92104	3.8
AML_054_01	Dovitinib	Dovitinib_AML_054_01	203.15936	3.9
AML_057_01	Dovitinib	Dovitinib_AML_057_01	207.4951	0.2
AML_058_01	Dovitinib	Dovitinib_AML_058_01	205.59026	4.5
AML_059_01	Dovitinib	Dovitinib_AML_059_01	206.9672	4.1
AML_060_01	Dovitinib	Dovitinib_AML_060_01	212.69768	2.3
AML_061_01	Dovitinib	Dovitinib_AML_061_01	208.06317	2.9
AML_062_01	Dovitinib	Dovitinib_AML_062_01	199.41718	6.0
AML_064_01	Dovitinib	Dovitinib_AML_064_01	205.82126	0.0
AML_065_01	Dovitinib	Dovitinib_AML_065_01	206.10393	3.6
AML_067_01	Dovitinib	Dovitinib_AML_067_01	208.51282	2.8
AML_070_01	Dovitinib	Dovitinib_AML_070_01	209.81067	0.0
AML_072_01	Dovitinib	Dovitinib_AML_072_01	215.9186	0.2
AML_073_01	Dovitinib	Dovitinib_AML_073_01	213.55937	0.0
AML_074_01	Dovitinib	Dovitinib_AML_074_01	211.41061	0.0
AML_075_01	Dovitinib	Dovitinib_AML_075_01	211.36029	0.0
AML_076_01	Dovitinib	Dovitinib_AML_076_01	216.8133	0.0
AML_076_02	Dovitinib	Dovitinib_AML_076_02	206.64464	2.2
AML_077_01	Dovitinib	Dovitinib_AML_077_01	212.4399	0.3
AML_078_02	Dovitinib	Dovitinib_AML_078_02	211.80737	0.0
AML_084_01	Dovitinib	Dovitinib_AML_084_01	208.87727	4.6
AML_086_02	Dovitinib	Dovitinib_AML_086_02	214.64127	0.2
AML_098_01	Dovitinib	Dovitinib_AML_098_01	205.65698	0.0
AML_100_01	Dovitinib	Dovitinib_AML_100_01	212.5835	0.6
AML_101_01	Dovitinib	Dovitinib_AML_101_01	203.6418	5.8
AML_101_02	Dovitinib	Dovitinib_AML_101_02	215.79318	3.0
AML_102_01	Dovitinib	Dovitinib_AML_102_01	203.02692	0.0
AML_103_01	Dovitinib	Dovitinib_AML_103_01	199.31375	0.0
AML_103_02	Dovitinib	Dovitinib_AML_103_02	205.13507	2.6
AML_104_01	Dovitinib	Dovitinib_AML_104_01	212.53561	0.0
AML_108_01	Dovitinib	Dovitinib_AML_108_01	201.75517	0.3
AML_109_01	Dovitinib	Dovitinib_AML_109_01	208.14845	2.0
AML_110_01	Dovitinib	Dovitinib_AML_110_01	207.9857	0.7
AML_112_01	Dovitinib	Dovitinib_AML_112_01	205.49373	1.3
AML_112_02	Dovitinib	Dovitinib_AML_112_02	208.59094	0.0
AML_113_01	Dovitinib	Dovitinib_AML_113_01	207.01826	1.3
AML_114_01	Dovitinib	Dovitinib_AML_114_01	210.75362	0.5
AML_115_01	Dovitinib	Dovitinib_AML_115_01	204.4002	0.4
AML_116_01	Dovitinib	Dovitinib_AML_116_01	207.4101	0.8
AML_117_01	Dovitinib	Dovitinib_AML_117_01	213.22415	0.0
AML_119_01	Dovitinib	Dovitinib_AML_119_01	204.45026	0.0
AML_120_01	Dovitinib	Dovitinib_AML_120_01	207.51173	2.6
AML_120_03	Dovitinib	Dovitinib_AML_120_03	210.50003	4.6
AML_122_01	Dovitinib	Dovitinib_AML_122_01	209.58417	0.0
AML_123_01	Dovitinib	Dovitinib_AML_123_01	214.52542	0.9
AML_124_01	Dovitinib	Dovitinib_AML_124_01	214.7714	1.5
AML_125_01	Dovitinib	Dovitinib_AML_125_01	212.51617	0.0
AML_126_01	Dovitinib	Dovitinib_AML_126_01	209.4154	2.7
AML_127_01	Dovitinib	Dovitinib_AML_127_01	208.27509	0.0
AML_128_01	Dovitinib	Dovitinib_AML_128_01	215.87978	0.3
AML_129_02	Dovitinib	Dovitinib_AML_129_02	203.96516	5.0
AML_129_03	Dovitinib	Dovitinib_AML_129_03	207.36493	2.8
AML_131_01	Dovitinib	Dovitinib_AML_131_01	210.16992	0.0
AML_133_01	Dovitinib	Dovitinib_AML_133_01	208.84273	1.2
AML_134_01	Dovitinib	Dovitinib_AML_134_01	210.9755	1.8
AML_135_01	Dovitinib	Dovitinib_AML_135_01	213.58734	1.7
AML_138_01	Dovitinib	Dovitinib_AML_138_01	213.91309	3.4
AML_139_01	Dovitinib	Dovitinib_AML_139_01	217.42503	4.5
AML_140_01	Dovitinib	Dovitinib_AML_140_01	210.90564	0.6
AML_142_01	Dovitinib	Dovitinib_AML_142_01	207.15431	4.6
AML_143_01	Dovitinib	Dovitinib_AML_143_01	208.62135	0.0
AML_144_01	Dovitinib	Dovitinib_AML_144_01	214.61691	0.7
AML_146_01	Dovitinib	Dovitinib_AML_146_01	212.60791	0.0
AML_147_01	Dovitinib	Dovitinib_AML_147_01	207.85933	1.1
AML_151_01	Dovitinib	Dovitinib_AML_151_01	201.81548	1.7
AML_152_01	Dovitinib	Dovitinib_AML_152_01	208.50925	0.5
AML_153_01	Dovitinib	Dovitinib_AML_153_01	206.85686	0.0
AML_156_01	Dovitinib	Dovitinib_AML_156_01	208.71127	0.0
AML_157_01	Dovitinib	Dovitinib_AML_157_01	207.39009	2.1
AML_157_02	Dovitinib	Dovitinib_AML_157_02	210.9082	3.4
AML_158_01	Dovitinib	Dovitinib_AML_158_01	211.85289	0.8
AML_159_01	Dovitinib	Dovitinib_AML_159_01	211.29013	1.4
AML_160_01	Dovitinib	Dovitinib_AML_160_01	207.59644	1.2
AML_161_01	Dovitinib	Dovitinib_AML_161_01	203.6489	0.0
AML_175_01	Dovitinib	Dovitinib_AML_175_01	213.45651	1.1
AML_179_01	Dovitinib	Dovitinib_AML_179_01	209.43442	5.1
AML_183_01	Dovitinib	Dovitinib_AML_183_01	209.26031	0.0
AML_183_02	Dovitinib	Dovitinib_AML_183_02	207.34991	0.0
AML_183_03	Dovitinib	Dovitinib_AML_183_03	205.28154	2.3
AML_184_01	Dovitinib	Dovitinib_AML_184_01	208.24617	0.5
AML_185_01	Dovitinib	Dovitinib_AML_185_01	213.74371	0.8
AML_019_01	Entospletinib	Entospletinib_AML_019_01	212.80057	0.0
AML_025_01	Entospletinib	Entospletinib_AML_025_01	212.73187	0.1
AML_026_01	Entospletinib	Entospletinib_AML_026_01	210.68828	0.0
AML_029_01	Entospletinib	Entospletinib_AML_029_01	209.95142	0.0
AML_030_01	Entospletinib	Entospletinib_AML_030_01	202.07521	0.0
AML_033_01	Entospletinib	Entospletinib_AML_033_01	209.42827	3.6
AML_033_02	Entospletinib	Entospletinib_AML_033_02	207.40031	2.3
AML_043_02	Entospletinib	Entospletinib_AML_043_02	210.71419	0.0
AML_052_01	Entospletinib	Entospletinib_AML_052_01	218.61217	0.0
AML_070_01	Entospletinib	Entospletinib_AML_070_01	205.86433	0.0
AML_074_01	Entospletinib	Entospletinib_AML_074_01	208.15982	0.0
AML_076_02	Entospletinib	Entospletinib_AML_076_02	208.89285	0.0
AML_078_02	Entospletinib	Entospletinib_AML_078_02	208.40524	0.0
AML_086_02	Entospletinib	Entospletinib_AML_086_02	213.92587	0.0
AML_098_01	Entospletinib	Entospletinib_AML_098_01	205.02286	0.0
AML_100_01	Entospletinib	Entospletinib_AML_100_01	209.23401	0.0
AML_101_01	Entospletinib	Entospletinib_AML_101_01	204.74606	4.6
AML_101_02	Entospletinib	Entospletinib_AML_101_02	217.98062	0.7
AML_102_01	Entospletinib	Entospletinib_AML_102_01	200.72235	0.0
AML_103_01	Entospletinib	Entospletinib_AML_103_01	198.98357	0.0
AML_103_02	Entospletinib	Entospletinib_AML_103_02	207.29642	0.0
AML_104_01	Entospletinib	Entospletinib_AML_104_01	209.71484	0.0
AML_108_01	Entospletinib	Entospletinib_AML_108_01	201.68092	1.3
AML_109_01	Entospletinib	Entospletinib_AML_109_01	209.93213	0.0
AML_110_01	Entospletinib	Entospletinib_AML_110_01	205.86884	1.6
AML_112_01	Entospletinib	Entospletinib_AML_112_01	201.51517	0.5
AML_112_02	Entospletinib	Entospletinib_AML_112_02	206.17322	0.0
AML_113_01	Entospletinib	Entospletinib_AML_113_01	208.14798	5.5
AML_114_01	Entospletinib	Entospletinib_AML_114_01	206.13121	0.0
AML_115_01	Entospletinib	Entospletinib_AML_115_01	203.19472	0.0
AML_116_01	Entospletinib	Entospletinib_AML_116_01	208.38606	1.8
AML_117_01	Entospletinib	Entospletinib_AML_117_01	209.73845	0.0
AML_119_01	Entospletinib	Entospletinib_AML_119_01	201.26273	0.2
AML_122_01	Entospletinib	Entospletinib_AML_122_01	209.9219	0.0
AML_123_01	Entospletinib	Entospletinib_AML_123_01	211.59557	0.0
AML_124_01	Entospletinib	Entospletinib_AML_124_01	212.78442	0.0
AML_125_01	Entospletinib	Entospletinib_AML_125_01	213.22939	0.0
AML_126_01	Entospletinib	Entospletinib_AML_126_01	205.8615	5.6
AML_127_01	Entospletinib	Entospletinib_AML_127_01	208.33318	0.0
AML_128_01	Entospletinib	Entospletinib_AML_128_01	214.82784	0.0
AML_131_01	Entospletinib	Entospletinib_AML_131_01	209.31284	0.0
AML_133_01	Entospletinib	Entospletinib_AML_133_01	215.94412	0.0
AML_134_01	Entospletinib	Entospletinib_AML_134_01	213.9283	0.0
AML_135_01	Entospletinib	Entospletinib_AML_135_01	213.23375	0.5
AML_138_01	Entospletinib	Entospletinib_AML_138_01	216.80783	0.0
AML_139_01	Entospletinib	Entospletinib_AML_139_01	219.61865	0.0
AML_140_01	Entospletinib	Entospletinib_AML_140_01	211.58437	0.0
AML_142_01	Entospletinib	Entospletinib_AML_142_01	211.31674	0.0
AML_143_01	Entospletinib	Entospletinib_AML_143_01	207.80254	0.0
AML_144_01	Entospletinib	Entospletinib_AML_144_01	215.222	0.0
AML_146_01	Entospletinib	Entospletinib_AML_146_01	212.82469	0.0
AML_147_01	Entospletinib	Entospletinib_AML_147_01	205.57729	0.0
AML_151_01	Entospletinib	Entospletinib_AML_151_01	200.71498	0.0
AML_152_01	Entospletinib	Entospletinib_AML_152_01	208.52467	0.0
AML_153_01	Entospletinib	Entospletinib_AML_153_01	210.17412	0.0
AML_156_01	Entospletinib	Entospletinib_AML_156_01	209.90036	3.5
AML_157_01	Entospletinib	Entospletinib_AML_157_01	209.46742	0.0
AML_157_02	Entospletinib	Entospletinib_AML_157_02	212.5043	0.0
AML_158_01	Entospletinib	Entospletinib_AML_158_01	211.01688	0.0
AML_159_01	Entospletinib	Entospletinib_AML_159_01	211.0589	0.0
AML_160_01	Entospletinib	Entospletinib_AML_160_01	205.73213	0.0
AML_161_01	Entospletinib	Entospletinib_AML_161_01	206.78494	3.5
AML_183_02	Entospletinib	Entospletinib_AML_183_02	204.03775	0.5
AML_183_03	Entospletinib	Entospletinib_AML_183_03	204.89551	0.0
AML_001_01	Erlotinib	Erlotinib_AML_001_01	212.43213	0.0
AML_001_03	Erlotinib	Erlotinib_AML_001_03	211.08493	3.7
AML_002_01	Erlotinib	Erlotinib_AML_002_01	214.79979	1.7
AML_003_02	Erlotinib	Erlotinib_AML_003_02	216.97928	1.9
AML_004_01	Erlotinib	Erlotinib_AML_004_01	210.53722	3.9
AML_006_02	Erlotinib	Erlotinib_AML_006_02	218.77641	0.8
AML_007_01	Erlotinib	Erlotinib_AML_007_01	210.09125	2.9
AML_007_02	Erlotinib	Erlotinib_AML_007_02	213.12091	2.9
AML_012_01	Erlotinib	Erlotinib_AML_012_01	208.72194	6.8
AML_013_01	Erlotinib	Erlotinib_AML_013_01	211.50546	7.4
AML_014_01	Erlotinib	Erlotinib_AML_014_01	210.44887	0.3
AML_015_01	Erlotinib	Erlotinib_AML_015_01	210.24382	4.6
AML_015_02	Erlotinib	Erlotinib_AML_015_02	211.63287	2.6
AML_015_03	Erlotinib	Erlotinib_AML_015_03	208.2274	4.1
AML_015_04	Erlotinib	Erlotinib_AML_015_04	212.34087	7.4
AML_018_01	Erlotinib	Erlotinib_AML_018_01	209.70642	4.8
AML_019_01	Erlotinib	Erlotinib_AML_019_01	211.32956	5.5
AML_020_01	Erlotinib	Erlotinib_AML_020_01	213.96017	0.8
AML_022_01	Erlotinib	Erlotinib_AML_022_01	211.03868	0.0
AML_023_01	Erlotinib	Erlotinib_AML_023_01	203.6645	1.7
AML_023_03	Erlotinib	Erlotinib_AML_023_03	204.40456	0.9
AML_023_04	Erlotinib	Erlotinib_AML_023_04	205.76772	1.1
AML_024_01	Erlotinib	Erlotinib_AML_024_01	213.4226	4.1
AML_025_01	Erlotinib	Erlotinib_AML_025_01	213.36504	3.6
AML_026_01	Erlotinib	Erlotinib_AML_026_01	212.69423	0.0
AML_028_01	Erlotinib	Erlotinib_AML_028_01	212.16287	1.7
AML_028_04	Erlotinib	Erlotinib_AML_028_04	208.13008	7.2
AML_029_01	Erlotinib	Erlotinib_AML_029_01	211.21281	4.1
AML_030_01	Erlotinib	Erlotinib_AML_030_01	203.51123	2.1
AML_032_01	Erlotinib	Erlotinib_AML_032_01	213.67686	1.6
AML_033_01	Erlotinib	Erlotinib_AML_033_01	211.42725	6.4
AML_033_02	Erlotinib	Erlotinib_AML_033_02	206.80768	5.5
AML_035_02	Erlotinib	Erlotinib_AML_035_02	218.67009	0.0
AML_035_04	Erlotinib	Erlotinib_AML_035_04	214.36406	0.1
AML_036_01	Erlotinib	Erlotinib_AML_036_01	204.92296	1.0
AML_040_01	Erlotinib	Erlotinib_AML_040_01	207.41393	4.8
AML_041_01	Erlotinib	Erlotinib_AML_041_01	210.17221	2.5
AML_042_01	Erlotinib	Erlotinib_AML_042_01	210.08096	3.7
AML_043_02	Erlotinib	Erlotinib_AML_043_02	207.85509	1.9
AML_045_01	Erlotinib	Erlotinib_AML_045_01	209.69228	0.4
AML_046_01	Erlotinib	Erlotinib_AML_046_01	204.1468	11.1
AML_051_01	Erlotinib	Erlotinib_AML_051_01	203.67674	1.1
AML_052_01	Erlotinib	Erlotinib_AML_052_01	214.65294	3.6
AML_053_01	Erlotinib	Erlotinib_AML_053_01	219.69962	0.5
AML_054_01	Erlotinib	Erlotinib_AML_054_01	206.14116	5.2
AML_057_01	Erlotinib	Erlotinib_AML_057_01	207.21645	3.8
AML_058_01	Erlotinib	Erlotinib_AML_058_01	207.13498	3.5
AML_059_01	Erlotinib	Erlotinib_AML_059_01	206.66592	6.4
AML_060_01	Erlotinib	Erlotinib_AML_060_01	212.48062	3.8
AML_061_01	Erlotinib	Erlotinib_AML_061_01	207.40215	2.8
AML_062_01	Erlotinib	Erlotinib_AML_062_01	199.60759	5.4
AML_064_01	Erlotinib	Erlotinib_AML_064_01	207.47905	1.0
AML_065_01	Erlotinib	Erlotinib_AML_065_01	205.66946	3.6
AML_067_01	Erlotinib	Erlotinib_AML_067_01	204.06752	4.1
AML_070_01	Erlotinib	Erlotinib_AML_070_01	209.69923	2.8
AML_072_01	Erlotinib	Erlotinib_AML_072_01	215.38306	0.7
AML_073_01	Erlotinib	Erlotinib_AML_073_01	216.28343	7.0
AML_074_01	Erlotinib	Erlotinib_AML_074_01	210.44757	2.5
AML_075_01	Erlotinib	Erlotinib_AML_075_01	209.05453	0.6
AML_076_01	Erlotinib	Erlotinib_AML_076_01	214.99121	3.2
AML_076_02	Erlotinib	Erlotinib_AML_076_02	208.53252	8.0
AML_077_01	Erlotinib	Erlotinib_AML_077_01	213.43709	4.4
AML_078_02	Erlotinib	Erlotinib_AML_078_02	207.31392	2.5
AML_084_01	Erlotinib	Erlotinib_AML_084_01	207.53842	7.0
AML_086_02	Erlotinib	Erlotinib_AML_086_02	214.95013	6.8
AML_098_01	Erlotinib	Erlotinib_AML_098_01	204.8231	0.0
AML_100_01	Erlotinib	Erlotinib_AML_100_01	212.33673	3.1
AML_101_01	Erlotinib	Erlotinib_AML_101_01	202.34615	3.8
AML_101_02	Erlotinib	Erlotinib_AML_101_02	217.12375	2.4
AML_102_01	Erlotinib	Erlotinib_AML_102_01	201.55286	4.2
AML_103_01	Erlotinib	Erlotinib_AML_103_01	197.67699	3.7
AML_103_02	Erlotinib	Erlotinib_AML_103_02	204.80974	6.7
AML_104_01	Erlotinib	Erlotinib_AML_104_01	211.91205	4.7
AML_108_01	Erlotinib	Erlotinib_AML_108_01	198.69171	6.2
AML_109_01	Erlotinib	Erlotinib_AML_109_01	207.60005	4.2
AML_110_01	Erlotinib	Erlotinib_AML_110_01	207.94507	7.2
AML_112_01	Erlotinib	Erlotinib_AML_112_01	202.49028	4.8
AML_112_02	Erlotinib	Erlotinib_AML_112_02	206.7382	2.8
AML_113_01	Erlotinib	Erlotinib_AML_113_01	205.95325	5.0
AML_114_01	Erlotinib	Erlotinib_AML_114_01	208.91046	4.0
AML_115_01	Erlotinib	Erlotinib_AML_115_01	202.50809	5.2
AML_116_01	Erlotinib	Erlotinib_AML_116_01	208.24338	2.0
AML_117_01	Erlotinib	Erlotinib_AML_117_01	212.66121	4.4
AML_119_01	Erlotinib	Erlotinib_AML_119_01	201.6392	2.8
AML_120_01	Erlotinib	Erlotinib_AML_120_01	208.12912	0.9
AML_120_03	Erlotinib	Erlotinib_AML_120_03	210.33868	4.8
AML_122_01	Erlotinib	Erlotinib_AML_122_01	210.29555	1.9
AML_123_01	Erlotinib	Erlotinib_AML_123_01	213.9192	3.7
AML_124_01	Erlotinib	Erlotinib_AML_124_01	214.26544	5.7
AML_125_01	Erlotinib	Erlotinib_AML_125_01	212.06345	24.8
AML_126_01	Erlotinib	Erlotinib_AML_126_01	209.19292	3.2
AML_127_01	Erlotinib	Erlotinib_AML_127_01	208.68137	3.6
AML_128_01	Erlotinib	Erlotinib_AML_128_01	216.14973	4.9
AML_129_02	Erlotinib	Erlotinib_AML_129_02	204.99963	5.2
AML_129_03	Erlotinib	Erlotinib_AML_129_03	209.3611	5.5
AML_131_01	Erlotinib	Erlotinib_AML_131_01	208.43636	1.9
AML_133_01	Erlotinib	Erlotinib_AML_133_01	211.81529	1.3
AML_134_01	Erlotinib	Erlotinib_AML_134_01	211.15265	6.1
AML_135_01	Erlotinib	Erlotinib_AML_135_01	214.97955	6.2
AML_138_01	Erlotinib	Erlotinib_AML_138_01	216.30339	6.9
AML_139_01	Erlotinib	Erlotinib_AML_139_01	220.49715	2.3
AML_140_01	Erlotinib	Erlotinib_AML_140_01	209.45804	4.3
AML_142_01	Erlotinib	Erlotinib_AML_142_01	207.55646	5.8
AML_143_01	Erlotinib	Erlotinib_AML_143_01	207.67464	3.4
AML_144_01	Erlotinib	Erlotinib_AML_144_01	213.8679	4.2
AML_146_01	Erlotinib	Erlotinib_AML_146_01	213.23164	1.3
AML_147_01	Erlotinib	Erlotinib_AML_147_01	207.44576	1.7
AML_151_01	Erlotinib	Erlotinib_AML_151_01	201.08116	5.3
AML_152_01	Erlotinib	Erlotinib_AML_152_01	207.66183	2.3
AML_153_01	Erlotinib	Erlotinib_AML_153_01	208.27911	2.2
AML_156_01	Erlotinib	Erlotinib_AML_156_01	208.11702	1.6
AML_157_01	Erlotinib	Erlotinib_AML_157_01	209.61758	1.8
AML_157_02	Erlotinib	Erlotinib_AML_157_02	212.6089	2.4
AML_158_01	Erlotinib	Erlotinib_AML_158_01	210.93852	2.7
AML_159_01	Erlotinib	Erlotinib_AML_159_01	212.03603	5.9
AML_160_01	Erlotinib	Erlotinib_AML_160_01	205.82329	2.1
AML_161_01	Erlotinib	Erlotinib_AML_161_01	204.20345	1.8
AML_175_01	Erlotinib	Erlotinib_AML_175_01	210.52504	0.2
AML_179_01	Erlotinib	Erlotinib_AML_179_01	211.08452	1.7
AML_183_01	Erlotinib	Erlotinib_AML_183_01	209.36702	3.5
AML_183_02	Erlotinib	Erlotinib_AML_183_02	204.99214	2.0
AML_183_03	Erlotinib	Erlotinib_AML_183_03	202.884	2.3
AML_184_01	Erlotinib	Erlotinib_AML_184_01	207.04797	1.5
AML_185_01	Erlotinib	Erlotinib_AML_185_01	217.66714	0.0
AML_001_01	Foretinib	Foretinib_AML_001_01	204.35054	2.6
AML_001_03	Foretinib	Foretinib_AML_001_03	201.92339	2.7
AML_002_01	Foretinib	Foretinib_AML_002_01	207.3807	8.4
AML_003_02	Foretinib	Foretinib_AML_003_02	212.6784	1.0
AML_004_01	Foretinib	Foretinib_AML_004_01	202.95851	4.7
AML_006_02	Foretinib	Foretinib_AML_006_02	209.44	3.8
AML_007_01	Foretinib	Foretinib_AML_007_01	200.76813	2.5
AML_007_02	Foretinib	Foretinib_AML_007_02	204.84976	2.7
AML_012_01	Foretinib	Foretinib_AML_012_01	202.77835	24.9
AML_013_01	Foretinib	Foretinib_AML_013_01	204.05911	26.5
AML_014_01	Foretinib	Foretinib_AML_014_01	201.65175	7.0
AML_015_01	Foretinib	Foretinib_AML_015_01	200.34708	21.7
AML_015_02	Foretinib	Foretinib_AML_015_02	206.20988	16.6
AML_015_03	Foretinib	Foretinib_AML_015_03	200.71947	23.2
AML_015_04	Foretinib	Foretinib_AML_015_04	205.26756	31.2
AML_018_01	Foretinib	Foretinib_AML_018_01	206.35965	25.1
AML_019_01	Foretinib	Foretinib_AML_019_01	206.1211	3.0
AML_020_01	Foretinib	Foretinib_AML_020_01	206.10176	1.5
AML_022_01	Foretinib	Foretinib_AML_022_01	202.62662	12.7
AML_023_01	Foretinib	Foretinib_AML_023_01	195.88924	19.0
AML_023_03	Foretinib	Foretinib_AML_023_03	197.38445	15.0
AML_023_04	Foretinib	Foretinib_AML_023_04	197.9177	10.1
AML_024_01	Foretinib	Foretinib_AML_024_01	206.01225	4.2
AML_025_01	Foretinib	Foretinib_AML_025_01	207.52156	2.3
AML_026_01	Foretinib	Foretinib_AML_026_01	203.77339	1.4
AML_028_01	Foretinib	Foretinib_AML_028_01	204.93155	12.3
AML_028_04	Foretinib	Foretinib_AML_028_04	202.61023	28.0
AML_029_01	Foretinib	Foretinib_AML_029_01	202.26416	0.8
AML_030_01	Foretinib	Foretinib_AML_030_01	195.29309	0.5
AML_032_01	Foretinib	Foretinib_AML_032_01	205.71735	2.6
AML_033_01	Foretinib	Foretinib_AML_033_01	201.87347	7.3
AML_033_02	Foretinib	Foretinib_AML_033_02	198.51419	7.2
AML_035_02	Foretinib	Foretinib_AML_035_02	210.29857	2.0
AML_035_04	Foretinib	Foretinib_AML_035_04	210.00267	0.0
AML_036_01	Foretinib	Foretinib_AML_036_01	194.68805	3.0
AML_040_01	Foretinib	Foretinib_AML_040_01	198.6789	13.3
AML_041_01	Foretinib	Foretinib_AML_041_01	201.06976	5.7
AML_042_01	Foretinib	Foretinib_AML_042_01	199.3476	5.4
AML_043_02	Foretinib	Foretinib_AML_043_02	203.28015	3.2
AML_045_01	Foretinib	Foretinib_AML_045_01	202.89375	0.0
AML_046_01	Foretinib	Foretinib_AML_046_01	195.891	37.3
AML_051_01	Foretinib	Foretinib_AML_051_01	194.8766	5.5
AML_052_01	Foretinib	Foretinib_AML_052_01	207.52914	3.0
AML_053_01	Foretinib	Foretinib_AML_053_01	208.5538	5.5
AML_054_01	Foretinib	Foretinib_AML_054_01	199.22295	12.4
AML_057_01	Foretinib	Foretinib_AML_057_01	198.19337	8.5
AML_058_01	Foretinib	Foretinib_AML_058_01	198.5312	7.3
AML_059_01	Foretinib	Foretinib_AML_059_01	198.0182	6.2
AML_060_01	Foretinib	Foretinib_AML_060_01	206.02243	2.5
AML_061_01	Foretinib	Foretinib_AML_061_01	197.76167	7.8
AML_062_01	Foretinib	Foretinib_AML_062_01	188.55608	13.8
AML_064_01	Foretinib	Foretinib_AML_064_01	199.25577	4.4
AML_065_01	Foretinib	Foretinib_AML_065_01	195.90207	10.2
AML_067_01	Foretinib	Foretinib_AML_067_01	194.61879	11.1
AML_070_01	Foretinib	Foretinib_AML_070_01	198.24693	0.9
AML_072_01	Foretinib	Foretinib_AML_072_01	209.1216	3.7
AML_073_01	Foretinib	Foretinib_AML_073_01	209.737	2.6
AML_074_01	Foretinib	Foretinib_AML_074_01	199.73517	4.2
AML_075_01	Foretinib	Foretinib_AML_075_01	197.66644	4.3
AML_076_01	Foretinib	Foretinib_AML_076_01	204.68513	1.5
AML_076_02	Foretinib	Foretinib_AML_076_02	198.11528	4.7
AML_077_01	Foretinib	Foretinib_AML_077_01	204.8372	3.3
AML_078_02	Foretinib	Foretinib_AML_078_02	199.50525	2.6
AML_084_01	Foretinib	Foretinib_AML_084_01	200.22006	14.8
AML_086_02	Foretinib	Foretinib_AML_086_02	207.27368	2.1
AML_098_01	Foretinib	Foretinib_AML_098_01	197.25551	3.6
AML_100_01	Foretinib	Foretinib_AML_100_01	201.80396	2.8
AML_101_01	Foretinib	Foretinib_AML_101_01	195.09247	12.7
AML_101_02	Foretinib	Foretinib_AML_101_02	210.97127	0.0
AML_102_01	Foretinib	Foretinib_AML_102_01	191.25714	0.0
AML_103_01	Foretinib	Foretinib_AML_103_01	188.68462	0.9
AML_103_02	Foretinib	Foretinib_AML_103_02	199.48093	5.8
AML_104_01	Foretinib	Foretinib_AML_104_01	201.07808	0.0
AML_108_01	Foretinib	Foretinib_AML_108_01	191.50473	2.5
AML_109_01	Foretinib	Foretinib_AML_109_01	202.31052	3.4
AML_110_01	Foretinib	Foretinib_AML_110_01	196.9248	5.1
AML_112_01	Foretinib	Foretinib_AML_112_01	192.40584	4.0
AML_112_02	Foretinib	Foretinib_AML_112_02	199.80936	2.4
AML_113_01	Foretinib	Foretinib_AML_113_01	196.67807	6.5
AML_114_01	Foretinib	Foretinib_AML_114_01	197.94649	0.0
AML_115_01	Foretinib	Foretinib_AML_115_01	193.09547	8.0
AML_116_01	Foretinib	Foretinib_AML_116_01	198.76813	0.0
AML_117_01	Foretinib	Foretinib_AML_117_01	203.49782	5.0
AML_119_01	Foretinib	Foretinib_AML_119_01	190.82457	4.0
AML_120_01	Foretinib	Foretinib_AML_120_01	198.92583	27.0
AML_120_03	Foretinib	Foretinib_AML_120_03	202.57141	20.8
AML_122_01	Foretinib	Foretinib_AML_122_01	201.55331	0.0
AML_123_01	Foretinib	Foretinib_AML_123_01	203.67296	4.5
AML_124_01	Foretinib	Foretinib_AML_124_01	205.06297	6.2
AML_125_01	Foretinib	Foretinib_AML_125_01	205.5996	2.1
AML_126_01	Foretinib	Foretinib_AML_126_01	200.71832	7.0
AML_127_01	Foretinib	Foretinib_AML_127_01	198.44147	2.2
AML_128_01	Foretinib	Foretinib_AML_128_01	208.5872	1.6
AML_129_02	Foretinib	Foretinib_AML_129_02	195.3191	27.3
AML_129_03	Foretinib	Foretinib_AML_129_03	199.55315	12.6
AML_131_01	Foretinib	Foretinib_AML_131_01	198.63533	2.5
AML_133_01	Foretinib	Foretinib_AML_133_01	204.69362	4.1
AML_134_01	Foretinib	Foretinib_AML_134_01	206.51607	0.0
AML_135_01	Foretinib	Foretinib_AML_135_01	206.13072	6.8
AML_138_01	Foretinib	Foretinib_AML_138_01	207.15163	2.4
AML_139_01	Foretinib	Foretinib_AML_139_01	211.43343	5.3
AML_140_01	Foretinib	Foretinib_AML_140_01	201.90703	3.3
AML_142_01	Foretinib	Foretinib_AML_142_01	202.8302	8.5
AML_143_01	Foretinib	Foretinib_AML_143_01	198.56328	0.4
AML_144_01	Foretinib	Foretinib_AML_144_01	208.94682	2.4
AML_146_01	Foretinib	Foretinib_AML_146_01	204.74028	0.0
AML_147_01	Foretinib	Foretinib_AML_147_01	198.54543	3.2
AML_151_01	Foretinib	Foretinib_AML_151_01	194.0838	7.1
AML_152_01	Foretinib	Foretinib_AML_152_01	200.38043	2.3
AML_153_01	Foretinib	Foretinib_AML_153_01	203.86969	0.0
AML_156_01	Foretinib	Foretinib_AML_156_01	200.45116	1.6
AML_157_01	Foretinib	Foretinib_AML_157_01	201.53784	14.1
AML_157_02	Foretinib	Foretinib_AML_157_02	203.26514	13.5
AML_158_01	Foretinib	Foretinib_AML_158_01	204.501	3.0
AML_159_01	Foretinib	Foretinib_AML_159_01	204.7072	6.5
AML_160_01	Foretinib	Foretinib_AML_160_01	199.36969	0.7
AML_161_01	Foretinib	Foretinib_AML_161_01	198.63089	4.0
AML_175_01	Foretinib	Foretinib_AML_175_01	200.34418	1.7
AML_179_01	Foretinib	Foretinib_AML_179_01	204.58354	8.9
AML_183_01	Foretinib	Foretinib_AML_183_01	200.98746	0.0
AML_183_02	Foretinib	Foretinib_AML_183_02	194.57405	0.5
AML_183_03	Foretinib	Foretinib_AML_183_03	196.88765	4.2
AML_184_01	Foretinib	Foretinib_AML_184_01	195.98526	11.6
AML_185_01	Foretinib	Foretinib_AML_185_01	210.56734	0.0
AML_001_01	Gefitinib	Gefitinib_AML_001_01	216.16956	0.0
AML_001_03	Gefitinib	Gefitinib_AML_001_03	213.9793	5.0
AML_002_01	Gefitinib	Gefitinib_AML_002_01	218.51768	3.3
AML_003_02	Gefitinib	Gefitinib_AML_003_02	219.57526	4.3
AML_004_01	Gefitinib	Gefitinib_AML_004_01	214.44337	4.9
AML_006_02	Gefitinib	Gefitinib_AML_006_02	219.43774	0.8
AML_007_01	Gefitinib	Gefitinib_AML_007_01	213.03659	1.1
AML_007_02	Gefitinib	Gefitinib_AML_007_02	216.06503	0.2
AML_012_01	Gefitinib	Gefitinib_AML_012_01	212.94427	7.1
AML_013_01	Gefitinib	Gefitinib_AML_013_01	213.45517	8.0
AML_014_01	Gefitinib	Gefitinib_AML_014_01	212.281	0.5
AML_015_01	Gefitinib	Gefitinib_AML_015_01	210.81288	2.2
AML_015_02	Gefitinib	Gefitinib_AML_015_02	214.8117	2.5
AML_015_03	Gefitinib	Gefitinib_AML_015_03	211.55649	6.6
AML_015_04	Gefitinib	Gefitinib_AML_015_04	215.55074	8.3
AML_018_01	Gefitinib	Gefitinib_AML_018_01	213.02826	7.9
AML_019_01	Gefitinib	Gefitinib_AML_019_01	214.03413	6.6
AML_020_01	Gefitinib	Gefitinib_AML_020_01	217.70627	2.0
AML_022_01	Gefitinib	Gefitinib_AML_022_01	213.59181	1.7
AML_023_01	Gefitinib	Gefitinib_AML_023_01	206.57414	1.4
AML_023_03	Gefitinib	Gefitinib_AML_023_03	208.9305	1.2
AML_023_04	Gefitinib	Gefitinib_AML_023_04	209.72694	1.1
AML_024_01	Gefitinib	Gefitinib_AML_024_01	215.7919	0.1
AML_025_01	Gefitinib	Gefitinib_AML_025_01	217.03897	4.4
AML_026_01	Gefitinib	Gefitinib_AML_026_01	215.25133	1.9
AML_028_01	Gefitinib	Gefitinib_AML_028_01	215.44427	2.6
AML_028_04	Gefitinib	Gefitinib_AML_028_04	212.40488	7.5
AML_029_01	Gefitinib	Gefitinib_AML_029_01	213.27512	2.9
AML_030_01	Gefitinib	Gefitinib_AML_030_01	206.93787	1.4
AML_032_01	Gefitinib	Gefitinib_AML_032_01	217.09518	0.0
AML_033_01	Gefitinib	Gefitinib_AML_033_01	212.83368	3.2
AML_033_02	Gefitinib	Gefitinib_AML_033_02	211.63423	6.1
AML_035_02	Gefitinib	Gefitinib_AML_035_02	220.13461	0.6
AML_035_04	Gefitinib	Gefitinib_AML_035_04	216.79172	0.1
AML_036_01	Gefitinib	Gefitinib_AML_036_01	208.85382	0.8
AML_040_01	Gefitinib	Gefitinib_AML_040_01	209.87096	6.9
AML_041_01	Gefitinib	Gefitinib_AML_041_01	212.05133	1.4
AML_042_01	Gefitinib	Gefitinib_AML_042_01	212.6231	4.7
AML_043_02	Gefitinib	Gefitinib_AML_043_02	211.01744	2.3
AML_045_01	Gefitinib	Gefitinib_AML_045_01	212.04129	1.8
AML_046_01	Gefitinib	Gefitinib_AML_046_01	209.09795	10.6
AML_051_01	Gefitinib	Gefitinib_AML_051_01	207.3977	3.0
AML_052_01	Gefitinib	Gefitinib_AML_052_01	217.68324	2.3
AML_053_01	Gefitinib	Gefitinib_AML_053_01	220.46532	5.6
AML_054_01	Gefitinib	Gefitinib_AML_054_01	209.8029	7.1
AML_057_01	Gefitinib	Gefitinib_AML_057_01	210.7852	3.4
AML_058_01	Gefitinib	Gefitinib_AML_058_01	211.70065	3.9
AML_059_01	Gefitinib	Gefitinib_AML_059_01	209.2843	6.1
AML_060_01	Gefitinib	Gefitinib_AML_060_01	215.84346	2.2
AML_061_01	Gefitinib	Gefitinib_AML_061_01	210.10164	1.2
AML_062_01	Gefitinib	Gefitinib_AML_062_01	203.22388	7.6
AML_064_01	Gefitinib	Gefitinib_AML_064_01	209.48459	1.5
AML_065_01	Gefitinib	Gefitinib_AML_065_01	209.65584	3.0
AML_067_01	Gefitinib	Gefitinib_AML_067_01	208.03793	4.3
AML_070_01	Gefitinib	Gefitinib_AML_070_01	212.3541	2.0
AML_072_01	Gefitinib	Gefitinib_AML_072_01	218.4067	1.4
AML_073_01	Gefitinib	Gefitinib_AML_073_01	219.5289	5.4
AML_074_01	Gefitinib	Gefitinib_AML_074_01	212.62115	4.7
AML_075_01	Gefitinib	Gefitinib_AML_075_01	210.12479	3.7
AML_076_01	Gefitinib	Gefitinib_AML_076_01	216.85626	1.7
AML_076_02	Gefitinib	Gefitinib_AML_076_02	211.26453	7.8
AML_077_01	Gefitinib	Gefitinib_AML_077_01	215.11345	3.2
AML_078_02	Gefitinib	Gefitinib_AML_078_02	211.60791	1.3
AML_084_01	Gefitinib	Gefitinib_AML_084_01	211.74355	6.1
AML_086_02	Gefitinib	Gefitinib_AML_086_02	218.14288	6.2
AML_098_01	Gefitinib	Gefitinib_AML_098_01	209.25713	0.0
AML_100_01	Gefitinib	Gefitinib_AML_100_01	214.81691	3.5
AML_101_01	Gefitinib	Gefitinib_AML_101_01	205.32474	5.4
AML_101_02	Gefitinib	Gefitinib_AML_101_02	219.14189	2.3
AML_102_01	Gefitinib	Gefitinib_AML_102_01	206.03867	1.8
AML_103_01	Gefitinib	Gefitinib_AML_103_01	201.76608	2.7
AML_103_02	Gefitinib	Gefitinib_AML_103_02	208.38153	4.5
AML_104_01	Gefitinib	Gefitinib_AML_104_01	213.44202	0.7
AML_108_01	Gefitinib	Gefitinib_AML_108_01	204.41943	4.0
AML_109_01	Gefitinib	Gefitinib_AML_109_01	210.54976	3.3
AML_110_01	Gefitinib	Gefitinib_AML_110_01	211.37277	7.4
AML_112_01	Gefitinib	Gefitinib_AML_112_01	205.53693	5.0
AML_112_02	Gefitinib	Gefitinib_AML_112_02	210.4545	4.2
AML_113_01	Gefitinib	Gefitinib_AML_113_01	208.11795	6.9
AML_114_01	Gefitinib	Gefitinib_AML_114_01	210.87787	2.2
AML_115_01	Gefitinib	Gefitinib_AML_115_01	206.7785	5.0
AML_116_01	Gefitinib	Gefitinib_AML_116_01	210.36737	2.0
AML_117_01	Gefitinib	Gefitinib_AML_117_01	214.59923	4.4
AML_119_01	Gefitinib	Gefitinib_AML_119_01	203.79803	2.7
AML_120_01	Gefitinib	Gefitinib_AML_120_01	211.31384	1.6
AML_120_03	Gefitinib	Gefitinib_AML_120_03	215.0089	2.6
AML_122_01	Gefitinib	Gefitinib_AML_122_01	211.20578	0.1
AML_123_01	Gefitinib	Gefitinib_AML_123_01	215.93463	4.7
AML_124_01	Gefitinib	Gefitinib_AML_124_01	216.289	5.5
AML_125_01	Gefitinib	Gefitinib_AML_125_01	215.29788	16.3
AML_126_01	Gefitinib	Gefitinib_AML_126_01	211.18504	6.3
AML_127_01	Gefitinib	Gefitinib_AML_127_01	212.6355	6.2
AML_128_01	Gefitinib	Gefitinib_AML_128_01	219.17401	3.7
AML_129_02	Gefitinib	Gefitinib_AML_129_02	208.61264	5.7
AML_129_03	Gefitinib	Gefitinib_AML_129_03	211.86426	1.8
AML_131_01	Gefitinib	Gefitinib_AML_131_01	213.61998	3.1
AML_133_01	Gefitinib	Gefitinib_AML_133_01	214.97134	3.2
AML_134_01	Gefitinib	Gefitinib_AML_134_01	215.35236	6.4
AML_135_01	Gefitinib	Gefitinib_AML_135_01	216.84395	3.0
AML_138_01	Gefitinib	Gefitinib_AML_138_01	218.4436	5.3
AML_139_01	Gefitinib	Gefitinib_AML_139_01	220.69896	3.4
AML_140_01	Gefitinib	Gefitinib_AML_140_01	214.23064	2.6
AML_142_01	Gefitinib	Gefitinib_AML_142_01	212.63469	7.6
AML_143_01	Gefitinib	Gefitinib_AML_143_01	212.08925	5.3
AML_144_01	Gefitinib	Gefitinib_AML_144_01	217.81357	4.9
AML_146_01	Gefitinib	Gefitinib_AML_146_01	216.25485	3.0
AML_147_01	Gefitinib	Gefitinib_AML_147_01	211.41159	2.5
AML_151_01	Gefitinib	Gefitinib_AML_151_01	205.79083	7.1
AML_152_01	Gefitinib	Gefitinib_AML_152_01	211.5251	4.2
AML_153_01	Gefitinib	Gefitinib_AML_153_01	213.5466	4.4
AML_156_01	Gefitinib	Gefitinib_AML_156_01	212.6303	2.9
AML_157_01	Gefitinib	Gefitinib_AML_157_01	212.2981	2.7
AML_157_02	Gefitinib	Gefitinib_AML_157_02	213.02925	4.0
AML_158_01	Gefitinib	Gefitinib_AML_158_01	213.7403	2.6
AML_159_01	Gefitinib	Gefitinib_AML_159_01	215.26332	4.6
AML_160_01	Gefitinib	Gefitinib_AML_160_01	209.91183	4.1
AML_161_01	Gefitinib	Gefitinib_AML_161_01	208.06726	3.1
AML_175_01	Gefitinib	Gefitinib_AML_175_01	213.0586	0.3
AML_179_01	Gefitinib	Gefitinib_AML_179_01	215.07391	2.7
AML_183_01	Gefitinib	Gefitinib_AML_183_01	211.97792	0.8
AML_183_02	Gefitinib	Gefitinib_AML_183_02	207.68106	2.9
AML_183_03	Gefitinib	Gefitinib_AML_183_03	207.71053	1.8
AML_184_01	Gefitinib	Gefitinib_AML_184_01	210.00739	3.0
AML_185_01	Gefitinib	Gefitinib_AML_185_01	219.52477	1.1
AML_004_01	GSK-1838705A	GSK-1838705A_AML_004_01	216.23044	3.4
AML_019_01	GSK-1838705A	GSK-1838705A_AML_019_01	215.06255	0.9
AML_025_01	GSK-1838705A	GSK-1838705A_AML_025_01	216.57988	0.0
AML_026_01	GSK-1838705A	GSK-1838705A_AML_026_01	214.58348	0.1
AML_029_01	GSK-1838705A	GSK-1838705A_AML_029_01	214.31776	0.1
AML_030_01	GSK-1838705A	GSK-1838705A_AML_030_01	207.73535	0.7
AML_033_01	GSK-1838705A	GSK-1838705A_AML_033_01	214.04187	2.5
AML_033_02	GSK-1838705A	GSK-1838705A_AML_033_02	209.97324	2.2
AML_041_01	GSK-1838705A	GSK-1838705A_AML_041_01	214.33765	0.0
AML_042_01	GSK-1838705A	GSK-1838705A_AML_042_01	213.66884	4.8
AML_043_02	GSK-1838705A	GSK-1838705A_AML_043_02	211.65845	0.0
AML_046_01	GSK-1838705A	GSK-1838705A_AML_046_01	210.37213	9.8
AML_052_01	GSK-1838705A	GSK-1838705A_AML_052_01	218.17346	5.5
AML_057_01	GSK-1838705A	GSK-1838705A_AML_057_01	212.92592	0.0
AML_058_01	GSK-1838705A	GSK-1838705A_AML_058_01	211.94414	3.6
AML_059_01	GSK-1838705A	GSK-1838705A_AML_059_01	211.63062	3.2
AML_060_01	GSK-1838705A	GSK-1838705A_AML_060_01	215.92313	6.5
AML_061_01	GSK-1838705A	GSK-1838705A_AML_061_01	212.25209	4.3
AML_062_01	GSK-1838705A	GSK-1838705A_AML_062_01	206.08174	1.7
AML_064_01	GSK-1838705A	GSK-1838705A_AML_064_01	213.6041	0.0
AML_065_01	GSK-1838705A	GSK-1838705A_AML_065_01	210.66122	2.6
AML_067_01	GSK-1838705A	GSK-1838705A_AML_067_01	211.3156	1.6
AML_070_01	GSK-1838705A	GSK-1838705A_AML_070_01	211.74924	3.2
AML_072_01	GSK-1838705A	GSK-1838705A_AML_072_01	218.97783	0.0
AML_073_01	GSK-1838705A	GSK-1838705A_AML_073_01	219.3072	0.0
AML_074_01	GSK-1838705A	GSK-1838705A_AML_074_01	215.34503	0.0
AML_075_01	GSK-1838705A	GSK-1838705A_AML_075_01	213.24329	3.8
AML_076_01	GSK-1838705A	GSK-1838705A_AML_076_01	216.8011	0.0
AML_076_02	GSK-1838705A	GSK-1838705A_AML_076_02	215.1	0.0
AML_077_01	GSK-1838705A	GSK-1838705A_AML_077_01	215.97011	3.6
AML_078_02	GSK-1838705A	GSK-1838705A_AML_078_02	213.10858	0.0
AML_086_02	GSK-1838705A	GSK-1838705A_AML_086_02	218.40611	0.0
AML_098_01	GSK-1838705A	GSK-1838705A_AML_098_01	210.60925	0.5
AML_100_01	GSK-1838705A	GSK-1838705A_AML_100_01	214.81955	0.6
AML_101_01	GSK-1838705A	GSK-1838705A_AML_101_01	207.15683	1.6
AML_101_02	GSK-1838705A	GSK-1838705A_AML_101_02	219.64069	4.4
AML_102_01	GSK-1838705A	GSK-1838705A_AML_102_01	207.69128	1.0
AML_103_01	GSK-1838705A	GSK-1838705A_AML_103_01	205.0442	0.4
AML_103_02	GSK-1838705A	GSK-1838705A_AML_103_02	209.77171	2.3
AML_104_01	GSK-1838705A	GSK-1838705A_AML_104_01	215.46632	0.5
AML_108_01	GSK-1838705A	GSK-1838705A_AML_108_01	206.94836	3.3
AML_109_01	GSK-1838705A	GSK-1838705A_AML_109_01	212.31187	0.0
AML_110_01	GSK-1838705A	GSK-1838705A_AML_110_01	210.94037	0.0
AML_112_01	GSK-1838705A	GSK-1838705A_AML_112_01	207.0621	0.1
AML_112_02	GSK-1838705A	GSK-1838705A_AML_112_02	212.51097	1.0
AML_113_01	GSK-1838705A	GSK-1838705A_AML_113_01	210.69806	2.3
AML_114_01	GSK-1838705A	GSK-1838705A_AML_114_01	213.203	0.6
AML_115_01	GSK-1838705A	GSK-1838705A_AML_115_01	208.58826	2.7
AML_116_01	GSK-1838705A	GSK-1838705A_AML_116_01	214.0886	0.5
AML_117_01	GSK-1838705A	GSK-1838705A_AML_117_01	216.25989	3.9
AML_119_01	GSK-1838705A	GSK-1838705A_AML_119_01	207.66077	5.5
AML_122_01	GSK-1838705A	GSK-1838705A_AML_122_01	214.76263	1.5
AML_123_01	GSK-1838705A	GSK-1838705A_AML_123_01	216.15799	3.2
AML_124_01	GSK-1838705A	GSK-1838705A_AML_124_01	218.01677	7.4
AML_125_01	GSK-1838705A	GSK-1838705A_AML_125_01	216.17271	0.0
AML_126_01	GSK-1838705A	GSK-1838705A_AML_126_01	212.12488	5.1
AML_127_01	GSK-1838705A	GSK-1838705A_AML_127_01	214.22154	0.0
AML_128_01	GSK-1838705A	GSK-1838705A_AML_128_01	219.57253	2.1
AML_131_01	GSK-1838705A	GSK-1838705A_AML_131_01	214.62665	0.0
AML_133_01	GSK-1838705A	GSK-1838705A_AML_133_01	216.52272	5.3
AML_134_01	GSK-1838705A	GSK-1838705A_AML_134_01	214.26422	1.7
AML_135_01	GSK-1838705A	GSK-1838705A_AML_135_01	218.04448	8.1
AML_138_01	GSK-1838705A	GSK-1838705A_AML_138_01	219.38379	0.0
AML_139_01	GSK-1838705A	GSK-1838705A_AML_139_01	221.67763	0.2
AML_140_01	GSK-1838705A	GSK-1838705A_AML_140_01	216.04788	0.5
AML_142_01	GSK-1838705A	GSK-1838705A_AML_142_01	213.39731	4.7
AML_143_01	GSK-1838705A	GSK-1838705A_AML_143_01	213.08829	0.0
AML_144_01	GSK-1838705A	GSK-1838705A_AML_144_01	218.38428	2.8
AML_146_01	GSK-1838705A	GSK-1838705A_AML_146_01	216.30508	0.2
AML_147_01	GSK-1838705A	GSK-1838705A_AML_147_01	214.0314	0.0
AML_151_01	GSK-1838705A	GSK-1838705A_AML_151_01	207.75272	4.7
AML_152_01	GSK-1838705A	GSK-1838705A_AML_152_01	213.53357	1.4
AML_153_01	GSK-1838705A	GSK-1838705A_AML_153_01	210.98425	0.0
AML_156_01	GSK-1838705A	GSK-1838705A_AML_156_01	213.90642	0.6
AML_157_01	GSK-1838705A	GSK-1838705A_AML_157_01	215.31847	0.0
AML_157_02	GSK-1838705A	GSK-1838705A_AML_157_02	216.7602	1.2
AML_158_01	GSK-1838705A	GSK-1838705A_AML_158_01	215.74695	3.0
AML_159_01	GSK-1838705A	GSK-1838705A_AML_159_01	215.27087	3.4
AML_160_01	GSK-1838705A	GSK-1838705A_AML_160_01	213.56465	0.0
AML_161_01	GSK-1838705A	GSK-1838705A_AML_161_01	209.86462	1.4
AML_183_01	GSK-1838705A	GSK-1838705A_AML_183_01	214.30205	0.2
AML_183_02	GSK-1838705A	GSK-1838705A_AML_183_02	212.67917	0.0
AML_183_03	GSK-1838705A	GSK-1838705A_AML_183_03	209.68735	0.0
AML_004_01	GSK-1904529A	GSK-1904529A_AML_004_01	219.32478	7.8
AML_019_01	GSK-1904529A	GSK-1904529A_AML_019_01	218.61957	1.8
AML_025_01	GSK-1904529A	GSK-1904529A_AML_025_01	222.53024	0.0
AML_026_01	GSK-1904529A	GSK-1904529A_AML_026_01	220.69589	0.5
AML_029_01	GSK-1904529A	GSK-1904529A_AML_029_01	219.82526	0.0
AML_030_01	GSK-1904529A	GSK-1904529A_AML_030_01	214.52486	0.0
AML_033_01	GSK-1904529A	GSK-1904529A_AML_033_01	216.84654	1.9
AML_033_02	GSK-1904529A	GSK-1904529A_AML_033_02	211.57994	0.0
AML_041_01	GSK-1904529A	GSK-1904529A_AML_041_01	220.60524	0.0
AML_042_01	GSK-1904529A	GSK-1904529A_AML_042_01	218.98944	13.4
AML_043_02	GSK-1904529A	GSK-1904529A_AML_043_02	213.52402	0.0
AML_046_01	GSK-1904529A	GSK-1904529A_AML_046_01	212.04497	17.6
AML_052_01	GSK-1904529A	GSK-1904529A_AML_052_01	222.34909	10.3
AML_057_01	GSK-1904529A	GSK-1904529A_AML_057_01	218.31702	0.0
AML_058_01	GSK-1904529A	GSK-1904529A_AML_058_01	214.53925	8.0
AML_059_01	GSK-1904529A	GSK-1904529A_AML_059_01	214.4993	3.2
AML_060_01	GSK-1904529A	GSK-1904529A_AML_060_01	220.21767	7.5
AML_061_01	GSK-1904529A	GSK-1904529A_AML_061_01	216.74384	7.2
AML_062_01	GSK-1904529A	GSK-1904529A_AML_062_01	208.67265	6.5
AML_064_01	GSK-1904529A	GSK-1904529A_AML_064_01	218.73125	6.3
AML_065_01	GSK-1904529A	GSK-1904529A_AML_065_01	215.39285	3.6
AML_067_01	GSK-1904529A	GSK-1904529A_AML_067_01	218.32722	0.7
AML_070_01	GSK-1904529A	GSK-1904529A_AML_070_01	218.19969	0.0
AML_072_01	GSK-1904529A	GSK-1904529A_AML_072_01	223.05794	0.0
AML_073_01	GSK-1904529A	GSK-1904529A_AML_073_01	222.43372	0.0
AML_074_01	GSK-1904529A	GSK-1904529A_AML_074_01	220.58084	0.0
AML_075_01	GSK-1904529A	GSK-1904529A_AML_075_01	216.50655	10.0
AML_076_01	GSK-1904529A	GSK-1904529A_AML_076_01	220.96327	0.0
AML_076_02	GSK-1904529A	GSK-1904529A_AML_076_02	217.11945	0.0
AML_077_01	GSK-1904529A	GSK-1904529A_AML_077_01	218.96619	5.5
AML_078_02	GSK-1904529A	GSK-1904529A_AML_078_02	219.81335	0.0
AML_086_02	GSK-1904529A	GSK-1904529A_AML_086_02	222.13434	0.0
AML_098_01	GSK-1904529A	GSK-1904529A_AML_098_01	218.12642	0.4
AML_100_01	GSK-1904529A	GSK-1904529A_AML_100_01	220.87854	0.0
AML_101_01	GSK-1904529A	GSK-1904529A_AML_101_01	208.8958	6.8
AML_101_02	GSK-1904529A	GSK-1904529A_AML_101_02	223.34982	0.0
AML_102_01	GSK-1904529A	GSK-1904529A_AML_102_01	214.20868	0.0
AML_103_01	GSK-1904529A	GSK-1904529A_AML_103_01	208.97963	0.0
AML_103_02	GSK-1904529A	GSK-1904529A_AML_103_02	210.92146	0.0
AML_104_01	GSK-1904529A	GSK-1904529A_AML_104_01	221.25342	0.0
AML_108_01	GSK-1904529A	GSK-1904529A_AML_108_01	214.41237	0.0
AML_109_01	GSK-1904529A	GSK-1904529A_AML_109_01	216.95671	0.0
AML_110_01	GSK-1904529A	GSK-1904529A_AML_110_01	216.65414	0.0
AML_112_01	GSK-1904529A	GSK-1904529A_AML_112_01	213.88129	0.0
AML_112_02	GSK-1904529A	GSK-1904529A_AML_112_02	218.6693	0.0
AML_113_01	GSK-1904529A	GSK-1904529A_AML_113_01	214.99356	0.0
AML_114_01	GSK-1904529A	GSK-1904529A_AML_114_01	217.84372	0.0
AML_115_01	GSK-1904529A	GSK-1904529A_AML_115_01	214.38118	0.0
AML_116_01	GSK-1904529A	GSK-1904529A_AML_116_01	219.52835	0.0
AML_117_01	GSK-1904529A	GSK-1904529A_AML_117_01	219.40186	2.3
AML_119_01	GSK-1904529A	GSK-1904529A_AML_119_01	213.44576	2.1
AML_122_01	GSK-1904529A	GSK-1904529A_AML_122_01	218.45668	0.0
AML_123_01	GSK-1904529A	GSK-1904529A_AML_123_01	220.96489	0.0
AML_124_01	GSK-1904529A	GSK-1904529A_AML_124_01	221.93755	14.0
AML_125_01	GSK-1904529A	GSK-1904529A_AML_125_01	221.10614	0.0
AML_126_01	GSK-1904529A	GSK-1904529A_AML_126_01	216.78603	6.3
AML_127_01	GSK-1904529A	GSK-1904529A_AML_127_01	218.96744	0.0
AML_128_01	GSK-1904529A	GSK-1904529A_AML_128_01	222.0141	3.7
AML_131_01	GSK-1904529A	GSK-1904529A_AML_131_01	220.95117	0.0
AML_133_01	GSK-1904529A	GSK-1904529A_AML_133_01	217.6851	9.3
AML_134_01	GSK-1904529A	GSK-1904529A_AML_134_01	217.75188	0.0
AML_135_01	GSK-1904529A	GSK-1904529A_AML_135_01	222.31544	18.8
AML_138_01	GSK-1904529A	GSK-1904529A_AML_138_01	220.12831	0.0
AML_139_01	GSK-1904529A	GSK-1904529A_AML_139_01	226.55997	0.1
AML_140_01	GSK-1904529A	GSK-1904529A_AML_140_01	222.7682	0.0
AML_142_01	GSK-1904529A	GSK-1904529A_AML_142_01	214.12167	0.0
AML_143_01	GSK-1904529A	GSK-1904529A_AML_143_01	218.01616	0.0
AML_144_01	GSK-1904529A	GSK-1904529A_AML_144_01	222.77704	2.8
AML_146_01	GSK-1904529A	GSK-1904529A_AML_146_01	221.35045	0.0
AML_147_01	GSK-1904529A	GSK-1904529A_AML_147_01	217.88504	0.0
AML_151_01	GSK-1904529A	GSK-1904529A_AML_151_01	211.66162	3.1
AML_152_01	GSK-1904529A	GSK-1904529A_AML_152_01	217.46738	0.0
AML_153_01	GSK-1904529A	GSK-1904529A_AML_153_01	215.84344	0.0
AML_156_01	GSK-1904529A	GSK-1904529A_AML_156_01	217.74054	0.0
AML_157_01	GSK-1904529A	GSK-1904529A_AML_157_01	219.95877	0.0
AML_157_02	GSK-1904529A	GSK-1904529A_AML_157_02	221.7858	0.0
AML_158_01	GSK-1904529A	GSK-1904529A_AML_158_01	220.82062	5.5
AML_159_01	GSK-1904529A	GSK-1904529A_AML_159_01	220.64326	10.0
AML_160_01	GSK-1904529A	GSK-1904529A_AML_160_01	217.96042	0.0
AML_161_01	GSK-1904529A	GSK-1904529A_AML_161_01	214.30904	3.3
AML_183_01	GSK-1904529A	GSK-1904529A_AML_183_01	221.66788	0.0
AML_183_02	GSK-1904529A	GSK-1904529A_AML_183_02	216.96992	0.0
AML_183_03	GSK-1904529A	GSK-1904529A_AML_183_03	214.85745	0.0
AML_001_03	Ibrutinib	Ibrutinib_AML_001_03	220.44398	0.0
AML_003_02	Ibrutinib	Ibrutinib_AML_003_02	223.2998	0.0
AML_004_01	Ibrutinib	Ibrutinib_AML_004_01	219.74228	0.0
AML_006_02	Ibrutinib	Ibrutinib_AML_006_02	225.162	0.0
AML_007_01	Ibrutinib	Ibrutinib_AML_007_01	218.40932	0.0
AML_007_02	Ibrutinib	Ibrutinib_AML_007_02	220.9507	0.0
AML_012_01	Ibrutinib	Ibrutinib_AML_012_01	215.80452	1.7
AML_013_01	Ibrutinib	Ibrutinib_AML_013_01	218.3795	2.9
AML_014_01	Ibrutinib	Ibrutinib_AML_014_01	217.2899	0.0
AML_015_01	Ibrutinib	Ibrutinib_AML_015_01	216.69228	1.1
AML_015_02	Ibrutinib	Ibrutinib_AML_015_02	220.05296	0.0
AML_015_03	Ibrutinib	Ibrutinib_AML_015_03	214.21442	0.0
AML_015_04	Ibrutinib	Ibrutinib_AML_015_04	219.8025	1.5
AML_018_01	Ibrutinib	Ibrutinib_AML_018_01	216.43475	2.3
AML_019_01	Ibrutinib	Ibrutinib_AML_019_01	218.57976	0.0
AML_020_01	Ibrutinib	Ibrutinib_AML_020_01	218.67215	0.0
AML_023_04	Ibrutinib	Ibrutinib_AML_023_04	214.26271	0.0
AML_024_01	Ibrutinib	Ibrutinib_AML_024_01	221.58789	0.0
AML_025_01	Ibrutinib	Ibrutinib_AML_025_01	221.75998	0.0
AML_026_01	Ibrutinib	Ibrutinib_AML_026_01	221.8019	0.0
AML_028_01	Ibrutinib	Ibrutinib_AML_028_01	219.35577	0.0
AML_028_04	Ibrutinib	Ibrutinib_AML_028_04	215.3787	5.3
AML_029_01	Ibrutinib	Ibrutinib_AML_029_01	219.00111	0.0
AML_030_01	Ibrutinib	Ibrutinib_AML_030_01	214.16893	0.0
AML_032_01	Ibrutinib	Ibrutinib_AML_032_01	221.32588	0.0
AML_033_01	Ibrutinib	Ibrutinib_AML_033_01	218.13985	1.5
AML_033_02	Ibrutinib	Ibrutinib_AML_033_02	214.07115	1.8
AML_035_02	Ibrutinib	Ibrutinib_AML_035_02	226.01685	0.0
AML_035_04	Ibrutinib	Ibrutinib_AML_035_04	219.93954	0.0
AML_036_01	Ibrutinib	Ibrutinib_AML_036_01	214.61066	0.0
AML_040_01	Ibrutinib	Ibrutinib_AML_040_01	215.7357	2.8
AML_041_01	Ibrutinib	Ibrutinib_AML_041_01	219.94388	5.7
AML_042_01	Ibrutinib	Ibrutinib_AML_042_01	218.00748	0.0
AML_043_02	Ibrutinib	Ibrutinib_AML_043_02	214.70111	0.0
AML_045_01	Ibrutinib	Ibrutinib_AML_045_01	218.99966	0.0
AML_046_01	Ibrutinib	Ibrutinib_AML_046_01	213.76831	7.1
AML_051_01	Ibrutinib	Ibrutinib_AML_051_01	214.14041	0.0
AML_052_01	Ibrutinib	Ibrutinib_AML_052_01	222.41618	0.0
AML_053_01	Ibrutinib	Ibrutinib_AML_053_01	225.137	0.0
AML_054_01	Ibrutinib	Ibrutinib_AML_054_01	213.24867	2.2
AML_057_01	Ibrutinib	Ibrutinib_AML_057_01	214.92902	6.1
AML_058_01	Ibrutinib	Ibrutinib_AML_058_01	215.64484	0.0
AML_059_01	Ibrutinib	Ibrutinib_AML_059_01	216.36607	3.6
AML_060_01	Ibrutinib	Ibrutinib_AML_060_01	220.04997	0.0
AML_061_01	Ibrutinib	Ibrutinib_AML_061_01	215.50833	0.0
AML_062_01	Ibrutinib	Ibrutinib_AML_062_01	208.26535	5.3
AML_064_01	Ibrutinib	Ibrutinib_AML_064_01	213.04543	0.0
AML_065_01	Ibrutinib	Ibrutinib_AML_065_01	214.82834	5.4
AML_067_01	Ibrutinib	Ibrutinib_AML_067_01	216.19975	0.3
AML_070_01	Ibrutinib	Ibrutinib_AML_070_01	218.61018	0.0
AML_072_01	Ibrutinib	Ibrutinib_AML_072_01	223.73306	0.0
AML_073_01	Ibrutinib	Ibrutinib_AML_073_01	221.64851	1.2
AML_074_01	Ibrutinib	Ibrutinib_AML_074_01	218.53247	0.0
AML_075_01	Ibrutinib	Ibrutinib_AML_075_01	215.99211	0.0
AML_076_01	Ibrutinib	Ibrutinib_AML_076_01	221.00888	0.5
AML_076_02	Ibrutinib	Ibrutinib_AML_076_02	215.60423	0.2
AML_077_01	Ibrutinib	Ibrutinib_AML_077_01	219.76923	0.2
AML_078_02	Ibrutinib	Ibrutinib_AML_078_02	217.84344	0.0
AML_084_01	Ibrutinib	Ibrutinib_AML_084_01	214.82666	0.0
AML_086_02	Ibrutinib	Ibrutinib_AML_086_02	221.76805	0.0
AML_098_01	Ibrutinib	Ibrutinib_AML_098_01	215.21344	0.0
AML_100_01	Ibrutinib	Ibrutinib_AML_100_01	221.3491	0.0
AML_101_01	Ibrutinib	Ibrutinib_AML_101_01	210.99478	1.5
AML_101_02	Ibrutinib	Ibrutinib_AML_101_02	222.0315	0.0
AML_102_01	Ibrutinib	Ibrutinib_AML_102_01	210.96921	0.0
AML_103_01	Ibrutinib	Ibrutinib_AML_103_01	206.05421	0.0
AML_103_02	Ibrutinib	Ibrutinib_AML_103_02	214.03664	2.4
AML_104_01	Ibrutinib	Ibrutinib_AML_104_01	219.96393	0.0
AML_108_01	Ibrutinib	Ibrutinib_AML_108_01	209.97229	1.5
AML_109_01	Ibrutinib	Ibrutinib_AML_109_01	214.29648	0.0
AML_110_01	Ibrutinib	Ibrutinib_AML_110_01	215.66243	2.8
AML_112_01	Ibrutinib	Ibrutinib_AML_112_01	213.12192	0.0
AML_112_02	Ibrutinib	Ibrutinib_AML_112_02	215.55626	0.0
AML_113_01	Ibrutinib	Ibrutinib_AML_113_01	213.83533	0.5
AML_114_01	Ibrutinib	Ibrutinib_AML_114_01	216.87392	0.0
AML_115_01	Ibrutinib	Ibrutinib_AML_115_01	212.25577	0.1
AML_116_01	Ibrutinib	Ibrutinib_AML_116_01	216.28966	3.8
AML_117_01	Ibrutinib	Ibrutinib_AML_117_01	220.3339	0.2
AML_119_01	Ibrutinib	Ibrutinib_AML_119_01	211.29198	0.0
AML_120_03	Ibrutinib	Ibrutinib_AML_120_03	217.3442	0.1
AML_122_01	Ibrutinib	Ibrutinib_AML_122_01	215.69954	0.0
AML_123_01	Ibrutinib	Ibrutinib_AML_123_01	220.57034	0.0
AML_124_01	Ibrutinib	Ibrutinib_AML_124_01	220.4343	0.0
AML_125_01	Ibrutinib	Ibrutinib_AML_125_01	220.4247	0.0
AML_126_01	Ibrutinib	Ibrutinib_AML_126_01	217.72499	1.6
AML_127_01	Ibrutinib	Ibrutinib_AML_127_01	217.7447	0.0
AML_128_01	Ibrutinib	Ibrutinib_AML_128_01	222.66911	0.0
AML_131_01	Ibrutinib	Ibrutinib_AML_131_01	217.60573	0.0
AML_133_01	Ibrutinib	Ibrutinib_AML_133_01	218.00679	0.3
AML_134_01	Ibrutinib	Ibrutinib_AML_134_01	217.91318	0.0
AML_135_01	Ibrutinib	Ibrutinib_AML_135_01	220.5274	2.2
AML_138_01	Ibrutinib	Ibrutinib_AML_138_01	222.35979	0.0
AML_139_01	Ibrutinib	Ibrutinib_AML_139_01	224.72437	0.0
AML_140_01	Ibrutinib	Ibrutinib_AML_140_01	219.46182	0.0
AML_142_01	Ibrutinib	Ibrutinib_AML_142_01	216.46954	1.0
AML_143_01	Ibrutinib	Ibrutinib_AML_143_01	217.30392	0.0
AML_144_01	Ibrutinib	Ibrutinib_AML_144_01	219.42592	0.0
AML_146_01	Ibrutinib	Ibrutinib_AML_146_01	221.69211	0.0
AML_147_01	Ibrutinib	Ibrutinib_AML_147_01	216.39569	0.0
AML_151_01	Ibrutinib	Ibrutinib_AML_151_01	209.5272	0.7
AML_152_01	Ibrutinib	Ibrutinib_AML_152_01	216.52702	0.0
AML_153_01	Ibrutinib	Ibrutinib_AML_153_01	216.29333	0.0
AML_156_01	Ibrutinib	Ibrutinib_AML_156_01	215.86812	0.0
AML_157_01	Ibrutinib	Ibrutinib_AML_157_01	217.2191	0.5
AML_157_02	Ibrutinib	Ibrutinib_AML_157_02	219.14699	0.0
AML_158_01	Ibrutinib	Ibrutinib_AML_158_01	218.63731	0.0
AML_159_01	Ibrutinib	Ibrutinib_AML_159_01	220.22673	0.0
AML_160_01	Ibrutinib	Ibrutinib_AML_160_01	215.81926	0.0
AML_161_01	Ibrutinib	Ibrutinib_AML_161_01	212.88377	0.0
AML_175_01	Ibrutinib	Ibrutinib_AML_175_01	220.1062	0.0
AML_183_01	Ibrutinib	Ibrutinib_AML_183_01	219.73904	0.0
AML_183_02	Ibrutinib	Ibrutinib_AML_183_02	215.07205	0.0
AML_183_03	Ibrutinib	Ibrutinib_AML_183_03	212.66199	0.0
AML_001_01	Idelalisib	Idelalisib_AML_001_01	220.22371	0.3
AML_001_03	Idelalisib	Idelalisib_AML_001_03	218.13147	5.1
AML_002_01	Idelalisib	Idelalisib_AML_002_01	218.189	6.5
AML_003_02	Idelalisib	Idelalisib_AML_003_02	222.20306	7.3
AML_004_01	Idelalisib	Idelalisib_AML_004_01	218.28041	7.8
AML_006_02	Idelalisib	Idelalisib_AML_006_02	222.75415	5.7
AML_007_01	Idelalisib	Idelalisib_AML_007_01	216.89221	4.6
AML_007_02	Idelalisib	Idelalisib_AML_007_02	220.9633	1.3
AML_012_01	Idelalisib	Idelalisib_AML_012_01	212.21552	7.7
AML_013_01	Idelalisib	Idelalisib_AML_013_01	215.97365	27.9
AML_014_01	Idelalisib	Idelalisib_AML_014_01	217.3894	14.7
AML_015_01	Idelalisib	Idelalisib_AML_015_01	214.95398	6.3
AML_015_02	Idelalisib	Idelalisib_AML_015_02	217.6026	11.7
AML_015_03	Idelalisib	Idelalisib_AML_015_03	213.37848	16.1
AML_015_04	Idelalisib	Idelalisib_AML_015_04	215.94756	9.1
AML_018_01	Idelalisib	Idelalisib_AML_018_01	214.55693	21.2
AML_019_01	Idelalisib	Idelalisib_AML_019_01	217.25989	2.7
AML_020_01	Idelalisib	Idelalisib_AML_020_01	218.7938	0.0
AML_022_01	Idelalisib	Idelalisib_AML_022_01	216.89185	4.5
AML_023_01	Idelalisib	Idelalisib_AML_023_01	211.23859	6.2
AML_023_03	Idelalisib	Idelalisib_AML_023_03	211.2569	7.2
AML_023_04	Idelalisib	Idelalisib_AML_023_04	211.49149	5.1
AML_024_01	Idelalisib	Idelalisib_AML_024_01	218.71268	5.2
AML_025_01	Idelalisib	Idelalisib_AML_025_01	220.18033	6.2
AML_026_01	Idelalisib	Idelalisib_AML_026_01	217.93967	2.7
AML_028_01	Idelalisib	Idelalisib_AML_028_01	217.61687	10.3
AML_028_04	Idelalisib	Idelalisib_AML_028_04	213.23615	10.7
AML_029_01	Idelalisib	Idelalisib_AML_029_01	217.58989	4.3
AML_030_01	Idelalisib	Idelalisib_AML_030_01	209.9747	2.2
AML_032_01	Idelalisib	Idelalisib_AML_032_01	219.91092	0.0
AML_033_01	Idelalisib	Idelalisib_AML_033_01	217.05093	3.3
AML_033_02	Idelalisib	Idelalisib_AML_033_02	209.83908	6.4
AML_035_02	Idelalisib	Idelalisib_AML_035_02	223.73468	0.0
AML_035_04	Idelalisib	Idelalisib_AML_035_04	218.53171	2.2
AML_036_01	Idelalisib	Idelalisib_AML_036_01	212.8227	2.9
AML_040_01	Idelalisib	Idelalisib_AML_040_01	215.51512	16.6
AML_041_01	Idelalisib	Idelalisib_AML_041_01	217.47504	5.6
AML_042_01	Idelalisib	Idelalisib_AML_042_01	215.7489	3.1
AML_043_02	Idelalisib	Idelalisib_AML_043_02	212.22685	6.3
AML_045_01	Idelalisib	Idelalisib_AML_045_01	216.95013	0.0
AML_046_01	Idelalisib	Idelalisib_AML_046_01	210.3157	21.3
AML_051_01	Idelalisib	Idelalisib_AML_051_01	209.83052	0.2
AML_052_01	Idelalisib	Idelalisib_AML_052_01	221.92667	2.5
AML_053_01	Idelalisib	Idelalisib_AML_053_01	224.75743	11.0
AML_054_01	Idelalisib	Idelalisib_AML_054_01	211.91559	15.2
AML_057_01	Idelalisib	Idelalisib_AML_057_01	215.01543	8.5
AML_058_01	Idelalisib	Idelalisib_AML_058_01	212.71156	11.3
AML_059_01	Idelalisib	Idelalisib_AML_059_01	212.7022	10.3
AML_060_01	Idelalisib	Idelalisib_AML_060_01	217.76355	10.0
AML_061_01	Idelalisib	Idelalisib_AML_061_01	213.05862	4.3
AML_062_01	Idelalisib	Idelalisib_AML_062_01	204.84383	17.4
AML_064_01	Idelalisib	Idelalisib_AML_064_01	215.84688	8.6
AML_065_01	Idelalisib	Idelalisib_AML_065_01	211.85367	5.9
AML_067_01	Idelalisib	Idelalisib_AML_067_01	214.25871	4.6
AML_070_01	Idelalisib	Idelalisib_AML_070_01	213.94876	1.8
AML_072_01	Idelalisib	Idelalisib_AML_072_01	221.76715	0.7
AML_073_01	Idelalisib	Idelalisib_AML_073_01	221.15039	5.0
AML_074_01	Idelalisib	Idelalisib_AML_074_01	216.11392	4.7
AML_075_01	Idelalisib	Idelalisib_AML_075_01	214.07939	5.3
AML_076_01	Idelalisib	Idelalisib_AML_076_01	219.9903	2.4
AML_076_02	Idelalisib	Idelalisib_AML_076_02	214.18018	6.5
AML_077_01	Idelalisib	Idelalisib_AML_077_01	217.66927	6.2
AML_078_02	Idelalisib	Idelalisib_AML_078_02	216.20851	5.9
AML_084_01	Idelalisib	Idelalisib_AML_084_01	213.1503	11.1
AML_086_02	Idelalisib	Idelalisib_AML_086_02	219.59439	7.0
AML_098_01	Idelalisib	Idelalisib_AML_098_01	215.0108	1.7
AML_100_01	Idelalisib	Idelalisib_AML_100_01	218.63081	4.5
AML_101_01	Idelalisib	Idelalisib_AML_101_01	207.68408	14.7
AML_101_02	Idelalisib	Idelalisib_AML_101_02	221.79536	4.6
AML_102_01	Idelalisib	Idelalisib_AML_102_01	209.92415	0.5
AML_103_01	Idelalisib	Idelalisib_AML_103_01	204.92166	3.0
AML_103_02	Idelalisib	Idelalisib_AML_103_02	210.33633	6.5
AML_104_01	Idelalisib	Idelalisib_AML_104_01	219.6019	1.0
AML_108_01	Idelalisib	Idelalisib_AML_108_01	209.53096	6.6
AML_109_01	Idelalisib	Idelalisib_AML_109_01	213.27426	4.3
AML_110_01	Idelalisib	Idelalisib_AML_110_01	216.3206	8.7
AML_112_01	Idelalisib	Idelalisib_AML_112_01	210.48131	5.2
AML_112_02	Idelalisib	Idelalisib_AML_112_02	214.57294	5.1
AML_113_01	Idelalisib	Idelalisib_AML_113_01	212.42358	6.6
AML_114_01	Idelalisib	Idelalisib_AML_114_01	214.67133	3.1
AML_115_01	Idelalisib	Idelalisib_AML_115_01	210.08691	10.2
AML_116_01	Idelalisib	Idelalisib_AML_116_01	214.31146	3.0
AML_117_01	Idelalisib	Idelalisib_AML_117_01	217.32419	4.8
AML_119_01	Idelalisib	Idelalisib_AML_119_01	207.56064	5.5
AML_120_01	Idelalisib	Idelalisib_AML_120_01	215.73723	14.9
AML_120_03	Idelalisib	Idelalisib_AML_120_03	216.55525	12.1
AML_122_01	Idelalisib	Idelalisib_AML_122_01	216.47795	1.0
AML_123_01	Idelalisib	Idelalisib_AML_123_01	218.87267	7.2
AML_124_01	Idelalisib	Idelalisib_AML_124_01	218.01234	8.5
AML_125_01	Idelalisib	Idelalisib_AML_125_01	219.50883	21.1
AML_126_01	Idelalisib	Idelalisib_AML_126_01	213.96135	12.2
AML_127_01	Idelalisib	Idelalisib_AML_127_01	215.84546	5.5
AML_128_01	Idelalisib	Idelalisib_AML_128_01	221.2454	5.7
AML_129_02	Idelalisib	Idelalisib_AML_129_02	212.00212	8.2
AML_129_03	Idelalisib	Idelalisib_AML_129_03	214.55002	6.7
AML_131_01	Idelalisib	Idelalisib_AML_131_01	217.93137	1.1
AML_133_01	Idelalisib	Idelalisib_AML_133_01	216.20152	10.8
AML_134_01	Idelalisib	Idelalisib_AML_134_01	216.50648	1.6
AML_135_01	Idelalisib	Idelalisib_AML_135_01	219.19032	10.3
AML_138_01	Idelalisib	Idelalisib_AML_138_01	221.79984	2.2
AML_139_01	Idelalisib	Idelalisib_AML_139_01	225.38837	9.7
AML_140_01	Idelalisib	Idelalisib_AML_140_01	218.76926	4.5
AML_142_01	Idelalisib	Idelalisib_AML_142_01	212.88493	13.1
AML_143_01	Idelalisib	Idelalisib_AML_143_01	214.17464	2.3
AML_144_01	Idelalisib	Idelalisib_AML_144_01	221.3388	9.3
AML_146_01	Idelalisib	Idelalisib_AML_146_01	218.61131	1.7
AML_147_01	Idelalisib	Idelalisib_AML_147_01	213.81487	6.1
AML_151_01	Idelalisib	Idelalisib_AML_151_01	207.34158	4.1
AML_152_01	Idelalisib	Idelalisib_AML_152_01	214.56303	5.0
AML_153_01	Idelalisib	Idelalisib_AML_153_01	213.49178	5.6
AML_156_01	Idelalisib	Idelalisib_AML_156_01	216.1994	9.9
AML_157_01	Idelalisib	Idelalisib_AML_157_01	216.79465	9.6
AML_157_02	Idelalisib	Idelalisib_AML_157_02	218.20631	8.5
AML_158_01	Idelalisib	Idelalisib_AML_158_01	219.01294	5.8
AML_159_01	Idelalisib	Idelalisib_AML_159_01	218.53961	5.7
AML_160_01	Idelalisib	Idelalisib_AML_160_01	212.96036	8.6
AML_161_01	Idelalisib	Idelalisib_AML_161_01	210.97418	12.7
AML_175_01	Idelalisib	Idelalisib_AML_175_01	216.3269	4.0
AML_179_01	Idelalisib	Idelalisib_AML_179_01	216.79723	2.7
AML_183_01	Idelalisib	Idelalisib_AML_183_01	217.78659	1.0
AML_183_02	Idelalisib	Idelalisib_AML_183_02	214.44548	3.7
AML_183_03	Idelalisib	Idelalisib_AML_183_03	210.93253	4.2
AML_184_01	Idelalisib	Idelalisib_AML_184_01	214.80731	12.5
AML_185_01	Idelalisib	Idelalisib_AML_185_01	222.48233	2.6
AML_001_01	Imatinib	Imatinib_AML_001_01	216.10504	0.0
AML_001_03	Imatinib	Imatinib_AML_001_03	214.58672	0.1
AML_002_01	Imatinib	Imatinib_AML_002_01	217.1775	5.5
AML_003_02	Imatinib	Imatinib_AML_003_02	218.70468	0.0
AML_004_01	Imatinib	Imatinib_AML_004_01	215.2777	4.7
AML_006_02	Imatinib	Imatinib_AML_006_02	220.4187	0.0
AML_007_01	Imatinib	Imatinib_AML_007_01	213.9614	0.0
AML_007_02	Imatinib	Imatinib_AML_007_02	216.47504	0.0
AML_012_01	Imatinib	Imatinib_AML_012_01	211.70409	1.5
AML_013_01	Imatinib	Imatinib_AML_013_01	213.99559	0.0
AML_014_01	Imatinib	Imatinib_AML_014_01	212.62347	0.0
AML_015_01	Imatinib	Imatinib_AML_015_01	211.20349	21.6
AML_015_02	Imatinib	Imatinib_AML_015_02	216.20862	13.5
AML_015_03	Imatinib	Imatinib_AML_015_03	211.5325	27.1
AML_015_04	Imatinib	Imatinib_AML_015_04	215.03734	39.6
AML_018_01	Imatinib	Imatinib_AML_018_01	212.94681	4.6
AML_019_01	Imatinib	Imatinib_AML_019_01	214.17873	4.4
AML_020_01	Imatinib	Imatinib_AML_020_01	216.70757	0.0
AML_022_01	Imatinib	Imatinib_AML_022_01	215.13547	1.8
AML_023_01	Imatinib	Imatinib_AML_023_01	207.68279	8.8
AML_023_03	Imatinib	Imatinib_AML_023_03	208.36095	2.0
AML_023_04	Imatinib	Imatinib_AML_023_04	210.25958	3.2
AML_024_01	Imatinib	Imatinib_AML_024_01	214.42297	0.0
AML_025_01	Imatinib	Imatinib_AML_025_01	216.38522	0.8
AML_026_01	Imatinib	Imatinib_AML_026_01	216.32848	0.1
AML_028_01	Imatinib	Imatinib_AML_028_01	215.59021	0.1
AML_028_04	Imatinib	Imatinib_AML_028_04	211.532	6.7
AML_029_01	Imatinib	Imatinib_AML_029_01	214.6707	5.3
AML_030_01	Imatinib	Imatinib_AML_030_01	209.04028	0.9
AML_032_01	Imatinib	Imatinib_AML_032_01	217.30405	0.0
AML_033_01	Imatinib	Imatinib_AML_033_01	214.70615	2.5
AML_033_02	Imatinib	Imatinib_AML_033_02	210.57559	0.8
AML_035_02	Imatinib	Imatinib_AML_035_02	219.03079	0.0
AML_035_04	Imatinib	Imatinib_AML_035_04	214.16284	0.0
AML_036_01	Imatinib	Imatinib_AML_036_01	209.41347	0.0
AML_040_01	Imatinib	Imatinib_AML_040_01	211.22316	5.7
AML_041_01	Imatinib	Imatinib_AML_041_01	215.25174	7.2
AML_042_01	Imatinib	Imatinib_AML_042_01	214.8529	5.3
AML_043_02	Imatinib	Imatinib_AML_043_02	209.4756	1.2
AML_045_01	Imatinib	Imatinib_AML_045_01	213.28072	2.2
AML_046_01	Imatinib	Imatinib_AML_046_01	211.12785	7.8
AML_051_01	Imatinib	Imatinib_AML_051_01	209.47371	0.5
AML_052_01	Imatinib	Imatinib_AML_052_01	216.8908	2.6
AML_053_01	Imatinib	Imatinib_AML_053_01	221.70105	0.0
AML_054_01	Imatinib	Imatinib_AML_054_01	210.7188	2.7
AML_057_01	Imatinib	Imatinib_AML_057_01	211.84169	2.5
AML_058_01	Imatinib	Imatinib_AML_058_01	212.24908	6.0
AML_059_01	Imatinib	Imatinib_AML_059_01	211.75218	3.2
AML_060_01	Imatinib	Imatinib_AML_060_01	215.95221	2.8
AML_061_01	Imatinib	Imatinib_AML_061_01	212.06013	0.0
AML_062_01	Imatinib	Imatinib_AML_062_01	205.55197	0.0
AML_064_01	Imatinib	Imatinib_AML_064_01	210.32826	0.0
AML_065_01	Imatinib	Imatinib_AML_065_01	210.92073	5.6
AML_067_01	Imatinib	Imatinib_AML_067_01	210.21718	5.9
AML_070_01	Imatinib	Imatinib_AML_070_01	213.13777	1.1
AML_072_01	Imatinib	Imatinib_AML_072_01	218.55428	2.7
AML_073_01	Imatinib	Imatinib_AML_073_01	217.11958	3.3
AML_074_01	Imatinib	Imatinib_AML_074_01	213.20215	3.3
AML_075_01	Imatinib	Imatinib_AML_075_01	212.81506	0.0
AML_076_01	Imatinib	Imatinib_AML_076_01	218.36598	2.1
AML_076_02	Imatinib	Imatinib_AML_076_02	213.20938	1.7
AML_077_01	Imatinib	Imatinib_AML_077_01	215.89972	1.3
AML_078_02	Imatinib	Imatinib_AML_078_02	212.6464	0.6
AML_084_01	Imatinib	Imatinib_AML_084_01	212.47112	0.7
AML_086_02	Imatinib	Imatinib_AML_086_02	217.90553	2.6
AML_098_01	Imatinib	Imatinib_AML_098_01	210.14923	2.9
AML_100_01	Imatinib	Imatinib_AML_100_01	216.92328	3.0
AML_101_01	Imatinib	Imatinib_AML_101_01	209.07103	12.4
AML_101_02	Imatinib	Imatinib_AML_101_02	218.17543	2.2
AML_102_01	Imatinib	Imatinib_AML_102_01	207.53842	1.6
AML_103_01	Imatinib	Imatinib_AML_103_01	204.01993	2.6
AML_103_02	Imatinib	Imatinib_AML_103_02	209.63165	1.2
AML_104_01	Imatinib	Imatinib_AML_104_01	216.0905	0.8
AML_108_01	Imatinib	Imatinib_AML_108_01	205.44449	7.2
AML_109_01	Imatinib	Imatinib_AML_109_01	212.09442	3.5
AML_110_01	Imatinib	Imatinib_AML_110_01	212.33977	2.5
AML_112_01	Imatinib	Imatinib_AML_112_01	208.50565	4.2
AML_112_02	Imatinib	Imatinib_AML_112_02	211.59059	6.7
AML_113_01	Imatinib	Imatinib_AML_113_01	211.08347	6.2
AML_114_01	Imatinib	Imatinib_AML_114_01	211.97064	1.3
AML_115_01	Imatinib	Imatinib_AML_115_01	209.6507	7.0
AML_116_01	Imatinib	Imatinib_AML_116_01	211.53824	2.5
AML_117_01	Imatinib	Imatinib_AML_117_01	214.79123	3.0
AML_119_01	Imatinib	Imatinib_AML_119_01	207.21602	0.3
AML_120_01	Imatinib	Imatinib_AML_120_01	212.68015	9.9
AML_120_03	Imatinib	Imatinib_AML_120_03	215.37932	9.4
AML_122_01	Imatinib	Imatinib_AML_122_01	211.07614	2.4
AML_123_01	Imatinib	Imatinib_AML_123_01	216.9977	4.4
AML_124_01	Imatinib	Imatinib_AML_124_01	217.87337	5.0
AML_125_01	Imatinib	Imatinib_AML_125_01	215.61238	0.7
AML_126_01	Imatinib	Imatinib_AML_126_01	212.43475	2.0
AML_127_01	Imatinib	Imatinib_AML_127_01	214.16513	4.5
AML_128_01	Imatinib	Imatinib_AML_128_01	219.0959	1.1
AML_129_02	Imatinib	Imatinib_AML_129_02	208.70695	4.3
AML_129_03	Imatinib	Imatinib_AML_129_03	211.95602	0.0
AML_131_01	Imatinib	Imatinib_AML_131_01	212.66101	2.9
AML_133_01	Imatinib	Imatinib_AML_133_01	214.54814	0.0
AML_134_01	Imatinib	Imatinib_AML_134_01	213.71161	1.0
AML_135_01	Imatinib	Imatinib_AML_135_01	216.88261	4.8
AML_138_01	Imatinib	Imatinib_AML_138_01	218.51201	0.0
AML_139_01	Imatinib	Imatinib_AML_139_01	220.16795	4.5
AML_140_01	Imatinib	Imatinib_AML_140_01	214.1979	2.2
AML_142_01	Imatinib	Imatinib_AML_142_01	212.75278	0.0
AML_143_01	Imatinib	Imatinib_AML_143_01	212.9852	0.0
AML_144_01	Imatinib	Imatinib_AML_144_01	216.31754	2.2
AML_146_01	Imatinib	Imatinib_AML_146_01	215.52565	2.6
AML_147_01	Imatinib	Imatinib_AML_147_01	211.60138	5.0
AML_151_01	Imatinib	Imatinib_AML_151_01	206.73232	1.4
AML_152_01	Imatinib	Imatinib_AML_152_01	213.30356	1.4
AML_153_01	Imatinib	Imatinib_AML_153_01	210.90146	0.6
AML_156_01	Imatinib	Imatinib_AML_156_01	212.81198	1.9
AML_157_01	Imatinib	Imatinib_AML_157_01	212.31764	5.4
AML_157_02	Imatinib	Imatinib_AML_157_02	214.4141	5.9
AML_158_01	Imatinib	Imatinib_AML_158_01	214.51512	2.1
AML_159_01	Imatinib	Imatinib_AML_159_01	215.82448	2.4
AML_160_01	Imatinib	Imatinib_AML_160_01	211.44676	4.2
AML_161_01	Imatinib	Imatinib_AML_161_01	209.84805	1.2
AML_175_01	Imatinib	Imatinib_AML_175_01	214.52534	0.0
AML_179_01	Imatinib	Imatinib_AML_179_01	213.406	1.5
AML_183_01	Imatinib	Imatinib_AML_183_01	211.53796	1.2
AML_183_02	Imatinib	Imatinib_AML_183_02	209.16411	3.5
AML_183_03	Imatinib	Imatinib_AML_183_03	209.21638	2.5
AML_184_01	Imatinib	Imatinib_AML_184_01	209.6784	3.8
AML_185_01	Imatinib	Imatinib_AML_185_01	218.27435	1.6
AML_004_01	JNJ-38877605	JNJ-38877605_AML_004_01	211.60466	0.0
AML_019_01	JNJ-38877605	JNJ-38877605_AML_019_01	210.21675	2.3
AML_025_01	JNJ-38877605	JNJ-38877605_AML_025_01	212.92667	1.9
AML_026_01	JNJ-38877605	JNJ-38877605_AML_026_01	212.15329	0.6
AML_029_01	JNJ-38877605	JNJ-38877605_AML_029_01	209.05838	0.0
AML_030_01	JNJ-38877605	JNJ-38877605_AML_030_01	204.54474	0.7
AML_033_01	JNJ-38877605	JNJ-38877605_AML_033_01	209.70294	2.2
AML_033_02	JNJ-38877605	JNJ-38877605_AML_033_02	205.05055	0.4
AML_041_01	JNJ-38877605	JNJ-38877605_AML_041_01	210.80367	0.0
AML_042_01	JNJ-38877605	JNJ-38877605_AML_042_01	209.19324	0.0
AML_043_02	JNJ-38877605	JNJ-38877605_AML_043_02	207.90771	0.2
AML_046_01	JNJ-38877605	JNJ-38877605_AML_046_01	206.31769	0.7
AML_052_01	JNJ-38877605	JNJ-38877605_AML_052_01	215.27594	1.7
AML_057_01	JNJ-38877605	JNJ-38877605_AML_057_01	208.85405	0.9
AML_058_01	JNJ-38877605	JNJ-38877605_AML_058_01	205.42618	0.0
AML_059_01	JNJ-38877605	JNJ-38877605_AML_059_01	207.33936	0.1
AML_060_01	JNJ-38877605	JNJ-38877605_AML_060_01	213.3116	0.0
AML_061_01	JNJ-38877605	JNJ-38877605_AML_061_01	208.29076	0.0
AML_062_01	JNJ-38877605	JNJ-38877605_AML_062_01	200.11505	1.7
AML_064_01	JNJ-38877605	JNJ-38877605_AML_064_01	208.71802	1.6
AML_065_01	JNJ-38877605	JNJ-38877605_AML_065_01	206.61061	2.5
AML_067_01	JNJ-38877605	JNJ-38877605_AML_067_01	209.04398	2.5
AML_070_01	JNJ-38877605	JNJ-38877605_AML_070_01	207.61032	0.4
AML_072_01	JNJ-38877605	JNJ-38877605_AML_072_01	214.96521	0.0
AML_073_01	JNJ-38877605	JNJ-38877605_AML_073_01	215.89508	0.7
AML_074_01	JNJ-38877605	JNJ-38877605_AML_074_01	210.8194	2.5
AML_075_01	JNJ-38877605	JNJ-38877605_AML_075_01	208.73106	0.0
AML_076_01	JNJ-38877605	JNJ-38877605_AML_076_01	212.56029	0.1
AML_076_02	JNJ-38877605	JNJ-38877605_AML_076_02	209.18463	1.5
AML_077_01	JNJ-38877605	JNJ-38877605_AML_077_01	212.53625	4.1
AML_078_02	JNJ-38877605	JNJ-38877605_AML_078_02	208.44733	1.7
AML_086_02	JNJ-38877605	JNJ-38877605_AML_086_02	214.74846	3.2
AML_098_01	JNJ-38877605	JNJ-38877605_AML_098_01	207.29788	0.0
AML_100_01	JNJ-38877605	JNJ-38877605_AML_100_01	210.28377	2.0
AML_101_01	JNJ-38877605	JNJ-38877605_AML_101_01	202.8909	0.0
AML_101_02	JNJ-38877605	JNJ-38877605_AML_101_02	215.21077	0.0
AML_102_01	JNJ-38877605	JNJ-38877605_AML_102_01	203.14316	0.0
AML_103_01	JNJ-38877605	JNJ-38877605_AML_103_01	198.83864	3.9
AML_103_02	JNJ-38877605	JNJ-38877605_AML_103_02	205.58212	0.7
AML_104_01	JNJ-38877605	JNJ-38877605_AML_104_01	211.47075	3.8
AML_108_01	JNJ-38877605	JNJ-38877605_AML_108_01	204.21065	5.1
AML_109_01	JNJ-38877605	JNJ-38877605_AML_109_01	208.39005	0.3
AML_110_01	JNJ-38877605	JNJ-38877605_AML_110_01	207.29655	3.6
AML_112_01	JNJ-38877605	JNJ-38877605_AML_112_01	203.74347	4.7
AML_112_02	JNJ-38877605	JNJ-38877605_AML_112_02	207.6646	1.7
AML_113_01	JNJ-38877605	JNJ-38877605_AML_113_01	207.42139	5.0
AML_114_01	JNJ-38877605	JNJ-38877605_AML_114_01	209.7829	0.6
AML_115_01	JNJ-38877605	JNJ-38877605_AML_115_01	206.26326	4.3
AML_116_01	JNJ-38877605	JNJ-38877605_AML_116_01	210.83899	1.7
AML_117_01	JNJ-38877605	JNJ-38877605_AML_117_01	211.29341	0.0
AML_119_01	JNJ-38877605	JNJ-38877605_AML_119_01	202.62843	1.0
AML_122_01	JNJ-38877605	JNJ-38877605_AML_122_01	209.58571	1.2
AML_123_01	JNJ-38877605	JNJ-38877605_AML_123_01	212.36504	3.2
AML_124_01	JNJ-38877605	JNJ-38877605_AML_124_01	211.7408	2.6
AML_125_01	JNJ-38877605	JNJ-38877605_AML_125_01	214.35815	2.0
AML_126_01	JNJ-38877605	JNJ-38877605_AML_126_01	207.80524	0.8
AML_127_01	JNJ-38877605	JNJ-38877605_AML_127_01	209.1224	0.3
AML_128_01	JNJ-38877605	JNJ-38877605_AML_128_01	213.48792	0.7
AML_131_01	JNJ-38877605	JNJ-38877605_AML_131_01	212.0689	0.5
AML_133_01	JNJ-38877605	JNJ-38877605_AML_133_01	212.3855	0.7
AML_134_01	JNJ-38877605	JNJ-38877605_AML_134_01	213.11447	0.0
AML_135_01	JNJ-38877605	JNJ-38877605_AML_135_01	214.39607	3.4
AML_138_01	JNJ-38877605	JNJ-38877605_AML_138_01	214.44772	3.3
AML_139_01	JNJ-38877605	JNJ-38877605_AML_139_01	218.58214	2.7
AML_140_01	JNJ-38877605	JNJ-38877605_AML_140_01	212.17685	1.7
AML_142_01	JNJ-38877605	JNJ-38877605_AML_142_01	207.95753	2.9
AML_143_01	JNJ-38877605	JNJ-38877605_AML_143_01	209.28064	0.5
AML_144_01	JNJ-38877605	JNJ-38877605_AML_144_01	214.65105	4.2
AML_146_01	JNJ-38877605	JNJ-38877605_AML_146_01	212.86343	2.7
AML_147_01	JNJ-38877605	JNJ-38877605_AML_147_01	209.03989	1.2
AML_151_01	JNJ-38877605	JNJ-38877605_AML_151_01	203.51128	0.6
AML_152_01	JNJ-38877605	JNJ-38877605_AML_152_01	208.7275	0.5
AML_153_01	JNJ-38877605	JNJ-38877605_AML_153_01	208.67033	3.2
AML_156_01	JNJ-38877605	JNJ-38877605_AML_156_01	210.42711	2.1
AML_157_01	JNJ-38877605	JNJ-38877605_AML_157_01	211.48572	3.1
AML_157_02	JNJ-38877605	JNJ-38877605_AML_157_02	213.20503	2.8
AML_158_01	JNJ-38877605	JNJ-38877605_AML_158_01	211.4954	1.2
AML_159_01	JNJ-38877605	JNJ-38877605_AML_159_01	210.63211	1.0
AML_160_01	JNJ-38877605	JNJ-38877605_AML_160_01	210.46756	2.7
AML_161_01	JNJ-38877605	JNJ-38877605_AML_161_01	206.68256	1.2
AML_183_01	JNJ-38877605	JNJ-38877605_AML_183_01	211.32907	2.2
AML_183_02	JNJ-38877605	JNJ-38877605_AML_183_02	207.52913	1.5
AML_183_03	JNJ-38877605	JNJ-38877605_AML_183_03	204.51726	2.7
AML_001_03	JQ1	JQ1_AML_001_03	207.0466	22.9
AML_003_02	JQ1	JQ1_AML_003_02	214.18361	20.7
AML_004_01	JQ1	JQ1_AML_004_01	207.00378	15.5
AML_006_02	JQ1	JQ1_AML_006_02	212.54819	17.8
AML_007_01	JQ1	JQ1_AML_007_01	206.71387	10.1
AML_007_02	JQ1	JQ1_AML_007_02	208.26817	12.3
AML_012_01	JQ1	JQ1_AML_012_01	205.66153	5.6
AML_013_01	JQ1	JQ1_AML_013_01	210.41046	15.9
AML_014_01	JQ1	JQ1_AML_014_01	204.78789	20.8
AML_015_01	JQ1	JQ1_AML_015_01	205.55743	9.1
AML_015_02	JQ1	JQ1_AML_015_02	209.44478	17.8
AML_015_03	JQ1	JQ1_AML_015_03	205.45349	17.5
AML_015_04	JQ1	JQ1_AML_015_04	211.15445	13.0
AML_018_01	JQ1	JQ1_AML_018_01	206.59596	26.4
AML_019_01	JQ1	JQ1_AML_019_01	208.93384	6.2
AML_020_01	JQ1	JQ1_AML_020_01	210.89474	4.1
AML_023_04	JQ1	JQ1_AML_023_04	203.53972	15.6
AML_024_01	JQ1	JQ1_AML_024_01	210.27023	2.5
AML_025_01	JQ1	JQ1_AML_025_01	210.38145	17.2
AML_026_01	JQ1	JQ1_AML_026_01	209.55257	9.9
AML_028_01	JQ1	JQ1_AML_028_01	210.68994	9.5
AML_028_04	JQ1	JQ1_AML_028_04	207.72743	20.2
AML_029_01	JQ1	JQ1_AML_029_01	206.73929	14.9
AML_030_01	JQ1	JQ1_AML_030_01	201.88904	11.4
AML_032_01	JQ1	JQ1_AML_032_01	211.65173	3.8
AML_033_01	JQ1	JQ1_AML_033_01	208.8078	12.5
AML_033_02	JQ1	JQ1_AML_033_02	205.77975	13.8
AML_035_02	JQ1	JQ1_AML_035_02	214.47908	17.3
AML_035_04	JQ1	JQ1_AML_035_04	210.60504	14.3
AML_036_01	JQ1	JQ1_AML_036_01	201.61415	10.9
AML_040_01	JQ1	JQ1_AML_040_01	203.21979	22.6
AML_041_01	JQ1	JQ1_AML_041_01	208.65811	10.6
AML_042_01	JQ1	JQ1_AML_042_01	207.76802	16.5
AML_043_02	JQ1	JQ1_AML_043_02	207.09236	19.3
AML_045_01	JQ1	JQ1_AML_045_01	208.3713	6.9
AML_046_01	JQ1	JQ1_AML_046_01	204.90356	9.2
AML_051_01	JQ1	JQ1_AML_051_01	203.06111	6.7
AML_052_01	JQ1	JQ1_AML_052_01	210.59416	18.5
AML_053_01	JQ1	JQ1_AML_053_01	216.05983	11.2
AML_054_01	JQ1	JQ1_AML_054_01	203.44363	14.0
AML_057_01	JQ1	JQ1_AML_057_01	205.5009	20.2
AML_058_01	JQ1	JQ1_AML_058_01	203.34329	10.7
AML_059_01	JQ1	JQ1_AML_059_01	205.36601	13.6
AML_060_01	JQ1	JQ1_AML_060_01	210.93954	14.6
AML_061_01	JQ1	JQ1_AML_061_01	204.49753	14.6
AML_062_01	JQ1	JQ1_AML_062_01	198.19746	16.0
AML_064_01	JQ1	JQ1_AML_064_01	202.4858	22.4
AML_065_01	JQ1	JQ1_AML_065_01	204.28725	18.8
AML_067_01	JQ1	JQ1_AML_067_01	202.3265	21.1
AML_070_01	JQ1	JQ1_AML_070_01	206.28764	6.2
AML_072_01	JQ1	JQ1_AML_072_01	212.30688	3.5
AML_073_01	JQ1	JQ1_AML_073_01	213.85081	6.1
AML_074_01	JQ1	JQ1_AML_074_01	206.74393	11.2
AML_075_01	JQ1	JQ1_AML_075_01	206.061	17.2
AML_076_01	JQ1	JQ1_AML_076_01	211.50008	11.1
AML_076_02	JQ1	JQ1_AML_076_02	204.59233	15.0
AML_077_01	JQ1	JQ1_AML_077_01	211.37558	15.8
AML_078_02	JQ1	JQ1_AML_078_02	205.56108	16.6
AML_084_01	JQ1	JQ1_AML_084_01	207.33342	19.2
AML_086_02	JQ1	JQ1_AML_086_02	212.91524	12.7
AML_098_01	JQ1	JQ1_AML_098_01	202.1992	8.1
AML_100_01	JQ1	JQ1_AML_100_01	207.52989	11.8
AML_101_01	JQ1	JQ1_AML_101_01	201.88277	19.8
AML_101_02	JQ1	JQ1_AML_101_02	215.00269	5.8
AML_102_01	JQ1	JQ1_AML_102_01	199.6695	16.2
AML_103_01	JQ1	JQ1_AML_103_01	195.85107	19.9
AML_103_02	JQ1	JQ1_AML_103_02	203.59207	18.7
AML_104_01	JQ1	JQ1_AML_104_01	206.53618	13.8
AML_108_01	JQ1	JQ1_AML_108_01	196.79037	20.8
AML_109_01	JQ1	JQ1_AML_109_01	207.15738	12.6
AML_110_01	JQ1	JQ1_AML_110_01	204.64618	14.3
AML_112_01	JQ1	JQ1_AML_112_01	200.88515	16.3
AML_112_02	JQ1	JQ1_AML_112_02	203.95312	20.1
AML_113_01	JQ1	JQ1_AML_113_01	202.75552	22.1
AML_114_01	JQ1	JQ1_AML_114_01	206.2977	10.7
AML_115_01	JQ1	JQ1_AML_115_01	201.30106	24.3
AML_116_01	JQ1	JQ1_AML_116_01	201.6795	14.6
AML_117_01	JQ1	JQ1_AML_117_01	208.10735	5.2
AML_119_01	JQ1	JQ1_AML_119_01	198.21298	17.3
AML_120_03	JQ1	JQ1_AML_120_03	208.75005	22.3
AML_122_01	JQ1	JQ1_AML_122_01	207.80675	10.5
AML_123_01	JQ1	JQ1_AML_123_01	208.86789	11.4
AML_124_01	JQ1	JQ1_AML_124_01	210.27228	20.6
AML_125_01	JQ1	JQ1_AML_125_01	208.57343	11.8
AML_126_01	JQ1	JQ1_AML_126_01	204.33209	19.4
AML_127_01	JQ1	JQ1_AML_127_01	205.77934	16.1
AML_128_01	JQ1	JQ1_AML_128_01	212.21094	13.4
AML_131_01	JQ1	JQ1_AML_131_01	207.03838	13.4
AML_133_01	JQ1	JQ1_AML_133_01	209.56195	14.7
AML_134_01	JQ1	JQ1_AML_134_01	209.30127	17.5
AML_135_01	JQ1	JQ1_AML_135_01	211.24585	19.7
AML_138_01	JQ1	JQ1_AML_138_01	214.89772	14.9
AML_139_01	JQ1	JQ1_AML_139_01	215.75673	16.1
AML_140_01	JQ1	JQ1_AML_140_01	207.65424	16.6
AML_142_01	JQ1	JQ1_AML_142_01	207.12007	17.3
AML_143_01	JQ1	JQ1_AML_143_01	205.45834	16.8
AML_144_01	JQ1	JQ1_AML_144_01	211.5498	17.2
AML_146_01	JQ1	JQ1_AML_146_01	209.40756	12.7
AML_147_01	JQ1	JQ1_AML_147_01	205.03067	14.0
AML_151_01	JQ1	JQ1_AML_151_01	199.4747	21.7
AML_152_01	JQ1	JQ1_AML_152_01	205.90501	12.3
AML_153_01	JQ1	JQ1_AML_153_01	206.51434	8.7
AML_156_01	JQ1	JQ1_AML_156_01	206.62898	22.6
AML_157_01	JQ1	JQ1_AML_157_01	206.15993	20.3
AML_157_02	JQ1	JQ1_AML_157_02	207.1986	19.5
AML_158_01	JQ1	JQ1_AML_158_01	207.39876	11.6
AML_159_01	JQ1	JQ1_AML_159_01	209.72868	14.6
AML_160_01	JQ1	JQ1_AML_160_01	205.69154	16.8
AML_161_01	JQ1	JQ1_AML_161_01	204.98047	18.4
AML_175_01	JQ1	JQ1_AML_175_01	206.9491	6.7
AML_183_01	JQ1	JQ1_AML_183_01	206.03928	15.3
AML_183_02	JQ1	JQ1_AML_183_02	201.2818	17.1
AML_183_03	JQ1	JQ1_AML_183_03	201.87805	15.9
AML_004_01	KW-2449	KW-2449_AML_004_01	214.6921	4.2
AML_019_01	KW-2449	KW-2449_AML_019_01	213.8088	0.0
AML_025_01	KW-2449	KW-2449_AML_025_01	217.84923	0.1
AML_026_01	KW-2449	KW-2449_AML_026_01	218.42006	0.0
AML_029_01	KW-2449	KW-2449_AML_029_01	216.73093	0.0
AML_030_01	KW-2449	KW-2449_AML_030_01	209.36162	0.0
AML_033_01	KW-2449	KW-2449_AML_033_01	211.35684	7.7
AML_033_02	KW-2449	KW-2449_AML_033_02	208.24706	6.0
AML_041_01	KW-2449	KW-2449_AML_041_01	215.14238	1.5
AML_042_01	KW-2449	KW-2449_AML_042_01	214.77994	3.0
AML_043_02	KW-2449	KW-2449_AML_043_02	209.8141	4.5
AML_046_01	KW-2449	KW-2449_AML_046_01	207.21033	18.4
AML_052_01	KW-2449	KW-2449_AML_052_01	214.83647	1.9
AML_057_01	KW-2449	KW-2449_AML_057_01	212.23735	1.0
AML_058_01	KW-2449	KW-2449_AML_058_01	212.11801	3.0
AML_059_01	KW-2449	KW-2449_AML_059_01	209.89809	4.0
AML_060_01	KW-2449	KW-2449_AML_060_01	213.19102	1.1
AML_061_01	KW-2449	KW-2449_AML_061_01	210.48729	2.7
AML_062_01	KW-2449	KW-2449_AML_062_01	204.15823	7.2
AML_064_01	KW-2449	KW-2449_AML_064_01	211.1556	0.1
AML_065_01	KW-2449	KW-2449_AML_065_01	208.8301	4.5
AML_067_01	KW-2449	KW-2449_AML_067_01	210.85767	3.2
AML_070_01	KW-2449	KW-2449_AML_070_01	212.22163	0.6
AML_072_01	KW-2449	KW-2449_AML_072_01	219.02295	0.0
AML_073_01	KW-2449	KW-2449_AML_073_01	218.7553	0.0
AML_074_01	KW-2449	KW-2449_AML_074_01	213.21706	0.0
AML_075_01	KW-2449	KW-2449_AML_075_01	213.13162	0.1
AML_076_01	KW-2449	KW-2449_AML_076_01	218.36308	1.5
AML_076_02	KW-2449	KW-2449_AML_076_02	210.45624	3.7
AML_077_01	KW-2449	KW-2449_AML_077_01	214.58868	2.8
AML_078_02	KW-2449	KW-2449_AML_078_02	213.42604	0.0
AML_086_02	KW-2449	KW-2449_AML_086_02	216.02695	0.9
AML_098_01	KW-2449	KW-2449_AML_098_01	209.0838	0.1
AML_100_01	KW-2449	KW-2449_AML_100_01	217.07314	0.0
AML_101_01	KW-2449	KW-2449_AML_101_01	207.8944	6.6
AML_101_02	KW-2449	KW-2449_AML_101_02	219.06952	0.0
AML_102_01	KW-2449	KW-2449_AML_102_01	207.98666	0.0
AML_103_01	KW-2449	KW-2449_AML_103_01	203.68315	1.0
AML_103_02	KW-2449	KW-2449_AML_103_02	207.85353	6.2
AML_104_01	KW-2449	KW-2449_AML_104_01	216.83504	0.0
AML_108_01	KW-2449	KW-2449_AML_108_01	206.20587	1.0
AML_109_01	KW-2449	KW-2449_AML_109_01	210.19878	0.0
AML_110_01	KW-2449	KW-2449_AML_110_01	210.4703	3.5
AML_112_01	KW-2449	KW-2449_AML_112_01	209.16005	2.7
AML_112_02	KW-2449	KW-2449_AML_112_02	212.25443	0.0
AML_113_01	KW-2449	KW-2449_AML_113_01	208.0942	4.8
AML_114_01	KW-2449	KW-2449_AML_114_01	213.11772	0.2
AML_115_01	KW-2449	KW-2449_AML_115_01	205.75024	3.0
AML_116_01	KW-2449	KW-2449_AML_116_01	211.65111	1.6
AML_117_01	KW-2449	KW-2449_AML_117_01	216.04135	1.1
AML_119_01	KW-2449	KW-2449_AML_119_01	206.18721	0.2
AML_122_01	KW-2449	KW-2449_AML_122_01	215.52399	0.0
AML_123_01	KW-2449	KW-2449_AML_123_01	218.17653	2.9
AML_124_01	KW-2449	KW-2449_AML_124_01	215.80815	4.9
AML_125_01	KW-2449	KW-2449_AML_125_01	214.6932	2.6
AML_126_01	KW-2449	KW-2449_AML_126_01	213.1299	6.6
AML_127_01	KW-2449	KW-2449_AML_127_01	212.36794	3.2
AML_128_01	KW-2449	KW-2449_AML_128_01	218.59807	0.6
AML_131_01	KW-2449	KW-2449_AML_131_01	214.46373	0.5
AML_133_01	KW-2449	KW-2449_AML_133_01	213.0838	3.3
AML_134_01	KW-2449	KW-2449_AML_134_01	214.06996	0.0
AML_135_01	KW-2449	KW-2449_AML_135_01	216.9119	1.7
AML_138_01	KW-2449	KW-2449_AML_138_01	220.1305	1.3
AML_139_01	KW-2449	KW-2449_AML_139_01	221.25224	4.6
AML_140_01	KW-2449	KW-2449_AML_140_01	213.7546	1.3
AML_142_01	KW-2449	KW-2449_AML_142_01	210.8867	7.3
AML_143_01	KW-2449	KW-2449_AML_143_01	210.08379	0.2
AML_144_01	KW-2449	KW-2449_AML_144_01	216.55826	1.0
AML_146_01	KW-2449	KW-2449_AML_146_01	217.20625	0.0
AML_147_01	KW-2449	KW-2449_AML_147_01	211.48546	0.9
AML_151_01	KW-2449	KW-2449_AML_151_01	205.3987	0.8
AML_152_01	KW-2449	KW-2449_AML_152_01	210.91399	1.5
AML_153_01	KW-2449	KW-2449_AML_153_01	211.14073	0.0
AML_156_01	KW-2449	KW-2449_AML_156_01	210.3233	1.7
AML_157_01	KW-2449	KW-2449_AML_157_01	212.42548	3.8
AML_157_02	KW-2449	KW-2449_AML_157_02	214.39684	5.5
AML_158_01	KW-2449	KW-2449_AML_158_01	216.69392	1.1
AML_159_01	KW-2449	KW-2449_AML_159_01	216.24123	1.6
AML_160_01	KW-2449	KW-2449_AML_160_01	211.1733	1.3
AML_161_01	KW-2449	KW-2449_AML_161_01	207.51445	2.7
AML_183_01	KW-2449	KW-2449_AML_183_01	215.20639	0.0
AML_183_02	KW-2449	KW-2449_AML_183_02	210.53815	2.3
AML_183_03	KW-2449	KW-2449_AML_183_03	210.2258	0.0
AML_001_01	Lapatinib	Lapatinib_AML_001_01	214.4573	0.0
AML_001_03	Lapatinib	Lapatinib_AML_001_03	215.20595	0.0
AML_002_01	Lapatinib	Lapatinib_AML_002_01	216.7433	1.3
AML_003_02	Lapatinib	Lapatinib_AML_003_02	218.69408	0.0
AML_004_01	Lapatinib	Lapatinib_AML_004_01	215.49553	0.2
AML_006_02	Lapatinib	Lapatinib_AML_006_02	219.19315	1.2
AML_007_01	Lapatinib	Lapatinib_AML_007_01	215.13264	0.3
AML_007_02	Lapatinib	Lapatinib_AML_007_02	218.47722	0.0
AML_012_01	Lapatinib	Lapatinib_AML_012_01	211.2804	0.0
AML_013_01	Lapatinib	Lapatinib_AML_013_01	212.80211	0.0
AML_014_01	Lapatinib	Lapatinib_AML_014_01	213.81342	0.0
AML_015_01	Lapatinib	Lapatinib_AML_015_01	211.96716	0.0
AML_015_02	Lapatinib	Lapatinib_AML_015_02	215.49768	0.0
AML_015_03	Lapatinib	Lapatinib_AML_015_03	211.37726	0.2
AML_015_04	Lapatinib	Lapatinib_AML_015_04	215.07698	0.0
AML_018_01	Lapatinib	Lapatinib_AML_018_01	212.87971	0.0
AML_019_01	Lapatinib	Lapatinib_AML_019_01	213.55566	0.0
AML_020_01	Lapatinib	Lapatinib_AML_020_01	216.52327	0.0
AML_022_01	Lapatinib	Lapatinib_AML_022_01	214.49698	3.0
AML_023_01	Lapatinib	Lapatinib_AML_023_01	208.37529	1.1
AML_023_03	Lapatinib	Lapatinib_AML_023_03	208.55302	0.2
AML_023_04	Lapatinib	Lapatinib_AML_023_04	209.85426	0.0
AML_024_01	Lapatinib	Lapatinib_AML_024_01	214.7843	0.0
AML_025_01	Lapatinib	Lapatinib_AML_025_01	217.06427	0.0
AML_026_01	Lapatinib	Lapatinib_AML_026_01	215.53285	0.0
AML_028_01	Lapatinib	Lapatinib_AML_028_01	215.34398	0.0
AML_028_04	Lapatinib	Lapatinib_AML_028_04	210.85889	0.0
AML_029_01	Lapatinib	Lapatinib_AML_029_01	214.93108	0.3
AML_030_01	Lapatinib	Lapatinib_AML_030_01	208.07773	0.0
AML_032_01	Lapatinib	Lapatinib_AML_032_01	215.111	0.0
AML_033_01	Lapatinib	Lapatinib_AML_033_01	211.94331	0.0
AML_033_02	Lapatinib	Lapatinib_AML_033_02	209.09798	0.0
AML_035_02	Lapatinib	Lapatinib_AML_035_02	220.84235	0.0
AML_035_04	Lapatinib	Lapatinib_AML_035_04	215.77673	0.0
AML_036_01	Lapatinib	Lapatinib_AML_036_01	209.7138	0.0
AML_040_01	Lapatinib	Lapatinib_AML_040_01	212.11371	0.0
AML_041_01	Lapatinib	Lapatinib_AML_041_01	214.86388	0.0
AML_042_01	Lapatinib	Lapatinib_AML_042_01	214.19545	0.0
AML_043_02	Lapatinib	Lapatinib_AML_043_02	209.93227	0.0
AML_045_01	Lapatinib	Lapatinib_AML_045_01	213.05019	0.0
AML_046_01	Lapatinib	Lapatinib_AML_046_01	208.94968	0.0
AML_051_01	Lapatinib	Lapatinib_AML_051_01	207.78195	0.0
AML_052_01	Lapatinib	Lapatinib_AML_052_01	218.29498	0.0
AML_053_01	Lapatinib	Lapatinib_AML_053_01	221.75665	0.0
AML_054_01	Lapatinib	Lapatinib_AML_054_01	209.50307	0.0
AML_057_01	Lapatinib	Lapatinib_AML_057_01	211.7752	0.0
AML_058_01	Lapatinib	Lapatinib_AML_058_01	210.47795	0.0
AML_059_01	Lapatinib	Lapatinib_AML_059_01	209.47581	0.8
AML_060_01	Lapatinib	Lapatinib_AML_060_01	213.84827	0.4
AML_061_01	Lapatinib	Lapatinib_AML_061_01	210.14896	0.0
AML_062_01	Lapatinib	Lapatinib_AML_062_01	203.67421	0.3
AML_064_01	Lapatinib	Lapatinib_AML_064_01	212.30698	0.0
AML_065_01	Lapatinib	Lapatinib_AML_065_01	209.18585	0.0
AML_067_01	Lapatinib	Lapatinib_AML_067_01	209.45004	0.0
AML_070_01	Lapatinib	Lapatinib_AML_070_01	212.09389	0.2
AML_072_01	Lapatinib	Lapatinib_AML_072_01	218.41457	0.1
AML_073_01	Lapatinib	Lapatinib_AML_073_01	218.35728	0.0
AML_074_01	Lapatinib	Lapatinib_AML_074_01	213.35544	0.0
AML_075_01	Lapatinib	Lapatinib_AML_075_01	212.63687	0.0
AML_076_01	Lapatinib	Lapatinib_AML_076_01	216.83447	0.0
AML_076_02	Lapatinib	Lapatinib_AML_076_02	210.96024	0.0
AML_077_01	Lapatinib	Lapatinib_AML_077_01	215.13654	0.0
AML_078_02	Lapatinib	Lapatinib_AML_078_02	212.61385	0.0
AML_084_01	Lapatinib	Lapatinib_AML_084_01	210.77919	0.0
AML_086_02	Lapatinib	Lapatinib_AML_086_02	216.79854	0.0
AML_098_01	Lapatinib	Lapatinib_AML_098_01	211.04295	0.0
AML_100_01	Lapatinib	Lapatinib_AML_100_01	215.14357	0.0
AML_101_01	Lapatinib	Lapatinib_AML_101_01	204.56233	0.0
AML_101_02	Lapatinib	Lapatinib_AML_101_02	218.41971	0.1
AML_102_01	Lapatinib	Lapatinib_AML_102_01	205.59526	1.0
AML_103_01	Lapatinib	Lapatinib_AML_103_01	203.62686	0.0
AML_103_02	Lapatinib	Lapatinib_AML_103_02	207.36171	0.0
AML_104_01	Lapatinib	Lapatinib_AML_104_01	216.15652	0.0
AML_108_01	Lapatinib	Lapatinib_AML_108_01	204.91763	1.5
AML_109_01	Lapatinib	Lapatinib_AML_109_01	210.66283	0.0
AML_110_01	Lapatinib	Lapatinib_AML_110_01	209.62456	0.0
AML_112_01	Lapatinib	Lapatinib_AML_112_01	206.8239	0.0
AML_112_02	Lapatinib	Lapatinib_AML_112_02	211.1651	0.3
AML_113_01	Lapatinib	Lapatinib_AML_113_01	209.82611	0.0
AML_114_01	Lapatinib	Lapatinib_AML_114_01	211.78406	0.2
AML_115_01	Lapatinib	Lapatinib_AML_115_01	206.4774	0.0
AML_116_01	Lapatinib	Lapatinib_AML_116_01	211.53049	0.0
AML_117_01	Lapatinib	Lapatinib_AML_117_01	215.1867	0.0
AML_119_01	Lapatinib	Lapatinib_AML_119_01	204.9497	1.6
AML_120_01	Lapatinib	Lapatinib_AML_120_01	211.6023	2.7
AML_120_03	Lapatinib	Lapatinib_AML_120_03	213.81964	0.0
AML_122_01	Lapatinib	Lapatinib_AML_122_01	213.68437	0.0
AML_123_01	Lapatinib	Lapatinib_AML_123_01	216.23674	0.0
AML_124_01	Lapatinib	Lapatinib_AML_124_01	216.09676	0.0
AML_125_01	Lapatinib	Lapatinib_AML_125_01	215.0698	0.0
AML_126_01	Lapatinib	Lapatinib_AML_126_01	211.70107	0.0
AML_127_01	Lapatinib	Lapatinib_AML_127_01	211.72134	0.0
AML_128_01	Lapatinib	Lapatinib_AML_128_01	218.77321	0.2
AML_129_02	Lapatinib	Lapatinib_AML_129_02	209.09418	1.7
AML_129_03	Lapatinib	Lapatinib_AML_129_03	211.23708	2.1
AML_131_01	Lapatinib	Lapatinib_AML_131_01	213.96512	0.0
AML_133_01	Lapatinib	Lapatinib_AML_133_01	214.76547	0.0
AML_134_01	Lapatinib	Lapatinib_AML_134_01	213.51608	0.0
AML_135_01	Lapatinib	Lapatinib_AML_135_01	217.50163	0.0
AML_138_01	Lapatinib	Lapatinib_AML_138_01	218.65569	0.0
AML_139_01	Lapatinib	Lapatinib_AML_139_01	220.0925	0.6
AML_140_01	Lapatinib	Lapatinib_AML_140_01	215.72725	0.0
AML_142_01	Lapatinib	Lapatinib_AML_142_01	211.10916	0.0
AML_143_01	Lapatinib	Lapatinib_AML_143_01	210.61723	0.0
AML_144_01	Lapatinib	Lapatinib_AML_144_01	218.70927	0.0
AML_146_01	Lapatinib	Lapatinib_AML_146_01	217.19789	0.0
AML_147_01	Lapatinib	Lapatinib_AML_147_01	210.85797	0.0
AML_151_01	Lapatinib	Lapatinib_AML_151_01	205.84258	0.0
AML_152_01	Lapatinib	Lapatinib_AML_152_01	210.78023	0.0
AML_153_01	Lapatinib	Lapatinib_AML_153_01	210.92708	0.0
AML_156_01	Lapatinib	Lapatinib_AML_156_01	210.61343	0.0
AML_157_01	Lapatinib	Lapatinib_AML_157_01	212.53246	0.1
AML_157_02	Lapatinib	Lapatinib_AML_157_02	215.09311	0.0
AML_158_01	Lapatinib	Lapatinib_AML_158_01	215.50624	0.0
AML_159_01	Lapatinib	Lapatinib_AML_159_01	215.3175	0.0
AML_160_01	Lapatinib	Lapatinib_AML_160_01	210.35257	0.0
AML_161_01	Lapatinib	Lapatinib_AML_161_01	207.22415	0.0
AML_175_01	Lapatinib	Lapatinib_AML_175_01	213.47333	0.0
AML_179_01	Lapatinib	Lapatinib_AML_179_01	214.08728	0.8
AML_183_01	Lapatinib	Lapatinib_AML_183_01	212.99883	0.0
AML_183_02	Lapatinib	Lapatinib_AML_183_02	210.26779	0.0
AML_183_03	Lapatinib	Lapatinib_AML_183_03	209.5093	0.0
AML_184_01	Lapatinib	Lapatinib_AML_184_01	212.32507	2.7
AML_185_01	Lapatinib	Lapatinib_AML_185_01	219.73099	0.7
AML_001_01	Lenalidomide	Lenalidomide_AML_001_01	219.31998	0.0
AML_001_03	Lenalidomide	Lenalidomide_AML_001_03	217.52449	3.7
AML_002_01	Lenalidomide	Lenalidomide_AML_002_01	216.91975	0.0
AML_003_02	Lenalidomide	Lenalidomide_AML_003_02	221.09154	1.6
AML_004_01	Lenalidomide	Lenalidomide_AML_004_01	216.88193	4.4
AML_006_02	Lenalidomide	Lenalidomide_AML_006_02	221.47858	0.1
AML_007_01	Lenalidomide	Lenalidomide_AML_007_01	216.7399	0.0
AML_007_02	Lenalidomide	Lenalidomide_AML_007_02	218.90573	0.0
AML_012_01	Lenalidomide	Lenalidomide_AML_012_01	213.10892	7.8
AML_013_01	Lenalidomide	Lenalidomide_AML_013_01	214.29869	0.0
AML_014_01	Lenalidomide	Lenalidomide_AML_014_01	215.9169	0.0
AML_015_01	Lenalidomide	Lenalidomide_AML_015_01	214.21516	2.2
AML_015_02	Lenalidomide	Lenalidomide_AML_015_02	216.94539	11.1
AML_015_03	Lenalidomide	Lenalidomide_AML_015_03	213.73473	10.7
AML_015_04	Lenalidomide	Lenalidomide_AML_015_04	216.32016	9.7
AML_018_01	Lenalidomide	Lenalidomide_AML_018_01	213.61281	0.1
AML_019_01	Lenalidomide	Lenalidomide_AML_019_01	214.78934	6.3
AML_020_01	Lenalidomide	Lenalidomide_AML_020_01	217.91054	3.7
AML_022_01	Lenalidomide	Lenalidomide_AML_022_01	217.25764	0.0
AML_023_01	Lenalidomide	Lenalidomide_AML_023_01	209.82257	0.0
AML_023_03	Lenalidomide	Lenalidomide_AML_023_03	212.21535	0.0
AML_023_04	Lenalidomide	Lenalidomide_AML_023_04	211.4369	0.5
AML_024_01	Lenalidomide	Lenalidomide_AML_024_01	216.42831	0.0
AML_025_01	Lenalidomide	Lenalidomide_AML_025_01	220.1745	0.0
AML_026_01	Lenalidomide	Lenalidomide_AML_026_01	219.71631	0.0
AML_028_01	Lenalidomide	Lenalidomide_AML_028_01	217.56323	1.6
AML_028_04	Lenalidomide	Lenalidomide_AML_028_04	213.44177	4.9
AML_029_01	Lenalidomide	Lenalidomide_AML_029_01	217.25375	0.5
AML_030_01	Lenalidomide	Lenalidomide_AML_030_01	209.94415	0.3
AML_032_01	Lenalidomide	Lenalidomide_AML_032_01	219.96297	0.0
AML_033_01	Lenalidomide	Lenalidomide_AML_033_01	213.71625	0.0
AML_033_02	Lenalidomide	Lenalidomide_AML_033_02	210.19963	0.2
AML_035_02	Lenalidomide	Lenalidomide_AML_035_02	223.0749	0.6
AML_035_04	Lenalidomide	Lenalidomide_AML_035_04	217.30043	0.0
AML_036_01	Lenalidomide	Lenalidomide_AML_036_01	211.6224	1.0
AML_040_01	Lenalidomide	Lenalidomide_AML_040_01	211.10797	2.7
AML_041_01	Lenalidomide	Lenalidomide_AML_041_01	217.20554	0.3
AML_042_01	Lenalidomide	Lenalidomide_AML_042_01	216.77415	4.6
AML_043_02	Lenalidomide	Lenalidomide_AML_043_02	212.03526	1.8
AML_045_01	Lenalidomide	Lenalidomide_AML_045_01	217.23436	2.9
AML_046_01	Lenalidomide	Lenalidomide_AML_046_01	209.9542	9.2
AML_051_01	Lenalidomide	Lenalidomide_AML_051_01	209.31085	0.0
AML_052_01	Lenalidomide	Lenalidomide_AML_052_01	218.60896	0.5
AML_053_01	Lenalidomide	Lenalidomide_AML_053_01	225.01231	0.0
AML_054_01	Lenalidomide	Lenalidomide_AML_054_01	210.79922	5.1
AML_057_01	Lenalidomide	Lenalidomide_AML_057_01	214.7589	3.0
AML_058_01	Lenalidomide	Lenalidomide_AML_058_01	213.6095	1.8
AML_059_01	Lenalidomide	Lenalidomide_AML_059_01	213.34862	1.5
AML_060_01	Lenalidomide	Lenalidomide_AML_060_01	216.30173	6.7
AML_061_01	Lenalidomide	Lenalidomide_AML_061_01	212.63785	2.1
AML_062_01	Lenalidomide	Lenalidomide_AML_062_01	206.38426	6.6
AML_064_01	Lenalidomide	Lenalidomide_AML_064_01	212.56409	7.5
AML_065_01	Lenalidomide	Lenalidomide_AML_065_01	211.18811	3.1
AML_067_01	Lenalidomide	Lenalidomide_AML_067_01	211.45543	1.4
AML_070_01	Lenalidomide	Lenalidomide_AML_070_01	214.47125	2.1
AML_072_01	Lenalidomide	Lenalidomide_AML_072_01	220.52	8.0
AML_073_01	Lenalidomide	Lenalidomide_AML_073_01	221.54039	2.0
AML_074_01	Lenalidomide	Lenalidomide_AML_074_01	214.88763	3.5
AML_075_01	Lenalidomide	Lenalidomide_AML_075_01	214.72026	1.1
AML_076_01	Lenalidomide	Lenalidomide_AML_076_01	220.44177	0.0
AML_076_02	Lenalidomide	Lenalidomide_AML_076_02	213.48859	3.6
AML_077_01	Lenalidomide	Lenalidomide_AML_077_01	218.30211	2.1
AML_078_02	Lenalidomide	Lenalidomide_AML_078_02	214.75108	1.6
AML_084_01	Lenalidomide	Lenalidomide_AML_084_01	213.34543	0.0
AML_086_02	Lenalidomide	Lenalidomide_AML_086_02	218.24062	2.2
AML_098_01	Lenalidomide	Lenalidomide_AML_098_01	210.31302	0.0
AML_100_01	Lenalidomide	Lenalidomide_AML_100_01	217.64636	2.0
AML_101_01	Lenalidomide	Lenalidomide_AML_101_01	208.13403	7.3
AML_101_02	Lenalidomide	Lenalidomide_AML_101_02	220.76234	1.4
AML_102_01	Lenalidomide	Lenalidomide_AML_102_01	209.55891	0.1
AML_103_01	Lenalidomide	Lenalidomide_AML_103_01	204.1598	3.1
AML_103_02	Lenalidomide	Lenalidomide_AML_103_02	211.02377	0.0
AML_104_01	Lenalidomide	Lenalidomide_AML_104_01	218.42567	0.0
AML_108_01	Lenalidomide	Lenalidomide_AML_108_01	207.42609	3.0
AML_109_01	Lenalidomide	Lenalidomide_AML_109_01	212.67963	7.9
AML_110_01	Lenalidomide	Lenalidomide_AML_110_01	213.79092	6.0
AML_112_01	Lenalidomide	Lenalidomide_AML_112_01	208.94678	6.9
AML_112_02	Lenalidomide	Lenalidomide_AML_112_02	212.98787	4.0
AML_113_01	Lenalidomide	Lenalidomide_AML_113_01	211.72081	3.2
AML_114_01	Lenalidomide	Lenalidomide_AML_114_01	214.52367	0.0
AML_115_01	Lenalidomide	Lenalidomide_AML_115_01	209.49216	10.7
AML_116_01	Lenalidomide	Lenalidomide_AML_116_01	212.93625	0.2
AML_117_01	Lenalidomide	Lenalidomide_AML_117_01	217.72968	2.0
AML_119_01	Lenalidomide	Lenalidomide_AML_119_01	208.26927	1.9
AML_120_01	Lenalidomide	Lenalidomide_AML_120_01	214.96889	0.0
AML_120_03	Lenalidomide	Lenalidomide_AML_120_03	216.5482	0.0
AML_122_01	Lenalidomide	Lenalidomide_AML_122_01	217.13504	0.0
AML_123_01	Lenalidomide	Lenalidomide_AML_123_01	219.53842	5.0
AML_124_01	Lenalidomide	Lenalidomide_AML_124_01	218.4307	2.6
AML_125_01	Lenalidomide	Lenalidomide_AML_125_01	216.88524	0.0
AML_126_01	Lenalidomide	Lenalidomide_AML_126_01	214.42934	0.7
AML_127_01	Lenalidomide	Lenalidomide_AML_127_01	215.2927	3.4
AML_128_01	Lenalidomide	Lenalidomide_AML_128_01	220.91206	6.7
AML_129_02	Lenalidomide	Lenalidomide_AML_129_02	210.86281	7.4
AML_129_03	Lenalidomide	Lenalidomide_AML_129_03	213.77153	0.6
AML_131_01	Lenalidomide	Lenalidomide_AML_131_01	215.52477	0.0
AML_133_01	Lenalidomide	Lenalidomide_AML_133_01	215.87337	7.5
AML_134_01	Lenalidomide	Lenalidomide_AML_134_01	214.28821	5.6
AML_135_01	Lenalidomide	Lenalidomide_AML_135_01	219.10136	2.0
AML_138_01	Lenalidomide	Lenalidomide_AML_138_01	221.79578	0.0
AML_139_01	Lenalidomide	Lenalidomide_AML_139_01	225.1625	0.4
AML_140_01	Lenalidomide	Lenalidomide_AML_140_01	215.42264	7.6
AML_142_01	Lenalidomide	Lenalidomide_AML_142_01	212.48634	15.1
AML_143_01	Lenalidomide	Lenalidomide_AML_143_01	214.3673	0.0
AML_144_01	Lenalidomide	Lenalidomide_AML_144_01	221.01291	7.7
AML_146_01	Lenalidomide	Lenalidomide_AML_146_01	219.77625	5.6
AML_147_01	Lenalidomide	Lenalidomide_AML_147_01	213.86539	6.8
AML_151_01	Lenalidomide	Lenalidomide_AML_151_01	206.86559	15.5
AML_152_01	Lenalidomide	Lenalidomide_AML_152_01	214.49161	0.1
AML_153_01	Lenalidomide	Lenalidomide_AML_153_01	212.72383	6.1
AML_156_01	Lenalidomide	Lenalidomide_AML_156_01	213.66698	0.0
AML_157_01	Lenalidomide	Lenalidomide_AML_157_01	215.1488	4.2
AML_157_02	Lenalidomide	Lenalidomide_AML_157_02	217.101	3.0
AML_158_01	Lenalidomide	Lenalidomide_AML_158_01	218.82372	0.0
AML_159_01	Lenalidomide	Lenalidomide_AML_159_01	218.05597	0.0
AML_160_01	Lenalidomide	Lenalidomide_AML_160_01	212.9663	1.7
AML_161_01	Lenalidomide	Lenalidomide_AML_161_01	210.50278	1.2
AML_175_01	Lenalidomide	Lenalidomide_AML_175_01	218.28572	0.0
AML_179_01	Lenalidomide	Lenalidomide_AML_179_01	215.02286	11.3
AML_183_01	Lenalidomide	Lenalidomide_AML_183_01	215.70052	0.0
AML_183_02	Lenalidomide	Lenalidomide_AML_183_02	210.18451	0.0
AML_183_03	Lenalidomide	Lenalidomide_AML_183_03	211.55284	0.0
AML_184_01	Lenalidomide	Lenalidomide_AML_184_01	211.44739	0.0
AML_185_01	Lenalidomide	Lenalidomide_AML_185_01	222.2644	0.0
AML_004_01	Lenvatinib	Lenvatinib_AML_004_01	213.0108	1.3
AML_019_01	Lenvatinib	Lenvatinib_AML_019_01	211.78789	1.0
AML_025_01	Lenvatinib	Lenvatinib_AML_025_01	215.33926	0.0
AML_026_01	Lenvatinib	Lenvatinib_AML_026_01	212.85417	0.0
AML_029_01	Lenvatinib	Lenvatinib_AML_029_01	211.29984	0.0
AML_030_01	Lenvatinib	Lenvatinib_AML_030_01	204.54535	0.0
AML_033_01	Lenvatinib	Lenvatinib_AML_033_01	211.34972	2.0
AML_033_02	Lenvatinib	Lenvatinib_AML_033_02	208.16487	4.3
AML_041_01	Lenvatinib	Lenvatinib_AML_041_01	211.35759	2.6
AML_042_01	Lenvatinib	Lenvatinib_AML_042_01	210.31891	3.4
AML_043_02	Lenvatinib	Lenvatinib_AML_043_02	208.64256	0.0
AML_046_01	Lenvatinib	Lenvatinib_AML_046_01	205.60004	12.5
AML_052_01	Lenvatinib	Lenvatinib_AML_052_01	218.13512	0.0
AML_057_01	Lenvatinib	Lenvatinib_AML_057_01	208.13184	3.7
AML_058_01	Lenvatinib	Lenvatinib_AML_058_01	207.74036	3.1
AML_059_01	Lenvatinib	Lenvatinib_AML_059_01	207.20364	4.6
AML_060_01	Lenvatinib	Lenvatinib_AML_060_01	212.75894	3.5
AML_061_01	Lenvatinib	Lenvatinib_AML_061_01	206.42856	5.4
AML_062_01	Lenvatinib	Lenvatinib_AML_062_01	198.84554	7.2
AML_064_01	Lenvatinib	Lenvatinib_AML_064_01	207.53873	0.0
AML_065_01	Lenvatinib	Lenvatinib_AML_065_01	205.86966	4.7
AML_067_01	Lenvatinib	Lenvatinib_AML_067_01	204.23602	6.3
AML_070_01	Lenvatinib	Lenvatinib_AML_070_01	208.99599	0.0
AML_072_01	Lenvatinib	Lenvatinib_AML_072_01	217.53564	1.6
AML_073_01	Lenvatinib	Lenvatinib_AML_073_01	218.09027	0.4
AML_074_01	Lenvatinib	Lenvatinib_AML_074_01	208.67941	0.6
AML_075_01	Lenvatinib	Lenvatinib_AML_075_01	207.59416	2.6
AML_076_01	Lenvatinib	Lenvatinib_AML_076_01	214.27669	0.1
AML_076_02	Lenvatinib	Lenvatinib_AML_076_02	208.5165	2.6
AML_077_01	Lenvatinib	Lenvatinib_AML_077_01	213.65427	0.0
AML_078_02	Lenvatinib	Lenvatinib_AML_078_02	207.83392	0.0
AML_086_02	Lenvatinib	Lenvatinib_AML_086_02	215.80042	1.5
AML_098_01	Lenvatinib	Lenvatinib_AML_098_01	206.13504	0.0
AML_100_01	Lenvatinib	Lenvatinib_AML_100_01	212.40591	0.2
AML_101_01	Lenvatinib	Lenvatinib_AML_101_01	203.49565	11.6
AML_101_02	Lenvatinib	Lenvatinib_AML_101_02	217.84268	0.0
AML_102_01	Lenvatinib	Lenvatinib_AML_102_01	202.7402	0.0
AML_103_01	Lenvatinib	Lenvatinib_AML_103_01	198.71341	0.0
AML_103_02	Lenvatinib	Lenvatinib_AML_103_02	207.00392	2.8
AML_104_01	Lenvatinib	Lenvatinib_AML_104_01	212.02234	0.0
AML_108_01	Lenvatinib	Lenvatinib_AML_108_01	201.85399	0.0
AML_109_01	Lenvatinib	Lenvatinib_AML_109_01	210.19463	0.0
AML_110_01	Lenvatinib	Lenvatinib_AML_110_01	208.13297	1.5
AML_112_01	Lenvatinib	Lenvatinib_AML_112_01	202.15608	1.3
AML_112_02	Lenvatinib	Lenvatinib_AML_112_02	208.0447	0.3
AML_113_01	Lenvatinib	Lenvatinib_AML_113_01	206.33434	1.6
AML_114_01	Lenvatinib	Lenvatinib_AML_114_01	208.27885	0.0
AML_115_01	Lenvatinib	Lenvatinib_AML_115_01	205.36633	5.7
AML_116_01	Lenvatinib	Lenvatinib_AML_116_01	209.10562	0.0
AML_117_01	Lenvatinib	Lenvatinib_AML_117_01	211.58595	0.4
AML_119_01	Lenvatinib	Lenvatinib_AML_119_01	201.15558	0.8
AML_122_01	Lenvatinib	Lenvatinib_AML_122_01	209.06235	0.0
AML_123_01	Lenvatinib	Lenvatinib_AML_123_01	214.0575	0.0
AML_124_01	Lenvatinib	Lenvatinib_AML_124_01	214.9499	0.8
AML_125_01	Lenvatinib	Lenvatinib_AML_125_01	213.55214	0.0
AML_126_01	Lenvatinib	Lenvatinib_AML_126_01	208.0688	1.5
AML_127_01	Lenvatinib	Lenvatinib_AML_127_01	208.3609	0.0
AML_128_01	Lenvatinib	Lenvatinib_AML_128_01	217.20839	1.5
AML_131_01	Lenvatinib	Lenvatinib_AML_131_01	208.61343	0.0
AML_133_01	Lenvatinib	Lenvatinib_AML_133_01	212.56372	4.3
AML_134_01	Lenvatinib	Lenvatinib_AML_134_01	212.18442	0.0
AML_135_01	Lenvatinib	Lenvatinib_AML_135_01	216.14746	2.1
AML_138_01	Lenvatinib	Lenvatinib_AML_138_01	218.06055	1.6
AML_139_01	Lenvatinib	Lenvatinib_AML_139_01	221.09784	0.8
AML_140_01	Lenvatinib	Lenvatinib_AML_140_01	210.55493	0.0
AML_142_01	Lenvatinib	Lenvatinib_AML_142_01	210.62994	4.3
AML_143_01	Lenvatinib	Lenvatinib_AML_143_01	207.69283	0.0
AML_144_01	Lenvatinib	Lenvatinib_AML_144_01	216.66306	2.0
AML_146_01	Lenvatinib	Lenvatinib_AML_146_01	214.03914	0.0
AML_147_01	Lenvatinib	Lenvatinib_AML_147_01	207.40814	1.6
AML_151_01	Lenvatinib	Lenvatinib_AML_151_01	201.85857	7.4
AML_152_01	Lenvatinib	Lenvatinib_AML_152_01	208.70409	0.1
AML_153_01	Lenvatinib	Lenvatinib_AML_153_01	210.15358	0.0
AML_156_01	Lenvatinib	Lenvatinib_AML_156_01	209.18881	0.9
AML_157_01	Lenvatinib	Lenvatinib_AML_157_01	210.49048	2.3
AML_157_02	Lenvatinib	Lenvatinib_AML_157_02	211.77567	1.8
AML_158_01	Lenvatinib	Lenvatinib_AML_158_01	212.09706	0.0
AML_159_01	Lenvatinib	Lenvatinib_AML_159_01	212.16618	0.4
AML_160_01	Lenvatinib	Lenvatinib_AML_160_01	208.57791	0.0
AML_161_01	Lenvatinib	Lenvatinib_AML_161_01	205.009	0.5
AML_183_01	Lenvatinib	Lenvatinib_AML_183_01	211.18944	0.0
AML_183_02	Lenvatinib	Lenvatinib_AML_183_02	203.99277	0.0
AML_183_03	Lenvatinib	Lenvatinib_AML_183_03	205.75632	0.0
AML_001_01	Lestaurtinib	Lestaurtinib_AML_001_01	210.976	4.7
AML_001_03	Lestaurtinib	Lestaurtinib_AML_001_03	207.6417	13.7
AML_002_01	Lestaurtinib	Lestaurtinib_AML_002_01	213.44824	14.3
AML_003_02	Lestaurtinib	Lestaurtinib_AML_003_02	216.06516	13.3
AML_004_01	Lestaurtinib	Lestaurtinib_AML_004_01	210.07365	12.6
AML_006_02	Lestaurtinib	Lestaurtinib_AML_006_02	212.901	7.1
AML_007_01	Lestaurtinib	Lestaurtinib_AML_007_01	208.20854	10.9
AML_007_02	Lestaurtinib	Lestaurtinib_AML_007_02	211.7856	9.7
AML_012_01	Lestaurtinib	Lestaurtinib_AML_012_01	211.04523	18.9
AML_013_01	Lestaurtinib	Lestaurtinib_AML_013_01	211.99657	21.7
AML_014_01	Lestaurtinib	Lestaurtinib_AML_014_01	207.97884	12.3
AML_015_01	Lestaurtinib	Lestaurtinib_AML_015_01	208.0	19.3
AML_015_02	Lestaurtinib	Lestaurtinib_AML_015_02	209.86325	17.3
AML_015_03	Lestaurtinib	Lestaurtinib_AML_015_03	207.77724	28.2
AML_015_04	Lestaurtinib	Lestaurtinib_AML_015_04	210.5279	23.7
AML_018_01	Lestaurtinib	Lestaurtinib_AML_018_01	208.23657	30.3
AML_019_01	Lestaurtinib	Lestaurtinib_AML_019_01	209.2564	9.4
AML_020_01	Lestaurtinib	Lestaurtinib_AML_020_01	213.64679	0.0
AML_023_01	Lestaurtinib	Lestaurtinib_AML_023_01	202.70334	22.1
AML_023_03	Lestaurtinib	Lestaurtinib_AML_023_03	204.06029	16.5
AML_023_04	Lestaurtinib	Lestaurtinib_AML_023_04	204.47498	8.7
AML_024_01	Lestaurtinib	Lestaurtinib_AML_024_01	212.91068	14.2
AML_025_01	Lestaurtinib	Lestaurtinib_AML_025_01	211.65944	11.1
AML_026_01	Lestaurtinib	Lestaurtinib_AML_026_01	209.71443	7.4
AML_028_01	Lestaurtinib	Lestaurtinib_AML_028_01	210.10425	7.6
AML_028_04	Lestaurtinib	Lestaurtinib_AML_028_04	207.22424	23.2
AML_029_01	Lestaurtinib	Lestaurtinib_AML_029_01	209.30255	7.5
AML_030_01	Lestaurtinib	Lestaurtinib_AML_030_01	201.4695	4.7
AML_032_01	Lestaurtinib	Lestaurtinib_AML_032_01	211.64665	8.6
AML_033_01	Lestaurtinib	Lestaurtinib_AML_033_01	207.95305	18.7
AML_033_02	Lestaurtinib	Lestaurtinib_AML_033_02	206.99228	18.2
AML_035_02	Lestaurtinib	Lestaurtinib_AML_035_02	215.20583	8.6
AML_035_04	Lestaurtinib	Lestaurtinib_AML_035_04	212.68103	9.2
AML_036_01	Lestaurtinib	Lestaurtinib_AML_036_01	203.21364	10.5
AML_040_01	Lestaurtinib	Lestaurtinib_AML_040_01	206.3407	11.4
AML_041_01	Lestaurtinib	Lestaurtinib_AML_041_01	208.28867	6.4
AML_042_01	Lestaurtinib	Lestaurtinib_AML_042_01	208.70772	9.0
AML_043_02	Lestaurtinib	Lestaurtinib_AML_043_02	209.1368	14.4
AML_045_01	Lestaurtinib	Lestaurtinib_AML_045_01	208.55916	2.2
AML_046_01	Lestaurtinib	Lestaurtinib_AML_046_01	205.36293	25.9
AML_051_01	Lestaurtinib	Lestaurtinib_AML_051_01	202.0769	0.0
AML_052_01	Lestaurtinib	Lestaurtinib_AML_052_01	214.36131	11.1
AML_053_01	Lestaurtinib	Lestaurtinib_AML_053_01	217.29126	10.2
AML_054_01	Lestaurtinib	Lestaurtinib_AML_054_01	206.24152	14.8
AML_057_01	Lestaurtinib	Lestaurtinib_AML_057_01	205.12006	12.6
AML_058_01	Lestaurtinib	Lestaurtinib_AML_058_01	205.0462	7.4
AML_059_01	Lestaurtinib	Lestaurtinib_AML_059_01	204.42929	10.8
AML_060_01	Lestaurtinib	Lestaurtinib_AML_060_01	210.41011	6.0
AML_061_01	Lestaurtinib	Lestaurtinib_AML_061_01	204.36522	8.5
AML_062_01	Lestaurtinib	Lestaurtinib_AML_062_01	196.76582	17.0
AML_064_01	Lestaurtinib	Lestaurtinib_AML_064_01	206.22942	9.4
AML_065_01	Lestaurtinib	Lestaurtinib_AML_065_01	203.15239	15.6
AML_067_01	Lestaurtinib	Lestaurtinib_AML_067_01	202.77939	10.4
AML_070_01	Lestaurtinib	Lestaurtinib_AML_070_01	205.77882	8.0
AML_072_01	Lestaurtinib	Lestaurtinib_AML_072_01	213.73439	0.0
AML_073_01	Lestaurtinib	Lestaurtinib_AML_073_01	216.18747	0.2
AML_074_01	Lestaurtinib	Lestaurtinib_AML_074_01	207.67184	9.4
AML_075_01	Lestaurtinib	Lestaurtinib_AML_075_01	205.2598	7.7
AML_076_01	Lestaurtinib	Lestaurtinib_AML_076_01	210.62065	11.3
AML_076_02	Lestaurtinib	Lestaurtinib_AML_076_02	206.84303	19.2
AML_077_01	Lestaurtinib	Lestaurtinib_AML_077_01	212.07962	12.4
AML_078_02	Lestaurtinib	Lestaurtinib_AML_078_02	206.15907	10.0
AML_084_01	Lestaurtinib	Lestaurtinib_AML_084_01	206.99037	20.1
AML_086_02	Lestaurtinib	Lestaurtinib_AML_086_02	214.37567	10.9
AML_098_01	Lestaurtinib	Lestaurtinib_AML_098_01	204.27734	7.7
AML_100_01	Lestaurtinib	Lestaurtinib_AML_100_01	207.93903	7.5
AML_101_01	Lestaurtinib	Lestaurtinib_AML_101_01	203.1156	17.4
AML_101_02	Lestaurtinib	Lestaurtinib_AML_101_02	216.5335	1.5
AML_102_01	Lestaurtinib	Lestaurtinib_AML_102_01	200.80586	7.8
AML_103_01	Lestaurtinib	Lestaurtinib_AML_103_01	196.80208	11.7
AML_103_02	Lestaurtinib	Lestaurtinib_AML_103_02	205.8065	19.3
AML_104_01	Lestaurtinib	Lestaurtinib_AML_104_01	208.48468	11.2
AML_108_01	Lestaurtinib	Lestaurtinib_AML_108_01	199.3269	15.3
AML_109_01	Lestaurtinib	Lestaurtinib_AML_109_01	205.4735	12.2
AML_110_01	Lestaurtinib	Lestaurtinib_AML_110_01	206.54375	19.0
AML_112_01	Lestaurtinib	Lestaurtinib_AML_112_01	201.86935	11.0
AML_112_02	Lestaurtinib	Lestaurtinib_AML_112_02	204.93082	11.6
AML_113_01	Lestaurtinib	Lestaurtinib_AML_113_01	205.20538	18.2
AML_114_01	Lestaurtinib	Lestaurtinib_AML_114_01	205.07523	10.5
AML_115_01	Lestaurtinib	Lestaurtinib_AML_115_01	202.01987	17.2
AML_116_01	Lestaurtinib	Lestaurtinib_AML_116_01	204.9786	12.0
AML_117_01	Lestaurtinib	Lestaurtinib_AML_117_01	208.3192	6.8
AML_119_01	Lestaurtinib	Lestaurtinib_AML_119_01	198.96268	13.9
AML_120_01	Lestaurtinib	Lestaurtinib_AML_120_01	207.09666	31.1
AML_120_03	Lestaurtinib	Lestaurtinib_AML_120_03	209.28745	19.0
AML_122_01	Lestaurtinib	Lestaurtinib_AML_122_01	209.80594	6.6
AML_123_01	Lestaurtinib	Lestaurtinib_AML_123_01	210.67592	8.2
AML_124_01	Lestaurtinib	Lestaurtinib_AML_124_01	210.48616	13.9
AML_125_01	Lestaurtinib	Lestaurtinib_AML_125_01	209.16936	11.0
AML_126_01	Lestaurtinib	Lestaurtinib_AML_126_01	207.17426	17.4
AML_127_01	Lestaurtinib	Lestaurtinib_AML_127_01	205.67459	15.0
AML_128_01	Lestaurtinib	Lestaurtinib_AML_128_01	214.87823	12.3
AML_129_02	Lestaurtinib	Lestaurtinib_AML_129_02	202.16531	30.1
AML_129_03	Lestaurtinib	Lestaurtinib_AML_129_03	206.91843	12.8
AML_131_01	Lestaurtinib	Lestaurtinib_AML_131_01	208.4865	8.5
AML_133_01	Lestaurtinib	Lestaurtinib_AML_133_01	212.24452	11.7
AML_134_01	Lestaurtinib	Lestaurtinib_AML_134_01	211.27353	12.6
AML_135_01	Lestaurtinib	Lestaurtinib_AML_135_01	211.90468	16.6
AML_138_01	Lestaurtinib	Lestaurtinib_AML_138_01	217.70866	17.8
AML_139_01	Lestaurtinib	Lestaurtinib_AML_139_01	218.02509	16.5
AML_140_01	Lestaurtinib	Lestaurtinib_AML_140_01	208.66536	14.3
AML_142_01	Lestaurtinib	Lestaurtinib_AML_142_01	209.44919	19.0
AML_143_01	Lestaurtinib	Lestaurtinib_AML_143_01	205.72255	10.4
AML_144_01	Lestaurtinib	Lestaurtinib_AML_144_01	216.37854	12.0
AML_146_01	Lestaurtinib	Lestaurtinib_AML_146_01	212.1021	8.7
AML_147_01	Lestaurtinib	Lestaurtinib_AML_147_01	204.88683	11.8
AML_151_01	Lestaurtinib	Lestaurtinib_AML_151_01	200.99826	11.8
AML_152_01	Lestaurtinib	Lestaurtinib_AML_152_01	204.99341	14.1
AML_153_01	Lestaurtinib	Lestaurtinib_AML_153_01	209.24109	0.0
AML_156_01	Lestaurtinib	Lestaurtinib_AML_156_01	208.79086	12.8
AML_157_01	Lestaurtinib	Lestaurtinib_AML_157_01	206.5472	17.8
AML_157_02	Lestaurtinib	Lestaurtinib_AML_157_02	209.15717	15.8
AML_158_01	Lestaurtinib	Lestaurtinib_AML_158_01	210.11386	11.2
AML_159_01	Lestaurtinib	Lestaurtinib_AML_159_01	209.58281	14.1
AML_160_01	Lestaurtinib	Lestaurtinib_AML_160_01	206.39226	11.2
AML_161_01	Lestaurtinib	Lestaurtinib_AML_161_01	204.9453	15.8
AML_175_01	Lestaurtinib	Lestaurtinib_AML_175_01	206.98805	0.0
AML_179_01	Lestaurtinib	Lestaurtinib_AML_179_01	210.83752	16.9
AML_183_01	Lestaurtinib	Lestaurtinib_AML_183_01	206.42523	8.7
AML_183_02	Lestaurtinib	Lestaurtinib_AML_183_02	203.86166	10.9
AML_183_03	Lestaurtinib	Lestaurtinib_AML_183_03	202.82529	9.4
AML_184_01	Lestaurtinib	Lestaurtinib_AML_184_01	204.69478	18.2
AML_185_01	Lestaurtinib	Lestaurtinib_AML_185_01	216.83896	16.6
AML_001_03	Linifanib	Linifanib_AML_001_03	210.70828	0.0
AML_003_02	Linifanib	Linifanib_AML_003_02	219.53694	1.3
AML_004_01	Linifanib	Linifanib_AML_004_01	213.76842	2.3
AML_006_02	Linifanib	Linifanib_AML_006_02	217.99176	0.8
AML_007_01	Linifanib	Linifanib_AML_007_01	210.78218	0.0
AML_007_02	Linifanib	Linifanib_AML_007_02	213.19739	0.0
AML_012_01	Linifanib	Linifanib_AML_012_01	213.909	9.4
AML_013_01	Linifanib	Linifanib_AML_013_01	214.19164	8.0
AML_014_01	Linifanib	Linifanib_AML_014_01	210.78094	0.0
AML_015_01	Linifanib	Linifanib_AML_015_01	207.66	7.2
AML_015_02	Linifanib	Linifanib_AML_015_02	213.59163	5.8
AML_015_03	Linifanib	Linifanib_AML_015_03	209.98936	4.5
AML_015_04	Linifanib	Linifanib_AML_015_04	213.29286	21.8
AML_018_01	Linifanib	Linifanib_AML_018_01	211.15468	0.7
AML_019_01	Linifanib	Linifanib_AML_019_01	215.15607	0.0
AML_020_01	Linifanib	Linifanib_AML_020_01	216.98398	0.0
AML_023_04	Linifanib	Linifanib_AML_023_04	208.77754	0.0
AML_024_01	Linifanib	Linifanib_AML_024_01	214.12634	0.0
AML_025_01	Linifanib	Linifanib_AML_025_01	215.70476	0.0
AML_026_01	Linifanib	Linifanib_AML_026_01	212.27788	0.0
AML_028_01	Linifanib	Linifanib_AML_028_01	212.87956	5.4
AML_028_04	Linifanib	Linifanib_AML_028_04	212.01526	14.4
AML_029_01	Linifanib	Linifanib_AML_029_01	212.38219	0.0
AML_030_01	Linifanib	Linifanib_AML_030_01	204.01234	0.0
AML_032_01	Linifanib	Linifanib_AML_032_01	215.22102	0.0
AML_033_01	Linifanib	Linifanib_AML_033_01	211.51283	2.0
AML_033_02	Linifanib	Linifanib_AML_033_02	209.83052	0.1
AML_035_02	Linifanib	Linifanib_AML_035_02	219.95311	0.0
AML_035_04	Linifanib	Linifanib_AML_035_04	217.01451	0.0
AML_036_01	Linifanib	Linifanib_AML_036_01	205.98807	0.0
AML_040_01	Linifanib	Linifanib_AML_040_01	208.61981	5.7
AML_041_01	Linifanib	Linifanib_AML_041_01	211.34547	3.0
AML_042_01	Linifanib	Linifanib_AML_042_01	213.0613	2.0
AML_043_02	Linifanib	Linifanib_AML_043_02	212.27191	0.0
AML_045_01	Linifanib	Linifanib_AML_045_01	212.22026	0.0
AML_046_01	Linifanib	Linifanib_AML_046_01	207.69199	17.7
AML_051_01	Linifanib	Linifanib_AML_051_01	205.39566	0.1
AML_052_01	Linifanib	Linifanib_AML_052_01	216.00684	0.0
AML_053_01	Linifanib	Linifanib_AML_053_01	219.38565	2.0
AML_054_01	Linifanib	Linifanib_AML_054_01	210.81732	3.6
AML_057_01	Linifanib	Linifanib_AML_057_01	208.47015	0.0
AML_058_01	Linifanib	Linifanib_AML_058_01	209.1727	4.5
AML_059_01	Linifanib	Linifanib_AML_059_01	208.5097	1.2
AML_060_01	Linifanib	Linifanib_AML_060_01	214.47345	1.6
AML_061_01	Linifanib	Linifanib_AML_061_01	209.22011	0.0
AML_062_01	Linifanib	Linifanib_AML_062_01	202.0183	1.3
AML_064_01	Linifanib	Linifanib_AML_064_01	208.91716	0.1
AML_065_01	Linifanib	Linifanib_AML_065_01	207.88686	2.7
AML_067_01	Linifanib	Linifanib_AML_067_01	206.1664	3.3
AML_070_01	Linifanib	Linifanib_AML_070_01	209.32932	0.0
AML_072_01	Linifanib	Linifanib_AML_072_01	217.5413	0.0
AML_073_01	Linifanib	Linifanib_AML_073_01	217.91882	0.4
AML_074_01	Linifanib	Linifanib_AML_074_01	211.33809	0.0
AML_075_01	Linifanib	Linifanib_AML_075_01	209.61697	0.5
AML_076_01	Linifanib	Linifanib_AML_076_01	214.5896	0.0
AML_076_02	Linifanib	Linifanib_AML_076_02	211.8356	0.0
AML_077_01	Linifanib	Linifanib_AML_077_01	215.49344	0.0
AML_078_02	Linifanib	Linifanib_AML_078_02	209.13235	0.0
AML_084_01	Linifanib	Linifanib_AML_084_01	209.94327	6.9
AML_086_02	Linifanib	Linifanib_AML_086_02	217.04523	0.0
AML_098_01	Linifanib	Linifanib_AML_098_01	208.03302	0.0
AML_100_01	Linifanib	Linifanib_AML_100_01	211.40768	0.0
AML_101_01	Linifanib	Linifanib_AML_101_01	208.03781	4.8
AML_101_02	Linifanib	Linifanib_AML_101_02	218.93951	0.0
AML_102_01	Linifanib	Linifanib_AML_102_01	202.8265	0.2
AML_103_01	Linifanib	Linifanib_AML_103_01	200.2211	0.0
AML_103_02	Linifanib	Linifanib_AML_103_02	209.70802	0.3
AML_104_01	Linifanib	Linifanib_AML_104_01	211.5764	0.0
AML_108_01	Linifanib	Linifanib_AML_108_01	200.97916	0.5
AML_109_01	Linifanib	Linifanib_AML_109_01	210.5903	0.4
AML_110_01	Linifanib	Linifanib_AML_110_01	209.48788	0.0
AML_112_01	Linifanib	Linifanib_AML_112_01	205.72272	0.0
AML_112_02	Linifanib	Linifanib_AML_112_02	209.45375	0.0
AML_113_01	Linifanib	Linifanib_AML_113_01	209.81357	2.2
AML_114_01	Linifanib	Linifanib_AML_114_01	210.32225	0.0
AML_115_01	Linifanib	Linifanib_AML_115_01	206.11967	0.0
AML_116_01	Linifanib	Linifanib_AML_116_01	211.29633	1.7
AML_117_01	Linifanib	Linifanib_AML_117_01	212.9184	0.0
AML_119_01	Linifanib	Linifanib_AML_119_01	202.72505	0.0
AML_120_03	Linifanib	Linifanib_AML_120_03	213.38678	6.9
AML_122_01	Linifanib	Linifanib_AML_122_01	210.81331	0.1
AML_123_01	Linifanib	Linifanib_AML_123_01	214.66829	0.0
AML_124_01	Linifanib	Linifanib_AML_124_01	215.78467	1.0
AML_125_01	Linifanib	Linifanib_AML_125_01	214.57578	0.0
AML_126_01	Linifanib	Linifanib_AML_126_01	209.82956	1.2
AML_127_01	Linifanib	Linifanib_AML_127_01	208.55482	0.0
AML_128_01	Linifanib	Linifanib_AML_128_01	218.7411	0.0
AML_131_01	Linifanib	Linifanib_AML_131_01	211.63618	0.0
AML_133_01	Linifanib	Linifanib_AML_133_01	216.07886	0.0
AML_134_01	Linifanib	Linifanib_AML_134_01	215.54782	0.0
AML_135_01	Linifanib	Linifanib_AML_135_01	216.97974	0.9
AML_138_01	Linifanib	Linifanib_AML_138_01	219.99492	0.0
AML_139_01	Linifanib	Linifanib_AML_139_01	219.90874	0.0
AML_140_01	Linifanib	Linifanib_AML_140_01	213.6121	0.5
AML_142_01	Linifanib	Linifanib_AML_142_01	213.86757	0.0
AML_143_01	Linifanib	Linifanib_AML_143_01	209.61476	0.0
AML_144_01	Linifanib	Linifanib_AML_144_01	216.95459	0.0
AML_146_01	Linifanib	Linifanib_AML_146_01	216.0954	0.0
AML_147_01	Linifanib	Linifanib_AML_147_01	210.22574	0.1
AML_151_01	Linifanib	Linifanib_AML_151_01	204.73654	0.7
AML_152_01	Linifanib	Linifanib_AML_152_01	209.39421	0.0
AML_153_01	Linifanib	Linifanib_AML_153_01	213.01385	0.0
AML_156_01	Linifanib	Linifanib_AML_156_01	211.93398	0.0
AML_157_01	Linifanib	Linifanib_AML_157_01	211.57257	3.0
AML_157_02	Linifanib	Linifanib_AML_157_02	213.26643	0.9
AML_158_01	Linifanib	Linifanib_AML_158_01	214.04214	0.0
AML_159_01	Linifanib	Linifanib_AML_159_01	214.9027	0.0
AML_160_01	Linifanib	Linifanib_AML_160_01	210.25052	0.0
AML_161_01	Linifanib	Linifanib_AML_161_01	208.32487	0.0
AML_175_01	Linifanib	Linifanib_AML_175_01	210.02545	0.0
AML_183_01	Linifanib	Linifanib_AML_183_01	209.88696	0.0
AML_183_02	Linifanib	Linifanib_AML_183_02	206.65709	0.0
AML_183_03	Linifanib	Linifanib_AML_183_03	206.47617	0.0
AML_001_01	Masitinib	Masitinib_AML_001_01	212.07332	2.3
AML_001_03	Masitinib	Masitinib_AML_001_03	210.85843	3.1
AML_002_01	Masitinib	Masitinib_AML_002_01	215.3709	7.7
AML_003_02	Masitinib	Masitinib_AML_003_02	220.68996	3.9
AML_004_01	Masitinib	Masitinib_AML_004_01	212.02475	7.4
AML_006_02	Masitinib	Masitinib_AML_006_02	216.97198	0.0
AML_007_01	Masitinib	Masitinib_AML_007_01	210.52205	1.7
AML_007_02	Masitinib	Masitinib_AML_007_02	213.34528	3.8
AML_012_01	Masitinib	Masitinib_AML_012_01	211.49245	1.9
AML_013_01	Masitinib	Masitinib_AML_013_01	214.24101	0.4
AML_014_01	Masitinib	Masitinib_AML_014_01	211.5884	1.0
AML_015_01	Masitinib	Masitinib_AML_015_01	210.13028	26.0
AML_015_02	Masitinib	Masitinib_AML_015_02	214.00166	16.2
AML_015_03	Masitinib	Masitinib_AML_015_03	210.61697	29.7
AML_015_04	Masitinib	Masitinib_AML_015_04	213.71063	41.9
AML_018_01	Masitinib	Masitinib_AML_018_01	212.2486	5.6
AML_019_01	Masitinib	Masitinib_AML_019_01	213.74515	5.9
AML_020_01	Masitinib	Masitinib_AML_020_01	215.55925	0.0
AML_022_01	Masitinib	Masitinib_AML_022_01	211.86359	7.8
AML_023_01	Masitinib	Masitinib_AML_023_01	204.98283	12.0
AML_023_03	Masitinib	Masitinib_AML_023_03	206.54199	8.0
AML_023_04	Masitinib	Masitinib_AML_023_04	206.95311	5.6
AML_024_01	Masitinib	Masitinib_AML_024_01	213.77313	4.5
AML_025_01	Masitinib	Masitinib_AML_025_01	214.04752	4.0
AML_026_01	Masitinib	Masitinib_AML_026_01	211.91225	2.9
AML_028_01	Masitinib	Masitinib_AML_028_01	214.07462	1.2
AML_028_04	Masitinib	Masitinib_AML_028_04	211.21103	7.2
AML_029_01	Masitinib	Masitinib_AML_029_01	211.69992	5.9
AML_030_01	Masitinib	Masitinib_AML_030_01	204.1234	1.4
AML_032_01	Masitinib	Masitinib_AML_032_01	215.054	1.8
AML_033_01	Masitinib	Masitinib_AML_033_01	210.77478	6.3
AML_033_02	Masitinib	Masitinib_AML_033_02	208.55418	5.1
AML_035_02	Masitinib	Masitinib_AML_035_02	219.51657	0.2
AML_035_04	Masitinib	Masitinib_AML_035_04	216.57886	0.1
AML_036_01	Masitinib	Masitinib_AML_036_01	205.421	0.4
AML_041_01	Masitinib	Masitinib_AML_041_01	209.68665	7.3
AML_042_01	Masitinib	Masitinib_AML_042_01	211.29984	4.7
AML_043_02	Masitinib	Masitinib_AML_043_02	211.34183	4.1
AML_045_01	Masitinib	Masitinib_AML_045_01	211.86147	3.3
AML_046_01	Masitinib	Masitinib_AML_046_01	205.98306	8.0
AML_051_01	Masitinib	Masitinib_AML_051_01	204.02554	4.3
AML_052_01	Masitinib	Masitinib_AML_052_01	215.43944	3.2
AML_053_01	Masitinib	Masitinib_AML_053_01	218.06119	2.2
AML_054_01	Masitinib	Masitinib_AML_054_01	208.30609	7.4
AML_057_01	Masitinib	Masitinib_AML_057_01	207.95474	6.8
AML_058_01	Masitinib	Masitinib_AML_058_01	208.61758	4.6
AML_059_01	Masitinib	Masitinib_AML_059_01	206.0756	6.5
AML_060_01	Masitinib	Masitinib_AML_060_01	212.84917	7.8
AML_061_01	Masitinib	Masitinib_AML_061_01	206.65865	6.0
AML_062_01	Masitinib	Masitinib_AML_062_01	198.92723	7.3
AML_064_01	Masitinib	Masitinib_AML_064_01	208.18335	4.7
AML_065_01	Masitinib	Masitinib_AML_065_01	203.78464	5.7
AML_067_01	Masitinib	Masitinib_AML_067_01	205.52205	9.0
AML_070_01	Masitinib	Masitinib_AML_070_01	206.74142	3.1
AML_072_01	Masitinib	Masitinib_AML_072_01	216.80315	2.9
AML_073_01	Masitinib	Masitinib_AML_073_01	217.49265	4.4
AML_074_01	Masitinib	Masitinib_AML_074_01	209.7109	6.4
AML_075_01	Masitinib	Masitinib_AML_075_01	206.39398	3.1
AML_076_01	Masitinib	Masitinib_AML_076_01	214.5729	3.5
AML_076_02	Masitinib	Masitinib_AML_076_02	208.74678	3.9
AML_077_01	Masitinib	Masitinib_AML_077_01	214.12047	2.8
AML_078_02	Masitinib	Masitinib_AML_078_02	207.49309	1.8
AML_084_01	Masitinib	Masitinib_AML_084_01	209.47998	5.2
AML_086_02	Masitinib	Masitinib_AML_086_02	215.60623	5.4
AML_098_01	Masitinib	Masitinib_AML_098_01	205.66063	5.7
AML_100_01	Masitinib	Masitinib_AML_100_01	211.51595	4.0
AML_101_01	Masitinib	Masitinib_AML_101_01	205.7142	15.1
AML_101_02	Masitinib	Masitinib_AML_101_02	219.59808	5.0
AML_102_01	Masitinib	Masitinib_AML_102_01	202.48444	1.4
AML_103_01	Masitinib	Masitinib_AML_103_01	198.2616	5.0
AML_103_02	Masitinib	Masitinib_AML_103_02	209.04848	4.1
AML_104_01	Masitinib	Masitinib_AML_104_01	211.11829	3.0
AML_108_01	Masitinib	Masitinib_AML_108_01	200.28088	6.9
AML_109_01	Masitinib	Masitinib_AML_109_01	209.3841	3.5
AML_110_01	Masitinib	Masitinib_AML_110_01	207.75853	5.1
AML_112_01	Masitinib	Masitinib_AML_112_01	200.74916	5.3
AML_112_02	Masitinib	Masitinib_AML_112_02	207.22583	7.8
AML_113_01	Masitinib	Masitinib_AML_113_01	205.77495	7.3
AML_114_01	Masitinib	Masitinib_AML_114_01	208.60681	3.9
AML_115_01	Masitinib	Masitinib_AML_115_01	201.05049	9.0
AML_116_01	Masitinib	Masitinib_AML_116_01	208.96593	4.1
AML_117_01	Masitinib	Masitinib_AML_117_01	211.0451	5.5
AML_119_01	Masitinib	Masitinib_AML_119_01	202.13298	3.0
AML_120_01	Masitinib	Masitinib_AML_120_01	208.64445	15.5
AML_120_03	Masitinib	Masitinib_AML_120_03	212.3319	12.6
AML_122_01	Masitinib	Masitinib_AML_122_01	210.012	6.5
AML_123_01	Masitinib	Masitinib_AML_123_01	213.58846	6.5
AML_124_01	Masitinib	Masitinib_AML_124_01	213.98361	7.8
AML_125_01	Masitinib	Masitinib_AML_125_01	212.40268	2.0
AML_126_01	Masitinib	Masitinib_AML_126_01	208.2921	4.0
AML_127_01	Masitinib	Masitinib_AML_127_01	208.75641	7.6
AML_128_01	Masitinib	Masitinib_AML_128_01	217.86351	3.5
AML_129_02	Masitinib	Masitinib_AML_129_02	205.78868	8.3
AML_129_03	Masitinib	Masitinib_AML_129_03	208.47255	8.5
AML_131_01	Masitinib	Masitinib_AML_131_01	208.5823	5.4
AML_133_01	Masitinib	Masitinib_AML_133_01	215.10431	0.0
AML_134_01	Masitinib	Masitinib_AML_134_01	213.9709	1.9
AML_135_01	Masitinib	Masitinib_AML_135_01	216.17538	6.8
AML_138_01	Masitinib	Masitinib_AML_138_01	219.83101	2.8
AML_139_01	Masitinib	Masitinib_AML_139_01	220.13483	7.0
AML_140_01	Masitinib	Masitinib_AML_140_01	213.42741	4.0
AML_142_01	Masitinib	Masitinib_AML_142_01	211.94623	1.7
AML_143_01	Masitinib	Masitinib_AML_143_01	207.93202	3.8
AML_144_01	Masitinib	Masitinib_AML_144_01	217.44162	4.2
AML_146_01	Masitinib	Masitinib_AML_146_01	214.82216	5.7
AML_147_01	Masitinib	Masitinib_AML_147_01	207.04489	5.5
AML_151_01	Masitinib	Masitinib_AML_151_01	201.90353	3.9
AML_152_01	Masitinib	Masitinib_AML_152_01	209.12115	2.3
AML_153_01	Masitinib	Masitinib_AML_153_01	210.79115	2.4
AML_156_01	Masitinib	Masitinib_AML_156_01	209.95209	4.5
AML_157_01	Masitinib	Masitinib_AML_157_01	210.86584	6.3
AML_157_02	Masitinib	Masitinib_AML_157_02	212.73984	8.7
AML_158_01	Masitinib	Masitinib_AML_158_01	213.69238	4.5
AML_159_01	Masitinib	Masitinib_AML_159_01	214.13159	5.4
AML_160_01	Masitinib	Masitinib_AML_160_01	207.54134	5.0
AML_161_01	Masitinib	Masitinib_AML_161_01	207.98161	5.5
AML_175_01	Masitinib	Masitinib_AML_175_01	209.21457	2.1
AML_179_01	Masitinib	Masitinib_AML_179_01	213.83853	10.0
AML_183_01	Masitinib	Masitinib_AML_183_01	208.04344	2.6
AML_183_02	Masitinib	Masitinib_AML_183_02	204.14462	7.1
AML_183_03	Masitinib	Masitinib_AML_183_03	205.68034	2.3
AML_184_01	Masitinib	Masitinib_AML_184_01	207.45868	8.2
AML_185_01	Masitinib	Masitinib_AML_185_01	220.23306	6.9
AML_001_03	Metformin	Metformin_AML_001_03	204.51518	0.0
AML_003_02	Metformin	Metformin_AML_003_02	211.34987	0.0
AML_004_01	Metformin	Metformin_AML_004_01	204.28648	0.0
AML_013_01	Metformin	Metformin_AML_013_01	204.44806	0.0
AML_015_01	Metformin	Metformin_AML_015_01	202.48576	0.0
AML_015_02	Metformin	Metformin_AML_015_02	204.52051	0.0
AML_015_03	Metformin	Metformin_AML_015_03	200.88757	0.0
AML_015_04	Metformin	Metformin_AML_015_04	207.47678	0.8
AML_018_01	Metformin	Metformin_AML_018_01	202.74084	0.0
AML_019_01	Metformin	Metformin_AML_019_01	203.93211	1.7
AML_020_01	Metformin	Metformin_AML_020_01	206.27138	0.0
AML_024_01	Metformin	Metformin_AML_024_01	205.1841	0.0
AML_025_01	Metformin	Metformin_AML_025_01	205.64017	0.0
AML_026_01	Metformin	Metformin_AML_026_01	206.46358	0.0
AML_028_01	Metformin	Metformin_AML_028_01	207.96693	1.8
AML_028_04	Metformin	Metformin_AML_028_04	206.45457	0.0
AML_029_01	Metformin	Metformin_AML_029_01	203.96553	0.0
AML_030_01	Metformin	Metformin_AML_030_01	200.02147	0.1
AML_032_01	Metformin	Metformin_AML_032_01	208.1141	1.7
AML_033_01	Metformin	Metformin_AML_033_01	202.92738	0.0
AML_033_02	Metformin	Metformin_AML_033_02	203.87334	0.0
AML_035_02	Metformin	Metformin_AML_035_02	210.01622	0.0
AML_035_04	Metformin	Metformin_AML_035_04	206.7648	0.0
AML_036_01	Metformin	Metformin_AML_036_01	198.98369	4.6
AML_040_01	Metformin	Metformin_AML_040_01	197.3076	0.0
AML_041_01	Metformin	Metformin_AML_041_01	203.95824	0.2
AML_042_01	Metformin	Metformin_AML_042_01	202.93294	0.0
AML_043_02	Metformin	Metformin_AML_043_02	201.5433	0.0
AML_045_01	Metformin	Metformin_AML_045_01	203.56593	0.0
AML_046_01	Metformin	Metformin_AML_046_01	200.03006	0.7
AML_051_01	Metformin	Metformin_AML_051_01	197.8555	0.3
AML_052_01	Metformin	Metformin_AML_052_01	207.16077	0.0
AML_053_01	Metformin	Metformin_AML_053_01	211.454	0.0
AML_054_01	Metformin	Metformin_AML_054_01	200.69713	0.0
AML_057_01	Metformin	Metformin_AML_057_01	199.43394	0.0
AML_058_01	Metformin	Metformin_AML_058_01	198.71707	0.3
AML_059_01	Metformin	Metformin_AML_059_01	200.70856	0.0
AML_060_01	Metformin	Metformin_AML_060_01	206.5848	0.0
AML_061_01	Metformin	Metformin_AML_061_01	200.6879	0.0
AML_062_01	Metformin	Metformin_AML_062_01	193.9424	1.8
AML_064_01	Metformin	Metformin_AML_064_01	199.4129	0.0
AML_065_01	Metformin	Metformin_AML_065_01	199.32588	0.0
AML_067_01	Metformin	Metformin_AML_067_01	199.45265	0.0
AML_070_01	Metformin	Metformin_AML_070_01	202.46939	0.0
AML_072_01	Metformin	Metformin_AML_072_01	207.46706	0.0
AML_073_01	Metformin	Metformin_AML_073_01	208.31514	0.0
AML_074_01	Metformin	Metformin_AML_074_01	203.06108	0.0
AML_075_01	Metformin	Metformin_AML_075_01	203.98048	0.0
AML_076_01	Metformin	Metformin_AML_076_01	207.9949	1.1
AML_076_02	Metformin	Metformin_AML_076_02	202.1922	0.0
AML_077_01	Metformin	Metformin_AML_077_01	205.32024	0.0
AML_078_02	Metformin	Metformin_AML_078_02	203.0553	0.0
AML_084_01	Metformin	Metformin_AML_084_01	204.35614	0.0
AML_086_02	Metformin	Metformin_AML_086_02	209.25142	0.4
AML_098_01	Metformin	Metformin_AML_098_01	197.91042	1.4
AML_100_01	Metformin	Metformin_AML_100_01	203.43109	0.5
AML_101_01	Metformin	Metformin_AML_101_01	200.73141	0.0
AML_101_02	Metformin	Metformin_AML_101_02	209.4802	0.0
AML_102_01	Metformin	Metformin_AML_102_01	195.98367	0.0
AML_103_01	Metformin	Metformin_AML_103_01	195.02718	0.0
AML_103_02	Metformin	Metformin_AML_103_02	201.67586	0.0
AML_104_01	Metformin	Metformin_AML_104_01	204.80785	0.0
AML_108_01	Metformin	Metformin_AML_108_01	196.69388	0.2
AML_109_01	Metformin	Metformin_AML_109_01	203.22804	0.0
AML_110_01	Metformin	Metformin_AML_110_01	198.98409	0.2
AML_112_01	Metformin	Metformin_AML_112_01	198.7962	1.9
AML_112_02	Metformin	Metformin_AML_112_02	199.56955	0.0
AML_113_01	Metformin	Metformin_AML_113_01	199.69989	0.0
AML_114_01	Metformin	Metformin_AML_114_01	200.76886	0.0
AML_115_01	Metformin	Metformin_AML_115_01	199.43167	0.0
AML_116_01	Metformin	Metformin_AML_116_01	199.76776	1.7
AML_117_01	Metformin	Metformin_AML_117_01	204.5447	0.0
AML_119_01	Metformin	Metformin_AML_119_01	196.49344	0.6
AML_122_01	Metformin	Metformin_AML_122_01	204.28703	1.5
AML_123_01	Metformin	Metformin_AML_123_01	204.31277	0.0
AML_124_01	Metformin	Metformin_AML_124_01	206.7591	0.0
AML_125_01	Metformin	Metformin_AML_125_01	204.54889	0.0
AML_126_01	Metformin	Metformin_AML_126_01	202.76653	0.0
AML_127_01	Metformin	Metformin_AML_127_01	201.24373	0.0
AML_128_01	Metformin	Metformin_AML_128_01	207.37044	0.0
AML_131_01	Metformin	Metformin_AML_131_01	204.0726	1.3
AML_133_01	Metformin	Metformin_AML_133_01	207.14944	0.2
AML_134_01	Metformin	Metformin_AML_134_01	207.90427	2.9
AML_135_01	Metformin	Metformin_AML_135_01	208.25018	0.0
AML_138_01	Metformin	Metformin_AML_138_01	210.40079	0.0
AML_139_01	Metformin	Metformin_AML_139_01	210.1506	0.0
AML_140_01	Metformin	Metformin_AML_140_01	204.28345	0.0
AML_142_01	Metformin	Metformin_AML_142_01	203.25812	0.0
AML_143_01	Metformin	Metformin_AML_143_01	200.26343	0.0
AML_144_01	Metformin	Metformin_AML_144_01	208.69943	0.0
AML_146_01	Metformin	Metformin_AML_146_01	205.89592	0.0
AML_147_01	Metformin	Metformin_AML_147_01	202.38518	0.0
AML_151_01	Metformin	Metformin_AML_151_01	196.18497	0.0
AML_152_01	Metformin	Metformin_AML_152_01	202.96162	0.0
AML_153_01	Metformin	Metformin_AML_153_01	203.14528	0.0
AML_156_01	Metformin	Metformin_AML_156_01	201.89772	0.0
AML_157_01	Metformin	Metformin_AML_157_01	201.52623	0.0
AML_157_02	Metformin	Metformin_AML_157_02	203.87619	0.0
AML_158_01	Metformin	Metformin_AML_158_01	204.82187	0.1
AML_159_01	Metformin	Metformin_AML_159_01	203.06639	0.0
AML_160_01	Metformin	Metformin_AML_160_01	203.40298	0.0
AML_161_01	Metformin	Metformin_AML_161_01	198.95486	0.0
AML_175_01	Metformin	Metformin_AML_175_01	203.6235	0.0
AML_183_01	Metformin	Metformin_AML_183_01	204.80078	1.1
AML_183_02	Metformin	Metformin_AML_183_02	198.76967	0.0
AML_183_03	Metformin	Metformin_AML_183_03	199.60759	0.0
AML_001_01	Midostaurin	Midostaurin_AML_001_01	217.5539	0.0
AML_001_03	Midostaurin	Midostaurin_AML_001_03	216.14928	11.5
AML_002_01	Midostaurin	Midostaurin_AML_002_01	218.4333	2.5
AML_003_02	Midostaurin	Midostaurin_AML_003_02	220.49373	6.6
AML_004_01	Midostaurin	Midostaurin_AML_004_01	217.96207	6.2
AML_006_02	Midostaurin	Midostaurin_AML_006_02	222.17688	1.7
AML_007_01	Midostaurin	Midostaurin_AML_007_01	212.75772	7.4
AML_007_02	Midostaurin	Midostaurin_AML_007_02	216.65814	3.7
AML_012_01	Midostaurin	Midostaurin_AML_012_01	216.07094	19.5
AML_013_01	Midostaurin	Midostaurin_AML_013_01	217.7368	22.2
AML_014_01	Midostaurin	Midostaurin_AML_014_01	216.50575	12.8
AML_015_01	Midostaurin	Midostaurin_AML_015_01	212.92455	20.3
AML_015_02	Midostaurin	Midostaurin_AML_015_02	216.99094	21.4
AML_015_03	Midostaurin	Midostaurin_AML_015_03	214.8905	29.6
AML_015_04	Midostaurin	Midostaurin_AML_015_04	216.59413	34.4
AML_018_01	Midostaurin	Midostaurin_AML_018_01	214.85524	29.6
AML_019_01	Midostaurin	Midostaurin_AML_019_01	217.46788	6.8
AML_020_01	Midostaurin	Midostaurin_AML_020_01	218.62184	0.0
AML_023_01	Midostaurin	Midostaurin_AML_023_01	208.64764	9.0
AML_023_03	Midostaurin	Midostaurin_AML_023_03	209.83015	4.8
AML_023_04	Midostaurin	Midostaurin_AML_023_04	210.98026	9.7
AML_024_01	Midostaurin	Midostaurin_AML_024_01	217.92276	9.0
AML_025_01	Midostaurin	Midostaurin_AML_025_01	219.67674	6.1
AML_026_01	Midostaurin	Midostaurin_AML_026_01	217.71971	3.5
AML_028_01	Midostaurin	Midostaurin_AML_028_01	217.9452	10.3
AML_028_04	Midostaurin	Midostaurin_AML_028_04	213.9205	29.5
AML_029_01	Midostaurin	Midostaurin_AML_029_01	216.27466	3.4
AML_030_01	Midostaurin	Midostaurin_AML_030_01	208.54547	5.9
AML_032_01	Midostaurin	Midostaurin_AML_032_01	218.64426	6.4
AML_033_01	Midostaurin	Midostaurin_AML_033_01	215.60178	13.6
AML_033_02	Midostaurin	Midostaurin_AML_033_02	211.15274	13.2
AML_035_02	Midostaurin	Midostaurin_AML_035_02	222.23961	11.7
AML_035_04	Midostaurin	Midostaurin_AML_035_04	216.83662	10.8
AML_036_01	Midostaurin	Midostaurin_AML_036_01	210.51965	6.6
AML_040_01	Midostaurin	Midostaurin_AML_040_01	212.76161	12.4
AML_041_01	Midostaurin	Midostaurin_AML_041_01	214.60783	9.0
AML_042_01	Midostaurin	Midostaurin_AML_042_01	215.09883	0.1
AML_043_02	Midostaurin	Midostaurin_AML_043_02	213.13039	11.0
AML_045_01	Midostaurin	Midostaurin_AML_045_01	216.2099	3.1
AML_046_01	Midostaurin	Midostaurin_AML_046_01	211.35555	31.5
AML_051_01	Midostaurin	Midostaurin_AML_051_01	210.674	0.0
AML_052_01	Midostaurin	Midostaurin_AML_052_01	220.58853	6.0
AML_053_01	Midostaurin	Midostaurin_AML_053_01	223.62595	6.4
AML_054_01	Midostaurin	Midostaurin_AML_054_01	213.32892	0.0
AML_057_01	Midostaurin	Midostaurin_AML_057_01	212.6256	6.9
AML_058_01	Midostaurin	Midostaurin_AML_058_01	213.83922	6.4
AML_059_01	Midostaurin	Midostaurin_AML_059_01	212.65211	7.4
AML_060_01	Midostaurin	Midostaurin_AML_060_01	217.58304	0.0
AML_061_01	Midostaurin	Midostaurin_AML_061_01	212.04672	2.6
AML_062_01	Midostaurin	Midostaurin_AML_062_01	204.23572	13.1
AML_064_01	Midostaurin	Midostaurin_AML_064_01	210.69093	1.0
AML_065_01	Midostaurin	Midostaurin_AML_065_01	211.02577	11.9
AML_067_01	Midostaurin	Midostaurin_AML_067_01	209.87758	12.9
AML_070_01	Midostaurin	Midostaurin_AML_070_01	214.32597	1.1
AML_072_01	Midostaurin	Midostaurin_AML_072_01	221.9029	0.0
AML_073_01	Midostaurin	Midostaurin_AML_073_01	221.4999	7.3
AML_074_01	Midostaurin	Midostaurin_AML_074_01	215.2761	4.2
AML_075_01	Midostaurin	Midostaurin_AML_075_01	213.5496	5.8
AML_076_01	Midostaurin	Midostaurin_AML_076_01	218.72223	7.9
AML_076_02	Midostaurin	Midostaurin_AML_076_02	213.3778	12.2
AML_077_01	Midostaurin	Midostaurin_AML_077_01	218.40576	10.8
AML_078_02	Midostaurin	Midostaurin_AML_078_02	212.98367	5.8
AML_084_01	Midostaurin	Midostaurin_AML_084_01	213.769	12.7
AML_086_02	Midostaurin	Midostaurin_AML_086_02	219.20917	10.3
AML_098_01	Midostaurin	Midostaurin_AML_098_01	210.34358	3.4
AML_100_01	Midostaurin	Midostaurin_AML_100_01	217.35974	4.5
AML_101_01	Midostaurin	Midostaurin_AML_101_01	207.78352	13.6
AML_101_02	Midostaurin	Midostaurin_AML_101_02	221.78888	3.3
AML_102_01	Midostaurin	Midostaurin_AML_102_01	207.12993	3.7
AML_103_01	Midostaurin	Midostaurin_AML_103_01	203.1804	6.8
AML_103_02	Midostaurin	Midostaurin_AML_103_02	211.2634	9.2
AML_104_01	Midostaurin	Midostaurin_AML_104_01	214.99673	10.5
AML_108_01	Midostaurin	Midostaurin_AML_108_01	207.91779	9.9
AML_109_01	Midostaurin	Midostaurin_AML_109_01	213.92213	2.9
AML_110_01	Midostaurin	Midostaurin_AML_110_01	213.62526	10.6
AML_112_01	Midostaurin	Midostaurin_AML_112_01	207.99289	8.0
AML_112_02	Midostaurin	Midostaurin_AML_112_02	212.42175	7.3
AML_113_01	Midostaurin	Midostaurin_AML_113_01	212.13506	17.8
AML_114_01	Midostaurin	Midostaurin_AML_114_01	211.4704	4.9
AML_115_01	Midostaurin	Midostaurin_AML_115_01	208.86995	15.9
AML_116_01	Midostaurin	Midostaurin_AML_116_01	214.94986	8.5
AML_117_01	Midostaurin	Midostaurin_AML_117_01	216.97392	3.4
AML_119_01	Midostaurin	Midostaurin_AML_119_01	205.07593	7.3
AML_120_03	Midostaurin	Midostaurin_AML_120_03	215.99811	24.1
AML_122_01	Midostaurin	Midostaurin_AML_122_01	214.02551	8.9
AML_123_01	Midostaurin	Midostaurin_AML_123_01	218.02805	5.8
AML_124_01	Midostaurin	Midostaurin_AML_124_01	219.0922	14.3
AML_125_01	Midostaurin	Midostaurin_AML_125_01	218.93309	5.3
AML_126_01	Midostaurin	Midostaurin_AML_126_01	214.5558	10.5
AML_127_01	Midostaurin	Midostaurin_AML_127_01	214.10825	10.9
AML_128_01	Midostaurin	Midostaurin_AML_128_01	221.65436	6.5
AML_129_03	Midostaurin	Midostaurin_AML_129_03	215.91049	8.5
AML_131_01	Midostaurin	Midostaurin_AML_131_01	212.89288	5.2
AML_133_01	Midostaurin	Midostaurin_AML_133_01	217.06143	2.7
AML_134_01	Midostaurin	Midostaurin_AML_134_01	215.9996	0.0
AML_135_01	Midostaurin	Midostaurin_AML_135_01	218.51569	7.0
AML_138_01	Midostaurin	Midostaurin_AML_138_01	221.24048	11.0
AML_139_01	Midostaurin	Midostaurin_AML_139_01	224.17958	12.2
AML_140_01	Midostaurin	Midostaurin_AML_140_01	217.74728	11.3
AML_142_01	Midostaurin	Midostaurin_AML_142_01	215.13994	10.6
AML_143_01	Midostaurin	Midostaurin_AML_143_01	214.64967	4.5
AML_144_01	Midostaurin	Midostaurin_AML_144_01	220.26141	5.5
AML_146_01	Midostaurin	Midostaurin_AML_146_01	219.11661	3.3
AML_147_01	Midostaurin	Midostaurin_AML_147_01	213.99275	7.2
AML_151_01	Midostaurin	Midostaurin_AML_151_01	208.66408	9.4
AML_152_01	Midostaurin	Midostaurin_AML_152_01	213.73953	8.8
AML_153_01	Midostaurin	Midostaurin_AML_153_01	213.70146	0.0
AML_156_01	Midostaurin	Midostaurin_AML_156_01	214.18881	11.3
AML_157_01	Midostaurin	Midostaurin_AML_157_01	214.68933	16.9
AML_157_02	Midostaurin	Midostaurin_AML_157_02	216.76828	14.3
AML_158_01	Midostaurin	Midostaurin_AML_158_01	217.07275	7.1
AML_159_01	Midostaurin	Midostaurin_AML_159_01	218.28123	10.3
AML_160_01	Midostaurin	Midostaurin_AML_160_01	210.66293	8.8
AML_161_01	Midostaurin	Midostaurin_AML_161_01	213.51117	16.2
AML_175_01	Midostaurin	Midostaurin_AML_175_01	216.97946	2.9
AML_183_01	Midostaurin	Midostaurin_AML_183_01	213.90501	6.2
AML_183_02	Midostaurin	Midostaurin_AML_183_02	210.91249	10.1
AML_183_03	Midostaurin	Midostaurin_AML_183_03	209.90283	8.7
AML_001_01	MK-2206	MK-2206_AML_001_01	218.05287	0.0
AML_001_03	MK-2206	MK-2206_AML_001_03	215.74876	3.7
AML_002_01	MK-2206	MK-2206_AML_002_01	217.19197	8.1
AML_003_02	MK-2206	MK-2206_AML_003_02	220.13203	2.1
AML_004_01	MK-2206	MK-2206_AML_004_01	214.99315	5.5
AML_006_02	MK-2206	MK-2206_AML_006_02	218.1967	4.4
AML_007_01	MK-2206	MK-2206_AML_007_01	214.88075	4.0
AML_007_02	MK-2206	MK-2206_AML_007_02	217.2706	4.0
AML_012_01	MK-2206	MK-2206_AML_012_01	212.35562	7.1
AML_013_01	MK-2206	MK-2206_AML_013_01	215.27261	16.1
AML_014_01	MK-2206	MK-2206_AML_014_01	214.05989	10.6
AML_015_01	MK-2206	MK-2206_AML_015_01	213.80632	0.7
AML_015_02	MK-2206	MK-2206_AML_015_02	213.57755	5.9
AML_015_03	MK-2206	MK-2206_AML_015_03	213.08887	5.2
AML_015_04	MK-2206	MK-2206_AML_015_04	216.8232	1.9
AML_018_01	MK-2206	MK-2206_AML_018_01	213.6874	20.1
AML_019_01	MK-2206	MK-2206_AML_019_01	215.13667	4.2
AML_020_01	MK-2206	MK-2206_AML_020_01	216.20915	0.0
AML_022_01	MK-2206	MK-2206_AML_022_01	215.12157	11.8
AML_023_01	MK-2206	MK-2206_AML_023_01	208.76512	9.0
AML_023_03	MK-2206	MK-2206_AML_023_03	209.98105	0.0
AML_023_04	MK-2206	MK-2206_AML_023_04	211.10379	2.1
AML_024_01	MK-2206	MK-2206_AML_024_01	219.75018	4.1
AML_025_01	MK-2206	MK-2206_AML_025_01	217.42374	3.8
AML_026_01	MK-2206	MK-2206_AML_026_01	216.87694	3.4
AML_028_01	MK-2206	MK-2206_AML_028_01	215.40294	0.0
AML_028_04	MK-2206	MK-2206_AML_028_04	210.70897	6.5
AML_029_01	MK-2206	MK-2206_AML_029_01	215.13985	1.7
AML_030_01	MK-2206	MK-2206_AML_030_01	209.79079	2.7
AML_032_01	MK-2206	MK-2206_AML_032_01	218.23282	1.7
AML_033_01	MK-2206	MK-2206_AML_033_01	214.55507	2.1
AML_033_02	MK-2206	MK-2206_AML_033_02	210.4397	5.3
AML_035_02	MK-2206	MK-2206_AML_035_02	220.18045	1.7
AML_035_04	MK-2206	MK-2206_AML_035_04	214.09444	1.7
AML_036_01	MK-2206	MK-2206_AML_036_01	211.71898	0.1
AML_040_01	MK-2206	MK-2206_AML_040_01	213.40282	6.2
AML_041_01	MK-2206	MK-2206_AML_041_01	214.72122	3.3
AML_042_01	MK-2206	MK-2206_AML_042_01	213.32497	6.1
AML_043_02	MK-2206	MK-2206_AML_043_02	211.75235	2.1
AML_045_01	MK-2206	MK-2206_AML_045_01	215.89749	2.3
AML_046_01	MK-2206	MK-2206_AML_046_01	210.90128	15.3
AML_051_01	MK-2206	MK-2206_AML_051_01	209.77675	1.1
AML_052_01	MK-2206	MK-2206_AML_052_01	220.29027	4.2
AML_053_01	MK-2206	MK-2206_AML_053_01	223.99654	8.2
AML_054_01	MK-2206	MK-2206_AML_054_01	210.98996	10.7
AML_057_01	MK-2206	MK-2206_AML_057_01	211.76672	3.6
AML_058_01	MK-2206	MK-2206_AML_058_01	211.03374	4.8
AML_059_01	MK-2206	MK-2206_AML_059_01	210.81332	6.6
AML_060_01	MK-2206	MK-2206_AML_060_01	216.72176	9.3
AML_061_01	MK-2206	MK-2206_AML_061_01	211.83337	4.4
AML_064_01	MK-2206	MK-2206_AML_064_01	211.82782	11.5
AML_065_01	MK-2206	MK-2206_AML_065_01	210.45293	5.7
AML_067_01	MK-2206	MK-2206_AML_067_01	209.79752	4.6
AML_070_01	MK-2206	MK-2206_AML_070_01	212.86368	2.8
AML_072_01	MK-2206	MK-2206_AML_072_01	219.20836	0.0
AML_073_01	MK-2206	MK-2206_AML_073_01	220.41028	2.1
AML_074_01	MK-2206	MK-2206_AML_074_01	213.94875	5.9
AML_075_01	MK-2206	MK-2206_AML_075_01	211.84714	4.5
AML_076_01	MK-2206	MK-2206_AML_076_01	217.21852	3.4
AML_076_02	MK-2206	MK-2206_AML_076_02	212.38542	3.7
AML_077_01	MK-2206	MK-2206_AML_077_01	216.45189	6.5
AML_078_02	MK-2206	MK-2206_AML_078_02	213.04773	6.6
AML_084_01	MK-2206	MK-2206_AML_084_01	211.44919	6.5
AML_086_02	MK-2206	MK-2206_AML_086_02	218.62987	5.7
AML_098_01	MK-2206	MK-2206_AML_098_01	211.56918	9.0
AML_100_01	MK-2206	MK-2206_AML_100_01	215.64293	6.0
AML_101_01	MK-2206	MK-2206_AML_101_01	205.51395	12.7
AML_101_02	MK-2206	MK-2206_AML_101_02	218.75769	2.8
AML_102_01	MK-2206	MK-2206_AML_102_01	206.61526	1.4
AML_103_01	MK-2206	MK-2206_AML_103_01	202.89398	6.5
AML_103_02	MK-2206	MK-2206_AML_103_02	209.36385	5.4
AML_104_01	MK-2206	MK-2206_AML_104_01	214.37953	3.3
AML_108_01	MK-2206	MK-2206_AML_108_01	207.22383	9.1
AML_109_01	MK-2206	MK-2206_AML_109_01	213.43324	6.5
AML_110_01	MK-2206	MK-2206_AML_110_01	212.53754	8.2
AML_112_01	MK-2206	MK-2206_AML_112_01	207.09596	5.6
AML_112_02	MK-2206	MK-2206_AML_112_02	211.15486	5.8
AML_113_01	MK-2206	MK-2206_AML_113_01	210.80573	7.2
AML_114_01	MK-2206	MK-2206_AML_114_01	212.38551	4.4
AML_115_01	MK-2206	MK-2206_AML_115_01	207.32095	10.5
AML_116_01	MK-2206	MK-2206_AML_116_01	213.41298	5.3
AML_117_01	MK-2206	MK-2206_AML_117_01	214.70132	5.5
AML_119_01	MK-2206	MK-2206_AML_119_01	205.23912	3.7
AML_120_01	MK-2206	MK-2206_AML_120_01	211.68333	16.6
AML_120_03	MK-2206	MK-2206_AML_120_03	214.30028	9.0
AML_122_01	MK-2206	MK-2206_AML_122_01	214.62828	1.9
AML_123_01	MK-2206	MK-2206_AML_123_01	216.95412	5.9
AML_124_01	MK-2206	MK-2206_AML_124_01	216.34161	9.3
AML_125_01	MK-2206	MK-2206_AML_125_01	216.29774	0.0
AML_126_01	MK-2206	MK-2206_AML_126_01	212.1749	8.2
AML_127_01	MK-2206	MK-2206_AML_127_01	214.19542	2.9
AML_128_01	MK-2206	MK-2206_AML_128_01	218.60455	3.5
AML_129_02	MK-2206	MK-2206_AML_129_02	210.54807	10.2
AML_129_03	MK-2206	MK-2206_AML_129_03	213.83965	3.9
AML_131_01	MK-2206	MK-2206_AML_131_01	213.82748	5.5
AML_133_01	MK-2206	MK-2206_AML_133_01	214.76733	4.7
AML_134_01	MK-2206	MK-2206_AML_134_01	214.22638	3.0
AML_135_01	MK-2206	MK-2206_AML_135_01	217.244	7.7
AML_138_01	MK-2206	MK-2206_AML_138_01	220.56305	3.2
AML_139_01	MK-2206	MK-2206_AML_139_01	221.73396	10.7
AML_140_01	MK-2206	MK-2206_AML_140_01	216.48143	8.1
AML_142_01	MK-2206	MK-2206_AML_142_01	212.15134	8.2
AML_143_01	MK-2206	MK-2206_AML_143_01	212.6239	2.8
AML_144_01	MK-2206	MK-2206_AML_144_01	220.3125	6.5
AML_146_01	MK-2206	MK-2206_AML_146_01	218.25174	6.6
AML_147_01	MK-2206	MK-2206_AML_147_01	212.19101	5.9
AML_151_01	MK-2206	MK-2206_AML_151_01	206.28638	6.6
AML_152_01	MK-2206	MK-2206_AML_152_01	212.97923	6.4
AML_153_01	MK-2206	MK-2206_AML_153_01	213.46956	5.7
AML_156_01	MK-2206	MK-2206_AML_156_01	211.59206	7.0
AML_157_01	MK-2206	MK-2206_AML_157_01	212.74391	11.2
AML_157_02	MK-2206	MK-2206_AML_157_02	215.73085	10.8
AML_158_01	MK-2206	MK-2206_AML_158_01	214.85468	5.0
AML_159_01	MK-2206	MK-2206_AML_159_01	216.06357	4.0
AML_160_01	MK-2206	MK-2206_AML_160_01	210.04832	8.6
AML_161_01	MK-2206	MK-2206_AML_161_01	209.86281	10.9
AML_175_01	MK-2206	MK-2206_AML_175_01	214.10281	3.4
AML_179_01	MK-2206	MK-2206_AML_179_01	215.75812	5.4
AML_183_01	MK-2206	MK-2206_AML_183_01	214.18901	1.8
AML_183_02	MK-2206	MK-2206_AML_183_02	210.0377	6.5
AML_183_03	MK-2206	MK-2206_AML_183_03	209.60036	6.7
AML_184_01	MK-2206	MK-2206_AML_184_01	210.47263	8.2
AML_185_01	MK-2206	MK-2206_AML_185_01	220.40149	2.3
AML_001_01	Motesanib	Motesanib_AML_001_01	217.1011	0.0
AML_001_03	Motesanib	Motesanib_AML_001_03	213.65657	0.0
AML_002_01	Motesanib	Motesanib_AML_002_01	219.25299	1.3
AML_003_02	Motesanib	Motesanib_AML_003_02	221.49352	0.0
AML_004_01	Motesanib	Motesanib_AML_004_01	217.16733	1.1
AML_006_02	Motesanib	Motesanib_AML_006_02	219.13857	0.1
AML_007_01	Motesanib	Motesanib_AML_007_01	213.66893	0.0
AML_007_02	Motesanib	Motesanib_AML_007_02	216.646	0.0
AML_012_01	Motesanib	Motesanib_AML_012_01	214.8441	0.1
AML_013_01	Motesanib	Motesanib_AML_013_01	216.35107	6.4
AML_014_01	Motesanib	Motesanib_AML_014_01	217.2435	0.0
AML_015_01	Motesanib	Motesanib_AML_015_01	212.54042	18.2
AML_015_02	Motesanib	Motesanib_AML_015_02	215.1842	9.6
AML_015_03	Motesanib	Motesanib_AML_015_03	212.62715	23.6
AML_015_04	Motesanib	Motesanib_AML_015_04	215.5165	28.3
AML_018_01	Motesanib	Motesanib_AML_018_01	214.02534	0.4
AML_019_01	Motesanib	Motesanib_AML_019_01	216.83708	0.0
AML_020_01	Motesanib	Motesanib_AML_020_01	218.16743	0.0
AML_022_01	Motesanib	Motesanib_AML_022_01	213.71991	0.0
AML_023_01	Motesanib	Motesanib_AML_023_01	207.57343	0.0
AML_023_03	Motesanib	Motesanib_AML_023_03	208.31262	0.0
AML_023_04	Motesanib	Motesanib_AML_023_04	209.76138	0.0
AML_024_01	Motesanib	Motesanib_AML_024_01	217.1275	0.0
AML_025_01	Motesanib	Motesanib_AML_025_01	216.94354	0.5
AML_026_01	Motesanib	Motesanib_AML_026_01	215.64458	1.1
AML_028_01	Motesanib	Motesanib_AML_028_01	216.88184	0.0
AML_028_04	Motesanib	Motesanib_AML_028_04	212.44145	3.3
AML_029_01	Motesanib	Motesanib_AML_029_01	215.3975	5.7
AML_030_01	Motesanib	Motesanib_AML_030_01	206.72853	0.0
AML_032_01	Motesanib	Motesanib_AML_032_01	220.1339	0.0
AML_033_01	Motesanib	Motesanib_AML_033_01	213.8013	0.5
AML_033_02	Motesanib	Motesanib_AML_033_02	211.76044	0.0
AML_035_02	Motesanib	Motesanib_AML_035_02	222.11685	0.0
AML_035_04	Motesanib	Motesanib_AML_035_04	218.15668	0.0
AML_036_01	Motesanib	Motesanib_AML_036_01	209.57318	0.0
AML_040_01	Motesanib	Motesanib_AML_040_01	212.58647	4.6
AML_041_01	Motesanib	Motesanib_AML_041_01	213.78311	3.4
AML_042_01	Motesanib	Motesanib_AML_042_01	213.96704	1.7
AML_043_02	Motesanib	Motesanib_AML_043_02	212.85063	0.0
AML_045_01	Motesanib	Motesanib_AML_045_01	216.06056	0.0
AML_046_01	Motesanib	Motesanib_AML_046_01	210.42987	11.7
AML_051_01	Motesanib	Motesanib_AML_051_01	209.98636	0.0
AML_052_01	Motesanib	Motesanib_AML_052_01	219.35677	2.3
AML_053_01	Motesanib	Motesanib_AML_053_01	223.0351	0.0
AML_054_01	Motesanib	Motesanib_AML_054_01	212.10162	0.0
AML_057_01	Motesanib	Motesanib_AML_057_01	210.96268	1.7
AML_058_01	Motesanib	Motesanib_AML_058_01	212.63681	3.9
AML_059_01	Motesanib	Motesanib_AML_059_01	212.13432	0.4
AML_060_01	Motesanib	Motesanib_AML_060_01	217.3428	0.5
AML_061_01	Motesanib	Motesanib_AML_061_01	212.40508	0.0
AML_062_01	Motesanib	Motesanib_AML_062_01	203.14575	2.1
AML_064_01	Motesanib	Motesanib_AML_064_01	210.83138	0.0
AML_065_01	Motesanib	Motesanib_AML_065_01	209.26443	5.5
AML_067_01	Motesanib	Motesanib_AML_067_01	207.29958	5.6
AML_070_01	Motesanib	Motesanib_AML_070_01	212.30006	0.4
AML_072_01	Motesanib	Motesanib_AML_072_01	220.3778	3.0
AML_073_01	Motesanib	Motesanib_AML_073_01	220.8674	1.4
AML_074_01	Motesanib	Motesanib_AML_074_01	213.54901	0.0
AML_075_01	Motesanib	Motesanib_AML_075_01	213.33533	0.2
AML_076_01	Motesanib	Motesanib_AML_076_01	217.69356	0.0
AML_076_02	Motesanib	Motesanib_AML_076_02	211.63824	0.0
AML_077_01	Motesanib	Motesanib_AML_077_01	217.14519	0.0
AML_078_02	Motesanib	Motesanib_AML_078_02	210.65909	0.0
AML_084_01	Motesanib	Motesanib_AML_084_01	213.06743	0.0
AML_086_02	Motesanib	Motesanib_AML_086_02	218.78374	0.6
AML_098_01	Motesanib	Motesanib_AML_098_01	210.0598	0.0
AML_100_01	Motesanib	Motesanib_AML_100_01	214.8514	0.5
AML_101_01	Motesanib	Motesanib_AML_101_01	207.51306	8.5
AML_101_02	Motesanib	Motesanib_AML_101_02	220.519	0.5
AML_102_01	Motesanib	Motesanib_AML_102_01	205.19125	0.0
AML_103_01	Motesanib	Motesanib_AML_103_01	201.51422	0.2
AML_103_02	Motesanib	Motesanib_AML_103_02	209.98483	0.5
AML_104_01	Motesanib	Motesanib_AML_104_01	214.42519	0.0
AML_108_01	Motesanib	Motesanib_AML_108_01	205.71628	0.0
AML_109_01	Motesanib	Motesanib_AML_109_01	212.74706	0.0
AML_110_01	Motesanib	Motesanib_AML_110_01	211.59099	0.8
AML_112_01	Motesanib	Motesanib_AML_112_01	205.39467	3.8
AML_112_02	Motesanib	Motesanib_AML_112_02	210.07657	0.3
AML_113_01	Motesanib	Motesanib_AML_113_01	210.10406	5.9
AML_114_01	Motesanib	Motesanib_AML_114_01	212.0874	0.0
AML_115_01	Motesanib	Motesanib_AML_115_01	207.3842	7.4
AML_116_01	Motesanib	Motesanib_AML_116_01	213.1328	0.0
AML_117_01	Motesanib	Motesanib_AML_117_01	215.24988	0.0
AML_119_01	Motesanib	Motesanib_AML_119_01	203.30128	0.0
AML_120_01	Motesanib	Motesanib_AML_120_01	213.7657	6.1
AML_120_03	Motesanib	Motesanib_AML_120_03	216.32288	6.0
AML_122_01	Motesanib	Motesanib_AML_122_01	214.49416	0.0
AML_123_01	Motesanib	Motesanib_AML_123_01	216.27606	0.0
AML_124_01	Motesanib	Motesanib_AML_124_01	216.90076	3.7
AML_125_01	Motesanib	Motesanib_AML_125_01	218.19061	0.0
AML_126_01	Motesanib	Motesanib_AML_126_01	212.00487	0.0
AML_127_01	Motesanib	Motesanib_AML_127_01	212.33157	0.0
AML_128_01	Motesanib	Motesanib_AML_128_01	220.52936	0.1
AML_129_02	Motesanib	Motesanib_AML_129_02	209.71494	0.2
AML_129_03	Motesanib	Motesanib_AML_129_03	214.45499	0.0
AML_131_01	Motesanib	Motesanib_AML_131_01	212.40099	0.0
AML_133_01	Motesanib	Motesanib_AML_133_01	216.49554	0.0
AML_134_01	Motesanib	Motesanib_AML_134_01	216.34004	3.0
AML_135_01	Motesanib	Motesanib_AML_135_01	217.49252	2.8
AML_138_01	Motesanib	Motesanib_AML_138_01	222.06395	2.2
AML_139_01	Motesanib	Motesanib_AML_139_01	222.23627	0.0
AML_140_01	Motesanib	Motesanib_AML_140_01	214.12871	0.0
AML_142_01	Motesanib	Motesanib_AML_142_01	214.03317	0.0
AML_143_01	Motesanib	Motesanib_AML_143_01	213.69913	0.0
AML_144_01	Motesanib	Motesanib_AML_144_01	220.82437	0.0
AML_146_01	Motesanib	Motesanib_AML_146_01	218.84618	0.0
AML_147_01	Motesanib	Motesanib_AML_147_01	211.00572	2.8
AML_151_01	Motesanib	Motesanib_AML_151_01	206.2251	0.0
AML_152_01	Motesanib	Motesanib_AML_152_01	214.47858	0.0
AML_153_01	Motesanib	Motesanib_AML_153_01	212.59184	0.0
AML_156_01	Motesanib	Motesanib_AML_156_01	213.1196	0.0
AML_157_01	Motesanib	Motesanib_AML_157_01	213.08342	1.8
AML_157_02	Motesanib	Motesanib_AML_157_02	214.7734	2.1
AML_158_01	Motesanib	Motesanib_AML_158_01	214.70547	0.0
AML_159_01	Motesanib	Motesanib_AML_159_01	216.53152	0.7
AML_160_01	Motesanib	Motesanib_AML_160_01	209.91304	0.0
AML_161_01	Motesanib	Motesanib_AML_161_01	210.98926	0.0
AML_175_01	Motesanib	Motesanib_AML_175_01	213.2368	0.0
AML_179_01	Motesanib	Motesanib_AML_179_01	218.24545	0.0
AML_183_01	Motesanib	Motesanib_AML_183_01	211.34885	0.0
AML_183_02	Motesanib	Motesanib_AML_183_02	208.2214	0.0
AML_183_03	Motesanib	Motesanib_AML_183_03	207.47267	0.0
AML_184_01	Motesanib	Motesanib_AML_184_01	209.47684	1.1
AML_185_01	Motesanib	Motesanib_AML_185_01	222.9006	0.0
AML_001_03	Neratinib	Neratinib_AML_001_03	212.75465	7.2
AML_003_02	Neratinib	Neratinib_AML_003_02	216.17332	3.6
AML_004_01	Neratinib	Neratinib_AML_004_01	214.50015	4.1
AML_006_02	Neratinib	Neratinib_AML_006_02	218.10661	5.0
AML_007_01	Neratinib	Neratinib_AML_007_01	213.83243	0.3
AML_007_02	Neratinib	Neratinib_AML_007_02	217.11293	0.0
AML_012_01	Neratinib	Neratinib_AML_012_01	211.66164	1.2
AML_013_01	Neratinib	Neratinib_AML_013_01	212.46562	5.0
AML_014_01	Neratinib	Neratinib_AML_014_01	212.48033	0.5
AML_015_01	Neratinib	Neratinib_AML_015_01	210.73036	4.6
AML_015_02	Neratinib	Neratinib_AML_015_02	215.17868	1.6
AML_015_03	Neratinib	Neratinib_AML_015_03	210.80975	4.5
AML_015_04	Neratinib	Neratinib_AML_015_04	213.16486	7.0
AML_018_01	Neratinib	Neratinib_AML_018_01	211.38335	7.4
AML_019_01	Neratinib	Neratinib_AML_019_01	211.61255	6.2
AML_020_01	Neratinib	Neratinib_AML_020_01	214.18044	3.9
AML_023_04	Neratinib	Neratinib_AML_023_04	209.35431	0.0
AML_024_01	Neratinib	Neratinib_AML_024_01	212.92094	0.6
AML_025_01	Neratinib	Neratinib_AML_025_01	215.86691	5.4
AML_026_01	Neratinib	Neratinib_AML_026_01	213.83574	2.9
AML_028_01	Neratinib	Neratinib_AML_028_01	213.08662	4.5
AML_028_04	Neratinib	Neratinib_AML_028_04	208.85817	7.1
AML_029_01	Neratinib	Neratinib_AML_029_01	211.94612	6.1
AML_030_01	Neratinib	Neratinib_AML_030_01	206.1065	2.5
AML_032_01	Neratinib	Neratinib_AML_032_01	214.69301	0.7
AML_033_01	Neratinib	Neratinib_AML_033_01	211.44281	0.9
AML_033_02	Neratinib	Neratinib_AML_033_02	205.85994	1.6
AML_035_02	Neratinib	Neratinib_AML_035_02	218.10135	0.1
AML_035_04	Neratinib	Neratinib_AML_035_04	212.6574	1.1
AML_036_01	Neratinib	Neratinib_AML_036_01	208.89774	0.0
AML_040_01	Neratinib	Neratinib_AML_040_01	209.42255	8.0
AML_041_01	Neratinib	Neratinib_AML_041_01	212.4896	5.2
AML_042_01	Neratinib	Neratinib_AML_042_01	212.03862	6.2
AML_043_02	Neratinib	Neratinib_AML_043_02	207.95131	2.1
AML_045_01	Neratinib	Neratinib_AML_045_01	212.17119	2.8
AML_046_01	Neratinib	Neratinib_AML_046_01	206.65091	8.4
AML_051_01	Neratinib	Neratinib_AML_051_01	206.53542	3.2
AML_052_01	Neratinib	Neratinib_AML_052_01	216.17159	3.2
AML_053_01	Neratinib	Neratinib_AML_053_01	219.85979	3.7
AML_054_01	Neratinib	Neratinib_AML_054_01	206.73766	6.6
AML_057_01	Neratinib	Neratinib_AML_057_01	212.3923	2.8
AML_058_01	Neratinib	Neratinib_AML_058_01	209.12361	4.6
AML_059_01	Neratinib	Neratinib_AML_059_01	209.30244	4.7
AML_060_01	Neratinib	Neratinib_AML_060_01	212.96396	5.5
AML_061_01	Neratinib	Neratinib_AML_061_01	208.97322	3.0
AML_062_01	Neratinib	Neratinib_AML_062_01	202.97452	6.6
AML_064_01	Neratinib	Neratinib_AML_064_01	212.33623	4.4
AML_065_01	Neratinib	Neratinib_AML_065_01	207.98727	5.0
AML_067_01	Neratinib	Neratinib_AML_067_01	209.97345	5.3
AML_070_01	Neratinib	Neratinib_AML_070_01	209.97212	2.1
AML_072_01	Neratinib	Neratinib_AML_072_01	217.68953	4.0
AML_073_01	Neratinib	Neratinib_AML_073_01	216.50659	6.1
AML_074_01	Neratinib	Neratinib_AML_074_01	212.40417	2.3
AML_075_01	Neratinib	Neratinib_AML_075_01	210.02484	4.5
AML_076_01	Neratinib	Neratinib_AML_076_01	215.09088	3.3
AML_076_02	Neratinib	Neratinib_AML_076_02	209.91534	8.5
AML_077_01	Neratinib	Neratinib_AML_077_01	212.9854	4.2
AML_078_02	Neratinib	Neratinib_AML_078_02	211.51505	4.3
AML_084_01	Neratinib	Neratinib_AML_084_01	208.76282	9.9
AML_086_02	Neratinib	Neratinib_AML_086_02	215.5776	4.6
AML_098_01	Neratinib	Neratinib_AML_098_01	209.78348	0.0
AML_100_01	Neratinib	Neratinib_AML_100_01	212.8146	1.4
AML_101_01	Neratinib	Neratinib_AML_101_01	203.21289	3.7
AML_101_02	Neratinib	Neratinib_AML_101_02	217.41357	2.7
AML_102_01	Neratinib	Neratinib_AML_102_01	205.62422	3.2
AML_103_01	Neratinib	Neratinib_AML_103_01	201.77174	1.6
AML_103_02	Neratinib	Neratinib_AML_103_02	206.54869	5.2
AML_104_01	Neratinib	Neratinib_AML_104_01	213.22893	1.2
AML_108_01	Neratinib	Neratinib_AML_108_01	204.02873	4.9
AML_109_01	Neratinib	Neratinib_AML_109_01	210.19328	4.5
AML_110_01	Neratinib	Neratinib_AML_110_01	209.78497	4.3
AML_112_01	Neratinib	Neratinib_AML_112_01	207.04892	3.5
AML_112_02	Neratinib	Neratinib_AML_112_02	212.42429	3.1
AML_113_01	Neratinib	Neratinib_AML_113_01	208.67113	2.8
AML_114_01	Neratinib	Neratinib_AML_114_01	209.74826	4.9
AML_115_01	Neratinib	Neratinib_AML_115_01	205.86392	8.2
AML_116_01	Neratinib	Neratinib_AML_116_01	209.24652	1.4
AML_117_01	Neratinib	Neratinib_AML_117_01	211.34816	3.0
AML_119_01	Neratinib	Neratinib_AML_119_01	203.99612	1.6
AML_120_03	Neratinib	Neratinib_AML_120_03	212.14882	0.0
AML_122_01	Neratinib	Neratinib_AML_122_01	212.60725	0.7
AML_123_01	Neratinib	Neratinib_AML_123_01	213.77194	5.2
AML_124_01	Neratinib	Neratinib_AML_124_01	214.29134	6.1
AML_125_01	Neratinib	Neratinib_AML_125_01	214.2119	15.9
AML_126_01	Neratinib	Neratinib_AML_126_01	208.45432	4.1
AML_127_01	Neratinib	Neratinib_AML_127_01	213.36404	3.7
AML_128_01	Neratinib	Neratinib_AML_128_01	216.70572	5.1
AML_131_01	Neratinib	Neratinib_AML_131_01	212.601	0.1
AML_133_01	Neratinib	Neratinib_AML_133_01	212.90959	1.8
AML_134_01	Neratinib	Neratinib_AML_134_01	211.99998	3.8
AML_135_01	Neratinib	Neratinib_AML_135_01	214.87233	5.8
AML_138_01	Neratinib	Neratinib_AML_138_01	216.27502	8.8
AML_139_01	Neratinib	Neratinib_AML_139_01	220.9704	1.9
AML_140_01	Neratinib	Neratinib_AML_140_01	214.77335	2.5
AML_142_01	Neratinib	Neratinib_AML_142_01	209.68439	5.9
AML_143_01	Neratinib	Neratinib_AML_143_01	210.55917	1.4
AML_144_01	Neratinib	Neratinib_AML_144_01	216.50644	4.1
AML_146_01	Neratinib	Neratinib_AML_146_01	215.12636	0.9
AML_147_01	Neratinib	Neratinib_AML_147_01	211.22566	3.2
AML_151_01	Neratinib	Neratinib_AML_151_01	204.5936	11.2
AML_152_01	Neratinib	Neratinib_AML_152_01	209.26758	1.9
AML_153_01	Neratinib	Neratinib_AML_153_01	208.75153	6.2
AML_156_01	Neratinib	Neratinib_AML_156_01	210.72797	3.1
AML_157_01	Neratinib	Neratinib_AML_157_01	213.0206	0.7
AML_157_02	Neratinib	Neratinib_AML_157_02	214.75212	3.8
AML_158_01	Neratinib	Neratinib_AML_158_01	213.73154	2.6
AML_159_01	Neratinib	Neratinib_AML_159_01	213.85124	5.7
AML_160_01	Neratinib	Neratinib_AML_160_01	211.96384	4.1
AML_161_01	Neratinib	Neratinib_AML_161_01	207.82	2.7
AML_175_01	Neratinib	Neratinib_AML_175_01	211.21423	1.4
AML_183_01	Neratinib	Neratinib_AML_183_01	212.11426	1.4
AML_183_02	Neratinib	Neratinib_AML_183_02	208.39554	3.7
AML_183_03	Neratinib	Neratinib_AML_183_03	208.00331	1.7
AML_001_01	Nilotinib	Nilotinib_AML_001_01	222.80269	0.0
AML_001_03	Nilotinib	Nilotinib_AML_001_03	218.69685	0.0
AML_002_01	Nilotinib	Nilotinib_AML_002_01	222.64006	0.0
AML_003_02	Nilotinib	Nilotinib_AML_003_02	225.63943	4.3
AML_004_01	Nilotinib	Nilotinib_AML_004_01	218.72482	2.8
AML_006_02	Nilotinib	Nilotinib_AML_006_02	222.85162	1.5
AML_007_01	Nilotinib	Nilotinib_AML_007_01	216.8635	0.0
AML_007_02	Nilotinib	Nilotinib_AML_007_02	218.95221	0.0
AML_012_01	Nilotinib	Nilotinib_AML_012_01	220.66327	0.0
AML_013_01	Nilotinib	Nilotinib_AML_013_01	222.03346	0.7
AML_014_01	Nilotinib	Nilotinib_AML_014_01	219.25635	0.0
AML_015_01	Nilotinib	Nilotinib_AML_015_01	219.82097	21.6
AML_015_02	Nilotinib	Nilotinib_AML_015_02	219.31381	12.4
AML_015_03	Nilotinib	Nilotinib_AML_015_03	217.51967	25.9
AML_015_04	Nilotinib	Nilotinib_AML_015_04	223.40016	37.1
AML_018_01	Nilotinib	Nilotinib_AML_018_01	218.39201	0.0
AML_019_01	Nilotinib	Nilotinib_AML_019_01	221.66101	2.5
AML_020_01	Nilotinib	Nilotinib_AML_020_01	222.85632	2.2
AML_022_01	Nilotinib	Nilotinib_AML_022_01	218.10411	4.3
AML_023_01	Nilotinib	Nilotinib_AML_023_01	213.59161	0.0
AML_023_03	Nilotinib	Nilotinib_AML_023_03	215.91924	0.0
AML_023_04	Nilotinib	Nilotinib_AML_023_04	216.12907	0.0
AML_024_01	Nilotinib	Nilotinib_AML_024_01	222.93472	0.0
AML_025_01	Nilotinib	Nilotinib_AML_025_01	223.28625	0.0
AML_026_01	Nilotinib	Nilotinib_AML_026_01	219.8324	0.0
AML_028_01	Nilotinib	Nilotinib_AML_028_01	221.077	0.7
AML_028_04	Nilotinib	Nilotinib_AML_028_04	220.0696	0.0
AML_029_01	Nilotinib	Nilotinib_AML_029_01	219.91434	0.0
AML_030_01	Nilotinib	Nilotinib_AML_030_01	213.85208	0.0
AML_032_01	Nilotinib	Nilotinib_AML_032_01	221.9813	0.0
AML_033_01	Nilotinib	Nilotinib_AML_033_01	222.03447	0.0
AML_033_02	Nilotinib	Nilotinib_AML_033_02	219.34067	1.7
AML_035_02	Nilotinib	Nilotinib_AML_035_02	225.07396	0.0
AML_035_04	Nilotinib	Nilotinib_AML_035_04	223.32559	0.0
AML_036_01	Nilotinib	Nilotinib_AML_036_01	213.5615	0.0
AML_040_01	Nilotinib	Nilotinib_AML_040_01	215.72517	11.7
AML_041_01	Nilotinib	Nilotinib_AML_041_01	218.39754	5.1
AML_042_01	Nilotinib	Nilotinib_AML_042_01	217.89023	7.2
AML_043_02	Nilotinib	Nilotinib_AML_043_02	219.96664	0.0
AML_045_01	Nilotinib	Nilotinib_AML_045_01	220.13783	1.9
AML_046_01	Nilotinib	Nilotinib_AML_046_01	217.08112	9.5
AML_051_01	Nilotinib	Nilotinib_AML_051_01	215.4556	0.1
AML_052_01	Nilotinib	Nilotinib_AML_052_01	224.17456	0.0
AML_053_01	Nilotinib	Nilotinib_AML_053_01	225.10597	0.0
AML_054_01	Nilotinib	Nilotinib_AML_054_01	218.2299	6.7
AML_057_01	Nilotinib	Nilotinib_AML_057_01	215.0928	6.4
AML_058_01	Nilotinib	Nilotinib_AML_058_01	215.86548	6.5
AML_059_01	Nilotinib	Nilotinib_AML_059_01	216.66814	6.1
AML_060_01	Nilotinib	Nilotinib_AML_060_01	223.5393	0.2
AML_061_01	Nilotinib	Nilotinib_AML_061_01	217.45238	2.8
AML_062_01	Nilotinib	Nilotinib_AML_062_01	208.89201	7.4
AML_064_01	Nilotinib	Nilotinib_AML_064_01	214.0012	0.0
AML_065_01	Nilotinib	Nilotinib_AML_065_01	216.44165	7.6
AML_067_01	Nilotinib	Nilotinib_AML_067_01	213.04692	7.5
AML_070_01	Nilotinib	Nilotinib_AML_070_01	216.79675	0.1
AML_072_01	Nilotinib	Nilotinib_AML_072_01	224.7957	0.0
AML_073_01	Nilotinib	Nilotinib_AML_073_01	224.81305	0.6
AML_074_01	Nilotinib	Nilotinib_AML_074_01	218.19676	0.2
AML_075_01	Nilotinib	Nilotinib_AML_075_01	216.41982	0.0
AML_076_01	Nilotinib	Nilotinib_AML_076_01	221.59804	0.0
AML_076_02	Nilotinib	Nilotinib_AML_076_02	219.1829	0.0
AML_077_01	Nilotinib	Nilotinib_AML_077_01	221.8359	0.0
AML_078_02	Nilotinib	Nilotinib_AML_078_02	217.9612	0.0
AML_084_01	Nilotinib	Nilotinib_AML_084_01	218.41052	4.2
AML_086_02	Nilotinib	Nilotinib_AML_086_02	224.18887	0.9
AML_098_01	Nilotinib	Nilotinib_AML_098_01	213.50378	0.0
AML_100_01	Nilotinib	Nilotinib_AML_100_01	218.94417	0.0
AML_101_01	Nilotinib	Nilotinib_AML_101_01	214.01031	12.8
AML_101_02	Nilotinib	Nilotinib_AML_101_02	224.69122	3.1
AML_102_01	Nilotinib	Nilotinib_AML_102_01	210.06972	0.0
AML_103_01	Nilotinib	Nilotinib_AML_103_01	205.65756	0.0
AML_103_02	Nilotinib	Nilotinib_AML_103_02	217.91742	3.0
AML_104_01	Nilotinib	Nilotinib_AML_104_01	217.04243	0.0
AML_108_01	Nilotinib	Nilotinib_AML_108_01	209.60646	0.9
AML_109_01	Nilotinib	Nilotinib_AML_109_01	219.96143	0.0
AML_110_01	Nilotinib	Nilotinib_AML_110_01	217.88898	0.6
AML_112_01	Nilotinib	Nilotinib_AML_112_01	212.50284	1.5
AML_112_02	Nilotinib	Nilotinib_AML_112_02	216.0234	0.5
AML_113_01	Nilotinib	Nilotinib_AML_113_01	215.79816	0.9
AML_114_01	Nilotinib	Nilotinib_AML_114_01	216.42345	0.6
AML_115_01	Nilotinib	Nilotinib_AML_115_01	214.94	6.4
AML_116_01	Nilotinib	Nilotinib_AML_116_01	218.36765	0.0
AML_117_01	Nilotinib	Nilotinib_AML_117_01	219.07869	0.7
AML_119_01	Nilotinib	Nilotinib_AML_119_01	211.16441	1.9
AML_120_01	Nilotinib	Nilotinib_AML_120_01	218.61368	7.5
AML_120_03	Nilotinib	Nilotinib_AML_120_03	219.10164	7.4
AML_122_01	Nilotinib	Nilotinib_AML_122_01	216.13577	0.0
AML_123_01	Nilotinib	Nilotinib_AML_123_01	219.97023	0.0
AML_124_01	Nilotinib	Nilotinib_AML_124_01	220.54202	0.0
AML_125_01	Nilotinib	Nilotinib_AML_125_01	221.61076	19.8
AML_126_01	Nilotinib	Nilotinib_AML_126_01	217.56921	0.0
AML_127_01	Nilotinib	Nilotinib_AML_127_01	216.89508	0.0
AML_128_01	Nilotinib	Nilotinib_AML_128_01	224.47601	0.0
AML_129_02	Nilotinib	Nilotinib_AML_129_02	215.9701	7.8
AML_129_03	Nilotinib	Nilotinib_AML_129_03	218.97401	0.0
AML_131_01	Nilotinib	Nilotinib_AML_131_01	215.54248	0.0
AML_133_01	Nilotinib	Nilotinib_AML_133_01	222.80432	0.0
AML_134_01	Nilotinib	Nilotinib_AML_134_01	220.8101	0.0
AML_135_01	Nilotinib	Nilotinib_AML_135_01	221.52394	0.0
AML_138_01	Nilotinib	Nilotinib_AML_138_01	227.1979	0.0
AML_139_01	Nilotinib	Nilotinib_AML_139_01	228.16586	2.6
AML_140_01	Nilotinib	Nilotinib_AML_140_01	220.03227	0.0
AML_142_01	Nilotinib	Nilotinib_AML_142_01	220.22975	6.7
AML_143_01	Nilotinib	Nilotinib_AML_143_01	218.43024	6.7
AML_144_01	Nilotinib	Nilotinib_AML_144_01	222.177	5.8
AML_146_01	Nilotinib	Nilotinib_AML_146_01	221.00829	0.0
AML_147_01	Nilotinib	Nilotinib_AML_147_01	217.0479	2.0
AML_151_01	Nilotinib	Nilotinib_AML_151_01	210.5927	12.1
AML_152_01	Nilotinib	Nilotinib_AML_152_01	217.56223	1.2
AML_153_01	Nilotinib	Nilotinib_AML_153_01	221.27985	0.0
AML_156_01	Nilotinib	Nilotinib_AML_156_01	218.32732	4.9
AML_157_01	Nilotinib	Nilotinib_AML_157_01	217.90404	0.0
AML_157_02	Nilotinib	Nilotinib_AML_157_02	221.85567	1.8
AML_158_01	Nilotinib	Nilotinib_AML_158_01	220.07877	0.3
AML_159_01	Nilotinib	Nilotinib_AML_159_01	220.67319	3.4
AML_160_01	Nilotinib	Nilotinib_AML_160_01	217.49738	0.0
AML_161_01	Nilotinib	Nilotinib_AML_161_01	219.86792	1.6
AML_175_01	Nilotinib	Nilotinib_AML_175_01	218.2283	0.0
AML_179_01	Nilotinib	Nilotinib_AML_179_01	221.44815	0.0
AML_183_01	Nilotinib	Nilotinib_AML_183_01	218.96988	0.0
AML_183_02	Nilotinib	Nilotinib_AML_183_02	214.3656	0.0
AML_183_03	Nilotinib	Nilotinib_AML_183_03	212.45238	0.0
AML_184_01	Nilotinib	Nilotinib_AML_184_01	215.54066	7.8
AML_185_01	Nilotinib	Nilotinib_AML_185_01	225.89238	0.0
AML_004_01	NVP-AEW541	NVP-AEW541_AML_004_01	216.25337	9.2
AML_019_01	NVP-AEW541	NVP-AEW541_AML_019_01	215.21443	8.8
AML_025_01	NVP-AEW541	NVP-AEW541_AML_025_01	219.7413	6.6
AML_026_01	NVP-AEW541	NVP-AEW541_AML_026_01	218.37267	6.6
AML_029_01	NVP-AEW541	NVP-AEW541_AML_029_01	216.42596	4.4
AML_030_01	NVP-AEW541	NVP-AEW541_AML_030_01	211.01704	6.6
AML_033_01	NVP-AEW541	NVP-AEW541_AML_033_01	214.5115	8.7
AML_033_02	NVP-AEW541	NVP-AEW541_AML_033_02	211.56712	9.1
AML_041_01	NVP-AEW541	NVP-AEW541_AML_041_01	217.30084	6.5
AML_042_01	NVP-AEW541	NVP-AEW541_AML_042_01	216.02496	16.2
AML_043_02	NVP-AEW541	NVP-AEW541_AML_043_02	212.55162	7.1
AML_046_01	NVP-AEW541	NVP-AEW541_AML_046_01	209.95251	28.3
AML_052_01	NVP-AEW541	NVP-AEW541_AML_052_01	220.68663	10.4
AML_057_01	NVP-AEW541	NVP-AEW541_AML_057_01	213.00673	5.9
AML_058_01	NVP-AEW541	NVP-AEW541_AML_058_01	211.04541	7.2
AML_059_01	NVP-AEW541	NVP-AEW541_AML_059_01	211.45775	11.8
AML_060_01	NVP-AEW541	NVP-AEW541_AML_060_01	217.53728	14.1
AML_061_01	NVP-AEW541	NVP-AEW541_AML_061_01	212.51263	10.5
AML_062_01	NVP-AEW541	NVP-AEW541_AML_062_01	205.17319	15.9
AML_064_01	NVP-AEW541	NVP-AEW541_AML_064_01	213.55908	10.9
AML_065_01	NVP-AEW541	NVP-AEW541_AML_065_01	211.56966	9.3
AML_067_01	NVP-AEW541	NVP-AEW541_AML_067_01	211.9053	7.7
AML_070_01	NVP-AEW541	NVP-AEW541_AML_070_01	215.30116	7.6
AML_072_01	NVP-AEW541	NVP-AEW541_AML_072_01	220.49353	1.5
AML_073_01	NVP-AEW541	NVP-AEW541_AML_073_01	221.02866	5.1
AML_074_01	NVP-AEW541	NVP-AEW541_AML_074_01	214.99323	6.4
AML_075_01	NVP-AEW541	NVP-AEW541_AML_075_01	212.91705	2.3
AML_076_01	NVP-AEW541	NVP-AEW541_AML_076_01	219.45035	4.1
AML_076_02	NVP-AEW541	NVP-AEW541_AML_076_02	212.67041	0.0
AML_077_01	NVP-AEW541	NVP-AEW541_AML_077_01	218.59047	9.0
AML_078_02	NVP-AEW541	NVP-AEW541_AML_078_02	214.88197	5.4
AML_086_02	NVP-AEW541	NVP-AEW541_AML_086_02	219.01181	1.4
AML_098_01	NVP-AEW541	NVP-AEW541_AML_098_01	212.86203	8.8
AML_100_01	NVP-AEW541	NVP-AEW541_AML_100_01	217.857	7.2
AML_101_01	NVP-AEW541	NVP-AEW541_AML_101_01	206.40002	11.8
AML_101_02	NVP-AEW541	NVP-AEW541_AML_101_02	220.30014	5.4
AML_102_01	NVP-AEW541	NVP-AEW541_AML_102_01	209.72041	4.6
AML_103_01	NVP-AEW541	NVP-AEW541_AML_103_01	205.36562	5.3
AML_103_02	NVP-AEW541	NVP-AEW541_AML_103_02	208.44612	9.0
AML_104_01	NVP-AEW541	NVP-AEW541_AML_104_01	219.16406	3.0
AML_108_01	NVP-AEW541	NVP-AEW541_AML_108_01	207.65912	8.6
AML_109_01	NVP-AEW541	NVP-AEW541_AML_109_01	212.07602	8.3
AML_110_01	NVP-AEW541	NVP-AEW541_AML_110_01	211.88074	8.2
AML_112_01	NVP-AEW541	NVP-AEW541_AML_112_01	209.93303	5.4
AML_112_02	NVP-AEW541	NVP-AEW541_AML_112_02	213.12245	5.8
AML_113_01	NVP-AEW541	NVP-AEW541_AML_113_01	210.75247	7.2
AML_114_01	NVP-AEW541	NVP-AEW541_AML_114_01	214.6459	6.8
AML_115_01	NVP-AEW541	NVP-AEW541_AML_115_01	209.09726	9.2
AML_116_01	NVP-AEW541	NVP-AEW541_AML_116_01	212.91312	5.0
AML_117_01	NVP-AEW541	NVP-AEW541_AML_117_01	216.85231	10.2
AML_119_01	NVP-AEW541	NVP-AEW541_AML_119_01	207.82481	4.8
AML_122_01	NVP-AEW541	NVP-AEW541_AML_122_01	216.05899	4.9
AML_123_01	NVP-AEW541	NVP-AEW541_AML_123_01	218.38083	8.8
AML_124_01	NVP-AEW541	NVP-AEW541_AML_124_01	218.85602	12.2
AML_125_01	NVP-AEW541	NVP-AEW541_AML_125_01	217.15384	3.3
AML_126_01	NVP-AEW541	NVP-AEW541_AML_126_01	213.80054	0.0
AML_127_01	NVP-AEW541	NVP-AEW541_AML_127_01	215.5605	0.0
AML_128_01	NVP-AEW541	NVP-AEW541_AML_128_01	220.67978	4.8
AML_131_01	NVP-AEW541	NVP-AEW541_AML_131_01	215.46416	4.6
AML_133_01	NVP-AEW541	NVP-AEW541_AML_133_01	215.74174	7.9
AML_134_01	NVP-AEW541	NVP-AEW541_AML_134_01	216.98479	2.6
AML_135_01	NVP-AEW541	NVP-AEW541_AML_135_01	218.39314	12.8
AML_138_01	NVP-AEW541	NVP-AEW541_AML_138_01	220.59769	3.0
AML_139_01	NVP-AEW541	NVP-AEW541_AML_139_01	223.04878	9.0
AML_140_01	NVP-AEW541	NVP-AEW541_AML_140_01	216.8414	5.6
AML_142_01	NVP-AEW541	NVP-AEW541_AML_142_01	212.0749	5.5
AML_143_01	NVP-AEW541	NVP-AEW541_AML_143_01	212.74393	5.8
AML_144_01	NVP-AEW541	NVP-AEW541_AML_144_01	220.46806	9.1
AML_146_01	NVP-AEW541	NVP-AEW541_AML_146_01	219.29413	6.1
AML_147_01	NVP-AEW541	NVP-AEW541_AML_147_01	212.6117	8.7
AML_151_01	NVP-AEW541	NVP-AEW541_AML_151_01	205.82222	14.0
AML_152_01	NVP-AEW541	NVP-AEW541_AML_152_01	213.93074	7.4
AML_153_01	NVP-AEW541	NVP-AEW541_AML_153_01	213.76036	5.3
AML_156_01	NVP-AEW541	NVP-AEW541_AML_156_01	214.26128	7.4
AML_157_01	NVP-AEW541	NVP-AEW541_AML_157_01	215.07802	8.6
AML_157_02	NVP-AEW541	NVP-AEW541_AML_157_02	216.78871	6.7
AML_158_01	NVP-AEW541	NVP-AEW541_AML_158_01	216.99728	8.5
AML_159_01	NVP-AEW541	NVP-AEW541_AML_159_01	217.68536	9.8
AML_160_01	NVP-AEW541	NVP-AEW541_AML_160_01	211.44534	6.8
AML_161_01	NVP-AEW541	NVP-AEW541_AML_161_01	210.96097	8.3
AML_183_01	NVP-AEW541	NVP-AEW541_AML_183_01	215.13905	4.9
AML_183_02	NVP-AEW541	NVP-AEW541_AML_183_02	211.9505	0.0
AML_183_03	NVP-AEW541	NVP-AEW541_AML_183_03	210.2426	6.1
AML_001_01	Olaparib	Olaparib_AML_001_01	215.77751	0.1
AML_001_03	Olaparib	Olaparib_AML_001_03	212.80646	6.1
AML_002_01	Olaparib	Olaparib_AML_002_01	214.246	0.9
AML_003_02	Olaparib	Olaparib_AML_003_02	217.27219	4.6
AML_004_01	Olaparib	Olaparib_AML_004_01	214.34476	1.9
AML_006_02	Olaparib	Olaparib_AML_006_02	218.73923	0.0
AML_007_01	Olaparib	Olaparib_AML_007_01	212.23471	0.0
AML_007_02	Olaparib	Olaparib_AML_007_02	214.33124	0.8
AML_012_01	Olaparib	Olaparib_AML_012_01	210.54118	1.1
AML_013_01	Olaparib	Olaparib_AML_013_01	210.78032	1.0
AML_014_01	Olaparib	Olaparib_AML_014_01	211.68768	2.3
AML_015_01	Olaparib	Olaparib_AML_015_01	208.91197	4.9
AML_015_02	Olaparib	Olaparib_AML_015_02	213.91583	2.0
AML_015_03	Olaparib	Olaparib_AML_015_03	208.80104	1.5
AML_015_04	Olaparib	Olaparib_AML_015_04	213.26942	9.4
AML_018_01	Olaparib	Olaparib_AML_018_01	209.13202	8.0
AML_019_01	Olaparib	Olaparib_AML_019_01	212.6481	1.9
AML_020_01	Olaparib	Olaparib_AML_020_01	213.19771	1.4
AML_022_01	Olaparib	Olaparib_AML_022_01	213.27032	0.0
AML_023_01	Olaparib	Olaparib_AML_023_01	205.87343	0.0
AML_023_03	Olaparib	Olaparib_AML_023_03	205.89648	0.0
AML_023_04	Olaparib	Olaparib_AML_023_04	206.66821	0.1
AML_024_01	Olaparib	Olaparib_AML_024_01	213.29214	4.6
AML_025_01	Olaparib	Olaparib_AML_025_01	215.45963	2.7
AML_026_01	Olaparib	Olaparib_AML_026_01	214.50749	0.0
AML_028_01	Olaparib	Olaparib_AML_028_01	213.84828	0.0
AML_028_04	Olaparib	Olaparib_AML_028_04	209.8433	5.3
AML_029_01	Olaparib	Olaparib_AML_029_01	212.58212	0.0
AML_030_01	Olaparib	Olaparib_AML_030_01	206.11108	0.5
AML_032_01	Olaparib	Olaparib_AML_032_01	215.41719	4.8
AML_033_01	Olaparib	Olaparib_AML_033_01	209.39548	1.5
AML_033_02	Olaparib	Olaparib_AML_033_02	207.90804	1.4
AML_035_02	Olaparib	Olaparib_AML_035_02	218.07089	0.2
AML_035_04	Olaparib	Olaparib_AML_035_04	212.91188	0.0
AML_036_01	Olaparib	Olaparib_AML_036_01	207.87547	2.3
AML_040_01	Olaparib	Olaparib_AML_040_01	207.65828	0.0
AML_041_01	Olaparib	Olaparib_AML_041_01	213.16655	0.2
AML_042_01	Olaparib	Olaparib_AML_042_01	212.21938	1.0
AML_043_02	Olaparib	Olaparib_AML_043_02	207.83101	5.8
AML_045_01	Olaparib	Olaparib_AML_045_01	212.67946	0.0
AML_046_01	Olaparib	Olaparib_AML_046_01	206.34978	0.0
AML_051_01	Olaparib	Olaparib_AML_051_01	206.05524	0.0
AML_052_01	Olaparib	Olaparib_AML_052_01	213.90536	2.6
AML_053_01	Olaparib	Olaparib_AML_053_01	221.07086	0.1
AML_054_01	Olaparib	Olaparib_AML_054_01	207.66023	2.0
AML_057_01	Olaparib	Olaparib_AML_057_01	209.33174	0.4
AML_058_01	Olaparib	Olaparib_AML_058_01	209.44652	1.0
AML_059_01	Olaparib	Olaparib_AML_059_01	209.61156	1.0
AML_060_01	Olaparib	Olaparib_AML_060_01	213.85437	3.1
AML_061_01	Olaparib	Olaparib_AML_061_01	209.30646	0.0
AML_062_01	Olaparib	Olaparib_AML_062_01	200.43445	0.0
AML_064_01	Olaparib	Olaparib_AML_064_01	207.31061	1.4
AML_065_01	Olaparib	Olaparib_AML_065_01	207.22716	2.3
AML_067_01	Olaparib	Olaparib_AML_067_01	208.63571	3.2
AML_070_01	Olaparib	Olaparib_AML_070_01	211.15343	1.1
AML_072_01	Olaparib	Olaparib_AML_072_01	217.15143	0.7
AML_073_01	Olaparib	Olaparib_AML_073_01	216.14178	1.4
AML_074_01	Olaparib	Olaparib_AML_074_01	210.92139	2.6
AML_075_01	Olaparib	Olaparib_AML_075_01	212.03987	1.9
AML_076_01	Olaparib	Olaparib_AML_076_01	215.3793	3.2
AML_076_02	Olaparib	Olaparib_AML_076_02	208.58058	2.9
AML_077_01	Olaparib	Olaparib_AML_077_01	213.64276	4.7
AML_078_02	Olaparib	Olaparib_AML_078_02	210.09073	4.0
AML_084_01	Olaparib	Olaparib_AML_084_01	210.19081	5.0
AML_086_02	Olaparib	Olaparib_AML_086_02	215.02357	2.8
AML_098_01	Olaparib	Olaparib_AML_098_01	207.57489	6.2
AML_100_01	Olaparib	Olaparib_AML_100_01	214.20233	1.6
AML_101_01	Olaparib	Olaparib_AML_101_01	204.43484	0.0
AML_101_02	Olaparib	Olaparib_AML_101_02	215.89137	0.0
AML_102_01	Olaparib	Olaparib_AML_102_01	204.2402	1.0
AML_103_01	Olaparib	Olaparib_AML_103_01	199.3282	2.2
AML_103_02	Olaparib	Olaparib_AML_103_02	207.66147	3.6
AML_104_01	Olaparib	Olaparib_AML_104_01	212.73555	3.2
AML_108_01	Olaparib	Olaparib_AML_108_01	203.40291	4.0
AML_109_01	Olaparib	Olaparib_AML_109_01	209.2389	0.0
AML_110_01	Olaparib	Olaparib_AML_110_01	208.34998	7.5
AML_112_01	Olaparib	Olaparib_AML_112_01	206.84885	0.9
AML_112_02	Olaparib	Olaparib_AML_112_02	209.48557	1.3
AML_113_01	Olaparib	Olaparib_AML_113_01	208.31122	3.4
AML_114_01	Olaparib	Olaparib_AML_114_01	210.62187	0.0
AML_115_01	Olaparib	Olaparib_AML_115_01	206.14328	5.2
AML_116_01	Olaparib	Olaparib_AML_116_01	209.06123	2.2
AML_117_01	Olaparib	Olaparib_AML_117_01	213.54626	2.5
AML_119_01	Olaparib	Olaparib_AML_119_01	203.14294	3.1
AML_120_01	Olaparib	Olaparib_AML_120_01	210.34912	4.2
AML_120_03	Olaparib	Olaparib_AML_120_03	212.75824	3.6
AML_122_01	Olaparib	Olaparib_AML_122_01	212.16953	3.4
AML_123_01	Olaparib	Olaparib_AML_123_01	215.03702	2.7
AML_124_01	Olaparib	Olaparib_AML_124_01	214.70425	4.9
AML_125_01	Olaparib	Olaparib_AML_125_01	212.98679	5.7
AML_126_01	Olaparib	Olaparib_AML_126_01	210.3192	2.9
AML_127_01	Olaparib	Olaparib_AML_127_01	210.06743	2.0
AML_128_01	Olaparib	Olaparib_AML_128_01	216.11734	2.9
AML_129_02	Olaparib	Olaparib_AML_129_02	207.588	0.0
AML_129_03	Olaparib	Olaparib_AML_129_03	209.80008	0.0
AML_131_01	Olaparib	Olaparib_AML_131_01	211.27359	0.0
AML_133_01	Olaparib	Olaparib_AML_133_01	212.51288	3.3
AML_134_01	Olaparib	Olaparib_AML_134_01	211.59813	5.6
AML_135_01	Olaparib	Olaparib_AML_135_01	214.82245	3.1
AML_138_01	Olaparib	Olaparib_AML_138_01	218.2097	2.8
AML_139_01	Olaparib	Olaparib_AML_139_01	217.4975	4.7
AML_140_01	Olaparib	Olaparib_AML_140_01	213.83815	1.4
AML_142_01	Olaparib	Olaparib_AML_142_01	210.22244	7.3
AML_143_01	Olaparib	Olaparib_AML_143_01	209.97665	4.4
AML_144_01	Olaparib	Olaparib_AML_144_01	215.09334	3.4
AML_146_01	Olaparib	Olaparib_AML_146_01	216.81479	3.7
AML_147_01	Olaparib	Olaparib_AML_147_01	210.80576	2.5
AML_151_01	Olaparib	Olaparib_AML_151_01	202.98373	4.8
AML_152_01	Olaparib	Olaparib_AML_152_01	209.43568	4.4
AML_153_01	Olaparib	Olaparib_AML_153_01	210.27455	6.1
AML_156_01	Olaparib	Olaparib_AML_156_01	209.61157	4.6
AML_157_01	Olaparib	Olaparib_AML_157_01	209.54393	4.0
AML_157_02	Olaparib	Olaparib_AML_157_02	210.82503	2.6
AML_158_01	Olaparib	Olaparib_AML_158_01	213.35384	3.1
AML_159_01	Olaparib	Olaparib_AML_159_01	214.64496	1.7
AML_160_01	Olaparib	Olaparib_AML_160_01	207.76425	0.5
AML_161_01	Olaparib	Olaparib_AML_161_01	207.25182	11.3
AML_175_01	Olaparib	Olaparib_AML_175_01	212.46324	1.3
AML_179_01	Olaparib	Olaparib_AML_179_01	212.10472	0.3
AML_183_01	Olaparib	Olaparib_AML_183_01	212.24802	2.6
AML_183_02	Olaparib	Olaparib_AML_183_02	207.83575	2.3
AML_183_03	Olaparib	Olaparib_AML_183_03	206.16585	3.3
AML_184_01	Olaparib	Olaparib_AML_184_01	207.69756	0.0
AML_185_01	Olaparib	Olaparib_AML_185_01	217.1989	2.2
AML_001_01	Palbociclib	Palbociclib_AML_001_01	222.55002	1.2
AML_001_03	Palbociclib	Palbociclib_AML_001_03	223.88153	6.2
AML_002_01	Palbociclib	Palbociclib_AML_002_01	221.42123	5.3
AML_003_02	Palbociclib	Palbociclib_AML_003_02	222.96877	11.6
AML_004_01	Palbociclib	Palbociclib_AML_004_01	220.1979	6.7
AML_006_02	Palbociclib	Palbociclib_AML_006_02	226.7788	1.8
AML_007_01	Palbociclib	Palbociclib_AML_007_01	219.56635	1.7
AML_007_02	Palbociclib	Palbociclib_AML_007_02	221.79868	0.1
AML_012_01	Palbociclib	Palbociclib_AML_012_01	213.3901	8.8
AML_013_01	Palbociclib	Palbociclib_AML_013_01	216.94272	12.8
AML_014_01	Palbociclib	Palbociclib_AML_014_01	219.28474	8.8
AML_015_01	Palbociclib	Palbociclib_AML_015_01	218.57869	5.3
AML_015_02	Palbociclib	Palbociclib_AML_015_02	219.03636	1.6
AML_015_03	Palbociclib	Palbociclib_AML_015_03	217.2847	6.5
AML_015_04	Palbociclib	Palbociclib_AML_015_04	217.85466	5.3
AML_018_01	Palbociclib	Palbociclib_AML_018_01	215.03043	14.2
AML_019_01	Palbociclib	Palbociclib_AML_019_01	219.19344	5.6
AML_020_01	Palbociclib	Palbociclib_AML_020_01	219.90263	5.2
AML_022_01	Palbociclib	Palbociclib_AML_022_01	219.66864	4.2
AML_023_01	Palbociclib	Palbociclib_AML_023_01	214.23177	5.0
AML_023_03	Palbociclib	Palbociclib_AML_023_03	215.75566	0.6
AML_023_04	Palbociclib	Palbociclib_AML_023_04	215.37181	4.6
AML_024_01	Palbociclib	Palbociclib_AML_024_01	221.29141	3.2
AML_025_01	Palbociclib	Palbociclib_AML_025_01	224.77147	4.3
AML_026_01	Palbociclib	Palbociclib_AML_026_01	224.84686	2.3
AML_028_01	Palbociclib	Palbociclib_AML_028_01	221.4871	7.3
AML_028_04	Palbociclib	Palbociclib_AML_028_04	216.56755	6.7
AML_029_01	Palbociclib	Palbociclib_AML_029_01	221.67964	3.8
AML_030_01	Palbociclib	Palbociclib_AML_030_01	217.99191	2.0
AML_032_01	Palbociclib	Palbociclib_AML_032_01	221.12161	4.8
AML_033_01	Palbociclib	Palbociclib_AML_033_01	219.109	7.0
AML_033_02	Palbociclib	Palbociclib_AML_033_02	211.3908	6.7
AML_035_02	Palbociclib	Palbociclib_AML_035_02	226.33502	12.6
AML_035_04	Palbociclib	Palbociclib_AML_035_04	219.05896	12.0
AML_036_01	Palbociclib	Palbociclib_AML_036_01	216.38753	9.8
AML_040_01	Palbociclib	Palbociclib_AML_040_01	220.3676	6.8
AML_041_01	Palbociclib	Palbociclib_AML_041_01	222.57477	3.5
AML_042_01	Palbociclib	Palbociclib_AML_042_01	220.74323	2.1
AML_043_02	Palbociclib	Palbociclib_AML_043_02	213.09198	5.6
AML_045_01	Palbociclib	Palbociclib_AML_045_01	221.62688	0.0
AML_046_01	Palbociclib	Palbociclib_AML_046_01	214.57495	11.4
AML_051_01	Palbociclib	Palbociclib_AML_051_01	215.67468	0.0
AML_052_01	Palbociclib	Palbociclib_AML_052_01	222.86942	6.9
AML_053_01	Palbociclib	Palbociclib_AML_053_01	227.61748	5.3
AML_054_01	Palbociclib	Palbociclib_AML_054_01	213.21463	9.8
AML_057_01	Palbociclib	Palbociclib_AML_057_01	218.47751	1.0
AML_058_01	Palbociclib	Palbociclib_AML_058_01	216.48537	5.1
AML_059_01	Palbociclib	Palbociclib_AML_059_01	217.61719	3.4
AML_060_01	Palbociclib	Palbociclib_AML_060_01	220.26671	5.6
AML_061_01	Palbociclib	Palbociclib_AML_061_01	217.13808	1.3
AML_062_01	Palbociclib	Palbociclib_AML_062_01	209.79195	3.0
AML_064_01	Palbociclib	Palbociclib_AML_064_01	216.64828	3.5
AML_065_01	Palbociclib	Palbociclib_AML_065_01	217.47928	3.7
AML_067_01	Palbociclib	Palbociclib_AML_067_01	219.06053	6.3
AML_070_01	Palbociclib	Palbociclib_AML_070_01	221.53773	5.8
AML_072_01	Palbociclib	Palbociclib_AML_072_01	223.98001	4.7
AML_073_01	Palbociclib	Palbociclib_AML_073_01	224.65222	1.9
AML_074_01	Palbociclib	Palbociclib_AML_074_01	223.08841	8.4
AML_075_01	Palbociclib	Palbociclib_AML_075_01	219.62576	4.1
AML_076_01	Palbociclib	Palbociclib_AML_076_01	224.47302	4.9
AML_076_02	Palbociclib	Palbociclib_AML_076_02	215.75938	7.3
AML_077_01	Palbociclib	Palbociclib_AML_077_01	221.70013	11.2
AML_078_02	Palbociclib	Palbociclib_AML_078_02	220.85312	5.8
AML_084_01	Palbociclib	Palbociclib_AML_084_01	218.21634	8.0
AML_086_02	Palbociclib	Palbociclib_AML_086_02	223.58748	8.3
AML_098_01	Palbociclib	Palbociclib_AML_098_01	217.5234	3.7
AML_100_01	Palbociclib	Palbociclib_AML_100_01	223.98573	3.8
AML_101_01	Palbociclib	Palbociclib_AML_101_01	212.25465	4.7
AML_101_02	Palbociclib	Palbociclib_AML_101_02	224.0803	6.2
AML_102_01	Palbociclib	Palbociclib_AML_102_01	217.21896	3.4
AML_103_01	Palbociclib	Palbociclib_AML_103_01	209.1293	3.7
AML_103_02	Palbociclib	Palbociclib_AML_103_02	211.99448	8.5
AML_104_01	Palbociclib	Palbociclib_AML_104_01	225.55702	6.0
AML_108_01	Palbociclib	Palbociclib_AML_108_01	215.58252	6.6
AML_109_01	Palbociclib	Palbociclib_AML_109_01	217.99767	1.2
AML_110_01	Palbociclib	Palbociclib_AML_110_01	220.35248	6.6
AML_112_01	Palbociclib	Palbociclib_AML_112_01	217.01932	6.2
AML_112_02	Palbociclib	Palbociclib_AML_112_02	217.99658	4.0
AML_113_01	Palbociclib	Palbociclib_AML_113_01	214.80858	7.4
AML_114_01	Palbociclib	Palbociclib_AML_114_01	219.37187	3.8
AML_115_01	Palbociclib	Palbociclib_AML_115_01	217.7205	4.9
AML_116_01	Palbociclib	Palbociclib_AML_116_01	219.89465	4.9
AML_117_01	Palbociclib	Palbociclib_AML_117_01	223.62384	3.3
AML_119_01	Palbociclib	Palbociclib_AML_119_01	215.38484	5.8
AML_120_01	Palbociclib	Palbociclib_AML_120_01	219.85963	7.3
AML_120_03	Palbociclib	Palbociclib_AML_120_03	221.11412	10.5
AML_122_01	Palbociclib	Palbociclib_AML_122_01	219.02351	1.6
AML_123_01	Palbociclib	Palbociclib_AML_123_01	224.574	10.1
AML_124_01	Palbociclib	Palbociclib_AML_124_01	225.26816	13.8
AML_125_01	Palbociclib	Palbociclib_AML_125_01	222.58354	23.5
AML_126_01	Palbociclib	Palbociclib_AML_126_01	218.7931	7.9
AML_127_01	Palbociclib	Palbociclib_AML_127_01	220.89787	10.4
AML_128_01	Palbociclib	Palbociclib_AML_128_01	224.51852	4.3
AML_129_02	Palbociclib	Palbociclib_AML_129_02	217.78891	0.0
AML_129_03	Palbociclib	Palbociclib_AML_129_03	220.0885	0.8
AML_131_01	Palbociclib	Palbociclib_AML_131_01	218.72466	5.4
AML_133_01	Palbociclib	Palbociclib_AML_133_01	215.64517	8.3
AML_134_01	Palbociclib	Palbociclib_AML_134_01	217.37166	4.8
AML_135_01	Palbociclib	Palbociclib_AML_135_01	223.95244	5.5
AML_138_01	Palbociclib	Palbociclib_AML_138_01	222.84007	12.3
AML_139_01	Palbociclib	Palbociclib_AML_139_01	224.75955	5.3
AML_140_01	Palbociclib	Palbociclib_AML_140_01	222.36584	4.7
AML_142_01	Palbociclib	Palbociclib_AML_142_01	212.01714	9.6
AML_143_01	Palbociclib	Palbociclib_AML_143_01	218.91148	7.4
AML_144_01	Palbociclib	Palbociclib_AML_144_01	224.94182	10.4
AML_146_01	Palbociclib	Palbociclib_AML_146_01	223.70076	4.7
AML_147_01	Palbociclib	Palbociclib_AML_147_01	220.24341	3.8
AML_151_01	Palbociclib	Palbociclib_AML_151_01	211.36406	10.6
AML_152_01	Palbociclib	Palbociclib_AML_152_01	218.37218	9.5
AML_153_01	Palbociclib	Palbociclib_AML_153_01	216.10196	6.9
AML_156_01	Palbociclib	Palbociclib_AML_156_01	219.5972	6.8
AML_157_01	Palbociclib	Palbociclib_AML_157_01	218.5816	5.9
AML_157_02	Palbociclib	Palbociclib_AML_157_02	220.70378	7.5
AML_158_01	Palbociclib	Palbociclib_AML_158_01	223.75713	5.9
AML_159_01	Palbociclib	Palbociclib_AML_159_01	223.27635	8.1
AML_160_01	Palbociclib	Palbociclib_AML_160_01	217.76385	8.2
AML_161_01	Palbociclib	Palbociclib_AML_161_01	213.88763	12.5
AML_175_01	Palbociclib	Palbociclib_AML_175_01	224.14348	3.1
AML_179_01	Palbociclib	Palbociclib_AML_179_01	218.52113	4.0
AML_183_01	Palbociclib	Palbociclib_AML_183_01	221.71407	3.5
AML_183_02	Palbociclib	Palbociclib_AML_183_02	217.03726	5.3
AML_183_03	Palbociclib	Palbociclib_AML_183_03	214.93411	3.8
AML_184_01	Palbociclib	Palbociclib_AML_184_01	219.81758	5.9
AML_185_01	Palbociclib	Palbociclib_AML_185_01	222.95839	3.7
AML_001_01	Panobinostat	Panobinostat_AML_001_01	204.8795	9.7
AML_001_03	Panobinostat	Panobinostat_AML_001_03	202.48906	26.0
AML_002_01	Panobinostat	Panobinostat_AML_002_01	207.02324	33.2
AML_003_02	Panobinostat	Panobinostat_AML_003_02	209.81825	23.5
AML_004_01	Panobinostat	Panobinostat_AML_004_01	200.79895	26.1
AML_006_02	Panobinostat	Panobinostat_AML_006_02	207.35326	24.1
AML_007_01	Panobinostat	Panobinostat_AML_007_01	199.27516	22.9
AML_007_02	Panobinostat	Panobinostat_AML_007_02	203.04193	21.4
AML_012_01	Panobinostat	Panobinostat_AML_012_01	200.76054	24.1
AML_013_01	Panobinostat	Panobinostat_AML_013_01	203.40628	30.0
AML_014_01	Panobinostat	Panobinostat_AML_014_01	197.88274	28.6
AML_015_01	Panobinostat	Panobinostat_AML_015_01	194.1655	23.5
AML_015_02	Panobinostat	Panobinostat_AML_015_02	202.66849	24.0
AML_015_03	Panobinostat	Panobinostat_AML_015_03	196.85394	27.5
AML_015_04	Panobinostat	Panobinostat_AML_015_04	203.47879	28.1
AML_018_01	Panobinostat	Panobinostat_AML_018_01	200.28154	33.0
AML_019_01	Panobinostat	Panobinostat_AML_019_01	202.66733	19.3
AML_020_01	Panobinostat	Panobinostat_AML_020_01	204.24185	16.4
AML_022_01	Panobinostat	Panobinostat_AML_022_01	203.70248	39.9
AML_023_01	Panobinostat	Panobinostat_AML_023_01	195.59128	38.1
AML_023_03	Panobinostat	Panobinostat_AML_023_03	198.14357	31.0
AML_023_04	Panobinostat	Panobinostat_AML_023_04	195.57129	25.7
AML_024_01	Panobinostat	Panobinostat_AML_024_01	203.62457	22.3
AML_025_01	Panobinostat	Panobinostat_AML_025_01	202.3184	22.2
AML_026_01	Panobinostat	Panobinostat_AML_026_01	202.17555	16.4
AML_028_01	Panobinostat	Panobinostat_AML_028_01	205.7244	24.1
AML_028_04	Panobinostat	Panobinostat_AML_028_04	204.87712	34.2
AML_029_01	Panobinostat	Panobinostat_AML_029_01	199.47025	20.4
AML_030_01	Panobinostat	Panobinostat_AML_030_01	194.65434	21.1
AML_032_01	Panobinostat	Panobinostat_AML_032_01	204.45654	15.1
AML_033_01	Panobinostat	Panobinostat_AML_033_01	201.73668	18.8
AML_033_02	Panobinostat	Panobinostat_AML_033_02	202.53395	19.2
AML_035_02	Panobinostat	Panobinostat_AML_035_02	207.64658	17.1
AML_035_04	Panobinostat	Panobinostat_AML_035_04	208.00807	20.8
AML_036_01	Panobinostat	Panobinostat_AML_036_01	195.22472	18.6
AML_040_01	Panobinostat	Panobinostat_AML_040_01	195.17311	30.0
AML_041_01	Panobinostat	Panobinostat_AML_041_01	200.96959	17.2
AML_042_01	Panobinostat	Panobinostat_AML_042_01	199.70645	26.2
AML_043_02	Panobinostat	Panobinostat_AML_043_02	201.17892	24.1
AML_045_01	Panobinostat	Panobinostat_AML_045_01	200.41422	20.6
AML_046_01	Panobinostat	Panobinostat_AML_046_01	200.49783	27.5
AML_051_01	Panobinostat	Panobinostat_AML_051_01	196.9032	14.6
AML_052_01	Panobinostat	Panobinostat_AML_052_01	203.81102	21.1
AML_053_01	Panobinostat	Panobinostat_AML_053_01	207.44312	23.9
AML_054_01	Panobinostat	Panobinostat_AML_054_01	199.81029	34.2
AML_057_01	Panobinostat	Panobinostat_AML_057_01	198.01779	24.5
AML_058_01	Panobinostat	Panobinostat_AML_058_01	198.65196	22.5
AML_059_01	Panobinostat	Panobinostat_AML_059_01	197.58167	23.8
AML_060_01	Panobinostat	Panobinostat_AML_060_01	206.97292	29.3
AML_061_01	Panobinostat	Panobinostat_AML_061_01	199.13045	27.2
AML_062_01	Panobinostat	Panobinostat_AML_062_01	190.98729	25.1
AML_064_01	Panobinostat	Panobinostat_AML_064_01	194.05669	18.4
AML_065_01	Panobinostat	Panobinostat_AML_065_01	199.65468	24.5
AML_067_01	Panobinostat	Panobinostat_AML_067_01	197.0431	25.9
AML_070_01	Panobinostat	Panobinostat_AML_070_01	197.43625	20.3
AML_072_01	Panobinostat	Panobinostat_AML_072_01	205.1783	15.8
AML_073_01	Panobinostat	Panobinostat_AML_073_01	205.7114	16.2
AML_074_01	Panobinostat	Panobinostat_AML_074_01	197.32692	21.0
AML_075_01	Panobinostat	Panobinostat_AML_075_01	200.08592	24.3
AML_076_01	Panobinostat	Panobinostat_AML_076_01	205.15561	17.8
AML_076_02	Panobinostat	Panobinostat_AML_076_02	200.18799	23.1
AML_077_01	Panobinostat	Panobinostat_AML_077_01	202.3549	21.5
AML_078_02	Panobinostat	Panobinostat_AML_078_02	201.46391	23.0
AML_084_01	Panobinostat	Panobinostat_AML_084_01	202.77069	27.7
AML_086_02	Panobinostat	Panobinostat_AML_086_02	207.67291	20.3
AML_098_01	Panobinostat	Panobinostat_AML_098_01	193.27534	16.7
AML_100_01	Panobinostat	Panobinostat_AML_100_01	199.61118	19.4
AML_101_01	Panobinostat	Panobinostat_AML_101_01	201.72308	24.0
AML_101_02	Panobinostat	Panobinostat_AML_101_02	208.11229	18.9
AML_102_01	Panobinostat	Panobinostat_AML_102_01	195.13397	20.0
AML_103_01	Panobinostat	Panobinostat_AML_103_01	192.29173	21.0
AML_103_02	Panobinostat	Panobinostat_AML_103_02	201.34328	26.4
AML_104_01	Panobinostat	Panobinostat_AML_104_01	198.75278	15.8
AML_108_01	Panobinostat	Panobinostat_AML_108_01	191.92519	23.4
AML_109_01	Panobinostat	Panobinostat_AML_109_01	200.51732	23.7
AML_110_01	Panobinostat	Panobinostat_AML_110_01	197.63516	23.4
AML_112_01	Panobinostat	Panobinostat_AML_112_01	195.77167	22.2
AML_112_02	Panobinostat	Panobinostat_AML_112_02	198.66875	23.3
AML_113_01	Panobinostat	Panobinostat_AML_113_01	198.90639	24.8
AML_114_01	Panobinostat	Panobinostat_AML_114_01	198.38782	20.8
AML_115_01	Panobinostat	Panobinostat_AML_115_01	198.54224	25.6
AML_116_01	Panobinostat	Panobinostat_AML_116_01	197.6075	21.7
AML_117_01	Panobinostat	Panobinostat_AML_117_01	201.10626	18.0
AML_119_01	Panobinostat	Panobinostat_AML_119_01	194.86238	21.6
AML_120_01	Panobinostat	Panobinostat_AML_120_01	199.60277	37.8
AML_120_03	Panobinostat	Panobinostat_AML_120_03	203.30531	28.8
AML_122_01	Panobinostat	Panobinostat_AML_122_01	196.5963	24.4
AML_123_01	Panobinostat	Panobinostat_AML_123_01	200.95073	21.3
AML_124_01	Panobinostat	Panobinostat_AML_124_01	204.48473	24.0
AML_125_01	Panobinostat	Panobinostat_AML_125_01	201.93576	21.1
AML_126_01	Panobinostat	Panobinostat_AML_126_01	198.6844	25.4
AML_127_01	Panobinostat	Panobinostat_AML_127_01	198.28806	23.3
AML_128_01	Panobinostat	Panobinostat_AML_128_01	205.32251	19.0
AML_129_02	Panobinostat	Panobinostat_AML_129_02	194.73727	37.6
AML_129_03	Panobinostat	Panobinostat_AML_129_03	199.37193	25.9
AML_131_01	Panobinostat	Panobinostat_AML_131_01	199.74358	16.3
AML_133_01	Panobinostat	Panobinostat_AML_133_01	204.38972	23.6
AML_134_01	Panobinostat	Panobinostat_AML_134_01	205.81375	15.2
AML_135_01	Panobinostat	Panobinostat_AML_135_01	203.92401	25.6
AML_138_01	Panobinostat	Panobinostat_AML_138_01	206.60057	20.7
AML_139_01	Panobinostat	Panobinostat_AML_139_01	205.91818	26.9
AML_140_01	Panobinostat	Panobinostat_AML_140_01	202.31401	22.3
AML_142_01	Panobinostat	Panobinostat_AML_142_01	202.60223	26.6
AML_143_01	Panobinostat	Panobinostat_AML_143_01	199.56415	19.9
AML_144_01	Panobinostat	Panobinostat_AML_144_01	204.14464	21.4
AML_146_01	Panobinostat	Panobinostat_AML_146_01	202.7542	18.6
AML_147_01	Panobinostat	Panobinostat_AML_147_01	199.96042	18.4
AML_151_01	Panobinostat	Panobinostat_AML_151_01	193.62979	26.1
AML_152_01	Panobinostat	Panobinostat_AML_152_01	201.9692	21.3
AML_153_01	Panobinostat	Panobinostat_AML_153_01	200.83194	13.3
AML_156_01	Panobinostat	Panobinostat_AML_156_01	202.53766	24.5
AML_157_01	Panobinostat	Panobinostat_AML_157_01	195.65457	24.0
AML_157_02	Panobinostat	Panobinostat_AML_157_02	201.88057	24.8
AML_158_01	Panobinostat	Panobinostat_AML_158_01	198.83083	20.8
AML_159_01	Panobinostat	Panobinostat_AML_159_01	201.74103	23.1
AML_160_01	Panobinostat	Panobinostat_AML_160_01	201.69733	23.1
AML_161_01	Panobinostat	Panobinostat_AML_161_01	199.96576	21.9
AML_175_01	Panobinostat	Panobinostat_AML_175_01	198.57037	19.9
AML_179_01	Panobinostat	Panobinostat_AML_179_01	203.2508	33.0
AML_183_01	Panobinostat	Panobinostat_AML_183_01	197.01617	17.8
AML_183_02	Panobinostat	Panobinostat_AML_183_02	195.43172	20.9
AML_183_03	Panobinostat	Panobinostat_AML_183_03	196.55437	17.8
AML_184_01	Panobinostat	Panobinostat_AML_184_01	197.79121	29.4
AML_185_01	Panobinostat	Panobinostat_AML_185_01	206.94925	24.1
AML_001_01	Pazopanib	Pazopanib_AML_001_01	215.94397	0.0
AML_001_03	Pazopanib	Pazopanib_AML_001_03	214.23413	0.0
AML_002_01	Pazopanib	Pazopanib_AML_002_01	218.94484	8.5
AML_003_02	Pazopanib	Pazopanib_AML_003_02	219.89351	0.0
AML_004_01	Pazopanib	Pazopanib_AML_004_01	216.04512	4.1
AML_006_02	Pazopanib	Pazopanib_AML_006_02	219.79617	2.0
AML_007_01	Pazopanib	Pazopanib_AML_007_01	215.48706	0.0
AML_007_02	Pazopanib	Pazopanib_AML_007_02	217.74019	0.0
AML_012_01	Pazopanib	Pazopanib_AML_012_01	213.29797	3.7
AML_013_01	Pazopanib	Pazopanib_AML_013_01	214.65445	4.4
AML_014_01	Pazopanib	Pazopanib_AML_014_01	215.39764	0.0
AML_015_01	Pazopanib	Pazopanib_AML_015_01	212.09497	20.7
AML_015_02	Pazopanib	Pazopanib_AML_015_02	215.47894	15.0
AML_015_03	Pazopanib	Pazopanib_AML_015_03	213.74756	24.2
AML_015_04	Pazopanib	Pazopanib_AML_015_04	214.65784	31.8
AML_018_01	Pazopanib	Pazopanib_AML_018_01	213.39803	6.1
AML_019_01	Pazopanib	Pazopanib_AML_019_01	215.50899	0.0
AML_020_01	Pazopanib	Pazopanib_AML_020_01	216.75398	4.0
AML_022_01	Pazopanib	Pazopanib_AML_022_01	215.8797	1.1
AML_023_01	Pazopanib	Pazopanib_AML_023_01	207.50087	6.9
AML_023_03	Pazopanib	Pazopanib_AML_023_03	209.07962	3.9
AML_023_04	Pazopanib	Pazopanib_AML_023_04	210.66095	3.3
AML_024_01	Pazopanib	Pazopanib_AML_024_01	215.26817	2.5
AML_025_01	Pazopanib	Pazopanib_AML_025_01	216.85577	4.4
AML_026_01	Pazopanib	Pazopanib_AML_026_01	216.59601	1.5
AML_028_01	Pazopanib	Pazopanib_AML_028_01	215.10129	0.0
AML_028_04	Pazopanib	Pazopanib_AML_028_04	211.67592	5.9
AML_029_01	Pazopanib	Pazopanib_AML_029_01	214.246	1.4
AML_030_01	Pazopanib	Pazopanib_AML_030_01	207.75911	0.0
AML_032_01	Pazopanib	Pazopanib_AML_032_01	218.04385	0.0
AML_033_01	Pazopanib	Pazopanib_AML_033_01	211.932	1.6
AML_033_02	Pazopanib	Pazopanib_AML_033_02	209.83409	2.1
AML_035_02	Pazopanib	Pazopanib_AML_035_02	221.79779	0.0
AML_035_04	Pazopanib	Pazopanib_AML_035_04	216.58258	0.0
AML_036_01	Pazopanib	Pazopanib_AML_036_01	211.16588	0.0
AML_040_01	Pazopanib	Pazopanib_AML_040_01	213.72757	5.6
AML_041_01	Pazopanib	Pazopanib_AML_041_01	213.94621	5.7
AML_042_01	Pazopanib	Pazopanib_AML_042_01	214.61928	0.4
AML_043_02	Pazopanib	Pazopanib_AML_043_02	211.70523	0.0
AML_045_01	Pazopanib	Pazopanib_AML_045_01	214.19386	0.9
AML_046_01	Pazopanib	Pazopanib_AML_046_01	208.26059	11.9
AML_051_01	Pazopanib	Pazopanib_AML_051_01	209.48409	2.0
AML_052_01	Pazopanib	Pazopanib_AML_052_01	219.48628	0.1
AML_053_01	Pazopanib	Pazopanib_AML_053_01	222.75789	0.0
AML_054_01	Pazopanib	Pazopanib_AML_054_01	210.53801	10.0
AML_057_01	Pazopanib	Pazopanib_AML_057_01	211.30365	6.9
AML_058_01	Pazopanib	Pazopanib_AML_058_01	210.85522	5.8
AML_059_01	Pazopanib	Pazopanib_AML_059_01	210.151	5.4
AML_060_01	Pazopanib	Pazopanib_AML_060_01	216.12944	3.2
AML_061_01	Pazopanib	Pazopanib_AML_061_01	211.27065	1.0
AML_062_01	Pazopanib	Pazopanib_AML_062_01	204.18161	10.1
AML_064_01	Pazopanib	Pazopanib_AML_064_01	211.57135	0.0
AML_065_01	Pazopanib	Pazopanib_AML_065_01	208.91983	2.7
AML_067_01	Pazopanib	Pazopanib_AML_067_01	209.84659	8.9
AML_070_01	Pazopanib	Pazopanib_AML_070_01	212.99988	0.0
AML_072_01	Pazopanib	Pazopanib_AML_072_01	218.7512	1.3
AML_073_01	Pazopanib	Pazopanib_AML_073_01	220.03	0.0
AML_074_01	Pazopanib	Pazopanib_AML_074_01	214.12521	0.6
AML_075_01	Pazopanib	Pazopanib_AML_075_01	212.81454	0.0
AML_076_01	Pazopanib	Pazopanib_AML_076_01	215.84712	0.0
AML_076_02	Pazopanib	Pazopanib_AML_076_02	210.76265	1.3
AML_077_01	Pazopanib	Pazopanib_AML_077_01	216.44554	0.0
AML_078_02	Pazopanib	Pazopanib_AML_078_02	212.55573	2.9
AML_084_01	Pazopanib	Pazopanib_AML_084_01	211.22488	0.0
AML_086_02	Pazopanib	Pazopanib_AML_086_02	217.92105	3.5
AML_098_01	Pazopanib	Pazopanib_AML_098_01	210.65349	0.0
AML_100_01	Pazopanib	Pazopanib_AML_100_01	215.41522	3.5
AML_101_01	Pazopanib	Pazopanib_AML_101_01	206.98547	12.6
AML_101_02	Pazopanib	Pazopanib_AML_101_02	220.17773	0.4
AML_102_01	Pazopanib	Pazopanib_AML_102_01	206.09842	0.0
AML_103_01	Pazopanib	Pazopanib_AML_103_01	203.13202	1.6
AML_103_02	Pazopanib	Pazopanib_AML_103_02	208.45436	5.9
AML_104_01	Pazopanib	Pazopanib_AML_104_01	215.88364	0.0
AML_108_01	Pazopanib	Pazopanib_AML_108_01	206.26967	0.1
AML_109_01	Pazopanib	Pazopanib_AML_109_01	211.52867	0.6
AML_110_01	Pazopanib	Pazopanib_AML_110_01	212.05695	3.5
AML_112_01	Pazopanib	Pazopanib_AML_112_01	206.90219	7.4
AML_112_02	Pazopanib	Pazopanib_AML_112_02	210.90372	2.7
AML_113_01	Pazopanib	Pazopanib_AML_113_01	210.29674	3.7
AML_114_01	Pazopanib	Pazopanib_AML_114_01	211.18353	1.4
AML_115_01	Pazopanib	Pazopanib_AML_115_01	207.47473	10.7
AML_116_01	Pazopanib	Pazopanib_AML_116_01	212.0666	0.0
AML_117_01	Pazopanib	Pazopanib_AML_117_01	214.31647	2.6
AML_119_01	Pazopanib	Pazopanib_AML_119_01	205.31226	0.4
AML_120_01	Pazopanib	Pazopanib_AML_120_01	213.04713	16.7
AML_120_03	Pazopanib	Pazopanib_AML_120_03	215.16058	11.3
AML_122_01	Pazopanib	Pazopanib_AML_122_01	214.03685	4.4
AML_123_01	Pazopanib	Pazopanib_AML_123_01	216.53496	4.5
AML_124_01	Pazopanib	Pazopanib_AML_124_01	216.78859	1.6
AML_125_01	Pazopanib	Pazopanib_AML_125_01	217.39043	22.2
AML_126_01	Pazopanib	Pazopanib_AML_126_01	211.1274	4.6
AML_127_01	Pazopanib	Pazopanib_AML_127_01	213.62093	0.0
AML_128_01	Pazopanib	Pazopanib_AML_128_01	218.71716	2.6
AML_129_02	Pazopanib	Pazopanib_AML_129_02	209.22736	10.8
AML_129_03	Pazopanib	Pazopanib_AML_129_03	213.50095	4.6
AML_131_01	Pazopanib	Pazopanib_AML_131_01	214.21576	0.0
AML_133_01	Pazopanib	Pazopanib_AML_133_01	214.5522	0.0
AML_134_01	Pazopanib	Pazopanib_AML_134_01	215.6081	0.8
AML_135_01	Pazopanib	Pazopanib_AML_135_01	217.2601	2.6
AML_138_01	Pazopanib	Pazopanib_AML_138_01	219.95238	0.0
AML_139_01	Pazopanib	Pazopanib_AML_139_01	221.31778	0.0
AML_140_01	Pazopanib	Pazopanib_AML_140_01	215.13504	2.6
AML_142_01	Pazopanib	Pazopanib_AML_142_01	212.29523	2.9
AML_143_01	Pazopanib	Pazopanib_AML_143_01	212.33899	0.0
AML_144_01	Pazopanib	Pazopanib_AML_144_01	218.89555	0.0
AML_146_01	Pazopanib	Pazopanib_AML_146_01	217.61378	0.2
AML_147_01	Pazopanib	Pazopanib_AML_147_01	211.88026	7.9
AML_151_01	Pazopanib	Pazopanib_AML_151_01	206.45805	3.2
AML_152_01	Pazopanib	Pazopanib_AML_152_01	211.73042	0.2
AML_153_01	Pazopanib	Pazopanib_AML_153_01	212.34866	1.6
AML_156_01	Pazopanib	Pazopanib_AML_156_01	213.87857	4.0
AML_157_01	Pazopanib	Pazopanib_AML_157_01	213.41798	5.0
AML_157_02	Pazopanib	Pazopanib_AML_157_02	216.91803	7.5
AML_158_01	Pazopanib	Pazopanib_AML_158_01	213.1868	1.2
AML_159_01	Pazopanib	Pazopanib_AML_159_01	215.6188	2.6
AML_160_01	Pazopanib	Pazopanib_AML_160_01	210.34378	5.2
AML_161_01	Pazopanib	Pazopanib_AML_161_01	210.21251	5.9
AML_175_01	Pazopanib	Pazopanib_AML_175_01	213.22202	0.0
AML_179_01	Pazopanib	Pazopanib_AML_179_01	216.84196	8.5
AML_183_01	Pazopanib	Pazopanib_AML_183_01	212.04347	0.5
AML_183_02	Pazopanib	Pazopanib_AML_183_02	209.67706	1.4
AML_183_03	Pazopanib	Pazopanib_AML_183_03	208.35745	1.7
AML_184_01	Pazopanib	Pazopanib_AML_184_01	209.91881	5.4
AML_185_01	Pazopanib	Pazopanib_AML_185_01	220.98701	0.0
AML_004_01	CI-1040	CI-1040_AML_004_01	213.21696	3.5
AML_019_01	CI-1040	CI-1040_AML_019_01	208.6282	1.7
AML_025_01	CI-1040	CI-1040_AML_025_01	215.36884	9.2
AML_026_01	CI-1040	CI-1040_AML_026_01	214.3657	6.6
AML_029_01	CI-1040	CI-1040_AML_029_01	211.23592	7.0
AML_030_01	CI-1040	CI-1040_AML_030_01	204.6099	4.9
AML_033_01	CI-1040	CI-1040_AML_033_01	209.16359	7.3
AML_033_02	CI-1040	CI-1040_AML_033_02	205.42996	9.0
AML_041_01	CI-1040	CI-1040_AML_041_01	211.3761	8.7
AML_042_01	CI-1040	CI-1040_AML_042_01	209.93207	12.9
AML_043_02	CI-1040	CI-1040_AML_043_02	206.46288	6.4
AML_046_01	CI-1040	CI-1040_AML_046_01	205.34985	9.9
AML_052_01	CI-1040	CI-1040_AML_052_01	215.19446	0.4
AML_057_01	CI-1040	CI-1040_AML_057_01	207.9529	10.7
AML_058_01	CI-1040	CI-1040_AML_058_01	209.34264	7.4
AML_059_01	CI-1040	CI-1040_AML_059_01	209.12102	6.8
AML_060_01	CI-1040	CI-1040_AML_060_01	211.49828	6.2
AML_061_01	CI-1040	CI-1040_AML_061_01	207.70064	8.7
AML_062_01	CI-1040	CI-1040_AML_062_01	201.92572	19.0
AML_064_01	CI-1040	CI-1040_AML_064_01	206.44733	16.3
AML_065_01	CI-1040	CI-1040_AML_065_01	204.98546	13.9
AML_067_01	CI-1040	CI-1040_AML_067_01	205.72076	9.5
AML_070_01	CI-1040	CI-1040_AML_070_01	209.00806	2.2
AML_072_01	CI-1040	CI-1040_AML_072_01	217.19275	2.2
AML_073_01	CI-1040	CI-1040_AML_073_01	215.92213	12.2
AML_074_01	CI-1040	CI-1040_AML_074_01	210.99779	6.6
AML_075_01	CI-1040	CI-1040_AML_075_01	209.13542	8.4
AML_076_01	CI-1040	CI-1040_AML_076_01	213.55707	3.3
AML_076_02	CI-1040	CI-1040_AML_076_02	207.364	7.0
AML_077_01	CI-1040	CI-1040_AML_077_01	213.0225	8.3
AML_078_02	CI-1040	CI-1040_AML_078_02	209.2438	8.9
AML_086_02	CI-1040	CI-1040_AML_086_02	212.61649	7.5
AML_098_01	CI-1040	CI-1040_AML_098_01	205.72046	4.0
AML_100_01	CI-1040	CI-1040_AML_100_01	212.53815	3.7
AML_101_01	CI-1040	CI-1040_AML_101_01	202.33334	12.4
AML_101_02	CI-1040	CI-1040_AML_101_02	213.94762	1.3
AML_102_01	CI-1040	CI-1040_AML_102_01	203.8209	17.4
AML_103_01	CI-1040	CI-1040_AML_103_01	198.87057	7.1
AML_103_02	CI-1040	CI-1040_AML_103_02	206.08664	8.2
AML_104_01	CI-1040	CI-1040_AML_104_01	210.7555	5.6
AML_108_01	CI-1040	CI-1040_AML_108_01	202.02808	6.9
AML_109_01	CI-1040	CI-1040_AML_109_01	206.20428	4.2
AML_110_01	CI-1040	CI-1040_AML_110_01	207.77942	6.5
AML_112_01	CI-1040	CI-1040_AML_112_01	203.14886	5.8
AML_112_02	CI-1040	CI-1040_AML_112_02	208.32874	7.9
AML_113_01	CI-1040	CI-1040_AML_113_01	204.34792	6.0
AML_114_01	CI-1040	CI-1040_AML_114_01	206.87556	5.2
AML_115_01	CI-1040	CI-1040_AML_115_01	202.8339	11.8
AML_116_01	CI-1040	CI-1040_AML_116_01	207.54298	5.4
AML_117_01	CI-1040	CI-1040_AML_117_01	212.38116	5.4
AML_119_01	CI-1040	CI-1040_AML_119_01	202.20502	8.0
AML_122_01	CI-1040	CI-1040_AML_122_01	208.90994	1.6
AML_123_01	CI-1040	CI-1040_AML_123_01	212.95792	6.9
AML_124_01	CI-1040	CI-1040_AML_124_01	214.28342	11.1
AML_125_01	CI-1040	CI-1040_AML_125_01	212.42055	4.1
AML_126_01	CI-1040	CI-1040_AML_126_01	209.59195	5.7
AML_127_01	CI-1040	CI-1040_AML_127_01	210.38483	7.3
AML_128_01	CI-1040	CI-1040_AML_128_01	216.36488	5.1
AML_131_01	CI-1040	CI-1040_AML_131_01	207.49835	4.2
AML_133_01	CI-1040	CI-1040_AML_133_01	209.96901	14.1
AML_134_01	CI-1040	CI-1040_AML_134_01	207.88551	12.2
AML_135_01	CI-1040	CI-1040_AML_135_01	212.31354	15.9
AML_138_01	CI-1040	CI-1040_AML_138_01	216.95126	11.9
AML_139_01	CI-1040	CI-1040_AML_139_01	218.31305	4.1
AML_140_01	CI-1040	CI-1040_AML_140_01	212.67903	5.3
AML_142_01	CI-1040	CI-1040_AML_142_01	207.99063	4.5
AML_143_01	CI-1040	CI-1040_AML_143_01	208.92358	6.5
AML_144_01	CI-1040	CI-1040_AML_144_01	215.14378	13.8
AML_146_01	CI-1040	CI-1040_AML_146_01	214.72874	2.4
AML_147_01	CI-1040	CI-1040_AML_147_01	208.4748	5.7
AML_151_01	CI-1040	CI-1040_AML_151_01	201.47939	18.0
AML_152_01	CI-1040	CI-1040_AML_152_01	208.3765	4.9
AML_153_01	CI-1040	CI-1040_AML_153_01	205.47632	0.6
AML_156_01	CI-1040	CI-1040_AML_156_01	207.6428	8.0
AML_157_01	CI-1040	CI-1040_AML_157_01	209.8922	11.9
AML_157_02	CI-1040	CI-1040_AML_157_02	212.8869	8.5
AML_158_01	CI-1040	CI-1040_AML_158_01	211.79926	7.5
AML_159_01	CI-1040	CI-1040_AML_159_01	213.34871	8.4
AML_160_01	CI-1040	CI-1040_AML_160_01	205.40941	6.9
AML_161_01	CI-1040	CI-1040_AML_161_01	204.32352	12.0
AML_183_01	CI-1040	CI-1040_AML_183_01	210.70485	2.5
AML_183_02	CI-1040	CI-1040_AML_183_02	205.44658	4.7
AML_183_03	CI-1040	CI-1040_AML_183_03	204.63756	5.0
AML_004_01	Pelitinib	Pelitinib_AML_004_01	208.95316	9.3
AML_019_01	Pelitinib	Pelitinib_AML_019_01	206.74358	9.1
AML_025_01	Pelitinib	Pelitinib_AML_025_01	210.69666	7.0
AML_026_01	Pelitinib	Pelitinib_AML_026_01	208.20108	3.9
AML_029_01	Pelitinib	Pelitinib_AML_029_01	206.50984	7.4
AML_030_01	Pelitinib	Pelitinib_AML_030_01	201.99937	4.6
AML_033_01	Pelitinib	Pelitinib_AML_033_01	206.14868	6.5
AML_033_02	Pelitinib	Pelitinib_AML_033_02	203.26947	7.9
AML_041_01	Pelitinib	Pelitinib_AML_041_01	207.40855	4.7
AML_042_01	Pelitinib	Pelitinib_AML_042_01	206.94995	9.2
AML_043_02	Pelitinib	Pelitinib_AML_043_02	203.28249	6.9
AML_046_01	Pelitinib	Pelitinib_AML_046_01	202.275	18.0
AML_052_01	Pelitinib	Pelitinib_AML_052_01	209.60394	6.6
AML_057_01	Pelitinib	Pelitinib_AML_057_01	205.66759	6.6
AML_058_01	Pelitinib	Pelitinib_AML_058_01	204.08505	6.0
AML_059_01	Pelitinib	Pelitinib_AML_059_01	202.81627	10.2
AML_060_01	Pelitinib	Pelitinib_AML_060_01	209.48317	12.0
AML_061_01	Pelitinib	Pelitinib_AML_061_01	205.04323	10.1
AML_062_01	Pelitinib	Pelitinib_AML_062_01	197.03433	8.2
AML_064_01	Pelitinib	Pelitinib_AML_064_01	205.5908	9.1
AML_065_01	Pelitinib	Pelitinib_AML_065_01	203.31972	8.2
AML_067_01	Pelitinib	Pelitinib_AML_067_01	202.75513	9.3
AML_070_01	Pelitinib	Pelitinib_AML_070_01	205.26852	5.4
AML_072_01	Pelitinib	Pelitinib_AML_072_01	212.76183	7.8
AML_073_01	Pelitinib	Pelitinib_AML_073_01	212.36726	9.0
AML_074_01	Pelitinib	Pelitinib_AML_074_01	205.23125	8.9
AML_075_01	Pelitinib	Pelitinib_AML_075_01	206.60626	8.3
AML_076_01	Pelitinib	Pelitinib_AML_076_01	211.63142	6.4
AML_076_02	Pelitinib	Pelitinib_AML_076_02	206.27313	15.7
AML_077_01	Pelitinib	Pelitinib_AML_077_01	208.51295	8.3
AML_078_02	Pelitinib	Pelitinib_AML_078_02	205.81796	8.7
AML_086_02	Pelitinib	Pelitinib_AML_086_02	212.55058	10.7
AML_098_01	Pelitinib	Pelitinib_AML_098_01	203.61272	6.4
AML_100_01	Pelitinib	Pelitinib_AML_100_01	206.99376	4.5
AML_101_01	Pelitinib	Pelitinib_AML_101_01	200.95755	6.0
AML_101_02	Pelitinib	Pelitinib_AML_101_02	213.34998	2.3
AML_102_01	Pelitinib	Pelitinib_AML_102_01	200.02399	7.2
AML_103_01	Pelitinib	Pelitinib_AML_103_01	197.51106	7.2
AML_103_02	Pelitinib	Pelitinib_AML_103_02	202.335	9.6
AML_104_01	Pelitinib	Pelitinib_AML_104_01	208.10735	5.0
AML_108_01	Pelitinib	Pelitinib_AML_108_01	196.80133	11.4
AML_109_01	Pelitinib	Pelitinib_AML_109_01	205.01364	1.4
AML_110_01	Pelitinib	Pelitinib_AML_110_01	203.50385	12.8
AML_112_01	Pelitinib	Pelitinib_AML_112_01	202.0428	11.7
AML_112_02	Pelitinib	Pelitinib_AML_112_02	205.71883	9.0
AML_113_01	Pelitinib	Pelitinib_AML_113_01	203.33081	9.1
AML_114_01	Pelitinib	Pelitinib_AML_114_01	205.88687	5.5
AML_115_01	Pelitinib	Pelitinib_AML_115_01	201.59563	10.1
AML_116_01	Pelitinib	Pelitinib_AML_116_01	205.26808	6.8
AML_117_01	Pelitinib	Pelitinib_AML_117_01	207.83423	6.8
AML_119_01	Pelitinib	Pelitinib_AML_119_01	198.73015	7.1
AML_122_01	Pelitinib	Pelitinib_AML_122_01	207.88986	6.2
AML_123_01	Pelitinib	Pelitinib_AML_123_01	208.70094	6.9
AML_124_01	Pelitinib	Pelitinib_AML_124_01	208.36511	10.0
AML_125_01	Pelitinib	Pelitinib_AML_125_01	208.10556	7.9
AML_126_01	Pelitinib	Pelitinib_AML_126_01	205.2895	10.5
AML_127_01	Pelitinib	Pelitinib_AML_127_01	205.9696	6.8
AML_128_01	Pelitinib	Pelitinib_AML_128_01	212.14769	8.9
AML_131_01	Pelitinib	Pelitinib_AML_131_01	208.74718	6.0
AML_133_01	Pelitinib	Pelitinib_AML_133_01	208.5241	7.7
AML_134_01	Pelitinib	Pelitinib_AML_134_01	208.80211	7.6
AML_135_01	Pelitinib	Pelitinib_AML_135_01	211.06387	13.3
AML_138_01	Pelitinib	Pelitinib_AML_138_01	213.06123	11.3
AML_139_01	Pelitinib	Pelitinib_AML_139_01	213.49281	6.1
AML_140_01	Pelitinib	Pelitinib_AML_140_01	206.1769	6.9
AML_142_01	Pelitinib	Pelitinib_AML_142_01	205.82455	10.4
AML_143_01	Pelitinib	Pelitinib_AML_143_01	205.05885	6.7
AML_144_01	Pelitinib	Pelitinib_AML_144_01	210.2422	8.4
AML_146_01	Pelitinib	Pelitinib_AML_146_01	209.84644	4.3
AML_147_01	Pelitinib	Pelitinib_AML_147_01	205.37439	7.1
AML_151_01	Pelitinib	Pelitinib_AML_151_01	198.88654	12.3
AML_152_01	Pelitinib	Pelitinib_AML_152_01	206.71278	8.3
AML_153_01	Pelitinib	Pelitinib_AML_153_01	204.36562	6.1
AML_156_01	Pelitinib	Pelitinib_AML_156_01	204.19872	8.5
AML_157_01	Pelitinib	Pelitinib_AML_157_01	205.64615	5.8
AML_157_02	Pelitinib	Pelitinib_AML_157_02	206.79376	9.2
AML_158_01	Pelitinib	Pelitinib_AML_158_01	207.82948	6.1
AML_159_01	Pelitinib	Pelitinib_AML_159_01	208.65787	9.0
AML_160_01	Pelitinib	Pelitinib_AML_160_01	204.91594	7.6
AML_161_01	Pelitinib	Pelitinib_AML_161_01	203.02837	8.0
AML_183_01	Pelitinib	Pelitinib_AML_183_01	206.25026	4.1
AML_183_02	Pelitinib	Pelitinib_AML_183_02	201.71927	9.9
AML_183_03	Pelitinib	Pelitinib_AML_183_03	201.04976	5.8
AML_004_01	PH-797804	PH-797804_AML_004_01	217.82127	0.7
AML_019_01	PH-797804	PH-797804_AML_019_01	216.41635	1.7
AML_025_01	PH-797804	PH-797804_AML_025_01	218.86931	0.0
AML_026_01	PH-797804	PH-797804_AML_026_01	217.43755	0.0
AML_029_01	PH-797804	PH-797804_AML_029_01	218.28694	0.0
AML_030_01	PH-797804	PH-797804_AML_030_01	209.41246	0.0
AML_033_01	PH-797804	PH-797804_AML_033_01	214.74338	0.1
AML_033_02	PH-797804	PH-797804_AML_033_02	211.91278	1.7
AML_041_01	PH-797804	PH-797804_AML_041_01	217.64755	0.0
AML_042_01	PH-797804	PH-797804_AML_042_01	215.70525	1.6
AML_043_02	PH-797804	PH-797804_AML_043_02	210.33223	0.0
AML_046_01	PH-797804	PH-797804_AML_046_01	210.83826	10.3
AML_052_01	PH-797804	PH-797804_AML_052_01	217.42517	0.0
AML_057_01	PH-797804	PH-797804_AML_057_01	214.24757	1.8
AML_058_01	PH-797804	PH-797804_AML_058_01	213.5842	6.3
AML_059_01	PH-797804	PH-797804_AML_059_01	212.92496	3.3
AML_060_01	PH-797804	PH-797804_AML_060_01	216.36725	3.6
AML_061_01	PH-797804	PH-797804_AML_061_01	212.04984	6.2
AML_062_01	PH-797804	PH-797804_AML_062_01	206.67136	2.2
AML_064_01	PH-797804	PH-797804_AML_064_01	213.87779	0.0
AML_065_01	PH-797804	PH-797804_AML_065_01	211.65268	6.3
AML_067_01	PH-797804	PH-797804_AML_067_01	211.48557	3.5
AML_070_01	PH-797804	PH-797804_AML_070_01	213.88788	0.0
AML_072_01	PH-797804	PH-797804_AML_072_01	220.63176	0.9
AML_073_01	PH-797804	PH-797804_AML_073_01	220.13924	0.0
AML_074_01	PH-797804	PH-797804_AML_074_01	215.41342	0.0
AML_075_01	PH-797804	PH-797804_AML_075_01	214.6033	2.4
AML_076_01	PH-797804	PH-797804_AML_076_01	220.72928	0.0
AML_076_02	PH-797804	PH-797804_AML_076_02	214.6813	1.2
AML_077_01	PH-797804	PH-797804_AML_077_01	216.46457	0.0
AML_078_02	PH-797804	PH-797804_AML_078_02	214.21191	0.0
AML_086_02	PH-797804	PH-797804_AML_086_02	217.42197	1.8
AML_098_01	PH-797804	PH-797804_AML_098_01	212.55183	0.0
AML_100_01	PH-797804	PH-797804_AML_100_01	217.57664	0.0
AML_101_01	PH-797804	PH-797804_AML_101_01	209.89935	11.7
AML_101_02	PH-797804	PH-797804_AML_101_02	221.10063	0.0
AML_102_01	PH-797804	PH-797804_AML_102_01	209.5445	0.0
AML_103_01	PH-797804	PH-797804_AML_103_01	205.53409	0.0
AML_103_02	PH-797804	PH-797804_AML_103_02	210.6336	1.7
AML_104_01	PH-797804	PH-797804_AML_104_01	217.30978	0.0
AML_108_01	PH-797804	PH-797804_AML_108_01	208.48277	0.0
AML_109_01	PH-797804	PH-797804_AML_109_01	213.19873	0.0
AML_110_01	PH-797804	PH-797804_AML_110_01	213.50209	0.0
AML_112_01	PH-797804	PH-797804_AML_112_01	208.48842	0.0
AML_112_02	PH-797804	PH-797804_AML_112_02	213.80614	0.0
AML_113_01	PH-797804	PH-797804_AML_113_01	212.00891	0.0
AML_114_01	PH-797804	PH-797804_AML_114_01	213.42038	0.0
AML_115_01	PH-797804	PH-797804_AML_115_01	209.97313	0.0
AML_116_01	PH-797804	PH-797804_AML_116_01	211.76886	0.0
AML_117_01	PH-797804	PH-797804_AML_117_01	216.32481	0.0
AML_119_01	PH-797804	PH-797804_AML_119_01	207.12613	0.0
AML_122_01	PH-797804	PH-797804_AML_122_01	215.98265	0.0
AML_123_01	PH-797804	PH-797804_AML_123_01	218.51434	0.0
AML_124_01	PH-797804	PH-797804_AML_124_01	218.48529	0.0
AML_125_01	PH-797804	PH-797804_AML_125_01	216.21877	0.0
AML_126_01	PH-797804	PH-797804_AML_126_01	213.6683	1.2
AML_127_01	PH-797804	PH-797804_AML_127_01	214.39441	0.0
AML_128_01	PH-797804	PH-797804_AML_128_01	220.87897	1.7
AML_131_01	PH-797804	PH-797804_AML_131_01	215.36827	0.0
AML_133_01	PH-797804	PH-797804_AML_133_01	215.92291	6.2
AML_134_01	PH-797804	PH-797804_AML_134_01	214.69057	0.0
AML_135_01	PH-797804	PH-797804_AML_135_01	219.50508	0.0
AML_138_01	PH-797804	PH-797804_AML_138_01	221.78403	0.0
AML_139_01	PH-797804	PH-797804_AML_139_01	221.86447	0.0
AML_140_01	PH-797804	PH-797804_AML_140_01	215.81476	0.0
AML_142_01	PH-797804	PH-797804_AML_142_01	213.39783	5.0
AML_143_01	PH-797804	PH-797804_AML_143_01	212.90912	0.0
AML_144_01	PH-797804	PH-797804_AML_144_01	219.2563	1.0
AML_146_01	PH-797804	PH-797804_AML_146_01	217.64536	0.0
AML_147_01	PH-797804	PH-797804_AML_147_01	213.19754	0.0
AML_151_01	PH-797804	PH-797804_AML_151_01	209.08556	12.4
AML_152_01	PH-797804	PH-797804_AML_152_01	214.50995	0.0
AML_153_01	PH-797804	PH-797804_AML_153_01	211.03519	0.0
AML_156_01	PH-797804	PH-797804_AML_156_01	215.54034	4.9
AML_157_01	PH-797804	PH-797804_AML_157_01	215.5965	0.0
AML_157_02	PH-797804	PH-797804_AML_157_02	216.98154	0.0
AML_158_01	PH-797804	PH-797804_AML_158_01	217.03554	0.0
AML_159_01	PH-797804	PH-797804_AML_159_01	217.10611	0.0
AML_160_01	PH-797804	PH-797804_AML_160_01	212.57893	0.0
AML_161_01	PH-797804	PH-797804_AML_161_01	210.82088	0.0
AML_183_01	PH-797804	PH-797804_AML_183_01	214.20242	0.0
AML_183_02	PH-797804	PH-797804_AML_183_02	210.6771	0.0
AML_183_03	PH-797804	PH-797804_AML_183_03	211.28363	0.0
AML_001_01	Quizartinib	Quizartinib_AML_001_01	218.14798	0.0
AML_001_03	Quizartinib	Quizartinib_AML_001_03	215.7875	2.8
AML_002_01	Quizartinib	Quizartinib_AML_002_01	218.56601	2.0
AML_003_02	Quizartinib	Quizartinib_AML_003_02	221.46419	0.0
AML_004_01	Quizartinib	Quizartinib_AML_004_01	215.53778	3.2
AML_006_02	Quizartinib	Quizartinib_AML_006_02	221.24991	0.0
AML_007_01	Quizartinib	Quizartinib_AML_007_01	213.66934	0.0
AML_007_02	Quizartinib	Quizartinib_AML_007_02	218.2427	0.0
AML_012_01	Quizartinib	Quizartinib_AML_012_01	212.23007	21.9
AML_013_01	Quizartinib	Quizartinib_AML_013_01	213.38074	23.3
AML_014_01	Quizartinib	Quizartinib_AML_014_01	214.18707	0.0
AML_015_01	Quizartinib	Quizartinib_AML_015_01	210.41754	15.8
AML_015_02	Quizartinib	Quizartinib_AML_015_02	216.4185	9.7
AML_015_03	Quizartinib	Quizartinib_AML_015_03	211.468	23.1
AML_015_04	Quizartinib	Quizartinib_AML_015_04	215.31155	30.9
AML_018_01	Quizartinib	Quizartinib_AML_018_01	212.92604	20.7
AML_019_01	Quizartinib	Quizartinib_AML_019_01	215.81635	4.5
AML_020_01	Quizartinib	Quizartinib_AML_020_01	217.56587	1.4
AML_022_01	Quizartinib	Quizartinib_AML_022_01	215.42876	6.5
AML_023_01	Quizartinib	Quizartinib_AML_023_01	209.67648	0.0
AML_023_03	Quizartinib	Quizartinib_AML_023_03	210.15036	0.3
AML_023_04	Quizartinib	Quizartinib_AML_023_04	211.1705	1.7
AML_024_01	Quizartinib	Quizartinib_AML_024_01	215.38412	0.0
AML_025_01	Quizartinib	Quizartinib_AML_025_01	217.90128	0.0
AML_026_01	Quizartinib	Quizartinib_AML_026_01	215.38971	0.0
AML_028_01	Quizartinib	Quizartinib_AML_028_01	215.80403	10.2
AML_028_04	Quizartinib	Quizartinib_AML_028_04	211.8621	28.6
AML_029_01	Quizartinib	Quizartinib_AML_029_01	214.24106	0.2
AML_030_01	Quizartinib	Quizartinib_AML_030_01	207.88853	0.0
AML_032_01	Quizartinib	Quizartinib_AML_032_01	216.51683	3.1
AML_033_01	Quizartinib	Quizartinib_AML_033_01	211.21344	8.3
AML_033_02	Quizartinib	Quizartinib_AML_033_02	208.2624	10.5
AML_035_02	Quizartinib	Quizartinib_AML_035_02	221.1641	0.0
AML_035_04	Quizartinib	Quizartinib_AML_035_04	216.17238	0.0
AML_036_01	Quizartinib	Quizartinib_AML_036_01	210.42662	0.0
AML_040_01	Quizartinib	Quizartinib_AML_040_01	214.5609	1.0
AML_041_01	Quizartinib	Quizartinib_AML_041_01	214.15253	5.4
AML_042_01	Quizartinib	Quizartinib_AML_042_01	215.27988	1.0
AML_043_02	Quizartinib	Quizartinib_AML_043_02	208.91876	2.0
AML_045_01	Quizartinib	Quizartinib_AML_045_01	213.61926	0.0
AML_046_01	Quizartinib	Quizartinib_AML_046_01	209.91377	37.3
AML_051_01	Quizartinib	Quizartinib_AML_051_01	208.77112	2.5
AML_052_01	Quizartinib	Quizartinib_AML_052_01	217.33867	2.0
AML_053_01	Quizartinib	Quizartinib_AML_053_01	222.81029	0.0
AML_054_01	Quizartinib	Quizartinib_AML_054_01	209.93758	12.6
AML_057_01	Quizartinib	Quizartinib_AML_057_01	212.42242	1.5
AML_058_01	Quizartinib	Quizartinib_AML_058_01	210.76425	3.3
AML_059_01	Quizartinib	Quizartinib_AML_059_01	209.67906	1.8
AML_060_01	Quizartinib	Quizartinib_AML_060_01	216.91714	4.0
AML_061_01	Quizartinib	Quizartinib_AML_061_01	212.10123	6.3
AML_062_01	Quizartinib	Quizartinib_AML_062_01	203.25201	17.4
AML_064_01	Quizartinib	Quizartinib_AML_064_01	211.51788	0.2
AML_065_01	Quizartinib	Quizartinib_AML_065_01	209.54929	7.8
AML_067_01	Quizartinib	Quizartinib_AML_067_01	210.15251	7.7
AML_070_01	Quizartinib	Quizartinib_AML_070_01	213.16136	0.0
AML_072_01	Quizartinib	Quizartinib_AML_072_01	218.7309	3.4
AML_073_01	Quizartinib	Quizartinib_AML_073_01	218.64162	2.3
AML_074_01	Quizartinib	Quizartinib_AML_074_01	212.07314	0.3
AML_075_01	Quizartinib	Quizartinib_AML_075_01	213.1949	3.0
AML_076_01	Quizartinib	Quizartinib_AML_076_01	217.20584	0.4
AML_076_02	Quizartinib	Quizartinib_AML_076_02	211.23907	4.5
AML_077_01	Quizartinib	Quizartinib_AML_077_01	216.54599	1.4
AML_078_02	Quizartinib	Quizartinib_AML_078_02	212.71925	0.6
AML_084_01	Quizartinib	Quizartinib_AML_084_01	211.6434	10.9
AML_086_02	Quizartinib	Quizartinib_AML_086_02	218.30269	0.8
AML_098_01	Quizartinib	Quizartinib_AML_098_01	210.81326	1.5
AML_100_01	Quizartinib	Quizartinib_AML_100_01	214.2113	1.8
AML_101_01	Quizartinib	Quizartinib_AML_101_01	207.40134	13.1
AML_101_02	Quizartinib	Quizartinib_AML_101_02	219.65791	0.0
AML_102_01	Quizartinib	Quizartinib_AML_102_01	206.88326	0.2
AML_103_01	Quizartinib	Quizartinib_AML_103_01	201.6917	0.3
AML_103_02	Quizartinib	Quizartinib_AML_103_02	209.02232	6.0
AML_104_01	Quizartinib	Quizartinib_AML_104_01	214.05258	0.0
AML_108_01	Quizartinib	Quizartinib_AML_108_01	204.96562	3.5
AML_109_01	Quizartinib	Quizartinib_AML_109_01	213.66956	0.0
AML_110_01	Quizartinib	Quizartinib_AML_110_01	213.73875	1.2
AML_112_01	Quizartinib	Quizartinib_AML_112_01	208.27238	3.4
AML_112_02	Quizartinib	Quizartinib_AML_112_02	212.1431	1.6
AML_113_01	Quizartinib	Quizartinib_AML_113_01	211.01251	2.8
AML_114_01	Quizartinib	Quizartinib_AML_114_01	211.11629	2.1
AML_115_01	Quizartinib	Quizartinib_AML_115_01	209.09703	2.2
AML_116_01	Quizartinib	Quizartinib_AML_116_01	213.16154	2.0
AML_117_01	Quizartinib	Quizartinib_AML_117_01	213.70065	0.0
AML_119_01	Quizartinib	Quizartinib_AML_119_01	204.12057	2.6
AML_120_01	Quizartinib	Quizartinib_AML_120_01	212.16695	9.5
AML_120_03	Quizartinib	Quizartinib_AML_120_03	215.56657	12.9
AML_122_01	Quizartinib	Quizartinib_AML_122_01	213.69598	0.0
AML_123_01	Quizartinib	Quizartinib_AML_123_01	216.07469	1.2
AML_124_01	Quizartinib	Quizartinib_AML_124_01	216.10248	5.0
AML_125_01	Quizartinib	Quizartinib_AML_125_01	217.53696	0.0
AML_126_01	Quizartinib	Quizartinib_AML_126_01	211.22342	0.0
AML_127_01	Quizartinib	Quizartinib_AML_127_01	212.67319	0.0
AML_128_01	Quizartinib	Quizartinib_AML_128_01	219.652	1.7
AML_129_02	Quizartinib	Quizartinib_AML_129_02	208.03586	19.4
AML_129_03	Quizartinib	Quizartinib_AML_129_03	212.69456	0.0
AML_131_01	Quizartinib	Quizartinib_AML_131_01	214.67291	1.8
AML_133_01	Quizartinib	Quizartinib_AML_133_01	215.11438	5.4
AML_134_01	Quizartinib	Quizartinib_AML_134_01	216.2893	4.2
AML_135_01	Quizartinib	Quizartinib_AML_135_01	216.40921	0.4
AML_138_01	Quizartinib	Quizartinib_AML_138_01	220.68576	0.6
AML_139_01	Quizartinib	Quizartinib_AML_139_01	223.0598	3.7
AML_140_01	Quizartinib	Quizartinib_AML_140_01	215.4276	0.4
AML_142_01	Quizartinib	Quizartinib_AML_142_01	212.84618	10.1
AML_143_01	Quizartinib	Quizartinib_AML_143_01	213.2064	1.5
AML_144_01	Quizartinib	Quizartinib_AML_144_01	218.31146	1.6
AML_146_01	Quizartinib	Quizartinib_AML_146_01	218.76276	0.1
AML_147_01	Quizartinib	Quizartinib_AML_147_01	212.44809	2.1
AML_151_01	Quizartinib	Quizartinib_AML_151_01	206.43423	3.1
AML_152_01	Quizartinib	Quizartinib_AML_152_01	212.23865	0.8
AML_153_01	Quizartinib	Quizartinib_AML_153_01	212.4487	0.0
AML_156_01	Quizartinib	Quizartinib_AML_156_01	214.77986	1.5
AML_157_01	Quizartinib	Quizartinib_AML_157_01	212.8973	7.2
AML_157_02	Quizartinib	Quizartinib_AML_157_02	215.11479	6.2
AML_158_01	Quizartinib	Quizartinib_AML_158_01	214.56947	0.0
AML_159_01	Quizartinib	Quizartinib_AML_159_01	215.67133	0.8
AML_160_01	Quizartinib	Quizartinib_AML_160_01	210.84679	0.9
AML_161_01	Quizartinib	Quizartinib_AML_161_01	208.92885	0.6
AML_175_01	Quizartinib	Quizartinib_AML_175_01	212.87878	0.0
AML_179_01	Quizartinib	Quizartinib_AML_179_01	216.19376	11.7
AML_183_01	Quizartinib	Quizartinib_AML_183_01	212.83105	2.7
AML_183_02	Quizartinib	Quizartinib_AML_183_02	210.37083	0.0
AML_183_03	Quizartinib	Quizartinib_AML_183_03	208.86348	0.0
AML_184_01	Quizartinib	Quizartinib_AML_184_01	210.0291	0.0
AML_185_01	Quizartinib	Quizartinib_AML_185_01	221.05005	0.1
AML_001_03	Ralimetinib	Ralimetinib_AML_001_03	212.91898	10.0
AML_003_02	Ralimetinib	Ralimetinib_AML_003_02	217.67923	7.5
AML_004_01	Ralimetinib	Ralimetinib_AML_004_01	213.8992	3.4
AML_013_01	Ralimetinib	Ralimetinib_AML_013_01	212.63742	20.0
AML_015_01	Ralimetinib	Ralimetinib_AML_015_01	210.56897	1.1
AML_015_02	Ralimetinib	Ralimetinib_AML_015_02	212.0166	1.5
AML_015_03	Ralimetinib	Ralimetinib_AML_015_03	210.05928	2.6
AML_015_04	Ralimetinib	Ralimetinib_AML_015_04	214.98273	10.0
AML_018_01	Ralimetinib	Ralimetinib_AML_018_01	210.76541	5.4
AML_019_01	Ralimetinib	Ralimetinib_AML_019_01	212.15916	2.7
AML_020_01	Ralimetinib	Ralimetinib_AML_020_01	214.0706	2.8
AML_024_01	Ralimetinib	Ralimetinib_AML_024_01	213.07854	1.9
AML_025_01	Ralimetinib	Ralimetinib_AML_025_01	215.08144	0.0
AML_026_01	Ralimetinib	Ralimetinib_AML_026_01	215.12321	2.1
AML_028_01	Ralimetinib	Ralimetinib_AML_028_01	214.87222	0.7
AML_028_04	Ralimetinib	Ralimetinib_AML_028_04	211.2762	0.0
AML_029_01	Ralimetinib	Ralimetinib_AML_029_01	213.63483	1.0
AML_030_01	Ralimetinib	Ralimetinib_AML_030_01	207.36511	0.4
AML_032_01	Ralimetinib	Ralimetinib_AML_032_01	215.96507	1.7
AML_033_01	Ralimetinib	Ralimetinib_AML_033_01	213.15965	6.1
AML_033_02	Ralimetinib	Ralimetinib_AML_033_02	209.95995	2.9
AML_035_02	Ralimetinib	Ralimetinib_AML_035_02	217.67342	0.9
AML_035_04	Ralimetinib	Ralimetinib_AML_035_04	214.55753	0.2
AML_036_01	Ralimetinib	Ralimetinib_AML_036_01	210.1762	1.9
AML_040_01	Ralimetinib	Ralimetinib_AML_040_01	209.28638	22.6
AML_041_01	Ralimetinib	Ralimetinib_AML_041_01	212.816	0.8
AML_042_01	Ralimetinib	Ralimetinib_AML_042_01	212.97864	6.0
AML_043_02	Ralimetinib	Ralimetinib_AML_043_02	211.96983	2.2
AML_045_01	Ralimetinib	Ralimetinib_AML_045_01	213.58316	1.5
AML_046_01	Ralimetinib	Ralimetinib_AML_046_01	209.92241	18.9
AML_051_01	Ralimetinib	Ralimetinib_AML_051_01	207.7385	1.6
AML_052_01	Ralimetinib	Ralimetinib_AML_052_01	217.05574	0.3
AML_053_01	Ralimetinib	Ralimetinib_AML_053_01	218.79643	6.2
AML_054_01	Ralimetinib	Ralimetinib_AML_054_01	211.02164	20.4
AML_057_01	Ralimetinib	Ralimetinib_AML_057_01	209.61855	3.3
AML_058_01	Ralimetinib	Ralimetinib_AML_058_01	210.40031	6.2
AML_059_01	Ralimetinib	Ralimetinib_AML_059_01	210.2344	9.5
AML_060_01	Ralimetinib	Ralimetinib_AML_060_01	215.72217	5.3
AML_061_01	Ralimetinib	Ralimetinib_AML_061_01	210.71497	2.3
AML_062_01	Ralimetinib	Ralimetinib_AML_062_01	203.31963	5.8
AML_064_01	Ralimetinib	Ralimetinib_AML_064_01	209.62177	0.0
AML_065_01	Ralimetinib	Ralimetinib_AML_065_01	209.28322	5.7
AML_067_01	Ralimetinib	Ralimetinib_AML_067_01	209.51492	3.6
AML_070_01	Ralimetinib	Ralimetinib_AML_070_01	211.80383	0.0
AML_072_01	Ralimetinib	Ralimetinib_AML_072_01	217.92302	0.3
AML_073_01	Ralimetinib	Ralimetinib_AML_073_01	216.73996	0.0
AML_074_01	Ralimetinib	Ralimetinib_AML_074_01	213.18274	1.6
AML_075_01	Ralimetinib	Ralimetinib_AML_075_01	211.23743	5.9
AML_076_01	Ralimetinib	Ralimetinib_AML_076_01	216.5939	0.2
AML_076_02	Ralimetinib	Ralimetinib_AML_076_02	211.65218	5.2
AML_077_01	Ralimetinib	Ralimetinib_AML_077_01	214.69852	0.5
AML_078_02	Ralimetinib	Ralimetinib_AML_078_02	209.48499	0.0
AML_084_01	Ralimetinib	Ralimetinib_AML_084_01	210.44121	4.5
AML_086_02	Ralimetinib	Ralimetinib_AML_086_02	216.74608	4.4
AML_098_01	Ralimetinib	Ralimetinib_AML_098_01	208.95618	0.0
AML_100_01	Ralimetinib	Ralimetinib_AML_100_01	213.129	0.8
AML_101_01	Ralimetinib	Ralimetinib_AML_101_01	206.83635	13.4
AML_101_02	Ralimetinib	Ralimetinib_AML_101_02	217.70764	1.8
AML_102_01	Ralimetinib	Ralimetinib_AML_102_01	206.85567	2.7
AML_103_01	Ralimetinib	Ralimetinib_AML_103_01	203.38985	0.0
AML_103_02	Ralimetinib	Ralimetinib_AML_103_02	209.18921	6.5
AML_104_01	Ralimetinib	Ralimetinib_AML_104_01	214.42038	0.0
AML_108_01	Ralimetinib	Ralimetinib_AML_108_01	206.62918	4.1
AML_109_01	Ralimetinib	Ralimetinib_AML_109_01	211.21518	0.0
AML_110_01	Ralimetinib	Ralimetinib_AML_110_01	209.11598	1.4
AML_112_01	Ralimetinib	Ralimetinib_AML_112_01	207.8939	0.0
AML_112_02	Ralimetinib	Ralimetinib_AML_112_02	209.47438	0.3
AML_113_01	Ralimetinib	Ralimetinib_AML_113_01	209.68773	7.4
AML_114_01	Ralimetinib	Ralimetinib_AML_114_01	213.7777	1.6
AML_115_01	Ralimetinib	Ralimetinib_AML_115_01	208.18532	2.6
AML_116_01	Ralimetinib	Ralimetinib_AML_116_01	211.23619	0.1
AML_117_01	Ralimetinib	Ralimetinib_AML_117_01	214.41026	1.5
AML_119_01	Ralimetinib	Ralimetinib_AML_119_01	207.08116	1.2
AML_122_01	Ralimetinib	Ralimetinib_AML_122_01	210.58542	0.0
AML_123_01	Ralimetinib	Ralimetinib_AML_123_01	215.06345	0.0
AML_124_01	Ralimetinib	Ralimetinib_AML_124_01	216.5512	0.4
AML_125_01	Ralimetinib	Ralimetinib_AML_125_01	215.05629	1.9
AML_126_01	Ralimetinib	Ralimetinib_AML_126_01	212.27872	6.3
AML_127_01	Ralimetinib	Ralimetinib_AML_127_01	211.96887	1.5
AML_128_01	Ralimetinib	Ralimetinib_AML_128_01	216.21538	2.3
AML_131_01	Ralimetinib	Ralimetinib_AML_131_01	212.24036	0.0
AML_133_01	Ralimetinib	Ralimetinib_AML_133_01	215.62506	11.5
AML_134_01	Ralimetinib	Ralimetinib_AML_134_01	214.6309	1.0
AML_135_01	Ralimetinib	Ralimetinib_AML_135_01	217.4127	1.1
AML_138_01	Ralimetinib	Ralimetinib_AML_138_01	217.32506	0.0
AML_139_01	Ralimetinib	Ralimetinib_AML_139_01	218.4068	1.6
AML_140_01	Ralimetinib	Ralimetinib_AML_140_01	214.24588	0.4
AML_142_01	Ralimetinib	Ralimetinib_AML_142_01	212.4495	8.5
AML_143_01	Ralimetinib	Ralimetinib_AML_143_01	211.21541	1.2
AML_144_01	Ralimetinib	Ralimetinib_AML_144_01	216.91681	2.2
AML_146_01	Ralimetinib	Ralimetinib_AML_146_01	215.61621	0.0
AML_147_01	Ralimetinib	Ralimetinib_AML_147_01	211.02885	0.0
AML_151_01	Ralimetinib	Ralimetinib_AML_151_01	206.78886	20.1
AML_152_01	Ralimetinib	Ralimetinib_AML_152_01	212.50063	0.3
AML_153_01	Ralimetinib	Ralimetinib_AML_153_01	212.11588	0.0
AML_156_01	Ralimetinib	Ralimetinib_AML_156_01	211.46565	5.7
AML_157_01	Ralimetinib	Ralimetinib_AML_157_01	212.10278	0.1
AML_157_02	Ralimetinib	Ralimetinib_AML_157_02	213.45174	0.9
AML_158_01	Ralimetinib	Ralimetinib_AML_158_01	214.14871	0.3
AML_159_01	Ralimetinib	Ralimetinib_AML_159_01	213.52159	1.4
AML_160_01	Ralimetinib	Ralimetinib_AML_160_01	210.64322	0.2
AML_161_01	Ralimetinib	Ralimetinib_AML_161_01	208.42708	1.8
AML_175_01	Ralimetinib	Ralimetinib_AML_175_01	215.39029	3.4
AML_183_01	Ralimetinib	Ralimetinib_AML_183_01	212.73007	0.4
AML_183_02	Ralimetinib	Ralimetinib_AML_183_02	209.18799	0.3
AML_183_03	Ralimetinib	Ralimetinib_AML_183_03	207.72182	0.0
AML_001_01	Regorafenib	Regorafenib_AML_001_01	217.17978	1.2
AML_001_03	Regorafenib	Regorafenib_AML_001_03	217.09744	11.1
AML_002_01	Regorafenib	Regorafenib_AML_002_01	218.9812	8.5
AML_003_02	Regorafenib	Regorafenib_AML_003_02	222.21786	5.7
AML_004_01	Regorafenib	Regorafenib_AML_004_01	217.07611	4.1
AML_006_02	Regorafenib	Regorafenib_AML_006_02	221.91475	6.4
AML_007_01	Regorafenib	Regorafenib_AML_007_01	214.54953	10.4
AML_007_02	Regorafenib	Regorafenib_AML_007_02	218.13785	7.0
AML_012_01	Regorafenib	Regorafenib_AML_012_01	213.4955	16.4
AML_013_01	Regorafenib	Regorafenib_AML_013_01	215.50049	14.9
AML_014_01	Regorafenib	Regorafenib_AML_014_01	215.24707	9.1
AML_015_01	Regorafenib	Regorafenib_AML_015_01	214.8805	23.8
AML_015_02	Regorafenib	Regorafenib_AML_015_02	215.99467	14.3
AML_015_03	Regorafenib	Regorafenib_AML_015_03	213.90288	25.3
AML_015_04	Regorafenib	Regorafenib_AML_015_04	217.19179	40.8
AML_018_01	Regorafenib	Regorafenib_AML_018_01	215.11905	11.8
AML_019_01	Regorafenib	Regorafenib_AML_019_01	216.00601	7.2
AML_020_01	Regorafenib	Regorafenib_AML_020_01	217.79375	5.0
AML_023_01	Regorafenib	Regorafenib_AML_023_01	209.99979	12.5
AML_023_03	Regorafenib	Regorafenib_AML_023_03	210.35663	9.8
AML_023_04	Regorafenib	Regorafenib_AML_023_04	210.75754	8.0
AML_024_01	Regorafenib	Regorafenib_AML_024_01	218.29532	5.9
AML_025_01	Regorafenib	Regorafenib_AML_025_01	218.96274	2.6
AML_026_01	Regorafenib	Regorafenib_AML_026_01	217.37401	0.0
AML_028_01	Regorafenib	Regorafenib_AML_028_01	216.76115	4.4
AML_028_04	Regorafenib	Regorafenib_AML_028_04	214.25558	15.2
AML_029_01	Regorafenib	Regorafenib_AML_029_01	214.37816	3.2
AML_030_01	Regorafenib	Regorafenib_AML_030_01	210.39406	2.2
AML_032_01	Regorafenib	Regorafenib_AML_032_01	218.21248	3.6
AML_033_01	Regorafenib	Regorafenib_AML_033_01	214.78368	8.7
AML_033_02	Regorafenib	Regorafenib_AML_033_02	212.58516	8.9
AML_035_02	Regorafenib	Regorafenib_AML_035_02	223.06442	0.2
AML_035_04	Regorafenib	Regorafenib_AML_035_04	216.56369	0.0
AML_036_01	Regorafenib	Regorafenib_AML_036_01	210.58487	3.9
AML_040_01	Regorafenib	Regorafenib_AML_040_01	213.13689	12.8
AML_041_01	Regorafenib	Regorafenib_AML_041_01	215.6278	6.8
AML_042_01	Regorafenib	Regorafenib_AML_042_01	216.50127	10.0
AML_043_02	Regorafenib	Regorafenib_AML_043_02	212.10245	3.1
AML_045_01	Regorafenib	Regorafenib_AML_045_01	214.97092	4.2
AML_046_01	Regorafenib	Regorafenib_AML_046_01	211.35194	24.2
AML_051_01	Regorafenib	Regorafenib_AML_051_01	210.72871	4.7
AML_052_01	Regorafenib	Regorafenib_AML_052_01	218.46469	1.7
AML_053_01	Regorafenib	Regorafenib_AML_053_01	223.69669	3.7
AML_054_01	Regorafenib	Regorafenib_AML_054_01	211.31085	12.6
AML_057_01	Regorafenib	Regorafenib_AML_057_01	213.06812	9.1
AML_058_01	Regorafenib	Regorafenib_AML_058_01	212.59088	3.9
AML_059_01	Regorafenib	Regorafenib_AML_059_01	212.4455	6.6
AML_060_01	Regorafenib	Regorafenib_AML_060_01	218.19814	7.9
AML_061_01	Regorafenib	Regorafenib_AML_061_01	213.49814	6.9
AML_062_01	Regorafenib	Regorafenib_AML_062_01	206.13258	11.1
AML_064_01	Regorafenib	Regorafenib_AML_064_01	212.32042	9.0
AML_065_01	Regorafenib	Regorafenib_AML_065_01	212.02705	13.9
AML_067_01	Regorafenib	Regorafenib_AML_067_01	210.49115	10.8
AML_070_01	Regorafenib	Regorafenib_AML_070_01	215.29674	0.0
AML_072_01	Regorafenib	Regorafenib_AML_072_01	219.99007	3.8
AML_073_01	Regorafenib	Regorafenib_AML_073_01	220.20366	0.8
AML_074_01	Regorafenib	Regorafenib_AML_074_01	214.93561	1.0
AML_075_01	Regorafenib	Regorafenib_AML_075_01	215.06807	7.2
AML_076_01	Regorafenib	Regorafenib_AML_076_01	219.67781	1.2
AML_076_02	Regorafenib	Regorafenib_AML_076_02	212.19508	9.4
AML_077_01	Regorafenib	Regorafenib_AML_077_01	217.48676	3.9
AML_078_02	Regorafenib	Regorafenib_AML_078_02	213.98973	1.6
AML_084_01	Regorafenib	Regorafenib_AML_084_01	212.93733	14.7
AML_086_02	Regorafenib	Regorafenib_AML_086_02	218.70564	5.4
AML_098_01	Regorafenib	Regorafenib_AML_098_01	211.44118	0.2
AML_100_01	Regorafenib	Regorafenib_AML_100_01	216.89948	1.5
AML_101_01	Regorafenib	Regorafenib_AML_101_01	207.86761	14.1
AML_101_02	Regorafenib	Regorafenib_AML_101_02	220.8903	4.4
AML_102_01	Regorafenib	Regorafenib_AML_102_01	206.5913	6.4
AML_103_01	Regorafenib	Regorafenib_AML_103_01	203.90433	2.2
AML_103_02	Regorafenib	Regorafenib_AML_103_02	211.50565	9.2
AML_104_01	Regorafenib	Regorafenib_AML_104_01	215.85086	1.2
AML_108_01	Regorafenib	Regorafenib_AML_108_01	207.04633	4.0
AML_109_01	Regorafenib	Regorafenib_AML_109_01	214.23958	2.2
AML_110_01	Regorafenib	Regorafenib_AML_110_01	213.32828	7.7
AML_112_01	Regorafenib	Regorafenib_AML_112_01	209.41464	4.9
AML_112_02	Regorafenib	Regorafenib_AML_112_02	212.13777	5.8
AML_113_01	Regorafenib	Regorafenib_AML_113_01	212.09883	5.6
AML_114_01	Regorafenib	Regorafenib_AML_114_01	212.9422	1.9
AML_115_01	Regorafenib	Regorafenib_AML_115_01	211.3936	10.3
AML_116_01	Regorafenib	Regorafenib_AML_116_01	212.46524	2.0
AML_117_01	Regorafenib	Regorafenib_AML_117_01	215.48224	4.1
AML_119_01	Regorafenib	Regorafenib_AML_119_01	206.4539	2.7
AML_120_03	Regorafenib	Regorafenib_AML_120_03	216.50381	19.8
AML_122_01	Regorafenib	Regorafenib_AML_122_01	214.55455	2.5
AML_123_01	Regorafenib	Regorafenib_AML_123_01	217.8437	2.9
AML_124_01	Regorafenib	Regorafenib_AML_124_01	218.2424	3.7
AML_125_01	Regorafenib	Regorafenib_AML_125_01	218.10677	18.0
AML_126_01	Regorafenib	Regorafenib_AML_126_01	212.12346	8.8
AML_127_01	Regorafenib	Regorafenib_AML_127_01	214.4178	3.7
AML_128_01	Regorafenib	Regorafenib_AML_128_01	220.54524	4.5
AML_129_03	Regorafenib	Regorafenib_AML_129_03	214.95497	7.7
AML_131_01	Regorafenib	Regorafenib_AML_131_01	214.34851	0.6
AML_133_01	Regorafenib	Regorafenib_AML_133_01	216.06161	9.4
AML_134_01	Regorafenib	Regorafenib_AML_134_01	215.77815	0.8
AML_135_01	Regorafenib	Regorafenib_AML_135_01	218.89978	5.0
AML_138_01	Regorafenib	Regorafenib_AML_138_01	222.93042	3.2
AML_139_01	Regorafenib	Regorafenib_AML_139_01	224.10744	2.7
AML_140_01	Regorafenib	Regorafenib_AML_140_01	216.63153	2.9
AML_142_01	Regorafenib	Regorafenib_AML_142_01	213.31467	10.8
AML_143_01	Regorafenib	Regorafenib_AML_143_01	213.58221	6.2
AML_144_01	Regorafenib	Regorafenib_AML_144_01	218.74405	8.9
AML_146_01	Regorafenib	Regorafenib_AML_146_01	219.59709	1.4
AML_147_01	Regorafenib	Regorafenib_AML_147_01	213.87056	5.6
AML_151_01	Regorafenib	Regorafenib_AML_151_01	207.09508	10.1
AML_152_01	Regorafenib	Regorafenib_AML_152_01	213.82138	2.5
AML_153_01	Regorafenib	Regorafenib_AML_153_01	214.11261	0.9
AML_156_01	Regorafenib	Regorafenib_AML_156_01	214.03743	7.6
AML_157_01	Regorafenib	Regorafenib_AML_157_01	215.19325	3.6
AML_157_02	Regorafenib	Regorafenib_AML_157_02	216.46863	5.8
AML_158_01	Regorafenib	Regorafenib_AML_158_01	217.54602	1.9
AML_159_01	Regorafenib	Regorafenib_AML_159_01	218.09685	3.7
AML_160_01	Regorafenib	Regorafenib_AML_160_01	211.57016	4.5
AML_161_01	Regorafenib	Regorafenib_AML_161_01	209.71225	4.8
AML_175_01	Regorafenib	Regorafenib_AML_175_01	214.04976	2.9
AML_183_01	Regorafenib	Regorafenib_AML_183_01	215.06099	3.0
AML_183_02	Regorafenib	Regorafenib_AML_183_02	211.20483	1.6
AML_183_03	Regorafenib	Regorafenib_AML_183_03	210.52061	0.8
AML_001_01	Ruxolitinib	Ruxolitinib_AML_001_01	216.84082	0.0
AML_001_03	Ruxolitinib	Ruxolitinib_AML_001_03	213.05016	10.2
AML_002_01	Ruxolitinib	Ruxolitinib_AML_002_01	219.01802	4.1
AML_003_02	Ruxolitinib	Ruxolitinib_AML_003_02	222.14278	23.3
AML_004_01	Ruxolitinib	Ruxolitinib_AML_004_01	214.9297	16.1
AML_006_02	Ruxolitinib	Ruxolitinib_AML_006_02	219.42929	1.1
AML_007_01	Ruxolitinib	Ruxolitinib_AML_007_01	213.02705	1.2
AML_007_02	Ruxolitinib	Ruxolitinib_AML_007_02	215.45177	0.3
AML_012_01	Ruxolitinib	Ruxolitinib_AML_012_01	213.65483	4.3
AML_013_01	Ruxolitinib	Ruxolitinib_AML_013_01	215.62672	13.6
AML_014_01	Ruxolitinib	Ruxolitinib_AML_014_01	213.48756	0.0
AML_015_01	Ruxolitinib	Ruxolitinib_AML_015_01	210.83607	6.4
AML_015_02	Ruxolitinib	Ruxolitinib_AML_015_02	215.43944	4.2
AML_015_03	Ruxolitinib	Ruxolitinib_AML_015_03	213.72685	3.3
AML_015_04	Ruxolitinib	Ruxolitinib_AML_015_04	217.12361	5.9
AML_018_01	Ruxolitinib	Ruxolitinib_AML_018_01	214.14268	32.9
AML_019_01	Ruxolitinib	Ruxolitinib_AML_019_01	216.76318	8.6
AML_020_01	Ruxolitinib	Ruxolitinib_AML_020_01	216.6033	2.9
AML_022_01	Ruxolitinib	Ruxolitinib_AML_022_01	214.11172	2.6
AML_023_01	Ruxolitinib	Ruxolitinib_AML_023_01	206.32048	4.9
AML_023_03	Ruxolitinib	Ruxolitinib_AML_023_03	208.51361	5.5
AML_023_04	Ruxolitinib	Ruxolitinib_AML_023_04	209.95865	3.3
AML_024_01	Ruxolitinib	Ruxolitinib_AML_024_01	215.13907	16.4
AML_025_01	Ruxolitinib	Ruxolitinib_AML_025_01	216.91138	16.5
AML_026_01	Ruxolitinib	Ruxolitinib_AML_026_01	215.51933	9.7
AML_028_01	Ruxolitinib	Ruxolitinib_AML_028_01	216.79932	2.4
AML_028_04	Ruxolitinib	Ruxolitinib_AML_028_04	214.88556	9.9
AML_029_01	Ruxolitinib	Ruxolitinib_AML_029_01	214.40671	10.8
AML_030_01	Ruxolitinib	Ruxolitinib_AML_030_01	206.59608	9.7
AML_032_01	Ruxolitinib	Ruxolitinib_AML_032_01	216.92699	12.9
AML_033_01	Ruxolitinib	Ruxolitinib_AML_033_01	214.20769	23.1
AML_033_02	Ruxolitinib	Ruxolitinib_AML_033_02	212.90553	25.2
AML_035_02	Ruxolitinib	Ruxolitinib_AML_035_02	221.14262	17.9
AML_035_04	Ruxolitinib	Ruxolitinib_AML_035_04	219.86578	14.5
AML_036_01	Ruxolitinib	Ruxolitinib_AML_036_01	208.36484	12.7
AML_040_01	Ruxolitinib	Ruxolitinib_AML_040_01	211.42873	6.8
AML_041_01	Ruxolitinib	Ruxolitinib_AML_041_01	213.8744	1.4
AML_042_01	Ruxolitinib	Ruxolitinib_AML_042_01	213.2931	3.1
AML_043_02	Ruxolitinib	Ruxolitinib_AML_043_02	213.25247	22.1
AML_045_01	Ruxolitinib	Ruxolitinib_AML_045_01	213.49762	0.1
AML_046_01	Ruxolitinib	Ruxolitinib_AML_046_01	210.23781	6.9
AML_051_01	Ruxolitinib	Ruxolitinib_AML_051_01	207.40793	0.0
AML_052_01	Ruxolitinib	Ruxolitinib_AML_052_01	219.95264	13.6
AML_053_01	Ruxolitinib	Ruxolitinib_AML_053_01	221.4199	0.5
AML_054_01	Ruxolitinib	Ruxolitinib_AML_054_01	212.18285	3.3
AML_057_01	Ruxolitinib	Ruxolitinib_AML_057_01	209.8474	7.4
AML_058_01	Ruxolitinib	Ruxolitinib_AML_058_01	209.18073	4.5
AML_059_01	Ruxolitinib	Ruxolitinib_AML_059_01	208.94714	3.3
AML_060_01	Ruxolitinib	Ruxolitinib_AML_060_01	217.39929	4.2
AML_061_01	Ruxolitinib	Ruxolitinib_AML_061_01	211.69006	0.5
AML_062_01	Ruxolitinib	Ruxolitinib_AML_062_01	202.43134	14.4
AML_064_01	Ruxolitinib	Ruxolitinib_AML_064_01	209.46924	0.0
AML_065_01	Ruxolitinib	Ruxolitinib_AML_065_01	208.40233	4.2
AML_067_01	Ruxolitinib	Ruxolitinib_AML_067_01	207.62619	3.5
AML_070_01	Ruxolitinib	Ruxolitinib_AML_070_01	210.80284	9.9
AML_072_01	Ruxolitinib	Ruxolitinib_AML_072_01	218.53354	1.2
AML_073_01	Ruxolitinib	Ruxolitinib_AML_073_01	219.5727	0.0
AML_074_01	Ruxolitinib	Ruxolitinib_AML_074_01	210.13026	14.5
AML_075_01	Ruxolitinib	Ruxolitinib_AML_075_01	211.23387	1.4
AML_076_01	Ruxolitinib	Ruxolitinib_AML_076_01	216.29367	13.1
AML_076_02	Ruxolitinib	Ruxolitinib_AML_076_02	212.0179	20.2
AML_077_01	Ruxolitinib	Ruxolitinib_AML_077_01	216.75255	17.5
AML_078_02	Ruxolitinib	Ruxolitinib_AML_078_02	209.89758	14.5
AML_084_01	Ruxolitinib	Ruxolitinib_AML_084_01	212.85243	6.7
AML_086_02	Ruxolitinib	Ruxolitinib_AML_086_02	218.25644	18.3
AML_098_01	Ruxolitinib	Ruxolitinib_AML_098_01	208.50844	18.3
AML_100_01	Ruxolitinib	Ruxolitinib_AML_100_01	213.1394	11.3
AML_101_01	Ruxolitinib	Ruxolitinib_AML_101_01	209.08493	19.8
AML_101_02	Ruxolitinib	Ruxolitinib_AML_101_02	220.16052	8.5
AML_102_01	Ruxolitinib	Ruxolitinib_AML_102_01	205.73624	4.1
AML_103_01	Ruxolitinib	Ruxolitinib_AML_103_01	201.94804	17.8
AML_103_02	Ruxolitinib	Ruxolitinib_AML_103_02	210.63272	21.1
AML_104_01	Ruxolitinib	Ruxolitinib_AML_104_01	214.71727	14.4
AML_108_01	Ruxolitinib	Ruxolitinib_AML_108_01	203.00456	16.7
AML_109_01	Ruxolitinib	Ruxolitinib_AML_109_01	213.89764	5.4
AML_110_01	Ruxolitinib	Ruxolitinib_AML_110_01	210.94554	22.0
AML_112_01	Ruxolitinib	Ruxolitinib_AML_112_01	205.64883	5.7
AML_112_02	Ruxolitinib	Ruxolitinib_AML_112_02	211.29027	9.3
AML_113_01	Ruxolitinib	Ruxolitinib_AML_113_01	210.50061	22.6
AML_114_01	Ruxolitinib	Ruxolitinib_AML_114_01	212.06468	15.1
AML_115_01	Ruxolitinib	Ruxolitinib_AML_115_01	206.34207	17.8
AML_116_01	Ruxolitinib	Ruxolitinib_AML_116_01	211.07414	12.2
AML_117_01	Ruxolitinib	Ruxolitinib_AML_117_01	213.93323	9.2
AML_119_01	Ruxolitinib	Ruxolitinib_AML_119_01	205.20683	20.3
AML_120_01	Ruxolitinib	Ruxolitinib_AML_120_01	211.14369	6.9
AML_120_03	Ruxolitinib	Ruxolitinib_AML_120_03	215.28473	4.1
AML_122_01	Ruxolitinib	Ruxolitinib_AML_122_01	211.09552	8.2
AML_123_01	Ruxolitinib	Ruxolitinib_AML_123_01	214.70508	15.8
AML_124_01	Ruxolitinib	Ruxolitinib_AML_124_01	215.58932	19.5
AML_125_01	Ruxolitinib	Ruxolitinib_AML_125_01	217.20184	28.9
AML_126_01	Ruxolitinib	Ruxolitinib_AML_126_01	211.08545	24.7
AML_127_01	Ruxolitinib	Ruxolitinib_AML_127_01	212.1889	19.1
AML_128_01	Ruxolitinib	Ruxolitinib_AML_128_01	218.59314	19.0
AML_129_02	Ruxolitinib	Ruxolitinib_AML_129_02	208.35303	7.3
AML_129_03	Ruxolitinib	Ruxolitinib_AML_129_03	212.9816	4.6
AML_131_01	Ruxolitinib	Ruxolitinib_AML_131_01	212.35548	12.2
AML_133_01	Ruxolitinib	Ruxolitinib_AML_133_01	217.39725	23.5
AML_134_01	Ruxolitinib	Ruxolitinib_AML_134_01	218.5142	19.6
AML_135_01	Ruxolitinib	Ruxolitinib_AML_135_01	218.57753	16.0
AML_138_01	Ruxolitinib	Ruxolitinib_AML_138_01	221.57614	16.8
AML_139_01	Ruxolitinib	Ruxolitinib_AML_139_01	222.99858	14.8
AML_140_01	Ruxolitinib	Ruxolitinib_AML_140_01	214.22751	11.7
AML_142_01	Ruxolitinib	Ruxolitinib_AML_142_01	214.18875	25.9
AML_143_01	Ruxolitinib	Ruxolitinib_AML_143_01	211.19827	18.8
AML_144_01	Ruxolitinib	Ruxolitinib_AML_144_01	218.77193	15.5
AML_146_01	Ruxolitinib	Ruxolitinib_AML_146_01	216.98392	13.9
AML_147_01	Ruxolitinib	Ruxolitinib_AML_147_01	208.65083	14.5
AML_151_01	Ruxolitinib	Ruxolitinib_AML_151_01	205.99162	12.8
AML_152_01	Ruxolitinib	Ruxolitinib_AML_152_01	212.56631	19.2
AML_153_01	Ruxolitinib	Ruxolitinib_AML_153_01	214.49463	8.7
AML_156_01	Ruxolitinib	Ruxolitinib_AML_156_01	213.7187	21.7
AML_157_01	Ruxolitinib	Ruxolitinib_AML_157_01	212.96294	10.9
AML_157_02	Ruxolitinib	Ruxolitinib_AML_157_02	215.30957	11.0
AML_158_01	Ruxolitinib	Ruxolitinib_AML_158_01	215.33075	12.0
AML_159_01	Ruxolitinib	Ruxolitinib_AML_159_01	214.52289	16.5
AML_160_01	Ruxolitinib	Ruxolitinib_AML_160_01	210.87987	15.2
AML_161_01	Ruxolitinib	Ruxolitinib_AML_161_01	210.23343	26.1
AML_175_01	Ruxolitinib	Ruxolitinib_AML_175_01	212.25409	0.2
AML_179_01	Ruxolitinib	Ruxolitinib_AML_179_01	216.71005	11.1
AML_183_01	Ruxolitinib	Ruxolitinib_AML_183_01	211.59221	11.0
AML_183_02	Ruxolitinib	Ruxolitinib_AML_183_02	208.28566	13.6
AML_183_03	Ruxolitinib	Ruxolitinib_AML_183_03	207.73111	6.8
AML_184_01	Ruxolitinib	Ruxolitinib_AML_184_01	208.1897	6.7
AML_185_01	Ruxolitinib	Ruxolitinib_AML_185_01	221.30037	15.8
AML_001_01	Saracatinib	Saracatinib_AML_001_01	221.34232	0.0
AML_001_03	Saracatinib	Saracatinib_AML_001_03	221.407	0.4
AML_002_01	Saracatinib	Saracatinib_AML_002_01	221.35808	6.1
AML_003_02	Saracatinib	Saracatinib_AML_003_02	224.3142	0.0
AML_004_01	Saracatinib	Saracatinib_AML_004_01	221.30733	1.4
AML_006_02	Saracatinib	Saracatinib_AML_006_02	225.5785	3.4
AML_007_01	Saracatinib	Saracatinib_AML_007_01	218.4442	0.2
AML_007_02	Saracatinib	Saracatinib_AML_007_02	221.87747	0.0
AML_012_01	Saracatinib	Saracatinib_AML_012_01	218.13264	3.4
AML_013_01	Saracatinib	Saracatinib_AML_013_01	220.02777	2.2
AML_014_01	Saracatinib	Saracatinib_AML_014_01	218.7309	0.2
AML_015_01	Saracatinib	Saracatinib_AML_015_01	216.7234	8.2
AML_015_02	Saracatinib	Saracatinib_AML_015_02	220.21162	6.6
AML_015_03	Saracatinib	Saracatinib_AML_015_03	218.65582	6.7
AML_015_04	Saracatinib	Saracatinib_AML_015_04	223.07434	16.5
AML_018_01	Saracatinib	Saracatinib_AML_018_01	218.76222	7.3
AML_019_01	Saracatinib	Saracatinib_AML_019_01	219.22142	3.6
AML_020_01	Saracatinib	Saracatinib_AML_020_01	221.88994	2.8
AML_023_01	Saracatinib	Saracatinib_AML_023_01	212.11	9.7
AML_023_03	Saracatinib	Saracatinib_AML_023_03	213.98557	7.7
AML_023_04	Saracatinib	Saracatinib_AML_023_04	214.499	5.5
AML_024_01	Saracatinib	Saracatinib_AML_024_01	222.61375	0.0
AML_025_01	Saracatinib	Saracatinib_AML_025_01	224.00127	0.8
AML_026_01	Saracatinib	Saracatinib_AML_026_01	220.7854	0.1
AML_028_01	Saracatinib	Saracatinib_AML_028_01	222.53807	2.1
AML_028_04	Saracatinib	Saracatinib_AML_028_04	218.15735	0.9
AML_029_01	Saracatinib	Saracatinib_AML_029_01	219.33098	1.2
AML_030_01	Saracatinib	Saracatinib_AML_030_01	213.08536	0.0
AML_032_01	Saracatinib	Saracatinib_AML_032_01	223.1876	0.0
AML_033_01	Saracatinib	Saracatinib_AML_033_01	219.06253	4.4
AML_033_02	Saracatinib	Saracatinib_AML_033_02	216.76437	2.3
AML_035_02	Saracatinib	Saracatinib_AML_035_02	225.42726	0.2
AML_035_04	Saracatinib	Saracatinib_AML_035_04	220.11536	0.7
AML_036_01	Saracatinib	Saracatinib_AML_036_01	215.58276	0.0
AML_040_01	Saracatinib	Saracatinib_AML_040_01	216.84131	12.0
AML_041_01	Saracatinib	Saracatinib_AML_041_01	219.74048	6.5
AML_042_01	Saracatinib	Saracatinib_AML_042_01	219.13858	4.6
AML_043_02	Saracatinib	Saracatinib_AML_043_02	215.8544	0.7
AML_045_01	Saracatinib	Saracatinib_AML_045_01	219.52422	0.0
AML_046_01	Saracatinib	Saracatinib_AML_046_01	215.69815	8.0
AML_051_01	Saracatinib	Saracatinib_AML_051_01	214.94583	0.0
AML_052_01	Saracatinib	Saracatinib_AML_052_01	222.77502	0.7
AML_053_01	Saracatinib	Saracatinib_AML_053_01	226.99004	1.6
AML_054_01	Saracatinib	Saracatinib_AML_054_01	215.90785	0.0
AML_057_01	Saracatinib	Saracatinib_AML_057_01	215.66328	3.7
AML_058_01	Saracatinib	Saracatinib_AML_058_01	216.86024	2.8
AML_059_01	Saracatinib	Saracatinib_AML_059_01	217.05547	6.4
AML_060_01	Saracatinib	Saracatinib_AML_060_01	221.29688	0.9
AML_061_01	Saracatinib	Saracatinib_AML_061_01	215.77689	0.0
AML_062_01	Saracatinib	Saracatinib_AML_062_01	209.68187	11.6
AML_064_01	Saracatinib	Saracatinib_AML_064_01	215.78636	0.0
AML_065_01	Saracatinib	Saracatinib_AML_065_01	215.47775	4.7
AML_067_01	Saracatinib	Saracatinib_AML_067_01	214.44968	9.5
AML_070_01	Saracatinib	Saracatinib_AML_070_01	217.44914	0.0
AML_072_01	Saracatinib	Saracatinib_AML_072_01	224.31487	2.4
AML_073_01	Saracatinib	Saracatinib_AML_073_01	223.97504	2.7
AML_074_01	Saracatinib	Saracatinib_AML_074_01	218.16904	4.1
AML_075_01	Saracatinib	Saracatinib_AML_075_01	217.32664	0.4
AML_076_01	Saracatinib	Saracatinib_AML_076_01	223.2652	1.0
AML_076_02	Saracatinib	Saracatinib_AML_076_02	217.65047	5.8
AML_077_01	Saracatinib	Saracatinib_AML_077_01	221.05136	0.0
AML_078_02	Saracatinib	Saracatinib_AML_078_02	217.49506	0.0
AML_084_01	Saracatinib	Saracatinib_AML_084_01	217.15012	0.6
AML_086_02	Saracatinib	Saracatinib_AML_086_02	221.60896	3.4
AML_098_01	Saracatinib	Saracatinib_AML_098_01	214.32332	0.0
AML_100_01	Saracatinib	Saracatinib_AML_100_01	220.32176	0.0
AML_101_01	Saracatinib	Saracatinib_AML_101_01	212.59187	6.9
AML_101_02	Saracatinib	Saracatinib_AML_101_02	222.89597	2.7
AML_102_01	Saracatinib	Saracatinib_AML_102_01	212.70294	0.0
AML_103_01	Saracatinib	Saracatinib_AML_103_01	208.14844	0.0
AML_103_02	Saracatinib	Saracatinib_AML_103_02	214.77359	4.8
AML_104_01	Saracatinib	Saracatinib_AML_104_01	220.91705	0.2
AML_108_01	Saracatinib	Saracatinib_AML_108_01	210.45792	2.6
AML_109_01	Saracatinib	Saracatinib_AML_109_01	217.34201	0.0
AML_110_01	Saracatinib	Saracatinib_AML_110_01	217.78214	1.5
AML_112_01	Saracatinib	Saracatinib_AML_112_01	212.46957	2.4
AML_112_02	Saracatinib	Saracatinib_AML_112_02	217.05664	4.9
AML_113_01	Saracatinib	Saracatinib_AML_113_01	215.4365	6.1
AML_114_01	Saracatinib	Saracatinib_AML_114_01	216.8781	1.1
AML_115_01	Saracatinib	Saracatinib_AML_115_01	214.7804	5.5
AML_116_01	Saracatinib	Saracatinib_AML_116_01	215.2819	0.0
AML_117_01	Saracatinib	Saracatinib_AML_117_01	219.25624	1.0
AML_119_01	Saracatinib	Saracatinib_AML_119_01	209.61653	0.6
AML_120_01	Saracatinib	Saracatinib_AML_120_01	217.00992	9.8
AML_120_03	Saracatinib	Saracatinib_AML_120_03	219.2713	10.2
AML_122_01	Saracatinib	Saracatinib_AML_122_01	218.71295	0.0
AML_123_01	Saracatinib	Saracatinib_AML_123_01	220.88916	3.1
AML_124_01	Saracatinib	Saracatinib_AML_124_01	221.75291	1.6
AML_125_01	Saracatinib	Saracatinib_AML_125_01	221.40727	0.0
AML_126_01	Saracatinib	Saracatinib_AML_126_01	217.12495	0.0
AML_127_01	Saracatinib	Saracatinib_AML_127_01	218.80843	2.7
AML_128_01	Saracatinib	Saracatinib_AML_128_01	223.73761	0.9
AML_129_02	Saracatinib	Saracatinib_AML_129_02	213.81189	7.3
AML_129_03	Saracatinib	Saracatinib_AML_129_03	217.2752	5.5
AML_131_01	Saracatinib	Saracatinib_AML_131_01	216.76439	0.0
AML_133_01	Saracatinib	Saracatinib_AML_133_01	221.41463	0.0
AML_134_01	Saracatinib	Saracatinib_AML_134_01	218.99432	0.0
AML_135_01	Saracatinib	Saracatinib_AML_135_01	222.05447	0.0
AML_138_01	Saracatinib	Saracatinib_AML_138_01	225.68558	0.0
AML_139_01	Saracatinib	Saracatinib_AML_139_01	227.5076	3.8
AML_140_01	Saracatinib	Saracatinib_AML_140_01	220.21054	0.7
AML_142_01	Saracatinib	Saracatinib_AML_142_01	218.58331	0.0
AML_143_01	Saracatinib	Saracatinib_AML_143_01	218.41077	0.0
AML_144_01	Saracatinib	Saracatinib_AML_144_01	222.36467	0.0
AML_146_01	Saracatinib	Saracatinib_AML_146_01	223.68655	0.9
AML_147_01	Saracatinib	Saracatinib_AML_147_01	216.64392	1.9
AML_151_01	Saracatinib	Saracatinib_AML_151_01	211.61223	7.9
AML_152_01	Saracatinib	Saracatinib_AML_152_01	217.79286	0.2
AML_153_01	Saracatinib	Saracatinib_AML_153_01	217.4708	0.0
AML_156_01	Saracatinib	Saracatinib_AML_156_01	217.152	0.0
AML_157_01	Saracatinib	Saracatinib_AML_157_01	219.58235	6.2
AML_157_02	Saracatinib	Saracatinib_AML_157_02	219.11667	5.3
AML_158_01	Saracatinib	Saracatinib_AML_158_01	220.83176	0.1
AML_159_01	Saracatinib	Saracatinib_AML_159_01	220.7603	1.8
AML_160_01	Saracatinib	Saracatinib_AML_160_01	216.65886	0.0
AML_161_01	Saracatinib	Saracatinib_AML_161_01	214.95363	2.0
AML_175_01	Saracatinib	Saracatinib_AML_175_01	219.86987	4.1
AML_179_01	Saracatinib	Saracatinib_AML_179_01	219.78804	1.6
AML_183_01	Saracatinib	Saracatinib_AML_183_01	217.86421	0.0
AML_183_02	Saracatinib	Saracatinib_AML_183_02	213.49707	0.6
AML_183_03	Saracatinib	Saracatinib_AML_183_03	214.06299	0.0
AML_184_01	Saracatinib	Saracatinib_AML_184_01	214.43349	7.4
AML_185_01	Saracatinib	Saracatinib_AML_185_01	224.68193	0.2
AML_004_01	Selinexor	Selinexor_AML_004_01	203.31242	23.6
AML_019_01	Selinexor	Selinexor_AML_019_01	201.27606	25.1
AML_025_01	Selinexor	Selinexor_AML_025_01	203.83174	26.7
AML_026_01	Selinexor	Selinexor_AML_026_01	202.94685	18.8
AML_029_01	Selinexor	Selinexor_AML_029_01	201.97694	23.6
AML_030_01	Selinexor	Selinexor_AML_030_01	195.98715	20.7
AML_033_01	Selinexor	Selinexor_AML_033_01	202.48267	21.9
AML_033_02	Selinexor	Selinexor_AML_033_02	201.38115	23.0
AML_041_01	Selinexor	Selinexor_AML_041_01	203.48175	12.9
AML_042_01	Selinexor	Selinexor_AML_042_01	204.59459	21.2
AML_043_02	Selinexor	Selinexor_AML_043_02	202.63286	15.3
AML_046_01	Selinexor	Selinexor_AML_046_01	198.08124	33.1
AML_052_01	Selinexor	Selinexor_AML_052_01	206.20811	11.9
AML_057_01	Selinexor	Selinexor_AML_057_01	199.64742	19.2
AML_058_01	Selinexor	Selinexor_AML_058_01	200.57422	20.7
AML_059_01	Selinexor	Selinexor_AML_059_01	198.34625	24.2
AML_060_01	Selinexor	Selinexor_AML_060_01	205.8342	22.1
AML_061_01	Selinexor	Selinexor_AML_061_01	200.00743	23.7
AML_062_01	Selinexor	Selinexor_AML_062_01	196.01768	24.8
AML_064_01	Selinexor	Selinexor_AML_064_01	199.30023	18.5
AML_065_01	Selinexor	Selinexor_AML_065_01	199.67961	23.9
AML_067_01	Selinexor	Selinexor_AML_067_01	200.9175	21.7
AML_070_01	Selinexor	Selinexor_AML_070_01	200.84645	19.9
AML_072_01	Selinexor	Selinexor_AML_072_01	206.946	15.9
AML_073_01	Selinexor	Selinexor_AML_073_01	203.667	16.4
AML_074_01	Selinexor	Selinexor_AML_074_01	202.66432	18.6
AML_075_01	Selinexor	Selinexor_AML_075_01	201.44559	23.9
AML_076_01	Selinexor	Selinexor_AML_076_01	207.07858	20.2
AML_076_02	Selinexor	Selinexor_AML_076_02	203.13763	21.1
AML_077_01	Selinexor	Selinexor_AML_077_01	205.95888	23.3
AML_078_02	Selinexor	Selinexor_AML_078_02	204.52869	20.9
AML_086_02	Selinexor	Selinexor_AML_086_02	205.16153	25.8
AML_098_01	Selinexor	Selinexor_AML_098_01	198.17703	19.5
AML_100_01	Selinexor	Selinexor_AML_100_01	202.77045	15.9
AML_101_01	Selinexor	Selinexor_AML_101_01	200.25691	23.8
AML_101_02	Selinexor	Selinexor_AML_101_02	207.59007	21.9
AML_102_01	Selinexor	Selinexor_AML_102_01	198.60358	22.2
AML_103_01	Selinexor	Selinexor_AML_103_01	196.40846	17.6
AML_103_02	Selinexor	Selinexor_AML_103_02	201.66231	22.9
AML_104_01	Selinexor	Selinexor_AML_104_01	204.67218	21.7
AML_108_01	Selinexor	Selinexor_AML_108_01	195.92558	27.4
AML_109_01	Selinexor	Selinexor_AML_109_01	199.49612	31.3
AML_110_01	Selinexor	Selinexor_AML_110_01	200.598	29.2
AML_112_01	Selinexor	Selinexor_AML_112_01	198.1326	22.8
AML_112_02	Selinexor	Selinexor_AML_112_02	199.90656	20.4
AML_113_01	Selinexor	Selinexor_AML_113_01	201.42953	25.0
AML_114_01	Selinexor	Selinexor_AML_114_01	201.17136	25.9
AML_115_01	Selinexor	Selinexor_AML_115_01	198.812	25.1
AML_116_01	Selinexor	Selinexor_AML_116_01	200.80344	29.2
AML_117_01	Selinexor	Selinexor_AML_117_01	205.35135	20.3
AML_119_01	Selinexor	Selinexor_AML_119_01	198.35233	22.3
AML_122_01	Selinexor	Selinexor_AML_122_01	205.34166	16.7
AML_123_01	Selinexor	Selinexor_AML_123_01	204.85226	19.6
AML_124_01	Selinexor	Selinexor_AML_124_01	208.18079	26.9
AML_125_01	Selinexor	Selinexor_AML_125_01	203.09431	24.5
AML_126_01	Selinexor	Selinexor_AML_126_01	202.42046	30.6
AML_127_01	Selinexor	Selinexor_AML_127_01	200.9042	18.3
AML_128_01	Selinexor	Selinexor_AML_128_01	206.39343	25.8
AML_131_01	Selinexor	Selinexor_AML_131_01	202.66287	16.4
AML_133_01	Selinexor	Selinexor_AML_133_01	206.87476	24.5
AML_134_01	Selinexor	Selinexor_AML_134_01	203.61299	29.2
AML_135_01	Selinexor	Selinexor_AML_135_01	204.87288	24.6
AML_138_01	Selinexor	Selinexor_AML_138_01	209.2749	22.7
AML_139_01	Selinexor	Selinexor_AML_139_01	207.92337	19.9
AML_140_01	Selinexor	Selinexor_AML_140_01	203.9164	20.2
AML_142_01	Selinexor	Selinexor_AML_142_01	205.49826	27.4
AML_143_01	Selinexor	Selinexor_AML_143_01	199.79779	23.3
AML_144_01	Selinexor	Selinexor_AML_144_01	205.76898	23.9
AML_146_01	Selinexor	Selinexor_AML_146_01	202.78171	16.9
AML_147_01	Selinexor	Selinexor_AML_147_01	202.00316	17.4
AML_151_01	Selinexor	Selinexor_AML_151_01	195.19997	23.4
AML_152_01	Selinexor	Selinexor_AML_152_01	200.06227	25.4
AML_153_01	Selinexor	Selinexor_AML_153_01	199.86305	21.8
AML_156_01	Selinexor	Selinexor_AML_156_01	199.8773	20.4
AML_157_01	Selinexor	Selinexor_AML_157_01	201.37267	22.7
AML_157_02	Selinexor	Selinexor_AML_157_02	204.68332	21.6
AML_158_01	Selinexor	Selinexor_AML_158_01	202.81654	22.2
AML_159_01	Selinexor	Selinexor_AML_159_01	203.67816	24.9
AML_160_01	Selinexor	Selinexor_AML_160_01	201.80435	19.4
AML_161_01	Selinexor	Selinexor_AML_161_01	201.08752	24.6
AML_183_01	Selinexor	Selinexor_AML_183_01	203.15938	23.4
AML_183_02	Selinexor	Selinexor_AML_183_02	199.56096	18.5
AML_183_03	Selinexor	Selinexor_AML_183_03	198.96078	17.4
AML_001_01	Selumetinib	Selumetinib_AML_001_01	217.33794	0.0
AML_001_03	Selumetinib	Selumetinib_AML_001_03	213.01042	24.9
AML_002_01	Selumetinib	Selumetinib_AML_002_01	218.36517	6.7
AML_003_02	Selumetinib	Selumetinib_AML_003_02	220.3345	19.8
AML_004_01	Selumetinib	Selumetinib_AML_004_01	215.19858	5.2
AML_006_02	Selumetinib	Selumetinib_AML_006_02	218.45393	1.2
AML_007_01	Selumetinib	Selumetinib_AML_007_01	210.29686	15.2
AML_007_02	Selumetinib	Selumetinib_AML_007_02	211.6089	15.3
AML_012_01	Selumetinib	Selumetinib_AML_012_01	216.39261	0.0
AML_013_01	Selumetinib	Selumetinib_AML_013_01	217.82933	3.9
AML_014_01	Selumetinib	Selumetinib_AML_014_01	213.38835	12.8
AML_015_01	Selumetinib	Selumetinib_AML_015_01	214.5229	8.3
AML_015_02	Selumetinib	Selumetinib_AML_015_02	213.65367	11.0
AML_015_03	Selumetinib	Selumetinib_AML_015_03	212.26598	15.7
AML_015_04	Selumetinib	Selumetinib_AML_015_04	216.64291	11.1
AML_018_01	Selumetinib	Selumetinib_AML_018_01	212.09972	7.2
AML_019_01	Selumetinib	Selumetinib_AML_019_01	217.30397	6.7
AML_020_01	Selumetinib	Selumetinib_AML_020_01	218.63316	0.0
AML_022_01	Selumetinib	Selumetinib_AML_022_01	211.06326	12.4
AML_023_01	Selumetinib	Selumetinib_AML_023_01	206.83171	8.3
AML_023_03	Selumetinib	Selumetinib_AML_023_03	208.88641	3.0
AML_023_04	Selumetinib	Selumetinib_AML_023_04	209.23293	1.3
AML_024_01	Selumetinib	Selumetinib_AML_024_01	216.86304	7.6
AML_025_01	Selumetinib	Selumetinib_AML_025_01	216.71027	10.0
AML_026_01	Selumetinib	Selumetinib_AML_026_01	215.44891	6.1
AML_028_01	Selumetinib	Selumetinib_AML_028_01	217.2217	0.3
AML_028_04	Selumetinib	Selumetinib_AML_028_04	216.47128	16.2
AML_029_01	Selumetinib	Selumetinib_AML_029_01	214.08357	8.3
AML_030_01	Selumetinib	Selumetinib_AML_030_01	206.56476	3.3
AML_032_01	Selumetinib	Selumetinib_AML_032_01	218.39673	0.0
AML_033_01	Selumetinib	Selumetinib_AML_033_01	216.91568	7.6
AML_033_02	Selumetinib	Selumetinib_AML_033_02	214.19705	7.2
AML_035_02	Selumetinib	Selumetinib_AML_035_02	219.07181	12.1
AML_035_04	Selumetinib	Selumetinib_AML_035_04	217.93666	8.9
AML_036_01	Selumetinib	Selumetinib_AML_036_01	207.0298	1.1
AML_040_01	Selumetinib	Selumetinib_AML_040_01	210.84874	13.3
AML_041_01	Selumetinib	Selumetinib_AML_041_01	210.62949	7.3
AML_042_01	Selumetinib	Selumetinib_AML_042_01	210.91629	7.8
AML_043_02	Selumetinib	Selumetinib_AML_043_02	215.41362	7.0
AML_045_01	Selumetinib	Selumetinib_AML_045_01	214.96812	0.0
AML_046_01	Selumetinib	Selumetinib_AML_046_01	212.68636	10.2
AML_051_01	Selumetinib	Selumetinib_AML_051_01	209.52237	0.0
AML_052_01	Selumetinib	Selumetinib_AML_052_01	218.68445	2.5
AML_053_01	Selumetinib	Selumetinib_AML_053_01	220.30966	0.0
AML_054_01	Selumetinib	Selumetinib_AML_054_01	212.8804	0.0
AML_057_01	Selumetinib	Selumetinib_AML_057_01	210.59875	13.3
AML_058_01	Selumetinib	Selumetinib_AML_058_01	211.13681	11.3
AML_059_01	Selumetinib	Selumetinib_AML_059_01	211.3756	3.6
AML_060_01	Selumetinib	Selumetinib_AML_060_01	218.61171	0.9
AML_061_01	Selumetinib	Selumetinib_AML_061_01	212.34653	9.1
AML_062_01	Selumetinib	Selumetinib_AML_062_01	201.85475	17.1
AML_064_01	Selumetinib	Selumetinib_AML_064_01	207.45964	21.3
AML_065_01	Selumetinib	Selumetinib_AML_065_01	209.99783	20.8
AML_067_01	Selumetinib	Selumetinib_AML_067_01	206.79384	12.4
AML_070_01	Selumetinib	Selumetinib_AML_070_01	211.55312	1.6
AML_072_01	Selumetinib	Selumetinib_AML_072_01	217.9928	2.4
AML_073_01	Selumetinib	Selumetinib_AML_073_01	218.93839	3.4
AML_074_01	Selumetinib	Selumetinib_AML_074_01	213.29439	5.4
AML_075_01	Selumetinib	Selumetinib_AML_075_01	210.4781	14.4
AML_076_01	Selumetinib	Selumetinib_AML_076_01	215.15714	3.5
AML_076_02	Selumetinib	Selumetinib_AML_076_02	213.07254	4.6
AML_077_01	Selumetinib	Selumetinib_AML_077_01	216.42761	8.8
AML_078_02	Selumetinib	Selumetinib_AML_078_02	209.36069	7.2
AML_084_01	Selumetinib	Selumetinib_AML_084_01	212.79166	16.9
AML_086_02	Selumetinib	Selumetinib_AML_086_02	219.00972	5.3
AML_098_01	Selumetinib	Selumetinib_AML_098_01	206.77963	6.3
AML_100_01	Selumetinib	Selumetinib_AML_100_01	213.5471	5.7
AML_101_01	Selumetinib	Selumetinib_AML_101_01	210.17648	10.8
AML_101_02	Selumetinib	Selumetinib_AML_101_02	220.95012	2.1
AML_102_01	Selumetinib	Selumetinib_AML_102_01	203.32568	18.6
AML_103_01	Selumetinib	Selumetinib_AML_103_01	198.49504	9.9
AML_103_02	Selumetinib	Selumetinib_AML_103_02	214.1837	16.2
AML_104_01	Selumetinib	Selumetinib_AML_104_01	211.8223	6.1
AML_108_01	Selumetinib	Selumetinib_AML_108_01	204.08307	8.1
AML_109_01	Selumetinib	Selumetinib_AML_109_01	214.18839	4.8
AML_110_01	Selumetinib	Selumetinib_AML_110_01	210.31068	8.4
AML_112_01	Selumetinib	Selumetinib_AML_112_01	206.10602	6.3
AML_112_02	Selumetinib	Selumetinib_AML_112_02	210.00415	9.7
AML_113_01	Selumetinib	Selumetinib_AML_113_01	211.12581	8.4
AML_114_01	Selumetinib	Selumetinib_AML_114_01	210.53323	10.3
AML_115_01	Selumetinib	Selumetinib_AML_115_01	207.68095	14.0
AML_116_01	Selumetinib	Selumetinib_AML_116_01	210.6309	6.5
AML_117_01	Selumetinib	Selumetinib_AML_117_01	214.871	1.6
AML_119_01	Selumetinib	Selumetinib_AML_119_01	204.43295	3.1
AML_120_01	Selumetinib	Selumetinib_AML_120_01	212.17725	4.8
AML_120_03	Selumetinib	Selumetinib_AML_120_03	213.43967	6.7
AML_122_01	Selumetinib	Selumetinib_AML_122_01	208.91507	5.1
AML_123_01	Selumetinib	Selumetinib_AML_123_01	214.30698	5.3
AML_124_01	Selumetinib	Selumetinib_AML_124_01	215.82481	9.9
AML_125_01	Selumetinib	Selumetinib_AML_125_01	216.00134	1.4
AML_126_01	Selumetinib	Selumetinib_AML_126_01	210.0881	6.2
AML_127_01	Selumetinib	Selumetinib_AML_127_01	210.71324	6.6
AML_128_01	Selumetinib	Selumetinib_AML_128_01	220.71669	3.7
AML_129_02	Selumetinib	Selumetinib_AML_129_02	209.38028	4.8
AML_129_03	Selumetinib	Selumetinib_AML_129_03	213.63841	1.0
AML_131_01	Selumetinib	Selumetinib_AML_131_01	210.24982	4.9
AML_133_01	Selumetinib	Selumetinib_AML_133_01	218.3584	13.3
AML_134_01	Selumetinib	Selumetinib_AML_134_01	217.77069	9.8
AML_135_01	Selumetinib	Selumetinib_AML_135_01	216.85074	15.9
AML_138_01	Selumetinib	Selumetinib_AML_138_01	221.46886	12.7
AML_139_01	Selumetinib	Selumetinib_AML_139_01	222.31635	6.5
AML_140_01	Selumetinib	Selumetinib_AML_140_01	215.93175	6.4
AML_142_01	Selumetinib	Selumetinib_AML_142_01	216.43846	3.0
AML_143_01	Selumetinib	Selumetinib_AML_143_01	210.98297	2.5
AML_144_01	Selumetinib	Selumetinib_AML_144_01	218.82036	16.4
AML_146_01	Selumetinib	Selumetinib_AML_146_01	217.51488	4.3
AML_147_01	Selumetinib	Selumetinib_AML_147_01	211.89075	7.6
AML_151_01	Selumetinib	Selumetinib_AML_151_01	206.72624	11.9
AML_152_01	Selumetinib	Selumetinib_AML_152_01	213.90004	4.2
AML_153_01	Selumetinib	Selumetinib_AML_153_01	216.1554	2.6
AML_156_01	Selumetinib	Selumetinib_AML_156_01	215.84111	7.2
AML_157_01	Selumetinib	Selumetinib_AML_157_01	211.34042	10.4
AML_157_02	Selumetinib	Selumetinib_AML_157_02	214.82867	13.4
AML_158_01	Selumetinib	Selumetinib_AML_158_01	214.09029	6.0
AML_159_01	Selumetinib	Selumetinib_AML_159_01	215.82784	8.7
AML_160_01	Selumetinib	Selumetinib_AML_160_01	212.0595	7.1
AML_161_01	Selumetinib	Selumetinib_AML_161_01	212.9884	7.7
AML_175_01	Selumetinib	Selumetinib_AML_175_01	213.67647	0.0
AML_179_01	Selumetinib	Selumetinib_AML_179_01	216.22002	0.0
AML_183_01	Selumetinib	Selumetinib_AML_183_01	213.20334	1.8
AML_183_02	Selumetinib	Selumetinib_AML_183_02	209.07043	4.8
AML_183_03	Selumetinib	Selumetinib_AML_183_03	206.70537	6.2
AML_184_01	Selumetinib	Selumetinib_AML_184_01	209.17781	13.5
AML_185_01	Selumetinib	Selumetinib_AML_185_01	220.55191	11.7
AML_004_01	SGX-523	SGX-523_AML_004_01	210.17122	0.0
AML_019_01	SGX-523	SGX-523_AML_019_01	209.27838	0.0
AML_025_01	SGX-523	SGX-523_AML_025_01	212.1041	0.0
AML_026_01	SGX-523	SGX-523_AML_026_01	210.70705	0.0
AML_029_01	SGX-523	SGX-523_AML_029_01	207.68558	0.8
AML_030_01	SGX-523	SGX-523_AML_030_01	201.73354	0.0
AML_033_01	SGX-523	SGX-523_AML_033_01	207.09877	0.0
AML_033_02	SGX-523	SGX-523_AML_033_02	203.07553	0.0
AML_041_01	SGX-523	SGX-523_AML_041_01	209.18733	0.0
AML_042_01	SGX-523	SGX-523_AML_042_01	207.71414	0.0
AML_043_02	SGX-523	SGX-523_AML_043_02	205.19269	0.0
AML_046_01	SGX-523	SGX-523_AML_046_01	203.13408	5.3
AML_052_01	SGX-523	SGX-523_AML_052_01	213.70753	0.0
AML_057_01	SGX-523	SGX-523_AML_057_01	206.40912	0.0
AML_058_01	SGX-523	SGX-523_AML_058_01	203.94077	0.0
AML_059_01	SGX-523	SGX-523_AML_059_01	204.39542	0.0
AML_060_01	SGX-523	SGX-523_AML_060_01	210.6875	0.0
AML_061_01	SGX-523	SGX-523_AML_061_01	205.0589	0.1
AML_062_01	SGX-523	SGX-523_AML_062_01	197.06342	0.0
AML_064_01	SGX-523	SGX-523_AML_064_01	206.87364	0.0
AML_065_01	SGX-523	SGX-523_AML_065_01	203.72128	0.4
AML_067_01	SGX-523	SGX-523_AML_067_01	206.58257	0.0
AML_070_01	SGX-523	SGX-523_AML_070_01	205.84099	0.0
AML_072_01	SGX-523	SGX-523_AML_072_01	213.35149	0.0
AML_073_01	SGX-523	SGX-523_AML_073_01	213.73323	0.0
AML_074_01	SGX-523	SGX-523_AML_074_01	209.96477	0.0
AML_075_01	SGX-523	SGX-523_AML_075_01	206.06137	0.2
AML_076_01	SGX-523	SGX-523_AML_076_01	212.27527	0.0
AML_076_02	SGX-523	SGX-523_AML_076_02	206.72186	0.0
AML_077_01	SGX-523	SGX-523_AML_077_01	210.22278	0.1
AML_078_02	SGX-523	SGX-523_AML_078_02	206.97913	0.4
AML_086_02	SGX-523	SGX-523_AML_086_02	212.13344	0.0
AML_098_01	SGX-523	SGX-523_AML_098_01	205.24136	0.1
AML_100_01	SGX-523	SGX-523_AML_100_01	209.16353	0.1
AML_101_01	SGX-523	SGX-523_AML_101_01	199.0668	0.0
AML_101_02	SGX-523	SGX-523_AML_101_02	213.5191	2.9
AML_102_01	SGX-523	SGX-523_AML_102_01	201.14873	0.1
AML_103_01	SGX-523	SGX-523_AML_103_01	195.93279	0.5
AML_103_02	SGX-523	SGX-523_AML_103_02	202.067	0.0
AML_104_01	SGX-523	SGX-523_AML_104_01	209.98009	0.0
AML_108_01	SGX-523	SGX-523_AML_108_01	201.26747	0.7
AML_109_01	SGX-523	SGX-523_AML_109_01	205.27014	0.0
AML_110_01	SGX-523	SGX-523_AML_110_01	205.2596	1.6
AML_112_01	SGX-523	SGX-523_AML_112_01	201.60316	0.0
AML_112_02	SGX-523	SGX-523_AML_112_02	204.83734	0.0
AML_113_01	SGX-523	SGX-523_AML_113_01	204.12769	0.5
AML_114_01	SGX-523	SGX-523_AML_114_01	205.56433	0.1
AML_115_01	SGX-523	SGX-523_AML_115_01	201.83278	0.0
AML_116_01	SGX-523	SGX-523_AML_116_01	207.82248	0.1
AML_117_01	SGX-523	SGX-523_AML_117_01	208.49474	0.0
AML_119_01	SGX-523	SGX-523_AML_119_01	200.63232	0.0
AML_122_01	SGX-523	SGX-523_AML_122_01	208.51424	0.0
AML_123_01	SGX-523	SGX-523_AML_123_01	210.50874	2.1
AML_124_01	SGX-523	SGX-523_AML_124_01	210.88007	0.2
AML_125_01	SGX-523	SGX-523_AML_125_01	211.15347	0.0
AML_126_01	SGX-523	SGX-523_AML_126_01	205.39162	0.0
AML_127_01	SGX-523	SGX-523_AML_127_01	207.58461	0.0
AML_128_01	SGX-523	SGX-523_AML_128_01	212.90283	0.0
AML_131_01	SGX-523	SGX-523_AML_131_01	209.9815	0.0
AML_133_01	SGX-523	SGX-523_AML_133_01	210.34839	0.9
AML_134_01	SGX-523	SGX-523_AML_134_01	210.1439	0.6
AML_135_01	SGX-523	SGX-523_AML_135_01	212.4166	1.1
AML_138_01	SGX-523	SGX-523_AML_138_01	213.77711	0.0
AML_139_01	SGX-523	SGX-523_AML_139_01	217.77095	0.4
AML_140_01	SGX-523	SGX-523_AML_140_01	211.25266	0.0
AML_142_01	SGX-523	SGX-523_AML_142_01	205.76945	0.1
AML_143_01	SGX-523	SGX-523_AML_143_01	206.68536	0.0
AML_144_01	SGX-523	SGX-523_AML_144_01	213.3794	0.6
AML_146_01	SGX-523	SGX-523_AML_146_01	210.84181	0.0
AML_147_01	SGX-523	SGX-523_AML_147_01	205.8786	0.0
AML_151_01	SGX-523	SGX-523_AML_151_01	201.50716	0.3
AML_152_01	SGX-523	SGX-523_AML_152_01	206.28317	0.4
AML_153_01	SGX-523	SGX-523_AML_153_01	207.25905	0.0
AML_156_01	SGX-523	SGX-523_AML_156_01	208.70724	0.8
AML_157_01	SGX-523	SGX-523_AML_157_01	209.12833	2.7
AML_157_02	SGX-523	SGX-523_AML_157_02	210.85623	0.6
AML_158_01	SGX-523	SGX-523_AML_158_01	210.30582	1.3
AML_159_01	SGX-523	SGX-523_AML_159_01	209.41301	0.0
AML_160_01	SGX-523	SGX-523_AML_160_01	206.57579	0.4
AML_161_01	SGX-523	SGX-523_AML_161_01	203.59027	3.7
AML_183_01	SGX-523	SGX-523_AML_183_01	209.24443	0.0
AML_183_02	SGX-523	SGX-523_AML_183_02	205.936	0.0
AML_183_03	SGX-523	SGX-523_AML_183_03	203.3884	0.1
AML_001_01	SNS-032	SNS-032_AML_001_01	199.99355	6.1
AML_001_03	SNS-032	SNS-032_AML_001_03	193.68874	32.9
AML_002_01	SNS-032	SNS-032_AML_002_01	201.44797	27.4
AML_003_02	SNS-032	SNS-032_AML_003_02	204.73172	18.6
AML_004_01	SNS-032	SNS-032_AML_004_01	195.53134	35.4
AML_006_02	SNS-032	SNS-032_AML_006_02	202.01451	19.3
AML_007_01	SNS-032	SNS-032_AML_007_01	194.05066	16.9
AML_007_02	SNS-032	SNS-032_AML_007_02	194.51009	19.8
AML_012_01	SNS-032	SNS-032_AML_012_01	197.77884	24.7
AML_013_01	SNS-032	SNS-032_AML_013_01	199.66924	26.9
AML_014_01	SNS-032	SNS-032_AML_014_01	193.22324	22.0
AML_015_01	SNS-032	SNS-032_AML_015_01	194.18816	28.3
AML_015_02	SNS-032	SNS-032_AML_015_02	198.02786	26.9
AML_015_03	SNS-032	SNS-032_AML_015_03	192.60571	35.6
AML_015_04	SNS-032	SNS-032_AML_015_04	199.56514	28.2
AML_018_01	SNS-032	SNS-032_AML_018_01	196.06909	29.6
AML_019_01	SNS-032	SNS-032_AML_019_01	199.30116	33.6
AML_020_01	SNS-032	SNS-032_AML_020_01	202.10306	26.5
AML_022_01	SNS-032	SNS-032_AML_022_01	195.03525	23.4
AML_023_01	SNS-032	SNS-032_AML_023_01	189.75394	30.6
AML_023_03	SNS-032	SNS-032_AML_023_03	191.34085	27.6
AML_023_04	SNS-032	SNS-032_AML_023_04	191.91046	16.5
AML_024_01	SNS-032	SNS-032_AML_024_01	201.1394	27.0
AML_025_01	SNS-032	SNS-032_AML_025_01	197.69023	27.0
AML_026_01	SNS-032	SNS-032_AML_026_01	195.43932	23.6
AML_028_01	SNS-032	SNS-032_AML_028_01	201.754	11.4
AML_028_04	SNS-032	SNS-032_AML_028_04	200.16397	28.3
AML_029_01	SNS-032	SNS-032_AML_029_01	195.98586	32.4
AML_030_01	SNS-032	SNS-032_AML_030_01	190.2405	25.1
AML_032_01	SNS-032	SNS-032_AML_032_01	199.1076	24.4
AML_033_01	SNS-032	SNS-032_AML_033_01	195.96352	33.4
AML_033_02	SNS-032	SNS-032_AML_033_02	196.22057	32.6
AML_035_02	SNS-032	SNS-032_AML_035_02	203.65367	20.5
AML_035_04	SNS-032	SNS-032_AML_035_04	202.23035	27.7
AML_036_01	SNS-032	SNS-032_AML_036_01	189.37321	28.9
AML_041_01	SNS-032	SNS-032_AML_041_01	195.38977	14.9
AML_042_01	SNS-032	SNS-032_AML_042_01	194.1448	27.0
AML_043_02	SNS-032	SNS-032_AML_043_02	199.1939	31.7
AML_045_01	SNS-032	SNS-032_AML_045_01	197.21301	31.2
AML_046_01	SNS-032	SNS-032_AML_046_01	193.57237	36.2
AML_051_01	SNS-032	SNS-032_AML_051_01	190.21007	19.0
AML_052_01	SNS-032	SNS-032_AML_052_01	199.2921	34.7
AML_053_01	SNS-032	SNS-032_AML_053_01	199.38591	36.9
AML_054_01	SNS-032	SNS-032_AML_054_01	196.79755	45.0
AML_057_01	SNS-032	SNS-032_AML_057_01	191.35306	25.6
AML_058_01	SNS-032	SNS-032_AML_058_01	192.29755	26.3
AML_059_01	SNS-032	SNS-032_AML_059_01	193.36787	31.0
AML_060_01	SNS-032	SNS-032_AML_060_01	201.79364	31.0
AML_061_01	SNS-032	SNS-032_AML_061_01	194.09258	33.2
AML_062_01	SNS-032	SNS-032_AML_062_01	186.44292	33.4
AML_064_01	SNS-032	SNS-032_AML_064_01	190.77924	34.2
AML_065_01	SNS-032	SNS-032_AML_065_01	192.16385	31.7
AML_067_01	SNS-032	SNS-032_AML_067_01	188.70534	31.8
AML_070_01	SNS-032	SNS-032_AML_070_01	193.50578	24.7
AML_072_01	SNS-032	SNS-032_AML_072_01	201.78563	23.4
AML_073_01	SNS-032	SNS-032_AML_073_01	200.99373	5.2
AML_074_01	SNS-032	SNS-032_AML_074_01	193.47847	33.7
AML_075_01	SNS-032	SNS-032_AML_075_01	194.52458	28.4
AML_076_01	SNS-032	SNS-032_AML_076_01	198.4203	20.7
AML_076_02	SNS-032	SNS-032_AML_076_02	195.18965	22.8
AML_077_01	SNS-032	SNS-032_AML_077_01	198.58873	26.2
AML_078_02	SNS-032	SNS-032_AML_078_02	193.31352	32.2
AML_084_01	SNS-032	SNS-032_AML_084_01	195.4195	32.1
AML_086_02	SNS-032	SNS-032_AML_086_02	201.65143	21.7
AML_098_01	SNS-032	SNS-032_AML_098_01	190.51375	29.3
AML_100_01	SNS-032	SNS-032_AML_100_01	194.67795	23.4
AML_101_01	SNS-032	SNS-032_AML_101_01	192.17104	32.4
AML_101_02	SNS-032	SNS-032_AML_101_02	204.83607	26.6
AML_102_01	SNS-032	SNS-032_AML_102_01	186.493	29.1
AML_103_01	SNS-032	SNS-032_AML_103_01	186.11513	31.6
AML_103_02	SNS-032	SNS-032_AML_103_02	197.48537	37.6
AML_104_01	SNS-032	SNS-032_AML_104_01	193.97925	21.1
AML_108_01	SNS-032	SNS-032_AML_108_01	186.58376	34.7
AML_109_01	SNS-032	SNS-032_AML_109_01	197.34454	30.8
AML_110_01	SNS-032	SNS-032_AML_110_01	190.63887	27.2
AML_112_01	SNS-032	SNS-032_AML_112_01	188.78502	31.0
AML_112_02	SNS-032	SNS-032_AML_112_02	191.56216	31.4
AML_113_01	SNS-032	SNS-032_AML_113_01	196.1802	37.3
AML_114_01	SNS-032	SNS-032_AML_114_01	193.31523	32.7
AML_115_01	SNS-032	SNS-032_AML_115_01	191.90038	32.4
AML_116_01	SNS-032	SNS-032_AML_116_01	190.69693	32.2
AML_117_01	SNS-032	SNS-032_AML_117_01	196.21242	23.3
AML_119_01	SNS-032	SNS-032_AML_119_01	187.22737	33.9
AML_120_01	SNS-032	SNS-032_AML_120_01	193.34254	29.6
AML_120_03	SNS-032	SNS-032_AML_120_03	197.09944	18.7
AML_122_01	SNS-032	SNS-032_AML_122_01	192.56895	35.9
AML_123_01	SNS-032	SNS-032_AML_123_01	195.5292	28.1
AML_124_01	SNS-032	SNS-032_AML_124_01	200.21227	28.0
AML_125_01	SNS-032	SNS-032_AML_125_01	198.16158	21.0
AML_126_01	SNS-032	SNS-032_AML_126_01	193.05779	40.3
AML_127_01	SNS-032	SNS-032_AML_127_01	191.69806	33.5
AML_128_01	SNS-032	SNS-032_AML_128_01	200.9798	26.5
AML_129_02	SNS-032	SNS-032_AML_129_02	189.56596	28.6
AML_129_03	SNS-032	SNS-032_AML_129_03	193.27298	26.8
AML_131_01	SNS-032	SNS-032_AML_131_01	193.25578	35.3
AML_133_01	SNS-032	SNS-032_AML_133_01	200.67616	38.0
AML_134_01	SNS-032	SNS-032_AML_134_01	200.65985	23.4
AML_135_01	SNS-032	SNS-032_AML_135_01	198.82213	28.6
AML_138_01	SNS-032	SNS-032_AML_138_01	203.38019	30.2
AML_139_01	SNS-032	SNS-032_AML_139_01	200.16661	29.3
AML_140_01	SNS-032	SNS-032_AML_140_01	196.0019	26.3
AML_142_01	SNS-032	SNS-032_AML_142_01	200.04715	41.2
AML_143_01	SNS-032	SNS-032_AML_143_01	193.7986	27.5
AML_144_01	SNS-032	SNS-032_AML_144_01	199.27444	28.1
AML_146_01	SNS-032	SNS-032_AML_146_01	199.11209	31.2
AML_147_01	SNS-032	SNS-032_AML_147_01	193.55771	27.6
AML_151_01	SNS-032	SNS-032_AML_151_01	187.99469	38.3
AML_152_01	SNS-032	SNS-032_AML_152_01	195.08047	32.5
AML_153_01	SNS-032	SNS-032_AML_153_01	199.29826	9.6
AML_156_01	SNS-032	SNS-032_AML_156_01	195.33575	32.5
AML_157_01	SNS-032	SNS-032_AML_157_01	192.35313	34.3
AML_157_02	SNS-032	SNS-032_AML_157_02	192.98143	39.2
AML_158_01	SNS-032	SNS-032_AML_158_01	197.31918	28.2
AML_159_01	SNS-032	SNS-032_AML_159_01	197.54039	24.8
AML_160_01	SNS-032	SNS-032_AML_160_01	195.62946	33.8
AML_161_01	SNS-032	SNS-032_AML_161_01	195.87032	32.5
AML_175_01	SNS-032	SNS-032_AML_175_01	194.41237	28.4
AML_179_01	SNS-032	SNS-032_AML_179_01	199.48558	27.3
AML_183_01	SNS-032	SNS-032_AML_183_01	195.67609	23.1
AML_183_02	SNS-032	SNS-032_AML_183_02	189.00742	30.5
AML_183_03	SNS-032	SNS-032_AML_183_03	190.77216	30.1
AML_184_01	SNS-032	SNS-032_AML_184_01	190.60173	28.2
AML_185_01	SNS-032	SNS-032_AML_185_01	202.6069	24.7
AML_001_01	Sorafenib	Sorafenib_AML_001_01	220.66522	3.6
AML_001_03	Sorafenib	Sorafenib_AML_001_03	221.00899	0.0
AML_002_01	Sorafenib	Sorafenib_AML_002_01	220.67932	8.8
AML_003_02	Sorafenib	Sorafenib_AML_003_02	224.61406	0.0
AML_004_01	Sorafenib	Sorafenib_AML_004_01	217.81288	0.3
AML_006_02	Sorafenib	Sorafenib_AML_006_02	224.59886	0.0
AML_007_01	Sorafenib	Sorafenib_AML_007_01	219.67331	0.0
AML_007_02	Sorafenib	Sorafenib_AML_007_02	221.73036	0.0
AML_012_01	Sorafenib	Sorafenib_AML_012_01	215.98091	16.1
AML_013_01	Sorafenib	Sorafenib_AML_013_01	217.66653	17.6
AML_014_01	Sorafenib	Sorafenib_AML_014_01	218.01573	0.0
AML_015_01	Sorafenib	Sorafenib_AML_015_01	215.04562	13.4
AML_015_02	Sorafenib	Sorafenib_AML_015_02	218.32661	8.3
AML_015_03	Sorafenib	Sorafenib_AML_015_03	216.44872	16.7
AML_015_04	Sorafenib	Sorafenib_AML_015_04	219.41016	28.5
AML_018_01	Sorafenib	Sorafenib_AML_018_01	216.9133	14.1
AML_019_01	Sorafenib	Sorafenib_AML_019_01	216.96727	0.0
AML_020_01	Sorafenib	Sorafenib_AML_020_01	220.30736	0.0
AML_022_01	Sorafenib	Sorafenib_AML_022_01	220.28983	7.2
AML_023_01	Sorafenib	Sorafenib_AML_023_01	213.03094	13.2
AML_023_03	Sorafenib	Sorafenib_AML_023_03	214.68173	5.6
AML_023_04	Sorafenib	Sorafenib_AML_023_04	213.85834	4.7
AML_024_01	Sorafenib	Sorafenib_AML_024_01	219.48311	0.0
AML_025_01	Sorafenib	Sorafenib_AML_025_01	223.48253	0.0
AML_026_01	Sorafenib	Sorafenib_AML_026_01	219.28532	0.0
AML_028_01	Sorafenib	Sorafenib_AML_028_01	218.3584	2.6
AML_028_04	Sorafenib	Sorafenib_AML_028_04	215.28339	19.5
AML_029_01	Sorafenib	Sorafenib_AML_029_01	218.50174	0.0
AML_030_01	Sorafenib	Sorafenib_AML_030_01	212.77301	0.0
AML_032_01	Sorafenib	Sorafenib_AML_032_01	221.42311	0.0
AML_033_01	Sorafenib	Sorafenib_AML_033_01	218.25407	2.7
AML_033_02	Sorafenib	Sorafenib_AML_033_02	213.24359	1.3
AML_035_02	Sorafenib	Sorafenib_AML_035_02	223.81665	0.0
AML_035_04	Sorafenib	Sorafenib_AML_035_04	217.9414	0.0
AML_036_01	Sorafenib	Sorafenib_AML_036_01	214.87843	0.0
AML_040_01	Sorafenib	Sorafenib_AML_040_01	214.07098	2.3
AML_041_01	Sorafenib	Sorafenib_AML_041_01	219.86574	2.3
AML_042_01	Sorafenib	Sorafenib_AML_042_01	218.63712	0.0
AML_043_02	Sorafenib	Sorafenib_AML_043_02	213.99179	0.0
AML_045_01	Sorafenib	Sorafenib_AML_045_01	218.94888	0.0
AML_046_01	Sorafenib	Sorafenib_AML_046_01	213.27127	27.0
AML_051_01	Sorafenib	Sorafenib_AML_051_01	211.47456	0.9
AML_052_01	Sorafenib	Sorafenib_AML_052_01	220.45332	0.0
AML_053_01	Sorafenib	Sorafenib_AML_053_01	226.13814	0.0
AML_054_01	Sorafenib	Sorafenib_AML_054_01	214.96664	6.0
AML_057_01	Sorafenib	Sorafenib_AML_057_01	216.06758	0.0
AML_058_01	Sorafenib	Sorafenib_AML_058_01	215.6519	1.3
AML_059_01	Sorafenib	Sorafenib_AML_059_01	214.71196	3.5
AML_060_01	Sorafenib	Sorafenib_AML_060_01	219.51631	0.8
AML_061_01	Sorafenib	Sorafenib_AML_061_01	215.77538	0.0
AML_062_01	Sorafenib	Sorafenib_AML_062_01	209.04361	0.7
AML_064_01	Sorafenib	Sorafenib_AML_064_01	214.6966	0.0
AML_065_01	Sorafenib	Sorafenib_AML_065_01	214.39745	1.2
AML_067_01	Sorafenib	Sorafenib_AML_067_01	215.83122	3.1
AML_070_01	Sorafenib	Sorafenib_AML_070_01	215.9334	0.0
AML_072_01	Sorafenib	Sorafenib_AML_072_01	222.29651	0.0
AML_073_01	Sorafenib	Sorafenib_AML_073_01	222.2591	0.0
AML_074_01	Sorafenib	Sorafenib_AML_074_01	217.879	0.0
AML_075_01	Sorafenib	Sorafenib_AML_075_01	216.07962	0.5
AML_076_01	Sorafenib	Sorafenib_AML_076_01	223.86815	0.0
AML_076_02	Sorafenib	Sorafenib_AML_076_02	216.63614	1.8
AML_077_01	Sorafenib	Sorafenib_AML_077_01	220.40488	0.0
AML_078_02	Sorafenib	Sorafenib_AML_078_02	218.87709	0.0
AML_084_01	Sorafenib	Sorafenib_AML_084_01	216.33257	3.7
AML_086_02	Sorafenib	Sorafenib_AML_086_02	220.55914	0.0
AML_098_01	Sorafenib	Sorafenib_AML_098_01	213.99911	0.0
AML_100_01	Sorafenib	Sorafenib_AML_100_01	219.97934	0.0
AML_101_01	Sorafenib	Sorafenib_AML_101_01	209.60283	8.5
AML_101_02	Sorafenib	Sorafenib_AML_101_02	222.0225	0.0
AML_102_01	Sorafenib	Sorafenib_AML_102_01	211.12442	0.0
AML_103_01	Sorafenib	Sorafenib_AML_103_01	207.90088	0.0
AML_103_02	Sorafenib	Sorafenib_AML_103_02	212.87523	0.0
AML_104_01	Sorafenib	Sorafenib_AML_104_01	221.32683	0.0
AML_108_01	Sorafenib	Sorafenib_AML_108_01	209.06465	0.0
AML_109_01	Sorafenib	Sorafenib_AML_109_01	214.58385	0.0
AML_110_01	Sorafenib	Sorafenib_AML_110_01	215.22296	0.0
AML_112_01	Sorafenib	Sorafenib_AML_112_01	213.13779	0.0
AML_112_02	Sorafenib	Sorafenib_AML_112_02	216.41417	0.0
AML_113_01	Sorafenib	Sorafenib_AML_113_01	215.57487	0.0
AML_114_01	Sorafenib	Sorafenib_AML_114_01	217.05573	0.0
AML_115_01	Sorafenib	Sorafenib_AML_115_01	212.54872	0.8
AML_116_01	Sorafenib	Sorafenib_AML_116_01	216.12787	0.0
AML_117_01	Sorafenib	Sorafenib_AML_117_01	217.52686	0.0
AML_119_01	Sorafenib	Sorafenib_AML_119_01	210.76811	0.0
AML_120_01	Sorafenib	Sorafenib_AML_120_01	215.93268	23.9
AML_120_03	Sorafenib	Sorafenib_AML_120_03	218.25449	11.2
AML_122_01	Sorafenib	Sorafenib_AML_122_01	217.62344	0.0
AML_123_01	Sorafenib	Sorafenib_AML_123_01	220.33713	0.0
AML_124_01	Sorafenib	Sorafenib_AML_124_01	221.64577	0.0
AML_125_01	Sorafenib	Sorafenib_AML_125_01	219.98387	0.0
AML_126_01	Sorafenib	Sorafenib_AML_126_01	216.60905	1.4
AML_127_01	Sorafenib	Sorafenib_AML_127_01	217.52063	0.0
AML_128_01	Sorafenib	Sorafenib_AML_128_01	222.40968	0.0
AML_129_02	Sorafenib	Sorafenib_AML_129_02	213.14684	22.7
AML_129_03	Sorafenib	Sorafenib_AML_129_03	216.13431	11.3
AML_131_01	Sorafenib	Sorafenib_AML_131_01	218.28156	0.0
AML_133_01	Sorafenib	Sorafenib_AML_133_01	219.3023	0.0
AML_134_01	Sorafenib	Sorafenib_AML_134_01	217.5048	0.0
AML_135_01	Sorafenib	Sorafenib_AML_135_01	221.33331	0.0
AML_138_01	Sorafenib	Sorafenib_AML_138_01	223.20628	0.0
AML_139_01	Sorafenib	Sorafenib_AML_139_01	226.95148	0.0
AML_140_01	Sorafenib	Sorafenib_AML_140_01	220.0154	0.0
AML_142_01	Sorafenib	Sorafenib_AML_142_01	216.35031	3.9
AML_143_01	Sorafenib	Sorafenib_AML_143_01	215.85713	0.0
AML_144_01	Sorafenib	Sorafenib_AML_144_01	221.96953	0.0
AML_146_01	Sorafenib	Sorafenib_AML_146_01	220.2991	0.0
AML_147_01	Sorafenib	Sorafenib_AML_147_01	215.77011	0.0
AML_151_01	Sorafenib	Sorafenib_AML_151_01	210.69627	1.0
AML_152_01	Sorafenib	Sorafenib_AML_152_01	215.84885	0.0
AML_153_01	Sorafenib	Sorafenib_AML_153_01	215.00163	0.0
AML_156_01	Sorafenib	Sorafenib_AML_156_01	216.8176	0.0
AML_157_01	Sorafenib	Sorafenib_AML_157_01	218.13162	0.5
AML_157_02	Sorafenib	Sorafenib_AML_157_02	219.87355	2.3
AML_158_01	Sorafenib	Sorafenib_AML_158_01	219.75775	0.0
AML_159_01	Sorafenib	Sorafenib_AML_159_01	220.33316	0.0
AML_160_01	Sorafenib	Sorafenib_AML_160_01	215.71324	0.0
AML_161_01	Sorafenib	Sorafenib_AML_161_01	212.5675	0.0
AML_175_01	Sorafenib	Sorafenib_AML_175_01	218.93675	0.0
AML_179_01	Sorafenib	Sorafenib_AML_179_01	217.23897	18.1
AML_183_01	Sorafenib	Sorafenib_AML_183_01	215.87677	0.0
AML_183_02	Sorafenib	Sorafenib_AML_183_02	214.38243	0.0
AML_183_03	Sorafenib	Sorafenib_AML_183_03	213.63358	0.0
AML_184_01	Sorafenib	Sorafenib_AML_184_01	215.24484	1.9
AML_185_01	Sorafenib	Sorafenib_AML_185_01	222.61998	0.0
AML_001_01	Sunitinib	Sunitinib_AML_001_01	213.89621	0.0
AML_001_03	Sunitinib	Sunitinib_AML_001_03	212.41695	1.7
AML_002_01	Sunitinib	Sunitinib_AML_002_01	215.68233	4.7
AML_003_02	Sunitinib	Sunitinib_AML_003_02	220.40106	5.3
AML_004_01	Sunitinib	Sunitinib_AML_004_01	212.97682	3.4
AML_006_02	Sunitinib	Sunitinib_AML_006_02	217.90073	2.4
AML_007_01	Sunitinib	Sunitinib_AML_007_01	211.51657	1.7
AML_007_02	Sunitinib	Sunitinib_AML_007_02	215.30983	0.3
AML_012_01	Sunitinib	Sunitinib_AML_012_01	211.27899	23.2
AML_013_01	Sunitinib	Sunitinib_AML_013_01	211.4333	19.6
AML_014_01	Sunitinib	Sunitinib_AML_014_01	210.95282	7.4
AML_015_01	Sunitinib	Sunitinib_AML_015_01	209.60602	20.0
AML_015_02	Sunitinib	Sunitinib_AML_015_02	212.42712	15.0
AML_015_03	Sunitinib	Sunitinib_AML_015_03	210.97736	20.8
AML_015_04	Sunitinib	Sunitinib_AML_015_04	213.60002	31.1
AML_018_01	Sunitinib	Sunitinib_AML_018_01	210.68858	21.6
AML_019_01	Sunitinib	Sunitinib_AML_019_01	211.71623	0.4
AML_020_01	Sunitinib	Sunitinib_AML_020_01	215.40727	6.8
AML_022_01	Sunitinib	Sunitinib_AML_022_01	212.02112	12.9
AML_023_01	Sunitinib	Sunitinib_AML_023_01	204.83008	16.3
AML_023_03	Sunitinib	Sunitinib_AML_023_03	206.71455	2.6
AML_023_04	Sunitinib	Sunitinib_AML_023_04	207.12936	8.0
AML_024_01	Sunitinib	Sunitinib_AML_024_01	213.5535	2.6
AML_025_01	Sunitinib	Sunitinib_AML_025_01	213.99953	1.3
AML_026_01	Sunitinib	Sunitinib_AML_026_01	213.3359	0.3
AML_028_01	Sunitinib	Sunitinib_AML_028_01	212.53685	8.4
AML_028_04	Sunitinib	Sunitinib_AML_028_04	211.42932	22.2
AML_029_01	Sunitinib	Sunitinib_AML_029_01	211.36136	0.8
AML_030_01	Sunitinib	Sunitinib_AML_030_01	206.25562	0.0
AML_032_01	Sunitinib	Sunitinib_AML_032_01	214.65784	0.2
AML_033_01	Sunitinib	Sunitinib_AML_033_01	210.1798	5.4
AML_033_02	Sunitinib	Sunitinib_AML_033_02	208.03923	4.9
AML_035_02	Sunitinib	Sunitinib_AML_035_02	217.97658	0.0
AML_035_04	Sunitinib	Sunitinib_AML_035_04	216.35136	0.0
AML_036_01	Sunitinib	Sunitinib_AML_036_01	207.01367	0.0
AML_040_01	Sunitinib	Sunitinib_AML_040_01	207.53874	11.3
AML_041_01	Sunitinib	Sunitinib_AML_041_01	210.45131	3.7
AML_042_01	Sunitinib	Sunitinib_AML_042_01	212.87181	6.6
AML_043_02	Sunitinib	Sunitinib_AML_043_02	211.23915	1.6
AML_045_01	Sunitinib	Sunitinib_AML_045_01	211.12766	0.6
AML_046_01	Sunitinib	Sunitinib_AML_046_01	207.31516	26.4
AML_051_01	Sunitinib	Sunitinib_AML_051_01	205.75507	2.9
AML_052_01	Sunitinib	Sunitinib_AML_052_01	215.56656	0.0
AML_053_01	Sunitinib	Sunitinib_AML_053_01	219.06567	4.9
AML_054_01	Sunitinib	Sunitinib_AML_054_01	209.01434	12.4
AML_057_01	Sunitinib	Sunitinib_AML_057_01	208.86809	4.9
AML_058_01	Sunitinib	Sunitinib_AML_058_01	208.72481	5.8
AML_059_01	Sunitinib	Sunitinib_AML_059_01	207.28084	4.8
AML_060_01	Sunitinib	Sunitinib_AML_060_01	213.03423	1.1
AML_061_01	Sunitinib	Sunitinib_AML_061_01	208.2275	3.5
AML_062_01	Sunitinib	Sunitinib_AML_062_01	199.81003	9.4
AML_064_01	Sunitinib	Sunitinib_AML_064_01	208.4083	2.1
AML_065_01	Sunitinib	Sunitinib_AML_065_01	206.8666	6.5
AML_067_01	Sunitinib	Sunitinib_AML_067_01	205.95093	11.3
AML_070_01	Sunitinib	Sunitinib_AML_070_01	209.98424	1.4
AML_072_01	Sunitinib	Sunitinib_AML_072_01	215.66333	0.0
AML_073_01	Sunitinib	Sunitinib_AML_073_01	216.04243	0.0
AML_074_01	Sunitinib	Sunitinib_AML_074_01	208.54248	0.0
AML_075_01	Sunitinib	Sunitinib_AML_075_01	210.2027	3.3
AML_076_01	Sunitinib	Sunitinib_AML_076_01	214.29544	0.0
AML_076_02	Sunitinib	Sunitinib_AML_076_02	209.86397	4.7
AML_077_01	Sunitinib	Sunitinib_AML_077_01	213.7653	0.5
AML_078_02	Sunitinib	Sunitinib_AML_078_02	208.4393	0.1
AML_084_01	Sunitinib	Sunitinib_AML_084_01	210.40692	12.9
AML_086_02	Sunitinib	Sunitinib_AML_086_02	214.86885	2.9
AML_098_01	Sunitinib	Sunitinib_AML_098_01	206.64816	0.0
AML_100_01	Sunitinib	Sunitinib_AML_100_01	211.69023	0.1
AML_101_01	Sunitinib	Sunitinib_AML_101_01	205.40231	11.8
AML_101_02	Sunitinib	Sunitinib_AML_101_02	216.3383	0.5
AML_102_01	Sunitinib	Sunitinib_AML_102_01	202.84108	0.0
AML_103_01	Sunitinib	Sunitinib_AML_103_01	199.09616	0.5
AML_103_02	Sunitinib	Sunitinib_AML_103_02	208.43585	4.0
AML_104_01	Sunitinib	Sunitinib_AML_104_01	211.6052	0.0
AML_108_01	Sunitinib	Sunitinib_AML_108_01	202.16185	1.3
AML_109_01	Sunitinib	Sunitinib_AML_109_01	209.26854	2.1
AML_110_01	Sunitinib	Sunitinib_AML_110_01	210.01826	2.9
AML_112_01	Sunitinib	Sunitinib_AML_112_01	202.99164	3.9
AML_112_02	Sunitinib	Sunitinib_AML_112_02	208.54706	2.5
AML_113_01	Sunitinib	Sunitinib_AML_113_01	208.4512	4.3
AML_114_01	Sunitinib	Sunitinib_AML_114_01	208.92258	0.0
AML_115_01	Sunitinib	Sunitinib_AML_115_01	205.35399	7.3
AML_116_01	Sunitinib	Sunitinib_AML_116_01	208.9839	0.0
AML_117_01	Sunitinib	Sunitinib_AML_117_01	211.25894	0.3
AML_119_01	Sunitinib	Sunitinib_AML_119_01	202.68916	2.2
AML_120_01	Sunitinib	Sunitinib_AML_120_01	209.28047	25.0
AML_120_03	Sunitinib	Sunitinib_AML_120_03	212.8259	17.5
AML_122_01	Sunitinib	Sunitinib_AML_122_01	210.8168	0.0
AML_123_01	Sunitinib	Sunitinib_AML_123_01	213.87675	4.8
AML_124_01	Sunitinib	Sunitinib_AML_124_01	214.43875	4.1
AML_125_01	Sunitinib	Sunitinib_AML_125_01	213.81015	1.0
AML_126_01	Sunitinib	Sunitinib_AML_126_01	208.81061	4.9
AML_127_01	Sunitinib	Sunitinib_AML_127_01	209.96881	0.0
AML_128_01	Sunitinib	Sunitinib_AML_128_01	216.40186	1.1
AML_129_02	Sunitinib	Sunitinib_AML_129_02	205.88441	22.3
AML_129_03	Sunitinib	Sunitinib_AML_129_03	209.27303	8.6
AML_131_01	Sunitinib	Sunitinib_AML_131_01	209.69173	0.0
AML_133_01	Sunitinib	Sunitinib_AML_133_01	214.21939	1.4
AML_134_01	Sunitinib	Sunitinib_AML_134_01	213.968	0.3
AML_135_01	Sunitinib	Sunitinib_AML_135_01	214.61603	6.0
AML_138_01	Sunitinib	Sunitinib_AML_138_01	218.02351	1.0
AML_139_01	Sunitinib	Sunitinib_AML_139_01	221.10013	4.6
AML_140_01	Sunitinib	Sunitinib_AML_140_01	211.68758	0.1
AML_142_01	Sunitinib	Sunitinib_AML_142_01	211.97449	10.9
AML_143_01	Sunitinib	Sunitinib_AML_143_01	209.23392	0.0
AML_144_01	Sunitinib	Sunitinib_AML_144_01	216.84702	2.2
AML_146_01	Sunitinib	Sunitinib_AML_146_01	214.5807	0.0
AML_147_01	Sunitinib	Sunitinib_AML_147_01	208.74904	2.7
AML_151_01	Sunitinib	Sunitinib_AML_151_01	203.06352	4.0
AML_152_01	Sunitinib	Sunitinib_AML_152_01	209.43213	0.1
AML_153_01	Sunitinib	Sunitinib_AML_153_01	211.941	0.2
AML_156_01	Sunitinib	Sunitinib_AML_156_01	210.61838	2.4
AML_157_01	Sunitinib	Sunitinib_AML_157_01	210.90613	7.1
AML_157_02	Sunitinib	Sunitinib_AML_157_02	213.6046	8.5
AML_158_01	Sunitinib	Sunitinib_AML_158_01	212.3842	0.7
AML_159_01	Sunitinib	Sunitinib_AML_159_01	213.59422	3.3
AML_160_01	Sunitinib	Sunitinib_AML_160_01	209.8186	2.6
AML_161_01	Sunitinib	Sunitinib_AML_161_01	207.7886	2.5
AML_175_01	Sunitinib	Sunitinib_AML_175_01	209.39067	1.0
AML_179_01	Sunitinib	Sunitinib_AML_179_01	212.62573	7.1
AML_183_01	Sunitinib	Sunitinib_AML_183_01	209.94106	0.0
AML_183_02	Sunitinib	Sunitinib_AML_183_02	206.12334	0.0
AML_183_03	Sunitinib	Sunitinib_AML_183_03	205.89026	0.0
AML_184_01	Sunitinib	Sunitinib_AML_184_01	205.39384	10.7
AML_185_01	Sunitinib	Sunitinib_AML_185_01	218.79123	0.6
AML_001_01	Tandutinib	Tandutinib_AML_001_01	207.36594	0.0
AML_001_03	Tandutinib	Tandutinib_AML_001_03	205.0039	0.0
AML_002_01	Tandutinib	Tandutinib_AML_002_01	210.81058	2.8
AML_003_02	Tandutinib	Tandutinib_AML_003_02	213.8974	0.0
AML_004_01	Tandutinib	Tandutinib_AML_004_01	207.52954	0.1
AML_006_02	Tandutinib	Tandutinib_AML_006_02	213.77675	0.0
AML_007_01	Tandutinib	Tandutinib_AML_007_01	204.39925	0.0
AML_007_02	Tandutinib	Tandutinib_AML_007_02	205.88025	0.0
AML_012_01	Tandutinib	Tandutinib_AML_012_01	208.75021	7.0
AML_013_01	Tandutinib	Tandutinib_AML_013_01	210.27385	6.8
AML_014_01	Tandutinib	Tandutinib_AML_014_01	204.70406	0.5
AML_015_01	Tandutinib	Tandutinib_AML_015_01	205.28557	10.4
AML_015_02	Tandutinib	Tandutinib_AML_015_02	207.67126	7.8
AML_015_03	Tandutinib	Tandutinib_AML_015_03	204.39012	9.8
AML_015_04	Tandutinib	Tandutinib_AML_015_04	211.19824	18.0
AML_018_01	Tandutinib	Tandutinib_AML_018_01	206.74297	12.2
AML_019_01	Tandutinib	Tandutinib_AML_019_01	208.54768	1.1
AML_020_01	Tandutinib	Tandutinib_AML_020_01	211.24426	0.2
AML_023_01	Tandutinib	Tandutinib_AML_023_01	199.21149	8.9
AML_023_03	Tandutinib	Tandutinib_AML_023_03	199.63004	0.0
AML_023_04	Tandutinib	Tandutinib_AML_023_04	200.05254	0.2
AML_024_01	Tandutinib	Tandutinib_AML_024_01	210.53102	0.0
AML_025_01	Tandutinib	Tandutinib_AML_025_01	209.93239	1.0
AML_026_01	Tandutinib	Tandutinib_AML_026_01	207.41605	0.0
AML_028_01	Tandutinib	Tandutinib_AML_028_01	208.79718	2.7
AML_028_04	Tandutinib	Tandutinib_AML_028_04	207.43204	12.5
AML_029_01	Tandutinib	Tandutinib_AML_029_01	206.01945	0.0
AML_030_01	Tandutinib	Tandutinib_AML_030_01	199.21089	0.0
AML_032_01	Tandutinib	Tandutinib_AML_032_01	209.02908	0.0
AML_033_01	Tandutinib	Tandutinib_AML_033_01	206.99931	2.9
AML_033_02	Tandutinib	Tandutinib_AML_033_02	206.27545	2.9
AML_035_02	Tandutinib	Tandutinib_AML_035_02	213.70737	0.0
AML_035_04	Tandutinib	Tandutinib_AML_035_04	210.7603	0.0
AML_036_01	Tandutinib	Tandutinib_AML_036_01	198.39604	0.0
AML_040_01	Tandutinib	Tandutinib_AML_040_01	201.97604	0.4
AML_041_01	Tandutinib	Tandutinib_AML_041_01	205.33429	1.1
AML_042_01	Tandutinib	Tandutinib_AML_042_01	204.99097	0.0
AML_043_02	Tandutinib	Tandutinib_AML_043_02	208.4016	0.1
AML_045_01	Tandutinib	Tandutinib_AML_045_01	206.76904	0.0
AML_046_01	Tandutinib	Tandutinib_AML_046_01	202.39578	12.5
AML_051_01	Tandutinib	Tandutinib_AML_051_01	200.08281	1.7
AML_052_01	Tandutinib	Tandutinib_AML_052_01	210.30006	0.0
AML_053_01	Tandutinib	Tandutinib_AML_053_01	211.77167	0.0
AML_054_01	Tandutinib	Tandutinib_AML_054_01	205.91176	2.8
AML_057_01	Tandutinib	Tandutinib_AML_057_01	201.55829	2.7
AML_058_01	Tandutinib	Tandutinib_AML_058_01	204.87439	0.2
AML_059_01	Tandutinib	Tandutinib_AML_059_01	203.62436	2.2
AML_060_01	Tandutinib	Tandutinib_AML_060_01	209.10193	0.2
AML_061_01	Tandutinib	Tandutinib_AML_061_01	201.45398	0.0
AML_064_01	Tandutinib	Tandutinib_AML_064_01	200.06073	0.0
AML_065_01	Tandutinib	Tandutinib_AML_065_01	201.14848	3.2
AML_067_01	Tandutinib	Tandutinib_AML_067_01	198.77661	4.5
AML_070_01	Tandutinib	Tandutinib_AML_070_01	204.19969	0.0
AML_072_01	Tandutinib	Tandutinib_AML_072_01	213.62207	0.0
AML_073_01	Tandutinib	Tandutinib_AML_073_01	212.6875	4.1
AML_074_01	Tandutinib	Tandutinib_AML_074_01	206.64766	1.2
AML_075_01	Tandutinib	Tandutinib_AML_075_01	204.91275	0.5
AML_076_01	Tandutinib	Tandutinib_AML_076_01	208.66797	0.0
AML_076_02	Tandutinib	Tandutinib_AML_076_02	203.83841	1.7
AML_077_01	Tandutinib	Tandutinib_AML_077_01	208.2166	0.3
AML_078_02	Tandutinib	Tandutinib_AML_078_02	203.99974	0.9
AML_084_01	Tandutinib	Tandutinib_AML_084_01	204.74608	0.9
AML_086_02	Tandutinib	Tandutinib_AML_086_02	210.19455	2.5
AML_098_01	Tandutinib	Tandutinib_AML_098_01	199.73178	0.5
AML_100_01	Tandutinib	Tandutinib_AML_100_01	206.07787	0.7
AML_101_01	Tandutinib	Tandutinib_AML_101_01	201.44145	4.2
AML_101_02	Tandutinib	Tandutinib_AML_101_02	214.02963	0.0
AML_102_01	Tandutinib	Tandutinib_AML_102_01	196.07262	0.0
AML_103_01	Tandutinib	Tandutinib_AML_103_01	193.89922	0.0
AML_103_02	Tandutinib	Tandutinib_AML_103_02	205.4527	2.7
AML_104_01	Tandutinib	Tandutinib_AML_104_01	204.48853	0.0
AML_108_01	Tandutinib	Tandutinib_AML_108_01	195.60384	1.7
AML_109_01	Tandutinib	Tandutinib_AML_109_01	204.77473	1.6
AML_110_01	Tandutinib	Tandutinib_AML_110_01	201.93356	2.3
AML_112_01	Tandutinib	Tandutinib_AML_112_01	198.00873	0.0
AML_112_02	Tandutinib	Tandutinib_AML_112_02	202.861	2.2
AML_113_01	Tandutinib	Tandutinib_AML_113_01	202.12685	1.4
AML_114_01	Tandutinib	Tandutinib_AML_114_01	202.62772	0.0
AML_115_01	Tandutinib	Tandutinib_AML_115_01	199.48848	4.6
AML_116_01	Tandutinib	Tandutinib_AML_116_01	203.15903	0.0
AML_117_01	Tandutinib	Tandutinib_AML_117_01	207.93982	1.5
AML_119_01	Tandutinib	Tandutinib_AML_119_01	197.52534	0.5
AML_120_01	Tandutinib	Tandutinib_AML_120_01	203.6666	14.4
AML_120_03	Tandutinib	Tandutinib_AML_120_03	207.52286	5.3
AML_122_01	Tandutinib	Tandutinib_AML_122_01	203.09332	0.4
AML_123_01	Tandutinib	Tandutinib_AML_123_01	207.66039	1.2
AML_124_01	Tandutinib	Tandutinib_AML_124_01	210.69565	1.5
AML_125_01	Tandutinib	Tandutinib_AML_125_01	208.73047	0.4
AML_126_01	Tandutinib	Tandutinib_AML_126_01	203.5747	0.0
AML_127_01	Tandutinib	Tandutinib_AML_127_01	203.25523	0.1
AML_128_01	Tandutinib	Tandutinib_AML_128_01	211.16484	0.0
AML_129_02	Tandutinib	Tandutinib_AML_129_02	199.44806	5.4
AML_129_03	Tandutinib	Tandutinib_AML_129_03	203.72661	1.5
AML_131_01	Tandutinib	Tandutinib_AML_131_01	202.27632	0.2
AML_133_01	Tandutinib	Tandutinib_AML_133_01	210.82336	0.2
AML_134_01	Tandutinib	Tandutinib_AML_134_01	208.75769	0.5
AML_135_01	Tandutinib	Tandutinib_AML_135_01	209.59001	0.3
AML_138_01	Tandutinib	Tandutinib_AML_138_01	213.26132	2.1
AML_139_01	Tandutinib	Tandutinib_AML_139_01	213.96684	2.0
AML_140_01	Tandutinib	Tandutinib_AML_140_01	205.99034	0.4
AML_142_01	Tandutinib	Tandutinib_AML_142_01	209.05862	5.2
AML_143_01	Tandutinib	Tandutinib_AML_143_01	204.08946	0.2
AML_144_01	Tandutinib	Tandutinib_AML_144_01	210.07204	0.9
AML_146_01	Tandutinib	Tandutinib_AML_146_01	209.22087	0.0
AML_147_01	Tandutinib	Tandutinib_AML_147_01	203.65903	4.1
AML_151_01	Tandutinib	Tandutinib_AML_151_01	198.35988	0.0
AML_152_01	Tandutinib	Tandutinib_AML_152_01	203.58875	0.3
AML_153_01	Tandutinib	Tandutinib_AML_153_01	208.15607	0.1
AML_156_01	Tandutinib	Tandutinib_AML_156_01	205.07808	0.0
AML_157_01	Tandutinib	Tandutinib_AML_157_01	204.2878	3.2
AML_157_02	Tandutinib	Tandutinib_AML_157_02	206.18307	3.6
AML_158_01	Tandutinib	Tandutinib_AML_158_01	207.15768	0.2
AML_159_01	Tandutinib	Tandutinib_AML_159_01	208.62726	1.5
AML_160_01	Tandutinib	Tandutinib_AML_160_01	203.1748	2.0
AML_161_01	Tandutinib	Tandutinib_AML_161_01	205.36794	9.3
AML_175_01	Tandutinib	Tandutinib_AML_175_01	204.44016	0.0
AML_179_01	Tandutinib	Tandutinib_AML_179_01	209.04938	6.9
AML_183_01	Tandutinib	Tandutinib_AML_183_01	203.11702	0.0
AML_183_02	Tandutinib	Tandutinib_AML_183_02	199.47748	0.1
AML_183_03	Tandutinib	Tandutinib_AML_183_03	199.14375	0.5
AML_184_01	Tandutinib	Tandutinib_AML_184_01	201.6919	2.4
AML_185_01	Tandutinib	Tandutinib_AML_185_01	214.97562	0.0
AML_001_01	17-AAG	17-AAG_AML_001_01	206.83646	1.6
AML_001_03	17-AAG	17-AAG_AML_001_03	203.71597	19.6
AML_002_01	17-AAG	17-AAG_AML_002_01	210.29274	13.7
AML_003_02	17-AAG	17-AAG_AML_003_02	211.74223	11.3
AML_004_01	17-AAG	17-AAG_AML_004_01	206.08072	17.4
AML_006_02	17-AAG	17-AAG_AML_006_02	211.25711	11.9
AML_007_01	17-AAG	17-AAG_AML_007_01	205.41539	14.5
AML_007_02	17-AAG	17-AAG_AML_007_02	206.4518	19.1
AML_012_01	17-AAG	17-AAG_AML_012_01	206.55374	15.5
AML_013_01	17-AAG	17-AAG_AML_013_01	209.79227	13.0
AML_014_01	17-AAG	17-AAG_AML_014_01	202.32314	16.0
AML_015_01	17-AAG	17-AAG_AML_015_01	204.26411	20.5
AML_015_02	17-AAG	17-AAG_AML_015_02	208.10738	18.5
AML_015_03	17-AAG	17-AAG_AML_015_03	203.05504	26.5
AML_015_04	17-AAG	17-AAG_AML_015_04	208.17638	24.0
AML_018_01	17-AAG	17-AAG_AML_018_01	205.43573	21.8
AML_019_01	17-AAG	17-AAG_AML_019_01	207.10432	11.4
AML_020_01	17-AAG	17-AAG_AML_020_01	210.09128	4.3
AML_022_01	17-AAG	17-AAG_AML_022_01	205.8307	13.4
AML_023_01	17-AAG	17-AAG_AML_023_01	199.6141	18.4
AML_023_03	17-AAG	17-AAG_AML_023_03	200.82973	16.9
AML_023_04	17-AAG	17-AAG_AML_023_04	200.6911	14.3
AML_024_01	17-AAG	17-AAG_AML_024_01	209.35216	12.3
AML_025_01	17-AAG	17-AAG_AML_025_01	209.05869	13.9
AML_026_01	17-AAG	17-AAG_AML_026_01	206.25475	13.3
AML_028_01	17-AAG	17-AAG_AML_028_01	204.80586	11.7
AML_028_04	17-AAG	17-AAG_AML_028_04	203.78642	21.8
AML_029_01	17-AAG	17-AAG_AML_029_01	205.62099	10.5
AML_030_01	17-AAG	17-AAG_AML_030_01	198.71931	11.9
AML_032_01	17-AAG	17-AAG_AML_032_01	207.11053	8.0
AML_033_01	17-AAG	17-AAG_AML_033_01	205.84985	16.9
AML_033_02	17-AAG	17-AAG_AML_033_02	204.48547	19.0
AML_035_02	17-AAG	17-AAG_AML_035_02	211.8046	8.6
AML_035_04	17-AAG	17-AAG_AML_035_04	209.5396	11.9
AML_036_01	17-AAG	17-AAG_AML_036_01	197.82768	15.6
AML_040_01	17-AAG	17-AAG_AML_040_01	200.22868	16.7
AML_041_01	17-AAG	17-AAG_AML_041_01	203.93785	11.0
AML_042_01	17-AAG	17-AAG_AML_042_01	204.75728	18.8
AML_043_02	17-AAG	17-AAG_AML_043_02	206.96313	10.7
AML_045_01	17-AAG	17-AAG_AML_045_01	204.99841	7.2
AML_046_01	17-AAG	17-AAG_AML_046_01	201.86588	27.8
AML_051_01	17-AAG	17-AAG_AML_051_01	197.44656	5.6
AML_052_01	17-AAG	17-AAG_AML_052_01	208.75452	18.4
AML_053_01	17-AAG	17-AAG_AML_053_01	211.47736	7.9
AML_054_01	17-AAG	17-AAG_AML_054_01	204.87665	18.6
AML_057_01	17-AAG	17-AAG_AML_057_01	202.3056	17.2
AML_058_01	17-AAG	17-AAG_AML_058_01	202.27716	11.0
AML_059_01	17-AAG	17-AAG_AML_059_01	201.20143	18.9
AML_060_01	17-AAG	17-AAG_AML_060_01	208.48901	20.7
AML_061_01	17-AAG	17-AAG_AML_061_01	200.36652	18.7
AML_062_01	17-AAG	17-AAG_AML_062_01	193.92169	20.8
AML_064_01	17-AAG	17-AAG_AML_064_01	201.64362	21.2
AML_065_01	17-AAG	17-AAG_AML_065_01	200.4989	18.8
AML_067_01	17-AAG	17-AAG_AML_067_01	199.43823	19.3
AML_070_01	17-AAG	17-AAG_AML_070_01	203.31914	9.7
AML_072_01	17-AAG	17-AAG_AML_072_01	211.18529	8.8
AML_073_01	17-AAG	17-AAG_AML_073_01	212.64204	5.6
AML_074_01	17-AAG	17-AAG_AML_074_01	204.76466	13.4
AML_075_01	17-AAG	17-AAG_AML_075_01	203.45364	14.3
AML_076_01	17-AAG	17-AAG_AML_076_01	206.8011	12.6
AML_076_02	17-AAG	17-AAG_AML_076_02	205.18314	14.6
AML_077_01	17-AAG	17-AAG_AML_077_01	208.64705	18.0
AML_078_02	17-AAG	17-AAG_AML_078_02	204.06851	17.0
AML_084_01	17-AAG	17-AAG_AML_084_01	202.64621	19.6
AML_086_02	17-AAG	17-AAG_AML_086_02	211.24487	7.7
AML_098_01	17-AAG	17-AAG_AML_098_01	199.85004	14.7
AML_100_01	17-AAG	17-AAG_AML_100_01	206.25317	11.1
AML_101_01	17-AAG	17-AAG_AML_101_01	200.5575	23.8
AML_101_02	17-AAG	17-AAG_AML_101_02	214.76213	1.1
AML_102_01	17-AAG	17-AAG_AML_102_01	197.1644	17.1
AML_103_01	17-AAG	17-AAG_AML_103_01	194.06003	17.9
AML_103_02	17-AAG	17-AAG_AML_103_02	203.7331	24.0
AML_104_01	17-AAG	17-AAG_AML_104_01	205.23236	11.3
AML_108_01	17-AAG	17-AAG_AML_108_01	194.25284	21.9
AML_109_01	17-AAG	17-AAG_AML_109_01	203.77205	4.4
AML_110_01	17-AAG	17-AAG_AML_110_01	201.32236	19.7
AML_112_01	17-AAG	17-AAG_AML_112_01	197.3301	19.3
AML_112_02	17-AAG	17-AAG_AML_112_02	202.35745	18.8
AML_113_01	17-AAG	17-AAG_AML_113_01	200.40561	20.6
AML_114_01	17-AAG	17-AAG_AML_114_01	201.89507	11.6
AML_115_01	17-AAG	17-AAG_AML_115_01	197.22018	18.3
AML_116_01	17-AAG	17-AAG_AML_116_01	203.16768	16.3
AML_117_01	17-AAG	17-AAG_AML_117_01	207.74472	9.1
AML_119_01	17-AAG	17-AAG_AML_119_01	193.86879	12.6
AML_120_01	17-AAG	17-AAG_AML_120_01	202.60168	22.0
AML_120_03	17-AAG	17-AAG_AML_120_03	204.9918	24.1
AML_122_01	17-AAG	17-AAG_AML_122_01	204.85103	14.2
AML_123_01	17-AAG	17-AAG_AML_123_01	207.77272	12.4
AML_124_01	17-AAG	17-AAG_AML_124_01	207.6764	19.7
AML_125_01	17-AAG	17-AAG_AML_125_01	205.79135	11.5
AML_126_01	17-AAG	17-AAG_AML_126_01	203.6318	13.7
AML_127_01	17-AAG	17-AAG_AML_127_01	201.61243	16.1
AML_128_01	17-AAG	17-AAG_AML_128_01	212.9475	10.2
AML_129_02	17-AAG	17-AAG_AML_129_02	199.35173	24.2
AML_129_03	17-AAG	17-AAG_AML_129_03	203.9551	15.1
AML_131_01	17-AAG	17-AAG_AML_131_01	203.40662	14.2
AML_133_01	17-AAG	17-AAG_AML_133_01	210.9443	12.2
AML_134_01	17-AAG	17-AAG_AML_134_01	207.7255	7.7
AML_135_01	17-AAG	17-AAG_AML_135_01	210.333	21.3
AML_138_01	17-AAG	17-AAG_AML_138_01	214.21751	16.1
AML_139_01	17-AAG	17-AAG_AML_139_01	212.97531	13.2
AML_140_01	17-AAG	17-AAG_AML_140_01	205.45172	16.8
AML_142_01	17-AAG	17-AAG_AML_142_01	206.99577	11.0
AML_143_01	17-AAG	17-AAG_AML_143_01	202.05986	15.2
AML_144_01	17-AAG	17-AAG_AML_144_01	207.23918	13.2
AML_146_01	17-AAG	17-AAG_AML_146_01	208.55524	15.0
AML_147_01	17-AAG	17-AAG_AML_147_01	202.1657	17.2
AML_151_01	17-AAG	17-AAG_AML_151_01	196.48672	25.5
AML_152_01	17-AAG	17-AAG_AML_152_01	203.6806	14.3
AML_153_01	17-AAG	17-AAG_AML_153_01	206.0763	2.6
AML_156_01	17-AAG	17-AAG_AML_156_01	203.37437	15.9
AML_157_01	17-AAG	17-AAG_AML_157_01	201.32956	25.1
AML_157_02	17-AAG	17-AAG_AML_157_02	204.9918	23.9
AML_158_01	17-AAG	17-AAG_AML_158_01	205.7768	14.3
AML_159_01	17-AAG	17-AAG_AML_159_01	207.54243	17.2
AML_160_01	17-AAG	17-AAG_AML_160_01	202.56496	19.0
AML_161_01	17-AAG	17-AAG_AML_161_01	203.75531	16.1
AML_175_01	17-AAG	17-AAG_AML_175_01	203.98483	6.0
AML_179_01	17-AAG	17-AAG_AML_179_01	207.71385	13.6
AML_183_01	17-AAG	17-AAG_AML_183_01	204.00375	17.2
AML_183_02	17-AAG	17-AAG_AML_183_02	200.36844	13.3
AML_183_03	17-AAG	17-AAG_AML_183_03	198.33139	20.5
AML_184_01	17-AAG	17-AAG_AML_184_01	200.99138	15.9
AML_185_01	17-AAG	17-AAG_AML_185_01	214.33823	11.0
AML_004_01	TG100-115	TG100-115_AML_004_01	216.38797	2.6
AML_019_01	TG100-115	TG100-115_AML_019_01	218.01648	1.6
AML_025_01	TG100-115	TG100-115_AML_025_01	219.01996	1.4
AML_026_01	TG100-115	TG100-115_AML_026_01	217.63922	0.2
AML_029_01	TG100-115	TG100-115_AML_029_01	215.83534	0.1
AML_030_01	TG100-115	TG100-115_AML_030_01	208.9035	0.3
AML_033_01	TG100-115	TG100-115_AML_033_01	214.03358	0.0
AML_033_02	TG100-115	TG100-115_AML_033_02	211.78137	0.4
AML_041_01	TG100-115	TG100-115_AML_041_01	214.38281	0.6
AML_042_01	TG100-115	TG100-115_AML_042_01	213.62958	2.9
AML_043_02	TG100-115	TG100-115_AML_043_02	214.79335	0.0
AML_046_01	TG100-115	TG100-115_AML_046_01	213.02113	1.6
AML_052_01	TG100-115	TG100-115_AML_052_01	218.95451	3.7
AML_057_01	TG100-115	TG100-115_AML_057_01	212.5531	3.9
AML_058_01	TG100-115	TG100-115_AML_058_01	210.5584	2.1
AML_059_01	TG100-115	TG100-115_AML_059_01	212.78229	2.3
AML_060_01	TG100-115	TG100-115_AML_060_01	218.45245	1.4
AML_061_01	TG100-115	TG100-115_AML_061_01	213.04488	0.7
AML_062_01	TG100-115	TG100-115_AML_062_01	204.1887	2.8
AML_064_01	TG100-115	TG100-115_AML_064_01	211.18234	3.2
AML_065_01	TG100-115	TG100-115_AML_065_01	211.5035	0.5
AML_067_01	TG100-115	TG100-115_AML_067_01	210.6112	3.6
AML_070_01	TG100-115	TG100-115_AML_070_01	213.71532	0.0
AML_072_01	TG100-115	TG100-115_AML_072_01	220.6239	0.0
AML_073_01	TG100-115	TG100-115_AML_073_01	220.76047	0.8
AML_074_01	TG100-115	TG100-115_AML_074_01	215.74011	2.2
AML_075_01	TG100-115	TG100-115_AML_075_01	211.84908	0.7
AML_076_01	TG100-115	TG100-115_AML_076_01	217.90695	0.0
AML_076_02	TG100-115	TG100-115_AML_076_02	211.42818	0.0
AML_077_01	TG100-115	TG100-115_AML_077_01	218.26605	4.0
AML_078_02	TG100-115	TG100-115_AML_078_02	212.59499	2.5
AML_086_02	TG100-115	TG100-115_AML_086_02	220.24785	1.6
AML_098_01	TG100-115	TG100-115_AML_098_01	212.19319	0.0
AML_100_01	TG100-115	TG100-115_AML_100_01	216.11252	0.8
AML_101_01	TG100-115	TG100-115_AML_101_01	207.69313	0.3
AML_101_02	TG100-115	TG100-115_AML_101_02	221.52531	1.6
AML_102_01	TG100-115	TG100-115_AML_102_01	207.29262	1.2
AML_103_01	TG100-115	TG100-115_AML_103_01	203.45627	2.8
AML_103_02	TG100-115	TG100-115_AML_103_02	212.3424	1.4
AML_104_01	TG100-115	TG100-115_AML_104_01	216.6131	0.0
AML_108_01	TG100-115	TG100-115_AML_108_01	207.03046	3.8
AML_109_01	TG100-115	TG100-115_AML_109_01	215.4593	0.5
AML_110_01	TG100-115	TG100-115_AML_110_01	212.28847	2.1
AML_112_01	TG100-115	TG100-115_AML_112_01	208.96475	5.0
AML_112_02	TG100-115	TG100-115_AML_112_02	212.49922	1.3
AML_113_01	TG100-115	TG100-115_AML_113_01	212.0051	4.2
AML_114_01	TG100-115	TG100-115_AML_114_01	213.33366	2.6
AML_115_01	TG100-115	TG100-115_AML_115_01	208.4507	7.0
AML_116_01	TG100-115	TG100-115_AML_116_01	212.27312	1.7
AML_117_01	TG100-115	TG100-115_AML_117_01	215.34637	0.9
AML_119_01	TG100-115	TG100-115_AML_119_01	205.70981	2.4
AML_122_01	TG100-115	TG100-115_AML_122_01	212.73756	0.2
AML_123_01	TG100-115	TG100-115_AML_123_01	216.93448	2.6
AML_124_01	TG100-115	TG100-115_AML_124_01	218.15948	1.7
AML_125_01	TG100-115	TG100-115_AML_125_01	219.38162	0.5
AML_126_01	TG100-115	TG100-115_AML_126_01	212.23637	3.8
AML_127_01	TG100-115	TG100-115_AML_127_01	214.61246	0.0
AML_128_01	TG100-115	TG100-115_AML_128_01	218.92097	1.7
AML_131_01	TG100-115	TG100-115_AML_131_01	214.44954	0.2
AML_133_01	TG100-115	TG100-115_AML_133_01	216.35255	2.4
AML_134_01	TG100-115	TG100-115_AML_134_01	216.92955	1.1
AML_135_01	TG100-115	TG100-115_AML_135_01	217.13443	2.4
AML_138_01	TG100-115	TG100-115_AML_138_01	221.64862	0.3
AML_139_01	TG100-115	TG100-115_AML_139_01	223.4943	4.9
AML_140_01	TG100-115	TG100-115_AML_140_01	216.40393	0.4
AML_142_01	TG100-115	TG100-115_AML_142_01	213.95619	3.5
AML_143_01	TG100-115	TG100-115_AML_143_01	214.13275	0.1
AML_144_01	TG100-115	TG100-115_AML_144_01	220.41507	3.8
AML_146_01	TG100-115	TG100-115_AML_146_01	219.28928	1.6
AML_147_01	TG100-115	TG100-115_AML_147_01	212.93225	2.0
AML_151_01	TG100-115	TG100-115_AML_151_01	207.1664	1.4
AML_152_01	TG100-115	TG100-115_AML_152_01	213.80501	0.7
AML_153_01	TG100-115	TG100-115_AML_153_01	215.33994	0.0
AML_156_01	TG100-115	TG100-115_AML_156_01	215.49023	1.5
AML_157_01	TG100-115	TG100-115_AML_157_01	214.12695	2.1
AML_157_02	TG100-115	TG100-115_AML_157_02	215.5266	2.7
AML_158_01	TG100-115	TG100-115_AML_158_01	217.00829	2.9
AML_159_01	TG100-115	TG100-115_AML_159_01	217.75966	2.6
AML_160_01	TG100-115	TG100-115_AML_160_01	212.4812	2.3
AML_161_01	TG100-115	TG100-115_AML_161_01	212.53673	2.6
AML_183_01	TG100-115	TG100-115_AML_183_01	213.8294	0.0
AML_183_02	TG100-115	TG100-115_AML_183_02	209.83226	2.0
AML_183_03	TG100-115	TG100-115_AML_183_03	208.01315	1.1
AML_001_01	Tivozanib	Tivozanib_AML_001_01	209.27359	0.0
AML_001_03	Tivozanib	Tivozanib_AML_001_03	210.19727	2.0
AML_002_01	Tivozanib	Tivozanib_AML_002_01	214.14424	11.2
AML_003_02	Tivozanib	Tivozanib_AML_003_02	216.83478	8.1
AML_004_01	Tivozanib	Tivozanib_AML_004_01	211.23932	9.1
AML_006_02	Tivozanib	Tivozanib_AML_006_02	215.73425	3.9
AML_007_01	Tivozanib	Tivozanib_AML_007_01	209.46553	0.0
AML_007_02	Tivozanib	Tivozanib_AML_007_02	213.84428	0.0
AML_012_01	Tivozanib	Tivozanib_AML_012_01	209.70425	11.4
AML_013_01	Tivozanib	Tivozanib_AML_013_01	210.72783	21.7
AML_014_01	Tivozanib	Tivozanib_AML_014_01	211.66437	0.0
AML_015_01	Tivozanib	Tivozanib_AML_015_01	208.2789	32.3
AML_015_02	Tivozanib	Tivozanib_AML_015_02	211.77255	27.4
AML_015_03	Tivozanib	Tivozanib_AML_015_03	208.90398	38.5
AML_015_04	Tivozanib	Tivozanib_AML_015_04	211.4362	44.6
AML_018_01	Tivozanib	Tivozanib_AML_018_01	211.04514	14.0
AML_019_01	Tivozanib	Tivozanib_AML_019_01	211.47307	2.8
AML_022_01	Tivozanib	Tivozanib_AML_022_01	210.8658	0.3
AML_023_01	Tivozanib	Tivozanib_AML_023_01	202.51508	15.9
AML_023_03	Tivozanib	Tivozanib_AML_023_03	203.8518	5.6
AML_023_04	Tivozanib	Tivozanib_AML_023_04	204.81119	10.4
AML_024_01	Tivozanib	Tivozanib_AML_024_01	211.48637	4.0
AML_025_01	Tivozanib	Tivozanib_AML_025_01	212.86377	0.2
AML_026_01	Tivozanib	Tivozanib_AML_026_01	210.20107	0.0
AML_028_01	Tivozanib	Tivozanib_AML_028_01	211.49918	5.4
AML_028_04	Tivozanib	Tivozanib_AML_028_04	209.31262	12.6
AML_029_01	Tivozanib	Tivozanib_AML_029_01	207.96384	2.2
AML_030_01	Tivozanib	Tivozanib_AML_030_01	202.55183	0.2
AML_032_01	Tivozanib	Tivozanib_AML_032_01	212.88371	0.0
AML_033_01	Tivozanib	Tivozanib_AML_033_01	207.2924	5.9
AML_033_02	Tivozanib	Tivozanib_AML_033_02	204.8523	5.9
AML_035_02	Tivozanib	Tivozanib_AML_035_02	218.19743	0.3
AML_035_04	Tivozanib	Tivozanib_AML_035_04	214.65	0.0
AML_036_01	Tivozanib	Tivozanib_AML_036_01	203.73898	0.6
AML_040_01	Tivozanib	Tivozanib_AML_040_01	206.62898	15.5
AML_041_01	Tivozanib	Tivozanib_AML_041_01	208.14536	9.2
AML_042_01	Tivozanib	Tivozanib_AML_042_01	207.84967	5.3
AML_043_02	Tivozanib	Tivozanib_AML_043_02	208.80135	1.9
AML_045_01	Tivozanib	Tivozanib_AML_045_01	209.09067	0.0
AML_046_01	Tivozanib	Tivozanib_AML_046_01	203.40778	19.2
AML_051_01	Tivozanib	Tivozanib_AML_051_01	203.13667	3.2
AML_052_01	Tivozanib	Tivozanib_AML_052_01	214.9781	3.4
AML_053_01	Tivozanib	Tivozanib_AML_053_01	216.78084	6.3
AML_054_01	Tivozanib	Tivozanib_AML_054_01	206.231	9.6
AML_057_01	Tivozanib	Tivozanib_AML_057_01	205.58533	9.2
AML_058_01	Tivozanib	Tivozanib_AML_058_01	207.11331	11.0
AML_059_01	Tivozanib	Tivozanib_AML_059_01	205.58965	12.2
AML_060_01	Tivozanib	Tivozanib_AML_060_01	211.6798	6.6
AML_061_01	Tivozanib	Tivozanib_AML_061_01	205.72282	4.2
AML_062_01	Tivozanib	Tivozanib_AML_062_01	197.45853	10.8
AML_064_01	Tivozanib	Tivozanib_AML_064_01	205.34909	1.0
AML_065_01	Tivozanib	Tivozanib_AML_065_01	203.10092	6.3
AML_067_01	Tivozanib	Tivozanib_AML_067_01	203.69777	11.0
AML_070_01	Tivozanib	Tivozanib_AML_070_01	205.10991	0.1
AML_072_01	Tivozanib	Tivozanib_AML_072_01	215.82892	0.4
AML_073_01	Tivozanib	Tivozanib_AML_073_01	214.90065	4.4
AML_074_01	Tivozanib	Tivozanib_AML_074_01	206.5397	2.4
AML_075_01	Tivozanib	Tivozanib_AML_075_01	205.45145	0.9
AML_076_01	Tivozanib	Tivozanib_AML_076_01	211.13786	0.4
AML_076_02	Tivozanib	Tivozanib_AML_076_02	205.21619	5.5
AML_077_01	Tivozanib	Tivozanib_AML_077_01	211.49944	1.7
AML_078_02	Tivozanib	Tivozanib_AML_078_02	206.61963	0.0
AML_084_01	Tivozanib	Tivozanib_AML_084_01	207.40692	5.9
AML_086_02	Tivozanib	Tivozanib_AML_086_02	212.81691	6.2
AML_098_01	Tivozanib	Tivozanib_AML_098_01	205.19746	0.0
AML_100_01	Tivozanib	Tivozanib_AML_100_01	208.75171	2.7
AML_101_01	Tivozanib	Tivozanib_AML_101_01	202.68227	19.5
AML_101_02	Tivozanib	Tivozanib_AML_101_02	215.55737	0.0
AML_102_01	Tivozanib	Tivozanib_AML_102_01	200.03793	0.0
AML_103_01	Tivozanib	Tivozanib_AML_103_01	197.58617	0.1
AML_103_02	Tivozanib	Tivozanib_AML_103_02	207.07617	7.6
AML_104_01	Tivozanib	Tivozanib_AML_104_01	208.46703	0.0
AML_108_01	Tivozanib	Tivozanib_AML_108_01	200.52518	1.7
AML_109_01	Tivozanib	Tivozanib_AML_109_01	208.96268	0.9
AML_110_01	Tivozanib	Tivozanib_AML_110_01	205.5294	4.4
AML_112_01	Tivozanib	Tivozanib_AML_112_01	200.40518	2.8
AML_112_02	Tivozanib	Tivozanib_AML_112_02	206.22148	2.5
AML_113_01	Tivozanib	Tivozanib_AML_113_01	206.18051	5.8
AML_114_01	Tivozanib	Tivozanib_AML_114_01	205.39473	0.0
AML_115_01	Tivozanib	Tivozanib_AML_115_01	201.4782	11.6
AML_116_01	Tivozanib	Tivozanib_AML_116_01	207.15404	0.0
AML_117_01	Tivozanib	Tivozanib_AML_117_01	209.24728	2.5
AML_119_01	Tivozanib	Tivozanib_AML_119_01	199.39052	0.1
AML_120_01	Tivozanib	Tivozanib_AML_120_01	206.41125	24.2
AML_120_03	Tivozanib	Tivozanib_AML_120_03	209.88828	23.0
AML_122_01	Tivozanib	Tivozanib_AML_122_01	207.3744	0.0
AML_123_01	Tivozanib	Tivozanib_AML_123_01	209.91542	3.7
AML_124_01	Tivozanib	Tivozanib_AML_124_01	211.90779	5.4
AML_125_01	Tivozanib	Tivozanib_AML_125_01	212.70018	1.8
AML_126_01	Tivozanib	Tivozanib_AML_126_01	204.95074	6.0
AML_127_01	Tivozanib	Tivozanib_AML_127_01	207.34761	4.4
AML_128_01	Tivozanib	Tivozanib_AML_128_01	214.05296	5.6
AML_129_02	Tivozanib	Tivozanib_AML_129_02	202.69827	17.1
AML_129_03	Tivozanib	Tivozanib_AML_129_03	207.07909	9.2
AML_131_01	Tivozanib	Tivozanib_AML_131_01	207.03287	0.0
AML_133_01	Tivozanib	Tivozanib_AML_133_01	211.50775	5.2
AML_134_01	Tivozanib	Tivozanib_AML_134_01	211.88353	0.0
AML_135_01	Tivozanib	Tivozanib_AML_135_01	212.95877	9.0
AML_138_01	Tivozanib	Tivozanib_AML_138_01	215.4383	2.3
AML_139_01	Tivozanib	Tivozanib_AML_139_01	218.38168	2.2
AML_140_01	Tivozanib	Tivozanib_AML_140_01	209.9993	1.2
AML_142_01	Tivozanib	Tivozanib_AML_142_01	208.94487	6.1
AML_143_01	Tivozanib	Tivozanib_AML_143_01	206.3891	2.1
AML_144_01	Tivozanib	Tivozanib_AML_144_01	215.26103	1.8
AML_146_01	Tivozanib	Tivozanib_AML_146_01	212.2634	0.0
AML_147_01	Tivozanib	Tivozanib_AML_147_01	206.25996	10.1
AML_151_01	Tivozanib	Tivozanib_AML_151_01	200.8036	10.6
AML_152_01	Tivozanib	Tivozanib_AML_152_01	206.78355	0.8
AML_153_01	Tivozanib	Tivozanib_AML_153_01	209.77776	0.0
AML_156_01	Tivozanib	Tivozanib_AML_156_01	207.89925	2.7
AML_157_01	Tivozanib	Tivozanib_AML_157_01	209.7605	6.4
AML_157_02	Tivozanib	Tivozanib_AML_157_02	210.639	10.0
AML_158_01	Tivozanib	Tivozanib_AML_158_01	211.51813	1.7
AML_159_01	Tivozanib	Tivozanib_AML_159_01	211.53964	4.4
AML_160_01	Tivozanib	Tivozanib_AML_160_01	206.5364	1.3
AML_161_01	Tivozanib	Tivozanib_AML_161_01	204.7484	10.2
AML_175_01	Tivozanib	Tivozanib_AML_175_01	204.54797	0.0
AML_179_01	Tivozanib	Tivozanib_AML_179_01	211.75348	8.6
AML_183_01	Tivozanib	Tivozanib_AML_183_01	207.64076	0.8
AML_183_02	Tivozanib	Tivozanib_AML_183_02	202.16402	0.5
AML_183_03	Tivozanib	Tivozanib_AML_183_03	203.99733	0.0
AML_184_01	Tivozanib	Tivozanib_AML_184_01	203.59247	12.8
AML_185_01	Tivozanib	Tivozanib_AML_185_01	217.08394	0.0
AML_001_01	Tofacitinib	Tofacitinib_AML_001_01	219.97556	0.0
AML_001_03	Tofacitinib	Tofacitinib_AML_001_03	217.81499	4.9
AML_002_01	Tofacitinib	Tofacitinib_AML_002_01	219.99991	0.0
AML_003_02	Tofacitinib	Tofacitinib_AML_003_02	222.1811	12.4
AML_004_01	Tofacitinib	Tofacitinib_AML_004_01	217.46173	9.6
AML_006_02	Tofacitinib	Tofacitinib_AML_006_02	222.016	0.0
AML_007_01	Tofacitinib	Tofacitinib_AML_007_01	218.65233	0.5
AML_007_02	Tofacitinib	Tofacitinib_AML_007_02	220.00044	0.0
AML_012_01	Tofacitinib	Tofacitinib_AML_012_01	216.53175	0.0
AML_013_01	Tofacitinib	Tofacitinib_AML_013_01	218.70567	0.0
AML_014_01	Tofacitinib	Tofacitinib_AML_014_01	217.50136	0.0
AML_015_01	Tofacitinib	Tofacitinib_AML_015_01	215.84232	0.3
AML_015_02	Tofacitinib	Tofacitinib_AML_015_02	218.54433	0.0
AML_015_03	Tofacitinib	Tofacitinib_AML_015_03	215.84216	0.0
AML_015_04	Tofacitinib	Tofacitinib_AML_015_04	220.07965	0.0
AML_018_01	Tofacitinib	Tofacitinib_AML_018_01	215.28583	17.1
AML_019_01	Tofacitinib	Tofacitinib_AML_019_01	217.43626	4.2
AML_020_01	Tofacitinib	Tofacitinib_AML_020_01	219.36107	0.0
AML_022_01	Tofacitinib	Tofacitinib_AML_022_01	217.47972	0.0
AML_023_01	Tofacitinib	Tofacitinib_AML_023_01	210.57872	0.0
AML_023_03	Tofacitinib	Tofacitinib_AML_023_03	211.61688	0.0
AML_023_04	Tofacitinib	Tofacitinib_AML_023_04	212.75284	0.0
AML_024_01	Tofacitinib	Tofacitinib_AML_024_01	217.50346	8.9
AML_025_01	Tofacitinib	Tofacitinib_AML_025_01	219.43784	7.3
AML_026_01	Tofacitinib	Tofacitinib_AML_026_01	218.19423	3.9
AML_028_01	Tofacitinib	Tofacitinib_AML_028_01	219.45303	0.0
AML_028_04	Tofacitinib	Tofacitinib_AML_028_04	217.57817	1.3
AML_029_01	Tofacitinib	Tofacitinib_AML_029_01	217.4581	4.0
AML_030_01	Tofacitinib	Tofacitinib_AML_030_01	211.5184	3.6
AML_032_01	Tofacitinib	Tofacitinib_AML_032_01	219.47408	5.4
AML_033_01	Tofacitinib	Tofacitinib_AML_033_01	216.25209	12.1
AML_033_02	Tofacitinib	Tofacitinib_AML_033_02	215.61548	13.4
AML_035_02	Tofacitinib	Tofacitinib_AML_035_02	222.87509	5.6
AML_035_04	Tofacitinib	Tofacitinib_AML_035_04	218.34477	5.4
AML_036_01	Tofacitinib	Tofacitinib_AML_036_01	213.62659	6.1
AML_040_01	Tofacitinib	Tofacitinib_AML_040_01	214.50871	0.0
AML_041_01	Tofacitinib	Tofacitinib_AML_041_01	217.89218	0.2
AML_042_01	Tofacitinib	Tofacitinib_AML_042_01	216.20146	0.0
AML_043_02	Tofacitinib	Tofacitinib_AML_043_02	214.73483	12.2
AML_045_01	Tofacitinib	Tofacitinib_AML_045_01	217.25961	0.0
AML_046_01	Tofacitinib	Tofacitinib_AML_046_01	214.92838	2.5
AML_051_01	Tofacitinib	Tofacitinib_AML_051_01	212.51419	0.0
AML_052_01	Tofacitinib	Tofacitinib_AML_052_01	220.30057	4.8
AML_053_01	Tofacitinib	Tofacitinib_AML_053_01	223.49632	0.0
AML_054_01	Tofacitinib	Tofacitinib_AML_054_01	213.52701	0.0
AML_057_01	Tofacitinib	Tofacitinib_AML_057_01	214.54294	1.8
AML_058_01	Tofacitinib	Tofacitinib_AML_058_01	214.8037	0.0
AML_059_01	Tofacitinib	Tofacitinib_AML_059_01	213.99551	0.0
AML_060_01	Tofacitinib	Tofacitinib_AML_060_01	220.27902	0.0
AML_061_01	Tofacitinib	Tofacitinib_AML_061_01	214.76184	0.0
AML_062_01	Tofacitinib	Tofacitinib_AML_062_01	206.97433	0.0
AML_064_01	Tofacitinib	Tofacitinib_AML_064_01	211.87798	0.6
AML_065_01	Tofacitinib	Tofacitinib_AML_065_01	213.05824	0.1
AML_067_01	Tofacitinib	Tofacitinib_AML_067_01	213.3637	0.0
AML_070_01	Tofacitinib	Tofacitinib_AML_070_01	214.68394	2.0
AML_072_01	Tofacitinib	Tofacitinib_AML_072_01	220.43625	0.0
AML_073_01	Tofacitinib	Tofacitinib_AML_073_01	220.42883	0.2
AML_074_01	Tofacitinib	Tofacitinib_AML_074_01	214.9387	5.6
AML_075_01	Tofacitinib	Tofacitinib_AML_075_01	215.29817	0.0
AML_076_01	Tofacitinib	Tofacitinib_AML_076_01	220.14404	6.0
AML_076_02	Tofacitinib	Tofacitinib_AML_076_02	215.31964	6.4
AML_077_01	Tofacitinib	Tofacitinib_AML_077_01	217.86403	7.3
AML_078_02	Tofacitinib	Tofacitinib_AML_078_02	215.41782	4.4
AML_084_01	Tofacitinib	Tofacitinib_AML_084_01	215.74347	1.7
AML_086_02	Tofacitinib	Tofacitinib_AML_086_02	220.98418	6.5
AML_098_01	Tofacitinib	Tofacitinib_AML_098_01	212.27347	6.2
AML_100_01	Tofacitinib	Tofacitinib_AML_100_01	217.14508	4.4
AML_101_01	Tofacitinib	Tofacitinib_AML_101_01	211.46326	9.5
AML_101_02	Tofacitinib	Tofacitinib_AML_101_02	221.7344	0.7
AML_102_01	Tofacitinib	Tofacitinib_AML_102_01	209.26633	2.0
AML_103_01	Tofacitinib	Tofacitinib_AML_103_01	205.32964	8.2
AML_103_02	Tofacitinib	Tofacitinib_AML_103_02	215.0771	10.6
AML_104_01	Tofacitinib	Tofacitinib_AML_104_01	217.91211	6.8
AML_108_01	Tofacitinib	Tofacitinib_AML_108_01	209.42488	8.2
AML_109_01	Tofacitinib	Tofacitinib_AML_109_01	216.10907	0.0
AML_110_01	Tofacitinib	Tofacitinib_AML_110_01	213.8064	8.7
AML_112_01	Tofacitinib	Tofacitinib_AML_112_01	210.97066	0.4
AML_112_02	Tofacitinib	Tofacitinib_AML_112_02	213.83824	2.7
AML_113_01	Tofacitinib	Tofacitinib_AML_113_01	214.27515	12.0
AML_114_01	Tofacitinib	Tofacitinib_AML_114_01	213.87192	3.8
AML_115_01	Tofacitinib	Tofacitinib_AML_115_01	210.66946	7.9
AML_116_01	Tofacitinib	Tofacitinib_AML_116_01	215.40369	8.1
AML_117_01	Tofacitinib	Tofacitinib_AML_117_01	216.5547	5.0
AML_119_01	Tofacitinib	Tofacitinib_AML_119_01	209.14122	7.2
AML_120_01	Tofacitinib	Tofacitinib_AML_120_01	213.87044	0.0
AML_120_03	Tofacitinib	Tofacitinib_AML_120_03	216.70876	0.0
AML_122_01	Tofacitinib	Tofacitinib_AML_122_01	215.25816	3.7
AML_123_01	Tofacitinib	Tofacitinib_AML_123_01	218.33762	6.5
AML_124_01	Tofacitinib	Tofacitinib_AML_124_01	220.37537	7.6
AML_125_01	Tofacitinib	Tofacitinib_AML_125_01	219.45992	5.4
AML_126_01	Tofacitinib	Tofacitinib_AML_126_01	214.57593	11.9
AML_127_01	Tofacitinib	Tofacitinib_AML_127_01	216.52809	9.1
AML_128_01	Tofacitinib	Tofacitinib_AML_128_01	220.76561	8.1
AML_129_02	Tofacitinib	Tofacitinib_AML_129_02	212.6908	3.0
AML_129_03	Tofacitinib	Tofacitinib_AML_129_03	216.06071	1.4
AML_131_01	Tofacitinib	Tofacitinib_AML_131_01	215.75453	4.1
AML_133_01	Tofacitinib	Tofacitinib_AML_133_01	218.35077	11.4
AML_134_01	Tofacitinib	Tofacitinib_AML_134_01	217.97899	6.4
AML_135_01	Tofacitinib	Tofacitinib_AML_135_01	219.24248	3.7
AML_138_01	Tofacitinib	Tofacitinib_AML_138_01	222.77792	10.0
AML_139_01	Tofacitinib	Tofacitinib_AML_139_01	224.22856	7.1
AML_140_01	Tofacitinib	Tofacitinib_AML_140_01	218.2135	4.8
AML_142_01	Tofacitinib	Tofacitinib_AML_142_01	216.23212	13.3
AML_143_01	Tofacitinib	Tofacitinib_AML_143_01	214.46608	5.8
AML_144_01	Tofacitinib	Tofacitinib_AML_144_01	221.4776	6.1
AML_146_01	Tofacitinib	Tofacitinib_AML_146_01	220.64133	5.2
AML_147_01	Tofacitinib	Tofacitinib_AML_147_01	215.214	3.8
AML_151_01	Tofacitinib	Tofacitinib_AML_151_01	210.02672	6.6
AML_152_01	Tofacitinib	Tofacitinib_AML_152_01	216.6889	8.2
AML_153_01	Tofacitinib	Tofacitinib_AML_153_01	215.85246	1.2
AML_156_01	Tofacitinib	Tofacitinib_AML_156_01	216.8125	8.3
AML_157_01	Tofacitinib	Tofacitinib_AML_157_01	216.79605	4.2
AML_157_02	Tofacitinib	Tofacitinib_AML_157_02	217.0827	3.8
AML_158_01	Tofacitinib	Tofacitinib_AML_158_01	218.52892	4.9
AML_159_01	Tofacitinib	Tofacitinib_AML_159_01	218.07912	4.4
AML_160_01	Tofacitinib	Tofacitinib_AML_160_01	215.05475	5.8
AML_161_01	Tofacitinib	Tofacitinib_AML_161_01	213.0611	11.3
AML_175_01	Tofacitinib	Tofacitinib_AML_175_01	218.23009	0.0
AML_179_01	Tofacitinib	Tofacitinib_AML_179_01	217.16167	0.0
AML_183_01	Tofacitinib	Tofacitinib_AML_183_01	216.46071	5.1
AML_183_02	Tofacitinib	Tofacitinib_AML_183_02	212.39894	6.7
AML_183_03	Tofacitinib	Tofacitinib_AML_183_03	212.10599	2.0
AML_184_01	Tofacitinib	Tofacitinib_AML_184_01	214.12819	0.7
AML_185_01	Tofacitinib	Tofacitinib_AML_185_01	223.06471	5.9
AML_004_01	Tozasertib	Tozasertib_AML_004_01	219.88365	12.7
AML_019_01	Tozasertib	Tozasertib_AML_019_01	219.44765	7.2
AML_025_01	Tozasertib	Tozasertib_AML_025_01	221.12619	2.3
AML_026_01	Tozasertib	Tozasertib_AML_026_01	220.7226	3.9
AML_029_01	Tozasertib	Tozasertib_AML_029_01	218.9558	1.2
AML_030_01	Tozasertib	Tozasertib_AML_030_01	211.84795	0.5
AML_033_01	Tozasertib	Tozasertib_AML_033_01	218.15253	23.2
AML_033_02	Tozasertib	Tozasertib_AML_033_02	215.48604	19.3
AML_041_01	Tozasertib	Tozasertib_AML_041_01	218.9007	1.1
AML_042_01	Tozasertib	Tozasertib_AML_042_01	219.0191	9.9
AML_043_02	Tozasertib	Tozasertib_AML_043_02	215.1117	16.0
AML_046_01	Tozasertib	Tozasertib_AML_046_01	213.99435	23.5
AML_052_01	Tozasertib	Tozasertib_AML_052_01	222.30371	7.9
AML_057_01	Tozasertib	Tozasertib_AML_057_01	216.1407	5.4
AML_058_01	Tozasertib	Tozasertib_AML_058_01	214.94205	8.0
AML_059_01	Tozasertib	Tozasertib_AML_059_01	215.94823	5.2
AML_060_01	Tozasertib	Tozasertib_AML_060_01	220.74158	0.0
AML_061_01	Tozasertib	Tozasertib_AML_061_01	215.83759	4.0
AML_062_01	Tozasertib	Tozasertib_AML_062_01	208.56972	15.8
AML_064_01	Tozasertib	Tozasertib_AML_064_01	215.87115	5.8
AML_065_01	Tozasertib	Tozasertib_AML_065_01	216.35393	9.4
AML_067_01	Tozasertib	Tozasertib_AML_067_01	214.8337	5.5
AML_070_01	Tozasertib	Tozasertib_AML_070_01	216.45732	5.1
AML_072_01	Tozasertib	Tozasertib_AML_072_01	223.29054	0.0
AML_073_01	Tozasertib	Tozasertib_AML_073_01	224.20013	0.0
AML_074_01	Tozasertib	Tozasertib_AML_074_01	217.89076	5.6
AML_075_01	Tozasertib	Tozasertib_AML_075_01	216.42056	3.9
AML_076_01	Tozasertib	Tozasertib_AML_076_01	223.11024	2.0
AML_076_02	Tozasertib	Tozasertib_AML_076_02	215.64966	0.0
AML_077_01	Tozasertib	Tozasertib_AML_077_01	221.40282	14.1
AML_078_02	Tozasertib	Tozasertib_AML_078_02	217.16843	3.1
AML_086_02	Tozasertib	Tozasertib_AML_086_02	224.75018	2.6
AML_098_01	Tozasertib	Tozasertib_AML_098_01	215.1274	6.9
AML_100_01	Tozasertib	Tozasertib_AML_100_01	220.77177	3.7
AML_101_01	Tozasertib	Tozasertib_AML_101_01	211.3144	9.6
AML_101_02	Tozasertib	Tozasertib_AML_101_02	223.654	0.0
AML_102_01	Tozasertib	Tozasertib_AML_102_01	213.909	2.0
AML_103_01	Tozasertib	Tozasertib_AML_103_01	207.67732	2.3
AML_103_02	Tozasertib	Tozasertib_AML_103_02	212.07281	16.0
AML_104_01	Tozasertib	Tozasertib_AML_104_01	220.60559	2.4
AML_108_01	Tozasertib	Tozasertib_AML_108_01	210.79906	6.2
AML_109_01	Tozasertib	Tozasertib_AML_109_01	216.50258	0.0
AML_110_01	Tozasertib	Tozasertib_AML_110_01	214.55623	14.1
AML_112_01	Tozasertib	Tozasertib_AML_112_01	213.8584	1.5
AML_112_02	Tozasertib	Tozasertib_AML_112_02	216.92798	2.5
AML_113_01	Tozasertib	Tozasertib_AML_113_01	214.79921	20.5
AML_114_01	Tozasertib	Tozasertib_AML_114_01	219.7528	1.3
AML_115_01	Tozasertib	Tozasertib_AML_115_01	214.21146	7.3
AML_116_01	Tozasertib	Tozasertib_AML_116_01	216.87068	4.6
AML_117_01	Tozasertib	Tozasertib_AML_117_01	219.97662	3.6
AML_119_01	Tozasertib	Tozasertib_AML_119_01	212.27295	3.3
AML_122_01	Tozasertib	Tozasertib_AML_122_01	218.21269	0.0
AML_123_01	Tozasertib	Tozasertib_AML_123_01	220.50568	5.5
AML_124_01	Tozasertib	Tozasertib_AML_124_01	221.45016	20.9
AML_125_01	Tozasertib	Tozasertib_AML_125_01	220.82303	15.5
AML_126_01	Tozasertib	Tozasertib_AML_126_01	215.93674	0.0
AML_127_01	Tozasertib	Tozasertib_AML_127_01	217.32132	11.9
AML_128_01	Tozasertib	Tozasertib_AML_128_01	223.141	2.7
AML_131_01	Tozasertib	Tozasertib_AML_131_01	219.54251	3.8
AML_133_01	Tozasertib	Tozasertib_AML_133_01	219.64644	10.9
AML_134_01	Tozasertib	Tozasertib_AML_134_01	219.66101	1.7
AML_135_01	Tozasertib	Tozasertib_AML_135_01	222.62816	5.5
AML_138_01	Tozasertib	Tozasertib_AML_138_01	224.29875	5.8
AML_139_01	Tozasertib	Tozasertib_AML_139_01	227.41785	8.5
AML_140_01	Tozasertib	Tozasertib_AML_140_01	220.60779	10.7
AML_142_01	Tozasertib	Tozasertib_AML_142_01	216.31342	13.1
AML_143_01	Tozasertib	Tozasertib_AML_143_01	216.83566	6.2
AML_144_01	Tozasertib	Tozasertib_AML_144_01	223.72131	7.5
AML_146_01	Tozasertib	Tozasertib_AML_146_01	221.00548	2.8
AML_147_01	Tozasertib	Tozasertib_AML_147_01	216.8912	4.8
AML_151_01	Tozasertib	Tozasertib_AML_151_01	211.08008	6.2
AML_152_01	Tozasertib	Tozasertib_AML_152_01	217.37773	14.9
AML_153_01	Tozasertib	Tozasertib_AML_153_01	215.80833	0.0
AML_156_01	Tozasertib	Tozasertib_AML_156_01	217.8252	8.6
AML_157_01	Tozasertib	Tozasertib_AML_157_01	218.9137	8.2
AML_157_02	Tozasertib	Tozasertib_AML_157_02	219.4211	6.5
AML_158_01	Tozasertib	Tozasertib_AML_158_01	220.22218	4.6
AML_159_01	Tozasertib	Tozasertib_AML_159_01	220.4252	6.3
AML_160_01	Tozasertib	Tozasertib_AML_160_01	217.55344	5.7
AML_161_01	Tozasertib	Tozasertib_AML_161_01	213.7943	23.8
AML_183_01	Tozasertib	Tozasertib_AML_183_01	217.26825	2.4
AML_183_02	Tozasertib	Tozasertib_AML_183_02	215.01852	0.0
AML_183_03	Tozasertib	Tozasertib_AML_183_03	213.568	5.0
AML_001_01	Trametinib	Trametinib_AML_001_01	209.70656	0.0
AML_001_03	Trametinib	Trametinib_AML_001_03	208.80156	26.7
AML_002_01	Trametinib	Trametinib_AML_002_01	212.53111	8.2
AML_003_02	Trametinib	Trametinib_AML_003_02	213.43607	16.6
AML_004_01	Trametinib	Trametinib_AML_004_01	212.00774	6.2
AML_006_02	Trametinib	Trametinib_AML_006_02	215.19101	1.4
AML_007_01	Trametinib	Trametinib_AML_007_01	207.57388	19.5
AML_007_02	Trametinib	Trametinib_AML_007_02	208.70091	17.1
AML_012_01	Trametinib	Trametinib_AML_012_01	209.48106	0.1
AML_013_01	Trametinib	Trametinib_AML_013_01	209.56563	13.7
AML_014_01	Trametinib	Trametinib_AML_014_01	208.28256	12.1
AML_015_01	Trametinib	Trametinib_AML_015_01	204.64413	12.8
AML_015_02	Trametinib	Trametinib_AML_015_02	209.70572	12.9
AML_015_03	Trametinib	Trametinib_AML_015_03	206.34053	18.2
AML_015_04	Trametinib	Trametinib_AML_015_04	210.72234	11.8
AML_018_01	Trametinib	Trametinib_AML_018_01	208.58382	21.9
AML_019_01	Trametinib	Trametinib_AML_019_01	209.07901	0.0
AML_020_01	Trametinib	Trametinib_AML_020_01	211.87033	0.0
AML_022_01	Trametinib	Trametinib_AML_022_01	207.6849	20.7
AML_023_01	Trametinib	Trametinib_AML_023_01	201.92676	15.7
AML_023_03	Trametinib	Trametinib_AML_023_03	202.56833	4.6
AML_023_04	Trametinib	Trametinib_AML_023_04	203.21628	4.3
AML_024_01	Trametinib	Trametinib_AML_024_01	211.42732	3.9
AML_025_01	Trametinib	Trametinib_AML_025_01	212.63483	10.2
AML_026_01	Trametinib	Trametinib_AML_026_01	211.50708	7.3
AML_028_01	Trametinib	Trametinib_AML_028_01	211.90657	1.8
AML_028_04	Trametinib	Trametinib_AML_028_04	209.67838	17.5
AML_029_01	Trametinib	Trametinib_AML_029_01	208.55978	9.3
AML_030_01	Trametinib	Trametinib_AML_030_01	202.5468	3.7
AML_032_01	Trametinib	Trametinib_AML_032_01	213.99612	4.9
AML_033_01	Trametinib	Trametinib_AML_033_01	207.7685	14.8
AML_033_02	Trametinib	Trametinib_AML_033_02	206.46957	8.9
AML_035_02	Trametinib	Trametinib_AML_035_02	214.33342	11.6
AML_035_04	Trametinib	Trametinib_AML_035_04	209.97537	11.8
AML_036_01	Trametinib	Trametinib_AML_036_01	204.40036	3.8
AML_040_01	Trametinib	Trametinib_AML_040_01	204.49847	14.5
AML_041_01	Trametinib	Trametinib_AML_041_01	209.47055	6.1
AML_042_01	Trametinib	Trametinib_AML_042_01	208.06291	14.8
AML_043_02	Trametinib	Trametinib_AML_043_02	206.00626	10.5
AML_045_01	Trametinib	Trametinib_AML_045_01	209.31639	0.0
AML_046_01	Trametinib	Trametinib_AML_046_01	204.27579	0.0
AML_051_01	Trametinib	Trametinib_AML_051_01	203.9576	0.3
AML_052_01	Trametinib	Trametinib_AML_052_01	213.18155	1.6
AML_053_01	Trametinib	Trametinib_AML_053_01	216.43028	0.4
AML_054_01	Trametinib	Trametinib_AML_054_01	206.56572	0.4
AML_057_01	Trametinib	Trametinib_AML_057_01	206.25609	16.0
AML_058_01	Trametinib	Trametinib_AML_058_01	207.44295	4.8
AML_059_01	Trametinib	Trametinib_AML_059_01	207.15906	3.7
AML_060_01	Trametinib	Trametinib_AML_060_01	212.13422	0.0
AML_061_01	Trametinib	Trametinib_AML_061_01	206.26389	4.4
AML_062_01	Trametinib	Trametinib_AML_062_01	198.00397	14.2
AML_064_01	Trametinib	Trametinib_AML_064_01	202.3716	21.1
AML_065_01	Trametinib	Trametinib_AML_065_01	204.80382	23.2
AML_067_01	Trametinib	Trametinib_AML_067_01	202.14238	10.5
AML_070_01	Trametinib	Trametinib_AML_070_01	206.50311	2.6
AML_072_01	Trametinib	Trametinib_AML_072_01	215.2003	0.0
AML_073_01	Trametinib	Trametinib_AML_073_01	214.53076	4.9
AML_074_01	Trametinib	Trametinib_AML_074_01	207.77246	8.7
AML_075_01	Trametinib	Trametinib_AML_075_01	208.26508	13.5
AML_076_01	Trametinib	Trametinib_AML_076_01	210.53061	5.2
AML_076_02	Trametinib	Trametinib_AML_076_02	208.82771	5.4
AML_077_01	Trametinib	Trametinib_AML_077_01	210.40126	10.0
AML_078_02	Trametinib	Trametinib_AML_078_02	206.27896	7.8
AML_084_01	Trametinib	Trametinib_AML_084_01	207.44554	12.1
AML_086_02	Trametinib	Trametinib_AML_086_02	212.73465	6.5
AML_098_01	Trametinib	Trametinib_AML_098_01	202.56128	6.3
AML_100_01	Trametinib	Trametinib_AML_100_01	208.13916	6.5
AML_101_01	Trametinib	Trametinib_AML_101_01	203.23042	15.6
AML_101_02	Trametinib	Trametinib_AML_101_02	214.14069	0.0
AML_102_01	Trametinib	Trametinib_AML_102_01	198.43138	20.6
AML_103_01	Trametinib	Trametinib_AML_103_01	195.08304	13.9
AML_103_02	Trametinib	Trametinib_AML_103_02	205.39862	15.0
AML_104_01	Trametinib	Trametinib_AML_104_01	206.88858	7.3
AML_108_01	Trametinib	Trametinib_AML_108_01	198.31969	11.7
AML_109_01	Trametinib	Trametinib_AML_109_01	206.07188	3.0
AML_110_01	Trametinib	Trametinib_AML_110_01	204.86234	6.7
AML_112_01	Trametinib	Trametinib_AML_112_01	201.44157	6.4
AML_112_02	Trametinib	Trametinib_AML_112_02	205.84464	11.2
AML_113_01	Trametinib	Trametinib_AML_113_01	204.16713	8.7
AML_114_01	Trametinib	Trametinib_AML_114_01	205.70674	11.9
AML_115_01	Trametinib	Trametinib_AML_115_01	202.92227	19.3
AML_116_01	Trametinib	Trametinib_AML_116_01	205.90012	7.6
AML_117_01	Trametinib	Trametinib_AML_117_01	209.95683	0.7
AML_119_01	Trametinib	Trametinib_AML_119_01	198.2107	9.0
AML_120_01	Trametinib	Trametinib_AML_120_01	207.90341	14.4
AML_120_03	Trametinib	Trametinib_AML_120_03	209.86505	11.7
AML_122_01	Trametinib	Trametinib_AML_122_01	205.33131	7.9
AML_123_01	Trametinib	Trametinib_AML_123_01	211.09918	9.6
AML_124_01	Trametinib	Trametinib_AML_124_01	213.79771	10.5
AML_125_01	Trametinib	Trametinib_AML_125_01	211.1099	8.2
AML_126_01	Trametinib	Trametinib_AML_126_01	206.30481	9.6
AML_127_01	Trametinib	Trametinib_AML_127_01	206.6047	8.6
AML_128_01	Trametinib	Trametinib_AML_128_01	213.1414	2.0
AML_129_02	Trametinib	Trametinib_AML_129_02	203.40884	11.7
AML_129_03	Trametinib	Trametinib_AML_129_03	206.60608	4.0
AML_131_01	Trametinib	Trametinib_AML_131_01	205.05269	8.2
AML_133_01	Trametinib	Trametinib_AML_133_01	211.38965	16.9
AML_134_01	Trametinib	Trametinib_AML_134_01	207.67093	12.6
AML_135_01	Trametinib	Trametinib_AML_135_01	211.56555	15.5
AML_138_01	Trametinib	Trametinib_AML_138_01	214.91188	14.7
AML_139_01	Trametinib	Trametinib_AML_139_01	215.28293	6.0
AML_140_01	Trametinib	Trametinib_AML_140_01	209.56831	7.9
AML_142_01	Trametinib	Trametinib_AML_142_01	209.83138	8.0
AML_143_01	Trametinib	Trametinib_AML_143_01	208.40576	3.2
AML_144_01	Trametinib	Trametinib_AML_144_01	212.86719	18.9
AML_146_01	Trametinib	Trametinib_AML_146_01	212.63455	5.3
AML_147_01	Trametinib	Trametinib_AML_147_01	208.3334	11.4
AML_151_01	Trametinib	Trametinib_AML_151_01	200.3866	16.7
AML_152_01	Trametinib	Trametinib_AML_152_01	207.31343	4.6
AML_153_01	Trametinib	Trametinib_AML_153_01	206.13255	0.0
AML_156_01	Trametinib	Trametinib_AML_156_01	207.30911	11.7
AML_157_01	Trametinib	Trametinib_AML_157_01	205.88396	9.1
AML_157_02	Trametinib	Trametinib_AML_157_02	209.66904	14.0
AML_158_01	Trametinib	Trametinib_AML_158_01	209.73483	8.8
AML_159_01	Trametinib	Trametinib_AML_159_01	211.97318	10.7
AML_160_01	Trametinib	Trametinib_AML_160_01	205.70607	12.9
AML_161_01	Trametinib	Trametinib_AML_161_01	205.20941	10.0
AML_175_01	Trametinib	Trametinib_AML_175_01	208.31424	0.9
AML_179_01	Trametinib	Trametinib_AML_179_01	209.86578	0.0
AML_183_01	Trametinib	Trametinib_AML_183_01	208.574	4.0
AML_183_02	Trametinib	Trametinib_AML_183_02	202.7993	10.6
AML_183_03	Trametinib	Trametinib_AML_183_03	203.01143	8.9
AML_184_01	Trametinib	Trametinib_AML_184_01	204.31905	19.3
AML_185_01	Trametinib	Trametinib_AML_185_01	214.84236	17.5
AML_001_01	Vandetanib	Vandetanib_AML_001_01	216.26703	3.8
AML_001_03	Vandetanib	Vandetanib_AML_001_03	213.15121	0.0
AML_002_01	Vandetanib	Vandetanib_AML_002_01	217.32324	9.0
AML_003_02	Vandetanib	Vandetanib_AML_003_02	219.93272	0.0
AML_004_01	Vandetanib	Vandetanib_AML_004_01	213.79825	0.0
AML_006_02	Vandetanib	Vandetanib_AML_006_02	219.57478	6.2
AML_007_01	Vandetanib	Vandetanib_AML_007_01	214.21735	5.1
AML_007_02	Vandetanib	Vandetanib_AML_007_02	215.75864	0.0
AML_012_01	Vandetanib	Vandetanib_AML_012_01	210.0004	0.7
AML_013_01	Vandetanib	Vandetanib_AML_013_01	213.54367	17.0
AML_014_01	Vandetanib	Vandetanib_AML_014_01	211.5471	0.0
AML_015_01	Vandetanib	Vandetanib_AML_015_01	209.6998	0.0
AML_015_02	Vandetanib	Vandetanib_AML_015_02	214.77646	0.0
AML_015_03	Vandetanib	Vandetanib_AML_015_03	211.77754	3.2
AML_015_04	Vandetanib	Vandetanib_AML_015_04	214.05789	8.2
AML_018_01	Vandetanib	Vandetanib_AML_018_01	214.38606	0.0
AML_019_01	Vandetanib	Vandetanib_AML_019_01	214.77045	1.3
AML_020_01	Vandetanib	Vandetanib_AML_020_01	214.80943	0.0
AML_022_01	Vandetanib	Vandetanib_AML_022_01	214.60497	7.7
AML_023_01	Vandetanib	Vandetanib_AML_023_01	209.81538	9.1
AML_023_03	Vandetanib	Vandetanib_AML_023_03	210.72598	7.9
AML_023_04	Vandetanib	Vandetanib_AML_023_04	210.50151	9.1
AML_024_01	Vandetanib	Vandetanib_AML_024_01	215.09506	2.5
AML_025_01	Vandetanib	Vandetanib_AML_025_01	216.73468	0.0
AML_026_01	Vandetanib	Vandetanib_AML_026_01	215.7745	0.1
AML_028_01	Vandetanib	Vandetanib_AML_028_01	214.51663	2.6
AML_028_04	Vandetanib	Vandetanib_AML_028_04	210.68597	10.1
AML_029_01	Vandetanib	Vandetanib_AML_029_01	214.59625	1.2
AML_030_01	Vandetanib	Vandetanib_AML_030_01	207.74867	0.0
AML_032_01	Vandetanib	Vandetanib_AML_032_01	217.02283	0.0
AML_033_01	Vandetanib	Vandetanib_AML_033_01	212.06993	0.3
AML_033_02	Vandetanib	Vandetanib_AML_033_02	207.79184	3.0
AML_035_02	Vandetanib	Vandetanib_AML_035_02	220.60362	0.0
AML_035_04	Vandetanib	Vandetanib_AML_035_04	216.145	0.8
AML_036_01	Vandetanib	Vandetanib_AML_036_01	209.26445	0.0
AML_040_01	Vandetanib	Vandetanib_AML_040_01	213.03459	0.0
AML_041_01	Vandetanib	Vandetanib_AML_041_01	214.51021	0.0
AML_042_01	Vandetanib	Vandetanib_AML_042_01	212.91762	0.0
AML_043_02	Vandetanib	Vandetanib_AML_043_02	209.69772	0.0
AML_045_01	Vandetanib	Vandetanib_AML_045_01	213.18042	0.0
AML_046_01	Vandetanib	Vandetanib_AML_046_01	207.96005	5.3
AML_051_01	Vandetanib	Vandetanib_AML_051_01	208.0487	0.0
AML_052_01	Vandetanib	Vandetanib_AML_052_01	218.21939	0.0
AML_053_01	Vandetanib	Vandetanib_AML_053_01	221.07573	0.0
AML_054_01	Vandetanib	Vandetanib_AML_054_01	209.19821	0.1
AML_057_01	Vandetanib	Vandetanib_AML_057_01	211.80107	0.9
AML_058_01	Vandetanib	Vandetanib_AML_058_01	209.30492	0.0
AML_059_01	Vandetanib	Vandetanib_AML_059_01	209.58466	0.0
AML_060_01	Vandetanib	Vandetanib_AML_060_01	215.56137	0.0
AML_061_01	Vandetanib	Vandetanib_AML_061_01	208.81084	0.0
AML_062_01	Vandetanib	Vandetanib_AML_062_01	204.31131	4.7
AML_064_01	Vandetanib	Vandetanib_AML_064_01	213.85054	0.0
AML_065_01	Vandetanib	Vandetanib_AML_065_01	209.33362	0.0
AML_067_01	Vandetanib	Vandetanib_AML_067_01	210.8649	1.0
AML_070_01	Vandetanib	Vandetanib_AML_070_01	210.97572	0.0
AML_072_01	Vandetanib	Vandetanib_AML_072_01	219.32246	0.0
AML_073_01	Vandetanib	Vandetanib_AML_073_01	219.0502	1.6
AML_074_01	Vandetanib	Vandetanib_AML_074_01	213.67218	2.2
AML_075_01	Vandetanib	Vandetanib_AML_075_01	209.45956	0.0
AML_076_01	Vandetanib	Vandetanib_AML_076_01	217.15363	0.0
AML_076_02	Vandetanib	Vandetanib_AML_076_02	211.10461	2.5
AML_077_01	Vandetanib	Vandetanib_AML_077_01	215.27422	0.0
AML_078_02	Vandetanib	Vandetanib_AML_078_02	213.3947	0.4
AML_084_01	Vandetanib	Vandetanib_AML_084_01	210.8275	0.7
AML_086_02	Vandetanib	Vandetanib_AML_086_02	217.54193	3.3
AML_098_01	Vandetanib	Vandetanib_AML_098_01	212.02254	0.0
AML_100_01	Vandetanib	Vandetanib_AML_100_01	216.47104	0.4
AML_101_01	Vandetanib	Vandetanib_AML_101_01	204.95381	1.5
AML_101_02	Vandetanib	Vandetanib_AML_101_02	220.33562	2.2
AML_102_01	Vandetanib	Vandetanib_AML_102_01	207.10706	0.0
AML_103_01	Vandetanib	Vandetanib_AML_103_01	205.04025	0.0
AML_103_02	Vandetanib	Vandetanib_AML_103_02	207.6217	1.1
AML_104_01	Vandetanib	Vandetanib_AML_104_01	215.6353	0.0
AML_108_01	Vandetanib	Vandetanib_AML_108_01	206.57532	0.0
AML_109_01	Vandetanib	Vandetanib_AML_109_01	213.22113	1.4
AML_110_01	Vandetanib	Vandetanib_AML_110_01	208.44807	2.6
AML_112_01	Vandetanib	Vandetanib_AML_112_01	207.62178	3.7
AML_112_02	Vandetanib	Vandetanib_AML_112_02	212.77374	0.0
AML_113_01	Vandetanib	Vandetanib_AML_113_01	209.09593	0.9
AML_114_01	Vandetanib	Vandetanib_AML_114_01	212.90869	0.0
AML_115_01	Vandetanib	Vandetanib_AML_115_01	207.02902	6.1
AML_116_01	Vandetanib	Vandetanib_AML_116_01	212.83827	0.0
AML_117_01	Vandetanib	Vandetanib_AML_117_01	215.13599	0.0
AML_119_01	Vandetanib	Vandetanib_AML_119_01	205.24379	4.0
AML_120_01	Vandetanib	Vandetanib_AML_120_01	213.2274	5.1
AML_120_03	Vandetanib	Vandetanib_AML_120_03	215.67747	0.0
AML_122_01	Vandetanib	Vandetanib_AML_122_01	214.02975	0.0
AML_123_01	Vandetanib	Vandetanib_AML_123_01	216.6372	1.8
AML_124_01	Vandetanib	Vandetanib_AML_124_01	216.02896	0.0
AML_125_01	Vandetanib	Vandetanib_AML_125_01	215.72725	0.0
AML_126_01	Vandetanib	Vandetanib_AML_126_01	211.3094	1.4
AML_127_01	Vandetanib	Vandetanib_AML_127_01	213.304	0.0
AML_128_01	Vandetanib	Vandetanib_AML_128_01	219.66576	1.6
AML_129_02	Vandetanib	Vandetanib_AML_129_02	209.22752	14.5
AML_129_03	Vandetanib	Vandetanib_AML_129_03	213.00906	9.5
AML_131_01	Vandetanib	Vandetanib_AML_131_01	214.81866	0.0
AML_133_01	Vandetanib	Vandetanib_AML_133_01	213.08084	0.1
AML_134_01	Vandetanib	Vandetanib_AML_134_01	215.8123	0.1
AML_135_01	Vandetanib	Vandetanib_AML_135_01	217.47113	1.7
AML_138_01	Vandetanib	Vandetanib_AML_138_01	216.8648	1.4
AML_139_01	Vandetanib	Vandetanib_AML_139_01	219.72665	0.1
AML_140_01	Vandetanib	Vandetanib_AML_140_01	214.76154	0.0
AML_142_01	Vandetanib	Vandetanib_AML_142_01	209.687	3.3
AML_143_01	Vandetanib	Vandetanib_AML_143_01	210.58607	0.4
AML_144_01	Vandetanib	Vandetanib_AML_144_01	217.10052	1.4
AML_146_01	Vandetanib	Vandetanib_AML_146_01	215.24048	0.0
AML_147_01	Vandetanib	Vandetanib_AML_147_01	211.47322	0.1
AML_151_01	Vandetanib	Vandetanib_AML_151_01	204.90062	0.7
AML_152_01	Vandetanib	Vandetanib_AML_152_01	212.06519	1.4
AML_153_01	Vandetanib	Vandetanib_AML_153_01	211.03165	0.4
AML_156_01	Vandetanib	Vandetanib_AML_156_01	211.8896	0.0
AML_157_01	Vandetanib	Vandetanib_AML_157_01	212.2809	0.2
AML_157_02	Vandetanib	Vandetanib_AML_157_02	214.80943	1.8
AML_158_01	Vandetanib	Vandetanib_AML_158_01	214.57684	0.0
AML_159_01	Vandetanib	Vandetanib_AML_159_01	214.42812	0.2
AML_160_01	Vandetanib	Vandetanib_AML_160_01	209.2769	3.0
AML_161_01	Vandetanib	Vandetanib_AML_161_01	208.52959	3.7
AML_175_01	Vandetanib	Vandetanib_AML_175_01	213.39127	0.0
AML_179_01	Vandetanib	Vandetanib_AML_179_01	214.99811	13.2
AML_183_01	Vandetanib	Vandetanib_AML_183_01	213.64583	0.0
AML_183_02	Vandetanib	Vandetanib_AML_183_02	209.6404	0.0
AML_183_03	Vandetanib	Vandetanib_AML_183_03	209.30118	0.0
AML_184_01	Vandetanib	Vandetanib_AML_184_01	211.52942	6.7
AML_185_01	Vandetanib	Vandetanib_AML_185_01	219.51434	5.8
AML_001_01	Vatalanib	Vatalanib_AML_001_01	221.23433	1.0
AML_001_03	Vatalanib	Vatalanib_AML_001_03	219.44821	0.0
AML_002_01	Vatalanib	Vatalanib_AML_002_01	221.06671	5.9
AML_003_02	Vatalanib	Vatalanib_AML_003_02	221.43918	3.4
AML_004_01	Vatalanib	Vatalanib_AML_004_01	220.28653	0.0
AML_006_02	Vatalanib	Vatalanib_AML_006_02	225.49142	1.1
AML_007_01	Vatalanib	Vatalanib_AML_007_01	219.43929	0.0
AML_007_02	Vatalanib	Vatalanib_AML_007_02	221.74986	0.0
AML_012_01	Vatalanib	Vatalanib_AML_012_01	214.3706	0.0
AML_013_01	Vatalanib	Vatalanib_AML_013_01	216.4004	0.0
AML_014_01	Vatalanib	Vatalanib_AML_014_01	217.79611	0.0
AML_015_01	Vatalanib	Vatalanib_AML_015_01	214.35757	10.7
AML_015_02	Vatalanib	Vatalanib_AML_015_02	217.97925	5.5
AML_015_03	Vatalanib	Vatalanib_AML_015_03	215.80379	13.9
AML_015_04	Vatalanib	Vatalanib_AML_015_04	218.79797	18.9
AML_018_01	Vatalanib	Vatalanib_AML_018_01	215.56271	1.0
AML_019_01	Vatalanib	Vatalanib_AML_019_01	217.67744	0.0
AML_020_01	Vatalanib	Vatalanib_AML_020_01	218.91379	1.9
AML_022_01	Vatalanib	Vatalanib_AML_022_01	219.35112	0.4
AML_023_01	Vatalanib	Vatalanib_AML_023_01	212.67679	5.8
AML_023_03	Vatalanib	Vatalanib_AML_023_03	213.28479	2.0
AML_023_04	Vatalanib	Vatalanib_AML_023_04	213.96265	2.7
AML_024_01	Vatalanib	Vatalanib_AML_024_01	218.39346	0.0
AML_025_01	Vatalanib	Vatalanib_AML_025_01	221.70187	0.0
AML_026_01	Vatalanib	Vatalanib_AML_026_01	221.13846	0.8
AML_028_01	Vatalanib	Vatalanib_AML_028_01	219.69809	0.0
AML_028_04	Vatalanib	Vatalanib_AML_028_04	214.19582	0.0
AML_029_01	Vatalanib	Vatalanib_AML_029_01	218.69585	0.4
AML_030_01	Vatalanib	Vatalanib_AML_030_01	212.78236	0.0
AML_032_01	Vatalanib	Vatalanib_AML_032_01	222.35637	0.0
AML_033_01	Vatalanib	Vatalanib_AML_033_01	216.10725	0.0
AML_033_02	Vatalanib	Vatalanib_AML_033_02	212.3955	0.2
AML_035_02	Vatalanib	Vatalanib_AML_035_02	224.72661	0.0
AML_035_04	Vatalanib	Vatalanib_AML_035_04	218.1644	0.0
AML_036_01	Vatalanib	Vatalanib_AML_036_01	215.56499	0.0
AML_040_01	Vatalanib	Vatalanib_AML_040_01	219.20175	0.0
AML_041_01	Vatalanib	Vatalanib_AML_041_01	220.22667	0.9
AML_042_01	Vatalanib	Vatalanib_AML_042_01	218.87218	0.0
AML_043_02	Vatalanib	Vatalanib_AML_043_02	212.76465	0.0
AML_045_01	Vatalanib	Vatalanib_AML_045_01	216.9109	0.0
AML_046_01	Vatalanib	Vatalanib_AML_046_01	213.09666	0.6
AML_051_01	Vatalanib	Vatalanib_AML_051_01	213.55243	0.0
AML_052_01	Vatalanib	Vatalanib_AML_052_01	222.27846	1.6
AML_053_01	Vatalanib	Vatalanib_AML_053_01	227.4779	0.0
AML_054_01	Vatalanib	Vatalanib_AML_054_01	212.01462	0.0
AML_057_01	Vatalanib	Vatalanib_AML_057_01	216.43681	2.7
AML_058_01	Vatalanib	Vatalanib_AML_058_01	213.34183	1.1
AML_059_01	Vatalanib	Vatalanib_AML_059_01	214.79167	1.5
AML_060_01	Vatalanib	Vatalanib_AML_060_01	218.65764	0.5
AML_061_01	Vatalanib	Vatalanib_AML_061_01	215.42915	0.1
AML_062_01	Vatalanib	Vatalanib_AML_062_01	207.83939	2.2
AML_064_01	Vatalanib	Vatalanib_AML_064_01	215.57214	0.0
AML_065_01	Vatalanib	Vatalanib_AML_065_01	214.63332	0.6
AML_067_01	Vatalanib	Vatalanib_AML_067_01	216.64833	2.0
AML_070_01	Vatalanib	Vatalanib_AML_070_01	218.72621	0.0
AML_072_01	Vatalanib	Vatalanib_AML_072_01	221.95819	0.0
AML_073_01	Vatalanib	Vatalanib_AML_073_01	223.16295	0.8
AML_074_01	Vatalanib	Vatalanib_AML_074_01	219.75249	0.0
AML_075_01	Vatalanib	Vatalanib_AML_075_01	217.07072	0.2
AML_076_01	Vatalanib	Vatalanib_AML_076_01	221.63235	0.0
AML_076_02	Vatalanib	Vatalanib_AML_076_02	215.64796	0.1
AML_077_01	Vatalanib	Vatalanib_AML_077_01	219.41039	0.0
AML_078_02	Vatalanib	Vatalanib_AML_078_02	218.25574	0.9
AML_084_01	Vatalanib	Vatalanib_AML_084_01	215.67589	1.1
AML_086_02	Vatalanib	Vatalanib_AML_086_02	223.1428	1.8
AML_098_01	Vatalanib	Vatalanib_AML_098_01	215.27063	0.0
AML_100_01	Vatalanib	Vatalanib_AML_100_01	220.87076	1.0
AML_101_01	Vatalanib	Vatalanib_AML_101_01	208.63913	5.0
AML_101_02	Vatalanib	Vatalanib_AML_101_02	221.62558	0.7
AML_102_01	Vatalanib	Vatalanib_AML_102_01	213.2168	0.0
AML_103_01	Vatalanib	Vatalanib_AML_103_01	206.20567	0.0
AML_103_02	Vatalanib	Vatalanib_AML_103_02	210.6077	3.4
AML_104_01	Vatalanib	Vatalanib_AML_104_01	221.29477	0.0
AML_108_01	Vatalanib	Vatalanib_AML_108_01	213.10391	0.0
AML_109_01	Vatalanib	Vatalanib_AML_109_01	215.59935	0.2
AML_110_01	Vatalanib	Vatalanib_AML_110_01	217.12537	3.2
AML_112_01	Vatalanib	Vatalanib_AML_112_01	214.26675	1.7
AML_112_02	Vatalanib	Vatalanib_AML_112_02	216.177	0.0
AML_113_01	Vatalanib	Vatalanib_AML_113_01	213.70334	0.8
AML_114_01	Vatalanib	Vatalanib_AML_114_01	217.86829	1.3
AML_115_01	Vatalanib	Vatalanib_AML_115_01	213.13753	1.4
AML_116_01	Vatalanib	Vatalanib_AML_116_01	217.51447	0.0
AML_117_01	Vatalanib	Vatalanib_AML_117_01	220.41905	0.0
AML_119_01	Vatalanib	Vatalanib_AML_119_01	210.99518	0.0
AML_120_01	Vatalanib	Vatalanib_AML_120_01	216.53873	6.3
AML_120_03	Vatalanib	Vatalanib_AML_120_03	218.07277	2.0
AML_122_01	Vatalanib	Vatalanib_AML_122_01	217.70564	0.0
AML_123_01	Vatalanib	Vatalanib_AML_123_01	222.02794	0.0
AML_124_01	Vatalanib	Vatalanib_AML_124_01	222.6957	0.0
AML_125_01	Vatalanib	Vatalanib_AML_125_01	220.71724	11.7
AML_126_01	Vatalanib	Vatalanib_AML_126_01	215.26823	0.0
AML_127_01	Vatalanib	Vatalanib_AML_127_01	218.80478	0.0
AML_128_01	Vatalanib	Vatalanib_AML_128_01	222.68106	0.0
AML_129_02	Vatalanib	Vatalanib_AML_129_02	215.37646	5.8
AML_129_03	Vatalanib	Vatalanib_AML_129_03	217.9046	4.9
AML_131_01	Vatalanib	Vatalanib_AML_131_01	218.3703	0.0
AML_133_01	Vatalanib	Vatalanib_AML_133_01	216.69102	0.2
AML_134_01	Vatalanib	Vatalanib_AML_134_01	217.49548	0.0
AML_135_01	Vatalanib	Vatalanib_AML_135_01	222.43343	0.2
AML_138_01	Vatalanib	Vatalanib_AML_138_01	222.43773	3.0
AML_139_01	Vatalanib	Vatalanib_AML_139_01	225.98929	0.0
AML_140_01	Vatalanib	Vatalanib_AML_140_01	219.98386	0.0
AML_142_01	Vatalanib	Vatalanib_AML_142_01	213.85735	2.1
AML_143_01	Vatalanib	Vatalanib_AML_143_01	217.93982	1.8
AML_144_01	Vatalanib	Vatalanib_AML_144_01	223.1609	0.0
AML_146_01	Vatalanib	Vatalanib_AML_146_01	220.61226	1.3
AML_147_01	Vatalanib	Vatalanib_AML_147_01	216.48683	2.4
AML_151_01	Vatalanib	Vatalanib_AML_151_01	209.34036	0.0
AML_152_01	Vatalanib	Vatalanib_AML_152_01	216.44022	0.2
AML_153_01	Vatalanib	Vatalanib_AML_153_01	215.31197	2.5
AML_156_01	Vatalanib	Vatalanib_AML_156_01	216.45886	0.0
AML_157_01	Vatalanib	Vatalanib_AML_157_01	217.11838	0.0
AML_157_02	Vatalanib	Vatalanib_AML_157_02	219.08795	0.3
AML_158_01	Vatalanib	Vatalanib_AML_158_01	218.65237	0.0
AML_159_01	Vatalanib	Vatalanib_AML_159_01	219.14555	0.4
AML_160_01	Vatalanib	Vatalanib_AML_160_01	214.51704	0.8
AML_161_01	Vatalanib	Vatalanib_AML_161_01	212.1125	6.7
AML_175_01	Vatalanib	Vatalanib_AML_175_01	219.73775	0.0
AML_179_01	Vatalanib	Vatalanib_AML_179_01	218.66542	5.7
AML_183_01	Vatalanib	Vatalanib_AML_183_01	218.26753	0.0
AML_183_02	Vatalanib	Vatalanib_AML_183_02	216.15948	0.0
AML_183_03	Vatalanib	Vatalanib_AML_183_03	213.20076	1.1
AML_184_01	Vatalanib	Vatalanib_AML_184_01	216.5955	4.6
AML_185_01	Vatalanib	Vatalanib_AML_185_01	223.71992	3.7
AML_001_01	Vemurafenib	Vemurafenib_AML_001_01	220.00047	0.0
AML_001_03	Vemurafenib	Vemurafenib_AML_001_03	221.8399	0.6
AML_002_01	Vemurafenib	Vemurafenib_AML_002_01	218.94527	0.0
AML_003_02	Vemurafenib	Vemurafenib_AML_003_02	220.95108	9.1
AML_004_01	Vemurafenib	Vemurafenib_AML_004_01	219.2561	1.8
AML_006_02	Vemurafenib	Vemurafenib_AML_006_02	224.15817	0.0
AML_007_01	Vemurafenib	Vemurafenib_AML_007_01	218.108	0.0
AML_007_02	Vemurafenib	Vemurafenib_AML_007_02	222.76785	0.0
AML_012_01	Vemurafenib	Vemurafenib_AML_012_01	212.08682	0.0
AML_013_01	Vemurafenib	Vemurafenib_AML_013_01	215.1173	7.6
AML_014_01	Vemurafenib	Vemurafenib_AML_014_01	218.56915	0.0
AML_015_01	Vemurafenib	Vemurafenib_AML_015_01	214.95256	0.0
AML_015_02	Vemurafenib	Vemurafenib_AML_015_02	219.46582	0.0
AML_015_03	Vemurafenib	Vemurafenib_AML_015_03	215.29234	1.2
AML_015_04	Vemurafenib	Vemurafenib_AML_015_04	216.33165	3.8
AML_018_01	Vemurafenib	Vemurafenib_AML_018_01	214.62311	1.1
AML_019_01	Vemurafenib	Vemurafenib_AML_019_01	216.82162	5.2
AML_020_01	Vemurafenib	Vemurafenib_AML_020_01	217.09294	0.8
AML_022_01	Vemurafenib	Vemurafenib_AML_022_01	219.83913	0.0
AML_023_01	Vemurafenib	Vemurafenib_AML_023_01	213.49608	0.0
AML_023_03	Vemurafenib	Vemurafenib_AML_023_03	213.67012	0.0
AML_023_04	Vemurafenib	Vemurafenib_AML_023_04	213.20107	0.0
AML_024_01	Vemurafenib	Vemurafenib_AML_024_01	218.49191	3.0
AML_025_01	Vemurafenib	Vemurafenib_AML_025_01	222.33604	2.0
AML_026_01	Vemurafenib	Vemurafenib_AML_026_01	220.82495	0.4
AML_028_01	Vemurafenib	Vemurafenib_AML_028_01	220.60318	0.1
AML_028_04	Vemurafenib	Vemurafenib_AML_028_04	214.32867	0.0
AML_029_01	Vemurafenib	Vemurafenib_AML_029_01	219.4054	5.0
AML_030_01	Vemurafenib	Vemurafenib_AML_030_01	213.19061	0.3
AML_032_01	Vemurafenib	Vemurafenib_AML_032_01	221.33888	1.0
AML_033_01	Vemurafenib	Vemurafenib_AML_033_01	214.27295	2.9
AML_033_02	Vemurafenib	Vemurafenib_AML_033_02	210.9055	2.5
AML_035_02	Vemurafenib	Vemurafenib_AML_035_02	224.15027	0.0
AML_035_04	Vemurafenib	Vemurafenib_AML_035_04	217.5281	0.0
AML_036_01	Vemurafenib	Vemurafenib_AML_036_01	214.82135	3.6
AML_040_01	Vemurafenib	Vemurafenib_AML_040_01	217.19263	5.4
AML_041_01	Vemurafenib	Vemurafenib_AML_041_01	220.12393	1.7
AML_042_01	Vemurafenib	Vemurafenib_AML_042_01	219.12834	0.0
AML_043_02	Vemurafenib	Vemurafenib_AML_043_02	212.3887	3.1
AML_045_01	Vemurafenib	Vemurafenib_AML_045_01	218.68552	0.0
AML_046_01	Vemurafenib	Vemurafenib_AML_046_01	212.26672	7.5
AML_051_01	Vemurafenib	Vemurafenib_AML_051_01	212.66183	0.0
AML_052_01	Vemurafenib	Vemurafenib_AML_052_01	221.36642	1.1
AML_053_01	Vemurafenib	Vemurafenib_AML_053_01	227.96373	3.1
AML_054_01	Vemurafenib	Vemurafenib_AML_054_01	211.05876	1.3
AML_057_01	Vemurafenib	Vemurafenib_AML_057_01	216.39848	1.1
AML_058_01	Vemurafenib	Vemurafenib_AML_058_01	214.35574	1.6
AML_059_01	Vemurafenib	Vemurafenib_AML_059_01	214.2905	3.8
AML_060_01	Vemurafenib	Vemurafenib_AML_060_01	218.97636	1.6
AML_061_01	Vemurafenib	Vemurafenib_AML_061_01	214.51137	1.6
AML_062_01	Vemurafenib	Vemurafenib_AML_062_01	206.74683	3.6
AML_064_01	Vemurafenib	Vemurafenib_AML_064_01	216.05087	1.4
AML_065_01	Vemurafenib	Vemurafenib_AML_065_01	213.24852	0.7
AML_067_01	Vemurafenib	Vemurafenib_AML_067_01	215.85338	1.7
AML_070_01	Vemurafenib	Vemurafenib_AML_070_01	218.18793	0.4
AML_072_01	Vemurafenib	Vemurafenib_AML_072_01	223.97206	0.9
AML_073_01	Vemurafenib	Vemurafenib_AML_073_01	221.58676	2.0
AML_074_01	Vemurafenib	Vemurafenib_AML_074_01	218.40198	1.4
AML_075_01	Vemurafenib	Vemurafenib_AML_075_01	217.08884	1.2
AML_076_01	Vemurafenib	Vemurafenib_AML_076_01	221.3991	2.9
AML_076_02	Vemurafenib	Vemurafenib_AML_076_02	213.91788	0.7
AML_077_01	Vemurafenib	Vemurafenib_AML_077_01	219.97147	1.4
AML_078_02	Vemurafenib	Vemurafenib_AML_078_02	219.20941	0.2
AML_084_01	Vemurafenib	Vemurafenib_AML_084_01	215.21141	0.0
AML_086_02	Vemurafenib	Vemurafenib_AML_086_02	221.02193	2.4
AML_098_01	Vemurafenib	Vemurafenib_AML_098_01	215.00217	1.0
AML_100_01	Vemurafenib	Vemurafenib_AML_100_01	221.4363	0.8
AML_101_01	Vemurafenib	Vemurafenib_AML_101_01	208.70175	4.4
AML_101_02	Vemurafenib	Vemurafenib_AML_101_02	221.26453	1.1
AML_102_01	Vemurafenib	Vemurafenib_AML_102_01	211.95998	0.5
AML_103_01	Vemurafenib	Vemurafenib_AML_103_01	206.53018	2.8
AML_103_02	Vemurafenib	Vemurafenib_AML_103_02	210.71379	4.6
AML_104_01	Vemurafenib	Vemurafenib_AML_104_01	220.97293	0.6
AML_108_01	Vemurafenib	Vemurafenib_AML_108_01	209.84181	5.8
AML_109_01	Vemurafenib	Vemurafenib_AML_109_01	214.14122	1.8
AML_110_01	Vemurafenib	Vemurafenib_AML_110_01	214.29002	2.2
AML_112_01	Vemurafenib	Vemurafenib_AML_112_01	213.84442	2.3
AML_112_02	Vemurafenib	Vemurafenib_AML_112_02	215.67354	2.8
AML_113_01	Vemurafenib	Vemurafenib_AML_113_01	212.7138	3.6
AML_114_01	Vemurafenib	Vemurafenib_AML_114_01	218.52	1.8
AML_115_01	Vemurafenib	Vemurafenib_AML_115_01	211.9109	1.6
AML_116_01	Vemurafenib	Vemurafenib_AML_116_01	216.80774	2.5
AML_117_01	Vemurafenib	Vemurafenib_AML_117_01	219.81354	0.4
AML_119_01	Vemurafenib	Vemurafenib_AML_119_01	211.07692	1.4
AML_120_01	Vemurafenib	Vemurafenib_AML_120_01	216.9213	0.0
AML_120_03	Vemurafenib	Vemurafenib_AML_120_03	219.1654	0.0
AML_122_01	Vemurafenib	Vemurafenib_AML_122_01	219.3408	0.0
AML_123_01	Vemurafenib	Vemurafenib_AML_123_01	221.87076	2.7
AML_124_01	Vemurafenib	Vemurafenib_AML_124_01	219.87561	3.0
AML_125_01	Vemurafenib	Vemurafenib_AML_125_01	219.71579	1.8
AML_126_01	Vemurafenib	Vemurafenib_AML_126_01	217.35735	1.5
AML_127_01	Vemurafenib	Vemurafenib_AML_127_01	217.6531	4.1
AML_128_01	Vemurafenib	Vemurafenib_AML_128_01	222.26144	1.5
AML_129_02	Vemurafenib	Vemurafenib_AML_129_02	212.36473	2.0
AML_129_03	Vemurafenib	Vemurafenib_AML_129_03	215.08432	0.0
AML_131_01	Vemurafenib	Vemurafenib_AML_131_01	219.22891	0.0
AML_133_01	Vemurafenib	Vemurafenib_AML_133_01	216.44162	0.0
AML_134_01	Vemurafenib	Vemurafenib_AML_134_01	216.12749	1.7
AML_135_01	Vemurafenib	Vemurafenib_AML_135_01	221.77887	0.9
AML_138_01	Vemurafenib	Vemurafenib_AML_138_01	222.76869	0.0
AML_139_01	Vemurafenib	Vemurafenib_AML_139_01	225.73537	0.9
AML_140_01	Vemurafenib	Vemurafenib_AML_140_01	221.29857	2.0
AML_142_01	Vemurafenib	Vemurafenib_AML_142_01	212.42128	0.0
AML_143_01	Vemurafenib	Vemurafenib_AML_143_01	216.50175	6.2
AML_144_01	Vemurafenib	Vemurafenib_AML_144_01	222.96107	0.6
AML_146_01	Vemurafenib	Vemurafenib_AML_146_01	221.34921	0.3
AML_147_01	Vemurafenib	Vemurafenib_AML_147_01	216.64551	0.3
AML_151_01	Vemurafenib	Vemurafenib_AML_151_01	207.73961	0.8
AML_152_01	Vemurafenib	Vemurafenib_AML_152_01	216.25816	1.5
AML_153_01	Vemurafenib	Vemurafenib_AML_153_01	213.8836	1.3
AML_156_01	Vemurafenib	Vemurafenib_AML_156_01	214.58342	0.4
AML_157_01	Vemurafenib	Vemurafenib_AML_157_01	216.45311	0.3
AML_157_02	Vemurafenib	Vemurafenib_AML_157_02	218.54385	0.0
AML_158_01	Vemurafenib	Vemurafenib_AML_158_01	219.04852	0.3
AML_159_01	Vemurafenib	Vemurafenib_AML_159_01	219.98132	0.6
AML_160_01	Vemurafenib	Vemurafenib_AML_160_01	213.44753	0.2
AML_161_01	Vemurafenib	Vemurafenib_AML_161_01	211.53273	4.3
AML_175_01	Vemurafenib	Vemurafenib_AML_175_01	219.9397	0.0
AML_179_01	Vemurafenib	Vemurafenib_AML_179_01	216.66911	0.0
AML_183_01	Vemurafenib	Vemurafenib_AML_183_01	218.92242	2.3
AML_183_02	Vemurafenib	Vemurafenib_AML_183_02	216.54733	0.2
AML_183_03	Vemurafenib	Vemurafenib_AML_183_03	212.37958	1.4
AML_184_01	Vemurafenib	Vemurafenib_AML_184_01	217.49399	0.0
AML_185_01	Vemurafenib	Vemurafenib_AML_185_01	221.7782	1.8
AML_001_03	Venetoclax	Venetoclax_AML_001_03	207.49364	1.2
AML_003_02	Venetoclax	Venetoclax_AML_003_02	205.43579	18.6
AML_004_01	Venetoclax	Venetoclax_AML_004_01	206.33075	28.3
AML_013_01	Venetoclax	Venetoclax_AML_013_01	201.42429	34.6
AML_015_01	Venetoclax	Venetoclax_AML_015_01	200.93713	23.3
AML_015_02	Venetoclax	Venetoclax_AML_015_02	211.31207	4.3
AML_015_03	Venetoclax	Venetoclax_AML_015_03	205.24078	16.6
AML_015_04	Venetoclax	Venetoclax_AML_015_04	202.12526	35.2
AML_018_01	Venetoclax	Venetoclax_AML_018_01	205.96306	23.5
AML_020_01	Venetoclax	Venetoclax_AML_020_01	202.40714	30.0
AML_024_01	Venetoclax	Venetoclax_AML_024_01	201.3674	7.2
AML_026_01	Venetoclax	Venetoclax_AML_026_01	209.79092	10.1
AML_028_01	Venetoclax	Venetoclax_AML_028_01	206.5971	22.0
AML_028_04	Venetoclax	Venetoclax_AML_028_04	200.15791	34.8
AML_030_01	Venetoclax	Venetoclax_AML_030_01	202.24113	11.8
AML_032_01	Venetoclax	Venetoclax_AML_032_01	204.67236	10.3
AML_033_01	Venetoclax	Venetoclax_AML_033_01	202.47194	10.8
AML_033_02	Venetoclax	Venetoclax_AML_033_02	193.24817	3.5
AML_035_02	Venetoclax	Venetoclax_AML_035_02	210.3123	0.0
AML_035_04	Venetoclax	Venetoclax_AML_035_04	203.87585	0.0
AML_036_01	Venetoclax	Venetoclax_AML_036_01	205.46513	3.4
AML_040_01	Venetoclax	Venetoclax_AML_040_01	205.32587	14.2
AML_041_01	Venetoclax	Venetoclax_AML_041_01	211.00117	8.5
AML_042_01	Venetoclax	Venetoclax_AML_042_01	207.20844	23.7
AML_043_02	Venetoclax	Venetoclax_AML_043_02	198.38275	2.5
AML_045_01	Venetoclax	Venetoclax_AML_045_01	205.11563	23.2
AML_046_01	Venetoclax	Venetoclax_AML_046_01	197.70827	42.2
AML_051_01	Venetoclax	Venetoclax_AML_051_01	200.09941	17.6
AML_053_01	Venetoclax	Venetoclax_AML_053_01	211.65218	14.7
AML_054_01	Venetoclax	Venetoclax_AML_054_01	197.03198	38.5
AML_057_01	Venetoclax	Venetoclax_AML_057_01	208.27518	10.1
AML_058_01	Venetoclax	Venetoclax_AML_058_01	202.33072	21.2
AML_059_01	Venetoclax	Venetoclax_AML_059_01	202.39262	31.9
AML_060_01	Venetoclax	Venetoclax_AML_060_01	203.24445	38.3
AML_061_01	Venetoclax	Venetoclax_AML_061_01	200.9392	32.4
AML_062_01	Venetoclax	Venetoclax_AML_062_01	201.76178	14.2
AML_064_01	Venetoclax	Venetoclax_AML_064_01	211.2977	6.0
AML_065_01	Venetoclax	Venetoclax_AML_065_01	204.26945	24.2
AML_067_01	Venetoclax	Venetoclax_AML_067_01	208.74373	12.7
AML_070_01	Venetoclax	Venetoclax_AML_070_01	207.79747	11.2
AML_072_01	Venetoclax	Venetoclax_AML_072_01	209.1231	26.7
AML_073_01	Venetoclax	Venetoclax_AML_073_01	206.68654	22.0
AML_074_01	Venetoclax	Venetoclax_AML_074_01	211.43967	5.8
AML_075_01	Venetoclax	Venetoclax_AML_075_01	205.11475	13.6
AML_076_01	Venetoclax	Venetoclax_AML_076_01	209.66318	8.0
AML_076_02	Venetoclax	Venetoclax_AML_076_02	204.23297	0.0
AML_077_01	Venetoclax	Venetoclax_AML_077_01	204.72842	7.9
AML_084_01	Venetoclax	Venetoclax_AML_084_01	200.23059	36.9
AML_086_02	Venetoclax	Venetoclax_AML_086_02	207.87938	13.9
AML_098_01	Venetoclax	Venetoclax_AML_098_01	207.77438	0.0
AML_100_01	Venetoclax	Venetoclax_AML_100_01	210.10324	13.2
AML_101_01	Venetoclax	Venetoclax_AML_101_01	195.05118	5.6
AML_101_02	Venetoclax	Venetoclax_AML_101_02	207.0979	4.1
AML_102_01	Venetoclax	Venetoclax_AML_102_01	206.63927	0.0
AML_103_01	Venetoclax	Venetoclax_AML_103_01	202.52426	0.0
AML_104_01	Venetoclax	Venetoclax_AML_104_01	211.8424	0.3
AML_108_01	Venetoclax	Venetoclax_AML_108_01	203.99353	0.0
AML_109_01	Venetoclax	Venetoclax_AML_109_01	202.1053	16.1
AML_110_01	Venetoclax	Venetoclax_AML_110_01	204.08559	0.9
AML_112_01	Venetoclax	Venetoclax_AML_112_01	205.591	3.9
AML_113_01	Venetoclax	Venetoclax_AML_113_01	200.38419	13.6
AML_114_01	Venetoclax	Venetoclax_AML_114_01	207.80042	3.1
AML_115_01	Venetoclax	Venetoclax_AML_115_01	201.48802	17.8
AML_116_01	Venetoclax	Venetoclax_AML_116_01	206.78453	11.2
AML_117_01	Venetoclax	Venetoclax_AML_117_01	209.9973	12.6
AML_119_01	Venetoclax	Venetoclax_AML_119_01	206.47885	2.3
AML_122_01	Venetoclax	Venetoclax_AML_122_01	212.32544	0.3
AML_123_01	Venetoclax	Venetoclax_AML_123_01	210.02405	4.4
AML_124_01	Venetoclax	Venetoclax_AML_124_01	209.36633	5.4
AML_125_01	Venetoclax	Venetoclax_AML_125_01	204.90552	13.5
AML_126_01	Venetoclax	Venetoclax_AML_126_01	206.93558	17.8
AML_127_01	Venetoclax	Venetoclax_AML_127_01	208.43222	2.2
AML_128_01	Venetoclax	Venetoclax_AML_128_01	209.39368	12.1
AML_131_01	Venetoclax	Venetoclax_AML_131_01	212.05	0.0
AML_142_01	Venetoclax	Venetoclax_AML_142_01	199.03783	29.6
AML_143_01	Venetoclax	Venetoclax_AML_143_01	204.64131	7.9
AML_144_01	Venetoclax	Venetoclax_AML_144_01	208.88307	0.6
AML_146_01	Venetoclax	Venetoclax_AML_146_01	206.80594	0.0
AML_147_01	Venetoclax	Venetoclax_AML_147_01	206.96301	9.6
AML_151_01	Venetoclax	Venetoclax_AML_151_01	201.89693	11.7
AML_152_01	Venetoclax	Venetoclax_AML_152_01	202.99304	0.0
AML_153_01	Venetoclax	Venetoclax_AML_153_01	197.99121	15.4
AML_156_01	Venetoclax	Venetoclax_AML_156_01	205.88234	15.9
AML_157_01	Venetoclax	Venetoclax_AML_157_01	208.52264	6.7
AML_157_02	Venetoclax	Venetoclax_AML_157_02	211.48042	2.1
AML_158_01	Venetoclax	Venetoclax_AML_158_01	207.21011	9.2
AML_159_01	Venetoclax	Venetoclax_AML_159_01	206.9814	15.1
AML_160_01	Venetoclax	Venetoclax_AML_160_01	208.00789	3.2
AML_161_01	Venetoclax	Venetoclax_AML_161_01	198.472	0.0
AML_175_01	Venetoclax	Venetoclax_AML_175_01	209.11949	12.1
AML_183_01	Venetoclax	Venetoclax_AML_183_01	211.49985	1.8
AML_183_02	Venetoclax	Venetoclax_AML_183_02	208.21692	1.1
AML_001_01	Vismodegib	Vismodegib_AML_001_01	224.68756	0.3
AML_001_03	Vismodegib	Vismodegib_AML_001_03	221.74478	0.3
AML_002_01	Vismodegib	Vismodegib_AML_002_01	223.44858	0.0
AML_003_02	Vismodegib	Vismodegib_AML_003_02	225.92322	0.0
AML_004_01	Vismodegib	Vismodegib_AML_004_01	221.30641	0.0
AML_006_02	Vismodegib	Vismodegib_AML_006_02	225.43845	0.0
AML_007_01	Vismodegib	Vismodegib_AML_007_01	223.77133	0.0
AML_007_02	Vismodegib	Vismodegib_AML_007_02	222.13225	0.0
AML_012_01	Vismodegib	Vismodegib_AML_012_01	218.70667	0.0
AML_013_01	Vismodegib	Vismodegib_AML_013_01	222.19511	0.0
AML_014_01	Vismodegib	Vismodegib_AML_014_01	220.32594	0.0
AML_015_01	Vismodegib	Vismodegib_AML_015_01	222.08644	0.0
AML_015_02	Vismodegib	Vismodegib_AML_015_02	219.74231	0.0
AML_015_03	Vismodegib	Vismodegib_AML_015_03	218.68517	0.0
AML_015_04	Vismodegib	Vismodegib_AML_015_04	222.54744	0.0
AML_018_01	Vismodegib	Vismodegib_AML_018_01	220.38997	0.0
AML_019_01	Vismodegib	Vismodegib_AML_019_01	220.40344	1.3
AML_020_01	Vismodegib	Vismodegib_AML_020_01	223.89671	0.0
AML_022_01	Vismodegib	Vismodegib_AML_022_01	221.64915	0.0
AML_023_01	Vismodegib	Vismodegib_AML_023_01	216.7697	0.0
AML_023_03	Vismodegib	Vismodegib_AML_023_03	218.48824	0.0
AML_023_04	Vismodegib	Vismodegib_AML_023_04	217.71703	0.0
AML_024_01	Vismodegib	Vismodegib_AML_024_01	222.54129	2.0
AML_025_01	Vismodegib	Vismodegib_AML_025_01	224.3977	0.8
AML_026_01	Vismodegib	Vismodegib_AML_026_01	224.25407	0.0
AML_028_01	Vismodegib	Vismodegib_AML_028_01	223.38536	0.9
AML_028_04	Vismodegib	Vismodegib_AML_028_04	220.4077	0.0
AML_029_01	Vismodegib	Vismodegib_AML_029_01	221.9441	0.0
AML_030_01	Vismodegib	Vismodegib_AML_030_01	217.6361	0.0
AML_032_01	Vismodegib	Vismodegib_AML_032_01	225.0318	0.0
AML_033_01	Vismodegib	Vismodegib_AML_033_01	220.61388	1.4
AML_033_02	Vismodegib	Vismodegib_AML_033_02	218.15326	0.3
AML_035_02	Vismodegib	Vismodegib_AML_035_02	226.35938	0.0
AML_035_04	Vismodegib	Vismodegib_AML_035_04	221.26463	0.0
AML_036_01	Vismodegib	Vismodegib_AML_036_01	219.46835	0.8
AML_040_01	Vismodegib	Vismodegib_AML_040_01	220.41321	0.0
AML_041_01	Vismodegib	Vismodegib_AML_041_01	224.55415	0.0
AML_042_01	Vismodegib	Vismodegib_AML_042_01	221.13289	0.0
AML_043_02	Vismodegib	Vismodegib_AML_043_02	218.79672	0.7
AML_045_01	Vismodegib	Vismodegib_AML_045_01	220.74187	0.0
AML_046_01	Vismodegib	Vismodegib_AML_046_01	218.36093	1.3
AML_051_01	Vismodegib	Vismodegib_AML_051_01	218.53563	0.0
AML_052_01	Vismodegib	Vismodegib_AML_052_01	224.29729	0.0
AML_053_01	Vismodegib	Vismodegib_AML_053_01	228.15517	0.0
AML_054_01	Vismodegib	Vismodegib_AML_054_01	218.06793	0.0
AML_057_01	Vismodegib	Vismodegib_AML_057_01	221.36536	0.4
AML_058_01	Vismodegib	Vismodegib_AML_058_01	219.1147	0.0
AML_059_01	Vismodegib	Vismodegib_AML_059_01	219.36089	0.3
AML_060_01	Vismodegib	Vismodegib_AML_060_01	223.87318	0.0
AML_061_01	Vismodegib	Vismodegib_AML_061_01	219.19588	0.6
AML_062_01	Vismodegib	Vismodegib_AML_062_01	214.48196	2.3
AML_064_01	Vismodegib	Vismodegib_AML_064_01	219.57663	0.4
AML_065_01	Vismodegib	Vismodegib_AML_065_01	219.58208	0.0
AML_067_01	Vismodegib	Vismodegib_AML_067_01	220.10258	0.0
AML_070_01	Vismodegib	Vismodegib_AML_070_01	220.348	0.0
AML_072_01	Vismodegib	Vismodegib_AML_072_01	225.03854	0.0
AML_073_01	Vismodegib	Vismodegib_AML_073_01	224.06003	0.6
AML_074_01	Vismodegib	Vismodegib_AML_074_01	224.82309	0.4
AML_075_01	Vismodegib	Vismodegib_AML_075_01	220.89603	0.0
AML_076_01	Vismodegib	Vismodegib_AML_076_01	225.02902	2.4
AML_076_02	Vismodegib	Vismodegib_AML_076_02	221.39342	0.0
AML_077_01	Vismodegib	Vismodegib_AML_077_01	221.90083	0.8
AML_078_02	Vismodegib	Vismodegib_AML_078_02	222.40285	0.0
AML_084_01	Vismodegib	Vismodegib_AML_084_01	220.43742	0.0
AML_086_02	Vismodegib	Vismodegib_AML_086_02	226.51726	1.1
AML_098_01	Vismodegib	Vismodegib_AML_098_01	219.43523	1.0
AML_100_01	Vismodegib	Vismodegib_AML_100_01	223.92558	0.1
AML_101_01	Vismodegib	Vismodegib_AML_101_01	214.45033	4.7
AML_101_02	Vismodegib	Vismodegib_AML_101_02	225.09561	0.0
AML_102_01	Vismodegib	Vismodegib_AML_102_01	216.79517	0.3
AML_103_01	Vismodegib	Vismodegib_AML_103_01	213.62569	0.4
AML_103_02	Vismodegib	Vismodegib_AML_103_02	218.0306	0.0
AML_104_01	Vismodegib	Vismodegib_AML_104_01	224.42453	0.0
AML_108_01	Vismodegib	Vismodegib_AML_108_01	217.95	4.2
AML_109_01	Vismodegib	Vismodegib_AML_109_01	220.58714	0.0
AML_110_01	Vismodegib	Vismodegib_AML_110_01	219.60588	0.5
AML_112_01	Vismodegib	Vismodegib_AML_112_01	218.24199	0.4
AML_112_02	Vismodegib	Vismodegib_AML_112_02	221.05693	0.0
AML_113_01	Vismodegib	Vismodegib_AML_113_01	219.86229	0.7
AML_114_01	Vismodegib	Vismodegib_AML_114_01	219.79362	0.3
AML_115_01	Vismodegib	Vismodegib_AML_115_01	219.37018	0.0
AML_116_01	Vismodegib	Vismodegib_AML_116_01	220.997	3.4
AML_117_01	Vismodegib	Vismodegib_AML_117_01	222.16824	1.6
AML_119_01	Vismodegib	Vismodegib_AML_119_01	217.12454	0.3
AML_120_01	Vismodegib	Vismodegib_AML_120_01	221.46475	0.0
AML_120_03	Vismodegib	Vismodegib_AML_120_03	223.28072	0.0
AML_122_01	Vismodegib	Vismodegib_AML_122_01	220.74338	0.0
AML_123_01	Vismodegib	Vismodegib_AML_123_01	224.40588	1.3
AML_124_01	Vismodegib	Vismodegib_AML_124_01	223.7982	2.9
AML_125_01	Vismodegib	Vismodegib_AML_125_01	222.39177	0.0
AML_126_01	Vismodegib	Vismodegib_AML_126_01	220.67747	0.3
AML_127_01	Vismodegib	Vismodegib_AML_127_01	221.60411	4.7
AML_128_01	Vismodegib	Vismodegib_AML_128_01	223.48756	0.0
AML_129_02	Vismodegib	Vismodegib_AML_129_02	218.05377	0.0
AML_129_03	Vismodegib	Vismodegib_AML_129_03	220.33885	0.0
AML_131_01	Vismodegib	Vismodegib_AML_131_01	222.402	0.0
AML_133_01	Vismodegib	Vismodegib_AML_133_01	221.53552	0.0
AML_134_01	Vismodegib	Vismodegib_AML_134_01	219.65103	0.0
AML_135_01	Vismodegib	Vismodegib_AML_135_01	224.87102	2.3
AML_138_01	Vismodegib	Vismodegib_AML_138_01	225.01253	0.0
AML_139_01	Vismodegib	Vismodegib_AML_139_01	227.4259	0.1
AML_140_01	Vismodegib	Vismodegib_AML_140_01	223.38135	0.0
AML_142_01	Vismodegib	Vismodegib_AML_142_01	218.10455	0.0
AML_143_01	Vismodegib	Vismodegib_AML_143_01	220.18854	0.0
AML_144_01	Vismodegib	Vismodegib_AML_144_01	224.70035	0.0
AML_146_01	Vismodegib	Vismodegib_AML_146_01	224.85606	0.0
AML_147_01	Vismodegib	Vismodegib_AML_147_01	222.19525	0.0
AML_151_01	Vismodegib	Vismodegib_AML_151_01	215.19589	0.0
AML_152_01	Vismodegib	Vismodegib_AML_152_01	221.21613	0.0
AML_153_01	Vismodegib	Vismodegib_AML_153_01	219.24493	0.0
AML_156_01	Vismodegib	Vismodegib_AML_156_01	219.83133	0.0
AML_157_01	Vismodegib	Vismodegib_AML_157_01	220.4748	2.7
AML_157_02	Vismodegib	Vismodegib_AML_157_02	220.95802	0.0
AML_158_01	Vismodegib	Vismodegib_AML_158_01	224.25789	0.1
AML_159_01	Vismodegib	Vismodegib_AML_159_01	222.771	0.3
AML_160_01	Vismodegib	Vismodegib_AML_160_01	222.91722	0.0
AML_161_01	Vismodegib	Vismodegib_AML_161_01	217.69572	0.0
AML_175_01	Vismodegib	Vismodegib_AML_175_01	223.128	0.0
AML_179_01	Vismodegib	Vismodegib_AML_179_01	220.13513	0.0
AML_183_01	Vismodegib	Vismodegib_AML_183_01	224.36649	1.8
AML_183_02	Vismodegib	Vismodegib_AML_183_02	219.77763	0.0
AML_183_03	Vismodegib	Vismodegib_AML_183_03	219.27246	0.0
AML_184_01	Vismodegib	Vismodegib_AML_184_01	221.43558	0.0
AML_185_01	Vismodegib	Vismodegib_AML_185_01	225.26161	0.2
AML_001_03	Volasertib	Volasertib_AML_001_03	207.2409	14.6
AML_003_02	Volasertib	Volasertib_AML_003_02	213.33813	16.5
AML_004_01	Volasertib	Volasertib_AML_004_01	207.8069	7.2
AML_006_02	Volasertib	Volasertib_AML_006_02	214.46179	1.2
AML_007_01	Volasertib	Volasertib_AML_007_01	209.52174	3.9
AML_007_02	Volasertib	Volasertib_AML_007_02	209.65863	0.4
AML_012_01	Volasertib	Volasertib_AML_012_01	205.56572	0.2
AML_013_01	Volasertib	Volasertib_AML_013_01	206.54077	5.0
AML_014_01	Volasertib	Volasertib_AML_014_01	204.77014	10.0
AML_015_01	Volasertib	Volasertib_AML_015_01	203.67825	10.7
AML_015_02	Volasertib	Volasertib_AML_015_02	209.05214	6.8
AML_015_03	Volasertib	Volasertib_AML_015_03	203.87347	13.7
AML_015_04	Volasertib	Volasertib_AML_015_04	208.6712	6.5
AML_018_01	Volasertib	Volasertib_AML_018_01	205.0339	14.1
AML_019_01	Volasertib	Volasertib_AML_019_01	207.08794	2.2
AML_020_01	Volasertib	Volasertib_AML_020_01	209.2165	3.5
AML_023_04	Volasertib	Volasertib_AML_023_04	202.81534	8.3
AML_024_01	Volasertib	Volasertib_AML_024_01	207.19998	7.3
AML_025_01	Volasertib	Volasertib_AML_025_01	210.27766	5.0
AML_026_01	Volasertib	Volasertib_AML_026_01	209.85638	2.1
AML_028_01	Volasertib	Volasertib_AML_028_01	210.77702	2.9
AML_028_04	Volasertib	Volasertib_AML_028_04	208.77934	9.9
AML_029_01	Volasertib	Volasertib_AML_029_01	208.42654	2.2
AML_030_01	Volasertib	Volasertib_AML_030_01	203.54317	2.0
AML_032_01	Volasertib	Volasertib_AML_032_01	209.07182	7.5
AML_033_01	Volasertib	Volasertib_AML_033_01	206.2242	22.5
AML_033_02	Volasertib	Volasertib_AML_033_02	205.44951	19.4
AML_035_02	Volasertib	Volasertib_AML_035_02	212.09117	17.5
AML_035_04	Volasertib	Volasertib_AML_035_04	210.18202	13.5
AML_036_01	Volasertib	Volasertib_AML_036_01	203.73727	13.0
AML_040_01	Volasertib	Volasertib_AML_040_01	203.9989	7.8
AML_041_01	Volasertib	Volasertib_AML_041_01	209.65662	2.4
AML_042_01	Volasertib	Volasertib_AML_042_01	208.57593	5.6
AML_043_02	Volasertib	Volasertib_AML_043_02	205.00764	15.0
AML_045_01	Volasertib	Volasertib_AML_045_01	206.69283	0.0
AML_046_01	Volasertib	Volasertib_AML_046_01	201.92941	1.8
AML_051_01	Volasertib	Volasertib_AML_051_01	202.23544	1.9
AML_052_01	Volasertib	Volasertib_AML_052_01	208.9911	11.1
AML_053_01	Volasertib	Volasertib_AML_053_01	213.38237	10.1
AML_054_01	Volasertib	Volasertib_AML_054_01	203.11281	10.7
AML_057_01	Volasertib	Volasertib_AML_057_01	205.03995	5.2
AML_058_01	Volasertib	Volasertib_AML_058_01	204.68202	2.5
AML_059_01	Volasertib	Volasertib_AML_059_01	204.18683	2.1
AML_060_01	Volasertib	Volasertib_AML_060_01	208.73799	1.5
AML_061_01	Volasertib	Volasertib_AML_061_01	204.62387	5.0
AML_062_01	Volasertib	Volasertib_AML_062_01	199.75206	5.4
AML_064_01	Volasertib	Volasertib_AML_064_01	204.96132	6.6
AML_065_01	Volasertib	Volasertib_AML_065_01	203.73668	7.2
AML_067_01	Volasertib	Volasertib_AML_067_01	204.30951	6.4
AML_070_01	Volasertib	Volasertib_AML_070_01	206.23332	6.3
AML_072_01	Volasertib	Volasertib_AML_072_01	209.91206	0.0
AML_073_01	Volasertib	Volasertib_AML_073_01	209.72733	1.3
AML_074_01	Volasertib	Volasertib_AML_074_01	206.15933	5.8
AML_075_01	Volasertib	Volasertib_AML_075_01	208.25493	5.4
AML_076_01	Volasertib	Volasertib_AML_076_01	211.65808	6.8
AML_076_02	Volasertib	Volasertib_AML_076_02	206.00565	4.5
AML_077_01	Volasertib	Volasertib_AML_077_01	207.73064	9.6
AML_078_02	Volasertib	Volasertib_AML_078_02	206.64668	3.3
AML_084_01	Volasertib	Volasertib_AML_084_01	207.05966	6.2
AML_086_02	Volasertib	Volasertib_AML_086_02	211.72157	5.2
AML_098_01	Volasertib	Volasertib_AML_098_01	203.92065	5.4
AML_100_01	Volasertib	Volasertib_AML_100_01	208.90616	2.6
AML_101_01	Volasertib	Volasertib_AML_101_01	202.54216	6.6
AML_101_02	Volasertib	Volasertib_AML_101_02	212.02477	0.4
AML_102_01	Volasertib	Volasertib_AML_102_01	201.26546	3.8
AML_103_01	Volasertib	Volasertib_AML_103_01	198.52771	5.0
AML_103_02	Volasertib	Volasertib_AML_103_02	204.5589	15.9
AML_104_01	Volasertib	Volasertib_AML_104_01	209.2254	2.9
AML_108_01	Volasertib	Volasertib_AML_108_01	199.84236	7.7
AML_109_01	Volasertib	Volasertib_AML_109_01	205.38019	1.1
AML_110_01	Volasertib	Volasertib_AML_110_01	205.12764	11.9
AML_112_01	Volasertib	Volasertib_AML_112_01	202.99686	4.6
AML_112_02	Volasertib	Volasertib_AML_112_02	206.33658	4.5
AML_113_01	Volasertib	Volasertib_AML_113_01	203.3441	13.8
AML_114_01	Volasertib	Volasertib_AML_114_01	206.24811	0.2
AML_115_01	Volasertib	Volasertib_AML_115_01	202.49466	5.3
AML_116_01	Volasertib	Volasertib_AML_116_01	205.34485	6.2
AML_117_01	Volasertib	Volasertib_AML_117_01	208.88646	1.1
AML_119_01	Volasertib	Volasertib_AML_119_01	200.53609	6.0
AML_120_03	Volasertib	Volasertib_AML_120_03	207.82306	9.8
AML_122_01	Volasertib	Volasertib_AML_122_01	207.50586	1.0
AML_123_01	Volasertib	Volasertib_AML_123_01	210.23398	4.9
AML_124_01	Volasertib	Volasertib_AML_124_01	212.58817	16.6
AML_125_01	Volasertib	Volasertib_AML_125_01	207.53043	14.7
AML_126_01	Volasertib	Volasertib_AML_126_01	205.73627	6.0
AML_127_01	Volasertib	Volasertib_AML_127_01	205.60263	10.9
AML_128_01	Volasertib	Volasertib_AML_128_01	211.99973	3.8
AML_131_01	Volasertib	Volasertib_AML_131_01	207.37604	3.4
AML_133_01	Volasertib	Volasertib_AML_133_01	208.06757	2.7
AML_134_01	Volasertib	Volasertib_AML_134_01	208.36566	1.7
AML_135_01	Volasertib	Volasertib_AML_135_01	211.25992	5.7
AML_138_01	Volasertib	Volasertib_AML_138_01	212.06316	9.6
AML_139_01	Volasertib	Volasertib_AML_139_01	210.0621	4.4
AML_140_01	Volasertib	Volasertib_AML_140_01	207.36377	9.1
AML_142_01	Volasertib	Volasertib_AML_142_01	205.44409	4.5
AML_143_01	Volasertib	Volasertib_AML_143_01	204.49095	4.7
AML_144_01	Volasertib	Volasertib_AML_144_01	210.35518	8.6
AML_146_01	Volasertib	Volasertib_AML_146_01	209.85178	1.9
AML_147_01	Volasertib	Volasertib_AML_147_01	205.387	1.9
AML_151_01	Volasertib	Volasertib_AML_151_01	200.67815	7.1
AML_152_01	Volasertib	Volasertib_AML_152_01	205.1713	16.3
AML_153_01	Volasertib	Volasertib_AML_153_01	205.83498	0.0
AML_156_01	Volasertib	Volasertib_AML_156_01	206.94289	5.9
AML_157_01	Volasertib	Volasertib_AML_157_01	205.9087	7.4
AML_157_02	Volasertib	Volasertib_AML_157_02	206.53818	5.6
AML_158_01	Volasertib	Volasertib_AML_158_01	208.42781	4.6
AML_159_01	Volasertib	Volasertib_AML_159_01	208.38776	8.3
AML_160_01	Volasertib	Volasertib_AML_160_01	204.85774	2.5
AML_161_01	Volasertib	Volasertib_AML_161_01	202.76718	18.3
AML_175_01	Volasertib	Volasertib_AML_175_01	207.77118	2.7
AML_183_01	Volasertib	Volasertib_AML_183_01	207.68373	4.7
AML_183_02	Volasertib	Volasertib_AML_183_02	204.41405	4.9
AML_183_03	Volasertib	Volasertib_AML_183_03	204.32085	4.7
