sample_id	inhibitor	primary_key	predicted_auc	DSS
AML_001_01	Afatinib	Afatinib_AML_001_01	188.63266	5.7
AML_001_03	Afatinib	Afatinib_AML_001_03	189.72067	0.2
AML_002_01	Afatinib	Afatinib_AML_002_01	190.38382	9.1
AML_003_02	Afatinib	Afatinib_AML_003_02	194.81058	4.9
AML_004_01	Afatinib	Afatinib_AML_004_01	188.73482	1.8
AML_006_02	Afatinib	Afatinib_AML_006_02	190.14313	7.8
AML_007_01	Afatinib	Afatinib_AML_007_01	193.70547	6.4
AML_007_02	Afatinib	Afatinib_AML_007_02	193.156	0.0
AML_012_01	Afatinib	Afatinib_AML_012_01	184.48274	0.0
AML_013_01	Afatinib	Afatinib_AML_013_01	188.1908	0.9
AML_014_01	Afatinib	Afatinib_AML_014_01	187.97911	0.1
AML_015_01	Afatinib	Afatinib_AML_015_01	190.97433	0.5
AML_015_02	Afatinib	Afatinib_AML_015_02	194.77672	0.1
AML_015_03	Afatinib	Afatinib_AML_015_03	194.23647	0.1
AML_015_04	Afatinib	Afatinib_AML_015_04	189.75323	2.8
AML_018_01	Afatinib	Afatinib_AML_018_01	186.5508	2.5
AML_019_01	Afatinib	Afatinib_AML_019_01	191.17725	1.7
AML_020_01	Afatinib	Afatinib_AML_020_01	191.17035	5.3
AML_022_01	Afatinib	Afatinib_AML_022_01	191.36472	11.5
AML_023_01	Afatinib	Afatinib_AML_023_01	191.34038	9.3
AML_023_03	Afatinib	Afatinib_AML_023_03	192.1941	9.2
AML_023_04	Afatinib	Afatinib_AML_023_04	191.41278	11.0
AML_024_01	Afatinib	Afatinib_AML_024_01	187.98996	1.6
AML_025_01	Afatinib	Afatinib_AML_025_01	193.41563	4.7
AML_026_01	Afatinib	Afatinib_AML_026_01	189.33025	0.2
AML_028_01	Afatinib	Afatinib_AML_028_01	187.79182	1.3
AML_028_04	Afatinib	Afatinib_AML_028_04	187.1774	3.6
AML_029_01	Afatinib	Afatinib_AML_029_01	191.36389	1.5
AML_030_01	Afatinib	Afatinib_AML_030_01	185.79216	0.3
AML_032_01	Afatinib	Afatinib_AML_032_01	193.00325	0.0
AML_033_01	Afatinib	Afatinib_AML_033_01	192.60397	0.1
AML_033_02	Afatinib	Afatinib_AML_033_02	186.05644	1.3
AML_035_02	Afatinib	Afatinib_AML_035_02	195.40582	0.0
AML_035_04	Afatinib	Afatinib_AML_035_04	194.91725	0.0
AML_036_01	Afatinib	Afatinib_AML_036_01	191.28621	0.0
AML_040_01	Afatinib	Afatinib_AML_040_01	185.33432	4.2
AML_041_01	Afatinib	Afatinib_AML_041_01	195.16737	1.1
AML_042_01	Afatinib	Afatinib_AML_042_01	193.88889	3.1
AML_043_02	Afatinib	Afatinib_AML_043_02	188.31044	0.0
AML_045_01	Afatinib	Afatinib_AML_045_01	191.32135	0.2
AML_046_01	Afatinib	Afatinib_AML_046_01	185.90572	5.9
AML_051_01	Afatinib	Afatinib_AML_051_01	185.38542	0.0
AML_052_01	Afatinib	Afatinib_AML_052_01	186.68648	1.0
AML_053_01	Afatinib	Afatinib_AML_053_01	195.59991	2.2
AML_054_01	Afatinib	Afatinib_AML_054_01	186.1981	5.1
AML_057_01	Afatinib	Afatinib_AML_057_01	190.51881	0.7
AML_058_01	Afatinib	Afatinib_AML_058_01	189.44304	1.7
AML_059_01	Afatinib	Afatinib_AML_059_01	186.54921	1.8
AML_060_01	Afatinib	Afatinib_AML_060_01	188.7137	2.3
AML_061_01	Afatinib	Afatinib_AML_061_01	188.01021	1.4
AML_062_01	Afatinib	Afatinib_AML_062_01	190.61264	4.0
AML_064_01	Afatinib	Afatinib_AML_064_01	195.0394	4.0
AML_065_01	Afatinib	Afatinib_AML_065_01	184.97893	2.0
AML_067_01	Afatinib	Afatinib_AML_067_01	188.72914	3.0
AML_070_01	Afatinib	Afatinib_AML_070_01	188.98111	0.6
AML_072_01	Afatinib	Afatinib_AML_072_01	192.35777	0.7
AML_073_01	Afatinib	Afatinib_AML_073_01	195.27072	2.3
AML_074_01	Afatinib	Afatinib_AML_074_01	186.87195	2.4
AML_075_01	Afatinib	Afatinib_AML_075_01	188.78006	3.0
AML_076_01	Afatinib	Afatinib_AML_076_01	194.95226	0.1
AML_076_02	Afatinib	Afatinib_AML_076_02	184.14792	2.7
AML_077_01	Afatinib	Afatinib_AML_077_01	192.96983	2.2
AML_078_02	Afatinib	Afatinib_AML_078_02	193.85051	2.3
AML_084_01	Afatinib	Afatinib_AML_084_01	185.50302	5.0
AML_086_02	Afatinib	Afatinib_AML_086_02	191.89728	1.9
AML_098_01	Afatinib	Afatinib_AML_098_01	190.69073	0.0
AML_100_01	Afatinib	Afatinib_AML_100_01	189.93817	1.1
AML_101_01	Afatinib	Afatinib_AML_101_01	188.301	3.5
AML_101_02	Afatinib	Afatinib_AML_101_02	196.86797	0.0
AML_102_01	Afatinib	Afatinib_AML_102_01	189.39789	0.3
AML_103_01	Afatinib	Afatinib_AML_103_01	190.64163	0.0
AML_103_02	Afatinib	Afatinib_AML_103_02	181.19101	2.9
AML_104_01	Afatinib	Afatinib_AML_104_01	188.00291	0.0
AML_108_01	Afatinib	Afatinib_AML_108_01	185.02692	2.1
AML_109_01	Afatinib	Afatinib_AML_109_01	187.42339	1.0
AML_110_01	Afatinib	Afatinib_AML_110_01	188.62265	1.9
AML_112_01	Afatinib	Afatinib_AML_112_01	186.96432	1.3
AML_112_02	Afatinib	Afatinib_AML_112_02	193.31029	1.3
AML_113_01	Afatinib	Afatinib_AML_113_01	186.01558	4.9
AML_114_01	Afatinib	Afatinib_AML_114_01	188.29369	0.0
AML_115_01	Afatinib	Afatinib_AML_115_01	184.84628	3.3
AML_116_01	Afatinib	Afatinib_AML_116_01	185.81314	0.1
AML_117_01	Afatinib	Afatinib_AML_117_01	188.57043	0.7
AML_119_01	Afatinib	Afatinib_AML_119_01	187.16031	2.4
AML_120_01	Afatinib	Afatinib_AML_120_01	191.49783	8.3
AML_120_03	Afatinib	Afatinib_AML_120_03	194.85031	0.0
AML_122_01	Afatinib	Afatinib_AML_122_01	195.90709	0.0
AML_123_01	Afatinib	Afatinib_AML_123_01	192.06145	6.5
AML_124_01	Afatinib	Afatinib_AML_124_01	187.5145	2.7
AML_125_01	Afatinib	Afatinib_AML_125_01	185.5584	22.1
AML_126_01	Afatinib	Afatinib_AML_126_01	189.89024	3.4
AML_127_01	Afatinib	Afatinib_AML_127_01	190.56554	1.8
AML_128_01	Afatinib	Afatinib_AML_128_01	192.01529	1.9
AML_129_02	Afatinib	Afatinib_AML_129_02	187.07751	9.5
AML_129_03	Afatinib	Afatinib_AML_129_03	188.87965	6.4
AML_131_01	Afatinib	Afatinib_AML_131_01	195.83243	0.8
AML_133_01	Afatinib	Afatinib_AML_133_01	189.66537	0.5
AML_134_01	Afatinib	Afatinib_AML_134_01	191.08548	0.1
AML_135_01	Afatinib	Afatinib_AML_135_01	190.56285	1.5
AML_138_01	Afatinib	Afatinib_AML_138_01	194.16391	2.7
AML_139_01	Afatinib	Afatinib_AML_139_01	197.3972	2.2
AML_140_01	Afatinib	Afatinib_AML_140_01	187.40985	1.4
AML_142_01	Afatinib	Afatinib_AML_142_01	186.71066	5.3
AML_143_01	Afatinib	Afatinib_AML_143_01	189.63515	2.4
AML_144_01	Afatinib	Afatinib_AML_144_01	193.3891	3.5
AML_146_01	Afatinib	Afatinib_AML_146_01	187.80692	2.0
AML_147_01	Afatinib	Afatinib_AML_147_01	190.54947	1.8
AML_151_01	Afatinib	Afatinib_AML_151_01	187.81715	5.4
AML_152_01	Afatinib	Afatinib_AML_152_01	188.65349	2.5
AML_153_01	Afatinib	Afatinib_AML_153_01	186.6399	1.3
AML_156_01	Afatinib	Afatinib_AML_156_01	186.76244	1.6
AML_157_01	Afatinib	Afatinib_AML_157_01	193.97096	0.2
AML_157_02	Afatinib	Afatinib_AML_157_02	191.20656	1.2
AML_158_01	Afatinib	Afatinib_AML_158_01	191.89957	0.9
AML_159_01	Afatinib	Afatinib_AML_159_01	189.57048	2.9
AML_160_01	Afatinib	Afatinib_AML_160_01	190.60802	1.2
AML_161_01	Afatinib	Afatinib_AML_161_01	182.78326	1.6
AML_175_01	Afatinib	Afatinib_AML_175_01	186.84306	0.0
AML_179_01	Afatinib	Afatinib_AML_179_01	186.9967	9.5
AML_183_01	Afatinib	Afatinib_AML_183_01	190.2764	0.0
AML_183_02	Afatinib	Afatinib_AML_183_02	188.7045	1.4
AML_183_03	Afatinib	Afatinib_AML_183_03	192.3008	1.5
AML_184_01	Afatinib	Afatinib_AML_184_01	186.58633	9.2
AML_185_01	Afatinib	Afatinib_AML_185_01	192.86597	7.8
AML_004_01	AGI-5198	AGI-5198_AML_004_01	241.59991	1.7
AML_019_01	AGI-5198	AGI-5198_AML_019_01	232.50781	0.5
AML_025_01	AGI-5198	AGI-5198_AML_025_01	244.6333	0.9
AML_026_01	AGI-5198	AGI-5198_AML_026_01	248.78056	0.0
AML_029_01	AGI-5198	AGI-5198_AML_029_01	241.12552	0.8
AML_030_01	AGI-5198	AGI-5198_AML_030_01	238.72037	1.0
AML_033_01	AGI-5198	AGI-5198_AML_033_01	237.64822	0.0
AML_033_02	AGI-5198	AGI-5198_AML_033_02	228.63423	0.0
AML_041_01	AGI-5198	AGI-5198_AML_041_01	246.91492	0.0
AML_042_01	AGI-5198	AGI-5198_AML_042_01	243.3514	0.0
AML_043_02	AGI-5198	AGI-5198_AML_043_02	226.93982	0.0
AML_046_01	AGI-5198	AGI-5198_AML_046_01	236.88673	0.5
AML_052_01	AGI-5198	AGI-5198_AML_052_01	239.06596	0.0
AML_057_01	AGI-5198	AGI-5198_AML_057_01	243.54875	0.0
AML_058_01	AGI-5198	AGI-5198_AML_058_01	240.70653	0.0
AML_059_01	AGI-5198	AGI-5198_AML_059_01	242.19263	0.3
AML_060_01	AGI-5198	AGI-5198_AML_060_01	238.66362	0.4
AML_061_01	AGI-5198	AGI-5198_AML_061_01	240.13293	0.1
AML_062_01	AGI-5198	AGI-5198_AML_062_01	236.77034	0.3
AML_064_01	AGI-5198	AGI-5198_AML_064_01	237.68364	1.2
AML_065_01	AGI-5198	AGI-5198_AML_065_01	238.16147	0.0
AML_067_01	AGI-5198	AGI-5198_AML_067_01	240.81155	0.4
AML_070_01	AGI-5198	AGI-5198_AML_070_01	245.37965	0.0
AML_072_01	AGI-5198	AGI-5198_AML_072_01	242.95955	0.0
AML_073_01	AGI-5198	AGI-5198_AML_073_01	244.66574	0.3
AML_074_01	AGI-5198	AGI-5198_AML_074_01	244.66235	1.3
AML_075_01	AGI-5198	AGI-5198_AML_075_01	242.70724	0.0
AML_076_01	AGI-5198	AGI-5198_AML_076_01	245.92514	0.0
AML_076_02	AGI-5198	AGI-5198_AML_076_02	231.124	0.0
AML_077_01	AGI-5198	AGI-5198_AML_077_01	245.43817	0.0
AML_078_02	AGI-5198	AGI-5198_AML_078_02	246.05385	0.1
AML_086_02	AGI-5198	AGI-5198_AML_086_02	240.19128	1.4
AML_098_01	AGI-5198	AGI-5198_AML_098_01	240.4377	0.0
AML_100_01	AGI-5198	AGI-5198_AML_100_01	246.89905	0.0
AML_101_01	AGI-5198	AGI-5198_AML_101_01	233.03569	0.0
AML_101_02	AGI-5198	AGI-5198_AML_101_02	236.7852	0.6
AML_102_01	AGI-5198	AGI-5198_AML_102_01	240.64554	0.0
AML_103_01	AGI-5198	AGI-5198_AML_103_01	233.40578	0.0
AML_103_02	AGI-5198	AGI-5198_AML_103_02	223.13945	3.5
AML_104_01	AGI-5198	AGI-5198_AML_104_01	244.67436	0.0
AML_108_01	AGI-5198	AGI-5198_AML_108_01	241.72224	0.3
AML_109_01	AGI-5198	AGI-5198_AML_109_01	232.43605	0.3
AML_110_01	AGI-5198	AGI-5198_AML_110_01	243.98447	0.0
AML_112_01	AGI-5198	AGI-5198_AML_112_01	240.62996	1.2
AML_112_02	AGI-5198	AGI-5198_AML_112_02	241.94977	0.0
AML_113_01	AGI-5198	AGI-5198_AML_113_01	236.87047	0.0
AML_114_01	AGI-5198	AGI-5198_AML_114_01	240.60788	1.5
AML_115_01	AGI-5198	AGI-5198_AML_115_01	240.30525	0.4
AML_116_01	AGI-5198	AGI-5198_AML_116_01	240.274	0.7
AML_117_01	AGI-5198	AGI-5198_AML_117_01	244.42264	1.8
AML_119_01	AGI-5198	AGI-5198_AML_119_01	240.13892	2.3
AML_122_01	AGI-5198	AGI-5198_AML_122_01	239.91136	1.1
AML_123_01	AGI-5198	AGI-5198_AML_123_01	247.37152	0.3
AML_124_01	AGI-5198	AGI-5198_AML_124_01	244.24345	1.8
AML_125_01	AGI-5198	AGI-5198_AML_125_01	241.6244	0.0
AML_126_01	AGI-5198	AGI-5198_AML_126_01	238.26239	0.0
AML_127_01	AGI-5198	AGI-5198_AML_127_01	242.83069	0.0
AML_128_01	AGI-5198	AGI-5198_AML_128_01	242.99294	0.5
AML_131_01	AGI-5198	AGI-5198_AML_131_01	242.39095	0.0
AML_133_01	AGI-5198	AGI-5198_AML_133_01	228.99216	0.0
AML_134_01	AGI-5198	AGI-5198_AML_134_01	232.01495	0.6
AML_135_01	AGI-5198	AGI-5198_AML_135_01	240.10225	0.1
AML_138_01	AGI-5198	AGI-5198_AML_138_01	241.114	1.2
AML_139_01	AGI-5198	AGI-5198_AML_139_01	249.07808	1.5
AML_140_01	AGI-5198	AGI-5198_AML_140_01	242.56113	1.8
AML_142_01	AGI-5198	AGI-5198_AML_142_01	226.44272	0.1
AML_143_01	AGI-5198	AGI-5198_AML_143_01	240.35495	0.0
AML_144_01	AGI-5198	AGI-5198_AML_144_01	246.59157	1.1
AML_146_01	AGI-5198	AGI-5198_AML_146_01	242.7323	0.4
AML_147_01	AGI-5198	AGI-5198_AML_147_01	243.11876	1.6
AML_151_01	AGI-5198	AGI-5198_AML_151_01	236.15459	1.2
AML_152_01	AGI-5198	AGI-5198_AML_152_01	241.18985	1.2
AML_153_01	AGI-5198	AGI-5198_AML_153_01	226.69914	0.0
AML_156_01	AGI-5198	AGI-5198_AML_156_01	235.00874	0.6
AML_157_01	AGI-5198	AGI-5198_AML_157_01	240.8009	1.4
AML_157_02	AGI-5198	AGI-5198_AML_157_02	237.90132	0.0
AML_158_01	AGI-5198	AGI-5198_AML_158_01	244.5051	0.2
AML_159_01	AGI-5198	AGI-5198_AML_159_01	242.56874	0.0
AML_160_01	AGI-5198	AGI-5198_AML_160_01	237.20303	0.0
AML_161_01	AGI-5198	AGI-5198_AML_161_01	229.94711	0.1
AML_183_01	AGI-5198	AGI-5198_AML_183_01	244.85486	0.0
AML_183_02	AGI-5198	AGI-5198_AML_183_02	241.36945	0.0
AML_183_03	AGI-5198	AGI-5198_AML_183_03	238.88765	0.2
AML_004_01	AGI-6780	AGI-6780_AML_004_01	231.06042	0.0
AML_019_01	AGI-6780	AGI-6780_AML_019_01	219.16281	2.9
AML_025_01	AGI-6780	AGI-6780_AML_025_01	237.35251	0.1
AML_026_01	AGI-6780	AGI-6780_AML_026_01	241.7537	0.4
AML_029_01	AGI-6780	AGI-6780_AML_029_01	234.602	4.2
AML_030_01	AGI-6780	AGI-6780_AML_030_01	231.54071	0.4
AML_033_01	AGI-6780	AGI-6780_AML_033_01	227.5753	1.0
AML_033_02	AGI-6780	AGI-6780_AML_033_02	211.33249	0.1
AML_041_01	AGI-6780	AGI-6780_AML_041_01	239.6573	1.3
AML_042_01	AGI-6780	AGI-6780_AML_042_01	235.26125	3.5
AML_043_02	AGI-6780	AGI-6780_AML_043_02	212.37198	0.1
AML_046_01	AGI-6780	AGI-6780_AML_046_01	222.51006	4.3
AML_052_01	AGI-6780	AGI-6780_AML_052_01	230.7188	0.0
AML_057_01	AGI-6780	AGI-6780_AML_057_01	235.8418	0.0
AML_058_01	AGI-6780	AGI-6780_AML_058_01	231.76027	1.4
AML_059_01	AGI-6780	AGI-6780_AML_059_01	231.06805	1.3
AML_060_01	AGI-6780	AGI-6780_AML_060_01	225.5185	4.3
AML_061_01	AGI-6780	AGI-6780_AML_061_01	228.754	0.1
AML_062_01	AGI-6780	AGI-6780_AML_062_01	228.01639	5.9
AML_064_01	AGI-6780	AGI-6780_AML_064_01	231.13997	2.3
AML_065_01	AGI-6780	AGI-6780_AML_065_01	227.87517	2.3
AML_067_01	AGI-6780	AGI-6780_AML_067_01	234.2476	0.7
AML_070_01	AGI-6780	AGI-6780_AML_070_01	236.92224	2.8
AML_072_01	AGI-6780	AGI-6780_AML_072_01	233.46579	1.8
AML_073_01	AGI-6780	AGI-6780_AML_073_01	232.42499	0.0
AML_074_01	AGI-6780	AGI-6780_AML_074_01	238.46097	1.5
AML_075_01	AGI-6780	AGI-6780_AML_075_01	233.49522	0.8
AML_076_01	AGI-6780	AGI-6780_AML_076_01	237.15688	1.3
AML_076_02	AGI-6780	AGI-6780_AML_076_02	220.82054	0.0
AML_077_01	AGI-6780	AGI-6780_AML_077_01	235.03575	0.7
AML_078_02	AGI-6780	AGI-6780_AML_078_02	237.49525	0.2
AML_086_02	AGI-6780	AGI-6780_AML_086_02	229.89505	0.5
AML_098_01	AGI-6780	AGI-6780_AML_098_01	232.22229	1.7
AML_100_01	AGI-6780	AGI-6780_AML_100_01	239.35275	1.0
AML_101_01	AGI-6780	AGI-6780_AML_101_01	220.65974	1.1
AML_101_02	AGI-6780	AGI-6780_AML_101_02	227.11893	0.8
AML_102_01	AGI-6780	AGI-6780_AML_102_01	234.47273	0.6
AML_103_01	AGI-6780	AGI-6780_AML_103_01	225.6246	0.8
AML_103_02	AGI-6780	AGI-6780_AML_103_02	206.67018	1.4
AML_104_01	AGI-6780	AGI-6780_AML_104_01	238.4478	0.3
AML_108_01	AGI-6780	AGI-6780_AML_108_01	233.12057	4.1
AML_109_01	AGI-6780	AGI-6780_AML_109_01	220.31308	0.0
AML_110_01	AGI-6780	AGI-6780_AML_110_01	235.98192	0.2
AML_112_01	AGI-6780	AGI-6780_AML_112_01	233.09741	0.1
AML_112_02	AGI-6780	AGI-6780_AML_112_02	233.34567	0.9
AML_113_01	AGI-6780	AGI-6780_AML_113_01	225.13696	4.2
AML_114_01	AGI-6780	AGI-6780_AML_114_01	233.61674	0.1
AML_115_01	AGI-6780	AGI-6780_AML_115_01	229.88606	2.7
AML_116_01	AGI-6780	AGI-6780_AML_116_01	231.04381	2.3
AML_117_01	AGI-6780	AGI-6780_AML_117_01	236.6268	0.0
AML_119_01	AGI-6780	AGI-6780_AML_119_01	235.11357	0.5
AML_122_01	AGI-6780	AGI-6780_AML_122_01	233.0751	0.5
AML_123_01	AGI-6780	AGI-6780_AML_123_01	240.55109	2.3
AML_124_01	AGI-6780	AGI-6780_AML_124_01	234.62036	0.7
AML_125_01	AGI-6780	AGI-6780_AML_125_01	230.86418	0.0
AML_126_01	AGI-6780	AGI-6780_AML_126_01	231.40622	0.5
AML_127_01	AGI-6780	AGI-6780_AML_127_01	234.91316	0.4
AML_128_01	AGI-6780	AGI-6780_AML_128_01	233.95384	0.0
AML_131_01	AGI-6780	AGI-6780_AML_131_01	235.57132	1.1
AML_133_01	AGI-6780	AGI-6780_AML_133_01	214.86467	0.0
AML_134_01	AGI-6780	AGI-6780_AML_134_01	218.46591	0.0
AML_135_01	AGI-6780	AGI-6780_AML_135_01	230.58043	0.0
AML_138_01	AGI-6780	AGI-6780_AML_138_01	228.8657	1.5
AML_139_01	AGI-6780	AGI-6780_AML_139_01	241.451	2.0
AML_140_01	AGI-6780	AGI-6780_AML_140_01	234.10326	0.7
AML_142_01	AGI-6780	AGI-6780_AML_142_01	211.25777	0.0
AML_143_01	AGI-6780	AGI-6780_AML_143_01	230.98859	0.0
AML_144_01	AGI-6780	AGI-6780_AML_144_01	237.1394	0.2
AML_146_01	AGI-6780	AGI-6780_AML_146_01	233.78911	0.0
AML_147_01	AGI-6780	AGI-6780_AML_147_01	233.85217	0.3
AML_151_01	AGI-6780	AGI-6780_AML_151_01	226.89015	0.3
AML_152_01	AGI-6780	AGI-6780_AML_152_01	230.37093	0.5
AML_153_01	AGI-6780	AGI-6780_AML_153_01	212.73935	0.0
AML_156_01	AGI-6780	AGI-6780_AML_156_01	225.34674	1.1
AML_157_01	AGI-6780	AGI-6780_AML_157_01	232.29602	2.8
AML_157_02	AGI-6780	AGI-6780_AML_157_02	230.95563	1.0
AML_158_01	AGI-6780	AGI-6780_AML_158_01	236.36475	0.6
AML_159_01	AGI-6780	AGI-6780_AML_159_01	234.18105	0.7
AML_160_01	AGI-6780	AGI-6780_AML_160_01	227.01172	0.1
AML_161_01	AGI-6780	AGI-6780_AML_161_01	215.55287	0.0
AML_183_01	AGI-6780	AGI-6780_AML_183_01	238.70387	0.1
AML_183_02	AGI-6780	AGI-6780_AML_183_02	232.99397	1.6
AML_183_03	AGI-6780	AGI-6780_AML_183_03	230.8004	0.3
AML_001_01	Alisertib	Alisertib_AML_001_01	232.65123	0.0
AML_001_03	Alisertib	Alisertib_AML_001_03	230.16597	18.8
AML_002_01	Alisertib	Alisertib_AML_002_01	227.90854	1.3
AML_003_02	Alisertib	Alisertib_AML_003_02	224.86768	10.5
AML_004_01	Alisertib	Alisertib_AML_004_01	231.30893	8.9
AML_006_02	Alisertib	Alisertib_AML_006_02	233.7773	0.5
AML_007_01	Alisertib	Alisertib_AML_007_01	231.23904	4.7
AML_007_02	Alisertib	Alisertib_AML_007_02	233.03043	3.2
AML_012_01	Alisertib	Alisertib_AML_012_01	215.63362	3.0
AML_013_01	Alisertib	Alisertib_AML_013_01	221.14905	11.1
AML_014_01	Alisertib	Alisertib_AML_014_01	231.42632	7.4
AML_015_01	Alisertib	Alisertib_AML_015_01	234.91766	12.6
AML_015_02	Alisertib	Alisertib_AML_015_02	229.09409	6.0
AML_015_03	Alisertib	Alisertib_AML_015_03	232.61156	12.4
AML_015_04	Alisertib	Alisertib_AML_015_04	228.22116	5.7
AML_018_01	Alisertib	Alisertib_AML_018_01	216.75366	22.4
AML_019_01	Alisertib	Alisertib_AML_019_01	224.55696	3.9
AML_020_01	Alisertib	Alisertib_AML_020_01	228.7731	0.0
AML_022_01	Alisertib	Alisertib_AML_022_01	226.34673	0.8
AML_023_01	Alisertib	Alisertib_AML_023_01	229.85071	3.6
AML_023_03	Alisertib	Alisertib_AML_023_03	227.7124	2.6
AML_023_04	Alisertib	Alisertib_AML_023_04	226.0381	8.6
AML_024_01	Alisertib	Alisertib_AML_024_01	230.9434	12.9
AML_025_01	Alisertib	Alisertib_AML_025_01	233.64235	2.0
AML_026_01	Alisertib	Alisertib_AML_026_01	237.27528	1.7
AML_028_01	Alisertib	Alisertib_AML_028_01	229.03404	6.5
AML_028_04	Alisertib	Alisertib_AML_028_04	217.58379	4.3
AML_029_01	Alisertib	Alisertib_AML_029_01	229.91489	4.6
AML_030_01	Alisertib	Alisertib_AML_030_01	226.01419	2.2
AML_032_01	Alisertib	Alisertib_AML_032_01	230.9425	6.0
AML_033_01	Alisertib	Alisertib_AML_033_01	227.61494	18.3
AML_033_02	Alisertib	Alisertib_AML_033_02	217.48094	13.3
AML_035_02	Alisertib	Alisertib_AML_035_02	235.31755	13.9
AML_035_04	Alisertib	Alisertib_AML_035_04	225.80151	12.7
AML_036_01	Alisertib	Alisertib_AML_036_01	235.65373	9.4
AML_040_01	Alisertib	Alisertib_AML_040_01	230.54892	5.0
AML_041_01	Alisertib	Alisertib_AML_041_01	233.6065	5.1
AML_042_01	Alisertib	Alisertib_AML_042_01	230.68233	5.3
AML_043_02	Alisertib	Alisertib_AML_043_02	218.48026	13.2
AML_045_01	Alisertib	Alisertib_AML_045_01	233.87036	0.0
AML_046_01	Alisertib	Alisertib_AML_046_01	225.30937	11.3
AML_051_01	Alisertib	Alisertib_AML_051_01	226.81696	0.0
AML_052_01	Alisertib	Alisertib_AML_052_01	229.32498	9.8
AML_053_01	Alisertib	Alisertib_AML_053_01	239.21991	3.3
AML_054_01	Alisertib	Alisertib_AML_054_01	223.54037	1.5
AML_057_01	Alisertib	Alisertib_AML_057_01	232.57474	3.1
AML_058_01	Alisertib	Alisertib_AML_058_01	230.47108	7.9
AML_059_01	Alisertib	Alisertib_AML_059_01	230.48633	6.7
AML_060_01	Alisertib	Alisertib_AML_060_01	227.34361	0.5
AML_061_01	Alisertib	Alisertib_AML_061_01	228.27829	3.7
AML_062_01	Alisertib	Alisertib_AML_062_01	225.51083	12.8
AML_064_01	Alisertib	Alisertib_AML_064_01	228.71779	0.0
AML_065_01	Alisertib	Alisertib_AML_065_01	225.3707	6.0
AML_067_01	Alisertib	Alisertib_AML_067_01	228.18704	3.8
AML_070_01	Alisertib	Alisertib_AML_070_01	233.97542	2.5
AML_072_01	Alisertib	Alisertib_AML_072_01	232.66672	3.1
AML_073_01	Alisertib	Alisertib_AML_073_01	232.25687	6.8
AML_074_01	Alisertib	Alisertib_AML_074_01	232.93198	1.9
AML_075_01	Alisertib	Alisertib_AML_075_01	230.00082	4.4
AML_076_01	Alisertib	Alisertib_AML_076_01	232.85463	6.5
AML_076_02	Alisertib	Alisertib_AML_076_02	220.28453	3.5
AML_077_01	Alisertib	Alisertib_AML_077_01	232.67941	10.8
AML_078_02	Alisertib	Alisertib_AML_078_02	231.97905	4.5
AML_084_01	Alisertib	Alisertib_AML_084_01	223.39456	1.9
AML_086_02	Alisertib	Alisertib_AML_086_02	227.8938	7.0
AML_098_01	Alisertib	Alisertib_AML_098_01	230.04053	8.2
AML_100_01	Alisertib	Alisertib_AML_100_01	233.7712	2.3
AML_101_01	Alisertib	Alisertib_AML_101_01	221.76015	5.3
AML_101_02	Alisertib	Alisertib_AML_101_02	227.98138	0.7
AML_102_01	Alisertib	Alisertib_AML_102_01	228.23447	2.9
AML_103_01	Alisertib	Alisertib_AML_103_01	223.30167	2.9
AML_103_02	Alisertib	Alisertib_AML_103_02	212.95917	10.1
AML_104_01	Alisertib	Alisertib_AML_104_01	230.68513	3.3
AML_108_01	Alisertib	Alisertib_AML_108_01	228.55536	4.1
AML_109_01	Alisertib	Alisertib_AML_109_01	220.81454	3.3
AML_110_01	Alisertib	Alisertib_AML_110_01	231.02374	14.1
AML_112_01	Alisertib	Alisertib_AML_112_01	227.50174	3.8
AML_112_02	Alisertib	Alisertib_AML_112_02	229.97304	1.3
AML_113_01	Alisertib	Alisertib_AML_113_01	223.72998	15.0
AML_114_01	Alisertib	Alisertib_AML_114_01	227.61525	3.4
AML_115_01	Alisertib	Alisertib_AML_115_01	226.92688	4.8
AML_116_01	Alisertib	Alisertib_AML_116_01	228.56937	1.3
AML_117_01	Alisertib	Alisertib_AML_117_01	231.2878	3.2
AML_119_01	Alisertib	Alisertib_AML_119_01	228.74765	2.5
AML_120_01	Alisertib	Alisertib_AML_120_01	230.42505	8.4
AML_120_03	Alisertib	Alisertib_AML_120_03	230.67773	13.0
AML_122_01	Alisertib	Alisertib_AML_122_01	229.89189	3.8
AML_123_01	Alisertib	Alisertib_AML_123_01	235.42598	7.4
AML_124_01	Alisertib	Alisertib_AML_124_01	231.63733	17.8
AML_125_01	Alisertib	Alisertib_AML_125_01	231.1252	12.8
AML_126_01	Alisertib	Alisertib_AML_126_01	226.53497	5.1
AML_127_01	Alisertib	Alisertib_AML_127_01	231.5318	14.1
AML_128_01	Alisertib	Alisertib_AML_128_01	231.40475	5.3
AML_129_02	Alisertib	Alisertib_AML_129_02	231.72197	3.9
AML_129_03	Alisertib	Alisertib_AML_129_03	230.80815	3.6
AML_131_01	Alisertib	Alisertib_AML_131_01	231.78113	0.4
AML_133_01	Alisertib	Alisertib_AML_133_01	218.33864	3.1
AML_134_01	Alisertib	Alisertib_AML_134_01	221.27737	7.4
AML_135_01	Alisertib	Alisertib_AML_135_01	228.1427	10.2
AML_138_01	Alisertib	Alisertib_AML_138_01	229.97931	3.3
AML_139_01	Alisertib	Alisertib_AML_139_01	238.978	1.5
AML_140_01	Alisertib	Alisertib_AML_140_01	230.67561	4.9
AML_142_01	Alisertib	Alisertib_AML_142_01	216.00412	3.0
AML_143_01	Alisertib	Alisertib_AML_143_01	229.98926	5.5
AML_144_01	Alisertib	Alisertib_AML_144_01	237.02238	7.3
AML_146_01	Alisertib	Alisertib_AML_146_01	232.68243	0.6
AML_147_01	Alisertib	Alisertib_AML_147_01	232.31409	2.9
AML_151_01	Alisertib	Alisertib_AML_151_01	225.80157	4.0
AML_152_01	Alisertib	Alisertib_AML_152_01	229.27043	8.8
AML_153_01	Alisertib	Alisertib_AML_153_01	217.11882	2.2
AML_156_01	Alisertib	Alisertib_AML_156_01	225.65991	5.0
AML_157_01	Alisertib	Alisertib_AML_157_01	231.57089	10.1
AML_157_02	Alisertib	Alisertib_AML_157_02	228.7731	20.8
AML_158_01	Alisertib	Alisertib_AML_158_01	233.33273	2.0
AML_159_01	Alisertib	Alisertib_AML_159_01	232.106	6.6
AML_160_01	Alisertib	Alisertib_AML_160_01	225.72075	2.5
AML_161_01	Alisertib	Alisertib_AML_161_01	219.92307	20.0
AML_175_01	Alisertib	Alisertib_AML_175_01	234.99115	0.7
AML_179_01	Alisertib	Alisertib_AML_179_01	222.76376	0.0
AML_183_01	Alisertib	Alisertib_AML_183_01	235.04686	4.3
AML_183_02	Alisertib	Alisertib_AML_183_02	227.8389	1.9
AML_183_03	Alisertib	Alisertib_AML_183_03	226.79126	2.3
AML_184_01	Alisertib	Alisertib_AML_184_01	232.37843	5.0
AML_185_01	Alisertib	Alisertib_AML_185_01	229.798	0.0
AML_004_01	AT7519	AT7519_AML_004_01	162.3701	21.8
AML_019_01	AT7519	AT7519_AML_019_01	169.94818	26.9
AML_025_01	AT7519	AT7519_AML_025_01	166.53172	20.6
AML_026_01	AT7519	AT7519_AML_026_01	160.50136	16.0
AML_029_01	AT7519	AT7519_AML_029_01	164.28731	23.8
AML_030_01	AT7519	AT7519_AML_030_01	159.80751	18.4
AML_033_01	AT7519	AT7519_AML_033_01	169.60466	21.2
AML_033_02	AT7519	AT7519_AML_033_02	169.32712	19.3
AML_041_01	AT7519	AT7519_AML_041_01	164.97209	10.1
AML_042_01	AT7519	AT7519_AML_042_01	166.50752	15.4
AML_043_02	AT7519	AT7519_AML_043_02	171.90358	19.5
AML_046_01	AT7519	AT7519_AML_046_01	161.24022	23.9
AML_052_01	AT7519	AT7519_AML_052_01	163.92819	21.8
AML_057_01	AT7519	AT7519_AML_057_01	159.9833	18.1
AML_058_01	AT7519	AT7519_AML_058_01	160.14128	17.0
AML_059_01	AT7519	AT7519_AML_059_01	158.19078	21.2
AML_060_01	AT7519	AT7519_AML_060_01	167.72966	22.1
AML_061_01	AT7519	AT7519_AML_061_01	159.27837	22.1
AML_062_01	AT7519	AT7519_AML_062_01	159.45512	22.5
AML_064_01	AT7519	AT7519_AML_064_01	163.22699	22.5
AML_065_01	AT7519	AT7519_AML_065_01	157.54102	19.3
AML_067_01	AT7519	AT7519_AML_067_01	160.12738	20.3
AML_070_01	AT7519	AT7519_AML_070_01	162.98506	12.6
AML_072_01	AT7519	AT7519_AML_072_01	168.2408	15.8
AML_073_01	AT7519	AT7519_AML_073_01	170.33565	3.3
AML_074_01	AT7519	AT7519_AML_074_01	158.58653	21.5
AML_075_01	AT7519	AT7519_AML_075_01	162.12987	18.3
AML_076_01	AT7519	AT7519_AML_076_01	166.68471	13.3
AML_077_01	AT7519	AT7519_AML_077_01	167.01314	21.0
AML_078_02	AT7519	AT7519_AML_078_02	165.42508	23.9
AML_086_02	AT7519	AT7519_AML_086_02	169.97836	0.0
AML_098_01	AT7519	AT7519_AML_098_01	160.17029	22.8
AML_100_01	AT7519	AT7519_AML_100_01	159.27554	17.9
AML_101_01	AT7519	AT7519_AML_101_01	168.75427	22.1
AML_101_02	AT7519	AT7519_AML_101_02	175.16623	15.7
AML_102_01	AT7519	AT7519_AML_102_01	160.80789	21.6
AML_103_01	AT7519	AT7519_AML_103_01	160.05455	23.1
AML_103_02	AT7519	AT7519_AML_103_02	165.47594	26.5
AML_104_01	AT7519	AT7519_AML_104_01	158.3146	17.2
AML_108_01	AT7519	AT7519_AML_108_01	155.88463	27.3
AML_109_01	AT7519	AT7519_AML_109_01	165.01747	25.2
AML_110_01	AT7519	AT7519_AML_110_01	161.04771	19.9
AML_112_01	AT7519	AT7519_AML_112_01	160.89444	23.6
AML_112_02	AT7519	AT7519_AML_112_02	163.7934	25.7
AML_113_01	AT7519	AT7519_AML_113_01	157.09598	34.5
AML_114_01	AT7519	AT7519_AML_114_01	158.36351	25.5
AML_115_01	AT7519	AT7519_AML_115_01	156.28596	19.3
AML_116_01	AT7519	AT7519_AML_116_01	156.80107	24.3
AML_117_01	AT7519	AT7519_AML_117_01	159.86606	18.3
AML_119_01	AT7519	AT7519_AML_119_01	157.64465	23.7
AML_122_01	AT7519	AT7519_AML_122_01	166.15172	24.7
AML_123_01	AT7519	AT7519_AML_123_01	161.94481	15.2
AML_124_01	AT7519	AT7519_AML_124_01	162.27206	18.8
AML_125_01	AT7519	AT7519_AML_125_01	161.3657	17.9
AML_126_01	AT7519	AT7519_AML_126_01	164.5712	26.0
AML_127_01	AT7519	AT7519_AML_127_01	157.14856	0.0
AML_128_01	AT7519	AT7519_AML_128_01	168.45276	16.2
AML_131_01	AT7519	AT7519_AML_131_01	162.57574	32.1
AML_133_01	AT7519	AT7519_AML_133_01	171.69847	25.5
AML_134_01	AT7519	AT7519_AML_134_01	177.36502	14.9
AML_135_01	AT7519	AT7519_AML_135_01	164.0181	24.3
AML_138_01	AT7519	AT7519_AML_138_01	175.03651	18.8
AML_139_01	AT7519	AT7519_AML_139_01	161.7544	31.2
AML_140_01	AT7519	AT7519_AML_140_01	158.89828	22.2
AML_142_01	AT7519	AT7519_AML_142_01	169.83807	29.3
AML_143_01	AT7519	AT7519_AML_143_01	160.27061	19.7
AML_144_01	AT7519	AT7519_AML_144_01	165.5809	21.1
AML_146_01	AT7519	AT7519_AML_146_01	164.62598	22.5
AML_147_01	AT7519	AT7519_AML_147_01	162.26135	19.0
AML_151_01	AT7519	AT7519_AML_151_01	156.23497	31.9
AML_152_01	AT7519	AT7519_AML_152_01	159.88841	25.2
AML_153_01	AT7519	AT7519_AML_153_01	170.90846	8.3
AML_156_01	AT7519	AT7519_AML_156_01	161.1801	23.7
AML_157_01	AT7519	AT7519_AML_157_01	159.77248	28.8
AML_157_02	AT7519	AT7519_AML_157_02	159.46872	26.8
AML_158_01	AT7519	AT7519_AML_158_01	163.0228	22.5
AML_159_01	AT7519	AT7519_AML_159_01	162.34926	17.6
AML_160_01	AT7519	AT7519_AML_160_01	163.16669	21.4
AML_161_01	AT7519	AT7519_AML_161_01	161.99655	18.7
AML_183_01	AT7519	AT7519_AML_183_01	163.63383	19.8
AML_183_03	AT7519	AT7519_AML_183_03	162.76224	19.9
AML_001_01	Axitinib	Axitinib_AML_001_01	212.64247	0.0
AML_001_03	Axitinib	Axitinib_AML_001_03	212.79654	7.1
AML_002_01	Axitinib	Axitinib_AML_002_01	214.44351	8.3
AML_003_02	Axitinib	Axitinib_AML_003_02	217.24237	4.2
AML_004_01	Axitinib	Axitinib_AML_004_01	211.42194	7.5
AML_006_02	Axitinib	Axitinib_AML_006_02	214.068	3.9
AML_007_01	Axitinib	Axitinib_AML_007_01	208.66003	1.4
AML_007_02	Axitinib	Axitinib_AML_007_02	211.94995	0.0
AML_012_01	Axitinib	Axitinib_AML_012_01	207.38281	6.4
AML_013_01	Axitinib	Axitinib_AML_013_01	213.3088	2.1
AML_014_01	Axitinib	Axitinib_AML_014_01	213.39157	6.1
AML_015_01	Axitinib	Axitinib_AML_015_01	216.56982	21.0
AML_015_02	Axitinib	Axitinib_AML_015_02	211.64287	15.0
AML_015_03	Axitinib	Axitinib_AML_015_03	210.20001	29.9
AML_015_04	Axitinib	Axitinib_AML_015_04	212.4942	40.7
AML_018_01	Axitinib	Axitinib_AML_018_01	199.43098	5.7
AML_019_01	Axitinib	Axitinib_AML_019_01	215.41385	3.3
AML_020_01	Axitinib	Axitinib_AML_020_01	217.92819	2.9
AML_022_01	Axitinib	Axitinib_AML_022_01	202.9432	3.7
AML_023_01	Axitinib	Axitinib_AML_023_01	207.10791	11.4
AML_023_03	Axitinib	Axitinib_AML_023_03	204.34117	0.0
AML_023_04	Axitinib	Axitinib_AML_023_04	205.3914	8.7
AML_024_01	Axitinib	Axitinib_AML_024_01	215.39262	5.2
AML_025_01	Axitinib	Axitinib_AML_025_01	218.45284	3.8
AML_026_01	Axitinib	Axitinib_AML_026_01	213.62021	2.6
AML_028_01	Axitinib	Axitinib_AML_028_01	212.05325	0.0
AML_028_04	Axitinib	Axitinib_AML_028_04	205.655	0.7
AML_029_01	Axitinib	Axitinib_AML_029_01	211.95197	1.3
AML_030_01	Axitinib	Axitinib_AML_030_01	202.03268	2.5
AML_032_01	Axitinib	Axitinib_AML_032_01	217.42426	0.1
AML_033_01	Axitinib	Axitinib_AML_033_01	214.15843	11.3
AML_033_02	Axitinib	Axitinib_AML_033_02	207.54268	9.9
AML_035_02	Axitinib	Axitinib_AML_035_02	223.42006	2.7
AML_035_04	Axitinib	Axitinib_AML_035_04	220.26906	0.4
AML_036_01	Axitinib	Axitinib_AML_036_01	208.8492	2.7
AML_040_01	Axitinib	Axitinib_AML_040_01	206.13979	11.3
AML_041_01	Axitinib	Axitinib_AML_041_01	211.47964	6.6
AML_042_01	Axitinib	Axitinib_AML_042_01	211.69603	6.7
AML_043_02	Axitinib	Axitinib_AML_043_02	210.39777	5.4
AML_045_01	Axitinib	Axitinib_AML_045_01	215.73566	1.9
AML_046_01	Axitinib	Axitinib_AML_046_01	207.64345	14.4
AML_051_01	Axitinib	Axitinib_AML_051_01	206.03009	2.8
AML_052_01	Axitinib	Axitinib_AML_052_01	213.6931	3.1
AML_053_01	Axitinib	Axitinib_AML_053_01	223.99846	1.8
AML_054_01	Axitinib	Axitinib_AML_054_01	210.25803	7.7
AML_057_01	Axitinib	Axitinib_AML_057_01	206.70778	6.8
AML_058_01	Axitinib	Axitinib_AML_058_01	209.48251	4.6
AML_059_01	Axitinib	Axitinib_AML_059_01	208.0953	6.1
AML_060_01	Axitinib	Axitinib_AML_060_01	214.07452	6.2
AML_061_01	Axitinib	Axitinib_AML_061_01	211.29333	4.9
AML_062_01	Axitinib	Axitinib_AML_062_01	201.33078	7.3
AML_064_01	Axitinib	Axitinib_AML_064_01	206.38127	0.0
AML_065_01	Axitinib	Axitinib_AML_065_01	197.6001	7.4
AML_067_01	Axitinib	Axitinib_AML_067_01	202.72073	7.4
AML_070_01	Axitinib	Axitinib_AML_070_01	214.6987	0.3
AML_072_01	Axitinib	Axitinib_AML_072_01	219.52013	3.7
AML_073_01	Axitinib	Axitinib_AML_073_01	220.84753	4.4
AML_074_01	Axitinib	Axitinib_AML_074_01	207.31839	2.1
AML_075_01	Axitinib	Axitinib_AML_075_01	210.58987	3.0
AML_076_01	Axitinib	Axitinib_AML_076_01	213.66483	4.1
AML_076_02	Axitinib	Axitinib_AML_076_02	198.82152	4.1
AML_077_01	Axitinib	Axitinib_AML_077_01	219.87146	8.0
AML_078_02	Axitinib	Axitinib_AML_078_02	208.56427	0.0
AML_084_01	Axitinib	Axitinib_AML_084_01	206.63515	7.5
AML_086_02	Axitinib	Axitinib_AML_086_02	214.76003	5.0
AML_098_01	Axitinib	Axitinib_AML_098_01	206.12628	4.5
AML_100_01	Axitinib	Axitinib_AML_100_01	209.30685	2.6
AML_101_01	Axitinib	Axitinib_AML_101_01	206.94997	14.9
AML_101_02	Axitinib	Axitinib_AML_101_02	218.38295	0.6
AML_102_01	Axitinib	Axitinib_AML_102_01	200.10724	3.2
AML_103_01	Axitinib	Axitinib_AML_103_01	197.18628	4.1
AML_103_02	Axitinib	Axitinib_AML_103_02	200.3348	6.7
AML_104_01	Axitinib	Axitinib_AML_104_01	205.46027	2.1
AML_108_01	Axitinib	Axitinib_AML_108_01	201.17775	6.3
AML_109_01	Axitinib	Axitinib_AML_109_01	206.6505	0.0
AML_110_01	Axitinib	Axitinib_AML_110_01	211.25865	6.8
AML_112_01	Axitinib	Axitinib_AML_112_01	200.47992	5.1
AML_112_02	Axitinib	Axitinib_AML_112_02	206.514	5.4
AML_113_01	Axitinib	Axitinib_AML_113_01	203.15947	6.0
AML_114_01	Axitinib	Axitinib_AML_114_01	203.01654	1.0
AML_115_01	Axitinib	Axitinib_AML_115_01	198.60487	13.7
AML_116_01	Axitinib	Axitinib_AML_116_01	205.46564	3.8
AML_117_01	Axitinib	Axitinib_AML_117_01	210.41103	1.8
AML_119_01	Axitinib	Axitinib_AML_119_01	200.23755	1.4
AML_120_01	Axitinib	Axitinib_AML_120_01	212.32253	12.9
AML_120_03	Axitinib	Axitinib_AML_120_03	214.68814	13.1
AML_122_01	Axitinib	Axitinib_AML_122_01	208.30147	0.0
AML_123_01	Axitinib	Axitinib_AML_123_01	215.0597	7.3
AML_124_01	Axitinib	Axitinib_AML_124_01	211.32751	7.5
AML_125_01	Axitinib	Axitinib_AML_125_01	211.91756	5.6
AML_126_01	Axitinib	Axitinib_AML_126_01	208.87387	4.8
AML_127_01	Axitinib	Axitinib_AML_127_01	205.55397	3.8
AML_128_01	Axitinib	Axitinib_AML_128_01	217.5043	2.3
AML_129_02	Axitinib	Axitinib_AML_129_02	208.90718	13.2
AML_129_03	Axitinib	Axitinib_AML_129_03	209.67717	4.4
AML_131_01	Axitinib	Axitinib_AML_131_01	208.00163	1.7
AML_133_01	Axitinib	Axitinib_AML_133_01	212.56425	2.8
AML_134_01	Axitinib	Axitinib_AML_134_01	215.80894	0.2
AML_135_01	Axitinib	Axitinib_AML_135_01	210.92323	10.1
AML_138_01	Axitinib	Axitinib_AML_138_01	221.33762	2.6
AML_139_01	Axitinib	Axitinib_AML_139_01	221.52112	1.3
AML_140_01	Axitinib	Axitinib_AML_140_01	207.31656	5.0
AML_142_01	Axitinib	Axitinib_AML_142_01	208.82745	2.8
AML_143_01	Axitinib	Axitinib_AML_143_01	210.74925	1.1
AML_144_01	Axitinib	Axitinib_AML_144_01	221.415	4.2
AML_146_01	Axitinib	Axitinib_AML_146_01	215.83823	0.1
AML_147_01	Axitinib	Axitinib_AML_147_01	208.4669	6.4
AML_151_01	Axitinib	Axitinib_AML_151_01	201.08727	3.7
AML_152_01	Axitinib	Axitinib_AML_152_01	209.22723	4.4
AML_153_01	Axitinib	Axitinib_AML_153_01	209.42804	1.3
AML_156_01	Axitinib	Axitinib_AML_156_01	207.10098	1.5
AML_157_01	Axitinib	Axitinib_AML_157_01	210.76488	4.3
AML_157_02	Axitinib	Axitinib_AML_157_02	208.73416	9.3
AML_158_01	Axitinib	Axitinib_AML_158_01	213.91588	4.6
AML_159_01	Axitinib	Axitinib_AML_159_01	214.69098	5.9
AML_160_01	Axitinib	Axitinib_AML_160_01	203.07094	4.0
AML_161_01	Axitinib	Axitinib_AML_161_01	202.38339	5.4
AML_175_01	Axitinib	Axitinib_AML_175_01	208.47234	1.2
AML_179_01	Axitinib	Axitinib_AML_179_01	210.04836	4.1
AML_183_01	Axitinib	Axitinib_AML_183_01	213.17633	3.5
AML_183_02	Axitinib	Axitinib_AML_183_02	205.39243	0.2
AML_183_03	Axitinib	Axitinib_AML_183_03	204.44984	0.8
AML_184_01	Axitinib	Axitinib_AML_184_01	204.67767	8.6
AML_185_01	Axitinib	Axitinib_AML_185_01	221.32698	3.8
AML_001_03	AZD1480	AZD1480_AML_001_03	230.38062	3.7
AML_003_02	AZD1480	AZD1480_AML_003_02	226.69453	10.6
AML_004_01	AZD1480	AZD1480_AML_004_01	230.20541	8.4
AML_006_02	AZD1480	AZD1480_AML_006_02	231.96176	0.0
AML_007_01	AZD1480	AZD1480_AML_007_01	227.50763	0.1
AML_007_02	AZD1480	AZD1480_AML_007_02	230.20592	0.0
AML_012_01	AZD1480	AZD1480_AML_012_01	220.49179	3.9
AML_013_01	AZD1480	AZD1480_AML_013_01	225.43074	6.8
AML_014_01	AZD1480	AZD1480_AML_014_01	231.01083	0.0
AML_015_01	AZD1480	AZD1480_AML_015_01	233.65955	4.0
AML_015_02	AZD1480	AZD1480_AML_015_02	226.39543	2.4
AML_015_03	AZD1480	AZD1480_AML_015_03	231.25328	2.6
AML_015_04	AZD1480	AZD1480_AML_015_04	227.26979	3.6
AML_018_01	AZD1480	AZD1480_AML_018_01	217.23906	20.8
AML_019_01	AZD1480	AZD1480_AML_019_01	225.33566	2.6
AML_020_01	AZD1480	AZD1480_AML_020_01	230.44266	0.0
AML_023_04	AZD1480	AZD1480_AML_023_04	223.45772	0.5
AML_024_01	AZD1480	AZD1480_AML_024_01	231.3038	7.5
AML_025_01	AZD1480	AZD1480_AML_025_01	233.63477	6.8
AML_026_01	AZD1480	AZD1480_AML_026_01	233.6376	3.5
AML_028_01	AZD1480	AZD1480_AML_028_01	228.71982	2.5
AML_028_04	AZD1480	AZD1480_AML_028_04	217.90292	5.4
AML_029_01	AZD1480	AZD1480_AML_029_01	227.26723	3.7
AML_030_01	AZD1480	AZD1480_AML_030_01	221.37112	1.9
AML_032_01	AZD1480	AZD1480_AML_032_01	233.10245	6.0
AML_033_01	AZD1480	AZD1480_AML_033_01	228.89154	12.4
AML_033_02	AZD1480	AZD1480_AML_033_02	218.9947	11.4
AML_035_02	AZD1480	AZD1480_AML_035_02	236.23262	6.7
AML_035_04	AZD1480	AZD1480_AML_035_04	229.02928	5.3
AML_036_01	AZD1480	AZD1480_AML_036_01	232.04677	5.1
AML_040_01	AZD1480	AZD1480_AML_040_01	227.9916	4.3
AML_041_01	AZD1480	AZD1480_AML_041_01	230.48486	0.7
AML_042_01	AZD1480	AZD1480_AML_042_01	228.21198	3.2
AML_043_02	AZD1480	AZD1480_AML_043_02	222.59082	9.6
AML_045_01	AZD1480	AZD1480_AML_045_01	233.45995	0.0
AML_046_01	AZD1480	AZD1480_AML_046_01	224.55682	9.2
AML_051_01	AZD1480	AZD1480_AML_051_01	225.3839	0.2
AML_052_01	AZD1480	AZD1480_AML_052_01	230.04947	3.9
AML_053_01	AZD1480	AZD1480_AML_053_01	239.3283	0.2
AML_054_01	AZD1480	AZD1480_AML_054_01	225.63687	0.3
AML_057_01	AZD1480	AZD1480_AML_057_01	227.63655	4.3
AML_058_01	AZD1480	AZD1480_AML_058_01	230.03418	0.0
AML_059_01	AZD1480	AZD1480_AML_059_01	228.31462	1.5
AML_060_01	AZD1480	AZD1480_AML_060_01	229.11205	0.0
AML_061_01	AZD1480	AZD1480_AML_061_01	227.35233	0.0
AML_062_01	AZD1480	AZD1480_AML_062_01	222.15506	5.9
AML_064_01	AZD1480	AZD1480_AML_064_01	226.11664	0.0
AML_065_01	AZD1480	AZD1480_AML_065_01	220.3629	3.5
AML_067_01	AZD1480	AZD1480_AML_067_01	224.4909	1.4
AML_070_01	AZD1480	AZD1480_AML_070_01	230.27884	1.9
AML_072_01	AZD1480	AZD1480_AML_072_01	233.17647	0.0
AML_073_01	AZD1480	AZD1480_AML_073_01	233.43523	0.1
AML_074_01	AZD1480	AZD1480_AML_074_01	228.0985	3.4
AML_075_01	AZD1480	AZD1480_AML_075_01	226.53525	0.0
AML_076_01	AZD1480	AZD1480_AML_076_01	229.39053	5.8
AML_076_02	AZD1480	AZD1480_AML_076_02	219.8833	5.7
AML_077_01	AZD1480	AZD1480_AML_077_01	232.8316	5.8
AML_078_02	AZD1480	AZD1480_AML_078_02	228.53928	2.2
AML_084_01	AZD1480	AZD1480_AML_084_01	222.54291	2.9
AML_086_02	AZD1480	AZD1480_AML_086_02	229.8459	5.9
AML_098_01	AZD1480	AZD1480_AML_098_01	226.72058	4.9
AML_100_01	AZD1480	AZD1480_AML_100_01	231.1284	3.2
AML_101_01	AZD1480	AZD1480_AML_101_01	218.6563	9.2
AML_101_02	AZD1480	AZD1480_AML_101_02	229.35338	0.6
AML_102_01	AZD1480	AZD1480_AML_102_01	222.71268	0.6
AML_103_01	AZD1480	AZD1480_AML_103_01	219.07286	6.6
AML_103_02	AZD1480	AZD1480_AML_103_02	214.35762	9.1
AML_104_01	AZD1480	AZD1480_AML_104_01	227.734	5.2
AML_108_01	AZD1480	AZD1480_AML_108_01	224.67673	5.9
AML_109_01	AZD1480	AZD1480_AML_109_01	221.04922	0.2
AML_110_01	AZD1480	AZD1480_AML_110_01	229.32417	8.2
AML_112_01	AZD1480	AZD1480_AML_112_01	222.80882	1.1
AML_112_02	AZD1480	AZD1480_AML_112_02	227.03572	1.8
AML_113_01	AZD1480	AZD1480_AML_113_01	224.75421	10.8
AML_114_01	AZD1480	AZD1480_AML_114_01	224.80751	4.1
AML_115_01	AZD1480	AZD1480_AML_115_01	221.83052	7.7
AML_116_01	AZD1480	AZD1480_AML_116_01	225.28331	9.4
AML_117_01	AZD1480	AZD1480_AML_117_01	229.55035	2.7
AML_119_01	AZD1480	AZD1480_AML_119_01	223.30527	7.1
AML_120_03	AZD1480	AZD1480_AML_120_03	228.9801	1.8
AML_122_01	AZD1480	AZD1480_AML_122_01	226.57616	0.0
AML_123_01	AZD1480	AZD1480_AML_123_01	232.99074	4.3
AML_124_01	AZD1480	AZD1480_AML_124_01	230.15923	6.6
AML_125_01	AZD1480	AZD1480_AML_125_01	228.69762	5.5
AML_126_01	AZD1480	AZD1480_AML_126_01	224.42863	10.0
AML_127_01	AZD1480	AZD1480_AML_127_01	228.85576	6.3
AML_128_01	AZD1480	AZD1480_AML_128_01	231.523	5.8
AML_131_01	AZD1480	AZD1480_AML_131_01	228.13112	4.3
AML_133_01	AZD1480	AZD1480_AML_133_01	222.386	8.6
AML_134_01	AZD1480	AZD1480_AML_134_01	222.26364	6.2
AML_135_01	AZD1480	AZD1480_AML_135_01	227.89885	3.7
AML_138_01	AZD1480	AZD1480_AML_138_01	232.06575	7.0
AML_139_01	AZD1480	AZD1480_AML_139_01	238.92198	6.4
AML_140_01	AZD1480	AZD1480_AML_140_01	228.46477	5.3
AML_142_01	AZD1480	AZD1480_AML_142_01	220.78574	11.1
AML_143_01	AZD1480	AZD1480_AML_143_01	228.55432	3.2
AML_144_01	AZD1480	AZD1480_AML_144_01	236.7889	4.7
AML_146_01	AZD1480	AZD1480_AML_146_01	232.45885	2.9
AML_147_01	AZD1480	AZD1480_AML_147_01	229.49216	4.2
AML_151_01	AZD1480	AZD1480_AML_151_01	223.49059	6.3
AML_152_01	AZD1480	AZD1480_AML_152_01	229.4194	7.0
AML_153_01	AZD1480	AZD1480_AML_153_01	218.94487	0.0
AML_156_01	AZD1480	AZD1480_AML_156_01	223.3841	6.6
AML_157_01	AZD1480	AZD1480_AML_157_01	231.30864	6.4
AML_157_02	AZD1480	AZD1480_AML_157_02	228.88977	6.2
AML_158_01	AZD1480	AZD1480_AML_158_01	232.42674	4.5
AML_159_01	AZD1480	AZD1480_AML_159_01	231.6067	5.5
AML_160_01	AZD1480	AZD1480_AML_160_01	222.31947	5.5
AML_161_01	AZD1480	AZD1480_AML_161_01	218.54457	8.9
AML_175_01	AZD1480	AZD1480_AML_175_01	230.08658	1.4
AML_183_01	AZD1480	AZD1480_AML_183_01	231.11179	3.8
AML_183_02	AZD1480	AZD1480_AML_183_02	224.70746	5.2
AML_183_03	AZD1480	AZD1480_AML_183_03	223.53821	3.2
AML_001_01	AZD1152-HQPA	AZD1152-HQPA_AML_001_01	222.90775	0.0
AML_001_03	AZD1152-HQPA	AZD1152-HQPA_AML_001_03	225.0522	8.5
AML_002_01	AZD1152-HQPA	AZD1152-HQPA_AML_002_01	215.819	0.0
AML_003_02	AZD1152-HQPA	AZD1152-HQPA_AML_003_02	212.82578	0.0
AML_004_01	AZD1152-HQPA	AZD1152-HQPA_AML_004_01	221.03934	5.3
AML_006_02	AZD1152-HQPA	AZD1152-HQPA_AML_006_02	225.34102	0.0
AML_007_01	AZD1152-HQPA	AZD1152-HQPA_AML_007_01	224.34409	6.6
AML_007_02	AZD1152-HQPA	AZD1152-HQPA_AML_007_02	226.0445	2.7
AML_012_01	AZD1152-HQPA	AZD1152-HQPA_AML_012_01	196.53653	6.8
AML_013_01	AZD1152-HQPA	AZD1152-HQPA_AML_013_01	206.40567	4.3
AML_014_01	AZD1152-HQPA	AZD1152-HQPA_AML_014_01	220.60245	8.9
AML_015_01	AZD1152-HQPA	AZD1152-HQPA_AML_015_01	220.84543	7.7
AML_015_02	AZD1152-HQPA	AZD1152-HQPA_AML_015_02	221.55922	2.2
AML_015_03	AZD1152-HQPA	AZD1152-HQPA_AML_015_03	220.97226	4.1
AML_015_04	AZD1152-HQPA	AZD1152-HQPA_AML_015_04	212.8721	2.3
AML_018_01	AZD1152-HQPA	AZD1152-HQPA_AML_018_01	199.68225	14.1
AML_019_01	AZD1152-HQPA	AZD1152-HQPA_AML_019_01	211.22276	0.0
AML_020_01	AZD1152-HQPA	AZD1152-HQPA_AML_020_01	214.64787	0.0
AML_022_01	AZD1152-HQPA	AZD1152-HQPA_AML_022_01	217.45541	3.3
AML_023_01	AZD1152-HQPA	AZD1152-HQPA_AML_023_01	221.60841	2.9
AML_023_03	AZD1152-HQPA	AZD1152-HQPA_AML_023_03	217.87274	0.2
AML_023_04	AZD1152-HQPA	AZD1152-HQPA_AML_023_04	216.06888	6.7
AML_024_01	AZD1152-HQPA	AZD1152-HQPA_AML_024_01	216.60318	7.7
AML_025_01	AZD1152-HQPA	AZD1152-HQPA_AML_025_01	225.39545	0.0
AML_026_01	AZD1152-HQPA	AZD1152-HQPA_AML_026_01	228.86105	0.0
AML_028_01	AZD1152-HQPA	AZD1152-HQPA_AML_028_01	219.07036	2.6
AML_028_04	AZD1152-HQPA	AZD1152-HQPA_AML_028_04	200.09222	8.6
AML_029_01	AZD1152-HQPA	AZD1152-HQPA_AML_029_01	221.1029	0.0
AML_030_01	AZD1152-HQPA	AZD1152-HQPA_AML_030_01	217.01672	0.0
AML_032_01	AZD1152-HQPA	AZD1152-HQPA_AML_032_01	221.23416	5.9
AML_033_01	AZD1152-HQPA	AZD1152-HQPA_AML_033_01	216.04285	15.7
AML_033_02	AZD1152-HQPA	AZD1152-HQPA_AML_033_02	196.53516	12.1
AML_035_02	AZD1152-HQPA	AZD1152-HQPA_AML_035_02	225.38385	3.2
AML_035_04	AZD1152-HQPA	AZD1152-HQPA_AML_035_04	211.25449	0.0
AML_036_01	AZD1152-HQPA	AZD1152-HQPA_AML_036_01	225.84708	4.9
AML_040_01	AZD1152-HQPA	AZD1152-HQPA_AML_040_01	218.70905	0.1
AML_041_01	AZD1152-HQPA	AZD1152-HQPA_AML_041_01	228.00233	0.0
AML_042_01	AZD1152-HQPA	AZD1152-HQPA_AML_042_01	224.27951	0.0
AML_043_02	AZD1152-HQPA	AZD1152-HQPA_AML_043_02	198.73927	10.8
AML_045_01	AZD1152-HQPA	AZD1152-HQPA_AML_045_01	224.74103	0.0
AML_046_01	AZD1152-HQPA	AZD1152-HQPA_AML_046_01	208.44238	12.6
AML_051_01	AZD1152-HQPA	AZD1152-HQPA_AML_051_01	214.2598	2.1
AML_052_01	AZD1152-HQPA	AZD1152-HQPA_AML_052_01	219.18642	5.8
AML_053_01	AZD1152-HQPA	AZD1152-HQPA_AML_053_01	232.72215	0.2
AML_054_01	AZD1152-HQPA	AZD1152-HQPA_AML_054_01	205.49406	0.0
AML_057_01	AZD1152-HQPA	AZD1152-HQPA_AML_057_01	224.11594	0.0
AML_058_01	AZD1152-HQPA	AZD1152-HQPA_AML_058_01	218.93097	3.0
AML_059_01	AZD1152-HQPA	AZD1152-HQPA_AML_059_01	218.26921	0.2
AML_060_01	AZD1152-HQPA	AZD1152-HQPA_AML_060_01	215.41402	0.0
AML_061_01	AZD1152-HQPA	AZD1152-HQPA_AML_061_01	218.61617	0.8
AML_062_01	AZD1152-HQPA	AZD1152-HQPA_AML_062_01	216.96747	1.1
AML_064_01	AZD1152-HQPA	AZD1152-HQPA_AML_064_01	222.19336	0.0
AML_065_01	AZD1152-HQPA	AZD1152-HQPA_AML_065_01	213.07231	2.8
AML_067_01	AZD1152-HQPA	AZD1152-HQPA_AML_067_01	220.57343	0.2
AML_070_01	AZD1152-HQPA	AZD1152-HQPA_AML_070_01	226.82324	3.4
AML_072_01	AZD1152-HQPA	AZD1152-HQPA_AML_072_01	223.78632	0.0
AML_073_01	AZD1152-HQPA	AZD1152-HQPA_AML_073_01	222.86629	0.0
AML_074_01	AZD1152-HQPA	AZD1152-HQPA_AML_074_01	224.57292	0.0
AML_075_01	AZD1152-HQPA	AZD1152-HQPA_AML_075_01	222.65315	0.0
AML_076_01	AZD1152-HQPA	AZD1152-HQPA_AML_076_01	224.78815	1.1
AML_076_02	AZD1152-HQPA	AZD1152-HQPA_AML_076_02	206.21959	0.0
AML_077_01	AZD1152-HQPA	AZD1152-HQPA_AML_077_01	225.26993	9.7
AML_078_02	AZD1152-HQPA	AZD1152-HQPA_AML_078_02	224.1923	0.0
AML_084_01	AZD1152-HQPA	AZD1152-HQPA_AML_084_01	213.87039	0.0
AML_086_02	AZD1152-HQPA	AZD1152-HQPA_AML_086_02	217.3124	0.4
AML_098_01	AZD1152-HQPA	AZD1152-HQPA_AML_098_01	222.13063	4.3
AML_100_01	AZD1152-HQPA	AZD1152-HQPA_AML_100_01	224.84903	0.0
AML_101_01	AZD1152-HQPA	AZD1152-HQPA_AML_101_01	205.93546	2.9
AML_101_02	AZD1152-HQPA	AZD1152-HQPA_AML_101_02	216.9546	0.0
AML_102_01	AZD1152-HQPA	AZD1152-HQPA_AML_102_01	218.34494	0.0
AML_103_01	AZD1152-HQPA	AZD1152-HQPA_AML_103_01	214.36295	0.0
AML_103_02	AZD1152-HQPA	AZD1152-HQPA_AML_103_02	192.65637	8.0
AML_104_01	AZD1152-HQPA	AZD1152-HQPA_AML_104_01	222.75615	0.0
AML_108_01	AZD1152-HQPA	AZD1152-HQPA_AML_108_01	218.71448	1.5
AML_109_01	AZD1152-HQPA	AZD1152-HQPA_AML_109_01	207.41794	0.0
AML_110_01	AZD1152-HQPA	AZD1152-HQPA_AML_110_01	221.95085	5.6
AML_112_01	AZD1152-HQPA	AZD1152-HQPA_AML_112_01	219.51599	0.0
AML_112_02	AZD1152-HQPA	AZD1152-HQPA_AML_112_02	221.27531	0.0
AML_113_01	AZD1152-HQPA	AZD1152-HQPA_AML_113_01	210.72028	13.4
AML_114_01	AZD1152-HQPA	AZD1152-HQPA_AML_114_01	218.55028	0.0
AML_115_01	AZD1152-HQPA	AZD1152-HQPA_AML_115_01	214.42773	0.0
AML_116_01	AZD1152-HQPA	AZD1152-HQPA_AML_116_01	219.89783	0.0
AML_117_01	AZD1152-HQPA	AZD1152-HQPA_AML_117_01	223.38518	0.0
AML_119_01	AZD1152-HQPA	AZD1152-HQPA_AML_119_01	218.30702	0.0
AML_120_01	AZD1152-HQPA	AZD1152-HQPA_AML_120_01	221.18272	14.2
AML_120_03	AZD1152-HQPA	AZD1152-HQPA_AML_120_03	221.06628	13.8
AML_122_01	AZD1152-HQPA	AZD1152-HQPA_AML_122_01	223.16309	0.2
AML_123_01	AZD1152-HQPA	AZD1152-HQPA_AML_123_01	227.54944	1.4
AML_124_01	AZD1152-HQPA	AZD1152-HQPA_AML_124_01	223.96257	17.6
AML_125_01	AZD1152-HQPA	AZD1152-HQPA_AML_125_01	220.15155	9.1
AML_126_01	AZD1152-HQPA	AZD1152-HQPA_AML_126_01	218.67117	1.8
AML_127_01	AZD1152-HQPA	AZD1152-HQPA_AML_127_01	221.34158	6.2
AML_128_01	AZD1152-HQPA	AZD1152-HQPA_AML_128_01	223.82292	0.7
AML_129_02	AZD1152-HQPA	AZD1152-HQPA_AML_129_02	218.83594	12.8
AML_129_03	AZD1152-HQPA	AZD1152-HQPA_AML_129_03	218.23396	1.9
AML_131_01	AZD1152-HQPA	AZD1152-HQPA_AML_131_01	223.95457	0.0
AML_133_01	AZD1152-HQPA	AZD1152-HQPA_AML_133_01	202.8219	1.3
AML_134_01	AZD1152-HQPA	AZD1152-HQPA_AML_134_01	209.15556	0.0
AML_135_01	AZD1152-HQPA	AZD1152-HQPA_AML_135_01	215.20602	0.0
AML_138_01	AZD1152-HQPA	AZD1152-HQPA_AML_138_01	219.47134	0.0
AML_139_01	AZD1152-HQPA	AZD1152-HQPA_AML_139_01	227.36636	0.1
AML_140_01	AZD1152-HQPA	AZD1152-HQPA_AML_140_01	220.60214	3.2
AML_142_01	AZD1152-HQPA	AZD1152-HQPA_AML_142_01	198.25233	1.7
AML_143_01	AZD1152-HQPA	AZD1152-HQPA_AML_143_01	221.78448	0.0
AML_144_01	AZD1152-HQPA	AZD1152-HQPA_AML_144_01	229.07674	7.4
AML_146_01	AZD1152-HQPA	AZD1152-HQPA_AML_146_01	222.54608	0.0
AML_147_01	AZD1152-HQPA	AZD1152-HQPA_AML_147_01	223.57082	0.0
AML_151_01	AZD1152-HQPA	AZD1152-HQPA_AML_151_01	213.61777	5.3
AML_152_01	AZD1152-HQPA	AZD1152-HQPA_AML_152_01	218.7932	8.5
AML_153_01	AZD1152-HQPA	AZD1152-HQPA_AML_153_01	203.28897	0.0
AML_156_01	AZD1152-HQPA	AZD1152-HQPA_AML_156_01	210.80046	0.1
AML_157_01	AZD1152-HQPA	AZD1152-HQPA_AML_157_01	220.86919	0.7
AML_157_02	AZD1152-HQPA	AZD1152-HQPA_AML_157_02	218.06274	1.0
AML_158_01	AZD1152-HQPA	AZD1152-HQPA_AML_158_01	224.445	1.4
AML_159_01	AZD1152-HQPA	AZD1152-HQPA_AML_159_01	222.50577	4.7
AML_160_01	AZD1152-HQPA	AZD1152-HQPA_AML_160_01	212.9977	0.0
AML_161_01	AZD1152-HQPA	AZD1152-HQPA_AML_161_01	201.77281	14.3
AML_175_01	AZD1152-HQPA	AZD1152-HQPA_AML_175_01	225.94629	0.0
AML_179_01	AZD1152-HQPA	AZD1152-HQPA_AML_179_01	210.31902	1.8
AML_183_01	AZD1152-HQPA	AZD1152-HQPA_AML_183_01	227.09589	0.9
AML_183_02	AZD1152-HQPA	AZD1152-HQPA_AML_183_02	222.3804	1.0
AML_183_03	AZD1152-HQPA	AZD1152-HQPA_AML_183_03	218.4792	0.0
AML_184_01	AZD1152-HQPA	AZD1152-HQPA_AML_184_01	223.22076	6.1
AML_185_01	AZD1152-HQPA	AZD1152-HQPA_AML_185_01	219.33363	0.0
AML_004_01	Birinapant	Birinapant_AML_004_01	210.18483	9.6
AML_019_01	Birinapant	Birinapant_AML_019_01	207.77888	15.3
AML_025_01	Birinapant	Birinapant_AML_025_01	212.59892	1.4
AML_026_01	Birinapant	Birinapant_AML_026_01	213.90982	3.0
AML_029_01	Birinapant	Birinapant_AML_029_01	211.64401	3.7
AML_030_01	Birinapant	Birinapant_AML_030_01	205.6991	5.3
AML_033_01	Birinapant	Birinapant_AML_033_01	209.1583	16.6
AML_033_02	Birinapant	Birinapant_AML_033_02	204.69946	15.5
AML_041_01	Birinapant	Birinapant_AML_041_01	210.12	3.5
AML_042_01	Birinapant	Birinapant_AML_042_01	209.83165	3.2
AML_043_02	Birinapant	Birinapant_AML_043_02	206.377	3.7
AML_046_01	Birinapant	Birinapant_AML_046_01	204.1431	7.9
AML_052_01	Birinapant	Birinapant_AML_052_01	210.1842	5.8
AML_057_01	Birinapant	Birinapant_AML_057_01	209.0977	6.6
AML_058_01	Birinapant	Birinapant_AML_058_01	207.86725	9.3
AML_059_01	Birinapant	Birinapant_AML_059_01	207.23465	7.5
AML_060_01	Birinapant	Birinapant_AML_060_01	209.13646	6.4
AML_061_01	Birinapant	Birinapant_AML_061_01	205.2771	12.4
AML_062_01	Birinapant	Birinapant_AML_062_01	204.2385	11.7
AML_064_01	Birinapant	Birinapant_AML_064_01	209.599	16.3
AML_065_01	Birinapant	Birinapant_AML_065_01	203.83656	11.6
AML_067_01	Birinapant	Birinapant_AML_067_01	206.38623	10.9
AML_070_01	Birinapant	Birinapant_AML_070_01	210.27907	1.3
AML_072_01	Birinapant	Birinapant_AML_072_01	212.71033	0.7
AML_073_01	Birinapant	Birinapant_AML_073_01	211.55414	0.0
AML_074_01	Birinapant	Birinapant_AML_074_01	209.53264	6.6
AML_075_01	Birinapant	Birinapant_AML_075_01	207.08508	8.0
AML_076_01	Birinapant	Birinapant_AML_076_01	209.9206	4.6
AML_076_02	Birinapant	Birinapant_AML_076_02	203.55356	4.7
AML_077_01	Birinapant	Birinapant_AML_077_01	211.34828	6.8
AML_078_02	Birinapant	Birinapant_AML_078_02	208.33737	2.7
AML_086_02	Birinapant	Birinapant_AML_086_02	209.32574	0.0
AML_098_01	Birinapant	Birinapant_AML_098_01	208.51312	8.6
AML_100_01	Birinapant	Birinapant_AML_100_01	209.07951	3.4
AML_101_01	Birinapant	Birinapant_AML_101_01	205.69135	16.3
AML_101_02	Birinapant	Birinapant_AML_101_02	211.52292	0.1
AML_102_01	Birinapant	Birinapant_AML_102_01	206.23396	1.9
AML_103_01	Birinapant	Birinapant_AML_103_01	204.48288	6.2
AML_103_02	Birinapant	Birinapant_AML_103_02	202.72614	22.2
AML_104_01	Birinapant	Birinapant_AML_104_01	207.59792	3.5
AML_108_01	Birinapant	Birinapant_AML_108_01	204.10254	0.0
AML_109_01	Birinapant	Birinapant_AML_109_01	205.6934	0.0
AML_110_01	Birinapant	Birinapant_AML_110_01	207.51741	1.6
AML_112_01	Birinapant	Birinapant_AML_112_01	205.562	2.7
AML_112_02	Birinapant	Birinapant_AML_112_02	209.5706	7.5
AML_113_01	Birinapant	Birinapant_AML_113_01	204.68947	2.1
AML_114_01	Birinapant	Birinapant_AML_114_01	206.1899	0.1
AML_115_01	Birinapant	Birinapant_AML_115_01	203.7974	6.6
AML_116_01	Birinapant	Birinapant_AML_116_01	204.94232	4.8
AML_117_01	Birinapant	Birinapant_AML_117_01	210.392	0.2
AML_119_01	Birinapant	Birinapant_AML_119_01	205.82039	8.1
AML_122_01	Birinapant	Birinapant_AML_122_01	209.44417	4.5
AML_123_01	Birinapant	Birinapant_AML_123_01	212.60548	3.8
AML_124_01	Birinapant	Birinapant_AML_124_01	209.46535	4.8
AML_125_01	Birinapant	Birinapant_AML_125_01	208.80893	5.6
AML_126_01	Birinapant	Birinapant_AML_126_01	209.24782	7.6
AML_127_01	Birinapant	Birinapant_AML_127_01	207.98418	7.5
AML_128_01	Birinapant	Birinapant_AML_128_01	211.25266	1.8
AML_131_01	Birinapant	Birinapant_AML_131_01	210.70018	3.7
AML_133_01	Birinapant	Birinapant_AML_133_01	207.88385	2.8
AML_134_01	Birinapant	Birinapant_AML_134_01	207.65326	0.0
AML_135_01	Birinapant	Birinapant_AML_135_01	208.05602	0.0
AML_138_01	Birinapant	Birinapant_AML_138_01	210.9636	1.9
AML_139_01	Birinapant	Birinapant_AML_139_01	215.41805	2.6
AML_140_01	Birinapant	Birinapant_AML_140_01	207.86392	1.9
AML_142_01	Birinapant	Birinapant_AML_142_01	206.83813	4.5
AML_143_01	Birinapant	Birinapant_AML_143_01	207.25143	8.9
AML_144_01	Birinapant	Birinapant_AML_144_01	213.75009	4.4
AML_146_01	Birinapant	Birinapant_AML_146_01	210.71265	4.9
AML_147_01	Birinapant	Birinapant_AML_147_01	208.34218	4.4
AML_151_01	Birinapant	Birinapant_AML_151_01	205.53683	6.7
AML_152_01	Birinapant	Birinapant_AML_152_01	208.70488	2.6
AML_153_01	Birinapant	Birinapant_AML_153_01	203.5164	0.0
AML_156_01	Birinapant	Birinapant_AML_156_01	206.95665	1.2
AML_157_01	Birinapant	Birinapant_AML_157_01	208.67807	10.3
AML_157_02	Birinapant	Birinapant_AML_157_02	208.73474	14.7
AML_158_01	Birinapant	Birinapant_AML_158_01	210.91577	4.6
AML_159_01	Birinapant	Birinapant_AML_159_01	210.31454	2.5
AML_160_01	Birinapant	Birinapant_AML_160_01	205.6941	10.8
AML_161_01	Birinapant	Birinapant_AML_161_01	203.73117	10.2
AML_183_01	Birinapant	Birinapant_AML_183_01	210.88828	1.0
AML_183_02	Birinapant	Birinapant_AML_183_02	207.19308	6.9
AML_183_03	Birinapant	Birinapant_AML_183_03	205.97777	0.8
AML_001_01	BMS-754807	BMS-754807_AML_001_01	216.97723	0.0
AML_001_03	BMS-754807	BMS-754807_AML_001_03	216.1498	5.8
AML_002_01	BMS-754807	BMS-754807_AML_002_01	217.26392	4.7
AML_003_02	BMS-754807	BMS-754807_AML_003_02	215.11217	18.2
AML_004_01	BMS-754807	BMS-754807_AML_004_01	215.94595	11.7
AML_006_02	BMS-754807	BMS-754807_AML_006_02	218.71867	6.0
AML_007_01	BMS-754807	BMS-754807_AML_007_01	217.2765	6.7
AML_007_02	BMS-754807	BMS-754807_AML_007_02	218.12082	4.3
AML_012_01	BMS-754807	BMS-754807_AML_012_01	209.24933	7.3
AML_013_01	BMS-754807	BMS-754807_AML_013_01	212.37892	23.6
AML_014_01	BMS-754807	BMS-754807_AML_014_01	215.68367	14.3
AML_015_01	BMS-754807	BMS-754807_AML_015_01	218.3537	6.3
AML_015_02	BMS-754807	BMS-754807_AML_015_02	216.10289	10.3
AML_015_03	BMS-754807	BMS-754807_AML_015_03	216.75314	16.1
AML_015_04	BMS-754807	BMS-754807_AML_015_04	215.71666	6.9
AML_018_01	BMS-754807	BMS-754807_AML_018_01	206.3841	17.3
AML_019_01	BMS-754807	BMS-754807_AML_019_01	213.99065	6.1
AML_020_01	BMS-754807	BMS-754807_AML_020_01	218.63692	5.8
AML_022_01	BMS-754807	BMS-754807_AML_022_01	212.54002	5.5
AML_023_01	BMS-754807	BMS-754807_AML_023_01	214.797	4.8
AML_023_03	BMS-754807	BMS-754807_AML_023_03	213.136	1.5
AML_023_04	BMS-754807	BMS-754807_AML_023_04	213.81097	8.3
AML_024_01	BMS-754807	BMS-754807_AML_024_01	216.973	12.2
AML_025_01	BMS-754807	BMS-754807_AML_025_01	220.43619	4.2
AML_026_01	BMS-754807	BMS-754807_AML_026_01	219.19524	3.7
AML_028_01	BMS-754807	BMS-754807_AML_028_01	215.17752	9.1
AML_028_04	BMS-754807	BMS-754807_AML_028_04	207.77934	10.3
AML_029_01	BMS-754807	BMS-754807_AML_029_01	216.44238	4.7
AML_030_01	BMS-754807	BMS-754807_AML_030_01	211.44147	3.4
AML_032_01	BMS-754807	BMS-754807_AML_032_01	218.38582	5.0
AML_033_01	BMS-754807	BMS-754807_AML_033_01	216.49318	15.1
AML_033_02	BMS-754807	BMS-754807_AML_033_02	209.35085	14.2
AML_035_02	BMS-754807	BMS-754807_AML_035_02	221.6692	7.7
AML_035_04	BMS-754807	BMS-754807_AML_035_04	216.61844	9.1
AML_036_01	BMS-754807	BMS-754807_AML_036_01	218.12708	6.2
AML_040_01	BMS-754807	BMS-754807_AML_040_01	214.85492	11.9
AML_041_01	BMS-754807	BMS-754807_AML_041_01	218.2041	3.3
AML_042_01	BMS-754807	BMS-754807_AML_042_01	216.48512	12.9
AML_043_02	BMS-754807	BMS-754807_AML_043_02	210.10486	11.3
AML_045_01	BMS-754807	BMS-754807_AML_045_01	217.28618	0.0
AML_046_01	BMS-754807	BMS-754807_AML_046_01	212.42625	25.5
AML_051_01	BMS-754807	BMS-754807_AML_051_01	213.67017	0.2
AML_052_01	BMS-754807	BMS-754807_AML_052_01	216.55226	16.2
AML_053_01	BMS-754807	BMS-754807_AML_053_01	223.67688	15.9
AML_054_01	BMS-754807	BMS-754807_AML_054_01	211.9108	20.3
AML_057_01	BMS-754807	BMS-754807_AML_057_01	215.72755	4.5
AML_058_01	BMS-754807	BMS-754807_AML_058_01	214.38957	9.6
AML_059_01	BMS-754807	BMS-754807_AML_059_01	215.16074	10.7
AML_060_01	BMS-754807	BMS-754807_AML_060_01	216.36647	13.8
AML_061_01	BMS-754807	BMS-754807_AML_061_01	215.97134	8.6
AML_062_01	BMS-754807	BMS-754807_AML_062_01	212.05966	4.0
AML_064_01	BMS-754807	BMS-754807_AML_064_01	215.00041	1.4
AML_065_01	BMS-754807	BMS-754807_AML_065_01	210.59344	6.1
AML_067_01	BMS-754807	BMS-754807_AML_067_01	214.1301	4.8
AML_070_01	BMS-754807	BMS-754807_AML_070_01	218.89452	3.5
AML_072_01	BMS-754807	BMS-754807_AML_072_01	219.25598	0.0
AML_073_01	BMS-754807	BMS-754807_AML_073_01	219.9004	2.6
AML_074_01	BMS-754807	BMS-754807_AML_074_01	216.6939	2.2
AML_075_01	BMS-754807	BMS-754807_AML_075_01	215.41801	11.8
AML_076_01	BMS-754807	BMS-754807_AML_076_01	217.43486	2.3
AML_076_02	BMS-754807	BMS-754807_AML_076_02	208.46892	4.2
AML_077_01	BMS-754807	BMS-754807_AML_077_01	219.6893	14.5
AML_078_02	BMS-754807	BMS-754807_AML_078_02	215.64513	8.2
AML_084_01	BMS-754807	BMS-754807_AML_084_01	210.37389	8.2
AML_086_02	BMS-754807	BMS-754807_AML_086_02	217.07793	5.8
AML_098_01	BMS-754807	BMS-754807_AML_098_01	215.05797	8.1
AML_100_01	BMS-754807	BMS-754807_AML_100_01	217.13173	2.9
AML_101_01	BMS-754807	BMS-754807_AML_101_01	209.77087	11.8
AML_101_02	BMS-754807	BMS-754807_AML_101_02	217.32162	2.5
AML_102_01	BMS-754807	BMS-754807_AML_102_01	213.79076	0.0
AML_103_01	BMS-754807	BMS-754807_AML_103_01	210.28502	2.8
AML_103_02	BMS-754807	BMS-754807_AML_103_02	204.48042	9.1
AML_104_01	BMS-754807	BMS-754807_AML_104_01	216.88036	2.3
AML_108_01	BMS-754807	BMS-754807_AML_108_01	211.52429	6.1
AML_109_01	BMS-754807	BMS-754807_AML_109_01	210.69902	7.8
AML_110_01	BMS-754807	BMS-754807_AML_110_01	216.14323	9.8
AML_112_01	BMS-754807	BMS-754807_AML_112_01	212.50914	4.6
AML_112_02	BMS-754807	BMS-754807_AML_112_02	215.59503	2.9
AML_113_01	BMS-754807	BMS-754807_AML_113_01	210.3337	11.1
AML_114_01	BMS-754807	BMS-754807_AML_114_01	213.70529	3.6
AML_115_01	BMS-754807	BMS-754807_AML_115_01	212.78003	4.9
AML_116_01	BMS-754807	BMS-754807_AML_116_01	213.37463	4.0
AML_117_01	BMS-754807	BMS-754807_AML_117_01	217.33026	5.2
AML_119_01	BMS-754807	BMS-754807_AML_119_01	212.44536	4.5
AML_120_01	BMS-754807	BMS-754807_AML_120_01	216.15875	8.1
AML_120_03	BMS-754807	BMS-754807_AML_120_03	217.67126	10.2
AML_122_01	BMS-754807	BMS-754807_AML_122_01	215.34663	4.3
AML_123_01	BMS-754807	BMS-754807_AML_123_01	220.22218	12.2
AML_124_01	BMS-754807	BMS-754807_AML_124_01	217.44524	20.7
AML_125_01	BMS-754807	BMS-754807_AML_125_01	216.73138	6.5
AML_126_01	BMS-754807	BMS-754807_AML_126_01	212.93199	10.7
AML_127_01	BMS-754807	BMS-754807_AML_127_01	215.3801	8.6
AML_128_01	BMS-754807	BMS-754807_AML_128_01	218.00769	6.6
AML_129_02	BMS-754807	BMS-754807_AML_129_02	215.80496	6.5
AML_129_03	BMS-754807	BMS-754807_AML_129_03	215.90515	0.4
AML_131_01	BMS-754807	BMS-754807_AML_131_01	216.57117	4.0
AML_133_01	BMS-754807	BMS-754807_AML_133_01	211.78697	0.0
AML_134_01	BMS-754807	BMS-754807_AML_134_01	213.18692	1.5
AML_135_01	BMS-754807	BMS-754807_AML_135_01	216.3363	18.1
AML_138_01	BMS-754807	BMS-754807_AML_138_01	218.66481	5.9
AML_139_01	BMS-754807	BMS-754807_AML_139_01	221.63641	4.4
AML_140_01	BMS-754807	BMS-754807_AML_140_01	214.94609	7.2
AML_142_01	BMS-754807	BMS-754807_AML_142_01	209.4213	3.4
AML_143_01	BMS-754807	BMS-754807_AML_143_01	215.86395	3.7
AML_144_01	BMS-754807	BMS-754807_AML_144_01	220.78851	10.2
AML_146_01	BMS-754807	BMS-754807_AML_146_01	217.82996	4.4
AML_147_01	BMS-754807	BMS-754807_AML_147_01	217.56276	3.6
AML_151_01	BMS-754807	BMS-754807_AML_151_01	211.69849	3.4
AML_152_01	BMS-754807	BMS-754807_AML_152_01	215.5129	8.5
AML_153_01	BMS-754807	BMS-754807_AML_153_01	210.22838	1.8
AML_156_01	BMS-754807	BMS-754807_AML_156_01	212.28706	10.4
AML_157_01	BMS-754807	BMS-754807_AML_157_01	216.19409	7.7
AML_157_02	BMS-754807	BMS-754807_AML_157_02	214.40337	6.2
AML_158_01	BMS-754807	BMS-754807_AML_158_01	218.5063	7.7
AML_159_01	BMS-754807	BMS-754807_AML_159_01	218.52414	11.5
AML_160_01	BMS-754807	BMS-754807_AML_160_01	213.46556	2.8
AML_161_01	BMS-754807	BMS-754807_AML_161_01	208.53873	16.1
AML_175_01	BMS-754807	BMS-754807_AML_175_01	216.22423	3.4
AML_179_01	BMS-754807	BMS-754807_AML_179_01	213.44434	4.8
AML_183_01	BMS-754807	BMS-754807_AML_183_01	218.36505	4.9
AML_183_02	BMS-754807	BMS-754807_AML_183_02	213.97255	4.3
AML_183_03	BMS-754807	BMS-754807_AML_183_03	212.55388	2.8
AML_184_01	BMS-754807	BMS-754807_AML_184_01	215.27412	7.9
AML_185_01	BMS-754807	BMS-754807_AML_185_01	220.0344	4.3
AML_001_01	Bosutinib	Bosutinib_AML_001_01	214.76872	8.2
AML_001_03	Bosutinib	Bosutinib_AML_001_03	218.09839	9.2
AML_002_01	Bosutinib	Bosutinib_AML_002_01	216.88443	11.4
AML_003_02	Bosutinib	Bosutinib_AML_003_02	217.39026	3.9
AML_004_01	Bosutinib	Bosutinib_AML_004_01	217.27666	8.5
AML_006_02	Bosutinib	Bosutinib_AML_006_02	220.24434	7.8
AML_007_01	Bosutinib	Bosutinib_AML_007_01	215.43959	9.9
AML_007_02	Bosutinib	Bosutinib_AML_007_02	219.1367	8.4
AML_012_01	Bosutinib	Bosutinib_AML_012_01	211.14482	9.5
AML_013_01	Bosutinib	Bosutinib_AML_013_01	214.9113	7.3
AML_014_01	Bosutinib	Bosutinib_AML_014_01	219.15767	10.4
AML_015_01	Bosutinib	Bosutinib_AML_015_01	220.78902	11.1
AML_015_02	Bosutinib	Bosutinib_AML_015_02	217.71362	14.5
AML_015_03	Bosutinib	Bosutinib_AML_015_03	218.23451	16.9
AML_015_04	Bosutinib	Bosutinib_AML_015_04	214.58383	20.2
AML_018_01	Bosutinib	Bosutinib_AML_018_01	206.90945	15.3
AML_019_01	Bosutinib	Bosutinib_AML_019_01	215.67896	10.7
AML_020_01	Bosutinib	Bosutinib_AML_020_01	217.80925	7.0
AML_022_01	Bosutinib	Bosutinib_AML_022_01	211.46724	10.4
AML_023_01	Bosutinib	Bosutinib_AML_023_01	213.41876	11.5
AML_023_03	Bosutinib	Bosutinib_AML_023_03	209.83073	10.9
AML_023_04	Bosutinib	Bosutinib_AML_023_04	211.15727	9.7
AML_024_01	Bosutinib	Bosutinib_AML_024_01	218.43227	4.6
AML_025_01	Bosutinib	Bosutinib_AML_025_01	223.03056	9.1
AML_026_01	Bosutinib	Bosutinib_AML_026_01	220.78708	7.1
AML_028_01	Bosutinib	Bosutinib_AML_028_01	215.97949	6.9
AML_028_04	Bosutinib	Bosutinib_AML_028_04	206.18872	11.0
AML_029_01	Bosutinib	Bosutinib_AML_029_01	216.85565	8.6
AML_030_01	Bosutinib	Bosutinib_AML_030_01	209.01294	8.0
AML_032_01	Bosutinib	Bosutinib_AML_032_01	221.82747	7.9
AML_033_01	Bosutinib	Bosutinib_AML_033_01	218.48082	9.8
AML_033_02	Bosutinib	Bosutinib_AML_033_02	210.1042	9.7
AML_035_02	Bosutinib	Bosutinib_AML_035_02	225.8853	8.1
AML_035_04	Bosutinib	Bosutinib_AML_035_04	219.395	8.5
AML_036_01	Bosutinib	Bosutinib_AML_036_01	217.68188	7.7
AML_040_01	Bosutinib	Bosutinib_AML_040_01	215.07607	15.2
AML_041_01	Bosutinib	Bosutinib_AML_041_01	217.80045	9.0
AML_042_01	Bosutinib	Bosutinib_AML_042_01	216.80571	9.7
AML_043_02	Bosutinib	Bosutinib_AML_043_02	213.35419	9.7
AML_045_01	Bosutinib	Bosutinib_AML_045_01	220.67722	4.5
AML_046_01	Bosutinib	Bosutinib_AML_046_01	212.33846	12.9
AML_051_01	Bosutinib	Bosutinib_AML_051_01	211.31328	3.9
AML_052_01	Bosutinib	Bosutinib_AML_052_01	218.73106	8.2
AML_053_01	Bosutinib	Bosutinib_AML_053_01	228.5076	7.4
AML_054_01	Bosutinib	Bosutinib_AML_054_01	213.32576	3.8
AML_057_01	Bosutinib	Bosutinib_AML_057_01	214.59103	11.8
AML_058_01	Bosutinib	Bosutinib_AML_058_01	216.63156	7.7
AML_059_01	Bosutinib	Bosutinib_AML_059_01	214.52762	8.6
AML_060_01	Bosutinib	Bosutinib_AML_060_01	218.02882	3.8
AML_061_01	Bosutinib	Bosutinib_AML_061_01	216.33138	4.2
AML_062_01	Bosutinib	Bosutinib_AML_062_01	209.70586	14.1
AML_064_01	Bosutinib	Bosutinib_AML_064_01	215.2519	5.4
AML_065_01	Bosutinib	Bosutinib_AML_065_01	205.8906	11.9
AML_067_01	Bosutinib	Bosutinib_AML_067_01	210.04883	12.1
AML_070_01	Bosutinib	Bosutinib_AML_070_01	220.09271	9.4
AML_072_01	Bosutinib	Bosutinib_AML_072_01	223.09462	4.6
AML_073_01	Bosutinib	Bosutinib_AML_073_01	222.0065	10.9
AML_074_01	Bosutinib	Bosutinib_AML_074_01	215.74182	8.7
AML_075_01	Bosutinib	Bosutinib_AML_075_01	216.68773	6.4
AML_076_01	Bosutinib	Bosutinib_AML_076_01	218.09935	9.8
AML_076_02	Bosutinib	Bosutinib_AML_076_02	205.41638	13.0
AML_077_01	Bosutinib	Bosutinib_AML_077_01	222.37321	10.4
AML_078_02	Bosutinib	Bosutinib_AML_078_02	214.10037	8.1
AML_084_01	Bosutinib	Bosutinib_AML_084_01	209.2639	13.5
AML_086_02	Bosutinib	Bosutinib_AML_086_02	216.1585	10.9
AML_098_01	Bosutinib	Bosutinib_AML_098_01	213.82591	5.8
AML_100_01	Bosutinib	Bosutinib_AML_100_01	217.62454	8.2
AML_101_01	Bosutinib	Bosutinib_AML_101_01	209.7795	9.3
AML_101_02	Bosutinib	Bosutinib_AML_101_02	220.07764	7.7
AML_102_01	Bosutinib	Bosutinib_AML_102_01	208.14516	8.0
AML_103_01	Bosutinib	Bosutinib_AML_103_01	205.20912	9.1
AML_103_02	Bosutinib	Bosutinib_AML_103_02	201.96997	8.3
AML_104_01	Bosutinib	Bosutinib_AML_104_01	212.20056	6.9
AML_108_01	Bosutinib	Bosutinib_AML_108_01	207.82901	10.4
AML_109_01	Bosutinib	Bosutinib_AML_109_01	209.9438	9.1
AML_110_01	Bosutinib	Bosutinib_AML_110_01	215.05324	11.2
AML_112_01	Bosutinib	Bosutinib_AML_112_01	208.27307	10.2
AML_112_02	Bosutinib	Bosutinib_AML_112_02	213.38289	9.5
AML_113_01	Bosutinib	Bosutinib_AML_113_01	211.06699	11.2
AML_114_01	Bosutinib	Bosutinib_AML_114_01	208.23906	5.9
AML_115_01	Bosutinib	Bosutinib_AML_115_01	206.20622	16.7
AML_116_01	Bosutinib	Bosutinib_AML_116_01	211.78868	9.2
AML_117_01	Bosutinib	Bosutinib_AML_117_01	215.4123	9.7
AML_119_01	Bosutinib	Bosutinib_AML_119_01	207.7667	8.1
AML_120_01	Bosutinib	Bosutinib_AML_120_01	217.0033	11.2
AML_120_03	Bosutinib	Bosutinib_AML_120_03	218.90923	11.3
AML_122_01	Bosutinib	Bosutinib_AML_122_01	216.98232	5.2
AML_123_01	Bosutinib	Bosutinib_AML_123_01	221.58496	11.0
AML_124_01	Bosutinib	Bosutinib_AML_124_01	217.19482	11.9
AML_125_01	Bosutinib	Bosutinib_AML_125_01	216.31537	7.9
AML_126_01	Bosutinib	Bosutinib_AML_126_01	213.49425	8.6
AML_127_01	Bosutinib	Bosutinib_AML_127_01	213.81229	8.9
AML_128_01	Bosutinib	Bosutinib_AML_128_01	221.02718	9.3
AML_129_02	Bosutinib	Bosutinib_AML_129_02	214.67764	11.6
AML_129_03	Bosutinib	Bosutinib_AML_129_03	215.81097	11.4
AML_131_01	Bosutinib	Bosutinib_AML_131_01	216.40036	5.8
AML_133_01	Bosutinib	Bosutinib_AML_133_01	214.28302	6.8
AML_134_01	Bosutinib	Bosutinib_AML_134_01	212.93623	5.1
AML_135_01	Bosutinib	Bosutinib_AML_135_01	213.87053	13.3
AML_138_01	Bosutinib	Bosutinib_AML_138_01	221.3996	9.7
AML_139_01	Bosutinib	Bosutinib_AML_139_01	228.5218	9.5
AML_140_01	Bosutinib	Bosutinib_AML_140_01	213.70389	9.1
AML_142_01	Bosutinib	Bosutinib_AML_142_01	211.0406	8.8
AML_143_01	Bosutinib	Bosutinib_AML_143_01	216.40666	4.7
AML_144_01	Bosutinib	Bosutinib_AML_144_01	225.7147	7.2
AML_146_01	Bosutinib	Bosutinib_AML_146_01	220.01105	5.6
AML_147_01	Bosutinib	Bosutinib_AML_147_01	215.6809	10.0
AML_151_01	Bosutinib	Bosutinib_AML_151_01	209.52359	9.5
AML_152_01	Bosutinib	Bosutinib_AML_152_01	214.8498	9.2
AML_153_01	Bosutinib	Bosutinib_AML_153_01	208.52734	5.9
AML_156_01	Bosutinib	Bosutinib_AML_156_01	210.60474	10.0
AML_157_01	Bosutinib	Bosutinib_AML_157_01	220.1309	11.3
AML_157_02	Bosutinib	Bosutinib_AML_157_02	217.64977	11.6
AML_158_01	Bosutinib	Bosutinib_AML_158_01	218.46538	9.6
AML_159_01	Bosutinib	Bosutinib_AML_159_01	218.34839	12.2
AML_160_01	Bosutinib	Bosutinib_AML_160_01	209.8946	10.4
AML_161_01	Bosutinib	Bosutinib_AML_161_01	206.77155	12.5
AML_175_01	Bosutinib	Bosutinib_AML_175_01	215.27818	8.6
AML_179_01	Bosutinib	Bosutinib_AML_179_01	213.56567	11.1
AML_183_01	Bosutinib	Bosutinib_AML_183_01	218.6435	5.6
AML_183_02	Bosutinib	Bosutinib_AML_183_02	212.95476	9.8
AML_183_03	Bosutinib	Bosutinib_AML_183_03	211.55331	9.9
AML_184_01	Bosutinib	Bosutinib_AML_184_01	213.32747	11.3
AML_185_01	Bosutinib	Bosutinib_AML_185_01	222.0654	8.9
AML_001_03	Cabozantinib	Cabozantinib_AML_001_03	206.77963	0.0
AML_003_02	Cabozantinib	Cabozantinib_AML_003_02	200.60727	0.0
AML_004_01	Cabozantinib	Cabozantinib_AML_004_01	203.3045	5.3
AML_006_02	Cabozantinib	Cabozantinib_AML_006_02	209.3249	0.0
AML_007_01	Cabozantinib	Cabozantinib_AML_007_01	205.69691	0.0
AML_007_02	Cabozantinib	Cabozantinib_AML_007_02	206.43399	0.0
AML_012_01	Cabozantinib	Cabozantinib_AML_012_01	185.79195	15.2
AML_013_01	Cabozantinib	Cabozantinib_AML_013_01	194.24933	16.4
AML_014_01	Cabozantinib	Cabozantinib_AML_014_01	205.39728	0.2
AML_015_01	Cabozantinib	Cabozantinib_AML_015_01	205.22955	10.6
AML_015_02	Cabozantinib	Cabozantinib_AML_015_02	205.65178	9.3
AML_015_03	Cabozantinib	Cabozantinib_AML_015_03	198.68253	9.6
AML_015_04	Cabozantinib	Cabozantinib_AML_015_04	193.39818	19.1
AML_018_01	Cabozantinib	Cabozantinib_AML_018_01	184.70358	13.4
AML_019_01	Cabozantinib	Cabozantinib_AML_019_01	201.77708	1.7
AML_020_01	Cabozantinib	Cabozantinib_AML_020_01	201.81357	0.0
AML_023_04	Cabozantinib	Cabozantinib_AML_023_04	196.15976	4.4
AML_024_01	Cabozantinib	Cabozantinib_AML_024_01	202.38947	0.0
AML_025_01	Cabozantinib	Cabozantinib_AML_025_01	211.7916	0.9
AML_026_01	Cabozantinib	Cabozantinib_AML_026_01	209.15776	0.0
AML_028_01	Cabozantinib	Cabozantinib_AML_028_01	200.96272	6.8
AML_028_04	Cabozantinib	Cabozantinib_AML_028_04	186.6307	24.1
AML_029_01	Cabozantinib	Cabozantinib_AML_029_01	206.51535	0.0
AML_030_01	Cabozantinib	Cabozantinib_AML_030_01	197.50728	0.0
AML_032_01	Cabozantinib	Cabozantinib_AML_032_01	206.15872	0.0
AML_033_01	Cabozantinib	Cabozantinib_AML_033_01	200.83401	3.9
AML_033_02	Cabozantinib	Cabozantinib_AML_033_02	181.91466	6.0
AML_035_02	Cabozantinib	Cabozantinib_AML_035_02	212.03833	0.0
AML_035_04	Cabozantinib	Cabozantinib_AML_035_04	200.96663	0.0
AML_036_01	Cabozantinib	Cabozantinib_AML_036_01	201.96632	0.0
AML_040_01	Cabozantinib	Cabozantinib_AML_040_01	196.8619	5.4
AML_041_01	Cabozantinib	Cabozantinib_AML_041_01	206.78854	3.1
AML_042_01	Cabozantinib	Cabozantinib_AML_042_01	206.2832	4.2
AML_043_02	Cabozantinib	Cabozantinib_AML_043_02	188.21371	0.0
AML_045_01	Cabozantinib	Cabozantinib_AML_045_01	207.3162	0.0
AML_046_01	Cabozantinib	Cabozantinib_AML_046_01	188.77888	25.9
AML_051_01	Cabozantinib	Cabozantinib_AML_051_01	195.2086	1.3
AML_052_01	Cabozantinib	Cabozantinib_AML_052_01	205.38489	0.0
AML_053_01	Cabozantinib	Cabozantinib_AML_053_01	217.21312	4.8
AML_054_01	Cabozantinib	Cabozantinib_AML_054_01	190.90437	11.9
AML_057_01	Cabozantinib	Cabozantinib_AML_057_01	201.83154	4.3
AML_058_01	Cabozantinib	Cabozantinib_AML_058_01	199.1504	1.8
AML_059_01	Cabozantinib	Cabozantinib_AML_059_01	197.89813	2.1
AML_060_01	Cabozantinib	Cabozantinib_AML_060_01	200.88147	0.9
AML_061_01	Cabozantinib	Cabozantinib_AML_061_01	201.05159	0.7
AML_062_01	Cabozantinib	Cabozantinib_AML_062_01	191.9861	7.8
AML_064_01	Cabozantinib	Cabozantinib_AML_064_01	202.65585	1.5
AML_065_01	Cabozantinib	Cabozantinib_AML_065_01	188.48953	5.2
AML_067_01	Cabozantinib	Cabozantinib_AML_067_01	196.53079	7.1
AML_070_01	Cabozantinib	Cabozantinib_AML_070_01	211.2535	2.9
AML_072_01	Cabozantinib	Cabozantinib_AML_072_01	210.58258	0.0
AML_073_01	Cabozantinib	Cabozantinib_AML_073_01	207.00095	2.4
AML_074_01	Cabozantinib	Cabozantinib_AML_074_01	204.2153	1.1
AML_075_01	Cabozantinib	Cabozantinib_AML_075_01	206.35764	0.6
AML_076_01	Cabozantinib	Cabozantinib_AML_076_01	205.0001	0.0
AML_076_02	Cabozantinib	Cabozantinib_AML_076_02	187.1408	4.2
AML_077_01	Cabozantinib	Cabozantinib_AML_077_01	209.44202	0.0
AML_078_02	Cabozantinib	Cabozantinib_AML_078_02	203.24078	0.0
AML_084_01	Cabozantinib	Cabozantinib_AML_084_01	194.1658	12.8
AML_086_02	Cabozantinib	Cabozantinib_AML_086_02	201.54367	0.8
AML_098_01	Cabozantinib	Cabozantinib_AML_098_01	200.14119	0.0
AML_100_01	Cabozantinib	Cabozantinib_AML_100_01	204.02734	0.4
AML_101_01	Cabozantinib	Cabozantinib_AML_101_01	191.90128	11.3
AML_101_02	Cabozantinib	Cabozantinib_AML_101_02	205.9121	0.0
AML_102_01	Cabozantinib	Cabozantinib_AML_102_01	194.1528	0.0
AML_103_01	Cabozantinib	Cabozantinib_AML_103_01	189.15332	0.0
AML_103_02	Cabozantinib	Cabozantinib_AML_103_02	179.88461	3.6
AML_104_01	Cabozantinib	Cabozantinib_AML_104_01	197.9064	0.0
AML_108_01	Cabozantinib	Cabozantinib_AML_108_01	192.3998	2.5
AML_109_01	Cabozantinib	Cabozantinib_AML_109_01	194.24054	0.0
AML_110_01	Cabozantinib	Cabozantinib_AML_110_01	200.83426	3.1
AML_112_01	Cabozantinib	Cabozantinib_AML_112_01	194.90753	0.2
AML_112_02	Cabozantinib	Cabozantinib_AML_112_02	200.55505	1.0
AML_113_01	Cabozantinib	Cabozantinib_AML_113_01	192.59662	0.0
AML_114_01	Cabozantinib	Cabozantinib_AML_114_01	194.5108	0.0
AML_115_01	Cabozantinib	Cabozantinib_AML_115_01	188.55148	3.2
AML_116_01	Cabozantinib	Cabozantinib_AML_116_01	200.1583	0.0
AML_117_01	Cabozantinib	Cabozantinib_AML_117_01	203.98662	0.0
AML_119_01	Cabozantinib	Cabozantinib_AML_119_01	193.11597	0.0
AML_120_03	Cabozantinib	Cabozantinib_AML_120_03	205.78351	10.2
AML_122_01	Cabozantinib	Cabozantinib_AML_122_01	204.18486	0.0
AML_123_01	Cabozantinib	Cabozantinib_AML_123_01	210.4681	4.9
AML_124_01	Cabozantinib	Cabozantinib_AML_124_01	205.83542	2.5
AML_125_01	Cabozantinib	Cabozantinib_AML_125_01	202.74773	0.0
AML_126_01	Cabozantinib	Cabozantinib_AML_126_01	204.43146	2.3
AML_127_01	Cabozantinib	Cabozantinib_AML_127_01	198.77197	0.0
AML_128_01	Cabozantinib	Cabozantinib_AML_128_01	209.30077	0.1
AML_131_01	Cabozantinib	Cabozantinib_AML_131_01	201.66971	0.0
AML_133_01	Cabozantinib	Cabozantinib_AML_133_01	191.59341	1.9
AML_134_01	Cabozantinib	Cabozantinib_AML_134_01	200.71663	0.0
AML_135_01	Cabozantinib	Cabozantinib_AML_135_01	197.13103	2.1
AML_138_01	Cabozantinib	Cabozantinib_AML_138_01	205.40463	1.5
AML_139_01	Cabozantinib	Cabozantinib_AML_139_01	211.39565	2.1
AML_140_01	Cabozantinib	Cabozantinib_AML_140_01	199.22922	0.0
AML_142_01	Cabozantinib	Cabozantinib_AML_142_01	186.79341	10.0
AML_143_01	Cabozantinib	Cabozantinib_AML_143_01	203.7193	0.0
AML_144_01	Cabozantinib	Cabozantinib_AML_144_01	213.44867	0.0
AML_146_01	Cabozantinib	Cabozantinib_AML_146_01	210.12868	0.0
AML_147_01	Cabozantinib	Cabozantinib_AML_147_01	201.4599	6.3
AML_151_01	Cabozantinib	Cabozantinib_AML_151_01	189.87242	1.0
AML_152_01	Cabozantinib	Cabozantinib_AML_152_01	197.78456	0.0
AML_153_01	Cabozantinib	Cabozantinib_AML_153_01	193.23654	0.7
AML_156_01	Cabozantinib	Cabozantinib_AML_156_01	194.56354	0.0
AML_157_01	Cabozantinib	Cabozantinib_AML_157_01	201.81477	5.5
AML_157_02	Cabozantinib	Cabozantinib_AML_157_02	200.78685	6.7
AML_158_01	Cabozantinib	Cabozantinib_AML_158_01	207.18028	0.0
AML_159_01	Cabozantinib	Cabozantinib_AML_159_01	205.8146	1.1
AML_160_01	Cabozantinib	Cabozantinib_AML_160_01	192.3418	2.2
AML_161_01	Cabozantinib	Cabozantinib_AML_161_01	185.36281	0.0
AML_175_01	Cabozantinib	Cabozantinib_AML_175_01	203.09996	0.0
AML_183_01	Cabozantinib	Cabozantinib_AML_183_01	208.87283	0.0
AML_183_02	Cabozantinib	Cabozantinib_AML_183_02	201.65945	0.0
AML_183_03	Cabozantinib	Cabozantinib_AML_183_03	196.59203	0.0
AML_001_01	Canertinib	Canertinib_AML_001_01	219.64082	8.0
AML_001_03	Canertinib	Canertinib_AML_001_03	224.19087	9.2
AML_002_01	Canertinib	Canertinib_AML_002_01	215.24991	12.8
AML_003_02	Canertinib	Canertinib_AML_003_02	215.7151	8.1
AML_004_01	Canertinib	Canertinib_AML_004_01	221.5592	9.4
AML_006_02	Canertinib	Canertinib_AML_006_02	224.45169	7.9
AML_007_01	Canertinib	Canertinib_AML_007_01	224.21025	6.7
AML_007_02	Canertinib	Canertinib_AML_007_02	225.26257	7.3
AML_012_01	Canertinib	Canertinib_AML_012_01	204.2844	12.6
AML_013_01	Canertinib	Canertinib_AML_013_01	210.8256	11.4
AML_014_01	Canertinib	Canertinib_AML_014_01	221.27074	10.5
AML_015_01	Canertinib	Canertinib_AML_015_01	221.71222	9.7
AML_015_02	Canertinib	Canertinib_AML_015_02	220.68808	8.3
AML_015_03	Canertinib	Canertinib_AML_015_03	220.58118	11.7
AML_015_04	Canertinib	Canertinib_AML_015_04	213.40077	16.8
AML_018_01	Canertinib	Canertinib_AML_018_01	205.73466	13.6
AML_019_01	Canertinib	Canertinib_AML_019_01	214.49033	10.3
AML_020_01	Canertinib	Canertinib_AML_020_01	215.9577	9.0
AML_022_01	Canertinib	Canertinib_AML_022_01	218.4313	5.0
AML_023_01	Canertinib	Canertinib_AML_023_01	222.31578	12.0
AML_023_03	Canertinib	Canertinib_AML_023_03	218.41515	10.4
AML_023_04	Canertinib	Canertinib_AML_023_04	217.57837	11.0
AML_024_01	Canertinib	Canertinib_AML_024_01	216.54219	9.4
AML_025_01	Canertinib	Canertinib_AML_025_01	225.14308	9.2
AML_026_01	Canertinib	Canertinib_AML_026_01	227.32222	6.1
AML_028_01	Canertinib	Canertinib_AML_028_01	218.91513	9.9
AML_028_04	Canertinib	Canertinib_AML_028_04	205.10619	15.1
AML_029_01	Canertinib	Canertinib_AML_029_01	222.21573	9.7
AML_030_01	Canertinib	Canertinib_AML_030_01	218.65155	8.3
AML_032_01	Canertinib	Canertinib_AML_032_01	221.18692	7.3
AML_033_01	Canertinib	Canertinib_AML_033_01	217.21779	9.7
AML_033_02	Canertinib	Canertinib_AML_033_02	203.27565	10.5
AML_035_02	Canertinib	Canertinib_AML_035_02	225.47246	7.1
AML_035_04	Canertinib	Canertinib_AML_035_04	216.22888	9.7
AML_036_01	Canertinib	Canertinib_AML_036_01	224.68114	11.2
AML_040_01	Canertinib	Canertinib_AML_040_01	219.35182	11.5
AML_041_01	Canertinib	Canertinib_AML_041_01	225.50789	3.9
AML_042_01	Canertinib	Canertinib_AML_042_01	223.372	9.9
AML_043_02	Canertinib	Canertinib_AML_043_02	206.63666	9.9
AML_045_01	Canertinib	Canertinib_AML_045_01	223.8284	6.2
AML_046_01	Canertinib	Canertinib_AML_046_01	210.66016	19.1
AML_051_01	Canertinib	Canertinib_AML_051_01	215.44327	6.9
AML_052_01	Canertinib	Canertinib_AML_052_01	220.36115	16.2
AML_053_01	Canertinib	Canertinib_AML_053_01	229.90154	8.8
AML_054_01	Canertinib	Canertinib_AML_054_01	209.83257	15.1
AML_057_01	Canertinib	Canertinib_AML_057_01	223.3282	8.9
AML_058_01	Canertinib	Canertinib_AML_058_01	220.45195	8.5
AML_059_01	Canertinib	Canertinib_AML_059_01	218.62825	11.6
AML_060_01	Canertinib	Canertinib_AML_060_01	216.13214	11.3
AML_061_01	Canertinib	Canertinib_AML_061_01	218.64017	9.1
AML_062_01	Canertinib	Canertinib_AML_062_01	217.365	13.2
AML_064_01	Canertinib	Canertinib_AML_064_01	222.6932	4.9
AML_065_01	Canertinib	Canertinib_AML_065_01	214.041	11.1
AML_067_01	Canertinib	Canertinib_AML_067_01	220.69626	12.7
AML_070_01	Canertinib	Canertinib_AML_070_01	225.42542	10.1
AML_072_01	Canertinib	Canertinib_AML_072_01	223.44722	14.3
AML_073_01	Canertinib	Canertinib_AML_073_01	222.96336	8.9
AML_074_01	Canertinib	Canertinib_AML_074_01	223.96964	9.8
AML_075_01	Canertinib	Canertinib_AML_075_01	222.5976	11.7
AML_076_01	Canertinib	Canertinib_AML_076_01	223.11964	9.4
AML_076_02	Canertinib	Canertinib_AML_076_02	208.90518	10.3
AML_077_01	Canertinib	Canertinib_AML_077_01	222.81387	10.3
AML_078_02	Canertinib	Canertinib_AML_078_02	223.33925	9.9
AML_084_01	Canertinib	Canertinib_AML_084_01	214.61597	13.9
AML_086_02	Canertinib	Canertinib_AML_086_02	218.01413	11.1
AML_098_01	Canertinib	Canertinib_AML_098_01	221.4666	7.8
AML_100_01	Canertinib	Canertinib_AML_100_01	224.58688	8.7
AML_101_01	Canertinib	Canertinib_AML_101_01	210.3572	10.4
AML_101_02	Canertinib	Canertinib_AML_101_02	219.14899	8.8
AML_102_01	Canertinib	Canertinib_AML_102_01	219.27037	8.9
AML_103_01	Canertinib	Canertinib_AML_103_01	216.80876	6.5
AML_103_02	Canertinib	Canertinib_AML_103_02	199.23135	11.0
AML_104_01	Canertinib	Canertinib_AML_104_01	222.40167	8.8
AML_108_01	Canertinib	Canertinib_AML_108_01	220.02277	10.5
AML_109_01	Canertinib	Canertinib_AML_109_01	210.4956	8.7
AML_110_01	Canertinib	Canertinib_AML_110_01	220.72726	11.1
AML_112_01	Canertinib	Canertinib_AML_112_01	220.812	9.3
AML_112_02	Canertinib	Canertinib_AML_112_02	222.78137	10.2
AML_113_01	Canertinib	Canertinib_AML_113_01	211.10123	18.4
AML_114_01	Canertinib	Canertinib_AML_114_01	218.66408	5.5
AML_115_01	Canertinib	Canertinib_AML_115_01	214.33563	13.1
AML_116_01	Canertinib	Canertinib_AML_116_01	219.10825	10.4
AML_117_01	Canertinib	Canertinib_AML_117_01	222.63197	8.8
AML_119_01	Canertinib	Canertinib_AML_119_01	219.83513	8.5
AML_120_01	Canertinib	Canertinib_AML_120_01	221.29063	7.4
AML_120_03	Canertinib	Canertinib_AML_120_03	221.57196	8.4
AML_122_01	Canertinib	Canertinib_AML_122_01	224.05435	9.3
AML_123_01	Canertinib	Canertinib_AML_123_01	226.33264	9.6
AML_124_01	Canertinib	Canertinib_AML_124_01	222.24579	12.3
AML_125_01	Canertinib	Canertinib_AML_125_01	219.02097	5.4
AML_126_01	Canertinib	Canertinib_AML_126_01	220.57043	13.2
AML_127_01	Canertinib	Canertinib_AML_127_01	222.37811	10.6
AML_128_01	Canertinib	Canertinib_AML_128_01	223.21056	10.7
AML_129_02	Canertinib	Canertinib_AML_129_02	219.4486	9.0
AML_129_03	Canertinib	Canertinib_AML_129_03	218.62521	9.6
AML_131_01	Canertinib	Canertinib_AML_131_01	223.56711	10.5
AML_133_01	Canertinib	Canertinib_AML_133_01	209.12788	12.5
AML_134_01	Canertinib	Canertinib_AML_134_01	210.62712	9.3
AML_135_01	Canertinib	Canertinib_AML_135_01	217.19908	8.5
AML_138_01	Canertinib	Canertinib_AML_138_01	219.69313	9.6
AML_139_01	Canertinib	Canertinib_AML_139_01	226.45274	11.4
AML_140_01	Canertinib	Canertinib_AML_140_01	220.55511	8.5
AML_142_01	Canertinib	Canertinib_AML_142_01	205.34172	14.5
AML_143_01	Canertinib	Canertinib_AML_143_01	220.00461	8.1
AML_144_01	Canertinib	Canertinib_AML_144_01	226.4876	10.3
AML_146_01	Canertinib	Canertinib_AML_146_01	222.67365	10.0
AML_147_01	Canertinib	Canertinib_AML_147_01	222.11063	6.1
AML_151_01	Canertinib	Canertinib_AML_151_01	214.91875	15.0
AML_152_01	Canertinib	Canertinib_AML_152_01	219.11342	9.9
AML_153_01	Canertinib	Canertinib_AML_153_01	205.38684	8.8
AML_156_01	Canertinib	Canertinib_AML_156_01	213.24748	11.2
AML_157_01	Canertinib	Canertinib_AML_157_01	221.38828	13.1
AML_157_02	Canertinib	Canertinib_AML_157_02	219.44081	13.4
AML_158_01	Canertinib	Canertinib_AML_158_01	223.16747	9.8
AML_159_01	Canertinib	Canertinib_AML_159_01	221.41487	9.7
AML_160_01	Canertinib	Canertinib_AML_160_01	214.94417	11.5
AML_161_01	Canertinib	Canertinib_AML_161_01	205.2252	10.1
AML_175_01	Canertinib	Canertinib_AML_175_01	226.0153	8.7
AML_179_01	Canertinib	Canertinib_AML_179_01	212.23692	10.0
AML_183_01	Canertinib	Canertinib_AML_183_01	225.98567	7.4
AML_183_02	Canertinib	Canertinib_AML_183_02	221.31354	9.0
AML_183_03	Canertinib	Canertinib_AML_183_03	219.75858	6.5
AML_184_01	Canertinib	Canertinib_AML_184_01	223.3215	11.2
AML_185_01	Canertinib	Canertinib_AML_185_01	220.70572	7.5
AML_001_01	Cediranib	Cediranib_AML_001_01	243.80266	4.5
AML_001_03	Cediranib	Cediranib_AML_001_03	238.92116	0.0
AML_002_01	Cediranib	Cediranib_AML_002_01	247.31346	8.4
AML_003_02	Cediranib	Cediranib_AML_003_02	240.98897	0.0
AML_004_01	Cediranib	Cediranib_AML_004_01	244.94807	0.0
AML_006_02	Cediranib	Cediranib_AML_006_02	244.1784	0.1
AML_007_01	Cediranib	Cediranib_AML_007_01	235.72617	1.9
AML_007_02	Cediranib	Cediranib_AML_007_02	236.6257	0.0
AML_012_01	Cediranib	Cediranib_AML_012_01	244.22903	0.0
AML_013_01	Cediranib	Cediranib_AML_013_01	247.83824	0.0
AML_014_01	Cediranib	Cediranib_AML_014_01	244.62122	0.0
AML_015_01	Cediranib	Cediranib_AML_015_01	247.85275	7.8
AML_015_02	Cediranib	Cediranib_AML_015_02	235.93074	10.2
AML_015_03	Cediranib	Cediranib_AML_015_03	242.01959	9.6
AML_015_04	Cediranib	Cediranib_AML_015_04	244.47298	19.4
AML_018_01	Cediranib	Cediranib_AML_018_01	234.27007	5.9
AML_019_01	Cediranib	Cediranib_AML_019_01	243.31607	0.0
AML_020_01	Cediranib	Cediranib_AML_020_01	247.25267	0.0
AML_022_01	Cediranib	Cediranib_AML_022_01	231.99118	5.0
AML_023_01	Cediranib	Cediranib_AML_023_01	234.99055	10.5
AML_023_03	Cediranib	Cediranib_AML_023_03	234.19376	6.3
AML_023_04	Cediranib	Cediranib_AML_023_04	234.83287	0.5
AML_024_01	Cediranib	Cediranib_AML_024_01	249.82153	0.0
AML_025_01	Cediranib	Cediranib_AML_025_01	245.17769	0.0
AML_026_01	Cediranib	Cediranib_AML_026_01	246.19466	0.0
AML_028_01	Cediranib	Cediranib_AML_028_01	246.45656	0.0
AML_028_04	Cediranib	Cediranib_AML_028_04	237.29553	0.0
AML_029_01	Cediranib	Cediranib_AML_029_01	239.23749	0.4
AML_030_01	Cediranib	Cediranib_AML_030_01	233.62498	0.0
AML_032_01	Cediranib	Cediranib_AML_032_01	247.37936	0.0
AML_033_01	Cediranib	Cediranib_AML_033_01	244.00134	0.0
AML_033_02	Cediranib	Cediranib_AML_033_02	246.19278	0.2
AML_035_02	Cediranib	Cediranib_AML_035_02	249.07591	0.0
AML_035_04	Cediranib	Cediranib_AML_035_04	246.39384	0.0
AML_036_01	Cediranib	Cediranib_AML_036_01	242.29071	0.0
AML_040_01	Cediranib	Cediranib_AML_040_01	242.357	0.0
AML_041_01	Cediranib	Cediranib_AML_041_01	237.22998	0.0
AML_042_01	Cediranib	Cediranib_AML_042_01	236.47726	0.0
AML_043_02	Cediranib	Cediranib_AML_043_02	245.50215	5.0
AML_045_01	Cediranib	Cediranib_AML_045_01	245.49069	0.1
AML_046_01	Cediranib	Cediranib_AML_046_01	243.07991	0.0
AML_051_01	Cediranib	Cediranib_AML_051_01	240.1924	0.0
AML_052_01	Cediranib	Cediranib_AML_052_01	250.27266	0.0
AML_053_01	Cediranib	Cediranib_AML_053_01	250.50961	0.1
AML_054_01	Cediranib	Cediranib_AML_054_01	245.93015	0.0
AML_057_01	Cediranib	Cediranib_AML_057_01	237.67775	1.0
AML_058_01	Cediranib	Cediranib_AML_058_01	243.19345	0.0
AML_059_01	Cediranib	Cediranib_AML_059_01	243.90718	0.1
AML_060_01	Cediranib	Cediranib_AML_060_01	248.11516	0.0
AML_061_01	Cediranib	Cediranib_AML_061_01	241.18944	0.0
AML_062_01	Cediranib	Cediranib_AML_062_01	231.10164	0.0
AML_064_01	Cediranib	Cediranib_AML_064_01	231.2308	0.0
AML_065_01	Cediranib	Cediranib_AML_065_01	232.37474	0.0
AML_067_01	Cediranib	Cediranib_AML_067_01	232.93639	0.0
AML_070_01	Cediranib	Cediranib_AML_070_01	241.79875	0.0
AML_072_01	Cediranib	Cediranib_AML_072_01	248.43886	0.0
AML_073_01	Cediranib	Cediranib_AML_073_01	246.99397	0.0
AML_074_01	Cediranib	Cediranib_AML_074_01	240.92639	2.3
AML_075_01	Cediranib	Cediranib_AML_075_01	237.74466	0.0
AML_076_01	Cediranib	Cediranib_AML_076_01	238.44182	0.0
AML_076_02	Cediranib	Cediranib_AML_076_02	235.70203	0.1
AML_077_01	Cediranib	Cediranib_AML_077_01	247.07083	0.0
AML_078_02	Cediranib	Cediranib_AML_078_02	237.56458	0.4
AML_084_01	Cediranib	Cediranib_AML_084_01	236.83102	0.0
AML_086_02	Cediranib	Cediranib_AML_086_02	244.14182	2.1
AML_098_01	Cediranib	Cediranib_AML_098_01	236.45427	1.8
AML_100_01	Cediranib	Cediranib_AML_100_01	241.66838	0.0
AML_101_01	Cediranib	Cediranib_AML_101_01	238.09435	7.3
AML_101_02	Cediranib	Cediranib_AML_101_02	243.2961	6.7
AML_102_01	Cediranib	Cediranib_AML_102_01	231.1793	0.0
AML_103_01	Cediranib	Cediranib_AML_103_01	226.28734	0.0
AML_103_02	Cediranib	Cediranib_AML_103_02	240.43535	0.2
AML_104_01	Cediranib	Cediranib_AML_104_01	236.7558	0.0
AML_108_01	Cediranib	Cediranib_AML_108_01	236.41486	0.0
AML_109_01	Cediranib	Cediranib_AML_109_01	238.62878	0.0
AML_110_01	Cediranib	Cediranib_AML_110_01	241.02019	0.0
AML_112_01	Cediranib	Cediranib_AML_112_01	233.694	0.0
AML_112_02	Cediranib	Cediranib_AML_112_02	236.58264	0.0
AML_113_01	Cediranib	Cediranib_AML_113_01	238.8162	0.0
AML_114_01	Cediranib	Cediranib_AML_114_01	233.69783	0.0
AML_115_01	Cediranib	Cediranib_AML_115_01	234.58728	0.0
AML_116_01	Cediranib	Cediranib_AML_116_01	238.98412	0.0
AML_117_01	Cediranib	Cediranib_AML_117_01	242.49368	0.1
AML_119_01	Cediranib	Cediranib_AML_119_01	232.95271	2.6
AML_120_01	Cediranib	Cediranib_AML_120_01	239.87369	8.9
AML_120_03	Cediranib	Cediranib_AML_120_03	239.35074	1.2
AML_122_01	Cediranib	Cediranib_AML_122_01	231.13527	0.0
AML_123_01	Cediranib	Cediranib_AML_123_01	244.67035	1.4
AML_124_01	Cediranib	Cediranib_AML_124_01	244.52594	0.0
AML_125_01	Cediranib	Cediranib_AML_125_01	247.36926	0.0
AML_126_01	Cediranib	Cediranib_AML_126_01	235.59743	0.0
AML_127_01	Cediranib	Cediranib_AML_127_01	239.45496	0.0
AML_128_01	Cediranib	Cediranib_AML_128_01	244.62634	0.3
AML_129_02	Cediranib	Cediranib_AML_129_02	242.66382	7.0
AML_129_03	Cediranib	Cediranib_AML_129_03	243.51573	9.0
AML_131_01	Cediranib	Cediranib_AML_131_01	235.56633	0.0
AML_133_01	Cediranib	Cediranib_AML_133_01	244.40152	0.0
AML_134_01	Cediranib	Cediranib_AML_134_01	243.17317	0.0
AML_135_01	Cediranib	Cediranib_AML_135_01	240.6061	0.0
AML_138_01	Cediranib	Cediranib_AML_138_01	248.2093	0.0
AML_139_01	Cediranib	Cediranib_AML_139_01	251.23987	0.2
AML_140_01	Cediranib	Cediranib_AML_140_01	241.46925	0.4
AML_142_01	Cediranib	Cediranib_AML_142_01	243.68745	0.0
AML_143_01	Cediranib	Cediranib_AML_143_01	241.45363	0.0
AML_144_01	Cediranib	Cediranib_AML_144_01	248.63435	0.5
AML_146_01	Cediranib	Cediranib_AML_146_01	247.79138	0.0
AML_147_01	Cediranib	Cediranib_AML_147_01	241.05823	5.2
AML_151_01	Cediranib	Cediranib_AML_151_01	236.55023	5.0
AML_152_01	Cediranib	Cediranib_AML_152_01	243.87515	1.0
AML_153_01	Cediranib	Cediranib_AML_153_01	238.5734	4.2
AML_156_01	Cediranib	Cediranib_AML_156_01	241.12675	1.3
AML_157_01	Cediranib	Cediranib_AML_157_01	240.98618	2.6
AML_157_02	Cediranib	Cediranib_AML_157_02	240.143	7.4
AML_158_01	Cediranib	Cediranib_AML_158_01	243.14798	2.3
AML_159_01	Cediranib	Cediranib_AML_159_01	245.08163	1.4
AML_160_01	Cediranib	Cediranib_AML_160_01	233.74774	5.1
AML_161_01	Cediranib	Cediranib_AML_161_01	241.43988	5.3
AML_175_01	Cediranib	Cediranib_AML_175_01	243.15092	0.0
AML_179_01	Cediranib	Cediranib_AML_179_01	245.94186	12.4
AML_183_01	Cediranib	Cediranib_AML_183_01	239.32442	0.0
AML_183_02	Cediranib	Cediranib_AML_183_02	233.28806	0.0
AML_183_03	Cediranib	Cediranib_AML_183_03	230.19534	0.0
AML_184_01	Cediranib	Cediranib_AML_184_01	239.90298	1.0
AML_185_01	Cediranib	Cediranib_AML_185_01	250.35297	0.4
AML_001_03	Crenolanib	Crenolanib_AML_001_03	220.60464	9.9
AML_003_02	Crenolanib	Crenolanib_AML_003_02	215.93286	5.0
AML_004_01	Crenolanib	Crenolanib_AML_004_01	220.18033	10.6
AML_013_01	Crenolanib	Crenolanib_AML_013_01	211.96469	18.7
AML_015_01	Crenolanib	Crenolanib_AML_015_01	219.22415	19.6
AML_015_02	Crenolanib	Crenolanib_AML_015_02	217.59462	24.8
AML_015_03	Crenolanib	Crenolanib_AML_015_03	216.22118	38.1
AML_015_04	Crenolanib	Crenolanib_AML_015_04	208.91191	40.3
AML_018_01	Crenolanib	Crenolanib_AML_018_01	204.07803	25.6
AML_019_01	Crenolanib	Crenolanib_AML_019_01	215.39386	8.3
AML_020_01	Crenolanib	Crenolanib_AML_020_01	218.70152	5.0
AML_024_01	Crenolanib	Crenolanib_AML_024_01	218.0237	4.7
AML_025_01	Crenolanib	Crenolanib_AML_025_01	223.39697	8.7
AML_026_01	Crenolanib	Crenolanib_AML_026_01	224.37502	8.3
AML_028_01	Crenolanib	Crenolanib_AML_028_01	215.80869	11.8
AML_028_04	Crenolanib	Crenolanib_AML_028_04	204.01196	30.4
AML_029_01	Crenolanib	Crenolanib_AML_029_01	219.11998	8.0
AML_030_01	Crenolanib	Crenolanib_AML_030_01	210.70232	8.3
AML_032_01	Crenolanib	Crenolanib_AML_032_01	219.78635	7.7
AML_033_01	Crenolanib	Crenolanib_AML_033_01	214.87047	9.5
AML_033_02	Crenolanib	Crenolanib_AML_033_02	201.07474	9.2
AML_035_02	Crenolanib	Crenolanib_AML_035_02	224.89247	10.0
AML_035_04	Crenolanib	Crenolanib_AML_035_04	216.79257	10.7
AML_036_01	Crenolanib	Crenolanib_AML_036_01	219.83734	8.4
AML_041_01	Crenolanib	Crenolanib_AML_041_01	218.02318	7.4
AML_042_01	Crenolanib	Crenolanib_AML_042_01	218.3459	4.9
AML_043_02	Crenolanib	Crenolanib_AML_043_02	206.80037	8.4
AML_045_01	Crenolanib	Crenolanib_AML_045_01	221.46762	4.1
AML_046_01	Crenolanib	Crenolanib_AML_046_01	205.94518	32.0
AML_051_01	Crenolanib	Crenolanib_AML_051_01	211.42151	5.0
AML_052_01	Crenolanib	Crenolanib_AML_052_01	222.17076	9.2
AML_053_01	Crenolanib	Crenolanib_AML_053_01	229.52185	8.9
AML_054_01	Crenolanib	Crenolanib_AML_054_01	211.77193	3.6
AML_057_01	Crenolanib	Crenolanib_AML_057_01	216.14415	11.2
AML_058_01	Crenolanib	Crenolanib_AML_058_01	217.367	7.2
AML_059_01	Crenolanib	Crenolanib_AML_059_01	214.45567	8.6
AML_060_01	Crenolanib	Crenolanib_AML_060_01	216.43822	4.9
AML_061_01	Crenolanib	Crenolanib_AML_061_01	216.62189	6.7
AML_062_01	Crenolanib	Crenolanib_AML_062_01	208.21805	15.1
AML_064_01	Crenolanib	Crenolanib_AML_064_01	215.54362	9.0
AML_065_01	Crenolanib	Crenolanib_AML_065_01	205.02779	9.4
AML_067_01	Crenolanib	Crenolanib_AML_067_01	211.8731	13.0
AML_070_01	Crenolanib	Crenolanib_AML_070_01	223.0045	8.1
AML_072_01	Crenolanib	Crenolanib_AML_072_01	224.03523	4.9
AML_073_01	Crenolanib	Crenolanib_AML_073_01	221.75684	3.3
AML_074_01	Crenolanib	Crenolanib_AML_074_01	218.7917	11.6
AML_075_01	Crenolanib	Crenolanib_AML_075_01	219.46153	4.6
AML_076_01	Crenolanib	Crenolanib_AML_076_01	218.9031	8.4
AML_076_02	Crenolanib	Crenolanib_AML_076_02	206.70058	11.9
AML_077_01	Crenolanib	Crenolanib_AML_077_01	222.64487	10.7
AML_078_02	Crenolanib	Crenolanib_AML_078_02	216.48369	10.3
AML_084_01	Crenolanib	Crenolanib_AML_084_01	208.47388	5.5
AML_086_02	Crenolanib	Crenolanib_AML_086_02	215.74876	10.7
AML_098_01	Crenolanib	Crenolanib_AML_098_01	216.96385	9.1
AML_100_01	Crenolanib	Crenolanib_AML_100_01	219.21304	8.7
AML_101_01	Crenolanib	Crenolanib_AML_101_01	205.73215	12.3
AML_101_02	Crenolanib	Crenolanib_AML_101_02	218.84274	8.3
AML_102_01	Crenolanib	Crenolanib_AML_102_01	209.83359	6.6
AML_103_01	Crenolanib	Crenolanib_AML_103_01	207.62384	11.3
AML_103_02	Crenolanib	Crenolanib_AML_103_02	199.59393	13.2
AML_104_01	Crenolanib	Crenolanib_AML_104_01	215.0417	12.4
AML_108_01	Crenolanib	Crenolanib_AML_108_01	210.19206	10.1
AML_109_01	Crenolanib	Crenolanib_AML_109_01	208.5114	3.9
AML_110_01	Crenolanib	Crenolanib_AML_110_01	214.93678	8.8
AML_112_01	Crenolanib	Crenolanib_AML_112_01	210.78096	11.5
AML_112_02	Crenolanib	Crenolanib_AML_112_02	214.50566	8.6
AML_113_01	Crenolanib	Crenolanib_AML_113_01	210.59575	18.8
AML_114_01	Crenolanib	Crenolanib_AML_114_01	211.42738	8.9
AML_115_01	Crenolanib	Crenolanib_AML_115_01	204.79211	22.0
AML_116_01	Crenolanib	Crenolanib_AML_116_01	215.37823	10.3
AML_117_01	Crenolanib	Crenolanib_AML_117_01	218.23772	6.7
AML_119_01	Crenolanib	Crenolanib_AML_119_01	210.23026	10.2
AML_122_01	Crenolanib	Crenolanib_AML_122_01	216.40724	9.1
AML_123_01	Crenolanib	Crenolanib_AML_123_01	224.7869	13.8
AML_124_01	Crenolanib	Crenolanib_AML_124_01	220.73671	15.5
AML_125_01	Crenolanib	Crenolanib_AML_125_01	219.20918	45.8
AML_126_01	Crenolanib	Crenolanib_AML_126_01	216.31984	11.5
AML_127_01	Crenolanib	Crenolanib_AML_127_01	215.08041	10.7
AML_128_01	Crenolanib	Crenolanib_AML_128_01	221.7696	8.3
AML_131_01	Crenolanib	Crenolanib_AML_131_01	216.98514	10.6
AML_133_01	Crenolanib	Crenolanib_AML_133_01	211.46318	3.8
AML_134_01	Crenolanib	Crenolanib_AML_134_01	213.83823	6.3
AML_135_01	Crenolanib	Crenolanib_AML_135_01	214.6981	5.0
AML_138_01	Crenolanib	Crenolanib_AML_138_01	220.01631	8.9
AML_139_01	Crenolanib	Crenolanib_AML_139_01	226.91203	14.0
AML_140_01	Crenolanib	Crenolanib_AML_140_01	216.22522	10.3
AML_142_01	Crenolanib	Crenolanib_AML_142_01	205.90358	12.3
AML_143_01	Crenolanib	Crenolanib_AML_143_01	216.6322	9.5
AML_144_01	Crenolanib	Crenolanib_AML_144_01	225.34576	10.4
AML_146_01	Crenolanib	Crenolanib_AML_146_01	223.96509	9.6
AML_147_01	Crenolanib	Crenolanib_AML_147_01	215.6409	13.6
AML_151_01	Crenolanib	Crenolanib_AML_151_01	209.93092	13.6
AML_152_01	Crenolanib	Crenolanib_AML_152_01	215.99634	10.2
AML_153_01	Crenolanib	Crenolanib_AML_153_01	208.04099	4.6
AML_156_01	Crenolanib	Crenolanib_AML_156_01	212.34778	9.8
AML_157_01	Crenolanib	Crenolanib_AML_157_01	219.2327	19.4
AML_157_02	Crenolanib	Crenolanib_AML_157_02	217.37044	17.4
AML_158_01	Crenolanib	Crenolanib_AML_158_01	221.93863	9.8
AML_159_01	Crenolanib	Crenolanib_AML_159_01	220.54485	9.5
AML_160_01	Crenolanib	Crenolanib_AML_160_01	208.98941	10.8
AML_161_01	Crenolanib	Crenolanib_AML_161_01	205.7219	9.8
AML_175_01	Crenolanib	Crenolanib_AML_175_01	220.36484	7.6
AML_183_01	Crenolanib	Crenolanib_AML_183_01	222.26402	9.6
AML_183_02	Crenolanib	Crenolanib_AML_183_02	215.31908	12.2
AML_183_03	Crenolanib	Crenolanib_AML_183_03	211.07823	9.5
AML_001_01	Crizotinib	Crizotinib_AML_001_01	206.0752	0.0
AML_001_03	Crizotinib	Crizotinib_AML_001_03	208.31546	0.1
AML_002_01	Crizotinib	Crizotinib_AML_002_01	203.54155	9.7
AML_003_02	Crizotinib	Crizotinib_AML_003_02	209.8367	3.5
AML_004_01	Crizotinib	Crizotinib_AML_004_01	204.23764	5.2
AML_006_02	Crizotinib	Crizotinib_AML_006_02	207.69427	8.7
AML_007_01	Crizotinib	Crizotinib_AML_007_01	204.65619	5.9
AML_007_02	Crizotinib	Crizotinib_AML_007_02	209.12007	0.0
AML_012_01	Crizotinib	Crizotinib_AML_012_01	195.71683	0.0
AML_013_01	Crizotinib	Crizotinib_AML_013_01	198.53702	3.3
AML_014_01	Crizotinib	Crizotinib_AML_014_01	206.77151	0.0
AML_015_01	Crizotinib	Crizotinib_AML_015_01	210.20752	0.0
AML_015_02	Crizotinib	Crizotinib_AML_015_02	205.06339	0.2
AML_015_03	Crizotinib	Crizotinib_AML_015_03	206.66333	2.7
AML_015_04	Crizotinib	Crizotinib_AML_015_04	205.8979	1.1
AML_018_01	Crizotinib	Crizotinib_AML_018_01	192.88696	3.1
AML_019_01	Crizotinib	Crizotinib_AML_019_01	204.2425	0.9
AML_020_01	Crizotinib	Crizotinib_AML_020_01	209.5294	1.0
AML_022_01	Crizotinib	Crizotinib_AML_022_01	200.13094	7.9
AML_023_01	Crizotinib	Crizotinib_AML_023_01	202.02228	10.2
AML_023_03	Crizotinib	Crizotinib_AML_023_03	200.95557	8.8
AML_023_04	Crizotinib	Crizotinib_AML_023_04	201.3549	10.2
AML_024_01	Crizotinib	Crizotinib_AML_024_01	208.15933	0.6
AML_025_01	Crizotinib	Crizotinib_AML_025_01	210.91193	1.7
AML_026_01	Crizotinib	Crizotinib_AML_026_01	207.9814	0.2
AML_028_01	Crizotinib	Crizotinib_AML_028_01	202.77429	0.0
AML_028_04	Crizotinib	Crizotinib_AML_028_04	196.88965	0.0
AML_029_01	Crizotinib	Crizotinib_AML_029_01	204.03552	1.0
AML_030_01	Crizotinib	Crizotinib_AML_030_01	197.15378	0.5
AML_032_01	Crizotinib	Crizotinib_AML_032_01	209.51799	1.8
AML_033_01	Crizotinib	Crizotinib_AML_033_01	205.99307	4.3
AML_033_02	Crizotinib	Crizotinib_AML_033_02	196.5318	4.0
AML_035_02	Crizotinib	Crizotinib_AML_035_02	216.32608	0.2
AML_035_04	Crizotinib	Crizotinib_AML_035_04	211.41592	0.0
AML_036_01	Crizotinib	Crizotinib_AML_036_01	206.31862	2.4
AML_040_01	Crizotinib	Crizotinib_AML_040_01	200.83188	0.6
AML_041_01	Crizotinib	Crizotinib_AML_041_01	209.27728	0.0
AML_042_01	Crizotinib	Crizotinib_AML_042_01	207.46713	0.6
AML_043_02	Crizotinib	Crizotinib_AML_043_02	198.5463	0.6
AML_045_01	Crizotinib	Crizotinib_AML_045_01	208.36542	0.0
AML_046_01	Crizotinib	Crizotinib_AML_046_01	201.03247	2.8
AML_051_01	Crizotinib	Crizotinib_AML_051_01	200.16261	0.4
AML_052_01	Crizotinib	Crizotinib_AML_052_01	204.39911	0.2
AML_053_01	Crizotinib	Crizotinib_AML_053_01	216.374	1.1
AML_054_01	Crizotinib	Crizotinib_AML_054_01	200.47202	5.2
AML_057_01	Crizotinib	Crizotinib_AML_057_01	203.17009	0.3
AML_058_01	Crizotinib	Crizotinib_AML_058_01	203.56844	2.0
AML_059_01	Crizotinib	Crizotinib_AML_059_01	202.55919	6.9
AML_060_01	Crizotinib	Crizotinib_AML_060_01	205.44516	3.6
AML_061_01	Crizotinib	Crizotinib_AML_061_01	205.24129	3.0
AML_062_01	Crizotinib	Crizotinib_AML_062_01	199.22748	0.0
AML_064_01	Crizotinib	Crizotinib_AML_064_01	203.3169	0.0
AML_065_01	Crizotinib	Crizotinib_AML_065_01	197.45068	0.2
AML_067_01	Crizotinib	Crizotinib_AML_067_01	199.26515	0.6
AML_070_01	Crizotinib	Crizotinib_AML_070_01	208.35236	1.1
AML_072_01	Crizotinib	Crizotinib_AML_072_01	209.36937	1.1
AML_073_01	Crizotinib	Crizotinib_AML_073_01	212.09459	0.0
AML_074_01	Crizotinib	Crizotinib_AML_074_01	202.13412	1.2
AML_075_01	Crizotinib	Crizotinib_AML_075_01	205.40244	0.1
AML_076_01	Crizotinib	Crizotinib_AML_076_01	209.82475	0.0
AML_076_02	Crizotinib	Crizotinib_AML_076_02	192.46184	0.5
AML_077_01	Crizotinib	Crizotinib_AML_077_01	212.15295	2.9
AML_078_02	Crizotinib	Crizotinib_AML_078_02	206.69966	0.5
AML_084_01	Crizotinib	Crizotinib_AML_084_01	197.38736	0.0
AML_086_02	Crizotinib	Crizotinib_AML_086_02	208.20128	1.9
AML_098_01	Crizotinib	Crizotinib_AML_098_01	201.4684	0.1
AML_100_01	Crizotinib	Crizotinib_AML_100_01	204.95273	0.6
AML_101_01	Crizotinib	Crizotinib_AML_101_01	197.99138	0.1
AML_101_02	Crizotinib	Crizotinib_AML_101_02	208.1217	0.8
AML_102_01	Crizotinib	Crizotinib_AML_102_01	198.01901	0.4
AML_103_01	Crizotinib	Crizotinib_AML_103_01	195.18073	0.4
AML_103_02	Crizotinib	Crizotinib_AML_103_02	188.19641	2.9
AML_104_01	Crizotinib	Crizotinib_AML_104_01	201.54208	0.0
AML_108_01	Crizotinib	Crizotinib_AML_108_01	198.32501	2.5
AML_109_01	Crizotinib	Crizotinib_AML_109_01	198.40334	1.1
AML_110_01	Crizotinib	Crizotinib_AML_110_01	205.49501	3.2
AML_112_01	Crizotinib	Crizotinib_AML_112_01	197.94905	0.1
AML_112_02	Crizotinib	Crizotinib_AML_112_02	203.6468	2.4
AML_113_01	Crizotinib	Crizotinib_AML_113_01	198.67155	4.6
AML_114_01	Crizotinib	Crizotinib_AML_114_01	198.23705	1.8
AML_115_01	Crizotinib	Crizotinib_AML_115_01	198.08775	2.2
AML_116_01	Crizotinib	Crizotinib_AML_116_01	199.85834	3.6
AML_117_01	Crizotinib	Crizotinib_AML_117_01	203.00826	1.2
AML_119_01	Crizotinib	Crizotinib_AML_119_01	197.3386	0.4
AML_120_01	Crizotinib	Crizotinib_AML_120_01	205.51656	8.8
AML_120_03	Crizotinib	Crizotinib_AML_120_03	209.39027	0.0
AML_122_01	Crizotinib	Crizotinib_AML_122_01	206.95996	0.0
AML_123_01	Crizotinib	Crizotinib_AML_123_01	209.15485	1.7
AML_124_01	Crizotinib	Crizotinib_AML_124_01	205.47324	3.3
AML_125_01	Crizotinib	Crizotinib_AML_125_01	203.43623	0.0
AML_126_01	Crizotinib	Crizotinib_AML_126_01	201.07672	4.6
AML_127_01	Crizotinib	Crizotinib_AML_127_01	202.47148	1.1
AML_128_01	Crizotinib	Crizotinib_AML_128_01	208.27025	3.2
AML_129_02	Crizotinib	Crizotinib_AML_129_02	204.11258	8.7
AML_129_03	Crizotinib	Crizotinib_AML_129_03	204.89192	11.7
AML_131_01	Crizotinib	Crizotinib_AML_131_01	205.5749	0.2
AML_133_01	Crizotinib	Crizotinib_AML_133_01	199.48732	3.8
AML_134_01	Crizotinib	Crizotinib_AML_134_01	206.79564	3.8
AML_135_01	Crizotinib	Crizotinib_AML_135_01	204.70341	1.1
AML_138_01	Crizotinib	Crizotinib_AML_138_01	211.7426	0.3
AML_139_01	Crizotinib	Crizotinib_AML_139_01	213.00107	2.7
AML_140_01	Crizotinib	Crizotinib_AML_140_01	201.58492	1.1
AML_142_01	Crizotinib	Crizotinib_AML_142_01	195.86826	5.9
AML_143_01	Crizotinib	Crizotinib_AML_143_01	204.67055	0.0
AML_144_01	Crizotinib	Crizotinib_AML_144_01	212.74376	2.7
AML_146_01	Crizotinib	Crizotinib_AML_146_01	205.49345	0.0
AML_147_01	Crizotinib	Crizotinib_AML_147_01	204.23186	0.2
AML_151_01	Crizotinib	Crizotinib_AML_151_01	197.25597	0.8
AML_152_01	Crizotinib	Crizotinib_AML_152_01	202.85991	0.4
AML_153_01	Crizotinib	Crizotinib_AML_153_01	199.87347	0.0
AML_156_01	Crizotinib	Crizotinib_AML_156_01	197.5452	1.1
AML_157_01	Crizotinib	Crizotinib_AML_157_01	205.08179	3.1
AML_157_02	Crizotinib	Crizotinib_AML_157_02	201.50934	1.9
AML_158_01	Crizotinib	Crizotinib_AML_158_01	207.71962	1.0
AML_159_01	Crizotinib	Crizotinib_AML_159_01	207.52727	1.0
AML_160_01	Crizotinib	Crizotinib_AML_160_01	200.6511	0.5
AML_161_01	Crizotinib	Crizotinib_AML_161_01	194.54588	1.2
AML_175_01	Crizotinib	Crizotinib_AML_175_01	202.68526	0.3
AML_179_01	Crizotinib	Crizotinib_AML_179_01	198.25629	6.9
AML_183_01	Crizotinib	Crizotinib_AML_183_01	208.6423	0.0
AML_183_02	Crizotinib	Crizotinib_AML_183_02	201.99837	0.9
AML_183_03	Crizotinib	Crizotinib_AML_183_03	202.07072	0.4
AML_184_01	Crizotinib	Crizotinib_AML_184_01	198.79274	8.5
AML_185_01	Crizotinib	Crizotinib_AML_185_01	211.32172	9.9
AML_001_01	Dasatinib	Dasatinib_AML_001_01	198.34148	0.0
AML_001_03	Dasatinib	Dasatinib_AML_001_03	197.91913	0.0
AML_002_01	Dasatinib	Dasatinib_AML_002_01	206.25604	11.1
AML_003_02	Dasatinib	Dasatinib_AML_003_02	207.77089	0.0
AML_004_01	Dasatinib	Dasatinib_AML_004_01	200.73846	7.9
AML_006_02	Dasatinib	Dasatinib_AML_006_02	202.8085	5.6
AML_007_01	Dasatinib	Dasatinib_AML_007_01	195.04436	3.7
AML_007_02	Dasatinib	Dasatinib_AML_007_02	196.35387	0.0
AML_012_01	Dasatinib	Dasatinib_AML_012_01	202.25446	1.9
AML_013_01	Dasatinib	Dasatinib_AML_013_01	207.13356	6.8
AML_014_01	Dasatinib	Dasatinib_AML_014_01	203.41486	0.0
AML_015_01	Dasatinib	Dasatinib_AML_015_01	208.30405	22.1
AML_015_02	Dasatinib	Dasatinib_AML_015_02	199.64749	23.4
AML_015_03	Dasatinib	Dasatinib_AML_015_03	199.06949	24.7
AML_015_04	Dasatinib	Dasatinib_AML_015_04	204.89209	32.5
AML_018_01	Dasatinib	Dasatinib_AML_018_01	189.7547	18.5
AML_019_01	Dasatinib	Dasatinib_AML_019_01	204.20697	2.4
AML_020_01	Dasatinib	Dasatinib_AML_020_01	210.37807	0.0
AML_022_01	Dasatinib	Dasatinib_AML_022_01	189.1408	14.9
AML_023_01	Dasatinib	Dasatinib_AML_023_01	192.03766	25.5
AML_023_03	Dasatinib	Dasatinib_AML_023_03	187.68132	12.0
AML_023_04	Dasatinib	Dasatinib_AML_023_04	190.71507	8.8
AML_024_01	Dasatinib	Dasatinib_AML_024_01	210.25299	0.0
AML_025_01	Dasatinib	Dasatinib_AML_025_01	207.6801	7.2
AML_026_01	Dasatinib	Dasatinib_AML_026_01	201.28629	2.1
AML_028_01	Dasatinib	Dasatinib_AML_028_01	202.16411	1.0
AML_028_04	Dasatinib	Dasatinib_AML_028_04	197.10738	0.0
AML_029_01	Dasatinib	Dasatinib_AML_029_01	199.57146	0.0
AML_030_01	Dasatinib	Dasatinib_AML_030_01	187.60497	0.2
AML_032_01	Dasatinib	Dasatinib_AML_032_01	208.99231	0.0
AML_033_01	Dasatinib	Dasatinib_AML_033_01	207.26202	9.1
AML_033_02	Dasatinib	Dasatinib_AML_033_02	202.71204	6.4
AML_035_02	Dasatinib	Dasatinib_AML_035_02	212.91605	0.0
AML_035_04	Dasatinib	Dasatinib_AML_035_04	211.10915	0.0
AML_036_01	Dasatinib	Dasatinib_AML_036_01	193.49641	0.0
AML_040_01	Dasatinib	Dasatinib_AML_040_01	193.54407	22.4
AML_041_01	Dasatinib	Dasatinib_AML_041_01	194.77289	12.8
AML_042_01	Dasatinib	Dasatinib_AML_042_01	197.8623	12.9
AML_043_02	Dasatinib	Dasatinib_AML_043_02	204.84412	4.6
AML_045_01	Dasatinib	Dasatinib_AML_045_01	203.15492	0.0
AML_046_01	Dasatinib	Dasatinib_AML_046_01	199.18024	13.0
AML_051_01	Dasatinib	Dasatinib_AML_051_01	194.11298	0.0
AML_052_01	Dasatinib	Dasatinib_AML_052_01	206.30855	0.0
AML_053_01	Dasatinib	Dasatinib_AML_053_01	214.53146	0.8
AML_054_01	Dasatinib	Dasatinib_AML_054_01	202.48117	0.0
AML_057_01	Dasatinib	Dasatinib_AML_057_01	189.70465	17.7
AML_058_01	Dasatinib	Dasatinib_AML_058_01	197.69807	6.9
AML_059_01	Dasatinib	Dasatinib_AML_059_01	196.78592	5.6
AML_060_01	Dasatinib	Dasatinib_AML_060_01	206.6054	1.7
AML_061_01	Dasatinib	Dasatinib_AML_061_01	201.50826	4.5
AML_062_01	Dasatinib	Dasatinib_AML_062_01	185.67694	15.8
AML_064_01	Dasatinib	Dasatinib_AML_064_01	190.16995	0.0
AML_065_01	Dasatinib	Dasatinib_AML_065_01	182.18614	13.8
AML_067_01	Dasatinib	Dasatinib_AML_067_01	183.3329	20.1
AML_070_01	Dasatinib	Dasatinib_AML_070_01	202.94954	0.0
AML_072_01	Dasatinib	Dasatinib_AML_072_01	209.84972	1.2
AML_073_01	Dasatinib	Dasatinib_AML_073_01	211.78748	5.4
AML_074_01	Dasatinib	Dasatinib_AML_074_01	192.04112	3.0
AML_075_01	Dasatinib	Dasatinib_AML_075_01	198.09622	4.7
AML_076_01	Dasatinib	Dasatinib_AML_076_01	198.0955	3.4
AML_076_02	Dasatinib	Dasatinib_AML_076_02	188.48965	2.8
AML_077_01	Dasatinib	Dasatinib_AML_077_01	211.63486	2.6
AML_078_02	Dasatinib	Dasatinib_AML_078_02	190.23067	0.0
AML_084_01	Dasatinib	Dasatinib_AML_084_01	197.00864	8.7
AML_086_02	Dasatinib	Dasatinib_AML_086_02	208.45631	6.1
AML_098_01	Dasatinib	Dasatinib_AML_098_01	189.97092	0.0
AML_100_01	Dasatinib	Dasatinib_AML_100_01	194.05402	4.6
AML_101_01	Dasatinib	Dasatinib_AML_101_01	196.53731	13.9
AML_101_02	Dasatinib	Dasatinib_AML_101_02	210.14537	0.0
AML_102_01	Dasatinib	Dasatinib_AML_102_01	178.97563	0.0
AML_103_01	Dasatinib	Dasatinib_AML_103_01	178.94966	8.1
AML_103_02	Dasatinib	Dasatinib_AML_103_02	193.33588	2.9
AML_104_01	Dasatinib	Dasatinib_AML_104_01	187.24591	0.0
AML_108_01	Dasatinib	Dasatinib_AML_108_01	181.46776	7.3
AML_109_01	Dasatinib	Dasatinib_AML_109_01	198.49576	3.2
AML_110_01	Dasatinib	Dasatinib_AML_110_01	197.8817	6.8
AML_112_01	Dasatinib	Dasatinib_AML_112_01	184.37383	14.4
AML_112_02	Dasatinib	Dasatinib_AML_112_02	191.37614	8.3
AML_113_01	Dasatinib	Dasatinib_AML_113_01	192.59077	14.0
AML_114_01	Dasatinib	Dasatinib_AML_114_01	188.32039	2.4
AML_115_01	Dasatinib	Dasatinib_AML_115_01	183.10449	19.0
AML_116_01	Dasatinib	Dasatinib_AML_116_01	190.99733	0.0
AML_117_01	Dasatinib	Dasatinib_AML_117_01	197.81497	0.0
AML_119_01	Dasatinib	Dasatinib_AML_119_01	179.87881	2.7
AML_120_01	Dasatinib	Dasatinib_AML_120_01	199.91722	35.0
AML_120_03	Dasatinib	Dasatinib_AML_120_03	203.22815	23.1
AML_122_01	Dasatinib	Dasatinib_AML_122_01	189.45045	0.0
AML_123_01	Dasatinib	Dasatinib_AML_123_01	202.9076	7.1
AML_124_01	Dasatinib	Dasatinib_AML_124_01	201.01527	5.4
AML_125_01	Dasatinib	Dasatinib_AML_125_01	201.87207	0.7
AML_126_01	Dasatinib	Dasatinib_AML_126_01	193.54173	6.8
AML_127_01	Dasatinib	Dasatinib_AML_127_01	189.74042	4.5
AML_128_01	Dasatinib	Dasatinib_AML_128_01	207.89714	3.0
AML_129_02	Dasatinib	Dasatinib_AML_129_02	197.71858	21.4
AML_129_03	Dasatinib	Dasatinib_AML_129_03	198.03972	8.5
AML_131_01	Dasatinib	Dasatinib_AML_131_01	191.36032	0.0
AML_133_01	Dasatinib	Dasatinib_AML_133_01	207.27936	0.5
AML_134_01	Dasatinib	Dasatinib_AML_134_01	209.95436	0.0
AML_135_01	Dasatinib	Dasatinib_AML_135_01	200.90814	9.9
AML_138_01	Dasatinib	Dasatinib_AML_138_01	213.44092	2.1
AML_139_01	Dasatinib	Dasatinib_AML_139_01	212.23883	8.9
AML_140_01	Dasatinib	Dasatinib_AML_140_01	193.61588	4.8
AML_142_01	Dasatinib	Dasatinib_AML_142_01	202.18861	1.5
AML_143_01	Dasatinib	Dasatinib_AML_143_01	200.40614	0.0
AML_144_01	Dasatinib	Dasatinib_AML_144_01	210.689	0.0
AML_146_01	Dasatinib	Dasatinib_AML_146_01	205.70811	0.0
AML_147_01	Dasatinib	Dasatinib_AML_147_01	196.33138	8.5
AML_151_01	Dasatinib	Dasatinib_AML_151_01	187.70514	5.7
AML_152_01	Dasatinib	Dasatinib_AML_152_01	197.69492	2.0
AML_153_01	Dasatinib	Dasatinib_AML_153_01	200.89938	0.3
AML_156_01	Dasatinib	Dasatinib_AML_156_01	194.53491	5.0
AML_157_01	Dasatinib	Dasatinib_AML_157_01	197.64444	15.0
AML_157_02	Dasatinib	Dasatinib_AML_157_02	198.42012	15.4
AML_158_01	Dasatinib	Dasatinib_AML_158_01	201.97304	4.2
AML_159_01	Dasatinib	Dasatinib_AML_159_01	206.03755	8.2
AML_160_01	Dasatinib	Dasatinib_AML_160_01	188.04869	2.8
AML_161_01	Dasatinib	Dasatinib_AML_161_01	194.09277	5.9
AML_175_01	Dasatinib	Dasatinib_AML_175_01	188.71161	5.4
AML_179_01	Dasatinib	Dasatinib_AML_179_01	203.76411	2.7
AML_183_01	Dasatinib	Dasatinib_AML_183_01	199.9952	0.0
AML_183_02	Dasatinib	Dasatinib_AML_183_02	189.1947	2.7
AML_183_03	Dasatinib	Dasatinib_AML_183_03	188.20535	3.5
AML_184_01	Dasatinib	Dasatinib_AML_184_01	183.68958	17.0
AML_185_01	Dasatinib	Dasatinib_AML_185_01	213.60248	0.1
AML_001_01	Doramapimod	Doramapimod_AML_001_01	197.2268	0.2
AML_001_03	Doramapimod	Doramapimod_AML_001_03	198.58673	4.6
AML_002_01	Doramapimod	Doramapimod_AML_002_01	202.34308	4.4
AML_003_02	Doramapimod	Doramapimod_AML_003_02	204.84369	16.7
AML_004_01	Doramapimod	Doramapimod_AML_004_01	198.09627	9.3
AML_006_02	Doramapimod	Doramapimod_AML_006_02	200.22511	5.4
AML_007_01	Doramapimod	Doramapimod_AML_007_01	197.34932	0.0
AML_007_02	Doramapimod	Doramapimod_AML_007_02	197.39014	0.0
AML_012_01	Doramapimod	Doramapimod_AML_012_01	200.12372	4.6
AML_013_01	Doramapimod	Doramapimod_AML_013_01	202.37697	21.5
AML_014_01	Doramapimod	Doramapimod_AML_014_01	202.35701	0.7
AML_015_01	Doramapimod	Doramapimod_AML_015_01	205.16794	6.9
AML_015_02	Doramapimod	Doramapimod_AML_015_02	199.26286	0.1
AML_015_03	Doramapimod	Doramapimod_AML_015_03	200.03793	2.5
AML_015_04	Doramapimod	Doramapimod_AML_015_04	201.49783	7.3
AML_018_01	Doramapimod	Doramapimod_AML_018_01	190.97571	1.8
AML_019_01	Doramapimod	Doramapimod_AML_019_01	203.24553	5.0
AML_020_01	Doramapimod	Doramapimod_AML_020_01	204.91185	0.8
AML_022_01	Doramapimod	Doramapimod_AML_022_01	191.54607	0.0
AML_023_01	Doramapimod	Doramapimod_AML_023_01	194.86383	0.0
AML_023_03	Doramapimod	Doramapimod_AML_023_03	191.62483	0.0
AML_023_04	Doramapimod	Doramapimod_AML_023_04	193.52855	0.0
AML_024_01	Doramapimod	Doramapimod_AML_024_01	204.94722	0.0
AML_025_01	Doramapimod	Doramapimod_AML_025_01	204.84145	0.7
AML_026_01	Doramapimod	Doramapimod_AML_026_01	200.11124	0.0
AML_028_01	Doramapimod	Doramapimod_AML_028_01	200.29614	0.7
AML_028_04	Doramapimod	Doramapimod_AML_028_04	196.3328	4.0
AML_029_01	Doramapimod	Doramapimod_AML_029_01	198.49977	10.2
AML_030_01	Doramapimod	Doramapimod_AML_030_01	190.49391	2.9
AML_032_01	Doramapimod	Doramapimod_AML_032_01	204.42091	0.0
AML_033_01	Doramapimod	Doramapimod_AML_033_01	202.63863	3.4
AML_033_02	Doramapimod	Doramapimod_AML_033_02	198.87871	3.2
AML_035_02	Doramapimod	Doramapimod_AML_035_02	209.19267	0.0
AML_035_04	Doramapimod	Doramapimod_AML_035_04	207.88382	0.0
AML_036_01	Doramapimod	Doramapimod_AML_036_01	196.0579	0.0
AML_040_01	Doramapimod	Doramapimod_AML_040_01	193.547	14.3
AML_041_01	Doramapimod	Doramapimod_AML_041_01	197.90665	0.0
AML_042_01	Doramapimod	Doramapimod_AML_042_01	198.24019	3.0
AML_043_02	Doramapimod	Doramapimod_AML_043_02	201.52657	3.6
AML_045_01	Doramapimod	Doramapimod_AML_045_01	202.90573	2.7
AML_046_01	Doramapimod	Doramapimod_AML_046_01	197.07646	9.8
AML_051_01	Doramapimod	Doramapimod_AML_051_01	195.499	2.6
AML_052_01	Doramapimod	Doramapimod_AML_052_01	199.74933	4.5
AML_053_01	Doramapimod	Doramapimod_AML_053_01	210.47372	7.8
AML_054_01	Doramapimod	Doramapimod_AML_054_01	199.27493	18.5
AML_057_01	Doramapimod	Doramapimod_AML_057_01	194.70636	5.1
AML_058_01	Doramapimod	Doramapimod_AML_058_01	196.72972	7.5
AML_059_01	Doramapimod	Doramapimod_AML_059_01	195.85246	10.4
AML_060_01	Doramapimod	Doramapimod_AML_060_01	202.771	7.6
AML_061_01	Doramapimod	Doramapimod_AML_061_01	197.4839	6.9
AML_062_01	Doramapimod	Doramapimod_AML_062_01	189.51088	3.6
AML_064_01	Doramapimod	Doramapimod_AML_064_01	195.74239	0.0
AML_065_01	Doramapimod	Doramapimod_AML_065_01	187.31395	3.9
AML_067_01	Doramapimod	Doramapimod_AML_067_01	187.00557	4.3
AML_070_01	Doramapimod	Doramapimod_AML_070_01	199.87018	3.4
AML_072_01	Doramapimod	Doramapimod_AML_072_01	205.76051	8.0
AML_073_01	Doramapimod	Doramapimod_AML_073_01	205.53287	3.5
AML_074_01	Doramapimod	Doramapimod_AML_074_01	194.11972	4.4
AML_075_01	Doramapimod	Doramapimod_AML_075_01	196.99396	5.6
AML_076_01	Doramapimod	Doramapimod_AML_076_01	200.42973	0.0
AML_076_02	Doramapimod	Doramapimod_AML_076_02	188.20265	5.4
AML_077_01	Doramapimod	Doramapimod_AML_077_01	205.06659	1.6
AML_078_02	Doramapimod	Doramapimod_AML_078_02	194.17493	0.4
AML_084_01	Doramapimod	Doramapimod_AML_084_01	195.41037	0.6
AML_086_02	Doramapimod	Doramapimod_AML_086_02	201.30937	6.7
AML_098_01	Doramapimod	Doramapimod_AML_098_01	193.4699	0.0
AML_100_01	Doramapimod	Doramapimod_AML_100_01	195.31917	2.2
AML_101_01	Doramapimod	Doramapimod_AML_101_01	196.71144	14.3
AML_101_02	Doramapimod	Doramapimod_AML_101_02	207.00507	9.1
AML_102_01	Doramapimod	Doramapimod_AML_102_01	186.73462	0.0
AML_103_01	Doramapimod	Doramapimod_AML_103_01	185.54552	0.0
AML_103_02	Doramapimod	Doramapimod_AML_103_02	194.41719	8.0
AML_104_01	Doramapimod	Doramapimod_AML_104_01	190.3671	0.8
AML_108_01	Doramapimod	Doramapimod_AML_108_01	185.60275	0.2
AML_109_01	Doramapimod	Doramapimod_AML_109_01	196.49672	1.1
AML_110_01	Doramapimod	Doramapimod_AML_110_01	198.03094	2.2
AML_112_01	Doramapimod	Doramapimod_AML_112_01	188.82143	0.0
AML_112_02	Doramapimod	Doramapimod_AML_112_02	194.96059	0.0
AML_113_01	Doramapimod	Doramapimod_AML_113_01	194.44078	1.4
AML_114_01	Doramapimod	Doramapimod_AML_114_01	189.34326	0.0
AML_115_01	Doramapimod	Doramapimod_AML_115_01	188.29523	4.0
AML_116_01	Doramapimod	Doramapimod_AML_116_01	190.65186	0.7
AML_117_01	Doramapimod	Doramapimod_AML_117_01	196.1274	4.3
AML_119_01	Doramapimod	Doramapimod_AML_119_01	185.7387	5.4
AML_120_01	Doramapimod	Doramapimod_AML_120_01	199.60663	0.0
AML_120_03	Doramapimod	Doramapimod_AML_120_03	202.0241	0.0
AML_122_01	Doramapimod	Doramapimod_AML_122_01	196.46715	0.0
AML_123_01	Doramapimod	Doramapimod_AML_123_01	199.672	1.1
AML_124_01	Doramapimod	Doramapimod_AML_124_01	197.00851	0.5
AML_125_01	Doramapimod	Doramapimod_AML_125_01	198.92104	15.5
AML_126_01	Doramapimod	Doramapimod_AML_126_01	195.63379	10.8
AML_127_01	Doramapimod	Doramapimod_AML_127_01	192.61252	1.3
AML_128_01	Doramapimod	Doramapimod_AML_128_01	203.71649	7.7
AML_129_02	Doramapimod	Doramapimod_AML_129_02	195.45432	9.2
AML_129_03	Doramapimod	Doramapimod_AML_129_03	197.57812	7.2
AML_131_01	Doramapimod	Doramapimod_AML_131_01	195.95415	0.0
AML_133_01	Doramapimod	Doramapimod_AML_133_01	201.52026	17.4
AML_134_01	Doramapimod	Doramapimod_AML_134_01	202.34045	3.4
AML_135_01	Doramapimod	Doramapimod_AML_135_01	197.69992	4.3
AML_138_01	Doramapimod	Doramapimod_AML_138_01	207.31691	0.0
AML_139_01	Doramapimod	Doramapimod_AML_139_01	209.4715	6.1
AML_140_01	Doramapimod	Doramapimod_AML_140_01	193.76779	0.0
AML_142_01	Doramapimod	Doramapimod_AML_142_01	199.97794	19.7
AML_143_01	Doramapimod	Doramapimod_AML_143_01	199.72662	4.8
AML_144_01	Doramapimod	Doramapimod_AML_144_01	208.04465	9.6
AML_146_01	Doramapimod	Doramapimod_AML_146_01	202.15343	2.7
AML_147_01	Doramapimod	Doramapimod_AML_147_01	197.4892	1.9
AML_151_01	Doramapimod	Doramapimod_AML_151_01	191.47548	16.7
AML_152_01	Doramapimod	Doramapimod_AML_152_01	195.4927	4.1
AML_153_01	Doramapimod	Doramapimod_AML_153_01	198.86183	1.7
AML_156_01	Doramapimod	Doramapimod_AML_156_01	194.79681	13.9
AML_157_01	Doramapimod	Doramapimod_AML_157_01	200.54471	0.0
AML_157_02	Doramapimod	Doramapimod_AML_157_02	198.45964	7.9
AML_158_01	Doramapimod	Doramapimod_AML_158_01	201.18355	1.3
AML_159_01	Doramapimod	Doramapimod_AML_159_01	202.09224	5.1
AML_160_01	Doramapimod	Doramapimod_AML_160_01	192.43625	1.7
AML_161_01	Doramapimod	Doramapimod_AML_161_01	195.09048	7.2
AML_175_01	Doramapimod	Doramapimod_AML_175_01	193.01337	4.7
AML_179_01	Doramapimod	Doramapimod_AML_179_01	200.78337	0.0
AML_183_01	Doramapimod	Doramapimod_AML_183_01	198.6553	0.0
AML_183_02	Doramapimod	Doramapimod_AML_183_02	190.09482	1.6
AML_183_03	Doramapimod	Doramapimod_AML_183_03	191.67967	0.0
AML_184_01	Doramapimod	Doramapimod_AML_184_01	189.7343	9.6
AML_185_01	Doramapimod	Doramapimod_AML_185_01	206.78874	3.7
AML_001_01	Dovitinib	Dovitinib_AML_001_01	176.40706	0.0
AML_001_03	Dovitinib	Dovitinib_AML_001_03	183.49266	0.5
AML_002_01	Dovitinib	Dovitinib_AML_002_01	176.6031	0.2
AML_003_02	Dovitinib	Dovitinib_AML_003_02	175.35391	7.5
AML_004_01	Dovitinib	Dovitinib_AML_004_01	180.6044	3.2
AML_006_02	Dovitinib	Dovitinib_AML_006_02	189.4486	0.1
AML_007_01	Dovitinib	Dovitinib_AML_007_01	189.68396	0.0
AML_007_02	Dovitinib	Dovitinib_AML_007_02	189.2384	0.0
AML_012_01	Dovitinib	Dovitinib_AML_012_01	162.04929	7.0
AML_013_01	Dovitinib	Dovitinib_AML_013_01	167.45999	11.1
AML_014_01	Dovitinib	Dovitinib_AML_014_01	175.93239	0.0
AML_015_01	Dovitinib	Dovitinib_AML_015_01	176.59875	6.1
AML_015_02	Dovitinib	Dovitinib_AML_015_02	186.08287	3.6
AML_015_03	Dovitinib	Dovitinib_AML_015_03	177.62926	8.1
AML_015_04	Dovitinib	Dovitinib_AML_015_04	166.48651	9.5
AML_018_01	Dovitinib	Dovitinib_AML_018_01	165.01096	10.4
AML_019_01	Dovitinib	Dovitinib_AML_019_01	172.58958	0.7
AML_020_01	Dovitinib	Dovitinib_AML_020_01	173.43707	3.0
AML_022_01	Dovitinib	Dovitinib_AML_022_01	178.26398	0.0
AML_023_01	Dovitinib	Dovitinib_AML_023_01	186.8074	0.0
AML_023_03	Dovitinib	Dovitinib_AML_023_03	178.07759	0.0
AML_023_04	Dovitinib	Dovitinib_AML_023_04	176.63123	1.9
AML_024_01	Dovitinib	Dovitinib_AML_024_01	174.90627	2.3
AML_025_01	Dovitinib	Dovitinib_AML_025_01	188.49193	0.4
AML_026_01	Dovitinib	Dovitinib_AML_026_01	187.88988	1.3
AML_028_01	Dovitinib	Dovitinib_AML_028_01	174.51309	9.0
AML_028_04	Dovitinib	Dovitinib_AML_028_04	163.28691	12.8
AML_029_01	Dovitinib	Dovitinib_AML_029_01	187.02216	0.9
AML_030_01	Dovitinib	Dovitinib_AML_030_01	178.43318	0.4
AML_032_01	Dovitinib	Dovitinib_AML_032_01	179.45375	0.0
AML_033_01	Dovitinib	Dovitinib_AML_033_01	178.42271	3.4
AML_033_02	Dovitinib	Dovitinib_AML_033_02	157.54385	2.8
AML_035_02	Dovitinib	Dovitinib_AML_035_02	184.3825	0.0
AML_035_04	Dovitinib	Dovitinib_AML_035_04	171.99059	0.2
AML_036_01	Dovitinib	Dovitinib_AML_036_01	179.66142	2.6
AML_040_01	Dovitinib	Dovitinib_AML_040_01	174.03546	2.5
AML_041_01	Dovitinib	Dovitinib_AML_041_01	189.21388	1.0
AML_042_01	Dovitinib	Dovitinib_AML_042_01	188.66995	0.4
AML_043_02	Dovitinib	Dovitinib_AML_043_02	163.79506	0.9
AML_045_01	Dovitinib	Dovitinib_AML_045_01	181.25848	0.0
AML_046_01	Dovitinib	Dovitinib_AML_046_01	161.93282	16.9
AML_051_01	Dovitinib	Dovitinib_AML_051_01	167.19998	1.1
AML_052_01	Dovitinib	Dovitinib_AML_052_01	181.08276	0.0
AML_053_01	Dovitinib	Dovitinib_AML_053_01	192.29916	3.8
AML_054_01	Dovitinib	Dovitinib_AML_054_01	163.77388	3.9
AML_057_01	Dovitinib	Dovitinib_AML_057_01	183.30966	0.2
AML_058_01	Dovitinib	Dovitinib_AML_058_01	176.49706	4.5
AML_059_01	Dovitinib	Dovitinib_AML_059_01	172.84973	4.1
AML_060_01	Dovitinib	Dovitinib_AML_060_01	175.12718	2.3
AML_061_01	Dovitinib	Dovitinib_AML_061_01	176.25815	2.9
AML_062_01	Dovitinib	Dovitinib_AML_062_01	173.39229	6.0
AML_064_01	Dovitinib	Dovitinib_AML_064_01	186.02625	0.0
AML_065_01	Dovitinib	Dovitinib_AML_065_01	169.16673	3.6
AML_067_01	Dovitinib	Dovitinib_AML_067_01	181.57724	2.8
AML_070_01	Dovitinib	Dovitinib_AML_070_01	190.17972	0.0
AML_072_01	Dovitinib	Dovitinib_AML_072_01	186.71338	0.2
AML_073_01	Dovitinib	Dovitinib_AML_073_01	182.57895	0.0
AML_074_01	Dovitinib	Dovitinib_AML_074_01	184.8249	0.0
AML_075_01	Dovitinib	Dovitinib_AML_075_01	187.28372	0.0
AML_076_01	Dovitinib	Dovitinib_AML_076_01	186.02232	0.0
AML_076_02	Dovitinib	Dovitinib_AML_076_02	165.13477	2.2
AML_077_01	Dovitinib	Dovitinib_AML_077_01	187.04471	0.3
AML_078_02	Dovitinib	Dovitinib_AML_078_02	185.68695	0.0
AML_084_01	Dovitinib	Dovitinib_AML_084_01	171.26276	4.6
AML_086_02	Dovitinib	Dovitinib_AML_086_02	176.34984	0.2
AML_098_01	Dovitinib	Dovitinib_AML_098_01	180.45837	0.0
AML_100_01	Dovitinib	Dovitinib_AML_100_01	183.08342	0.6
AML_101_01	Dovitinib	Dovitinib_AML_101_01	168.97244	5.8
AML_101_02	Dovitinib	Dovitinib_AML_101_02	182.6775	3.0
AML_102_01	Dovitinib	Dovitinib_AML_102_01	178.07237	0.0
AML_103_01	Dovitinib	Dovitinib_AML_103_01	174.60977	0.0
AML_103_02	Dovitinib	Dovitinib_AML_103_02	153.33284	2.6
AML_104_01	Dovitinib	Dovitinib_AML_104_01	181.75807	0.0
AML_108_01	Dovitinib	Dovitinib_AML_108_01	173.29425	0.3
AML_109_01	Dovitinib	Dovitinib_AML_109_01	170.56326	2.0
AML_110_01	Dovitinib	Dovitinib_AML_110_01	180.62083	0.7
AML_112_01	Dovitinib	Dovitinib_AML_112_01	178.64468	1.3
AML_112_02	Dovitinib	Dovitinib_AML_112_02	183.06587	0.0
AML_113_01	Dovitinib	Dovitinib_AML_113_01	166.23666	1.3
AML_114_01	Dovitinib	Dovitinib_AML_114_01	178.74019	0.5
AML_115_01	Dovitinib	Dovitinib_AML_115_01	168.81229	0.4
AML_116_01	Dovitinib	Dovitinib_AML_116_01	178.68045	0.8
AML_117_01	Dovitinib	Dovitinib_AML_117_01	185.14159	0.0
AML_119_01	Dovitinib	Dovitinib_AML_119_01	177.16002	0.0
AML_120_01	Dovitinib	Dovitinib_AML_120_01	181.54613	2.6
AML_120_03	Dovitinib	Dovitinib_AML_120_03	184.24545	4.6
AML_122_01	Dovitinib	Dovitinib_AML_122_01	189.00195	0.0
AML_123_01	Dovitinib	Dovitinib_AML_123_01	190.1379	0.9
AML_124_01	Dovitinib	Dovitinib_AML_124_01	183.55103	1.5
AML_125_01	Dovitinib	Dovitinib_AML_125_01	176.55887	0.0
AML_126_01	Dovitinib	Dovitinib_AML_126_01	185.80313	2.7
AML_127_01	Dovitinib	Dovitinib_AML_127_01	177.58867	0.0
AML_128_01	Dovitinib	Dovitinib_AML_128_01	185.25511	0.3
AML_129_02	Dovitinib	Dovitinib_AML_129_02	173.87907	5.0
AML_129_03	Dovitinib	Dovitinib_AML_129_03	170.73682	2.8
AML_131_01	Dovitinib	Dovitinib_AML_131_01	185.81264	0.0
AML_133_01	Dovitinib	Dovitinib_AML_133_01	166.63972	1.2
AML_134_01	Dovitinib	Dovitinib_AML_134_01	176.25766	1.8
AML_135_01	Dovitinib	Dovitinib_AML_135_01	177.44495	1.7
AML_138_01	Dovitinib	Dovitinib_AML_138_01	178.04199	3.4
AML_139_01	Dovitinib	Dovitinib_AML_139_01	184.04202	4.5
AML_140_01	Dovitinib	Dovitinib_AML_140_01	178.71507	0.6
AML_142_01	Dovitinib	Dovitinib_AML_142_01	163.3026	4.6
AML_143_01	Dovitinib	Dovitinib_AML_143_01	180.5946	0.0
AML_144_01	Dovitinib	Dovitinib_AML_144_01	188.19269	0.7
AML_146_01	Dovitinib	Dovitinib_AML_146_01	186.36226	0.0
AML_147_01	Dovitinib	Dovitinib_AML_147_01	180.76016	1.1
AML_151_01	Dovitinib	Dovitinib_AML_151_01	168.05495	1.7
AML_152_01	Dovitinib	Dovitinib_AML_152_01	173.39844	0.5
AML_153_01	Dovitinib	Dovitinib_AML_153_01	165.19485	0.0
AML_156_01	Dovitinib	Dovitinib_AML_156_01	170.60008	0.0
AML_157_01	Dovitinib	Dovitinib_AML_157_01	179.34311	2.1
AML_157_02	Dovitinib	Dovitinib_AML_157_02	178.74504	3.4
AML_158_01	Dovitinib	Dovitinib_AML_158_01	183.6066	0.8
AML_159_01	Dovitinib	Dovitinib_AML_159_01	181.85706	1.4
AML_160_01	Dovitinib	Dovitinib_AML_160_01	173.86307	1.2
AML_161_01	Dovitinib	Dovitinib_AML_161_01	160.75827	0.0
AML_175_01	Dovitinib	Dovitinib_AML_175_01	183.35507	1.1
AML_179_01	Dovitinib	Dovitinib_AML_179_01	170.61673	5.1
AML_183_01	Dovitinib	Dovitinib_AML_183_01	189.80614	0.0
AML_183_02	Dovitinib	Dovitinib_AML_183_02	185.87613	0.0
AML_183_03	Dovitinib	Dovitinib_AML_183_03	177.80843	2.3
AML_184_01	Dovitinib	Dovitinib_AML_184_01	181.88736	0.5
AML_185_01	Dovitinib	Dovitinib_AML_185_01	178.33276	0.8
AML_019_01	Entospletinib	Entospletinib_AML_019_01	211.8878	0.0
AML_025_01	Entospletinib	Entospletinib_AML_025_01	216.53247	0.1
AML_026_01	Entospletinib	Entospletinib_AML_026_01	213.71591	0.0
AML_029_01	Entospletinib	Entospletinib_AML_029_01	212.00226	0.0
AML_030_01	Entospletinib	Entospletinib_AML_030_01	205.21297	0.0
AML_033_01	Entospletinib	Entospletinib_AML_033_01	210.63391	3.6
AML_033_02	Entospletinib	Entospletinib_AML_033_02	201.21559	2.3
AML_043_02	Entospletinib	Entospletinib_AML_043_02	204.76926	0.0
AML_052_01	Entospletinib	Entospletinib_AML_052_01	212.09079	0.0
AML_070_01	Entospletinib	Entospletinib_AML_070_01	214.57297	0.0
AML_074_01	Entospletinib	Entospletinib_AML_074_01	208.8412	0.0
AML_076_02	Entospletinib	Entospletinib_AML_076_02	200.79817	0.0
AML_078_02	Entospletinib	Entospletinib_AML_078_02	211.41107	0.0
AML_086_02	Entospletinib	Entospletinib_AML_086_02	212.85574	0.0
AML_098_01	Entospletinib	Entospletinib_AML_098_01	208.56891	0.0
AML_100_01	Entospletinib	Entospletinib_AML_100_01	211.90677	0.0
AML_101_01	Entospletinib	Entospletinib_AML_101_01	203.98956	4.6
AML_101_02	Entospletinib	Entospletinib_AML_101_02	214.51576	0.7
AML_102_01	Entospletinib	Entospletinib_AML_102_01	203.128	0.0
AML_103_01	Entospletinib	Entospletinib_AML_103_01	200.32791	0.0
AML_103_02	Entospletinib	Entospletinib_AML_103_02	197.41843	0.0
AML_104_01	Entospletinib	Entospletinib_AML_104_01	206.44847	0.0
AML_108_01	Entospletinib	Entospletinib_AML_108_01	203.16728	1.3
AML_109_01	Entospletinib	Entospletinib_AML_109_01	204.86708	0.0
AML_110_01	Entospletinib	Entospletinib_AML_110_01	211.09563	1.6
AML_112_01	Entospletinib	Entospletinib_AML_112_01	203.41978	0.5
AML_112_02	Entospletinib	Entospletinib_AML_112_02	209.63184	0.0
AML_113_01	Entospletinib	Entospletinib_AML_113_01	206.20007	5.5
AML_114_01	Entospletinib	Entospletinib_AML_114_01	204.08559	0.0
AML_115_01	Entospletinib	Entospletinib_AML_115_01	203.36813	0.0
AML_116_01	Entospletinib	Entospletinib_AML_116_01	205.56935	1.8
AML_117_01	Entospletinib	Entospletinib_AML_117_01	209.11676	0.0
AML_119_01	Entospletinib	Entospletinib_AML_119_01	200.86559	0.2
AML_122_01	Entospletinib	Entospletinib_AML_122_01	210.62534	0.0
AML_123_01	Entospletinib	Entospletinib_AML_123_01	214.83105	0.0
AML_124_01	Entospletinib	Entospletinib_AML_124_01	211.34288	0.0
AML_125_01	Entospletinib	Entospletinib_AML_125_01	211.53998	0.0
AML_126_01	Entospletinib	Entospletinib_AML_126_01	208.98163	5.6
AML_127_01	Entospletinib	Entospletinib_AML_127_01	208.87634	0.0
AML_128_01	Entospletinib	Entospletinib_AML_128_01	214.13625	0.0
AML_131_01	Entospletinib	Entospletinib_AML_131_01	211.53508	0.0
AML_133_01	Entospletinib	Entospletinib_AML_133_01	206.6959	0.0
AML_134_01	Entospletinib	Entospletinib_AML_134_01	211.66943	0.0
AML_135_01	Entospletinib	Entospletinib_AML_135_01	209.30327	0.5
AML_138_01	Entospletinib	Entospletinib_AML_138_01	214.94125	0.0
AML_139_01	Entospletinib	Entospletinib_AML_139_01	220.1394	0.0
AML_140_01	Entospletinib	Entospletinib_AML_140_01	208.15675	0.0
AML_142_01	Entospletinib	Entospletinib_AML_142_01	202.98083	0.0
AML_143_01	Entospletinib	Entospletinib_AML_143_01	212.36174	0.0
AML_144_01	Entospletinib	Entospletinib_AML_144_01	218.78587	0.0
AML_146_01	Entospletinib	Entospletinib_AML_146_01	213.41339	0.0
AML_147_01	Entospletinib	Entospletinib_AML_147_01	211.01619	0.0
AML_151_01	Entospletinib	Entospletinib_AML_151_01	204.96411	0.0
AML_152_01	Entospletinib	Entospletinib_AML_152_01	210.51366	0.0
AML_153_01	Entospletinib	Entospletinib_AML_153_01	206.81638	0.0
AML_156_01	Entospletinib	Entospletinib_AML_156_01	206.16565	3.5
AML_157_01	Entospletinib	Entospletinib_AML_157_01	212.5039	0.0
AML_157_02	Entospletinib	Entospletinib_AML_157_02	210.36555	0.0
AML_158_01	Entospletinib	Entospletinib_AML_158_01	214.91566	0.0
AML_159_01	Entospletinib	Entospletinib_AML_159_01	214.1163	0.0
AML_160_01	Entospletinib	Entospletinib_AML_160_01	206.29607	0.0
AML_161_01	Entospletinib	Entospletinib_AML_161_01	202.78313	3.5
AML_183_02	Entospletinib	Entospletinib_AML_183_02	206.92175	0.5
AML_183_03	Entospletinib	Entospletinib_AML_183_03	208.20302	0.0
AML_001_01	Erlotinib	Erlotinib_AML_001_01	222.28061	0.0
AML_001_03	Erlotinib	Erlotinib_AML_001_03	228.69809	3.7
AML_002_01	Erlotinib	Erlotinib_AML_002_01	216.54605	1.7
AML_003_02	Erlotinib	Erlotinib_AML_003_02	218.2869	1.9
AML_004_01	Erlotinib	Erlotinib_AML_004_01	223.97893	3.9
AML_006_02	Erlotinib	Erlotinib_AML_006_02	228.32703	0.8
AML_007_01	Erlotinib	Erlotinib_AML_007_01	227.0199	2.9
AML_007_02	Erlotinib	Erlotinib_AML_007_02	230.6354	2.9
AML_012_01	Erlotinib	Erlotinib_AML_012_01	204.65596	6.8
AML_013_01	Erlotinib	Erlotinib_AML_013_01	210.97356	7.4
AML_014_01	Erlotinib	Erlotinib_AML_014_01	226.354	0.3
AML_015_01	Erlotinib	Erlotinib_AML_015_01	226.09723	4.6
AML_015_02	Erlotinib	Erlotinib_AML_015_02	223.59436	2.6
AML_015_03	Erlotinib	Erlotinib_AML_015_03	224.90976	4.1
AML_015_04	Erlotinib	Erlotinib_AML_015_04	216.98877	7.4
AML_018_01	Erlotinib	Erlotinib_AML_018_01	209.08505	4.8
AML_019_01	Erlotinib	Erlotinib_AML_019_01	215.1291	5.5
AML_020_01	Erlotinib	Erlotinib_AML_020_01	219.8392	0.8
AML_022_01	Erlotinib	Erlotinib_AML_022_01	221.27151	0.0
AML_023_01	Erlotinib	Erlotinib_AML_023_01	222.81987	1.7
AML_023_03	Erlotinib	Erlotinib_AML_023_03	220.55386	0.9
AML_023_04	Erlotinib	Erlotinib_AML_023_04	219.18752	1.1
AML_024_01	Erlotinib	Erlotinib_AML_024_01	219.84319	4.1
AML_025_01	Erlotinib	Erlotinib_AML_025_01	229.16272	3.6
AML_026_01	Erlotinib	Erlotinib_AML_026_01	230.10771	0.0
AML_028_01	Erlotinib	Erlotinib_AML_028_01	220.32907	1.7
AML_028_04	Erlotinib	Erlotinib_AML_028_04	205.31902	7.2
AML_029_01	Erlotinib	Erlotinib_AML_029_01	224.87549	4.1
AML_030_01	Erlotinib	Erlotinib_AML_030_01	218.53882	2.1
AML_032_01	Erlotinib	Erlotinib_AML_032_01	223.65697	1.6
AML_033_01	Erlotinib	Erlotinib_AML_033_01	219.45377	6.4
AML_033_02	Erlotinib	Erlotinib_AML_033_02	203.59969	5.5
AML_035_02	Erlotinib	Erlotinib_AML_035_02	227.8905	0.0
AML_035_04	Erlotinib	Erlotinib_AML_035_04	216.85059	0.1
AML_036_01	Erlotinib	Erlotinib_AML_036_01	229.17987	1.0
AML_040_01	Erlotinib	Erlotinib_AML_040_01	222.44931	4.8
AML_041_01	Erlotinib	Erlotinib_AML_041_01	228.39087	2.5
AML_042_01	Erlotinib	Erlotinib_AML_042_01	226.74895	3.7
AML_043_02	Erlotinib	Erlotinib_AML_043_02	206.65663	1.9
AML_045_01	Erlotinib	Erlotinib_AML_045_01	226.68259	0.4
AML_046_01	Erlotinib	Erlotinib_AML_046_01	212.1868	11.1
AML_051_01	Erlotinib	Erlotinib_AML_051_01	217.39801	1.1
AML_052_01	Erlotinib	Erlotinib_AML_052_01	222.10722	3.6
AML_053_01	Erlotinib	Erlotinib_AML_053_01	233.66777	0.5
AML_054_01	Erlotinib	Erlotinib_AML_054_01	212.79433	5.2
AML_057_01	Erlotinib	Erlotinib_AML_057_01	225.36098	3.8
AML_058_01	Erlotinib	Erlotinib_AML_058_01	222.85736	3.5
AML_059_01	Erlotinib	Erlotinib_AML_059_01	221.79036	6.4
AML_060_01	Erlotinib	Erlotinib_AML_060_01	218.41177	3.8
AML_061_01	Erlotinib	Erlotinib_AML_061_01	222.9178	2.8
AML_062_01	Erlotinib	Erlotinib_AML_062_01	218.94614	5.4
AML_064_01	Erlotinib	Erlotinib_AML_064_01	224.02951	1.0
AML_065_01	Erlotinib	Erlotinib_AML_065_01	215.374	3.6
AML_067_01	Erlotinib	Erlotinib_AML_067_01	222.35413	4.1
AML_070_01	Erlotinib	Erlotinib_AML_070_01	228.17667	2.8
AML_072_01	Erlotinib	Erlotinib_AML_072_01	224.78952	0.7
AML_073_01	Erlotinib	Erlotinib_AML_073_01	224.961	7.0
AML_074_01	Erlotinib	Erlotinib_AML_074_01	225.8715	2.5
AML_075_01	Erlotinib	Erlotinib_AML_075_01	225.41634	0.6
AML_076_01	Erlotinib	Erlotinib_AML_076_01	225.2607	3.2
AML_076_02	Erlotinib	Erlotinib_AML_076_02	211.09253	8.0
AML_077_01	Erlotinib	Erlotinib_AML_077_01	225.51212	4.4
AML_078_02	Erlotinib	Erlotinib_AML_078_02	226.12683	2.5
AML_084_01	Erlotinib	Erlotinib_AML_084_01	215.73402	7.0
AML_086_02	Erlotinib	Erlotinib_AML_086_02	220.7108	6.8
AML_098_01	Erlotinib	Erlotinib_AML_098_01	224.88838	0.0
AML_100_01	Erlotinib	Erlotinib_AML_100_01	227.43106	3.1
AML_101_01	Erlotinib	Erlotinib_AML_101_01	209.41084	3.8
AML_101_02	Erlotinib	Erlotinib_AML_101_02	220.0767	2.4
AML_102_01	Erlotinib	Erlotinib_AML_102_01	221.19373	4.2
AML_103_01	Erlotinib	Erlotinib_AML_103_01	217.13947	3.7
AML_103_02	Erlotinib	Erlotinib_AML_103_02	199.02187	6.7
AML_104_01	Erlotinib	Erlotinib_AML_104_01	225.07014	4.7
AML_108_01	Erlotinib	Erlotinib_AML_108_01	220.53606	6.2
AML_109_01	Erlotinib	Erlotinib_AML_109_01	211.09258	4.2
AML_110_01	Erlotinib	Erlotinib_AML_110_01	224.36694	7.2
AML_112_01	Erlotinib	Erlotinib_AML_112_01	219.61276	4.8
AML_112_02	Erlotinib	Erlotinib_AML_112_02	223.22813	2.8
AML_113_01	Erlotinib	Erlotinib_AML_113_01	215.00552	5.0
AML_114_01	Erlotinib	Erlotinib_AML_114_01	220.45743	4.0
AML_115_01	Erlotinib	Erlotinib_AML_115_01	216.4221	5.2
AML_116_01	Erlotinib	Erlotinib_AML_116_01	221.51126	2.0
AML_117_01	Erlotinib	Erlotinib_AML_117_01	224.81822	4.4
AML_119_01	Erlotinib	Erlotinib_AML_119_01	221.96933	2.8
AML_120_01	Erlotinib	Erlotinib_AML_120_01	224.71123	0.9
AML_120_03	Erlotinib	Erlotinib_AML_120_03	224.33275	4.8
AML_122_01	Erlotinib	Erlotinib_AML_122_01	225.92343	1.9
AML_123_01	Erlotinib	Erlotinib_AML_123_01	229.3057	3.7
AML_124_01	Erlotinib	Erlotinib_AML_124_01	224.99815	5.7
AML_125_01	Erlotinib	Erlotinib_AML_125_01	222.1988	24.8
AML_126_01	Erlotinib	Erlotinib_AML_126_01	222.14658	3.2
AML_127_01	Erlotinib	Erlotinib_AML_127_01	224.51294	3.6
AML_128_01	Erlotinib	Erlotinib_AML_128_01	225.14351	4.9
AML_129_02	Erlotinib	Erlotinib_AML_129_02	222.84529	5.2
AML_129_03	Erlotinib	Erlotinib_AML_129_03	221.16571	5.5
AML_131_01	Erlotinib	Erlotinib_AML_131_01	226.21733	1.9
AML_133_01	Erlotinib	Erlotinib_AML_133_01	210.39598	1.3
AML_134_01	Erlotinib	Erlotinib_AML_134_01	212.6932	6.1
AML_135_01	Erlotinib	Erlotinib_AML_135_01	219.80199	6.2
AML_138_01	Erlotinib	Erlotinib_AML_138_01	221.64844	6.9
AML_139_01	Erlotinib	Erlotinib_AML_139_01	231.56511	2.3
AML_140_01	Erlotinib	Erlotinib_AML_140_01	223.94453	4.3
AML_142_01	Erlotinib	Erlotinib_AML_142_01	205.50203	5.8
AML_143_01	Erlotinib	Erlotinib_AML_143_01	224.04936	3.4
AML_144_01	Erlotinib	Erlotinib_AML_144_01	229.09065	4.2
AML_146_01	Erlotinib	Erlotinib_AML_146_01	224.56	1.3
AML_147_01	Erlotinib	Erlotinib_AML_147_01	224.81905	1.7
AML_151_01	Erlotinib	Erlotinib_AML_151_01	218.62785	5.3
AML_152_01	Erlotinib	Erlotinib_AML_152_01	220.36855	2.3
AML_153_01	Erlotinib	Erlotinib_AML_153_01	207.56226	2.2
AML_156_01	Erlotinib	Erlotinib_AML_156_01	214.78445	1.6
AML_157_01	Erlotinib	Erlotinib_AML_157_01	225.3205	1.8
AML_157_02	Erlotinib	Erlotinib_AML_157_02	222.50017	2.4
AML_158_01	Erlotinib	Erlotinib_AML_158_01	227.46376	2.7
AML_159_01	Erlotinib	Erlotinib_AML_159_01	225.97559	5.9
AML_160_01	Erlotinib	Erlotinib_AML_160_01	217.12144	2.1
AML_161_01	Erlotinib	Erlotinib_AML_161_01	207.31339	1.8
AML_175_01	Erlotinib	Erlotinib_AML_175_01	228.38303	0.2
AML_179_01	Erlotinib	Erlotinib_AML_179_01	211.75685	1.7
AML_183_01	Erlotinib	Erlotinib_AML_183_01	229.4664	3.5
AML_183_02	Erlotinib	Erlotinib_AML_183_02	224.18474	2.0
AML_183_03	Erlotinib	Erlotinib_AML_183_03	221.89703	2.3
AML_184_01	Erlotinib	Erlotinib_AML_184_01	226.05148	1.5
AML_185_01	Erlotinib	Erlotinib_AML_185_01	221.77335	0.0
AML_001_01	Foretinib	Foretinib_AML_001_01	164.35701	2.6
AML_001_03	Foretinib	Foretinib_AML_001_03	168.45602	2.7
AML_002_01	Foretinib	Foretinib_AML_002_01	170.55699	8.4
AML_003_02	Foretinib	Foretinib_AML_003_02	173.24478	1.0
AML_004_01	Foretinib	Foretinib_AML_004_01	165.59601	4.7
AML_006_02	Foretinib	Foretinib_AML_006_02	172.48785	3.8
AML_007_01	Foretinib	Foretinib_AML_007_01	167.5167	2.5
AML_007_02	Foretinib	Foretinib_AML_007_02	168.33823	2.7
AML_012_01	Foretinib	Foretinib_AML_012_01	160.0146	24.9
AML_013_01	Foretinib	Foretinib_AML_013_01	164.33018	26.5
AML_014_01	Foretinib	Foretinib_AML_014_01	167.76987	7.0
AML_015_01	Foretinib	Foretinib_AML_015_01	168.52586	21.7
AML_015_02	Foretinib	Foretinib_AML_015_02	173.11752	16.6
AML_015_03	Foretinib	Foretinib_AML_015_03	163.5039	23.2
AML_015_04	Foretinib	Foretinib_AML_015_04	161.47949	31.2
AML_018_01	Foretinib	Foretinib_AML_018_01	155.54927	25.1
AML_019_01	Foretinib	Foretinib_AML_019_01	174.11469	3.0
AML_020_01	Foretinib	Foretinib_AML_020_01	172.79276	1.5
AML_022_01	Foretinib	Foretinib_AML_022_01	159.94511	12.7
AML_023_01	Foretinib	Foretinib_AML_023_01	166.30725	19.0
AML_023_03	Foretinib	Foretinib_AML_023_03	162.24232	15.0
AML_023_04	Foretinib	Foretinib_AML_023_04	164.24223	10.1
AML_024_01	Foretinib	Foretinib_AML_024_01	169.75348	4.2
AML_025_01	Foretinib	Foretinib_AML_025_01	177.03668	2.3
AML_026_01	Foretinib	Foretinib_AML_026_01	169.72333	1.4
AML_028_01	Foretinib	Foretinib_AML_028_01	165.86066	12.3
AML_028_04	Foretinib	Foretinib_AML_028_04	160.33855	28.0
AML_029_01	Foretinib	Foretinib_AML_029_01	170.81042	0.8
AML_030_01	Foretinib	Foretinib_AML_030_01	160.20142	0.5
AML_032_01	Foretinib	Foretinib_AML_032_01	172.50171	2.6
AML_033_01	Foretinib	Foretinib_AML_033_01	169.50087	7.3
AML_033_02	Foretinib	Foretinib_AML_033_02	156.70801	7.2
AML_035_02	Foretinib	Foretinib_AML_035_02	178.60365	2.0
AML_035_04	Foretinib	Foretinib_AML_035_04	175.4853	0.0
AML_036_01	Foretinib	Foretinib_AML_036_01	162.3188	3.0
AML_040_01	Foretinib	Foretinib_AML_040_01	156.09096	13.3
AML_041_01	Foretinib	Foretinib_AML_041_01	166.401	5.7
AML_042_01	Foretinib	Foretinib_AML_042_01	171.71436	5.4
AML_043_02	Foretinib	Foretinib_AML_043_02	163.39539	3.2
AML_045_01	Foretinib	Foretinib_AML_045_01	171.86148	0.0
AML_046_01	Foretinib	Foretinib_AML_046_01	153.90671	37.3
AML_051_01	Foretinib	Foretinib_AML_051_01	157.53941	5.5
AML_052_01	Foretinib	Foretinib_AML_052_01	170.15247	3.0
AML_053_01	Foretinib	Foretinib_AML_053_01	180.6155	5.5
AML_054_01	Foretinib	Foretinib_AML_054_01	161.3893	12.4
AML_057_01	Foretinib	Foretinib_AML_057_01	163.06573	8.5
AML_058_01	Foretinib	Foretinib_AML_058_01	162.2504	7.3
AML_059_01	Foretinib	Foretinib_AML_059_01	159.99136	6.2
AML_060_01	Foretinib	Foretinib_AML_060_01	168.93759	2.5
AML_061_01	Foretinib	Foretinib_AML_061_01	166.03032	7.8
AML_062_01	Foretinib	Foretinib_AML_062_01	155.3698	13.8
AML_064_01	Foretinib	Foretinib_AML_064_01	165.70271	4.4
AML_065_01	Foretinib	Foretinib_AML_065_01	151.34886	10.2
AML_067_01	Foretinib	Foretinib_AML_067_01	155.36188	11.1
AML_070_01	Foretinib	Foretinib_AML_070_01	173.22559	0.9
AML_072_01	Foretinib	Foretinib_AML_072_01	177.3918	3.7
AML_073_01	Foretinib	Foretinib_AML_073_01	176.52373	2.6
AML_074_01	Foretinib	Foretinib_AML_074_01	163.84639	4.2
AML_075_01	Foretinib	Foretinib_AML_075_01	169.28363	4.3
AML_076_01	Foretinib	Foretinib_AML_076_01	170.30856	1.5
AML_076_02	Foretinib	Foretinib_AML_076_02	154.05667	4.7
AML_077_01	Foretinib	Foretinib_AML_077_01	177.06848	3.3
AML_078_02	Foretinib	Foretinib_AML_078_02	164.06071	2.6
AML_084_01	Foretinib	Foretinib_AML_084_01	160.30937	14.8
AML_086_02	Foretinib	Foretinib_AML_086_02	169.5042	2.1
AML_098_01	Foretinib	Foretinib_AML_098_01	161.39711	3.6
AML_100_01	Foretinib	Foretinib_AML_100_01	162.94128	2.8
AML_101_01	Foretinib	Foretinib_AML_101_01	163.34196	12.7
AML_101_02	Foretinib	Foretinib_AML_101_02	177.36145	0.0
AML_102_01	Foretinib	Foretinib_AML_102_01	153.57774	0.0
AML_103_01	Foretinib	Foretinib_AML_103_01	154.56917	0.9
AML_103_02	Foretinib	Foretinib_AML_103_02	152.93738	5.8
AML_104_01	Foretinib	Foretinib_AML_104_01	154.76587	0.0
AML_108_01	Foretinib	Foretinib_AML_108_01	151.60573	2.5
AML_109_01	Foretinib	Foretinib_AML_109_01	165.40686	3.4
AML_110_01	Foretinib	Foretinib_AML_110_01	164.45319	5.1
AML_112_01	Foretinib	Foretinib_AML_112_01	157.29074	4.0
AML_112_02	Foretinib	Foretinib_AML_112_02	164.67017	2.4
AML_113_01	Foretinib	Foretinib_AML_113_01	158.13876	6.5
AML_114_01	Foretinib	Foretinib_AML_114_01	156.61493	0.0
AML_115_01	Foretinib	Foretinib_AML_115_01	151.2206	8.0
AML_116_01	Foretinib	Foretinib_AML_116_01	160.86717	0.0
AML_117_01	Foretinib	Foretinib_AML_117_01	163.98483	5.0
AML_119_01	Foretinib	Foretinib_AML_119_01	150.52684	4.0
AML_120_01	Foretinib	Foretinib_AML_120_01	169.05441	27.0
AML_120_03	Foretinib	Foretinib_AML_120_03	173.77075	20.8
AML_122_01	Foretinib	Foretinib_AML_122_01	168.03647	0.0
AML_123_01	Foretinib	Foretinib_AML_123_01	170.6334	4.5
AML_124_01	Foretinib	Foretinib_AML_124_01	168.0554	6.2
AML_125_01	Foretinib	Foretinib_AML_125_01	167.13934	2.1
AML_126_01	Foretinib	Foretinib_AML_126_01	169.49371	7.0
AML_127_01	Foretinib	Foretinib_AML_127_01	157.83366	2.2
AML_128_01	Foretinib	Foretinib_AML_128_01	174.59392	1.6
AML_129_02	Foretinib	Foretinib_AML_129_02	161.53984	27.3
AML_129_03	Foretinib	Foretinib_AML_129_03	160.48882	12.6
AML_131_01	Foretinib	Foretinib_AML_131_01	163.72957	2.5
AML_133_01	Foretinib	Foretinib_AML_133_01	166.55092	4.1
AML_134_01	Foretinib	Foretinib_AML_134_01	177.75197	0.0
AML_135_01	Foretinib	Foretinib_AML_135_01	164.56808	6.8
AML_138_01	Foretinib	Foretinib_AML_138_01	173.9686	2.4
AML_139_01	Foretinib	Foretinib_AML_139_01	174.70392	5.3
AML_140_01	Foretinib	Foretinib_AML_140_01	160.45276	3.3
AML_142_01	Foretinib	Foretinib_AML_142_01	163.02898	8.5
AML_143_01	Foretinib	Foretinib_AML_143_01	168.16739	0.4
AML_144_01	Foretinib	Foretinib_AML_144_01	176.72238	2.4
AML_146_01	Foretinib	Foretinib_AML_146_01	173.0172	0.0
AML_147_01	Foretinib	Foretinib_AML_147_01	165.4021	3.2
AML_151_01	Foretinib	Foretinib_AML_151_01	154.06146	7.1
AML_152_01	Foretinib	Foretinib_AML_152_01	162.55296	2.3
AML_153_01	Foretinib	Foretinib_AML_153_01	169.18239	0.0
AML_156_01	Foretinib	Foretinib_AML_156_01	161.17601	1.6
AML_157_01	Foretinib	Foretinib_AML_157_01	165.22699	14.1
AML_157_02	Foretinib	Foretinib_AML_157_02	164.00494	13.5
AML_158_01	Foretinib	Foretinib_AML_158_01	170.57375	3.0
AML_159_01	Foretinib	Foretinib_AML_159_01	171.22739	6.5
AML_160_01	Foretinib	Foretinib_AML_160_01	160.50107	0.7
AML_161_01	Foretinib	Foretinib_AML_161_01	155.40402	4.0
AML_175_01	Foretinib	Foretinib_AML_175_01	159.43442	1.7
AML_179_01	Foretinib	Foretinib_AML_179_01	167.25659	8.9
AML_183_01	Foretinib	Foretinib_AML_183_01	170.57236	0.0
AML_183_02	Foretinib	Foretinib_AML_183_02	162.30338	0.5
AML_183_03	Foretinib	Foretinib_AML_183_03	161.25961	4.2
AML_184_01	Foretinib	Foretinib_AML_184_01	154.59492	11.6
AML_185_01	Foretinib	Foretinib_AML_185_01	175.33551	0.0
AML_001_01	Gefitinib	Gefitinib_AML_001_01	240.435	0.0
AML_001_03	Gefitinib	Gefitinib_AML_001_03	239.81007	5.0
AML_002_01	Gefitinib	Gefitinib_AML_002_01	235.55493	3.3
AML_003_02	Gefitinib	Gefitinib_AML_003_02	237.64496	4.3
AML_004_01	Gefitinib	Gefitinib_AML_004_01	237.01657	4.9
AML_006_02	Gefitinib	Gefitinib_AML_006_02	241.44635	0.8
AML_007_01	Gefitinib	Gefitinib_AML_007_01	237.49377	1.1
AML_007_02	Gefitinib	Gefitinib_AML_007_02	240.46039	0.2
AML_012_01	Gefitinib	Gefitinib_AML_012_01	223.42033	7.1
AML_013_01	Gefitinib	Gefitinib_AML_013_01	230.52951	8.0
AML_014_01	Gefitinib	Gefitinib_AML_014_01	238.6915	0.5
AML_015_01	Gefitinib	Gefitinib_AML_015_01	239.74779	2.2
AML_015_02	Gefitinib	Gefitinib_AML_015_02	234.28549	2.5
AML_015_03	Gefitinib	Gefitinib_AML_015_03	237.51025	6.6
AML_015_04	Gefitinib	Gefitinib_AML_015_04	235.99312	8.3
AML_018_01	Gefitinib	Gefitinib_AML_018_01	223.59471	7.9
AML_019_01	Gefitinib	Gefitinib_AML_019_01	232.10474	6.6
AML_020_01	Gefitinib	Gefitinib_AML_020_01	238.55112	2.0
AML_022_01	Gefitinib	Gefitinib_AML_022_01	232.51175	1.7
AML_023_01	Gefitinib	Gefitinib_AML_023_01	235.23201	1.4
AML_023_03	Gefitinib	Gefitinib_AML_023_03	234.65454	1.2
AML_023_04	Gefitinib	Gefitinib_AML_023_04	232.75868	1.1
AML_024_01	Gefitinib	Gefitinib_AML_024_01	236.97574	0.1
AML_025_01	Gefitinib	Gefitinib_AML_025_01	241.75479	4.4
AML_026_01	Gefitinib	Gefitinib_AML_026_01	242.19127	1.9
AML_028_01	Gefitinib	Gefitinib_AML_028_01	236.34328	2.6
AML_028_04	Gefitinib	Gefitinib_AML_028_04	226.31932	7.5
AML_029_01	Gefitinib	Gefitinib_AML_029_01	238.45462	2.9
AML_030_01	Gefitinib	Gefitinib_AML_030_01	232.24641	1.4
AML_032_01	Gefitinib	Gefitinib_AML_032_01	240.72185	0.0
AML_033_01	Gefitinib	Gefitinib_AML_033_01	235.59836	3.2
AML_033_02	Gefitinib	Gefitinib_AML_033_02	225.13228	6.1
AML_035_02	Gefitinib	Gefitinib_AML_035_02	244.20206	0.6
AML_035_04	Gefitinib	Gefitinib_AML_035_04	237.26361	0.1
AML_036_01	Gefitinib	Gefitinib_AML_036_01	239.8279	0.8
AML_040_01	Gefitinib	Gefitinib_AML_040_01	235.67725	6.9
AML_041_01	Gefitinib	Gefitinib_AML_041_01	241.14398	1.4
AML_042_01	Gefitinib	Gefitinib_AML_042_01	238.47902	4.7
AML_043_02	Gefitinib	Gefitinib_AML_043_02	226.54686	2.3
AML_045_01	Gefitinib	Gefitinib_AML_045_01	241.0503	1.8
AML_046_01	Gefitinib	Gefitinib_AML_046_01	232.31349	10.6
AML_051_01	Gefitinib	Gefitinib_AML_051_01	233.00594	3.0
AML_052_01	Gefitinib	Gefitinib_AML_052_01	236.90846	2.3
AML_053_01	Gefitinib	Gefitinib_AML_053_01	247.43784	5.6
AML_054_01	Gefitinib	Gefitinib_AML_054_01	232.21545	7.1
AML_057_01	Gefitinib	Gefitinib_AML_057_01	237.84192	3.4
AML_058_01	Gefitinib	Gefitinib_AML_058_01	236.59038	3.9
AML_059_01	Gefitinib	Gefitinib_AML_059_01	236.16724	6.1
AML_060_01	Gefitinib	Gefitinib_AML_060_01	235.171	2.2
AML_061_01	Gefitinib	Gefitinib_AML_061_01	236.70518	1.2
AML_062_01	Gefitinib	Gefitinib_AML_062_01	231.96152	7.6
AML_064_01	Gefitinib	Gefitinib_AML_064_01	234.22943	1.5
AML_065_01	Gefitinib	Gefitinib_AML_065_01	230.85368	3.0
AML_067_01	Gefitinib	Gefitinib_AML_067_01	233.32272	4.3
AML_070_01	Gefitinib	Gefitinib_AML_070_01	240.49278	2.0
AML_072_01	Gefitinib	Gefitinib_AML_072_01	240.4399	1.4
AML_073_01	Gefitinib	Gefitinib_AML_073_01	242.78723	5.4
AML_074_01	Gefitinib	Gefitinib_AML_074_01	237.28345	4.7
AML_075_01	Gefitinib	Gefitinib_AML_075_01	237.4051	3.7
AML_076_01	Gefitinib	Gefitinib_AML_076_01	239.99167	1.7
AML_076_02	Gefitinib	Gefitinib_AML_076_02	227.66646	7.8
AML_077_01	Gefitinib	Gefitinib_AML_077_01	242.65852	3.2
AML_078_02	Gefitinib	Gefitinib_AML_078_02	239.69197	1.3
AML_084_01	Gefitinib	Gefitinib_AML_084_01	233.84181	6.1
AML_086_02	Gefitinib	Gefitinib_AML_086_02	238.88618	6.2
AML_098_01	Gefitinib	Gefitinib_AML_098_01	235.26732	0.0
AML_100_01	Gefitinib	Gefitinib_AML_100_01	240.3554	3.5
AML_101_01	Gefitinib	Gefitinib_AML_101_01	229.52528	5.4
AML_101_02	Gefitinib	Gefitinib_AML_101_02	237.61525	2.3
AML_102_01	Gefitinib	Gefitinib_AML_102_01	233.56294	1.8
AML_103_01	Gefitinib	Gefitinib_AML_103_01	228.84918	2.7
AML_103_02	Gefitinib	Gefitinib_AML_103_02	218.87025	4.5
AML_104_01	Gefitinib	Gefitinib_AML_104_01	238.53264	0.7
AML_108_01	Gefitinib	Gefitinib_AML_108_01	234.31215	4.0
AML_109_01	Gefitinib	Gefitinib_AML_109_01	229.25465	3.3
AML_110_01	Gefitinib	Gefitinib_AML_110_01	238.56837	7.4
AML_112_01	Gefitinib	Gefitinib_AML_112_01	232.9344	5.0
AML_112_02	Gefitinib	Gefitinib_AML_112_02	236.35565	4.2
AML_113_01	Gefitinib	Gefitinib_AML_113_01	231.88661	6.9
AML_114_01	Gefitinib	Gefitinib_AML_114_01	234.91907	2.2
AML_115_01	Gefitinib	Gefitinib_AML_115_01	232.80487	5.0
AML_116_01	Gefitinib	Gefitinib_AML_116_01	234.35115	2.0
AML_117_01	Gefitinib	Gefitinib_AML_117_01	239.58646	4.4
AML_119_01	Gefitinib	Gefitinib_AML_119_01	234.02875	2.7
AML_120_01	Gefitinib	Gefitinib_AML_120_01	238.3928	1.6
AML_120_03	Gefitinib	Gefitinib_AML_120_03	238.75932	2.6
AML_122_01	Gefitinib	Gefitinib_AML_122_01	235.76941	0.1
AML_123_01	Gefitinib	Gefitinib_AML_123_01	242.74417	4.7
AML_124_01	Gefitinib	Gefitinib_AML_124_01	238.22612	5.5
AML_125_01	Gefitinib	Gefitinib_AML_125_01	237.46951	16.3
AML_126_01	Gefitinib	Gefitinib_AML_126_01	233.48085	6.3
AML_127_01	Gefitinib	Gefitinib_AML_127_01	236.7615	6.2
AML_128_01	Gefitinib	Gefitinib_AML_128_01	241.1716	3.7
AML_129_02	Gefitinib	Gefitinib_AML_129_02	238.23808	5.7
AML_129_03	Gefitinib	Gefitinib_AML_129_03	237.81036	1.8
AML_131_01	Gefitinib	Gefitinib_AML_131_01	237.5661	3.1
AML_133_01	Gefitinib	Gefitinib_AML_133_01	230.136	3.2
AML_134_01	Gefitinib	Gefitinib_AML_134_01	232.76927	6.4
AML_135_01	Gefitinib	Gefitinib_AML_135_01	236.59885	3.0
AML_138_01	Gefitinib	Gefitinib_AML_138_01	240.2352	5.3
AML_139_01	Gefitinib	Gefitinib_AML_139_01	245.6885	3.4
AML_140_01	Gefitinib	Gefitinib_AML_140_01	235.33653	2.6
AML_142_01	Gefitinib	Gefitinib_AML_142_01	224.97993	7.6
AML_143_01	Gefitinib	Gefitinib_AML_143_01	235.87115	5.3
AML_144_01	Gefitinib	Gefitinib_AML_144_01	244.47882	4.9
AML_146_01	Gefitinib	Gefitinib_AML_146_01	238.46059	3.0
AML_147_01	Gefitinib	Gefitinib_AML_147_01	237.21927	2.5
AML_151_01	Gefitinib	Gefitinib_AML_151_01	231.35428	7.1
AML_152_01	Gefitinib	Gefitinib_AML_152_01	236.72528	4.2
AML_153_01	Gefitinib	Gefitinib_AML_153_01	227.05428	4.4
AML_156_01	Gefitinib	Gefitinib_AML_156_01	231.08806	2.9
AML_157_01	Gefitinib	Gefitinib_AML_157_01	237.97464	2.7
AML_157_02	Gefitinib	Gefitinib_AML_157_02	233.9628	4.0
AML_158_01	Gefitinib	Gefitinib_AML_158_01	240.76022	2.6
AML_159_01	Gefitinib	Gefitinib_AML_159_01	239.0609	4.6
AML_160_01	Gefitinib	Gefitinib_AML_160_01	232.26003	4.1
AML_161_01	Gefitinib	Gefitinib_AML_161_01	226.30417	3.1
AML_175_01	Gefitinib	Gefitinib_AML_175_01	240.30505	0.3
AML_179_01	Gefitinib	Gefitinib_AML_179_01	231.46762	2.7
AML_183_01	Gefitinib	Gefitinib_AML_183_01	240.04407	0.8
AML_183_02	Gefitinib	Gefitinib_AML_183_02	234.36014	2.9
AML_183_03	Gefitinib	Gefitinib_AML_183_03	234.21507	1.8
AML_184_01	Gefitinib	Gefitinib_AML_184_01	237.45258	3.0
AML_185_01	Gefitinib	Gefitinib_AML_185_01	241.11604	1.1
AML_004_01	GSK-1838705A	GSK-1838705A_AML_004_01	216.44427	3.4
AML_019_01	GSK-1838705A	GSK-1838705A_AML_019_01	208.15811	0.9
AML_025_01	GSK-1838705A	GSK-1838705A_AML_025_01	219.11507	0.0
AML_026_01	GSK-1838705A	GSK-1838705A_AML_026_01	221.29318	0.1
AML_029_01	GSK-1838705A	GSK-1838705A_AML_029_01	216.15599	0.1
AML_030_01	GSK-1838705A	GSK-1838705A_AML_030_01	213.05815	0.7
AML_033_01	GSK-1838705A	GSK-1838705A_AML_033_01	213.32901	2.5
AML_033_02	GSK-1838705A	GSK-1838705A_AML_033_02	198.79321	2.2
AML_041_01	GSK-1838705A	GSK-1838705A_AML_041_01	222.38065	0.0
AML_042_01	GSK-1838705A	GSK-1838705A_AML_042_01	219.26189	4.8
AML_043_02	GSK-1838705A	GSK-1838705A_AML_043_02	202.43863	0.0
AML_046_01	GSK-1838705A	GSK-1838705A_AML_046_01	209.7336	9.8
AML_052_01	GSK-1838705A	GSK-1838705A_AML_052_01	213.01265	5.5
AML_057_01	GSK-1838705A	GSK-1838705A_AML_057_01	218.30963	0.0
AML_058_01	GSK-1838705A	GSK-1838705A_AML_058_01	216.01677	3.6
AML_059_01	GSK-1838705A	GSK-1838705A_AML_059_01	213.16568	3.2
AML_060_01	GSK-1838705A	GSK-1838705A_AML_060_01	211.25958	6.5
AML_061_01	GSK-1838705A	GSK-1838705A_AML_061_01	214.59492	4.3
AML_062_01	GSK-1838705A	GSK-1838705A_AML_062_01	215.1236	1.7
AML_064_01	GSK-1838705A	GSK-1838705A_AML_064_01	219.30647	0.0
AML_065_01	GSK-1838705A	GSK-1838705A_AML_065_01	210.0918	2.6
AML_067_01	GSK-1838705A	GSK-1838705A_AML_067_01	216.94507	1.6
AML_070_01	GSK-1838705A	GSK-1838705A_AML_070_01	219.99536	3.2
AML_072_01	GSK-1838705A	GSK-1838705A_AML_072_01	217.3699	0.0
AML_073_01	GSK-1838705A	GSK-1838705A_AML_073_01	216.92776	0.0
AML_074_01	GSK-1838705A	GSK-1838705A_AML_074_01	218.24387	0.0
AML_075_01	GSK-1838705A	GSK-1838705A_AML_075_01	218.03447	3.8
AML_076_01	GSK-1838705A	GSK-1838705A_AML_076_01	220.20209	0.0
AML_076_02	GSK-1838705A	GSK-1838705A_AML_076_02	205.86766	0.0
AML_077_01	GSK-1838705A	GSK-1838705A_AML_077_01	217.7828	3.6
AML_078_02	GSK-1838705A	GSK-1838705A_AML_078_02	219.56929	0.0
AML_086_02	GSK-1838705A	GSK-1838705A_AML_086_02	212.15495	0.0
AML_098_01	GSK-1838705A	GSK-1838705A_AML_098_01	217.67368	0.5
AML_100_01	GSK-1838705A	GSK-1838705A_AML_100_01	219.64255	0.6
AML_101_01	GSK-1838705A	GSK-1838705A_AML_101_01	204.45139	1.6
AML_101_02	GSK-1838705A	GSK-1838705A_AML_101_02	213.07999	4.4
AML_102_01	GSK-1838705A	GSK-1838705A_AML_102_01	215.0755	1.0
AML_103_01	GSK-1838705A	GSK-1838705A_AML_103_01	213.52959	0.4
AML_103_02	GSK-1838705A	GSK-1838705A_AML_103_02	196.53012	2.3
AML_104_01	GSK-1838705A	GSK-1838705A_AML_104_01	217.34303	0.5
AML_108_01	GSK-1838705A	GSK-1838705A_AML_108_01	215.52122	3.3
AML_109_01	GSK-1838705A	GSK-1838705A_AML_109_01	204.00697	0.0
AML_110_01	GSK-1838705A	GSK-1838705A_AML_110_01	215.86089	0.0
AML_112_01	GSK-1838705A	GSK-1838705A_AML_112_01	215.27246	0.1
AML_112_02	GSK-1838705A	GSK-1838705A_AML_112_02	218.15866	1.0
AML_113_01	GSK-1838705A	GSK-1838705A_AML_113_01	209.23763	2.3
AML_114_01	GSK-1838705A	GSK-1838705A_AML_114_01	212.44643	0.6
AML_115_01	GSK-1838705A	GSK-1838705A_AML_115_01	211.36514	2.7
AML_116_01	GSK-1838705A	GSK-1838705A_AML_116_01	214.06088	0.5
AML_117_01	GSK-1838705A	GSK-1838705A_AML_117_01	216.40186	3.9
AML_119_01	GSK-1838705A	GSK-1838705A_AML_119_01	215.06328	5.5
AML_122_01	GSK-1838705A	GSK-1838705A_AML_122_01	221.24153	1.5
AML_123_01	GSK-1838705A	GSK-1838705A_AML_123_01	220.50485	3.2
AML_124_01	GSK-1838705A	GSK-1838705A_AML_124_01	217.51582	7.4
AML_125_01	GSK-1838705A	GSK-1838705A_AML_125_01	213.71935	0.0
AML_126_01	GSK-1838705A	GSK-1838705A_AML_126_01	214.999	5.1
AML_127_01	GSK-1838705A	GSK-1838705A_AML_127_01	218.5573	0.0
AML_128_01	GSK-1838705A	GSK-1838705A_AML_128_01	216.59163	2.1
AML_131_01	GSK-1838705A	GSK-1838705A_AML_131_01	220.40633	0.0
AML_133_01	GSK-1838705A	GSK-1838705A_AML_133_01	203.2111	5.3
AML_134_01	GSK-1838705A	GSK-1838705A_AML_134_01	205.07	1.7
AML_135_01	GSK-1838705A	GSK-1838705A_AML_135_01	212.87546	8.1
AML_138_01	GSK-1838705A	GSK-1838705A_AML_138_01	212.6124	0.0
AML_139_01	GSK-1838705A	GSK-1838705A_AML_139_01	223.74551	0.2
AML_140_01	GSK-1838705A	GSK-1838705A_AML_140_01	216.54314	0.5
AML_142_01	GSK-1838705A	GSK-1838705A_AML_142_01	200.23294	4.7
AML_143_01	GSK-1838705A	GSK-1838705A_AML_143_01	216.04964	0.0
AML_144_01	GSK-1838705A	GSK-1838705A_AML_144_01	221.75871	2.8
AML_146_01	GSK-1838705A	GSK-1838705A_AML_146_01	216.44002	0.2
AML_147_01	GSK-1838705A	GSK-1838705A_AML_147_01	217.90233	0.0
AML_151_01	GSK-1838705A	GSK-1838705A_AML_151_01	212.07463	4.7
AML_152_01	GSK-1838705A	GSK-1838705A_AML_152_01	214.03513	1.4
AML_153_01	GSK-1838705A	GSK-1838705A_AML_153_01	201.17502	0.0
AML_156_01	GSK-1838705A	GSK-1838705A_AML_156_01	208.91591	0.6
AML_157_01	GSK-1838705A	GSK-1838705A_AML_157_01	218.75186	0.0
AML_157_02	GSK-1838705A	GSK-1838705A_AML_157_02	215.81718	1.2
AML_158_01	GSK-1838705A	GSK-1838705A_AML_158_01	219.32048	3.0
AML_159_01	GSK-1838705A	GSK-1838705A_AML_159_01	216.435	3.4
AML_160_01	GSK-1838705A	GSK-1838705A_AML_160_01	212.78865	0.0
AML_161_01	GSK-1838705A	GSK-1838705A_AML_161_01	202.85158	1.4
AML_183_01	GSK-1838705A	GSK-1838705A_AML_183_01	220.42542	0.2
AML_183_02	GSK-1838705A	GSK-1838705A_AML_183_02	217.73148	0.0
AML_183_03	GSK-1838705A	GSK-1838705A_AML_183_03	216.24394	0.0
AML_004_01	GSK-1904529A	GSK-1904529A_AML_004_01	233.10593	7.8
AML_019_01	GSK-1904529A	GSK-1904529A_AML_019_01	224.58568	1.8
AML_025_01	GSK-1904529A	GSK-1904529A_AML_025_01	234.90112	0.0
AML_026_01	GSK-1904529A	GSK-1904529A_AML_026_01	238.54404	0.5
AML_029_01	GSK-1904529A	GSK-1904529A_AML_029_01	231.28088	0.0
AML_030_01	GSK-1904529A	GSK-1904529A_AML_030_01	225.55344	0.0
AML_033_01	GSK-1904529A	GSK-1904529A_AML_033_01	229.5644	1.9
AML_033_02	GSK-1904529A	GSK-1904529A_AML_033_02	218.84952	0.0
AML_041_01	GSK-1904529A	GSK-1904529A_AML_041_01	234.85736	0.0
AML_042_01	GSK-1904529A	GSK-1904529A_AML_042_01	233.3573	13.4
AML_043_02	GSK-1904529A	GSK-1904529A_AML_043_02	218.62021	0.0
AML_046_01	GSK-1904529A	GSK-1904529A_AML_046_01	225.6862	17.6
AML_052_01	GSK-1904529A	GSK-1904529A_AML_052_01	232.7019	10.3
AML_057_01	GSK-1904529A	GSK-1904529A_AML_057_01	232.97006	0.0
AML_058_01	GSK-1904529A	GSK-1904529A_AML_058_01	231.40216	8.0
AML_059_01	GSK-1904529A	GSK-1904529A_AML_059_01	230.38734	3.2
AML_060_01	GSK-1904529A	GSK-1904529A_AML_060_01	228.3254	7.5
AML_061_01	GSK-1904529A	GSK-1904529A_AML_061_01	229.07257	7.2
AML_062_01	GSK-1904529A	GSK-1904529A_AML_062_01	225.68106	6.5
AML_064_01	GSK-1904529A	GSK-1904529A_AML_064_01	228.73196	6.3
AML_065_01	GSK-1904529A	GSK-1904529A_AML_065_01	224.38913	3.6
AML_067_01	GSK-1904529A	GSK-1904529A_AML_067_01	229.12105	0.7
AML_070_01	GSK-1904529A	GSK-1904529A_AML_070_01	235.94322	0.0
AML_072_01	GSK-1904529A	GSK-1904529A_AML_072_01	234.91301	0.0
AML_073_01	GSK-1904529A	GSK-1904529A_AML_073_01	233.513	0.0
AML_074_01	GSK-1904529A	GSK-1904529A_AML_074_01	235.32237	0.0
AML_075_01	GSK-1904529A	GSK-1904529A_AML_075_01	232.54266	10.0
AML_076_01	GSK-1904529A	GSK-1904529A_AML_076_01	231.76587	0.0
AML_076_02	GSK-1904529A	GSK-1904529A_AML_076_02	221.0729	0.0
AML_077_01	GSK-1904529A	GSK-1904529A_AML_077_01	234.93672	5.5
AML_078_02	GSK-1904529A	GSK-1904529A_AML_078_02	233.35988	0.0
AML_086_02	GSK-1904529A	GSK-1904529A_AML_086_02	229.85272	0.0
AML_098_01	GSK-1904529A	GSK-1904529A_AML_098_01	230.5172	0.4
AML_100_01	GSK-1904529A	GSK-1904529A_AML_100_01	235.10933	0.0
AML_101_01	GSK-1904529A	GSK-1904529A_AML_101_01	221.02504	6.8
AML_101_02	GSK-1904529A	GSK-1904529A_AML_101_02	227.9834	0.0
AML_102_01	GSK-1904529A	GSK-1904529A_AML_102_01	227.08743	0.0
AML_103_01	GSK-1904529A	GSK-1904529A_AML_103_01	221.49658	0.0
AML_103_02	GSK-1904529A	GSK-1904529A_AML_103_02	213.92337	0.0
AML_104_01	GSK-1904529A	GSK-1904529A_AML_104_01	232.83426	0.0
AML_108_01	GSK-1904529A	GSK-1904529A_AML_108_01	229.03871	0.0
AML_109_01	GSK-1904529A	GSK-1904529A_AML_109_01	220.71024	0.0
AML_110_01	GSK-1904529A	GSK-1904529A_AML_110_01	232.43533	0.0
AML_112_01	GSK-1904529A	GSK-1904529A_AML_112_01	227.45004	0.0
AML_112_02	GSK-1904529A	GSK-1904529A_AML_112_02	229.51169	0.0
AML_113_01	GSK-1904529A	GSK-1904529A_AML_113_01	224.01505	0.0
AML_114_01	GSK-1904529A	GSK-1904529A_AML_114_01	228.13797	0.0
AML_115_01	GSK-1904529A	GSK-1904529A_AML_115_01	226.45285	0.0
AML_116_01	GSK-1904529A	GSK-1904529A_AML_116_01	229.5495	0.0
AML_117_01	GSK-1904529A	GSK-1904529A_AML_117_01	233.6953	2.3
AML_119_01	GSK-1904529A	GSK-1904529A_AML_119_01	227.28717	2.1
AML_122_01	GSK-1904529A	GSK-1904529A_AML_122_01	229.64339	0.0
AML_123_01	GSK-1904529A	GSK-1904529A_AML_123_01	237.94849	0.0
AML_124_01	GSK-1904529A	GSK-1904529A_AML_124_01	234.12582	14.0
AML_125_01	GSK-1904529A	GSK-1904529A_AML_125_01	231.84962	0.0
AML_126_01	GSK-1904529A	GSK-1904529A_AML_126_01	228.78632	6.3
AML_127_01	GSK-1904529A	GSK-1904529A_AML_127_01	231.3429	0.0
AML_128_01	GSK-1904529A	GSK-1904529A_AML_128_01	233.99005	3.7
AML_131_01	GSK-1904529A	GSK-1904529A_AML_131_01	231.21718	0.0
AML_133_01	GSK-1904529A	GSK-1904529A_AML_133_01	220.11185	9.3
AML_134_01	GSK-1904529A	GSK-1904529A_AML_134_01	221.75282	0.0
AML_135_01	GSK-1904529A	GSK-1904529A_AML_135_01	229.61284	18.8
AML_138_01	GSK-1904529A	GSK-1904529A_AML_138_01	231.37411	0.0
AML_139_01	GSK-1904529A	GSK-1904529A_AML_139_01	240.58328	0.1
AML_140_01	GSK-1904529A	GSK-1904529A_AML_140_01	231.82713	0.0
AML_142_01	GSK-1904529A	GSK-1904529A_AML_142_01	218.286	0.0
AML_143_01	GSK-1904529A	GSK-1904529A_AML_143_01	231.61469	0.0
AML_144_01	GSK-1904529A	GSK-1904529A_AML_144_01	237.74866	2.8
AML_146_01	GSK-1904529A	GSK-1904529A_AML_146_01	235.1928	0.0
AML_147_01	GSK-1904529A	GSK-1904529A_AML_147_01	233.07068	0.0
AML_151_01	GSK-1904529A	GSK-1904529A_AML_151_01	225.92543	3.1
AML_152_01	GSK-1904529A	GSK-1904529A_AML_152_01	229.41443	0.0
AML_153_01	GSK-1904529A	GSK-1904529A_AML_153_01	217.09348	0.0
AML_156_01	GSK-1904529A	GSK-1904529A_AML_156_01	223.43898	0.0
AML_157_01	GSK-1904529A	GSK-1904529A_AML_157_01	232.25932	0.0
AML_157_02	GSK-1904529A	GSK-1904529A_AML_157_02	230.0586	0.0
AML_158_01	GSK-1904529A	GSK-1904529A_AML_158_01	235.0147	5.5
AML_159_01	GSK-1904529A	GSK-1904529A_AML_159_01	233.6785	10.0
AML_160_01	GSK-1904529A	GSK-1904529A_AML_160_01	224.55121	0.0
AML_161_01	GSK-1904529A	GSK-1904529A_AML_161_01	219.20105	3.3
AML_183_01	GSK-1904529A	GSK-1904529A_AML_183_01	236.1761	0.0
AML_183_02	GSK-1904529A	GSK-1904529A_AML_183_02	230.0994	0.0
AML_183_03	GSK-1904529A	GSK-1904529A_AML_183_03	226.18423	0.0
AML_001_03	Ibrutinib	Ibrutinib_AML_001_03	216.89761	0.0
AML_003_02	Ibrutinib	Ibrutinib_AML_003_02	219.99573	0.0
AML_004_01	Ibrutinib	Ibrutinib_AML_004_01	217.059	0.0
AML_006_02	Ibrutinib	Ibrutinib_AML_006_02	219.64082	0.0
AML_007_01	Ibrutinib	Ibrutinib_AML_007_01	209.66893	0.0
AML_007_02	Ibrutinib	Ibrutinib_AML_007_02	211.85728	0.0
AML_012_01	Ibrutinib	Ibrutinib_AML_012_01	208.57642	1.7
AML_013_01	Ibrutinib	Ibrutinib_AML_013_01	215.00325	2.9
AML_014_01	Ibrutinib	Ibrutinib_AML_014_01	218.1848	0.0
AML_015_01	Ibrutinib	Ibrutinib_AML_015_01	222.20535	1.1
AML_015_02	Ibrutinib	Ibrutinib_AML_015_02	214.77191	0.0
AML_015_03	Ibrutinib	Ibrutinib_AML_015_03	214.27357	0.0
AML_015_04	Ibrutinib	Ibrutinib_AML_015_04	217.0648	1.5
AML_018_01	Ibrutinib	Ibrutinib_AML_018_01	203.538	2.3
AML_019_01	Ibrutinib	Ibrutinib_AML_019_01	218.55107	0.0
AML_020_01	Ibrutinib	Ibrutinib_AML_020_01	221.34154	0.0
AML_023_04	Ibrutinib	Ibrutinib_AML_023_04	208.76303	0.0
AML_024_01	Ibrutinib	Ibrutinib_AML_024_01	219.8905	0.0
AML_025_01	Ibrutinib	Ibrutinib_AML_025_01	223.5056	0.0
AML_026_01	Ibrutinib	Ibrutinib_AML_026_01	223.55031	0.0
AML_028_01	Ibrutinib	Ibrutinib_AML_028_01	218.85739	0.0
AML_028_04	Ibrutinib	Ibrutinib_AML_028_04	210.78595	5.3
AML_029_01	Ibrutinib	Ibrutinib_AML_029_01	216.9058	0.0
AML_030_01	Ibrutinib	Ibrutinib_AML_030_01	210.70923	0.0
AML_032_01	Ibrutinib	Ibrutinib_AML_032_01	222.1827	0.0
AML_033_01	Ibrutinib	Ibrutinib_AML_033_01	216.31161	1.5
AML_033_02	Ibrutinib	Ibrutinib_AML_033_02	208.35687	1.8
AML_035_02	Ibrutinib	Ibrutinib_AML_035_02	227.07593	0.0
AML_035_04	Ibrutinib	Ibrutinib_AML_035_04	223.10928	0.0
AML_036_01	Ibrutinib	Ibrutinib_AML_036_01	212.86734	0.0
AML_040_01	Ibrutinib	Ibrutinib_AML_040_01	212.96652	2.8
AML_041_01	Ibrutinib	Ibrutinib_AML_041_01	215.60164	5.7
AML_042_01	Ibrutinib	Ibrutinib_AML_042_01	214.82884	0.0
AML_043_02	Ibrutinib	Ibrutinib_AML_043_02	211.90996	0.0
AML_045_01	Ibrutinib	Ibrutinib_AML_045_01	222.36716	0.0
AML_046_01	Ibrutinib	Ibrutinib_AML_046_01	210.95891	7.1
AML_051_01	Ibrutinib	Ibrutinib_AML_051_01	213.4181	0.0
AML_052_01	Ibrutinib	Ibrutinib_AML_052_01	219.60234	0.0
AML_053_01	Ibrutinib	Ibrutinib_AML_053_01	228.46274	0.0
AML_054_01	Ibrutinib	Ibrutinib_AML_054_01	213.11226	2.2
AML_057_01	Ibrutinib	Ibrutinib_AML_057_01	213.07669	6.1
AML_058_01	Ibrutinib	Ibrutinib_AML_058_01	214.87102	0.0
AML_059_01	Ibrutinib	Ibrutinib_AML_059_01	214.20749	3.6
AML_060_01	Ibrutinib	Ibrutinib_AML_060_01	217.79396	0.0
AML_061_01	Ibrutinib	Ibrutinib_AML_061_01	214.07831	0.0
AML_062_01	Ibrutinib	Ibrutinib_AML_062_01	204.43462	5.3
AML_064_01	Ibrutinib	Ibrutinib_AML_064_01	206.58865	0.0
AML_065_01	Ibrutinib	Ibrutinib_AML_065_01	206.7544	5.4
AML_067_01	Ibrutinib	Ibrutinib_AML_067_01	205.99077	0.3
AML_070_01	Ibrutinib	Ibrutinib_AML_070_01	221.52396	0.0
AML_072_01	Ibrutinib	Ibrutinib_AML_072_01	223.70993	0.0
AML_073_01	Ibrutinib	Ibrutinib_AML_073_01	223.90002	1.2
AML_074_01	Ibrutinib	Ibrutinib_AML_074_01	216.17955	0.0
AML_075_01	Ibrutinib	Ibrutinib_AML_075_01	215.91757	0.0
AML_076_01	Ibrutinib	Ibrutinib_AML_076_01	216.64941	0.5
AML_076_02	Ibrutinib	Ibrutinib_AML_076_02	205.14525	0.2
AML_077_01	Ibrutinib	Ibrutinib_AML_077_01	222.5746	0.2
AML_078_02	Ibrutinib	Ibrutinib_AML_078_02	212.12286	0.0
AML_084_01	Ibrutinib	Ibrutinib_AML_084_01	210.736	0.0
AML_086_02	Ibrutinib	Ibrutinib_AML_086_02	219.0047	0.0
AML_098_01	Ibrutinib	Ibrutinib_AML_098_01	208.95584	0.0
AML_100_01	Ibrutinib	Ibrutinib_AML_100_01	216.09828	0.0
AML_101_01	Ibrutinib	Ibrutinib_AML_101_01	210.54272	1.5
AML_101_02	Ibrutinib	Ibrutinib_AML_101_02	222.00304	0.0
AML_102_01	Ibrutinib	Ibrutinib_AML_102_01	202.9364	0.0
AML_103_01	Ibrutinib	Ibrutinib_AML_103_01	199.017	0.0
AML_103_02	Ibrutinib	Ibrutinib_AML_103_02	206.40877	2.4
AML_104_01	Ibrutinib	Ibrutinib_AML_104_01	211.11885	0.0
AML_108_01	Ibrutinib	Ibrutinib_AML_108_01	206.46928	1.5
AML_109_01	Ibrutinib	Ibrutinib_AML_109_01	211.66785	0.0
AML_110_01	Ibrutinib	Ibrutinib_AML_110_01	216.1027	2.8
AML_112_01	Ibrutinib	Ibrutinib_AML_112_01	206.61594	0.0
AML_112_02	Ibrutinib	Ibrutinib_AML_112_02	211.48405	0.0
AML_113_01	Ibrutinib	Ibrutinib_AML_113_01	209.11748	0.5
AML_114_01	Ibrutinib	Ibrutinib_AML_114_01	209.24426	0.0
AML_115_01	Ibrutinib	Ibrutinib_AML_115_01	207.61588	0.1
AML_116_01	Ibrutinib	Ibrutinib_AML_116_01	213.4843	3.8
AML_117_01	Ibrutinib	Ibrutinib_AML_117_01	217.48541	0.2
AML_119_01	Ibrutinib	Ibrutinib_AML_119_01	205.5664	0.0
AML_120_03	Ibrutinib	Ibrutinib_AML_120_03	216.97815	0.1
AML_122_01	Ibrutinib	Ibrutinib_AML_122_01	207.27177	0.0
AML_123_01	Ibrutinib	Ibrutinib_AML_123_01	221.23141	0.0
AML_124_01	Ibrutinib	Ibrutinib_AML_124_01	218.8018	0.0
AML_125_01	Ibrutinib	Ibrutinib_AML_125_01	218.29941	0.0
AML_126_01	Ibrutinib	Ibrutinib_AML_126_01	213.03471	1.6
AML_127_01	Ibrutinib	Ibrutinib_AML_127_01	210.69331	0.0
AML_128_01	Ibrutinib	Ibrutinib_AML_128_01	222.94165	0.0
AML_131_01	Ibrutinib	Ibrutinib_AML_131_01	209.50255	0.0
AML_133_01	Ibrutinib	Ibrutinib_AML_133_01	211.70943	0.3
AML_134_01	Ibrutinib	Ibrutinib_AML_134_01	218.4704	0.0
AML_135_01	Ibrutinib	Ibrutinib_AML_135_01	215.11198	2.2
AML_138_01	Ibrutinib	Ibrutinib_AML_138_01	224.15662	0.0
AML_139_01	Ibrutinib	Ibrutinib_AML_139_01	225.79865	0.0
AML_140_01	Ibrutinib	Ibrutinib_AML_140_01	213.19656	0.0
AML_142_01	Ibrutinib	Ibrutinib_AML_142_01	209.94008	1.0
AML_143_01	Ibrutinib	Ibrutinib_AML_143_01	215.80936	0.0
AML_144_01	Ibrutinib	Ibrutinib_AML_144_01	226.28053	0.0
AML_146_01	Ibrutinib	Ibrutinib_AML_146_01	222.99358	0.0
AML_147_01	Ibrutinib	Ibrutinib_AML_147_01	214.3193	0.0
AML_151_01	Ibrutinib	Ibrutinib_AML_151_01	206.69684	0.7
AML_152_01	Ibrutinib	Ibrutinib_AML_152_01	214.69974	0.0
AML_153_01	Ibrutinib	Ibrutinib_AML_153_01	212.89738	0.0
AML_156_01	Ibrutinib	Ibrutinib_AML_156_01	212.18044	0.0
AML_157_01	Ibrutinib	Ibrutinib_AML_157_01	213.26779	0.5
AML_157_02	Ibrutinib	Ibrutinib_AML_157_02	213.77083	0.0
AML_158_01	Ibrutinib	Ibrutinib_AML_158_01	219.31853	0.0
AML_159_01	Ibrutinib	Ibrutinib_AML_159_01	220.70448	0.0
AML_160_01	Ibrutinib	Ibrutinib_AML_160_01	207.5602	0.0
AML_161_01	Ibrutinib	Ibrutinib_AML_161_01	208.72682	0.0
AML_175_01	Ibrutinib	Ibrutinib_AML_175_01	217.806	0.0
AML_183_01	Ibrutinib	Ibrutinib_AML_183_01	218.71436	0.0
AML_183_02	Ibrutinib	Ibrutinib_AML_183_02	210.00914	0.0
AML_183_03	Ibrutinib	Ibrutinib_AML_183_03	207.62946	0.0
AML_001_01	Idelalisib	Idelalisib_AML_001_01	203.72852	0.3
AML_001_03	Idelalisib	Idelalisib_AML_001_03	206.93047	5.1
AML_002_01	Idelalisib	Idelalisib_AML_002_01	206.61685	6.5
AML_003_02	Idelalisib	Idelalisib_AML_003_02	202.9687	7.3
AML_004_01	Idelalisib	Idelalisib_AML_004_01	207.66072	7.8
AML_006_02	Idelalisib	Idelalisib_AML_006_02	209.85147	5.7
AML_007_01	Idelalisib	Idelalisib_AML_007_01	203.06726	4.6
AML_007_02	Idelalisib	Idelalisib_AML_007_02	204.71848	1.3
AML_012_01	Idelalisib	Idelalisib_AML_012_01	197.93857	7.7
AML_013_01	Idelalisib	Idelalisib_AML_013_01	203.85843	27.9
AML_014_01	Idelalisib	Idelalisib_AML_014_01	205.82916	14.7
AML_015_01	Idelalisib	Idelalisib_AML_015_01	210.1349	6.3
AML_015_02	Idelalisib	Idelalisib_AML_015_02	206.47061	11.7
AML_015_03	Idelalisib	Idelalisib_AML_015_03	202.31783	16.1
AML_015_04	Idelalisib	Idelalisib_AML_015_04	202.74966	9.1
AML_018_01	Idelalisib	Idelalisib_AML_018_01	191.09906	21.2
AML_019_01	Idelalisib	Idelalisib_AML_019_01	204.55453	2.7
AML_020_01	Idelalisib	Idelalisib_AML_020_01	205.95459	0.0
AML_022_01	Idelalisib	Idelalisib_AML_022_01	198.56703	4.5
AML_023_01	Idelalisib	Idelalisib_AML_023_01	203.97682	6.2
AML_023_03	Idelalisib	Idelalisib_AML_023_03	198.79509	7.2
AML_023_04	Idelalisib	Idelalisib_AML_023_04	198.46674	5.1
AML_024_01	Idelalisib	Idelalisib_AML_024_01	209.25206	5.2
AML_025_01	Idelalisib	Idelalisib_AML_025_01	210.6127	6.2
AML_026_01	Idelalisib	Idelalisib_AML_026_01	210.18413	2.7
AML_028_01	Idelalisib	Idelalisib_AML_028_01	205.60426	10.3
AML_028_04	Idelalisib	Idelalisib_AML_028_04	194.64827	10.7
AML_029_01	Idelalisib	Idelalisib_AML_029_01	207.28645	4.3
AML_030_01	Idelalisib	Idelalisib_AML_030_01	200.53831	2.2
AML_032_01	Idelalisib	Idelalisib_AML_032_01	208.78331	0.0
AML_033_01	Idelalisib	Idelalisib_AML_033_01	208.17729	3.3
AML_033_02	Idelalisib	Idelalisib_AML_033_02	197.3206	6.4
AML_035_02	Idelalisib	Idelalisib_AML_035_02	212.404	0.0
AML_035_04	Idelalisib	Idelalisib_AML_035_04	203.8782	2.2
AML_036_01	Idelalisib	Idelalisib_AML_036_01	202.72299	2.9
AML_040_01	Idelalisib	Idelalisib_AML_040_01	202.3197	16.6
AML_041_01	Idelalisib	Idelalisib_AML_041_01	207.4492	5.6
AML_042_01	Idelalisib	Idelalisib_AML_042_01	206.84135	3.1
AML_043_02	Idelalisib	Idelalisib_AML_043_02	200.80582	6.3
AML_045_01	Idelalisib	Idelalisib_AML_045_01	208.55173	0.0
AML_046_01	Idelalisib	Idelalisib_AML_046_01	200.24655	21.3
AML_051_01	Idelalisib	Idelalisib_AML_051_01	201.32285	0.2
AML_052_01	Idelalisib	Idelalisib_AML_052_01	208.87967	2.5
AML_053_01	Idelalisib	Idelalisib_AML_053_01	215.94167	11.0
AML_054_01	Idelalisib	Idelalisib_AML_054_01	201.27719	15.2
AML_057_01	Idelalisib	Idelalisib_AML_057_01	203.37846	8.5
AML_058_01	Idelalisib	Idelalisib_AML_058_01	204.82697	11.3
AML_059_01	Idelalisib	Idelalisib_AML_059_01	202.68182	10.3
AML_060_01	Idelalisib	Idelalisib_AML_060_01	206.78053	10.0
AML_061_01	Idelalisib	Idelalisib_AML_061_01	204.99554	4.3
AML_062_01	Idelalisib	Idelalisib_AML_062_01	197.4123	17.4
AML_064_01	Idelalisib	Idelalisib_AML_064_01	201.37524	8.6
AML_065_01	Idelalisib	Idelalisib_AML_065_01	193.63646	5.9
AML_067_01	Idelalisib	Idelalisib_AML_067_01	200.38687	4.6
AML_070_01	Idelalisib	Idelalisib_AML_070_01	210.61546	1.8
AML_072_01	Idelalisib	Idelalisib_AML_072_01	212.42696	0.7
AML_073_01	Idelalisib	Idelalisib_AML_073_01	209.46324	5.0
AML_074_01	Idelalisib	Idelalisib_AML_074_01	205.31174	4.7
AML_075_01	Idelalisib	Idelalisib_AML_075_01	205.97594	5.3
AML_076_01	Idelalisib	Idelalisib_AML_076_01	206.82526	2.4
AML_076_02	Idelalisib	Idelalisib_AML_076_02	195.25331	6.5
AML_077_01	Idelalisib	Idelalisib_AML_077_01	211.01051	6.2
AML_078_02	Idelalisib	Idelalisib_AML_078_02	205.72403	5.9
AML_084_01	Idelalisib	Idelalisib_AML_084_01	198.57532	11.1
AML_086_02	Idelalisib	Idelalisib_AML_086_02	206.2062	7.0
AML_098_01	Idelalisib	Idelalisib_AML_098_01	201.8414	1.7
AML_100_01	Idelalisib	Idelalisib_AML_100_01	205.40698	4.5
AML_101_01	Idelalisib	Idelalisib_AML_101_01	197.81108	14.7
AML_101_02	Idelalisib	Idelalisib_AML_101_02	207.4184	4.6
AML_102_01	Idelalisib	Idelalisib_AML_102_01	197.13513	0.5
AML_103_01	Idelalisib	Idelalisib_AML_103_01	194.19054	3.0
AML_103_02	Idelalisib	Idelalisib_AML_103_02	191.64516	6.5
AML_104_01	Idelalisib	Idelalisib_AML_104_01	201.33406	1.0
AML_108_01	Idelalisib	Idelalisib_AML_108_01	197.65013	6.6
AML_109_01	Idelalisib	Idelalisib_AML_109_01	198.00006	4.3
AML_110_01	Idelalisib	Idelalisib_AML_110_01	205.95688	8.7
AML_112_01	Idelalisib	Idelalisib_AML_112_01	199.30821	5.2
AML_112_02	Idelalisib	Idelalisib_AML_112_02	202.64203	5.1
AML_113_01	Idelalisib	Idelalisib_AML_113_01	194.10666	6.6
AML_114_01	Idelalisib	Idelalisib_AML_114_01	199.01744	3.1
AML_115_01	Idelalisib	Idelalisib_AML_115_01	193.60028	10.2
AML_116_01	Idelalisib	Idelalisib_AML_116_01	201.4891	3.0
AML_117_01	Idelalisib	Idelalisib_AML_117_01	206.60944	4.8
AML_119_01	Idelalisib	Idelalisib_AML_119_01	198.5158	5.5
AML_120_01	Idelalisib	Idelalisib_AML_120_01	206.26678	14.9
AML_120_03	Idelalisib	Idelalisib_AML_120_03	206.40839	12.1
AML_122_01	Idelalisib	Idelalisib_AML_122_01	203.42053	1.0
AML_123_01	Idelalisib	Idelalisib_AML_123_01	209.45644	7.2
AML_124_01	Idelalisib	Idelalisib_AML_124_01	207.11615	8.5
AML_125_01	Idelalisib	Idelalisib_AML_125_01	207.33904	21.1
AML_126_01	Idelalisib	Idelalisib_AML_126_01	203.94345	12.2
AML_127_01	Idelalisib	Idelalisib_AML_127_01	202.27644	5.5
AML_128_01	Idelalisib	Idelalisib_AML_128_01	210.83199	5.7
AML_129_02	Idelalisib	Idelalisib_AML_129_02	203.36688	8.2
AML_129_03	Idelalisib	Idelalisib_AML_129_03	201.76315	6.7
AML_131_01	Idelalisib	Idelalisib_AML_131_01	202.24599	1.1
AML_133_01	Idelalisib	Idelalisib_AML_133_01	200.49127	10.8
AML_134_01	Idelalisib	Idelalisib_AML_134_01	203.56174	1.6
AML_135_01	Idelalisib	Idelalisib_AML_135_01	203.17946	10.3
AML_138_01	Idelalisib	Idelalisib_AML_138_01	208.62494	2.2
AML_139_01	Idelalisib	Idelalisib_AML_139_01	211.07222	9.7
AML_140_01	Idelalisib	Idelalisib_AML_140_01	202.13202	4.5
AML_142_01	Idelalisib	Idelalisib_AML_142_01	198.99872	13.1
AML_143_01	Idelalisib	Idelalisib_AML_143_01	206.14096	2.3
AML_144_01	Idelalisib	Idelalisib_AML_144_01	212.951	9.3
AML_146_01	Idelalisib	Idelalisib_AML_146_01	209.17262	1.7
AML_147_01	Idelalisib	Idelalisib_AML_147_01	203.83517	6.1
AML_151_01	Idelalisib	Idelalisib_AML_151_01	193.35042	4.1
AML_152_01	Idelalisib	Idelalisib_AML_152_01	202.6196	5.0
AML_153_01	Idelalisib	Idelalisib_AML_153_01	197.92737	5.6
AML_156_01	Idelalisib	Idelalisib_AML_156_01	198.77133	9.9
AML_157_01	Idelalisib	Idelalisib_AML_157_01	202.36977	9.6
AML_157_02	Idelalisib	Idelalisib_AML_157_02	203.60033	8.5
AML_158_01	Idelalisib	Idelalisib_AML_158_01	206.74945	5.8
AML_159_01	Idelalisib	Idelalisib_AML_159_01	208.28358	5.7
AML_160_01	Idelalisib	Idelalisib_AML_160_01	195.17764	8.6
AML_161_01	Idelalisib	Idelalisib_AML_161_01	193.83244	12.7
AML_175_01	Idelalisib	Idelalisib_AML_175_01	205.27286	4.0
AML_179_01	Idelalisib	Idelalisib_AML_179_01	203.75192	2.7
AML_183_01	Idelalisib	Idelalisib_AML_183_01	208.61972	1.0
AML_183_02	Idelalisib	Idelalisib_AML_183_02	201.85585	3.7
AML_183_03	Idelalisib	Idelalisib_AML_183_03	199.4604	4.2
AML_184_01	Idelalisib	Idelalisib_AML_184_01	201.72754	12.5
AML_185_01	Idelalisib	Idelalisib_AML_185_01	209.80324	2.6
AML_001_01	Imatinib	Imatinib_AML_001_01	231.67424	0.0
AML_001_03	Imatinib	Imatinib_AML_001_03	231.95403	0.1
AML_002_01	Imatinib	Imatinib_AML_002_01	229.58945	5.5
AML_003_02	Imatinib	Imatinib_AML_003_02	231.08455	0.0
AML_004_01	Imatinib	Imatinib_AML_004_01	230.50777	4.7
AML_006_02	Imatinib	Imatinib_AML_006_02	233.23169	0.0
AML_007_01	Imatinib	Imatinib_AML_007_01	228.47282	0.0
AML_007_02	Imatinib	Imatinib_AML_007_02	230.77791	0.0
AML_012_01	Imatinib	Imatinib_AML_012_01	221.12842	1.5
AML_013_01	Imatinib	Imatinib_AML_013_01	224.99207	0.0
AML_014_01	Imatinib	Imatinib_AML_014_01	232.61992	0.0
AML_015_01	Imatinib	Imatinib_AML_015_01	234.8788	21.6
AML_015_02	Imatinib	Imatinib_AML_015_02	227.28847	13.5
AML_015_03	Imatinib	Imatinib_AML_015_03	229.98499	27.1
AML_015_04	Imatinib	Imatinib_AML_015_04	230.62386	39.6
AML_018_01	Imatinib	Imatinib_AML_018_01	217.36557	4.6
AML_019_01	Imatinib	Imatinib_AML_019_01	227.27437	4.4
AML_020_01	Imatinib	Imatinib_AML_020_01	232.83604	0.0
AML_022_01	Imatinib	Imatinib_AML_022_01	222.45349	1.8
AML_023_01	Imatinib	Imatinib_AML_023_01	226.02805	8.8
AML_023_03	Imatinib	Imatinib_AML_023_03	223.88849	2.0
AML_023_04	Imatinib	Imatinib_AML_023_04	223.62192	3.2
AML_024_01	Imatinib	Imatinib_AML_024_01	230.85909	0.0
AML_025_01	Imatinib	Imatinib_AML_025_01	235.3389	0.8
AML_026_01	Imatinib	Imatinib_AML_026_01	234.32964	0.1
AML_028_01	Imatinib	Imatinib_AML_028_01	229.70277	0.1
AML_028_04	Imatinib	Imatinib_AML_028_04	219.32639	6.7
AML_029_01	Imatinib	Imatinib_AML_029_01	228.77313	5.3
AML_030_01	Imatinib	Imatinib_AML_030_01	222.53566	0.9
AML_032_01	Imatinib	Imatinib_AML_032_01	233.53291	0.0
AML_033_01	Imatinib	Imatinib_AML_033_01	228.09271	2.5
AML_033_02	Imatinib	Imatinib_AML_033_02	221.27669	0.8
AML_035_02	Imatinib	Imatinib_AML_035_02	238.9525	0.0
AML_035_04	Imatinib	Imatinib_AML_035_04	232.70073	0.0
AML_036_01	Imatinib	Imatinib_AML_036_01	232.384	0.0
AML_040_01	Imatinib	Imatinib_AML_040_01	227.97723	5.7
AML_041_01	Imatinib	Imatinib_AML_041_01	230.6652	7.2
AML_042_01	Imatinib	Imatinib_AML_042_01	230.1319	5.3
AML_043_02	Imatinib	Imatinib_AML_043_02	223.49597	1.2
AML_045_01	Imatinib	Imatinib_AML_045_01	234.41307	2.2
AML_046_01	Imatinib	Imatinib_AML_046_01	226.43132	7.8
AML_051_01	Imatinib	Imatinib_AML_051_01	225.18446	0.5
AML_052_01	Imatinib	Imatinib_AML_052_01	231.06879	2.6
AML_053_01	Imatinib	Imatinib_AML_053_01	240.66954	0.0
AML_054_01	Imatinib	Imatinib_AML_054_01	226.40614	2.7
AML_057_01	Imatinib	Imatinib_AML_057_01	229.13872	2.5
AML_058_01	Imatinib	Imatinib_AML_058_01	229.20795	6.0
AML_059_01	Imatinib	Imatinib_AML_059_01	229.35751	3.2
AML_060_01	Imatinib	Imatinib_AML_060_01	229.53217	2.8
AML_061_01	Imatinib	Imatinib_AML_061_01	229.65244	0.0
AML_062_01	Imatinib	Imatinib_AML_062_01	221.4393	0.0
AML_064_01	Imatinib	Imatinib_AML_064_01	224.90036	0.0
AML_065_01	Imatinib	Imatinib_AML_065_01	221.07599	5.6
AML_067_01	Imatinib	Imatinib_AML_067_01	223.86469	5.9
AML_070_01	Imatinib	Imatinib_AML_070_01	232.78166	1.1
AML_072_01	Imatinib	Imatinib_AML_072_01	234.13234	2.7
AML_073_01	Imatinib	Imatinib_AML_073_01	234.74306	3.3
AML_074_01	Imatinib	Imatinib_AML_074_01	229.01448	3.3
AML_075_01	Imatinib	Imatinib_AML_075_01	229.30281	0.0
AML_076_01	Imatinib	Imatinib_AML_076_01	231.68398	2.1
AML_076_02	Imatinib	Imatinib_AML_076_02	219.04366	1.7
AML_077_01	Imatinib	Imatinib_AML_077_01	234.5026	1.3
AML_078_02	Imatinib	Imatinib_AML_078_02	229.47997	0.6
AML_084_01	Imatinib	Imatinib_AML_084_01	225.54086	0.7
AML_086_02	Imatinib	Imatinib_AML_086_02	229.93251	2.6
AML_098_01	Imatinib	Imatinib_AML_098_01	227.20924	2.9
AML_100_01	Imatinib	Imatinib_AML_100_01	231.38008	3.0
AML_101_01	Imatinib	Imatinib_AML_101_01	222.9423	12.4
AML_101_02	Imatinib	Imatinib_AML_101_02	231.23972	2.2
AML_102_01	Imatinib	Imatinib_AML_102_01	222.55989	1.6
AML_103_01	Imatinib	Imatinib_AML_103_01	217.56183	2.6
AML_103_02	Imatinib	Imatinib_AML_103_02	215.15366	1.2
AML_104_01	Imatinib	Imatinib_AML_104_01	227.2852	0.8
AML_108_01	Imatinib	Imatinib_AML_108_01	224.55415	7.2
AML_109_01	Imatinib	Imatinib_AML_109_01	223.08765	3.5
AML_110_01	Imatinib	Imatinib_AML_110_01	231.17615	2.5
AML_112_01	Imatinib	Imatinib_AML_112_01	222.51883	4.2
AML_112_02	Imatinib	Imatinib_AML_112_02	226.44545	6.7
AML_113_01	Imatinib	Imatinib_AML_113_01	224.11427	6.2
AML_114_01	Imatinib	Imatinib_AML_114_01	223.01918	1.3
AML_115_01	Imatinib	Imatinib_AML_115_01	222.53343	7.0
AML_116_01	Imatinib	Imatinib_AML_116_01	226.04416	2.5
AML_117_01	Imatinib	Imatinib_AML_117_01	229.48601	3.0
AML_119_01	Imatinib	Imatinib_AML_119_01	221.5141	0.3
AML_120_01	Imatinib	Imatinib_AML_120_01	230.41428	9.9
AML_120_03	Imatinib	Imatinib_AML_120_03	230.31541	9.4
AML_122_01	Imatinib	Imatinib_AML_122_01	225.99786	2.4
AML_123_01	Imatinib	Imatinib_AML_123_01	234.45905	4.4
AML_124_01	Imatinib	Imatinib_AML_124_01	231.56435	5.0
AML_125_01	Imatinib	Imatinib_AML_125_01	231.01384	0.7
AML_126_01	Imatinib	Imatinib_AML_126_01	224.78676	2.0
AML_127_01	Imatinib	Imatinib_AML_127_01	227.95953	4.5
AML_128_01	Imatinib	Imatinib_AML_128_01	233.26137	1.1
AML_129_02	Imatinib	Imatinib_AML_129_02	230.27425	4.3
AML_129_03	Imatinib	Imatinib_AML_129_03	230.28566	0.0
AML_131_01	Imatinib	Imatinib_AML_131_01	226.97162	2.9
AML_133_01	Imatinib	Imatinib_AML_133_01	224.38107	0.0
AML_134_01	Imatinib	Imatinib_AML_134_01	225.82431	1.0
AML_135_01	Imatinib	Imatinib_AML_135_01	228.76848	4.8
AML_138_01	Imatinib	Imatinib_AML_138_01	234.12979	0.0
AML_139_01	Imatinib	Imatinib_AML_139_01	239.5353	4.5
AML_140_01	Imatinib	Imatinib_AML_140_01	228.99846	2.2
AML_142_01	Imatinib	Imatinib_AML_142_01	221.68518	0.0
AML_143_01	Imatinib	Imatinib_AML_143_01	229.65883	0.0
AML_144_01	Imatinib	Imatinib_AML_144_01	236.984	2.2
AML_146_01	Imatinib	Imatinib_AML_146_01	232.66614	2.6
AML_147_01	Imatinib	Imatinib_AML_147_01	230.69412	5.0
AML_151_01	Imatinib	Imatinib_AML_151_01	222.70348	1.4
AML_152_01	Imatinib	Imatinib_AML_152_01	228.03311	1.4
AML_153_01	Imatinib	Imatinib_AML_153_01	222.21387	0.6
AML_156_01	Imatinib	Imatinib_AML_156_01	224.43523	1.9
AML_157_01	Imatinib	Imatinib_AML_157_01	230.87086	5.4
AML_157_02	Imatinib	Imatinib_AML_157_02	227.70486	5.9
AML_158_01	Imatinib	Imatinib_AML_158_01	233.19467	2.1
AML_159_01	Imatinib	Imatinib_AML_159_01	233.56187	2.4
AML_160_01	Imatinib	Imatinib_AML_160_01	223.1432	4.2
AML_161_01	Imatinib	Imatinib_AML_161_01	220.61067	1.2
AML_175_01	Imatinib	Imatinib_AML_175_01	231.97623	0.0
AML_179_01	Imatinib	Imatinib_AML_179_01	225.40582	1.5
AML_183_01	Imatinib	Imatinib_AML_183_01	232.65916	1.2
AML_183_02	Imatinib	Imatinib_AML_183_02	225.0722	3.5
AML_183_03	Imatinib	Imatinib_AML_183_03	224.008	2.5
AML_184_01	Imatinib	Imatinib_AML_184_01	226.904	3.8
AML_185_01	Imatinib	Imatinib_AML_185_01	234.36502	1.6
AML_004_01	JNJ-38877605	JNJ-38877605_AML_004_01	236.00427	0.0
AML_019_01	JNJ-38877605	JNJ-38877605_AML_019_01	227.54794	2.3
AML_025_01	JNJ-38877605	JNJ-38877605_AML_025_01	238.25334	1.9
AML_026_01	JNJ-38877605	JNJ-38877605_AML_026_01	239.81032	0.6
AML_029_01	JNJ-38877605	JNJ-38877605_AML_029_01	233.70117	0.0
AML_030_01	JNJ-38877605	JNJ-38877605_AML_030_01	229.44206	0.7
AML_033_01	JNJ-38877605	JNJ-38877605_AML_033_01	232.45692	2.2
AML_033_02	JNJ-38877605	JNJ-38877605_AML_033_02	226.25844	0.4
AML_041_01	JNJ-38877605	JNJ-38877605_AML_041_01	236.66331	0.0
AML_042_01	JNJ-38877605	JNJ-38877605_AML_042_01	235.35968	0.0
AML_043_02	JNJ-38877605	JNJ-38877605_AML_043_02	226.55151	0.2
AML_046_01	JNJ-38877605	JNJ-38877605_AML_046_01	232.60971	0.7
AML_052_01	JNJ-38877605	JNJ-38877605_AML_052_01	234.0631	1.7
AML_057_01	JNJ-38877605	JNJ-38877605_AML_057_01	234.76553	0.9
AML_058_01	JNJ-38877605	JNJ-38877605_AML_058_01	234.67911	0.0
AML_059_01	JNJ-38877605	JNJ-38877605_AML_059_01	233.46483	0.1
AML_060_01	JNJ-38877605	JNJ-38877605_AML_060_01	232.659	0.0
AML_061_01	JNJ-38877605	JNJ-38877605_AML_061_01	234.29489	0.0
AML_062_01	JNJ-38877605	JNJ-38877605_AML_062_01	230.04904	1.7
AML_064_01	JNJ-38877605	JNJ-38877605_AML_064_01	231.41545	1.6
AML_065_01	JNJ-38877605	JNJ-38877605_AML_065_01	227.7807	2.5
AML_067_01	JNJ-38877605	JNJ-38877605_AML_067_01	233.14992	2.5
AML_070_01	JNJ-38877605	JNJ-38877605_AML_070_01	237.30634	0.4
AML_072_01	JNJ-38877605	JNJ-38877605_AML_072_01	235.73332	0.0
AML_073_01	JNJ-38877605	JNJ-38877605_AML_073_01	235.358	0.7
AML_074_01	JNJ-38877605	JNJ-38877605_AML_074_01	237.79094	2.5
AML_075_01	JNJ-38877605	JNJ-38877605_AML_075_01	235.24866	0.0
AML_076_01	JNJ-38877605	JNJ-38877605_AML_076_01	235.80707	0.1
AML_076_02	JNJ-38877605	JNJ-38877605_AML_076_02	227.49821	1.5
AML_077_01	JNJ-38877605	JNJ-38877605_AML_077_01	237.88571	4.1
AML_078_02	JNJ-38877605	JNJ-38877605_AML_078_02	235.92798	1.7
AML_086_02	JNJ-38877605	JNJ-38877605_AML_086_02	231.57384	3.2
AML_098_01	JNJ-38877605	JNJ-38877605_AML_098_01	234.43633	0.0
AML_100_01	JNJ-38877605	JNJ-38877605_AML_100_01	238.21893	2.0
AML_101_01	JNJ-38877605	JNJ-38877605_AML_101_01	225.66281	0.0
AML_101_02	JNJ-38877605	JNJ-38877605_AML_101_02	231.61937	0.0
AML_102_01	JNJ-38877605	JNJ-38877605_AML_102_01	232.55238	0.0
AML_103_01	JNJ-38877605	JNJ-38877605_AML_103_01	225.83846	3.9
AML_103_02	JNJ-38877605	JNJ-38877605_AML_103_02	221.18356	0.7
AML_104_01	JNJ-38877605	JNJ-38877605_AML_104_01	236.3275	3.8
AML_108_01	JNJ-38877605	JNJ-38877605_AML_108_01	234.33154	5.1
AML_109_01	JNJ-38877605	JNJ-38877605_AML_109_01	225.0716	0.3
AML_110_01	JNJ-38877605	JNJ-38877605_AML_110_01	236.14671	3.6
AML_112_01	JNJ-38877605	JNJ-38877605_AML_112_01	231.24055	4.7
AML_112_02	JNJ-38877605	JNJ-38877605_AML_112_02	233.77452	1.7
AML_113_01	JNJ-38877605	JNJ-38877605_AML_113_01	231.21631	5.0
AML_114_01	JNJ-38877605	JNJ-38877605_AML_114_01	232.35158	0.6
AML_115_01	JNJ-38877605	JNJ-38877605_AML_115_01	231.04263	4.3
AML_116_01	JNJ-38877605	JNJ-38877605_AML_116_01	233.62495	1.7
AML_117_01	JNJ-38877605	JNJ-38877605_AML_117_01	236.41301	0.0
AML_119_01	JNJ-38877605	JNJ-38877605_AML_119_01	232.00247	1.0
AML_122_01	JNJ-38877605	JNJ-38877605_AML_122_01	232.18402	1.2
AML_123_01	JNJ-38877605	JNJ-38877605_AML_123_01	240.46353	3.2
AML_124_01	JNJ-38877605	JNJ-38877605_AML_124_01	236.47258	2.6
AML_125_01	JNJ-38877605	JNJ-38877605_AML_125_01	235.20354	2.0
AML_126_01	JNJ-38877605	JNJ-38877605_AML_126_01	231.35088	0.8
AML_127_01	JNJ-38877605	JNJ-38877605_AML_127_01	234.71423	0.3
AML_128_01	JNJ-38877605	JNJ-38877605_AML_128_01	234.65605	0.7
AML_131_01	JNJ-38877605	JNJ-38877605_AML_131_01	235.07939	0.5
AML_133_01	JNJ-38877605	JNJ-38877605_AML_133_01	227.00098	0.7
AML_134_01	JNJ-38877605	JNJ-38877605_AML_134_01	225.4959	0.0
AML_135_01	JNJ-38877605	JNJ-38877605_AML_135_01	233.31062	3.4
AML_138_01	JNJ-38877605	JNJ-38877605_AML_138_01	234.51392	3.3
AML_139_01	JNJ-38877605	JNJ-38877605_AML_139_01	244.28229	2.7
AML_140_01	JNJ-38877605	JNJ-38877605_AML_140_01	237.14073	1.7
AML_142_01	JNJ-38877605	JNJ-38877605_AML_142_01	224.09305	2.9
AML_143_01	JNJ-38877605	JNJ-38877605_AML_143_01	234.77672	0.5
AML_144_01	JNJ-38877605	JNJ-38877605_AML_144_01	241.43484	4.2
AML_146_01	JNJ-38877605	JNJ-38877605_AML_146_01	236.89938	2.7
AML_147_01	JNJ-38877605	JNJ-38877605_AML_147_01	235.82545	1.2
AML_151_01	JNJ-38877605	JNJ-38877605_AML_151_01	231.23093	0.6
AML_152_01	JNJ-38877605	JNJ-38877605_AML_152_01	234.97682	0.5
AML_153_01	JNJ-38877605	JNJ-38877605_AML_153_01	221.29823	3.2
AML_156_01	JNJ-38877605	JNJ-38877605_AML_156_01	229.20233	2.1
AML_157_01	JNJ-38877605	JNJ-38877605_AML_157_01	236.49452	3.1
AML_157_02	JNJ-38877605	JNJ-38877605_AML_157_02	233.3211	2.8
AML_158_01	JNJ-38877605	JNJ-38877605_AML_158_01	238.25107	1.2
AML_159_01	JNJ-38877605	JNJ-38877605_AML_159_01	236.75761	1.0
AML_160_01	JNJ-38877605	JNJ-38877605_AML_160_01	229.86813	2.7
AML_161_01	JNJ-38877605	JNJ-38877605_AML_161_01	226.9416	1.2
AML_183_01	JNJ-38877605	JNJ-38877605_AML_183_01	238.80396	2.2
AML_183_02	JNJ-38877605	JNJ-38877605_AML_183_02	233.93791	1.5
AML_183_03	JNJ-38877605	JNJ-38877605_AML_183_03	231.05855	2.7
AML_001_03	JQ1	JQ1_AML_001_03	163.25209	22.9
AML_003_02	JQ1	JQ1_AML_003_02	172.11377	20.7
AML_004_01	JQ1	JQ1_AML_004_01	166.92462	15.5
AML_006_02	JQ1	JQ1_AML_006_02	169.00983	17.8
AML_007_01	JQ1	JQ1_AML_007_01	167.56097	10.1
AML_007_02	JQ1	JQ1_AML_007_02	163.45346	12.3
AML_012_01	JQ1	JQ1_AML_012_01	170.04578	5.6
AML_013_01	JQ1	JQ1_AML_013_01	173.18188	15.9
AML_014_01	JQ1	JQ1_AML_014_01	162.2758	20.8
AML_015_01	JQ1	JQ1_AML_015_01	170.39752	9.1
AML_015_02	JQ1	JQ1_AML_015_02	175.60544	17.8
AML_015_03	JQ1	JQ1_AML_015_03	167.62134	17.5
AML_015_04	JQ1	JQ1_AML_015_04	171.91367	13.0
AML_018_01	JQ1	JQ1_AML_018_01	164.21942	26.4
AML_019_01	JQ1	JQ1_AML_019_01	171.60535	6.2
AML_020_01	JQ1	JQ1_AML_020_01	171.7021	4.1
AML_023_04	JQ1	JQ1_AML_023_04	164.18306	15.6
AML_024_01	JQ1	JQ1_AML_024_01	172.41269	2.5
AML_025_01	JQ1	JQ1_AML_025_01	170.94968	17.2
AML_026_01	JQ1	JQ1_AML_026_01	169.7065	9.9
AML_028_01	JQ1	JQ1_AML_028_01	168.3949	9.5
AML_028_04	JQ1	JQ1_AML_028_04	170.49551	20.2
AML_029_01	JQ1	JQ1_AML_029_01	170.46793	14.9
AML_030_01	JQ1	JQ1_AML_030_01	165.62389	11.4
AML_032_01	JQ1	JQ1_AML_032_01	171.2078	3.8
AML_033_01	JQ1	JQ1_AML_033_01	175.06328	12.5
AML_033_02	JQ1	JQ1_AML_033_02	169.87343	13.8
AML_035_02	JQ1	JQ1_AML_035_02	172.1267	17.3
AML_035_04	JQ1	JQ1_AML_035_04	172.64485	14.3
AML_036_01	JQ1	JQ1_AML_036_01	159.30885	10.9
AML_040_01	JQ1	JQ1_AML_040_01	160.88025	22.6
AML_041_01	JQ1	JQ1_AML_041_01	168.42429	10.6
AML_042_01	JQ1	JQ1_AML_042_01	170.28683	16.5
AML_043_02	JQ1	JQ1_AML_043_02	171.39886	19.3
AML_045_01	JQ1	JQ1_AML_045_01	168.0918	6.9
AML_046_01	JQ1	JQ1_AML_046_01	165.31905	9.2
AML_051_01	JQ1	JQ1_AML_051_01	163.88254	6.7
AML_052_01	JQ1	JQ1_AML_052_01	169.73012	18.5
AML_053_01	JQ1	JQ1_AML_053_01	176.18695	11.2
AML_054_01	JQ1	JQ1_AML_054_01	167.187	14.0
AML_057_01	JQ1	JQ1_AML_057_01	164.25209	20.2
AML_058_01	JQ1	JQ1_AML_058_01	165.79004	10.7
AML_059_01	JQ1	JQ1_AML_059_01	165.37361	13.6
AML_060_01	JQ1	JQ1_AML_060_01	169.26636	14.6
AML_061_01	JQ1	JQ1_AML_061_01	162.04814	14.6
AML_062_01	JQ1	JQ1_AML_062_01	162.07602	16.0
AML_064_01	JQ1	JQ1_AML_064_01	166.01404	22.4
AML_065_01	JQ1	JQ1_AML_065_01	159.01288	18.8
AML_067_01	JQ1	JQ1_AML_067_01	161.64354	21.1
AML_070_01	JQ1	JQ1_AML_070_01	169.87653	6.2
AML_072_01	JQ1	JQ1_AML_072_01	172.8374	3.5
AML_073_01	JQ1	JQ1_AML_073_01	174.9256	6.1
AML_074_01	JQ1	JQ1_AML_074_01	165.82426	11.2
AML_075_01	JQ1	JQ1_AML_075_01	166.47418	17.2
AML_076_01	JQ1	JQ1_AML_076_01	170.22174	11.1
AML_076_02	JQ1	JQ1_AML_076_02	161.38611	15.0
AML_077_01	JQ1	JQ1_AML_077_01	173.22841	15.8
AML_078_02	JQ1	JQ1_AML_078_02	167.40799	16.6
AML_084_01	JQ1	JQ1_AML_084_01	164.77318	19.2
AML_086_02	JQ1	JQ1_AML_086_02	170.97713	12.7
AML_098_01	JQ1	JQ1_AML_098_01	162.3918	8.1
AML_100_01	JQ1	JQ1_AML_100_01	165.00839	11.8
AML_101_01	JQ1	JQ1_AML_101_01	171.10701	19.8
AML_101_02	JQ1	JQ1_AML_101_02	178.51616	5.8
AML_102_01	JQ1	JQ1_AML_102_01	159.22452	16.2
AML_103_01	JQ1	JQ1_AML_103_01	162.20457	19.9
AML_103_02	JQ1	JQ1_AML_103_02	165.86743	18.7
AML_104_01	JQ1	JQ1_AML_104_01	162.05182	13.8
AML_108_01	JQ1	JQ1_AML_108_01	157.97726	20.8
AML_109_01	JQ1	JQ1_AML_109_01	167.61497	12.6
AML_110_01	JQ1	JQ1_AML_110_01	165.63298	14.3
AML_112_01	JQ1	JQ1_AML_112_01	162.9555	16.3
AML_112_02	JQ1	JQ1_AML_112_02	168.29944	20.1
AML_113_01	JQ1	JQ1_AML_113_01	161.72675	22.1
AML_114_01	JQ1	JQ1_AML_114_01	164.74911	10.7
AML_115_01	JQ1	JQ1_AML_115_01	159.31784	24.3
AML_116_01	JQ1	JQ1_AML_116_01	161.94177	14.6
AML_117_01	JQ1	JQ1_AML_117_01	168.32532	5.2
AML_119_01	JQ1	JQ1_AML_119_01	162.1099	17.3
AML_120_03	JQ1	JQ1_AML_120_03	170.33572	22.3
AML_122_01	JQ1	JQ1_AML_122_01	167.48497	10.5
AML_123_01	JQ1	JQ1_AML_123_01	168.58453	11.4
AML_124_01	JQ1	JQ1_AML_124_01	167.20494	20.6
AML_125_01	JQ1	JQ1_AML_125_01	164.68867	11.8
AML_126_01	JQ1	JQ1_AML_126_01	168.93283	19.4
AML_127_01	JQ1	JQ1_AML_127_01	162.43488	16.1
AML_128_01	JQ1	JQ1_AML_128_01	173.32716	13.4
AML_131_01	JQ1	JQ1_AML_131_01	165.43225	13.4
AML_133_01	JQ1	JQ1_AML_133_01	169.97415	14.7
AML_134_01	JQ1	JQ1_AML_134_01	174.89308	17.5
AML_135_01	JQ1	JQ1_AML_135_01	168.90448	19.7
AML_138_01	JQ1	JQ1_AML_138_01	173.8117	14.9
AML_139_01	JQ1	JQ1_AML_139_01	172.24406	16.1
AML_140_01	JQ1	JQ1_AML_140_01	163.55818	16.6
AML_142_01	JQ1	JQ1_AML_142_01	169.29349	17.3
AML_143_01	JQ1	JQ1_AML_143_01	166.05344	16.8
AML_144_01	JQ1	JQ1_AML_144_01	170.03036	17.2
AML_146_01	JQ1	JQ1_AML_146_01	168.3544	12.7
AML_147_01	JQ1	JQ1_AML_147_01	166.686	14.0
AML_151_01	JQ1	JQ1_AML_151_01	159.6995	21.7
AML_152_01	JQ1	JQ1_AML_152_01	163.87543	12.3
AML_153_01	JQ1	JQ1_AML_153_01	168.82973	8.7
AML_156_01	JQ1	JQ1_AML_156_01	164.68388	22.6
AML_157_01	JQ1	JQ1_AML_157_01	166.93312	20.3
AML_157_02	JQ1	JQ1_AML_157_02	168.14255	19.5
AML_158_01	JQ1	JQ1_AML_158_01	168.32306	11.6
AML_159_01	JQ1	JQ1_AML_159_01	169.67357	14.6
AML_160_01	JQ1	JQ1_AML_160_01	164.79181	16.8
AML_161_01	JQ1	JQ1_AML_161_01	161.87396	18.4
AML_175_01	JQ1	JQ1_AML_175_01	163.10152	6.7
AML_183_01	JQ1	JQ1_AML_183_01	167.73622	15.3
AML_183_02	JQ1	JQ1_AML_183_02	163.65204	17.1
AML_183_03	JQ1	JQ1_AML_183_03	164.45265	15.9
AML_004_01	KW-2449	KW-2449_AML_004_01	216.54037	4.2
AML_019_01	KW-2449	KW-2449_AML_019_01	202.44547	0.0
AML_025_01	KW-2449	KW-2449_AML_025_01	221.19415	0.1
AML_026_01	KW-2449	KW-2449_AML_026_01	224.43665	0.0
AML_029_01	KW-2449	KW-2449_AML_029_01	218.49438	0.0
AML_030_01	KW-2449	KW-2449_AML_030_01	212.35883	0.0
AML_033_01	KW-2449	KW-2449_AML_033_01	212.3345	7.7
AML_033_02	KW-2449	KW-2449_AML_033_02	185.31642	6.0
AML_041_01	KW-2449	KW-2449_AML_041_01	223.91135	1.5
AML_042_01	KW-2449	KW-2449_AML_042_01	222.46005	3.0
AML_043_02	KW-2449	KW-2449_AML_043_02	191.20554	4.5
AML_046_01	KW-2449	KW-2449_AML_046_01	198.06627	18.4
AML_052_01	KW-2449	KW-2449_AML_052_01	215.34845	1.9
AML_057_01	KW-2449	KW-2449_AML_057_01	217.72153	1.0
AML_058_01	KW-2449	KW-2449_AML_058_01	213.55556	3.0
AML_059_01	KW-2449	KW-2449_AML_059_01	212.22578	4.0
AML_060_01	KW-2449	KW-2449_AML_060_01	208.24594	1.1
AML_061_01	KW-2449	KW-2449_AML_061_01	213.46635	2.7
AML_062_01	KW-2449	KW-2449_AML_062_01	209.64236	7.2
AML_064_01	KW-2449	KW-2449_AML_064_01	219.48897	0.1
AML_065_01	KW-2449	KW-2449_AML_065_01	205.03978	4.5
AML_067_01	KW-2449	KW-2449_AML_067_01	216.51178	3.2
AML_070_01	KW-2449	KW-2449_AML_070_01	225.52441	0.6
AML_072_01	KW-2449	KW-2449_AML_072_01	220.77068	0.0
AML_073_01	KW-2449	KW-2449_AML_073_01	218.7888	0.0
AML_074_01	KW-2449	KW-2449_AML_074_01	222.10298	0.0
AML_075_01	KW-2449	KW-2449_AML_075_01	220.51358	0.1
AML_076_01	KW-2449	KW-2449_AML_076_01	221.89784	1.5
AML_076_02	KW-2449	KW-2449_AML_076_02	200.27765	3.7
AML_077_01	KW-2449	KW-2449_AML_077_01	221.59683	2.8
AML_078_02	KW-2449	KW-2449_AML_078_02	222.05751	0.0
AML_086_02	KW-2449	KW-2449_AML_086_02	211.0602	0.9
AML_098_01	KW-2449	KW-2449_AML_098_01	217.35307	0.1
AML_100_01	KW-2449	KW-2449_AML_100_01	221.759	0.0
AML_101_01	KW-2449	KW-2449_AML_101_01	198.3009	6.6
AML_101_02	KW-2449	KW-2449_AML_101_02	213.15088	0.0
AML_102_01	KW-2449	KW-2449_AML_102_01	214.61807	0.0
AML_103_01	KW-2449	KW-2449_AML_103_01	209.71588	1.0
AML_103_02	KW-2449	KW-2449_AML_103_02	182.8562	6.2
AML_104_01	KW-2449	KW-2449_AML_104_01	219.74168	0.0
AML_108_01	KW-2449	KW-2449_AML_108_01	213.54881	1.0
AML_109_01	KW-2449	KW-2449_AML_109_01	201.70187	0.0
AML_110_01	KW-2449	KW-2449_AML_110_01	217.55963	3.5
AML_112_01	KW-2449	KW-2449_AML_112_01	215.9394	2.7
AML_112_02	KW-2449	KW-2449_AML_112_02	217.1065	0.0
AML_113_01	KW-2449	KW-2449_AML_113_01	205.50287	4.8
AML_114_01	KW-2449	KW-2449_AML_114_01	213.48007	0.2
AML_115_01	KW-2449	KW-2449_AML_115_01	204.7979	3.0
AML_116_01	KW-2449	KW-2449_AML_116_01	213.86166	1.6
AML_117_01	KW-2449	KW-2449_AML_117_01	221.05473	1.1
AML_119_01	KW-2449	KW-2449_AML_119_01	214.60312	0.2
AML_122_01	KW-2449	KW-2449_AML_122_01	220.49283	0.0
AML_123_01	KW-2449	KW-2449_AML_123_01	227.43175	2.9
AML_124_01	KW-2449	KW-2449_AML_124_01	221.2972	4.9
AML_125_01	KW-2449	KW-2449_AML_125_01	210.43994	2.6
AML_126_01	KW-2449	KW-2449_AML_126_01	214.93875	6.6
AML_127_01	KW-2449	KW-2449_AML_127_01	217.59323	3.2
AML_128_01	KW-2449	KW-2449_AML_128_01	221.55643	0.6
AML_131_01	KW-2449	KW-2449_AML_131_01	220.38776	0.5
AML_133_01	KW-2449	KW-2449_AML_133_01	195.99033	3.3
AML_134_01	KW-2449	KW-2449_AML_134_01	203.38217	0.0
AML_135_01	KW-2449	KW-2449_AML_135_01	213.85059	1.7
AML_138_01	KW-2449	KW-2449_AML_138_01	212.09921	1.3
AML_139_01	KW-2449	KW-2449_AML_139_01	225.1636	4.6
AML_140_01	KW-2449	KW-2449_AML_140_01	215.13104	1.3
AML_142_01	KW-2449	KW-2449_AML_142_01	191.25984	7.3
AML_143_01	KW-2449	KW-2449_AML_143_01	217.03658	0.2
AML_144_01	KW-2449	KW-2449_AML_144_01	222.41635	1.0
AML_146_01	KW-2449	KW-2449_AML_146_01	217.00754	0.0
AML_147_01	KW-2449	KW-2449_AML_147_01	215.92186	0.9
AML_151_01	KW-2449	KW-2449_AML_151_01	206.6026	0.8
AML_152_01	KW-2449	KW-2449_AML_152_01	211.49261	1.5
AML_153_01	KW-2449	KW-2449_AML_153_01	194.32051	0.0
AML_156_01	KW-2449	KW-2449_AML_156_01	203.31769	1.7
AML_157_01	KW-2449	KW-2449_AML_157_01	216.18109	3.8
AML_157_02	KW-2449	KW-2449_AML_157_02	214.57555	5.5
AML_158_01	KW-2449	KW-2449_AML_158_01	221.10356	1.1
AML_159_01	KW-2449	KW-2449_AML_159_01	218.6289	1.6
AML_160_01	KW-2449	KW-2449_AML_160_01	206.45554	1.3
AML_161_01	KW-2449	KW-2449_AML_161_01	193.00299	2.7
AML_183_01	KW-2449	KW-2449_AML_183_01	222.31303	0.0
AML_183_02	KW-2449	KW-2449_AML_183_02	219.26584	2.3
AML_183_03	KW-2449	KW-2449_AML_183_03	212.82016	0.0
AML_001_01	Lapatinib	Lapatinib_AML_001_01	228.65953	0.0
AML_001_03	Lapatinib	Lapatinib_AML_001_03	232.01971	0.0
AML_002_01	Lapatinib	Lapatinib_AML_002_01	223.83002	1.3
AML_003_02	Lapatinib	Lapatinib_AML_003_02	225.15787	0.0
AML_004_01	Lapatinib	Lapatinib_AML_004_01	228.45833	0.2
AML_006_02	Lapatinib	Lapatinib_AML_006_02	231.98396	1.2
AML_007_01	Lapatinib	Lapatinib_AML_007_01	230.50636	0.3
AML_007_02	Lapatinib	Lapatinib_AML_007_02	233.26741	0.0
AML_012_01	Lapatinib	Lapatinib_AML_012_01	211.36877	0.0
AML_013_01	Lapatinib	Lapatinib_AML_013_01	219.96603	0.0
AML_014_01	Lapatinib	Lapatinib_AML_014_01	231.68376	0.0
AML_015_01	Lapatinib	Lapatinib_AML_015_01	232.53091	0.0
AML_015_02	Lapatinib	Lapatinib_AML_015_02	227.1953	0.0
AML_015_03	Lapatinib	Lapatinib_AML_015_03	230.95393	0.2
AML_015_04	Lapatinib	Lapatinib_AML_015_04	224.5423	0.0
AML_018_01	Lapatinib	Lapatinib_AML_018_01	214.96436	0.0
AML_019_01	Lapatinib	Lapatinib_AML_019_01	222.73924	0.0
AML_020_01	Lapatinib	Lapatinib_AML_020_01	226.90578	0.0
AML_022_01	Lapatinib	Lapatinib_AML_022_01	225.2089	3.0
AML_023_01	Lapatinib	Lapatinib_AML_023_01	227.94531	1.1
AML_023_03	Lapatinib	Lapatinib_AML_023_03	225.77785	0.2
AML_023_04	Lapatinib	Lapatinib_AML_023_04	224.52893	0.0
AML_024_01	Lapatinib	Lapatinib_AML_024_01	226.0263	0.0
AML_025_01	Lapatinib	Lapatinib_AML_025_01	232.76369	0.0
AML_026_01	Lapatinib	Lapatinib_AML_026_01	233.76332	0.0
AML_028_01	Lapatinib	Lapatinib_AML_028_01	226.5069	0.0
AML_028_04	Lapatinib	Lapatinib_AML_028_04	212.03484	0.0
AML_029_01	Lapatinib	Lapatinib_AML_029_01	228.441	0.3
AML_030_01	Lapatinib	Lapatinib_AML_030_01	223.38942	0.0
AML_032_01	Lapatinib	Lapatinib_AML_032_01	230.38853	0.0
AML_033_01	Lapatinib	Lapatinib_AML_033_01	226.2639	0.0
AML_033_02	Lapatinib	Lapatinib_AML_033_02	212.5856	0.0
AML_035_02	Lapatinib	Lapatinib_AML_035_02	234.39096	0.0
AML_035_04	Lapatinib	Lapatinib_AML_035_04	224.79564	0.0
AML_036_01	Lapatinib	Lapatinib_AML_036_01	232.9501	0.0
AML_040_01	Lapatinib	Lapatinib_AML_040_01	227.47136	0.0
AML_041_01	Lapatinib	Lapatinib_AML_041_01	232.94504	0.0
AML_042_01	Lapatinib	Lapatinib_AML_042_01	230.85771	0.0
AML_043_02	Lapatinib	Lapatinib_AML_043_02	214.7698	0.0
AML_045_01	Lapatinib	Lapatinib_AML_045_01	231.43317	0.0
AML_046_01	Lapatinib	Lapatinib_AML_046_01	219.63899	0.0
AML_051_01	Lapatinib	Lapatinib_AML_051_01	224.79185	0.0
AML_052_01	Lapatinib	Lapatinib_AML_052_01	227.02942	0.0
AML_053_01	Lapatinib	Lapatinib_AML_053_01	237.87393	0.0
AML_054_01	Lapatinib	Lapatinib_AML_054_01	220.0324	0.0
AML_057_01	Lapatinib	Lapatinib_AML_057_01	230.20937	0.0
AML_058_01	Lapatinib	Lapatinib_AML_058_01	228.32278	0.0
AML_059_01	Lapatinib	Lapatinib_AML_059_01	226.88104	0.8
AML_060_01	Lapatinib	Lapatinib_AML_060_01	225.18164	0.4
AML_061_01	Lapatinib	Lapatinib_AML_061_01	228.1601	0.0
AML_062_01	Lapatinib	Lapatinib_AML_062_01	224.76707	0.3
AML_064_01	Lapatinib	Lapatinib_AML_064_01	228.44531	0.0
AML_065_01	Lapatinib	Lapatinib_AML_065_01	221.35165	0.0
AML_067_01	Lapatinib	Lapatinib_AML_067_01	226.63582	0.0
AML_070_01	Lapatinib	Lapatinib_AML_070_01	232.57138	0.2
AML_072_01	Lapatinib	Lapatinib_AML_072_01	231.0668	0.1
AML_073_01	Lapatinib	Lapatinib_AML_073_01	231.62433	0.0
AML_074_01	Lapatinib	Lapatinib_AML_074_01	228.89597	0.0
AML_075_01	Lapatinib	Lapatinib_AML_075_01	229.14519	0.0
AML_076_01	Lapatinib	Lapatinib_AML_076_01	230.53647	0.0
AML_076_02	Lapatinib	Lapatinib_AML_076_02	217.3838	0.0
AML_077_01	Lapatinib	Lapatinib_AML_077_01	231.44827	0.0
AML_078_02	Lapatinib	Lapatinib_AML_078_02	229.55391	0.0
AML_084_01	Lapatinib	Lapatinib_AML_084_01	222.7544	0.0
AML_086_02	Lapatinib	Lapatinib_AML_086_02	226.9134	0.0
AML_098_01	Lapatinib	Lapatinib_AML_098_01	228.38467	0.0
AML_100_01	Lapatinib	Lapatinib_AML_100_01	231.0886	0.0
AML_101_01	Lapatinib	Lapatinib_AML_101_01	218.17822	0.0
AML_101_02	Lapatinib	Lapatinib_AML_101_02	226.75975	0.1
AML_102_01	Lapatinib	Lapatinib_AML_102_01	225.69443	1.0
AML_103_01	Lapatinib	Lapatinib_AML_103_01	221.51538	0.0
AML_103_02	Lapatinib	Lapatinib_AML_103_02	207.82132	0.0
AML_104_01	Lapatinib	Lapatinib_AML_104_01	228.91847	0.0
AML_108_01	Lapatinib	Lapatinib_AML_108_01	225.76349	1.5
AML_109_01	Lapatinib	Lapatinib_AML_109_01	218.12497	0.0
AML_110_01	Lapatinib	Lapatinib_AML_110_01	229.162	0.0
AML_112_01	Lapatinib	Lapatinib_AML_112_01	224.4441	0.0
AML_112_02	Lapatinib	Lapatinib_AML_112_02	228.01276	0.3
AML_113_01	Lapatinib	Lapatinib_AML_113_01	222.06548	0.0
AML_114_01	Lapatinib	Lapatinib_AML_114_01	224.5067	0.2
AML_115_01	Lapatinib	Lapatinib_AML_115_01	222.79803	0.0
AML_116_01	Lapatinib	Lapatinib_AML_116_01	225.54443	0.0
AML_117_01	Lapatinib	Lapatinib_AML_117_01	228.35522	0.0
AML_119_01	Lapatinib	Lapatinib_AML_119_01	225.02739	1.6
AML_120_01	Lapatinib	Lapatinib_AML_120_01	229.93402	2.7
AML_120_03	Lapatinib	Lapatinib_AML_120_03	230.18524	0.0
AML_122_01	Lapatinib	Lapatinib_AML_122_01	230.12915	0.0
AML_123_01	Lapatinib	Lapatinib_AML_123_01	233.03561	0.0
AML_124_01	Lapatinib	Lapatinib_AML_124_01	228.60883	0.0
AML_125_01	Lapatinib	Lapatinib_AML_125_01	227.80472	0.0
AML_126_01	Lapatinib	Lapatinib_AML_126_01	226.42952	0.0
AML_127_01	Lapatinib	Lapatinib_AML_127_01	228.48784	0.0
AML_128_01	Lapatinib	Lapatinib_AML_128_01	230.36464	0.2
AML_129_02	Lapatinib	Lapatinib_AML_129_02	228.61021	1.7
AML_129_03	Lapatinib	Lapatinib_AML_129_03	227.99915	2.1
AML_131_01	Lapatinib	Lapatinib_AML_131_01	230.35048	0.0
AML_133_01	Lapatinib	Lapatinib_AML_133_01	218.12323	0.0
AML_134_01	Lapatinib	Lapatinib_AML_134_01	219.2588	0.0
AML_135_01	Lapatinib	Lapatinib_AML_135_01	226.49574	0.0
AML_138_01	Lapatinib	Lapatinib_AML_138_01	228.6584	0.0
AML_139_01	Lapatinib	Lapatinib_AML_139_01	236.6211	0.6
AML_140_01	Lapatinib	Lapatinib_AML_140_01	227.7816	0.0
AML_142_01	Lapatinib	Lapatinib_AML_142_01	211.88573	0.0
AML_143_01	Lapatinib	Lapatinib_AML_143_01	227.8361	0.0
AML_144_01	Lapatinib	Lapatinib_AML_144_01	235.94858	0.0
AML_146_01	Lapatinib	Lapatinib_AML_146_01	230.1012	0.0
AML_147_01	Lapatinib	Lapatinib_AML_147_01	229.74272	0.0
AML_151_01	Lapatinib	Lapatinib_AML_151_01	224.19972	0.0
AML_152_01	Lapatinib	Lapatinib_AML_152_01	227.0364	0.0
AML_153_01	Lapatinib	Lapatinib_AML_153_01	214.09238	0.0
AML_156_01	Lapatinib	Lapatinib_AML_156_01	221.16273	0.0
AML_157_01	Lapatinib	Lapatinib_AML_157_01	230.98468	0.1
AML_157_02	Lapatinib	Lapatinib_AML_157_02	227.23149	0.0
AML_158_01	Lapatinib	Lapatinib_AML_158_01	231.63443	0.0
AML_159_01	Lapatinib	Lapatinib_AML_159_01	230.86105	0.0
AML_160_01	Lapatinib	Lapatinib_AML_160_01	223.07993	0.0
AML_161_01	Lapatinib	Lapatinib_AML_161_01	214.7055	0.0
AML_175_01	Lapatinib	Lapatinib_AML_175_01	231.45148	0.0
AML_179_01	Lapatinib	Lapatinib_AML_179_01	219.62567	0.8
AML_183_01	Lapatinib	Lapatinib_AML_183_01	232.85739	0.0
AML_183_02	Lapatinib	Lapatinib_AML_183_02	227.30539	0.0
AML_183_03	Lapatinib	Lapatinib_AML_183_03	226.88097	0.0
AML_184_01	Lapatinib	Lapatinib_AML_184_01	227.93686	2.7
AML_185_01	Lapatinib	Lapatinib_AML_185_01	229.24045	0.7
AML_001_01	Lenalidomide	Lenalidomide_AML_001_01	237.99562	0.0
AML_001_03	Lenalidomide	Lenalidomide_AML_001_03	236.10214	3.7
AML_002_01	Lenalidomide	Lenalidomide_AML_002_01	233.30531	0.0
AML_003_02	Lenalidomide	Lenalidomide_AML_003_02	230.32469	1.6
AML_004_01	Lenalidomide	Lenalidomide_AML_004_01	236.16986	4.4
AML_006_02	Lenalidomide	Lenalidomide_AML_006_02	238.02426	0.1
AML_007_01	Lenalidomide	Lenalidomide_AML_007_01	236.05824	0.0
AML_007_02	Lenalidomide	Lenalidomide_AML_007_02	237.10661	0.0
AML_012_01	Lenalidomide	Lenalidomide_AML_012_01	218.01733	7.8
AML_013_01	Lenalidomide	Lenalidomide_AML_013_01	226.40126	0.0
AML_014_01	Lenalidomide	Lenalidomide_AML_014_01	235.20874	0.0
AML_015_01	Lenalidomide	Lenalidomide_AML_015_01	236.86159	2.2
AML_015_02	Lenalidomide	Lenalidomide_AML_015_02	233.01561	11.1
AML_015_03	Lenalidomide	Lenalidomide_AML_015_03	237.0929	10.7
AML_015_04	Lenalidomide	Lenalidomide_AML_015_04	231.4761	9.7
AML_018_01	Lenalidomide	Lenalidomide_AML_018_01	222.62787	0.1
AML_019_01	Lenalidomide	Lenalidomide_AML_019_01	228.82172	6.3
AML_020_01	Lenalidomide	Lenalidomide_AML_020_01	233.0434	3.7
AML_022_01	Lenalidomide	Lenalidomide_AML_022_01	232.35126	0.0
AML_023_01	Lenalidomide	Lenalidomide_AML_023_01	235.03056	0.0
AML_023_03	Lenalidomide	Lenalidomide_AML_023_03	233.76366	0.0
AML_023_04	Lenalidomide	Lenalidomide_AML_023_04	231.54613	0.5
AML_024_01	Lenalidomide	Lenalidomide_AML_024_01	233.66971	0.0
AML_025_01	Lenalidomide	Lenalidomide_AML_025_01	240.0333	0.0
AML_026_01	Lenalidomide	Lenalidomide_AML_026_01	243.33224	0.0
AML_028_01	Lenalidomide	Lenalidomide_AML_028_01	235.16718	1.6
AML_028_04	Lenalidomide	Lenalidomide_AML_028_04	221.37236	4.9
AML_029_01	Lenalidomide	Lenalidomide_AML_029_01	236.39578	0.5
AML_030_01	Lenalidomide	Lenalidomide_AML_030_01	233.23875	0.3
AML_032_01	Lenalidomide	Lenalidomide_AML_032_01	237.11998	0.0
AML_033_01	Lenalidomide	Lenalidomide_AML_033_01	233.08	0.0
AML_033_02	Lenalidomide	Lenalidomide_AML_033_02	216.61145	0.2
AML_035_02	Lenalidomide	Lenalidomide_AML_035_02	241.34514	0.6
AML_035_04	Lenalidomide	Lenalidomide_AML_035_04	229.21886	0.0
AML_036_01	Lenalidomide	Lenalidomide_AML_036_01	241.16907	1.0
AML_040_01	Lenalidomide	Lenalidomide_AML_040_01	238.57556	2.7
AML_041_01	Lenalidomide	Lenalidomide_AML_041_01	239.42636	0.3
AML_042_01	Lenalidomide	Lenalidomide_AML_042_01	236.76126	4.6
AML_043_02	Lenalidomide	Lenalidomide_AML_043_02	220.22682	1.8
AML_045_01	Lenalidomide	Lenalidomide_AML_045_01	239.43916	2.9
AML_046_01	Lenalidomide	Lenalidomide_AML_046_01	229.68579	9.2
AML_051_01	Lenalidomide	Lenalidomide_AML_051_01	231.49254	0.0
AML_052_01	Lenalidomide	Lenalidomide_AML_052_01	237.78185	0.5
AML_053_01	Lenalidomide	Lenalidomide_AML_053_01	246.93999	0.0
AML_054_01	Lenalidomide	Lenalidomide_AML_054_01	226.20427	5.1
AML_057_01	Lenalidomide	Lenalidomide_AML_057_01	238.67238	3.0
AML_058_01	Lenalidomide	Lenalidomide_AML_058_01	235.86996	1.8
AML_059_01	Lenalidomide	Lenalidomide_AML_059_01	236.98715	1.5
AML_060_01	Lenalidomide	Lenalidomide_AML_060_01	233.40817	6.7
AML_061_01	Lenalidomide	Lenalidomide_AML_061_01	234.01898	2.1
AML_062_01	Lenalidomide	Lenalidomide_AML_062_01	233.11565	6.6
AML_064_01	Lenalidomide	Lenalidomide_AML_064_01	234.18118	7.5
AML_065_01	Lenalidomide	Lenalidomide_AML_065_01	231.55267	3.1
AML_067_01	Lenalidomide	Lenalidomide_AML_067_01	236.08603	1.4
AML_070_01	Lenalidomide	Lenalidomide_AML_070_01	240.26442	2.1
AML_072_01	Lenalidomide	Lenalidomide_AML_072_01	238.60568	8.0
AML_073_01	Lenalidomide	Lenalidomide_AML_073_01	239.44196	2.0
AML_074_01	Lenalidomide	Lenalidomide_AML_074_01	242.8664	3.5
AML_075_01	Lenalidomide	Lenalidomide_AML_075_01	235.4177	1.1
AML_076_01	Lenalidomide	Lenalidomide_AML_076_01	238.66507	0.0
AML_076_02	Lenalidomide	Lenalidomide_AML_076_02	228.05573	3.6
AML_077_01	Lenalidomide	Lenalidomide_AML_077_01	241.06268	2.1
AML_078_02	Lenalidomide	Lenalidomide_AML_078_02	237.23991	1.6
AML_084_01	Lenalidomide	Lenalidomide_AML_084_01	228.75374	0.0
AML_086_02	Lenalidomide	Lenalidomide_AML_086_02	234.3387	2.2
AML_098_01	Lenalidomide	Lenalidomide_AML_098_01	235.63159	0.0
AML_100_01	Lenalidomide	Lenalidomide_AML_100_01	241.40851	2.0
AML_101_01	Lenalidomide	Lenalidomide_AML_101_01	226.10864	7.3
AML_101_02	Lenalidomide	Lenalidomide_AML_101_02	233.94499	1.4
AML_102_01	Lenalidomide	Lenalidomide_AML_102_01	235.19579	0.1
AML_103_01	Lenalidomide	Lenalidomide_AML_103_01	229.94795	3.1
AML_103_02	Lenalidomide	Lenalidomide_AML_103_02	216.02686	0.0
AML_104_01	Lenalidomide	Lenalidomide_AML_104_01	239.49236	0.0
AML_108_01	Lenalidomide	Lenalidomide_AML_108_01	237.71313	3.0
AML_109_01	Lenalidomide	Lenalidomide_AML_109_01	226.4648	7.9
AML_110_01	Lenalidomide	Lenalidomide_AML_110_01	237.52988	6.0
AML_112_01	Lenalidomide	Lenalidomide_AML_112_01	235.38454	6.9
AML_112_02	Lenalidomide	Lenalidomide_AML_112_02	236.13612	4.0
AML_113_01	Lenalidomide	Lenalidomide_AML_113_01	230.67737	3.2
AML_114_01	Lenalidomide	Lenalidomide_AML_114_01	235.80615	0.0
AML_115_01	Lenalidomide	Lenalidomide_AML_115_01	233.09225	10.7
AML_116_01	Lenalidomide	Lenalidomide_AML_116_01	234.67216	0.2
AML_117_01	Lenalidomide	Lenalidomide_AML_117_01	241.1696	2.0
AML_119_01	Lenalidomide	Lenalidomide_AML_119_01	236.58528	1.9
AML_120_01	Lenalidomide	Lenalidomide_AML_120_01	237.55469	0.0
AML_120_03	Lenalidomide	Lenalidomide_AML_120_03	238.292	0.0
AML_122_01	Lenalidomide	Lenalidomide_AML_122_01	233.54501	0.0
AML_123_01	Lenalidomide	Lenalidomide_AML_123_01	244.3251	5.0
AML_124_01	Lenalidomide	Lenalidomide_AML_124_01	239.01314	2.6
AML_125_01	Lenalidomide	Lenalidomide_AML_125_01	237.06912	0.0
AML_126_01	Lenalidomide	Lenalidomide_AML_126_01	233.4021	0.7
AML_127_01	Lenalidomide	Lenalidomide_AML_127_01	238.97336	3.4
AML_128_01	Lenalidomide	Lenalidomide_AML_128_01	238.69237	6.7
AML_129_02	Lenalidomide	Lenalidomide_AML_129_02	238.41605	7.4
AML_129_03	Lenalidomide	Lenalidomide_AML_129_03	236.90366	0.6
AML_131_01	Lenalidomide	Lenalidomide_AML_131_01	239.29694	0.0
AML_133_01	Lenalidomide	Lenalidomide_AML_133_01	222.33333	7.5
AML_134_01	Lenalidomide	Lenalidomide_AML_134_01	225.35028	5.6
AML_135_01	Lenalidomide	Lenalidomide_AML_135_01	234.66083	2.0
AML_138_01	Lenalidomide	Lenalidomide_AML_138_01	234.30975	0.0
AML_139_01	Lenalidomide	Lenalidomide_AML_139_01	245.64706	0.4
AML_140_01	Lenalidomide	Lenalidomide_AML_140_01	236.92926	7.6
AML_142_01	Lenalidomide	Lenalidomide_AML_142_01	220.13596	15.1
AML_143_01	Lenalidomide	Lenalidomide_AML_143_01	235.36731	0.0
AML_144_01	Lenalidomide	Lenalidomide_AML_144_01	241.78838	7.7
AML_146_01	Lenalidomide	Lenalidomide_AML_146_01	240.52092	5.6
AML_147_01	Lenalidomide	Lenalidomide_AML_147_01	238.35292	6.8
AML_151_01	Lenalidomide	Lenalidomide_AML_151_01	231.73318	15.5
AML_152_01	Lenalidomide	Lenalidomide_AML_152_01	236.70934	0.1
AML_153_01	Lenalidomide	Lenalidomide_AML_153_01	220.39273	6.1
AML_156_01	Lenalidomide	Lenalidomide_AML_156_01	231.46378	0.0
AML_157_01	Lenalidomide	Lenalidomide_AML_157_01	235.9118	4.2
AML_157_02	Lenalidomide	Lenalidomide_AML_157_02	234.8114	3.0
AML_158_01	Lenalidomide	Lenalidomide_AML_158_01	239.22763	0.0
AML_159_01	Lenalidomide	Lenalidomide_AML_159_01	238.1439	0.0
AML_160_01	Lenalidomide	Lenalidomide_AML_160_01	230.8703	1.7
AML_161_01	Lenalidomide	Lenalidomide_AML_161_01	223.0912	1.2
AML_175_01	Lenalidomide	Lenalidomide_AML_175_01	242.51218	0.0
AML_179_01	Lenalidomide	Lenalidomide_AML_179_01	226.89697	11.3
AML_183_01	Lenalidomide	Lenalidomide_AML_183_01	239.01619	0.0
AML_183_02	Lenalidomide	Lenalidomide_AML_183_02	235.63124	0.0
AML_183_03	Lenalidomide	Lenalidomide_AML_183_03	233.70393	0.0
AML_184_01	Lenalidomide	Lenalidomide_AML_184_01	241.78142	0.0
AML_185_01	Lenalidomide	Lenalidomide_AML_185_01	235.70833	0.0
AML_004_01	Lenvatinib	Lenvatinib_AML_004_01	198.90685	1.3
AML_019_01	Lenvatinib	Lenvatinib_AML_019_01	203.34277	1.0
AML_025_01	Lenvatinib	Lenvatinib_AML_025_01	207.71848	0.0
AML_026_01	Lenvatinib	Lenvatinib_AML_026_01	202.10728	0.0
AML_029_01	Lenvatinib	Lenvatinib_AML_029_01	201.57855	0.0
AML_030_01	Lenvatinib	Lenvatinib_AML_030_01	191.07661	0.0
AML_033_01	Lenvatinib	Lenvatinib_AML_033_01	202.44478	2.0
AML_033_02	Lenvatinib	Lenvatinib_AML_033_02	194.41025	4.3
AML_041_01	Lenvatinib	Lenvatinib_AML_041_01	200.60521	2.6
AML_042_01	Lenvatinib	Lenvatinib_AML_042_01	201.27322	3.4
AML_043_02	Lenvatinib	Lenvatinib_AML_043_02	199.00331	0.0
AML_046_01	Lenvatinib	Lenvatinib_AML_046_01	192.20976	12.5
AML_052_01	Lenvatinib	Lenvatinib_AML_052_01	202.17465	0.0
AML_057_01	Lenvatinib	Lenvatinib_AML_057_01	194.83777	3.7
AML_058_01	Lenvatinib	Lenvatinib_AML_058_01	197.57904	3.1
AML_059_01	Lenvatinib	Lenvatinib_AML_059_01	194.99448	4.6
AML_060_01	Lenvatinib	Lenvatinib_AML_060_01	201.6285	3.5
AML_061_01	Lenvatinib	Lenvatinib_AML_061_01	198.81813	5.4
AML_062_01	Lenvatinib	Lenvatinib_AML_062_01	191.50137	7.2
AML_064_01	Lenvatinib	Lenvatinib_AML_064_01	198.99843	0.0
AML_065_01	Lenvatinib	Lenvatinib_AML_065_01	187.68459	4.7
AML_067_01	Lenvatinib	Lenvatinib_AML_067_01	191.35478	6.3
AML_070_01	Lenvatinib	Lenvatinib_AML_070_01	202.79668	0.0
AML_072_01	Lenvatinib	Lenvatinib_AML_072_01	206.89613	1.6
AML_073_01	Lenvatinib	Lenvatinib_AML_073_01	210.10066	0.4
AML_074_01	Lenvatinib	Lenvatinib_AML_074_01	195.68382	0.6
AML_075_01	Lenvatinib	Lenvatinib_AML_075_01	199.57126	2.6
AML_076_01	Lenvatinib	Lenvatinib_AML_076_01	203.0099	0.1
AML_076_02	Lenvatinib	Lenvatinib_AML_076_02	188.29831	2.6
AML_077_01	Lenvatinib	Lenvatinib_AML_077_01	207.44237	0.0
AML_078_02	Lenvatinib	Lenvatinib_AML_078_02	197.7941	0.0
AML_086_02	Lenvatinib	Lenvatinib_AML_086_02	206.32755	1.5
AML_098_01	Lenvatinib	Lenvatinib_AML_098_01	195.94463	0.0
AML_100_01	Lenvatinib	Lenvatinib_AML_100_01	197.89822	0.2
AML_101_01	Lenvatinib	Lenvatinib_AML_101_01	195.66791	11.6
AML_101_02	Lenvatinib	Lenvatinib_AML_101_02	209.93285	0.0
AML_102_01	Lenvatinib	Lenvatinib_AML_102_01	189.90973	0.0
AML_103_01	Lenvatinib	Lenvatinib_AML_103_01	190.34077	0.0
AML_103_02	Lenvatinib	Lenvatinib_AML_103_02	189.15115	2.8
AML_104_01	Lenvatinib	Lenvatinib_AML_104_01	193.33614	0.0
AML_108_01	Lenvatinib	Lenvatinib_AML_108_01	188.15051	0.0
AML_109_01	Lenvatinib	Lenvatinib_AML_109_01	197.79008	0.0
AML_110_01	Lenvatinib	Lenvatinib_AML_110_01	198.45291	1.5
AML_112_01	Lenvatinib	Lenvatinib_AML_112_01	189.70331	1.3
AML_112_02	Lenvatinib	Lenvatinib_AML_112_02	196.42772	0.3
AML_113_01	Lenvatinib	Lenvatinib_AML_113_01	195.37541	1.6
AML_114_01	Lenvatinib	Lenvatinib_AML_114_01	192.76671	0.0
AML_115_01	Lenvatinib	Lenvatinib_AML_115_01	189.03682	5.7
AML_116_01	Lenvatinib	Lenvatinib_AML_116_01	194.68083	0.0
AML_117_01	Lenvatinib	Lenvatinib_AML_117_01	198.7784	0.4
AML_119_01	Lenvatinib	Lenvatinib_AML_119_01	189.36865	0.8
AML_122_01	Lenvatinib	Lenvatinib_AML_122_01	200.15831	0.0
AML_123_01	Lenvatinib	Lenvatinib_AML_123_01	203.38182	0.0
AML_124_01	Lenvatinib	Lenvatinib_AML_124_01	199.3377	0.8
AML_125_01	Lenvatinib	Lenvatinib_AML_125_01	198.43753	0.0
AML_126_01	Lenvatinib	Lenvatinib_AML_126_01	198.18701	1.5
AML_127_01	Lenvatinib	Lenvatinib_AML_127_01	194.29138	0.0
AML_128_01	Lenvatinib	Lenvatinib_AML_128_01	206.7356	1.5
AML_131_01	Lenvatinib	Lenvatinib_AML_131_01	197.91823	0.0
AML_133_01	Lenvatinib	Lenvatinib_AML_133_01	201.77821	4.3
AML_134_01	Lenvatinib	Lenvatinib_AML_134_01	206.54984	0.0
AML_135_01	Lenvatinib	Lenvatinib_AML_135_01	201.42972	2.1
AML_138_01	Lenvatinib	Lenvatinib_AML_138_01	211.22902	1.6
AML_139_01	Lenvatinib	Lenvatinib_AML_139_01	213.1806	0.8
AML_140_01	Lenvatinib	Lenvatinib_AML_140_01	195.97456	0.0
AML_142_01	Lenvatinib	Lenvatinib_AML_142_01	197.6302	4.3
AML_143_01	Lenvatinib	Lenvatinib_AML_143_01	197.95355	0.0
AML_144_01	Lenvatinib	Lenvatinib_AML_144_01	210.163	2.0
AML_146_01	Lenvatinib	Lenvatinib_AML_146_01	204.29054	0.0
AML_147_01	Lenvatinib	Lenvatinib_AML_147_01	197.04314	1.6
AML_151_01	Lenvatinib	Lenvatinib_AML_151_01	191.3518	7.4
AML_152_01	Lenvatinib	Lenvatinib_AML_152_01	197.0395	0.1
AML_153_01	Lenvatinib	Lenvatinib_AML_153_01	199.64185	0.0
AML_156_01	Lenvatinib	Lenvatinib_AML_156_01	196.46255	0.9
AML_157_01	Lenvatinib	Lenvatinib_AML_157_01	200.42604	2.3
AML_157_02	Lenvatinib	Lenvatinib_AML_157_02	198.63257	1.8
AML_158_01	Lenvatinib	Lenvatinib_AML_158_01	202.55486	0.0
AML_159_01	Lenvatinib	Lenvatinib_AML_159_01	202.95087	0.4
AML_160_01	Lenvatinib	Lenvatinib_AML_160_01	192.99376	0.0
AML_161_01	Lenvatinib	Lenvatinib_AML_161_01	191.73792	0.5
AML_183_01	Lenvatinib	Lenvatinib_AML_183_01	202.51758	0.0
AML_183_02	Lenvatinib	Lenvatinib_AML_183_02	193.81877	0.0
AML_183_03	Lenvatinib	Lenvatinib_AML_183_03	195.3273	0.0
AML_001_01	Lestaurtinib	Lestaurtinib_AML_001_01	184.47363	4.7
AML_001_03	Lestaurtinib	Lestaurtinib_AML_001_03	185.42557	13.7
AML_002_01	Lestaurtinib	Lestaurtinib_AML_002_01	190.01869	14.3
AML_003_02	Lestaurtinib	Lestaurtinib_AML_003_02	191.00494	13.3
AML_004_01	Lestaurtinib	Lestaurtinib_AML_004_01	187.96892	12.6
AML_006_02	Lestaurtinib	Lestaurtinib_AML_006_02	191.14645	7.1
AML_007_01	Lestaurtinib	Lestaurtinib_AML_007_01	186.06892	10.9
AML_007_02	Lestaurtinib	Lestaurtinib_AML_007_02	186.45782	9.7
AML_012_01	Lestaurtinib	Lestaurtinib_AML_012_01	188.47641	18.9
AML_013_01	Lestaurtinib	Lestaurtinib_AML_013_01	187.9244	21.7
AML_014_01	Lestaurtinib	Lestaurtinib_AML_014_01	187.90108	12.3
AML_015_01	Lestaurtinib	Lestaurtinib_AML_015_01	190.07933	19.3
AML_015_02	Lestaurtinib	Lestaurtinib_AML_015_02	190.3086	17.3
AML_015_03	Lestaurtinib	Lestaurtinib_AML_015_03	186.9019	28.2
AML_015_04	Lestaurtinib	Lestaurtinib_AML_015_04	187.38686	23.7
AML_018_01	Lestaurtinib	Lestaurtinib_AML_018_01	181.33168	30.3
AML_019_01	Lestaurtinib	Lestaurtinib_AML_019_01	189.05933	9.4
AML_020_01	Lestaurtinib	Lestaurtinib_AML_020_01	192.48445	0.0
AML_023_01	Lestaurtinib	Lestaurtinib_AML_023_01	184.67957	22.1
AML_023_03	Lestaurtinib	Lestaurtinib_AML_023_03	180.947	16.5
AML_023_04	Lestaurtinib	Lestaurtinib_AML_023_04	182.94318	8.7
AML_024_01	Lestaurtinib	Lestaurtinib_AML_024_01	191.6109	14.2
AML_025_01	Lestaurtinib	Lestaurtinib_AML_025_01	191.5416	11.1
AML_026_01	Lestaurtinib	Lestaurtinib_AML_026_01	189.09227	7.4
AML_028_01	Lestaurtinib	Lestaurtinib_AML_028_01	186.77324	7.6
AML_028_04	Lestaurtinib	Lestaurtinib_AML_028_04	183.8717	23.2
AML_029_01	Lestaurtinib	Lestaurtinib_AML_029_01	189.0141	7.5
AML_030_01	Lestaurtinib	Lestaurtinib_AML_030_01	179.29575	4.7
AML_032_01	Lestaurtinib	Lestaurtinib_AML_032_01	192.12202	8.6
AML_033_01	Lestaurtinib	Lestaurtinib_AML_033_01	189.24948	18.7
AML_033_02	Lestaurtinib	Lestaurtinib_AML_033_02	184.30057	18.2
AML_035_02	Lestaurtinib	Lestaurtinib_AML_035_02	195.55084	8.6
AML_035_04	Lestaurtinib	Lestaurtinib_AML_035_04	195.42816	9.2
AML_036_01	Lestaurtinib	Lestaurtinib_AML_036_01	185.8937	10.5
AML_040_01	Lestaurtinib	Lestaurtinib_AML_040_01	181.363	11.4
AML_041_01	Lestaurtinib	Lestaurtinib_AML_041_01	186.28429	6.4
AML_042_01	Lestaurtinib	Lestaurtinib_AML_042_01	187.2728	9.0
AML_043_02	Lestaurtinib	Lestaurtinib_AML_043_02	191.65623	14.4
AML_045_01	Lestaurtinib	Lestaurtinib_AML_045_01	189.14655	2.2
AML_046_01	Lestaurtinib	Lestaurtinib_AML_046_01	181.7691	25.9
AML_051_01	Lestaurtinib	Lestaurtinib_AML_051_01	180.54602	0.0
AML_052_01	Lestaurtinib	Lestaurtinib_AML_052_01	192.37137	11.1
AML_053_01	Lestaurtinib	Lestaurtinib_AML_053_01	197.0419	10.2
AML_054_01	Lestaurtinib	Lestaurtinib_AML_054_01	187.70422	14.8
AML_057_01	Lestaurtinib	Lestaurtinib_AML_057_01	182.32483	12.6
AML_058_01	Lestaurtinib	Lestaurtinib_AML_058_01	185.40764	7.4
AML_059_01	Lestaurtinib	Lestaurtinib_AML_059_01	184.18207	10.8
AML_060_01	Lestaurtinib	Lestaurtinib_AML_060_01	190.48279	6.0
AML_061_01	Lestaurtinib	Lestaurtinib_AML_061_01	186.93147	8.5
AML_062_01	Lestaurtinib	Lestaurtinib_AML_062_01	178.11363	17.0
AML_064_01	Lestaurtinib	Lestaurtinib_AML_064_01	184.2406	9.4
AML_065_01	Lestaurtinib	Lestaurtinib_AML_065_01	176.70543	15.6
AML_067_01	Lestaurtinib	Lestaurtinib_AML_067_01	178.50156	10.4
AML_070_01	Lestaurtinib	Lestaurtinib_AML_070_01	190.61853	8.0
AML_072_01	Lestaurtinib	Lestaurtinib_AML_072_01	194.21732	0.0
AML_073_01	Lestaurtinib	Lestaurtinib_AML_073_01	193.89133	0.2
AML_074_01	Lestaurtinib	Lestaurtinib_AML_074_01	182.85623	9.4
AML_075_01	Lestaurtinib	Lestaurtinib_AML_075_01	186.70132	7.7
AML_076_01	Lestaurtinib	Lestaurtinib_AML_076_01	186.67601	11.3
AML_076_02	Lestaurtinib	Lestaurtinib_AML_076_02	179.50728	19.2
AML_077_01	Lestaurtinib	Lestaurtinib_AML_077_01	194.33868	12.4
AML_078_02	Lestaurtinib	Lestaurtinib_AML_078_02	185.77815	10.0
AML_084_01	Lestaurtinib	Lestaurtinib_AML_084_01	180.40004	20.1
AML_086_02	Lestaurtinib	Lestaurtinib_AML_086_02	189.97897	10.9
AML_098_01	Lestaurtinib	Lestaurtinib_AML_098_01	183.47797	7.7
AML_100_01	Lestaurtinib	Lestaurtinib_AML_100_01	184.3269	7.5
AML_101_01	Lestaurtinib	Lestaurtinib_AML_101_01	182.16943	17.4
AML_101_02	Lestaurtinib	Lestaurtinib_AML_101_02	194.89088	1.5
AML_102_01	Lestaurtinib	Lestaurtinib_AML_102_01	174.66847	7.8
AML_103_01	Lestaurtinib	Lestaurtinib_AML_103_01	177.6536	11.7
AML_103_02	Lestaurtinib	Lestaurtinib_AML_103_02	182.31392	19.3
AML_104_01	Lestaurtinib	Lestaurtinib_AML_104_01	180.52768	11.2
AML_108_01	Lestaurtinib	Lestaurtinib_AML_108_01	175.31006	15.3
AML_109_01	Lestaurtinib	Lestaurtinib_AML_109_01	184.59853	12.2
AML_110_01	Lestaurtinib	Lestaurtinib_AML_110_01	184.28253	19.0
AML_112_01	Lestaurtinib	Lestaurtinib_AML_112_01	178.41647	11.0
AML_112_02	Lestaurtinib	Lestaurtinib_AML_112_02	183.8406	11.6
AML_113_01	Lestaurtinib	Lestaurtinib_AML_113_01	182.01024	18.2
AML_114_01	Lestaurtinib	Lestaurtinib_AML_114_01	179.20282	10.5
AML_115_01	Lestaurtinib	Lestaurtinib_AML_115_01	177.40681	17.2
AML_116_01	Lestaurtinib	Lestaurtinib_AML_116_01	182.848	12.0
AML_117_01	Lestaurtinib	Lestaurtinib_AML_117_01	186.0106	6.8
AML_119_01	Lestaurtinib	Lestaurtinib_AML_119_01	176.79115	13.9
AML_120_01	Lestaurtinib	Lestaurtinib_AML_120_01	186.34665	31.1
AML_120_03	Lestaurtinib	Lestaurtinib_AML_120_03	189.7995	19.0
AML_122_01	Lestaurtinib	Lestaurtinib_AML_122_01	185.70265	6.6
AML_123_01	Lestaurtinib	Lestaurtinib_AML_123_01	190.02893	8.2
AML_124_01	Lestaurtinib	Lestaurtinib_AML_124_01	187.48698	13.9
AML_125_01	Lestaurtinib	Lestaurtinib_AML_125_01	187.0238	11.0
AML_126_01	Lestaurtinib	Lestaurtinib_AML_126_01	185.7669	17.4
AML_127_01	Lestaurtinib	Lestaurtinib_AML_127_01	181.84525	15.0
AML_128_01	Lestaurtinib	Lestaurtinib_AML_128_01	191.3072	12.3
AML_129_02	Lestaurtinib	Lestaurtinib_AML_129_02	183.96446	30.1
AML_129_03	Lestaurtinib	Lestaurtinib_AML_129_03	184.15366	12.8
AML_131_01	Lestaurtinib	Lestaurtinib_AML_131_01	184.58977	8.5
AML_133_01	Lestaurtinib	Lestaurtinib_AML_133_01	191.9792	11.7
AML_134_01	Lestaurtinib	Lestaurtinib_AML_134_01	192.01503	12.6
AML_135_01	Lestaurtinib	Lestaurtinib_AML_135_01	186.63322	16.6
AML_138_01	Lestaurtinib	Lestaurtinib_AML_138_01	193.69495	17.8
AML_139_01	Lestaurtinib	Lestaurtinib_AML_139_01	195.05878	16.5
AML_140_01	Lestaurtinib	Lestaurtinib_AML_140_01	182.991	14.3
AML_142_01	Lestaurtinib	Lestaurtinib_AML_142_01	190.95013	19.0
AML_143_01	Lestaurtinib	Lestaurtinib_AML_143_01	187.58273	10.4
AML_144_01	Lestaurtinib	Lestaurtinib_AML_144_01	194.73177	12.0
AML_146_01	Lestaurtinib	Lestaurtinib_AML_146_01	191.40686	8.7
AML_147_01	Lestaurtinib	Lestaurtinib_AML_147_01	184.03581	11.8
AML_151_01	Lestaurtinib	Lestaurtinib_AML_151_01	180.2357	11.8
AML_152_01	Lestaurtinib	Lestaurtinib_AML_152_01	184.70302	14.1
AML_153_01	Lestaurtinib	Lestaurtinib_AML_153_01	188.41855	0.0
AML_156_01	Lestaurtinib	Lestaurtinib_AML_156_01	184.64436	12.8
AML_157_01	Lestaurtinib	Lestaurtinib_AML_157_01	186.07565	17.8
AML_157_02	Lestaurtinib	Lestaurtinib_AML_157_02	185.63774	15.8
AML_158_01	Lestaurtinib	Lestaurtinib_AML_158_01	188.66096	11.2
AML_159_01	Lestaurtinib	Lestaurtinib_AML_159_01	190.5638	14.1
AML_160_01	Lestaurtinib	Lestaurtinib_AML_160_01	181.63182	11.2
AML_161_01	Lestaurtinib	Lestaurtinib_AML_161_01	183.50543	15.8
AML_175_01	Lestaurtinib	Lestaurtinib_AML_175_01	184.0132	0.0
AML_179_01	Lestaurtinib	Lestaurtinib_AML_179_01	188.23375	16.9
AML_183_01	Lestaurtinib	Lestaurtinib_AML_183_01	187.40802	8.7
AML_183_02	Lestaurtinib	Lestaurtinib_AML_183_02	181.44061	10.9
AML_183_03	Lestaurtinib	Lestaurtinib_AML_183_03	179.54259	9.4
AML_184_01	Lestaurtinib	Lestaurtinib_AML_184_01	179.57262	18.2
AML_185_01	Lestaurtinib	Lestaurtinib_AML_185_01	194.4548	16.6
AML_001_03	Linifanib	Linifanib_AML_001_03	216.33664	0.0
AML_003_02	Linifanib	Linifanib_AML_003_02	224.26123	1.3
AML_004_01	Linifanib	Linifanib_AML_004_01	219.06372	2.3
AML_006_02	Linifanib	Linifanib_AML_006_02	221.36052	0.8
AML_007_01	Linifanib	Linifanib_AML_007_01	213.30545	0.0
AML_007_02	Linifanib	Linifanib_AML_007_02	212.57785	0.0
AML_012_01	Linifanib	Linifanib_AML_012_01	219.67517	9.4
AML_013_01	Linifanib	Linifanib_AML_013_01	223.25072	8.0
AML_014_01	Linifanib	Linifanib_AML_014_01	220.39395	0.0
AML_015_01	Linifanib	Linifanib_AML_015_01	223.43028	7.2
AML_015_02	Linifanib	Linifanib_AML_015_02	217.32787	5.8
AML_015_03	Linifanib	Linifanib_AML_015_03	216.54752	4.5
AML_015_04	Linifanib	Linifanib_AML_015_04	218.37881	21.8
AML_018_01	Linifanib	Linifanib_AML_018_01	210.13013	0.7
AML_019_01	Linifanib	Linifanib_AML_019_01	222.93977	0.0
AML_020_01	Linifanib	Linifanib_AML_020_01	225.29866	0.0
AML_023_04	Linifanib	Linifanib_AML_023_04	209.51553	0.0
AML_024_01	Linifanib	Linifanib_AML_024_01	223.93678	0.0
AML_025_01	Linifanib	Linifanib_AML_025_01	224.1517	0.0
AML_026_01	Linifanib	Linifanib_AML_026_01	221.63496	0.0
AML_028_01	Linifanib	Linifanib_AML_028_01	220.10374	5.4
AML_028_04	Linifanib	Linifanib_AML_028_04	215.93668	14.4
AML_029_01	Linifanib	Linifanib_AML_029_01	219.88136	0.0
AML_030_01	Linifanib	Linifanib_AML_030_01	210.75417	0.0
AML_032_01	Linifanib	Linifanib_AML_032_01	226.023	0.0
AML_033_01	Linifanib	Linifanib_AML_033_01	222.80873	2.0
AML_033_02	Linifanib	Linifanib_AML_033_02	216.51382	0.1
AML_035_02	Linifanib	Linifanib_AML_035_02	227.53664	0.0
AML_035_04	Linifanib	Linifanib_AML_035_04	226.67918	0.0
AML_036_01	Linifanib	Linifanib_AML_036_01	214.13414	0.0
AML_040_01	Linifanib	Linifanib_AML_040_01	213.51973	5.7
AML_041_01	Linifanib	Linifanib_AML_041_01	214.36673	3.0
AML_042_01	Linifanib	Linifanib_AML_042_01	215.71014	2.0
AML_043_02	Linifanib	Linifanib_AML_043_02	221.36743	0.0
AML_045_01	Linifanib	Linifanib_AML_045_01	223.7025	0.0
AML_046_01	Linifanib	Linifanib_AML_046_01	213.56647	17.7
AML_051_01	Linifanib	Linifanib_AML_051_01	214.58934	0.1
AML_052_01	Linifanib	Linifanib_AML_052_01	226.99127	0.0
AML_053_01	Linifanib	Linifanib_AML_053_01	228.40855	2.0
AML_054_01	Linifanib	Linifanib_AML_054_01	220.43558	3.6
AML_057_01	Linifanib	Linifanib_AML_057_01	211.13718	0.0
AML_058_01	Linifanib	Linifanib_AML_058_01	216.23648	4.5
AML_059_01	Linifanib	Linifanib_AML_059_01	215.97437	1.2
AML_060_01	Linifanib	Linifanib_AML_060_01	225.83978	1.6
AML_061_01	Linifanib	Linifanib_AML_061_01	217.29681	0.0
AML_062_01	Linifanib	Linifanib_AML_062_01	204.63043	1.3
AML_064_01	Linifanib	Linifanib_AML_064_01	209.66043	0.1
AML_065_01	Linifanib	Linifanib_AML_065_01	204.40321	2.7
AML_067_01	Linifanib	Linifanib_AML_067_01	206.74306	3.3
AML_070_01	Linifanib	Linifanib_AML_070_01	220.09958	0.0
AML_072_01	Linifanib	Linifanib_AML_072_01	228.15388	0.0
AML_073_01	Linifanib	Linifanib_AML_073_01	227.40549	0.4
AML_074_01	Linifanib	Linifanib_AML_074_01	215.4079	0.0
AML_075_01	Linifanib	Linifanib_AML_075_01	215.69315	0.5
AML_076_01	Linifanib	Linifanib_AML_076_01	216.68968	0.0
AML_076_02	Linifanib	Linifanib_AML_076_02	210.04619	0.0
AML_077_01	Linifanib	Linifanib_AML_077_01	225.83928	0.0
AML_078_02	Linifanib	Linifanib_AML_078_02	213.1054	0.0
AML_084_01	Linifanib	Linifanib_AML_084_01	213.08342	6.9
AML_086_02	Linifanib	Linifanib_AML_086_02	223.4714	0.0
AML_098_01	Linifanib	Linifanib_AML_098_01	210.3214	0.0
AML_100_01	Linifanib	Linifanib_AML_100_01	215.01958	0.0
AML_101_01	Linifanib	Linifanib_AML_101_01	215.19318	4.8
AML_101_02	Linifanib	Linifanib_AML_101_02	227.55461	0.0
AML_102_01	Linifanib	Linifanib_AML_102_01	204.00317	0.2
AML_103_01	Linifanib	Linifanib_AML_103_01	201.58186	0.0
AML_103_02	Linifanib	Linifanib_AML_103_02	215.82495	0.3
AML_104_01	Linifanib	Linifanib_AML_104_01	210.54572	0.0
AML_108_01	Linifanib	Linifanib_AML_108_01	207.93842	0.5
AML_109_01	Linifanib	Linifanib_AML_109_01	217.24547	0.4
AML_110_01	Linifanib	Linifanib_AML_110_01	216.37085	0.0
AML_112_01	Linifanib	Linifanib_AML_112_01	206.7	0.0
AML_112_02	Linifanib	Linifanib_AML_112_02	211.26654	0.0
AML_113_01	Linifanib	Linifanib_AML_113_01	213.27536	2.2
AML_114_01	Linifanib	Linifanib_AML_114_01	209.2703	0.0
AML_115_01	Linifanib	Linifanib_AML_115_01	204.57428	0.0
AML_116_01	Linifanib	Linifanib_AML_116_01	213.24702	1.7
AML_117_01	Linifanib	Linifanib_AML_117_01	217.6674	0.0
AML_119_01	Linifanib	Linifanib_AML_119_01	205.77771	0.0
AML_120_03	Linifanib	Linifanib_AML_120_03	218.21771	6.9
AML_122_01	Linifanib	Linifanib_AML_122_01	210.8508	0.1
AML_123_01	Linifanib	Linifanib_AML_123_01	221.20004	0.0
AML_124_01	Linifanib	Linifanib_AML_124_01	218.87859	1.0
AML_125_01	Linifanib	Linifanib_AML_125_01	221.54799	0.0
AML_126_01	Linifanib	Linifanib_AML_126_01	216.68369	1.2
AML_127_01	Linifanib	Linifanib_AML_127_01	210.96028	0.0
AML_128_01	Linifanib	Linifanib_AML_128_01	226.29285	0.0
AML_131_01	Linifanib	Linifanib_AML_131_01	211.22926	0.0
AML_133_01	Linifanib	Linifanib_AML_133_01	222.52852	0.0
AML_134_01	Linifanib	Linifanib_AML_134_01	225.73357	0.0
AML_135_01	Linifanib	Linifanib_AML_135_01	215.7868	0.9
AML_138_01	Linifanib	Linifanib_AML_138_01	228.08174	0.0
AML_139_01	Linifanib	Linifanib_AML_139_01	227.83525	0.0
AML_140_01	Linifanib	Linifanib_AML_140_01	214.01437	0.5
AML_142_01	Linifanib	Linifanib_AML_142_01	220.8292	0.0
AML_143_01	Linifanib	Linifanib_AML_143_01	216.83371	0.0
AML_144_01	Linifanib	Linifanib_AML_144_01	227.53812	0.0
AML_146_01	Linifanib	Linifanib_AML_146_01	224.50633	0.0
AML_147_01	Linifanib	Linifanib_AML_147_01	213.59767	0.1
AML_151_01	Linifanib	Linifanib_AML_151_01	207.82552	0.7
AML_152_01	Linifanib	Linifanib_AML_152_01	217.96219	0.0
AML_153_01	Linifanib	Linifanib_AML_153_01	219.99701	0.0
AML_156_01	Linifanib	Linifanib_AML_156_01	217.8375	0.0
AML_157_01	Linifanib	Linifanib_AML_157_01	215.50572	3.0
AML_157_02	Linifanib	Linifanib_AML_157_02	218.00626	0.9
AML_158_01	Linifanib	Linifanib_AML_158_01	220.30025	0.0
AML_159_01	Linifanib	Linifanib_AML_159_01	222.11258	0.0
AML_160_01	Linifanib	Linifanib_AML_160_01	209.31592	0.0
AML_161_01	Linifanib	Linifanib_AML_161_01	216.48875	0.0
AML_175_01	Linifanib	Linifanib_AML_175_01	215.76611	0.0
AML_183_01	Linifanib	Linifanib_AML_183_01	215.96469	0.0
AML_183_02	Linifanib	Linifanib_AML_183_02	209.47429	0.0
AML_183_03	Linifanib	Linifanib_AML_183_03	206.01823	0.0
AML_001_01	Masitinib	Masitinib_AML_001_01	215.19008	2.3
AML_001_03	Masitinib	Masitinib_AML_001_03	217.66516	3.1
AML_002_01	Masitinib	Masitinib_AML_002_01	215.66566	7.7
AML_003_02	Masitinib	Masitinib_AML_003_02	217.51115	3.9
AML_004_01	Masitinib	Masitinib_AML_004_01	215.04037	7.4
AML_006_02	Masitinib	Masitinib_AML_006_02	218.77667	0.0
AML_007_01	Masitinib	Masitinib_AML_007_01	213.04318	1.7
AML_007_02	Masitinib	Masitinib_AML_007_02	216.70941	3.8
AML_012_01	Masitinib	Masitinib_AML_012_01	206.72752	1.9
AML_013_01	Masitinib	Masitinib_AML_013_01	213.26578	0.4
AML_014_01	Masitinib	Masitinib_AML_014_01	216.5278	1.0
AML_015_01	Masitinib	Masitinib_AML_015_01	219.25992	26.0
AML_015_02	Masitinib	Masitinib_AML_015_02	213.55042	16.2
AML_015_03	Masitinib	Masitinib_AML_015_03	213.47221	29.7
AML_015_04	Masitinib	Masitinib_AML_015_04	213.88206	41.9
AML_018_01	Masitinib	Masitinib_AML_018_01	201.12923	5.6
AML_019_01	Masitinib	Masitinib_AML_019_01	215.98438	5.9
AML_020_01	Masitinib	Masitinib_AML_020_01	218.71959	0.0
AML_022_01	Masitinib	Masitinib_AML_022_01	208.76674	7.8
AML_023_01	Masitinib	Masitinib_AML_023_01	211.50104	12.0
AML_023_03	Masitinib	Masitinib_AML_023_03	209.27423	8.0
AML_023_04	Masitinib	Masitinib_AML_023_04	210.01471	5.6
AML_024_01	Masitinib	Masitinib_AML_024_01	217.89601	4.5
AML_025_01	Masitinib	Masitinib_AML_025_01	220.44415	4.0
AML_026_01	Masitinib	Masitinib_AML_026_01	220.06845	2.9
AML_028_01	Masitinib	Masitinib_AML_028_01	214.55647	1.2
AML_028_04	Masitinib	Masitinib_AML_028_04	206.14452	7.2
AML_029_01	Masitinib	Masitinib_AML_029_01	215.86964	5.9
AML_030_01	Masitinib	Masitinib_AML_030_01	207.11337	1.4
AML_032_01	Masitinib	Masitinib_AML_032_01	220.12085	1.8
AML_033_01	Masitinib	Masitinib_AML_033_01	215.53139	6.3
AML_033_02	Masitinib	Masitinib_AML_033_02	207.41838	5.1
AML_035_02	Masitinib	Masitinib_AML_035_02	224.42862	0.2
AML_035_04	Masitinib	Masitinib_AML_035_04	219.47256	0.1
AML_036_01	Masitinib	Masitinib_AML_036_01	215.72684	0.4
AML_041_01	Masitinib	Masitinib_AML_041_01	217.42827	7.3
AML_042_01	Masitinib	Masitinib_AML_042_01	215.06857	4.7
AML_043_02	Masitinib	Masitinib_AML_043_02	208.82	4.1
AML_045_01	Masitinib	Masitinib_AML_045_01	219.106	3.3
AML_046_01	Masitinib	Masitinib_AML_046_01	210.71712	8.0
AML_051_01	Masitinib	Masitinib_AML_051_01	209.55956	4.3
AML_052_01	Masitinib	Masitinib_AML_052_01	216.0386	3.2
AML_053_01	Masitinib	Masitinib_AML_053_01	227.43507	2.2
AML_054_01	Masitinib	Masitinib_AML_054_01	210.83902	7.4
AML_057_01	Masitinib	Masitinib_AML_057_01	212.31749	6.8
AML_058_01	Masitinib	Masitinib_AML_058_01	213.76071	4.6
AML_059_01	Masitinib	Masitinib_AML_059_01	211.86438	6.5
AML_060_01	Masitinib	Masitinib_AML_060_01	216.11752	7.8
AML_061_01	Masitinib	Masitinib_AML_061_01	214.68367	6.0
AML_062_01	Masitinib	Masitinib_AML_062_01	205.74771	7.3
AML_064_01	Masitinib	Masitinib_AML_064_01	210.43835	4.7
AML_065_01	Masitinib	Masitinib_AML_065_01	204.07866	5.7
AML_067_01	Masitinib	Masitinib_AML_067_01	207.54752	9.0
AML_070_01	Masitinib	Masitinib_AML_070_01	219.4736	3.1
AML_072_01	Masitinib	Masitinib_AML_072_01	221.97461	2.9
AML_073_01	Masitinib	Masitinib_AML_073_01	223.23491	4.4
AML_074_01	Masitinib	Masitinib_AML_074_01	214.33994	6.4
AML_075_01	Masitinib	Masitinib_AML_075_01	215.17932	3.1
AML_076_01	Masitinib	Masitinib_AML_076_01	218.13618	3.5
AML_076_02	Masitinib	Masitinib_AML_076_02	202.18105	3.9
AML_077_01	Masitinib	Masitinib_AML_077_01	222.3349	2.8
AML_078_02	Masitinib	Masitinib_AML_078_02	214.28387	1.8
AML_084_01	Masitinib	Masitinib_AML_084_01	209.8898	5.2
AML_086_02	Masitinib	Masitinib_AML_086_02	218.209	5.4
AML_098_01	Masitinib	Masitinib_AML_098_01	211.04654	5.7
AML_100_01	Masitinib	Masitinib_AML_100_01	215.14278	4.0
AML_101_01	Masitinib	Masitinib_AML_101_01	207.15587	15.1
AML_101_02	Masitinib	Masitinib_AML_101_02	219.4214	5.0
AML_102_01	Masitinib	Masitinib_AML_102_01	205.7443	1.4
AML_103_01	Masitinib	Masitinib_AML_103_01	201.71996	5.0
AML_103_02	Masitinib	Masitinib_AML_103_02	200.11322	4.1
AML_104_01	Masitinib	Masitinib_AML_104_01	210.65741	3.0
AML_108_01	Masitinib	Masitinib_AML_108_01	206.85938	6.9
AML_109_01	Masitinib	Masitinib_AML_109_01	208.94208	3.5
AML_110_01	Masitinib	Masitinib_AML_110_01	214.1176	5.1
AML_112_01	Masitinib	Masitinib_AML_112_01	206.56702	5.3
AML_112_02	Masitinib	Masitinib_AML_112_02	211.41516	7.8
AML_113_01	Masitinib	Masitinib_AML_113_01	205.79472	7.3
AML_114_01	Masitinib	Masitinib_AML_114_01	207.56383	3.9
AML_115_01	Masitinib	Masitinib_AML_115_01	205.23882	9.0
AML_116_01	Masitinib	Masitinib_AML_116_01	210.45247	4.1
AML_117_01	Masitinib	Masitinib_AML_117_01	216.0318	5.5
AML_119_01	Masitinib	Masitinib_AML_119_01	205.84836	3.0
AML_120_01	Masitinib	Masitinib_AML_120_01	214.22307	15.5
AML_120_03	Masitinib	Masitinib_AML_120_03	217.81898	12.6
AML_122_01	Masitinib	Masitinib_AML_122_01	212.4582	6.5
AML_123_01	Masitinib	Masitinib_AML_123_01	219.52559	6.5
AML_124_01	Masitinib	Masitinib_AML_124_01	216.5364	7.8
AML_125_01	Masitinib	Masitinib_AML_125_01	215.09688	2.0
AML_126_01	Masitinib	Masitinib_AML_126_01	211.6588	4.0
AML_127_01	Masitinib	Masitinib_AML_127_01	210.76508	7.6
AML_128_01	Masitinib	Masitinib_AML_128_01	220.29547	3.5
AML_129_02	Masitinib	Masitinib_AML_129_02	213.30525	8.3
AML_129_03	Masitinib	Masitinib_AML_129_03	213.36852	8.5
AML_131_01	Masitinib	Masitinib_AML_131_01	212.88214	5.4
AML_133_01	Masitinib	Masitinib_AML_133_01	211.45323	0.0
AML_134_01	Masitinib	Masitinib_AML_134_01	214.62654	1.9
AML_135_01	Masitinib	Masitinib_AML_135_01	214.88406	6.8
AML_138_01	Masitinib	Masitinib_AML_138_01	221.2049	2.8
AML_139_01	Masitinib	Masitinib_AML_139_01	224.4017	7.0
AML_140_01	Masitinib	Masitinib_AML_140_01	212.09152	4.0
AML_142_01	Masitinib	Masitinib_AML_142_01	208.2702	1.7
AML_143_01	Masitinib	Masitinib_AML_143_01	214.66751	3.8
AML_144_01	Masitinib	Masitinib_AML_144_01	224.19931	4.2
AML_146_01	Masitinib	Masitinib_AML_146_01	219.6901	5.7
AML_147_01	Masitinib	Masitinib_AML_147_01	213.77272	5.5
AML_151_01	Masitinib	Masitinib_AML_151_01	205.79527	3.9
AML_152_01	Masitinib	Masitinib_AML_152_01	212.19958	2.3
AML_153_01	Masitinib	Masitinib_AML_153_01	209.4387	2.4
AML_156_01	Masitinib	Masitinib_AML_156_01	207.96378	4.5
AML_157_01	Masitinib	Masitinib_AML_157_01	213.60399	6.3
AML_157_02	Masitinib	Masitinib_AML_157_02	211.4239	8.7
AML_158_01	Masitinib	Masitinib_AML_158_01	216.88026	4.5
AML_159_01	Masitinib	Masitinib_AML_159_01	217.37839	5.4
AML_160_01	Masitinib	Masitinib_AML_160_01	206.91168	5.0
AML_161_01	Masitinib	Masitinib_AML_161_01	204.38208	5.5
AML_175_01	Masitinib	Masitinib_AML_175_01	214.02007	2.1
AML_179_01	Masitinib	Masitinib_AML_179_01	211.39702	10.0
AML_183_01	Masitinib	Masitinib_AML_183_01	217.37701	2.6
AML_183_02	Masitinib	Masitinib_AML_183_02	210.58002	7.1
AML_183_03	Masitinib	Masitinib_AML_183_03	209.22191	2.3
AML_184_01	Masitinib	Masitinib_AML_184_01	210.99333	8.2
AML_185_01	Masitinib	Masitinib_AML_185_01	222.68124	6.9
AML_001_03	Metformin	Metformin_AML_001_03	205.39755	0.0
AML_003_02	Metformin	Metformin_AML_003_02	206.51819	0.0
AML_004_01	Metformin	Metformin_AML_004_01	206.34909	0.0
AML_013_01	Metformin	Metformin_AML_013_01	202.55896	0.0
AML_015_01	Metformin	Metformin_AML_015_01	205.48315	0.0
AML_015_02	Metformin	Metformin_AML_015_02	207.64357	0.0
AML_015_03	Metformin	Metformin_AML_015_03	205.23055	0.0
AML_015_04	Metformin	Metformin_AML_015_04	203.79419	0.8
AML_018_01	Metformin	Metformin_AML_018_01	195.2485	0.0
AML_019_01	Metformin	Metformin_AML_019_01	204.96815	1.7
AML_020_01	Metformin	Metformin_AML_020_01	206.7792	0.0
AML_024_01	Metformin	Metformin_AML_024_01	204.72319	0.0
AML_025_01	Metformin	Metformin_AML_025_01	210.07288	0.0
AML_026_01	Metformin	Metformin_AML_026_01	208.10518	0.0
AML_028_01	Metformin	Metformin_AML_028_01	205.75468	1.8
AML_028_04	Metformin	Metformin_AML_028_04	198.2177	0.0
AML_029_01	Metformin	Metformin_AML_029_01	205.45755	0.0
AML_030_01	Metformin	Metformin_AML_030_01	199.27568	0.1
AML_032_01	Metformin	Metformin_AML_032_01	207.88853	1.7
AML_033_01	Metformin	Metformin_AML_033_01	205.41588	0.0
AML_033_02	Metformin	Metformin_AML_033_02	198.1239	0.0
AML_035_02	Metformin	Metformin_AML_035_02	212.9428	0.0
AML_035_04	Metformin	Metformin_AML_035_04	207.37813	0.0
AML_036_01	Metformin	Metformin_AML_036_01	205.69032	4.6
AML_040_01	Metformin	Metformin_AML_040_01	202.11075	0.0
AML_041_01	Metformin	Metformin_AML_041_01	207.73418	0.2
AML_042_01	Metformin	Metformin_AML_042_01	207.84465	0.0
AML_043_02	Metformin	Metformin_AML_043_02	199.61543	0.0
AML_045_01	Metformin	Metformin_AML_045_01	207.846	0.0
AML_046_01	Metformin	Metformin_AML_046_01	199.80309	0.7
AML_051_01	Metformin	Metformin_AML_051_01	199.21573	0.3
AML_052_01	Metformin	Metformin_AML_052_01	206.3817	0.0
AML_053_01	Metformin	Metformin_AML_053_01	215.59085	0.0
AML_054_01	Metformin	Metformin_AML_054_01	200.38434	0.0
AML_057_01	Metformin	Metformin_AML_057_01	204.39421	0.0
AML_058_01	Metformin	Metformin_AML_058_01	202.8577	0.3
AML_059_01	Metformin	Metformin_AML_059_01	202.09392	0.0
AML_060_01	Metformin	Metformin_AML_060_01	206.237	0.0
AML_061_01	Metformin	Metformin_AML_061_01	202.87737	0.0
AML_062_01	Metformin	Metformin_AML_062_01	198.92775	1.8
AML_064_01	Metformin	Metformin_AML_064_01	204.03694	0.0
AML_065_01	Metformin	Metformin_AML_065_01	197.74252	0.0
AML_067_01	Metformin	Metformin_AML_067_01	200.65176	0.0
AML_070_01	Metformin	Metformin_AML_070_01	207.52823	0.0
AML_072_01	Metformin	Metformin_AML_072_01	210.42386	0.0
AML_073_01	Metformin	Metformin_AML_073_01	211.34236	0.0
AML_074_01	Metformin	Metformin_AML_074_01	204.32268	0.0
AML_075_01	Metformin	Metformin_AML_075_01	205.20009	0.0
AML_076_01	Metformin	Metformin_AML_076_01	208.41096	1.1
AML_076_02	Metformin	Metformin_AML_076_02	195.78445	0.0
AML_077_01	Metformin	Metformin_AML_077_01	210.1271	0.0
AML_078_02	Metformin	Metformin_AML_078_02	206.85799	0.0
AML_084_01	Metformin	Metformin_AML_084_01	201.74663	0.0
AML_086_02	Metformin	Metformin_AML_086_02	207.10347	0.4
AML_098_01	Metformin	Metformin_AML_098_01	204.17532	1.4
AML_100_01	Metformin	Metformin_AML_100_01	205.57257	0.5
AML_101_01	Metformin	Metformin_AML_101_01	200.7426	0.0
AML_101_02	Metformin	Metformin_AML_101_02	210.98141	0.0
AML_102_01	Metformin	Metformin_AML_102_01	201.7126	0.0
AML_103_01	Metformin	Metformin_AML_103_01	197.5558	0.0
AML_103_02	Metformin	Metformin_AML_103_02	193.2916	0.0
AML_104_01	Metformin	Metformin_AML_104_01	203.20004	0.0
AML_108_01	Metformin	Metformin_AML_108_01	199.10965	0.2
AML_109_01	Metformin	Metformin_AML_109_01	202.01132	0.0
AML_110_01	Metformin	Metformin_AML_110_01	205.88835	0.2
AML_112_01	Metformin	Metformin_AML_112_01	200.25389	1.9
AML_112_02	Metformin	Metformin_AML_112_02	204.98862	0.0
AML_113_01	Metformin	Metformin_AML_113_01	196.47389	0.0
AML_114_01	Metformin	Metformin_AML_114_01	201.8012	0.0
AML_115_01	Metformin	Metformin_AML_115_01	197.13567	0.0
AML_116_01	Metformin	Metformin_AML_116_01	201.56783	1.7
AML_117_01	Metformin	Metformin_AML_117_01	205.99683	0.0
AML_119_01	Metformin	Metformin_AML_119_01	198.82574	0.6
AML_122_01	Metformin	Metformin_AML_122_01	206.40932	1.5
AML_123_01	Metformin	Metformin_AML_123_01	209.36562	0.0
AML_124_01	Metformin	Metformin_AML_124_01	206.16159	0.0
AML_125_01	Metformin	Metformin_AML_125_01	205.11816	0.0
AML_126_01	Metformin	Metformin_AML_126_01	203.78096	0.0
AML_127_01	Metformin	Metformin_AML_127_01	203.29428	0.0
AML_128_01	Metformin	Metformin_AML_128_01	208.18542	0.0
AML_131_01	Metformin	Metformin_AML_131_01	205.51175	1.3
AML_133_01	Metformin	Metformin_AML_133_01	200.88873	0.2
AML_134_01	Metformin	Metformin_AML_134_01	205.72028	2.9
AML_135_01	Metformin	Metformin_AML_135_01	204.91699	0.0
AML_138_01	Metformin	Metformin_AML_138_01	210.10086	0.0
AML_139_01	Metformin	Metformin_AML_139_01	212.34563	0.0
AML_140_01	Metformin	Metformin_AML_140_01	203.42397	0.0
AML_142_01	Metformin	Metformin_AML_142_01	198.9678	0.0
AML_143_01	Metformin	Metformin_AML_143_01	205.9863	0.0
AML_144_01	Metformin	Metformin_AML_144_01	212.066	0.0
AML_146_01	Metformin	Metformin_AML_146_01	207.13896	0.0
AML_147_01	Metformin	Metformin_AML_147_01	205.8829	0.0
AML_151_01	Metformin	Metformin_AML_151_01	198.58057	0.0
AML_152_01	Metformin	Metformin_AML_152_01	202.54805	0.0
AML_153_01	Metformin	Metformin_AML_153_01	200.17496	0.0
AML_156_01	Metformin	Metformin_AML_156_01	199.90152	0.0
AML_157_01	Metformin	Metformin_AML_157_01	204.36198	0.0
AML_157_02	Metformin	Metformin_AML_157_02	203.99783	0.0
AML_158_01	Metformin	Metformin_AML_158_01	207.22128	0.1
AML_159_01	Metformin	Metformin_AML_159_01	206.88985	0.0
AML_160_01	Metformin	Metformin_AML_160_01	200.37665	0.0
AML_161_01	Metformin	Metformin_AML_161_01	196.9397	0.0
AML_175_01	Metformin	Metformin_AML_175_01	204.59793	0.0
AML_183_01	Metformin	Metformin_AML_183_01	206.3251	1.1
AML_183_02	Metformin	Metformin_AML_183_02	202.92642	0.0
AML_183_03	Metformin	Metformin_AML_183_03	201.54068	0.0
AML_001_01	Midostaurin	Midostaurin_AML_001_01	210.55037	0.0
AML_001_03	Midostaurin	Midostaurin_AML_001_03	212.69476	11.5
AML_002_01	Midostaurin	Midostaurin_AML_002_01	210.22102	2.5
AML_003_02	Midostaurin	Midostaurin_AML_003_02	208.2438	6.6
AML_004_01	Midostaurin	Midostaurin_AML_004_01	214.22836	6.2
AML_006_02	Midostaurin	Midostaurin_AML_006_02	217.84183	1.7
AML_007_01	Midostaurin	Midostaurin_AML_007_01	212.36763	7.4
AML_007_02	Midostaurin	Midostaurin_AML_007_02	213.44902	3.7
AML_012_01	Midostaurin	Midostaurin_AML_012_01	201.76997	19.5
AML_013_01	Midostaurin	Midostaurin_AML_013_01	204.63206	22.2
AML_014_01	Midostaurin	Midostaurin_AML_014_01	215.79799	12.8
AML_015_01	Midostaurin	Midostaurin_AML_015_01	214.04034	20.3
AML_015_02	Midostaurin	Midostaurin_AML_015_02	212.04588	21.4
AML_015_03	Midostaurin	Midostaurin_AML_015_03	210.57649	29.6
AML_015_04	Midostaurin	Midostaurin_AML_015_04	205.19392	34.4
AML_018_01	Midostaurin	Midostaurin_AML_018_01	199.97162	29.6
AML_019_01	Midostaurin	Midostaurin_AML_019_01	208.88708	6.8
AML_020_01	Midostaurin	Midostaurin_AML_020_01	211.32234	0.0
AML_023_01	Midostaurin	Midostaurin_AML_023_01	211.1504	9.0
AML_023_03	Midostaurin	Midostaurin_AML_023_03	205.64545	4.8
AML_023_04	Midostaurin	Midostaurin_AML_023_04	205.61812	9.7
AML_024_01	Midostaurin	Midostaurin_AML_024_01	211.68896	9.0
AML_025_01	Midostaurin	Midostaurin_AML_025_01	217.27895	6.1
AML_026_01	Midostaurin	Midostaurin_AML_026_01	217.38557	3.5
AML_028_01	Midostaurin	Midostaurin_AML_028_01	210.68764	10.3
AML_028_04	Midostaurin	Midostaurin_AML_028_04	198.78836	29.5
AML_029_01	Midostaurin	Midostaurin_AML_029_01	213.85213	3.4
AML_030_01	Midostaurin	Midostaurin_AML_030_01	205.69046	5.9
AML_032_01	Midostaurin	Midostaurin_AML_032_01	214.18745	6.4
AML_033_01	Midostaurin	Midostaurin_AML_033_01	209.59119	13.6
AML_033_02	Midostaurin	Midostaurin_AML_033_02	196.85483	13.2
AML_035_02	Midostaurin	Midostaurin_AML_035_02	218.84988	11.7
AML_035_04	Midostaurin	Midostaurin_AML_035_04	211.82454	10.8
AML_036_01	Midostaurin	Midostaurin_AML_036_01	214.26271	6.6
AML_040_01	Midostaurin	Midostaurin_AML_040_01	209.96141	12.4
AML_041_01	Midostaurin	Midostaurin_AML_041_01	212.97623	9.0
AML_042_01	Midostaurin	Midostaurin_AML_042_01	212.35461	0.1
AML_043_02	Midostaurin	Midostaurin_AML_043_02	204.35435	11.0
AML_045_01	Midostaurin	Midostaurin_AML_045_01	215.1655	3.1
AML_046_01	Midostaurin	Midostaurin_AML_046_01	201.55823	31.5
AML_051_01	Midostaurin	Midostaurin_AML_051_01	206.82632	0.0
AML_052_01	Midostaurin	Midostaurin_AML_052_01	217.57388	6.0
AML_053_01	Midostaurin	Midostaurin_AML_053_01	224.04053	6.4
AML_054_01	Midostaurin	Midostaurin_AML_054_01	205.3749	0.0
AML_057_01	Midostaurin	Midostaurin_AML_057_01	210.95839	6.9
AML_058_01	Midostaurin	Midostaurin_AML_058_01	210.89629	6.4
AML_059_01	Midostaurin	Midostaurin_AML_059_01	209.55688	7.4
AML_060_01	Midostaurin	Midostaurin_AML_060_01	211.63654	0.0
AML_061_01	Midostaurin	Midostaurin_AML_061_01	211.94295	2.6
AML_062_01	Midostaurin	Midostaurin_AML_062_01	203.389	13.1
AML_064_01	Midostaurin	Midostaurin_AML_064_01	210.56052	1.0
AML_065_01	Midostaurin	Midostaurin_AML_065_01	199.69977	11.9
AML_067_01	Midostaurin	Midostaurin_AML_067_01	206.81609	12.9
AML_070_01	Midostaurin	Midostaurin_AML_070_01	217.49963	1.1
AML_072_01	Midostaurin	Midostaurin_AML_072_01	217.43903	0.0
AML_073_01	Midostaurin	Midostaurin_AML_073_01	214.4625	7.3
AML_074_01	Midostaurin	Midostaurin_AML_074_01	213.68286	4.2
AML_075_01	Midostaurin	Midostaurin_AML_075_01	213.66936	5.8
AML_076_01	Midostaurin	Midostaurin_AML_076_01	211.59645	7.9
AML_076_02	Midostaurin	Midostaurin_AML_076_02	201.69547	12.2
AML_077_01	Midostaurin	Midostaurin_AML_077_01	217.45285	10.8
AML_078_02	Midostaurin	Midostaurin_AML_078_02	212.52275	5.8
AML_084_01	Midostaurin	Midostaurin_AML_084_01	200.3255	12.7
AML_086_02	Midostaurin	Midostaurin_AML_086_02	210.50803	10.3
AML_098_01	Midostaurin	Midostaurin_AML_098_01	211.4557	3.4
AML_100_01	Midostaurin	Midostaurin_AML_100_01	213.18327	4.5
AML_101_01	Midostaurin	Midostaurin_AML_101_01	200.8482	13.6
AML_101_02	Midostaurin	Midostaurin_AML_101_02	211.91736	3.3
AML_102_01	Midostaurin	Midostaurin_AML_102_01	203.73553	3.7
AML_103_01	Midostaurin	Midostaurin_AML_103_01	201.69987	6.8
AML_103_02	Midostaurin	Midostaurin_AML_103_02	197.00337	9.2
AML_104_01	Midostaurin	Midostaurin_AML_104_01	208.70576	10.5
AML_108_01	Midostaurin	Midostaurin_AML_108_01	203.9901	9.9
AML_109_01	Midostaurin	Midostaurin_AML_109_01	202.4784	2.9
AML_110_01	Midostaurin	Midostaurin_AML_110_01	210.74399	10.6
AML_112_01	Midostaurin	Midostaurin_AML_112_01	205.3429	8.0
AML_112_02	Midostaurin	Midostaurin_AML_112_02	209.82399	7.3
AML_113_01	Midostaurin	Midostaurin_AML_113_01	206.4732	17.8
AML_114_01	Midostaurin	Midostaurin_AML_114_01	204.1596	4.9
AML_115_01	Midostaurin	Midostaurin_AML_115_01	201.18658	15.9
AML_116_01	Midostaurin	Midostaurin_AML_116_01	210.01819	8.5
AML_117_01	Midostaurin	Midostaurin_AML_117_01	213.45555	3.4
AML_119_01	Midostaurin	Midostaurin_AML_119_01	204.32169	7.3
AML_120_03	Midostaurin	Midostaurin_AML_120_03	213.1201	24.1
AML_122_01	Midostaurin	Midostaurin_AML_122_01	211.06825	8.9
AML_123_01	Midostaurin	Midostaurin_AML_123_01	218.14047	5.8
AML_124_01	Midostaurin	Midostaurin_AML_124_01	214.82074	14.3
AML_125_01	Midostaurin	Midostaurin_AML_125_01	214.43896	5.3
AML_126_01	Midostaurin	Midostaurin_AML_126_01	210.14095	10.5
AML_127_01	Midostaurin	Midostaurin_AML_127_01	209.60883	10.9
AML_128_01	Midostaurin	Midostaurin_AML_128_01	213.80621	6.5
AML_129_03	Midostaurin	Midostaurin_AML_129_03	208.67265	8.5
AML_131_01	Midostaurin	Midostaurin_AML_131_01	211.57251	5.2
AML_133_01	Midostaurin	Midostaurin_AML_133_01	205.33406	2.7
AML_134_01	Midostaurin	Midostaurin_AML_134_01	208.35542	0.0
AML_135_01	Midostaurin	Midostaurin_AML_135_01	208.48785	7.0
AML_138_01	Midostaurin	Midostaurin_AML_138_01	213.19006	11.0
AML_139_01	Midostaurin	Midostaurin_AML_139_01	222.87405	12.2
AML_140_01	Midostaurin	Midostaurin_AML_140_01	210.82684	11.3
AML_142_01	Midostaurin	Midostaurin_AML_142_01	202.1606	10.6
AML_143_01	Midostaurin	Midostaurin_AML_143_01	213.3186	4.5
AML_144_01	Midostaurin	Midostaurin_AML_144_01	219.92595	5.5
AML_146_01	Midostaurin	Midostaurin_AML_146_01	218.55295	3.3
AML_147_01	Midostaurin	Midostaurin_AML_147_01	210.21358	7.2
AML_151_01	Midostaurin	Midostaurin_AML_151_01	205.4842	9.4
AML_152_01	Midostaurin	Midostaurin_AML_152_01	210.53645	8.8
AML_153_01	Midostaurin	Midostaurin_AML_153_01	203.17596	0.0
AML_156_01	Midostaurin	Midostaurin_AML_156_01	206.97531	11.3
AML_157_01	Midostaurin	Midostaurin_AML_157_01	213.37553	16.9
AML_157_02	Midostaurin	Midostaurin_AML_157_02	211.40161	14.3
AML_158_01	Midostaurin	Midostaurin_AML_158_01	216.21338	7.1
AML_159_01	Midostaurin	Midostaurin_AML_159_01	215.43849	10.3
AML_160_01	Midostaurin	Midostaurin_AML_160_01	203.73788	8.8
AML_161_01	Midostaurin	Midostaurin_AML_161_01	202.66545	16.2
AML_175_01	Midostaurin	Midostaurin_AML_175_01	214.20654	2.9
AML_183_01	Midostaurin	Midostaurin_AML_183_01	216.17076	6.2
AML_183_02	Midostaurin	Midostaurin_AML_183_02	209.84607	10.1
AML_183_03	Midostaurin	Midostaurin_AML_183_03	205.23276	8.7
AML_001_01	MK-2206	MK-2206_AML_001_01	212.40077	0.0
AML_001_03	MK-2206	MK-2206_AML_001_03	209.50774	3.7
AML_002_01	MK-2206	MK-2206_AML_002_01	217.9475	8.1
AML_003_02	MK-2206	MK-2206_AML_003_02	211.80968	2.1
AML_004_01	MK-2206	MK-2206_AML_004_01	216.58466	5.5
AML_006_02	MK-2206	MK-2206_AML_006_02	214.40251	4.4
AML_007_01	MK-2206	MK-2206_AML_007_01	206.81897	4.0
AML_007_02	MK-2206	MK-2206_AML_007_02	205.888	4.0
AML_012_01	MK-2206	MK-2206_AML_012_01	218.33733	7.1
AML_013_01	MK-2206	MK-2206_AML_013_01	218.2323	16.1
AML_014_01	MK-2206	MK-2206_AML_014_01	213.44055	10.6
AML_015_01	MK-2206	MK-2206_AML_015_01	218.29239	0.7
AML_015_02	MK-2206	MK-2206_AML_015_02	212.26517	5.9
AML_015_03	MK-2206	MK-2206_AML_015_03	209.2526	5.2
AML_015_04	MK-2206	MK-2206_AML_015_04	211.78922	1.9
AML_018_01	MK-2206	MK-2206_AML_018_01	204.62119	20.1
AML_019_01	MK-2206	MK-2206_AML_019_01	215.1027	4.2
AML_020_01	MK-2206	MK-2206_AML_020_01	215.55792	0.0
AML_022_01	MK-2206	MK-2206_AML_022_01	202.712	11.8
AML_023_01	MK-2206	MK-2206_AML_023_01	208.82559	9.0
AML_023_03	MK-2206	MK-2206_AML_023_03	203.16345	0.0
AML_023_04	MK-2206	MK-2206_AML_023_04	202.97629	2.1
AML_024_01	MK-2206	MK-2206_AML_024_01	220.99957	4.1
AML_025_01	MK-2206	MK-2206_AML_025_01	215.07782	3.8
AML_026_01	MK-2206	MK-2206_AML_026_01	214.8252	3.4
AML_028_01	MK-2206	MK-2206_AML_028_01	217.70757	0.0
AML_028_04	MK-2206	MK-2206_AML_028_04	208.28496	6.5
AML_029_01	MK-2206	MK-2206_AML_029_01	211.47037	1.7
AML_030_01	MK-2206	MK-2206_AML_030_01	206.97282	2.7
AML_032_01	MK-2206	MK-2206_AML_032_01	218.96779	1.7
AML_033_01	MK-2206	MK-2206_AML_033_01	216.39465	2.1
AML_033_02	MK-2206	MK-2206_AML_033_02	213.81264	5.3
AML_035_02	MK-2206	MK-2206_AML_035_02	221.46748	1.7
AML_035_04	MK-2206	MK-2206_AML_035_04	217.69234	1.7
AML_036_01	MK-2206	MK-2206_AML_036_01	209.827	0.1
AML_040_01	MK-2206	MK-2206_AML_040_01	212.85753	6.2
AML_041_01	MK-2206	MK-2206_AML_041_01	208.25133	3.3
AML_042_01	MK-2206	MK-2206_AML_042_01	206.7698	6.1
AML_043_02	MK-2206	MK-2206_AML_043_02	216.67484	2.1
AML_045_01	MK-2206	MK-2206_AML_045_01	216.01978	2.3
AML_046_01	MK-2206	MK-2206_AML_046_01	211.8792	15.3
AML_051_01	MK-2206	MK-2206_AML_051_01	210.45985	1.1
AML_052_01	MK-2206	MK-2206_AML_052_01	222.07082	4.2
AML_053_01	MK-2206	MK-2206_AML_053_01	219.63089	8.2
AML_054_01	MK-2206	MK-2206_AML_054_01	217.42134	10.7
AML_057_01	MK-2206	MK-2206_AML_057_01	207.94519	3.6
AML_058_01	MK-2206	MK-2206_AML_058_01	213.28452	4.8
AML_059_01	MK-2206	MK-2206_AML_059_01	212.78856	6.6
AML_060_01	MK-2206	MK-2206_AML_060_01	220.42368	9.3
AML_061_01	MK-2206	MK-2206_AML_061_01	212.42673	4.4
AML_064_01	MK-2206	MK-2206_AML_064_01	205.5898	11.5
AML_065_01	MK-2206	MK-2206_AML_065_01	201.25056	5.7
AML_067_01	MK-2206	MK-2206_AML_067_01	203.6988	4.6
AML_070_01	MK-2206	MK-2206_AML_070_01	212.93301	2.8
AML_072_01	MK-2206	MK-2206_AML_072_01	221.14453	0.0
AML_073_01	MK-2206	MK-2206_AML_073_01	215.94376	2.1
AML_074_01	MK-2206	MK-2206_AML_074_01	211.69397	5.9
AML_075_01	MK-2206	MK-2206_AML_075_01	209.79993	4.5
AML_076_01	MK-2206	MK-2206_AML_076_01	208.62263	3.4
AML_076_02	MK-2206	MK-2206_AML_076_02	207.31494	3.7
AML_077_01	MK-2206	MK-2206_AML_077_01	215.7458	6.5
AML_078_02	MK-2206	MK-2206_AML_078_02	208.19583	6.6
AML_084_01	MK-2206	MK-2206_AML_084_01	206.2557	6.5
AML_086_02	MK-2206	MK-2206_AML_086_02	213.01404	5.7
AML_098_01	MK-2206	MK-2206_AML_098_01	208.22043	9.0
AML_100_01	MK-2206	MK-2206_AML_100_01	210.03821	6.0
AML_101_01	MK-2206	MK-2206_AML_101_01	209.41899	12.7
AML_101_02	MK-2206	MK-2206_AML_101_02	214.85715	2.8
AML_102_01	MK-2206	MK-2206_AML_102_01	200.93245	1.4
AML_103_01	MK-2206	MK-2206_AML_103_01	199.44244	6.5
AML_103_02	MK-2206	MK-2206_AML_103_02	212.59058	5.4
AML_104_01	MK-2206	MK-2206_AML_104_01	203.95277	3.3
AML_108_01	MK-2206	MK-2206_AML_108_01	204.67001	9.1
AML_109_01	MK-2206	MK-2206_AML_109_01	208.71065	6.5
AML_110_01	MK-2206	MK-2206_AML_110_01	210.52522	8.2
AML_112_01	MK-2206	MK-2206_AML_112_01	204.43501	5.6
AML_112_02	MK-2206	MK-2206_AML_112_02	206.86278	5.8
AML_113_01	MK-2206	MK-2206_AML_113_01	207.74368	7.2
AML_114_01	MK-2206	MK-2206_AML_114_01	202.35715	4.4
AML_115_01	MK-2206	MK-2206_AML_115_01	202.99081	10.5
AML_116_01	MK-2206	MK-2206_AML_116_01	209.2539	5.3
AML_117_01	MK-2206	MK-2206_AML_117_01	212.38635	5.5
AML_119_01	MK-2206	MK-2206_AML_119_01	202.78636	3.7
AML_120_01	MK-2206	MK-2206_AML_120_01	211.30893	16.6
AML_120_03	MK-2206	MK-2206_AML_120_03	210.74316	9.0
AML_122_01	MK-2206	MK-2206_AML_122_01	204.8005	1.9
AML_123_01	MK-2206	MK-2206_AML_123_01	211.7502	5.9
AML_124_01	MK-2206	MK-2206_AML_124_01	212.67622	9.3
AML_125_01	MK-2206	MK-2206_AML_125_01	218.41946	0.0
AML_126_01	MK-2206	MK-2206_AML_126_01	209.63171	8.2
AML_127_01	MK-2206	MK-2206_AML_127_01	208.17288	2.9
AML_128_01	MK-2206	MK-2206_AML_128_01	215.51756	3.5
AML_129_02	MK-2206	MK-2206_AML_129_02	209.70279	10.2
AML_129_03	MK-2206	MK-2206_AML_129_03	210.211	3.9
AML_131_01	MK-2206	MK-2206_AML_131_01	207.0977	5.5
AML_133_01	MK-2206	MK-2206_AML_133_01	215.18178	4.7
AML_134_01	MK-2206	MK-2206_AML_134_01	214.29057	3.0
AML_135_01	MK-2206	MK-2206_AML_135_01	207.68643	7.7
AML_138_01	MK-2206	MK-2206_AML_138_01	218.93538	3.2
AML_139_01	MK-2206	MK-2206_AML_139_01	216.59549	10.7
AML_140_01	MK-2206	MK-2206_AML_140_01	210.99643	8.1
AML_142_01	MK-2206	MK-2206_AML_142_01	216.56786	8.2
AML_143_01	MK-2206	MK-2206_AML_143_01	211.87253	2.8
AML_144_01	MK-2206	MK-2206_AML_144_01	217.27528	6.5
AML_146_01	MK-2206	MK-2206_AML_146_01	220.176	6.6
AML_147_01	MK-2206	MK-2206_AML_147_01	210.12169	5.9
AML_151_01	MK-2206	MK-2206_AML_151_01	204.03043	6.6
AML_152_01	MK-2206	MK-2206_AML_152_01	213.12712	6.4
AML_153_01	MK-2206	MK-2206_AML_153_01	211.54668	5.7
AML_156_01	MK-2206	MK-2206_AML_156_01	210.85524	7.0
AML_157_01	MK-2206	MK-2206_AML_157_01	209.8943	11.2
AML_157_02	MK-2206	MK-2206_AML_157_02	211.06921	10.8
AML_158_01	MK-2206	MK-2206_AML_158_01	211.76065	5.0
AML_159_01	MK-2206	MK-2206_AML_159_01	214.36977	4.0
AML_160_01	MK-2206	MK-2206_AML_160_01	204.24915	8.6
AML_161_01	MK-2206	MK-2206_AML_161_01	211.76704	10.9
AML_175_01	MK-2206	MK-2206_AML_175_01	212.78827	3.4
AML_179_01	MK-2206	MK-2206_AML_179_01	218.38258	5.4
AML_183_01	MK-2206	MK-2206_AML_183_01	210.8901	1.8
AML_183_02	MK-2206	MK-2206_AML_183_02	206.25407	6.5
AML_183_03	MK-2206	MK-2206_AML_183_03	201.87372	6.7
AML_184_01	MK-2206	MK-2206_AML_184_01	208.4813	8.2
AML_185_01	MK-2206	MK-2206_AML_185_01	221.99323	2.3
AML_001_01	Motesanib	Motesanib_AML_001_01	233.8855	0.0
AML_001_03	Motesanib	Motesanib_AML_001_03	228.80486	0.0
AML_002_01	Motesanib	Motesanib_AML_002_01	237.65959	1.3
AML_003_02	Motesanib	Motesanib_AML_003_02	233.5224	0.0
AML_004_01	Motesanib	Motesanib_AML_004_01	234.43327	1.1
AML_006_02	Motesanib	Motesanib_AML_006_02	233.40628	0.1
AML_007_01	Motesanib	Motesanib_AML_007_01	224.08209	0.0
AML_007_02	Motesanib	Motesanib_AML_007_02	225.24602	0.0
AML_012_01	Motesanib	Motesanib_AML_012_01	234.87505	0.1
AML_013_01	Motesanib	Motesanib_AML_013_01	238.20035	6.4
AML_014_01	Motesanib	Motesanib_AML_014_01	235.11145	0.0
AML_015_01	Motesanib	Motesanib_AML_015_01	237.78424	18.2
AML_015_02	Motesanib	Motesanib_AML_015_02	227.64369	9.6
AML_015_03	Motesanib	Motesanib_AML_015_03	230.48245	23.6
AML_015_04	Motesanib	Motesanib_AML_015_04	234.09222	28.3
AML_018_01	Motesanib	Motesanib_AML_018_01	222.5156	0.4
AML_019_01	Motesanib	Motesanib_AML_019_01	234.53221	0.0
AML_020_01	Motesanib	Motesanib_AML_020_01	236.38678	0.0
AML_022_01	Motesanib	Motesanib_AML_022_01	220.93547	0.0
AML_023_01	Motesanib	Motesanib_AML_023_01	224.11588	0.0
AML_023_03	Motesanib	Motesanib_AML_023_03	221.54242	0.0
AML_023_04	Motesanib	Motesanib_AML_023_04	221.97806	0.0
AML_024_01	Motesanib	Motesanib_AML_024_01	239.56848	0.0
AML_025_01	Motesanib	Motesanib_AML_025_01	235.3242	0.5
AML_026_01	Motesanib	Motesanib_AML_026_01	234.39752	1.1
AML_028_01	Motesanib	Motesanib_AML_028_01	236.28593	0.0
AML_028_04	Motesanib	Motesanib_AML_028_04	226.34251	3.3
AML_029_01	Motesanib	Motesanib_AML_029_01	229.75572	5.7
AML_030_01	Motesanib	Motesanib_AML_030_01	221.66016	0.0
AML_032_01	Motesanib	Motesanib_AML_032_01	239.43988	0.0
AML_033_01	Motesanib	Motesanib_AML_033_01	236.32141	0.5
AML_033_02	Motesanib	Motesanib_AML_033_02	231.61981	0.0
AML_035_02	Motesanib	Motesanib_AML_035_02	241.68474	0.0
AML_035_04	Motesanib	Motesanib_AML_035_04	237.51015	0.0
AML_036_01	Motesanib	Motesanib_AML_036_01	232.56415	0.0
AML_040_01	Motesanib	Motesanib_AML_040_01	229.25964	4.6
AML_041_01	Motesanib	Motesanib_AML_041_01	226.04166	3.4
AML_042_01	Motesanib	Motesanib_AML_042_01	224.15065	1.7
AML_043_02	Motesanib	Motesanib_AML_043_02	235.18384	0.0
AML_045_01	Motesanib	Motesanib_AML_045_01	236.29742	0.0
AML_046_01	Motesanib	Motesanib_AML_046_01	231.16235	11.7
AML_051_01	Motesanib	Motesanib_AML_051_01	228.5671	0.0
AML_052_01	Motesanib	Motesanib_AML_052_01	241.17197	2.3
AML_053_01	Motesanib	Motesanib_AML_053_01	243.36238	0.0
AML_054_01	Motesanib	Motesanib_AML_054_01	236.62575	0.0
AML_057_01	Motesanib	Motesanib_AML_057_01	224.43773	1.7
AML_058_01	Motesanib	Motesanib_AML_058_01	232.05902	3.9
AML_059_01	Motesanib	Motesanib_AML_059_01	231.80656	0.4
AML_060_01	Motesanib	Motesanib_AML_060_01	239.07794	0.5
AML_061_01	Motesanib	Motesanib_AML_061_01	233.53773	0.0
AML_062_01	Motesanib	Motesanib_AML_062_01	219.8135	2.1
AML_064_01	Motesanib	Motesanib_AML_064_01	220.86041	0.0
AML_065_01	Motesanib	Motesanib_AML_065_01	218.94107	5.5
AML_067_01	Motesanib	Motesanib_AML_067_01	218.98207	5.6
AML_070_01	Motesanib	Motesanib_AML_070_01	231.68748	0.4
AML_072_01	Motesanib	Motesanib_AML_072_01	240.99161	3.0
AML_073_01	Motesanib	Motesanib_AML_073_01	237.93176	1.4
AML_074_01	Motesanib	Motesanib_AML_074_01	227.79178	0.0
AML_075_01	Motesanib	Motesanib_AML_075_01	228.47319	0.2
AML_076_01	Motesanib	Motesanib_AML_076_01	227.35141	0.0
AML_076_02	Motesanib	Motesanib_AML_076_02	224.30032	0.0
AML_077_01	Motesanib	Motesanib_AML_077_01	237.91841	0.0
AML_078_02	Motesanib	Motesanib_AML_078_02	224.04733	0.0
AML_084_01	Motesanib	Motesanib_AML_084_01	228.55177	0.0
AML_086_02	Motesanib	Motesanib_AML_086_02	236.26346	0.6
AML_098_01	Motesanib	Motesanib_AML_098_01	224.59485	0.0
AML_100_01	Motesanib	Motesanib_AML_100_01	228.77722	0.5
AML_101_01	Motesanib	Motesanib_AML_101_01	226.8031	8.5
AML_101_02	Motesanib	Motesanib_AML_101_02	236.47061	0.5
AML_102_01	Motesanib	Motesanib_AML_102_01	216.34839	0.0
AML_103_01	Motesanib	Motesanib_AML_103_01	214.49875	0.2
AML_103_02	Motesanib	Motesanib_AML_103_02	228.80475	0.5
AML_104_01	Motesanib	Motesanib_AML_104_01	222.81349	0.0
AML_108_01	Motesanib	Motesanib_AML_108_01	223.24635	0.0
AML_109_01	Motesanib	Motesanib_AML_109_01	227.71654	0.0
AML_110_01	Motesanib	Motesanib_AML_110_01	230.36884	0.8
AML_112_01	Motesanib	Motesanib_AML_112_01	220.34462	3.8
AML_112_02	Motesanib	Motesanib_AML_112_02	223.00935	0.3
AML_113_01	Motesanib	Motesanib_AML_113_01	228.07379	5.9
AML_114_01	Motesanib	Motesanib_AML_114_01	220.27989	0.0
AML_115_01	Motesanib	Motesanib_AML_115_01	220.30634	7.4
AML_116_01	Motesanib	Motesanib_AML_116_01	227.23233	0.0
AML_117_01	Motesanib	Motesanib_AML_117_01	230.62492	0.0
AML_119_01	Motesanib	Motesanib_AML_119_01	217.47133	0.0
AML_120_01	Motesanib	Motesanib_AML_120_01	229.381	6.1
AML_120_03	Motesanib	Motesanib_AML_120_03	230.22261	6.0
AML_122_01	Motesanib	Motesanib_AML_122_01	219.30081	0.0
AML_123_01	Motesanib	Motesanib_AML_123_01	232.45985	0.0
AML_124_01	Motesanib	Motesanib_AML_124_01	232.91212	3.7
AML_125_01	Motesanib	Motesanib_AML_125_01	235.88098	0.0
AML_126_01	Motesanib	Motesanib_AML_126_01	224.86453	0.0
AML_127_01	Motesanib	Motesanib_AML_127_01	226.74776	0.0
AML_128_01	Motesanib	Motesanib_AML_128_01	235.63283	0.1
AML_129_02	Motesanib	Motesanib_AML_129_02	229.69304	0.2
AML_129_03	Motesanib	Motesanib_AML_129_03	230.84811	0.0
AML_131_01	Motesanib	Motesanib_AML_131_01	223.61652	0.0
AML_133_01	Motesanib	Motesanib_AML_133_01	234.40132	0.0
AML_134_01	Motesanib	Motesanib_AML_134_01	231.08658	3.0
AML_135_01	Motesanib	Motesanib_AML_135_01	228.28821	2.8
AML_138_01	Motesanib	Motesanib_AML_138_01	241.21849	2.2
AML_139_01	Motesanib	Motesanib_AML_139_01	242.62318	0.0
AML_140_01	Motesanib	Motesanib_AML_140_01	228.64363	0.0
AML_142_01	Motesanib	Motesanib_AML_142_01	233.875	0.0
AML_143_01	Motesanib	Motesanib_AML_143_01	230.96852	0.0
AML_144_01	Motesanib	Motesanib_AML_144_01	238.73471	0.0
AML_146_01	Motesanib	Motesanib_AML_146_01	238.86824	0.0
AML_147_01	Motesanib	Motesanib_AML_147_01	228.01768	2.8
AML_151_01	Motesanib	Motesanib_AML_151_01	222.8136	0.0
AML_152_01	Motesanib	Motesanib_AML_152_01	232.92476	0.0
AML_153_01	Motesanib	Motesanib_AML_153_01	228.67859	0.0
AML_156_01	Motesanib	Motesanib_AML_156_01	228.31396	0.0
AML_157_01	Motesanib	Motesanib_AML_157_01	230.78384	1.8
AML_157_02	Motesanib	Motesanib_AML_157_02	231.55098	2.1
AML_158_01	Motesanib	Motesanib_AML_158_01	231.1852	0.0
AML_159_01	Motesanib	Motesanib_AML_159_01	235.56607	0.7
AML_160_01	Motesanib	Motesanib_AML_160_01	221.21825	0.0
AML_161_01	Motesanib	Motesanib_AML_161_01	229.55206	0.0
AML_175_01	Motesanib	Motesanib_AML_175_01	229.651	0.0
AML_179_01	Motesanib	Motesanib_AML_179_01	236.58427	0.0
AML_183_01	Motesanib	Motesanib_AML_183_01	227.10458	0.0
AML_183_02	Motesanib	Motesanib_AML_183_02	221.00742	0.0
AML_183_03	Motesanib	Motesanib_AML_183_03	218.29735	0.0
AML_184_01	Motesanib	Motesanib_AML_184_01	225.50575	1.1
AML_185_01	Motesanib	Motesanib_AML_185_01	242.60123	0.0
AML_001_03	Neratinib	Neratinib_AML_001_03	185.17528	7.2
AML_003_02	Neratinib	Neratinib_AML_003_02	182.56631	3.6
AML_004_01	Neratinib	Neratinib_AML_004_01	184.82079	4.1
AML_006_02	Neratinib	Neratinib_AML_006_02	188.46275	5.0
AML_007_01	Neratinib	Neratinib_AML_007_01	190.38342	0.3
AML_007_02	Neratinib	Neratinib_AML_007_02	191.25296	0.0
AML_012_01	Neratinib	Neratinib_AML_012_01	175.40274	1.2
AML_013_01	Neratinib	Neratinib_AML_013_01	178.97833	5.0
AML_014_01	Neratinib	Neratinib_AML_014_01	181.21404	0.5
AML_015_01	Neratinib	Neratinib_AML_015_01	183.97284	4.6
AML_015_02	Neratinib	Neratinib_AML_015_02	192.78871	1.6
AML_015_03	Neratinib	Neratinib_AML_015_03	188.7712	4.5
AML_015_04	Neratinib	Neratinib_AML_015_04	179.27576	7.0
AML_018_01	Neratinib	Neratinib_AML_018_01	179.37898	7.4
AML_019_01	Neratinib	Neratinib_AML_019_01	181.89062	6.2
AML_020_01	Neratinib	Neratinib_AML_020_01	182.42136	3.9
AML_023_04	Neratinib	Neratinib_AML_023_04	184.2299	0.0
AML_024_01	Neratinib	Neratinib_AML_024_01	180.69067	0.6
AML_025_01	Neratinib	Neratinib_AML_025_01	189.38683	5.4
AML_026_01	Neratinib	Neratinib_AML_026_01	188.32683	2.9
AML_028_01	Neratinib	Neratinib_AML_028_01	180.36624	4.5
AML_028_04	Neratinib	Neratinib_AML_028_04	176.61064	7.1
AML_029_01	Neratinib	Neratinib_AML_029_01	188.56929	6.1
AML_030_01	Neratinib	Neratinib_AML_030_01	181.62408	2.5
AML_032_01	Neratinib	Neratinib_AML_032_01	184.94263	0.7
AML_033_01	Neratinib	Neratinib_AML_033_01	184.93317	0.9
AML_033_02	Neratinib	Neratinib_AML_033_02	173.05638	1.6
AML_035_02	Neratinib	Neratinib_AML_035_02	189.77904	0.1
AML_035_04	Neratinib	Neratinib_AML_035_04	183.99425	1.1
AML_036_01	Neratinib	Neratinib_AML_036_01	185.47899	0.0
AML_040_01	Neratinib	Neratinib_AML_040_01	179.00871	8.0
AML_041_01	Neratinib	Neratinib_AML_041_01	190.7498	5.2
AML_042_01	Neratinib	Neratinib_AML_042_01	191.17908	6.2
AML_043_02	Neratinib	Neratinib_AML_043_02	176.78343	2.1
AML_045_01	Neratinib	Neratinib_AML_045_01	185.60631	2.8
AML_046_01	Neratinib	Neratinib_AML_046_01	174.83092	8.4
AML_051_01	Neratinib	Neratinib_AML_051_01	177.94081	3.2
AML_052_01	Neratinib	Neratinib_AML_052_01	181.24986	3.2
AML_053_01	Neratinib	Neratinib_AML_053_01	195.11371	3.7
AML_054_01	Neratinib	Neratinib_AML_054_01	177.56258	6.6
AML_057_01	Neratinib	Neratinib_AML_057_01	186.46832	2.8
AML_058_01	Neratinib	Neratinib_AML_058_01	184.0783	4.6
AML_059_01	Neratinib	Neratinib_AML_059_01	179.86635	4.7
AML_060_01	Neratinib	Neratinib_AML_060_01	181.51564	5.5
AML_061_01	Neratinib	Neratinib_AML_061_01	181.11125	3.0
AML_062_01	Neratinib	Neratinib_AML_062_01	185.15344	6.6
AML_064_01	Neratinib	Neratinib_AML_064_01	193.68282	4.4
AML_065_01	Neratinib	Neratinib_AML_065_01	177.9886	5.0
AML_067_01	Neratinib	Neratinib_AML_067_01	184.5021	5.3
AML_070_01	Neratinib	Neratinib_AML_070_01	189.30754	2.1
AML_072_01	Neratinib	Neratinib_AML_072_01	187.47516	4.0
AML_073_01	Neratinib	Neratinib_AML_073_01	188.01778	6.1
AML_074_01	Neratinib	Neratinib_AML_074_01	185.1089	2.3
AML_075_01	Neratinib	Neratinib_AML_075_01	186.44238	4.5
AML_076_01	Neratinib	Neratinib_AML_076_01	189.79762	3.3
AML_076_02	Neratinib	Neratinib_AML_076_02	177.3719	8.5
AML_077_01	Neratinib	Neratinib_AML_077_01	188.252	4.2
AML_078_02	Neratinib	Neratinib_AML_078_02	187.8857	4.3
AML_084_01	Neratinib	Neratinib_AML_084_01	175.65184	9.9
AML_086_02	Neratinib	Neratinib_AML_086_02	182.81833	4.6
AML_098_01	Neratinib	Neratinib_AML_098_01	188.39319	0.0
AML_100_01	Neratinib	Neratinib_AML_100_01	186.63364	1.4
AML_101_01	Neratinib	Neratinib_AML_101_01	180.0707	3.7
AML_101_02	Neratinib	Neratinib_AML_101_02	187.61774	2.7
AML_102_01	Neratinib	Neratinib_AML_102_01	182.83636	3.2
AML_103_01	Neratinib	Neratinib_AML_103_01	186.74669	1.6
AML_103_02	Neratinib	Neratinib_AML_103_02	171.51158	5.2
AML_104_01	Neratinib	Neratinib_AML_104_01	182.09372	1.2
AML_108_01	Neratinib	Neratinib_AML_108_01	178.10843	4.9
AML_109_01	Neratinib	Neratinib_AML_109_01	178.64282	4.5
AML_110_01	Neratinib	Neratinib_AML_110_01	181.63239	4.3
AML_112_01	Neratinib	Neratinib_AML_112_01	183.16704	3.5
AML_112_02	Neratinib	Neratinib_AML_112_02	189.18616	3.1
AML_113_01	Neratinib	Neratinib_AML_113_01	179.75105	2.8
AML_114_01	Neratinib	Neratinib_AML_114_01	182.55344	4.9
AML_115_01	Neratinib	Neratinib_AML_115_01	178.12378	8.2
AML_116_01	Neratinib	Neratinib_AML_116_01	179.76071	1.4
AML_117_01	Neratinib	Neratinib_AML_117_01	185.31807	3.0
AML_119_01	Neratinib	Neratinib_AML_119_01	183.79317	1.6
AML_120_03	Neratinib	Neratinib_AML_120_03	189.9753	0.0
AML_122_01	Neratinib	Neratinib_AML_122_01	194.61885	0.7
AML_123_01	Neratinib	Neratinib_AML_123_01	190.31657	5.2
AML_124_01	Neratinib	Neratinib_AML_124_01	183.92854	6.1
AML_125_01	Neratinib	Neratinib_AML_125_01	180.01788	15.9
AML_126_01	Neratinib	Neratinib_AML_126_01	186.90762	4.1
AML_127_01	Neratinib	Neratinib_AML_127_01	185.48311	3.7
AML_128_01	Neratinib	Neratinib_AML_128_01	187.06213	5.1
AML_131_01	Neratinib	Neratinib_AML_131_01	192.87401	0.1
AML_133_01	Neratinib	Neratinib_AML_133_01	179.93457	1.8
AML_134_01	Neratinib	Neratinib_AML_134_01	181.99567	3.8
AML_135_01	Neratinib	Neratinib_AML_135_01	185.51903	5.8
AML_138_01	Neratinib	Neratinib_AML_138_01	183.77924	8.8
AML_139_01	Neratinib	Neratinib_AML_139_01	191.73679	1.9
AML_140_01	Neratinib	Neratinib_AML_140_01	181.83997	2.5
AML_142_01	Neratinib	Neratinib_AML_142_01	176.75807	5.9
AML_143_01	Neratinib	Neratinib_AML_143_01	184.79607	1.4
AML_144_01	Neratinib	Neratinib_AML_144_01	189.86433	4.1
AML_146_01	Neratinib	Neratinib_AML_146_01	184.5483	0.9
AML_147_01	Neratinib	Neratinib_AML_147_01	184.44946	3.2
AML_151_01	Neratinib	Neratinib_AML_151_01	181.97594	11.2
AML_152_01	Neratinib	Neratinib_AML_152_01	181.40982	1.9
AML_153_01	Neratinib	Neratinib_AML_153_01	176.8033	6.2
AML_156_01	Neratinib	Neratinib_AML_156_01	179.13379	3.1
AML_157_01	Neratinib	Neratinib_AML_157_01	188.37825	0.7
AML_157_02	Neratinib	Neratinib_AML_157_02	185.97574	3.8
AML_158_01	Neratinib	Neratinib_AML_158_01	188.37192	2.6
AML_159_01	Neratinib	Neratinib_AML_159_01	184.89668	5.7
AML_160_01	Neratinib	Neratinib_AML_160_01	184.12852	4.1
AML_161_01	Neratinib	Neratinib_AML_161_01	173.66638	2.7
AML_175_01	Neratinib	Neratinib_AML_175_01	183.6749	1.4
AML_183_01	Neratinib	Neratinib_AML_183_01	189.42221	1.4
AML_183_02	Neratinib	Neratinib_AML_183_02	186.991	3.7
AML_183_03	Neratinib	Neratinib_AML_183_03	188.24947	1.7
AML_001_01	Nilotinib	Nilotinib_AML_001_01	230.13242	0.0
AML_001_03	Nilotinib	Nilotinib_AML_001_03	224.10306	0.0
AML_002_01	Nilotinib	Nilotinib_AML_002_01	234.91025	0.0
AML_003_02	Nilotinib	Nilotinib_AML_003_02	233.86531	4.3
AML_004_01	Nilotinib	Nilotinib_AML_004_01	230.38432	2.8
AML_006_02	Nilotinib	Nilotinib_AML_006_02	228.21487	1.5
AML_007_01	Nilotinib	Nilotinib_AML_007_01	219.4305	0.0
AML_007_02	Nilotinib	Nilotinib_AML_007_02	219.67645	0.0
AML_012_01	Nilotinib	Nilotinib_AML_012_01	236.75255	0.0
AML_013_01	Nilotinib	Nilotinib_AML_013_01	237.88577	0.7
AML_014_01	Nilotinib	Nilotinib_AML_014_01	232.05936	0.0
AML_015_01	Nilotinib	Nilotinib_AML_015_01	235.37769	21.6
AML_015_02	Nilotinib	Nilotinib_AML_015_02	223.93076	12.4
AML_015_03	Nilotinib	Nilotinib_AML_015_03	228.5611	25.9
AML_015_04	Nilotinib	Nilotinib_AML_015_04	234.89682	37.1
AML_018_01	Nilotinib	Nilotinib_AML_018_01	225.60152	0.0
AML_019_01	Nilotinib	Nilotinib_AML_019_01	233.99057	2.5
AML_020_01	Nilotinib	Nilotinib_AML_020_01	238.3848	2.2
AML_022_01	Nilotinib	Nilotinib_AML_022_01	215.97333	4.3
AML_023_01	Nilotinib	Nilotinib_AML_023_01	218.83925	0.0
AML_023_03	Nilotinib	Nilotinib_AML_023_03	218.14581	0.0
AML_023_04	Nilotinib	Nilotinib_AML_023_04	220.64574	0.0
AML_024_01	Nilotinib	Nilotinib_AML_024_01	236.19727	0.0
AML_025_01	Nilotinib	Nilotinib_AML_025_01	231.17891	0.0
AML_026_01	Nilotinib	Nilotinib_AML_026_01	229.0331	0.0
AML_028_01	Nilotinib	Nilotinib_AML_028_01	232.26845	0.7
AML_028_04	Nilotinib	Nilotinib_AML_028_04	230.47234	0.0
AML_029_01	Nilotinib	Nilotinib_AML_029_01	224.15042	0.0
AML_030_01	Nilotinib	Nilotinib_AML_030_01	217.6977	0.0
AML_032_01	Nilotinib	Nilotinib_AML_032_01	235.18985	0.0
AML_033_01	Nilotinib	Nilotinib_AML_033_01	232.37952	0.0
AML_033_02	Nilotinib	Nilotinib_AML_033_02	237.23283	1.7
AML_035_02	Nilotinib	Nilotinib_AML_035_02	236.86015	0.0
AML_035_04	Nilotinib	Nilotinib_AML_035_04	238.63858	0.0
AML_036_01	Nilotinib	Nilotinib_AML_036_01	223.73979	0.0
AML_040_01	Nilotinib	Nilotinib_AML_040_01	227.2238	11.7
AML_041_01	Nilotinib	Nilotinib_AML_041_01	220.18045	5.1
AML_042_01	Nilotinib	Nilotinib_AML_042_01	221.85213	7.2
AML_043_02	Nilotinib	Nilotinib_AML_043_02	237.58669	0.0
AML_045_01	Nilotinib	Nilotinib_AML_045_01	231.3574	1.9
AML_046_01	Nilotinib	Nilotinib_AML_046_01	232.24016	9.5
AML_051_01	Nilotinib	Nilotinib_AML_051_01	228.34302	0.1
AML_052_01	Nilotinib	Nilotinib_AML_052_01	235.20964	0.0
AML_053_01	Nilotinib	Nilotinib_AML_053_01	235.96324	0.0
AML_054_01	Nilotinib	Nilotinib_AML_054_01	236.35225	6.7
AML_057_01	Nilotinib	Nilotinib_AML_057_01	221.70853	6.4
AML_058_01	Nilotinib	Nilotinib_AML_058_01	226.96747	6.5
AML_059_01	Nilotinib	Nilotinib_AML_059_01	228.30887	6.1
AML_060_01	Nilotinib	Nilotinib_AML_060_01	235.90059	0.2
AML_061_01	Nilotinib	Nilotinib_AML_061_01	227.89941	2.8
AML_062_01	Nilotinib	Nilotinib_AML_062_01	215.90036	7.4
AML_064_01	Nilotinib	Nilotinib_AML_064_01	215.68137	0.0
AML_065_01	Nilotinib	Nilotinib_AML_065_01	218.23584	7.6
AML_067_01	Nilotinib	Nilotinib_AML_067_01	215.16118	7.5
AML_070_01	Nilotinib	Nilotinib_AML_070_01	226.04675	0.1
AML_072_01	Nilotinib	Nilotinib_AML_072_01	235.13698	0.0
AML_073_01	Nilotinib	Nilotinib_AML_073_01	235.15184	0.6
AML_074_01	Nilotinib	Nilotinib_AML_074_01	222.97879	0.2
AML_075_01	Nilotinib	Nilotinib_AML_075_01	222.06163	0.0
AML_076_01	Nilotinib	Nilotinib_AML_076_01	223.7781	0.0
AML_076_02	Nilotinib	Nilotinib_AML_076_02	223.0894	0.0
AML_077_01	Nilotinib	Nilotinib_AML_077_01	234.27168	0.0
AML_078_02	Nilotinib	Nilotinib_AML_078_02	218.46585	0.0
AML_084_01	Nilotinib	Nilotinib_AML_084_01	225.19466	4.2
AML_086_02	Nilotinib	Nilotinib_AML_086_02	231.35834	0.9
AML_098_01	Nilotinib	Nilotinib_AML_098_01	220.06331	0.0
AML_100_01	Nilotinib	Nilotinib_AML_100_01	223.5012	0.0
AML_101_01	Nilotinib	Nilotinib_AML_101_01	228.2063	12.8
AML_101_02	Nilotinib	Nilotinib_AML_101_02	235.50612	3.1
AML_102_01	Nilotinib	Nilotinib_AML_102_01	212.1032	0.0
AML_103_01	Nilotinib	Nilotinib_AML_103_01	211.08282	0.0
AML_103_02	Nilotinib	Nilotinib_AML_103_02	234.91882	3.0
AML_104_01	Nilotinib	Nilotinib_AML_104_01	218.84007	0.0
AML_108_01	Nilotinib	Nilotinib_AML_108_01	217.15344	0.9
AML_109_01	Nilotinib	Nilotinib_AML_109_01	230.06743	0.0
AML_110_01	Nilotinib	Nilotinib_AML_110_01	226.38916	0.6
AML_112_01	Nilotinib	Nilotinib_AML_112_01	214.7948	1.5
AML_112_02	Nilotinib	Nilotinib_AML_112_02	220.14629	0.5
AML_113_01	Nilotinib	Nilotinib_AML_113_01	227.93239	0.9
AML_114_01	Nilotinib	Nilotinib_AML_114_01	215.88051	0.6
AML_115_01	Nilotinib	Nilotinib_AML_115_01	220.56696	6.4
AML_116_01	Nilotinib	Nilotinib_AML_116_01	224.26633	0.0
AML_117_01	Nilotinib	Nilotinib_AML_117_01	223.86125	0.7
AML_119_01	Nilotinib	Nilotinib_AML_119_01	213.16386	1.9
AML_120_01	Nilotinib	Nilotinib_AML_120_01	226.31041	7.5
AML_120_03	Nilotinib	Nilotinib_AML_120_03	225.98833	7.4
AML_122_01	Nilotinib	Nilotinib_AML_122_01	217.1724	0.0
AML_123_01	Nilotinib	Nilotinib_AML_123_01	227.89705	0.0
AML_124_01	Nilotinib	Nilotinib_AML_124_01	228.50323	0.0
AML_125_01	Nilotinib	Nilotinib_AML_125_01	232.97916	19.8
AML_126_01	Nilotinib	Nilotinib_AML_126_01	220.31827	0.0
AML_127_01	Nilotinib	Nilotinib_AML_127_01	220.51071	0.0
AML_128_01	Nilotinib	Nilotinib_AML_128_01	232.22726	0.0
AML_129_02	Nilotinib	Nilotinib_AML_129_02	227.31483	7.8
AML_129_03	Nilotinib	Nilotinib_AML_129_03	229.10164	0.0
AML_131_01	Nilotinib	Nilotinib_AML_131_01	218.10355	0.0
AML_133_01	Nilotinib	Nilotinib_AML_133_01	237.4366	0.0
AML_134_01	Nilotinib	Nilotinib_AML_134_01	233.76405	0.0
AML_135_01	Nilotinib	Nilotinib_AML_135_01	227.44511	0.0
AML_138_01	Nilotinib	Nilotinib_AML_138_01	238.96352	0.0
AML_139_01	Nilotinib	Nilotinib_AML_139_01	236.66614	2.6
AML_140_01	Nilotinib	Nilotinib_AML_140_01	225.78923	0.0
AML_142_01	Nilotinib	Nilotinib_AML_142_01	236.54428	6.7
AML_143_01	Nilotinib	Nilotinib_AML_143_01	226.77423	6.7
AML_144_01	Nilotinib	Nilotinib_AML_144_01	236.07413	5.8
AML_146_01	Nilotinib	Nilotinib_AML_146_01	235.474	0.0
AML_147_01	Nilotinib	Nilotinib_AML_147_01	225.85529	2.0
AML_151_01	Nilotinib	Nilotinib_AML_151_01	222.74812	12.1
AML_152_01	Nilotinib	Nilotinib_AML_152_01	228.70169	1.2
AML_153_01	Nilotinib	Nilotinib_AML_153_01	231.9299	0.0
AML_156_01	Nilotinib	Nilotinib_AML_156_01	229.88742	4.9
AML_157_01	Nilotinib	Nilotinib_AML_157_01	227.13235	0.0
AML_157_02	Nilotinib	Nilotinib_AML_157_02	226.70561	1.8
AML_158_01	Nilotinib	Nilotinib_AML_158_01	229.7275	0.3
AML_159_01	Nilotinib	Nilotinib_AML_159_01	232.3053	3.4
AML_160_01	Nilotinib	Nilotinib_AML_160_01	221.88788	0.0
AML_161_01	Nilotinib	Nilotinib_AML_161_01	232.46935	1.6
AML_175_01	Nilotinib	Nilotinib_AML_175_01	223.67143	0.0
AML_179_01	Nilotinib	Nilotinib_AML_179_01	235.48836	0.0
AML_183_01	Nilotinib	Nilotinib_AML_183_01	225.4431	0.0
AML_183_02	Nilotinib	Nilotinib_AML_183_02	216.44188	0.0
AML_183_03	Nilotinib	Nilotinib_AML_183_03	216.17036	0.0
AML_184_01	Nilotinib	Nilotinib_AML_184_01	219.17125	7.8
AML_185_01	Nilotinib	Nilotinib_AML_185_01	239.46921	0.0
AML_004_01	NVP-AEW541	NVP-AEW541_AML_004_01	217.48767	9.2
AML_019_01	NVP-AEW541	NVP-AEW541_AML_019_01	210.15067	8.8
AML_025_01	NVP-AEW541	NVP-AEW541_AML_025_01	222.14354	6.6
AML_026_01	NVP-AEW541	NVP-AEW541_AML_026_01	224.79819	6.6
AML_029_01	NVP-AEW541	NVP-AEW541_AML_029_01	218.63452	4.4
AML_030_01	NVP-AEW541	NVP-AEW541_AML_030_01	215.67303	6.6
AML_033_01	NVP-AEW541	NVP-AEW541_AML_033_01	215.69052	8.7
AML_033_02	NVP-AEW541	NVP-AEW541_AML_033_02	197.77652	9.1
AML_041_01	NVP-AEW541	NVP-AEW541_AML_041_01	224.55855	6.5
AML_042_01	NVP-AEW541	NVP-AEW541_AML_042_01	220.40944	16.2
AML_043_02	NVP-AEW541	NVP-AEW541_AML_043_02	201.64926	7.1
AML_046_01	NVP-AEW541	NVP-AEW541_AML_046_01	208.33539	28.3
AML_052_01	NVP-AEW541	NVP-AEW541_AML_052_01	215.4976	10.4
AML_057_01	NVP-AEW541	NVP-AEW541_AML_057_01	220.56024	5.9
AML_058_01	NVP-AEW541	NVP-AEW541_AML_058_01	218.37828	7.2
AML_059_01	NVP-AEW541	NVP-AEW541_AML_059_01	216.21783	11.8
AML_060_01	NVP-AEW541	NVP-AEW541_AML_060_01	213.52666	14.1
AML_061_01	NVP-AEW541	NVP-AEW541_AML_061_01	216.11758	10.5
AML_062_01	NVP-AEW541	NVP-AEW541_AML_062_01	215.73062	15.9
AML_064_01	NVP-AEW541	NVP-AEW541_AML_064_01	221.71153	10.9
AML_065_01	NVP-AEW541	NVP-AEW541_AML_065_01	211.75648	9.3
AML_067_01	NVP-AEW541	NVP-AEW541_AML_067_01	218.24887	7.7
AML_070_01	NVP-AEW541	NVP-AEW541_AML_070_01	222.3585	7.6
AML_072_01	NVP-AEW541	NVP-AEW541_AML_072_01	220.54588	1.5
AML_073_01	NVP-AEW541	NVP-AEW541_AML_073_01	219.59076	5.1
AML_074_01	NVP-AEW541	NVP-AEW541_AML_074_01	220.39874	6.4
AML_075_01	NVP-AEW541	NVP-AEW541_AML_075_01	219.32799	2.3
AML_076_01	NVP-AEW541	NVP-AEW541_AML_076_01	221.74112	4.1
AML_076_02	NVP-AEW541	NVP-AEW541_AML_076_02	205.45105	0.0
AML_077_01	NVP-AEW541	NVP-AEW541_AML_077_01	220.16685	9.0
AML_078_02	NVP-AEW541	NVP-AEW541_AML_078_02	222.30884	5.4
AML_086_02	NVP-AEW541	NVP-AEW541_AML_086_02	214.0705	1.4
AML_098_01	NVP-AEW541	NVP-AEW541_AML_098_01	219.55571	8.8
AML_100_01	NVP-AEW541	NVP-AEW541_AML_100_01	222.96452	7.2
AML_101_01	NVP-AEW541	NVP-AEW541_AML_101_01	206.04701	11.8
AML_101_02	NVP-AEW541	NVP-AEW541_AML_101_02	214.1409	5.4
AML_102_01	NVP-AEW541	NVP-AEW541_AML_102_01	217.66338	4.6
AML_103_01	NVP-AEW541	NVP-AEW541_AML_103_01	214.88214	5.3
AML_103_02	NVP-AEW541	NVP-AEW541_AML_103_02	196.21065	9.0
AML_104_01	NVP-AEW541	NVP-AEW541_AML_104_01	218.73918	3.0
AML_108_01	NVP-AEW541	NVP-AEW541_AML_108_01	215.73082	8.6
AML_109_01	NVP-AEW541	NVP-AEW541_AML_109_01	206.93462	8.3
AML_110_01	NVP-AEW541	NVP-AEW541_AML_110_01	217.42332	8.2
AML_112_01	NVP-AEW541	NVP-AEW541_AML_112_01	216.91994	5.4
AML_112_02	NVP-AEW541	NVP-AEW541_AML_112_02	219.80966	5.8
AML_113_01	NVP-AEW541	NVP-AEW541_AML_113_01	210.28319	7.2
AML_114_01	NVP-AEW541	NVP-AEW541_AML_114_01	215.68701	6.8
AML_115_01	NVP-AEW541	NVP-AEW541_AML_115_01	211.61497	9.2
AML_116_01	NVP-AEW541	NVP-AEW541_AML_116_01	215.60335	5.0
AML_117_01	NVP-AEW541	NVP-AEW541_AML_117_01	219.54147	10.2
AML_119_01	NVP-AEW541	NVP-AEW541_AML_119_01	218.37656	4.8
AML_122_01	NVP-AEW541	NVP-AEW541_AML_122_01	221.99524	4.9
AML_123_01	NVP-AEW541	NVP-AEW541_AML_123_01	223.71349	8.8
AML_124_01	NVP-AEW541	NVP-AEW541_AML_124_01	219.15646	12.2
AML_125_01	NVP-AEW541	NVP-AEW541_AML_125_01	217.12292	3.3
AML_126_01	NVP-AEW541	NVP-AEW541_AML_126_01	217.87138	0.0
AML_127_01	NVP-AEW541	NVP-AEW541_AML_127_01	221.19333	0.0
AML_128_01	NVP-AEW541	NVP-AEW541_AML_128_01	220.27515	4.8
AML_131_01	NVP-AEW541	NVP-AEW541_AML_131_01	221.96507	4.6
AML_133_01	NVP-AEW541	NVP-AEW541_AML_133_01	203.77522	7.9
AML_134_01	NVP-AEW541	NVP-AEW541_AML_134_01	208.4081	2.6
AML_135_01	NVP-AEW541	NVP-AEW541_AML_135_01	213.46487	12.8
AML_138_01	NVP-AEW541	NVP-AEW541_AML_138_01	215.74289	3.0
AML_139_01	NVP-AEW541	NVP-AEW541_AML_139_01	226.03543	9.0
AML_140_01	NVP-AEW541	NVP-AEW541_AML_140_01	217.88628	5.6
AML_142_01	NVP-AEW541	NVP-AEW541_AML_142_01	200.43437	5.5
AML_143_01	NVP-AEW541	NVP-AEW541_AML_143_01	217.51364	5.8
AML_144_01	NVP-AEW541	NVP-AEW541_AML_144_01	222.84802	9.1
AML_146_01	NVP-AEW541	NVP-AEW541_AML_146_01	218.63629	6.1
AML_147_01	NVP-AEW541	NVP-AEW541_AML_147_01	219.19933	8.7
AML_151_01	NVP-AEW541	NVP-AEW541_AML_151_01	212.71005	14.0
AML_152_01	NVP-AEW541	NVP-AEW541_AML_152_01	214.44829	7.4
AML_153_01	NVP-AEW541	NVP-AEW541_AML_153_01	202.48288	5.3
AML_156_01	NVP-AEW541	NVP-AEW541_AML_156_01	209.85565	7.4
AML_157_01	NVP-AEW541	NVP-AEW541_AML_157_01	219.5363	8.6
AML_157_02	NVP-AEW541	NVP-AEW541_AML_157_02	216.80908	6.7
AML_158_01	NVP-AEW541	NVP-AEW541_AML_158_01	220.63377	8.5
AML_159_01	NVP-AEW541	NVP-AEW541_AML_159_01	218.3498	9.8
AML_160_01	NVP-AEW541	NVP-AEW541_AML_160_01	211.33656	6.8
AML_161_01	NVP-AEW541	NVP-AEW541_AML_161_01	201.95786	8.3
AML_183_01	NVP-AEW541	NVP-AEW541_AML_183_01	221.80626	4.9
AML_183_02	NVP-AEW541	NVP-AEW541_AML_183_02	218.78998	0.0
AML_183_03	NVP-AEW541	NVP-AEW541_AML_183_03	218.00548	6.1
AML_001_01	Olaparib	Olaparib_AML_001_01	233.50012	0.1
AML_001_03	Olaparib	Olaparib_AML_001_03	232.16254	6.1
AML_002_01	Olaparib	Olaparib_AML_002_01	230.61061	0.9
AML_003_02	Olaparib	Olaparib_AML_003_02	224.57475	4.6
AML_004_01	Olaparib	Olaparib_AML_004_01	232.5341	1.9
AML_006_02	Olaparib	Olaparib_AML_006_02	233.35727	0.0
AML_007_01	Olaparib	Olaparib_AML_007_01	231.48903	0.0
AML_007_02	Olaparib	Olaparib_AML_007_02	232.39778	0.8
AML_012_01	Olaparib	Olaparib_AML_012_01	219.92847	1.1
AML_013_01	Olaparib	Olaparib_AML_013_01	225.30214	1.0
AML_014_01	Olaparib	Olaparib_AML_014_01	231.30666	2.3
AML_015_01	Olaparib	Olaparib_AML_015_01	234.84392	4.9
AML_015_02	Olaparib	Olaparib_AML_015_02	226.24306	2.0
AML_015_03	Olaparib	Olaparib_AML_015_03	231.62497	1.5
AML_015_04	Olaparib	Olaparib_AML_015_04	229.96954	9.4
AML_018_01	Olaparib	Olaparib_AML_018_01	216.55087	8.0
AML_019_01	Olaparib	Olaparib_AML_019_01	224.24957	1.9
AML_020_01	Olaparib	Olaparib_AML_020_01	230.96109	1.4
AML_022_01	Olaparib	Olaparib_AML_022_01	225.35597	0.0
AML_023_01	Olaparib	Olaparib_AML_023_01	227.28366	0.0
AML_023_03	Olaparib	Olaparib_AML_023_03	225.60379	0.0
AML_023_04	Olaparib	Olaparib_AML_023_04	223.43784	0.1
AML_024_01	Olaparib	Olaparib_AML_024_01	233.91678	4.6
AML_025_01	Olaparib	Olaparib_AML_025_01	234.14262	2.7
AML_026_01	Olaparib	Olaparib_AML_026_01	237.41725	0.0
AML_028_01	Olaparib	Olaparib_AML_028_01	231.7194	0.0
AML_028_04	Olaparib	Olaparib_AML_028_04	217.76846	5.3
AML_029_01	Olaparib	Olaparib_AML_029_01	228.71213	0.0
AML_030_01	Olaparib	Olaparib_AML_030_01	226.23466	0.5
AML_032_01	Olaparib	Olaparib_AML_032_01	232.70996	4.8
AML_033_01	Olaparib	Olaparib_AML_033_01	228.85583	1.5
AML_033_02	Olaparib	Olaparib_AML_033_02	220.09442	1.4
AML_035_02	Olaparib	Olaparib_AML_035_02	236.59613	0.2
AML_035_04	Olaparib	Olaparib_AML_035_04	223.37895	0.0
AML_036_01	Olaparib	Olaparib_AML_036_01	234.15002	2.3
AML_040_01	Olaparib	Olaparib_AML_040_01	230.85603	0.0
AML_041_01	Olaparib	Olaparib_AML_041_01	233.25368	0.2
AML_042_01	Olaparib	Olaparib_AML_042_01	230.37708	1.0
AML_043_02	Olaparib	Olaparib_AML_043_02	218.98538	5.8
AML_045_01	Olaparib	Olaparib_AML_045_01	234.26125	0.0
AML_046_01	Olaparib	Olaparib_AML_046_01	226.80872	0.0
AML_051_01	Olaparib	Olaparib_AML_051_01	228.28658	0.0
AML_052_01	Olaparib	Olaparib_AML_052_01	231.30728	2.6
AML_053_01	Olaparib	Olaparib_AML_053_01	241.0792	0.1
AML_054_01	Olaparib	Olaparib_AML_054_01	225.43759	2.0
AML_057_01	Olaparib	Olaparib_AML_057_01	232.69154	0.4
AML_058_01	Olaparib	Olaparib_AML_058_01	230.86365	1.0
AML_059_01	Olaparib	Olaparib_AML_059_01	232.59982	1.0
AML_060_01	Olaparib	Olaparib_AML_060_01	231.01701	3.1
AML_061_01	Olaparib	Olaparib_AML_061_01	230.13597	0.0
AML_062_01	Olaparib	Olaparib_AML_062_01	226.1857	0.0
AML_064_01	Olaparib	Olaparib_AML_064_01	226.69872	1.4
AML_065_01	Olaparib	Olaparib_AML_065_01	226.65074	2.3
AML_067_01	Olaparib	Olaparib_AML_067_01	230.43303	3.2
AML_070_01	Olaparib	Olaparib_AML_070_01	233.12102	1.1
AML_072_01	Olaparib	Olaparib_AML_072_01	235.2381	0.7
AML_073_01	Olaparib	Olaparib_AML_073_01	232.66374	1.4
AML_074_01	Olaparib	Olaparib_AML_074_01	233.86145	2.6
AML_075_01	Olaparib	Olaparib_AML_075_01	228.53987	1.9
AML_076_01	Olaparib	Olaparib_AML_076_01	232.50787	3.2
AML_076_02	Olaparib	Olaparib_AML_076_02	221.95631	2.9
AML_077_01	Olaparib	Olaparib_AML_077_01	234.22546	4.7
AML_078_02	Olaparib	Olaparib_AML_078_02	230.49104	4.0
AML_084_01	Olaparib	Olaparib_AML_084_01	223.83536	5.0
AML_086_02	Olaparib	Olaparib_AML_086_02	230.68246	2.8
AML_098_01	Olaparib	Olaparib_AML_098_01	229.72784	6.2
AML_100_01	Olaparib	Olaparib_AML_100_01	233.34314	1.6
AML_101_01	Olaparib	Olaparib_AML_101_01	222.31798	0.0
AML_101_02	Olaparib	Olaparib_AML_101_02	228.08778	0.0
AML_102_01	Olaparib	Olaparib_AML_102_01	227.33218	1.0
AML_103_01	Olaparib	Olaparib_AML_103_01	222.22557	2.2
AML_103_02	Olaparib	Olaparib_AML_103_02	213.91106	3.6
AML_104_01	Olaparib	Olaparib_AML_104_01	229.78252	3.2
AML_108_01	Olaparib	Olaparib_AML_108_01	230.10486	4.0
AML_109_01	Olaparib	Olaparib_AML_109_01	225.13599	0.0
AML_110_01	Olaparib	Olaparib_AML_110_01	232.08124	7.5
AML_112_01	Olaparib	Olaparib_AML_112_01	228.80035	0.9
AML_112_02	Olaparib	Olaparib_AML_112_02	230.28995	1.3
AML_113_01	Olaparib	Olaparib_AML_113_01	225.97154	3.4
AML_114_01	Olaparib	Olaparib_AML_114_01	226.91931	0.0
AML_115_01	Olaparib	Olaparib_AML_115_01	229.61285	5.2
AML_116_01	Olaparib	Olaparib_AML_116_01	228.80092	2.2
AML_117_01	Olaparib	Olaparib_AML_117_01	231.26324	2.5
AML_119_01	Olaparib	Olaparib_AML_119_01	226.7347	3.1
AML_120_01	Olaparib	Olaparib_AML_120_01	231.95316	4.2
AML_120_03	Olaparib	Olaparib_AML_120_03	231.24727	3.6
AML_122_01	Olaparib	Olaparib_AML_122_01	227.57646	3.4
AML_123_01	Olaparib	Olaparib_AML_123_01	235.49394	2.7
AML_124_01	Olaparib	Olaparib_AML_124_01	233.67851	4.9
AML_125_01	Olaparib	Olaparib_AML_125_01	233.8272	5.7
AML_126_01	Olaparib	Olaparib_AML_126_01	225.0239	2.9
AML_127_01	Olaparib	Olaparib_AML_127_01	232.5875	2.0
AML_128_01	Olaparib	Olaparib_AML_128_01	232.06314	2.9
AML_129_02	Olaparib	Olaparib_AML_129_02	233.74622	0.0
AML_129_03	Olaparib	Olaparib_AML_129_03	231.7642	0.0
AML_131_01	Olaparib	Olaparib_AML_131_01	229.49112	0.0
AML_133_01	Olaparib	Olaparib_AML_133_01	220.31213	3.3
AML_134_01	Olaparib	Olaparib_AML_134_01	223.54373	5.6
AML_135_01	Olaparib	Olaparib_AML_135_01	227.9743	3.1
AML_138_01	Olaparib	Olaparib_AML_138_01	229.31543	2.8
AML_139_01	Olaparib	Olaparib_AML_139_01	237.04053	4.7
AML_140_01	Olaparib	Olaparib_AML_140_01	231.00531	1.4
AML_142_01	Olaparib	Olaparib_AML_142_01	219.39313	7.3
AML_143_01	Olaparib	Olaparib_AML_143_01	231.47012	4.4
AML_144_01	Olaparib	Olaparib_AML_144_01	236.2223	3.4
AML_146_01	Olaparib	Olaparib_AML_146_01	233.98169	3.7
AML_147_01	Olaparib	Olaparib_AML_147_01	234.16531	2.5
AML_151_01	Olaparib	Olaparib_AML_151_01	225.98166	4.8
AML_152_01	Olaparib	Olaparib_AML_152_01	230.29283	4.4
AML_153_01	Olaparib	Olaparib_AML_153_01	217.02734	6.1
AML_156_01	Olaparib	Olaparib_AML_156_01	225.04929	4.6
AML_157_01	Olaparib	Olaparib_AML_157_01	228.86398	4.0
AML_157_02	Olaparib	Olaparib_AML_157_02	227.84792	2.6
AML_158_01	Olaparib	Olaparib_AML_158_01	234.72604	3.1
AML_159_01	Olaparib	Olaparib_AML_159_01	233.62323	1.7
AML_160_01	Olaparib	Olaparib_AML_160_01	224.53397	0.5
AML_161_01	Olaparib	Olaparib_AML_161_01	219.99327	11.3
AML_175_01	Olaparib	Olaparib_AML_175_01	235.41902	1.3
AML_179_01	Olaparib	Olaparib_AML_179_01	226.79643	0.3
AML_183_01	Olaparib	Olaparib_AML_183_01	234.16757	2.6
AML_183_02	Olaparib	Olaparib_AML_183_02	227.72012	2.3
AML_183_03	Olaparib	Olaparib_AML_183_03	227.07837	3.3
AML_184_01	Olaparib	Olaparib_AML_184_01	231.49585	0.0
AML_185_01	Olaparib	Olaparib_AML_185_01	233.01219	2.2
AML_001_01	Palbociclib	Palbociclib_AML_001_01	237.5721	1.2
AML_001_03	Palbociclib	Palbociclib_AML_001_03	243.06252	6.2
AML_002_01	Palbociclib	Palbociclib_AML_002_01	226.17245	5.3
AML_003_02	Palbociclib	Palbociclib_AML_003_02	226.61604	11.6
AML_004_01	Palbociclib	Palbociclib_AML_004_01	232.94785	6.7
AML_006_02	Palbociclib	Palbociclib_AML_006_02	241.41928	1.8
AML_007_01	Palbociclib	Palbociclib_AML_007_01	242.59282	1.7
AML_007_02	Palbociclib	Palbociclib_AML_007_02	244.42946	0.1
AML_012_01	Palbociclib	Palbociclib_AML_012_01	206.5607	8.8
AML_013_01	Palbociclib	Palbociclib_AML_013_01	215.24521	12.8
AML_014_01	Palbociclib	Palbociclib_AML_014_01	230.77293	8.8
AML_015_01	Palbociclib	Palbociclib_AML_015_01	232.75221	5.3
AML_015_02	Palbociclib	Palbociclib_AML_015_02	235.3352	1.6
AML_015_03	Palbociclib	Palbociclib_AML_015_03	234.66472	6.5
AML_015_04	Palbociclib	Palbociclib_AML_015_04	225.30959	5.3
AML_018_01	Palbociclib	Palbociclib_AML_018_01	215.56924	14.2
AML_019_01	Palbociclib	Palbociclib_AML_019_01	221.77364	5.6
AML_020_01	Palbociclib	Palbociclib_AML_020_01	224.19083	5.2
AML_022_01	Palbociclib	Palbociclib_AML_022_01	238.00278	4.2
AML_023_01	Palbociclib	Palbociclib_AML_023_01	240.54251	5.0
AML_023_03	Palbociclib	Palbociclib_AML_023_03	237.37231	0.6
AML_023_04	Palbociclib	Palbociclib_AML_023_04	233.71555	4.6
AML_024_01	Palbociclib	Palbociclib_AML_024_01	225.6608	3.2
AML_025_01	Palbociclib	Palbociclib_AML_025_01	240.70819	4.3
AML_026_01	Palbociclib	Palbociclib_AML_026_01	247.26906	2.3
AML_028_01	Palbociclib	Palbociclib_AML_028_01	232.07333	7.3
AML_028_04	Palbociclib	Palbociclib_AML_028_04	215.60698	6.7
AML_029_01	Palbociclib	Palbociclib_AML_029_01	243.55032	3.8
AML_030_01	Palbociclib	Palbociclib_AML_030_01	239.91394	2.0
AML_032_01	Palbociclib	Palbociclib_AML_032_01	230.46931	4.8
AML_033_01	Palbociclib	Palbociclib_AML_033_01	224.68396	7.0
AML_033_02	Palbociclib	Palbociclib_AML_033_02	207.28589	6.7
AML_035_02	Palbociclib	Palbociclib_AML_035_02	236.19002	12.6
AML_035_04	Palbociclib	Palbociclib_AML_035_04	221.33601	12.0
AML_036_01	Palbociclib	Palbociclib_AML_036_01	241.63702	9.8
AML_040_01	Palbociclib	Palbociclib_AML_040_01	235.57484	6.8
AML_041_01	Palbociclib	Palbociclib_AML_041_01	248.45387	3.5
AML_042_01	Palbociclib	Palbociclib_AML_042_01	244.18219	2.1
AML_043_02	Palbociclib	Palbociclib_AML_043_02	206.82578	5.6
AML_045_01	Palbociclib	Palbociclib_AML_045_01	237.9302	0.0
AML_046_01	Palbociclib	Palbociclib_AML_046_01	221.83438	11.4
AML_051_01	Palbociclib	Palbociclib_AML_051_01	227.41559	0.0
AML_052_01	Palbociclib	Palbociclib_AML_052_01	229.86427	6.9
AML_053_01	Palbociclib	Palbociclib_AML_053_01	244.53612	5.3
AML_054_01	Palbociclib	Palbociclib_AML_054_01	215.13737	9.8
AML_057_01	Palbociclib	Palbociclib_AML_057_01	243.24644	1.0
AML_058_01	Palbociclib	Palbociclib_AML_058_01	233.82426	5.1
AML_059_01	Palbociclib	Palbociclib_AML_059_01	233.0987	3.4
AML_060_01	Palbociclib	Palbociclib_AML_060_01	223.21399	5.6
AML_061_01	Palbociclib	Palbociclib_AML_061_01	230.57156	1.3
AML_062_01	Palbociclib	Palbociclib_AML_062_01	234.81825	3.0
AML_064_01	Palbociclib	Palbociclib_AML_064_01	240.29544	3.5
AML_065_01	Palbociclib	Palbociclib_AML_065_01	235.02008	3.7
AML_067_01	Palbociclib	Palbociclib_AML_067_01	243.7811	6.3
AML_070_01	Palbociclib	Palbociclib_AML_070_01	244.58344	5.8
AML_072_01	Palbociclib	Palbociclib_AML_072_01	235.30423	4.7
AML_073_01	Palbociclib	Palbociclib_AML_073_01	235.87624	1.9
AML_074_01	Palbociclib	Palbociclib_AML_074_01	246.84557	8.4
AML_075_01	Palbociclib	Palbociclib_AML_075_01	241.03122	4.1
AML_076_01	Palbociclib	Palbociclib_AML_076_01	244.16298	4.9
AML_076_02	Palbociclib	Palbociclib_AML_076_02	222.09705	7.3
AML_077_01	Palbociclib	Palbociclib_AML_077_01	238.38419	11.2
AML_078_02	Palbociclib	Palbociclib_AML_078_02	246.03957	5.8
AML_084_01	Palbociclib	Palbociclib_AML_084_01	230.26353	8.0
AML_086_02	Palbociclib	Palbociclib_AML_086_02	228.31635	8.3
AML_098_01	Palbociclib	Palbociclib_AML_098_01	237.95126	3.7
AML_100_01	Palbociclib	Palbociclib_AML_100_01	245.43944	3.8
AML_101_01	Palbociclib	Palbociclib_AML_101_01	223.31679	4.7
AML_101_02	Palbociclib	Palbociclib_AML_101_02	229.50998	6.2
AML_102_01	Palbociclib	Palbociclib_AML_102_01	243.93773	3.4
AML_103_01	Palbociclib	Palbociclib_AML_103_01	234.67075	3.7
AML_103_02	Palbociclib	Palbociclib_AML_103_02	204.49536	8.5
AML_104_01	Palbociclib	Palbociclib_AML_104_01	246.14795	6.0
AML_108_01	Palbociclib	Palbociclib_AML_108_01	240.097	6.6
AML_109_01	Palbociclib	Palbociclib_AML_109_01	224.51874	1.2
AML_110_01	Palbociclib	Palbociclib_AML_110_01	238.20477	6.6
AML_112_01	Palbociclib	Palbociclib_AML_112_01	241.50099	6.2
AML_112_02	Palbociclib	Palbociclib_AML_112_02	241.8537	4.0
AML_113_01	Palbociclib	Palbociclib_AML_113_01	223.91895	7.4
AML_114_01	Palbociclib	Palbociclib_AML_114_01	242.08142	3.8
AML_115_01	Palbociclib	Palbociclib_AML_115_01	235.69861	4.9
AML_116_01	Palbociclib	Palbociclib_AML_116_01	239.66055	4.9
AML_117_01	Palbociclib	Palbociclib_AML_117_01	244.53265	3.3
AML_119_01	Palbociclib	Palbociclib_AML_119_01	243.8101	5.8
AML_120_01	Palbociclib	Palbociclib_AML_120_01	239.04216	7.3
AML_120_03	Palbociclib	Palbociclib_AML_120_03	238.49164	10.5
AML_122_01	Palbociclib	Palbociclib_AML_122_01	241.82175	1.6
AML_123_01	Palbociclib	Palbociclib_AML_123_01	247.6518	10.1
AML_124_01	Palbociclib	Palbociclib_AML_124_01	240.17601	13.8
AML_125_01	Palbociclib	Palbociclib_AML_125_01	231.71225	23.5
AML_126_01	Palbociclib	Palbociclib_AML_126_01	240.539	7.9
AML_127_01	Palbociclib	Palbociclib_AML_127_01	240.35593	10.4
AML_128_01	Palbociclib	Palbociclib_AML_128_01	237.83365	4.3
AML_129_02	Palbociclib	Palbociclib_AML_129_02	235.45656	0.0
AML_129_03	Palbociclib	Palbociclib_AML_129_03	233.31197	0.8
AML_131_01	Palbociclib	Palbociclib_AML_131_01	241.11172	5.4
AML_133_01	Palbociclib	Palbociclib_AML_133_01	211.29944	8.3
AML_134_01	Palbociclib	Palbociclib_AML_134_01	216.89682	4.8
AML_135_01	Palbociclib	Palbociclib_AML_135_01	235.11635	5.5
AML_138_01	Palbociclib	Palbociclib_AML_138_01	228.10495	12.3
AML_139_01	Palbociclib	Palbociclib_AML_139_01	239.29056	5.3
AML_140_01	Palbociclib	Palbociclib_AML_140_01	238.09955	4.7
AML_142_01	Palbociclib	Palbociclib_AML_142_01	207.61476	9.6
AML_143_01	Palbociclib	Palbociclib_AML_143_01	235.00635	7.4
AML_144_01	Palbociclib	Palbociclib_AML_144_01	240.8511	10.4
AML_146_01	Palbociclib	Palbociclib_AML_146_01	238.44162	4.7
AML_147_01	Palbociclib	Palbociclib_AML_147_01	239.90056	3.8
AML_151_01	Palbociclib	Palbociclib_AML_151_01	228.45453	10.6
AML_152_01	Palbociclib	Palbociclib_AML_152_01	231.1534	9.5
AML_153_01	Palbociclib	Palbociclib_AML_153_01	211.64926	6.9
AML_156_01	Palbociclib	Palbociclib_AML_156_01	226.77116	6.8
AML_157_01	Palbociclib	Palbociclib_AML_157_01	234.716	5.9
AML_157_02	Palbociclib	Palbociclib_AML_157_02	234.79083	7.5
AML_158_01	Palbociclib	Palbociclib_AML_158_01	239.62971	5.9
AML_159_01	Palbociclib	Palbociclib_AML_159_01	235.95113	8.1
AML_160_01	Palbociclib	Palbociclib_AML_160_01	231.6045	8.2
AML_161_01	Palbociclib	Palbociclib_AML_161_01	212.17807	12.5
AML_175_01	Palbociclib	Palbociclib_AML_175_01	249.10602	3.1
AML_179_01	Palbociclib	Palbociclib_AML_179_01	219.45615	4.0
AML_183_01	Palbociclib	Palbociclib_AML_183_01	243.99966	3.5
AML_183_02	Palbociclib	Palbociclib_AML_183_02	243.55627	5.3
AML_183_03	Palbociclib	Palbociclib_AML_183_03	238.975	3.8
AML_184_01	Palbociclib	Palbociclib_AML_184_01	247.39545	5.9
AML_185_01	Palbociclib	Palbociclib_AML_185_01	227.05511	3.7
AML_001_01	Panobinostat	Panobinostat_AML_001_01	142.03815	9.7
AML_001_03	Panobinostat	Panobinostat_AML_001_03	125.2631	26.0
AML_002_01	Panobinostat	Panobinostat_AML_002_01	159.00995	33.2
AML_003_02	Panobinostat	Panobinostat_AML_003_02	160.47528	23.5
AML_004_01	Panobinostat	Panobinostat_AML_004_01	140.73381	26.1
AML_006_02	Panobinostat	Panobinostat_AML_006_02	130.10732	24.1
AML_007_01	Panobinostat	Panobinostat_AML_007_01	133.68652	22.9
AML_007_02	Panobinostat	Panobinostat_AML_007_02	120.91175	21.4
AML_012_01	Panobinostat	Panobinostat_AML_012_01	180.68565	24.1
AML_013_01	Panobinostat	Panobinostat_AML_013_01	172.19025	30.0
AML_014_01	Panobinostat	Panobinostat_AML_014_01	130.80244	28.6
AML_015_01	Panobinostat	Panobinostat_AML_015_01	141.51205	23.5
AML_015_02	Panobinostat	Panobinostat_AML_015_02	150.97247	24.0
AML_015_03	Panobinostat	Panobinostat_AML_015_03	141.38454	27.5
AML_015_04	Panobinostat	Panobinostat_AML_015_04	160.28307	28.1
AML_018_01	Panobinostat	Panobinostat_AML_018_01	159.72253	33.0
AML_019_01	Panobinostat	Panobinostat_AML_019_01	163.7655	19.3
AML_020_01	Panobinostat	Panobinostat_AML_020_01	159.27422	16.4
AML_022_01	Panobinostat	Panobinostat_AML_022_01	136.64648	39.9
AML_023_01	Panobinostat	Panobinostat_AML_023_01	139.67278	38.1
AML_023_03	Panobinostat	Panobinostat_AML_023_03	139.06407	31.0
AML_023_04	Panobinostat	Panobinostat_AML_023_04	142.48369	25.7
AML_024_01	Panobinostat	Panobinostat_AML_024_01	152.49408	22.3
AML_025_01	Panobinostat	Panobinostat_AML_025_01	136.23607	22.2
AML_026_01	Panobinostat	Panobinostat_AML_026_01	125.5653	16.4
AML_028_01	Panobinostat	Panobinostat_AML_028_01	147.70898	24.1
AML_028_04	Panobinostat	Panobinostat_AML_028_04	175.62624	34.2
AML_029_01	Panobinostat	Panobinostat_AML_029_01	132.85915	20.4
AML_030_01	Panobinostat	Panobinostat_AML_030_01	134.19804	21.1
AML_032_01	Panobinostat	Panobinostat_AML_032_01	147.63449	15.1
AML_033_01	Panobinostat	Panobinostat_AML_033_01	154.21336	18.8
AML_033_02	Panobinostat	Panobinostat_AML_033_02	182.90985	19.2
AML_035_02	Panobinostat	Panobinostat_AML_035_02	143.66599	17.1
AML_035_04	Panobinostat	Panobinostat_AML_035_04	173.45166	20.8
AML_036_01	Panobinostat	Panobinostat_AML_036_01	122.26995	18.6
AML_040_01	Panobinostat	Panobinostat_AML_040_01	133.79845	30.0
AML_041_01	Panobinostat	Panobinostat_AML_041_01	128.31323	17.2
AML_042_01	Panobinostat	Panobinostat_AML_042_01	136.93134	26.2
AML_043_02	Panobinostat	Panobinostat_AML_043_02	183.87128	24.1
AML_045_01	Panobinostat	Panobinostat_AML_045_01	136.26442	20.6
AML_046_01	Panobinostat	Panobinostat_AML_046_01	156.50464	27.5
AML_051_01	Panobinostat	Panobinostat_AML_051_01	145.2065	14.6
AML_052_01	Panobinostat	Panobinostat_AML_052_01	139.59818	21.1
AML_053_01	Panobinostat	Panobinostat_AML_053_01	129.1001	23.9
AML_054_01	Panobinostat	Panobinostat_AML_054_01	168.3038	34.2
AML_057_01	Panobinostat	Panobinostat_AML_057_01	129.54591	24.5
AML_058_01	Panobinostat	Panobinostat_AML_058_01	141.15927	22.5
AML_059_01	Panobinostat	Panobinostat_AML_059_01	139.36314	23.8
AML_060_01	Panobinostat	Panobinostat_AML_060_01	153.37366	29.3
AML_061_01	Panobinostat	Panobinostat_AML_061_01	128.48659	27.2
AML_062_01	Panobinostat	Panobinostat_AML_062_01	137.36598	25.1
AML_064_01	Panobinostat	Panobinostat_AML_064_01	135.39969	18.4
AML_065_01	Panobinostat	Panobinostat_AML_065_01	136.10658	24.5
AML_067_01	Panobinostat	Panobinostat_AML_067_01	129.01047	25.9
AML_070_01	Panobinostat	Panobinostat_AML_070_01	124.19948	20.3
AML_072_01	Panobinostat	Panobinostat_AML_072_01	143.8819	15.8
AML_073_01	Panobinostat	Panobinostat_AML_073_01	149.9381	16.2
AML_074_01	Panobinostat	Panobinostat_AML_074_01	121.26244	21.0
AML_075_01	Panobinostat	Panobinostat_AML_075_01	126.27613	24.3
AML_076_01	Panobinostat	Panobinostat_AML_076_01	136.85188	17.8
AML_076_02	Panobinostat	Panobinostat_AML_076_02	155.34137	23.1
AML_077_01	Panobinostat	Panobinostat_AML_077_01	140.69821	21.5
AML_078_02	Panobinostat	Panobinostat_AML_078_02	131.46431	23.0
AML_084_01	Panobinostat	Panobinostat_AML_084_01	137.54282	27.7
AML_086_02	Panobinostat	Panobinostat_AML_086_02	148.91406	20.3
AML_098_01	Panobinostat	Panobinostat_AML_098_01	130.31882	16.7
AML_100_01	Panobinostat	Panobinostat_AML_100_01	124.94444	19.4
AML_101_01	Panobinostat	Panobinostat_AML_101_01	165.60446	24.0
AML_101_02	Panobinostat	Panobinostat_AML_101_02	165.17589	18.9
AML_102_01	Panobinostat	Panobinostat_AML_102_01	130.97375	20.0
AML_103_01	Panobinostat	Panobinostat_AML_103_01	139.13893	21.0
AML_103_02	Panobinostat	Panobinostat_AML_103_02	180.99821	26.4
AML_104_01	Panobinostat	Panobinostat_AML_104_01	121.25089	15.8
AML_108_01	Panobinostat	Panobinostat_AML_108_01	127.287766	23.4
AML_109_01	Panobinostat	Panobinostat_AML_109_01	153.85469	23.7
AML_110_01	Panobinostat	Panobinostat_AML_110_01	128.64447	23.4
AML_112_01	Panobinostat	Panobinostat_AML_112_01	133.07436	22.2
AML_112_02	Panobinostat	Panobinostat_AML_112_02	139.71837	23.3
AML_113_01	Panobinostat	Panobinostat_AML_113_01	148.88866	24.8
AML_114_01	Panobinostat	Panobinostat_AML_114_01	125.100296	20.8
AML_115_01	Panobinostat	Panobinostat_AML_115_01	138.09367	25.6
AML_116_01	Panobinostat	Panobinostat_AML_116_01	125.647255	21.7
AML_117_01	Panobinostat	Panobinostat_AML_117_01	123.91854	18.0
AML_119_01	Panobinostat	Panobinostat_AML_119_01	125.82611	21.6
AML_120_01	Panobinostat	Panobinostat_AML_120_01	133.9052	37.8
AML_120_03	Panobinostat	Panobinostat_AML_120_03	142.50522	28.8
AML_122_01	Panobinostat	Panobinostat_AML_122_01	132.93774	24.4
AML_123_01	Panobinostat	Panobinostat_AML_123_01	125.78652	21.3
AML_124_01	Panobinostat	Panobinostat_AML_124_01	129.93713	24.0
AML_125_01	Panobinostat	Panobinostat_AML_125_01	141.23709	21.1
AML_126_01	Panobinostat	Panobinostat_AML_126_01	138.7553	25.4
AML_127_01	Panobinostat	Panobinostat_AML_127_01	127.144356	23.3
AML_128_01	Panobinostat	Panobinostat_AML_128_01	138.83531	19.0
AML_129_02	Panobinostat	Panobinostat_AML_129_02	136.65956	37.6
AML_129_03	Panobinostat	Panobinostat_AML_129_03	141.9498	25.9
AML_131_01	Panobinostat	Panobinostat_AML_131_01	133.76175	16.3
AML_133_01	Panobinostat	Panobinostat_AML_133_01	176.98909	23.6
AML_134_01	Panobinostat	Panobinostat_AML_134_01	171.04538	15.2
AML_135_01	Panobinostat	Panobinostat_AML_135_01	142.44351	25.6
AML_138_01	Panobinostat	Panobinostat_AML_138_01	160.73108	20.7
AML_139_01	Panobinostat	Panobinostat_AML_139_01	131.89136	26.9
AML_140_01	Panobinostat	Panobinostat_AML_140_01	133.23694	22.3
AML_142_01	Panobinostat	Panobinostat_AML_142_01	184.32489	26.6
AML_143_01	Panobinostat	Panobinostat_AML_143_01	132.73425	19.9
AML_144_01	Panobinostat	Panobinostat_AML_144_01	141.05107	21.4
AML_146_01	Panobinostat	Panobinostat_AML_146_01	139.29544	18.6
AML_147_01	Panobinostat	Panobinostat_AML_147_01	135.84036	18.4
AML_151_01	Panobinostat	Panobinostat_AML_151_01	143.12918	26.1
AML_152_01	Panobinostat	Panobinostat_AML_152_01	142.84235	21.3
AML_153_01	Panobinostat	Panobinostat_AML_153_01	173.6231	13.3
AML_156_01	Panobinostat	Panobinostat_AML_156_01	155.11443	24.5
AML_157_01	Panobinostat	Panobinostat_AML_157_01	134.96252	24.0
AML_157_02	Panobinostat	Panobinostat_AML_157_02	136.84155	24.8
AML_158_01	Panobinostat	Panobinostat_AML_158_01	137.51456	20.8
AML_159_01	Panobinostat	Panobinostat_AML_159_01	135.69226	23.1
AML_160_01	Panobinostat	Panobinostat_AML_160_01	151.32394	23.1
AML_161_01	Panobinostat	Panobinostat_AML_161_01	168.22092	21.9
AML_175_01	Panobinostat	Panobinostat_AML_175_01	119.55779	19.9
AML_179_01	Panobinostat	Panobinostat_AML_179_01	159.14066	33.0
AML_183_01	Panobinostat	Panobinostat_AML_183_01	126.683105	17.8
AML_183_02	Panobinostat	Panobinostat_AML_183_02	127.965454	20.9
AML_183_03	Panobinostat	Panobinostat_AML_183_03	138.10045	17.8
AML_184_01	Panobinostat	Panobinostat_AML_184_01	114.26135	29.4
AML_185_01	Panobinostat	Panobinostat_AML_185_01	156.54475	24.1
AML_001_01	Pazopanib	Pazopanib_AML_001_01	221.41347	0.0
AML_001_03	Pazopanib	Pazopanib_AML_001_03	224.86455	0.0
AML_002_01	Pazopanib	Pazopanib_AML_002_01	221.19716	8.5
AML_003_02	Pazopanib	Pazopanib_AML_003_02	220.72336	0.0
AML_004_01	Pazopanib	Pazopanib_AML_004_01	223.76894	4.1
AML_006_02	Pazopanib	Pazopanib_AML_006_02	225.95877	2.0
AML_007_01	Pazopanib	Pazopanib_AML_007_01	223.6915	0.0
AML_007_02	Pazopanib	Pazopanib_AML_007_02	227.05171	0.0
AML_012_01	Pazopanib	Pazopanib_AML_012_01	212.92932	3.7
AML_013_01	Pazopanib	Pazopanib_AML_013_01	218.78453	4.4
AML_014_01	Pazopanib	Pazopanib_AML_014_01	227.68498	0.0
AML_015_01	Pazopanib	Pazopanib_AML_015_01	226.30173	20.7
AML_015_02	Pazopanib	Pazopanib_AML_015_02	221.82452	15.0
AML_015_03	Pazopanib	Pazopanib_AML_015_03	223.7031	24.2
AML_015_04	Pazopanib	Pazopanib_AML_015_04	218.45265	31.8
AML_018_01	Pazopanib	Pazopanib_AML_018_01	209.73715	6.1
AML_019_01	Pazopanib	Pazopanib_AML_019_01	221.26723	0.0
AML_020_01	Pazopanib	Pazopanib_AML_020_01	223.10268	4.0
AML_022_01	Pazopanib	Pazopanib_AML_022_01	217.00706	1.1
AML_023_01	Pazopanib	Pazopanib_AML_023_01	220.75357	6.9
AML_023_03	Pazopanib	Pazopanib_AML_023_03	217.73102	3.9
AML_023_04	Pazopanib	Pazopanib_AML_023_04	218.61447	3.3
AML_024_01	Pazopanib	Pazopanib_AML_024_01	224.26172	2.5
AML_025_01	Pazopanib	Pazopanib_AML_025_01	227.38168	4.4
AML_026_01	Pazopanib	Pazopanib_AML_026_01	227.03716	1.5
AML_028_01	Pazopanib	Pazopanib_AML_028_01	221.13167	0.0
AML_028_04	Pazopanib	Pazopanib_AML_028_04	209.13112	5.9
AML_029_01	Pazopanib	Pazopanib_AML_029_01	222.2478	1.4
AML_030_01	Pazopanib	Pazopanib_AML_030_01	214.56439	0.0
AML_032_01	Pazopanib	Pazopanib_AML_032_01	226.36653	0.0
AML_033_01	Pazopanib	Pazopanib_AML_033_01	222.58713	1.6
AML_033_02	Pazopanib	Pazopanib_AML_033_02	209.24495	2.1
AML_035_02	Pazopanib	Pazopanib_AML_035_02	230.76521	0.0
AML_035_04	Pazopanib	Pazopanib_AML_035_04	224.22206	0.0
AML_036_01	Pazopanib	Pazopanib_AML_036_01	226.14822	0.0
AML_040_01	Pazopanib	Pazopanib_AML_040_01	220.59439	5.6
AML_041_01	Pazopanib	Pazopanib_AML_041_01	224.47667	5.7
AML_042_01	Pazopanib	Pazopanib_AML_042_01	223.47778	0.4
AML_043_02	Pazopanib	Pazopanib_AML_043_02	215.1821	0.0
AML_045_01	Pazopanib	Pazopanib_AML_045_01	225.90436	0.9
AML_046_01	Pazopanib	Pazopanib_AML_046_01	214.1891	11.9
AML_051_01	Pazopanib	Pazopanib_AML_051_01	217.61287	2.0
AML_052_01	Pazopanib	Pazopanib_AML_052_01	226.01651	0.1
AML_053_01	Pazopanib	Pazopanib_AML_053_01	234.74887	0.0
AML_054_01	Pazopanib	Pazopanib_AML_054_01	217.79144	10.0
AML_057_01	Pazopanib	Pazopanib_AML_057_01	221.10545	6.9
AML_058_01	Pazopanib	Pazopanib_AML_058_01	221.93935	5.8
AML_059_01	Pazopanib	Pazopanib_AML_059_01	219.74423	5.4
AML_060_01	Pazopanib	Pazopanib_AML_060_01	223.25487	3.2
AML_061_01	Pazopanib	Pazopanib_AML_061_01	223.51942	1.0
AML_062_01	Pazopanib	Pazopanib_AML_062_01	215.28796	10.1
AML_064_01	Pazopanib	Pazopanib_AML_064_01	221.58679	0.0
AML_065_01	Pazopanib	Pazopanib_AML_065_01	211.41237	2.7
AML_067_01	Pazopanib	Pazopanib_AML_067_01	216.39247	8.9
AML_070_01	Pazopanib	Pazopanib_AML_070_01	225.63268	0.0
AML_072_01	Pazopanib	Pazopanib_AML_072_01	228.57126	1.3
AML_073_01	Pazopanib	Pazopanib_AML_073_01	228.4758	0.0
AML_074_01	Pazopanib	Pazopanib_AML_074_01	221.24057	0.6
AML_075_01	Pazopanib	Pazopanib_AML_075_01	223.16972	0.0
AML_076_01	Pazopanib	Pazopanib_AML_076_01	223.10434	0.0
AML_076_02	Pazopanib	Pazopanib_AML_076_02	211.11377	1.3
AML_077_01	Pazopanib	Pazopanib_AML_077_01	228.80022	0.0
AML_078_02	Pazopanib	Pazopanib_AML_078_02	222.66537	2.9
AML_084_01	Pazopanib	Pazopanib_AML_084_01	215.80751	0.0
AML_086_02	Pazopanib	Pazopanib_AML_086_02	223.06555	3.5
AML_098_01	Pazopanib	Pazopanib_AML_098_01	220.98894	0.0
AML_100_01	Pazopanib	Pazopanib_AML_100_01	223.05908	3.5
AML_101_01	Pazopanib	Pazopanib_AML_101_01	211.95546	12.6
AML_101_02	Pazopanib	Pazopanib_AML_101_02	224.17531	0.4
AML_102_01	Pazopanib	Pazopanib_AML_102_01	214.53275	0.0
AML_103_01	Pazopanib	Pazopanib_AML_103_01	212.35567	1.6
AML_103_02	Pazopanib	Pazopanib_AML_103_02	205.83693	5.9
AML_104_01	Pazopanib	Pazopanib_AML_104_01	219.29742	0.0
AML_108_01	Pazopanib	Pazopanib_AML_108_01	216.77281	0.1
AML_109_01	Pazopanib	Pazopanib_AML_109_01	213.75209	0.6
AML_110_01	Pazopanib	Pazopanib_AML_110_01	222.00763	3.5
AML_112_01	Pazopanib	Pazopanib_AML_112_01	214.79256	7.4
AML_112_02	Pazopanib	Pazopanib_AML_112_02	219.64114	2.7
AML_113_01	Pazopanib	Pazopanib_AML_113_01	217.0565	3.7
AML_114_01	Pazopanib	Pazopanib_AML_114_01	214.9129	1.4
AML_115_01	Pazopanib	Pazopanib_AML_115_01	213.12102	10.7
AML_116_01	Pazopanib	Pazopanib_AML_116_01	219.5366	0.0
AML_117_01	Pazopanib	Pazopanib_AML_117_01	222.9295	2.6
AML_119_01	Pazopanib	Pazopanib_AML_119_01	215.46274	0.4
AML_120_01	Pazopanib	Pazopanib_AML_120_01	223.57828	16.7
AML_120_03	Pazopanib	Pazopanib_AML_120_03	224.99426	11.3
AML_122_01	Pazopanib	Pazopanib_AML_122_01	222.94604	4.4
AML_123_01	Pazopanib	Pazopanib_AML_123_01	227.57452	4.5
AML_124_01	Pazopanib	Pazopanib_AML_124_01	223.89679	1.6
AML_125_01	Pazopanib	Pazopanib_AML_125_01	224.0202	22.2
AML_126_01	Pazopanib	Pazopanib_AML_126_01	218.46803	4.6
AML_127_01	Pazopanib	Pazopanib_AML_127_01	220.76685	0.0
AML_128_01	Pazopanib	Pazopanib_AML_128_01	226.36398	2.6
AML_129_02	Pazopanib	Pazopanib_AML_129_02	220.41602	10.8
AML_129_03	Pazopanib	Pazopanib_AML_129_03	220.27238	4.6
AML_131_01	Pazopanib	Pazopanib_AML_131_01	223.34271	0.0
AML_133_01	Pazopanib	Pazopanib_AML_133_01	218.126	0.0
AML_134_01	Pazopanib	Pazopanib_AML_134_01	219.3772	0.8
AML_135_01	Pazopanib	Pazopanib_AML_135_01	220.92357	2.6
AML_138_01	Pazopanib	Pazopanib_AML_138_01	226.23546	0.0
AML_139_01	Pazopanib	Pazopanib_AML_139_01	233.60347	0.0
AML_140_01	Pazopanib	Pazopanib_AML_140_01	219.84805	2.6
AML_142_01	Pazopanib	Pazopanib_AML_142_01	214.19566	2.9
AML_143_01	Pazopanib	Pazopanib_AML_143_01	222.64713	0.0
AML_144_01	Pazopanib	Pazopanib_AML_144_01	232.03577	0.0
AML_146_01	Pazopanib	Pazopanib_AML_146_01	226.67273	0.2
AML_147_01	Pazopanib	Pazopanib_AML_147_01	221.99751	7.9
AML_151_01	Pazopanib	Pazopanib_AML_151_01	215.54288	3.2
AML_152_01	Pazopanib	Pazopanib_AML_152_01	222.17416	0.2
AML_153_01	Pazopanib	Pazopanib_AML_153_01	213.0198	1.6
AML_156_01	Pazopanib	Pazopanib_AML_156_01	216.15778	4.0
AML_157_01	Pazopanib	Pazopanib_AML_157_01	225.63391	5.0
AML_157_02	Pazopanib	Pazopanib_AML_157_02	222.58209	7.5
AML_158_01	Pazopanib	Pazopanib_AML_158_01	226.64043	1.2
AML_159_01	Pazopanib	Pazopanib_AML_159_01	226.24142	2.6
AML_160_01	Pazopanib	Pazopanib_AML_160_01	214.3946	5.2
AML_161_01	Pazopanib	Pazopanib_AML_161_01	212.8134	5.9
AML_175_01	Pazopanib	Pazopanib_AML_175_01	222.18002	0.0
AML_179_01	Pazopanib	Pazopanib_AML_179_01	218.11871	8.5
AML_183_01	Pazopanib	Pazopanib_AML_183_01	224.96234	0.5
AML_183_02	Pazopanib	Pazopanib_AML_183_02	217.51593	1.4
AML_183_03	Pazopanib	Pazopanib_AML_183_03	216.43439	1.7
AML_184_01	Pazopanib	Pazopanib_AML_184_01	219.60802	5.4
AML_185_01	Pazopanib	Pazopanib_AML_185_01	227.00826	0.0
AML_004_01	CI-1040	CI-1040_AML_004_01	202.71083	3.5
AML_019_01	CI-1040	CI-1040_AML_019_01	197.97462	1.7
AML_025_01	CI-1040	CI-1040_AML_025_01	203.42369	9.2
AML_026_01	CI-1040	CI-1040_AML_026_01	204.7284	6.6
AML_029_01	CI-1040	CI-1040_AML_029_01	200.55455	7.0
AML_030_01	CI-1040	CI-1040_AML_030_01	194.8584	4.9
AML_033_01	CI-1040	CI-1040_AML_033_01	205.89372	7.3
AML_033_02	CI-1040	CI-1040_AML_033_02	193.97739	9.0
AML_041_01	CI-1040	CI-1040_AML_041_01	195.33861	8.7
AML_042_01	CI-1040	CI-1040_AML_042_01	195.5326	12.9
AML_043_02	CI-1040	CI-1040_AML_043_02	195.7384	6.4
AML_046_01	CI-1040	CI-1040_AML_046_01	193.4006	9.9
AML_052_01	CI-1040	CI-1040_AML_052_01	206.04076	0.4
AML_057_01	CI-1040	CI-1040_AML_057_01	192.7522	10.7
AML_058_01	CI-1040	CI-1040_AML_058_01	198.2327	7.4
AML_059_01	CI-1040	CI-1040_AML_059_01	196.8134	6.8
AML_060_01	CI-1040	CI-1040_AML_060_01	204.36984	6.2
AML_061_01	CI-1040	CI-1040_AML_061_01	193.85654	8.7
AML_062_01	CI-1040	CI-1040_AML_062_01	187.58127	19.0
AML_064_01	CI-1040	CI-1040_AML_064_01	188.13885	16.3
AML_065_01	CI-1040	CI-1040_AML_065_01	184.48938	13.9
AML_067_01	CI-1040	CI-1040_AML_067_01	188.51685	9.5
AML_070_01	CI-1040	CI-1040_AML_070_01	205.55156	2.2
AML_072_01	CI-1040	CI-1040_AML_072_01	208.81479	2.2
AML_073_01	CI-1040	CI-1040_AML_073_01	204.5584	12.2
AML_074_01	CI-1040	CI-1040_AML_074_01	203.48943	6.6
AML_075_01	CI-1040	CI-1040_AML_075_01	195.09665	8.4
AML_076_01	CI-1040	CI-1040_AML_076_01	195.15999	3.3
AML_076_02	CI-1040	CI-1040_AML_076_02	189.41248	7.0
AML_077_01	CI-1040	CI-1040_AML_077_01	205.78851	8.3
AML_078_02	CI-1040	CI-1040_AML_078_02	193.0044	8.9
AML_086_02	CI-1040	CI-1040_AML_086_02	199.90985	7.5
AML_098_01	CI-1040	CI-1040_AML_098_01	193.10187	4.0
AML_100_01	CI-1040	CI-1040_AML_100_01	198.73912	3.7
AML_101_01	CI-1040	CI-1040_AML_101_01	193.20737	12.4
AML_101_02	CI-1040	CI-1040_AML_101_02	204.18828	1.3
AML_102_01	CI-1040	CI-1040_AML_102_01	186.74196	17.4
AML_103_01	CI-1040	CI-1040_AML_103_01	182.01569	7.1
AML_103_02	CI-1040	CI-1040_AML_103_02	190.31653	8.2
AML_104_01	CI-1040	CI-1040_AML_104_01	192.3432	5.6
AML_108_01	CI-1040	CI-1040_AML_108_01	188.88643	6.9
AML_109_01	CI-1040	CI-1040_AML_109_01	191.931	4.2
AML_110_01	CI-1040	CI-1040_AML_110_01	195.54305	6.5
AML_112_01	CI-1040	CI-1040_AML_112_01	190.81564	5.8
AML_112_02	CI-1040	CI-1040_AML_112_02	192.15321	7.9
AML_113_01	CI-1040	CI-1040_AML_113_01	186.73903	6.0
AML_114_01	CI-1040	CI-1040_AML_114_01	193.95618	5.2
AML_115_01	CI-1040	CI-1040_AML_115_01	185.90585	11.8
AML_116_01	CI-1040	CI-1040_AML_116_01	197.82187	5.4
AML_117_01	CI-1040	CI-1040_AML_117_01	204.13007	5.4
AML_119_01	CI-1040	CI-1040_AML_119_01	193.31355	8.0
AML_122_01	CI-1040	CI-1040_AML_122_01	189.89468	1.6
AML_123_01	CI-1040	CI-1040_AML_123_01	205.05995	6.9
AML_124_01	CI-1040	CI-1040_AML_124_01	204.15373	11.1
AML_125_01	CI-1040	CI-1040_AML_125_01	200.46167	4.1
AML_126_01	CI-1040	CI-1040_AML_126_01	195.91858	5.7
AML_127_01	CI-1040	CI-1040_AML_127_01	194.62598	7.3
AML_128_01	CI-1040	CI-1040_AML_128_01	205.17677	5.1
AML_131_01	CI-1040	CI-1040_AML_131_01	192.26265	4.2
AML_133_01	CI-1040	CI-1040_AML_133_01	189.60927	14.1
AML_134_01	CI-1040	CI-1040_AML_134_01	194.47661	12.2
AML_135_01	CI-1040	CI-1040_AML_135_01	195.78857	15.9
AML_138_01	CI-1040	CI-1040_AML_138_01	202.57687	11.9
AML_139_01	CI-1040	CI-1040_AML_139_01	207.0822	4.1
AML_140_01	CI-1040	CI-1040_AML_140_01	196.00664	5.3
AML_142_01	CI-1040	CI-1040_AML_142_01	192.29466	4.5
AML_143_01	CI-1040	CI-1040_AML_143_01	201.06511	6.5
AML_144_01	CI-1040	CI-1040_AML_144_01	206.37558	13.8
AML_146_01	CI-1040	CI-1040_AML_146_01	207.32668	2.4
AML_147_01	CI-1040	CI-1040_AML_147_01	196.60887	5.7
AML_151_01	CI-1040	CI-1040_AML_151_01	184.42099	18.0
AML_152_01	CI-1040	CI-1040_AML_152_01	195.06183	4.9
AML_153_01	CI-1040	CI-1040_AML_153_01	190.228	0.6
AML_156_01	CI-1040	CI-1040_AML_156_01	191.86076	8.0
AML_157_01	CI-1040	CI-1040_AML_157_01	192.94234	11.9
AML_157_02	CI-1040	CI-1040_AML_157_02	198.06313	8.5
AML_158_01	CI-1040	CI-1040_AML_158_01	197.04509	7.5
AML_159_01	CI-1040	CI-1040_AML_159_01	202.81725	8.4
AML_160_01	CI-1040	CI-1040_AML_160_01	185.7338	6.9
AML_161_01	CI-1040	CI-1040_AML_161_01	189.36021	12.0
AML_183_01	CI-1040	CI-1040_AML_183_01	200.3728	2.5
AML_183_02	CI-1040	CI-1040_AML_183_02	194.18102	4.7
AML_183_03	CI-1040	CI-1040_AML_183_03	185.58214	5.0
AML_004_01	Pelitinib	Pelitinib_AML_004_01	180.133	9.3
AML_019_01	Pelitinib	Pelitinib_AML_019_01	177.73027	9.1
AML_025_01	Pelitinib	Pelitinib_AML_025_01	185.47083	7.0
AML_026_01	Pelitinib	Pelitinib_AML_026_01	184.9423	3.9
AML_029_01	Pelitinib	Pelitinib_AML_029_01	185.45462	7.4
AML_030_01	Pelitinib	Pelitinib_AML_030_01	179.67422	4.6
AML_033_01	Pelitinib	Pelitinib_AML_033_01	180.18059	6.5
AML_033_02	Pelitinib	Pelitinib_AML_033_02	163.72287	7.9
AML_041_01	Pelitinib	Pelitinib_AML_041_01	188.17433	4.7
AML_042_01	Pelitinib	Pelitinib_AML_042_01	188.32146	9.2
AML_043_02	Pelitinib	Pelitinib_AML_043_02	168.81192	6.9
AML_046_01	Pelitinib	Pelitinib_AML_046_01	167.22867	18.0
AML_052_01	Pelitinib	Pelitinib_AML_052_01	177.28647	6.6
AML_057_01	Pelitinib	Pelitinib_AML_057_01	182.76137	6.6
AML_058_01	Pelitinib	Pelitinib_AML_058_01	177.88954	6.0
AML_059_01	Pelitinib	Pelitinib_AML_059_01	173.86671	10.2
AML_060_01	Pelitinib	Pelitinib_AML_060_01	174.69319	12.0
AML_061_01	Pelitinib	Pelitinib_AML_061_01	176.48087	10.1
AML_062_01	Pelitinib	Pelitinib_AML_062_01	179.63803	8.2
AML_064_01	Pelitinib	Pelitinib_AML_064_01	189.1416	9.1
AML_065_01	Pelitinib	Pelitinib_AML_065_01	173.92451	8.2
AML_067_01	Pelitinib	Pelitinib_AML_067_01	181.69063	9.3
AML_070_01	Pelitinib	Pelitinib_AML_070_01	185.76448	5.4
AML_072_01	Pelitinib	Pelitinib_AML_072_01	182.67102	7.8
AML_073_01	Pelitinib	Pelitinib_AML_073_01	184.06276	9.0
AML_074_01	Pelitinib	Pelitinib_AML_074_01	181.84138	8.9
AML_075_01	Pelitinib	Pelitinib_AML_075_01	183.82574	8.3
AML_076_01	Pelitinib	Pelitinib_AML_076_01	187.366	6.4
AML_076_02	Pelitinib	Pelitinib_AML_076_02	169.5526	15.7
AML_077_01	Pelitinib	Pelitinib_AML_077_01	183.42317	8.3
AML_078_02	Pelitinib	Pelitinib_AML_078_02	184.74413	8.7
AML_086_02	Pelitinib	Pelitinib_AML_086_02	178.06467	10.7
AML_098_01	Pelitinib	Pelitinib_AML_098_01	182.42783	6.4
AML_100_01	Pelitinib	Pelitinib_AML_100_01	181.64586	4.5
AML_101_01	Pelitinib	Pelitinib_AML_101_01	173.69637	6.0
AML_101_02	Pelitinib	Pelitinib_AML_101_02	184.60283	2.3
AML_102_01	Pelitinib	Pelitinib_AML_102_01	181.61893	7.2
AML_103_01	Pelitinib	Pelitinib_AML_103_01	180.43723	7.2
AML_103_02	Pelitinib	Pelitinib_AML_103_02	162.29234	9.6
AML_104_01	Pelitinib	Pelitinib_AML_104_01	180.10799	5.0
AML_108_01	Pelitinib	Pelitinib_AML_108_01	174.52077	11.4
AML_109_01	Pelitinib	Pelitinib_AML_109_01	173.46588	1.4
AML_110_01	Pelitinib	Pelitinib_AML_110_01	179.46915	12.8
AML_112_01	Pelitinib	Pelitinib_AML_112_01	180.24255	11.7
AML_112_02	Pelitinib	Pelitinib_AML_112_02	184.48006	9.0
AML_113_01	Pelitinib	Pelitinib_AML_113_01	168.41956	9.1
AML_114_01	Pelitinib	Pelitinib_AML_114_01	178.34056	5.5
AML_115_01	Pelitinib	Pelitinib_AML_115_01	173.05438	10.1
AML_116_01	Pelitinib	Pelitinib_AML_116_01	176.18398	6.8
AML_117_01	Pelitinib	Pelitinib_AML_117_01	181.07715	6.8
AML_119_01	Pelitinib	Pelitinib_AML_119_01	179.85228	7.1
AML_122_01	Pelitinib	Pelitinib_AML_122_01	191.65015	6.2
AML_123_01	Pelitinib	Pelitinib_AML_123_01	185.5996	6.9
AML_124_01	Pelitinib	Pelitinib_AML_124_01	179.78844	10.0
AML_125_01	Pelitinib	Pelitinib_AML_125_01	173.29147	7.9
AML_126_01	Pelitinib	Pelitinib_AML_126_01	185.04514	10.5
AML_127_01	Pelitinib	Pelitinib_AML_127_01	180.35872	6.8
AML_128_01	Pelitinib	Pelitinib_AML_128_01	183.10918	8.9
AML_131_01	Pelitinib	Pelitinib_AML_131_01	188.13763	6.0
AML_133_01	Pelitinib	Pelitinib_AML_133_01	171.39127	7.7
AML_134_01	Pelitinib	Pelitinib_AML_134_01	174.89925	7.6
AML_135_01	Pelitinib	Pelitinib_AML_135_01	179.59349	13.3
AML_138_01	Pelitinib	Pelitinib_AML_138_01	180.74086	11.3
AML_139_01	Pelitinib	Pelitinib_AML_139_01	185.2766	6.1
AML_140_01	Pelitinib	Pelitinib_AML_140_01	178.3387	6.9
AML_142_01	Pelitinib	Pelitinib_AML_142_01	167.35939	10.4
AML_143_01	Pelitinib	Pelitinib_AML_143_01	179.51573	6.7
AML_144_01	Pelitinib	Pelitinib_AML_144_01	185.20119	8.4
AML_146_01	Pelitinib	Pelitinib_AML_146_01	179.29002	4.3
AML_147_01	Pelitinib	Pelitinib_AML_147_01	180.53322	7.1
AML_151_01	Pelitinib	Pelitinib_AML_151_01	174.22456	12.3
AML_152_01	Pelitinib	Pelitinib_AML_152_01	174.98671	8.3
AML_153_01	Pelitinib	Pelitinib_AML_153_01	170.10754	6.1
AML_156_01	Pelitinib	Pelitinib_AML_156_01	172.76936	8.5
AML_157_01	Pelitinib	Pelitinib_AML_157_01	181.80092	5.8
AML_157_02	Pelitinib	Pelitinib_AML_157_02	179.83461	9.2
AML_158_01	Pelitinib	Pelitinib_AML_158_01	182.53275	6.1
AML_159_01	Pelitinib	Pelitinib_AML_159_01	180.01212	9.0
AML_160_01	Pelitinib	Pelitinib_AML_160_01	177.86586	7.6
AML_161_01	Pelitinib	Pelitinib_AML_161_01	163.48746	8.0
AML_183_01	Pelitinib	Pelitinib_AML_183_01	185.69351	4.1
AML_183_02	Pelitinib	Pelitinib_AML_183_02	184.19841	9.9
AML_183_03	Pelitinib	Pelitinib_AML_183_03	183.5068	5.8
AML_004_01	PH-797804	PH-797804_AML_004_01	219.37392	0.7
AML_019_01	PH-797804	PH-797804_AML_019_01	214.48665	1.7
AML_025_01	PH-797804	PH-797804_AML_025_01	222.99805	0.0
AML_026_01	PH-797804	PH-797804_AML_026_01	224.14676	0.0
AML_029_01	PH-797804	PH-797804_AML_029_01	218.10194	0.0
AML_030_01	PH-797804	PH-797804_AML_030_01	213.15816	0.0
AML_033_01	PH-797804	PH-797804_AML_033_01	218.30667	0.1
AML_033_02	PH-797804	PH-797804_AML_033_02	208.60733	1.7
AML_041_01	PH-797804	PH-797804_AML_041_01	220.08412	0.0
AML_042_01	PH-797804	PH-797804_AML_042_01	218.91348	1.6
AML_043_02	PH-797804	PH-797804_AML_043_02	209.56937	0.0
AML_046_01	PH-797804	PH-797804_AML_046_01	211.95573	10.3
AML_052_01	PH-797804	PH-797804_AML_052_01	220.46835	0.0
AML_057_01	PH-797804	PH-797804_AML_057_01	217.23338	1.8
AML_058_01	PH-797804	PH-797804_AML_058_01	216.09312	6.3
AML_059_01	PH-797804	PH-797804_AML_059_01	216.01393	3.3
AML_060_01	PH-797804	PH-797804_AML_060_01	217.51204	3.6
AML_061_01	PH-797804	PH-797804_AML_061_01	216.03755	6.2
AML_062_01	PH-797804	PH-797804_AML_062_01	211.74635	2.2
AML_064_01	PH-797804	PH-797804_AML_064_01	215.82434	0.0
AML_065_01	PH-797804	PH-797804_AML_065_01	208.77672	6.3
AML_067_01	PH-797804	PH-797804_AML_067_01	215.35112	3.5
AML_070_01	PH-797804	PH-797804_AML_070_01	222.70354	0.0
AML_072_01	PH-797804	PH-797804_AML_072_01	223.08138	0.9
AML_073_01	PH-797804	PH-797804_AML_073_01	221.828	0.0
AML_074_01	PH-797804	PH-797804_AML_074_01	219.72826	0.0
AML_075_01	PH-797804	PH-797804_AML_075_01	217.51196	2.4
AML_076_01	PH-797804	PH-797804_AML_076_01	219.34491	0.0
AML_076_02	PH-797804	PH-797804_AML_076_02	207.9285	1.2
AML_077_01	PH-797804	PH-797804_AML_077_01	221.90186	0.0
AML_078_02	PH-797804	PH-797804_AML_078_02	216.99887	0.0
AML_086_02	PH-797804	PH-797804_AML_086_02	217.03304	1.8
AML_098_01	PH-797804	PH-797804_AML_098_01	215.30675	0.0
AML_100_01	PH-797804	PH-797804_AML_100_01	219.68556	0.0
AML_101_01	PH-797804	PH-797804_AML_101_01	209.87552	11.7
AML_101_02	PH-797804	PH-797804_AML_101_02	219.19557	0.0
AML_102_01	PH-797804	PH-797804_AML_102_01	212.69087	0.0
AML_103_01	PH-797804	PH-797804_AML_103_01	209.11102	0.0
AML_103_02	PH-797804	PH-797804_AML_103_02	204.63611	1.7
AML_104_01	PH-797804	PH-797804_AML_104_01	217.37642	0.0
AML_108_01	PH-797804	PH-797804_AML_108_01	213.27863	0.0
AML_109_01	PH-797804	PH-797804_AML_109_01	212.1209	0.0
AML_110_01	PH-797804	PH-797804_AML_110_01	216.89394	0.0
AML_112_01	PH-797804	PH-797804_AML_112_01	212.48474	0.0
AML_112_02	PH-797804	PH-797804_AML_112_02	215.71443	0.0
AML_113_01	PH-797804	PH-797804_AML_113_01	212.91255	0.0
AML_114_01	PH-797804	PH-797804_AML_114_01	213.55086	0.0
AML_115_01	PH-797804	PH-797804_AML_115_01	210.27277	0.0
AML_116_01	PH-797804	PH-797804_AML_116_01	214.46425	0.0
AML_117_01	PH-797804	PH-797804_AML_117_01	219.22159	0.0
AML_119_01	PH-797804	PH-797804_AML_119_01	212.89388	0.0
AML_122_01	PH-797804	PH-797804_AML_122_01	217.84453	0.0
AML_123_01	PH-797804	PH-797804_AML_123_01	222.25244	0.0
AML_124_01	PH-797804	PH-797804_AML_124_01	219.69417	0.0
AML_125_01	PH-797804	PH-797804_AML_125_01	217.08943	0.0
AML_126_01	PH-797804	PH-797804_AML_126_01	215.72023	1.2
AML_127_01	PH-797804	PH-797804_AML_127_01	216.92296	0.0
AML_128_01	PH-797804	PH-797804_AML_128_01	221.09607	1.7
AML_131_01	PH-797804	PH-797804_AML_131_01	217.92622	0.0
AML_133_01	PH-797804	PH-797804_AML_133_01	212.19852	6.2
AML_134_01	PH-797804	PH-797804_AML_134_01	212.72305	0.0
AML_135_01	PH-797804	PH-797804_AML_135_01	215.9496	0.0
AML_138_01	PH-797804	PH-797804_AML_138_01	221.30449	0.0
AML_139_01	PH-797804	PH-797804_AML_139_01	227.39111	0.0
AML_140_01	PH-797804	PH-797804_AML_140_01	216.2611	0.0
AML_142_01	PH-797804	PH-797804_AML_142_01	209.10645	5.0
AML_143_01	PH-797804	PH-797804_AML_143_01	217.78268	0.0
AML_144_01	PH-797804	PH-797804_AML_144_01	225.60588	1.0
AML_146_01	PH-797804	PH-797804_AML_146_01	219.97552	0.0
AML_147_01	PH-797804	PH-797804_AML_147_01	218.12596	0.0
AML_151_01	PH-797804	PH-797804_AML_151_01	210.80432	12.4
AML_152_01	PH-797804	PH-797804_AML_152_01	215.98709	0.0
AML_153_01	PH-797804	PH-797804_AML_153_01	208.07693	0.0
AML_156_01	PH-797804	PH-797804_AML_156_01	211.83612	4.9
AML_157_01	PH-797804	PH-797804_AML_157_01	218.229	0.0
AML_157_02	PH-797804	PH-797804_AML_157_02	218.2964	0.0
AML_158_01	PH-797804	PH-797804_AML_158_01	220.93541	0.0
AML_159_01	PH-797804	PH-797804_AML_159_01	220.13779	0.0
AML_160_01	PH-797804	PH-797804_AML_160_01	210.77177	0.0
AML_161_01	PH-797804	PH-797804_AML_161_01	207.55565	0.0
AML_183_01	PH-797804	PH-797804_AML_183_01	220.81851	0.0
AML_183_02	PH-797804	PH-797804_AML_183_02	216.3405	0.0
AML_183_03	PH-797804	PH-797804_AML_183_03	212.99985	0.0
AML_001_01	Quizartinib	Quizartinib_AML_001_01	176.64403	0.0
AML_001_03	Quizartinib	Quizartinib_AML_001_03	182.52728	2.8
AML_002_01	Quizartinib	Quizartinib_AML_002_01	179.44336	2.0
AML_003_02	Quizartinib	Quizartinib_AML_003_02	182.58122	0.0
AML_004_01	Quizartinib	Quizartinib_AML_004_01	178.01392	3.2
AML_006_02	Quizartinib	Quizartinib_AML_006_02	182.60815	0.0
AML_007_01	Quizartinib	Quizartinib_AML_007_01	181.93219	0.0
AML_007_02	Quizartinib	Quizartinib_AML_007_02	182.75851	0.0
AML_012_01	Quizartinib	Quizartinib_AML_012_01	167.8087	21.9
AML_013_01	Quizartinib	Quizartinib_AML_013_01	172.89468	23.3
AML_014_01	Quizartinib	Quizartinib_AML_014_01	177.93605	0.0
AML_015_01	Quizartinib	Quizartinib_AML_015_01	181.62032	15.8
AML_015_02	Quizartinib	Quizartinib_AML_015_02	184.14256	9.7
AML_015_03	Quizartinib	Quizartinib_AML_015_03	177.4459	23.1
AML_015_04	Quizartinib	Quizartinib_AML_015_04	172.67596	30.9
AML_018_01	Quizartinib	Quizartinib_AML_018_01	166.45543	20.7
AML_019_01	Quizartinib	Quizartinib_AML_019_01	182.12885	4.5
AML_020_01	Quizartinib	Quizartinib_AML_020_01	180.88092	1.4
AML_022_01	Quizartinib	Quizartinib_AML_022_01	174.70241	6.5
AML_023_01	Quizartinib	Quizartinib_AML_023_01	180.10213	0.0
AML_023_03	Quizartinib	Quizartinib_AML_023_03	175.15831	0.3
AML_023_04	Quizartinib	Quizartinib_AML_023_04	174.29092	1.7
AML_024_01	Quizartinib	Quizartinib_AML_024_01	179.45514	0.0
AML_025_01	Quizartinib	Quizartinib_AML_025_01	187.85251	0.0
AML_026_01	Quizartinib	Quizartinib_AML_026_01	181.83824	0.0
AML_028_01	Quizartinib	Quizartinib_AML_028_01	176.57674	10.2
AML_028_04	Quizartinib	Quizartinib_AML_028_04	170.48824	28.6
AML_029_01	Quizartinib	Quizartinib_AML_029_01	182.22673	0.2
AML_030_01	Quizartinib	Quizartinib_AML_030_01	173.74287	0.0
AML_032_01	Quizartinib	Quizartinib_AML_032_01	182.86198	3.1
AML_033_01	Quizartinib	Quizartinib_AML_033_01	180.17285	8.3
AML_033_02	Quizartinib	Quizartinib_AML_033_02	165.24934	10.5
AML_035_02	Quizartinib	Quizartinib_AML_035_02	188.55214	0.0
AML_035_04	Quizartinib	Quizartinib_AML_035_04	182.78271	0.0
AML_036_01	Quizartinib	Quizartinib_AML_036_01	175.97758	0.0
AML_040_01	Quizartinib	Quizartinib_AML_040_01	170.8578	1.0
AML_041_01	Quizartinib	Quizartinib_AML_041_01	181.75824	5.4
AML_042_01	Quizartinib	Quizartinib_AML_042_01	183.32187	1.0
AML_043_02	Quizartinib	Quizartinib_AML_043_02	170.97618	2.0
AML_045_01	Quizartinib	Quizartinib_AML_045_01	181.44485	0.0
AML_046_01	Quizartinib	Quizartinib_AML_046_01	166.14644	37.3
AML_051_01	Quizartinib	Quizartinib_AML_051_01	171.95372	2.5
AML_052_01	Quizartinib	Quizartinib_AML_052_01	180.45047	2.0
AML_053_01	Quizartinib	Quizartinib_AML_053_01	189.982	0.0
AML_054_01	Quizartinib	Quizartinib_AML_054_01	170.01988	12.6
AML_057_01	Quizartinib	Quizartinib_AML_057_01	176.64792	1.5
AML_058_01	Quizartinib	Quizartinib_AML_058_01	174.55928	3.3
AML_059_01	Quizartinib	Quizartinib_AML_059_01	172.28952	1.8
AML_060_01	Quizartinib	Quizartinib_AML_060_01	178.75641	4.0
AML_061_01	Quizartinib	Quizartinib_AML_061_01	177.13203	6.3
AML_062_01	Quizartinib	Quizartinib_AML_062_01	170.65297	17.4
AML_064_01	Quizartinib	Quizartinib_AML_064_01	181.36993	0.2
AML_065_01	Quizartinib	Quizartinib_AML_065_01	165.71179	7.8
AML_067_01	Quizartinib	Quizartinib_AML_067_01	173.2818	7.7
AML_070_01	Quizartinib	Quizartinib_AML_070_01	183.77658	0.0
AML_072_01	Quizartinib	Quizartinib_AML_072_01	186.95547	3.4
AML_073_01	Quizartinib	Quizartinib_AML_073_01	187.24942	2.3
AML_074_01	Quizartinib	Quizartinib_AML_074_01	176.07143	0.3
AML_075_01	Quizartinib	Quizartinib_AML_075_01	181.04584	3.0
AML_076_01	Quizartinib	Quizartinib_AML_076_01	182.6216	0.4
AML_076_02	Quizartinib	Quizartinib_AML_076_02	165.71733	4.5
AML_077_01	Quizartinib	Quizartinib_AML_077_01	186.49739	1.4
AML_078_02	Quizartinib	Quizartinib_AML_078_02	179.62003	0.6
AML_084_01	Quizartinib	Quizartinib_AML_084_01	173.6532	10.9
AML_086_02	Quizartinib	Quizartinib_AML_086_02	180.3673	0.8
AML_098_01	Quizartinib	Quizartinib_AML_098_01	175.92577	1.5
AML_100_01	Quizartinib	Quizartinib_AML_100_01	177.17145	1.8
AML_101_01	Quizartinib	Quizartinib_AML_101_01	171.87706	13.1
AML_101_02	Quizartinib	Quizartinib_AML_101_02	187.3094	0.0
AML_102_01	Quizartinib	Quizartinib_AML_102_01	172.4094	0.2
AML_103_01	Quizartinib	Quizartinib_AML_103_01	171.22209	0.3
AML_103_02	Quizartinib	Quizartinib_AML_103_02	161.15714	6.0
AML_104_01	Quizartinib	Quizartinib_AML_104_01	173.45554	0.0
AML_108_01	Quizartinib	Quizartinib_AML_108_01	169.48468	3.5
AML_109_01	Quizartinib	Quizartinib_AML_109_01	173.86433	0.0
AML_110_01	Quizartinib	Quizartinib_AML_110_01	177.26225	1.2
AML_112_01	Quizartinib	Quizartinib_AML_112_01	173.22862	3.4
AML_112_02	Quizartinib	Quizartinib_AML_112_02	178.61609	1.6
AML_113_01	Quizartinib	Quizartinib_AML_113_01	167.31793	2.8
AML_114_01	Quizartinib	Quizartinib_AML_114_01	171.46626	2.1
AML_115_01	Quizartinib	Quizartinib_AML_115_01	164.73737	2.2
AML_116_01	Quizartinib	Quizartinib_AML_116_01	173.0406	2.0
AML_117_01	Quizartinib	Quizartinib_AML_117_01	178.2037	0.0
AML_119_01	Quizartinib	Quizartinib_AML_119_01	168.34132	2.6
AML_120_01	Quizartinib	Quizartinib_AML_120_01	180.057	9.5
AML_120_03	Quizartinib	Quizartinib_AML_120_03	184.1409	12.9
AML_122_01	Quizartinib	Quizartinib_AML_122_01	182.19814	0.0
AML_123_01	Quizartinib	Quizartinib_AML_123_01	183.25262	1.2
AML_124_01	Quizartinib	Quizartinib_AML_124_01	178.59874	5.0
AML_125_01	Quizartinib	Quizartinib_AML_125_01	176.03162	0.0
AML_126_01	Quizartinib	Quizartinib_AML_126_01	181.57803	0.0
AML_127_01	Quizartinib	Quizartinib_AML_127_01	173.74266	0.0
AML_128_01	Quizartinib	Quizartinib_AML_128_01	185.284	1.7
AML_129_02	Quizartinib	Quizartinib_AML_129_02	173.82779	19.4
AML_129_03	Quizartinib	Quizartinib_AML_129_03	172.10526	0.0
AML_131_01	Quizartinib	Quizartinib_AML_131_01	180.23332	1.8
AML_133_01	Quizartinib	Quizartinib_AML_133_01	176.12497	5.4
AML_134_01	Quizartinib	Quizartinib_AML_134_01	185.68144	4.2
AML_135_01	Quizartinib	Quizartinib_AML_135_01	176.69136	0.4
AML_138_01	Quizartinib	Quizartinib_AML_138_01	186.0246	0.6
AML_139_01	Quizartinib	Quizartinib_AML_139_01	184.17314	3.7
AML_140_01	Quizartinib	Quizartinib_AML_140_01	175.05359	0.4
AML_142_01	Quizartinib	Quizartinib_AML_142_01	170.38326	10.1
AML_143_01	Quizartinib	Quizartinib_AML_143_01	178.37274	1.5
AML_144_01	Quizartinib	Quizartinib_AML_144_01	187.522	1.6
AML_146_01	Quizartinib	Quizartinib_AML_146_01	183.1276	0.1
AML_147_01	Quizartinib	Quizartinib_AML_147_01	176.71175	2.1
AML_151_01	Quizartinib	Quizartinib_AML_151_01	166.9172	3.1
AML_152_01	Quizartinib	Quizartinib_AML_152_01	174.28552	0.8
AML_153_01	Quizartinib	Quizartinib_AML_153_01	177.4935	0.0
AML_156_01	Quizartinib	Quizartinib_AML_156_01	172.02927	1.5
AML_157_01	Quizartinib	Quizartinib_AML_157_01	176.88863	7.2
AML_157_02	Quizartinib	Quizartinib_AML_157_02	177.18732	6.2
AML_158_01	Quizartinib	Quizartinib_AML_158_01	181.59781	0.0
AML_159_01	Quizartinib	Quizartinib_AML_159_01	180.36569	0.8
AML_160_01	Quizartinib	Quizartinib_AML_160_01	171.97166	0.9
AML_161_01	Quizartinib	Quizartinib_AML_161_01	166.2841	0.6
AML_175_01	Quizartinib	Quizartinib_AML_175_01	175.87285	0.0
AML_179_01	Quizartinib	Quizartinib_AML_179_01	174.81487	11.7
AML_183_01	Quizartinib	Quizartinib_AML_183_01	182.95078	2.7
AML_183_02	Quizartinib	Quizartinib_AML_183_02	177.22173	0.0
AML_183_03	Quizartinib	Quizartinib_AML_183_03	175.5764	0.0
AML_184_01	Quizartinib	Quizartinib_AML_184_01	171.71431	0.0
AML_185_01	Quizartinib	Quizartinib_AML_185_01	183.44893	0.1
AML_001_03	Ralimetinib	Ralimetinib_AML_001_03	204.57149	10.0
AML_003_02	Ralimetinib	Ralimetinib_AML_003_02	203.66031	7.5
AML_004_01	Ralimetinib	Ralimetinib_AML_004_01	206.62338	3.4
AML_013_01	Ralimetinib	Ralimetinib_AML_013_01	202.93901	20.0
AML_015_01	Ralimetinib	Ralimetinib_AML_015_01	205.99239	1.1
AML_015_02	Ralimetinib	Ralimetinib_AML_015_02	205.26727	1.5
AML_015_03	Ralimetinib	Ralimetinib_AML_015_03	207.0299	2.6
AML_015_04	Ralimetinib	Ralimetinib_AML_015_04	204.92575	10.0
AML_018_01	Ralimetinib	Ralimetinib_AML_018_01	199.34766	5.4
AML_019_01	Ralimetinib	Ralimetinib_AML_019_01	203.62009	2.7
AML_020_01	Ralimetinib	Ralimetinib_AML_020_01	206.22227	2.8
AML_024_01	Ralimetinib	Ralimetinib_AML_024_01	206.06361	1.9
AML_025_01	Ralimetinib	Ralimetinib_AML_025_01	208.67014	0.0
AML_026_01	Ralimetinib	Ralimetinib_AML_026_01	208.81248	2.1
AML_028_01	Ralimetinib	Ralimetinib_AML_028_01	206.57787	0.7
AML_028_04	Ralimetinib	Ralimetinib_AML_028_04	198.89417	0.0
AML_029_01	Ralimetinib	Ralimetinib_AML_029_01	205.94838	1.0
AML_030_01	Ralimetinib	Ralimetinib_AML_030_01	202.55023	0.4
AML_032_01	Ralimetinib	Ralimetinib_AML_032_01	206.45868	1.7
AML_033_01	Ralimetinib	Ralimetinib_AML_033_01	205.85805	6.1
AML_033_02	Ralimetinib	Ralimetinib_AML_033_02	200.84239	2.9
AML_035_02	Ralimetinib	Ralimetinib_AML_035_02	210.91855	0.9
AML_035_04	Ralimetinib	Ralimetinib_AML_035_04	207.46574	0.2
AML_036_01	Ralimetinib	Ralimetinib_AML_036_01	207.87305	1.9
AML_040_01	Ralimetinib	Ralimetinib_AML_040_01	203.09583	22.6
AML_041_01	Ralimetinib	Ralimetinib_AML_041_01	208.50407	0.8
AML_042_01	Ralimetinib	Ralimetinib_AML_042_01	207.83545	6.0
AML_043_02	Ralimetinib	Ralimetinib_AML_043_02	203.38283	2.2
AML_045_01	Ralimetinib	Ralimetinib_AML_045_01	205.84886	1.5
AML_046_01	Ralimetinib	Ralimetinib_AML_046_01	201.96873	18.9
AML_051_01	Ralimetinib	Ralimetinib_AML_051_01	200.5981	1.6
AML_052_01	Ralimetinib	Ralimetinib_AML_052_01	205.6401	0.3
AML_053_01	Ralimetinib	Ralimetinib_AML_053_01	212.16112	6.2
AML_054_01	Ralimetinib	Ralimetinib_AML_054_01	203.5469	20.4
AML_057_01	Ralimetinib	Ralimetinib_AML_057_01	206.13766	3.3
AML_058_01	Ralimetinib	Ralimetinib_AML_058_01	204.96086	6.2
AML_059_01	Ralimetinib	Ralimetinib_AML_059_01	205.2261	9.5
AML_060_01	Ralimetinib	Ralimetinib_AML_060_01	207.54422	5.3
AML_061_01	Ralimetinib	Ralimetinib_AML_061_01	204.99538	2.3
AML_062_01	Ralimetinib	Ralimetinib_AML_062_01	202.44792	5.8
AML_064_01	Ralimetinib	Ralimetinib_AML_064_01	205.80841	0.0
AML_065_01	Ralimetinib	Ralimetinib_AML_065_01	200.16316	5.7
AML_067_01	Ralimetinib	Ralimetinib_AML_067_01	203.86356	3.6
AML_070_01	Ralimetinib	Ralimetinib_AML_070_01	207.2828	0.0
AML_072_01	Ralimetinib	Ralimetinib_AML_072_01	210.09673	0.3
AML_073_01	Ralimetinib	Ralimetinib_AML_073_01	208.0183	0.0
AML_074_01	Ralimetinib	Ralimetinib_AML_074_01	206.62749	1.6
AML_075_01	Ralimetinib	Ralimetinib_AML_075_01	205.76309	5.9
AML_076_01	Ralimetinib	Ralimetinib_AML_076_01	207.66747	0.2
AML_076_02	Ralimetinib	Ralimetinib_AML_076_02	200.30067	5.2
AML_077_01	Ralimetinib	Ralimetinib_AML_077_01	208.19264	0.5
AML_078_02	Ralimetinib	Ralimetinib_AML_078_02	206.1868	0.0
AML_084_01	Ralimetinib	Ralimetinib_AML_084_01	199.54112	4.5
AML_086_02	Ralimetinib	Ralimetinib_AML_086_02	206.41174	4.4
AML_098_01	Ralimetinib	Ralimetinib_AML_098_01	204.81819	0.0
AML_100_01	Ralimetinib	Ralimetinib_AML_100_01	207.01793	0.8
AML_101_01	Ralimetinib	Ralimetinib_AML_101_01	202.50055	13.4
AML_101_02	Ralimetinib	Ralimetinib_AML_101_02	208.11052	1.8
AML_102_01	Ralimetinib	Ralimetinib_AML_102_01	202.3078	2.7
AML_103_01	Ralimetinib	Ralimetinib_AML_103_01	201.1358	0.0
AML_103_02	Ralimetinib	Ralimetinib_AML_103_02	197.44128	6.5
AML_104_01	Ralimetinib	Ralimetinib_AML_104_01	204.50597	0.0
AML_108_01	Ralimetinib	Ralimetinib_AML_108_01	201.52158	4.1
AML_109_01	Ralimetinib	Ralimetinib_AML_109_01	200.84273	0.0
AML_110_01	Ralimetinib	Ralimetinib_AML_110_01	204.38506	1.4
AML_112_01	Ralimetinib	Ralimetinib_AML_112_01	203.0846	0.0
AML_112_02	Ralimetinib	Ralimetinib_AML_112_02	207.07275	0.3
AML_113_01	Ralimetinib	Ralimetinib_AML_113_01	201.06915	7.4
AML_114_01	Ralimetinib	Ralimetinib_AML_114_01	202.13148	1.6
AML_115_01	Ralimetinib	Ralimetinib_AML_115_01	200.39435	2.6
AML_116_01	Ralimetinib	Ralimetinib_AML_116_01	203.30049	0.1
AML_117_01	Ralimetinib	Ralimetinib_AML_117_01	205.42	1.5
AML_119_01	Ralimetinib	Ralimetinib_AML_119_01	202.17682	1.2
AML_122_01	Ralimetinib	Ralimetinib_AML_122_01	206.68651	0.0
AML_123_01	Ralimetinib	Ralimetinib_AML_123_01	209.75153	0.0
AML_124_01	Ralimetinib	Ralimetinib_AML_124_01	206.44173	0.4
AML_125_01	Ralimetinib	Ralimetinib_AML_125_01	207.99791	1.9
AML_126_01	Ralimetinib	Ralimetinib_AML_126_01	205.17415	6.3
AML_127_01	Ralimetinib	Ralimetinib_AML_127_01	204.98262	1.5
AML_128_01	Ralimetinib	Ralimetinib_AML_128_01	208.21483	2.3
AML_131_01	Ralimetinib	Ralimetinib_AML_131_01	205.93178	0.0
AML_133_01	Ralimetinib	Ralimetinib_AML_133_01	204.1839	11.5
AML_134_01	Ralimetinib	Ralimetinib_AML_134_01	204.2727	1.0
AML_135_01	Ralimetinib	Ralimetinib_AML_135_01	204.98883	1.1
AML_138_01	Ralimetinib	Ralimetinib_AML_138_01	208.00653	0.0
AML_139_01	Ralimetinib	Ralimetinib_AML_139_01	210.83488	1.6
AML_140_01	Ralimetinib	Ralimetinib_AML_140_01	204.28625	0.4
AML_142_01	Ralimetinib	Ralimetinib_AML_142_01	201.72519	8.5
AML_143_01	Ralimetinib	Ralimetinib_AML_143_01	206.17242	1.2
AML_144_01	Ralimetinib	Ralimetinib_AML_144_01	209.91705	2.2
AML_146_01	Ralimetinib	Ralimetinib_AML_146_01	207.66852	0.0
AML_147_01	Ralimetinib	Ralimetinib_AML_147_01	206.63646	0.0
AML_151_01	Ralimetinib	Ralimetinib_AML_151_01	203.0247	20.1
AML_152_01	Ralimetinib	Ralimetinib_AML_152_01	203.85777	0.3
AML_153_01	Ralimetinib	Ralimetinib_AML_153_01	200.30417	0.0
AML_156_01	Ralimetinib	Ralimetinib_AML_156_01	202.78258	5.7
AML_157_01	Ralimetinib	Ralimetinib_AML_157_01	205.7067	0.1
AML_157_02	Ralimetinib	Ralimetinib_AML_157_02	203.04123	0.9
AML_158_01	Ralimetinib	Ralimetinib_AML_158_01	207.18398	0.3
AML_159_01	Ralimetinib	Ralimetinib_AML_159_01	206.04155	1.4
AML_160_01	Ralimetinib	Ralimetinib_AML_160_01	202.69464	0.2
AML_161_01	Ralimetinib	Ralimetinib_AML_161_01	198.34346	1.8
AML_175_01	Ralimetinib	Ralimetinib_AML_175_01	205.5403	3.4
AML_183_01	Ralimetinib	Ralimetinib_AML_183_01	208.37897	0.4
AML_183_02	Ralimetinib	Ralimetinib_AML_183_02	204.49445	0.3
AML_183_03	Ralimetinib	Ralimetinib_AML_183_03	205.18326	0.0
AML_001_01	Regorafenib	Regorafenib_AML_001_01	202.76752	1.2
AML_001_03	Regorafenib	Regorafenib_AML_001_03	207.58127	11.1
AML_002_01	Regorafenib	Regorafenib_AML_002_01	202.49715	8.5
AML_003_02	Regorafenib	Regorafenib_AML_003_02	208.35933	5.7
AML_004_01	Regorafenib	Regorafenib_AML_004_01	204.03864	4.1
AML_006_02	Regorafenib	Regorafenib_AML_006_02	209.81053	6.4
AML_007_01	Regorafenib	Regorafenib_AML_007_01	204.287	10.4
AML_007_02	Regorafenib	Regorafenib_AML_007_02	206.16815	7.0
AML_012_01	Regorafenib	Regorafenib_AML_012_01	192.15062	16.4
AML_013_01	Regorafenib	Regorafenib_AML_013_01	197.6072	14.9
AML_014_01	Regorafenib	Regorafenib_AML_014_01	206.73529	9.1
AML_015_01	Regorafenib	Regorafenib_AML_015_01	206.5521	23.8
AML_015_02	Regorafenib	Regorafenib_AML_015_02	205.52475	14.3
AML_015_03	Regorafenib	Regorafenib_AML_015_03	202.3884	25.3
AML_015_04	Regorafenib	Regorafenib_AML_015_04	198.73302	40.8
AML_018_01	Regorafenib	Regorafenib_AML_018_01	190.3786	11.8
AML_019_01	Regorafenib	Regorafenib_AML_019_01	204.0838	7.2
AML_020_01	Regorafenib	Regorafenib_AML_020_01	206.63885	5.0
AML_023_01	Regorafenib	Regorafenib_AML_023_01	200.74243	12.5
AML_023_03	Regorafenib	Regorafenib_AML_023_03	197.60225	9.8
AML_023_04	Regorafenib	Regorafenib_AML_023_04	198.6461	8.0
AML_024_01	Regorafenib	Regorafenib_AML_024_01	202.82953	5.9
AML_025_01	Regorafenib	Regorafenib_AML_025_01	213.98064	2.6
AML_026_01	Regorafenib	Regorafenib_AML_026_01	208.90503	0.0
AML_028_01	Regorafenib	Regorafenib_AML_028_01	203.0338	4.4
AML_028_04	Regorafenib	Regorafenib_AML_028_04	194.06772	15.2
AML_029_01	Regorafenib	Regorafenib_AML_029_01	207.68279	3.2
AML_030_01	Regorafenib	Regorafenib_AML_030_01	197.80373	2.2
AML_032_01	Regorafenib	Regorafenib_AML_032_01	207.9172	3.6
AML_033_01	Regorafenib	Regorafenib_AML_033_01	202.1765	8.7
AML_033_02	Regorafenib	Regorafenib_AML_033_02	190.49918	8.9
AML_035_02	Regorafenib	Regorafenib_AML_035_02	214.50624	0.2
AML_035_04	Regorafenib	Regorafenib_AML_035_04	208.50356	0.0
AML_036_01	Regorafenib	Regorafenib_AML_036_01	203.61626	3.9
AML_040_01	Regorafenib	Regorafenib_AML_040_01	199.3553	12.8
AML_041_01	Regorafenib	Regorafenib_AML_041_01	206.9328	6.8
AML_042_01	Regorafenib	Regorafenib_AML_042_01	206.51186	10.0
AML_043_02	Regorafenib	Regorafenib_AML_043_02	195.1296	3.1
AML_045_01	Regorafenib	Regorafenib_AML_045_01	209.16608	4.2
AML_046_01	Regorafenib	Regorafenib_AML_046_01	193.18256	24.2
AML_051_01	Regorafenib	Regorafenib_AML_051_01	196.66975	4.7
AML_052_01	Regorafenib	Regorafenib_AML_052_01	206.44778	1.7
AML_053_01	Regorafenib	Regorafenib_AML_053_01	217.33716	3.7
AML_054_01	Regorafenib	Regorafenib_AML_054_01	196.47188	12.6
AML_057_01	Regorafenib	Regorafenib_AML_057_01	201.37216	9.1
AML_058_01	Regorafenib	Regorafenib_AML_058_01	202.32507	3.9
AML_059_01	Regorafenib	Regorafenib_AML_059_01	199.01065	6.6
AML_060_01	Regorafenib	Regorafenib_AML_060_01	202.00583	7.9
AML_061_01	Regorafenib	Regorafenib_AML_061_01	202.36351	6.9
AML_062_01	Regorafenib	Regorafenib_AML_062_01	194.12943	11.1
AML_064_01	Regorafenib	Regorafenib_AML_064_01	201.5745	9.0
AML_065_01	Regorafenib	Regorafenib_AML_065_01	191.97229	13.9
AML_067_01	Regorafenib	Regorafenib_AML_067_01	198.37325	10.8
AML_070_01	Regorafenib	Regorafenib_AML_070_01	210.06863	0.0
AML_072_01	Regorafenib	Regorafenib_AML_072_01	210.98244	3.8
AML_073_01	Regorafenib	Regorafenib_AML_073_01	210.85576	0.8
AML_074_01	Regorafenib	Regorafenib_AML_074_01	203.18588	1.0
AML_075_01	Regorafenib	Regorafenib_AML_075_01	205.28674	7.2
AML_076_01	Regorafenib	Regorafenib_AML_076_01	207.69368	1.2
AML_076_02	Regorafenib	Regorafenib_AML_076_02	190.02295	9.4
AML_077_01	Regorafenib	Regorafenib_AML_077_01	210.66113	3.9
AML_078_02	Regorafenib	Regorafenib_AML_078_02	202.57265	1.6
AML_084_01	Regorafenib	Regorafenib_AML_084_01	197.1251	14.7
AML_086_02	Regorafenib	Regorafenib_AML_086_02	203.2196	5.4
AML_098_01	Regorafenib	Regorafenib_AML_098_01	200.54642	0.2
AML_100_01	Regorafenib	Regorafenib_AML_100_01	204.02277	1.5
AML_101_01	Regorafenib	Regorafenib_AML_101_01	196.3051	14.1
AML_101_02	Regorafenib	Regorafenib_AML_101_02	209.9284	4.4
AML_102_01	Regorafenib	Regorafenib_AML_102_01	195.16566	6.4
AML_103_01	Regorafenib	Regorafenib_AML_103_01	191.69987	2.2
AML_103_02	Regorafenib	Regorafenib_AML_103_02	185.50148	9.2
AML_104_01	Regorafenib	Regorafenib_AML_104_01	200.58788	1.2
AML_108_01	Regorafenib	Regorafenib_AML_108_01	195.68369	4.0
AML_109_01	Regorafenib	Regorafenib_AML_109_01	199.38753	2.2
AML_110_01	Regorafenib	Regorafenib_AML_110_01	204.56099	7.7
AML_112_01	Regorafenib	Regorafenib_AML_112_01	195.90265	4.9
AML_112_02	Regorafenib	Regorafenib_AML_112_02	201.62404	5.8
AML_113_01	Regorafenib	Regorafenib_AML_113_01	195.52266	5.6
AML_114_01	Regorafenib	Regorafenib_AML_114_01	197.05495	1.9
AML_115_01	Regorafenib	Regorafenib_AML_115_01	192.21848	10.3
AML_116_01	Regorafenib	Regorafenib_AML_116_01	200.27315	2.0
AML_117_01	Regorafenib	Regorafenib_AML_117_01	203.95032	4.1
AML_119_01	Regorafenib	Regorafenib_AML_119_01	194.31471	2.7
AML_120_03	Regorafenib	Regorafenib_AML_120_03	207.26775	19.8
AML_122_01	Regorafenib	Regorafenib_AML_122_01	203.54152	2.5
AML_123_01	Regorafenib	Regorafenib_AML_123_01	210.59029	2.9
AML_124_01	Regorafenib	Regorafenib_AML_124_01	205.68703	3.7
AML_125_01	Regorafenib	Regorafenib_AML_125_01	202.25192	18.0
AML_126_01	Regorafenib	Regorafenib_AML_126_01	204.60764	8.8
AML_127_01	Regorafenib	Regorafenib_AML_127_01	200.1572	3.7
AML_128_01	Regorafenib	Regorafenib_AML_128_01	210.27538	4.5
AML_129_03	Regorafenib	Regorafenib_AML_129_03	199.92615	7.7
AML_131_01	Regorafenib	Regorafenib_AML_131_01	203.26884	0.6
AML_133_01	Regorafenib	Regorafenib_AML_133_01	197.93558	9.4
AML_134_01	Regorafenib	Regorafenib_AML_134_01	203.67664	0.8
AML_135_01	Regorafenib	Regorafenib_AML_135_01	202.72482	5.0
AML_138_01	Regorafenib	Regorafenib_AML_138_01	210.57262	3.2
AML_139_01	Regorafenib	Regorafenib_AML_139_01	213.9961	2.7
AML_140_01	Regorafenib	Regorafenib_AML_140_01	200.56357	2.9
AML_142_01	Regorafenib	Regorafenib_AML_142_01	193.73087	10.8
AML_143_01	Regorafenib	Regorafenib_AML_143_01	202.7968	6.2
AML_144_01	Regorafenib	Regorafenib_AML_144_01	212.96274	8.9
AML_146_01	Regorafenib	Regorafenib_AML_146_01	208.15207	1.4
AML_147_01	Regorafenib	Regorafenib_AML_147_01	202.27234	5.6
AML_151_01	Regorafenib	Regorafenib_AML_151_01	192.51549	10.1
AML_152_01	Regorafenib	Regorafenib_AML_152_01	199.20332	2.5
AML_153_01	Regorafenib	Regorafenib_AML_153_01	198.32336	0.9
AML_156_01	Regorafenib	Regorafenib_AML_156_01	196.52084	7.6
AML_157_01	Regorafenib	Regorafenib_AML_157_01	204.08064	3.6
AML_157_02	Regorafenib	Regorafenib_AML_157_02	201.68765	5.8
AML_158_01	Regorafenib	Regorafenib_AML_158_01	207.57373	1.9
AML_159_01	Regorafenib	Regorafenib_AML_159_01	207.2683	3.7
AML_160_01	Regorafenib	Regorafenib_AML_160_01	195.47261	4.5
AML_161_01	Regorafenib	Regorafenib_AML_161_01	190.072	4.8
AML_175_01	Regorafenib	Regorafenib_AML_175_01	203.90927	2.9
AML_183_01	Regorafenib	Regorafenib_AML_183_01	208.666	3.0
AML_183_02	Regorafenib	Regorafenib_AML_183_02	200.84654	1.6
AML_183_03	Regorafenib	Regorafenib_AML_183_03	199.16916	0.8
AML_001_01	Ruxolitinib	Ruxolitinib_AML_001_01	234.14581	0.0
AML_001_03	Ruxolitinib	Ruxolitinib_AML_001_03	231.92706	10.2
AML_002_01	Ruxolitinib	Ruxolitinib_AML_002_01	231.07986	4.1
AML_003_02	Ruxolitinib	Ruxolitinib_AML_003_02	233.14168	23.3
AML_004_01	Ruxolitinib	Ruxolitinib_AML_004_01	231.88237	16.1
AML_006_02	Ruxolitinib	Ruxolitinib_AML_006_02	231.81056	1.1
AML_007_01	Ruxolitinib	Ruxolitinib_AML_007_01	229.72182	1.2
AML_007_02	Ruxolitinib	Ruxolitinib_AML_007_02	232.80388	0.3
AML_012_01	Ruxolitinib	Ruxolitinib_AML_012_01	226.30344	4.3
AML_013_01	Ruxolitinib	Ruxolitinib_AML_013_01	230.27264	13.6
AML_014_01	Ruxolitinib	Ruxolitinib_AML_014_01	234.63959	0.0
AML_015_01	Ruxolitinib	Ruxolitinib_AML_015_01	236.49306	6.4
AML_015_02	Ruxolitinib	Ruxolitinib_AML_015_02	229.00394	4.2
AML_015_03	Ruxolitinib	Ruxolitinib_AML_015_03	233.90535	3.3
AML_015_04	Ruxolitinib	Ruxolitinib_AML_015_04	233.19604	5.9
AML_018_01	Ruxolitinib	Ruxolitinib_AML_018_01	224.52538	32.9
AML_019_01	Ruxolitinib	Ruxolitinib_AML_019_01	230.32278	8.6
AML_020_01	Ruxolitinib	Ruxolitinib_AML_020_01	235.34683	2.9
AML_022_01	Ruxolitinib	Ruxolitinib_AML_022_01	224.53064	2.6
AML_023_01	Ruxolitinib	Ruxolitinib_AML_023_01	227.77338	4.9
AML_023_03	Ruxolitinib	Ruxolitinib_AML_023_03	226.71565	5.5
AML_023_04	Ruxolitinib	Ruxolitinib_AML_023_04	226.25604	3.3
AML_024_01	Ruxolitinib	Ruxolitinib_AML_024_01	234.22389	16.4
AML_025_01	Ruxolitinib	Ruxolitinib_AML_025_01	235.6717	16.5
AML_026_01	Ruxolitinib	Ruxolitinib_AML_026_01	233.99953	9.7
AML_028_01	Ruxolitinib	Ruxolitinib_AML_028_01	231.01979	2.4
AML_028_04	Ruxolitinib	Ruxolitinib_AML_028_04	225.12997	9.9
AML_029_01	Ruxolitinib	Ruxolitinib_AML_029_01	230.39648	10.8
AML_030_01	Ruxolitinib	Ruxolitinib_AML_030_01	225.7193	9.7
AML_032_01	Ruxolitinib	Ruxolitinib_AML_032_01	234.91878	12.9
AML_033_01	Ruxolitinib	Ruxolitinib_AML_033_01	231.25116	23.1
AML_033_02	Ruxolitinib	Ruxolitinib_AML_033_02	227.85739	25.2
AML_035_02	Ruxolitinib	Ruxolitinib_AML_035_02	237.97401	17.9
AML_035_04	Ruxolitinib	Ruxolitinib_AML_035_04	235.18457	14.5
AML_036_01	Ruxolitinib	Ruxolitinib_AML_036_01	232.36552	12.7
AML_040_01	Ruxolitinib	Ruxolitinib_AML_040_01	228.97327	6.8
AML_041_01	Ruxolitinib	Ruxolitinib_AML_041_01	232.10553	1.4
AML_042_01	Ruxolitinib	Ruxolitinib_AML_042_01	230.52756	3.1
AML_043_02	Ruxolitinib	Ruxolitinib_AML_043_02	229.1901	22.1
AML_045_01	Ruxolitinib	Ruxolitinib_AML_045_01	234.20934	0.1
AML_046_01	Ruxolitinib	Ruxolitinib_AML_046_01	230.32281	6.9
AML_051_01	Ruxolitinib	Ruxolitinib_AML_051_01	229.14972	0.0
AML_052_01	Ruxolitinib	Ruxolitinib_AML_052_01	232.6789	13.6
AML_053_01	Ruxolitinib	Ruxolitinib_AML_053_01	240.04611	0.5
AML_054_01	Ruxolitinib	Ruxolitinib_AML_054_01	230.50592	3.3
AML_057_01	Ruxolitinib	Ruxolitinib_AML_057_01	229.9405	7.4
AML_058_01	Ruxolitinib	Ruxolitinib_AML_058_01	231.81631	4.5
AML_059_01	Ruxolitinib	Ruxolitinib_AML_059_01	230.89726	3.3
AML_060_01	Ruxolitinib	Ruxolitinib_AML_060_01	232.5525	4.2
AML_061_01	Ruxolitinib	Ruxolitinib_AML_061_01	229.81837	0.5
AML_062_01	Ruxolitinib	Ruxolitinib_AML_062_01	225.04808	14.4
AML_064_01	Ruxolitinib	Ruxolitinib_AML_064_01	228.33377	0.0
AML_065_01	Ruxolitinib	Ruxolitinib_AML_065_01	225.32585	4.2
AML_067_01	Ruxolitinib	Ruxolitinib_AML_067_01	226.35754	3.5
AML_070_01	Ruxolitinib	Ruxolitinib_AML_070_01	231.36969	9.9
AML_072_01	Ruxolitinib	Ruxolitinib_AML_072_01	234.8326	1.2
AML_073_01	Ruxolitinib	Ruxolitinib_AML_073_01	236.33136	0.0
AML_074_01	Ruxolitinib	Ruxolitinib_AML_074_01	228.84926	14.5
AML_075_01	Ruxolitinib	Ruxolitinib_AML_075_01	228.94537	1.4
AML_076_01	Ruxolitinib	Ruxolitinib_AML_076_01	232.9142	13.1
AML_076_02	Ruxolitinib	Ruxolitinib_AML_076_02	222.87997	20.2
AML_077_01	Ruxolitinib	Ruxolitinib_AML_077_01	235.04086	17.5
AML_078_02	Ruxolitinib	Ruxolitinib_AML_078_02	230.4518	14.5
AML_084_01	Ruxolitinib	Ruxolitinib_AML_084_01	226.31104	6.7
AML_086_02	Ruxolitinib	Ruxolitinib_AML_086_02	232.57521	18.3
AML_098_01	Ruxolitinib	Ruxolitinib_AML_098_01	228.19765	18.3
AML_100_01	Ruxolitinib	Ruxolitinib_AML_100_01	231.57071	11.3
AML_101_01	Ruxolitinib	Ruxolitinib_AML_101_01	226.5295	19.8
AML_101_02	Ruxolitinib	Ruxolitinib_AML_101_02	233.52089	8.5
AML_102_01	Ruxolitinib	Ruxolitinib_AML_102_01	225.97392	4.1
AML_103_01	Ruxolitinib	Ruxolitinib_AML_103_01	222.93175	17.8
AML_103_02	Ruxolitinib	Ruxolitinib_AML_103_02	221.51587	21.1
AML_104_01	Ruxolitinib	Ruxolitinib_AML_104_01	229.30113	14.4
AML_108_01	Ruxolitinib	Ruxolitinib_AML_108_01	227.03374	16.7
AML_109_01	Ruxolitinib	Ruxolitinib_AML_109_01	226.75302	5.4
AML_110_01	Ruxolitinib	Ruxolitinib_AML_110_01	230.99672	22.0
AML_112_01	Ruxolitinib	Ruxolitinib_AML_112_01	224.54984	5.7
AML_112_02	Ruxolitinib	Ruxolitinib_AML_112_02	228.83362	9.3
AML_113_01	Ruxolitinib	Ruxolitinib_AML_113_01	230.06767	22.6
AML_114_01	Ruxolitinib	Ruxolitinib_AML_114_01	225.72162	15.1
AML_115_01	Ruxolitinib	Ruxolitinib_AML_115_01	226.12926	17.8
AML_116_01	Ruxolitinib	Ruxolitinib_AML_116_01	226.79268	12.2
AML_117_01	Ruxolitinib	Ruxolitinib_AML_117_01	229.33824	9.2
AML_119_01	Ruxolitinib	Ruxolitinib_AML_119_01	224.75703	20.3
AML_120_01	Ruxolitinib	Ruxolitinib_AML_120_01	230.75931	6.9
AML_120_03	Ruxolitinib	Ruxolitinib_AML_120_03	231.74667	4.1
AML_122_01	Ruxolitinib	Ruxolitinib_AML_122_01	229.59283	8.2
AML_123_01	Ruxolitinib	Ruxolitinib_AML_123_01	233.52097	15.8
AML_124_01	Ruxolitinib	Ruxolitinib_AML_124_01	230.96669	19.5
AML_125_01	Ruxolitinib	Ruxolitinib_AML_125_01	232.35838	28.9
AML_126_01	Ruxolitinib	Ruxolitinib_AML_126_01	227.68767	24.7
AML_127_01	Ruxolitinib	Ruxolitinib_AML_127_01	229.694	19.1
AML_128_01	Ruxolitinib	Ruxolitinib_AML_128_01	233.24968	19.0
AML_129_02	Ruxolitinib	Ruxolitinib_AML_129_02	231.41197	7.3
AML_129_03	Ruxolitinib	Ruxolitinib_AML_129_03	232.64761	4.6
AML_131_01	Ruxolitinib	Ruxolitinib_AML_131_01	230.45778	12.2
AML_133_01	Ruxolitinib	Ruxolitinib_AML_133_01	227.77538	23.5
AML_134_01	Ruxolitinib	Ruxolitinib_AML_134_01	228.20338	19.6
AML_135_01	Ruxolitinib	Ruxolitinib_AML_135_01	230.7973	16.0
AML_138_01	Ruxolitinib	Ruxolitinib_AML_138_01	236.31871	16.8
AML_139_01	Ruxolitinib	Ruxolitinib_AML_139_01	242.0926	14.8
AML_140_01	Ruxolitinib	Ruxolitinib_AML_140_01	229.0741	11.7
AML_142_01	Ruxolitinib	Ruxolitinib_AML_142_01	226.51782	25.9
AML_143_01	Ruxolitinib	Ruxolitinib_AML_143_01	229.10999	18.8
AML_144_01	Ruxolitinib	Ruxolitinib_AML_144_01	239.35237	15.5
AML_146_01	Ruxolitinib	Ruxolitinib_AML_146_01	234.30994	13.9
AML_147_01	Ruxolitinib	Ruxolitinib_AML_147_01	231.06723	14.5
AML_151_01	Ruxolitinib	Ruxolitinib_AML_151_01	227.55713	12.8
AML_152_01	Ruxolitinib	Ruxolitinib_AML_152_01	231.42714	19.2
AML_153_01	Ruxolitinib	Ruxolitinib_AML_153_01	223.7901	8.7
AML_156_01	Ruxolitinib	Ruxolitinib_AML_156_01	227.79118	21.7
AML_157_01	Ruxolitinib	Ruxolitinib_AML_157_01	234.7263	10.9
AML_157_02	Ruxolitinib	Ruxolitinib_AML_157_02	231.40637	11.0
AML_158_01	Ruxolitinib	Ruxolitinib_AML_158_01	234.17609	12.0
AML_159_01	Ruxolitinib	Ruxolitinib_AML_159_01	233.92879	16.5
AML_160_01	Ruxolitinib	Ruxolitinib_AML_160_01	227.21475	15.2
AML_161_01	Ruxolitinib	Ruxolitinib_AML_161_01	226.9794	26.1
AML_175_01	Ruxolitinib	Ruxolitinib_AML_175_01	231.76521	0.2
AML_179_01	Ruxolitinib	Ruxolitinib_AML_179_01	228.602	11.1
AML_183_01	Ruxolitinib	Ruxolitinib_AML_183_01	232.54353	11.0
AML_183_02	Ruxolitinib	Ruxolitinib_AML_183_02	225.86816	13.6
AML_183_03	Ruxolitinib	Ruxolitinib_AML_183_03	226.70155	6.8
AML_184_01	Ruxolitinib	Ruxolitinib_AML_184_01	228.05394	6.7
AML_185_01	Ruxolitinib	Ruxolitinib_AML_185_01	236.29353	15.8
AML_001_01	Saracatinib	Saracatinib_AML_001_01	225.65709	0.0
AML_001_03	Saracatinib	Saracatinib_AML_001_03	226.16672	0.4
AML_002_01	Saracatinib	Saracatinib_AML_002_01	225.3155	6.1
AML_003_02	Saracatinib	Saracatinib_AML_003_02	227.84357	0.0
AML_004_01	Saracatinib	Saracatinib_AML_004_01	224.77571	1.4
AML_006_02	Saracatinib	Saracatinib_AML_006_02	225.97372	3.4
AML_007_01	Saracatinib	Saracatinib_AML_007_01	221.74055	0.2
AML_007_02	Saracatinib	Saracatinib_AML_007_02	224.47375	0.0
AML_012_01	Saracatinib	Saracatinib_AML_012_01	220.21854	3.4
AML_013_01	Saracatinib	Saracatinib_AML_013_01	222.64539	2.2
AML_014_01	Saracatinib	Saracatinib_AML_014_01	228.68063	0.2
AML_015_01	Saracatinib	Saracatinib_AML_015_01	231.51187	8.2
AML_015_02	Saracatinib	Saracatinib_AML_015_02	222.53052	6.6
AML_015_03	Saracatinib	Saracatinib_AML_015_03	224.11752	6.7
AML_015_04	Saracatinib	Saracatinib_AML_015_04	226.76538	16.5
AML_018_01	Saracatinib	Saracatinib_AML_018_01	214.07637	7.3
AML_019_01	Saracatinib	Saracatinib_AML_019_01	225.54765	3.6
AML_020_01	Saracatinib	Saracatinib_AML_020_01	229.62332	2.8
AML_023_01	Saracatinib	Saracatinib_AML_023_01	219.0688	9.7
AML_023_03	Saracatinib	Saracatinib_AML_023_03	216.55157	7.7
AML_023_04	Saracatinib	Saracatinib_AML_023_04	216.9575	5.5
AML_024_01	Saracatinib	Saracatinib_AML_024_01	229.46729	0.0
AML_025_01	Saracatinib	Saracatinib_AML_025_01	231.5009	0.8
AML_026_01	Saracatinib	Saracatinib_AML_026_01	228.397	0.1
AML_028_01	Saracatinib	Saracatinib_AML_028_01	225.49525	2.1
AML_028_04	Saracatinib	Saracatinib_AML_028_04	219.00285	0.9
AML_029_01	Saracatinib	Saracatinib_AML_029_01	224.6674	1.2
AML_030_01	Saracatinib	Saracatinib_AML_030_01	216.39674	0.0
AML_032_01	Saracatinib	Saracatinib_AML_032_01	229.7154	0.0
AML_033_01	Saracatinib	Saracatinib_AML_033_01	225.26576	4.4
AML_033_02	Saracatinib	Saracatinib_AML_033_02	221.49902	2.3
AML_035_02	Saracatinib	Saracatinib_AML_035_02	233.74254	0.2
AML_035_04	Saracatinib	Saracatinib_AML_035_04	230.49684	0.7
AML_036_01	Saracatinib	Saracatinib_AML_036_01	224.0901	0.0
AML_040_01	Saracatinib	Saracatinib_AML_040_01	222.01793	12.0
AML_041_01	Saracatinib	Saracatinib_AML_041_01	223.23798	6.5
AML_042_01	Saracatinib	Saracatinib_AML_042_01	222.43932	4.6
AML_043_02	Saracatinib	Saracatinib_AML_043_02	223.00433	0.7
AML_045_01	Saracatinib	Saracatinib_AML_045_01	229.55255	0.0
AML_046_01	Saracatinib	Saracatinib_AML_046_01	221.82932	8.0
AML_051_01	Saracatinib	Saracatinib_AML_051_01	220.63013	0.0
AML_052_01	Saracatinib	Saracatinib_AML_052_01	228.45291	0.7
AML_053_01	Saracatinib	Saracatinib_AML_053_01	235.62213	1.6
AML_054_01	Saracatinib	Saracatinib_AML_054_01	224.14087	0.0
AML_057_01	Saracatinib	Saracatinib_AML_057_01	219.64914	3.7
AML_058_01	Saracatinib	Saracatinib_AML_058_01	224.52673	2.8
AML_059_01	Saracatinib	Saracatinib_AML_059_01	223.4877	6.4
AML_060_01	Saracatinib	Saracatinib_AML_060_01	226.29689	0.9
AML_061_01	Saracatinib	Saracatinib_AML_061_01	224.04697	0.0
AML_062_01	Saracatinib	Saracatinib_AML_062_01	214.59294	11.6
AML_064_01	Saracatinib	Saracatinib_AML_064_01	219.26547	0.0
AML_065_01	Saracatinib	Saracatinib_AML_065_01	213.52477	4.7
AML_067_01	Saracatinib	Saracatinib_AML_067_01	214.111	9.5
AML_070_01	Saracatinib	Saracatinib_AML_070_01	226.46982	0.0
AML_072_01	Saracatinib	Saracatinib_AML_072_01	230.30656	2.4
AML_073_01	Saracatinib	Saracatinib_AML_073_01	231.43614	2.7
AML_074_01	Saracatinib	Saracatinib_AML_074_01	220.78107	4.1
AML_075_01	Saracatinib	Saracatinib_AML_075_01	222.429	0.4
AML_076_01	Saracatinib	Saracatinib_AML_076_01	225.05432	1.0
AML_076_02	Saracatinib	Saracatinib_AML_076_02	213.42693	5.8
AML_077_01	Saracatinib	Saracatinib_AML_077_01	230.14224	0.0
AML_078_02	Saracatinib	Saracatinib_AML_078_02	221.27745	0.0
AML_084_01	Saracatinib	Saracatinib_AML_084_01	219.94185	0.6
AML_086_02	Saracatinib	Saracatinib_AML_086_02	227.05357	3.4
AML_098_01	Saracatinib	Saracatinib_AML_098_01	218.54608	0.0
AML_100_01	Saracatinib	Saracatinib_AML_100_01	223.19885	0.0
AML_101_01	Saracatinib	Saracatinib_AML_101_01	218.5514	6.9
AML_101_02	Saracatinib	Saracatinib_AML_101_02	228.01814	2.7
AML_102_01	Saracatinib	Saracatinib_AML_102_01	212.77707	0.0
AML_103_01	Saracatinib	Saracatinib_AML_103_01	210.3225	0.0
AML_103_02	Saracatinib	Saracatinib_AML_103_02	214.85257	4.8
AML_104_01	Saracatinib	Saracatinib_AML_104_01	217.71198	0.2
AML_108_01	Saracatinib	Saracatinib_AML_108_01	215.56993	2.6
AML_109_01	Saracatinib	Saracatinib_AML_109_01	220.24771	0.0
AML_110_01	Saracatinib	Saracatinib_AML_110_01	223.43327	1.5
AML_112_01	Saracatinib	Saracatinib_AML_112_01	214.3558	2.4
AML_112_02	Saracatinib	Saracatinib_AML_112_02	218.88524	4.9
AML_113_01	Saracatinib	Saracatinib_AML_113_01	221.2484	6.1
AML_114_01	Saracatinib	Saracatinib_AML_114_01	214.93376	1.1
AML_115_01	Saracatinib	Saracatinib_AML_115_01	215.51163	5.5
AML_116_01	Saracatinib	Saracatinib_AML_116_01	218.64452	0.0
AML_117_01	Saracatinib	Saracatinib_AML_117_01	222.37996	1.0
AML_119_01	Saracatinib	Saracatinib_AML_119_01	213.42418	0.6
AML_120_01	Saracatinib	Saracatinib_AML_120_01	224.51048	9.8
AML_120_03	Saracatinib	Saracatinib_AML_120_03	225.09201	10.2
AML_122_01	Saracatinib	Saracatinib_AML_122_01	220.40594	0.0
AML_123_01	Saracatinib	Saracatinib_AML_123_01	227.05954	3.1
AML_124_01	Saracatinib	Saracatinib_AML_124_01	224.54646	1.6
AML_125_01	Saracatinib	Saracatinib_AML_125_01	226.28093	0.0
AML_126_01	Saracatinib	Saracatinib_AML_126_01	220.56583	0.0
AML_127_01	Saracatinib	Saracatinib_AML_127_01	220.17783	2.7
AML_128_01	Saracatinib	Saracatinib_AML_128_01	229.0076	0.9
AML_129_02	Saracatinib	Saracatinib_AML_129_02	223.0568	7.3
AML_129_03	Saracatinib	Saracatinib_AML_129_03	224.33649	5.5
AML_131_01	Saracatinib	Saracatinib_AML_131_01	220.22978	0.0
AML_133_01	Saracatinib	Saracatinib_AML_133_01	223.2365	0.0
AML_134_01	Saracatinib	Saracatinib_AML_134_01	225.39984	0.0
AML_135_01	Saracatinib	Saracatinib_AML_135_01	222.75116	0.0
AML_138_01	Saracatinib	Saracatinib_AML_138_01	231.40602	0.0
AML_139_01	Saracatinib	Saracatinib_AML_139_01	235.79843	3.8
AML_140_01	Saracatinib	Saracatinib_AML_140_01	219.71404	0.7
AML_142_01	Saracatinib	Saracatinib_AML_142_01	220.28078	0.0
AML_143_01	Saracatinib	Saracatinib_AML_143_01	222.35408	0.0
AML_144_01	Saracatinib	Saracatinib_AML_144_01	233.2371	0.0
AML_146_01	Saracatinib	Saracatinib_AML_146_01	229.14116	0.9
AML_147_01	Saracatinib	Saracatinib_AML_147_01	221.6363	1.9
AML_151_01	Saracatinib	Saracatinib_AML_151_01	216.36636	7.9
AML_152_01	Saracatinib	Saracatinib_AML_152_01	222.72182	0.2
AML_153_01	Saracatinib	Saracatinib_AML_153_01	219.00677	0.0
AML_156_01	Saracatinib	Saracatinib_AML_156_01	220.04749	0.0
AML_157_01	Saracatinib	Saracatinib_AML_157_01	224.74246	6.2
AML_157_02	Saracatinib	Saracatinib_AML_157_02	222.38022	5.3
AML_158_01	Saracatinib	Saracatinib_AML_158_01	225.73212	0.1
AML_159_01	Saracatinib	Saracatinib_AML_159_01	226.55527	1.8
AML_160_01	Saracatinib	Saracatinib_AML_160_01	215.74707	0.0
AML_161_01	Saracatinib	Saracatinib_AML_161_01	218.69	2.0
AML_175_01	Saracatinib	Saracatinib_AML_175_01	224.75087	4.1
AML_179_01	Saracatinib	Saracatinib_AML_179_01	221.56995	1.6
AML_183_01	Saracatinib	Saracatinib_AML_183_01	225.4797	0.0
AML_183_02	Saracatinib	Saracatinib_AML_183_02	217.11023	0.6
AML_183_03	Saracatinib	Saracatinib_AML_183_03	216.58989	0.0
AML_184_01	Saracatinib	Saracatinib_AML_184_01	219.24095	7.4
AML_185_01	Saracatinib	Saracatinib_AML_185_01	231.18379	0.2
AML_004_01	Selinexor	Selinexor_AML_004_01	160.11763	23.6
AML_019_01	Selinexor	Selinexor_AML_019_01	158.02913	25.1
AML_025_01	Selinexor	Selinexor_AML_025_01	155.8312	26.7
AML_026_01	Selinexor	Selinexor_AML_026_01	153.7991	18.8
AML_029_01	Selinexor	Selinexor_AML_029_01	160.12178	23.6
AML_030_01	Selinexor	Selinexor_AML_030_01	155.0407	20.7
AML_033_01	Selinexor	Selinexor_AML_033_01	161.44313	21.9
AML_033_02	Selinexor	Selinexor_AML_033_02	158.42099	23.0
AML_041_01	Selinexor	Selinexor_AML_041_01	159.39563	12.9
AML_042_01	Selinexor	Selinexor_AML_042_01	164.68529	21.2
AML_043_02	Selinexor	Selinexor_AML_043_02	163.16481	15.3
AML_046_01	Selinexor	Selinexor_AML_046_01	153.4197	33.1
AML_052_01	Selinexor	Selinexor_AML_052_01	156.58401	11.9
AML_057_01	Selinexor	Selinexor_AML_057_01	155.47722	19.2
AML_058_01	Selinexor	Selinexor_AML_058_01	154.91957	20.7
AML_059_01	Selinexor	Selinexor_AML_059_01	151.90166	24.2
AML_060_01	Selinexor	Selinexor_AML_060_01	156.30328	22.1
AML_061_01	Selinexor	Selinexor_AML_061_01	152.41534	23.7
AML_062_01	Selinexor	Selinexor_AML_062_01	156.90881	24.8
AML_064_01	Selinexor	Selinexor_AML_064_01	164.01431	18.5
AML_065_01	Selinexor	Selinexor_AML_065_01	149.30518	23.9
AML_067_01	Selinexor	Selinexor_AML_067_01	156.3814	21.7
AML_070_01	Selinexor	Selinexor_AML_070_01	158.39183	19.9
AML_072_01	Selinexor	Selinexor_AML_072_01	158.879	15.9
AML_073_01	Selinexor	Selinexor_AML_073_01	160.32555	16.4
AML_074_01	Selinexor	Selinexor_AML_074_01	156.59763	18.6
AML_075_01	Selinexor	Selinexor_AML_075_01	159.71582	23.9
AML_076_01	Selinexor	Selinexor_AML_076_01	158.56012	20.2
AML_076_02	Selinexor	Selinexor_AML_076_02	156.50935	21.1
AML_077_01	Selinexor	Selinexor_AML_077_01	158.79774	23.3
AML_078_02	Selinexor	Selinexor_AML_078_02	161.27417	20.9
AML_086_02	Selinexor	Selinexor_AML_086_02	160.61865	25.8
AML_098_01	Selinexor	Selinexor_AML_098_01	158.46082	19.5
AML_100_01	Selinexor	Selinexor_AML_100_01	156.27887	15.9
AML_101_01	Selinexor	Selinexor_AML_101_01	160.4656	23.8
AML_101_02	Selinexor	Selinexor_AML_101_02	165.90485	21.9
AML_102_01	Selinexor	Selinexor_AML_102_01	157.79807	22.2
AML_103_01	Selinexor	Selinexor_AML_103_01	158.15338	17.6
AML_103_02	Selinexor	Selinexor_AML_103_02	158.98447	22.9
AML_104_01	Selinexor	Selinexor_AML_104_01	156.54126	21.7
AML_108_01	Selinexor	Selinexor_AML_108_01	151.16664	27.4
AML_109_01	Selinexor	Selinexor_AML_109_01	153.97049	31.3
AML_110_01	Selinexor	Selinexor_AML_110_01	151.52756	29.2
AML_112_01	Selinexor	Selinexor_AML_112_01	155.68993	22.8
AML_112_02	Selinexor	Selinexor_AML_112_02	161.98225	20.4
AML_113_01	Selinexor	Selinexor_AML_113_01	152.46817	25.0
AML_114_01	Selinexor	Selinexor_AML_114_01	153.72296	25.9
AML_115_01	Selinexor	Selinexor_AML_115_01	149.73856	25.1
AML_116_01	Selinexor	Selinexor_AML_116_01	152.00287	29.2
AML_117_01	Selinexor	Selinexor_AML_117_01	157.56216	20.3
AML_119_01	Selinexor	Selinexor_AML_119_01	154.96637	22.3
AML_122_01	Selinexor	Selinexor_AML_122_01	164.9963	16.7
AML_123_01	Selinexor	Selinexor_AML_123_01	160.7642	19.6
AML_124_01	Selinexor	Selinexor_AML_124_01	156.10101	26.9
AML_125_01	Selinexor	Selinexor_AML_125_01	152.41148	24.5
AML_126_01	Selinexor	Selinexor_AML_126_01	160.70953	30.6
AML_127_01	Selinexor	Selinexor_AML_127_01	154.6487	18.3
AML_128_01	Selinexor	Selinexor_AML_128_01	158.40714	25.8
AML_131_01	Selinexor	Selinexor_AML_131_01	160.41333	16.4
AML_133_01	Selinexor	Selinexor_AML_133_01	160.68585	24.5
AML_134_01	Selinexor	Selinexor_AML_134_01	161.3526	29.2
AML_135_01	Selinexor	Selinexor_AML_135_01	158.2091	24.6
AML_138_01	Selinexor	Selinexor_AML_138_01	161.57816	22.7
AML_139_01	Selinexor	Selinexor_AML_139_01	158.65042	19.9
AML_140_01	Selinexor	Selinexor_AML_140_01	157.70517	20.2
AML_142_01	Selinexor	Selinexor_AML_142_01	159.88249	27.4
AML_143_01	Selinexor	Selinexor_AML_143_01	156.81363	23.3
AML_144_01	Selinexor	Selinexor_AML_144_01	161.46362	23.9
AML_146_01	Selinexor	Selinexor_AML_146_01	157.06511	16.9
AML_147_01	Selinexor	Selinexor_AML_147_01	158.58919	17.4
AML_151_01	Selinexor	Selinexor_AML_151_01	155.08517	23.4
AML_152_01	Selinexor	Selinexor_AML_152_01	152.1225	25.4
AML_153_01	Selinexor	Selinexor_AML_153_01	158.07112	21.8
AML_156_01	Selinexor	Selinexor_AML_156_01	155.66309	20.4
AML_157_01	Selinexor	Selinexor_AML_157_01	159.0728	22.7
AML_157_02	Selinexor	Selinexor_AML_157_02	159.5967	21.6
AML_158_01	Selinexor	Selinexor_AML_158_01	157.43684	22.2
AML_159_01	Selinexor	Selinexor_AML_159_01	155.55222	24.9
AML_160_01	Selinexor	Selinexor_AML_160_01	159.5769	19.4
AML_161_01	Selinexor	Selinexor_AML_161_01	154.9069	24.6
AML_183_01	Selinexor	Selinexor_AML_183_01	159.2892	23.4
AML_183_02	Selinexor	Selinexor_AML_183_02	159.34273	18.5
AML_183_03	Selinexor	Selinexor_AML_183_03	159.64201	17.4
AML_001_01	Selumetinib	Selumetinib_AML_001_01	209.36433	0.0
AML_001_03	Selumetinib	Selumetinib_AML_001_03	195.36806	24.9
AML_002_01	Selumetinib	Selumetinib_AML_002_01	224.4392	6.7
AML_003_02	Selumetinib	Selumetinib_AML_003_02	217.52681	19.8
AML_004_01	Selumetinib	Selumetinib_AML_004_01	215.61877	5.2
AML_006_02	Selumetinib	Selumetinib_AML_006_02	212.39201	1.2
AML_007_01	Selumetinib	Selumetinib_AML_007_01	194.31311	15.2
AML_007_02	Selumetinib	Selumetinib_AML_007_02	190.49048	15.3
AML_012_01	Selumetinib	Selumetinib_AML_012_01	231.62599	0.0
AML_013_01	Selumetinib	Selumetinib_AML_013_01	232.0632	3.9
AML_014_01	Selumetinib	Selumetinib_AML_014_01	209.62375	12.8
AML_015_01	Selumetinib	Selumetinib_AML_015_01	220.91046	8.3
AML_015_02	Selumetinib	Selumetinib_AML_015_02	208.83873	11.0
AML_015_03	Selumetinib	Selumetinib_AML_015_03	209.61176	15.7
AML_015_04	Selumetinib	Selumetinib_AML_015_04	219.72351	11.1
AML_018_01	Selumetinib	Selumetinib_AML_018_01	207.56828	7.2
AML_019_01	Selumetinib	Selumetinib_AML_019_01	223.62482	6.7
AML_020_01	Selumetinib	Selumetinib_AML_020_01	224.2579	0.0
AML_022_01	Selumetinib	Selumetinib_AML_022_01	189.741	12.4
AML_023_01	Selumetinib	Selumetinib_AML_023_01	201.51959	8.3
AML_023_03	Selumetinib	Selumetinib_AML_023_03	195.7623	3.0
AML_023_04	Selumetinib	Selumetinib_AML_023_04	198.73459	1.3
AML_024_01	Selumetinib	Selumetinib_AML_024_01	223.94214	7.6
AML_025_01	Selumetinib	Selumetinib_AML_025_01	215.2468	10.0
AML_026_01	Selumetinib	Selumetinib_AML_026_01	214.13182	6.1
AML_028_01	Selumetinib	Selumetinib_AML_028_01	220.14453	0.3
AML_028_04	Selumetinib	Selumetinib_AML_028_04	221.84671	16.2
AML_029_01	Selumetinib	Selumetinib_AML_029_01	209.27847	8.3
AML_030_01	Selumetinib	Selumetinib_AML_030_01	200.55513	3.3
AML_032_01	Selumetinib	Selumetinib_AML_032_01	221.37434	0.0
AML_033_01	Selumetinib	Selumetinib_AML_033_01	221.23361	7.6
AML_033_02	Selumetinib	Selumetinib_AML_033_02	228.67229	7.2
AML_035_02	Selumetinib	Selumetinib_AML_035_02	219.37854	12.1
AML_035_04	Selumetinib	Selumetinib_AML_035_04	224.11186	8.9
AML_036_01	Selumetinib	Selumetinib_AML_036_01	197.54266	1.1
AML_040_01	Selumetinib	Selumetinib_AML_040_01	210.4315	13.3
AML_041_01	Selumetinib	Selumetinib_AML_041_01	199.7715	7.3
AML_042_01	Selumetinib	Selumetinib_AML_042_01	201.75328	7.8
AML_043_02	Selumetinib	Selumetinib_AML_043_02	231.98662	7.0
AML_045_01	Selumetinib	Selumetinib_AML_045_01	217.9052	0.0
AML_046_01	Selumetinib	Selumetinib_AML_046_01	217.56436	10.2
AML_051_01	Selumetinib	Selumetinib_AML_051_01	211.67618	0.0
AML_052_01	Selumetinib	Selumetinib_AML_052_01	227.14188	2.5
AML_053_01	Selumetinib	Selumetinib_AML_053_01	222.0264	0.0
AML_054_01	Selumetinib	Selumetinib_AML_054_01	226.57887	0.0
AML_057_01	Selumetinib	Selumetinib_AML_057_01	201.78526	13.3
AML_058_01	Selumetinib	Selumetinib_AML_058_01	210.88309	11.3
AML_059_01	Selumetinib	Selumetinib_AML_059_01	212.37415	3.6
AML_060_01	Selumetinib	Selumetinib_AML_060_01	225.70065	0.9
AML_061_01	Selumetinib	Selumetinib_AML_061_01	202.73465	9.1
AML_062_01	Selumetinib	Selumetinib_AML_062_01	193.98134	17.1
AML_064_01	Selumetinib	Selumetinib_AML_064_01	190.02287	21.3
AML_065_01	Selumetinib	Selumetinib_AML_065_01	195.89442	20.8
AML_067_01	Selumetinib	Selumetinib_AML_067_01	192.27243	12.4
AML_070_01	Selumetinib	Selumetinib_AML_070_01	209.3741	1.6
AML_072_01	Selumetinib	Selumetinib_AML_072_01	222.92767	2.4
AML_073_01	Selumetinib	Selumetinib_AML_073_01	219.55286	3.4
AML_074_01	Selumetinib	Selumetinib_AML_074_01	208.91557	5.4
AML_075_01	Selumetinib	Selumetinib_AML_075_01	198.02254	14.4
AML_076_01	Selumetinib	Selumetinib_AML_076_01	202.15556	3.5
AML_076_02	Selumetinib	Selumetinib_AML_076_02	209.35425	4.6
AML_077_01	Selumetinib	Selumetinib_AML_077_01	218.7717	8.8
AML_078_02	Selumetinib	Selumetinib_AML_078_02	199.38084	7.2
AML_084_01	Selumetinib	Selumetinib_AML_084_01	201.21172	16.9
AML_086_02	Selumetinib	Selumetinib_AML_086_02	217.9041	5.3
AML_098_01	Selumetinib	Selumetinib_AML_098_01	197.42476	6.3
AML_100_01	Selumetinib	Selumetinib_AML_100_01	203.87979	5.7
AML_101_01	Selumetinib	Selumetinib_AML_101_01	216.55272	10.8
AML_101_02	Selumetinib	Selumetinib_AML_101_02	226.33713	2.1
AML_102_01	Selumetinib	Selumetinib_AML_102_01	187.41206	18.6
AML_103_01	Selumetinib	Selumetinib_AML_103_01	184.93086	9.9
AML_103_02	Selumetinib	Selumetinib_AML_103_02	227.60352	16.2
AML_104_01	Selumetinib	Selumetinib_AML_104_01	195.93784	6.1
AML_108_01	Selumetinib	Selumetinib_AML_108_01	193.30898	8.1
AML_109_01	Selumetinib	Selumetinib_AML_109_01	215.91476	4.8
AML_110_01	Selumetinib	Selumetinib_AML_110_01	205.13345	8.4
AML_112_01	Selumetinib	Selumetinib_AML_112_01	195.31747	6.3
AML_112_02	Selumetinib	Selumetinib_AML_112_02	199.78346	9.7
AML_113_01	Selumetinib	Selumetinib_AML_113_01	209.91954	8.4
AML_114_01	Selumetinib	Selumetinib_AML_114_01	197.61371	10.3
AML_115_01	Selumetinib	Selumetinib_AML_115_01	198.36021	14.0
AML_116_01	Selumetinib	Selumetinib_AML_116_01	209.44205	6.5
AML_117_01	Selumetinib	Selumetinib_AML_117_01	210.24025	1.6
AML_119_01	Selumetinib	Selumetinib_AML_119_01	195.62015	3.1
AML_120_01	Selumetinib	Selumetinib_AML_120_01	207.45049	4.8
AML_120_03	Selumetinib	Selumetinib_AML_120_03	206.14297	6.7
AML_122_01	Selumetinib	Selumetinib_AML_122_01	189.96555	5.1
AML_123_01	Selumetinib	Selumetinib_AML_123_01	210.89026	5.3
AML_124_01	Selumetinib	Selumetinib_AML_124_01	213.74658	9.9
AML_125_01	Selumetinib	Selumetinib_AML_125_01	217.63087	1.4
AML_126_01	Selumetinib	Selumetinib_AML_126_01	204.9971	6.2
AML_127_01	Selumetinib	Selumetinib_AML_127_01	199.86984	6.6
AML_128_01	Selumetinib	Selumetinib_AML_128_01	218.46764	3.7
AML_129_02	Selumetinib	Selumetinib_AML_129_02	208.70117	4.8
AML_129_03	Selumetinib	Selumetinib_AML_129_03	212.05441	1.0
AML_131_01	Selumetinib	Selumetinib_AML_131_01	193.98766	4.9
AML_133_01	Selumetinib	Selumetinib_AML_133_01	221.89977	13.3
AML_134_01	Selumetinib	Selumetinib_AML_134_01	222.78299	9.8
AML_135_01	Selumetinib	Selumetinib_AML_135_01	209.86728	15.9
AML_138_01	Selumetinib	Selumetinib_AML_138_01	224.11835	12.7
AML_139_01	Selumetinib	Selumetinib_AML_139_01	221.43073	6.5
AML_140_01	Selumetinib	Selumetinib_AML_140_01	210.0027	6.4
AML_142_01	Selumetinib	Selumetinib_AML_142_01	229.87006	3.0
AML_143_01	Selumetinib	Selumetinib_AML_143_01	210.30676	2.5
AML_144_01	Selumetinib	Selumetinib_AML_144_01	219.7155	16.4
AML_146_01	Selumetinib	Selumetinib_AML_146_01	224.0123	4.3
AML_147_01	Selumetinib	Selumetinib_AML_147_01	209.84888	7.6
AML_151_01	Selumetinib	Selumetinib_AML_151_01	201.26476	11.9
AML_152_01	Selumetinib	Selumetinib_AML_152_01	212.59964	4.2
AML_153_01	Selumetinib	Selumetinib_AML_153_01	222.25279	2.6
AML_156_01	Selumetinib	Selumetinib_AML_156_01	216.65247	7.2
AML_157_01	Selumetinib	Selumetinib_AML_157_01	205.4681	10.4
AML_157_02	Selumetinib	Selumetinib_AML_157_02	212.81398	13.4
AML_158_01	Selumetinib	Selumetinib_AML_158_01	211.68913	6.0
AML_159_01	Selumetinib	Selumetinib_AML_159_01	218.39435	8.7
AML_160_01	Selumetinib	Selumetinib_AML_160_01	202.33932	7.1
AML_161_01	Selumetinib	Selumetinib_AML_161_01	220.73859	7.7
AML_175_01	Selumetinib	Selumetinib_AML_175_01	207.2703	0.0
AML_179_01	Selumetinib	Selumetinib_AML_179_01	226.49297	0.0
AML_183_01	Selumetinib	Selumetinib_AML_183_01	204.82854	1.8
AML_183_02	Selumetinib	Selumetinib_AML_183_02	197.28087	4.8
AML_183_03	Selumetinib	Selumetinib_AML_183_03	192.44647	6.2
AML_184_01	Selumetinib	Selumetinib_AML_184_01	203.81146	13.5
AML_185_01	Selumetinib	Selumetinib_AML_185_01	226.79338	11.7
AML_004_01	SGX-523	SGX-523_AML_004_01	243.18674	0.0
AML_019_01	SGX-523	SGX-523_AML_019_01	236.21118	0.0
AML_025_01	SGX-523	SGX-523_AML_025_01	245.00241	0.0
AML_026_01	SGX-523	SGX-523_AML_026_01	247.15402	0.0
AML_029_01	SGX-523	SGX-523_AML_029_01	239.0516	0.8
AML_030_01	SGX-523	SGX-523_AML_030_01	235.11584	0.0
AML_033_01	SGX-523	SGX-523_AML_033_01	241.58395	0.0
AML_033_02	SGX-523	SGX-523_AML_033_02	234.09259	0.0
AML_041_01	SGX-523	SGX-523_AML_041_01	242.31032	0.0
AML_042_01	SGX-523	SGX-523_AML_042_01	239.34435	0.0
AML_043_02	SGX-523	SGX-523_AML_043_02	234.39113	0.0
AML_046_01	SGX-523	SGX-523_AML_046_01	241.30412	5.3
AML_052_01	SGX-523	SGX-523_AML_052_01	243.4536	0.0
AML_057_01	SGX-523	SGX-523_AML_057_01	238.53964	0.0
AML_058_01	SGX-523	SGX-523_AML_058_01	241.52159	0.0
AML_059_01	SGX-523	SGX-523_AML_059_01	242.61673	0.0
AML_060_01	SGX-523	SGX-523_AML_060_01	242.64055	0.0
AML_061_01	SGX-523	SGX-523_AML_061_01	242.89203	0.1
AML_062_01	SGX-523	SGX-523_AML_062_01	234.86154	0.0
AML_064_01	SGX-523	SGX-523_AML_064_01	232.25493	0.0
AML_065_01	SGX-523	SGX-523_AML_065_01	234.11842	0.4
AML_067_01	SGX-523	SGX-523_AML_067_01	237.04843	0.0
AML_070_01	SGX-523	SGX-523_AML_070_01	243.73027	0.0
AML_072_01	SGX-523	SGX-523_AML_072_01	244.2241	0.0
AML_073_01	SGX-523	SGX-523_AML_073_01	243.99281	0.0
AML_074_01	SGX-523	SGX-523_AML_074_01	244.77255	0.0
AML_075_01	SGX-523	SGX-523_AML_075_01	241.05281	0.2
AML_076_01	SGX-523	SGX-523_AML_076_01	240.72755	0.0
AML_076_02	SGX-523	SGX-523_AML_076_02	234.34984	0.0
AML_077_01	SGX-523	SGX-523_AML_077_01	245.53453	0.1
AML_078_02	SGX-523	SGX-523_AML_078_02	241.27597	0.4
AML_086_02	SGX-523	SGX-523_AML_086_02	241.90482	0.0
AML_098_01	SGX-523	SGX-523_AML_098_01	238.67548	0.1
AML_100_01	SGX-523	SGX-523_AML_100_01	244.36256	0.1
AML_101_01	SGX-523	SGX-523_AML_101_01	232.92099	0.0
AML_101_02	SGX-523	SGX-523_AML_101_02	238.97826	2.9
AML_102_01	SGX-523	SGX-523_AML_102_01	235.49936	0.1
AML_103_01	SGX-523	SGX-523_AML_103_01	229.32288	0.5
AML_103_02	SGX-523	SGX-523_AML_103_02	228.69911	0.0
AML_104_01	SGX-523	SGX-523_AML_104_01	241.90825	0.0
AML_108_01	SGX-523	SGX-523_AML_108_01	240.3734	0.7
AML_109_01	SGX-523	SGX-523_AML_109_01	232.41304	0.0
AML_110_01	SGX-523	SGX-523_AML_110_01	243.41493	1.6
AML_112_01	SGX-523	SGX-523_AML_112_01	236.6484	0.0
AML_112_02	SGX-523	SGX-523_AML_112_02	237.85739	0.0
AML_113_01	SGX-523	SGX-523_AML_113_01	236.88275	0.5
AML_114_01	SGX-523	SGX-523_AML_114_01	238.84644	0.1
AML_115_01	SGX-523	SGX-523_AML_115_01	237.9686	0.0
AML_116_01	SGX-523	SGX-523_AML_116_01	240.91232	0.1
AML_117_01	SGX-523	SGX-523_AML_117_01	243.84163	0.0
AML_119_01	SGX-523	SGX-523_AML_119_01	236.67209	0.0
AML_122_01	SGX-523	SGX-523_AML_122_01	232.35115	0.0
AML_123_01	SGX-523	SGX-523_AML_123_01	246.2095	2.1
AML_124_01	SGX-523	SGX-523_AML_124_01	244.75478	0.2
AML_125_01	SGX-523	SGX-523_AML_125_01	244.75925	0.0
AML_126_01	SGX-523	SGX-523_AML_126_01	235.87279	0.0
AML_127_01	SGX-523	SGX-523_AML_127_01	240.83006	0.0
AML_128_01	SGX-523	SGX-523_AML_128_01	242.6717	0.0
AML_131_01	SGX-523	SGX-523_AML_131_01	237.96786	0.0
AML_133_01	SGX-523	SGX-523_AML_133_01	233.66112	0.9
AML_134_01	SGX-523	SGX-523_AML_134_01	234.4363	0.6
AML_135_01	SGX-523	SGX-523_AML_135_01	239.59177	1.1
AML_138_01	SGX-523	SGX-523_AML_138_01	243.48947	0.0
AML_139_01	SGX-523	SGX-523_AML_139_01	250.73366	0.4
AML_140_01	SGX-523	SGX-523_AML_140_01	242.62453	0.0
AML_142_01	SGX-523	SGX-523_AML_142_01	230.81157	0.1
AML_143_01	SGX-523	SGX-523_AML_143_01	242.27069	0.0
AML_144_01	SGX-523	SGX-523_AML_144_01	247.60257	0.6
AML_146_01	SGX-523	SGX-523_AML_146_01	245.53352	0.0
AML_147_01	SGX-523	SGX-523_AML_147_01	242.99614	0.0
AML_151_01	SGX-523	SGX-523_AML_151_01	235.76537	0.3
AML_152_01	SGX-523	SGX-523_AML_152_01	243.33974	0.4
AML_153_01	SGX-523	SGX-523_AML_153_01	228.52597	0.0
AML_156_01	SGX-523	SGX-523_AML_156_01	237.06989	0.8
AML_157_01	SGX-523	SGX-523_AML_157_01	240.5091	2.7
AML_157_02	SGX-523	SGX-523_AML_157_02	238.62926	0.6
AML_158_01	SGX-523	SGX-523_AML_158_01	244.00679	1.3
AML_159_01	SGX-523	SGX-523_AML_159_01	243.73454	0.0
AML_160_01	SGX-523	SGX-523_AML_160_01	235.2391	0.4
AML_161_01	SGX-523	SGX-523_AML_161_01	233.71028	3.7
AML_183_01	SGX-523	SGX-523_AML_183_01	243.55159	0.0
AML_183_02	SGX-523	SGX-523_AML_183_02	238.63405	0.0
AML_183_03	SGX-523	SGX-523_AML_183_03	234.69998	0.1
AML_001_01	SNS-032	SNS-032_AML_001_01	136.80997	6.1
AML_001_03	SNS-032	SNS-032_AML_001_03	125.5994	32.9
AML_002_01	SNS-032	SNS-032_AML_002_01	142.77475	27.4
AML_003_02	SNS-032	SNS-032_AML_003_02	147.31387	18.6
AML_004_01	SNS-032	SNS-032_AML_004_01	132.07416	35.4
AML_006_02	SNS-032	SNS-032_AML_006_02	130.04333	19.3
AML_007_01	SNS-032	SNS-032_AML_007_01	129.67616	16.9
AML_007_02	SNS-032	SNS-032_AML_007_02	122.94654	19.8
AML_012_01	SNS-032	SNS-032_AML_012_01	146.59978	24.7
AML_013_01	SNS-032	SNS-032_AML_013_01	143.89949	26.9
AML_014_01	SNS-032	SNS-032_AML_014_01	125.8001	22.0
AML_015_01	SNS-032	SNS-032_AML_015_01	135.86577	28.3
AML_015_02	SNS-032	SNS-032_AML_015_02	142.77708	26.9
AML_015_03	SNS-032	SNS-032_AML_015_03	131.92482	35.6
AML_015_04	SNS-032	SNS-032_AML_015_04	140.00226	28.2
AML_018_01	SNS-032	SNS-032_AML_018_01	135.56705	29.6
AML_019_01	SNS-032	SNS-032_AML_019_01	145.81007	33.6
AML_020_01	SNS-032	SNS-032_AML_020_01	143.61589	26.5
AML_022_01	SNS-032	SNS-032_AML_022_01	127.13486	23.4
AML_023_01	SNS-032	SNS-032_AML_023_01	132.7202	30.6
AML_023_03	SNS-032	SNS-032_AML_023_03	129.791	27.6
AML_023_04	SNS-032	SNS-032_AML_023_04	131.50897	16.5
AML_024_01	SNS-032	SNS-032_AML_024_01	143.02664	27.0
AML_025_01	SNS-032	SNS-032_AML_025_01	138.2444	27.0
AML_026_01	SNS-032	SNS-032_AML_026_01	127.24448	23.6
AML_028_01	SNS-032	SNS-032_AML_028_01	137.67517	11.4
AML_028_04	SNS-032	SNS-032_AML_028_04	146.80731	28.3
AML_029_01	SNS-032	SNS-032_AML_029_01	129.50758	32.4
AML_030_01	SNS-032	SNS-032_AML_030_01	127.172195	25.1
AML_032_01	SNS-032	SNS-032_AML_032_01	138.98347	24.4
AML_033_01	SNS-032	SNS-032_AML_033_01	141.95386	33.4
AML_033_02	SNS-032	SNS-032_AML_033_02	147.04054	32.6
AML_035_02	SNS-032	SNS-032_AML_035_02	142.72404	20.5
AML_035_04	SNS-032	SNS-032_AML_035_04	154.25787	27.7
AML_036_01	SNS-032	SNS-032_AML_036_01	121.55187	28.9
AML_041_01	SNS-032	SNS-032_AML_041_01	127.20654	14.9
AML_042_01	SNS-032	SNS-032_AML_042_01	132.38431	27.0
AML_043_02	SNS-032	SNS-032_AML_043_02	150.42924	31.7
AML_045_01	SNS-032	SNS-032_AML_045_01	129.72673	31.2
AML_046_01	SNS-032	SNS-032_AML_046_01	136.27754	36.2
AML_051_01	SNS-032	SNS-032_AML_051_01	131.13063	19.0
AML_052_01	SNS-032	SNS-032_AML_052_01	133.14532	34.7
AML_053_01	SNS-032	SNS-032_AML_053_01	133.72081	36.9
AML_054_01	SNS-032	SNS-032_AML_054_01	142.5651	45.0
AML_057_01	SNS-032	SNS-032_AML_057_01	126.66477	25.6
AML_058_01	SNS-032	SNS-032_AML_058_01	129.64148	26.3
AML_059_01	SNS-032	SNS-032_AML_059_01	128.76335	31.0
AML_060_01	SNS-032	SNS-032_AML_060_01	140.34023	31.0
AML_061_01	SNS-032	SNS-032_AML_061_01	129.60535	33.2
AML_062_01	SNS-032	SNS-032_AML_062_01	126.97397	33.4
AML_064_01	SNS-032	SNS-032_AML_064_01	127.05986	34.2
AML_065_01	SNS-032	SNS-032_AML_065_01	125.80513	31.7
AML_067_01	SNS-032	SNS-032_AML_067_01	123.74188	31.8
AML_070_01	SNS-032	SNS-032_AML_070_01	128.68819	24.7
AML_072_01	SNS-032	SNS-032_AML_072_01	140.89706	23.4
AML_073_01	SNS-032	SNS-032_AML_073_01	142.97398	5.2
AML_074_01	SNS-032	SNS-032_AML_074_01	123.41005	33.7
AML_075_01	SNS-032	SNS-032_AML_075_01	130.14597	28.4
AML_076_01	SNS-032	SNS-032_AML_076_01	133.60423	20.7
AML_076_02	SNS-032	SNS-032_AML_076_02	133.13586	22.8
AML_077_01	SNS-032	SNS-032_AML_077_01	136.13745	26.2
AML_078_02	SNS-032	SNS-032_AML_078_02	128.12318	32.2
AML_084_01	SNS-032	SNS-032_AML_084_01	133.7306	32.1
AML_086_02	SNS-032	SNS-032_AML_086_02	140.35696	21.7
AML_098_01	SNS-032	SNS-032_AML_098_01	126.12764	29.3
AML_100_01	SNS-032	SNS-032_AML_100_01	124.502945	23.4
AML_101_01	SNS-032	SNS-032_AML_101_01	144.85316	32.4
AML_101_02	SNS-032	SNS-032_AML_101_02	150.94604	26.6
AML_102_01	SNS-032	SNS-032_AML_102_01	124.100296	29.1
AML_103_01	SNS-032	SNS-032_AML_103_01	127.27011	31.6
AML_103_02	SNS-032	SNS-032_AML_103_02	145.18329	37.6
AML_104_01	SNS-032	SNS-032_AML_104_01	120.981514	21.1
AML_108_01	SNS-032	SNS-032_AML_108_01	121.68354	34.7
AML_109_01	SNS-032	SNS-032_AML_109_01	140.09454	30.8
AML_110_01	SNS-032	SNS-032_AML_110_01	129.9022	27.2
AML_112_01	SNS-032	SNS-032_AML_112_01	125.34668	31.0
AML_112_02	SNS-032	SNS-032_AML_112_02	131.07503	31.4
AML_113_01	SNS-032	SNS-032_AML_113_01	128.96773	37.3
AML_114_01	SNS-032	SNS-032_AML_114_01	122.55525	32.7
AML_115_01	SNS-032	SNS-032_AML_115_01	124.54427	32.4
AML_116_01	SNS-032	SNS-032_AML_116_01	122.441956	32.2
AML_117_01	SNS-032	SNS-032_AML_117_01	125.38232	23.3
AML_119_01	SNS-032	SNS-032_AML_119_01	117.92142	33.9
AML_120_01	SNS-032	SNS-032_AML_120_01	129.74022	29.6
AML_120_03	SNS-032	SNS-032_AML_120_03	136.25548	18.7
AML_122_01	SNS-032	SNS-032_AML_122_01	126.827835	35.9
AML_123_01	SNS-032	SNS-032_AML_123_01	127.29997	28.1
AML_124_01	SNS-032	SNS-032_AML_124_01	130.14688	28.0
AML_125_01	SNS-032	SNS-032_AML_125_01	133.82365	21.0
AML_126_01	SNS-032	SNS-032_AML_126_01	132.62115	40.3
AML_127_01	SNS-032	SNS-032_AML_127_01	122.99438	33.5
AML_128_01	SNS-032	SNS-032_AML_128_01	139.41934	26.5
AML_129_02	SNS-032	SNS-032_AML_129_02	127.83251	28.6
AML_129_03	SNS-032	SNS-032_AML_129_03	129.92412	26.8
AML_131_01	SNS-032	SNS-032_AML_131_01	128.47247	35.3
AML_133_01	SNS-032	SNS-032_AML_133_01	148.02878	38.0
AML_134_01	SNS-032	SNS-032_AML_134_01	156.3659	23.4
AML_135_01	SNS-032	SNS-032_AML_135_01	133.0596	28.6
AML_138_01	SNS-032	SNS-032_AML_138_01	149.7488	30.2
AML_139_01	SNS-032	SNS-032_AML_139_01	128.53867	29.3
AML_140_01	SNS-032	SNS-032_AML_140_01	126.556625	26.3
AML_142_01	SNS-032	SNS-032_AML_142_01	147.61646	41.2
AML_143_01	SNS-032	SNS-032_AML_143_01	131.33588	27.5
AML_144_01	SNS-032	SNS-032_AML_144_01	134.31792	28.1
AML_146_01	SNS-032	SNS-032_AML_146_01	136.36746	31.2
AML_147_01	SNS-032	SNS-032_AML_147_01	131.43025	27.6
AML_151_01	SNS-032	SNS-032_AML_151_01	126.177734	38.3
AML_152_01	SNS-032	SNS-032_AML_152_01	132.39775	32.5
AML_153_01	SNS-032	SNS-032_AML_153_01	150.35892	9.6
AML_156_01	SNS-032	SNS-032_AML_156_01	134.64137	32.5
AML_157_01	SNS-032	SNS-032_AML_157_01	128.20795	34.3
AML_157_02	SNS-032	SNS-032_AML_157_02	128.44533	39.2
AML_158_01	SNS-032	SNS-032_AML_158_01	130.9394	28.2
AML_159_01	SNS-032	SNS-032_AML_159_01	132.50664	24.8
AML_160_01	SNS-032	SNS-032_AML_160_01	135.00478	33.8
AML_161_01	SNS-032	SNS-032_AML_161_01	140.4027	32.5
AML_175_01	SNS-032	SNS-032_AML_175_01	119.65498	28.4
AML_179_01	SNS-032	SNS-032_AML_179_01	142.89194	27.3
AML_183_01	SNS-032	SNS-032_AML_183_01	130.12582	23.1
AML_183_02	SNS-032	SNS-032_AML_183_02	126.115685	30.5
AML_183_03	SNS-032	SNS-032_AML_183_03	129.43312	30.1
AML_184_01	SNS-032	SNS-032_AML_184_01	114.457985	28.2
AML_185_01	SNS-032	SNS-032_AML_185_01	147.37808	24.7
AML_001_01	Sorafenib	Sorafenib_AML_001_01	206.16708	3.6
AML_001_03	Sorafenib	Sorafenib_AML_001_03	214.00427	0.0
AML_002_01	Sorafenib	Sorafenib_AML_002_01	204.79419	8.8
AML_003_02	Sorafenib	Sorafenib_AML_003_02	209.11078	0.0
AML_004_01	Sorafenib	Sorafenib_AML_004_01	209.31827	0.3
AML_006_02	Sorafenib	Sorafenib_AML_006_02	215.48087	0.0
AML_007_01	Sorafenib	Sorafenib_AML_007_01	211.46623	0.0
AML_007_02	Sorafenib	Sorafenib_AML_007_02	214.9935	0.0
AML_012_01	Sorafenib	Sorafenib_AML_012_01	191.5329	16.1
AML_013_01	Sorafenib	Sorafenib_AML_013_01	199.94302	17.6
AML_014_01	Sorafenib	Sorafenib_AML_014_01	210.61993	0.0
AML_015_01	Sorafenib	Sorafenib_AML_015_01	209.01114	13.4
AML_015_02	Sorafenib	Sorafenib_AML_015_02	211.60182	8.3
AML_015_03	Sorafenib	Sorafenib_AML_015_03	206.16878	16.7
AML_015_04	Sorafenib	Sorafenib_AML_015_04	199.79736	28.5
AML_018_01	Sorafenib	Sorafenib_AML_018_01	190.35246	14.1
AML_019_01	Sorafenib	Sorafenib_AML_019_01	206.28433	0.0
AML_020_01	Sorafenib	Sorafenib_AML_020_01	208.06113	0.0
AML_022_01	Sorafenib	Sorafenib_AML_022_01	202.1807	7.2
AML_023_01	Sorafenib	Sorafenib_AML_023_01	207.92859	13.2
AML_023_03	Sorafenib	Sorafenib_AML_023_03	202.19421	5.6
AML_023_04	Sorafenib	Sorafenib_AML_023_04	202.11029	4.7
AML_024_01	Sorafenib	Sorafenib_AML_024_01	204.71004	0.0
AML_025_01	Sorafenib	Sorafenib_AML_025_01	217.3157	0.0
AML_026_01	Sorafenib	Sorafenib_AML_026_01	216.59569	0.0
AML_028_01	Sorafenib	Sorafenib_AML_028_01	206.63246	2.6
AML_028_04	Sorafenib	Sorafenib_AML_028_04	193.66391	19.5
AML_029_01	Sorafenib	Sorafenib_AML_029_01	214.62181	0.0
AML_030_01	Sorafenib	Sorafenib_AML_030_01	203.9381	0.0
AML_032_01	Sorafenib	Sorafenib_AML_032_01	211.64577	0.0
AML_033_01	Sorafenib	Sorafenib_AML_033_01	206.64603	2.7
AML_033_02	Sorafenib	Sorafenib_AML_033_02	187.78731	1.3
AML_035_02	Sorafenib	Sorafenib_AML_035_02	216.54277	0.0
AML_035_04	Sorafenib	Sorafenib_AML_035_04	207.70462	0.0
AML_036_01	Sorafenib	Sorafenib_AML_036_01	209.98264	0.0
AML_040_01	Sorafenib	Sorafenib_AML_040_01	203.34161	2.3
AML_041_01	Sorafenib	Sorafenib_AML_041_01	214.78036	2.3
AML_042_01	Sorafenib	Sorafenib_AML_042_01	212.86044	0.0
AML_043_02	Sorafenib	Sorafenib_AML_043_02	193.30054	0.0
AML_045_01	Sorafenib	Sorafenib_AML_045_01	212.71167	0.0
AML_046_01	Sorafenib	Sorafenib_AML_046_01	193.75122	27.0
AML_051_01	Sorafenib	Sorafenib_AML_051_01	199.23271	0.9
AML_052_01	Sorafenib	Sorafenib_AML_052_01	210.40707	0.0
AML_053_01	Sorafenib	Sorafenib_AML_053_01	222.86925	0.0
AML_054_01	Sorafenib	Sorafenib_AML_054_01	195.883	6.0
AML_057_01	Sorafenib	Sorafenib_AML_057_01	208.4253	0.0
AML_058_01	Sorafenib	Sorafenib_AML_058_01	205.08783	1.3
AML_059_01	Sorafenib	Sorafenib_AML_059_01	202.26501	3.5
AML_060_01	Sorafenib	Sorafenib_AML_060_01	203.91383	0.8
AML_061_01	Sorafenib	Sorafenib_AML_061_01	205.62163	0.0
AML_062_01	Sorafenib	Sorafenib_AML_062_01	198.40494	0.7
AML_064_01	Sorafenib	Sorafenib_AML_064_01	209.10933	0.0
AML_065_01	Sorafenib	Sorafenib_AML_065_01	194.16364	1.2
AML_067_01	Sorafenib	Sorafenib_AML_067_01	204.21594	3.1
AML_070_01	Sorafenib	Sorafenib_AML_070_01	216.61171	0.0
AML_072_01	Sorafenib	Sorafenib_AML_072_01	216.45598	0.0
AML_073_01	Sorafenib	Sorafenib_AML_073_01	214.73515	0.0
AML_074_01	Sorafenib	Sorafenib_AML_074_01	210.55428	0.0
AML_075_01	Sorafenib	Sorafenib_AML_075_01	212.62155	0.5
AML_076_01	Sorafenib	Sorafenib_AML_076_01	212.25435	0.0
AML_076_02	Sorafenib	Sorafenib_AML_076_02	191.58116	1.8
AML_077_01	Sorafenib	Sorafenib_AML_077_01	216.3523	0.0
AML_078_02	Sorafenib	Sorafenib_AML_078_02	211.51067	0.0
AML_084_01	Sorafenib	Sorafenib_AML_084_01	200.90414	3.7
AML_086_02	Sorafenib	Sorafenib_AML_086_02	208.31303	0.0
AML_098_01	Sorafenib	Sorafenib_AML_098_01	207.35445	0.0
AML_100_01	Sorafenib	Sorafenib_AML_100_01	210.37021	0.0
AML_101_01	Sorafenib	Sorafenib_AML_101_01	196.98782	8.5
AML_101_02	Sorafenib	Sorafenib_AML_101_02	212.27032	0.0
AML_102_01	Sorafenib	Sorafenib_AML_102_01	202.70793	0.0
AML_103_01	Sorafenib	Sorafenib_AML_103_01	197.42987	0.0
AML_103_02	Sorafenib	Sorafenib_AML_103_02	183.77663	0.0
AML_104_01	Sorafenib	Sorafenib_AML_104_01	207.9576	0.0
AML_108_01	Sorafenib	Sorafenib_AML_108_01	201.09837	0.0
AML_109_01	Sorafenib	Sorafenib_AML_109_01	200.04984	0.0
AML_110_01	Sorafenib	Sorafenib_AML_110_01	208.85664	0.0
AML_112_01	Sorafenib	Sorafenib_AML_112_01	203.1621	0.0
AML_112_02	Sorafenib	Sorafenib_AML_112_02	207.89633	0.0
AML_113_01	Sorafenib	Sorafenib_AML_113_01	195.59703	0.0
AML_114_01	Sorafenib	Sorafenib_AML_114_01	204.33823	0.0
AML_115_01	Sorafenib	Sorafenib_AML_115_01	194.81042	0.8
AML_116_01	Sorafenib	Sorafenib_AML_116_01	206.07303	0.0
AML_117_01	Sorafenib	Sorafenib_AML_117_01	212.13869	0.0
AML_119_01	Sorafenib	Sorafenib_AML_119_01	201.86528	0.0
AML_120_01	Sorafenib	Sorafenib_AML_120_01	210.66853	23.9
AML_120_03	Sorafenib	Sorafenib_AML_120_03	212.02934	11.2
AML_122_01	Sorafenib	Sorafenib_AML_122_01	212.32716	0.0
AML_123_01	Sorafenib	Sorafenib_AML_123_01	216.82349	0.0
AML_124_01	Sorafenib	Sorafenib_AML_124_01	210.95828	0.0
AML_125_01	Sorafenib	Sorafenib_AML_125_01	206.96895	0.0
AML_126_01	Sorafenib	Sorafenib_AML_126_01	210.92172	1.4
AML_127_01	Sorafenib	Sorafenib_AML_127_01	206.57074	0.0
AML_128_01	Sorafenib	Sorafenib_AML_128_01	215.74017	0.0
AML_129_02	Sorafenib	Sorafenib_AML_129_02	202.75964	22.7
AML_129_03	Sorafenib	Sorafenib_AML_129_03	201.8814	11.3
AML_131_01	Sorafenib	Sorafenib_AML_131_01	209.54013	0.0
AML_133_01	Sorafenib	Sorafenib_AML_133_01	200.05008	0.0
AML_134_01	Sorafenib	Sorafenib_AML_134_01	206.67357	0.0
AML_135_01	Sorafenib	Sorafenib_AML_135_01	206.00862	0.0
AML_138_01	Sorafenib	Sorafenib_AML_138_01	213.39468	0.0
AML_139_01	Sorafenib	Sorafenib_AML_139_01	216.86118	0.0
AML_140_01	Sorafenib	Sorafenib_AML_140_01	206.8178	0.0
AML_142_01	Sorafenib	Sorafenib_AML_142_01	194.3584	3.9
AML_143_01	Sorafenib	Sorafenib_AML_143_01	208.51056	0.0
AML_144_01	Sorafenib	Sorafenib_AML_144_01	218.23247	0.0
AML_146_01	Sorafenib	Sorafenib_AML_146_01	213.94374	0.0
AML_147_01	Sorafenib	Sorafenib_AML_147_01	207.28589	0.0
AML_151_01	Sorafenib	Sorafenib_AML_151_01	195.88092	1.0
AML_152_01	Sorafenib	Sorafenib_AML_152_01	203.34897	0.0
AML_153_01	Sorafenib	Sorafenib_AML_153_01	198.83598	0.0
AML_156_01	Sorafenib	Sorafenib_AML_156_01	199.56107	0.0
AML_157_01	Sorafenib	Sorafenib_AML_157_01	208.89142	0.5
AML_157_02	Sorafenib	Sorafenib_AML_157_02	207.66544	2.3
AML_158_01	Sorafenib	Sorafenib_AML_158_01	213.33585	0.0
AML_159_01	Sorafenib	Sorafenib_AML_159_01	211.92764	0.0
AML_160_01	Sorafenib	Sorafenib_AML_160_01	198.21455	0.0
AML_161_01	Sorafenib	Sorafenib_AML_161_01	189.72679	0.0
AML_175_01	Sorafenib	Sorafenib_AML_175_01	211.62682	0.0
AML_179_01	Sorafenib	Sorafenib_AML_179_01	199.84677	18.1
AML_183_01	Sorafenib	Sorafenib_AML_183_01	215.04396	0.0
AML_183_02	Sorafenib	Sorafenib_AML_183_02	208.4623	0.0
AML_183_03	Sorafenib	Sorafenib_AML_183_03	202.77907	0.0
AML_184_01	Sorafenib	Sorafenib_AML_184_01	208.35023	1.9
AML_185_01	Sorafenib	Sorafenib_AML_185_01	213.07425	0.0
AML_001_01	Sunitinib	Sunitinib_AML_001_01	209.7178	0.0
AML_001_03	Sunitinib	Sunitinib_AML_001_03	216.82503	1.7
AML_002_01	Sunitinib	Sunitinib_AML_002_01	207.5538	4.7
AML_003_02	Sunitinib	Sunitinib_AML_003_02	209.44167	5.3
AML_004_01	Sunitinib	Sunitinib_AML_004_01	212.00142	3.4
AML_006_02	Sunitinib	Sunitinib_AML_006_02	217.53209	2.4
AML_007_01	Sunitinib	Sunitinib_AML_007_01	212.98361	1.7
AML_007_02	Sunitinib	Sunitinib_AML_007_02	217.66597	0.3
AML_012_01	Sunitinib	Sunitinib_AML_012_01	193.3764	23.2
AML_013_01	Sunitinib	Sunitinib_AML_013_01	200.81349	19.6
AML_014_01	Sunitinib	Sunitinib_AML_014_01	214.77528	7.4
AML_015_01	Sunitinib	Sunitinib_AML_015_01	214.64656	20.0
AML_015_02	Sunitinib	Sunitinib_AML_015_02	212.65594	15.0
AML_015_03	Sunitinib	Sunitinib_AML_015_03	209.17543	20.8
AML_015_04	Sunitinib	Sunitinib_AML_015_04	204.04262	31.1
AML_018_01	Sunitinib	Sunitinib_AML_018_01	193.50783	21.6
AML_019_01	Sunitinib	Sunitinib_AML_019_01	208.50237	0.4
AML_020_01	Sunitinib	Sunitinib_AML_020_01	210.73183	6.8
AML_022_01	Sunitinib	Sunitinib_AML_022_01	203.83238	12.9
AML_023_01	Sunitinib	Sunitinib_AML_023_01	209.0169	16.3
AML_023_03	Sunitinib	Sunitinib_AML_023_03	204.46417	2.6
AML_023_04	Sunitinib	Sunitinib_AML_023_04	204.27571	8.0
AML_024_01	Sunitinib	Sunitinib_AML_024_01	212.02284	2.6
AML_025_01	Sunitinib	Sunitinib_AML_025_01	218.08688	1.3
AML_026_01	Sunitinib	Sunitinib_AML_026_01	217.17656	0.3
AML_028_01	Sunitinib	Sunitinib_AML_028_01	208.60567	8.4
AML_028_04	Sunitinib	Sunitinib_AML_028_04	194.64046	22.2
AML_029_01	Sunitinib	Sunitinib_AML_029_01	213.45558	0.8
AML_030_01	Sunitinib	Sunitinib_AML_030_01	205.1756	0.0
AML_032_01	Sunitinib	Sunitinib_AML_032_01	213.59335	0.2
AML_033_01	Sunitinib	Sunitinib_AML_033_01	207.47134	5.4
AML_033_02	Sunitinib	Sunitinib_AML_033_02	190.46283	4.9
AML_035_02	Sunitinib	Sunitinib_AML_035_02	220.16458	0.0
AML_035_04	Sunitinib	Sunitinib_AML_035_04	209.75038	0.0
AML_036_01	Sunitinib	Sunitinib_AML_036_01	213.101	0.0
AML_040_01	Sunitinib	Sunitinib_AML_040_01	206.80035	11.3
AML_041_01	Sunitinib	Sunitinib_AML_041_01	214.14558	3.7
AML_042_01	Sunitinib	Sunitinib_AML_042_01	213.97588	6.6
AML_043_02	Sunitinib	Sunitinib_AML_043_02	197.51437	1.6
AML_045_01	Sunitinib	Sunitinib_AML_045_01	215.01784	0.6
AML_046_01	Sunitinib	Sunitinib_AML_046_01	197.7516	26.4
AML_051_01	Sunitinib	Sunitinib_AML_051_01	203.75383	2.9
AML_052_01	Sunitinib	Sunitinib_AML_052_01	213.35463	0.0
AML_053_01	Sunitinib	Sunitinib_AML_053_01	224.42555	4.9
AML_054_01	Sunitinib	Sunitinib_AML_054_01	201.07426	12.4
AML_057_01	Sunitinib	Sunitinib_AML_057_01	210.6232	4.9
AML_058_01	Sunitinib	Sunitinib_AML_058_01	208.89507	5.8
AML_059_01	Sunitinib	Sunitinib_AML_059_01	206.22339	4.8
AML_060_01	Sunitinib	Sunitinib_AML_060_01	209.00171	1.1
AML_061_01	Sunitinib	Sunitinib_AML_061_01	211.31052	3.5
AML_062_01	Sunitinib	Sunitinib_AML_062_01	201.88132	9.4
AML_064_01	Sunitinib	Sunitinib_AML_064_01	210.23293	2.1
AML_065_01	Sunitinib	Sunitinib_AML_065_01	198.14352	6.5
AML_067_01	Sunitinib	Sunitinib_AML_067_01	206.97499	11.3
AML_070_01	Sunitinib	Sunitinib_AML_070_01	219.18123	1.4
AML_072_01	Sunitinib	Sunitinib_AML_072_01	217.66452	0.0
AML_073_01	Sunitinib	Sunitinib_AML_073_01	216.01233	0.0
AML_074_01	Sunitinib	Sunitinib_AML_074_01	212.34953	0.0
AML_075_01	Sunitinib	Sunitinib_AML_075_01	214.97415	3.3
AML_076_01	Sunitinib	Sunitinib_AML_076_01	213.38632	0.0
AML_076_02	Sunitinib	Sunitinib_AML_076_02	196.12247	4.7
AML_077_01	Sunitinib	Sunitinib_AML_077_01	218.31065	0.5
AML_078_02	Sunitinib	Sunitinib_AML_078_02	212.27182	0.1
AML_084_01	Sunitinib	Sunitinib_AML_084_01	202.29823	12.9
AML_086_02	Sunitinib	Sunitinib_AML_086_02	208.59904	2.9
AML_098_01	Sunitinib	Sunitinib_AML_098_01	209.11766	0.0
AML_100_01	Sunitinib	Sunitinib_AML_100_01	212.88437	0.1
AML_101_01	Sunitinib	Sunitinib_AML_101_01	198.4865	11.8
AML_101_02	Sunitinib	Sunitinib_AML_101_02	212.24358	0.5
AML_102_01	Sunitinib	Sunitinib_AML_102_01	202.8363	0.0
AML_103_01	Sunitinib	Sunitinib_AML_103_01	199.3246	0.5
AML_103_02	Sunitinib	Sunitinib_AML_103_02	187.58453	4.0
AML_104_01	Sunitinib	Sunitinib_AML_104_01	208.58012	0.0
AML_108_01	Sunitinib	Sunitinib_AML_108_01	204.99529	1.3
AML_109_01	Sunitinib	Sunitinib_AML_109_01	200.93584	2.1
AML_110_01	Sunitinib	Sunitinib_AML_110_01	211.48032	2.9
AML_112_01	Sunitinib	Sunitinib_AML_112_01	204.06255	3.9
AML_112_02	Sunitinib	Sunitinib_AML_112_02	208.05893	2.5
AML_113_01	Sunitinib	Sunitinib_AML_113_01	202.20847	4.3
AML_114_01	Sunitinib	Sunitinib_AML_114_01	204.27367	0.0
AML_115_01	Sunitinib	Sunitinib_AML_115_01	199.81493	7.3
AML_116_01	Sunitinib	Sunitinib_AML_116_01	208.6659	0.0
AML_117_01	Sunitinib	Sunitinib_AML_117_01	212.3687	0.3
AML_119_01	Sunitinib	Sunitinib_AML_119_01	202.92282	2.2
AML_120_01	Sunitinib	Sunitinib_AML_120_01	212.85422	25.0
AML_120_03	Sunitinib	Sunitinib_AML_120_03	212.95685	17.5
AML_122_01	Sunitinib	Sunitinib_AML_122_01	212.7163	0.0
AML_123_01	Sunitinib	Sunitinib_AML_123_01	218.22997	4.8
AML_124_01	Sunitinib	Sunitinib_AML_124_01	214.55591	4.1
AML_125_01	Sunitinib	Sunitinib_AML_125_01	211.786	1.0
AML_126_01	Sunitinib	Sunitinib_AML_126_01	209.93872	4.9
AML_127_01	Sunitinib	Sunitinib_AML_127_01	208.02097	0.0
AML_128_01	Sunitinib	Sunitinib_AML_128_01	217.10773	1.1
AML_129_02	Sunitinib	Sunitinib_AML_129_02	208.04973	22.3
AML_129_03	Sunitinib	Sunitinib_AML_129_03	206.337	8.6
AML_131_01	Sunitinib	Sunitinib_AML_131_01	211.36867	0.0
AML_133_01	Sunitinib	Sunitinib_AML_133_01	202.6293	1.4
AML_134_01	Sunitinib	Sunitinib_AML_134_01	207.93379	0.3
AML_135_01	Sunitinib	Sunitinib_AML_135_01	206.8885	6.0
AML_138_01	Sunitinib	Sunitinib_AML_138_01	213.5765	1.0
AML_139_01	Sunitinib	Sunitinib_AML_139_01	220.7678	4.6
AML_140_01	Sunitinib	Sunitinib_AML_140_01	209.06651	0.1
AML_142_01	Sunitinib	Sunitinib_AML_142_01	195.60487	10.9
AML_143_01	Sunitinib	Sunitinib_AML_143_01	211.55945	0.0
AML_144_01	Sunitinib	Sunitinib_AML_144_01	222.18704	2.2
AML_146_01	Sunitinib	Sunitinib_AML_146_01	216.63167	0.0
AML_147_01	Sunitinib	Sunitinib_AML_147_01	210.30142	2.7
AML_151_01	Sunitinib	Sunitinib_AML_151_01	200.24075	4.0
AML_152_01	Sunitinib	Sunitinib_AML_152_01	207.58636	0.1
AML_153_01	Sunitinib	Sunitinib_AML_153_01	200.83568	0.2
AML_156_01	Sunitinib	Sunitinib_AML_156_01	202.65865	2.4
AML_157_01	Sunitinib	Sunitinib_AML_157_01	210.9178	7.1
AML_157_02	Sunitinib	Sunitinib_AML_157_02	208.24448	8.5
AML_158_01	Sunitinib	Sunitinib_AML_158_01	215.64433	0.7
AML_159_01	Sunitinib	Sunitinib_AML_159_01	215.45775	3.3
AML_160_01	Sunitinib	Sunitinib_AML_160_01	200.61732	2.6
AML_161_01	Sunitinib	Sunitinib_AML_161_01	195.09988	2.5
AML_175_01	Sunitinib	Sunitinib_AML_175_01	212.74669	1.0
AML_179_01	Sunitinib	Sunitinib_AML_179_01	202.94806	7.1
AML_183_01	Sunitinib	Sunitinib_AML_183_01	217.08803	0.0
AML_183_02	Sunitinib	Sunitinib_AML_183_02	209.54657	0.0
AML_183_03	Sunitinib	Sunitinib_AML_183_03	205.39551	0.0
AML_184_01	Sunitinib	Sunitinib_AML_184_01	209.25856	10.7
AML_185_01	Sunitinib	Sunitinib_AML_185_01	215.27725	0.6
AML_001_01	Tandutinib	Tandutinib_AML_001_01	211.54594	0.0
AML_001_03	Tandutinib	Tandutinib_AML_001_03	212.62833	0.0
AML_002_01	Tandutinib	Tandutinib_AML_002_01	212.55261	2.8
AML_003_02	Tandutinib	Tandutinib_AML_003_02	210.536	0.0
AML_004_01	Tandutinib	Tandutinib_AML_004_01	214.77112	0.1
AML_006_02	Tandutinib	Tandutinib_AML_006_02	217.44191	0.0
AML_007_01	Tandutinib	Tandutinib_AML_007_01	209.96178	0.0
AML_007_02	Tandutinib	Tandutinib_AML_007_02	212.79274	0.0
AML_012_01	Tandutinib	Tandutinib_AML_012_01	204.56711	7.0
AML_013_01	Tandutinib	Tandutinib_AML_013_01	209.9052	6.8
AML_014_01	Tandutinib	Tandutinib_AML_014_01	214.33075	0.5
AML_015_01	Tandutinib	Tandutinib_AML_015_01	217.02344	10.4
AML_015_02	Tandutinib	Tandutinib_AML_015_02	211.89192	7.8
AML_015_03	Tandutinib	Tandutinib_AML_015_03	210.68979	9.8
AML_015_04	Tandutinib	Tandutinib_AML_015_04	210.12427	18.0
AML_018_01	Tandutinib	Tandutinib_AML_018_01	199.86488	12.2
AML_019_01	Tandutinib	Tandutinib_AML_019_01	211.36768	1.1
AML_020_01	Tandutinib	Tandutinib_AML_020_01	212.84357	0.2
AML_023_01	Tandutinib	Tandutinib_AML_023_01	209.35756	8.9
AML_023_03	Tandutinib	Tandutinib_AML_023_03	205.80836	0.0
AML_023_04	Tandutinib	Tandutinib_AML_023_04	206.48015	0.2
AML_024_01	Tandutinib	Tandutinib_AML_024_01	215.12115	0.0
AML_025_01	Tandutinib	Tandutinib_AML_025_01	217.15123	1.0
AML_026_01	Tandutinib	Tandutinib_AML_026_01	216.99422	0.0
AML_028_01	Tandutinib	Tandutinib_AML_028_01	211.92868	2.7
AML_028_04	Tandutinib	Tandutinib_AML_028_04	202.38348	12.5
AML_029_01	Tandutinib	Tandutinib_AML_029_01	211.09698	0.0
AML_030_01	Tandutinib	Tandutinib_AML_030_01	206.2133	0.0
AML_032_01	Tandutinib	Tandutinib_AML_032_01	217.70097	0.0
AML_033_01	Tandutinib	Tandutinib_AML_033_01	213.81387	2.9
AML_033_02	Tandutinib	Tandutinib_AML_033_02	203.40324	2.9
AML_035_02	Tandutinib	Tandutinib_AML_035_02	219.72333	0.0
AML_035_04	Tandutinib	Tandutinib_AML_035_04	211.84723	0.0
AML_036_01	Tandutinib	Tandutinib_AML_036_01	213.40375	0.0
AML_040_01	Tandutinib	Tandutinib_AML_040_01	210.06555	0.4
AML_041_01	Tandutinib	Tandutinib_AML_041_01	213.3379	1.1
AML_042_01	Tandutinib	Tandutinib_AML_042_01	212.29308	0.0
AML_043_02	Tandutinib	Tandutinib_AML_043_02	207.40791	0.1
AML_045_01	Tandutinib	Tandutinib_AML_045_01	216.31593	0.0
AML_046_01	Tandutinib	Tandutinib_AML_046_01	207.30484	12.5
AML_051_01	Tandutinib	Tandutinib_AML_051_01	208.4128	1.7
AML_052_01	Tandutinib	Tandutinib_AML_052_01	215.61711	0.0
AML_053_01	Tandutinib	Tandutinib_AML_053_01	224.35992	0.0
AML_054_01	Tandutinib	Tandutinib_AML_054_01	208.49954	2.8
AML_057_01	Tandutinib	Tandutinib_AML_057_01	209.25342	2.7
AML_058_01	Tandutinib	Tandutinib_AML_058_01	212.59848	0.2
AML_059_01	Tandutinib	Tandutinib_AML_059_01	211.1772	2.2
AML_060_01	Tandutinib	Tandutinib_AML_060_01	212.05144	0.2
AML_061_01	Tandutinib	Tandutinib_AML_061_01	212.15146	0.0
AML_064_01	Tandutinib	Tandutinib_AML_064_01	207.12955	0.0
AML_065_01	Tandutinib	Tandutinib_AML_065_01	201.747	3.2
AML_067_01	Tandutinib	Tandutinib_AML_067_01	204.22783	4.5
AML_070_01	Tandutinib	Tandutinib_AML_070_01	216.98126	0.0
AML_072_01	Tandutinib	Tandutinib_AML_072_01	218.41203	0.0
AML_073_01	Tandutinib	Tandutinib_AML_073_01	217.6939	4.1
AML_074_01	Tandutinib	Tandutinib_AML_074_01	211.6706	1.2
AML_075_01	Tandutinib	Tandutinib_AML_075_01	212.57538	0.5
AML_076_01	Tandutinib	Tandutinib_AML_076_01	213.63196	0.0
AML_076_02	Tandutinib	Tandutinib_AML_076_02	202.5908	1.7
AML_077_01	Tandutinib	Tandutinib_AML_077_01	218.81384	0.3
AML_078_02	Tandutinib	Tandutinib_AML_078_02	211.11292	0.9
AML_084_01	Tandutinib	Tandutinib_AML_084_01	205.47328	0.9
AML_086_02	Tandutinib	Tandutinib_AML_086_02	213.31192	2.5
AML_098_01	Tandutinib	Tandutinib_AML_098_01	208.5146	0.5
AML_100_01	Tandutinib	Tandutinib_AML_100_01	213.70538	0.7
AML_101_01	Tandutinib	Tandutinib_AML_101_01	204.23793	4.2
AML_101_02	Tandutinib	Tandutinib_AML_101_02	215.03215	0.0
AML_102_01	Tandutinib	Tandutinib_AML_102_01	201.14792	0.0
AML_103_01	Tandutinib	Tandutinib_AML_103_01	199.39119	0.0
AML_103_02	Tandutinib	Tandutinib_AML_103_02	197.77327	2.7
AML_104_01	Tandutinib	Tandutinib_AML_104_01	207.23164	0.0
AML_108_01	Tandutinib	Tandutinib_AML_108_01	204.68008	1.7
AML_109_01	Tandutinib	Tandutinib_AML_109_01	205.242	1.6
AML_110_01	Tandutinib	Tandutinib_AML_110_01	211.26886	2.3
AML_112_01	Tandutinib	Tandutinib_AML_112_01	204.08965	0.0
AML_112_02	Tandutinib	Tandutinib_AML_112_02	208.77513	2.2
AML_113_01	Tandutinib	Tandutinib_AML_113_01	207.80234	1.4
AML_114_01	Tandutinib	Tandutinib_AML_114_01	204.44601	0.0
AML_115_01	Tandutinib	Tandutinib_AML_115_01	203.91072	4.6
AML_116_01	Tandutinib	Tandutinib_AML_116_01	209.56535	0.0
AML_117_01	Tandutinib	Tandutinib_AML_117_01	212.13052	1.5
AML_119_01	Tandutinib	Tandutinib_AML_119_01	202.76701	0.5
AML_120_01	Tandutinib	Tandutinib_AML_120_01	212.02574	14.4
AML_120_03	Tandutinib	Tandutinib_AML_120_03	213.26181	5.3
AML_122_01	Tandutinib	Tandutinib_AML_122_01	207.66277	0.4
AML_123_01	Tandutinib	Tandutinib_AML_123_01	216.97888	1.2
AML_124_01	Tandutinib	Tandutinib_AML_124_01	215.0503	1.5
AML_125_01	Tandutinib	Tandutinib_AML_125_01	213.38887	0.4
AML_126_01	Tandutinib	Tandutinib_AML_126_01	208.18143	0.0
AML_127_01	Tandutinib	Tandutinib_AML_127_01	210.30957	0.1
AML_128_01	Tandutinib	Tandutinib_AML_128_01	216.99576	0.0
AML_129_02	Tandutinib	Tandutinib_AML_129_02	211.22485	5.4
AML_129_03	Tandutinib	Tandutinib_AML_129_03	211.34134	1.5
AML_131_01	Tandutinib	Tandutinib_AML_131_01	209.81693	0.2
AML_133_01	Tandutinib	Tandutinib_AML_133_01	208.48305	0.2
AML_134_01	Tandutinib	Tandutinib_AML_134_01	209.70776	0.5
AML_135_01	Tandutinib	Tandutinib_AML_135_01	208.8332	0.3
AML_138_01	Tandutinib	Tandutinib_AML_138_01	216.07863	2.1
AML_139_01	Tandutinib	Tandutinib_AML_139_01	221.20082	2.0
AML_140_01	Tandutinib	Tandutinib_AML_140_01	209.99268	0.4
AML_142_01	Tandutinib	Tandutinib_AML_142_01	204.92027	5.2
AML_143_01	Tandutinib	Tandutinib_AML_143_01	212.545	0.2
AML_144_01	Tandutinib	Tandutinib_AML_144_01	221.36769	0.9
AML_146_01	Tandutinib	Tandutinib_AML_146_01	215.86313	0.0
AML_147_01	Tandutinib	Tandutinib_AML_147_01	210.73007	4.1
AML_151_01	Tandutinib	Tandutinib_AML_151_01	203.16754	0.0
AML_152_01	Tandutinib	Tandutinib_AML_152_01	211.0073	0.3
AML_153_01	Tandutinib	Tandutinib_AML_153_01	203.4503	0.1
AML_156_01	Tandutinib	Tandutinib_AML_156_01	208.06305	0.0
AML_157_01	Tandutinib	Tandutinib_AML_157_01	210.53735	3.2
AML_157_02	Tandutinib	Tandutinib_AML_157_02	210.21735	3.6
AML_158_01	Tandutinib	Tandutinib_AML_158_01	213.12625	0.2
AML_159_01	Tandutinib	Tandutinib_AML_159_01	215.79298	1.5
AML_160_01	Tandutinib	Tandutinib_AML_160_01	204.4545	2.0
AML_161_01	Tandutinib	Tandutinib_AML_161_01	202.49014	9.3
AML_175_01	Tandutinib	Tandutinib_AML_175_01	211.92365	0.0
AML_179_01	Tandutinib	Tandutinib_AML_179_01	209.83615	6.9
AML_183_01	Tandutinib	Tandutinib_AML_183_01	214.8409	0.0
AML_183_02	Tandutinib	Tandutinib_AML_183_02	207.62363	0.1
AML_183_03	Tandutinib	Tandutinib_AML_183_03	205.69312	0.5
AML_184_01	Tandutinib	Tandutinib_AML_184_01	208.30724	2.4
AML_185_01	Tandutinib	Tandutinib_AML_185_01	217.33513	0.0
AML_001_01	17-AAG	17-AAG_AML_001_01	181.90381	1.6
AML_001_03	17-AAG	17-AAG_AML_001_03	179.79254	19.6
AML_002_01	17-AAG	17-AAG_AML_002_01	186.45813	13.7
AML_003_02	17-AAG	17-AAG_AML_003_02	189.68652	11.3
AML_004_01	17-AAG	17-AAG_AML_004_01	182.65372	17.4
AML_006_02	17-AAG	17-AAG_AML_006_02	186.2635	11.9
AML_007_01	17-AAG	17-AAG_AML_007_01	175.19032	14.5
AML_007_02	17-AAG	17-AAG_AML_007_02	174.39203	19.1
AML_012_01	17-AAG	17-AAG_AML_012_01	180.6167	15.5
AML_013_01	17-AAG	17-AAG_AML_013_01	185.19376	13.0
AML_014_01	17-AAG	17-AAG_AML_014_01	178.92557	16.0
AML_015_01	17-AAG	17-AAG_AML_015_01	187.84123	20.5
AML_015_02	17-AAG	17-AAG_AML_015_02	183.26022	18.5
AML_015_03	17-AAG	17-AAG_AML_015_03	177.20412	26.5
AML_015_04	17-AAG	17-AAG_AML_015_04	183.52893	24.0
AML_018_01	17-AAG	17-AAG_AML_018_01	164.53006	21.8
AML_019_01	17-AAG	17-AAG_AML_019_01	187.0058	11.4
AML_020_01	17-AAG	17-AAG_AML_020_01	190.18137	4.3
AML_022_01	17-AAG	17-AAG_AML_022_01	167.90205	13.4
AML_023_01	17-AAG	17-AAG_AML_023_01	176.08595	18.4
AML_023_03	17-AAG	17-AAG_AML_023_03	170.09377	16.9
AML_023_04	17-AAG	17-AAG_AML_023_04	171.26808	14.3
AML_024_01	17-AAG	17-AAG_AML_024_01	189.43	12.3
AML_025_01	17-AAG	17-AAG_AML_025_01	189.11243	13.9
AML_026_01	17-AAG	17-AAG_AML_026_01	185.42635	13.3
AML_028_01	17-AAG	17-AAG_AML_028_01	183.58652	11.7
AML_028_04	17-AAG	17-AAG_AML_028_04	179.18185	21.8
AML_029_01	17-AAG	17-AAG_AML_029_01	181.93004	10.5
AML_030_01	17-AAG	17-AAG_AML_030_01	173.08324	11.9
AML_032_01	17-AAG	17-AAG_AML_032_01	189.52716	8.0
AML_033_01	17-AAG	17-AAG_AML_033_01	187.01202	16.9
AML_033_02	17-AAG	17-AAG_AML_033_02	179.71469	19.0
AML_035_02	17-AAG	17-AAG_AML_035_02	191.67622	8.6
AML_035_04	17-AAG	17-AAG_AML_035_04	191.27258	11.9
AML_036_01	17-AAG	17-AAG_AML_036_01	171.77444	15.6
AML_040_01	17-AAG	17-AAG_AML_040_01	172.59482	16.7
AML_041_01	17-AAG	17-AAG_AML_041_01	179.47844	11.0
AML_042_01	17-AAG	17-AAG_AML_042_01	180.51385	18.8
AML_043_02	17-AAG	17-AAG_AML_043_02	184.19212	10.7
AML_045_01	17-AAG	17-AAG_AML_045_01	186.26701	7.2
AML_046_01	17-AAG	17-AAG_AML_046_01	173.80498	27.8
AML_051_01	17-AAG	17-AAG_AML_051_01	175.91273	5.6
AML_052_01	17-AAG	17-AAG_AML_052_01	185.93275	18.4
AML_053_01	17-AAG	17-AAG_AML_053_01	192.2836	7.9
AML_054_01	17-AAG	17-AAG_AML_054_01	181.86911	18.6
AML_057_01	17-AAG	17-AAG_AML_057_01	175.41245	17.2
AML_058_01	17-AAG	17-AAG_AML_058_01	177.9375	11.0
AML_059_01	17-AAG	17-AAG_AML_059_01	177.46101	18.9
AML_060_01	17-AAG	17-AAG_AML_060_01	187.06088	20.7
AML_061_01	17-AAG	17-AAG_AML_061_01	179.50296	18.7
AML_062_01	17-AAG	17-AAG_AML_062_01	166.08253	20.8
AML_064_01	17-AAG	17-AAG_AML_064_01	169.34567	21.2
AML_065_01	17-AAG	17-AAG_AML_065_01	168.40611	18.8
AML_067_01	17-AAG	17-AAG_AML_067_01	168.98564	19.3
AML_070_01	17-AAG	17-AAG_AML_070_01	186.892	9.7
AML_072_01	17-AAG	17-AAG_AML_072_01	191.99132	8.8
AML_073_01	17-AAG	17-AAG_AML_073_01	193.11761	5.6
AML_074_01	17-AAG	17-AAG_AML_074_01	177.28857	13.4
AML_075_01	17-AAG	17-AAG_AML_075_01	180.86008	14.3
AML_076_01	17-AAG	17-AAG_AML_076_01	181.84895	12.6
AML_076_02	17-AAG	17-AAG_AML_076_02	171.20688	14.6
AML_077_01	17-AAG	17-AAG_AML_077_01	191.26782	18.0
AML_078_02	17-AAG	17-AAG_AML_078_02	175.12392	17.0
AML_084_01	17-AAG	17-AAG_AML_084_01	178.09721	19.6
AML_086_02	17-AAG	17-AAG_AML_086_02	186.91077	7.7
AML_098_01	17-AAG	17-AAG_AML_098_01	172.08504	14.7
AML_100_01	17-AAG	17-AAG_AML_100_01	178.69919	11.1
AML_101_01	17-AAG	17-AAG_AML_101_01	179.50316	23.8
AML_101_02	17-AAG	17-AAG_AML_101_02	191.88591	1.1
AML_102_01	17-AAG	17-AAG_AML_102_01	164.70149	17.1
AML_103_01	17-AAG	17-AAG_AML_103_01	161.48074	17.9
AML_103_02	17-AAG	17-AAG_AML_103_02	173.35696	24.0
AML_104_01	17-AAG	17-AAG_AML_104_01	172.13004	11.3
AML_108_01	17-AAG	17-AAG_AML_108_01	164.62483	21.9
AML_109_01	17-AAG	17-AAG_AML_109_01	179.8551	4.4
AML_110_01	17-AAG	17-AAG_AML_110_01	179.13231	19.7
AML_112_01	17-AAG	17-AAG_AML_112_01	169.00539	19.3
AML_112_02	17-AAG	17-AAG_AML_112_02	174.73593	18.8
AML_113_01	17-AAG	17-AAG_AML_113_01	168.73212	20.6
AML_114_01	17-AAG	17-AAG_AML_114_01	172.99808	11.6
AML_115_01	17-AAG	17-AAG_AML_115_01	168.64714	18.3
AML_116_01	17-AAG	17-AAG_AML_116_01	174.60062	16.3
AML_117_01	17-AAG	17-AAG_AML_117_01	180.90585	9.1
AML_119_01	17-AAG	17-AAG_AML_119_01	166.71277	12.6
AML_120_01	17-AAG	17-AAG_AML_120_01	181.60997	22.0
AML_120_03	17-AAG	17-AAG_AML_120_03	183.20334	24.1
AML_122_01	17-AAG	17-AAG_AML_122_01	173.22446	14.2
AML_123_01	17-AAG	17-AAG_AML_123_01	184.36378	12.4
AML_124_01	17-AAG	17-AAG_AML_124_01	182.71518	19.7
AML_125_01	17-AAG	17-AAG_AML_125_01	182.70587	11.5
AML_126_01	17-AAG	17-AAG_AML_126_01	179.54185	13.7
AML_127_01	17-AAG	17-AAG_AML_127_01	170.89133	16.1
AML_128_01	17-AAG	17-AAG_AML_128_01	190.4152	10.2
AML_129_02	17-AAG	17-AAG_AML_129_02	176.20078	24.2
AML_129_03	17-AAG	17-AAG_AML_129_03	176.63269	15.1
AML_131_01	17-AAG	17-AAG_AML_131_01	171.90826	14.2
AML_133_01	17-AAG	17-AAG_AML_133_01	184.68506	12.2
AML_134_01	17-AAG	17-AAG_AML_134_01	190.12044	7.7
AML_135_01	17-AAG	17-AAG_AML_135_01	180.40504	21.3
AML_138_01	17-AAG	17-AAG_AML_138_01	193.60976	16.1
AML_139_01	17-AAG	17-AAG_AML_139_01	185.48842	13.2
AML_140_01	17-AAG	17-AAG_AML_140_01	175.74898	16.8
AML_142_01	17-AAG	17-AAG_AML_142_01	182.64899	11.0
AML_143_01	17-AAG	17-AAG_AML_143_01	181.63766	15.2
AML_144_01	17-AAG	17-AAG_AML_144_01	191.14206	13.2
AML_146_01	17-AAG	17-AAG_AML_146_01	185.71957	15.0
AML_147_01	17-AAG	17-AAG_AML_147_01	178.96964	17.2
AML_151_01	17-AAG	17-AAG_AML_151_01	165.41264	25.5
AML_152_01	17-AAG	17-AAG_AML_152_01	177.85172	14.3
AML_153_01	17-AAG	17-AAG_AML_153_01	184.78836	2.6
AML_156_01	17-AAG	17-AAG_AML_156_01	175.71852	15.9
AML_157_01	17-AAG	17-AAG_AML_157_01	173.18896	25.1
AML_157_02	17-AAG	17-AAG_AML_157_02	174.05087	23.9
AML_158_01	17-AAG	17-AAG_AML_158_01	182.96523	14.3
AML_159_01	17-AAG	17-AAG_AML_159_01	186.47894	17.2
AML_160_01	17-AAG	17-AAG_AML_160_01	170.98082	19.0
AML_161_01	17-AAG	17-AAG_AML_161_01	174.1318	16.1
AML_175_01	17-AAG	17-AAG_AML_175_01	177.37708	6.0
AML_179_01	17-AAG	17-AAG_AML_179_01	184.70152	13.6
AML_183_01	17-AAG	17-AAG_AML_183_01	183.59319	17.2
AML_183_02	17-AAG	17-AAG_AML_183_02	174.34784	13.3
AML_183_03	17-AAG	17-AAG_AML_183_03	170.55447	20.5
AML_184_01	17-AAG	17-AAG_AML_184_01	170.65251	15.9
AML_185_01	17-AAG	17-AAG_AML_185_01	193.26675	11.0
AML_004_01	TG100-115	TG100-115_AML_004_01	237.41615	2.6
AML_019_01	TG100-115	TG100-115_AML_019_01	233.56798	1.6
AML_025_01	TG100-115	TG100-115_AML_025_01	240.12837	1.4
AML_026_01	TG100-115	TG100-115_AML_026_01	240.84749	0.2
AML_029_01	TG100-115	TG100-115_AML_029_01	233.6059	0.1
AML_030_01	TG100-115	TG100-115_AML_030_01	229.65395	0.3
AML_033_01	TG100-115	TG100-115_AML_033_01	236.9414	0.0
AML_033_02	TG100-115	TG100-115_AML_033_02	230.93515	0.4
AML_041_01	TG100-115	TG100-115_AML_041_01	236.55438	0.6
AML_042_01	TG100-115	TG100-115_AML_042_01	233.45021	2.9
AML_043_02	TG100-115	TG100-115_AML_043_02	230.79572	0.0
AML_046_01	TG100-115	TG100-115_AML_046_01	235.32195	1.6
AML_052_01	TG100-115	TG100-115_AML_052_01	237.78825	3.7
AML_057_01	TG100-115	TG100-115_AML_057_01	234.29651	3.9
AML_058_01	TG100-115	TG100-115_AML_058_01	235.9677	2.1
AML_059_01	TG100-115	TG100-115_AML_059_01	236.79042	2.3
AML_060_01	TG100-115	TG100-115_AML_060_01	238.20134	1.4
AML_061_01	TG100-115	TG100-115_AML_061_01	235.73402	0.7
AML_062_01	TG100-115	TG100-115_AML_062_01	228.1388	2.8
AML_064_01	TG100-115	TG100-115_AML_064_01	227.50269	3.2
AML_065_01	TG100-115	TG100-115_AML_065_01	228.82623	0.5
AML_067_01	TG100-115	TG100-115_AML_067_01	230.4732	3.6
AML_070_01	TG100-115	TG100-115_AML_070_01	238.49036	0.0
AML_072_01	TG100-115	TG100-115_AML_072_01	240.14508	0.0
AML_073_01	TG100-115	TG100-115_AML_073_01	239.94946	0.8
AML_074_01	TG100-115	TG100-115_AML_074_01	236.4869	2.2
AML_075_01	TG100-115	TG100-115_AML_075_01	234.95168	0.7
AML_076_01	TG100-115	TG100-115_AML_076_01	235.9703	0.0
AML_076_02	TG100-115	TG100-115_AML_076_02	227.39491	0.0
AML_077_01	TG100-115	TG100-115_AML_077_01	239.33768	4.0
AML_078_02	TG100-115	TG100-115_AML_078_02	235.35005	2.5
AML_086_02	TG100-115	TG100-115_AML_086_02	235.86417	1.6
AML_098_01	TG100-115	TG100-115_AML_098_01	232.48737	0.0
AML_100_01	TG100-115	TG100-115_AML_100_01	238.49722	0.8
AML_101_01	TG100-115	TG100-115_AML_101_01	227.78911	0.3
AML_101_02	TG100-115	TG100-115_AML_101_02	235.67978	1.6
AML_102_01	TG100-115	TG100-115_AML_102_01	230.42764	1.2
AML_103_01	TG100-115	TG100-115_AML_103_01	223.44565	2.8
AML_103_02	TG100-115	TG100-115_AML_103_02	224.90968	1.4
AML_104_01	TG100-115	TG100-115_AML_104_01	234.60817	0.0
AML_108_01	TG100-115	TG100-115_AML_108_01	231.64647	3.8
AML_109_01	TG100-115	TG100-115_AML_109_01	227.95273	0.5
AML_110_01	TG100-115	TG100-115_AML_110_01	236.87534	2.1
AML_112_01	TG100-115	TG100-115_AML_112_01	228.77444	5.0
AML_112_02	TG100-115	TG100-115_AML_112_02	231.89113	1.3
AML_113_01	TG100-115	TG100-115_AML_113_01	229.83456	4.2
AML_114_01	TG100-115	TG100-115_AML_114_01	231.06136	2.6
AML_115_01	TG100-115	TG100-115_AML_115_01	229.83038	7.0
AML_116_01	TG100-115	TG100-115_AML_116_01	233.72835	1.7
AML_117_01	TG100-115	TG100-115_AML_117_01	236.87155	0.9
AML_119_01	TG100-115	TG100-115_AML_119_01	230.6642	2.4
AML_122_01	TG100-115	TG100-115_AML_122_01	229.04846	0.2
AML_123_01	TG100-115	TG100-115_AML_123_01	239.27963	2.6
AML_124_01	TG100-115	TG100-115_AML_124_01	237.237	1.7
AML_125_01	TG100-115	TG100-115_AML_125_01	238.77219	0.5
AML_126_01	TG100-115	TG100-115_AML_126_01	230.62341	3.8
AML_127_01	TG100-115	TG100-115_AML_127_01	234.65147	0.0
AML_128_01	TG100-115	TG100-115_AML_128_01	237.59525	1.7
AML_131_01	TG100-115	TG100-115_AML_131_01	232.70306	0.2
AML_133_01	TG100-115	TG100-115_AML_133_01	230.79863	2.4
AML_134_01	TG100-115	TG100-115_AML_134_01	231.7772	1.1
AML_135_01	TG100-115	TG100-115_AML_135_01	233.48535	2.4
AML_138_01	TG100-115	TG100-115_AML_138_01	240.246	0.3
AML_139_01	TG100-115	TG100-115_AML_139_01	244.971	4.9
AML_140_01	TG100-115	TG100-115_AML_140_01	236.05972	0.4
AML_142_01	TG100-115	TG100-115_AML_142_01	228.9455	3.5
AML_143_01	TG100-115	TG100-115_AML_143_01	235.04932	0.1
AML_144_01	TG100-115	TG100-115_AML_144_01	242.73428	3.8
AML_146_01	TG100-115	TG100-115_AML_146_01	239.56625	1.6
AML_147_01	TG100-115	TG100-115_AML_147_01	236.29086	2.0
AML_151_01	TG100-115	TG100-115_AML_151_01	229.32698	1.4
AML_152_01	TG100-115	TG100-115_AML_152_01	236.71393	0.7
AML_153_01	TG100-115	TG100-115_AML_153_01	226.40192	0.0
AML_156_01	TG100-115	TG100-115_AML_156_01	231.17395	1.5
AML_157_01	TG100-115	TG100-115_AML_157_01	235.11974	2.1
AML_157_02	TG100-115	TG100-115_AML_157_02	234.50487	2.7
AML_158_01	TG100-115	TG100-115_AML_158_01	238.19649	2.9
AML_159_01	TG100-115	TG100-115_AML_159_01	238.60521	2.6
AML_160_01	TG100-115	TG100-115_AML_160_01	228.68388	2.3
AML_161_01	TG100-115	TG100-115_AML_161_01	228.97278	2.6
AML_183_01	TG100-115	TG100-115_AML_183_01	238.49498	0.0
AML_183_02	TG100-115	TG100-115_AML_183_02	231.78046	2.0
AML_183_03	TG100-115	TG100-115_AML_183_03	228.76074	1.1
AML_001_01	Tivozanib	Tivozanib_AML_001_01	198.00708	0.0
AML_001_03	Tivozanib	Tivozanib_AML_001_03	205.68484	2.0
AML_002_01	Tivozanib	Tivozanib_AML_002_01	201.82617	11.2
AML_003_02	Tivozanib	Tivozanib_AML_003_02	203.14824	8.1
AML_004_01	Tivozanib	Tivozanib_AML_004_01	203.80739	9.1
AML_006_02	Tivozanib	Tivozanib_AML_006_02	207.54378	3.9
AML_007_01	Tivozanib	Tivozanib_AML_007_01	206.18924	0.0
AML_007_02	Tivozanib	Tivozanib_AML_007_02	206.99156	0.0
AML_012_01	Tivozanib	Tivozanib_AML_012_01	194.70088	11.4
AML_013_01	Tivozanib	Tivozanib_AML_013_01	201.32175	21.7
AML_014_01	Tivozanib	Tivozanib_AML_014_01	206.9136	0.0
AML_015_01	Tivozanib	Tivozanib_AML_015_01	207.8133	32.3
AML_015_02	Tivozanib	Tivozanib_AML_015_02	204.34166	27.4
AML_015_03	Tivozanib	Tivozanib_AML_015_03	202.63092	38.5
AML_015_04	Tivozanib	Tivozanib_AML_015_04	198.97289	44.6
AML_018_01	Tivozanib	Tivozanib_AML_018_01	189.51085	14.0
AML_019_01	Tivozanib	Tivozanib_AML_019_01	202.23454	2.8
AML_022_01	Tivozanib	Tivozanib_AML_022_01	198.99136	0.3
AML_023_01	Tivozanib	Tivozanib_AML_023_01	201.34634	15.9
AML_023_03	Tivozanib	Tivozanib_AML_023_03	195.69106	5.6
AML_023_04	Tivozanib	Tivozanib_AML_023_04	195.16956	10.4
AML_024_01	Tivozanib	Tivozanib_AML_024_01	208.76479	4.0
AML_025_01	Tivozanib	Tivozanib_AML_025_01	210.78162	0.2
AML_026_01	Tivozanib	Tivozanib_AML_026_01	207.58284	0.0
AML_028_01	Tivozanib	Tivozanib_AML_028_01	202.01616	5.4
AML_028_04	Tivozanib	Tivozanib_AML_028_04	190.83673	12.6
AML_029_01	Tivozanib	Tivozanib_AML_029_01	205.28224	2.2
AML_030_01	Tivozanib	Tivozanib_AML_030_01	195.10535	0.2
AML_032_01	Tivozanib	Tivozanib_AML_032_01	208.77565	0.0
AML_033_01	Tivozanib	Tivozanib_AML_033_01	206.64104	5.9
AML_033_02	Tivozanib	Tivozanib_AML_033_02	192.38965	5.9
AML_035_02	Tivozanib	Tivozanib_AML_035_02	212.45894	0.3
AML_035_04	Tivozanib	Tivozanib_AML_035_04	203.834	0.0
AML_036_01	Tivozanib	Tivozanib_AML_036_01	204.6905	0.6
AML_040_01	Tivozanib	Tivozanib_AML_040_01	197.0393	15.5
AML_041_01	Tivozanib	Tivozanib_AML_041_01	202.90356	9.2
AML_042_01	Tivozanib	Tivozanib_AML_042_01	204.34387	5.3
AML_043_02	Tivozanib	Tivozanib_AML_043_02	196.87642	1.9
AML_045_01	Tivozanib	Tivozanib_AML_045_01	206.81589	0.0
AML_046_01	Tivozanib	Tivozanib_AML_046_01	193.82666	19.2
AML_051_01	Tivozanib	Tivozanib_AML_051_01	196.39616	3.2
AML_052_01	Tivozanib	Tivozanib_AML_052_01	205.98813	3.4
AML_053_01	Tivozanib	Tivozanib_AML_053_01	217.34183	6.3
AML_054_01	Tivozanib	Tivozanib_AML_054_01	196.10274	9.6
AML_057_01	Tivozanib	Tivozanib_AML_057_01	198.43425	9.2
AML_058_01	Tivozanib	Tivozanib_AML_058_01	200.8161	11.0
AML_059_01	Tivozanib	Tivozanib_AML_059_01	200.3535	12.2
AML_060_01	Tivozanib	Tivozanib_AML_060_01	203.39467	6.6
AML_061_01	Tivozanib	Tivozanib_AML_061_01	204.08173	4.2
AML_062_01	Tivozanib	Tivozanib_AML_062_01	193.47667	10.8
AML_064_01	Tivozanib	Tivozanib_AML_064_01	202.93225	1.0
AML_065_01	Tivozanib	Tivozanib_AML_065_01	186.50562	6.3
AML_067_01	Tivozanib	Tivozanib_AML_067_01	193.3492	11.0
AML_070_01	Tivozanib	Tivozanib_AML_070_01	208.66531	0.1
AML_072_01	Tivozanib	Tivozanib_AML_072_01	210.8494	0.4
AML_073_01	Tivozanib	Tivozanib_AML_073_01	209.10141	4.4
AML_074_01	Tivozanib	Tivozanib_AML_074_01	201.81456	2.4
AML_075_01	Tivozanib	Tivozanib_AML_075_01	204.9321	0.9
AML_076_01	Tivozanib	Tivozanib_AML_076_01	204.77434	0.4
AML_076_02	Tivozanib	Tivozanib_AML_076_02	188.81503	5.5
AML_077_01	Tivozanib	Tivozanib_AML_077_01	210.30305	1.7
AML_078_02	Tivozanib	Tivozanib_AML_078_02	201.16252	0.0
AML_084_01	Tivozanib	Tivozanib_AML_084_01	197.79301	5.9
AML_086_02	Tivozanib	Tivozanib_AML_086_02	205.22197	6.2
AML_098_01	Tivozanib	Tivozanib_AML_098_01	198.80489	0.0
AML_100_01	Tivozanib	Tivozanib_AML_100_01	200.6915	2.7
AML_101_01	Tivozanib	Tivozanib_AML_101_01	194.0769	19.5
AML_101_02	Tivozanib	Tivozanib_AML_101_02	206.63757	0.0
AML_102_01	Tivozanib	Tivozanib_AML_102_01	189.99466	0.0
AML_103_01	Tivozanib	Tivozanib_AML_103_01	190.7341	0.1
AML_103_02	Tivozanib	Tivozanib_AML_103_02	185.46895	7.6
AML_104_01	Tivozanib	Tivozanib_AML_104_01	194.26405	0.0
AML_108_01	Tivozanib	Tivozanib_AML_108_01	190.56679	1.7
AML_109_01	Tivozanib	Tivozanib_AML_109_01	195.91591	0.9
AML_110_01	Tivozanib	Tivozanib_AML_110_01	201.34064	4.4
AML_112_01	Tivozanib	Tivozanib_AML_112_01	192.58649	2.8
AML_112_02	Tivozanib	Tivozanib_AML_112_02	198.88571	2.5
AML_113_01	Tivozanib	Tivozanib_AML_113_01	195.06004	5.8
AML_114_01	Tivozanib	Tivozanib_AML_114_01	193.5529	0.0
AML_115_01	Tivozanib	Tivozanib_AML_115_01	188.89291	11.6
AML_116_01	Tivozanib	Tivozanib_AML_116_01	196.32756	0.0
AML_117_01	Tivozanib	Tivozanib_AML_117_01	202.2039	2.5
AML_119_01	Tivozanib	Tivozanib_AML_119_01	190.98643	0.1
AML_120_01	Tivozanib	Tivozanib_AML_120_01	203.68202	24.2
AML_120_03	Tivozanib	Tivozanib_AML_120_03	205.01505	23.0
AML_122_01	Tivozanib	Tivozanib_AML_122_01	203.1042	0.0
AML_123_01	Tivozanib	Tivozanib_AML_123_01	206.61511	3.7
AML_124_01	Tivozanib	Tivozanib_AML_124_01	203.47708	5.4
AML_125_01	Tivozanib	Tivozanib_AML_125_01	200.84918	1.8
AML_126_01	Tivozanib	Tivozanib_AML_126_01	201.03348	6.0
AML_127_01	Tivozanib	Tivozanib_AML_127_01	198.45906	4.4
AML_128_01	Tivozanib	Tivozanib_AML_128_01	207.82274	5.6
AML_129_02	Tivozanib	Tivozanib_AML_129_02	200.70789	17.1
AML_129_03	Tivozanib	Tivozanib_AML_129_03	198.51628	9.2
AML_131_01	Tivozanib	Tivozanib_AML_131_01	202.14024	0.0
AML_133_01	Tivozanib	Tivozanib_AML_133_01	199.89738	5.2
AML_134_01	Tivozanib	Tivozanib_AML_134_01	202.76138	0.0
AML_135_01	Tivozanib	Tivozanib_AML_135_01	197.9321	9.0
AML_138_01	Tivozanib	Tivozanib_AML_138_01	208.9075	2.3
AML_139_01	Tivozanib	Tivozanib_AML_139_01	214.17703	2.2
AML_140_01	Tivozanib	Tivozanib_AML_140_01	200.49329	1.2
AML_142_01	Tivozanib	Tivozanib_AML_142_01	194.80095	6.1
AML_143_01	Tivozanib	Tivozanib_AML_143_01	203.76874	2.1
AML_144_01	Tivozanib	Tivozanib_AML_144_01	212.94783	1.8
AML_146_01	Tivozanib	Tivozanib_AML_146_01	208.0019	0.0
AML_147_01	Tivozanib	Tivozanib_AML_147_01	201.34789	10.1
AML_151_01	Tivozanib	Tivozanib_AML_151_01	193.59366	10.6
AML_152_01	Tivozanib	Tivozanib_AML_152_01	199.33961	0.8
AML_153_01	Tivozanib	Tivozanib_AML_153_01	195.2687	0.0
AML_156_01	Tivozanib	Tivozanib_AML_156_01	194.08081	2.7
AML_157_01	Tivozanib	Tivozanib_AML_157_01	203.62173	6.4
AML_157_02	Tivozanib	Tivozanib_AML_157_02	202.77852	10.0
AML_158_01	Tivozanib	Tivozanib_AML_158_01	206.09708	1.7
AML_159_01	Tivozanib	Tivozanib_AML_159_01	205.69994	4.4
AML_160_01	Tivozanib	Tivozanib_AML_160_01	192.93909	1.3
AML_161_01	Tivozanib	Tivozanib_AML_161_01	187.78166	10.2
AML_175_01	Tivozanib	Tivozanib_AML_175_01	197.65956	0.0
AML_179_01	Tivozanib	Tivozanib_AML_179_01	199.62265	8.6
AML_183_01	Tivozanib	Tivozanib_AML_183_01	206.04803	0.8
AML_183_02	Tivozanib	Tivozanib_AML_183_02	199.3899	0.5
AML_183_03	Tivozanib	Tivozanib_AML_183_03	195.9147	0.0
AML_184_01	Tivozanib	Tivozanib_AML_184_01	197.11993	12.8
AML_185_01	Tivozanib	Tivozanib_AML_185_01	209.47693	0.0
AML_001_01	Tofacitinib	Tofacitinib_AML_001_01	221.31177	0.0
AML_001_03	Tofacitinib	Tofacitinib_AML_001_03	220.48221	4.9
AML_002_01	Tofacitinib	Tofacitinib_AML_002_01	221.7744	0.0
AML_003_02	Tofacitinib	Tofacitinib_AML_003_02	221.62164	12.4
AML_004_01	Tofacitinib	Tofacitinib_AML_004_01	222.33492	9.6
AML_006_02	Tofacitinib	Tofacitinib_AML_006_02	222.53885	0.0
AML_007_01	Tofacitinib	Tofacitinib_AML_007_01	218.7766	0.5
AML_007_02	Tofacitinib	Tofacitinib_AML_007_02	221.8818	0.0
AML_012_01	Tofacitinib	Tofacitinib_AML_012_01	218.957	0.0
AML_013_01	Tofacitinib	Tofacitinib_AML_013_01	222.86087	0.0
AML_014_01	Tofacitinib	Tofacitinib_AML_014_01	223.68268	0.0
AML_015_01	Tofacitinib	Tofacitinib_AML_015_01	226.52058	0.3
AML_015_02	Tofacitinib	Tofacitinib_AML_015_02	219.29785	0.0
AML_015_03	Tofacitinib	Tofacitinib_AML_015_03	222.59023	0.0
AML_015_04	Tofacitinib	Tofacitinib_AML_015_04	221.70184	0.0
AML_018_01	Tofacitinib	Tofacitinib_AML_018_01	210.01933	17.1
AML_019_01	Tofacitinib	Tofacitinib_AML_019_01	220.85126	4.2
AML_020_01	Tofacitinib	Tofacitinib_AML_020_01	225.11969	0.0
AML_022_01	Tofacitinib	Tofacitinib_AML_022_01	212.63762	0.0
AML_023_01	Tofacitinib	Tofacitinib_AML_023_01	215.79846	0.0
AML_023_03	Tofacitinib	Tofacitinib_AML_023_03	213.46223	0.0
AML_023_04	Tofacitinib	Tofacitinib_AML_023_04	214.49197	0.0
AML_024_01	Tofacitinib	Tofacitinib_AML_024_01	224.8949	8.9
AML_025_01	Tofacitinib	Tofacitinib_AML_025_01	224.84186	7.3
AML_026_01	Tofacitinib	Tofacitinib_AML_026_01	223.99054	3.9
AML_028_01	Tofacitinib	Tofacitinib_AML_028_01	222.02255	0.0
AML_028_04	Tofacitinib	Tofacitinib_AML_028_04	214.0261	1.3
AML_029_01	Tofacitinib	Tofacitinib_AML_029_01	218.24367	4.0
AML_030_01	Tofacitinib	Tofacitinib_AML_030_01	213.39998	3.6
AML_032_01	Tofacitinib	Tofacitinib_AML_032_01	224.40453	5.4
AML_033_01	Tofacitinib	Tofacitinib_AML_033_01	222.02637	12.1
AML_033_02	Tofacitinib	Tofacitinib_AML_033_02	217.984	13.4
AML_035_02	Tofacitinib	Tofacitinib_AML_035_02	228.43771	5.6
AML_035_04	Tofacitinib	Tofacitinib_AML_035_04	224.55815	5.4
AML_036_01	Tofacitinib	Tofacitinib_AML_036_01	221.06998	6.1
AML_040_01	Tofacitinib	Tofacitinib_AML_040_01	219.81265	0.0
AML_041_01	Tofacitinib	Tofacitinib_AML_041_01	220.25534	0.2
AML_042_01	Tofacitinib	Tofacitinib_AML_042_01	219.36212	0.0
AML_043_02	Tofacitinib	Tofacitinib_AML_043_02	219.79352	12.2
AML_045_01	Tofacitinib	Tofacitinib_AML_045_01	224.56967	0.0
AML_046_01	Tofacitinib	Tofacitinib_AML_046_01	219.31535	2.5
AML_051_01	Tofacitinib	Tofacitinib_AML_051_01	218.17502	0.0
AML_052_01	Tofacitinib	Tofacitinib_AML_052_01	222.11629	4.8
AML_053_01	Tofacitinib	Tofacitinib_AML_053_01	229.86163	0.0
AML_054_01	Tofacitinib	Tofacitinib_AML_054_01	220.29305	0.0
AML_057_01	Tofacitinib	Tofacitinib_AML_057_01	219.32315	1.8
AML_058_01	Tofacitinib	Tofacitinib_AML_058_01	220.96542	0.0
AML_059_01	Tofacitinib	Tofacitinib_AML_059_01	219.96466	0.0
AML_060_01	Tofacitinib	Tofacitinib_AML_060_01	222.58235	0.0
AML_061_01	Tofacitinib	Tofacitinib_AML_061_01	219.49713	0.0
AML_062_01	Tofacitinib	Tofacitinib_AML_062_01	213.31747	0.0
AML_064_01	Tofacitinib	Tofacitinib_AML_064_01	215.99387	0.6
AML_065_01	Tofacitinib	Tofacitinib_AML_065_01	212.49693	0.1
AML_067_01	Tofacitinib	Tofacitinib_AML_067_01	213.83138	0.0
AML_070_01	Tofacitinib	Tofacitinib_AML_070_01	221.9986	2.0
AML_072_01	Tofacitinib	Tofacitinib_AML_072_01	226.66788	0.0
AML_073_01	Tofacitinib	Tofacitinib_AML_073_01	226.0015	0.2
AML_074_01	Tofacitinib	Tofacitinib_AML_074_01	219.09773	5.6
AML_075_01	Tofacitinib	Tofacitinib_AML_075_01	218.57805	0.0
AML_076_01	Tofacitinib	Tofacitinib_AML_076_01	220.76038	6.0
AML_076_02	Tofacitinib	Tofacitinib_AML_076_02	212.47348	6.4
AML_077_01	Tofacitinib	Tofacitinib_AML_077_01	225.29536	7.3
AML_078_02	Tofacitinib	Tofacitinib_AML_078_02	218.50473	4.4
AML_084_01	Tofacitinib	Tofacitinib_AML_084_01	216.57668	1.7
AML_086_02	Tofacitinib	Tofacitinib_AML_086_02	223.56813	6.5
AML_098_01	Tofacitinib	Tofacitinib_AML_098_01	217.50749	6.2
AML_100_01	Tofacitinib	Tofacitinib_AML_100_01	221.38957	4.4
AML_101_01	Tofacitinib	Tofacitinib_AML_101_01	215.48471	9.5
AML_101_02	Tofacitinib	Tofacitinib_AML_101_02	224.1809	0.7
AML_102_01	Tofacitinib	Tofacitinib_AML_102_01	212.2783	2.0
AML_103_01	Tofacitinib	Tofacitinib_AML_103_01	208.12415	8.2
AML_103_02	Tofacitinib	Tofacitinib_AML_103_02	211.81866	10.6
AML_104_01	Tofacitinib	Tofacitinib_AML_104_01	218.18677	6.8
AML_108_01	Tofacitinib	Tofacitinib_AML_108_01	215.38521	8.2
AML_109_01	Tofacitinib	Tofacitinib_AML_109_01	214.78192	0.0
AML_110_01	Tofacitinib	Tofacitinib_AML_110_01	220.7962	8.7
AML_112_01	Tofacitinib	Tofacitinib_AML_112_01	213.59673	0.4
AML_112_02	Tofacitinib	Tofacitinib_AML_112_02	217.46606	2.7
AML_113_01	Tofacitinib	Tofacitinib_AML_113_01	215.08472	12.0
AML_114_01	Tofacitinib	Tofacitinib_AML_114_01	213.1321	3.8
AML_115_01	Tofacitinib	Tofacitinib_AML_115_01	214.06079	7.9
AML_116_01	Tofacitinib	Tofacitinib_AML_116_01	216.53435	8.1
AML_117_01	Tofacitinib	Tofacitinib_AML_117_01	219.83476	5.0
AML_119_01	Tofacitinib	Tofacitinib_AML_119_01	212.55402	7.2
AML_120_01	Tofacitinib	Tofacitinib_AML_120_01	220.2838	0.0
AML_120_03	Tofacitinib	Tofacitinib_AML_120_03	220.48526	0.0
AML_122_01	Tofacitinib	Tofacitinib_AML_122_01	218.12767	3.7
AML_123_01	Tofacitinib	Tofacitinib_AML_123_01	223.80464	6.5
AML_124_01	Tofacitinib	Tofacitinib_AML_124_01	222.02402	7.6
AML_125_01	Tofacitinib	Tofacitinib_AML_125_01	220.32434	5.4
AML_126_01	Tofacitinib	Tofacitinib_AML_126_01	215.32198	11.9
AML_127_01	Tofacitinib	Tofacitinib_AML_127_01	218.15315	9.1
AML_128_01	Tofacitinib	Tofacitinib_AML_128_01	223.40591	8.1
AML_129_02	Tofacitinib	Tofacitinib_AML_129_02	220.72044	3.0
AML_129_03	Tofacitinib	Tofacitinib_AML_129_03	221.37175	1.4
AML_131_01	Tofacitinib	Tofacitinib_AML_131_01	217.55185	4.1
AML_133_01	Tofacitinib	Tofacitinib_AML_133_01	220.15782	11.4
AML_134_01	Tofacitinib	Tofacitinib_AML_134_01	218.01257	6.4
AML_135_01	Tofacitinib	Tofacitinib_AML_135_01	221.06345	3.7
AML_138_01	Tofacitinib	Tofacitinib_AML_138_01	227.00731	10.0
AML_139_01	Tofacitinib	Tofacitinib_AML_139_01	229.74237	7.1
AML_140_01	Tofacitinib	Tofacitinib_AML_140_01	219.3969	4.8
AML_142_01	Tofacitinib	Tofacitinib_AML_142_01	217.74947	13.3
AML_143_01	Tofacitinib	Tofacitinib_AML_143_01	220.43272	5.8
AML_144_01	Tofacitinib	Tofacitinib_AML_144_01	229.60924	6.1
AML_146_01	Tofacitinib	Tofacitinib_AML_146_01	223.23776	5.2
AML_147_01	Tofacitinib	Tofacitinib_AML_147_01	220.88393	3.8
AML_151_01	Tofacitinib	Tofacitinib_AML_151_01	215.4892	6.6
AML_152_01	Tofacitinib	Tofacitinib_AML_152_01	220.162	8.2
AML_153_01	Tofacitinib	Tofacitinib_AML_153_01	214.62521	1.2
AML_156_01	Tofacitinib	Tofacitinib_AML_156_01	217.12106	8.3
AML_157_01	Tofacitinib	Tofacitinib_AML_157_01	221.6752	4.2
AML_157_02	Tofacitinib	Tofacitinib_AML_157_02	219.99843	3.8
AML_158_01	Tofacitinib	Tofacitinib_AML_158_01	224.27228	4.9
AML_159_01	Tofacitinib	Tofacitinib_AML_159_01	224.528	4.4
AML_160_01	Tofacitinib	Tofacitinib_AML_160_01	215.19366	5.8
AML_161_01	Tofacitinib	Tofacitinib_AML_161_01	213.92487	11.3
AML_175_01	Tofacitinib	Tofacitinib_AML_175_01	221.35468	0.0
AML_179_01	Tofacitinib	Tofacitinib_AML_179_01	219.55582	0.0
AML_183_01	Tofacitinib	Tofacitinib_AML_183_01	221.5505	5.1
AML_183_02	Tofacitinib	Tofacitinib_AML_183_02	215.08882	6.7
AML_183_03	Tofacitinib	Tofacitinib_AML_183_03	213.35396	2.0
AML_184_01	Tofacitinib	Tofacitinib_AML_184_01	217.79126	0.7
AML_185_01	Tofacitinib	Tofacitinib_AML_185_01	226.8842	5.9
AML_004_01	Tozasertib	Tozasertib_AML_004_01	222.7481	12.7
AML_019_01	Tozasertib	Tozasertib_AML_019_01	220.98691	7.2
AML_025_01	Tozasertib	Tozasertib_AML_025_01	228.07492	2.3
AML_026_01	Tozasertib	Tozasertib_AML_026_01	228.07022	3.9
AML_029_01	Tozasertib	Tozasertib_AML_029_01	224.76491	1.2
AML_030_01	Tozasertib	Tozasertib_AML_030_01	217.35255	0.5
AML_033_01	Tozasertib	Tozasertib_AML_033_01	221.37585	23.2
AML_033_02	Tozasertib	Tozasertib_AML_033_02	212.05795	19.3
AML_041_01	Tozasertib	Tozasertib_AML_041_01	227.9004	1.1
AML_042_01	Tozasertib	Tozasertib_AML_042_01	225.3538	9.9
AML_043_02	Tozasertib	Tozasertib_AML_043_02	213.57817	16.0
AML_046_01	Tozasertib	Tozasertib_AML_046_01	217.33728	23.5
AML_052_01	Tozasertib	Tozasertib_AML_052_01	221.64825	7.9
AML_057_01	Tozasertib	Tozasertib_AML_057_01	222.8602	5.4
AML_058_01	Tozasertib	Tozasertib_AML_058_01	221.41661	8.0
AML_059_01	Tozasertib	Tozasertib_AML_059_01	219.31212	5.2
AML_060_01	Tozasertib	Tozasertib_AML_060_01	220.61243	0.0
AML_061_01	Tozasertib	Tozasertib_AML_061_01	221.70807	4.0
AML_062_01	Tozasertib	Tozasertib_AML_062_01	217.25548	15.8
AML_064_01	Tozasertib	Tozasertib_AML_064_01	221.60707	5.8
AML_065_01	Tozasertib	Tozasertib_AML_065_01	215.26913	9.4
AML_067_01	Tozasertib	Tozasertib_AML_067_01	219.63022	5.5
AML_070_01	Tozasertib	Tozasertib_AML_070_01	226.95555	5.1
AML_072_01	Tozasertib	Tozasertib_AML_072_01	226.66197	0.0
AML_073_01	Tozasertib	Tozasertib_AML_073_01	228.77493	0.0
AML_074_01	Tozasertib	Tozasertib_AML_074_01	222.2967	5.6
AML_075_01	Tozasertib	Tozasertib_AML_075_01	224.22179	3.9
AML_076_01	Tozasertib	Tozasertib_AML_076_01	228.00589	2.0
AML_076_02	Tozasertib	Tozasertib_AML_076_02	210.97581	0.0
AML_077_01	Tozasertib	Tozasertib_AML_077_01	228.07367	14.1
AML_078_02	Tozasertib	Tozasertib_AML_078_02	225.15108	3.1
AML_086_02	Tozasertib	Tozasertib_AML_086_02	224.57932	2.6
AML_098_01	Tozasertib	Tozasertib_AML_098_01	220.97769	6.9
AML_100_01	Tozasertib	Tozasertib_AML_100_01	224.58705	3.7
AML_101_01	Tozasertib	Tozasertib_AML_101_01	215.75623	9.6
AML_101_02	Tozasertib	Tozasertib_AML_101_02	225.95786	0.0
AML_102_01	Tozasertib	Tozasertib_AML_102_01	218.66736	2.0
AML_103_01	Tozasertib	Tozasertib_AML_103_01	214.52005	2.3
AML_103_02	Tozasertib	Tozasertib_AML_103_02	206.67973	16.0
AML_104_01	Tozasertib	Tozasertib_AML_104_01	222.42786	2.4
AML_108_01	Tozasertib	Tozasertib_AML_108_01	217.69553	6.2
AML_109_01	Tozasertib	Tozasertib_AML_109_01	216.65	0.0
AML_110_01	Tozasertib	Tozasertib_AML_110_01	222.3813	14.1
AML_112_01	Tozasertib	Tozasertib_AML_112_01	217.94113	1.5
AML_112_02	Tozasertib	Tozasertib_AML_112_02	221.93062	2.5
AML_113_01	Tozasertib	Tozasertib_AML_113_01	215.7361	20.5
AML_114_01	Tozasertib	Tozasertib_AML_114_01	220.08583	1.3
AML_115_01	Tozasertib	Tozasertib_AML_115_01	215.50117	7.3
AML_116_01	Tozasertib	Tozasertib_AML_116_01	218.69205	4.6
AML_117_01	Tozasertib	Tozasertib_AML_117_01	224.10745	3.6
AML_119_01	Tozasertib	Tozasertib_AML_119_01	218.56425	3.3
AML_122_01	Tozasertib	Tozasertib_AML_122_01	223.91241	0.0
AML_123_01	Tozasertib	Tozasertib_AML_123_01	228.37166	5.5
AML_124_01	Tozasertib	Tozasertib_AML_124_01	223.40535	20.9
AML_125_01	Tozasertib	Tozasertib_AML_125_01	221.70485	15.5
AML_126_01	Tozasertib	Tozasertib_AML_126_01	221.38101	0.0
AML_127_01	Tozasertib	Tozasertib_AML_127_01	221.8044	11.9
AML_128_01	Tozasertib	Tozasertib_AML_128_01	226.62447	2.7
AML_131_01	Tozasertib	Tozasertib_AML_131_01	223.67345	3.8
AML_133_01	Tozasertib	Tozasertib_AML_133_01	215.61647	10.9
AML_134_01	Tozasertib	Tozasertib_AML_134_01	220.45628	1.7
AML_135_01	Tozasertib	Tozasertib_AML_135_01	222.4174	5.5
AML_138_01	Tozasertib	Tozasertib_AML_138_01	227.53577	5.8
AML_139_01	Tozasertib	Tozasertib_AML_139_01	231.26814	8.5
AML_140_01	Tozasertib	Tozasertib_AML_140_01	220.02966	10.7
AML_142_01	Tozasertib	Tozasertib_AML_142_01	212.75833	13.1
AML_143_01	Tozasertib	Tozasertib_AML_143_01	221.66234	6.2
AML_144_01	Tozasertib	Tozasertib_AML_144_01	230.00099	7.5
AML_146_01	Tozasertib	Tozasertib_AML_146_01	223.71225	2.8
AML_147_01	Tozasertib	Tozasertib_AML_147_01	222.44775	4.8
AML_151_01	Tozasertib	Tozasertib_AML_151_01	215.25554	6.2
AML_152_01	Tozasertib	Tozasertib_AML_152_01	221.76865	14.9
AML_153_01	Tozasertib	Tozasertib_AML_153_01	215.23387	0.0
AML_156_01	Tozasertib	Tozasertib_AML_156_01	216.43188	8.6
AML_157_01	Tozasertib	Tozasertib_AML_157_01	222.81638	8.2
AML_157_02	Tozasertib	Tozasertib_AML_157_02	220.08292	6.5
AML_158_01	Tozasertib	Tozasertib_AML_158_01	226.41188	4.6
AML_159_01	Tozasertib	Tozasertib_AML_159_01	225.22511	6.3
AML_160_01	Tozasertib	Tozasertib_AML_160_01	217.19781	5.7
AML_161_01	Tozasertib	Tozasertib_AML_161_01	212.49867	23.8
AML_183_01	Tozasertib	Tozasertib_AML_183_01	226.13716	2.4
AML_183_02	Tozasertib	Tozasertib_AML_183_02	221.25609	0.0
AML_183_03	Tozasertib	Tozasertib_AML_183_03	220.08891	5.0
AML_001_01	Trametinib	Trametinib_AML_001_01	165.33636	0.0
AML_001_03	Trametinib	Trametinib_AML_001_03	154.25105	26.7
AML_002_01	Trametinib	Trametinib_AML_002_01	184.61006	8.2
AML_003_02	Trametinib	Trametinib_AML_003_02	173.14252	16.6
AML_004_01	Trametinib	Trametinib_AML_004_01	181.55014	6.2
AML_006_02	Trametinib	Trametinib_AML_006_02	182.43481	1.4
AML_007_01	Trametinib	Trametinib_AML_007_01	161.53127	19.5
AML_007_02	Trametinib	Trametinib_AML_007_02	156.23164	17.1
AML_012_01	Trametinib	Trametinib_AML_012_01	183.0625	0.1
AML_013_01	Trametinib	Trametinib_AML_013_01	189.16016	13.7
AML_014_01	Trametinib	Trametinib_AML_014_01	167.49895	12.1
AML_015_01	Trametinib	Trametinib_AML_015_01	182.39679	12.8
AML_015_02	Trametinib	Trametinib_AML_015_02	178.90527	12.9
AML_015_03	Trametinib	Trametinib_AML_015_03	173.88283	18.2
AML_015_04	Trametinib	Trametinib_AML_015_04	174.03528	11.8
AML_018_01	Trametinib	Trametinib_AML_018_01	165.63336	21.9
AML_019_01	Trametinib	Trametinib_AML_019_01	183.27089	0.0
AML_020_01	Trametinib	Trametinib_AML_020_01	181.889	0.0
AML_022_01	Trametinib	Trametinib_AML_022_01	152.49649	20.7
AML_023_01	Trametinib	Trametinib_AML_023_01	171.35883	15.7
AML_023_03	Trametinib	Trametinib_AML_023_03	160.91397	4.6
AML_023_04	Trametinib	Trametinib_AML_023_04	163.72546	4.3
AML_024_01	Trametinib	Trametinib_AML_024_01	185.54332	3.9
AML_025_01	Trametinib	Trametinib_AML_025_01	179.14958	10.2
AML_026_01	Trametinib	Trametinib_AML_026_01	178.4214	7.3
AML_028_01	Trametinib	Trametinib_AML_028_01	180.84354	1.8
AML_028_04	Trametinib	Trametinib_AML_028_04	172.00632	17.5
AML_029_01	Trametinib	Trametinib_AML_029_01	176.02785	9.3
AML_030_01	Trametinib	Trametinib_AML_030_01	166.01738	3.7
AML_032_01	Trametinib	Trametinib_AML_032_01	185.73125	4.9
AML_033_01	Trametinib	Trametinib_AML_033_01	187.22913	14.8
AML_033_02	Trametinib	Trametinib_AML_033_02	177.26862	8.9
AML_035_02	Trametinib	Trametinib_AML_035_02	178.36542	11.6
AML_035_04	Trametinib	Trametinib_AML_035_04	178.39977	11.8
AML_036_01	Trametinib	Trametinib_AML_036_01	160.9801	3.8
AML_040_01	Trametinib	Trametinib_AML_040_01	168.80988	14.5
AML_041_01	Trametinib	Trametinib_AML_041_01	165.09158	6.1
AML_042_01	Trametinib	Trametinib_AML_042_01	174.31248	14.8
AML_043_02	Trametinib	Trametinib_AML_043_02	184.09161	10.5
AML_045_01	Trametinib	Trametinib_AML_045_01	179.82552	0.0
AML_046_01	Trametinib	Trametinib_AML_046_01	170.83548	0.0
AML_051_01	Trametinib	Trametinib_AML_051_01	170.98428	0.3
AML_052_01	Trametinib	Trametinib_AML_052_01	188.86584	1.6
AML_053_01	Trametinib	Trametinib_AML_053_01	190.4834	0.4
AML_054_01	Trametinib	Trametinib_AML_054_01	179.77231	0.4
AML_057_01	Trametinib	Trametinib_AML_057_01	164.53247	16.0
AML_058_01	Trametinib	Trametinib_AML_058_01	174.00146	4.8
AML_059_01	Trametinib	Trametinib_AML_059_01	173.82884	3.7
AML_060_01	Trametinib	Trametinib_AML_060_01	186.63031	0.0
AML_061_01	Trametinib	Trametinib_AML_061_01	167.97404	4.4
AML_062_01	Trametinib	Trametinib_AML_062_01	159.87428	14.2
AML_064_01	Trametinib	Trametinib_AML_064_01	158.47119	21.1
AML_065_01	Trametinib	Trametinib_AML_065_01	152.25824	23.2
AML_067_01	Trametinib	Trametinib_AML_067_01	153.55144	10.5
AML_070_01	Trametinib	Trametinib_AML_070_01	181.65126	2.6
AML_072_01	Trametinib	Trametinib_AML_072_01	189.64288	0.0
AML_073_01	Trametinib	Trametinib_AML_073_01	183.54109	4.9
AML_074_01	Trametinib	Trametinib_AML_074_01	175.88623	8.7
AML_075_01	Trametinib	Trametinib_AML_075_01	166.58925	13.5
AML_076_01	Trametinib	Trametinib_AML_076_01	165.79532	5.2
AML_076_02	Trametinib	Trametinib_AML_076_02	167.81233	5.4
AML_077_01	Trametinib	Trametinib_AML_077_01	185.4998	10.0
AML_078_02	Trametinib	Trametinib_AML_078_02	163.11006	7.8
AML_084_01	Trametinib	Trametinib_AML_084_01	159.81964	12.1
AML_086_02	Trametinib	Trametinib_AML_086_02	182.71622	6.5
AML_098_01	Trametinib	Trametinib_AML_098_01	165.04054	6.3
AML_100_01	Trametinib	Trametinib_AML_100_01	169.53392	6.5
AML_101_01	Trametinib	Trametinib_AML_101_01	174.2379	15.6
AML_101_02	Trametinib	Trametinib_AML_101_02	189.47314	0.0
AML_102_01	Trametinib	Trametinib_AML_102_01	150.80861	20.6
AML_103_01	Trametinib	Trametinib_AML_103_01	152.21603	13.9
AML_103_02	Trametinib	Trametinib_AML_103_02	172.53595	15.0
AML_104_01	Trametinib	Trametinib_AML_104_01	156.15773	7.3
AML_108_01	Trametinib	Trametinib_AML_108_01	153.82965	11.7
AML_109_01	Trametinib	Trametinib_AML_109_01	174.52962	3.0
AML_110_01	Trametinib	Trametinib_AML_110_01	168.52393	6.7
AML_112_01	Trametinib	Trametinib_AML_112_01	159.29495	6.4
AML_112_02	Trametinib	Trametinib_AML_112_02	165.1127	11.2
AML_113_01	Trametinib	Trametinib_AML_113_01	165.3168	8.7
AML_114_01	Trametinib	Trametinib_AML_114_01	164.5205	11.9
AML_115_01	Trametinib	Trametinib_AML_115_01	153.71202	19.3
AML_116_01	Trametinib	Trametinib_AML_116_01	172.91017	7.6
AML_117_01	Trametinib	Trametinib_AML_117_01	177.14883	0.7
AML_119_01	Trametinib	Trametinib_AML_119_01	158.56586	9.0
AML_120_01	Trametinib	Trametinib_AML_120_01	173.12534	14.4
AML_120_03	Trametinib	Trametinib_AML_120_03	172.82904	11.7
AML_122_01	Trametinib	Trametinib_AML_122_01	157.30705	7.9
AML_123_01	Trametinib	Trametinib_AML_123_01	180.23543	9.6
AML_124_01	Trametinib	Trametinib_AML_124_01	180.4743	10.5
AML_125_01	Trametinib	Trametinib_AML_125_01	176.86858	8.2
AML_126_01	Trametinib	Trametinib_AML_126_01	174.09549	9.6
AML_127_01	Trametinib	Trametinib_AML_127_01	164.4101	8.6
AML_128_01	Trametinib	Trametinib_AML_128_01	184.2779	2.0
AML_129_02	Trametinib	Trametinib_AML_129_02	171.7321	11.7
AML_129_03	Trametinib	Trametinib_AML_129_03	172.27785	4.0
AML_131_01	Trametinib	Trametinib_AML_131_01	161.33992	8.2
AML_133_01	Trametinib	Trametinib_AML_133_01	175.93832	16.9
AML_134_01	Trametinib	Trametinib_AML_134_01	182.61832	12.6
AML_135_01	Trametinib	Trametinib_AML_135_01	171.79941	15.5
AML_138_01	Trametinib	Trametinib_AML_138_01	182.71445	14.7
AML_139_01	Trametinib	Trametinib_AML_139_01	186.15634	6.0
AML_140_01	Trametinib	Trametinib_AML_140_01	172.22446	7.9
AML_142_01	Trametinib	Trametinib_AML_142_01	181.69098	8.0
AML_143_01	Trametinib	Trametinib_AML_143_01	179.03714	3.2
AML_144_01	Trametinib	Trametinib_AML_144_01	183.8904	18.9
AML_146_01	Trametinib	Trametinib_AML_146_01	185.96468	5.3
AML_147_01	Trametinib	Trametinib_AML_147_01	171.8765	11.4
AML_151_01	Trametinib	Trametinib_AML_151_01	158.76375	16.7
AML_152_01	Trametinib	Trametinib_AML_152_01	172.64928	4.6
AML_153_01	Trametinib	Trametinib_AML_153_01	175.78893	0.0
AML_156_01	Trametinib	Trametinib_AML_156_01	173.78497	11.7
AML_157_01	Trametinib	Trametinib_AML_157_01	169.36937	9.1
AML_157_02	Trametinib	Trametinib_AML_157_02	179.157	14.0
AML_158_01	Trametinib	Trametinib_AML_158_01	176.774	8.8
AML_159_01	Trametinib	Trametinib_AML_159_01	181.6169	10.7
AML_160_01	Trametinib	Trametinib_AML_160_01	160.09596	12.9
AML_161_01	Trametinib	Trametinib_AML_161_01	171.0262	10.0
AML_175_01	Trametinib	Trametinib_AML_175_01	170.72047	0.9
AML_179_01	Trametinib	Trametinib_AML_179_01	186.41124	0.0
AML_183_01	Trametinib	Trametinib_AML_183_01	173.4117	4.0
AML_183_02	Trametinib	Trametinib_AML_183_02	165.84319	10.6
AML_183_03	Trametinib	Trametinib_AML_183_03	155.94197	8.9
AML_184_01	Trametinib	Trametinib_AML_184_01	167.34239	19.3
AML_185_01	Trametinib	Trametinib_AML_185_01	187.11433	17.5
AML_001_01	Vandetanib	Vandetanib_AML_001_01	226.12706	3.8
AML_001_03	Vandetanib	Vandetanib_AML_001_03	230.15512	0.0
AML_002_01	Vandetanib	Vandetanib_AML_002_01	222.66893	9.0
AML_003_02	Vandetanib	Vandetanib_AML_003_02	223.2575	0.0
AML_004_01	Vandetanib	Vandetanib_AML_004_01	228.28728	0.0
AML_006_02	Vandetanib	Vandetanib_AML_006_02	231.90439	6.2
AML_007_01	Vandetanib	Vandetanib_AML_007_01	229.85081	5.1
AML_007_02	Vandetanib	Vandetanib_AML_007_02	233.1238	0.0
AML_012_01	Vandetanib	Vandetanib_AML_012_01	211.73187	0.7
AML_013_01	Vandetanib	Vandetanib_AML_013_01	217.68735	17.0
AML_014_01	Vandetanib	Vandetanib_AML_014_01	230.01326	0.0
AML_015_01	Vandetanib	Vandetanib_AML_015_01	230.09076	0.0
AML_015_02	Vandetanib	Vandetanib_AML_015_02	227.02353	0.0
AML_015_03	Vandetanib	Vandetanib_AML_015_03	228.12593	3.2
AML_015_04	Vandetanib	Vandetanib_AML_015_04	221.00754	8.2
AML_018_01	Vandetanib	Vandetanib_AML_018_01	211.83081	0.0
AML_019_01	Vandetanib	Vandetanib_AML_019_01	223.00305	1.3
AML_020_01	Vandetanib	Vandetanib_AML_020_01	224.62024	0.0
AML_022_01	Vandetanib	Vandetanib_AML_022_01	224.338	7.7
AML_023_01	Vandetanib	Vandetanib_AML_023_01	227.13506	9.1
AML_023_03	Vandetanib	Vandetanib_AML_023_03	224.8536	7.9
AML_023_04	Vandetanib	Vandetanib_AML_023_04	223.92302	9.1
AML_024_01	Vandetanib	Vandetanib_AML_024_01	224.05069	2.5
AML_025_01	Vandetanib	Vandetanib_AML_025_01	232.7798	0.0
AML_026_01	Vandetanib	Vandetanib_AML_026_01	233.45596	0.1
AML_028_01	Vandetanib	Vandetanib_AML_028_01	225.7671	2.6
AML_028_04	Vandetanib	Vandetanib_AML_028_04	211.53954	10.1
AML_029_01	Vandetanib	Vandetanib_AML_029_01	228.62242	1.2
AML_030_01	Vandetanib	Vandetanib_AML_030_01	222.44211	0.0
AML_032_01	Vandetanib	Vandetanib_AML_032_01	228.21529	0.0
AML_033_01	Vandetanib	Vandetanib_AML_033_01	223.23228	0.3
AML_033_02	Vandetanib	Vandetanib_AML_033_02	210.4476	3.0
AML_035_02	Vandetanib	Vandetanib_AML_035_02	234.1357	0.0
AML_035_04	Vandetanib	Vandetanib_AML_035_04	224.17358	0.8
AML_036_01	Vandetanib	Vandetanib_AML_036_01	232.10468	0.0
AML_040_01	Vandetanib	Vandetanib_AML_040_01	226.23448	0.0
AML_041_01	Vandetanib	Vandetanib_AML_041_01	231.14238	0.0
AML_042_01	Vandetanib	Vandetanib_AML_042_01	229.21307	0.0
AML_043_02	Vandetanib	Vandetanib_AML_043_02	215.02173	0.0
AML_045_01	Vandetanib	Vandetanib_AML_045_01	230.82397	0.0
AML_046_01	Vandetanib	Vandetanib_AML_046_01	216.40945	5.3
AML_051_01	Vandetanib	Vandetanib_AML_051_01	221.65646	0.0
AML_052_01	Vandetanib	Vandetanib_AML_052_01	228.72314	0.0
AML_053_01	Vandetanib	Vandetanib_AML_053_01	237.89752	0.0
AML_054_01	Vandetanib	Vandetanib_AML_054_01	217.12836	0.1
AML_057_01	Vandetanib	Vandetanib_AML_057_01	228.4413	0.9
AML_058_01	Vandetanib	Vandetanib_AML_058_01	226.3549	0.0
AML_059_01	Vandetanib	Vandetanib_AML_059_01	223.74184	0.0
AML_060_01	Vandetanib	Vandetanib_AML_060_01	223.32407	0.0
AML_061_01	Vandetanib	Vandetanib_AML_061_01	225.1685	0.0
AML_062_01	Vandetanib	Vandetanib_AML_062_01	221.05531	4.7
AML_064_01	Vandetanib	Vandetanib_AML_064_01	227.16043	0.0
AML_065_01	Vandetanib	Vandetanib_AML_065_01	218.32059	0.0
AML_067_01	Vandetanib	Vandetanib_AML_067_01	223.78336	1.0
AML_070_01	Vandetanib	Vandetanib_AML_070_01	231.419	0.0
AML_072_01	Vandetanib	Vandetanib_AML_072_01	230.69019	0.0
AML_073_01	Vandetanib	Vandetanib_AML_073_01	231.25049	1.6
AML_074_01	Vandetanib	Vandetanib_AML_074_01	229.7118	2.2
AML_075_01	Vandetanib	Vandetanib_AML_075_01	228.71822	0.0
AML_076_01	Vandetanib	Vandetanib_AML_076_01	229.05908	0.0
AML_076_02	Vandetanib	Vandetanib_AML_076_02	214.7073	2.5
AML_077_01	Vandetanib	Vandetanib_AML_077_01	230.29292	0.0
AML_078_02	Vandetanib	Vandetanib_AML_078_02	229.71754	0.4
AML_084_01	Vandetanib	Vandetanib_AML_084_01	220.70879	0.7
AML_086_02	Vandetanib	Vandetanib_AML_086_02	224.35423	3.3
AML_098_01	Vandetanib	Vandetanib_AML_098_01	226.83083	0.0
AML_100_01	Vandetanib	Vandetanib_AML_100_01	230.57437	0.4
AML_101_01	Vandetanib	Vandetanib_AML_101_01	215.0481	1.5
AML_101_02	Vandetanib	Vandetanib_AML_101_02	226.27657	2.2
AML_102_01	Vandetanib	Vandetanib_AML_102_01	223.86345	0.0
AML_103_01	Vandetanib	Vandetanib_AML_103_01	219.46107	0.0
AML_103_02	Vandetanib	Vandetanib_AML_103_02	206.51416	1.1
AML_104_01	Vandetanib	Vandetanib_AML_104_01	227.38297	0.0
AML_108_01	Vandetanib	Vandetanib_AML_108_01	224.18646	0.0
AML_109_01	Vandetanib	Vandetanib_AML_109_01	216.12961	1.4
AML_110_01	Vandetanib	Vandetanib_AML_110_01	227.05324	2.6
AML_112_01	Vandetanib	Vandetanib_AML_112_01	223.89615	3.7
AML_112_02	Vandetanib	Vandetanib_AML_112_02	227.19894	0.0
AML_113_01	Vandetanib	Vandetanib_AML_113_01	218.45364	0.9
AML_114_01	Vandetanib	Vandetanib_AML_114_01	223.32689	0.0
AML_115_01	Vandetanib	Vandetanib_AML_115_01	219.20213	6.1
AML_116_01	Vandetanib	Vandetanib_AML_116_01	224.7524	0.0
AML_117_01	Vandetanib	Vandetanib_AML_117_01	229.36852	0.0
AML_119_01	Vandetanib	Vandetanib_AML_119_01	223.22134	4.0
AML_120_01	Vandetanib	Vandetanib_AML_120_01	228.1856	5.1
AML_120_03	Vandetanib	Vandetanib_AML_120_03	228.10443	0.0
AML_122_01	Vandetanib	Vandetanib_AML_122_01	228.68198	0.0
AML_123_01	Vandetanib	Vandetanib_AML_123_01	233.53445	1.8
AML_124_01	Vandetanib	Vandetanib_AML_124_01	228.70827	0.0
AML_125_01	Vandetanib	Vandetanib_AML_125_01	226.59627	0.0
AML_126_01	Vandetanib	Vandetanib_AML_126_01	224.9581	1.4
AML_127_01	Vandetanib	Vandetanib_AML_127_01	227.37299	0.0
AML_128_01	Vandetanib	Vandetanib_AML_128_01	231.23131	1.6
AML_129_02	Vandetanib	Vandetanib_AML_129_02	225.923	14.5
AML_129_03	Vandetanib	Vandetanib_AML_129_03	225.01611	9.5
AML_131_01	Vandetanib	Vandetanib_AML_131_01	229.4526	0.0
AML_133_01	Vandetanib	Vandetanib_AML_133_01	218.37929	0.1
AML_134_01	Vandetanib	Vandetanib_AML_134_01	219.51775	0.1
AML_135_01	Vandetanib	Vandetanib_AML_135_01	224.45152	1.7
AML_138_01	Vandetanib	Vandetanib_AML_138_01	228.21336	1.4
AML_139_01	Vandetanib	Vandetanib_AML_139_01	237.18188	0.1
AML_140_01	Vandetanib	Vandetanib_AML_140_01	226.8301	0.0
AML_142_01	Vandetanib	Vandetanib_AML_142_01	212.72913	3.3
AML_143_01	Vandetanib	Vandetanib_AML_143_01	227.33603	0.4
AML_144_01	Vandetanib	Vandetanib_AML_144_01	235.14848	1.4
AML_146_01	Vandetanib	Vandetanib_AML_146_01	230.09009	0.0
AML_147_01	Vandetanib	Vandetanib_AML_147_01	227.65388	0.1
AML_151_01	Vandetanib	Vandetanib_AML_151_01	221.47798	0.7
AML_152_01	Vandetanib	Vandetanib_AML_152_01	224.75102	1.4
AML_153_01	Vandetanib	Vandetanib_AML_153_01	214.3484	0.4
AML_156_01	Vandetanib	Vandetanib_AML_156_01	219.95084	0.0
AML_157_01	Vandetanib	Vandetanib_AML_157_01	228.09099	0.2
AML_157_02	Vandetanib	Vandetanib_AML_157_02	226.19585	1.8
AML_158_01	Vandetanib	Vandetanib_AML_158_01	230.64075	0.0
AML_159_01	Vandetanib	Vandetanib_AML_159_01	229.42705	0.2
AML_160_01	Vandetanib	Vandetanib_AML_160_01	220.89076	3.0
AML_161_01	Vandetanib	Vandetanib_AML_161_01	213.06487	3.7
AML_175_01	Vandetanib	Vandetanib_AML_175_01	231.61345	0.0
AML_179_01	Vandetanib	Vandetanib_AML_179_01	219.71768	13.2
AML_183_01	Vandetanib	Vandetanib_AML_183_01	229.89638	0.0
AML_183_02	Vandetanib	Vandetanib_AML_183_02	225.8717	0.0
AML_183_03	Vandetanib	Vandetanib_AML_183_03	223.80496	0.0
AML_184_01	Vandetanib	Vandetanib_AML_184_01	228.28438	6.7
AML_185_01	Vandetanib	Vandetanib_AML_185_01	228.71613	5.8
AML_001_01	Vatalanib	Vatalanib_AML_001_01	223.75096	1.0
AML_001_03	Vatalanib	Vatalanib_AML_001_03	228.34483	0.0
AML_002_01	Vatalanib	Vatalanib_AML_002_01	221.03708	5.9
AML_003_02	Vatalanib	Vatalanib_AML_003_02	221.04834	3.4
AML_004_01	Vatalanib	Vatalanib_AML_004_01	226.22298	0.0
AML_006_02	Vatalanib	Vatalanib_AML_006_02	228.35623	1.1
AML_007_01	Vatalanib	Vatalanib_AML_007_01	227.86555	0.0
AML_007_02	Vatalanib	Vatalanib_AML_007_02	230.62573	0.0
AML_012_01	Vatalanib	Vatalanib_AML_012_01	212.19524	0.0
AML_013_01	Vatalanib	Vatalanib_AML_013_01	218.54688	0.0
AML_014_01	Vatalanib	Vatalanib_AML_014_01	226.66936	0.0
AML_015_01	Vatalanib	Vatalanib_AML_015_01	227.93274	10.7
AML_015_02	Vatalanib	Vatalanib_AML_015_02	224.69722	5.5
AML_015_03	Vatalanib	Vatalanib_AML_015_03	225.62859	13.9
AML_015_04	Vatalanib	Vatalanib_AML_015_04	220.31721	18.9
AML_018_01	Vatalanib	Vatalanib_AML_018_01	208.1532	1.0
AML_019_01	Vatalanib	Vatalanib_AML_019_01	219.68906	0.0
AML_020_01	Vatalanib	Vatalanib_AML_020_01	222.7784	1.9
AML_022_01	Vatalanib	Vatalanib_AML_022_01	221.29651	0.4
AML_023_01	Vatalanib	Vatalanib_AML_023_01	224.44382	5.8
AML_023_03	Vatalanib	Vatalanib_AML_023_03	220.43501	2.0
AML_023_04	Vatalanib	Vatalanib_AML_023_04	220.20284	2.7
AML_024_01	Vatalanib	Vatalanib_AML_024_01	223.74872	0.0
AML_025_01	Vatalanib	Vatalanib_AML_025_01	229.23346	0.0
AML_026_01	Vatalanib	Vatalanib_AML_026_01	230.7093	0.8
AML_028_01	Vatalanib	Vatalanib_AML_028_01	223.39203	0.0
AML_028_04	Vatalanib	Vatalanib_AML_028_04	208.71504	0.0
AML_029_01	Vatalanib	Vatalanib_AML_029_01	224.89682	0.4
AML_030_01	Vatalanib	Vatalanib_AML_030_01	219.12045	0.0
AML_032_01	Vatalanib	Vatalanib_AML_032_01	225.57863	0.0
AML_033_01	Vatalanib	Vatalanib_AML_033_01	222.19492	0.0
AML_033_02	Vatalanib	Vatalanib_AML_033_02	210.51059	0.2
AML_035_02	Vatalanib	Vatalanib_AML_035_02	230.50217	0.0
AML_035_04	Vatalanib	Vatalanib_AML_035_04	221.508	0.0
AML_036_01	Vatalanib	Vatalanib_AML_036_01	228.53674	0.0
AML_040_01	Vatalanib	Vatalanib_AML_040_01	223.25764	0.0
AML_041_01	Vatalanib	Vatalanib_AML_041_01	229.71907	0.9
AML_042_01	Vatalanib	Vatalanib_AML_042_01	226.95366	0.0
AML_043_02	Vatalanib	Vatalanib_AML_043_02	213.59969	0.0
AML_045_01	Vatalanib	Vatalanib_AML_045_01	226.87314	0.0
AML_046_01	Vatalanib	Vatalanib_AML_046_01	216.70451	0.6
AML_051_01	Vatalanib	Vatalanib_AML_051_01	218.63022	0.0
AML_052_01	Vatalanib	Vatalanib_AML_052_01	225.4948	1.6
AML_053_01	Vatalanib	Vatalanib_AML_053_01	235.49901	0.0
AML_054_01	Vatalanib	Vatalanib_AML_054_01	217.23318	0.0
AML_057_01	Vatalanib	Vatalanib_AML_057_01	225.91512	2.7
AML_058_01	Vatalanib	Vatalanib_AML_058_01	225.42928	1.1
AML_059_01	Vatalanib	Vatalanib_AML_059_01	222.6803	1.5
AML_060_01	Vatalanib	Vatalanib_AML_060_01	221.8439	0.5
AML_061_01	Vatalanib	Vatalanib_AML_061_01	223.08994	0.1
AML_062_01	Vatalanib	Vatalanib_AML_062_01	217.84409	2.2
AML_064_01	Vatalanib	Vatalanib_AML_064_01	224.5468	0.0
AML_065_01	Vatalanib	Vatalanib_AML_065_01	216.5897	0.6
AML_067_01	Vatalanib	Vatalanib_AML_067_01	222.36511	2.0
AML_070_01	Vatalanib	Vatalanib_AML_070_01	228.50859	0.0
AML_072_01	Vatalanib	Vatalanib_AML_072_01	228.48045	0.0
AML_073_01	Vatalanib	Vatalanib_AML_073_01	227.997	0.8
AML_074_01	Vatalanib	Vatalanib_AML_074_01	226.69278	0.0
AML_075_01	Vatalanib	Vatalanib_AML_075_01	226.51201	0.2
AML_076_01	Vatalanib	Vatalanib_AML_076_01	226.80962	0.0
AML_076_02	Vatalanib	Vatalanib_AML_076_02	213.98177	0.1
AML_077_01	Vatalanib	Vatalanib_AML_077_01	228.68024	0.0
AML_078_02	Vatalanib	Vatalanib_AML_078_02	227.4028	0.9
AML_084_01	Vatalanib	Vatalanib_AML_084_01	217.56816	1.1
AML_086_02	Vatalanib	Vatalanib_AML_086_02	221.63525	1.8
AML_098_01	Vatalanib	Vatalanib_AML_098_01	223.56746	0.0
AML_100_01	Vatalanib	Vatalanib_AML_100_01	228.05498	1.0
AML_101_01	Vatalanib	Vatalanib_AML_101_01	213.65993	5.0
AML_101_02	Vatalanib	Vatalanib_AML_101_02	223.80304	0.7
AML_102_01	Vatalanib	Vatalanib_AML_102_01	220.75883	0.0
AML_103_01	Vatalanib	Vatalanib_AML_103_01	216.07077	0.0
AML_103_02	Vatalanib	Vatalanib_AML_103_02	203.448	3.4
AML_104_01	Vatalanib	Vatalanib_AML_104_01	224.99385	0.0
AML_108_01	Vatalanib	Vatalanib_AML_108_01	221.18727	0.0
AML_109_01	Vatalanib	Vatalanib_AML_109_01	213.17572	0.2
AML_110_01	Vatalanib	Vatalanib_AML_110_01	225.14195	3.2
AML_112_01	Vatalanib	Vatalanib_AML_112_01	219.74829	1.7
AML_112_02	Vatalanib	Vatalanib_AML_112_02	223.78618	0.0
AML_113_01	Vatalanib	Vatalanib_AML_113_01	214.62247	0.8
AML_114_01	Vatalanib	Vatalanib_AML_114_01	219.94612	1.3
AML_115_01	Vatalanib	Vatalanib_AML_115_01	216.90839	1.4
AML_116_01	Vatalanib	Vatalanib_AML_116_01	222.3901	0.0
AML_117_01	Vatalanib	Vatalanib_AML_117_01	226.41982	0.0
AML_119_01	Vatalanib	Vatalanib_AML_119_01	220.30191	0.0
AML_120_01	Vatalanib	Vatalanib_AML_120_01	224.78947	6.3
AML_120_03	Vatalanib	Vatalanib_AML_120_03	225.22469	2.0
AML_122_01	Vatalanib	Vatalanib_AML_122_01	226.1059	0.0
AML_123_01	Vatalanib	Vatalanib_AML_123_01	230.66513	0.0
AML_124_01	Vatalanib	Vatalanib_AML_124_01	226.14474	0.0
AML_125_01	Vatalanib	Vatalanib_AML_125_01	223.87393	11.7
AML_126_01	Vatalanib	Vatalanib_AML_126_01	223.21947	0.0
AML_127_01	Vatalanib	Vatalanib_AML_127_01	224.22264	0.0
AML_128_01	Vatalanib	Vatalanib_AML_128_01	227.47894	0.0
AML_129_02	Vatalanib	Vatalanib_AML_129_02	223.27084	5.8
AML_129_03	Vatalanib	Vatalanib_AML_129_03	222.29527	4.9
AML_131_01	Vatalanib	Vatalanib_AML_131_01	226.18015	0.0
AML_133_01	Vatalanib	Vatalanib_AML_133_01	216.53726	0.2
AML_134_01	Vatalanib	Vatalanib_AML_134_01	215.49959	0.0
AML_135_01	Vatalanib	Vatalanib_AML_135_01	222.5676	0.2
AML_138_01	Vatalanib	Vatalanib_AML_138_01	226.01244	3.0
AML_139_01	Vatalanib	Vatalanib_AML_139_01	233.69992	0.0
AML_140_01	Vatalanib	Vatalanib_AML_140_01	224.16113	0.0
AML_142_01	Vatalanib	Vatalanib_AML_142_01	212.46977	2.1
AML_143_01	Vatalanib	Vatalanib_AML_143_01	223.75633	1.8
AML_144_01	Vatalanib	Vatalanib_AML_144_01	232.7132	0.0
AML_146_01	Vatalanib	Vatalanib_AML_146_01	228.0031	1.3
AML_147_01	Vatalanib	Vatalanib_AML_147_01	224.9628	2.4
AML_151_01	Vatalanib	Vatalanib_AML_151_01	216.70595	0.0
AML_152_01	Vatalanib	Vatalanib_AML_152_01	221.86732	0.2
AML_153_01	Vatalanib	Vatalanib_AML_153_01	210.81186	2.5
AML_156_01	Vatalanib	Vatalanib_AML_156_01	216.10141	0.0
AML_157_01	Vatalanib	Vatalanib_AML_157_01	225.17645	0.0
AML_157_02	Vatalanib	Vatalanib_AML_157_02	222.72726	0.3
AML_158_01	Vatalanib	Vatalanib_AML_158_01	227.38736	0.0
AML_159_01	Vatalanib	Vatalanib_AML_159_01	226.68341	0.4
AML_160_01	Vatalanib	Vatalanib_AML_160_01	217.37778	0.8
AML_161_01	Vatalanib	Vatalanib_AML_161_01	209.80634	6.7
AML_175_01	Vatalanib	Vatalanib_AML_175_01	227.6808	0.0
AML_179_01	Vatalanib	Vatalanib_AML_179_01	216.83173	5.7
AML_183_01	Vatalanib	Vatalanib_AML_183_01	229.70541	0.0
AML_183_02	Vatalanib	Vatalanib_AML_183_02	223.72899	0.0
AML_183_03	Vatalanib	Vatalanib_AML_183_03	221.0173	1.1
AML_184_01	Vatalanib	Vatalanib_AML_184_01	225.63916	4.6
AML_185_01	Vatalanib	Vatalanib_AML_185_01	226.82886	3.7
AML_001_01	Vemurafenib	Vemurafenib_AML_001_01	243.56631	0.0
AML_001_03	Vemurafenib	Vemurafenib_AML_001_03	244.4136	0.6
AML_002_01	Vemurafenib	Vemurafenib_AML_002_01	238.23036	0.0
AML_003_02	Vemurafenib	Vemurafenib_AML_003_02	236.28601	9.1
AML_004_01	Vemurafenib	Vemurafenib_AML_004_01	241.28764	1.8
AML_006_02	Vemurafenib	Vemurafenib_AML_006_02	244.71367	0.0
AML_007_01	Vemurafenib	Vemurafenib_AML_007_01	241.41968	0.0
AML_007_02	Vemurafenib	Vemurafenib_AML_007_02	245.05136	0.0
AML_012_01	Vemurafenib	Vemurafenib_AML_012_01	226.29736	0.0
AML_013_01	Vemurafenib	Vemurafenib_AML_013_01	233.51259	7.6
AML_014_01	Vemurafenib	Vemurafenib_AML_014_01	243.62347	0.0
AML_015_01	Vemurafenib	Vemurafenib_AML_015_01	244.95563	0.0
AML_015_02	Vemurafenib	Vemurafenib_AML_015_02	237.54692	0.0
AML_015_03	Vemurafenib	Vemurafenib_AML_015_03	241.99757	1.2
AML_015_04	Vemurafenib	Vemurafenib_AML_015_04	238.7525	3.8
AML_018_01	Vemurafenib	Vemurafenib_AML_018_01	224.90535	1.1
AML_019_01	Vemurafenib	Vemurafenib_AML_019_01	232.04192	5.2
AML_020_01	Vemurafenib	Vemurafenib_AML_020_01	240.00243	0.8
AML_022_01	Vemurafenib	Vemurafenib_AML_022_01	237.5047	0.0
AML_023_01	Vemurafenib	Vemurafenib_AML_023_01	238.11465	0.0
AML_023_03	Vemurafenib	Vemurafenib_AML_023_03	237.437	0.0
AML_023_04	Vemurafenib	Vemurafenib_AML_023_04	234.6448	0.0
AML_024_01	Vemurafenib	Vemurafenib_AML_024_01	240.98004	3.0
AML_025_01	Vemurafenib	Vemurafenib_AML_025_01	245.06712	2.0
AML_026_01	Vemurafenib	Vemurafenib_AML_026_01	247.41995	0.4
AML_028_01	Vemurafenib	Vemurafenib_AML_028_01	239.96751	0.1
AML_028_04	Vemurafenib	Vemurafenib_AML_028_04	225.05623	0.0
AML_029_01	Vemurafenib	Vemurafenib_AML_029_01	239.29272	5.0
AML_030_01	Vemurafenib	Vemurafenib_AML_030_01	235.29633	0.3
AML_032_01	Vemurafenib	Vemurafenib_AML_032_01	243.38336	1.0
AML_033_01	Vemurafenib	Vemurafenib_AML_033_01	237.86513	2.9
AML_033_02	Vemurafenib	Vemurafenib_AML_033_02	228.85991	2.5
AML_035_02	Vemurafenib	Vemurafenib_AML_035_02	247.16174	0.0
AML_035_04	Vemurafenib	Vemurafenib_AML_035_04	237.034	0.0
AML_036_01	Vemurafenib	Vemurafenib_AML_036_01	246.60931	3.6
AML_040_01	Vemurafenib	Vemurafenib_AML_040_01	240.61815	5.4
AML_041_01	Vemurafenib	Vemurafenib_AML_041_01	244.78922	1.7
AML_042_01	Vemurafenib	Vemurafenib_AML_042_01	240.9994	0.0
AML_043_02	Vemurafenib	Vemurafenib_AML_043_02	227.87877	3.1
AML_045_01	Vemurafenib	Vemurafenib_AML_045_01	244.974	0.0
AML_046_01	Vemurafenib	Vemurafenib_AML_046_01	235.26993	7.5
AML_051_01	Vemurafenib	Vemurafenib_AML_051_01	236.53023	0.0
AML_052_01	Vemurafenib	Vemurafenib_AML_052_01	240.05794	1.1
AML_053_01	Vemurafenib	Vemurafenib_AML_053_01	251.00049	3.1
AML_054_01	Vemurafenib	Vemurafenib_AML_054_01	234.5263	1.3
AML_057_01	Vemurafenib	Vemurafenib_AML_057_01	242.80865	1.1
AML_058_01	Vemurafenib	Vemurafenib_AML_058_01	241.76776	1.6
AML_059_01	Vemurafenib	Vemurafenib_AML_059_01	242.16162	3.8
AML_060_01	Vemurafenib	Vemurafenib_AML_060_01	238.40262	1.6
AML_061_01	Vemurafenib	Vemurafenib_AML_061_01	242.05734	1.6
AML_062_01	Vemurafenib	Vemurafenib_AML_062_01	235.18925	3.6
AML_064_01	Vemurafenib	Vemurafenib_AML_064_01	237.43343	1.4
AML_065_01	Vemurafenib	Vemurafenib_AML_065_01	235.65984	0.7
AML_067_01	Vemurafenib	Vemurafenib_AML_067_01	239.14062	1.7
AML_070_01	Vemurafenib	Vemurafenib_AML_070_01	244.56888	0.4
AML_072_01	Vemurafenib	Vemurafenib_AML_072_01	244.36777	0.9
AML_073_01	Vemurafenib	Vemurafenib_AML_073_01	244.27744	2.0
AML_074_01	Vemurafenib	Vemurafenib_AML_074_01	244.10712	1.4
AML_075_01	Vemurafenib	Vemurafenib_AML_075_01	242.70145	1.2
AML_076_01	Vemurafenib	Vemurafenib_AML_076_01	242.97478	2.9
AML_076_02	Vemurafenib	Vemurafenib_AML_076_02	231.32541	0.7
AML_077_01	Vemurafenib	Vemurafenib_AML_077_01	244.6811	1.4
AML_078_02	Vemurafenib	Vemurafenib_AML_078_02	242.37833	0.2
AML_084_01	Vemurafenib	Vemurafenib_AML_084_01	237.83856	0.0
AML_086_02	Vemurafenib	Vemurafenib_AML_086_02	239.65149	2.4
AML_098_01	Vemurafenib	Vemurafenib_AML_098_01	239.66637	1.0
AML_100_01	Vemurafenib	Vemurafenib_AML_100_01	245.89319	0.8
AML_101_01	Vemurafenib	Vemurafenib_AML_101_01	231.40591	4.4
AML_101_02	Vemurafenib	Vemurafenib_AML_101_02	238.64648	1.1
AML_102_01	Vemurafenib	Vemurafenib_AML_102_01	239.34616	0.5
AML_103_01	Vemurafenib	Vemurafenib_AML_103_01	231.5201	2.8
AML_103_02	Vemurafenib	Vemurafenib_AML_103_02	220.88054	4.6
AML_104_01	Vemurafenib	Vemurafenib_AML_104_01	243.42537	0.6
AML_108_01	Vemurafenib	Vemurafenib_AML_108_01	240.59209	5.8
AML_109_01	Vemurafenib	Vemurafenib_AML_109_01	229.63806	1.8
AML_110_01	Vemurafenib	Vemurafenib_AML_110_01	244.45198	2.2
AML_112_01	Vemurafenib	Vemurafenib_AML_112_01	237.63109	2.3
AML_112_02	Vemurafenib	Vemurafenib_AML_112_02	239.36998	2.8
AML_113_01	Vemurafenib	Vemurafenib_AML_113_01	233.54259	3.6
AML_114_01	Vemurafenib	Vemurafenib_AML_114_01	238.68127	1.8
AML_115_01	Vemurafenib	Vemurafenib_AML_115_01	237.84932	1.6
AML_116_01	Vemurafenib	Vemurafenib_AML_116_01	238.77283	2.5
AML_117_01	Vemurafenib	Vemurafenib_AML_117_01	243.43526	0.4
AML_119_01	Vemurafenib	Vemurafenib_AML_119_01	238.18793	1.4
AML_120_01	Vemurafenib	Vemurafenib_AML_120_01	240.76062	0.0
AML_120_03	Vemurafenib	Vemurafenib_AML_120_03	240.52565	0.0
AML_122_01	Vemurafenib	Vemurafenib_AML_122_01	238.11209	0.0
AML_123_01	Vemurafenib	Vemurafenib_AML_123_01	247.0012	2.7
AML_124_01	Vemurafenib	Vemurafenib_AML_124_01	243.57748	3.0
AML_125_01	Vemurafenib	Vemurafenib_AML_125_01	241.28116	1.8
AML_126_01	Vemurafenib	Vemurafenib_AML_126_01	235.38495	1.5
AML_127_01	Vemurafenib	Vemurafenib_AML_127_01	241.27283	4.1
AML_128_01	Vemurafenib	Vemurafenib_AML_128_01	243.60202	1.5
AML_129_02	Vemurafenib	Vemurafenib_AML_129_02	242.7597	2.0
AML_129_03	Vemurafenib	Vemurafenib_AML_129_03	241.63626	0.0
AML_131_01	Vemurafenib	Vemurafenib_AML_131_01	239.94202	0.0
AML_133_01	Vemurafenib	Vemurafenib_AML_133_01	231.38599	0.0
AML_134_01	Vemurafenib	Vemurafenib_AML_134_01	231.03117	1.7
AML_135_01	Vemurafenib	Vemurafenib_AML_135_01	239.60687	0.9
AML_138_01	Vemurafenib	Vemurafenib_AML_138_01	242.3882	0.0
AML_139_01	Vemurafenib	Vemurafenib_AML_139_01	249.20396	0.9
AML_140_01	Vemurafenib	Vemurafenib_AML_140_01	241.51642	2.0
AML_142_01	Vemurafenib	Vemurafenib_AML_142_01	226.31865	0.0
AML_143_01	Vemurafenib	Vemurafenib_AML_143_01	240.48099	6.2
AML_144_01	Vemurafenib	Vemurafenib_AML_144_01	248.18683	0.6
AML_146_01	Vemurafenib	Vemurafenib_AML_146_01	243.05505	0.3
AML_147_01	Vemurafenib	Vemurafenib_AML_147_01	242.21204	0.3
AML_151_01	Vemurafenib	Vemurafenib_AML_151_01	235.43254	0.8
AML_152_01	Vemurafenib	Vemurafenib_AML_152_01	240.82877	1.5
AML_153_01	Vemurafenib	Vemurafenib_AML_153_01	224.64244	1.3
AML_156_01	Vemurafenib	Vemurafenib_AML_156_01	234.21228	0.4
AML_157_01	Vemurafenib	Vemurafenib_AML_157_01	240.7477	0.3
AML_157_02	Vemurafenib	Vemurafenib_AML_157_02	238.13107	0.0
AML_158_01	Vemurafenib	Vemurafenib_AML_158_01	244.24017	0.3
AML_159_01	Vemurafenib	Vemurafenib_AML_159_01	244.55241	0.6
AML_160_01	Vemurafenib	Vemurafenib_AML_160_01	233.71648	0.2
AML_161_01	Vemurafenib	Vemurafenib_AML_161_01	227.83214	4.3
AML_175_01	Vemurafenib	Vemurafenib_AML_175_01	245.6275	0.0
AML_179_01	Vemurafenib	Vemurafenib_AML_179_01	233.67717	0.0
AML_183_01	Vemurafenib	Vemurafenib_AML_183_01	244.87276	2.3
AML_183_02	Vemurafenib	Vemurafenib_AML_183_02	239.22946	0.2
AML_183_03	Vemurafenib	Vemurafenib_AML_183_03	237.3702	1.4
AML_184_01	Vemurafenib	Vemurafenib_AML_184_01	242.68073	0.0
AML_185_01	Vemurafenib	Vemurafenib_AML_185_01	243.27217	1.8
AML_001_03	Venetoclax	Venetoclax_AML_001_03	171.82486	1.2
AML_003_02	Venetoclax	Venetoclax_AML_003_02	121.982666	18.6
AML_004_01	Venetoclax	Venetoclax_AML_004_01	159.70969	28.3
AML_013_01	Venetoclax	Venetoclax_AML_013_01	120.94477	34.6
AML_015_01	Venetoclax	Venetoclax_AML_015_01	132.08887	23.3
AML_015_02	Venetoclax	Venetoclax_AML_015_02	191.6262	4.3
AML_015_03	Venetoclax	Venetoclax_AML_015_03	175.00758	16.6
AML_015_04	Venetoclax	Venetoclax_AML_015_04	124.28209	35.2
AML_018_01	Venetoclax	Venetoclax_AML_018_01	157.23592	23.5
AML_020_01	Venetoclax	Venetoclax_AML_020_01	112.424416	30.0
AML_024_01	Venetoclax	Venetoclax_AML_024_01	112.38715	7.2
AML_026_01	Venetoclax	Venetoclax_AML_026_01	177.84012	10.1
AML_028_01	Venetoclax	Venetoclax_AML_028_01	140.29266	22.0
AML_028_04	Venetoclax	Venetoclax_AML_028_04	125.44792	34.8
AML_030_01	Venetoclax	Venetoclax_AML_030_01	184.00714	11.8
AML_032_01	Venetoclax	Venetoclax_AML_032_01	133.79018	10.3
AML_033_01	Venetoclax	Venetoclax_AML_033_01	138.5292	10.8
AML_033_02	Venetoclax	Venetoclax_AML_033_02	107.15784	3.5
AML_035_02	Venetoclax	Venetoclax_AML_035_02	136.85017	0.0
AML_035_04	Venetoclax	Venetoclax_AML_035_04	117.82623	0.0
AML_036_01	Venetoclax	Venetoclax_AML_036_01	188.73495	3.4
AML_040_01	Venetoclax	Venetoclax_AML_040_01	163.34601	14.2
AML_041_01	Venetoclax	Venetoclax_AML_041_01	197.81923	8.5
AML_042_01	Venetoclax	Venetoclax_AML_042_01	192.97324	23.7
AML_043_02	Venetoclax	Venetoclax_AML_043_02	111.35681	2.5
AML_045_01	Venetoclax	Venetoclax_AML_045_01	151.55424	23.2
AML_046_01	Venetoclax	Venetoclax_AML_046_01	125.6464	42.2
AML_051_01	Venetoclax	Venetoclax_AML_051_01	145.51231	17.6
AML_053_01	Venetoclax	Venetoclax_AML_053_01	164.8361	14.7
AML_054_01	Venetoclax	Venetoclax_AML_054_01	111.106094	38.5
AML_057_01	Venetoclax	Venetoclax_AML_057_01	190.27267	10.1
AML_058_01	Venetoclax	Venetoclax_AML_058_01	162.01149	21.2
AML_059_01	Venetoclax	Venetoclax_AML_059_01	148.83566	31.9
AML_060_01	Venetoclax	Venetoclax_AML_060_01	120.26598	38.3
AML_061_01	Venetoclax	Venetoclax_AML_061_01	143.81364	32.4
AML_062_01	Venetoclax	Venetoclax_AML_062_01	192.46669	14.2
AML_064_01	Venetoclax	Venetoclax_AML_064_01	207.66023	6.0
AML_065_01	Venetoclax	Venetoclax_AML_065_01	168.02771	24.2
AML_067_01	Venetoclax	Venetoclax_AML_067_01	199.43611	12.7
AML_070_01	Venetoclax	Venetoclax_AML_070_01	175.75179	11.2
AML_072_01	Venetoclax	Venetoclax_AML_072_01	141.59763	26.7
AML_073_01	Venetoclax	Venetoclax_AML_073_01	136.07428	22.0
AML_074_01	Venetoclax	Venetoclax_AML_074_01	195.35217	5.8
AML_075_01	Venetoclax	Venetoclax_AML_075_01	183.46674	13.6
AML_076_01	Venetoclax	Venetoclax_AML_076_01	180.78357	8.0
AML_076_02	Venetoclax	Venetoclax_AML_076_02	154.9131	0.0
AML_077_01	Venetoclax	Venetoclax_AML_077_01	140.75275	7.9
AML_084_01	Venetoclax	Venetoclax_AML_084_01	139.78311	36.9
AML_086_02	Venetoclax	Venetoclax_AML_086_02	130.33159	13.9
AML_098_01	Venetoclax	Venetoclax_AML_098_01	191.56662	0.0
AML_100_01	Venetoclax	Venetoclax_AML_100_01	180.78706	13.2
AML_101_01	Venetoclax	Venetoclax_AML_101_01	141.80476	5.6
AML_101_02	Venetoclax	Venetoclax_AML_101_02	135.07321	4.1
AML_102_01	Venetoclax	Venetoclax_AML_102_01	199.8722	0.0
AML_103_01	Venetoclax	Venetoclax_AML_103_01	199.90947	0.0
AML_104_01	Venetoclax	Venetoclax_AML_104_01	194.28944	0.3
AML_108_01	Venetoclax	Venetoclax_AML_108_01	181.38194	0.0
AML_109_01	Venetoclax	Venetoclax_AML_109_01	130.41568	16.1
AML_110_01	Venetoclax	Venetoclax_AML_110_01	162.49109	0.9
AML_112_01	Venetoclax	Venetoclax_AML_112_01	191.40892	3.9
AML_113_01	Venetoclax	Venetoclax_AML_113_01	147.04893	13.6
AML_114_01	Venetoclax	Venetoclax_AML_114_01	188.94856	3.1
AML_115_01	Venetoclax	Venetoclax_AML_115_01	161.57236	17.8
AML_116_01	Venetoclax	Venetoclax_AML_116_01	173.02966	11.2
AML_117_01	Venetoclax	Venetoclax_AML_117_01	184.43796	12.6
AML_119_01	Venetoclax	Venetoclax_AML_119_01	202.01166	2.3
AML_122_01	Venetoclax	Venetoclax_AML_122_01	211.72322	0.3
AML_123_01	Venetoclax	Venetoclax_AML_123_01	183.10521	4.4
AML_124_01	Venetoclax	Venetoclax_AML_124_01	160.73633	5.4
AML_125_01	Venetoclax	Venetoclax_AML_125_01	132.62196	13.5
AML_126_01	Venetoclax	Venetoclax_AML_126_01	188.61868	17.8
AML_127_01	Venetoclax	Venetoclax_AML_127_01	188.40471	2.2
AML_128_01	Venetoclax	Venetoclax_AML_128_01	156.58408	12.1
AML_131_01	Venetoclax	Venetoclax_AML_131_01	199.95532	0.0
AML_142_01	Venetoclax	Venetoclax_AML_142_01	111.89221	29.6
AML_143_01	Venetoclax	Venetoclax_AML_143_01	160.35588	7.9
AML_144_01	Venetoclax	Venetoclax_AML_144_01	148.88193	0.6
AML_146_01	Venetoclax	Venetoclax_AML_146_01	164.64946	0.0
AML_147_01	Venetoclax	Venetoclax_AML_147_01	172.63148	9.6
AML_151_01	Venetoclax	Venetoclax_AML_151_01	180.12984	11.7
AML_152_01	Venetoclax	Venetoclax_AML_152_01	151.00128	0.0
AML_153_01	Venetoclax	Venetoclax_AML_153_01	109.09588	15.4
AML_156_01	Venetoclax	Venetoclax_AML_156_01	145.14087	15.9
AML_157_01	Venetoclax	Venetoclax_AML_157_01	183.5321	6.7
AML_157_02	Venetoclax	Venetoclax_AML_157_02	181.9834	2.1
AML_158_01	Venetoclax	Venetoclax_AML_158_01	168.06223	9.2
AML_159_01	Venetoclax	Venetoclax_AML_159_01	152.52298	15.1
AML_160_01	Venetoclax	Venetoclax_AML_160_01	178.2603	3.2
AML_161_01	Venetoclax	Venetoclax_AML_161_01	121.919266	0.0
AML_175_01	Venetoclax	Venetoclax_AML_175_01	191.1528	12.1
AML_183_01	Venetoclax	Venetoclax_AML_183_01	182.2088	1.8
AML_183_02	Venetoclax	Venetoclax_AML_183_02	200.17256	1.1
AML_001_01	Vismodegib	Vismodegib_AML_001_01	262.5635	0.3
AML_001_03	Vismodegib	Vismodegib_AML_001_03	257.24176	0.3
AML_002_01	Vismodegib	Vismodegib_AML_002_01	259.3651	0.0
AML_003_02	Vismodegib	Vismodegib_AML_003_02	250.37387	0.0
AML_004_01	Vismodegib	Vismodegib_AML_004_01	259.91812	0.0
AML_006_02	Vismodegib	Vismodegib_AML_006_02	258.16946	0.0
AML_007_01	Vismodegib	Vismodegib_AML_007_01	251.03925	0.0
AML_007_02	Vismodegib	Vismodegib_AML_007_02	252.93295	0.0
AML_012_01	Vismodegib	Vismodegib_AML_012_01	249.4461	0.0
AML_013_01	Vismodegib	Vismodegib_AML_013_01	256.1615	0.0
AML_014_01	Vismodegib	Vismodegib_AML_014_01	258.6284	0.0
AML_015_01	Vismodegib	Vismodegib_AML_015_01	260.34845	0.0
AML_015_02	Vismodegib	Vismodegib_AML_015_02	247.70946	0.0
AML_015_03	Vismodegib	Vismodegib_AML_015_03	254.8088	0.0
AML_015_04	Vismodegib	Vismodegib_AML_015_04	255.6693	0.0
AML_018_01	Vismodegib	Vismodegib_AML_018_01	243.94452	0.0
AML_019_01	Vismodegib	Vismodegib_AML_019_01	252.63698	1.3
AML_020_01	Vismodegib	Vismodegib_AML_020_01	258.5677	0.0
AML_022_01	Vismodegib	Vismodegib_AML_022_01	249.2614	0.0
AML_023_01	Vismodegib	Vismodegib_AML_023_01	251.33589	0.0
AML_023_03	Vismodegib	Vismodegib_AML_023_03	251.95328	0.0
AML_023_04	Vismodegib	Vismodegib_AML_023_04	250.83647	0.0
AML_024_01	Vismodegib	Vismodegib_AML_024_01	262.5462	2.0
AML_025_01	Vismodegib	Vismodegib_AML_025_01	260.94098	0.8
AML_026_01	Vismodegib	Vismodegib_AML_026_01	263.31247	0.0
AML_028_01	Vismodegib	Vismodegib_AML_028_01	262.066	0.9
AML_028_04	Vismodegib	Vismodegib_AML_028_04	247.77402	0.0
AML_029_01	Vismodegib	Vismodegib_AML_029_01	253.33615	0.0
AML_030_01	Vismodegib	Vismodegib_AML_030_01	252.56726	0.0
AML_032_01	Vismodegib	Vismodegib_AML_032_01	260.62122	0.0
AML_033_01	Vismodegib	Vismodegib_AML_033_01	255.35587	1.4
AML_033_02	Vismodegib	Vismodegib_AML_033_02	248.83379	0.3
AML_035_02	Vismodegib	Vismodegib_AML_035_02	262.83408	0.0
AML_035_04	Vismodegib	Vismodegib_AML_035_04	252.57358	0.0
AML_036_01	Vismodegib	Vismodegib_AML_036_01	260.02298	0.8
AML_040_01	Vismodegib	Vismodegib_AML_040_01	260.53073	0.0
AML_041_01	Vismodegib	Vismodegib_AML_041_01	255.368	0.0
AML_042_01	Vismodegib	Vismodegib_AML_042_01	252.04124	0.0
AML_043_02	Vismodegib	Vismodegib_AML_043_02	249.35945	0.7
AML_045_01	Vismodegib	Vismodegib_AML_045_01	260.79593	0.0
AML_046_01	Vismodegib	Vismodegib_AML_046_01	255.92664	1.3
AML_051_01	Vismodegib	Vismodegib_AML_051_01	257.69568	0.0
AML_052_01	Vismodegib	Vismodegib_AML_052_01	260.3119	0.0
AML_053_01	Vismodegib	Vismodegib_AML_053_01	264.8166	0.0
AML_054_01	Vismodegib	Vismodegib_AML_054_01	257.19714	0.0
AML_057_01	Vismodegib	Vismodegib_AML_057_01	258.5453	0.4
AML_058_01	Vismodegib	Vismodegib_AML_058_01	258.6073	0.0
AML_059_01	Vismodegib	Vismodegib_AML_059_01	260.7817	0.3
AML_060_01	Vismodegib	Vismodegib_AML_060_01	258.89017	0.0
AML_061_01	Vismodegib	Vismodegib_AML_061_01	258.67896	0.6
AML_062_01	Vismodegib	Vismodegib_AML_062_01	250.1821	2.3
AML_064_01	Vismodegib	Vismodegib_AML_064_01	245.00246	0.4
AML_065_01	Vismodegib	Vismodegib_AML_065_01	253.91057	0.0
AML_067_01	Vismodegib	Vismodegib_AML_067_01	254.44554	0.0
AML_070_01	Vismodegib	Vismodegib_AML_070_01	258.06967	0.0
AML_072_01	Vismodegib	Vismodegib_AML_072_01	262.249	0.0
AML_073_01	Vismodegib	Vismodegib_AML_073_01	258.492	0.6
AML_074_01	Vismodegib	Vismodegib_AML_074_01	261.31607	0.4
AML_075_01	Vismodegib	Vismodegib_AML_075_01	253.7333	0.0
AML_076_01	Vismodegib	Vismodegib_AML_076_01	254.7442	2.4
AML_076_02	Vismodegib	Vismodegib_AML_076_02	253.02368	0.0
AML_077_01	Vismodegib	Vismodegib_AML_077_01	261.68253	0.8
AML_078_02	Vismodegib	Vismodegib_AML_078_02	254.62152	0.0
AML_084_01	Vismodegib	Vismodegib_AML_084_01	252.02635	0.0
AML_086_02	Vismodegib	Vismodegib_AML_086_02	256.11444	1.1
AML_098_01	Vismodegib	Vismodegib_AML_098_01	255.11261	1.0
AML_100_01	Vismodegib	Vismodegib_AML_100_01	259.65613	0.1
AML_101_01	Vismodegib	Vismodegib_AML_101_01	251.08495	4.7
AML_101_02	Vismodegib	Vismodegib_AML_101_02	253.46002	0.0
AML_102_01	Vismodegib	Vismodegib_AML_102_01	250.63748	0.3
AML_103_01	Vismodegib	Vismodegib_AML_103_01	244.27895	0.4
AML_103_02	Vismodegib	Vismodegib_AML_103_02	246.06848	0.0
AML_104_01	Vismodegib	Vismodegib_AML_104_01	256.20496	0.0
AML_108_01	Vismodegib	Vismodegib_AML_108_01	258.3203	4.2
AML_109_01	Vismodegib	Vismodegib_AML_109_01	251.79883	0.0
AML_110_01	Vismodegib	Vismodegib_AML_110_01	260.2854	0.5
AML_112_01	Vismodegib	Vismodegib_AML_112_01	254.24068	0.4
AML_112_02	Vismodegib	Vismodegib_AML_112_02	254.41199	0.0
AML_113_01	Vismodegib	Vismodegib_AML_113_01	256.24515	0.7
AML_114_01	Vismodegib	Vismodegib_AML_114_01	252.013	0.3
AML_115_01	Vismodegib	Vismodegib_AML_115_01	258.80344	0.0
AML_116_01	Vismodegib	Vismodegib_AML_116_01	257.51938	3.4
AML_117_01	Vismodegib	Vismodegib_AML_117_01	257.96356	1.6
AML_119_01	Vismodegib	Vismodegib_AML_119_01	250.86551	0.3
AML_120_01	Vismodegib	Vismodegib_AML_120_01	256.5007	0.0
AML_120_03	Vismodegib	Vismodegib_AML_120_03	256.20587	0.0
AML_122_01	Vismodegib	Vismodegib_AML_122_01	241.98683	0.0
AML_123_01	Vismodegib	Vismodegib_AML_123_01	260.71094	1.3
AML_124_01	Vismodegib	Vismodegib_AML_124_01	262.02048	2.9
AML_125_01	Vismodegib	Vismodegib_AML_125_01	262.3512	0.0
AML_126_01	Vismodegib	Vismodegib_AML_126_01	249.71523	0.3
AML_127_01	Vismodegib	Vismodegib_AML_127_01	257.55612	4.7
AML_128_01	Vismodegib	Vismodegib_AML_128_01	258.30225	0.0
AML_129_02	Vismodegib	Vismodegib_AML_129_02	261.6172	0.0
AML_129_03	Vismodegib	Vismodegib_AML_129_03	258.67746	0.0
AML_131_01	Vismodegib	Vismodegib_AML_131_01	253.9555	0.0
AML_133_01	Vismodegib	Vismodegib_AML_133_01	249.92459	0.0
AML_134_01	Vismodegib	Vismodegib_AML_134_01	249.64458	0.0
AML_135_01	Vismodegib	Vismodegib_AML_135_01	253.90573	2.3
AML_138_01	Vismodegib	Vismodegib_AML_138_01	257.89578	0.0
AML_139_01	Vismodegib	Vismodegib_AML_139_01	265.1105	0.1
AML_140_01	Vismodegib	Vismodegib_AML_140_01	260.12048	0.0
AML_142_01	Vismodegib	Vismodegib_AML_142_01	249.39702	0.0
AML_143_01	Vismodegib	Vismodegib_AML_143_01	257.49103	0.0
AML_144_01	Vismodegib	Vismodegib_AML_144_01	262.51035	0.0
AML_146_01	Vismodegib	Vismodegib_AML_146_01	263.69083	0.0
AML_147_01	Vismodegib	Vismodegib_AML_147_01	259.93234	0.0
AML_151_01	Vismodegib	Vismodegib_AML_151_01	252.72995	0.0
AML_152_01	Vismodegib	Vismodegib_AML_152_01	260.70663	0.0
AML_153_01	Vismodegib	Vismodegib_AML_153_01	246.93073	0.0
AML_156_01	Vismodegib	Vismodegib_AML_156_01	255.84836	0.0
AML_157_01	Vismodegib	Vismodegib_AML_157_01	254.67499	2.7
AML_157_02	Vismodegib	Vismodegib_AML_157_02	252.86081	0.0
AML_158_01	Vismodegib	Vismodegib_AML_158_01	261.25027	0.1
AML_159_01	Vismodegib	Vismodegib_AML_159_01	261.7805	0.3
AML_160_01	Vismodegib	Vismodegib_AML_160_01	252.34026	0.0
AML_161_01	Vismodegib	Vismodegib_AML_161_01	251.36787	0.0
AML_175_01	Vismodegib	Vismodegib_AML_175_01	263.08752	0.0
AML_179_01	Vismodegib	Vismodegib_AML_179_01	255.3668	0.0
AML_183_01	Vismodegib	Vismodegib_AML_183_01	258.39777	1.8
AML_183_02	Vismodegib	Vismodegib_AML_183_02	252.57805	0.0
AML_183_03	Vismodegib	Vismodegib_AML_183_03	251.0289	0.0
AML_184_01	Vismodegib	Vismodegib_AML_184_01	259.11774	0.0
AML_185_01	Vismodegib	Vismodegib_AML_185_01	261.7588	0.2
AML_001_03	Volasertib	Volasertib_AML_001_03	175.20361	14.6
AML_003_02	Volasertib	Volasertib_AML_003_02	184.97374	16.5
AML_004_01	Volasertib	Volasertib_AML_004_01	175.04114	7.2
AML_006_02	Volasertib	Volasertib_AML_006_02	176.46275	1.2
AML_007_01	Volasertib	Volasertib_AML_007_01	177.14708	3.9
AML_007_02	Volasertib	Volasertib_AML_007_02	175.94832	0.4
AML_012_01	Volasertib	Volasertib_AML_012_01	180.19383	0.2
AML_013_01	Volasertib	Volasertib_AML_013_01	181.24017	5.0
AML_014_01	Volasertib	Volasertib_AML_014_01	172.61707	10.0
AML_015_01	Volasertib	Volasertib_AML_015_01	178.71944	10.7
AML_015_02	Volasertib	Volasertib_AML_015_02	182.75989	6.8
AML_015_03	Volasertib	Volasertib_AML_015_03	176.67314	13.7
AML_015_04	Volasertib	Volasertib_AML_015_04	180.76703	6.5
AML_018_01	Volasertib	Volasertib_AML_018_01	174.15256	14.1
AML_019_01	Volasertib	Volasertib_AML_019_01	185.21114	2.2
AML_020_01	Volasertib	Volasertib_AML_020_01	182.92079	3.5
AML_023_04	Volasertib	Volasertib_AML_023_04	175.59877	8.3
AML_024_01	Volasertib	Volasertib_AML_024_01	178.77617	7.3
AML_025_01	Volasertib	Volasertib_AML_025_01	179.7658	5.0
AML_026_01	Volasertib	Volasertib_AML_026_01	176.12048	2.1
AML_028_01	Volasertib	Volasertib_AML_028_01	175.66864	2.9
AML_028_04	Volasertib	Volasertib_AML_028_04	182.05826	9.9
AML_029_01	Volasertib	Volasertib_AML_029_01	177.56398	2.2
AML_030_01	Volasertib	Volasertib_AML_030_01	172.88838	2.0
AML_032_01	Volasertib	Volasertib_AML_032_01	180.0615	7.5
AML_033_01	Volasertib	Volasertib_AML_033_01	180.7165	22.5
AML_033_02	Volasertib	Volasertib_AML_033_02	181.18597	19.4
AML_035_02	Volasertib	Volasertib_AML_035_02	181.79652	17.5
AML_035_04	Volasertib	Volasertib_AML_035_04	187.43835	13.5
AML_036_01	Volasertib	Volasertib_AML_036_01	171.27585	13.0
AML_040_01	Volasertib	Volasertib_AML_040_01	171.0504	7.8
AML_041_01	Volasertib	Volasertib_AML_041_01	177.97641	2.4
AML_042_01	Volasertib	Volasertib_AML_042_01	178.02463	5.6
AML_043_02	Volasertib	Volasertib_AML_043_02	183.107	15.0
AML_045_01	Volasertib	Volasertib_AML_045_01	178.5489	0.0
AML_046_01	Volasertib	Volasertib_AML_046_01	175.30984	1.8
AML_051_01	Volasertib	Volasertib_AML_051_01	173.39748	1.9
AML_052_01	Volasertib	Volasertib_AML_052_01	175.29926	11.1
AML_053_01	Volasertib	Volasertib_AML_053_01	181.79234	10.1
AML_054_01	Volasertib	Volasertib_AML_054_01	177.83534	10.7
AML_057_01	Volasertib	Volasertib_AML_057_01	173.83359	5.2
AML_058_01	Volasertib	Volasertib_AML_058_01	174.64655	2.5
AML_059_01	Volasertib	Volasertib_AML_059_01	172.0886	2.1
AML_060_01	Volasertib	Volasertib_AML_060_01	177.28506	1.5
AML_061_01	Volasertib	Volasertib_AML_061_01	172.60611	5.0
AML_062_01	Volasertib	Volasertib_AML_062_01	173.01381	5.4
AML_064_01	Volasertib	Volasertib_AML_064_01	176.74191	6.6
AML_065_01	Volasertib	Volasertib_AML_065_01	171.61836	7.2
AML_067_01	Volasertib	Volasertib_AML_067_01	172.6609	6.4
AML_070_01	Volasertib	Volasertib_AML_070_01	176.49477	6.3
AML_072_01	Volasertib	Volasertib_AML_072_01	180.65381	0.0
AML_073_01	Volasertib	Volasertib_AML_073_01	183.68031	1.3
AML_074_01	Volasertib	Volasertib_AML_074_01	172.1178	5.8
AML_075_01	Volasertib	Volasertib_AML_075_01	175.20163	5.4
AML_076_01	Volasertib	Volasertib_AML_076_01	179.73785	6.8
AML_076_02	Volasertib	Volasertib_AML_076_02	172.55278	4.5
AML_077_01	Volasertib	Volasertib_AML_077_01	180.0472	9.6
AML_078_02	Volasertib	Volasertib_AML_078_02	175.81535	3.3
AML_084_01	Volasertib	Volasertib_AML_084_01	175.64122	6.2
AML_086_02	Volasertib	Volasertib_AML_086_02	182.06757	5.2
AML_098_01	Volasertib	Volasertib_AML_098_01	173.39308	5.4
AML_100_01	Volasertib	Volasertib_AML_100_01	172.99622	2.6
AML_101_01	Volasertib	Volasertib_AML_101_01	180.53384	6.6
AML_101_02	Volasertib	Volasertib_AML_101_02	188.39975	0.4
AML_102_01	Volasertib	Volasertib_AML_102_01	171.12656	3.8
AML_103_01	Volasertib	Volasertib_AML_103_01	173.2967	5.0
AML_103_02	Volasertib	Volasertib_AML_103_02	179.4392	15.9
AML_104_01	Volasertib	Volasertib_AML_104_01	172.8892	2.9
AML_108_01	Volasertib	Volasertib_AML_108_01	169.30002	7.7
AML_109_01	Volasertib	Volasertib_AML_109_01	179.45262	1.1
AML_110_01	Volasertib	Volasertib_AML_110_01	174.12073	11.9
AML_112_01	Volasertib	Volasertib_AML_112_01	172.258	4.6
AML_112_02	Volasertib	Volasertib_AML_112_02	176.23965	4.5
AML_113_01	Volasertib	Volasertib_AML_113_01	172.68945	13.8
AML_114_01	Volasertib	Volasertib_AML_114_01	172.86418	0.2
AML_115_01	Volasertib	Volasertib_AML_115_01	170.84792	5.3
AML_116_01	Volasertib	Volasertib_AML_116_01	171.47948	6.2
AML_117_01	Volasertib	Volasertib_AML_117_01	175.01932	1.1
AML_119_01	Volasertib	Volasertib_AML_119_01	170.72327	6.0
AML_120_03	Volasertib	Volasertib_AML_120_03	179.4543	9.8
AML_122_01	Volasertib	Volasertib_AML_122_01	178.35133	1.0
AML_123_01	Volasertib	Volasertib_AML_123_01	177.00906	4.9
AML_124_01	Volasertib	Volasertib_AML_124_01	175.6877	16.6
AML_125_01	Volasertib	Volasertib_AML_125_01	172.4402	14.7
AML_126_01	Volasertib	Volasertib_AML_126_01	176.8949	6.0
AML_127_01	Volasertib	Volasertib_AML_127_01	172.38768	10.9
AML_128_01	Volasertib	Volasertib_AML_128_01	180.50311	3.8
AML_131_01	Volasertib	Volasertib_AML_131_01	177.13408	3.4
AML_133_01	Volasertib	Volasertib_AML_133_01	182.99605	2.7
AML_134_01	Volasertib	Volasertib_AML_134_01	184.79488	1.7
AML_135_01	Volasertib	Volasertib_AML_135_01	178.82794	5.7
AML_138_01	Volasertib	Volasertib_AML_138_01	184.29657	9.6
AML_139_01	Volasertib	Volasertib_AML_139_01	180.14516	4.4
AML_140_01	Volasertib	Volasertib_AML_140_01	172.59633	9.1
AML_142_01	Volasertib	Volasertib_AML_142_01	180.89069	4.5
AML_143_01	Volasertib	Volasertib_AML_143_01	174.04248	4.7
AML_144_01	Volasertib	Volasertib_AML_144_01	180.63301	8.6
AML_146_01	Volasertib	Volasertib_AML_146_01	175.39398	1.9
AML_147_01	Volasertib	Volasertib_AML_147_01	175.33458	1.9
AML_151_01	Volasertib	Volasertib_AML_151_01	171.2707	7.1
AML_152_01	Volasertib	Volasertib_AML_152_01	173.37213	16.3
AML_153_01	Volasertib	Volasertib_AML_153_01	182.92946	0.0
AML_156_01	Volasertib	Volasertib_AML_156_01	175.96033	5.9
AML_157_01	Volasertib	Volasertib_AML_157_01	174.41399	7.4
AML_157_02	Volasertib	Volasertib_AML_157_02	175.37894	5.6
AML_158_01	Volasertib	Volasertib_AML_158_01	177.18877	4.6
AML_159_01	Volasertib	Volasertib_AML_159_01	176.65817	8.3
AML_160_01	Volasertib	Volasertib_AML_160_01	177.35262	2.5
AML_161_01	Volasertib	Volasertib_AML_161_01	176.42964	18.3
AML_175_01	Volasertib	Volasertib_AML_175_01	172.9054	2.7
AML_183_01	Volasertib	Volasertib_AML_183_01	176.66272	4.7
AML_183_02	Volasertib	Volasertib_AML_183_02	173.84474	4.9
AML_183_03	Volasertib	Volasertib_AML_183_03	175.94847	4.7
