sample_id	inhibitor	primary_key	predicted_auc	DSS
AML_001_01	Afatinib	Afatinib_AML_001_01	193.43741	5.7
AML_001_03	Afatinib	Afatinib_AML_001_03	183.88406	0.2
AML_002_01	Afatinib	Afatinib_AML_002_01	184.03513	9.1
AML_003_02	Afatinib	Afatinib_AML_003_02	191.79118	4.9
AML_004_01	Afatinib	Afatinib_AML_004_01	184.33105	1.8
AML_006_02	Afatinib	Afatinib_AML_006_02	184.24007	7.8
AML_007_01	Afatinib	Afatinib_AML_007_01	192.52577	6.4
AML_007_02	Afatinib	Afatinib_AML_007_02	192.92706	0.0
AML_012_01	Afatinib	Afatinib_AML_012_01	190.72798	0.0
AML_013_01	Afatinib	Afatinib_AML_013_01	186.50682	0.9
AML_014_01	Afatinib	Afatinib_AML_014_01	184.67747	0.1
AML_015_01	Afatinib	Afatinib_AML_015_01	190.36751	0.5
AML_015_02	Afatinib	Afatinib_AML_015_02	188.09995	0.1
AML_015_03	Afatinib	Afatinib_AML_015_03	194.60628	0.1
AML_015_04	Afatinib	Afatinib_AML_015_04	194.47739	2.8
AML_018_01	Afatinib	Afatinib_AML_018_01	186.08711	2.5
AML_019_01	Afatinib	Afatinib_AML_019_01	186.79749	1.7
AML_020_01	Afatinib	Afatinib_AML_020_01	193.73558	5.3
AML_022_01	Afatinib	Afatinib_AML_022_01	188.03525	11.5
AML_023_01	Afatinib	Afatinib_AML_023_01	184.57503	9.3
AML_023_03	Afatinib	Afatinib_AML_023_03	189.7902	9.2
AML_023_04	Afatinib	Afatinib_AML_023_04	191.6385	11.0
AML_024_01	Afatinib	Afatinib_AML_024_01	181.86804	1.6
AML_025_01	Afatinib	Afatinib_AML_025_01	188.96046	4.7
AML_026_01	Afatinib	Afatinib_AML_026_01	187.23126	0.2
AML_028_01	Afatinib	Afatinib_AML_028_01	180.3262	1.3
AML_028_04	Afatinib	Afatinib_AML_028_04	189.61487	3.6
AML_029_01	Afatinib	Afatinib_AML_029_01	188.5046	1.5
AML_030_01	Afatinib	Afatinib_AML_030_01	182.8517	0.3
AML_032_01	Afatinib	Afatinib_AML_032_01	189.0634	0.0
AML_033_01	Afatinib	Afatinib_AML_033_01	187.98053	0.1
AML_033_02	Afatinib	Afatinib_AML_033_02	188.67212	1.3
AML_035_02	Afatinib	Afatinib_AML_035_02	188.7536	0.0
AML_035_04	Afatinib	Afatinib_AML_035_04	195.94739	0.0
AML_036_01	Afatinib	Afatinib_AML_036_01	186.2928	0.0
AML_040_01	Afatinib	Afatinib_AML_040_01	180.90924	4.2
AML_041_01	Afatinib	Afatinib_AML_041_01	189.90068	1.1
AML_042_01	Afatinib	Afatinib_AML_042_01	192.56349	3.1
AML_043_02	Afatinib	Afatinib_AML_043_02	190.12288	0.0
AML_045_01	Afatinib	Afatinib_AML_045_01	187.12212	0.2
AML_046_01	Afatinib	Afatinib_AML_046_01	186.18661	5.9
AML_051_01	Afatinib	Afatinib_AML_051_01	181.98662	0.0
AML_052_01	Afatinib	Afatinib_AML_052_01	188.08922	1.0
AML_053_01	Afatinib	Afatinib_AML_053_01	187.70912	2.2
AML_054_01	Afatinib	Afatinib_AML_054_01	186.45552	5.1
AML_057_01	Afatinib	Afatinib_AML_057_01	188.93597	0.7
AML_058_01	Afatinib	Afatinib_AML_058_01	182.3135	1.7
AML_059_01	Afatinib	Afatinib_AML_059_01	178.88184	1.8
AML_060_01	Afatinib	Afatinib_AML_060_01	185.9173	2.3
AML_061_01	Afatinib	Afatinib_AML_061_01	182.03854	1.4
AML_062_01	Afatinib	Afatinib_AML_062_01	186.92955	4.0
AML_064_01	Afatinib	Afatinib_AML_064_01	197.46541	4.0
AML_065_01	Afatinib	Afatinib_AML_065_01	185.62613	2.0
AML_067_01	Afatinib	Afatinib_AML_067_01	185.93884	3.0
AML_070_01	Afatinib	Afatinib_AML_070_01	183.54367	0.6
AML_072_01	Afatinib	Afatinib_AML_072_01	186.21458	0.7
AML_073_01	Afatinib	Afatinib_AML_073_01	191.00296	2.3
AML_074_01	Afatinib	Afatinib_AML_074_01	184.77635	2.4
AML_075_01	Afatinib	Afatinib_AML_075_01	182.24826	3.0
AML_076_01	Afatinib	Afatinib_AML_076_01	191.04045	0.1
AML_076_02	Afatinib	Afatinib_AML_076_02	181.86882	2.7
AML_077_01	Afatinib	Afatinib_AML_077_01	188.29008	2.2
AML_078_02	Afatinib	Afatinib_AML_078_02	186.85336	2.3
AML_084_01	Afatinib	Afatinib_AML_084_01	182.71562	5.0
AML_086_02	Afatinib	Afatinib_AML_086_02	192.34068	1.9
AML_098_01	Afatinib	Afatinib_AML_098_01	186.54457	0.0
AML_100_01	Afatinib	Afatinib_AML_100_01	183.72572	1.1
AML_101_01	Afatinib	Afatinib_AML_101_01	190.56792	3.5
AML_101_02	Afatinib	Afatinib_AML_101_02	194.89182	0.0
AML_102_01	Afatinib	Afatinib_AML_102_01	185.41278	0.3
AML_103_01	Afatinib	Afatinib_AML_103_01	190.77419	0.0
AML_103_02	Afatinib	Afatinib_AML_103_02	188.66202	2.9
AML_104_01	Afatinib	Afatinib_AML_104_01	185.04959	0.0
AML_108_01	Afatinib	Afatinib_AML_108_01	180.33049	2.1
AML_109_01	Afatinib	Afatinib_AML_109_01	187.28299	1.0
AML_110_01	Afatinib	Afatinib_AML_110_01	177.78741	1.9
AML_112_01	Afatinib	Afatinib_AML_112_01	180.59738	1.3
AML_112_02	Afatinib	Afatinib_AML_112_02	188.06424	1.3
AML_113_01	Afatinib	Afatinib_AML_113_01	189.12674	4.9
AML_114_01	Afatinib	Afatinib_AML_114_01	181.08488	0.0
AML_115_01	Afatinib	Afatinib_AML_115_01	180.3707	3.3
AML_116_01	Afatinib	Afatinib_AML_116_01	184.1614	0.1
AML_117_01	Afatinib	Afatinib_AML_117_01	183.60913	0.7
AML_119_01	Afatinib	Afatinib_AML_119_01	186.12634	2.4
AML_120_01	Afatinib	Afatinib_AML_120_01	186.74771	8.3
AML_120_03	Afatinib	Afatinib_AML_120_03	190.88362	0.0
AML_122_01	Afatinib	Afatinib_AML_122_01	199.2253	0.0
AML_123_01	Afatinib	Afatinib_AML_123_01	185.13405	6.5
AML_124_01	Afatinib	Afatinib_AML_124_01	183.25647	2.7
AML_125_01	Afatinib	Afatinib_AML_125_01	182.53372	22.1
AML_126_01	Afatinib	Afatinib_AML_126_01	184.95734	3.4
AML_127_01	Afatinib	Afatinib_AML_127_01	188.66965	1.8
AML_128_01	Afatinib	Afatinib_AML_128_01	188.0727	1.9
AML_129_02	Afatinib	Afatinib_AML_129_02	184.009	9.5
AML_129_03	Afatinib	Afatinib_AML_129_03	184.14659	6.4
AML_131_01	Afatinib	Afatinib_AML_131_01	195.8852	0.8
AML_133_01	Afatinib	Afatinib_AML_133_01	195.50063	0.5
AML_134_01	Afatinib	Afatinib_AML_134_01	187.60767	0.1
AML_135_01	Afatinib	Afatinib_AML_135_01	190.41048	1.5
AML_138_01	Afatinib	Afatinib_AML_138_01	190.03905	2.7
AML_139_01	Afatinib	Afatinib_AML_139_01	194.97807	2.2
AML_140_01	Afatinib	Afatinib_AML_140_01	183.99902	1.4
AML_142_01	Afatinib	Afatinib_AML_142_01	189.05066	5.3
AML_143_01	Afatinib	Afatinib_AML_143_01	181.14305	2.4
AML_144_01	Afatinib	Afatinib_AML_144_01	190.59451	3.5
AML_146_01	Afatinib	Afatinib_AML_146_01	184.2855	2.0
AML_147_01	Afatinib	Afatinib_AML_147_01	185.1472	1.8
AML_151_01	Afatinib	Afatinib_AML_151_01	187.88829	5.4
AML_152_01	Afatinib	Afatinib_AML_152_01	182.74738	2.5
AML_153_01	Afatinib	Afatinib_AML_153_01	186.72395	1.3
AML_156_01	Afatinib	Afatinib_AML_156_01	186.0911	1.6
AML_157_01	Afatinib	Afatinib_AML_157_01	191.60297	0.2
AML_157_02	Afatinib	Afatinib_AML_157_02	190.8086	1.2
AML_158_01	Afatinib	Afatinib_AML_158_01	188.41463	0.9
AML_159_01	Afatinib	Afatinib_AML_159_01	184.59123	2.9
AML_160_01	Afatinib	Afatinib_AML_160_01	188.478	1.2
AML_161_01	Afatinib	Afatinib_AML_161_01	182.72713	1.6
AML_175_01	Afatinib	Afatinib_AML_175_01	181.67867	0.0
AML_179_01	Afatinib	Afatinib_AML_179_01	184.81702	9.5
AML_183_01	Afatinib	Afatinib_AML_183_01	186.415	0.0
AML_183_02	Afatinib	Afatinib_AML_183_02	185.08379	1.4
AML_183_03	Afatinib	Afatinib_AML_183_03	189.19592	1.5
AML_184_01	Afatinib	Afatinib_AML_184_01	183.70564	9.2
AML_185_01	Afatinib	Afatinib_AML_185_01	191.1411	7.8
AML_004_01	AGI-5198	AGI-5198_AML_004_01	240.67496	1.7
AML_019_01	AGI-5198	AGI-5198_AML_019_01	235.0797	0.5
AML_025_01	AGI-5198	AGI-5198_AML_025_01	244.24464	0.9
AML_026_01	AGI-5198	AGI-5198_AML_026_01	248.43182	0.0
AML_029_01	AGI-5198	AGI-5198_AML_029_01	244.59828	0.8
AML_030_01	AGI-5198	AGI-5198_AML_030_01	241.70924	1.0
AML_033_01	AGI-5198	AGI-5198_AML_033_01	242.01283	0.0
AML_033_02	AGI-5198	AGI-5198_AML_033_02	234.37633	0.0
AML_041_01	AGI-5198	AGI-5198_AML_041_01	247.51122	0.0
AML_042_01	AGI-5198	AGI-5198_AML_042_01	247.82315	0.0
AML_043_02	AGI-5198	AGI-5198_AML_043_02	232.70879	0.0
AML_046_01	AGI-5198	AGI-5198_AML_046_01	239.1614	0.5
AML_052_01	AGI-5198	AGI-5198_AML_052_01	243.46613	0.0
AML_057_01	AGI-5198	AGI-5198_AML_057_01	245.68669	0.0
AML_058_01	AGI-5198	AGI-5198_AML_058_01	237.23334	0.0
AML_059_01	AGI-5198	AGI-5198_AML_059_01	243.45854	0.3
AML_060_01	AGI-5198	AGI-5198_AML_060_01	240.61426	0.4
AML_061_01	AGI-5198	AGI-5198_AML_061_01	243.85324	0.1
AML_062_01	AGI-5198	AGI-5198_AML_062_01	242.01575	0.3
AML_064_01	AGI-5198	AGI-5198_AML_064_01	243.83472	1.2
AML_065_01	AGI-5198	AGI-5198_AML_065_01	244.33728	0.0
AML_067_01	AGI-5198	AGI-5198_AML_067_01	246.04437	0.4
AML_070_01	AGI-5198	AGI-5198_AML_070_01	244.84264	0.0
AML_072_01	AGI-5198	AGI-5198_AML_072_01	242.85712	0.0
AML_073_01	AGI-5198	AGI-5198_AML_073_01	242.21855	0.3
AML_074_01	AGI-5198	AGI-5198_AML_074_01	250.49031	1.3
AML_075_01	AGI-5198	AGI-5198_AML_075_01	245.76105	0.0
AML_076_01	AGI-5198	AGI-5198_AML_076_01	245.40633	0.0
AML_076_02	AGI-5198	AGI-5198_AML_076_02	237.29115	0.0
AML_077_01	AGI-5198	AGI-5198_AML_077_01	247.26393	0.0
AML_078_02	AGI-5198	AGI-5198_AML_078_02	244.8795	0.1
AML_086_02	AGI-5198	AGI-5198_AML_086_02	243.35452	1.4
AML_098_01	AGI-5198	AGI-5198_AML_098_01	244.54211	0.0
AML_100_01	AGI-5198	AGI-5198_AML_100_01	247.30223	0.0
AML_101_01	AGI-5198	AGI-5198_AML_101_01	234.33092	0.0
AML_101_02	AGI-5198	AGI-5198_AML_101_02	241.66296	0.6
AML_102_01	AGI-5198	AGI-5198_AML_102_01	246.28325	0.0
AML_103_01	AGI-5198	AGI-5198_AML_103_01	236.62883	0.0
AML_103_02	AGI-5198	AGI-5198_AML_103_02	231.29115	3.5
AML_104_01	AGI-5198	AGI-5198_AML_104_01	246.72757	0.0
AML_108_01	AGI-5198	AGI-5198_AML_108_01	241.52782	0.3
AML_109_01	AGI-5198	AGI-5198_AML_109_01	236.4056	0.3
AML_110_01	AGI-5198	AGI-5198_AML_110_01	244.5541	0.0
AML_112_01	AGI-5198	AGI-5198_AML_112_01	242.41345	1.2
AML_112_02	AGI-5198	AGI-5198_AML_112_02	243.89087	0.0
AML_113_01	AGI-5198	AGI-5198_AML_113_01	235.60497	0.0
AML_114_01	AGI-5198	AGI-5198_AML_114_01	242.75613	1.5
AML_115_01	AGI-5198	AGI-5198_AML_115_01	242.4085	0.4
AML_116_01	AGI-5198	AGI-5198_AML_116_01	247.71326	0.7
AML_117_01	AGI-5198	AGI-5198_AML_117_01	244.66315	1.8
AML_119_01	AGI-5198	AGI-5198_AML_119_01	244.47815	2.3
AML_122_01	AGI-5198	AGI-5198_AML_122_01	246.05838	1.1
AML_123_01	AGI-5198	AGI-5198_AML_123_01	249.41806	0.3
AML_124_01	AGI-5198	AGI-5198_AML_124_01	246.87718	1.8
AML_125_01	AGI-5198	AGI-5198_AML_125_01	241.04976	0.0
AML_126_01	AGI-5198	AGI-5198_AML_126_01	242.41216	0.0
AML_127_01	AGI-5198	AGI-5198_AML_127_01	245.03053	0.0
AML_128_01	AGI-5198	AGI-5198_AML_128_01	245.54066	0.5
AML_131_01	AGI-5198	AGI-5198_AML_131_01	246.24745	0.0
AML_133_01	AGI-5198	AGI-5198_AML_133_01	234.51498	0.0
AML_134_01	AGI-5198	AGI-5198_AML_134_01	235.08243	0.6
AML_135_01	AGI-5198	AGI-5198_AML_135_01	244.93765	0.1
AML_138_01	AGI-5198	AGI-5198_AML_138_01	241.38553	1.2
AML_139_01	AGI-5198	AGI-5198_AML_139_01	248.59065	1.5
AML_140_01	AGI-5198	AGI-5198_AML_140_01	246.73949	1.8
AML_142_01	AGI-5198	AGI-5198_AML_142_01	233.39604	0.1
AML_143_01	AGI-5198	AGI-5198_AML_143_01	243.81143	0.0
AML_144_01	AGI-5198	AGI-5198_AML_144_01	245.28163	1.1
AML_146_01	AGI-5198	AGI-5198_AML_146_01	242.73479	0.4
AML_147_01	AGI-5198	AGI-5198_AML_147_01	246.2113	1.6
AML_151_01	AGI-5198	AGI-5198_AML_151_01	239.93292	1.2
AML_152_01	AGI-5198	AGI-5198_AML_152_01	242.82092	1.2
AML_153_01	AGI-5198	AGI-5198_AML_153_01	229.75311	0.0
AML_156_01	AGI-5198	AGI-5198_AML_156_01	240.93985	0.6
AML_157_01	AGI-5198	AGI-5198_AML_157_01	243.04613	1.4
AML_157_02	AGI-5198	AGI-5198_AML_157_02	244.75786	0.0
AML_158_01	AGI-5198	AGI-5198_AML_158_01	247.56065	0.2
AML_159_01	AGI-5198	AGI-5198_AML_159_01	243.73697	0.0
AML_160_01	AGI-5198	AGI-5198_AML_160_01	241.48637	0.0
AML_161_01	AGI-5198	AGI-5198_AML_161_01	232.94878	0.1
AML_183_01	AGI-5198	AGI-5198_AML_183_01	248.056	0.0
AML_183_02	AGI-5198	AGI-5198_AML_183_02	247.6567	0.0
AML_183_03	AGI-5198	AGI-5198_AML_183_03	243.49704	0.2
AML_004_01	AGI-6780	AGI-6780_AML_004_01	230.52606	0.0
AML_019_01	AGI-6780	AGI-6780_AML_019_01	223.37018	2.9
AML_025_01	AGI-6780	AGI-6780_AML_025_01	237.0011	0.1
AML_026_01	AGI-6780	AGI-6780_AML_026_01	241.85823	0.4
AML_029_01	AGI-6780	AGI-6780_AML_029_01	238.42964	4.2
AML_030_01	AGI-6780	AGI-6780_AML_030_01	234.7392	0.4
AML_033_01	AGI-6780	AGI-6780_AML_033_01	229.4296	1.0
AML_033_02	AGI-6780	AGI-6780_AML_033_02	218.06165	0.1
AML_041_01	AGI-6780	AGI-6780_AML_041_01	242.29272	1.3
AML_042_01	AGI-6780	AGI-6780_AML_042_01	239.76997	3.5
AML_043_02	AGI-6780	AGI-6780_AML_043_02	218.56319	0.1
AML_046_01	AGI-6780	AGI-6780_AML_046_01	224.17351	4.3
AML_052_01	AGI-6780	AGI-6780_AML_052_01	231.79892	0.0
AML_057_01	AGI-6780	AGI-6780_AML_057_01	237.88081	0.0
AML_058_01	AGI-6780	AGI-6780_AML_058_01	228.31438	1.4
AML_059_01	AGI-6780	AGI-6780_AML_059_01	230.91353	1.3
AML_060_01	AGI-6780	AGI-6780_AML_060_01	227.35349	4.3
AML_061_01	AGI-6780	AGI-6780_AML_061_01	233.71198	0.1
AML_062_01	AGI-6780	AGI-6780_AML_062_01	234.02217	5.9
AML_064_01	AGI-6780	AGI-6780_AML_064_01	238.72363	2.3
AML_065_01	AGI-6780	AGI-6780_AML_065_01	234.91093	2.3
AML_067_01	AGI-6780	AGI-6780_AML_067_01	239.47461	0.7
AML_070_01	AGI-6780	AGI-6780_AML_070_01	237.14226	2.8
AML_072_01	AGI-6780	AGI-6780_AML_072_01	233.61061	1.8
AML_073_01	AGI-6780	AGI-6780_AML_073_01	230.01349	0.0
AML_074_01	AGI-6780	AGI-6780_AML_074_01	243.29408	1.5
AML_075_01	AGI-6780	AGI-6780_AML_075_01	237.4439	0.8
AML_076_01	AGI-6780	AGI-6780_AML_076_01	238.01122	1.3
AML_076_02	AGI-6780	AGI-6780_AML_076_02	227.7209	0.0
AML_077_01	AGI-6780	AGI-6780_AML_077_01	235.9539	0.7
AML_078_02	AGI-6780	AGI-6780_AML_078_02	239.63191	0.2
AML_086_02	AGI-6780	AGI-6780_AML_086_02	229.94083	0.5
AML_098_01	AGI-6780	AGI-6780_AML_098_01	236.54556	1.7
AML_100_01	AGI-6780	AGI-6780_AML_100_01	240.57635	1.0
AML_101_01	AGI-6780	AGI-6780_AML_101_01	221.48212	1.1
AML_101_02	AGI-6780	AGI-6780_AML_101_02	229.5525	0.8
AML_102_01	AGI-6780	AGI-6780_AML_102_01	239.43628	0.6
AML_103_01	AGI-6780	AGI-6780_AML_103_01	229.09866	0.8
AML_103_02	AGI-6780	AGI-6780_AML_103_02	217.84737	1.4
AML_104_01	AGI-6780	AGI-6780_AML_104_01	239.06866	0.3
AML_108_01	AGI-6780	AGI-6780_AML_108_01	234.50386	4.1
AML_109_01	AGI-6780	AGI-6780_AML_109_01	221.70938	0.0
AML_110_01	AGI-6780	AGI-6780_AML_110_01	235.0372	0.2
AML_112_01	AGI-6780	AGI-6780_AML_112_01	233.80496	0.1
AML_112_02	AGI-6780	AGI-6780_AML_112_02	235.97243	0.9
AML_113_01	AGI-6780	AGI-6780_AML_113_01	224.08711	4.2
AML_114_01	AGI-6780	AGI-6780_AML_114_01	234.06467	0.1
AML_115_01	AGI-6780	AGI-6780_AML_115_01	233.88365	2.7
AML_116_01	AGI-6780	AGI-6780_AML_116_01	237.67113	2.3
AML_117_01	AGI-6780	AGI-6780_AML_117_01	235.19131	0.0
AML_119_01	AGI-6780	AGI-6780_AML_119_01	238.75565	0.5
AML_122_01	AGI-6780	AGI-6780_AML_122_01	241.4678	0.5
AML_123_01	AGI-6780	AGI-6780_AML_123_01	241.43918	2.3
AML_124_01	AGI-6780	AGI-6780_AML_124_01	235.35849	0.7
AML_125_01	AGI-6780	AGI-6780_AML_125_01	231.41322	0.0
AML_126_01	AGI-6780	AGI-6780_AML_126_01	234.11061	0.5
AML_127_01	AGI-6780	AGI-6780_AML_127_01	237.26329	0.4
AML_128_01	AGI-6780	AGI-6780_AML_128_01	235.54498	0.0
AML_131_01	AGI-6780	AGI-6780_AML_131_01	240.30501	1.1
AML_133_01	AGI-6780	AGI-6780_AML_133_01	220.93211	0.0
AML_134_01	AGI-6780	AGI-6780_AML_134_01	221.77533	0.0
AML_135_01	AGI-6780	AGI-6780_AML_135_01	235.34851	0.0
AML_138_01	AGI-6780	AGI-6780_AML_138_01	225.85075	1.5
AML_139_01	AGI-6780	AGI-6780_AML_139_01	239.32587	2.0
AML_140_01	AGI-6780	AGI-6780_AML_140_01	237.86282	0.7
AML_142_01	AGI-6780	AGI-6780_AML_142_01	217.33652	0.0
AML_143_01	AGI-6780	AGI-6780_AML_143_01	233.18893	0.0
AML_144_01	AGI-6780	AGI-6780_AML_144_01	233.97134	0.2
AML_146_01	AGI-6780	AGI-6780_AML_146_01	233.23459	0.0
AML_147_01	AGI-6780	AGI-6780_AML_147_01	237.45294	0.3
AML_151_01	AGI-6780	AGI-6780_AML_151_01	231.01349	0.3
AML_152_01	AGI-6780	AGI-6780_AML_152_01	232.0847	0.5
AML_153_01	AGI-6780	AGI-6780_AML_153_01	213.23361	0.0
AML_156_01	AGI-6780	AGI-6780_AML_156_01	229.4038	1.1
AML_157_01	AGI-6780	AGI-6780_AML_157_01	236.60553	2.8
AML_157_02	AGI-6780	AGI-6780_AML_157_02	235.69537	1.0
AML_158_01	AGI-6780	AGI-6780_AML_158_01	239.51997	0.6
AML_159_01	AGI-6780	AGI-6780_AML_159_01	235.64404	0.7
AML_160_01	AGI-6780	AGI-6780_AML_160_01	232.45787	0.1
AML_161_01	AGI-6780	AGI-6780_AML_161_01	219.80553	0.0
AML_183_01	AGI-6780	AGI-6780_AML_183_01	239.7003	0.1
AML_183_02	AGI-6780	AGI-6780_AML_183_02	240.11519	1.6
AML_183_03	AGI-6780	AGI-6780_AML_183_03	234.58015	0.3
AML_001_01	Alisertib	Alisertib_AML_001_01	237.71579	0.0
AML_001_03	Alisertib	Alisertib_AML_001_03	235.53741	18.8
AML_002_01	Alisertib	Alisertib_AML_002_01	229.8088	1.3
AML_003_02	Alisertib	Alisertib_AML_003_02	224.85788	10.5
AML_004_01	Alisertib	Alisertib_AML_004_01	231.54651	8.9
AML_006_02	Alisertib	Alisertib_AML_006_02	235.43808	0.5
AML_007_01	Alisertib	Alisertib_AML_007_01	237.75024	4.7
AML_007_02	Alisertib	Alisertib_AML_007_02	241.40097	3.2
AML_012_01	Alisertib	Alisertib_AML_012_01	224.89438	3.0
AML_013_01	Alisertib	Alisertib_AML_013_01	229.96336	11.1
AML_014_01	Alisertib	Alisertib_AML_014_01	229.75859	7.4
AML_015_01	Alisertib	Alisertib_AML_015_01	232.26433	12.6
AML_015_02	Alisertib	Alisertib_AML_015_02	233.80058	6.0
AML_015_03	Alisertib	Alisertib_AML_015_03	237.41586	12.4
AML_015_04	Alisertib	Alisertib_AML_015_04	235.28287	5.7
AML_018_01	Alisertib	Alisertib_AML_018_01	222.0745	22.4
AML_019_01	Alisertib	Alisertib_AML_019_01	227.02573	3.9
AML_020_01	Alisertib	Alisertib_AML_020_01	236.46927	0.0
AML_022_01	Alisertib	Alisertib_AML_022_01	232.18967	0.8
AML_023_01	Alisertib	Alisertib_AML_023_01	233.10449	3.6
AML_023_03	Alisertib	Alisertib_AML_023_03	233.48137	2.6
AML_023_04	Alisertib	Alisertib_AML_023_04	234.34775	8.6
AML_024_01	Alisertib	Alisertib_AML_024_01	230.05907	12.9
AML_025_01	Alisertib	Alisertib_AML_025_01	237.39383	2.0
AML_026_01	Alisertib	Alisertib_AML_026_01	238.50284	1.7
AML_028_01	Alisertib	Alisertib_AML_028_01	227.55507	6.5
AML_028_04	Alisertib	Alisertib_AML_028_04	219.00961	4.3
AML_029_01	Alisertib	Alisertib_AML_029_01	234.54208	4.6
AML_030_01	Alisertib	Alisertib_AML_030_01	230.97025	2.2
AML_032_01	Alisertib	Alisertib_AML_032_01	233.58505	6.0
AML_033_01	Alisertib	Alisertib_AML_033_01	230.60812	18.3
AML_033_02	Alisertib	Alisertib_AML_033_02	223.44302	13.3
AML_035_02	Alisertib	Alisertib_AML_035_02	237.96889	13.9
AML_035_04	Alisertib	Alisertib_AML_035_04	230.88992	12.7
AML_036_01	Alisertib	Alisertib_AML_036_01	235.16653	9.4
AML_040_01	Alisertib	Alisertib_AML_040_01	231.12596	5.0
AML_041_01	Alisertib	Alisertib_AML_041_01	238.5039	5.1
AML_042_01	Alisertib	Alisertib_AML_042_01	237.12296	5.3
AML_043_02	Alisertib	Alisertib_AML_043_02	225.61525	13.2
AML_045_01	Alisertib	Alisertib_AML_045_01	233.95578	0.0
AML_046_01	Alisertib	Alisertib_AML_046_01	228.20837	11.3
AML_051_01	Alisertib	Alisertib_AML_051_01	231.791	0.0
AML_052_01	Alisertib	Alisertib_AML_052_01	233.22026	9.8
AML_053_01	Alisertib	Alisertib_AML_053_01	236.62715	3.3
AML_054_01	Alisertib	Alisertib_AML_054_01	225.7099	1.5
AML_057_01	Alisertib	Alisertib_AML_057_01	236.00337	3.1
AML_058_01	Alisertib	Alisertib_AML_058_01	229.0069	7.9
AML_059_01	Alisertib	Alisertib_AML_059_01	231.85648	6.7
AML_060_01	Alisertib	Alisertib_AML_060_01	231.27335	0.5
AML_061_01	Alisertib	Alisertib_AML_061_01	233.58913	3.7
AML_062_01	Alisertib	Alisertib_AML_062_01	231.61375	12.8
AML_064_01	Alisertib	Alisertib_AML_064_01	236.08032	0.0
AML_065_01	Alisertib	Alisertib_AML_065_01	233.81316	6.0
AML_067_01	Alisertib	Alisertib_AML_067_01	235.63667	3.8
AML_070_01	Alisertib	Alisertib_AML_070_01	235.78534	2.5
AML_072_01	Alisertib	Alisertib_AML_072_01	234.20787	3.1
AML_073_01	Alisertib	Alisertib_AML_073_01	232.63017	6.8
AML_074_01	Alisertib	Alisertib_AML_074_01	238.62437	1.9
AML_075_01	Alisertib	Alisertib_AML_075_01	236.1067	4.4
AML_076_01	Alisertib	Alisertib_AML_076_01	237.39493	6.5
AML_076_02	Alisertib	Alisertib_AML_076_02	226.6682	3.5
AML_077_01	Alisertib	Alisertib_AML_077_01	237.09633	10.8
AML_078_02	Alisertib	Alisertib_AML_078_02	236.50816	4.5
AML_084_01	Alisertib	Alisertib_AML_084_01	229.0015	1.9
AML_086_02	Alisertib	Alisertib_AML_086_02	229.6761	7.0
AML_098_01	Alisertib	Alisertib_AML_098_01	232.69067	8.2
AML_100_01	Alisertib	Alisertib_AML_100_01	237.00569	2.3
AML_101_01	Alisertib	Alisertib_AML_101_01	224.49498	5.3
AML_101_02	Alisertib	Alisertib_AML_101_02	231.234	0.7
AML_102_01	Alisertib	Alisertib_AML_102_01	235.38503	2.9
AML_103_01	Alisertib	Alisertib_AML_103_01	227.80797	2.9
AML_103_02	Alisertib	Alisertib_AML_103_02	222.26294	10.1
AML_104_01	Alisertib	Alisertib_AML_104_01	234.7463	3.3
AML_108_01	Alisertib	Alisertib_AML_108_01	228.49574	4.1
AML_109_01	Alisertib	Alisertib_AML_109_01	225.57286	3.3
AML_110_01	Alisertib	Alisertib_AML_110_01	232.49092	14.1
AML_112_01	Alisertib	Alisertib_AML_112_01	230.7995	3.8
AML_112_02	Alisertib	Alisertib_AML_112_02	233.92963	1.3
AML_113_01	Alisertib	Alisertib_AML_113_01	224.55309	15.0
AML_114_01	Alisertib	Alisertib_AML_114_01	227.18048	3.4
AML_115_01	Alisertib	Alisertib_AML_115_01	230.95952	4.8
AML_116_01	Alisertib	Alisertib_AML_116_01	235.23701	1.3
AML_117_01	Alisertib	Alisertib_AML_117_01	231.91356	3.2
AML_119_01	Alisertib	Alisertib_AML_119_01	232.64073	2.5
AML_120_01	Alisertib	Alisertib_AML_120_01	230.57008	8.4
AML_120_03	Alisertib	Alisertib_AML_120_03	232.82425	13.0
AML_122_01	Alisertib	Alisertib_AML_122_01	238.1377	3.8
AML_123_01	Alisertib	Alisertib_AML_123_01	237.72063	7.4
AML_124_01	Alisertib	Alisertib_AML_124_01	233.94678	17.8
AML_125_01	Alisertib	Alisertib_AML_125_01	233.23009	12.8
AML_126_01	Alisertib	Alisertib_AML_126_01	229.99637	5.1
AML_127_01	Alisertib	Alisertib_AML_127_01	234.9404	14.1
AML_128_01	Alisertib	Alisertib_AML_128_01	235.2413	5.3
AML_129_02	Alisertib	Alisertib_AML_129_02	233.61156	3.9
AML_129_03	Alisertib	Alisertib_AML_129_03	231.05492	3.6
AML_131_01	Alisertib	Alisertib_AML_131_01	238.1444	0.4
AML_133_01	Alisertib	Alisertib_AML_133_01	225.70374	3.1
AML_134_01	Alisertib	Alisertib_AML_134_01	227.90636	7.4
AML_135_01	Alisertib	Alisertib_AML_135_01	233.4218	10.2
AML_138_01	Alisertib	Alisertib_AML_138_01	230.37042	3.3
AML_139_01	Alisertib	Alisertib_AML_139_01	240.26509	1.5
AML_140_01	Alisertib	Alisertib_AML_140_01	235.5042	4.9
AML_142_01	Alisertib	Alisertib_AML_142_01	224.96912	3.0
AML_143_01	Alisertib	Alisertib_AML_143_01	233.33902	5.5
AML_144_01	Alisertib	Alisertib_AML_144_01	239.02652	7.3
AML_146_01	Alisertib	Alisertib_AML_146_01	233.535	0.6
AML_147_01	Alisertib	Alisertib_AML_147_01	235.59978	2.9
AML_151_01	Alisertib	Alisertib_AML_151_01	229.3992	4.0
AML_152_01	Alisertib	Alisertib_AML_152_01	232.89005	8.8
AML_153_01	Alisertib	Alisertib_AML_153_01	220.57939	2.2
AML_156_01	Alisertib	Alisertib_AML_156_01	229.53268	5.0
AML_157_01	Alisertib	Alisertib_AML_157_01	235.91473	10.1
AML_157_02	Alisertib	Alisertib_AML_157_02	234.68478	20.8
AML_158_01	Alisertib	Alisertib_AML_158_01	238.75613	2.0
AML_159_01	Alisertib	Alisertib_AML_159_01	235.0615	6.6
AML_160_01	Alisertib	Alisertib_AML_160_01	231.31497	2.5
AML_161_01	Alisertib	Alisertib_AML_161_01	223.71252	20.0
AML_175_01	Alisertib	Alisertib_AML_175_01	237.01389	0.7
AML_179_01	Alisertib	Alisertib_AML_179_01	232.70084	0.0
AML_183_01	Alisertib	Alisertib_AML_183_01	238.42099	4.3
AML_183_02	Alisertib	Alisertib_AML_183_02	235.15933	1.9
AML_183_03	Alisertib	Alisertib_AML_183_03	232.2084	2.3
AML_184_01	Alisertib	Alisertib_AML_184_01	233.2133	5.0
AML_185_01	Alisertib	Alisertib_AML_185_01	237.19655	0.0
AML_004_01	AT7519	AT7519_AML_004_01	165.65295	21.8
AML_019_01	AT7519	AT7519_AML_019_01	170.78998	26.9
AML_025_01	AT7519	AT7519_AML_025_01	170.88608	20.6
AML_026_01	AT7519	AT7519_AML_026_01	159.63583	16.0
AML_029_01	AT7519	AT7519_AML_029_01	160.0925	23.8
AML_030_01	AT7519	AT7519_AML_030_01	157.17322	18.4
AML_033_01	AT7519	AT7519_AML_033_01	169.26662	21.2
AML_033_02	AT7519	AT7519_AML_033_02	179.22974	19.3
AML_041_01	AT7519	AT7519_AML_041_01	163.34087	10.1
AML_042_01	AT7519	AT7519_AML_042_01	166.05093	15.4
AML_043_02	AT7519	AT7519_AML_043_02	176.9054	19.5
AML_046_01	AT7519	AT7519_AML_046_01	166.27876	23.9
AML_052_01	AT7519	AT7519_AML_052_01	166.27252	21.8
AML_057_01	AT7519	AT7519_AML_057_01	162.27464	18.1
AML_058_01	AT7519	AT7519_AML_058_01	159.63141	17.0
AML_059_01	AT7519	AT7519_AML_059_01	159.13779	21.2
AML_060_01	AT7519	AT7519_AML_060_01	168.80074	22.1
AML_061_01	AT7519	AT7519_AML_061_01	160.35277	22.1
AML_062_01	AT7519	AT7519_AML_062_01	161.0842	22.5
AML_064_01	AT7519	AT7519_AML_064_01	167.17252	22.5
AML_065_01	AT7519	AT7519_AML_065_01	157.13895	19.3
AML_067_01	AT7519	AT7519_AML_067_01	155.22203	20.3
AML_070_01	AT7519	AT7519_AML_070_01	163.43655	12.6
AML_072_01	AT7519	AT7519_AML_072_01	167.65858	15.8
AML_073_01	AT7519	AT7519_AML_073_01	170.3208	3.3
AML_074_01	AT7519	AT7519_AML_074_01	156.05609	21.5
AML_075_01	AT7519	AT7519_AML_075_01	160.73412	18.3
AML_076_01	AT7519	AT7519_AML_076_01	168.21053	13.3
AML_077_01	AT7519	AT7519_AML_077_01	166.62395	21.0
AML_078_02	AT7519	AT7519_AML_078_02	160.26022	23.9
AML_086_02	AT7519	AT7519_AML_086_02	172.30948	0.0
AML_098_01	AT7519	AT7519_AML_098_01	163.71829	22.8
AML_100_01	AT7519	AT7519_AML_100_01	154.829	17.9
AML_101_01	AT7519	AT7519_AML_101_01	170.68477	22.1
AML_101_02	AT7519	AT7519_AML_101_02	174.44246	15.7
AML_102_01	AT7519	AT7519_AML_102_01	153.88248	21.6
AML_103_01	AT7519	AT7519_AML_103_01	165.71194	23.1
AML_103_02	AT7519	AT7519_AML_103_02	172.75124	26.5
AML_104_01	AT7519	AT7519_AML_104_01	153.9026	17.2
AML_108_01	AT7519	AT7519_AML_108_01	153.43973	27.3
AML_109_01	AT7519	AT7519_AML_109_01	167.85661	25.2
AML_110_01	AT7519	AT7519_AML_110_01	153.06981	19.9
AML_112_01	AT7519	AT7519_AML_112_01	156.01346	23.6
AML_112_02	AT7519	AT7519_AML_112_02	161.42633	25.7
AML_113_01	AT7519	AT7519_AML_113_01	166.48744	34.5
AML_114_01	AT7519	AT7519_AML_114_01	150.7506	25.5
AML_115_01	AT7519	AT7519_AML_115_01	155.04431	19.3
AML_116_01	AT7519	AT7519_AML_116_01	156.3381	24.3
AML_117_01	AT7519	AT7519_AML_117_01	153.89436	18.3
AML_119_01	AT7519	AT7519_AML_119_01	153.95242	23.7
AML_122_01	AT7519	AT7519_AML_122_01	173.63531	24.7
AML_123_01	AT7519	AT7519_AML_123_01	156.7447	15.2
AML_124_01	AT7519	AT7519_AML_124_01	160.60703	18.8
AML_125_01	AT7519	AT7519_AML_125_01	165.51414	17.9
AML_126_01	AT7519	AT7519_AML_126_01	167.13649	26.0
AML_127_01	AT7519	AT7519_AML_127_01	159.5079	0.0
AML_128_01	AT7519	AT7519_AML_128_01	167.67642	16.2
AML_131_01	AT7519	AT7519_AML_131_01	166.60522	32.1
AML_133_01	AT7519	AT7519_AML_133_01	178.80167	25.5
AML_134_01	AT7519	AT7519_AML_134_01	181.88605	14.9
AML_135_01	AT7519	AT7519_AML_135_01	163.13544	24.3
AML_138_01	AT7519	AT7519_AML_138_01	172.15015	18.8
AML_139_01	AT7519	AT7519_AML_139_01	164.13173	31.2
AML_140_01	AT7519	AT7519_AML_140_01	155.17914	22.2
AML_142_01	AT7519	AT7519_AML_142_01	173.18178	29.3
AML_143_01	AT7519	AT7519_AML_143_01	157.79135	19.7
AML_144_01	AT7519	AT7519_AML_144_01	171.30219	21.1
AML_146_01	AT7519	AT7519_AML_146_01	168.57169	22.5
AML_147_01	AT7519	AT7519_AML_147_01	161.71873	19.0
AML_151_01	AT7519	AT7519_AML_151_01	161.26733	31.9
AML_152_01	AT7519	AT7519_AML_152_01	162.49794	25.2
AML_153_01	AT7519	AT7519_AML_153_01	176.04927	8.3
AML_156_01	AT7519	AT7519_AML_156_01	162.45323	23.7
AML_157_01	AT7519	AT7519_AML_157_01	163.44106	28.8
AML_157_02	AT7519	AT7519_AML_157_02	158.25224	26.8
AML_158_01	AT7519	AT7519_AML_158_01	162.05077	22.5
AML_159_01	AT7519	AT7519_AML_159_01	160.32672	17.6
AML_160_01	AT7519	AT7519_AML_160_01	162.22507	21.4
AML_161_01	AT7519	AT7519_AML_161_01	165.07935	18.7
AML_183_01	AT7519	AT7519_AML_183_01	163.55432	19.8
AML_183_03	AT7519	AT7519_AML_183_03	163.01498	19.9
AML_001_01	Axitinib	Axitinib_AML_001_01	219.28989	0.0
AML_001_03	Axitinib	Axitinib_AML_001_03	210.0939	7.1
AML_002_01	Axitinib	Axitinib_AML_002_01	216.56337	8.3
AML_003_02	Axitinib	Axitinib_AML_003_02	217.63808	4.2
AML_004_01	Axitinib	Axitinib_AML_004_01	209.60167	7.5
AML_006_02	Axitinib	Axitinib_AML_006_02	215.53476	3.9
AML_007_01	Axitinib	Axitinib_AML_007_01	210.79797	1.4
AML_007_02	Axitinib	Axitinib_AML_007_02	215.43224	0.0
AML_012_01	Axitinib	Axitinib_AML_012_01	215.98688	6.4
AML_013_01	Axitinib	Axitinib_AML_013_01	217.98917	2.1
AML_014_01	Axitinib	Axitinib_AML_014_01	211.51051	6.1
AML_015_01	Axitinib	Axitinib_AML_015_01	216.51988	21.0
AML_015_02	Axitinib	Axitinib_AML_015_02	211.49687	15.0
AML_015_03	Axitinib	Axitinib_AML_015_03	213.58406	29.9
AML_015_04	Axitinib	Axitinib_AML_015_04	217.5437	40.7
AML_018_01	Axitinib	Axitinib_AML_018_01	206.46306	5.7
AML_019_01	Axitinib	Axitinib_AML_019_01	214.10362	3.3
AML_020_01	Axitinib	Axitinib_AML_020_01	225.17355	2.9
AML_022_01	Axitinib	Axitinib_AML_022_01	201.59843	3.7
AML_023_01	Axitinib	Axitinib_AML_023_01	205.03186	11.4
AML_023_03	Axitinib	Axitinib_AML_023_03	205.78603	0.0
AML_023_04	Axitinib	Axitinib_AML_023_04	214.15282	8.7
AML_024_01	Axitinib	Axitinib_AML_024_01	211.33374	5.2
AML_025_01	Axitinib	Axitinib_AML_025_01	219.20755	3.8
AML_026_01	Axitinib	Axitinib_AML_026_01	212.85313	2.6
AML_028_01	Axitinib	Axitinib_AML_028_01	204.32678	0.0
AML_028_04	Axitinib	Axitinib_AML_028_04	204.6115	0.7
AML_029_01	Axitinib	Axitinib_AML_029_01	210.16579	1.3
AML_030_01	Axitinib	Axitinib_AML_030_01	199.91003	2.5
AML_032_01	Axitinib	Axitinib_AML_032_01	218.73416	0.1
AML_033_01	Axitinib	Axitinib_AML_033_01	216.6435	11.3
AML_033_02	Axitinib	Axitinib_AML_033_02	214.86963	9.9
AML_035_02	Axitinib	Axitinib_AML_035_02	222.33255	2.7
AML_035_04	Axitinib	Axitinib_AML_035_04	223.45615	0.4
AML_036_01	Axitinib	Axitinib_AML_036_01	207.38177	2.7
AML_040_01	Axitinib	Axitinib_AML_040_01	204.62885	11.3
AML_041_01	Axitinib	Axitinib_AML_041_01	211.30545	6.6
AML_042_01	Axitinib	Axitinib_AML_042_01	216.00584	6.7
AML_043_02	Axitinib	Axitinib_AML_043_02	214.83783	5.4
AML_045_01	Axitinib	Axitinib_AML_045_01	213.28706	1.9
AML_046_01	Axitinib	Axitinib_AML_046_01	207.6018	14.4
AML_051_01	Axitinib	Axitinib_AML_051_01	204.15465	2.8
AML_052_01	Axitinib	Axitinib_AML_052_01	217.37328	3.1
AML_053_01	Axitinib	Axitinib_AML_053_01	218.15517	1.8
AML_054_01	Axitinib	Axitinib_AML_054_01	214.5819	7.7
AML_057_01	Axitinib	Axitinib_AML_057_01	210.95909	6.8
AML_058_01	Axitinib	Axitinib_AML_058_01	202.74174	4.6
AML_059_01	Axitinib	Axitinib_AML_059_01	207.09593	6.1
AML_060_01	Axitinib	Axitinib_AML_060_01	216.17911	6.2
AML_061_01	Axitinib	Axitinib_AML_061_01	211.01749	4.9
AML_062_01	Axitinib	Axitinib_AML_062_01	202.08147	7.3
AML_064_01	Axitinib	Axitinib_AML_064_01	213.76683	0.0
AML_065_01	Axitinib	Axitinib_AML_065_01	203.5969	7.4
AML_067_01	Axitinib	Axitinib_AML_067_01	202.43323	7.4
AML_070_01	Axitinib	Axitinib_AML_070_01	213.98283	0.3
AML_072_01	Axitinib	Axitinib_AML_072_01	214.15883	3.7
AML_073_01	Axitinib	Axitinib_AML_073_01	217.43059	4.4
AML_074_01	Axitinib	Axitinib_AML_074_01	209.93265	2.1
AML_075_01	Axitinib	Axitinib_AML_075_01	208.38428	3.0
AML_076_01	Axitinib	Axitinib_AML_076_01	213.14409	4.1
AML_076_02	Axitinib	Axitinib_AML_076_02	203.07736	4.1
AML_077_01	Axitinib	Axitinib_AML_077_01	220.35059	8.0
AML_078_02	Axitinib	Axitinib_AML_078_02	203.73059	0.0
AML_084_01	Axitinib	Axitinib_AML_084_01	205.3845	7.5
AML_086_02	Axitinib	Axitinib_AML_086_02	216.63484	5.0
AML_098_01	Axitinib	Axitinib_AML_098_01	206.41702	4.5
AML_100_01	Axitinib	Axitinib_AML_100_01	205.39745	2.6
AML_101_01	Axitinib	Axitinib_AML_101_01	210.48363	14.9
AML_101_02	Axitinib	Axitinib_AML_101_02	220.7029	0.6
AML_102_01	Axitinib	Axitinib_AML_102_01	199.63544	3.2
AML_103_01	Axitinib	Axitinib_AML_103_01	200.53363	4.1
AML_103_02	Axitinib	Axitinib_AML_103_02	208.90004	6.7
AML_104_01	Axitinib	Axitinib_AML_104_01	204.43654	2.1
AML_108_01	Axitinib	Axitinib_AML_108_01	198.4294	6.3
AML_109_01	Axitinib	Axitinib_AML_109_01	213.25726	0.0
AML_110_01	Axitinib	Axitinib_AML_110_01	203.73326	6.8
AML_112_01	Axitinib	Axitinib_AML_112_01	195.238	5.1
AML_112_02	Axitinib	Axitinib_AML_112_02	206.9035	5.4
AML_113_01	Axitinib	Axitinib_AML_113_01	207.39069	6.0
AML_114_01	Axitinib	Axitinib_AML_114_01	199.30507	1.0
AML_115_01	Axitinib	Axitinib_AML_115_01	198.92	13.7
AML_116_01	Axitinib	Axitinib_AML_116_01	210.83083	3.8
AML_117_01	Axitinib	Axitinib_AML_117_01	206.82236	1.8
AML_119_01	Axitinib	Axitinib_AML_119_01	201.70259	1.4
AML_120_01	Axitinib	Axitinib_AML_120_01	210.72052	12.9
AML_120_03	Axitinib	Axitinib_AML_120_03	215.71252	13.1
AML_122_01	Axitinib	Axitinib_AML_122_01	215.7678	0.0
AML_123_01	Axitinib	Axitinib_AML_123_01	211.81607	7.3
AML_124_01	Axitinib	Axitinib_AML_124_01	207.46872	7.5
AML_125_01	Axitinib	Axitinib_AML_125_01	214.54222	5.6
AML_126_01	Axitinib	Axitinib_AML_126_01	206.15616	4.8
AML_127_01	Axitinib	Axitinib_AML_127_01	208.07675	3.8
AML_128_01	Axitinib	Axitinib_AML_128_01	219.21178	2.3
AML_129_02	Axitinib	Axitinib_AML_129_02	207.08487	13.2
AML_129_03	Axitinib	Axitinib_AML_129_03	206.06496	4.4
AML_131_01	Axitinib	Axitinib_AML_131_01	212.91281	1.7
AML_133_01	Axitinib	Axitinib_AML_133_01	219.4707	2.8
AML_134_01	Axitinib	Axitinib_AML_134_01	220.80865	0.2
AML_135_01	Axitinib	Axitinib_AML_135_01	210.21419	10.1
AML_138_01	Axitinib	Axitinib_AML_138_01	214.3156	2.6
AML_139_01	Axitinib	Axitinib_AML_139_01	221.68974	1.3
AML_140_01	Axitinib	Axitinib_AML_140_01	205.72324	5.0
AML_142_01	Axitinib	Axitinib_AML_142_01	214.55882	2.8
AML_143_01	Axitinib	Axitinib_AML_143_01	209.44028	1.1
AML_144_01	Axitinib	Axitinib_AML_144_01	220.0425	4.2
AML_146_01	Axitinib	Axitinib_AML_146_01	211.87666	0.1
AML_147_01	Axitinib	Axitinib_AML_147_01	209.06363	6.4
AML_151_01	Axitinib	Axitinib_AML_151_01	202.25734	3.7
AML_152_01	Axitinib	Axitinib_AML_152_01	208.34335	4.4
AML_153_01	Axitinib	Axitinib_AML_153_01	213.37415	1.3
AML_156_01	Axitinib	Axitinib_AML_156_01	205.95088	1.5
AML_157_01	Axitinib	Axitinib_AML_157_01	214.11502	4.3
AML_157_02	Axitinib	Axitinib_AML_157_02	212.79715	9.3
AML_158_01	Axitinib	Axitinib_AML_158_01	214.32967	4.6
AML_159_01	Axitinib	Axitinib_AML_159_01	211.62201	5.9
AML_160_01	Axitinib	Axitinib_AML_160_01	201.79398	4.0
AML_161_01	Axitinib	Axitinib_AML_161_01	204.39696	5.4
AML_175_01	Axitinib	Axitinib_AML_175_01	207.74614	1.2
AML_179_01	Axitinib	Axitinib_AML_179_01	219.72862	4.1
AML_183_01	Axitinib	Axitinib_AML_183_01	213.34389	3.5
AML_183_02	Axitinib	Axitinib_AML_183_02	205.80145	0.2
AML_183_03	Axitinib	Axitinib_AML_183_03	205.60616	0.8
AML_184_01	Axitinib	Axitinib_AML_184_01	200.91939	8.6
AML_185_01	Axitinib	Axitinib_AML_185_01	223.87773	3.8
AML_001_03	AZD1480	AZD1480_AML_001_03	234.82301	3.7
AML_003_02	AZD1480	AZD1480_AML_003_02	227.54524	10.6
AML_004_01	AZD1480	AZD1480_AML_004_01	232.12207	8.4
AML_006_02	AZD1480	AZD1480_AML_006_02	235.17229	0.0
AML_007_01	AZD1480	AZD1480_AML_007_01	234.87408	0.1
AML_007_02	AZD1480	AZD1480_AML_007_02	236.58878	0.0
AML_012_01	AZD1480	AZD1480_AML_012_01	228.15854	3.9
AML_013_01	AZD1480	AZD1480_AML_013_01	234.4763	6.8
AML_014_01	AZD1480	AZD1480_AML_014_01	232.23694	0.0
AML_015_01	AZD1480	AZD1480_AML_015_01	233.78606	4.0
AML_015_02	AZD1480	AZD1480_AML_015_02	230.94437	2.4
AML_015_03	AZD1480	AZD1480_AML_015_03	234.93883	2.6
AML_015_04	AZD1480	AZD1480_AML_015_04	234.15652	3.6
AML_018_01	AZD1480	AZD1480_AML_018_01	223.1676	20.8
AML_019_01	AZD1480	AZD1480_AML_019_01	229.30597	2.6
AML_020_01	AZD1480	AZD1480_AML_020_01	239.11504	0.0
AML_023_04	AZD1480	AZD1480_AML_023_04	231.71939	0.5
AML_024_01	AZD1480	AZD1480_AML_024_01	230.4352	7.5
AML_025_01	AZD1480	AZD1480_AML_025_01	239.05458	6.8
AML_026_01	AZD1480	AZD1480_AML_026_01	237.44786	3.5
AML_028_01	AZD1480	AZD1480_AML_028_01	228.86783	2.5
AML_028_04	AZD1480	AZD1480_AML_028_04	218.73586	5.4
AML_029_01	AZD1480	AZD1480_AML_029_01	234.40726	3.7
AML_030_01	AZD1480	AZD1480_AML_030_01	227.33574	1.9
AML_032_01	AZD1480	AZD1480_AML_032_01	235.11432	6.0
AML_033_01	AZD1480	AZD1480_AML_033_01	234.55106	12.4
AML_033_02	AZD1480	AZD1480_AML_033_02	226.1649	11.4
AML_035_02	AZD1480	AZD1480_AML_035_02	238.91527	6.7
AML_035_04	AZD1480	AZD1480_AML_035_04	233.92758	5.3
AML_036_01	AZD1480	AZD1480_AML_036_01	234.51025	5.1
AML_040_01	AZD1480	AZD1480_AML_040_01	230.90366	4.3
AML_041_01	AZD1480	AZD1480_AML_041_01	236.10269	0.7
AML_042_01	AZD1480	AZD1480_AML_042_01	233.75783	3.2
AML_043_02	AZD1480	AZD1480_AML_043_02	226.13194	9.6
AML_045_01	AZD1480	AZD1480_AML_045_01	234.47482	0.0
AML_046_01	AZD1480	AZD1480_AML_046_01	227.94344	9.2
AML_051_01	AZD1480	AZD1480_AML_051_01	229.47545	0.2
AML_052_01	AZD1480	AZD1480_AML_052_01	238.16287	3.9
AML_053_01	AZD1480	AZD1480_AML_053_01	236.27965	0.2
AML_054_01	AZD1480	AZD1480_AML_054_01	229.28174	0.3
AML_057_01	AZD1480	AZD1480_AML_057_01	234.7934	4.3
AML_058_01	AZD1480	AZD1480_AML_058_01	227.46153	0.0
AML_059_01	AZD1480	AZD1480_AML_059_01	231.46313	1.5
AML_060_01	AZD1480	AZD1480_AML_060_01	233.47545	0.0
AML_061_01	AZD1480	AZD1480_AML_061_01	232.01993	0.0
AML_062_01	AZD1480	AZD1480_AML_062_01	227.78897	5.9
AML_064_01	AZD1480	AZD1480_AML_064_01	232.72833	0.0
AML_065_01	AZD1480	AZD1480_AML_065_01	230.17159	3.5
AML_067_01	AZD1480	AZD1480_AML_067_01	231.01624	1.4
AML_070_01	AZD1480	AZD1480_AML_070_01	234.21666	1.9
AML_072_01	AZD1480	AZD1480_AML_072_01	237.6641	0.0
AML_073_01	AZD1480	AZD1480_AML_073_01	234.14073	0.1
AML_074_01	AZD1480	AZD1480_AML_074_01	234.48558	3.4
AML_075_01	AZD1480	AZD1480_AML_075_01	232.01155	0.0
AML_076_01	AZD1480	AZD1480_AML_076_01	234.953	5.8
AML_076_02	AZD1480	AZD1480_AML_076_02	225.2178	5.7
AML_077_01	AZD1480	AZD1480_AML_077_01	238.06038	5.8
AML_078_02	AZD1480	AZD1480_AML_078_02	231.17815	2.2
AML_084_01	AZD1480	AZD1480_AML_084_01	227.2952	2.9
AML_086_02	AZD1480	AZD1480_AML_086_02	234.57358	5.9
AML_098_01	AZD1480	AZD1480_AML_098_01	232.09297	4.9
AML_100_01	AZD1480	AZD1480_AML_100_01	234.52979	3.2
AML_101_01	AZD1480	AZD1480_AML_101_01	226.95161	9.2
AML_101_02	AZD1480	AZD1480_AML_101_02	234.68362	0.6
AML_102_01	AZD1480	AZD1480_AML_102_01	226.34805	0.6
AML_103_01	AZD1480	AZD1480_AML_103_01	224.50006	6.6
AML_103_02	AZD1480	AZD1480_AML_103_02	221.8967	9.1
AML_104_01	AZD1480	AZD1480_AML_104_01	233.65541	5.2
AML_108_01	AZD1480	AZD1480_AML_108_01	226.70587	5.9
AML_109_01	AZD1480	AZD1480_AML_109_01	229.02846	0.2
AML_110_01	AZD1480	AZD1480_AML_110_01	229.87964	8.2
AML_112_01	AZD1480	AZD1480_AML_112_01	225.16428	1.1
AML_112_02	AZD1480	AZD1480_AML_112_02	233.66151	1.8
AML_113_01	AZD1480	AZD1480_AML_113_01	225.17485	10.8
AML_114_01	AZD1480	AZD1480_AML_114_01	225.38057	4.1
AML_115_01	AZD1480	AZD1480_AML_115_01	226.64009	7.7
AML_116_01	AZD1480	AZD1480_AML_116_01	234.82188	9.4
AML_117_01	AZD1480	AZD1480_AML_117_01	233.07356	2.7
AML_119_01	AZD1480	AZD1480_AML_119_01	229.3712	7.1
AML_120_03	AZD1480	AZD1480_AML_120_03	236.25362	1.8
AML_122_01	AZD1480	AZD1480_AML_122_01	235.4676	0.0
AML_123_01	AZD1480	AZD1480_AML_123_01	236.52359	4.3
AML_124_01	AZD1480	AZD1480_AML_124_01	232.72217	6.6
AML_125_01	AZD1480	AZD1480_AML_125_01	234.91525	5.5
AML_126_01	AZD1480	AZD1480_AML_126_01	230.0936	10.0
AML_127_01	AZD1480	AZD1480_AML_127_01	233.56815	6.3
AML_128_01	AZD1480	AZD1480_AML_128_01	236.70255	5.8
AML_131_01	AZD1480	AZD1480_AML_131_01	236.44444	4.3
AML_133_01	AZD1480	AZD1480_AML_133_01	230.10907	8.6
AML_134_01	AZD1480	AZD1480_AML_134_01	229.08566	6.2
AML_135_01	AZD1480	AZD1480_AML_135_01	234.62773	3.7
AML_138_01	AZD1480	AZD1480_AML_138_01	233.11296	7.0
AML_139_01	AZD1480	AZD1480_AML_139_01	239.52983	6.4
AML_140_01	AZD1480	AZD1480_AML_140_01	231.83633	5.3
AML_142_01	AZD1480	AZD1480_AML_142_01	226.6537	11.1
AML_143_01	AZD1480	AZD1480_AML_143_01	231.1534	3.2
AML_144_01	AZD1480	AZD1480_AML_144_01	238.63821	4.7
AML_146_01	AZD1480	AZD1480_AML_146_01	233.2802	2.9
AML_147_01	AZD1480	AZD1480_AML_147_01	233.64635	4.2
AML_151_01	AZD1480	AZD1480_AML_151_01	229.7149	6.3
AML_152_01	AZD1480	AZD1480_AML_152_01	230.56058	7.0
AML_153_01	AZD1480	AZD1480_AML_153_01	222.82246	0.0
AML_156_01	AZD1480	AZD1480_AML_156_01	230.99022	6.6
AML_157_01	AZD1480	AZD1480_AML_157_01	235.6012	6.4
AML_157_02	AZD1480	AZD1480_AML_157_02	235.04605	6.2
AML_158_01	AZD1480	AZD1480_AML_158_01	237.49011	4.5
AML_159_01	AZD1480	AZD1480_AML_159_01	234.45108	5.5
AML_160_01	AZD1480	AZD1480_AML_160_01	227.46466	5.5
AML_161_01	AZD1480	AZD1480_AML_161_01	222.97237	8.9
AML_175_01	AZD1480	AZD1480_AML_175_01	235.03857	1.4
AML_183_01	AZD1480	AZD1480_AML_183_01	234.95824	3.8
AML_183_02	AZD1480	AZD1480_AML_183_02	230.84619	5.2
AML_183_03	AZD1480	AZD1480_AML_183_03	230.30046	3.2
AML_001_01	AZD1152-HQPA	AZD1152-HQPA_AML_001_01	227.82898	0.0
AML_001_03	AZD1152-HQPA	AZD1152-HQPA_AML_001_03	226.64081	8.5
AML_002_01	AZD1152-HQPA	AZD1152-HQPA_AML_002_01	217.39734	0.0
AML_003_02	AZD1152-HQPA	AZD1152-HQPA_AML_003_02	210.14467	0.0
AML_004_01	AZD1152-HQPA	AZD1152-HQPA_AML_004_01	219.90364	5.3
AML_006_02	AZD1152-HQPA	AZD1152-HQPA_AML_006_02	227.08794	0.0
AML_007_01	AZD1152-HQPA	AZD1152-HQPA_AML_007_01	230.82347	6.6
AML_007_02	AZD1152-HQPA	AZD1152-HQPA_AML_007_02	233.13866	2.7
AML_012_01	AZD1152-HQPA	AZD1152-HQPA_AML_012_01	206.0027	6.8
AML_013_01	AZD1152-HQPA	AZD1152-HQPA_AML_013_01	215.31807	4.3
AML_014_01	AZD1152-HQPA	AZD1152-HQPA_AML_014_01	216.87512	8.9
AML_015_01	AZD1152-HQPA	AZD1152-HQPA_AML_015_01	217.20181	7.7
AML_015_02	AZD1152-HQPA	AZD1152-HQPA_AML_015_02	224.78748	2.2
AML_015_03	AZD1152-HQPA	AZD1152-HQPA_AML_015_03	223.55205	4.1
AML_015_04	AZD1152-HQPA	AZD1152-HQPA_AML_015_04	220.99585	2.3
AML_018_01	AZD1152-HQPA	AZD1152-HQPA_AML_018_01	205.05508	14.1
AML_019_01	AZD1152-HQPA	AZD1152-HQPA_AML_019_01	213.28769	0.0
AML_020_01	AZD1152-HQPA	AZD1152-HQPA_AML_020_01	220.75699	0.0
AML_022_01	AZD1152-HQPA	AZD1152-HQPA_AML_022_01	219.45348	3.3
AML_023_01	AZD1152-HQPA	AZD1152-HQPA_AML_023_01	225.5197	2.9
AML_023_03	AZD1152-HQPA	AZD1152-HQPA_AML_023_03	225.55559	0.2
AML_023_04	AZD1152-HQPA	AZD1152-HQPA_AML_023_04	225.28769	6.7
AML_024_01	AZD1152-HQPA	AZD1152-HQPA_AML_024_01	215.75537	7.7
AML_025_01	AZD1152-HQPA	AZD1152-HQPA_AML_025_01	226.8646	0.0
AML_026_01	AZD1152-HQPA	AZD1152-HQPA_AML_026_01	231.34637	0.0
AML_028_01	AZD1152-HQPA	AZD1152-HQPA_AML_028_01	213.37697	2.6
AML_028_04	AZD1152-HQPA	AZD1152-HQPA_AML_028_04	202.42825	8.6
AML_029_01	AZD1152-HQPA	AZD1152-HQPA_AML_029_01	226.4749	0.0
AML_030_01	AZD1152-HQPA	AZD1152-HQPA_AML_030_01	222.38513	0.0
AML_032_01	AZD1152-HQPA	AZD1152-HQPA_AML_032_01	219.65361	5.9
AML_033_01	AZD1152-HQPA	AZD1152-HQPA_AML_033_01	216.18217	15.7
AML_033_02	AZD1152-HQPA	AZD1152-HQPA_AML_033_02	204.16396	12.1
AML_035_02	AZD1152-HQPA	AZD1152-HQPA_AML_035_02	227.18935	3.2
AML_035_04	AZD1152-HQPA	AZD1152-HQPA_AML_035_04	218.55733	0.0
AML_036_01	AZD1152-HQPA	AZD1152-HQPA_AML_036_01	225.54213	4.9
AML_040_01	AZD1152-HQPA	AZD1152-HQPA_AML_040_01	220.95941	0.1
AML_041_01	AZD1152-HQPA	AZD1152-HQPA_AML_041_01	230.68942	0.0
AML_042_01	AZD1152-HQPA	AZD1152-HQPA_AML_042_01	230.00801	0.0
AML_043_02	AZD1152-HQPA	AZD1152-HQPA_AML_043_02	203.58455	10.8
AML_045_01	AZD1152-HQPA	AZD1152-HQPA_AML_045_01	222.64061	0.0
AML_046_01	AZD1152-HQPA	AZD1152-HQPA_AML_046_01	210.41467	12.6
AML_051_01	AZD1152-HQPA	AZD1152-HQPA_AML_051_01	218.74405	2.1
AML_052_01	AZD1152-HQPA	AZD1152-HQPA_AML_052_01	219.63466	5.8
AML_053_01	AZD1152-HQPA	AZD1152-HQPA_AML_053_01	227.42563	0.2
AML_054_01	AZD1152-HQPA	AZD1152-HQPA_AML_054_01	208.18126	0.0
AML_057_01	AZD1152-HQPA	AZD1152-HQPA_AML_057_01	229.8784	0.0
AML_058_01	AZD1152-HQPA	AZD1152-HQPA_AML_058_01	214.88162	3.0
AML_059_01	AZD1152-HQPA	AZD1152-HQPA_AML_059_01	217.7771	0.2
AML_060_01	AZD1152-HQPA	AZD1152-HQPA_AML_060_01	217.48994	0.0
AML_061_01	AZD1152-HQPA	AZD1152-HQPA_AML_061_01	219.71445	0.8
AML_062_01	AZD1152-HQPA	AZD1152-HQPA_AML_062_01	221.56947	1.1
AML_064_01	AZD1152-HQPA	AZD1152-HQPA_AML_064_01	230.97774	0.0
AML_065_01	AZD1152-HQPA	AZD1152-HQPA_AML_065_01	221.20464	2.8
AML_067_01	AZD1152-HQPA	AZD1152-HQPA_AML_067_01	226.93742	0.2
AML_070_01	AZD1152-HQPA	AZD1152-HQPA_AML_070_01	227.43332	3.4
AML_072_01	AZD1152-HQPA	AZD1152-HQPA_AML_072_01	221.81044	0.0
AML_073_01	AZD1152-HQPA	AZD1152-HQPA_AML_073_01	218.94281	0.0
AML_074_01	AZD1152-HQPA	AZD1152-HQPA_AML_074_01	229.3299	0.0
AML_075_01	AZD1152-HQPA	AZD1152-HQPA_AML_075_01	228.12523	0.0
AML_076_01	AZD1152-HQPA	AZD1152-HQPA_AML_076_01	228.5587	1.1
AML_076_02	AZD1152-HQPA	AZD1152-HQPA_AML_076_02	212.56924	0.0
AML_077_01	AZD1152-HQPA	AZD1152-HQPA_AML_077_01	224.7112	9.7
AML_078_02	AZD1152-HQPA	AZD1152-HQPA_AML_078_02	225.42229	0.0
AML_084_01	AZD1152-HQPA	AZD1152-HQPA_AML_084_01	214.89888	0.0
AML_086_02	AZD1152-HQPA	AZD1152-HQPA_AML_086_02	216.71422	0.4
AML_098_01	AZD1152-HQPA	AZD1152-HQPA_AML_098_01	225.4419	4.3
AML_100_01	AZD1152-HQPA	AZD1152-HQPA_AML_100_01	226.34914	0.0
AML_101_01	AZD1152-HQPA	AZD1152-HQPA_AML_101_01	215.43839	2.9
AML_101_02	AZD1152-HQPA	AZD1152-HQPA_AML_101_02	221.95686	0.0
AML_102_01	AZD1152-HQPA	AZD1152-HQPA_AML_102_01	226.20074	0.0
AML_103_01	AZD1152-HQPA	AZD1152-HQPA_AML_103_01	218.98438	0.0
AML_103_02	AZD1152-HQPA	AZD1152-HQPA_AML_103_02	204.20119	8.0
AML_104_01	AZD1152-HQPA	AZD1152-HQPA_AML_104_01	227.06519	0.0
AML_108_01	AZD1152-HQPA	AZD1152-HQPA_AML_108_01	217.72986	1.5
AML_109_01	AZD1152-HQPA	AZD1152-HQPA_AML_109_01	211.66461	0.0
AML_110_01	AZD1152-HQPA	AZD1152-HQPA_AML_110_01	219.3556	5.6
AML_112_01	AZD1152-HQPA	AZD1152-HQPA_AML_112_01	222.0604	0.0
AML_112_02	AZD1152-HQPA	AZD1152-HQPA_AML_112_02	225.17287	0.0
AML_113_01	AZD1152-HQPA	AZD1152-HQPA_AML_113_01	211.58234	13.4
AML_114_01	AZD1152-HQPA	AZD1152-HQPA_AML_114_01	218.5924	0.0
AML_115_01	AZD1152-HQPA	AZD1152-HQPA_AML_115_01	216.28067	0.0
AML_116_01	AZD1152-HQPA	AZD1152-HQPA_AML_116_01	225.64023	0.0
AML_117_01	AZD1152-HQPA	AZD1152-HQPA_AML_117_01	221.68651	0.0
AML_119_01	AZD1152-HQPA	AZD1152-HQPA_AML_119_01	221.53888	0.0
AML_120_01	AZD1152-HQPA	AZD1152-HQPA_AML_120_01	223.1051	14.2
AML_120_03	AZD1152-HQPA	AZD1152-HQPA_AML_120_03	225.4857	13.8
AML_122_01	AZD1152-HQPA	AZD1152-HQPA_AML_122_01	233.2931	0.2
AML_123_01	AZD1152-HQPA	AZD1152-HQPA_AML_123_01	228.24593	1.4
AML_124_01	AZD1152-HQPA	AZD1152-HQPA_AML_124_01	222.58403	17.6
AML_125_01	AZD1152-HQPA	AZD1152-HQPA_AML_125_01	222.30672	9.1
AML_126_01	AZD1152-HQPA	AZD1152-HQPA_AML_126_01	222.38945	1.8
AML_127_01	AZD1152-HQPA	AZD1152-HQPA_AML_127_01	225.13191	6.2
AML_128_01	AZD1152-HQPA	AZD1152-HQPA_AML_128_01	223.41382	0.7
AML_129_02	AZD1152-HQPA	AZD1152-HQPA_AML_129_02	220.59859	12.8
AML_129_03	AZD1152-HQPA	AZD1152-HQPA_AML_129_03	218.64406	1.9
AML_131_01	AZD1152-HQPA	AZD1152-HQPA_AML_131_01	229.69838	0.0
AML_133_01	AZD1152-HQPA	AZD1152-HQPA_AML_133_01	209.42085	1.3
AML_134_01	AZD1152-HQPA	AZD1152-HQPA_AML_134_01	213.69398	0.0
AML_135_01	AZD1152-HQPA	AZD1152-HQPA_AML_135_01	219.9683	0.0
AML_138_01	AZD1152-HQPA	AZD1152-HQPA_AML_138_01	218.09674	0.0
AML_139_01	AZD1152-HQPA	AZD1152-HQPA_AML_139_01	229.83112	0.1
AML_140_01	AZD1152-HQPA	AZD1152-HQPA_AML_140_01	225.10999	3.2
AML_142_01	AZD1152-HQPA	AZD1152-HQPA_AML_142_01	205.43045	1.7
AML_143_01	AZD1152-HQPA	AZD1152-HQPA_AML_143_01	221.70523	0.0
AML_144_01	AZD1152-HQPA	AZD1152-HQPA_AML_144_01	228.51901	7.4
AML_146_01	AZD1152-HQPA	AZD1152-HQPA_AML_146_01	225.87482	0.0
AML_147_01	AZD1152-HQPA	AZD1152-HQPA_AML_147_01	226.79553	0.0
AML_151_01	AZD1152-HQPA	AZD1152-HQPA_AML_151_01	217.24748	5.3
AML_152_01	AZD1152-HQPA	AZD1152-HQPA_AML_152_01	219.64648	8.5
AML_153_01	AZD1152-HQPA	AZD1152-HQPA_AML_153_01	204.81342	0.0
AML_156_01	AZD1152-HQPA	AZD1152-HQPA_AML_156_01	217.09897	0.1
AML_157_01	AZD1152-HQPA	AZD1152-HQPA_AML_157_01	226.55267	0.7
AML_157_02	AZD1152-HQPA	AZD1152-HQPA_AML_157_02	223.54486	1.0
AML_158_01	AZD1152-HQPA	AZD1152-HQPA_AML_158_01	227.75018	1.4
AML_159_01	AZD1152-HQPA	AZD1152-HQPA_AML_159_01	224.11926	4.7
AML_160_01	AZD1152-HQPA	AZD1152-HQPA_AML_160_01	219.57202	0.0
AML_161_01	AZD1152-HQPA	AZD1152-HQPA_AML_161_01	207.26736	14.3
AML_175_01	AZD1152-HQPA	AZD1152-HQPA_AML_175_01	228.95586	0.0
AML_179_01	AZD1152-HQPA	AZD1152-HQPA_AML_179_01	218.34879	1.8
AML_183_01	AZD1152-HQPA	AZD1152-HQPA_AML_183_01	230.43216	0.9
AML_183_02	AZD1152-HQPA	AZD1152-HQPA_AML_183_02	229.14757	1.0
AML_183_03	AZD1152-HQPA	AZD1152-HQPA_AML_183_03	224.07999	0.0
AML_184_01	AZD1152-HQPA	AZD1152-HQPA_AML_184_01	223.73756	6.1
AML_185_01	AZD1152-HQPA	AZD1152-HQPA_AML_185_01	222.85387	0.0
AML_004_01	Birinapant	Birinapant_AML_004_01	210.75383	9.6
AML_019_01	Birinapant	Birinapant_AML_019_01	211.82053	15.3
AML_025_01	Birinapant	Birinapant_AML_025_01	210.24365	1.4
AML_026_01	Birinapant	Birinapant_AML_026_01	211.68823	3.0
AML_029_01	Birinapant	Birinapant_AML_029_01	207.58858	3.7
AML_030_01	Birinapant	Birinapant_AML_030_01	201.01172	5.3
AML_033_01	Birinapant	Birinapant_AML_033_01	215.30864	16.6
AML_033_02	Birinapant	Birinapant_AML_033_02	213.74115	15.5
AML_041_01	Birinapant	Birinapant_AML_041_01	206.51643	3.5
AML_042_01	Birinapant	Birinapant_AML_042_01	211.24115	3.2
AML_043_02	Birinapant	Birinapant_AML_043_02	212.97475	3.7
AML_046_01	Birinapant	Birinapant_AML_046_01	211.49045	7.9
AML_052_01	Birinapant	Birinapant_AML_052_01	214.29724	5.8
AML_057_01	Birinapant	Birinapant_AML_057_01	204.0555	6.6
AML_058_01	Birinapant	Birinapant_AML_058_01	204.33157	9.3
AML_059_01	Birinapant	Birinapant_AML_059_01	210.23267	7.5
AML_060_01	Birinapant	Birinapant_AML_060_01	217.08514	6.4
AML_061_01	Birinapant	Birinapant_AML_061_01	211.51093	12.4
AML_062_01	Birinapant	Birinapant_AML_062_01	203.52063	11.7
AML_064_01	Birinapant	Birinapant_AML_064_01	209.62071	16.3
AML_065_01	Birinapant	Birinapant_AML_065_01	205.55319	11.6
AML_067_01	Birinapant	Birinapant_AML_067_01	204.79091	10.9
AML_070_01	Birinapant	Birinapant_AML_070_01	210.57867	1.3
AML_072_01	Birinapant	Birinapant_AML_072_01	211.14647	0.7
AML_073_01	Birinapant	Birinapant_AML_073_01	213.118	0.0
AML_074_01	Birinapant	Birinapant_AML_074_01	209.70964	6.6
AML_075_01	Birinapant	Birinapant_AML_075_01	207.98737	8.0
AML_076_01	Birinapant	Birinapant_AML_076_01	208.92105	4.6
AML_076_02	Birinapant	Birinapant_AML_076_02	207.1434	4.7
AML_077_01	Birinapant	Birinapant_AML_077_01	214.14882	6.8
AML_078_02	Birinapant	Birinapant_AML_078_02	204.50307	2.7
AML_086_02	Birinapant	Birinapant_AML_086_02	215.42365	0.0
AML_098_01	Birinapant	Birinapant_AML_098_01	205.82417	8.6
AML_100_01	Birinapant	Birinapant_AML_100_01	204.7985	3.4
AML_101_01	Birinapant	Birinapant_AML_101_01	211.16777	16.3
AML_101_02	Birinapant	Birinapant_AML_101_02	215.15811	0.1
AML_102_01	Birinapant	Birinapant_AML_102_01	200.46986	1.9
AML_103_01	Birinapant	Birinapant_AML_103_01	204.4091	6.2
AML_103_02	Birinapant	Birinapant_AML_103_02	210.79672	22.2
AML_104_01	Birinapant	Birinapant_AML_104_01	205.30272	3.5
AML_108_01	Birinapant	Birinapant_AML_108_01	200.0713	0.0
AML_109_01	Birinapant	Birinapant_AML_109_01	209.21785	0.0
AML_110_01	Birinapant	Birinapant_AML_110_01	204.82364	1.6
AML_112_01	Birinapant	Birinapant_AML_112_01	198.16049	2.7
AML_112_02	Birinapant	Birinapant_AML_112_02	204.44112	7.5
AML_113_01	Birinapant	Birinapant_AML_113_01	203.40479	2.1
AML_114_01	Birinapant	Birinapant_AML_114_01	195.32388	0.1
AML_115_01	Birinapant	Birinapant_AML_115_01	203.0033	6.6
AML_116_01	Birinapant	Birinapant_AML_116_01	208.41496	4.8
AML_117_01	Birinapant	Birinapant_AML_117_01	201.51825	0.2
AML_119_01	Birinapant	Birinapant_AML_119_01	200.18684	8.1
AML_122_01	Birinapant	Birinapant_AML_122_01	212.99757	4.5
AML_123_01	Birinapant	Birinapant_AML_123_01	209.7051	3.8
AML_124_01	Birinapant	Birinapant_AML_124_01	210.6767	4.8
AML_125_01	Birinapant	Birinapant_AML_125_01	211.84262	5.6
AML_126_01	Birinapant	Birinapant_AML_126_01	204.86667	7.6
AML_127_01	Birinapant	Birinapant_AML_127_01	206.01434	7.5
AML_128_01	Birinapant	Birinapant_AML_128_01	209.92322	1.8
AML_131_01	Birinapant	Birinapant_AML_131_01	209.57571	3.7
AML_133_01	Birinapant	Birinapant_AML_133_01	217.05891	2.8
AML_134_01	Birinapant	Birinapant_AML_134_01	215.80447	0.0
AML_135_01	Birinapant	Birinapant_AML_135_01	212.45345	0.0
AML_138_01	Birinapant	Birinapant_AML_138_01	214.92928	1.9
AML_139_01	Birinapant	Birinapant_AML_139_01	214.4979	2.6
AML_140_01	Birinapant	Birinapant_AML_140_01	204.93616	1.9
AML_142_01	Birinapant	Birinapant_AML_142_01	212.2354	4.5
AML_143_01	Birinapant	Birinapant_AML_143_01	207.29367	8.9
AML_144_01	Birinapant	Birinapant_AML_144_01	214.75714	4.4
AML_146_01	Birinapant	Birinapant_AML_146_01	212.97067	4.9
AML_147_01	Birinapant	Birinapant_AML_147_01	205.2338	4.4
AML_151_01	Birinapant	Birinapant_AML_151_01	201.79704	6.7
AML_152_01	Birinapant	Birinapant_AML_152_01	208.5506	2.6
AML_153_01	Birinapant	Birinapant_AML_153_01	208.89801	0.0
AML_156_01	Birinapant	Birinapant_AML_156_01	210.43526	1.2
AML_157_01	Birinapant	Birinapant_AML_157_01	204.15543	10.3
AML_157_02	Birinapant	Birinapant_AML_157_02	207.31718	14.7
AML_158_01	Birinapant	Birinapant_AML_158_01	208.85239	4.6
AML_159_01	Birinapant	Birinapant_AML_159_01	208.93216	2.5
AML_160_01	Birinapant	Birinapant_AML_160_01	204.30519	10.8
AML_161_01	Birinapant	Birinapant_AML_161_01	206.90251	10.2
AML_183_01	Birinapant	Birinapant_AML_183_01	209.76897	1.0
AML_183_02	Birinapant	Birinapant_AML_183_02	203.62892	6.9
AML_183_03	Birinapant	Birinapant_AML_183_03	205.31042	0.8
AML_001_01	BMS-754807	BMS-754807_AML_001_01	223.68904	0.0
AML_001_03	BMS-754807	BMS-754807_AML_001_03	216.22176	5.8
AML_002_01	BMS-754807	BMS-754807_AML_002_01	219.96864	4.7
AML_003_02	BMS-754807	BMS-754807_AML_003_02	213.90607	18.2
AML_004_01	BMS-754807	BMS-754807_AML_004_01	216.78984	11.7
AML_006_02	BMS-754807	BMS-754807_AML_006_02	221.67769	6.0
AML_007_01	BMS-754807	BMS-754807_AML_007_01	220.14433	6.7
AML_007_02	BMS-754807	BMS-754807_AML_007_02	221.31297	4.3
AML_012_01	BMS-754807	BMS-754807_AML_012_01	213.98615	7.3
AML_013_01	BMS-754807	BMS-754807_AML_013_01	221.4833	23.6
AML_014_01	BMS-754807	BMS-754807_AML_014_01	215.85583	14.3
AML_015_01	BMS-754807	BMS-754807_AML_015_01	216.40155	6.3
AML_015_02	BMS-754807	BMS-754807_AML_015_02	217.09071	10.3
AML_015_03	BMS-754807	BMS-754807_AML_015_03	218.78958	16.1
AML_015_04	BMS-754807	BMS-754807_AML_015_04	220.25124	6.9
AML_018_01	BMS-754807	BMS-754807_AML_018_01	207.99539	17.3
AML_019_01	BMS-754807	BMS-754807_AML_019_01	215.65085	6.1
AML_020_01	BMS-754807	BMS-754807_AML_020_01	223.02386	5.8
AML_022_01	BMS-754807	BMS-754807_AML_022_01	210.83586	5.5
AML_023_01	BMS-754807	BMS-754807_AML_023_01	214.52867	4.8
AML_023_03	BMS-754807	BMS-754807_AML_023_03	214.92934	1.5
AML_023_04	BMS-754807	BMS-754807_AML_023_04	217.47725	8.3
AML_024_01	BMS-754807	BMS-754807_AML_024_01	216.14394	12.2
AML_025_01	BMS-754807	BMS-754807_AML_025_01	220.55597	4.2
AML_026_01	BMS-754807	BMS-754807_AML_026_01	223.39624	3.7
AML_028_01	BMS-754807	BMS-754807_AML_028_01	211.21666	9.1
AML_028_04	BMS-754807	BMS-754807_AML_028_04	206.01367	10.3
AML_029_01	BMS-754807	BMS-754807_AML_029_01	217.21426	4.7
AML_030_01	BMS-754807	BMS-754807_AML_030_01	210.97243	3.4
AML_032_01	BMS-754807	BMS-754807_AML_032_01	220.82034	5.0
AML_033_01	BMS-754807	BMS-754807_AML_033_01	222.27917	15.1
AML_033_02	BMS-754807	BMS-754807_AML_033_02	213.97537	14.2
AML_035_02	BMS-754807	BMS-754807_AML_035_02	223.84984	7.7
AML_035_04	BMS-754807	BMS-754807_AML_035_04	219.48686	9.1
AML_036_01	BMS-754807	BMS-754807_AML_036_01	217.66267	6.2
AML_040_01	BMS-754807	BMS-754807_AML_040_01	216.80972	11.9
AML_041_01	BMS-754807	BMS-754807_AML_041_01	219.70074	3.3
AML_042_01	BMS-754807	BMS-754807_AML_042_01	222.67337	12.9
AML_043_02	BMS-754807	BMS-754807_AML_043_02	213.28145	11.3
AML_045_01	BMS-754807	BMS-754807_AML_045_01	216.2912	0.0
AML_046_01	BMS-754807	BMS-754807_AML_046_01	213.49863	25.5
AML_051_01	BMS-754807	BMS-754807_AML_051_01	215.63074	0.2
AML_052_01	BMS-754807	BMS-754807_AML_052_01	221.89233	16.2
AML_053_01	BMS-754807	BMS-754807_AML_053_01	221.75537	15.9
AML_054_01	BMS-754807	BMS-754807_AML_054_01	216.18448	20.3
AML_057_01	BMS-754807	BMS-754807_AML_057_01	218.43752	4.5
AML_058_01	BMS-754807	BMS-754807_AML_058_01	211.57925	9.6
AML_059_01	BMS-754807	BMS-754807_AML_059_01	217.19725	10.7
AML_060_01	BMS-754807	BMS-754807_AML_060_01	221.0336	13.8
AML_061_01	BMS-754807	BMS-754807_AML_061_01	220.26285	8.6
AML_062_01	BMS-754807	BMS-754807_AML_062_01	214.37856	4.0
AML_064_01	BMS-754807	BMS-754807_AML_064_01	219.50604	1.4
AML_065_01	BMS-754807	BMS-754807_AML_065_01	216.09982	6.1
AML_067_01	BMS-754807	BMS-754807_AML_067_01	213.67514	4.8
AML_070_01	BMS-754807	BMS-754807_AML_070_01	220.14113	3.5
AML_072_01	BMS-754807	BMS-754807_AML_072_01	220.56392	0.0
AML_073_01	BMS-754807	BMS-754807_AML_073_01	220.41415	2.6
AML_074_01	BMS-754807	BMS-754807_AML_074_01	221.62488	2.2
AML_075_01	BMS-754807	BMS-754807_AML_075_01	218.92702	11.8
AML_076_01	BMS-754807	BMS-754807_AML_076_01	219.37004	2.3
AML_076_02	BMS-754807	BMS-754807_AML_076_02	213.08537	4.2
AML_077_01	BMS-754807	BMS-754807_AML_077_01	224.72981	14.5
AML_078_02	BMS-754807	BMS-754807_AML_078_02	214.23201	8.2
AML_084_01	BMS-754807	BMS-754807_AML_084_01	213.99664	8.2
AML_086_02	BMS-754807	BMS-754807_AML_086_02	221.07245	5.8
AML_098_01	BMS-754807	BMS-754807_AML_098_01	217.11433	8.1
AML_100_01	BMS-754807	BMS-754807_AML_100_01	216.43022	2.9
AML_101_01	BMS-754807	BMS-754807_AML_101_01	213.29897	11.8
AML_101_02	BMS-754807	BMS-754807_AML_101_02	222.39471	2.5
AML_102_01	BMS-754807	BMS-754807_AML_102_01	211.51703	0.0
AML_103_01	BMS-754807	BMS-754807_AML_103_01	211.82947	2.8
AML_103_02	BMS-754807	BMS-754807_AML_103_02	210.31906	9.1
AML_104_01	BMS-754807	BMS-754807_AML_104_01	214.98204	2.3
AML_108_01	BMS-754807	BMS-754807_AML_108_01	211.26103	6.1
AML_109_01	BMS-754807	BMS-754807_AML_109_01	215.01807	7.8
AML_110_01	BMS-754807	BMS-754807_AML_110_01	217.5427	9.8
AML_112_01	BMS-754807	BMS-754807_AML_112_01	210.03883	4.6
AML_112_02	BMS-754807	BMS-754807_AML_112_02	215.31854	2.9
AML_113_01	BMS-754807	BMS-754807_AML_113_01	209.67212	11.1
AML_114_01	BMS-754807	BMS-754807_AML_114_01	214.90947	3.6
AML_115_01	BMS-754807	BMS-754807_AML_115_01	213.79947	4.9
AML_116_01	BMS-754807	BMS-754807_AML_116_01	220.11272	4.0
AML_117_01	BMS-754807	BMS-754807_AML_117_01	217.33203	5.2
AML_119_01	BMS-754807	BMS-754807_AML_119_01	213.80234	4.5
AML_120_01	BMS-754807	BMS-754807_AML_120_01	216.22548	8.1
AML_120_03	BMS-754807	BMS-754807_AML_120_03	219.86206	10.2
AML_122_01	BMS-754807	BMS-754807_AML_122_01	220.85837	4.3
AML_123_01	BMS-754807	BMS-754807_AML_123_01	221.13083	12.2
AML_124_01	BMS-754807	BMS-754807_AML_124_01	218.39035	20.7
AML_125_01	BMS-754807	BMS-754807_AML_125_01	219.05109	6.5
AML_126_01	BMS-754807	BMS-754807_AML_126_01	214.6735	10.7
AML_127_01	BMS-754807	BMS-754807_AML_127_01	216.01173	8.6
AML_128_01	BMS-754807	BMS-754807_AML_128_01	221.35216	6.6
AML_129_02	BMS-754807	BMS-754807_AML_129_02	217.01938	6.5
AML_129_03	BMS-754807	BMS-754807_AML_129_03	215.85345	0.4
AML_131_01	BMS-754807	BMS-754807_AML_131_01	220.68446	4.0
AML_133_01	BMS-754807	BMS-754807_AML_133_01	217.30875	0.0
AML_134_01	BMS-754807	BMS-754807_AML_134_01	220.4131	1.5
AML_135_01	BMS-754807	BMS-754807_AML_135_01	217.98962	18.1
AML_138_01	BMS-754807	BMS-754807_AML_138_01	217.29839	5.9
AML_139_01	BMS-754807	BMS-754807_AML_139_01	225.84668	4.4
AML_140_01	BMS-754807	BMS-754807_AML_140_01	217.15918	7.2
AML_142_01	BMS-754807	BMS-754807_AML_142_01	213.09775	3.4
AML_143_01	BMS-754807	BMS-754807_AML_143_01	219.47719	3.7
AML_144_01	BMS-754807	BMS-754807_AML_144_01	222.56995	10.2
AML_146_01	BMS-754807	BMS-754807_AML_146_01	220.62695	4.4
AML_147_01	BMS-754807	BMS-754807_AML_147_01	218.64777	3.6
AML_151_01	BMS-754807	BMS-754807_AML_151_01	212.04384	3.4
AML_152_01	BMS-754807	BMS-754807_AML_152_01	217.20825	8.5
AML_153_01	BMS-754807	BMS-754807_AML_153_01	210.46065	1.8
AML_156_01	BMS-754807	BMS-754807_AML_156_01	215.76859	10.4
AML_157_01	BMS-754807	BMS-754807_AML_157_01	218.72455	7.7
AML_157_02	BMS-754807	BMS-754807_AML_157_02	220.20642	6.2
AML_158_01	BMS-754807	BMS-754807_AML_158_01	222.49013	7.7
AML_159_01	BMS-754807	BMS-754807_AML_159_01	217.95505	11.5
AML_160_01	BMS-754807	BMS-754807_AML_160_01	212.2821	2.8
AML_161_01	BMS-754807	BMS-754807_AML_161_01	209.49727	16.1
AML_175_01	BMS-754807	BMS-754807_AML_175_01	218.06593	3.4
AML_179_01	BMS-754807	BMS-754807_AML_179_01	221.57155	4.8
AML_183_01	BMS-754807	BMS-754807_AML_183_01	220.54031	4.9
AML_183_02	BMS-754807	BMS-754807_AML_183_02	215.99211	4.3
AML_183_03	BMS-754807	BMS-754807_AML_183_03	215.74988	2.8
AML_184_01	BMS-754807	BMS-754807_AML_184_01	214.12325	7.9
AML_185_01	BMS-754807	BMS-754807_AML_185_01	225.77142	4.3
AML_001_01	Bosutinib	Bosutinib_AML_001_01	225.06506	8.2
AML_001_03	Bosutinib	Bosutinib_AML_001_03	219.51202	9.2
AML_002_01	Bosutinib	Bosutinib_AML_002_01	218.96942	11.4
AML_003_02	Bosutinib	Bosutinib_AML_003_02	219.22716	3.9
AML_004_01	Bosutinib	Bosutinib_AML_004_01	219.86012	8.5
AML_006_02	Bosutinib	Bosutinib_AML_006_02	226.18684	7.8
AML_007_01	Bosutinib	Bosutinib_AML_007_01	224.16254	9.9
AML_007_02	Bosutinib	Bosutinib_AML_007_02	226.35895	8.4
AML_012_01	Bosutinib	Bosutinib_AML_012_01	219.70073	9.5
AML_013_01	Bosutinib	Bosutinib_AML_013_01	223.97766	7.3
AML_014_01	Bosutinib	Bosutinib_AML_014_01	220.2235	10.4
AML_015_01	Bosutinib	Bosutinib_AML_015_01	225.50375	11.1
AML_015_02	Bosutinib	Bosutinib_AML_015_02	219.33557	14.5
AML_015_03	Bosutinib	Bosutinib_AML_015_03	223.92715	16.9
AML_015_04	Bosutinib	Bosutinib_AML_015_04	225.21112	20.2
AML_018_01	Bosutinib	Bosutinib_AML_018_01	216.1369	15.3
AML_019_01	Bosutinib	Bosutinib_AML_019_01	219.72263	10.7
AML_020_01	Bosutinib	Bosutinib_AML_020_01	229.97072	7.0
AML_022_01	Bosutinib	Bosutinib_AML_022_01	211.17488	10.4
AML_023_01	Bosutinib	Bosutinib_AML_023_01	214.68169	11.5
AML_023_03	Bosutinib	Bosutinib_AML_023_03	213.80437	10.9
AML_023_04	Bosutinib	Bosutinib_AML_023_04	218.25696	9.7
AML_024_01	Bosutinib	Bosutinib_AML_024_01	219.50989	4.6
AML_025_01	Bosutinib	Bosutinib_AML_025_01	224.41985	9.1
AML_026_01	Bosutinib	Bosutinib_AML_026_01	223.9326	7.1
AML_028_01	Bosutinib	Bosutinib_AML_028_01	214.46933	6.9
AML_028_04	Bosutinib	Bosutinib_AML_028_04	211.96007	11.0
AML_029_01	Bosutinib	Bosutinib_AML_029_01	218.87032	8.6
AML_030_01	Bosutinib	Bosutinib_AML_030_01	212.49442	8.0
AML_032_01	Bosutinib	Bosutinib_AML_032_01	224.1173	7.9
AML_033_01	Bosutinib	Bosutinib_AML_033_01	225.72597	9.8
AML_033_02	Bosutinib	Bosutinib_AML_033_02	218.01186	9.7
AML_035_02	Bosutinib	Bosutinib_AML_035_02	228.52417	8.1
AML_035_04	Bosutinib	Bosutinib_AML_035_04	226.68076	8.5
AML_036_01	Bosutinib	Bosutinib_AML_036_01	221.74484	7.7
AML_040_01	Bosutinib	Bosutinib_AML_040_01	216.40646	15.2
AML_041_01	Bosutinib	Bosutinib_AML_041_01	221.81027	9.0
AML_042_01	Bosutinib	Bosutinib_AML_042_01	224.54384	9.7
AML_043_02	Bosutinib	Bosutinib_AML_043_02	219.262	9.7
AML_045_01	Bosutinib	Bosutinib_AML_045_01	219.84247	4.5
AML_046_01	Bosutinib	Bosutinib_AML_046_01	217.4584	12.9
AML_051_01	Bosutinib	Bosutinib_AML_051_01	215.86469	3.9
AML_052_01	Bosutinib	Bosutinib_AML_052_01	226.25015	8.2
AML_053_01	Bosutinib	Bosutinib_AML_053_01	226.6084	7.4
AML_054_01	Bosutinib	Bosutinib_AML_054_01	218.59647	3.8
AML_057_01	Bosutinib	Bosutinib_AML_057_01	221.79004	11.8
AML_058_01	Bosutinib	Bosutinib_AML_058_01	215.1635	7.7
AML_059_01	Bosutinib	Bosutinib_AML_059_01	218.67491	8.6
AML_060_01	Bosutinib	Bosutinib_AML_060_01	223.3069	3.8
AML_061_01	Bosutinib	Bosutinib_AML_061_01	220.47981	4.2
AML_062_01	Bosutinib	Bosutinib_AML_062_01	216.15126	14.1
AML_064_01	Bosutinib	Bosutinib_AML_064_01	225.4338	5.4
AML_065_01	Bosutinib	Bosutinib_AML_065_01	215.90775	11.9
AML_067_01	Bosutinib	Bosutinib_AML_067_01	215.39641	12.1
AML_070_01	Bosutinib	Bosutinib_AML_070_01	223.73708	9.4
AML_072_01	Bosutinib	Bosutinib_AML_072_01	223.5684	4.6
AML_073_01	Bosutinib	Bosutinib_AML_073_01	223.35654	10.9
AML_074_01	Bosutinib	Bosutinib_AML_074_01	221.8932	8.7
AML_075_01	Bosutinib	Bosutinib_AML_075_01	220.03542	6.4
AML_076_01	Bosutinib	Bosutinib_AML_076_01	223.36293	9.8
AML_076_02	Bosutinib	Bosutinib_AML_076_02	213.14583	13.0
AML_077_01	Bosutinib	Bosutinib_AML_077_01	226.28171	10.4
AML_078_02	Bosutinib	Bosutinib_AML_078_02	214.53934	8.1
AML_084_01	Bosutinib	Bosutinib_AML_084_01	213.8599	13.5
AML_086_02	Bosutinib	Bosutinib_AML_086_02	224.5795	10.9
AML_098_01	Bosutinib	Bosutinib_AML_098_01	218.6982	5.8
AML_100_01	Bosutinib	Bosutinib_AML_100_01	217.23917	8.2
AML_101_01	Bosutinib	Bosutinib_AML_101_01	218.70894	9.3
AML_101_02	Bosutinib	Bosutinib_AML_101_02	226.03192	7.7
AML_102_01	Bosutinib	Bosutinib_AML_102_01	207.24622	8.0
AML_103_01	Bosutinib	Bosutinib_AML_103_01	214.03928	9.1
AML_103_02	Bosutinib	Bosutinib_AML_103_02	213.47437	8.3
AML_104_01	Bosutinib	Bosutinib_AML_104_01	217.5617	6.9
AML_108_01	Bosutinib	Bosutinib_AML_108_01	210.93114	10.4
AML_109_01	Bosutinib	Bosutinib_AML_109_01	219.17151	9.1
AML_110_01	Bosutinib	Bosutinib_AML_110_01	213.77444	11.2
AML_112_01	Bosutinib	Bosutinib_AML_112_01	209.70522	10.2
AML_112_02	Bosutinib	Bosutinib_AML_112_02	216.48068	9.5
AML_113_01	Bosutinib	Bosutinib_AML_113_01	215.30167	11.2
AML_114_01	Bosutinib	Bosutinib_AML_114_01	208.85454	5.9
AML_115_01	Bosutinib	Bosutinib_AML_115_01	212.71072	16.7
AML_116_01	Bosutinib	Bosutinib_AML_116_01	221.95435	9.2
AML_117_01	Bosutinib	Bosutinib_AML_117_01	213.34875	9.7
AML_119_01	Bosutinib	Bosutinib_AML_119_01	212.10336	8.1
AML_120_01	Bosutinib	Bosutinib_AML_120_01	218.56898	11.2
AML_120_03	Bosutinib	Bosutinib_AML_120_03	222.6603	11.3
AML_122_01	Bosutinib	Bosutinib_AML_122_01	225.79642	5.2
AML_123_01	Bosutinib	Bosutinib_AML_123_01	223.74875	11.0
AML_124_01	Bosutinib	Bosutinib_AML_124_01	220.91528	11.9
AML_125_01	Bosutinib	Bosutinib_AML_125_01	221.6921	7.9
AML_126_01	Bosutinib	Bosutinib_AML_126_01	213.53249	8.6
AML_127_01	Bosutinib	Bosutinib_AML_127_01	220.72394	8.9
AML_128_01	Bosutinib	Bosutinib_AML_128_01	222.71765	9.3
AML_129_02	Bosutinib	Bosutinib_AML_129_02	218.19485	11.6
AML_129_03	Bosutinib	Bosutinib_AML_129_03	216.2679	11.4
AML_131_01	Bosutinib	Bosutinib_AML_131_01	225.99615	5.8
AML_133_01	Bosutinib	Bosutinib_AML_133_01	221.45486	6.8
AML_134_01	Bosutinib	Bosutinib_AML_134_01	220.06555	5.1
AML_135_01	Bosutinib	Bosutinib_AML_135_01	222.42226	13.3
AML_138_01	Bosutinib	Bosutinib_AML_138_01	221.08293	9.7
AML_139_01	Bosutinib	Bosutinib_AML_139_01	231.45929	9.5
AML_140_01	Bosutinib	Bosutinib_AML_140_01	217.1218	9.1
AML_142_01	Bosutinib	Bosutinib_AML_142_01	217.21579	8.8
AML_143_01	Bosutinib	Bosutinib_AML_143_01	219.44293	4.7
AML_144_01	Bosutinib	Bosutinib_AML_144_01	227.65329	7.2
AML_146_01	Bosutinib	Bosutinib_AML_146_01	222.98962	5.6
AML_147_01	Bosutinib	Bosutinib_AML_147_01	221.1002	10.0
AML_151_01	Bosutinib	Bosutinib_AML_151_01	217.04494	9.5
AML_152_01	Bosutinib	Bosutinib_AML_152_01	218.458	9.2
AML_153_01	Bosutinib	Bosutinib_AML_153_01	214.66684	5.9
AML_156_01	Bosutinib	Bosutinib_AML_156_01	216.87173	10.0
AML_157_01	Bosutinib	Bosutinib_AML_157_01	225.78537	11.3
AML_157_02	Bosutinib	Bosutinib_AML_157_02	224.76031	11.6
AML_158_01	Bosutinib	Bosutinib_AML_158_01	225.06955	9.6
AML_159_01	Bosutinib	Bosutinib_AML_159_01	221.23817	12.2
AML_160_01	Bosutinib	Bosutinib_AML_160_01	214.43236	10.4
AML_161_01	Bosutinib	Bosutinib_AML_161_01	212.72064	12.5
AML_175_01	Bosutinib	Bosutinib_AML_175_01	217.54068	8.6
AML_179_01	Bosutinib	Bosutinib_AML_179_01	223.66922	11.1
AML_183_01	Bosutinib	Bosutinib_AML_183_01	224.22423	5.6
AML_183_02	Bosutinib	Bosutinib_AML_183_02	215.72514	9.8
AML_183_03	Bosutinib	Bosutinib_AML_183_03	217.41684	9.9
AML_184_01	Bosutinib	Bosutinib_AML_184_01	212.42824	11.3
AML_185_01	Bosutinib	Bosutinib_AML_185_01	230.0553	8.9
AML_001_03	Cabozantinib	Cabozantinib_AML_001_03	203.27235	0.0
AML_003_02	Cabozantinib	Cabozantinib_AML_003_02	203.2299	0.0
AML_004_01	Cabozantinib	Cabozantinib_AML_004_01	200.91928	5.3
AML_006_02	Cabozantinib	Cabozantinib_AML_006_02	208.80687	0.0
AML_007_01	Cabozantinib	Cabozantinib_AML_007_01	205.5923	0.0
AML_007_02	Cabozantinib	Cabozantinib_AML_007_02	210.0384	0.0
AML_012_01	Cabozantinib	Cabozantinib_AML_012_01	197.92459	15.2
AML_013_01	Cabozantinib	Cabozantinib_AML_013_01	200.23637	16.4
AML_014_01	Cabozantinib	Cabozantinib_AML_014_01	198.66354	0.2
AML_015_01	Cabozantinib	Cabozantinib_AML_015_01	199.81361	10.6
AML_015_02	Cabozantinib	Cabozantinib_AML_015_02	202.58136	9.3
AML_015_03	Cabozantinib	Cabozantinib_AML_015_03	204.74625	9.6
AML_015_04	Cabozantinib	Cabozantinib_AML_015_04	201.75787	19.1
AML_018_01	Cabozantinib	Cabozantinib_AML_018_01	192.17223	13.4
AML_019_01	Cabozantinib	Cabozantinib_AML_019_01	203.17982	1.7
AML_020_01	Cabozantinib	Cabozantinib_AML_020_01	210.82668	0.0
AML_023_04	Cabozantinib	Cabozantinib_AML_023_04	202.72943	4.4
AML_024_01	Cabozantinib	Cabozantinib_AML_024_01	194.78006	0.0
AML_025_01	Cabozantinib	Cabozantinib_AML_025_01	211.0196	0.9
AML_026_01	Cabozantinib	Cabozantinib_AML_026_01	208.42618	0.0
AML_028_01	Cabozantinib	Cabozantinib_AML_028_01	191.40459	6.8
AML_028_04	Cabozantinib	Cabozantinib_AML_028_04	190.40485	24.1
AML_029_01	Cabozantinib	Cabozantinib_AML_029_01	204.99274	0.0
AML_030_01	Cabozantinib	Cabozantinib_AML_030_01	193.1865	0.0
AML_032_01	Cabozantinib	Cabozantinib_AML_032_01	203.37042	0.0
AML_033_01	Cabozantinib	Cabozantinib_AML_033_01	198.39755	3.9
AML_033_02	Cabozantinib	Cabozantinib_AML_033_02	193.79451	6.0
AML_035_02	Cabozantinib	Cabozantinib_AML_035_02	211.6042	0.0
AML_035_04	Cabozantinib	Cabozantinib_AML_035_04	209.28339	0.0
AML_036_01	Cabozantinib	Cabozantinib_AML_036_01	202.04996	0.0
AML_040_01	Cabozantinib	Cabozantinib_AML_040_01	196.4987	5.4
AML_041_01	Cabozantinib	Cabozantinib_AML_041_01	207.0326	3.1
AML_042_01	Cabozantinib	Cabozantinib_AML_042_01	209.35402	4.2
AML_043_02	Cabozantinib	Cabozantinib_AML_043_02	197.36584	0.0
AML_045_01	Cabozantinib	Cabozantinib_AML_045_01	205.57523	0.0
AML_046_01	Cabozantinib	Cabozantinib_AML_046_01	190.40414	25.9
AML_051_01	Cabozantinib	Cabozantinib_AML_051_01	189.11096	1.3
AML_052_01	Cabozantinib	Cabozantinib_AML_052_01	206.7352	0.0
AML_053_01	Cabozantinib	Cabozantinib_AML_053_01	211.4447	4.8
AML_054_01	Cabozantinib	Cabozantinib_AML_054_01	195.77808	11.9
AML_057_01	Cabozantinib	Cabozantinib_AML_057_01	206.62694	4.3
AML_058_01	Cabozantinib	Cabozantinib_AML_058_01	195.35576	1.8
AML_059_01	Cabozantinib	Cabozantinib_AML_059_01	191.8508	2.1
AML_060_01	Cabozantinib	Cabozantinib_AML_060_01	200.38638	0.9
AML_061_01	Cabozantinib	Cabozantinib_AML_061_01	195.29292	0.7
AML_062_01	Cabozantinib	Cabozantinib_AML_062_01	188.571	7.8
AML_064_01	Cabozantinib	Cabozantinib_AML_064_01	209.42435	1.5
AML_065_01	Cabozantinib	Cabozantinib_AML_065_01	191.29796	5.2
AML_067_01	Cabozantinib	Cabozantinib_AML_067_01	196.19725	7.1
AML_070_01	Cabozantinib	Cabozantinib_AML_070_01	209.41339	2.9
AML_072_01	Cabozantinib	Cabozantinib_AML_072_01	204.68384	0.0
AML_073_01	Cabozantinib	Cabozantinib_AML_073_01	205.12683	2.4
AML_074_01	Cabozantinib	Cabozantinib_AML_074_01	206.4667	1.1
AML_075_01	Cabozantinib	Cabozantinib_AML_075_01	205.01979	0.6
AML_076_01	Cabozantinib	Cabozantinib_AML_076_01	203.97153	0.0
AML_076_02	Cabozantinib	Cabozantinib_AML_076_02	188.62294	4.2
AML_077_01	Cabozantinib	Cabozantinib_AML_077_01	205.68556	0.0
AML_078_02	Cabozantinib	Cabozantinib_AML_078_02	197.32643	0.0
AML_084_01	Cabozantinib	Cabozantinib_AML_084_01	193.96338	12.8
AML_086_02	Cabozantinib	Cabozantinib_AML_086_02	204.20078	0.8
AML_098_01	Cabozantinib	Cabozantinib_AML_098_01	201.64345	0.0
AML_100_01	Cabozantinib	Cabozantinib_AML_100_01	197.54317	0.4
AML_101_01	Cabozantinib	Cabozantinib_AML_101_01	197.12122	11.3
AML_101_02	Cabozantinib	Cabozantinib_AML_101_02	212.00453	0.0
AML_102_01	Cabozantinib	Cabozantinib_AML_102_01	188.41927	0.0
AML_103_01	Cabozantinib	Cabozantinib_AML_103_01	195.19421	0.0
AML_103_02	Cabozantinib	Cabozantinib_AML_103_02	191.62877	3.6
AML_104_01	Cabozantinib	Cabozantinib_AML_104_01	198.12769	0.0
AML_108_01	Cabozantinib	Cabozantinib_AML_108_01	185.68562	2.5
AML_109_01	Cabozantinib	Cabozantinib_AML_109_01	196.8934	0.0
AML_110_01	Cabozantinib	Cabozantinib_AML_110_01	189.63617	3.1
AML_112_01	Cabozantinib	Cabozantinib_AML_112_01	189.56807	0.2
AML_112_02	Cabozantinib	Cabozantinib_AML_112_02	200.18292	1.0
AML_113_01	Cabozantinib	Cabozantinib_AML_113_01	193.06839	0.0
AML_114_01	Cabozantinib	Cabozantinib_AML_114_01	191.6767	0.0
AML_115_01	Cabozantinib	Cabozantinib_AML_115_01	183.24197	3.2
AML_116_01	Cabozantinib	Cabozantinib_AML_116_01	205.04706	0.0
AML_117_01	Cabozantinib	Cabozantinib_AML_117_01	197.66568	0.0
AML_119_01	Cabozantinib	Cabozantinib_AML_119_01	193.895	0.0
AML_120_03	Cabozantinib	Cabozantinib_AML_120_03	204.82805	10.2
AML_122_01	Cabozantinib	Cabozantinib_AML_122_01	214.0811	0.0
AML_123_01	Cabozantinib	Cabozantinib_AML_123_01	207.69441	4.9
AML_124_01	Cabozantinib	Cabozantinib_AML_124_01	200.1914	2.5
AML_125_01	Cabozantinib	Cabozantinib_AML_125_01	201.2921	0.0
AML_126_01	Cabozantinib	Cabozantinib_AML_126_01	203.53654	2.3
AML_127_01	Cabozantinib	Cabozantinib_AML_127_01	200.63591	0.0
AML_128_01	Cabozantinib	Cabozantinib_AML_128_01	208.06244	0.1
AML_131_01	Cabozantinib	Cabozantinib_AML_131_01	205.78763	0.0
AML_133_01	Cabozantinib	Cabozantinib_AML_133_01	201.90002	1.9
AML_134_01	Cabozantinib	Cabozantinib_AML_134_01	207.7274	0.0
AML_135_01	Cabozantinib	Cabozantinib_AML_135_01	200.00883	2.1
AML_138_01	Cabozantinib	Cabozantinib_AML_138_01	203.51292	1.5
AML_139_01	Cabozantinib	Cabozantinib_AML_139_01	212.31912	2.1
AML_140_01	Cabozantinib	Cabozantinib_AML_140_01	196.09917	0.0
AML_142_01	Cabozantinib	Cabozantinib_AML_142_01	194.04195	10.0
AML_143_01	Cabozantinib	Cabozantinib_AML_143_01	197.41989	0.0
AML_144_01	Cabozantinib	Cabozantinib_AML_144_01	211.43636	0.0
AML_146_01	Cabozantinib	Cabozantinib_AML_146_01	207.70988	0.0
AML_147_01	Cabozantinib	Cabozantinib_AML_147_01	201.51163	6.3
AML_151_01	Cabozantinib	Cabozantinib_AML_151_01	192.54875	1.0
AML_152_01	Cabozantinib	Cabozantinib_AML_152_01	193.31906	0.0
AML_153_01	Cabozantinib	Cabozantinib_AML_153_01	198.55032	0.7
AML_156_01	Cabozantinib	Cabozantinib_AML_156_01	194.94345	0.0
AML_157_01	Cabozantinib	Cabozantinib_AML_157_01	207.72194	5.5
AML_157_02	Cabozantinib	Cabozantinib_AML_157_02	203.64067	6.7
AML_158_01	Cabozantinib	Cabozantinib_AML_158_01	208.43762	0.0
AML_159_01	Cabozantinib	Cabozantinib_AML_159_01	202.58553	1.1
AML_160_01	Cabozantinib	Cabozantinib_AML_160_01	190.42906	2.2
AML_161_01	Cabozantinib	Cabozantinib_AML_161_01	190.25122	0.0
AML_175_01	Cabozantinib	Cabozantinib_AML_175_01	206.40974	0.0
AML_183_01	Cabozantinib	Cabozantinib_AML_183_01	207.78561	0.0
AML_183_02	Cabozantinib	Cabozantinib_AML_183_02	203.0601	0.0
AML_183_03	Cabozantinib	Cabozantinib_AML_183_03	193.05077	0.0
AML_001_01	Canertinib	Canertinib_AML_001_01	224.48985	8.0
AML_001_03	Canertinib	Canertinib_AML_001_03	223.80318	9.2
AML_002_01	Canertinib	Canertinib_AML_002_01	215.89276	12.8
AML_003_02	Canertinib	Canertinib_AML_003_02	212.0192	8.1
AML_004_01	Canertinib	Canertinib_AML_004_01	220.36157	9.4
AML_006_02	Canertinib	Canertinib_AML_006_02	225.35428	7.9
AML_007_01	Canertinib	Canertinib_AML_007_01	229.1672	6.7
AML_007_02	Canertinib	Canertinib_AML_007_02	230.74948	7.3
AML_012_01	Canertinib	Canertinib_AML_012_01	212.91331	12.6
AML_013_01	Canertinib	Canertinib_AML_013_01	218.71117	11.4
AML_014_01	Canertinib	Canertinib_AML_014_01	217.81305	10.5
AML_015_01	Canertinib	Canertinib_AML_015_01	219.90842	9.7
AML_015_02	Canertinib	Canertinib_AML_015_02	223.32912	8.3
AML_015_03	Canertinib	Canertinib_AML_015_03	224.23613	11.7
AML_015_04	Canertinib	Canertinib_AML_015_04	222.76758	16.8
AML_018_01	Canertinib	Canertinib_AML_018_01	209.9125	13.6
AML_019_01	Canertinib	Canertinib_AML_019_01	215.87462	10.3
AML_020_01	Canertinib	Canertinib_AML_020_01	223.53067	9.0
AML_022_01	Canertinib	Canertinib_AML_022_01	219.84488	5.0
AML_023_01	Canertinib	Canertinib_AML_023_01	224.20517	12.0
AML_023_03	Canertinib	Canertinib_AML_023_03	223.54982	10.4
AML_023_04	Canertinib	Canertinib_AML_023_04	224.78282	11.0
AML_024_01	Canertinib	Canertinib_AML_024_01	215.10786	9.4
AML_025_01	Canertinib	Canertinib_AML_025_01	226.66281	9.2
AML_026_01	Canertinib	Canertinib_AML_026_01	227.63649	6.1
AML_028_01	Canertinib	Canertinib_AML_028_01	217.63097	9.9
AML_028_04	Canertinib	Canertinib_AML_028_04	208.2775	15.1
AML_029_01	Canertinib	Canertinib_AML_029_01	226.55386	9.7
AML_030_01	Canertinib	Canertinib_AML_030_01	220.38042	8.3
AML_032_01	Canertinib	Canertinib_AML_032_01	222.60916	7.3
AML_033_01	Canertinib	Canertinib_AML_033_01	221.04115	9.7
AML_033_02	Canertinib	Canertinib_AML_033_02	209.86205	10.5
AML_035_02	Canertinib	Canertinib_AML_035_02	225.31587	7.1
AML_035_04	Canertinib	Canertinib_AML_035_04	220.25983	9.7
AML_036_01	Canertinib	Canertinib_AML_036_01	224.7823	11.2
AML_040_01	Canertinib	Canertinib_AML_040_01	221.65579	11.5
AML_041_01	Canertinib	Canertinib_AML_041_01	228.07564	3.9
AML_042_01	Canertinib	Canertinib_AML_042_01	226.85222	9.9
AML_043_02	Canertinib	Canertinib_AML_043_02	211.83882	9.9
AML_045_01	Canertinib	Canertinib_AML_045_01	222.51701	6.2
AML_046_01	Canertinib	Canertinib_AML_046_01	213.79562	19.1
AML_051_01	Canertinib	Canertinib_AML_051_01	218.64087	6.9
AML_052_01	Canertinib	Canertinib_AML_052_01	223.90805	16.2
AML_053_01	Canertinib	Canertinib_AML_053_01	225.4429	8.8
AML_054_01	Canertinib	Canertinib_AML_054_01	212.53506	15.1
AML_057_01	Canertinib	Canertinib_AML_057_01	227.70882	8.9
AML_058_01	Canertinib	Canertinib_AML_058_01	217.13783	8.5
AML_059_01	Canertinib	Canertinib_AML_059_01	217.71957	11.6
AML_060_01	Canertinib	Canertinib_AML_060_01	217.49779	11.3
AML_061_01	Canertinib	Canertinib_AML_061_01	219.14911	9.1
AML_062_01	Canertinib	Canertinib_AML_062_01	222.4024	13.2
AML_064_01	Canertinib	Canertinib_AML_064_01	227.61803	4.9
AML_065_01	Canertinib	Canertinib_AML_065_01	220.71219	11.1
AML_067_01	Canertinib	Canertinib_AML_067_01	224.53656	12.7
AML_070_01	Canertinib	Canertinib_AML_070_01	224.56137	10.1
AML_072_01	Canertinib	Canertinib_AML_072_01	222.59198	14.3
AML_073_01	Canertinib	Canertinib_AML_073_01	220.86829	8.9
AML_074_01	Canertinib	Canertinib_AML_074_01	228.34064	9.8
AML_075_01	Canertinib	Canertinib_AML_075_01	225.13397	11.7
AML_076_01	Canertinib	Canertinib_AML_076_01	225.78702	9.4
AML_076_02	Canertinib	Canertinib_AML_076_02	214.75899	10.3
AML_077_01	Canertinib	Canertinib_AML_077_01	223.81265	10.3
AML_078_02	Canertinib	Canertinib_AML_078_02	224.19179	9.9
AML_084_01	Canertinib	Canertinib_AML_084_01	215.96257	13.9
AML_086_02	Canertinib	Canertinib_AML_086_02	219.37897	11.1
AML_098_01	Canertinib	Canertinib_AML_098_01	223.4576	7.8
AML_100_01	Canertinib	Canertinib_AML_100_01	223.8999	8.7
AML_101_01	Canertinib	Canertinib_AML_101_01	214.67923	10.4
AML_101_02	Canertinib	Canertinib_AML_101_02	223.15881	8.8
AML_102_01	Canertinib	Canertinib_AML_102_01	222.5559	8.9
AML_103_01	Canertinib	Canertinib_AML_103_01	217.173	6.5
AML_103_02	Canertinib	Canertinib_AML_103_02	207.52461	11.0
AML_104_01	Canertinib	Canertinib_AML_104_01	226.5196	8.8
AML_108_01	Canertinib	Canertinib_AML_108_01	218.51472	10.5
AML_109_01	Canertinib	Canertinib_AML_109_01	213.87491	8.7
AML_110_01	Canertinib	Canertinib_AML_110_01	219.02202	11.1
AML_112_01	Canertinib	Canertinib_AML_112_01	219.84172	9.3
AML_112_02	Canertinib	Canertinib_AML_112_02	223.70563	10.2
AML_113_01	Canertinib	Canertinib_AML_113_01	213.52264	18.4
AML_114_01	Canertinib	Canertinib_AML_114_01	216.71674	5.5
AML_115_01	Canertinib	Canertinib_AML_115_01	216.74858	13.1
AML_116_01	Canertinib	Canertinib_AML_116_01	225.04758	10.4
AML_117_01	Canertinib	Canertinib_AML_117_01	222.16711	8.8
AML_119_01	Canertinib	Canertinib_AML_119_01	221.49054	8.5
AML_120_01	Canertinib	Canertinib_AML_120_01	221.92207	7.4
AML_120_03	Canertinib	Canertinib_AML_120_03	223.89545	8.4
AML_122_01	Canertinib	Canertinib_AML_122_01	230.51016	9.3
AML_123_01	Canertinib	Canertinib_AML_123_01	226.91101	9.6
AML_124_01	Canertinib	Canertinib_AML_124_01	222.37376	12.3
AML_125_01	Canertinib	Canertinib_AML_125_01	220.23395	5.4
AML_126_01	Canertinib	Canertinib_AML_126_01	221.9875	13.2
AML_127_01	Canertinib	Canertinib_AML_127_01	225.90102	10.6
AML_128_01	Canertinib	Canertinib_AML_128_01	223.39441	10.7
AML_129_02	Canertinib	Canertinib_AML_129_02	220.57863	9.0
AML_129_03	Canertinib	Canertinib_AML_129_03	219.22438	9.6
AML_131_01	Canertinib	Canertinib_AML_131_01	227.51419	10.5
AML_133_01	Canertinib	Canertinib_AML_133_01	215.06764	12.5
AML_134_01	Canertinib	Canertinib_AML_134_01	213.76662	9.3
AML_135_01	Canertinib	Canertinib_AML_135_01	220.26633	8.5
AML_138_01	Canertinib	Canertinib_AML_138_01	218.10464	9.6
AML_139_01	Canertinib	Canertinib_AML_139_01	226.8536	11.4
AML_140_01	Canertinib	Canertinib_AML_140_01	224.1279	8.5
AML_142_01	Canertinib	Canertinib_AML_142_01	211.49316	14.5
AML_143_01	Canertinib	Canertinib_AML_143_01	220.05698	8.1
AML_144_01	Canertinib	Canertinib_AML_144_01	225.97643	10.3
AML_146_01	Canertinib	Canertinib_AML_146_01	224.04007	10.0
AML_147_01	Canertinib	Canertinib_AML_147_01	225.5866	6.1
AML_151_01	Canertinib	Canertinib_AML_151_01	218.2077	15.0
AML_152_01	Canertinib	Canertinib_AML_152_01	220.39812	9.9
AML_153_01	Canertinib	Canertinib_AML_153_01	208.0361	8.8
AML_156_01	Canertinib	Canertinib_AML_156_01	217.17581	11.2
AML_157_01	Canertinib	Canertinib_AML_157_01	225.2823	13.1
AML_157_02	Canertinib	Canertinib_AML_157_02	223.08612	13.4
AML_158_01	Canertinib	Canertinib_AML_158_01	226.49762	9.8
AML_159_01	Canertinib	Canertinib_AML_159_01	221.2291	9.7
AML_160_01	Canertinib	Canertinib_AML_160_01	220.16125	11.5
AML_161_01	Canertinib	Canertinib_AML_161_01	209.72307	10.1
AML_175_01	Canertinib	Canertinib_AML_175_01	225.32391	8.7
AML_179_01	Canertinib	Canertinib_AML_179_01	219.95241	10.0
AML_183_01	Canertinib	Canertinib_AML_183_01	227.52443	7.4
AML_183_02	Canertinib	Canertinib_AML_183_02	225.16267	9.0
AML_183_03	Canertinib	Canertinib_AML_183_03	221.91129	6.5
AML_184_01	Canertinib	Canertinib_AML_184_01	222.1657	11.2
AML_185_01	Canertinib	Canertinib_AML_185_01	225.00475	7.5
AML_001_01	Cediranib	Cediranib_AML_001_01	252.43787	4.5
AML_001_03	Cediranib	Cediranib_AML_001_03	244.8338	0.0
AML_002_01	Cediranib	Cediranib_AML_002_01	253.56944	8.4
AML_003_02	Cediranib	Cediranib_AML_003_02	244.35703	0.0
AML_004_01	Cediranib	Cediranib_AML_004_01	249.2958	0.0
AML_006_02	Cediranib	Cediranib_AML_006_02	250.24261	0.1
AML_007_01	Cediranib	Cediranib_AML_007_01	243.19315	1.9
AML_007_02	Cediranib	Cediranib_AML_007_02	244.61539	0.0
AML_012_01	Cediranib	Cediranib_AML_012_01	251.1113	0.0
AML_013_01	Cediranib	Cediranib_AML_013_01	257.9439	0.0
AML_014_01	Cediranib	Cediranib_AML_014_01	250.89824	0.0
AML_015_01	Cediranib	Cediranib_AML_015_01	251.29698	7.8
AML_015_02	Cediranib	Cediranib_AML_015_02	242.71669	10.2
AML_015_03	Cediranib	Cediranib_AML_015_03	250.7612	9.6
AML_015_04	Cediranib	Cediranib_AML_015_04	253.1645	19.4
AML_018_01	Cediranib	Cediranib_AML_018_01	241.13863	5.9
AML_019_01	Cediranib	Cediranib_AML_019_01	247.52066	0.0
AML_020_01	Cediranib	Cediranib_AML_020_01	257.73355	0.0
AML_022_01	Cediranib	Cediranib_AML_022_01	239.03232	5.0
AML_023_01	Cediranib	Cediranib_AML_023_01	241.40067	10.5
AML_023_03	Cediranib	Cediranib_AML_023_03	240.54945	6.3
AML_023_04	Cediranib	Cediranib_AML_023_04	243.087	0.5
AML_024_01	Cediranib	Cediranib_AML_024_01	251.14941	0.0
AML_025_01	Cediranib	Cediranib_AML_025_01	251.57697	0.0
AML_026_01	Cediranib	Cediranib_AML_026_01	250.95613	0.0
AML_028_01	Cediranib	Cediranib_AML_028_01	247.11581	0.0
AML_028_04	Cediranib	Cediranib_AML_028_04	239.95123	0.0
AML_029_01	Cediranib	Cediranib_AML_029_01	247.15671	0.4
AML_030_01	Cediranib	Cediranib_AML_030_01	243.50024	0.0
AML_032_01	Cediranib	Cediranib_AML_032_01	253.286	0.0
AML_033_01	Cediranib	Cediranib_AML_033_01	257.36694	0.0
AML_033_02	Cediranib	Cediranib_AML_033_02	250.34987	0.2
AML_035_02	Cediranib	Cediranib_AML_035_02	255.66574	0.0
AML_035_04	Cediranib	Cediranib_AML_035_04	250.73206	0.0
AML_036_01	Cediranib	Cediranib_AML_036_01	246.50977	0.0
AML_040_01	Cediranib	Cediranib_AML_040_01	248.13126	0.0
AML_041_01	Cediranib	Cediranib_AML_041_01	244.33781	0.0
AML_042_01	Cediranib	Cediranib_AML_042_01	245.61899	0.0
AML_043_02	Cediranib	Cediranib_AML_043_02	249.9049	5.0
AML_045_01	Cediranib	Cediranib_AML_045_01	249.20728	0.1
AML_046_01	Cediranib	Cediranib_AML_046_01	251.34837	0.0
AML_051_01	Cediranib	Cediranib_AML_051_01	248.84956	0.0
AML_052_01	Cediranib	Cediranib_AML_052_01	258.57486	0.0
AML_053_01	Cediranib	Cediranib_AML_053_01	251.25343	0.1
AML_054_01	Cediranib	Cediranib_AML_054_01	251.96548	0.0
AML_057_01	Cediranib	Cediranib_AML_057_01	242.97098	1.0
AML_058_01	Cediranib	Cediranib_AML_058_01	245.04857	0.0
AML_059_01	Cediranib	Cediranib_AML_059_01	251.21451	0.1
AML_060_01	Cediranib	Cediranib_AML_060_01	255.1316	0.0
AML_061_01	Cediranib	Cediranib_AML_061_01	252.97714	0.0
AML_062_01	Cediranib	Cediranib_AML_062_01	239.88876	0.0
AML_064_01	Cediranib	Cediranib_AML_064_01	239.35934	0.0
AML_065_01	Cediranib	Cediranib_AML_065_01	244.49918	0.0
AML_067_01	Cediranib	Cediranib_AML_067_01	242.54329	0.0
AML_070_01	Cediranib	Cediranib_AML_070_01	248.81989	0.0
AML_072_01	Cediranib	Cediranib_AML_072_01	255.93813	0.0
AML_073_01	Cediranib	Cediranib_AML_073_01	251.9693	0.0
AML_074_01	Cediranib	Cediranib_AML_074_01	249.58241	2.3
AML_075_01	Cediranib	Cediranib_AML_075_01	248.05695	0.0
AML_076_01	Cediranib	Cediranib_AML_076_01	246.16092	0.0
AML_076_02	Cediranib	Cediranib_AML_076_02	243.13953	0.1
AML_077_01	Cediranib	Cediranib_AML_077_01	254.96317	0.0
AML_078_02	Cediranib	Cediranib_AML_078_02	242.13828	0.4
AML_084_01	Cediranib	Cediranib_AML_084_01	249.38754	0.0
AML_086_02	Cediranib	Cediranib_AML_086_02	253.76828	2.1
AML_098_01	Cediranib	Cediranib_AML_098_01	243.10872	1.8
AML_100_01	Cediranib	Cediranib_AML_100_01	245.83047	0.0
AML_101_01	Cediranib	Cediranib_AML_101_01	239.76454	7.3
AML_101_02	Cediranib	Cediranib_AML_101_02	250.58922	6.7
AML_102_01	Cediranib	Cediranib_AML_102_01	240.46474	0.0
AML_103_01	Cediranib	Cediranib_AML_103_01	232.89516	0.0
AML_103_02	Cediranib	Cediranib_AML_103_02	246.33063	0.2
AML_104_01	Cediranib	Cediranib_AML_104_01	244.22572	0.0
AML_108_01	Cediranib	Cediranib_AML_108_01	240.70447	0.0
AML_109_01	Cediranib	Cediranib_AML_109_01	249.26468	0.0
AML_110_01	Cediranib	Cediranib_AML_110_01	250.64565	0.0
AML_112_01	Cediranib	Cediranib_AML_112_01	239.79408	0.0
AML_112_02	Cediranib	Cediranib_AML_112_02	241.65912	0.0
AML_113_01	Cediranib	Cediranib_AML_113_01	242.147	0.0
AML_114_01	Cediranib	Cediranib_AML_114_01	243.3509	0.0
AML_115_01	Cediranib	Cediranib_AML_115_01	244.91904	0.0
AML_116_01	Cediranib	Cediranib_AML_116_01	250.11407	0.0
AML_117_01	Cediranib	Cediranib_AML_117_01	249.08449	0.1
AML_119_01	Cediranib	Cediranib_AML_119_01	240.76463	2.6
AML_120_01	Cediranib	Cediranib_AML_120_01	243.30205	8.9
AML_120_03	Cediranib	Cediranib_AML_120_03	248.14503	1.2
AML_122_01	Cediranib	Cediranib_AML_122_01	241.3895	0.0
AML_123_01	Cediranib	Cediranib_AML_123_01	251.60062	1.4
AML_124_01	Cediranib	Cediranib_AML_124_01	251.09514	0.0
AML_125_01	Cediranib	Cediranib_AML_125_01	253.81201	0.0
AML_126_01	Cediranib	Cediranib_AML_126_01	242.32501	0.0
AML_127_01	Cediranib	Cediranib_AML_127_01	244.71777	0.0
AML_128_01	Cediranib	Cediranib_AML_128_01	254.05553	0.3
AML_129_02	Cediranib	Cediranib_AML_129_02	249.86906	7.0
AML_129_03	Cediranib	Cediranib_AML_129_03	247.7438	9.0
AML_131_01	Cediranib	Cediranib_AML_131_01	246.31232	0.0
AML_133_01	Cediranib	Cediranib_AML_133_01	252.56195	0.0
AML_134_01	Cediranib	Cediranib_AML_134_01	248.89769	0.0
AML_135_01	Cediranib	Cediranib_AML_135_01	252.77376	0.0
AML_138_01	Cediranib	Cediranib_AML_138_01	251.14294	0.0
AML_139_01	Cediranib	Cediranib_AML_139_01	254.52568	0.2
AML_140_01	Cediranib	Cediranib_AML_140_01	247.97076	0.4
AML_142_01	Cediranib	Cediranib_AML_142_01	249.05952	0.0
AML_143_01	Cediranib	Cediranib_AML_143_01	250.61026	0.0
AML_144_01	Cediranib	Cediranib_AML_144_01	252.1705	0.5
AML_146_01	Cediranib	Cediranib_AML_146_01	249.2229	0.0
AML_147_01	Cediranib	Cediranib_AML_147_01	248.09483	5.2
AML_151_01	Cediranib	Cediranib_AML_151_01	243.48405	5.0
AML_152_01	Cediranib	Cediranib_AML_152_01	251.00307	1.0
AML_153_01	Cediranib	Cediranib_AML_153_01	245.23265	4.2
AML_156_01	Cediranib	Cediranib_AML_156_01	247.6226	1.3
AML_157_01	Cediranib	Cediranib_AML_157_01	246.47636	2.6
AML_157_02	Cediranib	Cediranib_AML_157_02	249.45879	7.4
AML_158_01	Cediranib	Cediranib_AML_158_01	250.97375	2.3
AML_159_01	Cediranib	Cediranib_AML_159_01	251.06136	1.4
AML_160_01	Cediranib	Cediranib_AML_160_01	241.27182	5.1
AML_161_01	Cediranib	Cediranib_AML_161_01	243.73718	5.3
AML_175_01	Cediranib	Cediranib_AML_175_01	248.3095	0.0
AML_179_01	Cediranib	Cediranib_AML_179_01	258.3209	12.4
AML_183_01	Cediranib	Cediranib_AML_183_01	246.27284	0.0
AML_183_02	Cediranib	Cediranib_AML_183_02	242.6664	0.0
AML_183_03	Cediranib	Cediranib_AML_183_03	241.13069	0.0
AML_184_01	Cediranib	Cediranib_AML_184_01	244.71696	1.0
AML_185_01	Cediranib	Cediranib_AML_185_01	259.7157	0.4
AML_001_03	Crenolanib	Crenolanib_AML_001_03	219.73871	9.9
AML_003_02	Crenolanib	Crenolanib_AML_003_02	215.82263	5.0
AML_004_01	Crenolanib	Crenolanib_AML_004_01	219.22006	10.6
AML_013_01	Crenolanib	Crenolanib_AML_013_01	216.625	18.7
AML_015_01	Crenolanib	Crenolanib_AML_015_01	215.0155	19.6
AML_015_02	Crenolanib	Crenolanib_AML_015_02	220.86284	24.8
AML_015_03	Crenolanib	Crenolanib_AML_015_03	218.85986	38.1
AML_015_04	Crenolanib	Crenolanib_AML_015_04	215.52298	40.3
AML_018_01	Crenolanib	Crenolanib_AML_018_01	208.47502	25.6
AML_019_01	Crenolanib	Crenolanib_AML_019_01	217.9674	8.3
AML_020_01	Crenolanib	Crenolanib_AML_020_01	225.25475	5.0
AML_024_01	Crenolanib	Crenolanib_AML_024_01	214.71468	4.7
AML_025_01	Crenolanib	Crenolanib_AML_025_01	225.15265	8.7
AML_026_01	Crenolanib	Crenolanib_AML_026_01	226.1364	8.3
AML_028_01	Crenolanib	Crenolanib_AML_028_01	209.36156	11.8
AML_028_04	Crenolanib	Crenolanib_AML_028_04	205.13174	30.4
AML_029_01	Crenolanib	Crenolanib_AML_029_01	223.31148	8.0
AML_030_01	Crenolanib	Crenolanib_AML_030_01	213.37163	8.3
AML_032_01	Crenolanib	Crenolanib_AML_032_01	220.426	7.7
AML_033_01	Crenolanib	Crenolanib_AML_033_01	216.45374	9.5
AML_033_02	Crenolanib	Crenolanib_AML_033_02	208.84366	9.2
AML_035_02	Crenolanib	Crenolanib_AML_035_02	226.13492	10.0
AML_035_04	Crenolanib	Crenolanib_AML_035_04	221.66872	10.7
AML_036_01	Crenolanib	Crenolanib_AML_036_01	219.71431	8.4
AML_041_01	Crenolanib	Crenolanib_AML_041_01	220.99101	7.4
AML_042_01	Crenolanib	Crenolanib_AML_042_01	223.37	4.9
AML_043_02	Crenolanib	Crenolanib_AML_043_02	211.32294	8.4
AML_045_01	Crenolanib	Crenolanib_AML_045_01	222.2324	4.1
AML_046_01	Crenolanib	Crenolanib_AML_046_01	209.49695	32.0
AML_051_01	Crenolanib	Crenolanib_AML_051_01	211.23064	5.0
AML_052_01	Crenolanib	Crenolanib_AML_052_01	226.40967	9.2
AML_053_01	Crenolanib	Crenolanib_AML_053_01	226.28665	8.9
AML_054_01	Crenolanib	Crenolanib_AML_054_01	214.1432	3.6
AML_057_01	Crenolanib	Crenolanib_AML_057_01	222.40948	11.2
AML_058_01	Crenolanib	Crenolanib_AML_058_01	212.85594	7.2
AML_059_01	Crenolanib	Crenolanib_AML_059_01	215.59357	8.6
AML_060_01	Crenolanib	Crenolanib_AML_060_01	221.71088	4.9
AML_061_01	Crenolanib	Crenolanib_AML_061_01	217.46657	6.7
AML_062_01	Crenolanib	Crenolanib_AML_062_01	209.55733	15.1
AML_064_01	Crenolanib	Crenolanib_AML_064_01	222.19128	9.0
AML_065_01	Crenolanib	Crenolanib_AML_065_01	211.46147	9.4
AML_067_01	Crenolanib	Crenolanib_AML_067_01	215.20174	13.0
AML_070_01	Crenolanib	Crenolanib_AML_070_01	223.92159	8.1
AML_072_01	Crenolanib	Crenolanib_AML_072_01	224.37837	4.9
AML_073_01	Crenolanib	Crenolanib_AML_073_01	222.21915	3.3
AML_074_01	Crenolanib	Crenolanib_AML_074_01	222.58858	11.6
AML_075_01	Crenolanib	Crenolanib_AML_075_01	220.87743	4.6
AML_076_01	Crenolanib	Crenolanib_AML_076_01	220.46681	8.4
AML_076_02	Crenolanib	Crenolanib_AML_076_02	208.45526	11.9
AML_077_01	Crenolanib	Crenolanib_AML_077_01	224.21822	10.7
AML_078_02	Crenolanib	Crenolanib_AML_078_02	214.6329	10.3
AML_084_01	Crenolanib	Crenolanib_AML_084_01	211.81343	5.5
AML_086_02	Crenolanib	Crenolanib_AML_086_02	218.55614	10.7
AML_098_01	Crenolanib	Crenolanib_AML_098_01	220.01242	9.1
AML_100_01	Crenolanib	Crenolanib_AML_100_01	219.16972	8.7
AML_101_01	Crenolanib	Crenolanib_AML_101_01	209.87613	12.3
AML_101_02	Crenolanib	Crenolanib_AML_101_02	225.4007	8.3
AML_102_01	Crenolanib	Crenolanib_AML_102_01	210.64201	6.6
AML_103_01	Crenolanib	Crenolanib_AML_103_01	208.72252	11.3
AML_103_02	Crenolanib	Crenolanib_AML_103_02	205.30916	13.2
AML_104_01	Crenolanib	Crenolanib_AML_104_01	217.30646	12.4
AML_108_01	Crenolanib	Crenolanib_AML_108_01	208.26414	10.1
AML_109_01	Crenolanib	Crenolanib_AML_109_01	216.21797	3.9
AML_110_01	Crenolanib	Crenolanib_AML_110_01	213.48335	8.8
AML_112_01	Crenolanib	Crenolanib_AML_112_01	208.91635	11.5
AML_112_02	Crenolanib	Crenolanib_AML_112_02	215.91324	8.6
AML_113_01	Crenolanib	Crenolanib_AML_113_01	211.09357	18.8
AML_114_01	Crenolanib	Crenolanib_AML_114_01	209.6592	8.9
AML_115_01	Crenolanib	Crenolanib_AML_115_01	207.28635	22.0
AML_116_01	Crenolanib	Crenolanib_AML_116_01	222.25356	10.3
AML_117_01	Crenolanib	Crenolanib_AML_117_01	218.40303	6.7
AML_119_01	Crenolanib	Crenolanib_AML_119_01	211.95078	10.2
AML_122_01	Crenolanib	Crenolanib_AML_122_01	224.10931	9.1
AML_123_01	Crenolanib	Crenolanib_AML_123_01	224.03947	13.8
AML_124_01	Crenolanib	Crenolanib_AML_124_01	220.15407	15.5
AML_125_01	Crenolanib	Crenolanib_AML_125_01	222.64037	45.8
AML_126_01	Crenolanib	Crenolanib_AML_126_01	220.44202	11.5
AML_127_01	Crenolanib	Crenolanib_AML_127_01	218.46318	10.7
AML_128_01	Crenolanib	Crenolanib_AML_128_01	223.38712	8.3
AML_131_01	Crenolanib	Crenolanib_AML_131_01	223.17397	10.6
AML_133_01	Crenolanib	Crenolanib_AML_133_01	215.29163	3.8
AML_134_01	Crenolanib	Crenolanib_AML_134_01	219.69737	6.3
AML_135_01	Crenolanib	Crenolanib_AML_135_01	216.69301	5.0
AML_138_01	Crenolanib	Crenolanib_AML_138_01	217.4819	8.9
AML_139_01	Crenolanib	Crenolanib_AML_139_01	227.98381	14.0
AML_140_01	Crenolanib	Crenolanib_AML_140_01	218.87076	10.3
AML_142_01	Crenolanib	Crenolanib_AML_142_01	212.36566	12.3
AML_143_01	Crenolanib	Crenolanib_AML_143_01	218.29224	9.5
AML_144_01	Crenolanib	Crenolanib_AML_144_01	225.17384	10.4
AML_146_01	Crenolanib	Crenolanib_AML_146_01	224.09772	9.6
AML_147_01	Crenolanib	Crenolanib_AML_147_01	219.48163	13.6
AML_151_01	Crenolanib	Crenolanib_AML_151_01	215.1115	13.6
AML_152_01	Crenolanib	Crenolanib_AML_152_01	215.05453	10.2
AML_153_01	Crenolanib	Crenolanib_AML_153_01	210.08333	4.6
AML_156_01	Crenolanib	Crenolanib_AML_156_01	215.1755	9.8
AML_157_01	Crenolanib	Crenolanib_AML_157_01	222.51566	19.4
AML_157_02	Crenolanib	Crenolanib_AML_157_02	223.23836	17.4
AML_158_01	Crenolanib	Crenolanib_AML_158_01	225.35524	9.8
AML_159_01	Crenolanib	Crenolanib_AML_159_01	221.15788	9.5
AML_160_01	Crenolanib	Crenolanib_AML_160_01	211.89276	10.8
AML_161_01	Crenolanib	Crenolanib_AML_161_01	207.87039	9.8
AML_175_01	Crenolanib	Crenolanib_AML_175_01	224.46515	7.6
AML_183_01	Crenolanib	Crenolanib_AML_183_01	223.1467	9.6
AML_183_02	Crenolanib	Crenolanib_AML_183_02	219.21912	12.2
AML_183_03	Crenolanib	Crenolanib_AML_183_03	213.53073	9.5
AML_001_01	Crizotinib	Crizotinib_AML_001_01	210.5117	0.0
AML_001_03	Crizotinib	Crizotinib_AML_001_03	202.80011	0.1
AML_002_01	Crizotinib	Crizotinib_AML_002_01	202.096	9.7
AML_003_02	Crizotinib	Crizotinib_AML_003_02	200.45415	3.5
AML_004_01	Crizotinib	Crizotinib_AML_004_01	199.29636	5.2
AML_006_02	Crizotinib	Crizotinib_AML_006_02	202.77351	8.7
AML_007_01	Crizotinib	Crizotinib_AML_007_01	204.46065	5.9
AML_007_02	Crizotinib	Crizotinib_AML_007_02	208.87865	0.0
AML_012_01	Crizotinib	Crizotinib_AML_012_01	198.47826	0.0
AML_013_01	Crizotinib	Crizotinib_AML_013_01	201.8241	3.3
AML_014_01	Crizotinib	Crizotinib_AML_014_01	198.65349	0.0
AML_015_01	Crizotinib	Crizotinib_AML_015_01	205.04446	0.0
AML_015_02	Crizotinib	Crizotinib_AML_015_02	201.97647	0.2
AML_015_03	Crizotinib	Crizotinib_AML_015_03	207.62253	2.7
AML_015_04	Crizotinib	Crizotinib_AML_015_04	208.31866	1.1
AML_018_01	Crizotinib	Crizotinib_AML_018_01	195.0753	3.1
AML_019_01	Crizotinib	Crizotinib_AML_019_01	198.37015	0.9
AML_020_01	Crizotinib	Crizotinib_AML_020_01	210.16254	1.0
AML_022_01	Crizotinib	Crizotinib_AML_022_01	197.651	7.9
AML_023_01	Crizotinib	Crizotinib_AML_023_01	197.79181	10.2
AML_023_03	Crizotinib	Crizotinib_AML_023_03	199.0692	8.8
AML_023_04	Crizotinib	Crizotinib_AML_023_04	203.20229	10.2
AML_024_01	Crizotinib	Crizotinib_AML_024_01	200.315	0.6
AML_025_01	Crizotinib	Crizotinib_AML_025_01	205.68425	1.7
AML_026_01	Crizotinib	Crizotinib_AML_026_01	204.08478	0.2
AML_028_01	Crizotinib	Crizotinib_AML_028_01	196.82166	0.0
AML_028_04	Crizotinib	Crizotinib_AML_028_04	191.23552	0.0
AML_029_01	Crizotinib	Crizotinib_AML_029_01	201.75726	1.0
AML_030_01	Crizotinib	Crizotinib_AML_030_01	194.50679	0.5
AML_032_01	Crizotinib	Crizotinib_AML_032_01	204.78838	1.8
AML_033_01	Crizotinib	Crizotinib_AML_033_01	202.14922	4.3
AML_033_02	Crizotinib	Crizotinib_AML_033_02	198.86662	4.0
AML_035_02	Crizotinib	Crizotinib_AML_035_02	208.18279	0.2
AML_035_04	Crizotinib	Crizotinib_AML_035_04	206.11092	0.0
AML_036_01	Crizotinib	Crizotinib_AML_036_01	201.50984	2.4
AML_040_01	Crizotinib	Crizotinib_AML_040_01	196.84422	0.6
AML_041_01	Crizotinib	Crizotinib_AML_041_01	203.48076	0.0
AML_042_01	Crizotinib	Crizotinib_AML_042_01	204.27771	0.6
AML_043_02	Crizotinib	Crizotinib_AML_043_02	199.14508	0.6
AML_045_01	Crizotinib	Crizotinib_AML_045_01	203.24431	0.0
AML_046_01	Crizotinib	Crizotinib_AML_046_01	197.47409	2.8
AML_051_01	Crizotinib	Crizotinib_AML_051_01	197.30586	0.4
AML_052_01	Crizotinib	Crizotinib_AML_052_01	201.59578	0.2
AML_053_01	Crizotinib	Crizotinib_AML_053_01	205.63254	1.1
AML_054_01	Crizotinib	Crizotinib_AML_054_01	197.15706	5.2
AML_057_01	Crizotinib	Crizotinib_AML_057_01	203.00911	0.3
AML_058_01	Crizotinib	Crizotinib_AML_058_01	196.59366	2.0
AML_059_01	Crizotinib	Crizotinib_AML_059_01	197.75214	6.9
AML_060_01	Crizotinib	Crizotinib_AML_060_01	202.45557	3.6
AML_061_01	Crizotinib	Crizotinib_AML_061_01	199.13326	3.0
AML_062_01	Crizotinib	Crizotinib_AML_062_01	198.43245	0.0
AML_064_01	Crizotinib	Crizotinib_AML_064_01	207.10799	0.0
AML_065_01	Crizotinib	Crizotinib_AML_065_01	199.42351	0.2
AML_067_01	Crizotinib	Crizotinib_AML_067_01	196.43434	0.6
AML_070_01	Crizotinib	Crizotinib_AML_070_01	201.94221	1.1
AML_072_01	Crizotinib	Crizotinib_AML_072_01	203.19785	1.1
AML_073_01	Crizotinib	Crizotinib_AML_073_01	206.25807	0.0
AML_074_01	Crizotinib	Crizotinib_AML_074_01	200.6651	1.2
AML_075_01	Crizotinib	Crizotinib_AML_075_01	200.58752	0.1
AML_076_01	Crizotinib	Crizotinib_AML_076_01	208.16919	0.0
AML_076_02	Crizotinib	Crizotinib_AML_076_02	194.17946	0.5
AML_077_01	Crizotinib	Crizotinib_AML_077_01	206.31186	2.9
AML_078_02	Crizotinib	Crizotinib_AML_078_02	196.71005	0.5
AML_084_01	Crizotinib	Crizotinib_AML_084_01	193.98436	0.0
AML_086_02	Crizotinib	Crizotinib_AML_086_02	203.25749	1.9
AML_098_01	Crizotinib	Crizotinib_AML_098_01	198.82506	0.1
AML_100_01	Crizotinib	Crizotinib_AML_100_01	199.53223	0.6
AML_101_01	Crizotinib	Crizotinib_AML_101_01	199.77628	0.1
AML_101_02	Crizotinib	Crizotinib_AML_101_02	207.60104	0.8
AML_102_01	Crizotinib	Crizotinib_AML_102_01	193.39272	0.4
AML_103_01	Crizotinib	Crizotinib_AML_103_01	197.33698	0.4
AML_103_02	Crizotinib	Crizotinib_AML_103_02	195.13405	2.9
AML_104_01	Crizotinib	Crizotinib_AML_104_01	197.49937	0.0
AML_108_01	Crizotinib	Crizotinib_AML_108_01	194.62177	2.5
AML_109_01	Crizotinib	Crizotinib_AML_109_01	198.56897	1.1
AML_110_01	Crizotinib	Crizotinib_AML_110_01	199.07861	3.2
AML_112_01	Crizotinib	Crizotinib_AML_112_01	192.20982	0.1
AML_112_02	Crizotinib	Crizotinib_AML_112_02	200.63748	2.4
AML_113_01	Crizotinib	Crizotinib_AML_113_01	197.69966	4.6
AML_114_01	Crizotinib	Crizotinib_AML_114_01	190.5511	1.8
AML_115_01	Crizotinib	Crizotinib_AML_115_01	194.11754	2.2
AML_116_01	Crizotinib	Crizotinib_AML_116_01	198.97606	3.6
AML_117_01	Crizotinib	Crizotinib_AML_117_01	195.53549	1.2
AML_119_01	Crizotinib	Crizotinib_AML_119_01	194.78177	0.4
AML_120_01	Crizotinib	Crizotinib_AML_120_01	202.34496	8.8
AML_120_03	Crizotinib	Crizotinib_AML_120_03	205.89047	0.0
AML_122_01	Crizotinib	Crizotinib_AML_122_01	209.60641	0.0
AML_123_01	Crizotinib	Crizotinib_AML_123_01	200.8586	1.7
AML_124_01	Crizotinib	Crizotinib_AML_124_01	198.51703	3.3
AML_125_01	Crizotinib	Crizotinib_AML_125_01	201.09552	0.0
AML_126_01	Crizotinib	Crizotinib_AML_126_01	195.59029	4.6
AML_127_01	Crizotinib	Crizotinib_AML_127_01	200.76198	1.1
AML_128_01	Crizotinib	Crizotinib_AML_128_01	204.6807	3.2
AML_129_02	Crizotinib	Crizotinib_AML_129_02	201.37796	8.7
AML_129_03	Crizotinib	Crizotinib_AML_129_03	199.63322	11.7
AML_131_01	Crizotinib	Crizotinib_AML_131_01	206.15547	0.2
AML_133_01	Crizotinib	Crizotinib_AML_133_01	200.43723	3.8
AML_134_01	Crizotinib	Crizotinib_AML_134_01	199.65387	3.8
AML_135_01	Crizotinib	Crizotinib_AML_135_01	202.85896	1.1
AML_138_01	Crizotinib	Crizotinib_AML_138_01	205.25812	0.3
AML_139_01	Crizotinib	Crizotinib_AML_139_01	210.31525	2.7
AML_140_01	Crizotinib	Crizotinib_AML_140_01	199.60715	1.1
AML_142_01	Crizotinib	Crizotinib_AML_142_01	197.19931	5.9
AML_143_01	Crizotinib	Crizotinib_AML_143_01	200.53018	0.0
AML_144_01	Crizotinib	Crizotinib_AML_144_01	208.78824	2.7
AML_146_01	Crizotinib	Crizotinib_AML_146_01	201.31696	0.0
AML_147_01	Crizotinib	Crizotinib_AML_147_01	202.65367	0.2
AML_151_01	Crizotinib	Crizotinib_AML_151_01	196.93568	0.8
AML_152_01	Crizotinib	Crizotinib_AML_152_01	198.51874	0.4
AML_153_01	Crizotinib	Crizotinib_AML_153_01	196.21498	0.0
AML_156_01	Crizotinib	Crizotinib_AML_156_01	196.04556	1.1
AML_157_01	Crizotinib	Crizotinib_AML_157_01	205.34871	3.1
AML_157_02	Crizotinib	Crizotinib_AML_157_02	203.141	1.9
AML_158_01	Crizotinib	Crizotinib_AML_158_01	205.04932	1.0
AML_159_01	Crizotinib	Crizotinib_AML_159_01	201.48796	1.0
AML_160_01	Crizotinib	Crizotinib_AML_160_01	198.91768	0.5
AML_161_01	Crizotinib	Crizotinib_AML_161_01	193.33617	1.2
AML_175_01	Crizotinib	Crizotinib_AML_175_01	198.67241	0.3
AML_179_01	Crizotinib	Crizotinib_AML_179_01	203.55617	6.9
AML_183_01	Crizotinib	Crizotinib_AML_183_01	204.44113	0.0
AML_183_02	Crizotinib	Crizotinib_AML_183_02	200.10284	0.9
AML_183_03	Crizotinib	Crizotinib_AML_183_03	200.60458	0.4
AML_184_01	Crizotinib	Crizotinib_AML_184_01	195.25954	8.5
AML_185_01	Crizotinib	Crizotinib_AML_185_01	211.64542	9.9
AML_001_01	Dasatinib	Dasatinib_AML_001_01	206.17815	0.0
AML_001_03	Dasatinib	Dasatinib_AML_001_03	195.32428	0.0
AML_002_01	Dasatinib	Dasatinib_AML_002_01	203.65753	11.1
AML_003_02	Dasatinib	Dasatinib_AML_003_02	204.72496	0.0
AML_004_01	Dasatinib	Dasatinib_AML_004_01	201.58743	7.9
AML_006_02	Dasatinib	Dasatinib_AML_006_02	200.1869	5.6
AML_007_01	Dasatinib	Dasatinib_AML_007_01	189.88536	3.7
AML_007_02	Dasatinib	Dasatinib_AML_007_02	194.30945	0.0
AML_012_01	Dasatinib	Dasatinib_AML_012_01	206.91734	1.9
AML_013_01	Dasatinib	Dasatinib_AML_013_01	211.39706	6.8
AML_014_01	Dasatinib	Dasatinib_AML_014_01	198.1995	0.0
AML_015_01	Dasatinib	Dasatinib_AML_015_01	208.20328	22.1
AML_015_02	Dasatinib	Dasatinib_AML_015_02	196.05399	23.4
AML_015_03	Dasatinib	Dasatinib_AML_015_03	201.93893	24.7
AML_015_04	Dasatinib	Dasatinib_AML_015_04	209.60889	32.5
AML_018_01	Dasatinib	Dasatinib_AML_018_01	193.8591	18.5
AML_019_01	Dasatinib	Dasatinib_AML_019_01	201.86592	2.4
AML_020_01	Dasatinib	Dasatinib_AML_020_01	214.73933	0.0
AML_022_01	Dasatinib	Dasatinib_AML_022_01	181.46317	14.9
AML_023_01	Dasatinib	Dasatinib_AML_023_01	183.24817	25.5
AML_023_03	Dasatinib	Dasatinib_AML_023_03	183.74026	12.0
AML_023_04	Dasatinib	Dasatinib_AML_023_04	193.04137	8.8
AML_024_01	Dasatinib	Dasatinib_AML_024_01	201.51445	0.0
AML_025_01	Dasatinib	Dasatinib_AML_025_01	204.97464	7.2
AML_026_01	Dasatinib	Dasatinib_AML_026_01	200.1417	2.1
AML_028_01	Dasatinib	Dasatinib_AML_028_01	192.88437	1.0
AML_028_04	Dasatinib	Dasatinib_AML_028_04	196.30415	0.0
AML_029_01	Dasatinib	Dasatinib_AML_029_01	193.72598	0.0
AML_030_01	Dasatinib	Dasatinib_AML_030_01	183.60883	0.2
AML_032_01	Dasatinib	Dasatinib_AML_032_01	207.41219	0.0
AML_033_01	Dasatinib	Dasatinib_AML_033_01	210.17532	9.1
AML_033_02	Dasatinib	Dasatinib_AML_033_02	207.59598	6.4
AML_035_02	Dasatinib	Dasatinib_AML_035_02	212.95355	0.0
AML_035_04	Dasatinib	Dasatinib_AML_035_04	214.63586	0.0
AML_036_01	Dasatinib	Dasatinib_AML_036_01	191.94565	0.0
AML_040_01	Dasatinib	Dasatinib_AML_040_01	191.32475	22.4
AML_041_01	Dasatinib	Dasatinib_AML_041_01	191.6526	12.8
AML_042_01	Dasatinib	Dasatinib_AML_042_01	200.43828	12.9
AML_043_02	Dasatinib	Dasatinib_AML_043_02	206.72404	4.6
AML_045_01	Dasatinib	Dasatinib_AML_045_01	200.95276	0.0
AML_046_01	Dasatinib	Dasatinib_AML_046_01	197.1216	13.0
AML_051_01	Dasatinib	Dasatinib_AML_051_01	191.12883	0.0
AML_052_01	Dasatinib	Dasatinib_AML_052_01	208.36354	0.0
AML_053_01	Dasatinib	Dasatinib_AML_053_01	205.46216	0.8
AML_054_01	Dasatinib	Dasatinib_AML_054_01	203.58768	0.0
AML_057_01	Dasatinib	Dasatinib_AML_057_01	192.11905	17.7
AML_058_01	Dasatinib	Dasatinib_AML_058_01	191.98045	6.9
AML_059_01	Dasatinib	Dasatinib_AML_059_01	194.81248	5.6
AML_060_01	Dasatinib	Dasatinib_AML_060_01	205.89397	1.7
AML_061_01	Dasatinib	Dasatinib_AML_061_01	201.16595	4.5
AML_062_01	Dasatinib	Dasatinib_AML_062_01	184.50351	15.8
AML_064_01	Dasatinib	Dasatinib_AML_064_01	194.54062	0.0
AML_065_01	Dasatinib	Dasatinib_AML_065_01	186.58398	13.8
AML_067_01	Dasatinib	Dasatinib_AML_067_01	179.81622	20.1
AML_070_01	Dasatinib	Dasatinib_AML_070_01	201.39717	0.0
AML_072_01	Dasatinib	Dasatinib_AML_072_01	204.73656	1.2
AML_073_01	Dasatinib	Dasatinib_AML_073_01	205.93636	5.4
AML_074_01	Dasatinib	Dasatinib_AML_074_01	194.49785	3.0
AML_075_01	Dasatinib	Dasatinib_AML_075_01	196.89326	4.7
AML_076_01	Dasatinib	Dasatinib_AML_076_01	196.04227	3.4
AML_076_02	Dasatinib	Dasatinib_AML_076_02	191.25217	2.8
AML_077_01	Dasatinib	Dasatinib_AML_077_01	205.01848	2.6
AML_078_02	Dasatinib	Dasatinib_AML_078_02	180.84668	0.0
AML_084_01	Dasatinib	Dasatinib_AML_084_01	193.21593	8.7
AML_086_02	Dasatinib	Dasatinib_AML_086_02	207.87138	6.1
AML_098_01	Dasatinib	Dasatinib_AML_098_01	189.56259	0.0
AML_100_01	Dasatinib	Dasatinib_AML_100_01	185.2054	4.6
AML_101_01	Dasatinib	Dasatinib_AML_101_01	200.06844	13.9
AML_101_02	Dasatinib	Dasatinib_AML_101_02	208.49951	0.0
AML_102_01	Dasatinib	Dasatinib_AML_102_01	174.3098	0.0
AML_103_01	Dasatinib	Dasatinib_AML_103_01	183.4709	8.1
AML_103_02	Dasatinib	Dasatinib_AML_103_02	199.79065	2.9
AML_104_01	Dasatinib	Dasatinib_AML_104_01	182.85553	0.0
AML_108_01	Dasatinib	Dasatinib_AML_108_01	179.94736	7.3
AML_109_01	Dasatinib	Dasatinib_AML_109_01	201.92381	3.2
AML_110_01	Dasatinib	Dasatinib_AML_110_01	185.13098	6.8
AML_112_01	Dasatinib	Dasatinib_AML_112_01	177.47357	14.4
AML_112_02	Dasatinib	Dasatinib_AML_112_02	186.71286	8.3
AML_113_01	Dasatinib	Dasatinib_AML_113_01	196.25002	14.0
AML_114_01	Dasatinib	Dasatinib_AML_114_01	177.16884	2.4
AML_115_01	Dasatinib	Dasatinib_AML_115_01	185.27136	19.0
AML_116_01	Dasatinib	Dasatinib_AML_116_01	196.458	0.0
AML_117_01	Dasatinib	Dasatinib_AML_117_01	188.1267	0.0
AML_119_01	Dasatinib	Dasatinib_AML_119_01	174.5679	2.7
AML_120_01	Dasatinib	Dasatinib_AML_120_01	193.20212	35.0
AML_120_03	Dasatinib	Dasatinib_AML_120_03	198.43857	23.1
AML_122_01	Dasatinib	Dasatinib_AML_122_01	197.96713	0.0
AML_123_01	Dasatinib	Dasatinib_AML_123_01	198.23671	7.1
AML_124_01	Dasatinib	Dasatinib_AML_124_01	196.10556	5.4
AML_125_01	Dasatinib	Dasatinib_AML_125_01	203.4551	0.7
AML_126_01	Dasatinib	Dasatinib_AML_126_01	190.39258	6.8
AML_127_01	Dasatinib	Dasatinib_AML_127_01	191.35136	4.5
AML_128_01	Dasatinib	Dasatinib_AML_128_01	204.97792	3.0
AML_129_02	Dasatinib	Dasatinib_AML_129_02	193.63237	21.4
AML_129_03	Dasatinib	Dasatinib_AML_129_03	193.61938	8.5
AML_131_01	Dasatinib	Dasatinib_AML_131_01	194.97682	0.0
AML_133_01	Dasatinib	Dasatinib_AML_133_01	212.02948	0.5
AML_134_01	Dasatinib	Dasatinib_AML_134_01	207.85448	0.0
AML_135_01	Dasatinib	Dasatinib_AML_135_01	199.16302	9.9
AML_138_01	Dasatinib	Dasatinib_AML_138_01	203.11406	2.1
AML_139_01	Dasatinib	Dasatinib_AML_139_01	209.8291	8.9
AML_140_01	Dasatinib	Dasatinib_AML_140_01	188.98499	4.8
AML_142_01	Dasatinib	Dasatinib_AML_142_01	206.16489	1.5
AML_143_01	Dasatinib	Dasatinib_AML_143_01	197.13524	0.0
AML_144_01	Dasatinib	Dasatinib_AML_144_01	206.51521	0.0
AML_146_01	Dasatinib	Dasatinib_AML_146_01	202.19763	0.0
AML_147_01	Dasatinib	Dasatinib_AML_147_01	195.89555	8.5
AML_151_01	Dasatinib	Dasatinib_AML_151_01	186.60866	5.7
AML_152_01	Dasatinib	Dasatinib_AML_152_01	194.8329	2.0
AML_153_01	Dasatinib	Dasatinib_AML_153_01	199.64906	0.3
AML_156_01	Dasatinib	Dasatinib_AML_156_01	194.5576	5.0
AML_157_01	Dasatinib	Dasatinib_AML_157_01	201.99956	15.0
AML_157_02	Dasatinib	Dasatinib_AML_157_02	199.29045	15.4
AML_158_01	Dasatinib	Dasatinib_AML_158_01	202.37445	4.2
AML_159_01	Dasatinib	Dasatinib_AML_159_01	198.58202	8.2
AML_160_01	Dasatinib	Dasatinib_AML_160_01	186.16232	2.8
AML_161_01	Dasatinib	Dasatinib_AML_161_01	195.86157	5.9
AML_175_01	Dasatinib	Dasatinib_AML_175_01	190.07631	5.4
AML_179_01	Dasatinib	Dasatinib_AML_179_01	208.0588	2.7
AML_183_01	Dasatinib	Dasatinib_AML_183_01	199.06429	0.0
AML_183_02	Dasatinib	Dasatinib_AML_183_02	186.51881	2.7
AML_183_03	Dasatinib	Dasatinib_AML_183_03	186.74037	3.5
AML_184_01	Dasatinib	Dasatinib_AML_184_01	175.6145	17.0
AML_185_01	Dasatinib	Dasatinib_AML_185_01	216.11887	0.1
AML_001_01	Doramapimod	Doramapimod_AML_001_01	205.8743	0.2
AML_001_03	Doramapimod	Doramapimod_AML_001_03	194.1574	4.6
AML_002_01	Doramapimod	Doramapimod_AML_002_01	200.06969	4.4
AML_003_02	Doramapimod	Doramapimod_AML_003_02	203.11809	16.7
AML_004_01	Doramapimod	Doramapimod_AML_004_01	197.11041	9.3
AML_006_02	Doramapimod	Doramapimod_AML_006_02	199.13669	5.4
AML_007_01	Doramapimod	Doramapimod_AML_007_01	195.75732	0.0
AML_007_02	Doramapimod	Doramapimod_AML_007_02	200.33772	0.0
AML_012_01	Doramapimod	Doramapimod_AML_012_01	206.03522	4.6
AML_013_01	Doramapimod	Doramapimod_AML_013_01	207.84523	21.5
AML_014_01	Doramapimod	Doramapimod_AML_014_01	194.9055	0.7
AML_015_01	Doramapimod	Doramapimod_AML_015_01	203.15417	6.9
AML_015_02	Doramapimod	Doramapimod_AML_015_02	196.89061	0.1
AML_015_03	Doramapimod	Doramapimod_AML_015_03	201.75093	2.5
AML_015_04	Doramapimod	Doramapimod_AML_015_04	208.21042	7.3
AML_018_01	Doramapimod	Doramapimod_AML_018_01	193.84848	1.8
AML_019_01	Doramapimod	Doramapimod_AML_019_01	203.04172	5.0
AML_020_01	Doramapimod	Doramapimod_AML_020_01	213.97453	0.8
AML_022_01	Doramapimod	Doramapimod_AML_022_01	190.57257	0.0
AML_023_01	Doramapimod	Doramapimod_AML_023_01	191.01585	0.0
AML_023_03	Doramapimod	Doramapimod_AML_023_03	192.76802	0.0
AML_023_04	Doramapimod	Doramapimod_AML_023_04	197.06372	0.0
AML_024_01	Doramapimod	Doramapimod_AML_024_01	201.59908	0.0
AML_025_01	Doramapimod	Doramapimod_AML_025_01	204.0479	0.7
AML_026_01	Doramapimod	Doramapimod_AML_026_01	199.30489	0.0
AML_028_01	Doramapimod	Doramapimod_AML_028_01	194.76556	0.7
AML_028_04	Doramapimod	Doramapimod_AML_028_04	199.71106	4.0
AML_029_01	Doramapimod	Doramapimod_AML_029_01	196.84956	10.2
AML_030_01	Doramapimod	Doramapimod_AML_030_01	186.83304	2.9
AML_032_01	Doramapimod	Doramapimod_AML_032_01	207.13252	0.0
AML_033_01	Doramapimod	Doramapimod_AML_033_01	206.54427	3.4
AML_033_02	Doramapimod	Doramapimod_AML_033_02	207.47661	3.2
AML_035_02	Doramapimod	Doramapimod_AML_035_02	206.92232	0.0
AML_035_04	Doramapimod	Doramapimod_AML_035_04	212.52109	0.0
AML_036_01	Doramapimod	Doramapimod_AML_036_01	194.68376	0.0
AML_040_01	Doramapimod	Doramapimod_AML_040_01	189.95837	14.3
AML_041_01	Doramapimod	Doramapimod_AML_041_01	197.18971	0.0
AML_042_01	Doramapimod	Doramapimod_AML_042_01	200.4839	3.0
AML_043_02	Doramapimod	Doramapimod_AML_043_02	206.08543	3.6
AML_045_01	Doramapimod	Doramapimod_AML_045_01	199.08794	2.7
AML_046_01	Doramapimod	Doramapimod_AML_046_01	196.52058	9.8
AML_051_01	Doramapimod	Doramapimod_AML_051_01	194.34743	2.6
AML_052_01	Doramapimod	Doramapimod_AML_052_01	203.62581	4.5
AML_053_01	Doramapimod	Doramapimod_AML_053_01	203.86836	7.8
AML_054_01	Doramapimod	Doramapimod_AML_054_01	202.55228	18.5
AML_057_01	Doramapimod	Doramapimod_AML_057_01	197.89464	5.1
AML_058_01	Doramapimod	Doramapimod_AML_058_01	192.9461	7.5
AML_059_01	Doramapimod	Doramapimod_AML_059_01	191.4275	10.4
AML_060_01	Doramapimod	Doramapimod_AML_060_01	203.21872	7.6
AML_061_01	Doramapimod	Doramapimod_AML_061_01	196.07593	6.9
AML_062_01	Doramapimod	Doramapimod_AML_062_01	187.57845	3.6
AML_064_01	Doramapimod	Doramapimod_AML_064_01	203.82109	0.0
AML_065_01	Doramapimod	Doramapimod_AML_065_01	189.83334	3.9
AML_067_01	Doramapimod	Doramapimod_AML_067_01	188.07307	4.3
AML_070_01	Doramapimod	Doramapimod_AML_070_01	197.11674	3.4
AML_072_01	Doramapimod	Doramapimod_AML_072_01	201.66386	8.0
AML_073_01	Doramapimod	Doramapimod_AML_073_01	205.4569	3.5
AML_074_01	Doramapimod	Doramapimod_AML_074_01	195.79933	4.4
AML_075_01	Doramapimod	Doramapimod_AML_075_01	193.88156	5.6
AML_076_01	Doramapimod	Doramapimod_AML_076_01	198.8988	0.0
AML_076_02	Doramapimod	Doramapimod_AML_076_02	190.50677	5.4
AML_077_01	Doramapimod	Doramapimod_AML_077_01	203.14052	1.6
AML_078_02	Doramapimod	Doramapimod_AML_078_02	190.09842	0.4
AML_084_01	Doramapimod	Doramapimod_AML_084_01	194.81119	0.6
AML_086_02	Doramapimod	Doramapimod_AML_086_02	207.17595	6.7
AML_098_01	Doramapimod	Doramapimod_AML_098_01	194.27348	0.0
AML_100_01	Doramapimod	Doramapimod_AML_100_01	189.07867	2.2
AML_101_01	Doramapimod	Doramapimod_AML_101_01	200.37175	14.3
AML_101_02	Doramapimod	Doramapimod_AML_101_02	208.76067	9.1
AML_102_01	Doramapimod	Doramapimod_AML_102_01	184.99915	0.0
AML_103_01	Doramapimod	Doramapimod_AML_103_01	191.95293	0.0
AML_103_02	Doramapimod	Doramapimod_AML_103_02	199.8116	8.0
AML_104_01	Doramapimod	Doramapimod_AML_104_01	189.73022	0.8
AML_108_01	Doramapimod	Doramapimod_AML_108_01	181.8338	0.2
AML_109_01	Doramapimod	Doramapimod_AML_109_01	200.20322	1.1
AML_110_01	Doramapimod	Doramapimod_AML_110_01	186.23035	2.2
AML_112_01	Doramapimod	Doramapimod_AML_112_01	182.64139	0.0
AML_112_02	Doramapimod	Doramapimod_AML_112_02	192.73795	0.0
AML_113_01	Doramapimod	Doramapimod_AML_113_01	194.96526	1.4
AML_114_01	Doramapimod	Doramapimod_AML_114_01	185.0798	0.0
AML_115_01	Doramapimod	Doramapimod_AML_115_01	183.43929	4.0
AML_116_01	Doramapimod	Doramapimod_AML_116_01	194.93318	0.7
AML_117_01	Doramapimod	Doramapimod_AML_117_01	191.77673	4.3
AML_119_01	Doramapimod	Doramapimod_AML_119_01	187.96858	5.4
AML_120_01	Doramapimod	Doramapimod_AML_120_01	197.23022	0.0
AML_120_03	Doramapimod	Doramapimod_AML_120_03	200.35696	0.0
AML_122_01	Doramapimod	Doramapimod_AML_122_01	206.0762	0.0
AML_123_01	Doramapimod	Doramapimod_AML_123_01	196.848	1.1
AML_124_01	Doramapimod	Doramapimod_AML_124_01	195.06415	0.5
AML_125_01	Doramapimod	Doramapimod_AML_125_01	196.49509	15.5
AML_126_01	Doramapimod	Doramapimod_AML_126_01	195.01843	10.8
AML_127_01	Doramapimod	Doramapimod_AML_127_01	194.16917	1.3
AML_128_01	Doramapimod	Doramapimod_AML_128_01	201.91951	7.7
AML_129_02	Doramapimod	Doramapimod_AML_129_02	191.48628	9.2
AML_129_03	Doramapimod	Doramapimod_AML_129_03	193.60583	7.2
AML_131_01	Doramapimod	Doramapimod_AML_131_01	196.73582	0.0
AML_133_01	Doramapimod	Doramapimod_AML_133_01	210.10988	17.4
AML_134_01	Doramapimod	Doramapimod_AML_134_01	206.3041	3.4
AML_135_01	Doramapimod	Doramapimod_AML_135_01	199.86153	4.3
AML_138_01	Doramapimod	Doramapimod_AML_138_01	206.48448	0.0
AML_139_01	Doramapimod	Doramapimod_AML_139_01	207.17047	6.1
AML_140_01	Doramapimod	Doramapimod_AML_140_01	185.98701	0.0
AML_142_01	Doramapimod	Doramapimod_AML_142_01	204.60887	19.7
AML_143_01	Doramapimod	Doramapimod_AML_143_01	192.30469	4.8
AML_144_01	Doramapimod	Doramapimod_AML_144_01	207.08585	9.6
AML_146_01	Doramapimod	Doramapimod_AML_146_01	197.39674	2.7
AML_147_01	Doramapimod	Doramapimod_AML_147_01	193.31248	1.9
AML_151_01	Doramapimod	Doramapimod_AML_151_01	190.21486	16.7
AML_152_01	Doramapimod	Doramapimod_AML_152_01	193.53658	4.1
AML_153_01	Doramapimod	Doramapimod_AML_153_01	202.7381	1.7
AML_156_01	Doramapimod	Doramapimod_AML_156_01	195.6867	13.9
AML_157_01	Doramapimod	Doramapimod_AML_157_01	200.10588	0.0
AML_157_02	Doramapimod	Doramapimod_AML_157_02	198.02286	7.9
AML_158_01	Doramapimod	Doramapimod_AML_158_01	200.78252	1.3
AML_159_01	Doramapimod	Doramapimod_AML_159_01	195.5633	5.1
AML_160_01	Doramapimod	Doramapimod_AML_160_01	190.18922	1.7
AML_161_01	Doramapimod	Doramapimod_AML_161_01	196.8416	7.2
AML_175_01	Doramapimod	Doramapimod_AML_175_01	193.95177	4.7
AML_179_01	Doramapimod	Doramapimod_AML_179_01	204.06668	0.0
AML_183_01	Doramapimod	Doramapimod_AML_183_01	196.0926	0.0
AML_183_02	Doramapimod	Doramapimod_AML_183_02	189.84116	1.6
AML_183_03	Doramapimod	Doramapimod_AML_183_03	190.43854	0.0
AML_184_01	Doramapimod	Doramapimod_AML_184_01	187.04279	9.6
AML_185_01	Doramapimod	Doramapimod_AML_185_01	210.00879	3.7
AML_001_01	Dovitinib	Dovitinib_AML_001_01	183.80295	0.0
AML_001_03	Dovitinib	Dovitinib_AML_001_03	179.19272	0.5
AML_002_01	Dovitinib	Dovitinib_AML_002_01	177.18799	0.2
AML_003_02	Dovitinib	Dovitinib_AML_003_02	174.00336	7.5
AML_004_01	Dovitinib	Dovitinib_AML_004_01	183.23946	3.2
AML_006_02	Dovitinib	Dovitinib_AML_006_02	188.37978	0.1
AML_007_01	Dovitinib	Dovitinib_AML_007_01	184.80899	0.0
AML_007_02	Dovitinib	Dovitinib_AML_007_02	186.76637	0.0
AML_012_01	Dovitinib	Dovitinib_AML_012_01	170.34264	7.0
AML_013_01	Dovitinib	Dovitinib_AML_013_01	172.80038	11.1
AML_014_01	Dovitinib	Dovitinib_AML_014_01	172.41231	0.0
AML_015_01	Dovitinib	Dovitinib_AML_015_01	168.3254	6.1
AML_015_02	Dovitinib	Dovitinib_AML_015_02	185.7471	3.6
AML_015_03	Dovitinib	Dovitinib_AML_015_03	175.32047	8.1
AML_015_04	Dovitinib	Dovitinib_AML_015_04	168.82878	9.5
AML_018_01	Dovitinib	Dovitinib_AML_018_01	167.88402	10.4
AML_019_01	Dovitinib	Dovitinib_AML_019_01	175.87915	0.7
AML_020_01	Dovitinib	Dovitinib_AML_020_01	178.88094	3.0
AML_022_01	Dovitinib	Dovitinib_AML_022_01	173.60562	0.0
AML_023_01	Dovitinib	Dovitinib_AML_023_01	181.07494	0.0
AML_023_03	Dovitinib	Dovitinib_AML_023_03	176.05194	0.0
AML_023_04	Dovitinib	Dovitinib_AML_023_04	183.00464	1.9
AML_024_01	Dovitinib	Dovitinib_AML_024_01	168.80513	2.3
AML_025_01	Dovitinib	Dovitinib_AML_025_01	186.81459	0.4
AML_026_01	Dovitinib	Dovitinib_AML_026_01	186.03242	1.3
AML_028_01	Dovitinib	Dovitinib_AML_028_01	165.43144	9.0
AML_028_04	Dovitinib	Dovitinib_AML_028_04	163.84325	12.8
AML_029_01	Dovitinib	Dovitinib_AML_029_01	183.40302	0.9
AML_030_01	Dovitinib	Dovitinib_AML_030_01	171.49525	0.4
AML_032_01	Dovitinib	Dovitinib_AML_032_01	176.29745	0.0
AML_033_01	Dovitinib	Dovitinib_AML_033_01	171.77783	3.4
AML_033_02	Dovitinib	Dovitinib_AML_033_02	162.80054	2.8
AML_035_02	Dovitinib	Dovitinib_AML_035_02	182.97308	0.0
AML_035_04	Dovitinib	Dovitinib_AML_035_04	180.07219	0.2
AML_036_01	Dovitinib	Dovitinib_AML_036_01	179.27379	2.6
AML_040_01	Dovitinib	Dovitinib_AML_040_01	174.59953	2.5
AML_041_01	Dovitinib	Dovitinib_AML_041_01	184.84023	1.0
AML_042_01	Dovitinib	Dovitinib_AML_042_01	188.89531	0.4
AML_043_02	Dovitinib	Dovitinib_AML_043_02	164.66795	0.9
AML_045_01	Dovitinib	Dovitinib_AML_045_01	185.45195	0.0
AML_046_01	Dovitinib	Dovitinib_AML_046_01	165.60982	16.9
AML_051_01	Dovitinib	Dovitinib_AML_051_01	162.91779	1.1
AML_052_01	Dovitinib	Dovitinib_AML_052_01	182.82819	0.0
AML_053_01	Dovitinib	Dovitinib_AML_053_01	188.80418	3.8
AML_054_01	Dovitinib	Dovitinib_AML_054_01	168.49605	3.9
AML_057_01	Dovitinib	Dovitinib_AML_057_01	182.54272	0.2
AML_058_01	Dovitinib	Dovitinib_AML_058_01	169.74634	4.5
AML_059_01	Dovitinib	Dovitinib_AML_059_01	166.67715	4.1
AML_060_01	Dovitinib	Dovitinib_AML_060_01	175.47787	2.3
AML_061_01	Dovitinib	Dovitinib_AML_061_01	175.04634	2.9
AML_062_01	Dovitinib	Dovitinib_AML_062_01	168.48451	6.0
AML_064_01	Dovitinib	Dovitinib_AML_064_01	186.29291	0.0
AML_065_01	Dovitinib	Dovitinib_AML_065_01	170.58583	3.6
AML_067_01	Dovitinib	Dovitinib_AML_067_01	175.97212	2.8
AML_070_01	Dovitinib	Dovitinib_AML_070_01	187.31052	0.0
AML_072_01	Dovitinib	Dovitinib_AML_072_01	184.00267	0.2
AML_073_01	Dovitinib	Dovitinib_AML_073_01	178.29454	0.0
AML_074_01	Dovitinib	Dovitinib_AML_074_01	187.41608	0.0
AML_075_01	Dovitinib	Dovitinib_AML_075_01	181.21681	0.0
AML_076_01	Dovitinib	Dovitinib_AML_076_01	182.63731	0.0
AML_076_02	Dovitinib	Dovitinib_AML_076_02	167.89893	2.2
AML_077_01	Dovitinib	Dovitinib_AML_077_01	180.85425	0.3
AML_078_02	Dovitinib	Dovitinib_AML_078_02	176.20337	0.0
AML_084_01	Dovitinib	Dovitinib_AML_084_01	172.08725	4.6
AML_086_02	Dovitinib	Dovitinib_AML_086_02	177.46996	0.2
AML_098_01	Dovitinib	Dovitinib_AML_098_01	181.792	0.0
AML_100_01	Dovitinib	Dovitinib_AML_100_01	175.2462	0.6
AML_101_01	Dovitinib	Dovitinib_AML_101_01	178.0627	5.8
AML_101_02	Dovitinib	Dovitinib_AML_101_02	186.46004	3.0
AML_102_01	Dovitinib	Dovitinib_AML_102_01	173.95903	0.0
AML_103_01	Dovitinib	Dovitinib_AML_103_01	176.15105	0.0
AML_103_02	Dovitinib	Dovitinib_AML_103_02	162.70459	2.6
AML_104_01	Dovitinib	Dovitinib_AML_104_01	176.55719	0.0
AML_108_01	Dovitinib	Dovitinib_AML_108_01	163.78484	0.3
AML_109_01	Dovitinib	Dovitinib_AML_109_01	173.30345	2.0
AML_110_01	Dovitinib	Dovitinib_AML_110_01	168.55531	0.7
AML_112_01	Dovitinib	Dovitinib_AML_112_01	170.0646	1.3
AML_112_02	Dovitinib	Dovitinib_AML_112_02	179.86668	0.0
AML_113_01	Dovitinib	Dovitinib_AML_113_01	167.65863	1.3
AML_114_01	Dovitinib	Dovitinib_AML_114_01	168.52475	0.5
AML_115_01	Dovitinib	Dovitinib_AML_115_01	162.82993	0.4
AML_116_01	Dovitinib	Dovitinib_AML_116_01	184.62135	0.8
AML_117_01	Dovitinib	Dovitinib_AML_117_01	179.9726	0.0
AML_119_01	Dovitinib	Dovitinib_AML_119_01	174.87213	0.0
AML_120_01	Dovitinib	Dovitinib_AML_120_01	178.21622	2.6
AML_120_03	Dovitinib	Dovitinib_AML_120_03	179.70175	4.6
AML_122_01	Dovitinib	Dovitinib_AML_122_01	191.4437	0.0
AML_123_01	Dovitinib	Dovitinib_AML_123_01	183.6917	0.9
AML_124_01	Dovitinib	Dovitinib_AML_124_01	177.91867	1.5
AML_125_01	Dovitinib	Dovitinib_AML_125_01	177.43153	0.0
AML_126_01	Dovitinib	Dovitinib_AML_126_01	183.0057	2.7
AML_127_01	Dovitinib	Dovitinib_AML_127_01	176.991	0.0
AML_128_01	Dovitinib	Dovitinib_AML_128_01	183.25037	0.3
AML_129_02	Dovitinib	Dovitinib_AML_129_02	170.0229	5.0
AML_129_03	Dovitinib	Dovitinib_AML_129_03	169.00436	2.8
AML_131_01	Dovitinib	Dovitinib_AML_131_01	185.05377	0.0
AML_133_01	Dovitinib	Dovitinib_AML_133_01	178.42636	1.2
AML_134_01	Dovitinib	Dovitinib_AML_134_01	178.40735	1.8
AML_135_01	Dovitinib	Dovitinib_AML_135_01	179.15561	1.7
AML_138_01	Dovitinib	Dovitinib_AML_138_01	179.92569	3.4
AML_139_01	Dovitinib	Dovitinib_AML_139_01	183.49146	4.5
AML_140_01	Dovitinib	Dovitinib_AML_140_01	177.74466	0.6
AML_142_01	Dovitinib	Dovitinib_AML_142_01	164.82373	4.6
AML_143_01	Dovitinib	Dovitinib_AML_143_01	177.81061	0.0
AML_144_01	Dovitinib	Dovitinib_AML_144_01	185.03299	0.7
AML_146_01	Dovitinib	Dovitinib_AML_146_01	186.70917	0.0
AML_147_01	Dovitinib	Dovitinib_AML_147_01	181.58667	1.1
AML_151_01	Dovitinib	Dovitinib_AML_151_01	167.43533	1.7
AML_152_01	Dovitinib	Dovitinib_AML_152_01	171.7961	0.5
AML_153_01	Dovitinib	Dovitinib_AML_153_01	170.71832	0.0
AML_156_01	Dovitinib	Dovitinib_AML_156_01	172.51593	0.0
AML_157_01	Dovitinib	Dovitinib_AML_157_01	180.0858	2.1
AML_157_02	Dovitinib	Dovitinib_AML_157_02	179.0755	3.4
AML_158_01	Dovitinib	Dovitinib_AML_158_01	183.08517	0.8
AML_159_01	Dovitinib	Dovitinib_AML_159_01	178.74435	1.4
AML_160_01	Dovitinib	Dovitinib_AML_160_01	166.73383	1.2
AML_161_01	Dovitinib	Dovitinib_AML_161_01	162.5419	0.0
AML_175_01	Dovitinib	Dovitinib_AML_175_01	183.29178	1.1
AML_179_01	Dovitinib	Dovitinib_AML_179_01	177.0828	5.1
AML_183_01	Dovitinib	Dovitinib_AML_183_01	186.13734	0.0
AML_183_02	Dovitinib	Dovitinib_AML_183_02	183.23753	0.0
AML_183_03	Dovitinib	Dovitinib_AML_183_03	172.53296	2.3
AML_184_01	Dovitinib	Dovitinib_AML_184_01	179.97998	0.5
AML_185_01	Dovitinib	Dovitinib_AML_185_01	185.81659	0.8
AML_019_01	Entospletinib	Entospletinib_AML_019_01	211.4389	0.0
AML_025_01	Entospletinib	Entospletinib_AML_025_01	213.74341	0.1
AML_026_01	Entospletinib	Entospletinib_AML_026_01	212.5226	0.0
AML_029_01	Entospletinib	Entospletinib_AML_029_01	207.62598	0.0
AML_030_01	Entospletinib	Entospletinib_AML_030_01	201.72699	0.0
AML_033_01	Entospletinib	Entospletinib_AML_033_01	211.6156	3.6
AML_033_02	Entospletinib	Entospletinib_AML_033_02	208.52403	2.3
AML_043_02	Entospletinib	Entospletinib_AML_043_02	207.89163	0.0
AML_052_01	Entospletinib	Entospletinib_AML_052_01	212.54784	0.0
AML_070_01	Entospletinib	Entospletinib_AML_070_01	208.59583	0.0
AML_074_01	Entospletinib	Entospletinib_AML_074_01	208.24493	0.0
AML_076_02	Entospletinib	Entospletinib_AML_076_02	205.2402	0.0
AML_078_02	Entospletinib	Entospletinib_AML_078_02	203.5955	0.0
AML_086_02	Entospletinib	Entospletinib_AML_086_02	212.87184	0.0
AML_098_01	Entospletinib	Entospletinib_AML_098_01	207.01352	0.0
AML_100_01	Entospletinib	Entospletinib_AML_100_01	205.40775	0.0
AML_101_01	Entospletinib	Entospletinib_AML_101_01	208.5966	4.6
AML_101_02	Entospletinib	Entospletinib_AML_101_02	217.38358	0.7
AML_102_01	Entospletinib	Entospletinib_AML_102_01	200.74287	0.0
AML_103_01	Entospletinib	Entospletinib_AML_103_01	203.64313	0.0
AML_103_02	Entospletinib	Entospletinib_AML_103_02	207.46988	0.0
AML_104_01	Entospletinib	Entospletinib_AML_104_01	206.00815	0.0
AML_108_01	Entospletinib	Entospletinib_AML_108_01	200.22665	1.3
AML_109_01	Entospletinib	Entospletinib_AML_109_01	210.19162	0.0
AML_110_01	Entospletinib	Entospletinib_AML_110_01	202.76219	1.6
AML_112_01	Entospletinib	Entospletinib_AML_112_01	197.81358	0.5
AML_112_02	Entospletinib	Entospletinib_AML_112_02	206.63235	0.0
AML_113_01	Entospletinib	Entospletinib_AML_113_01	208.34569	5.5
AML_114_01	Entospletinib	Entospletinib_AML_114_01	200.90834	0.0
AML_115_01	Entospletinib	Entospletinib_AML_115_01	202.07848	0.0
AML_116_01	Entospletinib	Entospletinib_AML_116_01	209.70772	1.8
AML_117_01	Entospletinib	Entospletinib_AML_117_01	202.92906	0.0
AML_119_01	Entospletinib	Entospletinib_AML_119_01	199.73373	0.2
AML_122_01	Entospletinib	Entospletinib_AML_122_01	215.92482	0.0
AML_123_01	Entospletinib	Entospletinib_AML_123_01	210.66553	0.0
AML_124_01	Entospletinib	Entospletinib_AML_124_01	209.59596	0.0
AML_125_01	Entospletinib	Entospletinib_AML_125_01	210.06517	0.0
AML_126_01	Entospletinib	Entospletinib_AML_126_01	204.35417	5.6
AML_127_01	Entospletinib	Entospletinib_AML_127_01	210.25238	0.0
AML_128_01	Entospletinib	Entospletinib_AML_128_01	211.29604	0.0
AML_131_01	Entospletinib	Entospletinib_AML_131_01	212.72305	0.0
AML_133_01	Entospletinib	Entospletinib_AML_133_01	213.62766	0.0
AML_134_01	Entospletinib	Entospletinib_AML_134_01	215.75314	0.0
AML_135_01	Entospletinib	Entospletinib_AML_135_01	211.0959	0.5
AML_138_01	Entospletinib	Entospletinib_AML_138_01	212.59242	0.0
AML_139_01	Entospletinib	Entospletinib_AML_139_01	222.28067	0.0
AML_140_01	Entospletinib	Entospletinib_AML_140_01	204.5013	0.0
AML_142_01	Entospletinib	Entospletinib_AML_142_01	208.38745	0.0
AML_143_01	Entospletinib	Entospletinib_AML_143_01	205.54417	0.0
AML_144_01	Entospletinib	Entospletinib_AML_144_01	217.6515	0.0
AML_146_01	Entospletinib	Entospletinib_AML_146_01	209.75452	0.0
AML_147_01	Entospletinib	Entospletinib_AML_147_01	208.77081	0.0
AML_151_01	Entospletinib	Entospletinib_AML_151_01	206.1808	0.0
AML_152_01	Entospletinib	Entospletinib_AML_152_01	209.32442	0.0
AML_153_01	Entospletinib	Entospletinib_AML_153_01	206.14032	0.0
AML_156_01	Entospletinib	Entospletinib_AML_156_01	208.69458	3.5
AML_157_01	Entospletinib	Entospletinib_AML_157_01	213.95566	0.0
AML_157_02	Entospletinib	Entospletinib_AML_157_02	212.0322	0.0
AML_158_01	Entospletinib	Entospletinib_AML_158_01	214.90475	0.0
AML_159_01	Entospletinib	Entospletinib_AML_159_01	210.16844	0.0
AML_160_01	Entospletinib	Entospletinib_AML_160_01	206.44073	0.0
AML_161_01	Entospletinib	Entospletinib_AML_161_01	203.3155	3.5
AML_183_02	Entospletinib	Entospletinib_AML_183_02	203.73007	0.5
AML_183_03	Entospletinib	Entospletinib_AML_183_03	206.95276	0.0
AML_001_01	Erlotinib	Erlotinib_AML_001_01	219.89749	0.0
AML_001_03	Erlotinib	Erlotinib_AML_001_03	224.06374	3.7
AML_002_01	Erlotinib	Erlotinib_AML_002_01	215.20222	1.7
AML_003_02	Erlotinib	Erlotinib_AML_003_02	212.90163	1.9
AML_004_01	Erlotinib	Erlotinib_AML_004_01	220.9908	3.9
AML_006_02	Erlotinib	Erlotinib_AML_006_02	227.44592	0.8
AML_007_01	Erlotinib	Erlotinib_AML_007_01	228.35683	2.9
AML_007_02	Erlotinib	Erlotinib_AML_007_02	231.50516	2.9
AML_012_01	Erlotinib	Erlotinib_AML_012_01	208.9961	6.8
AML_013_01	Erlotinib	Erlotinib_AML_013_01	217.08527	7.4
AML_014_01	Erlotinib	Erlotinib_AML_014_01	217.48912	0.3
AML_015_01	Erlotinib	Erlotinib_AML_015_01	219.79936	4.6
AML_015_02	Erlotinib	Erlotinib_AML_015_02	224.51993	2.6
AML_015_03	Erlotinib	Erlotinib_AML_015_03	222.58173	4.1
AML_015_04	Erlotinib	Erlotinib_AML_015_04	218.92693	7.4
AML_018_01	Erlotinib	Erlotinib_AML_018_01	209.46597	4.8
AML_019_01	Erlotinib	Erlotinib_AML_019_01	214.60677	5.5
AML_020_01	Erlotinib	Erlotinib_AML_020_01	219.54277	0.8
AML_022_01	Erlotinib	Erlotinib_AML_022_01	217.94156	0.0
AML_023_01	Erlotinib	Erlotinib_AML_023_01	222.66309	1.7
AML_023_03	Erlotinib	Erlotinib_AML_023_03	219.78464	0.9
AML_023_04	Erlotinib	Erlotinib_AML_023_04	218.90385	1.1
AML_024_01	Erlotinib	Erlotinib_AML_024_01	217.36505	4.1
AML_025_01	Erlotinib	Erlotinib_AML_025_01	222.23788	3.6
AML_026_01	Erlotinib	Erlotinib_AML_026_01	228.87378	0.0
AML_028_01	Erlotinib	Erlotinib_AML_028_01	212.82684	1.7
AML_028_04	Erlotinib	Erlotinib_AML_028_04	203.42722	7.2
AML_029_01	Erlotinib	Erlotinib_AML_029_01	224.48001	4.1
AML_030_01	Erlotinib	Erlotinib_AML_030_01	219.80374	2.1
AML_032_01	Erlotinib	Erlotinib_AML_032_01	217.50122	1.6
AML_033_01	Erlotinib	Erlotinib_AML_033_01	218.36337	6.4
AML_033_02	Erlotinib	Erlotinib_AML_033_02	207.40584	5.5
AML_035_02	Erlotinib	Erlotinib_AML_035_02	223.93445	0.0
AML_035_04	Erlotinib	Erlotinib_AML_035_04	217.89127	0.1
AML_036_01	Erlotinib	Erlotinib_AML_036_01	223.49937	1.0
AML_040_01	Erlotinib	Erlotinib_AML_040_01	222.15631	4.8
AML_041_01	Erlotinib	Erlotinib_AML_041_01	226.42484	2.5
AML_042_01	Erlotinib	Erlotinib_AML_042_01	226.71645	3.7
AML_043_02	Erlotinib	Erlotinib_AML_043_02	208.37637	1.9
AML_045_01	Erlotinib	Erlotinib_AML_045_01	218.54799	0.4
AML_046_01	Erlotinib	Erlotinib_AML_046_01	211.28145	11.1
AML_051_01	Erlotinib	Erlotinib_AML_051_01	213.81609	1.1
AML_052_01	Erlotinib	Erlotinib_AML_052_01	224.26569	3.6
AML_053_01	Erlotinib	Erlotinib_AML_053_01	225.799	0.5
AML_054_01	Erlotinib	Erlotinib_AML_054_01	210.97475	5.2
AML_057_01	Erlotinib	Erlotinib_AML_057_01	225.46187	3.8
AML_058_01	Erlotinib	Erlotinib_AML_058_01	215.10886	3.5
AML_059_01	Erlotinib	Erlotinib_AML_059_01	219.28818	6.4
AML_060_01	Erlotinib	Erlotinib_AML_060_01	215.88531	3.8
AML_061_01	Erlotinib	Erlotinib_AML_061_01	219.31825	2.8
AML_062_01	Erlotinib	Erlotinib_AML_062_01	220.11237	5.4
AML_064_01	Erlotinib	Erlotinib_AML_064_01	229.09	1.0
AML_065_01	Erlotinib	Erlotinib_AML_065_01	218.85306	3.6
AML_067_01	Erlotinib	Erlotinib_AML_067_01	224.03525	4.1
AML_070_01	Erlotinib	Erlotinib_AML_070_01	226.82909	2.8
AML_072_01	Erlotinib	Erlotinib_AML_072_01	222.03868	0.7
AML_073_01	Erlotinib	Erlotinib_AML_073_01	219.64613	7.0
AML_074_01	Erlotinib	Erlotinib_AML_074_01	228.59445	2.5
AML_075_01	Erlotinib	Erlotinib_AML_075_01	225.05069	0.6
AML_076_01	Erlotinib	Erlotinib_AML_076_01	222.71312	3.2
AML_076_02	Erlotinib	Erlotinib_AML_076_02	212.08334	8.0
AML_077_01	Erlotinib	Erlotinib_AML_077_01	224.0285	4.4
AML_078_02	Erlotinib	Erlotinib_AML_078_02	222.77124	2.5
AML_084_01	Erlotinib	Erlotinib_AML_084_01	212.14711	7.0
AML_086_02	Erlotinib	Erlotinib_AML_086_02	219.10423	6.8
AML_098_01	Erlotinib	Erlotinib_AML_098_01	223.11519	0.0
AML_100_01	Erlotinib	Erlotinib_AML_100_01	223.47424	3.1
AML_101_01	Erlotinib	Erlotinib_AML_101_01	210.4048	3.8
AML_101_02	Erlotinib	Erlotinib_AML_101_02	218.96964	2.4
AML_102_01	Erlotinib	Erlotinib_AML_102_01	220.19623	4.2
AML_103_01	Erlotinib	Erlotinib_AML_103_01	216.56262	3.7
AML_103_02	Erlotinib	Erlotinib_AML_103_02	205.73311	6.7
AML_104_01	Erlotinib	Erlotinib_AML_104_01	225.90092	4.7
AML_108_01	Erlotinib	Erlotinib_AML_108_01	218.53601	6.2
AML_109_01	Erlotinib	Erlotinib_AML_109_01	210.89044	4.2
AML_110_01	Erlotinib	Erlotinib_AML_110_01	219.28122	7.2
AML_112_01	Erlotinib	Erlotinib_AML_112_01	218.41223	4.8
AML_112_02	Erlotinib	Erlotinib_AML_112_02	221.95352	2.8
AML_113_01	Erlotinib	Erlotinib_AML_113_01	213.0296	5.0
AML_114_01	Erlotinib	Erlotinib_AML_114_01	217.66893	4.0
AML_115_01	Erlotinib	Erlotinib_AML_115_01	216.02615	5.2
AML_116_01	Erlotinib	Erlotinib_AML_116_01	224.88206	2.0
AML_117_01	Erlotinib	Erlotinib_AML_117_01	221.64662	4.4
AML_119_01	Erlotinib	Erlotinib_AML_119_01	220.0642	2.8
AML_120_01	Erlotinib	Erlotinib_AML_120_01	220.48941	0.9
AML_120_03	Erlotinib	Erlotinib_AML_120_03	222.7214	4.8
AML_122_01	Erlotinib	Erlotinib_AML_122_01	230.20363	1.9
AML_123_01	Erlotinib	Erlotinib_AML_123_01	228.6341	3.7
AML_124_01	Erlotinib	Erlotinib_AML_124_01	222.10005	5.7
AML_125_01	Erlotinib	Erlotinib_AML_125_01	219.31552	24.8
AML_126_01	Erlotinib	Erlotinib_AML_126_01	219.63007	3.2
AML_127_01	Erlotinib	Erlotinib_AML_127_01	222.47734	3.6
AML_128_01	Erlotinib	Erlotinib_AML_128_01	223.45618	4.9
AML_129_02	Erlotinib	Erlotinib_AML_129_02	221.54997	5.2
AML_129_03	Erlotinib	Erlotinib_AML_129_03	217.6627	5.5
AML_131_01	Erlotinib	Erlotinib_AML_131_01	226.82214	1.9
AML_133_01	Erlotinib	Erlotinib_AML_133_01	211.7181	1.3
AML_134_01	Erlotinib	Erlotinib_AML_134_01	213.46353	6.1
AML_135_01	Erlotinib	Erlotinib_AML_135_01	219.72124	6.2
AML_138_01	Erlotinib	Erlotinib_AML_138_01	216.38452	6.9
AML_139_01	Erlotinib	Erlotinib_AML_139_01	227.69452	2.3
AML_140_01	Erlotinib	Erlotinib_AML_140_01	223.01102	4.3
AML_142_01	Erlotinib	Erlotinib_AML_142_01	208.06296	5.8
AML_143_01	Erlotinib	Erlotinib_AML_143_01	220.42052	3.4
AML_144_01	Erlotinib	Erlotinib_AML_144_01	223.94128	4.2
AML_146_01	Erlotinib	Erlotinib_AML_146_01	223.5341	1.3
AML_147_01	Erlotinib	Erlotinib_AML_147_01	224.68698	1.7
AML_151_01	Erlotinib	Erlotinib_AML_151_01	218.42355	5.3
AML_152_01	Erlotinib	Erlotinib_AML_152_01	217.62529	2.3
AML_153_01	Erlotinib	Erlotinib_AML_153_01	205.40291	2.2
AML_156_01	Erlotinib	Erlotinib_AML_156_01	214.49846	1.6
AML_157_01	Erlotinib	Erlotinib_AML_157_01	224.56403	1.8
AML_157_02	Erlotinib	Erlotinib_AML_157_02	226.0108	2.4
AML_158_01	Erlotinib	Erlotinib_AML_158_01	225.71135	2.7
AML_159_01	Erlotinib	Erlotinib_AML_159_01	221.23398	5.9
AML_160_01	Erlotinib	Erlotinib_AML_160_01	218.0885	2.1
AML_161_01	Erlotinib	Erlotinib_AML_161_01	206.59065	1.8
AML_175_01	Erlotinib	Erlotinib_AML_175_01	225.2543	0.2
AML_179_01	Erlotinib	Erlotinib_AML_179_01	217.77876	1.7
AML_183_01	Erlotinib	Erlotinib_AML_183_01	228.9368	3.5
AML_183_02	Erlotinib	Erlotinib_AML_183_02	226.61496	2.0
AML_183_03	Erlotinib	Erlotinib_AML_183_03	220.96924	2.3
AML_184_01	Erlotinib	Erlotinib_AML_184_01	223.89801	1.5
AML_185_01	Erlotinib	Erlotinib_AML_185_01	223.30101	0.0
AML_001_01	Foretinib	Foretinib_AML_001_01	174.03683	2.6
AML_001_03	Foretinib	Foretinib_AML_001_03	163.64056	2.7
AML_002_01	Foretinib	Foretinib_AML_002_01	171.80545	8.4
AML_003_02	Foretinib	Foretinib_AML_003_02	176.59343	1.0
AML_004_01	Foretinib	Foretinib_AML_004_01	165.55963	4.7
AML_006_02	Foretinib	Foretinib_AML_006_02	169.38588	3.8
AML_007_01	Foretinib	Foretinib_AML_007_01	161.30336	2.5
AML_007_02	Foretinib	Foretinib_AML_007_02	169.72746	2.7
AML_012_01	Foretinib	Foretinib_AML_012_01	168.55443	24.9
AML_013_01	Foretinib	Foretinib_AML_013_01	164.62306	26.5
AML_014_01	Foretinib	Foretinib_AML_014_01	160.52856	7.0
AML_015_01	Foretinib	Foretinib_AML_015_01	160.6281	21.7
AML_015_02	Foretinib	Foretinib_AML_015_02	166.741	16.6
AML_015_03	Foretinib	Foretinib_AML_015_03	165.63329	23.2
AML_015_04	Foretinib	Foretinib_AML_015_04	166.41872	31.2
AML_018_01	Foretinib	Foretinib_AML_018_01	161.4062	25.1
AML_019_01	Foretinib	Foretinib_AML_019_01	171.78539	3.0
AML_020_01	Foretinib	Foretinib_AML_020_01	178.13455	1.5
AML_022_01	Foretinib	Foretinib_AML_022_01	153.83057	12.7
AML_023_01	Foretinib	Foretinib_AML_023_01	156.15828	19.0
AML_023_03	Foretinib	Foretinib_AML_023_03	156.99936	15.0
AML_023_04	Foretinib	Foretinib_AML_023_04	168.66246	10.1
AML_024_01	Foretinib	Foretinib_AML_024_01	160.8213	4.2
AML_025_01	Foretinib	Foretinib_AML_025_01	177.84145	2.3
AML_026_01	Foretinib	Foretinib_AML_026_01	167.22441	1.4
AML_028_01	Foretinib	Foretinib_AML_028_01	154.19183	12.3
AML_028_04	Foretinib	Foretinib_AML_028_04	162.96664	28.0
AML_029_01	Foretinib	Foretinib_AML_029_01	161.04027	0.8
AML_030_01	Foretinib	Foretinib_AML_030_01	148.15547	0.5
AML_032_01	Foretinib	Foretinib_AML_032_01	169.86453	2.6
AML_033_01	Foretinib	Foretinib_AML_033_01	164.2725	7.3
AML_033_02	Foretinib	Foretinib_AML_033_02	166.74895	7.2
AML_035_02	Foretinib	Foretinib_AML_035_02	180.46553	2.0
AML_035_04	Foretinib	Foretinib_AML_035_04	184.90991	0.0
AML_036_01	Foretinib	Foretinib_AML_036_01	162.081	3.0
AML_040_01	Foretinib	Foretinib_AML_040_01	156.27054	13.3
AML_041_01	Foretinib	Foretinib_AML_041_01	164.29524	5.7
AML_042_01	Foretinib	Foretinib_AML_042_01	170.13705	5.4
AML_043_02	Foretinib	Foretinib_AML_043_02	170.53271	3.2
AML_045_01	Foretinib	Foretinib_AML_045_01	171.97653	0.0
AML_046_01	Foretinib	Foretinib_AML_046_01	150.92137	37.3
AML_051_01	Foretinib	Foretinib_AML_051_01	147.78711	5.5
AML_052_01	Foretinib	Foretinib_AML_052_01	167.66187	3.0
AML_053_01	Foretinib	Foretinib_AML_053_01	175.2778	5.5
AML_054_01	Foretinib	Foretinib_AML_054_01	163.7072	12.4
AML_057_01	Foretinib	Foretinib_AML_057_01	166.80717	8.5
AML_058_01	Foretinib	Foretinib_AML_058_01	156.76334	7.3
AML_059_01	Foretinib	Foretinib_AML_059_01	155.67853	6.2
AML_060_01	Foretinib	Foretinib_AML_060_01	168.36777	2.5
AML_061_01	Foretinib	Foretinib_AML_061_01	159.70863	7.8
AML_062_01	Foretinib	Foretinib_AML_062_01	150.01813	13.8
AML_064_01	Foretinib	Foretinib_AML_064_01	169.57617	4.4
AML_065_01	Foretinib	Foretinib_AML_065_01	150.25269	10.2
AML_067_01	Foretinib	Foretinib_AML_067_01	146.8229	11.1
AML_070_01	Foretinib	Foretinib_AML_070_01	169.06662	0.9
AML_072_01	Foretinib	Foretinib_AML_072_01	171.80838	3.7
AML_073_01	Foretinib	Foretinib_AML_073_01	174.77943	2.6
AML_074_01	Foretinib	Foretinib_AML_074_01	157.8743	4.2
AML_075_01	Foretinib	Foretinib_AML_075_01	163.78622	4.3
AML_076_01	Foretinib	Foretinib_AML_076_01	166.79292	1.5
AML_076_02	Foretinib	Foretinib_AML_076_02	150.09558	4.7
AML_077_01	Foretinib	Foretinib_AML_077_01	170.00302	3.3
AML_078_02	Foretinib	Foretinib_AML_078_02	152.74094	2.6
AML_084_01	Foretinib	Foretinib_AML_084_01	152.55545	14.8
AML_086_02	Foretinib	Foretinib_AML_086_02	167.38617	2.1
AML_098_01	Foretinib	Foretinib_AML_098_01	162.62984	3.6
AML_100_01	Foretinib	Foretinib_AML_100_01	156.86449	2.8
AML_101_01	Foretinib	Foretinib_AML_101_01	167.98306	12.7
AML_101_02	Foretinib	Foretinib_AML_101_02	180.19016	0.0
AML_102_01	Foretinib	Foretinib_AML_102_01	142.98668	0.0
AML_103_01	Foretinib	Foretinib_AML_103_01	155.40717	0.9
AML_103_02	Foretinib	Foretinib_AML_103_02	161.3652	5.8
AML_104_01	Foretinib	Foretinib_AML_104_01	151.97504	0.0
AML_108_01	Foretinib	Foretinib_AML_108_01	139.5678	2.5
AML_109_01	Foretinib	Foretinib_AML_109_01	167.27179	3.4
AML_110_01	Foretinib	Foretinib_AML_110_01	145.63281	5.1
AML_112_01	Foretinib	Foretinib_AML_112_01	144.8545	4.0
AML_112_02	Foretinib	Foretinib_AML_112_02	160.47162	2.4
AML_113_01	Foretinib	Foretinib_AML_113_01	158.47598	6.5
AML_114_01	Foretinib	Foretinib_AML_114_01	146.68213	0.0
AML_115_01	Foretinib	Foretinib_AML_115_01	141.88783	8.0
AML_116_01	Foretinib	Foretinib_AML_116_01	162.99329	0.0
AML_117_01	Foretinib	Foretinib_AML_117_01	151.90309	5.0
AML_119_01	Foretinib	Foretinib_AML_119_01	149.59695	4.0
AML_120_01	Foretinib	Foretinib_AML_120_01	164.78687	27.0
AML_120_03	Foretinib	Foretinib_AML_120_03	169.1654	20.8
AML_122_01	Foretinib	Foretinib_AML_122_01	177.45103	0.0
AML_123_01	Foretinib	Foretinib_AML_123_01	170.2556	4.5
AML_124_01	Foretinib	Foretinib_AML_124_01	163.07137	6.2
AML_125_01	Foretinib	Foretinib_AML_125_01	170.89844	2.1
AML_126_01	Foretinib	Foretinib_AML_126_01	162.42685	7.0
AML_127_01	Foretinib	Foretinib_AML_127_01	161.52869	2.2
AML_128_01	Foretinib	Foretinib_AML_128_01	170.66061	1.6
AML_129_02	Foretinib	Foretinib_AML_129_02	154.56717	27.3
AML_129_03	Foretinib	Foretinib_AML_129_03	157.38992	12.6
AML_131_01	Foretinib	Foretinib_AML_131_01	164.86203	2.5
AML_133_01	Foretinib	Foretinib_AML_133_01	174.73659	4.1
AML_134_01	Foretinib	Foretinib_AML_134_01	180.1741	0.0
AML_135_01	Foretinib	Foretinib_AML_135_01	167.11575	6.8
AML_138_01	Foretinib	Foretinib_AML_138_01	168.77357	2.4
AML_139_01	Foretinib	Foretinib_AML_139_01	174.27718	5.3
AML_140_01	Foretinib	Foretinib_AML_140_01	152.9314	3.3
AML_142_01	Foretinib	Foretinib_AML_142_01	166.83337	8.5
AML_143_01	Foretinib	Foretinib_AML_143_01	160.2926	0.4
AML_144_01	Foretinib	Foretinib_AML_144_01	178.46194	2.4
AML_146_01	Foretinib	Foretinib_AML_146_01	170.10484	0.0
AML_147_01	Foretinib	Foretinib_AML_147_01	160.63107	3.2
AML_151_01	Foretinib	Foretinib_AML_151_01	153.52333	7.1
AML_152_01	Foretinib	Foretinib_AML_152_01	155.31769	2.3
AML_153_01	Foretinib	Foretinib_AML_153_01	170.73419	0.0
AML_156_01	Foretinib	Foretinib_AML_156_01	158.09749	1.6
AML_157_01	Foretinib	Foretinib_AML_157_01	171.08102	14.1
AML_157_02	Foretinib	Foretinib_AML_157_02	162.47624	13.5
AML_158_01	Foretinib	Foretinib_AML_158_01	173.55565	3.0
AML_159_01	Foretinib	Foretinib_AML_159_01	167.43723	6.5
AML_160_01	Foretinib	Foretinib_AML_160_01	151.71983	0.7
AML_161_01	Foretinib	Foretinib_AML_161_01	158.15508	4.0
AML_175_01	Foretinib	Foretinib_AML_175_01	164.05048	1.7
AML_179_01	Foretinib	Foretinib_AML_179_01	166.71034	8.9
AML_183_01	Foretinib	Foretinib_AML_183_01	164.7129	0.0
AML_183_02	Foretinib	Foretinib_AML_183_02	153.8463	0.5
AML_183_03	Foretinib	Foretinib_AML_183_03	155.16624	4.2
AML_184_01	Foretinib	Foretinib_AML_184_01	143.42058	11.6
AML_185_01	Foretinib	Foretinib_AML_185_01	179.4198	0.0
AML_001_01	Gefitinib	Gefitinib_AML_001_01	247.72568	0.0
AML_001_03	Gefitinib	Gefitinib_AML_001_03	243.8679	5.0
AML_002_01	Gefitinib	Gefitinib_AML_002_01	240.0241	3.3
AML_003_02	Gefitinib	Gefitinib_AML_003_02	237.48277	4.3
AML_004_01	Gefitinib	Gefitinib_AML_004_01	238.67072	4.9
AML_006_02	Gefitinib	Gefitinib_AML_006_02	244.07925	0.8
AML_007_01	Gefitinib	Gefitinib_AML_007_01	244.09909	1.1
AML_007_02	Gefitinib	Gefitinib_AML_007_02	246.94984	0.2
AML_012_01	Gefitinib	Gefitinib_AML_012_01	233.41777	7.1
AML_013_01	Gefitinib	Gefitinib_AML_013_01	240.16805	8.0
AML_014_01	Gefitinib	Gefitinib_AML_014_01	237.822	0.5
AML_015_01	Gefitinib	Gefitinib_AML_015_01	242.49283	2.2
AML_015_02	Gefitinib	Gefitinib_AML_015_02	240.70757	2.5
AML_015_03	Gefitinib	Gefitinib_AML_015_03	245.12431	6.6
AML_015_04	Gefitinib	Gefitinib_AML_015_04	244.8991	8.3
AML_018_01	Gefitinib	Gefitinib_AML_018_01	231.755	7.9
AML_019_01	Gefitinib	Gefitinib_AML_019_01	235.55807	6.6
AML_020_01	Gefitinib	Gefitinib_AML_020_01	246.65175	2.0
AML_022_01	Gefitinib	Gefitinib_AML_022_01	236.96979	1.7
AML_023_01	Gefitinib	Gefitinib_AML_023_01	239.41226	1.4
AML_023_03	Gefitinib	Gefitinib_AML_023_03	242.85046	1.2
AML_023_04	Gefitinib	Gefitinib_AML_023_04	242.34122	1.1
AML_024_01	Gefitinib	Gefitinib_AML_024_01	237.95518	0.1
AML_025_01	Gefitinib	Gefitinib_AML_025_01	246.89029	4.4
AML_026_01	Gefitinib	Gefitinib_AML_026_01	246.22638	1.9
AML_028_01	Gefitinib	Gefitinib_AML_028_01	234.38657	2.6
AML_028_04	Gefitinib	Gefitinib_AML_028_04	227.86613	7.5
AML_029_01	Gefitinib	Gefitinib_AML_029_01	245.60345	2.9
AML_030_01	Gefitinib	Gefitinib_AML_030_01	239.04547	1.4
AML_032_01	Gefitinib	Gefitinib_AML_032_01	243.84421	0.0
AML_033_01	Gefitinib	Gefitinib_AML_033_01	240.66739	3.2
AML_033_02	Gefitinib	Gefitinib_AML_033_02	233.47557	6.1
AML_035_02	Gefitinib	Gefitinib_AML_035_02	244.9668	0.6
AML_035_04	Gefitinib	Gefitinib_AML_035_04	239.00325	0.1
AML_036_01	Gefitinib	Gefitinib_AML_036_01	243.19489	0.8
AML_040_01	Gefitinib	Gefitinib_AML_040_01	238.3846	6.9
AML_041_01	Gefitinib	Gefitinib_AML_041_01	246.20685	1.4
AML_042_01	Gefitinib	Gefitinib_AML_042_01	245.52151	4.7
AML_043_02	Gefitinib	Gefitinib_AML_043_02	234.25226	2.3
AML_045_01	Gefitinib	Gefitinib_AML_045_01	243.36769	1.8
AML_046_01	Gefitinib	Gefitinib_AML_046_01	236.5625	10.6
AML_051_01	Gefitinib	Gefitinib_AML_051_01	239.72575	3.0
AML_052_01	Gefitinib	Gefitinib_AML_052_01	242.39024	2.3
AML_053_01	Gefitinib	Gefitinib_AML_053_01	245.56209	5.6
AML_054_01	Gefitinib	Gefitinib_AML_054_01	234.56999	7.1
AML_057_01	Gefitinib	Gefitinib_AML_057_01	242.85896	3.4
AML_058_01	Gefitinib	Gefitinib_AML_058_01	235.31012	3.9
AML_059_01	Gefitinib	Gefitinib_AML_059_01	239.35036	6.1
AML_060_01	Gefitinib	Gefitinib_AML_060_01	238.50041	2.2
AML_061_01	Gefitinib	Gefitinib_AML_061_01	241.23125	1.2
AML_062_01	Gefitinib	Gefitinib_AML_062_01	239.31076	7.6
AML_064_01	Gefitinib	Gefitinib_AML_064_01	242.58229	1.5
AML_065_01	Gefitinib	Gefitinib_AML_065_01	241.81714	3.0
AML_067_01	Gefitinib	Gefitinib_AML_067_01	241.3227	4.3
AML_070_01	Gefitinib	Gefitinib_AML_070_01	241.44135	2.0
AML_072_01	Gefitinib	Gefitinib_AML_072_01	243.90453	1.4
AML_073_01	Gefitinib	Gefitinib_AML_073_01	243.64192	5.4
AML_074_01	Gefitinib	Gefitinib_AML_074_01	243.9292	4.7
AML_075_01	Gefitinib	Gefitinib_AML_075_01	242.53644	3.7
AML_076_01	Gefitinib	Gefitinib_AML_076_01	245.75052	1.7
AML_076_02	Gefitinib	Gefitinib_AML_076_02	235.24245	7.8
AML_077_01	Gefitinib	Gefitinib_AML_077_01	246.3716	3.2
AML_078_02	Gefitinib	Gefitinib_AML_078_02	241.94461	1.3
AML_084_01	Gefitinib	Gefitinib_AML_084_01	235.12802	6.1
AML_086_02	Gefitinib	Gefitinib_AML_086_02	242.24657	6.2
AML_098_01	Gefitinib	Gefitinib_AML_098_01	239.74051	0.0
AML_100_01	Gefitinib	Gefitinib_AML_100_01	244.49663	3.5
AML_101_01	Gefitinib	Gefitinib_AML_101_01	231.85811	5.4
AML_101_02	Gefitinib	Gefitinib_AML_101_02	242.30853	2.3
AML_102_01	Gefitinib	Gefitinib_AML_102_01	239.66449	1.8
AML_103_01	Gefitinib	Gefitinib_AML_103_01	234.79956	2.7
AML_103_02	Gefitinib	Gefitinib_AML_103_02	230.01259	4.5
AML_104_01	Gefitinib	Gefitinib_AML_104_01	242.61423	0.7
AML_108_01	Gefitinib	Gefitinib_AML_108_01	238.22807	4.0
AML_109_01	Gefitinib	Gefitinib_AML_109_01	237.01515	3.3
AML_110_01	Gefitinib	Gefitinib_AML_110_01	242.03342	7.4
AML_112_01	Gefitinib	Gefitinib_AML_112_01	236.21524	5.0
AML_112_02	Gefitinib	Gefitinib_AML_112_02	241.49124	4.2
AML_113_01	Gefitinib	Gefitinib_AML_113_01	234.87248	6.9
AML_114_01	Gefitinib	Gefitinib_AML_114_01	237.34578	2.2
AML_115_01	Gefitinib	Gefitinib_AML_115_01	237.77151	5.0
AML_116_01	Gefitinib	Gefitinib_AML_116_01	243.26048	2.0
AML_117_01	Gefitinib	Gefitinib_AML_117_01	241.42776	4.4
AML_119_01	Gefitinib	Gefitinib_AML_119_01	239.07253	2.7
AML_120_01	Gefitinib	Gefitinib_AML_120_01	239.70198	1.6
AML_120_03	Gefitinib	Gefitinib_AML_120_03	243.18393	2.6
AML_122_01	Gefitinib	Gefitinib_AML_122_01	246.49571	0.1
AML_123_01	Gefitinib	Gefitinib_AML_123_01	245.945	4.7
AML_124_01	Gefitinib	Gefitinib_AML_124_01	240.54257	5.5
AML_125_01	Gefitinib	Gefitinib_AML_125_01	239.81361	16.3
AML_126_01	Gefitinib	Gefitinib_AML_126_01	240.4151	6.3
AML_127_01	Gefitinib	Gefitinib_AML_127_01	242.6428	6.2
AML_128_01	Gefitinib	Gefitinib_AML_128_01	245.01431	3.7
AML_129_02	Gefitinib	Gefitinib_AML_129_02	243.22987	5.7
AML_129_03	Gefitinib	Gefitinib_AML_129_03	240.11578	1.8
AML_131_01	Gefitinib	Gefitinib_AML_131_01	245.14099	3.1
AML_133_01	Gefitinib	Gefitinib_AML_133_01	237.92168	3.2
AML_134_01	Gefitinib	Gefitinib_AML_134_01	236.94502	6.4
AML_135_01	Gefitinib	Gefitinib_AML_135_01	244.38739	3.0
AML_138_01	Gefitinib	Gefitinib_AML_138_01	239.82881	5.3
AML_139_01	Gefitinib	Gefitinib_AML_139_01	248.73126	3.4
AML_140_01	Gefitinib	Gefitinib_AML_140_01	241.28137	2.6
AML_142_01	Gefitinib	Gefitinib_AML_142_01	233.6864	7.6
AML_143_01	Gefitinib	Gefitinib_AML_143_01	239.91623	5.3
AML_144_01	Gefitinib	Gefitinib_AML_144_01	245.51477	4.9
AML_146_01	Gefitinib	Gefitinib_AML_146_01	239.24097	3.0
AML_147_01	Gefitinib	Gefitinib_AML_147_01	243.4917	2.5
AML_151_01	Gefitinib	Gefitinib_AML_151_01	239.10307	7.1
AML_152_01	Gefitinib	Gefitinib_AML_152_01	241.74059	4.2
AML_153_01	Gefitinib	Gefitinib_AML_153_01	227.92117	4.4
AML_156_01	Gefitinib	Gefitinib_AML_156_01	238.75304	2.9
AML_157_01	Gefitinib	Gefitinib_AML_157_01	243.11699	2.7
AML_157_02	Gefitinib	Gefitinib_AML_157_02	245.4295	4.0
AML_158_01	Gefitinib	Gefitinib_AML_158_01	247.03261	2.6
AML_159_01	Gefitinib	Gefitinib_AML_159_01	242.8167	4.6
AML_160_01	Gefitinib	Gefitinib_AML_160_01	240.72432	4.1
AML_161_01	Gefitinib	Gefitinib_AML_161_01	231.13744	3.1
AML_175_01	Gefitinib	Gefitinib_AML_175_01	245.5809	0.3
AML_179_01	Gefitinib	Gefitinib_AML_179_01	240.92201	2.7
AML_183_01	Gefitinib	Gefitinib_AML_183_01	243.67375	0.8
AML_183_02	Gefitinib	Gefitinib_AML_183_02	241.01083	2.9
AML_183_03	Gefitinib	Gefitinib_AML_183_03	240.62885	1.8
AML_184_01	Gefitinib	Gefitinib_AML_184_01	239.28122	3.0
AML_185_01	Gefitinib	Gefitinib_AML_185_01	247.21135	1.1
AML_004_01	GSK-1838705A	GSK-1838705A_AML_004_01	213.52104	3.4
AML_019_01	GSK-1838705A	GSK-1838705A_AML_019_01	209.05136	0.9
AML_025_01	GSK-1838705A	GSK-1838705A_AML_025_01	218.65688	0.0
AML_026_01	GSK-1838705A	GSK-1838705A_AML_026_01	220.76263	0.1
AML_029_01	GSK-1838705A	GSK-1838705A_AML_029_01	217.17592	0.1
AML_030_01	GSK-1838705A	GSK-1838705A_AML_030_01	213.47873	0.7
AML_033_01	GSK-1838705A	GSK-1838705A_AML_033_01	214.52045	2.5
AML_033_02	GSK-1838705A	GSK-1838705A_AML_033_02	206.4809	2.2
AML_041_01	GSK-1838705A	GSK-1838705A_AML_041_01	221.8575	0.0
AML_042_01	GSK-1838705A	GSK-1838705A_AML_042_01	221.39096	4.8
AML_043_02	GSK-1838705A	GSK-1838705A_AML_043_02	208.09381	0.0
AML_046_01	GSK-1838705A	GSK-1838705A_AML_046_01	210.72449	9.8
AML_052_01	GSK-1838705A	GSK-1838705A_AML_052_01	217.95859	5.5
AML_057_01	GSK-1838705A	GSK-1838705A_AML_057_01	222.67143	0.0
AML_058_01	GSK-1838705A	GSK-1838705A_AML_058_01	210.16202	3.6
AML_059_01	GSK-1838705A	GSK-1838705A_AML_059_01	214.07599	3.2
AML_060_01	GSK-1838705A	GSK-1838705A_AML_060_01	211.8201	6.5
AML_061_01	GSK-1838705A	GSK-1838705A_AML_061_01	213.92296	4.3
AML_062_01	GSK-1838705A	GSK-1838705A_AML_062_01	215.5837	1.7
AML_064_01	GSK-1838705A	GSK-1838705A_AML_064_01	224.75839	0.0
AML_065_01	GSK-1838705A	GSK-1838705A_AML_065_01	216.39816	2.6
AML_067_01	GSK-1838705A	GSK-1838705A_AML_067_01	218.98796	1.6
AML_070_01	GSK-1838705A	GSK-1838705A_AML_070_01	219.21129	3.2
AML_072_01	GSK-1838705A	GSK-1838705A_AML_072_01	213.70422	0.0
AML_073_01	GSK-1838705A	GSK-1838705A_AML_073_01	213.76804	0.0
AML_074_01	GSK-1838705A	GSK-1838705A_AML_074_01	221.72229	0.0
AML_075_01	GSK-1838705A	GSK-1838705A_AML_075_01	218.65073	3.8
AML_076_01	GSK-1838705A	GSK-1838705A_AML_076_01	220.49792	0.0
AML_076_02	GSK-1838705A	GSK-1838705A_AML_076_02	209.02773	0.0
AML_077_01	GSK-1838705A	GSK-1838705A_AML_077_01	218.40266	3.6
AML_078_02	GSK-1838705A	GSK-1838705A_AML_078_02	218.24593	0.0
AML_086_02	GSK-1838705A	GSK-1838705A_AML_086_02	213.89928	0.0
AML_098_01	GSK-1838705A	GSK-1838705A_AML_098_01	218.14894	0.5
AML_100_01	GSK-1838705A	GSK-1838705A_AML_100_01	216.16289	0.6
AML_101_01	GSK-1838705A	GSK-1838705A_AML_101_01	208.74648	1.6
AML_101_02	GSK-1838705A	GSK-1838705A_AML_101_02	215.58292	4.4
AML_102_01	GSK-1838705A	GSK-1838705A_AML_102_01	216.19237	1.0
AML_103_01	GSK-1838705A	GSK-1838705A_AML_103_01	213.51591	0.4
AML_103_02	GSK-1838705A	GSK-1838705A_AML_103_02	206.7741	2.3
AML_104_01	GSK-1838705A	GSK-1838705A_AML_104_01	219.82117	0.5
AML_108_01	GSK-1838705A	GSK-1838705A_AML_108_01	213.65268	3.3
AML_109_01	GSK-1838705A	GSK-1838705A_AML_109_01	206.86775	0.0
AML_110_01	GSK-1838705A	GSK-1838705A_AML_110_01	212.8129	0.0
AML_112_01	GSK-1838705A	GSK-1838705A_AML_112_01	214.09175	0.1
AML_112_02	GSK-1838705A	GSK-1838705A_AML_112_02	218.23297	1.0
AML_113_01	GSK-1838705A	GSK-1838705A_AML_113_01	210.25238	2.3
AML_114_01	GSK-1838705A	GSK-1838705A_AML_114_01	211.35976	0.6
AML_115_01	GSK-1838705A	GSK-1838705A_AML_115_01	213.43631	2.7
AML_116_01	GSK-1838705A	GSK-1838705A_AML_116_01	218.21638	0.5
AML_117_01	GSK-1838705A	GSK-1838705A_AML_117_01	214.35048	3.9
AML_119_01	GSK-1838705A	GSK-1838705A_AML_119_01	216.88605	5.5
AML_122_01	GSK-1838705A	GSK-1838705A_AML_122_01	227.72401	1.5
AML_123_01	GSK-1838705A	GSK-1838705A_AML_123_01	220.5666	3.2
AML_124_01	GSK-1838705A	GSK-1838705A_AML_124_01	215.45265	7.4
AML_125_01	GSK-1838705A	GSK-1838705A_AML_125_01	213.70381	0.0
AML_126_01	GSK-1838705A	GSK-1838705A_AML_126_01	213.837	5.1
AML_127_01	GSK-1838705A	GSK-1838705A_AML_127_01	218.55089	0.0
AML_128_01	GSK-1838705A	GSK-1838705A_AML_128_01	215.64943	2.1
AML_131_01	GSK-1838705A	GSK-1838705A_AML_131_01	224.51447	0.0
AML_133_01	GSK-1838705A	GSK-1838705A_AML_133_01	208.32658	5.3
AML_134_01	GSK-1838705A	GSK-1838705A_AML_134_01	207.58022	1.7
AML_135_01	GSK-1838705A	GSK-1838705A_AML_135_01	214.23735	8.1
AML_138_01	GSK-1838705A	GSK-1838705A_AML_138_01	212.2561	0.0
AML_139_01	GSK-1838705A	GSK-1838705A_AML_139_01	223.88062	0.2
AML_140_01	GSK-1838705A	GSK-1838705A_AML_140_01	218.5141	0.5
AML_142_01	GSK-1838705A	GSK-1838705A_AML_142_01	205.30225	4.7
AML_143_01	GSK-1838705A	GSK-1838705A_AML_143_01	214.41272	0.0
AML_144_01	GSK-1838705A	GSK-1838705A_AML_144_01	220.7706	2.8
AML_146_01	GSK-1838705A	GSK-1838705A_AML_146_01	218.16994	0.2
AML_147_01	GSK-1838705A	GSK-1838705A_AML_147_01	219.85895	0.0
AML_151_01	GSK-1838705A	GSK-1838705A_AML_151_01	216.6798	4.7
AML_152_01	GSK-1838705A	GSK-1838705A_AML_152_01	214.29504	1.4
AML_153_01	GSK-1838705A	GSK-1838705A_AML_153_01	201.0378	0.0
AML_156_01	GSK-1838705A	GSK-1838705A_AML_156_01	211.24248	0.6
AML_157_01	GSK-1838705A	GSK-1838705A_AML_157_01	221.93475	0.0
AML_157_02	GSK-1838705A	GSK-1838705A_AML_157_02	218.14081	1.2
AML_158_01	GSK-1838705A	GSK-1838705A_AML_158_01	219.90056	3.0
AML_159_01	GSK-1838705A	GSK-1838705A_AML_159_01	214.43231	3.4
AML_160_01	GSK-1838705A	GSK-1838705A_AML_160_01	216.56172	0.0
AML_161_01	GSK-1838705A	GSK-1838705A_AML_161_01	205.77002	1.4
AML_183_01	GSK-1838705A	GSK-1838705A_AML_183_01	222.64174	0.2
AML_183_02	GSK-1838705A	GSK-1838705A_AML_183_02	221.24117	0.0
AML_183_03	GSK-1838705A	GSK-1838705A_AML_183_03	216.46724	0.0
AML_004_01	GSK-1904529A	GSK-1904529A_AML_004_01	230.18318	7.8
AML_019_01	GSK-1904529A	GSK-1904529A_AML_019_01	222.41525	1.8
AML_025_01	GSK-1904529A	GSK-1904529A_AML_025_01	233.58336	0.0
AML_026_01	GSK-1904529A	GSK-1904529A_AML_026_01	237.83551	0.5
AML_029_01	GSK-1904529A	GSK-1904529A_AML_029_01	233.36847	0.0
AML_030_01	GSK-1904529A	GSK-1904529A_AML_030_01	227.3863	0.0
AML_033_01	GSK-1904529A	GSK-1904529A_AML_033_01	231.05789	1.9
AML_033_02	GSK-1904529A	GSK-1904529A_AML_033_02	219.11653	0.0
AML_041_01	GSK-1904529A	GSK-1904529A_AML_041_01	233.7501	0.0
AML_042_01	GSK-1904529A	GSK-1904529A_AML_042_01	233.06792	13.4
AML_043_02	GSK-1904529A	GSK-1904529A_AML_043_02	220.38663	0.0
AML_046_01	GSK-1904529A	GSK-1904529A_AML_046_01	224.1119	17.6
AML_052_01	GSK-1904529A	GSK-1904529A_AML_052_01	234.14116	10.3
AML_057_01	GSK-1904529A	GSK-1904529A_AML_057_01	234.09029	0.0
AML_058_01	GSK-1904529A	GSK-1904529A_AML_058_01	225.90945	8.0
AML_059_01	GSK-1904529A	GSK-1904529A_AML_059_01	230.09966	3.2
AML_060_01	GSK-1904529A	GSK-1904529A_AML_060_01	227.89897	7.5
AML_061_01	GSK-1904529A	GSK-1904529A_AML_061_01	230.2994	7.2
AML_062_01	GSK-1904529A	GSK-1904529A_AML_062_01	226.2956	6.5
AML_064_01	GSK-1904529A	GSK-1904529A_AML_064_01	232.8514	6.3
AML_065_01	GSK-1904529A	GSK-1904529A_AML_065_01	229.819	3.6
AML_067_01	GSK-1904529A	GSK-1904529A_AML_067_01	231.49538	0.7
AML_070_01	GSK-1904529A	GSK-1904529A_AML_070_01	233.35587	0.0
AML_072_01	GSK-1904529A	GSK-1904529A_AML_072_01	232.95412	0.0
AML_073_01	GSK-1904529A	GSK-1904529A_AML_073_01	227.95605	0.0
AML_074_01	GSK-1904529A	GSK-1904529A_AML_074_01	237.92072	0.0
AML_075_01	GSK-1904529A	GSK-1904529A_AML_075_01	232.88376	10.0
AML_076_01	GSK-1904529A	GSK-1904529A_AML_076_01	232.39296	0.0
AML_076_02	GSK-1904529A	GSK-1904529A_AML_076_02	222.02487	0.0
AML_077_01	GSK-1904529A	GSK-1904529A_AML_077_01	233.32532	5.5
AML_078_02	GSK-1904529A	GSK-1904529A_AML_078_02	230.82968	0.0
AML_086_02	GSK-1904529A	GSK-1904529A_AML_086_02	231.24812	0.0
AML_098_01	GSK-1904529A	GSK-1904529A_AML_098_01	230.06529	0.4
AML_100_01	GSK-1904529A	GSK-1904529A_AML_100_01	233.20535	0.0
AML_101_01	GSK-1904529A	GSK-1904529A_AML_101_01	216.6729	6.8
AML_101_02	GSK-1904529A	GSK-1904529A_AML_101_02	227.5879	0.0
AML_102_01	GSK-1904529A	GSK-1904529A_AML_102_01	229.836	0.0
AML_103_01	GSK-1904529A	GSK-1904529A_AML_103_01	221.24796	0.0
AML_103_02	GSK-1904529A	GSK-1904529A_AML_103_02	218.60149	0.0
AML_104_01	GSK-1904529A	GSK-1904529A_AML_104_01	233.0065	0.0
AML_108_01	GSK-1904529A	GSK-1904529A_AML_108_01	225.40578	0.0
AML_109_01	GSK-1904529A	GSK-1904529A_AML_109_01	222.93108	0.0
AML_110_01	GSK-1904529A	GSK-1904529A_AML_110_01	230.18645	0.0
AML_112_01	GSK-1904529A	GSK-1904529A_AML_112_01	226.92253	0.0
AML_112_02	GSK-1904529A	GSK-1904529A_AML_112_02	229.85153	0.0
AML_113_01	GSK-1904529A	GSK-1904529A_AML_113_01	220.78177	0.0
AML_114_01	GSK-1904529A	GSK-1904529A_AML_114_01	225.87468	0.0
AML_115_01	GSK-1904529A	GSK-1904529A_AML_115_01	227.34949	0.0
AML_116_01	GSK-1904529A	GSK-1904529A_AML_116_01	234.89899	0.0
AML_117_01	GSK-1904529A	GSK-1904529A_AML_117_01	231.46602	2.3
AML_119_01	GSK-1904529A	GSK-1904529A_AML_119_01	226.9999	2.1
AML_122_01	GSK-1904529A	GSK-1904529A_AML_122_01	236.51106	0.0
AML_123_01	GSK-1904529A	GSK-1904529A_AML_123_01	236.7914	0.0
AML_124_01	GSK-1904529A	GSK-1904529A_AML_124_01	231.70418	14.0
AML_125_01	GSK-1904529A	GSK-1904529A_AML_125_01	231.11429	0.0
AML_126_01	GSK-1904529A	GSK-1904529A_AML_126_01	229.01585	6.3
AML_127_01	GSK-1904529A	GSK-1904529A_AML_127_01	231.5424	0.0
AML_128_01	GSK-1904529A	GSK-1904529A_AML_128_01	233.67378	3.7
AML_131_01	GSK-1904529A	GSK-1904529A_AML_131_01	234.95651	0.0
AML_133_01	GSK-1904529A	GSK-1904529A_AML_133_01	221.01833	9.3
AML_134_01	GSK-1904529A	GSK-1904529A_AML_134_01	221.26064	0.0
AML_135_01	GSK-1904529A	GSK-1904529A_AML_135_01	230.73792	18.8
AML_138_01	GSK-1904529A	GSK-1904529A_AML_138_01	225.77698	0.0
AML_139_01	GSK-1904529A	GSK-1904529A_AML_139_01	236.22055	0.1
AML_140_01	GSK-1904529A	GSK-1904529A_AML_140_01	232.76622	0.0
AML_142_01	GSK-1904529A	GSK-1904529A_AML_142_01	219.52054	0.0
AML_143_01	GSK-1904529A	GSK-1904529A_AML_143_01	230.92255	0.0
AML_144_01	GSK-1904529A	GSK-1904529A_AML_144_01	232.84491	2.8
AML_146_01	GSK-1904529A	GSK-1904529A_AML_146_01	231.70671	0.0
AML_147_01	GSK-1904529A	GSK-1904529A_AML_147_01	233.88594	0.0
AML_151_01	GSK-1904529A	GSK-1904529A_AML_151_01	226.4436	3.1
AML_152_01	GSK-1904529A	GSK-1904529A_AML_152_01	228.66624	0.0
AML_153_01	GSK-1904529A	GSK-1904529A_AML_153_01	213.68283	0.0
AML_156_01	GSK-1904529A	GSK-1904529A_AML_156_01	225.52277	0.0
AML_157_01	GSK-1904529A	GSK-1904529A_AML_157_01	233.138	0.0
AML_157_02	GSK-1904529A	GSK-1904529A_AML_157_02	233.02466	0.0
AML_158_01	GSK-1904529A	GSK-1904529A_AML_158_01	235.73064	5.5
AML_159_01	GSK-1904529A	GSK-1904529A_AML_159_01	232.42084	10.0
AML_160_01	GSK-1904529A	GSK-1904529A_AML_160_01	229.02245	0.0
AML_161_01	GSK-1904529A	GSK-1904529A_AML_161_01	218.59656	3.3
AML_183_01	GSK-1904529A	GSK-1904529A_AML_183_01	235.70111	0.0
AML_183_02	GSK-1904529A	GSK-1904529A_AML_183_02	232.5268	0.0
AML_183_03	GSK-1904529A	GSK-1904529A_AML_183_03	228.39058	0.0
AML_001_03	Ibrutinib	Ibrutinib_AML_001_03	218.18605	0.0
AML_003_02	Ibrutinib	Ibrutinib_AML_003_02	215.49736	0.0
AML_004_01	Ibrutinib	Ibrutinib_AML_004_01	215.97682	0.0
AML_006_02	Ibrutinib	Ibrutinib_AML_006_02	218.17505	0.0
AML_007_01	Ibrutinib	Ibrutinib_AML_007_01	212.57771	0.0
AML_007_02	Ibrutinib	Ibrutinib_AML_007_02	213.84743	0.0
AML_012_01	Ibrutinib	Ibrutinib_AML_012_01	216.68184	1.7
AML_013_01	Ibrutinib	Ibrutinib_AML_013_01	222.37524	2.9
AML_014_01	Ibrutinib	Ibrutinib_AML_014_01	216.3002	0.0
AML_015_01	Ibrutinib	Ibrutinib_AML_015_01	222.12973	1.1
AML_015_02	Ibrutinib	Ibrutinib_AML_015_02	214.90662	0.0
AML_015_03	Ibrutinib	Ibrutinib_AML_015_03	215.68446	0.0
AML_015_04	Ibrutinib	Ibrutinib_AML_015_04	222.05498	1.5
AML_018_01	Ibrutinib	Ibrutinib_AML_018_01	209.28598	2.3
AML_019_01	Ibrutinib	Ibrutinib_AML_019_01	218.44759	0.0
AML_020_01	Ibrutinib	Ibrutinib_AML_020_01	227.76181	0.0
AML_023_04	Ibrutinib	Ibrutinib_AML_023_04	217.21957	0.0
AML_024_01	Ibrutinib	Ibrutinib_AML_024_01	220.18256	0.0
AML_025_01	Ibrutinib	Ibrutinib_AML_025_01	225.69089	0.0
AML_026_01	Ibrutinib	Ibrutinib_AML_026_01	223.3301	0.0
AML_028_01	Ibrutinib	Ibrutinib_AML_028_01	214.37753	0.0
AML_028_04	Ibrutinib	Ibrutinib_AML_028_04	210.00797	5.3
AML_029_01	Ibrutinib	Ibrutinib_AML_029_01	218.06113	0.0
AML_030_01	Ibrutinib	Ibrutinib_AML_030_01	210.04797	0.0
AML_032_01	Ibrutinib	Ibrutinib_AML_032_01	221.00122	0.0
AML_033_01	Ibrutinib	Ibrutinib_AML_033_01	218.21323	1.5
AML_033_02	Ibrutinib	Ibrutinib_AML_033_02	212.49747	1.8
AML_035_02	Ibrutinib	Ibrutinib_AML_035_02	227.85191	0.0
AML_035_04	Ibrutinib	Ibrutinib_AML_035_04	225.59636	0.0
AML_036_01	Ibrutinib	Ibrutinib_AML_036_01	212.7892	0.0
AML_040_01	Ibrutinib	Ibrutinib_AML_040_01	213.41924	2.8
AML_041_01	Ibrutinib	Ibrutinib_AML_041_01	215.57555	5.7
AML_042_01	Ibrutinib	Ibrutinib_AML_042_01	217.55446	0.0
AML_043_02	Ibrutinib	Ibrutinib_AML_043_02	214.94649	0.0
AML_045_01	Ibrutinib	Ibrutinib_AML_045_01	223.00742	0.0
AML_046_01	Ibrutinib	Ibrutinib_AML_046_01	212.58432	7.1
AML_051_01	Ibrutinib	Ibrutinib_AML_051_01	213.0868	0.0
AML_052_01	Ibrutinib	Ibrutinib_AML_052_01	218.92786	0.0
AML_053_01	Ibrutinib	Ibrutinib_AML_053_01	222.94145	0.0
AML_054_01	Ibrutinib	Ibrutinib_AML_054_01	216.43266	2.2
AML_057_01	Ibrutinib	Ibrutinib_AML_057_01	214.06917	6.1
AML_058_01	Ibrutinib	Ibrutinib_AML_058_01	211.61617	0.0
AML_059_01	Ibrutinib	Ibrutinib_AML_059_01	213.99445	3.6
AML_060_01	Ibrutinib	Ibrutinib_AML_060_01	221.00041	0.0
AML_061_01	Ibrutinib	Ibrutinib_AML_061_01	217.68018	0.0
AML_062_01	Ibrutinib	Ibrutinib_AML_062_01	204.62375	5.3
AML_064_01	Ibrutinib	Ibrutinib_AML_064_01	210.06772	0.0
AML_065_01	Ibrutinib	Ibrutinib_AML_065_01	211.52661	5.4
AML_067_01	Ibrutinib	Ibrutinib_AML_067_01	208.84378	0.3
AML_070_01	Ibrutinib	Ibrutinib_AML_070_01	220.86205	0.0
AML_072_01	Ibrutinib	Ibrutinib_AML_072_01	223.48946	0.0
AML_073_01	Ibrutinib	Ibrutinib_AML_073_01	221.69014	1.2
AML_074_01	Ibrutinib	Ibrutinib_AML_074_01	219.67104	0.0
AML_075_01	Ibrutinib	Ibrutinib_AML_075_01	215.87608	0.0
AML_076_01	Ibrutinib	Ibrutinib_AML_076_01	217.5229	0.5
AML_076_02	Ibrutinib	Ibrutinib_AML_076_02	210.21463	0.2
AML_077_01	Ibrutinib	Ibrutinib_AML_077_01	222.15875	0.2
AML_078_02	Ibrutinib	Ibrutinib_AML_078_02	210.14958	0.0
AML_084_01	Ibrutinib	Ibrutinib_AML_084_01	214.2764	0.0
AML_086_02	Ibrutinib	Ibrutinib_AML_086_02	220.74902	0.0
AML_098_01	Ibrutinib	Ibrutinib_AML_098_01	207.48853	0.0
AML_100_01	Ibrutinib	Ibrutinib_AML_100_01	214.71175	0.0
AML_101_01	Ibrutinib	Ibrutinib_AML_101_01	214.57402	1.5
AML_101_02	Ibrutinib	Ibrutinib_AML_101_02	225.68265	0.0
AML_102_01	Ibrutinib	Ibrutinib_AML_102_01	204.00838	0.0
AML_103_01	Ibrutinib	Ibrutinib_AML_103_01	201.12361	0.0
AML_103_02	Ibrutinib	Ibrutinib_AML_103_02	213.10345	2.4
AML_104_01	Ibrutinib	Ibrutinib_AML_104_01	210.97058	0.0
AML_108_01	Ibrutinib	Ibrutinib_AML_108_01	204.74406	1.5
AML_109_01	Ibrutinib	Ibrutinib_AML_109_01	215.15819	0.0
AML_110_01	Ibrutinib	Ibrutinib_AML_110_01	212.44098	2.8
AML_112_01	Ibrutinib	Ibrutinib_AML_112_01	203.87083	0.0
AML_112_02	Ibrutinib	Ibrutinib_AML_112_02	211.5975	0.0
AML_113_01	Ibrutinib	Ibrutinib_AML_113_01	208.83023	0.5
AML_114_01	Ibrutinib	Ibrutinib_AML_114_01	204.32213	0.0
AML_115_01	Ibrutinib	Ibrutinib_AML_115_01	205.89766	0.1
AML_116_01	Ibrutinib	Ibrutinib_AML_116_01	217.3081	3.8
AML_117_01	Ibrutinib	Ibrutinib_AML_117_01	214.41336	0.2
AML_119_01	Ibrutinib	Ibrutinib_AML_119_01	206.96756	0.0
AML_120_03	Ibrutinib	Ibrutinib_AML_120_03	219.79141	0.1
AML_122_01	Ibrutinib	Ibrutinib_AML_122_01	213.72656	0.0
AML_123_01	Ibrutinib	Ibrutinib_AML_123_01	220.64162	0.0
AML_124_01	Ibrutinib	Ibrutinib_AML_124_01	217.39047	0.0
AML_125_01	Ibrutinib	Ibrutinib_AML_125_01	221.05736	0.0
AML_126_01	Ibrutinib	Ibrutinib_AML_126_01	213.13373	1.6
AML_127_01	Ibrutinib	Ibrutinib_AML_127_01	212.64572	0.0
AML_128_01	Ibrutinib	Ibrutinib_AML_128_01	222.43282	0.0
AML_131_01	Ibrutinib	Ibrutinib_AML_131_01	211.98453	0.0
AML_133_01	Ibrutinib	Ibrutinib_AML_133_01	218.55273	0.3
AML_134_01	Ibrutinib	Ibrutinib_AML_134_01	220.33435	0.0
AML_135_01	Ibrutinib	Ibrutinib_AML_135_01	220.41809	2.2
AML_138_01	Ibrutinib	Ibrutinib_AML_138_01	221.75778	0.0
AML_139_01	Ibrutinib	Ibrutinib_AML_139_01	225.3689	0.0
AML_140_01	Ibrutinib	Ibrutinib_AML_140_01	214.16187	0.0
AML_142_01	Ibrutinib	Ibrutinib_AML_142_01	214.98885	1.0
AML_143_01	Ibrutinib	Ibrutinib_AML_143_01	216.30162	0.0
AML_144_01	Ibrutinib	Ibrutinib_AML_144_01	223.67136	0.0
AML_146_01	Ibrutinib	Ibrutinib_AML_146_01	221.81828	0.0
AML_147_01	Ibrutinib	Ibrutinib_AML_147_01	216.18674	0.0
AML_151_01	Ibrutinib	Ibrutinib_AML_151_01	206.01749	0.7
AML_152_01	Ibrutinib	Ibrutinib_AML_152_01	214.90538	0.0
AML_153_01	Ibrutinib	Ibrutinib_AML_153_01	217.39606	0.0
AML_156_01	Ibrutinib	Ibrutinib_AML_156_01	215.81879	0.0
AML_157_01	Ibrutinib	Ibrutinib_AML_157_01	215.7002	0.5
AML_157_02	Ibrutinib	Ibrutinib_AML_157_02	215.86154	0.0
AML_158_01	Ibrutinib	Ibrutinib_AML_158_01	223.06453	0.0
AML_159_01	Ibrutinib	Ibrutinib_AML_159_01	221.1634	0.0
AML_160_01	Ibrutinib	Ibrutinib_AML_160_01	208.72762	0.0
AML_161_01	Ibrutinib	Ibrutinib_AML_161_01	211.14142	0.0
AML_175_01	Ibrutinib	Ibrutinib_AML_175_01	218.53616	0.0
AML_183_01	Ibrutinib	Ibrutinib_AML_183_01	219.73206	0.0
AML_183_02	Ibrutinib	Ibrutinib_AML_183_02	209.29013	0.0
AML_183_03	Ibrutinib	Ibrutinib_AML_183_03	207.6425	0.0
AML_001_01	Idelalisib	Idelalisib_AML_001_01	211.26906	0.3
AML_001_03	Idelalisib	Idelalisib_AML_001_03	206.20743	5.1
AML_002_01	Idelalisib	Idelalisib_AML_002_01	206.67554	6.5
AML_003_02	Idelalisib	Idelalisib_AML_003_02	203.14784	7.3
AML_004_01	Idelalisib	Idelalisib_AML_004_01	205.92036	7.8
AML_006_02	Idelalisib	Idelalisib_AML_006_02	209.26251	5.7
AML_007_01	Idelalisib	Idelalisib_AML_007_01	205.69505	4.6
AML_007_02	Idelalisib	Idelalisib_AML_007_02	207.4867	1.3
AML_012_01	Idelalisib	Idelalisib_AML_012_01	205.16531	7.7
AML_013_01	Idelalisib	Idelalisib_AML_013_01	210.3567	27.9
AML_014_01	Idelalisib	Idelalisib_AML_014_01	203.96873	14.7
AML_015_01	Idelalisib	Idelalisib_AML_015_01	209.70859	6.3
AML_015_02	Idelalisib	Idelalisib_AML_015_02	204.46535	11.7
AML_015_03	Idelalisib	Idelalisib_AML_015_03	206.40956	16.1
AML_015_04	Idelalisib	Idelalisib_AML_015_04	209.39244	9.1
AML_018_01	Idelalisib	Idelalisib_AML_018_01	194.76392	21.2
AML_019_01	Idelalisib	Idelalisib_AML_019_01	204.13022	2.7
AML_020_01	Idelalisib	Idelalisib_AML_020_01	213.62383	0.0
AML_022_01	Idelalisib	Idelalisib_AML_022_01	197.50697	4.5
AML_023_01	Idelalisib	Idelalisib_AML_023_01	201.85268	6.2
AML_023_03	Idelalisib	Idelalisib_AML_023_03	199.08018	7.2
AML_023_04	Idelalisib	Idelalisib_AML_023_04	205.00195	5.1
AML_024_01	Idelalisib	Idelalisib_AML_024_01	203.99797	5.2
AML_025_01	Idelalisib	Idelalisib_AML_025_01	210.62729	6.2
AML_026_01	Idelalisib	Idelalisib_AML_026_01	210.84145	2.7
AML_028_01	Idelalisib	Idelalisib_AML_028_01	199.54355	10.3
AML_028_04	Idelalisib	Idelalisib_AML_028_04	195.04028	10.7
AML_029_01	Idelalisib	Idelalisib_AML_029_01	204.26645	4.3
AML_030_01	Idelalisib	Idelalisib_AML_030_01	198.86209	2.2
AML_032_01	Idelalisib	Idelalisib_AML_032_01	210.3161	0.0
AML_033_01	Idelalisib	Idelalisib_AML_033_01	207.09195	3.3
AML_033_02	Idelalisib	Idelalisib_AML_033_02	204.24257	6.4
AML_035_02	Idelalisib	Idelalisib_AML_035_02	212.41968	0.0
AML_035_04	Idelalisib	Idelalisib_AML_035_04	211.12115	2.2
AML_036_01	Idelalisib	Idelalisib_AML_036_01	204.5172	2.9
AML_040_01	Idelalisib	Idelalisib_AML_040_01	200.47746	16.6
AML_041_01	Idelalisib	Idelalisib_AML_041_01	206.70795	5.6
AML_042_01	Idelalisib	Idelalisib_AML_042_01	210.1907	3.1
AML_043_02	Idelalisib	Idelalisib_AML_043_02	205.03864	6.3
AML_045_01	Idelalisib	Idelalisib_AML_045_01	206.83005	0.0
AML_046_01	Idelalisib	Idelalisib_AML_046_01	201.5967	21.3
AML_051_01	Idelalisib	Idelalisib_AML_051_01	199.9563	0.2
AML_052_01	Idelalisib	Idelalisib_AML_052_01	208.7735	2.5
AML_053_01	Idelalisib	Idelalisib_AML_053_01	210.5582	11.0
AML_054_01	Idelalisib	Idelalisib_AML_054_01	203.65256	15.2
AML_057_01	Idelalisib	Idelalisib_AML_057_01	207.22375	8.5
AML_058_01	Idelalisib	Idelalisib_AML_058_01	201.112	11.3
AML_059_01	Idelalisib	Idelalisib_AML_059_01	202.77997	10.3
AML_060_01	Idelalisib	Idelalisib_AML_060_01	207.55234	10.0
AML_061_01	Idelalisib	Idelalisib_AML_061_01	207.08862	4.3
AML_062_01	Idelalisib	Idelalisib_AML_062_01	199.02672	17.4
AML_064_01	Idelalisib	Idelalisib_AML_064_01	206.59798	8.6
AML_065_01	Idelalisib	Idelalisib_AML_065_01	198.68515	5.9
AML_067_01	Idelalisib	Idelalisib_AML_067_01	199.71889	4.6
AML_070_01	Idelalisib	Idelalisib_AML_070_01	210.88809	1.8
AML_072_01	Idelalisib	Idelalisib_AML_072_01	208.56091	0.7
AML_073_01	Idelalisib	Idelalisib_AML_073_01	207.38156	5.0
AML_074_01	Idelalisib	Idelalisib_AML_074_01	206.7382	4.7
AML_075_01	Idelalisib	Idelalisib_AML_075_01	206.43317	5.3
AML_076_01	Idelalisib	Idelalisib_AML_076_01	207.75267	2.4
AML_076_02	Idelalisib	Idelalisib_AML_076_02	197.68678	6.5
AML_077_01	Idelalisib	Idelalisib_AML_077_01	211.78706	6.2
AML_078_02	Idelalisib	Idelalisib_AML_078_02	199.55516	5.9
AML_084_01	Idelalisib	Idelalisib_AML_084_01	200.05786	11.1
AML_086_02	Idelalisib	Idelalisib_AML_086_02	206.33768	7.0
AML_098_01	Idelalisib	Idelalisib_AML_098_01	203.27686	1.7
AML_100_01	Idelalisib	Idelalisib_AML_100_01	201.3572	4.5
AML_101_01	Idelalisib	Idelalisib_AML_101_01	202.75049	14.7
AML_101_02	Idelalisib	Idelalisib_AML_101_02	209.47656	4.6
AML_102_01	Idelalisib	Idelalisib_AML_102_01	194.3005	0.5
AML_103_01	Idelalisib	Idelalisib_AML_103_01	198.17107	3.0
AML_103_02	Idelalisib	Idelalisib_AML_103_02	199.92505	6.5
AML_104_01	Idelalisib	Idelalisib_AML_104_01	200.61539	1.0
AML_108_01	Idelalisib	Idelalisib_AML_108_01	195.83783	6.6
AML_109_01	Idelalisib	Idelalisib_AML_109_01	201.51562	4.3
AML_110_01	Idelalisib	Idelalisib_AML_110_01	198.56879	8.7
AML_112_01	Idelalisib	Idelalisib_AML_112_01	196.89084	5.2
AML_112_02	Idelalisib	Idelalisib_AML_112_02	204.08083	5.1
AML_113_01	Idelalisib	Idelalisib_AML_113_01	199.77078	6.6
AML_114_01	Idelalisib	Idelalisib_AML_114_01	194.36203	3.1
AML_115_01	Idelalisib	Idelalisib_AML_115_01	194.44257	10.2
AML_116_01	Idelalisib	Idelalisib_AML_116_01	206.59221	3.0
AML_117_01	Idelalisib	Idelalisib_AML_117_01	200.93129	4.8
AML_119_01	Idelalisib	Idelalisib_AML_119_01	196.35191	5.5
AML_120_01	Idelalisib	Idelalisib_AML_120_01	203.9025	14.9
AML_120_03	Idelalisib	Idelalisib_AML_120_03	205.78444	12.1
AML_122_01	Idelalisib	Idelalisib_AML_122_01	208.61786	1.0
AML_123_01	Idelalisib	Idelalisib_AML_123_01	207.8939	7.2
AML_124_01	Idelalisib	Idelalisib_AML_124_01	206.65767	8.5
AML_125_01	Idelalisib	Idelalisib_AML_125_01	207.53908	21.1
AML_126_01	Idelalisib	Idelalisib_AML_126_01	201.09618	12.2
AML_127_01	Idelalisib	Idelalisib_AML_127_01	204.4314	5.5
AML_128_01	Idelalisib	Idelalisib_AML_128_01	209.55318	5.7
AML_129_02	Idelalisib	Idelalisib_AML_129_02	202.4737	8.2
AML_129_03	Idelalisib	Idelalisib_AML_129_03	201.94807	6.7
AML_131_01	Idelalisib	Idelalisib_AML_131_01	206.86469	1.1
AML_133_01	Idelalisib	Idelalisib_AML_133_01	209.62952	10.8
AML_134_01	Idelalisib	Idelalisib_AML_134_01	207.40556	1.6
AML_135_01	Idelalisib	Idelalisib_AML_135_01	204.10222	10.3
AML_138_01	Idelalisib	Idelalisib_AML_138_01	206.23575	2.2
AML_139_01	Idelalisib	Idelalisib_AML_139_01	212.938	9.7
AML_140_01	Idelalisib	Idelalisib_AML_140_01	201.34117	4.5
AML_142_01	Idelalisib	Idelalisib_AML_142_01	201.98738	13.1
AML_143_01	Idelalisib	Idelalisib_AML_143_01	204.19247	2.3
AML_144_01	Idelalisib	Idelalisib_AML_144_01	212.46634	9.3
AML_146_01	Idelalisib	Idelalisib_AML_146_01	207.2649	1.7
AML_147_01	Idelalisib	Idelalisib_AML_147_01	205.8158	6.1
AML_151_01	Idelalisib	Idelalisib_AML_151_01	196.62218	4.1
AML_152_01	Idelalisib	Idelalisib_AML_152_01	204.2749	5.0
AML_153_01	Idelalisib	Idelalisib_AML_153_01	200.77113	5.6
AML_156_01	Idelalisib	Idelalisib_AML_156_01	200.27632	9.9
AML_157_01	Idelalisib	Idelalisib_AML_157_01	206.41997	9.6
AML_157_02	Idelalisib	Idelalisib_AML_157_02	204.9899	8.5
AML_158_01	Idelalisib	Idelalisib_AML_158_01	209.29471	5.8
AML_159_01	Idelalisib	Idelalisib_AML_159_01	206.19113	5.7
AML_160_01	Idelalisib	Idelalisib_AML_160_01	195.4162	8.6
AML_161_01	Idelalisib	Idelalisib_AML_161_01	196.47495	12.7
AML_175_01	Idelalisib	Idelalisib_AML_175_01	205.77477	4.0
AML_179_01	Idelalisib	Idelalisib_AML_179_01	211.03625	2.7
AML_183_01	Idelalisib	Idelalisib_AML_183_01	210.67468	1.0
AML_183_02	Idelalisib	Idelalisib_AML_183_02	203.04778	3.7
AML_183_03	Idelalisib	Idelalisib_AML_183_03	199.42845	4.2
AML_184_01	Idelalisib	Idelalisib_AML_184_01	195.57181	12.5
AML_185_01	Idelalisib	Idelalisib_AML_185_01	216.01158	2.6
AML_001_01	Imatinib	Imatinib_AML_001_01	235.95654	0.0
AML_001_03	Imatinib	Imatinib_AML_001_03	231.54999	0.1
AML_002_01	Imatinib	Imatinib_AML_002_01	231.82437	5.5
AML_003_02	Imatinib	Imatinib_AML_003_02	225.01329	0.0
AML_004_01	Imatinib	Imatinib_AML_004_01	229.74971	4.7
AML_006_02	Imatinib	Imatinib_AML_006_02	232.66388	0.0
AML_007_01	Imatinib	Imatinib_AML_007_01	231.27065	0.0
AML_007_02	Imatinib	Imatinib_AML_007_02	233.84552	0.0
AML_012_01	Imatinib	Imatinib_AML_012_01	224.88731	1.5
AML_013_01	Imatinib	Imatinib_AML_013_01	233.11525	0.0
AML_014_01	Imatinib	Imatinib_AML_014_01	230.30127	0.0
AML_015_01	Imatinib	Imatinib_AML_015_01	233.31444	21.6
AML_015_02	Imatinib	Imatinib_AML_015_02	228.9894	13.5
AML_015_03	Imatinib	Imatinib_AML_015_03	234.47389	27.1
AML_015_04	Imatinib	Imatinib_AML_015_04	235.57841	39.6
AML_018_01	Imatinib	Imatinib_AML_018_01	221.70761	4.6
AML_019_01	Imatinib	Imatinib_AML_019_01	227.70773	4.4
AML_020_01	Imatinib	Imatinib_AML_020_01	238.03091	0.0
AML_022_01	Imatinib	Imatinib_AML_022_01	221.52759	1.8
AML_023_01	Imatinib	Imatinib_AML_023_01	226.384	8.8
AML_023_03	Imatinib	Imatinib_AML_023_03	227.14442	2.0
AML_023_04	Imatinib	Imatinib_AML_023_04	229.67294	3.2
AML_024_01	Imatinib	Imatinib_AML_024_01	230.06311	0.0
AML_025_01	Imatinib	Imatinib_AML_025_01	235.72153	0.8
AML_026_01	Imatinib	Imatinib_AML_026_01	235.79034	0.1
AML_028_01	Imatinib	Imatinib_AML_028_01	224.9694	0.1
AML_028_04	Imatinib	Imatinib_AML_028_04	217.48758	6.7
AML_029_01	Imatinib	Imatinib_AML_029_01	230.89207	5.3
AML_030_01	Imatinib	Imatinib_AML_030_01	224.48354	0.9
AML_032_01	Imatinib	Imatinib_AML_032_01	233.18022	0.0
AML_033_01	Imatinib	Imatinib_AML_033_01	232.451	2.5
AML_033_02	Imatinib	Imatinib_AML_033_02	223.72643	0.8
AML_035_02	Imatinib	Imatinib_AML_035_02	237.45602	0.0
AML_035_04	Imatinib	Imatinib_AML_035_04	232.4098	0.0
AML_036_01	Imatinib	Imatinib_AML_036_01	230.0557	0.0
AML_040_01	Imatinib	Imatinib_AML_040_01	228.05428	5.7
AML_041_01	Imatinib	Imatinib_AML_041_01	230.89932	7.2
AML_042_01	Imatinib	Imatinib_AML_042_01	230.79614	5.3
AML_043_02	Imatinib	Imatinib_AML_043_02	224.37845	1.2
AML_045_01	Imatinib	Imatinib_AML_045_01	231.94043	2.2
AML_046_01	Imatinib	Imatinib_AML_046_01	227.66466	7.8
AML_051_01	Imatinib	Imatinib_AML_051_01	227.41792	0.5
AML_052_01	Imatinib	Imatinib_AML_052_01	234.33826	2.6
AML_053_01	Imatinib	Imatinib_AML_053_01	237.24626	0.0
AML_054_01	Imatinib	Imatinib_AML_054_01	226.26628	2.7
AML_057_01	Imatinib	Imatinib_AML_057_01	229.08348	2.5
AML_058_01	Imatinib	Imatinib_AML_058_01	224.115	6.0
AML_059_01	Imatinib	Imatinib_AML_059_01	230.59451	3.2
AML_060_01	Imatinib	Imatinib_AML_060_01	231.08188	2.8
AML_061_01	Imatinib	Imatinib_AML_061_01	231.39653	0.0
AML_062_01	Imatinib	Imatinib_AML_062_01	223.0092	0.0
AML_064_01	Imatinib	Imatinib_AML_064_01	229.72473	0.0
AML_065_01	Imatinib	Imatinib_AML_065_01	227.90591	5.6
AML_067_01	Imatinib	Imatinib_AML_067_01	226.75157	5.9
AML_070_01	Imatinib	Imatinib_AML_070_01	232.23315	1.1
AML_072_01	Imatinib	Imatinib_AML_072_01	234.15	2.7
AML_073_01	Imatinib	Imatinib_AML_073_01	231.16135	3.3
AML_074_01	Imatinib	Imatinib_AML_074_01	233.6627	3.3
AML_075_01	Imatinib	Imatinib_AML_075_01	230.59161	0.0
AML_076_01	Imatinib	Imatinib_AML_076_01	232.98204	2.1
AML_076_02	Imatinib	Imatinib_AML_076_02	223.73706	1.7
AML_077_01	Imatinib	Imatinib_AML_077_01	235.81725	1.3
AML_078_02	Imatinib	Imatinib_AML_078_02	226.26895	0.6
AML_084_01	Imatinib	Imatinib_AML_084_01	225.47754	0.7
AML_086_02	Imatinib	Imatinib_AML_086_02	231.68005	2.6
AML_098_01	Imatinib	Imatinib_AML_098_01	225.79173	2.9
AML_100_01	Imatinib	Imatinib_AML_100_01	230.02461	3.0
AML_101_01	Imatinib	Imatinib_AML_101_01	222.1977	12.4
AML_101_02	Imatinib	Imatinib_AML_101_02	231.70976	2.2
AML_102_01	Imatinib	Imatinib_AML_102_01	224.80235	1.6
AML_103_01	Imatinib	Imatinib_AML_103_01	217.80406	2.6
AML_103_02	Imatinib	Imatinib_AML_103_02	219.54709	1.2
AML_104_01	Imatinib	Imatinib_AML_104_01	228.73633	0.8
AML_108_01	Imatinib	Imatinib_AML_108_01	222.64406	7.2
AML_109_01	Imatinib	Imatinib_AML_109_01	224.91385	3.5
AML_110_01	Imatinib	Imatinib_AML_110_01	228.65248	2.5
AML_112_01	Imatinib	Imatinib_AML_112_01	221.5123	4.2
AML_112_02	Imatinib	Imatinib_AML_112_02	226.25615	6.7
AML_113_01	Imatinib	Imatinib_AML_113_01	224.1804	6.2
AML_114_01	Imatinib	Imatinib_AML_114_01	220.01445	1.3
AML_115_01	Imatinib	Imatinib_AML_115_01	225.76694	7.0
AML_116_01	Imatinib	Imatinib_AML_116_01	231.8371	2.5
AML_117_01	Imatinib	Imatinib_AML_117_01	228.58658	3.0
AML_119_01	Imatinib	Imatinib_AML_119_01	223.56512	0.3
AML_120_01	Imatinib	Imatinib_AML_120_01	227.76353	9.9
AML_120_03	Imatinib	Imatinib_AML_120_03	231.81984	9.4
AML_122_01	Imatinib	Imatinib_AML_122_01	230.57935	2.4
AML_123_01	Imatinib	Imatinib_AML_123_01	233.70949	4.4
AML_124_01	Imatinib	Imatinib_AML_124_01	230.32765	5.0
AML_125_01	Imatinib	Imatinib_AML_125_01	233.09557	0.7
AML_126_01	Imatinib	Imatinib_AML_126_01	227.98944	2.0
AML_127_01	Imatinib	Imatinib_AML_127_01	227.97719	4.5
AML_128_01	Imatinib	Imatinib_AML_128_01	233.0277	1.1
AML_129_02	Imatinib	Imatinib_AML_129_02	231.65126	4.3
AML_129_03	Imatinib	Imatinib_AML_129_03	228.05772	0.0
AML_131_01	Imatinib	Imatinib_AML_131_01	230.63234	2.9
AML_133_01	Imatinib	Imatinib_AML_133_01	228.568	0.0
AML_134_01	Imatinib	Imatinib_AML_134_01	227.75697	1.0
AML_135_01	Imatinib	Imatinib_AML_135_01	231.69823	4.8
AML_138_01	Imatinib	Imatinib_AML_138_01	229.67566	0.0
AML_139_01	Imatinib	Imatinib_AML_139_01	238.277	4.5
AML_140_01	Imatinib	Imatinib_AML_140_01	229.37663	2.2
AML_142_01	Imatinib	Imatinib_AML_142_01	226.09003	0.0
AML_143_01	Imatinib	Imatinib_AML_143_01	230.04324	0.0
AML_144_01	Imatinib	Imatinib_AML_144_01	235.47641	2.2
AML_146_01	Imatinib	Imatinib_AML_146_01	231.68456	2.6
AML_147_01	Imatinib	Imatinib_AML_147_01	230.79886	5.0
AML_151_01	Imatinib	Imatinib_AML_151_01	224.38191	1.4
AML_152_01	Imatinib	Imatinib_AML_152_01	230.27037	1.4
AML_153_01	Imatinib	Imatinib_AML_153_01	219.70654	0.6
AML_156_01	Imatinib	Imatinib_AML_156_01	226.17574	1.9
AML_157_01	Imatinib	Imatinib_AML_157_01	232.21715	5.4
AML_157_02	Imatinib	Imatinib_AML_157_02	233.24965	5.9
AML_158_01	Imatinib	Imatinib_AML_158_01	233.96066	2.1
AML_159_01	Imatinib	Imatinib_AML_159_01	232.73004	2.4
AML_160_01	Imatinib	Imatinib_AML_160_01	225.92503	4.2
AML_161_01	Imatinib	Imatinib_AML_161_01	219.97424	1.2
AML_175_01	Imatinib	Imatinib_AML_175_01	232.41615	0.0
AML_179_01	Imatinib	Imatinib_AML_179_01	234.23795	1.5
AML_183_01	Imatinib	Imatinib_AML_183_01	233.63454	1.2
AML_183_02	Imatinib	Imatinib_AML_183_02	228.41777	3.5
AML_183_03	Imatinib	Imatinib_AML_183_03	223.79819	2.5
AML_184_01	Imatinib	Imatinib_AML_184_01	225.85132	3.8
AML_185_01	Imatinib	Imatinib_AML_185_01	238.64096	1.6
AML_004_01	JNJ-38877605	JNJ-38877605_AML_004_01	236.52957	0.0
AML_019_01	JNJ-38877605	JNJ-38877605_AML_019_01	231.5209	2.3
AML_025_01	JNJ-38877605	JNJ-38877605_AML_025_01	240.17776	1.9
AML_026_01	JNJ-38877605	JNJ-38877605_AML_026_01	241.749	0.6
AML_029_01	JNJ-38877605	JNJ-38877605_AML_029_01	238.97026	0.0
AML_030_01	JNJ-38877605	JNJ-38877605_AML_030_01	234.8917	0.7
AML_033_01	JNJ-38877605	JNJ-38877605_AML_033_01	236.72112	2.2
AML_033_02	JNJ-38877605	JNJ-38877605_AML_033_02	234.53358	0.4
AML_041_01	JNJ-38877605	JNJ-38877605_AML_041_01	241.186	0.0
AML_042_01	JNJ-38877605	JNJ-38877605_AML_042_01	240.6902	0.0
AML_043_02	JNJ-38877605	JNJ-38877605_AML_043_02	233.47812	0.2
AML_046_01	JNJ-38877605	JNJ-38877605_AML_046_01	232.90356	0.7
AML_052_01	JNJ-38877605	JNJ-38877605_AML_052_01	239.42645	1.7
AML_057_01	JNJ-38877605	JNJ-38877605_AML_057_01	239.95387	0.9
AML_058_01	JNJ-38877605	JNJ-38877605_AML_058_01	233.80661	0.0
AML_059_01	JNJ-38877605	JNJ-38877605_AML_059_01	237.47354	0.1
AML_060_01	JNJ-38877605	JNJ-38877605_AML_060_01	233.99135	0.0
AML_061_01	JNJ-38877605	JNJ-38877605_AML_061_01	235.5383	0.0
AML_062_01	JNJ-38877605	JNJ-38877605_AML_062_01	236.38751	1.7
AML_064_01	JNJ-38877605	JNJ-38877605_AML_064_01	239.7214	1.6
AML_065_01	JNJ-38877605	JNJ-38877605_AML_065_01	237.2248	2.5
AML_067_01	JNJ-38877605	JNJ-38877605_AML_067_01	238.06297	2.5
AML_070_01	JNJ-38877605	JNJ-38877605_AML_070_01	236.9772	0.4
AML_072_01	JNJ-38877605	JNJ-38877605_AML_072_01	237.60243	0.0
AML_073_01	JNJ-38877605	JNJ-38877605_AML_073_01	237.64268	0.7
AML_074_01	JNJ-38877605	JNJ-38877605_AML_074_01	240.41689	2.5
AML_075_01	JNJ-38877605	JNJ-38877605_AML_075_01	238.81284	0.0
AML_076_01	JNJ-38877605	JNJ-38877605_AML_076_01	241.13248	0.1
AML_076_02	JNJ-38877605	JNJ-38877605_AML_076_02	231.39093	1.5
AML_077_01	JNJ-38877605	JNJ-38877605_AML_077_01	239.95598	4.1
AML_078_02	JNJ-38877605	JNJ-38877605_AML_078_02	237.2021	1.7
AML_086_02	JNJ-38877605	JNJ-38877605_AML_086_02	237.78943	3.2
AML_098_01	JNJ-38877605	JNJ-38877605_AML_098_01	236.78105	0.0
AML_100_01	JNJ-38877605	JNJ-38877605_AML_100_01	239.06941	2.0
AML_101_01	JNJ-38877605	JNJ-38877605_AML_101_01	229.6751	0.0
AML_101_02	JNJ-38877605	JNJ-38877605_AML_101_02	234.72835	0.0
AML_102_01	JNJ-38877605	JNJ-38877605_AML_102_01	235.93295	0.0
AML_103_01	JNJ-38877605	JNJ-38877605_AML_103_01	232.75269	3.9
AML_103_02	JNJ-38877605	JNJ-38877605_AML_103_02	230.55151	0.7
AML_104_01	JNJ-38877605	JNJ-38877605_AML_104_01	240.0404	3.8
AML_108_01	JNJ-38877605	JNJ-38877605_AML_108_01	236.03505	5.1
AML_109_01	JNJ-38877605	JNJ-38877605_AML_109_01	229.10518	0.3
AML_110_01	JNJ-38877605	JNJ-38877605_AML_110_01	236.58452	3.6
AML_112_01	JNJ-38877605	JNJ-38877605_AML_112_01	231.92621	4.7
AML_112_02	JNJ-38877605	JNJ-38877605_AML_112_02	234.9762	1.7
AML_113_01	JNJ-38877605	JNJ-38877605_AML_113_01	232.20432	5.0
AML_114_01	JNJ-38877605	JNJ-38877605_AML_114_01	231.16348	0.6
AML_115_01	JNJ-38877605	JNJ-38877605_AML_115_01	236.70685	4.3
AML_116_01	JNJ-38877605	JNJ-38877605_AML_116_01	239.21275	1.7
AML_117_01	JNJ-38877605	JNJ-38877605_AML_117_01	234.4561	0.0
AML_119_01	JNJ-38877605	JNJ-38877605_AML_119_01	235.01541	1.0
AML_122_01	JNJ-38877605	JNJ-38877605_AML_122_01	242.6227	1.2
AML_123_01	JNJ-38877605	JNJ-38877605_AML_123_01	240.31413	3.2
AML_124_01	JNJ-38877605	JNJ-38877605_AML_124_01	238.60385	2.6
AML_125_01	JNJ-38877605	JNJ-38877605_AML_125_01	235.10835	2.0
AML_126_01	JNJ-38877605	JNJ-38877605_AML_126_01	235.84358	0.8
AML_127_01	JNJ-38877605	JNJ-38877605_AML_127_01	237.38885	0.3
AML_128_01	JNJ-38877605	JNJ-38877605_AML_128_01	237.7761	0.7
AML_131_01	JNJ-38877605	JNJ-38877605_AML_131_01	240.60052	0.5
AML_133_01	JNJ-38877605	JNJ-38877605_AML_133_01	233.71745	0.7
AML_134_01	JNJ-38877605	JNJ-38877605_AML_134_01	229.58144	0.0
AML_135_01	JNJ-38877605	JNJ-38877605_AML_135_01	238.07155	3.4
AML_138_01	JNJ-38877605	JNJ-38877605_AML_138_01	233.64006	3.3
AML_139_01	JNJ-38877605	JNJ-38877605_AML_139_01	244.2122	2.7
AML_140_01	JNJ-38877605	JNJ-38877605_AML_140_01	239.76562	1.7
AML_142_01	JNJ-38877605	JNJ-38877605_AML_142_01	233.04953	2.9
AML_143_01	JNJ-38877605	JNJ-38877605_AML_143_01	236.65497	0.5
AML_144_01	JNJ-38877605	JNJ-38877605_AML_144_01	239.33456	4.2
AML_146_01	JNJ-38877605	JNJ-38877605_AML_146_01	235.4415	2.7
AML_147_01	JNJ-38877605	JNJ-38877605_AML_147_01	238.3513	1.2
AML_151_01	JNJ-38877605	JNJ-38877605_AML_151_01	235.66777	0.6
AML_152_01	JNJ-38877605	JNJ-38877605_AML_152_01	237.17065	0.5
AML_153_01	JNJ-38877605	JNJ-38877605_AML_153_01	226.02272	3.2
AML_156_01	JNJ-38877605	JNJ-38877605_AML_156_01	232.54178	2.1
AML_157_01	JNJ-38877605	JNJ-38877605_AML_157_01	239.84445	3.1
AML_157_02	JNJ-38877605	JNJ-38877605_AML_157_02	241.04034	2.8
AML_158_01	JNJ-38877605	JNJ-38877605_AML_158_01	242.31732	1.2
AML_159_01	JNJ-38877605	JNJ-38877605_AML_159_01	238.15897	1.0
AML_160_01	JNJ-38877605	JNJ-38877605_AML_160_01	237.5393	2.7
AML_161_01	JNJ-38877605	JNJ-38877605_AML_161_01	229.4803	1.2
AML_183_01	JNJ-38877605	JNJ-38877605_AML_183_01	240.25165	2.2
AML_183_02	JNJ-38877605	JNJ-38877605_AML_183_02	239.719	1.5
AML_183_03	JNJ-38877605	JNJ-38877605_AML_183_03	236.84274	2.7
AML_001_03	JQ1	JQ1_AML_001_03	163.73521	22.9
AML_003_02	JQ1	JQ1_AML_003_02	175.52066	20.7
AML_004_01	JQ1	JQ1_AML_004_01	169.19798	15.5
AML_006_02	JQ1	JQ1_AML_006_02	166.95541	17.8
AML_007_01	JQ1	JQ1_AML_007_01	167.4332	10.1
AML_007_02	JQ1	JQ1_AML_007_02	166.54529	12.3
AML_012_01	JQ1	JQ1_AML_012_01	177.1808	5.6
AML_013_01	JQ1	JQ1_AML_013_01	173.47913	15.9
AML_014_01	JQ1	JQ1_AML_014_01	165.51903	20.8
AML_015_01	JQ1	JQ1_AML_015_01	169.2858	9.1
AML_015_02	JQ1	JQ1_AML_015_02	170.21376	17.8
AML_015_03	JQ1	JQ1_AML_015_03	167.80255	17.5
AML_015_04	JQ1	JQ1_AML_015_04	173.51205	13.0
AML_018_01	JQ1	JQ1_AML_018_01	169.12897	26.4
AML_019_01	JQ1	JQ1_AML_019_01	170.90945	6.2
AML_020_01	JQ1	JQ1_AML_020_01	179.05704	4.1
AML_023_04	JQ1	JQ1_AML_023_04	169.76472	15.6
AML_024_01	JQ1	JQ1_AML_024_01	169.69177	2.5
AML_025_01	JQ1	JQ1_AML_025_01	174.19284	17.2
AML_026_01	JQ1	JQ1_AML_026_01	166.02557	9.9
AML_028_01	JQ1	JQ1_AML_028_01	162.41203	9.5
AML_028_04	JQ1	JQ1_AML_028_04	175.00307	20.2
AML_029_01	JQ1	JQ1_AML_029_01	168.85164	14.9
AML_030_01	JQ1	JQ1_AML_030_01	160.47552	11.4
AML_032_01	JQ1	JQ1_AML_032_01	171.89616	3.8
AML_033_01	JQ1	JQ1_AML_033_01	172.34908	12.5
AML_033_02	JQ1	JQ1_AML_033_02	177.15666	13.8
AML_035_02	JQ1	JQ1_AML_035_02	170.79532	17.3
AML_035_04	JQ1	JQ1_AML_035_04	178.22537	14.3
AML_036_01	JQ1	JQ1_AML_036_01	165.47447	10.9
AML_040_01	JQ1	JQ1_AML_040_01	158.74239	22.6
AML_041_01	JQ1	JQ1_AML_041_01	167.03719	10.6
AML_042_01	JQ1	JQ1_AML_042_01	171.59695	16.5
AML_043_02	JQ1	JQ1_AML_043_02	175.72156	19.3
AML_045_01	JQ1	JQ1_AML_045_01	173.17154	6.9
AML_046_01	JQ1	JQ1_AML_046_01	166.38486	9.2
AML_051_01	JQ1	JQ1_AML_051_01	162.06386	6.7
AML_052_01	JQ1	JQ1_AML_052_01	166.35834	18.5
AML_053_01	JQ1	JQ1_AML_053_01	172.05428	11.2
AML_054_01	JQ1	JQ1_AML_054_01	170.04114	14.0
AML_057_01	JQ1	JQ1_AML_057_01	165.0926	20.2
AML_058_01	JQ1	JQ1_AML_058_01	164.15198	10.7
AML_059_01	JQ1	JQ1_AML_059_01	160.98044	13.6
AML_060_01	JQ1	JQ1_AML_060_01	167.98059	14.6
AML_061_01	JQ1	JQ1_AML_061_01	163.90456	14.6
AML_062_01	JQ1	JQ1_AML_062_01	159.82755	16.0
AML_064_01	JQ1	JQ1_AML_064_01	173.05078	22.4
AML_065_01	JQ1	JQ1_AML_065_01	160.17783	18.8
AML_067_01	JQ1	JQ1_AML_067_01	156.969	21.1
AML_070_01	JQ1	JQ1_AML_070_01	170.14319	6.2
AML_072_01	JQ1	JQ1_AML_072_01	170.7341	3.5
AML_073_01	JQ1	JQ1_AML_073_01	173.70618	6.1
AML_074_01	JQ1	JQ1_AML_074_01	163.38713	11.2
AML_075_01	JQ1	JQ1_AML_075_01	162.66968	17.2
AML_076_01	JQ1	JQ1_AML_076_01	170.41069	11.1
AML_076_02	JQ1	JQ1_AML_076_02	164.43633	15.0
AML_077_01	JQ1	JQ1_AML_077_01	169.63437	15.8
AML_078_02	JQ1	JQ1_AML_078_02	161.59573	16.6
AML_084_01	JQ1	JQ1_AML_084_01	165.0013	19.2
AML_086_02	JQ1	JQ1_AML_086_02	175.23853	12.7
AML_098_01	JQ1	JQ1_AML_098_01	166.28535	8.1
AML_100_01	JQ1	JQ1_AML_100_01	161.55406	11.8
AML_101_01	JQ1	JQ1_AML_101_01	172.04968	19.8
AML_101_02	JQ1	JQ1_AML_101_02	176.3211	5.8
AML_102_01	JQ1	JQ1_AML_102_01	156.48183	16.2
AML_103_01	JQ1	JQ1_AML_103_01	168.5226	19.9
AML_103_02	JQ1	JQ1_AML_103_02	174.09631	18.7
AML_104_01	JQ1	JQ1_AML_104_01	160.89632	13.8
AML_108_01	JQ1	JQ1_AML_108_01	153.41927	20.8
AML_109_01	JQ1	JQ1_AML_109_01	169.02843	12.6
AML_110_01	JQ1	JQ1_AML_110_01	156.3725	14.3
AML_112_01	JQ1	JQ1_AML_112_01	158.33733	16.3
AML_112_02	JQ1	JQ1_AML_112_02	166.30774	20.1
AML_113_01	JQ1	JQ1_AML_113_01	168.6462	22.1
AML_114_01	JQ1	JQ1_AML_114_01	158.01984	10.7
AML_115_01	JQ1	JQ1_AML_115_01	154.15527	24.3
AML_116_01	JQ1	JQ1_AML_116_01	162.76129	14.6
AML_117_01	JQ1	JQ1_AML_117_01	162.4602	5.2
AML_119_01	JQ1	JQ1_AML_119_01	161.71185	17.3
AML_120_03	JQ1	JQ1_AML_120_03	166.93007	22.3
AML_122_01	JQ1	JQ1_AML_122_01	176.99944	10.5
AML_123_01	JQ1	JQ1_AML_123_01	166.59163	11.4
AML_124_01	JQ1	JQ1_AML_124_01	166.65623	20.6
AML_125_01	JQ1	JQ1_AML_125_01	167.30849	11.8
AML_126_01	JQ1	JQ1_AML_126_01	168.48859	19.4
AML_127_01	JQ1	JQ1_AML_127_01	164.11737	16.1
AML_128_01	JQ1	JQ1_AML_128_01	170.89597	13.4
AML_131_01	JQ1	JQ1_AML_131_01	171.2027	13.4
AML_133_01	JQ1	JQ1_AML_133_01	179.10791	14.7
AML_134_01	JQ1	JQ1_AML_134_01	176.88115	17.5
AML_135_01	JQ1	JQ1_AML_135_01	169.53891	19.7
AML_138_01	JQ1	JQ1_AML_138_01	170.96703	14.9
AML_139_01	JQ1	JQ1_AML_139_01	171.09444	16.1
AML_140_01	JQ1	JQ1_AML_140_01	159.14198	16.6
AML_142_01	JQ1	JQ1_AML_142_01	173.79074	17.3
AML_143_01	JQ1	JQ1_AML_143_01	162.37416	16.8
AML_144_01	JQ1	JQ1_AML_144_01	171.98961	17.2
AML_146_01	JQ1	JQ1_AML_146_01	167.3608	12.7
AML_147_01	JQ1	JQ1_AML_147_01	162.41803	14.0
AML_151_01	JQ1	JQ1_AML_151_01	162.66745	21.7
AML_152_01	JQ1	JQ1_AML_152_01	166.9569	12.3
AML_153_01	JQ1	JQ1_AML_153_01	174.99393	8.7
AML_156_01	JQ1	JQ1_AML_156_01	164.61801	22.6
AML_157_01	JQ1	JQ1_AML_157_01	168.51361	20.3
AML_157_02	JQ1	JQ1_AML_157_02	166.41754	19.5
AML_158_01	JQ1	JQ1_AML_158_01	168.21716	11.6
AML_159_01	JQ1	JQ1_AML_159_01	166.70183	14.6
AML_160_01	JQ1	JQ1_AML_160_01	161.28317	16.8
AML_161_01	JQ1	JQ1_AML_161_01	165.78859	18.4
AML_175_01	JQ1	JQ1_AML_175_01	163.95117	6.7
AML_183_01	JQ1	JQ1_AML_183_01	167.68832	15.3
AML_183_02	JQ1	JQ1_AML_183_02	158.4758	17.1
AML_183_03	JQ1	JQ1_AML_183_03	163.19395	15.9
AML_004_01	KW-2449	KW-2449_AML_004_01	216.47968	4.2
AML_019_01	KW-2449	KW-2449_AML_019_01	207.38483	0.0
AML_025_01	KW-2449	KW-2449_AML_025_01	224.23781	0.1
AML_026_01	KW-2449	KW-2449_AML_026_01	226.9027	0.0
AML_029_01	KW-2449	KW-2449_AML_029_01	222.41231	0.0
AML_030_01	KW-2449	KW-2449_AML_030_01	213.48068	0.0
AML_033_01	KW-2449	KW-2449_AML_033_01	213.36922	7.7
AML_033_02	KW-2449	KW-2449_AML_033_02	195.41788	6.0
AML_041_01	KW-2449	KW-2449_AML_041_01	223.91496	1.5
AML_042_01	KW-2449	KW-2449_AML_042_01	226.15761	3.0
AML_043_02	KW-2449	KW-2449_AML_043_02	198.51044	4.5
AML_046_01	KW-2449	KW-2449_AML_046_01	200.98735	18.4
AML_052_01	KW-2449	KW-2449_AML_052_01	218.80965	1.9
AML_057_01	KW-2449	KW-2449_AML_057_01	223.37311	1.0
AML_058_01	KW-2449	KW-2449_AML_058_01	208.93251	3.0
AML_059_01	KW-2449	KW-2449_AML_059_01	212.26067	4.0
AML_060_01	KW-2449	KW-2449_AML_060_01	211.51015	1.1
AML_061_01	KW-2449	KW-2449_AML_061_01	214.29565	2.7
AML_062_01	KW-2449	KW-2449_AML_062_01	212.21312	7.2
AML_064_01	KW-2449	KW-2449_AML_064_01	228.13892	0.1
AML_065_01	KW-2449	KW-2449_AML_065_01	213.0695	4.5
AML_067_01	KW-2449	KW-2449_AML_067_01	220.0853	3.2
AML_070_01	KW-2449	KW-2449_AML_070_01	226.01543	0.6
AML_072_01	KW-2449	KW-2449_AML_072_01	220.18431	0.0
AML_073_01	KW-2449	KW-2449_AML_073_01	218.5919	0.0
AML_074_01	KW-2449	KW-2449_AML_074_01	228.38983	0.0
AML_075_01	KW-2449	KW-2449_AML_075_01	222.66634	0.1
AML_076_01	KW-2449	KW-2449_AML_076_01	222.16197	1.5
AML_076_02	KW-2449	KW-2449_AML_076_02	205.7019	3.7
AML_077_01	KW-2449	KW-2449_AML_077_01	220.77457	2.8
AML_078_02	KW-2449	KW-2449_AML_078_02	217.98563	0.0
AML_086_02	KW-2449	KW-2449_AML_086_02	214.5608	0.9
AML_098_01	KW-2449	KW-2449_AML_098_01	221.8798	0.1
AML_100_01	KW-2449	KW-2449_AML_100_01	221.12314	0.0
AML_101_01	KW-2449	KW-2449_AML_101_01	206.91006	6.6
AML_101_02	KW-2449	KW-2449_AML_101_02	218.26935	0.0
AML_102_01	KW-2449	KW-2449_AML_102_01	215.92743	0.0
AML_103_01	KW-2449	KW-2449_AML_103_01	213.79398	1.0
AML_103_02	KW-2449	KW-2449_AML_103_02	195.50345	6.2
AML_104_01	KW-2449	KW-2449_AML_104_01	222.16258	0.0
AML_108_01	KW-2449	KW-2449_AML_108_01	211.21332	1.0
AML_109_01	KW-2449	KW-2449_AML_109_01	206.61316	0.0
AML_110_01	KW-2449	KW-2449_AML_110_01	211.82019	3.5
AML_112_01	KW-2449	KW-2449_AML_112_01	213.47078	2.7
AML_112_02	KW-2449	KW-2449_AML_112_02	218.71692	0.0
AML_113_01	KW-2449	KW-2449_AML_113_01	204.93462	4.8
AML_114_01	KW-2449	KW-2449_AML_114_01	209.88995	0.2
AML_115_01	KW-2449	KW-2449_AML_115_01	206.83136	3.0
AML_116_01	KW-2449	KW-2449_AML_116_01	223.93173	1.6
AML_117_01	KW-2449	KW-2449_AML_117_01	217.85272	1.1
AML_119_01	KW-2449	KW-2449_AML_119_01	215.39064	0.2
AML_122_01	KW-2449	KW-2449_AML_122_01	228.30154	0.0
AML_123_01	KW-2449	KW-2449_AML_123_01	227.31812	2.9
AML_124_01	KW-2449	KW-2449_AML_124_01	220.25894	4.9
AML_125_01	KW-2449	KW-2449_AML_125_01	214.95299	2.6
AML_126_01	KW-2449	KW-2449_AML_126_01	220.18706	6.6
AML_127_01	KW-2449	KW-2449_AML_127_01	220.93208	3.2
AML_128_01	KW-2449	KW-2449_AML_128_01	221.25082	0.6
AML_131_01	KW-2449	KW-2449_AML_131_01	225.18024	0.5
AML_133_01	KW-2449	KW-2449_AML_133_01	204.94865	3.3
AML_134_01	KW-2449	KW-2449_AML_134_01	210.19092	0.0
AML_135_01	KW-2449	KW-2449_AML_135_01	214.54565	1.7
AML_138_01	KW-2449	KW-2449_AML_138_01	211.70464	1.3
AML_139_01	KW-2449	KW-2449_AML_139_01	227.91821	4.6
AML_140_01	KW-2449	KW-2449_AML_140_01	217.72038	1.3
AML_142_01	KW-2449	KW-2449_AML_142_01	198.08571	7.3
AML_143_01	KW-2449	KW-2449_AML_143_01	216.36899	0.2
AML_144_01	KW-2449	KW-2449_AML_144_01	221.46246	1.0
AML_146_01	KW-2449	KW-2449_AML_146_01	220.58998	0.0
AML_147_01	KW-2449	KW-2449_AML_147_01	219.43785	0.9
AML_151_01	KW-2449	KW-2449_AML_151_01	209.27397	0.8
AML_152_01	KW-2449	KW-2449_AML_152_01	211.43884	1.5
AML_153_01	KW-2449	KW-2449_AML_153_01	199.2497	0.0
AML_156_01	KW-2449	KW-2449_AML_156_01	210.26788	1.7
AML_157_01	KW-2449	KW-2449_AML_157_01	219.75903	3.8
AML_157_02	KW-2449	KW-2449_AML_157_02	222.11424	5.5
AML_158_01	KW-2449	KW-2449_AML_158_01	224.05562	1.1
AML_159_01	KW-2449	KW-2449_AML_159_01	217.37273	1.6
AML_160_01	KW-2449	KW-2449_AML_160_01	208.32516	1.3
AML_161_01	KW-2449	KW-2449_AML_161_01	196.45723	2.7
AML_183_01	KW-2449	KW-2449_AML_183_01	225.66283	0.0
AML_183_02	KW-2449	KW-2449_AML_183_02	224.41696	2.3
AML_183_03	KW-2449	KW-2449_AML_183_03	215.94661	0.0
AML_001_01	Lapatinib	Lapatinib_AML_001_01	227.91191	0.0
AML_001_03	Lapatinib	Lapatinib_AML_001_03	227.12578	0.0
AML_002_01	Lapatinib	Lapatinib_AML_002_01	220.90146	1.3
AML_003_02	Lapatinib	Lapatinib_AML_003_02	215.73108	0.0
AML_004_01	Lapatinib	Lapatinib_AML_004_01	223.00298	0.2
AML_006_02	Lapatinib	Lapatinib_AML_006_02	228.5094	1.2
AML_007_01	Lapatinib	Lapatinib_AML_007_01	230.30035	0.3
AML_007_02	Lapatinib	Lapatinib_AML_007_02	232.67657	0.0
AML_012_01	Lapatinib	Lapatinib_AML_012_01	214.81456	0.0
AML_013_01	Lapatinib	Lapatinib_AML_013_01	222.89854	0.0
AML_014_01	Lapatinib	Lapatinib_AML_014_01	221.88058	0.0
AML_015_01	Lapatinib	Lapatinib_AML_015_01	225.13522	0.0
AML_015_02	Lapatinib	Lapatinib_AML_015_02	225.67538	0.0
AML_015_03	Lapatinib	Lapatinib_AML_015_03	228.17633	0.2
AML_015_04	Lapatinib	Lapatinib_AML_015_04	225.46927	0.0
AML_018_01	Lapatinib	Lapatinib_AML_018_01	213.00383	0.0
AML_019_01	Lapatinib	Lapatinib_AML_019_01	219.01248	0.0
AML_020_01	Lapatinib	Lapatinib_AML_020_01	226.53508	0.0
AML_022_01	Lapatinib	Lapatinib_AML_022_01	221.67447	3.0
AML_023_01	Lapatinib	Lapatinib_AML_023_01	224.4412	1.1
AML_023_03	Lapatinib	Lapatinib_AML_023_03	224.33456	0.2
AML_023_04	Lapatinib	Lapatinib_AML_023_04	225.62291	0.0
AML_024_01	Lapatinib	Lapatinib_AML_024_01	223.37083	0.0
AML_025_01	Lapatinib	Lapatinib_AML_025_01	227.88632	0.0
AML_026_01	Lapatinib	Lapatinib_AML_026_01	230.17517	0.0
AML_028_01	Lapatinib	Lapatinib_AML_028_01	219.24962	0.0
AML_028_04	Lapatinib	Lapatinib_AML_028_04	208.2662	0.0
AML_029_01	Lapatinib	Lapatinib_AML_029_01	227.89905	0.3
AML_030_01	Lapatinib	Lapatinib_AML_030_01	221.53172	0.0
AML_032_01	Lapatinib	Lapatinib_AML_032_01	225.57362	0.0
AML_033_01	Lapatinib	Lapatinib_AML_033_01	222.6159	0.0
AML_033_02	Lapatinib	Lapatinib_AML_033_02	212.57663	0.0
AML_035_02	Lapatinib	Lapatinib_AML_035_02	228.71603	0.0
AML_035_04	Lapatinib	Lapatinib_AML_035_04	221.65086	0.0
AML_036_01	Lapatinib	Lapatinib_AML_036_01	226.13884	0.0
AML_040_01	Lapatinib	Lapatinib_AML_040_01	224.12305	0.0
AML_041_01	Lapatinib	Lapatinib_AML_041_01	227.91321	0.0
AML_042_01	Lapatinib	Lapatinib_AML_042_01	228.44339	0.0
AML_043_02	Lapatinib	Lapatinib_AML_043_02	215.25656	0.0
AML_045_01	Lapatinib	Lapatinib_AML_045_01	224.27945	0.0
AML_046_01	Lapatinib	Lapatinib_AML_046_01	217.6694	0.0
AML_051_01	Lapatinib	Lapatinib_AML_051_01	221.38805	0.0
AML_052_01	Lapatinib	Lapatinib_AML_052_01	226.01482	0.0
AML_053_01	Lapatinib	Lapatinib_AML_053_01	228.30905	0.0
AML_054_01	Lapatinib	Lapatinib_AML_054_01	214.95514	0.0
AML_057_01	Lapatinib	Lapatinib_AML_057_01	228.89206	0.0
AML_058_01	Lapatinib	Lapatinib_AML_058_01	218.32927	0.0
AML_059_01	Lapatinib	Lapatinib_AML_059_01	223.26588	0.8
AML_060_01	Lapatinib	Lapatinib_AML_060_01	221.3494	0.4
AML_061_01	Lapatinib	Lapatinib_AML_061_01	223.14462	0.0
AML_062_01	Lapatinib	Lapatinib_AML_062_01	222.4256	0.3
AML_064_01	Lapatinib	Lapatinib_AML_064_01	228.5913	0.0
AML_065_01	Lapatinib	Lapatinib_AML_065_01	223.03773	0.0
AML_067_01	Lapatinib	Lapatinib_AML_067_01	224.6672	0.0
AML_070_01	Lapatinib	Lapatinib_AML_070_01	226.65552	0.2
AML_072_01	Lapatinib	Lapatinib_AML_072_01	225.15483	0.1
AML_073_01	Lapatinib	Lapatinib_AML_073_01	221.52841	0.0
AML_074_01	Lapatinib	Lapatinib_AML_074_01	229.49992	0.0
AML_075_01	Lapatinib	Lapatinib_AML_075_01	226.31882	0.0
AML_076_01	Lapatinib	Lapatinib_AML_076_01	226.77289	0.0
AML_076_02	Lapatinib	Lapatinib_AML_076_02	217.11223	0.0
AML_077_01	Lapatinib	Lapatinib_AML_077_01	226.66179	0.0
AML_078_02	Lapatinib	Lapatinib_AML_078_02	224.39735	0.0
AML_084_01	Lapatinib	Lapatinib_AML_084_01	217.74196	0.0
AML_086_02	Lapatinib	Lapatinib_AML_086_02	224.00597	0.0
AML_098_01	Lapatinib	Lapatinib_AML_098_01	223.25403	0.0
AML_100_01	Lapatinib	Lapatinib_AML_100_01	226.28297	0.0
AML_101_01	Lapatinib	Lapatinib_AML_101_01	215.05418	0.0
AML_101_02	Lapatinib	Lapatinib_AML_101_02	223.71274	0.1
AML_102_01	Lapatinib	Lapatinib_AML_102_01	223.02109	1.0
AML_103_01	Lapatinib	Lapatinib_AML_103_01	220.0063	0.0
AML_103_02	Lapatinib	Lapatinib_AML_103_02	212.90642	0.0
AML_104_01	Lapatinib	Lapatinib_AML_104_01	228.06572	0.0
AML_108_01	Lapatinib	Lapatinib_AML_108_01	221.6804	1.5
AML_109_01	Lapatinib	Lapatinib_AML_109_01	215.0454	0.0
AML_110_01	Lapatinib	Lapatinib_AML_110_01	223.44298	0.0
AML_112_01	Lapatinib	Lapatinib_AML_112_01	220.32036	0.0
AML_112_02	Lapatinib	Lapatinib_AML_112_02	225.34608	0.3
AML_113_01	Lapatinib	Lapatinib_AML_113_01	217.04933	0.0
AML_114_01	Lapatinib	Lapatinib_AML_114_01	218.24298	0.2
AML_115_01	Lapatinib	Lapatinib_AML_115_01	220.14081	0.0
AML_116_01	Lapatinib	Lapatinib_AML_116_01	225.47499	0.0
AML_117_01	Lapatinib	Lapatinib_AML_117_01	223.50635	0.0
AML_119_01	Lapatinib	Lapatinib_AML_119_01	220.85345	1.6
AML_120_01	Lapatinib	Lapatinib_AML_120_01	224.93762	2.7
AML_120_03	Lapatinib	Lapatinib_AML_120_03	226.83507	0.0
AML_122_01	Lapatinib	Lapatinib_AML_122_01	230.1355	0.0
AML_123_01	Lapatinib	Lapatinib_AML_123_01	229.88268	0.0
AML_124_01	Lapatinib	Lapatinib_AML_124_01	224.50233	0.0
AML_125_01	Lapatinib	Lapatinib_AML_125_01	223.59149	0.0
AML_126_01	Lapatinib	Lapatinib_AML_126_01	221.41277	0.0
AML_127_01	Lapatinib	Lapatinib_AML_127_01	225.79059	0.0
AML_128_01	Lapatinib	Lapatinib_AML_128_01	226.98083	0.2
AML_129_02	Lapatinib	Lapatinib_AML_129_02	225.28412	1.7
AML_129_03	Lapatinib	Lapatinib_AML_129_03	222.2927	2.1
AML_131_01	Lapatinib	Lapatinib_AML_131_01	228.74295	0.0
AML_133_01	Lapatinib	Lapatinib_AML_133_01	215.95622	0.0
AML_134_01	Lapatinib	Lapatinib_AML_134_01	217.19983	0.0
AML_135_01	Lapatinib	Lapatinib_AML_135_01	222.48508	0.0
AML_138_01	Lapatinib	Lapatinib_AML_138_01	221.94931	0.0
AML_139_01	Lapatinib	Lapatinib_AML_139_01	230.17905	0.6
AML_140_01	Lapatinib	Lapatinib_AML_140_01	226.02905	0.0
AML_142_01	Lapatinib	Lapatinib_AML_142_01	212.82631	0.0
AML_143_01	Lapatinib	Lapatinib_AML_143_01	223.03893	0.0
AML_144_01	Lapatinib	Lapatinib_AML_144_01	227.81206	0.0
AML_146_01	Lapatinib	Lapatinib_AML_146_01	226.67809	0.0
AML_147_01	Lapatinib	Lapatinib_AML_147_01	227.9563	0.0
AML_151_01	Lapatinib	Lapatinib_AML_151_01	221.4674	0.0
AML_152_01	Lapatinib	Lapatinib_AML_152_01	222.487	0.0
AML_153_01	Lapatinib	Lapatinib_AML_153_01	209.66116	0.0
AML_156_01	Lapatinib	Lapatinib_AML_156_01	220.4726	0.0
AML_157_01	Lapatinib	Lapatinib_AML_157_01	227.84169	0.1
AML_157_02	Lapatinib	Lapatinib_AML_157_02	227.95952	0.0
AML_158_01	Lapatinib	Lapatinib_AML_158_01	228.61491	0.0
AML_159_01	Lapatinib	Lapatinib_AML_159_01	225.5211	0.0
AML_160_01	Lapatinib	Lapatinib_AML_160_01	222.84018	0.0
AML_161_01	Lapatinib	Lapatinib_AML_161_01	212.18347	0.0
AML_175_01	Lapatinib	Lapatinib_AML_175_01	226.52559	0.0
AML_179_01	Lapatinib	Lapatinib_AML_179_01	224.75343	0.8
AML_183_01	Lapatinib	Lapatinib_AML_183_01	230.25786	0.0
AML_183_02	Lapatinib	Lapatinib_AML_183_02	226.7672	0.0
AML_183_03	Lapatinib	Lapatinib_AML_183_03	223.4753	0.0
AML_184_01	Lapatinib	Lapatinib_AML_184_01	223.28778	2.7
AML_185_01	Lapatinib	Lapatinib_AML_185_01	228.72401	0.7
AML_001_01	Lenalidomide	Lenalidomide_AML_001_01	240.0649	0.0
AML_001_03	Lenalidomide	Lenalidomide_AML_001_03	241.06561	3.7
AML_002_01	Lenalidomide	Lenalidomide_AML_002_01	236.77109	0.0
AML_003_02	Lenalidomide	Lenalidomide_AML_003_02	229.91219	1.6
AML_004_01	Lenalidomide	Lenalidomide_AML_004_01	242.22246	4.4
AML_006_02	Lenalidomide	Lenalidomide_AML_006_02	245.72957	0.1
AML_007_01	Lenalidomide	Lenalidomide_AML_007_01	246.39632	0.0
AML_007_02	Lenalidomide	Lenalidomide_AML_007_02	248.06195	0.0
AML_012_01	Lenalidomide	Lenalidomide_AML_012_01	226.90381	7.8
AML_013_01	Lenalidomide	Lenalidomide_AML_013_01	241.34178	0.0
AML_014_01	Lenalidomide	Lenalidomide_AML_014_01	237.81587	0.0
AML_015_01	Lenalidomide	Lenalidomide_AML_015_01	234.32516	2.2
AML_015_02	Lenalidomide	Lenalidomide_AML_015_02	241.40585	11.1
AML_015_03	Lenalidomide	Lenalidomide_AML_015_03	243.24486	10.7
AML_015_04	Lenalidomide	Lenalidomide_AML_015_04	237.74675	9.7
AML_018_01	Lenalidomide	Lenalidomide_AML_018_01	226.36984	0.1
AML_019_01	Lenalidomide	Lenalidomide_AML_019_01	230.84973	6.3
AML_020_01	Lenalidomide	Lenalidomide_AML_020_01	238.65398	3.7
AML_022_01	Lenalidomide	Lenalidomide_AML_022_01	239.47481	0.0
AML_023_01	Lenalidomide	Lenalidomide_AML_023_01	244.85374	0.0
AML_023_03	Lenalidomide	Lenalidomide_AML_023_03	242.35034	0.0
AML_023_04	Lenalidomide	Lenalidomide_AML_023_04	241.20152	0.5
AML_024_01	Lenalidomide	Lenalidomide_AML_024_01	234.08275	0.0
AML_025_01	Lenalidomide	Lenalidomide_AML_025_01	240.82373	0.0
AML_026_01	Lenalidomide	Lenalidomide_AML_026_01	250.75064	0.0
AML_028_01	Lenalidomide	Lenalidomide_AML_028_01	236.8103	1.6
AML_028_04	Lenalidomide	Lenalidomide_AML_028_04	220.39523	4.9
AML_029_01	Lenalidomide	Lenalidomide_AML_029_01	243.40906	0.5
AML_030_01	Lenalidomide	Lenalidomide_AML_030_01	240.45184	0.3
AML_032_01	Lenalidomide	Lenalidomide_AML_032_01	240.337	0.0
AML_033_01	Lenalidomide	Lenalidomide_AML_033_01	240.61964	0.0
AML_033_02	Lenalidomide	Lenalidomide_AML_033_02	226.28545	0.2
AML_035_02	Lenalidomide	Lenalidomide_AML_035_02	243.84271	0.6
AML_035_04	Lenalidomide	Lenalidomide_AML_035_04	234.78333	0.0
AML_036_01	Lenalidomide	Lenalidomide_AML_036_01	245.81302	1.0
AML_040_01	Lenalidomide	Lenalidomide_AML_040_01	246.45038	2.7
AML_041_01	Lenalidomide	Lenalidomide_AML_041_01	245.90228	0.3
AML_042_01	Lenalidomide	Lenalidomide_AML_042_01	244.42845	4.6
AML_043_02	Lenalidomide	Lenalidomide_AML_043_02	227.18051	1.8
AML_045_01	Lenalidomide	Lenalidomide_AML_045_01	238.99152	2.9
AML_046_01	Lenalidomide	Lenalidomide_AML_046_01	234.32326	9.2
AML_051_01	Lenalidomide	Lenalidomide_AML_051_01	236.27757	0.0
AML_052_01	Lenalidomide	Lenalidomide_AML_052_01	245.675	0.5
AML_053_01	Lenalidomide	Lenalidomide_AML_053_01	246.12563	0.0
AML_054_01	Lenalidomide	Lenalidomide_AML_054_01	231.64345	5.1
AML_057_01	Lenalidomide	Lenalidomide_AML_057_01	243.70561	3.0
AML_058_01	Lenalidomide	Lenalidomide_AML_058_01	235.71892	1.8
AML_059_01	Lenalidomide	Lenalidomide_AML_059_01	239.22083	1.5
AML_060_01	Lenalidomide	Lenalidomide_AML_060_01	236.13246	6.7
AML_061_01	Lenalidomide	Lenalidomide_AML_061_01	242.05847	2.1
AML_062_01	Lenalidomide	Lenalidomide_AML_062_01	237.82324	6.6
AML_064_01	Lenalidomide	Lenalidomide_AML_064_01	241.27809	7.5
AML_065_01	Lenalidomide	Lenalidomide_AML_065_01	239.46877	3.1
AML_067_01	Lenalidomide	Lenalidomide_AML_067_01	246.43727	1.4
AML_070_01	Lenalidomide	Lenalidomide_AML_070_01	245.14601	2.1
AML_072_01	Lenalidomide	Lenalidomide_AML_072_01	243.209	8.0
AML_073_01	Lenalidomide	Lenalidomide_AML_073_01	241.15013	2.0
AML_074_01	Lenalidomide	Lenalidomide_AML_074_01	253.37363	3.5
AML_075_01	Lenalidomide	Lenalidomide_AML_075_01	245.03165	1.1
AML_076_01	Lenalidomide	Lenalidomide_AML_076_01	241.9658	0.0
AML_076_02	Lenalidomide	Lenalidomide_AML_076_02	235.21698	3.6
AML_077_01	Lenalidomide	Lenalidomide_AML_077_01	245.89069	2.1
AML_078_02	Lenalidomide	Lenalidomide_AML_078_02	244.86911	1.6
AML_084_01	Lenalidomide	Lenalidomide_AML_084_01	236.90921	0.0
AML_086_02	Lenalidomide	Lenalidomide_AML_086_02	239.53108	2.2
AML_098_01	Lenalidomide	Lenalidomide_AML_098_01	245.47049	0.0
AML_100_01	Lenalidomide	Lenalidomide_AML_100_01	246.08041	2.0
AML_101_01	Lenalidomide	Lenalidomide_AML_101_01	229.16115	7.3
AML_101_02	Lenalidomide	Lenalidomide_AML_101_02	239.7935	1.4
AML_102_01	Lenalidomide	Lenalidomide_AML_102_01	244.54932	0.1
AML_103_01	Lenalidomide	Lenalidomide_AML_103_01	234.28503	3.1
AML_103_02	Lenalidomide	Lenalidomide_AML_103_02	221.94319	0.0
AML_104_01	Lenalidomide	Lenalidomide_AML_104_01	244.5906	0.0
AML_108_01	Lenalidomide	Lenalidomide_AML_108_01	237.99408	3.0
AML_109_01	Lenalidomide	Lenalidomide_AML_109_01	233.0279	7.9
AML_110_01	Lenalidomide	Lenalidomide_AML_110_01	243.91768	6.0
AML_112_01	Lenalidomide	Lenalidomide_AML_112_01	240.68364	6.9
AML_112_02	Lenalidomide	Lenalidomide_AML_112_02	241.31291	4.0
AML_113_01	Lenalidomide	Lenalidomide_AML_113_01	230.57266	3.2
AML_114_01	Lenalidomide	Lenalidomide_AML_114_01	240.41925	0.0
AML_115_01	Lenalidomide	Lenalidomide_AML_115_01	238.6595	10.7
AML_116_01	Lenalidomide	Lenalidomide_AML_116_01	248.27982	0.2
AML_117_01	Lenalidomide	Lenalidomide_AML_117_01	244.25217	2.0
AML_119_01	Lenalidomide	Lenalidomide_AML_119_01	247.28564	1.9
AML_120_01	Lenalidomide	Lenalidomide_AML_120_01	241.50273	0.0
AML_120_03	Lenalidomide	Lenalidomide_AML_120_03	243.47067	0.0
AML_122_01	Lenalidomide	Lenalidomide_AML_122_01	242.51459	0.0
AML_123_01	Lenalidomide	Lenalidomide_AML_123_01	251.51317	5.0
AML_124_01	Lenalidomide	Lenalidomide_AML_124_01	243.81117	2.6
AML_125_01	Lenalidomide	Lenalidomide_AML_125_01	239.92332	0.0
AML_126_01	Lenalidomide	Lenalidomide_AML_126_01	239.59761	0.7
AML_127_01	Lenalidomide	Lenalidomide_AML_127_01	243.76892	3.4
AML_128_01	Lenalidomide	Lenalidomide_AML_128_01	244.13667	6.7
AML_129_02	Lenalidomide	Lenalidomide_AML_129_02	242.92812	7.4
AML_129_03	Lenalidomide	Lenalidomide_AML_129_03	238.39894	0.6
AML_131_01	Lenalidomide	Lenalidomide_AML_131_01	246.486	0.0
AML_133_01	Lenalidomide	Lenalidomide_AML_133_01	230.08679	7.5
AML_134_01	Lenalidomide	Lenalidomide_AML_134_01	230.81831	5.6
AML_135_01	Lenalidomide	Lenalidomide_AML_135_01	242.0995	2.0
AML_138_01	Lenalidomide	Lenalidomide_AML_138_01	235.87045	0.0
AML_139_01	Lenalidomide	Lenalidomide_AML_139_01	249.54332	0.4
AML_140_01	Lenalidomide	Lenalidomide_AML_140_01	245.49702	7.6
AML_142_01	Lenalidomide	Lenalidomide_AML_142_01	227.36957	15.1
AML_143_01	Lenalidomide	Lenalidomide_AML_143_01	243.40149	0.0
AML_144_01	Lenalidomide	Lenalidomide_AML_144_01	242.22136	7.7
AML_146_01	Lenalidomide	Lenalidomide_AML_146_01	241.96259	5.6
AML_147_01	Lenalidomide	Lenalidomide_AML_147_01	242.03014	6.8
AML_151_01	Lenalidomide	Lenalidomide_AML_151_01	235.20374	15.5
AML_152_01	Lenalidomide	Lenalidomide_AML_152_01	240.38162	0.1
AML_153_01	Lenalidomide	Lenalidomide_AML_153_01	221.13539	6.1
AML_156_01	Lenalidomide	Lenalidomide_AML_156_01	237.73383	0.0
AML_157_01	Lenalidomide	Lenalidomide_AML_157_01	241.85052	4.2
AML_157_02	Lenalidomide	Lenalidomide_AML_157_02	246.11159	3.0
AML_158_01	Lenalidomide	Lenalidomide_AML_158_01	245.3569	0.0
AML_159_01	Lenalidomide	Lenalidomide_AML_159_01	242.74129	0.0
AML_160_01	Lenalidomide	Lenalidomide_AML_160_01	235.47386	1.7
AML_161_01	Lenalidomide	Lenalidomide_AML_161_01	225.7604	1.2
AML_175_01	Lenalidomide	Lenalidomide_AML_175_01	247.52318	0.0
AML_179_01	Lenalidomide	Lenalidomide_AML_179_01	238.80786	11.3
AML_183_01	Lenalidomide	Lenalidomide_AML_183_01	246.3193	0.0
AML_183_02	Lenalidomide	Lenalidomide_AML_183_02	246.9305	0.0
AML_183_03	Lenalidomide	Lenalidomide_AML_183_03	240.904	0.0
AML_184_01	Lenalidomide	Lenalidomide_AML_184_01	249.77759	0.0
AML_185_01	Lenalidomide	Lenalidomide_AML_185_01	244.73085	0.0
AML_004_01	Lenvatinib	Lenvatinib_AML_004_01	199.02904	1.3
AML_019_01	Lenvatinib	Lenvatinib_AML_019_01	206.66003	1.0
AML_025_01	Lenvatinib	Lenvatinib_AML_025_01	207.81851	0.0
AML_026_01	Lenvatinib	Lenvatinib_AML_026_01	199.7824	0.0
AML_029_01	Lenvatinib	Lenvatinib_AML_029_01	198.85844	0.0
AML_030_01	Lenvatinib	Lenvatinib_AML_030_01	189.75005	0.0
AML_033_01	Lenvatinib	Lenvatinib_AML_033_01	202.97072	2.0
AML_033_02	Lenvatinib	Lenvatinib_AML_033_02	204.44919	4.3
AML_041_01	Lenvatinib	Lenvatinib_AML_041_01	200.83786	2.6
AML_042_01	Lenvatinib	Lenvatinib_AML_042_01	204.924	3.4
AML_043_02	Lenvatinib	Lenvatinib_AML_043_02	205.12491	0.0
AML_046_01	Lenvatinib	Lenvatinib_AML_046_01	197.60226	12.5
AML_052_01	Lenvatinib	Lenvatinib_AML_052_01	202.63676	0.0
AML_057_01	Lenvatinib	Lenvatinib_AML_057_01	201.36668	3.7
AML_058_01	Lenvatinib	Lenvatinib_AML_058_01	193.29607	3.1
AML_059_01	Lenvatinib	Lenvatinib_AML_059_01	195.74231	4.6
AML_060_01	Lenvatinib	Lenvatinib_AML_060_01	204.54965	3.5
AML_061_01	Lenvatinib	Lenvatinib_AML_061_01	197.88002	5.4
AML_062_01	Lenvatinib	Lenvatinib_AML_062_01	191.66344	7.2
AML_064_01	Lenvatinib	Lenvatinib_AML_064_01	206.86092	0.0
AML_065_01	Lenvatinib	Lenvatinib_AML_065_01	193.07852	4.7
AML_067_01	Lenvatinib	Lenvatinib_AML_067_01	190.4773	6.3
AML_070_01	Lenvatinib	Lenvatinib_AML_070_01	200.962	0.0
AML_072_01	Lenvatinib	Lenvatinib_AML_072_01	201.39256	1.6
AML_073_01	Lenvatinib	Lenvatinib_AML_073_01	207.99132	0.4
AML_074_01	Lenvatinib	Lenvatinib_AML_074_01	198.50595	0.6
AML_075_01	Lenvatinib	Lenvatinib_AML_075_01	196.66045	2.6
AML_076_01	Lenvatinib	Lenvatinib_AML_076_01	202.66676	0.1
AML_076_02	Lenvatinib	Lenvatinib_AML_076_02	192.77936	2.6
AML_077_01	Lenvatinib	Lenvatinib_AML_077_01	207.2024	0.0
AML_078_02	Lenvatinib	Lenvatinib_AML_078_02	191.86661	0.0
AML_086_02	Lenvatinib	Lenvatinib_AML_086_02	206.17448	1.5
AML_098_01	Lenvatinib	Lenvatinib_AML_098_01	197.136	0.0
AML_100_01	Lenvatinib	Lenvatinib_AML_100_01	193.34406	0.2
AML_101_01	Lenvatinib	Lenvatinib_AML_101_01	202.3409	11.6
AML_101_02	Lenvatinib	Lenvatinib_AML_101_02	211.8145	0.0
AML_102_01	Lenvatinib	Lenvatinib_AML_102_01	185.34848	0.0
AML_103_01	Lenvatinib	Lenvatinib_AML_103_01	194.65964	0.0
AML_103_02	Lenvatinib	Lenvatinib_AML_103_02	199.54074	2.8
AML_104_01	Lenvatinib	Lenvatinib_AML_104_01	192.73724	0.0
AML_108_01	Lenvatinib	Lenvatinib_AML_108_01	184.17891	0.0
AML_109_01	Lenvatinib	Lenvatinib_AML_109_01	203.50668	0.0
AML_110_01	Lenvatinib	Lenvatinib_AML_110_01	189.52946	1.5
AML_112_01	Lenvatinib	Lenvatinib_AML_112_01	185.15742	1.3
AML_112_02	Lenvatinib	Lenvatinib_AML_112_02	197.35706	0.3
AML_113_01	Lenvatinib	Lenvatinib_AML_113_01	198.12784	1.6
AML_114_01	Lenvatinib	Lenvatinib_AML_114_01	186.61069	0.0
AML_115_01	Lenvatinib	Lenvatinib_AML_115_01	186.34097	5.7
AML_116_01	Lenvatinib	Lenvatinib_AML_116_01	197.33192	0.0
AML_117_01	Lenvatinib	Lenvatinib_AML_117_01	190.92493	0.4
AML_119_01	Lenvatinib	Lenvatinib_AML_119_01	188.17049	0.8
AML_122_01	Lenvatinib	Lenvatinib_AML_122_01	209.84839	0.0
AML_123_01	Lenvatinib	Lenvatinib_AML_123_01	198.50766	0.0
AML_124_01	Lenvatinib	Lenvatinib_AML_124_01	196.61398	0.8
AML_125_01	Lenvatinib	Lenvatinib_AML_125_01	200.14343	0.0
AML_126_01	Lenvatinib	Lenvatinib_AML_126_01	196.1437	1.5
AML_127_01	Lenvatinib	Lenvatinib_AML_127_01	197.25017	0.0
AML_128_01	Lenvatinib	Lenvatinib_AML_128_01	205.6169	1.5
AML_131_01	Lenvatinib	Lenvatinib_AML_131_01	203.64616	0.0
AML_133_01	Lenvatinib	Lenvatinib_AML_133_01	210.11772	4.3
AML_134_01	Lenvatinib	Lenvatinib_AML_134_01	209.94563	0.0
AML_135_01	Lenvatinib	Lenvatinib_AML_135_01	201.67973	2.1
AML_138_01	Lenvatinib	Lenvatinib_AML_138_01	205.83987	1.6
AML_139_01	Lenvatinib	Lenvatinib_AML_139_01	212.00575	0.8
AML_140_01	Lenvatinib	Lenvatinib_AML_140_01	192.99727	0.0
AML_142_01	Lenvatinib	Lenvatinib_AML_142_01	203.41438	4.3
AML_143_01	Lenvatinib	Lenvatinib_AML_143_01	195.57826	0.0
AML_144_01	Lenvatinib	Lenvatinib_AML_144_01	207.84482	2.0
AML_146_01	Lenvatinib	Lenvatinib_AML_146_01	201.15067	0.0
AML_147_01	Lenvatinib	Lenvatinib_AML_147_01	197.86752	1.6
AML_151_01	Lenvatinib	Lenvatinib_AML_151_01	194.36136	7.4
AML_152_01	Lenvatinib	Lenvatinib_AML_152_01	196.84605	0.1
AML_153_01	Lenvatinib	Lenvatinib_AML_153_01	202.12286	0.0
AML_156_01	Lenvatinib	Lenvatinib_AML_156_01	198.0876	0.9
AML_157_01	Lenvatinib	Lenvatinib_AML_157_01	204.85191	2.3
AML_157_02	Lenvatinib	Lenvatinib_AML_157_02	201.35583	1.8
AML_158_01	Lenvatinib	Lenvatinib_AML_158_01	204.46764	0.0
AML_159_01	Lenvatinib	Lenvatinib_AML_159_01	198.79324	0.4
AML_160_01	Lenvatinib	Lenvatinib_AML_160_01	192.93472	0.0
AML_161_01	Lenvatinib	Lenvatinib_AML_161_01	195.20656	0.5
AML_183_01	Lenvatinib	Lenvatinib_AML_183_01	200.8659	0.0
AML_183_02	Lenvatinib	Lenvatinib_AML_183_02	194.5566	0.0
AML_183_03	Lenvatinib	Lenvatinib_AML_183_03	195.69444	0.0
AML_001_01	Lestaurtinib	Lestaurtinib_AML_001_01	197.01225	4.7
AML_001_03	Lestaurtinib	Lestaurtinib_AML_001_03	186.3804	13.7
AML_002_01	Lestaurtinib	Lestaurtinib_AML_002_01	193.68176	14.3
AML_003_02	Lestaurtinib	Lestaurtinib_AML_003_02	194.97694	13.3
AML_004_01	Lestaurtinib	Lestaurtinib_AML_004_01	189.40955	12.6
AML_006_02	Lestaurtinib	Lestaurtinib_AML_006_02	192.94557	7.1
AML_007_01	Lestaurtinib	Lestaurtinib_AML_007_01	187.47554	10.9
AML_007_02	Lestaurtinib	Lestaurtinib_AML_007_02	191.79915	9.7
AML_012_01	Lestaurtinib	Lestaurtinib_AML_012_01	195.14926	18.9
AML_013_01	Lestaurtinib	Lestaurtinib_AML_013_01	192.95445	21.7
AML_014_01	Lestaurtinib	Lestaurtinib_AML_014_01	188.7828	12.3
AML_015_01	Lestaurtinib	Lestaurtinib_AML_015_01	189.08337	19.3
AML_015_02	Lestaurtinib	Lestaurtinib_AML_015_02	189.99701	17.3
AML_015_03	Lestaurtinib	Lestaurtinib_AML_015_03	186.99417	28.2
AML_015_04	Lestaurtinib	Lestaurtinib_AML_015_04	192.95503	23.7
AML_018_01	Lestaurtinib	Lestaurtinib_AML_018_01	187.38258	30.3
AML_019_01	Lestaurtinib	Lestaurtinib_AML_019_01	194.85493	9.4
AML_020_01	Lestaurtinib	Lestaurtinib_AML_020_01	200.38069	0.0
AML_023_01	Lestaurtinib	Lestaurtinib_AML_023_01	182.47397	22.1
AML_023_03	Lestaurtinib	Lestaurtinib_AML_023_03	184.10132	16.5
AML_023_04	Lestaurtinib	Lestaurtinib_AML_023_04	189.72267	8.7
AML_024_01	Lestaurtinib	Lestaurtinib_AML_024_01	190.09477	14.2
AML_025_01	Lestaurtinib	Lestaurtinib_AML_025_01	196.24655	11.1
AML_026_01	Lestaurtinib	Lestaurtinib_AML_026_01	190.82718	7.4
AML_028_01	Lestaurtinib	Lestaurtinib_AML_028_01	181.92593	7.6
AML_028_04	Lestaurtinib	Lestaurtinib_AML_028_04	186.38928	23.2
AML_029_01	Lestaurtinib	Lestaurtinib_AML_029_01	185.5342	7.5
AML_030_01	Lestaurtinib	Lestaurtinib_AML_030_01	176.72826	4.7
AML_032_01	Lestaurtinib	Lestaurtinib_AML_032_01	195.00438	8.6
AML_033_01	Lestaurtinib	Lestaurtinib_AML_033_01	190.19893	18.7
AML_033_02	Lestaurtinib	Lestaurtinib_AML_033_02	196.26268	18.2
AML_035_02	Lestaurtinib	Lestaurtinib_AML_035_02	198.11118	8.6
AML_035_04	Lestaurtinib	Lestaurtinib_AML_035_04	204.21172	9.2
AML_036_01	Lestaurtinib	Lestaurtinib_AML_036_01	186.28033	10.5
AML_040_01	Lestaurtinib	Lestaurtinib_AML_040_01	182.85701	11.4
AML_041_01	Lestaurtinib	Lestaurtinib_AML_041_01	187.45236	6.4
AML_042_01	Lestaurtinib	Lestaurtinib_AML_042_01	192.05423	9.0
AML_043_02	Lestaurtinib	Lestaurtinib_AML_043_02	194.71455	14.4
AML_045_01	Lestaurtinib	Lestaurtinib_AML_045_01	193.47498	2.2
AML_046_01	Lestaurtinib	Lestaurtinib_AML_046_01	183.86269	25.9
AML_051_01	Lestaurtinib	Lestaurtinib_AML_051_01	180.34508	0.0
AML_052_01	Lestaurtinib	Lestaurtinib_AML_052_01	192.24104	11.1
AML_053_01	Lestaurtinib	Lestaurtinib_AML_053_01	195.21275	10.2
AML_054_01	Lestaurtinib	Lestaurtinib_AML_054_01	192.30237	14.8
AML_057_01	Lestaurtinib	Lestaurtinib_AML_057_01	188.92276	12.6
AML_058_01	Lestaurtinib	Lestaurtinib_AML_058_01	182.2523	7.4
AML_059_01	Lestaurtinib	Lestaurtinib_AML_059_01	184.74776	10.8
AML_060_01	Lestaurtinib	Lestaurtinib_AML_060_01	194.14275	6.0
AML_061_01	Lestaurtinib	Lestaurtinib_AML_061_01	190.88902	8.5
AML_062_01	Lestaurtinib	Lestaurtinib_AML_062_01	180.65588	17.0
AML_064_01	Lestaurtinib	Lestaurtinib_AML_064_01	192.46214	9.4
AML_065_01	Lestaurtinib	Lestaurtinib_AML_065_01	183.50299	15.6
AML_067_01	Lestaurtinib	Lestaurtinib_AML_067_01	178.30408	10.4
AML_070_01	Lestaurtinib	Lestaurtinib_AML_070_01	191.31284	8.0
AML_072_01	Lestaurtinib	Lestaurtinib_AML_072_01	192.2148	0.0
AML_073_01	Lestaurtinib	Lestaurtinib_AML_073_01	197.41891	0.2
AML_074_01	Lestaurtinib	Lestaurtinib_AML_074_01	185.29265	9.4
AML_075_01	Lestaurtinib	Lestaurtinib_AML_075_01	188.34546	7.7
AML_076_01	Lestaurtinib	Lestaurtinib_AML_076_01	189.42378	11.3
AML_076_02	Lestaurtinib	Lestaurtinib_AML_076_02	183.33685	19.2
AML_077_01	Lestaurtinib	Lestaurtinib_AML_077_01	195.45181	12.4
AML_078_02	Lestaurtinib	Lestaurtinib_AML_078_02	179.13152	10.0
AML_084_01	Lestaurtinib	Lestaurtinib_AML_084_01	181.38187	20.1
AML_086_02	Lestaurtinib	Lestaurtinib_AML_086_02	192.70059	10.9
AML_098_01	Lestaurtinib	Lestaurtinib_AML_098_01	185.78589	7.7
AML_100_01	Lestaurtinib	Lestaurtinib_AML_100_01	181.54662	7.5
AML_101_01	Lestaurtinib	Lestaurtinib_AML_101_01	191.268	17.4
AML_101_02	Lestaurtinib	Lestaurtinib_AML_101_02	199.14355	1.5
AML_102_01	Lestaurtinib	Lestaurtinib_AML_102_01	175.32616	7.8
AML_103_01	Lestaurtinib	Lestaurtinib_AML_103_01	181.42921	11.7
AML_103_02	Lestaurtinib	Lestaurtinib_AML_103_02	189.32632	19.3
AML_104_01	Lestaurtinib	Lestaurtinib_AML_104_01	180.62663	11.2
AML_108_01	Lestaurtinib	Lestaurtinib_AML_108_01	176.73116	15.3
AML_109_01	Lestaurtinib	Lestaurtinib_AML_109_01	192.90259	12.2
AML_110_01	Lestaurtinib	Lestaurtinib_AML_110_01	178.85512	19.0
AML_112_01	Lestaurtinib	Lestaurtinib_AML_112_01	173.23412	11.0
AML_112_02	Lestaurtinib	Lestaurtinib_AML_112_02	184.30219	11.6
AML_113_01	Lestaurtinib	Lestaurtinib_AML_113_01	186.4429	18.2
AML_114_01	Lestaurtinib	Lestaurtinib_AML_114_01	174.97702	10.5
AML_115_01	Lestaurtinib	Lestaurtinib_AML_115_01	176.82623	17.2
AML_116_01	Lestaurtinib	Lestaurtinib_AML_116_01	187.44215	12.0
AML_117_01	Lestaurtinib	Lestaurtinib_AML_117_01	179.1079	6.8
AML_119_01	Lestaurtinib	Lestaurtinib_AML_119_01	174.80167	13.9
AML_120_01	Lestaurtinib	Lestaurtinib_AML_120_01	186.19142	31.1
AML_120_03	Lestaurtinib	Lestaurtinib_AML_120_03	190.74948	19.0
AML_122_01	Lestaurtinib	Lestaurtinib_AML_122_01	193.06699	6.6
AML_123_01	Lestaurtinib	Lestaurtinib_AML_123_01	188.21576	8.2
AML_124_01	Lestaurtinib	Lestaurtinib_AML_124_01	187.67538	13.9
AML_125_01	Lestaurtinib	Lestaurtinib_AML_125_01	191.70665	11.0
AML_126_01	Lestaurtinib	Lestaurtinib_AML_126_01	186.87552	17.4
AML_127_01	Lestaurtinib	Lestaurtinib_AML_127_01	186.96762	15.0
AML_128_01	Lestaurtinib	Lestaurtinib_AML_128_01	190.15356	12.3
AML_129_02	Lestaurtinib	Lestaurtinib_AML_129_02	181.82253	30.1
AML_129_03	Lestaurtinib	Lestaurtinib_AML_129_03	182.3933	12.8
AML_131_01	Lestaurtinib	Lestaurtinib_AML_131_01	190.87279	8.5
AML_133_01	Lestaurtinib	Lestaurtinib_AML_133_01	198.51831	11.7
AML_134_01	Lestaurtinib	Lestaurtinib_AML_134_01	201.31439	12.6
AML_135_01	Lestaurtinib	Lestaurtinib_AML_135_01	188.8915	16.6
AML_138_01	Lestaurtinib	Lestaurtinib_AML_138_01	192.13333	17.8
AML_139_01	Lestaurtinib	Lestaurtinib_AML_139_01	196.67554	16.5
AML_140_01	Lestaurtinib	Lestaurtinib_AML_140_01	182.4558	14.3
AML_142_01	Lestaurtinib	Lestaurtinib_AML_142_01	193.82289	19.0
AML_143_01	Lestaurtinib	Lestaurtinib_AML_143_01	185.80804	10.4
AML_144_01	Lestaurtinib	Lestaurtinib_AML_144_01	196.1287	12.0
AML_146_01	Lestaurtinib	Lestaurtinib_AML_146_01	192.93883	8.7
AML_147_01	Lestaurtinib	Lestaurtinib_AML_147_01	185.79742	11.8
AML_151_01	Lestaurtinib	Lestaurtinib_AML_151_01	180.85606	11.8
AML_152_01	Lestaurtinib	Lestaurtinib_AML_152_01	185.45775	14.1
AML_153_01	Lestaurtinib	Lestaurtinib_AML_153_01	197.0821	0.0
AML_156_01	Lestaurtinib	Lestaurtinib_AML_156_01	186.3577	12.8
AML_157_01	Lestaurtinib	Lestaurtinib_AML_157_01	189.80069	17.8
AML_157_02	Lestaurtinib	Lestaurtinib_AML_157_02	189.39923	15.8
AML_158_01	Lestaurtinib	Lestaurtinib_AML_158_01	192.27562	11.2
AML_159_01	Lestaurtinib	Lestaurtinib_AML_159_01	189.20683	14.1
AML_160_01	Lestaurtinib	Lestaurtinib_AML_160_01	180.5818	11.2
AML_161_01	Lestaurtinib	Lestaurtinib_AML_161_01	186.20984	15.8
AML_175_01	Lestaurtinib	Lestaurtinib_AML_175_01	187.47894	0.0
AML_179_01	Lestaurtinib	Lestaurtinib_AML_179_01	196.27597	16.9
AML_183_01	Lestaurtinib	Lestaurtinib_AML_183_01	189.5675	8.7
AML_183_02	Lestaurtinib	Lestaurtinib_AML_183_02	181.1952	10.9
AML_183_03	Lestaurtinib	Lestaurtinib_AML_183_03	182.54865	9.4
AML_184_01	Lestaurtinib	Lestaurtinib_AML_184_01	176.83578	18.2
AML_185_01	Lestaurtinib	Lestaurtinib_AML_185_01	200.11946	16.6
AML_001_03	Linifanib	Linifanib_AML_001_03	219.53836	0.0
AML_003_02	Linifanib	Linifanib_AML_003_02	223.91957	1.3
AML_004_01	Linifanib	Linifanib_AML_004_01	224.85489	2.3
AML_006_02	Linifanib	Linifanib_AML_006_02	225.98874	0.8
AML_007_01	Linifanib	Linifanib_AML_007_01	219.13481	0.0
AML_007_02	Linifanib	Linifanib_AML_007_02	219.71411	0.0
AML_012_01	Linifanib	Linifanib_AML_012_01	227.2409	9.4
AML_013_01	Linifanib	Linifanib_AML_013_01	231.70357	8.0
AML_014_01	Linifanib	Linifanib_AML_014_01	226.04529	0.0
AML_015_01	Linifanib	Linifanib_AML_015_01	222.55997	7.2
AML_015_02	Linifanib	Linifanib_AML_015_02	219.67677	5.8
AML_015_03	Linifanib	Linifanib_AML_015_03	220.0238	4.5
AML_015_04	Linifanib	Linifanib_AML_015_04	222.81136	21.8
AML_018_01	Linifanib	Linifanib_AML_018_01	219.8022	0.7
AML_019_01	Linifanib	Linifanib_AML_019_01	226.54419	0.0
AML_020_01	Linifanib	Linifanib_AML_020_01	233.19429	0.0
AML_023_04	Linifanib	Linifanib_AML_023_04	216.29723	0.0
AML_024_01	Linifanib	Linifanib_AML_024_01	223.491	0.0
AML_025_01	Linifanib	Linifanib_AML_025_01	229.89403	0.0
AML_026_01	Linifanib	Linifanib_AML_026_01	225.84552	0.0
AML_028_01	Linifanib	Linifanib_AML_028_01	219.5849	5.4
AML_028_04	Linifanib	Linifanib_AML_028_04	218.525	14.4
AML_029_01	Linifanib	Linifanib_AML_029_01	222.0844	0.0
AML_030_01	Linifanib	Linifanib_AML_030_01	213.04417	0.0
AML_032_01	Linifanib	Linifanib_AML_032_01	227.71754	0.0
AML_033_01	Linifanib	Linifanib_AML_033_01	226.34192	2.0
AML_033_02	Linifanib	Linifanib_AML_033_02	226.62378	0.1
AML_035_02	Linifanib	Linifanib_AML_035_02	231.70172	0.0
AML_035_04	Linifanib	Linifanib_AML_035_04	232.71005	0.0
AML_036_01	Linifanib	Linifanib_AML_036_01	219.22583	0.0
AML_040_01	Linifanib	Linifanib_AML_040_01	219.90797	5.7
AML_041_01	Linifanib	Linifanib_AML_041_01	218.26122	3.0
AML_042_01	Linifanib	Linifanib_AML_042_01	222.92549	2.0
AML_043_02	Linifanib	Linifanib_AML_043_02	225.86229	0.0
AML_045_01	Linifanib	Linifanib_AML_045_01	224.7703	0.0
AML_046_01	Linifanib	Linifanib_AML_046_01	220.49033	17.7
AML_051_01	Linifanib	Linifanib_AML_051_01	218.44931	0.1
AML_052_01	Linifanib	Linifanib_AML_052_01	229.69289	0.0
AML_053_01	Linifanib	Linifanib_AML_053_01	230.18016	2.0
AML_054_01	Linifanib	Linifanib_AML_054_01	227.47153	3.6
AML_057_01	Linifanib	Linifanib_AML_057_01	218.52193	0.0
AML_058_01	Linifanib	Linifanib_AML_058_01	216.11737	4.5
AML_059_01	Linifanib	Linifanib_AML_059_01	220.77863	1.2
AML_060_01	Linifanib	Linifanib_AML_060_01	228.45969	1.6
AML_061_01	Linifanib	Linifanib_AML_061_01	222.81772	0.0
AML_062_01	Linifanib	Linifanib_AML_062_01	209.43266	1.3
AML_064_01	Linifanib	Linifanib_AML_064_01	217.6112	0.1
AML_065_01	Linifanib	Linifanib_AML_065_01	212.7335	2.7
AML_067_01	Linifanib	Linifanib_AML_067_01	209.92656	3.3
AML_070_01	Linifanib	Linifanib_AML_070_01	224.59715	0.0
AML_072_01	Linifanib	Linifanib_AML_072_01	229.43864	0.0
AML_073_01	Linifanib	Linifanib_AML_073_01	227.5917	0.4
AML_074_01	Linifanib	Linifanib_AML_074_01	220.21625	0.0
AML_075_01	Linifanib	Linifanib_AML_075_01	222.45695	0.5
AML_076_01	Linifanib	Linifanib_AML_076_01	220.74254	0.0
AML_076_02	Linifanib	Linifanib_AML_076_02	216.83252	0.0
AML_077_01	Linifanib	Linifanib_AML_077_01	229.07248	0.0
AML_078_02	Linifanib	Linifanib_AML_078_02	210.66724	0.0
AML_084_01	Linifanib	Linifanib_AML_084_01	220.58119	6.9
AML_086_02	Linifanib	Linifanib_AML_086_02	229.63522	0.0
AML_098_01	Linifanib	Linifanib_AML_098_01	218.39244	0.0
AML_100_01	Linifanib	Linifanib_AML_100_01	216.12297	0.0
AML_101_01	Linifanib	Linifanib_AML_101_01	221.15363	4.8
AML_101_02	Linifanib	Linifanib_AML_101_02	231.36777	0.0
AML_102_01	Linifanib	Linifanib_AML_102_01	205.25754	0.2
AML_103_01	Linifanib	Linifanib_AML_103_01	211.3416	0.0
AML_103_02	Linifanib	Linifanib_AML_103_02	221.23456	0.3
AML_104_01	Linifanib	Linifanib_AML_104_01	214.28448	0.0
AML_108_01	Linifanib	Linifanib_AML_108_01	207.35817	0.5
AML_109_01	Linifanib	Linifanib_AML_109_01	226.24106	0.4
AML_110_01	Linifanib	Linifanib_AML_110_01	213.3637	0.0
AML_112_01	Linifanib	Linifanib_AML_112_01	208.29431	0.0
AML_112_02	Linifanib	Linifanib_AML_112_02	215.039	0.0
AML_113_01	Linifanib	Linifanib_AML_113_01	219.5516	2.2
AML_114_01	Linifanib	Linifanib_AML_114_01	208.07178	0.0
AML_115_01	Linifanib	Linifanib_AML_115_01	211.7	0.0
AML_116_01	Linifanib	Linifanib_AML_116_01	222.93178	1.7
AML_117_01	Linifanib	Linifanib_AML_117_01	218.4164	0.0
AML_119_01	Linifanib	Linifanib_AML_119_01	209.97115	0.0
AML_120_03	Linifanib	Linifanib_AML_120_03	220.20387	6.9
AML_122_01	Linifanib	Linifanib_AML_122_01	219.92584	0.1
AML_123_01	Linifanib	Linifanib_AML_123_01	224.74927	0.0
AML_124_01	Linifanib	Linifanib_AML_124_01	220.25761	1.0
AML_125_01	Linifanib	Linifanib_AML_125_01	228.59915	0.0
AML_126_01	Linifanib	Linifanib_AML_126_01	220.81555	1.2
AML_127_01	Linifanib	Linifanib_AML_127_01	217.88448	0.0
AML_128_01	Linifanib	Linifanib_AML_128_01	228.52715	0.0
AML_131_01	Linifanib	Linifanib_AML_131_01	220.58449	0.0
AML_133_01	Linifanib	Linifanib_AML_133_01	231.51173	0.0
AML_134_01	Linifanib	Linifanib_AML_134_01	232.33223	0.0
AML_135_01	Linifanib	Linifanib_AML_135_01	222.8481	0.9
AML_138_01	Linifanib	Linifanib_AML_138_01	227.90088	0.0
AML_139_01	Linifanib	Linifanib_AML_139_01	230.68504	0.0
AML_140_01	Linifanib	Linifanib_AML_140_01	215.7725	0.5
AML_142_01	Linifanib	Linifanib_AML_142_01	226.81888	0.0
AML_143_01	Linifanib	Linifanib_AML_143_01	220.10431	0.0
AML_144_01	Linifanib	Linifanib_AML_144_01	230.55858	0.0
AML_146_01	Linifanib	Linifanib_AML_146_01	226.92505	0.0
AML_147_01	Linifanib	Linifanib_AML_147_01	217.13547	0.1
AML_151_01	Linifanib	Linifanib_AML_151_01	212.9023	0.7
AML_152_01	Linifanib	Linifanib_AML_152_01	220.58192	0.0
AML_153_01	Linifanib	Linifanib_AML_153_01	224.74977	0.0
AML_156_01	Linifanib	Linifanib_AML_156_01	221.55032	0.0
AML_157_01	Linifanib	Linifanib_AML_157_01	221.32277	3.0
AML_157_02	Linifanib	Linifanib_AML_157_02	222.13412	0.9
AML_158_01	Linifanib	Linifanib_AML_158_01	226.53506	0.0
AML_159_01	Linifanib	Linifanib_AML_159_01	223.93904	0.0
AML_160_01	Linifanib	Linifanib_AML_160_01	210.38081	0.0
AML_161_01	Linifanib	Linifanib_AML_161_01	217.8818	0.0
AML_175_01	Linifanib	Linifanib_AML_175_01	222.99744	0.0
AML_183_01	Linifanib	Linifanib_AML_183_01	222.14986	0.0
AML_183_02	Linifanib	Linifanib_AML_183_02	214.79536	0.0
AML_183_03	Linifanib	Linifanib_AML_183_03	211.09189	0.0
AML_001_01	Masitinib	Masitinib_AML_001_01	222.77502	2.3
AML_001_03	Masitinib	Masitinib_AML_001_03	215.924	3.1
AML_002_01	Masitinib	Masitinib_AML_002_01	215.78111	7.7
AML_003_02	Masitinib	Masitinib_AML_003_02	214.2802	3.9
AML_004_01	Masitinib	Masitinib_AML_004_01	213.91444	7.4
AML_006_02	Masitinib	Masitinib_AML_006_02	218.34877	0.0
AML_007_01	Masitinib	Masitinib_AML_007_01	214.89749	1.7
AML_007_02	Masitinib	Masitinib_AML_007_02	220.12029	3.8
AML_012_01	Masitinib	Masitinib_AML_012_01	215.33148	1.9
AML_013_01	Masitinib	Masitinib_AML_013_01	217.1256	0.4
AML_014_01	Masitinib	Masitinib_AML_014_01	212.44113	1.0
AML_015_01	Masitinib	Masitinib_AML_015_01	216.00847	26.0
AML_015_02	Masitinib	Masitinib_AML_015_02	213.83444	16.2
AML_015_03	Masitinib	Masitinib_AML_015_03	218.42442	29.7
AML_015_04	Masitinib	Masitinib_AML_015_04	220.15373	41.9
AML_018_01	Masitinib	Masitinib_AML_018_01	205.56818	5.6
AML_019_01	Masitinib	Masitinib_AML_019_01	214.44238	5.9
AML_020_01	Masitinib	Masitinib_AML_020_01	225.08759	0.0
AML_022_01	Masitinib	Masitinib_AML_022_01	207.18097	7.8
AML_023_01	Masitinib	Masitinib_AML_023_01	209.68002	12.0
AML_023_03	Masitinib	Masitinib_AML_023_03	211.30884	8.0
AML_023_04	Masitinib	Masitinib_AML_023_04	216.05582	5.6
AML_024_01	Masitinib	Masitinib_AML_024_01	211.78944	4.5
AML_025_01	Masitinib	Masitinib_AML_025_01	221.22438	4.0
AML_026_01	Masitinib	Masitinib_AML_026_01	218.31578	2.9
AML_028_01	Masitinib	Masitinib_AML_028_01	208.00064	1.2
AML_028_04	Masitinib	Masitinib_AML_028_04	206.46288	7.2
AML_029_01	Masitinib	Masitinib_AML_029_01	212.02878	5.9
AML_030_01	Masitinib	Masitinib_AML_030_01	204.29823	1.4
AML_032_01	Masitinib	Masitinib_AML_032_01	219.00392	1.8
AML_033_01	Masitinib	Masitinib_AML_033_01	217.4267	6.3
AML_033_02	Masitinib	Masitinib_AML_033_02	213.48148	5.1
AML_035_02	Masitinib	Masitinib_AML_035_02	223.19212	0.2
AML_035_04	Masitinib	Masitinib_AML_035_04	222.14026	0.1
AML_036_01	Masitinib	Masitinib_AML_036_01	215.01108	0.4
AML_041_01	Masitinib	Masitinib_AML_041_01	215.9805	7.3
AML_042_01	Masitinib	Masitinib_AML_042_01	220.06758	4.7
AML_043_02	Masitinib	Masitinib_AML_043_02	214.62639	4.1
AML_045_01	Masitinib	Masitinib_AML_045_01	216.72911	3.3
AML_046_01	Masitinib	Masitinib_AML_046_01	210.22781	8.0
AML_051_01	Masitinib	Masitinib_AML_051_01	209.78975	4.3
AML_052_01	Masitinib	Masitinib_AML_052_01	216.91632	3.2
AML_053_01	Masitinib	Masitinib_AML_053_01	220.42699	2.2
AML_054_01	Masitinib	Masitinib_AML_054_01	212.34494	7.4
AML_057_01	Masitinib	Masitinib_AML_057_01	216.1096	6.8
AML_058_01	Masitinib	Masitinib_AML_058_01	208.70921	4.6
AML_059_01	Masitinib	Masitinib_AML_059_01	211.23303	6.5
AML_060_01	Masitinib	Masitinib_AML_060_01	216.05566	7.8
AML_061_01	Masitinib	Masitinib_AML_061_01	214.59476	6.0
AML_062_01	Masitinib	Masitinib_AML_062_01	207.24725	7.3
AML_064_01	Masitinib	Masitinib_AML_064_01	216.69197	4.7
AML_065_01	Masitinib	Masitinib_AML_065_01	210.2683	5.7
AML_067_01	Masitinib	Masitinib_AML_067_01	209.38046	9.0
AML_070_01	Masitinib	Masitinib_AML_070_01	217.2988	3.1
AML_072_01	Masitinib	Masitinib_AML_072_01	217.76189	2.9
AML_073_01	Masitinib	Masitinib_AML_073_01	219.14157	4.4
AML_074_01	Masitinib	Masitinib_AML_074_01	213.77599	6.4
AML_075_01	Masitinib	Masitinib_AML_075_01	214.55461	3.1
AML_076_01	Masitinib	Masitinib_AML_076_01	217.80086	3.5
AML_076_02	Masitinib	Masitinib_AML_076_02	207.5791	3.9
AML_077_01	Masitinib	Masitinib_AML_077_01	221.60986	2.8
AML_078_02	Masitinib	Masitinib_AML_078_02	207.19455	1.8
AML_084_01	Masitinib	Masitinib_AML_084_01	208.52396	5.2
AML_086_02	Masitinib	Masitinib_AML_086_02	218.23105	5.4
AML_098_01	Masitinib	Masitinib_AML_098_01	211.59377	5.7
AML_100_01	Masitinib	Masitinib_AML_100_01	211.28094	4.0
AML_101_01	Masitinib	Masitinib_AML_101_01	211.57423	15.1
AML_101_02	Masitinib	Masitinib_AML_101_02	222.06436	5.0
AML_102_01	Masitinib	Masitinib_AML_102_01	201.4951	1.4
AML_103_01	Masitinib	Masitinib_AML_103_01	203.31169	5.0
AML_103_02	Masitinib	Masitinib_AML_103_02	208.30884	4.1
AML_104_01	Masitinib	Masitinib_AML_104_01	207.9841	3.0
AML_108_01	Masitinib	Masitinib_AML_108_01	203.66353	6.9
AML_109_01	Masitinib	Masitinib_AML_109_01	211.13716	3.5
AML_110_01	Masitinib	Masitinib_AML_110_01	208.17535	5.1
AML_112_01	Masitinib	Masitinib_AML_112_01	201.39667	5.3
AML_112_02	Masitinib	Masitinib_AML_112_02	210.62015	7.8
AML_113_01	Masitinib	Masitinib_AML_113_01	207.52637	7.3
AML_114_01	Masitinib	Masitinib_AML_114_01	202.96263	3.9
AML_115_01	Masitinib	Masitinib_AML_115_01	206.49411	9.0
AML_116_01	Masitinib	Masitinib_AML_116_01	214.72708	4.1
AML_117_01	Masitinib	Masitinib_AML_117_01	209.90654	5.5
AML_119_01	Masitinib	Masitinib_AML_119_01	208.0194	3.0
AML_120_01	Masitinib	Masitinib_AML_120_01	214.46191	15.5
AML_120_03	Masitinib	Masitinib_AML_120_03	218.3797	12.6
AML_122_01	Masitinib	Masitinib_AML_122_01	218.74492	6.5
AML_123_01	Masitinib	Masitinib_AML_123_01	215.39943	6.5
AML_124_01	Masitinib	Masitinib_AML_124_01	212.2037	7.8
AML_125_01	Masitinib	Masitinib_AML_125_01	215.99052	2.0
AML_126_01	Masitinib	Masitinib_AML_126_01	209.32077	4.0
AML_127_01	Masitinib	Masitinib_AML_127_01	212.53972	7.6
AML_128_01	Masitinib	Masitinib_AML_128_01	219.03146	3.5
AML_129_02	Masitinib	Masitinib_AML_129_02	212.65698	8.3
AML_129_03	Masitinib	Masitinib_AML_129_03	210.76045	8.5
AML_131_01	Masitinib	Masitinib_AML_131_01	216.06885	5.4
AML_133_01	Masitinib	Masitinib_AML_133_01	218.0927	0.0
AML_134_01	Masitinib	Masitinib_AML_134_01	215.24216	1.9
AML_135_01	Masitinib	Masitinib_AML_135_01	215.43777	6.8
AML_138_01	Masitinib	Masitinib_AML_138_01	217.29108	2.8
AML_139_01	Masitinib	Masitinib_AML_139_01	224.07347	7.0
AML_140_01	Masitinib	Masitinib_AML_140_01	211.0552	4.0
AML_142_01	Masitinib	Masitinib_AML_142_01	214.66301	1.7
AML_143_01	Masitinib	Masitinib_AML_143_01	213.86008	3.8
AML_144_01	Masitinib	Masitinib_AML_144_01	223.60645	4.2
AML_146_01	Masitinib	Masitinib_AML_146_01	217.62189	5.7
AML_147_01	Masitinib	Masitinib_AML_147_01	215.6964	5.5
AML_151_01	Masitinib	Masitinib_AML_151_01	206.99988	3.9
AML_152_01	Masitinib	Masitinib_AML_152_01	212.43375	2.3
AML_153_01	Masitinib	Masitinib_AML_153_01	210.53062	2.4
AML_156_01	Masitinib	Masitinib_AML_156_01	210.75098	4.5
AML_157_01	Masitinib	Masitinib_AML_157_01	217.23091	6.3
AML_157_02	Masitinib	Masitinib_AML_157_02	216.34248	8.7
AML_158_01	Masitinib	Masitinib_AML_158_01	219.34335	4.5
AML_159_01	Masitinib	Masitinib_AML_159_01	216.16768	5.4
AML_160_01	Masitinib	Masitinib_AML_160_01	209.69278	5.0
AML_161_01	Masitinib	Masitinib_AML_161_01	206.15462	5.5
AML_175_01	Masitinib	Masitinib_AML_175_01	212.6844	2.1
AML_179_01	Masitinib	Masitinib_AML_179_01	219.11073	10.0
AML_183_01	Masitinib	Masitinib_AML_183_01	216.88527	2.6
AML_183_02	Masitinib	Masitinib_AML_183_02	211.83487	7.1
AML_183_03	Masitinib	Masitinib_AML_183_03	211.49043	2.3
AML_184_01	Masitinib	Masitinib_AML_184_01	204.61879	8.2
AML_185_01	Masitinib	Masitinib_AML_185_01	225.76102	6.9
AML_001_03	Metformin	Metformin_AML_001_03	203.04146	0.0
AML_003_02	Metformin	Metformin_AML_003_02	201.69048	0.0
AML_004_01	Metformin	Metformin_AML_004_01	205.26111	0.0
AML_013_01	Metformin	Metformin_AML_013_01	210.37495	0.0
AML_015_01	Metformin	Metformin_AML_015_01	202.86098	0.0
AML_015_02	Metformin	Metformin_AML_015_02	205.03978	0.0
AML_015_03	Metformin	Metformin_AML_015_03	208.01065	0.0
AML_015_04	Metformin	Metformin_AML_015_04	207.59775	0.8
AML_018_01	Metformin	Metformin_AML_018_01	197.91722	0.0
AML_019_01	Metformin	Metformin_AML_019_01	203.11731	1.7
AML_020_01	Metformin	Metformin_AML_020_01	209.265	0.0
AML_024_01	Metformin	Metformin_AML_024_01	201.84708	0.0
AML_025_01	Metformin	Metformin_AML_025_01	209.14146	0.0
AML_026_01	Metformin	Metformin_AML_026_01	210.57768	0.0
AML_028_01	Metformin	Metformin_AML_028_01	198.41881	1.8
AML_028_04	Metformin	Metformin_AML_028_04	196.09947	0.0
AML_029_01	Metformin	Metformin_AML_029_01	204.54895	0.0
AML_030_01	Metformin	Metformin_AML_030_01	198.34865	0.1
AML_032_01	Metformin	Metformin_AML_032_01	208.65521	1.7
AML_033_01	Metformin	Metformin_AML_033_01	207.98221	0.0
AML_033_02	Metformin	Metformin_AML_033_02	202.94052	0.0
AML_035_02	Metformin	Metformin_AML_035_02	211.34277	0.0
AML_035_04	Metformin	Metformin_AML_035_04	208.66406	0.0
AML_036_01	Metformin	Metformin_AML_036_01	205.31491	4.6
AML_040_01	Metformin	Metformin_AML_040_01	203.2528	0.0
AML_041_01	Metformin	Metformin_AML_041_01	206.44188	0.2
AML_042_01	Metformin	Metformin_AML_042_01	209.75124	0.0
AML_043_02	Metformin	Metformin_AML_043_02	200.32605	0.0
AML_045_01	Metformin	Metformin_AML_045_01	206.48979	0.0
AML_046_01	Metformin	Metformin_AML_046_01	199.57132	0.7
AML_051_01	Metformin	Metformin_AML_051_01	201.5183	0.3
AML_052_01	Metformin	Metformin_AML_052_01	206.36975	0.0
AML_053_01	Metformin	Metformin_AML_053_01	210.79456	0.0
AML_054_01	Metformin	Metformin_AML_054_01	201.27783	0.0
AML_057_01	Metformin	Metformin_AML_057_01	205.61081	0.0
AML_058_01	Metformin	Metformin_AML_058_01	198.53745	0.3
AML_059_01	Metformin	Metformin_AML_059_01	201.60596	0.0
AML_060_01	Metformin	Metformin_AML_060_01	205.7075	0.0
AML_061_01	Metformin	Metformin_AML_061_01	206.08437	0.0
AML_062_01	Metformin	Metformin_AML_062_01	201.35799	1.8
AML_064_01	Metformin	Metformin_AML_064_01	209.59972	0.0
AML_065_01	Metformin	Metformin_AML_065_01	201.60742	0.0
AML_067_01	Metformin	Metformin_AML_067_01	201.70657	0.0
AML_070_01	Metformin	Metformin_AML_070_01	207.78429	0.0
AML_072_01	Metformin	Metformin_AML_072_01	208.08154	0.0
AML_073_01	Metformin	Metformin_AML_073_01	206.34721	0.0
AML_074_01	Metformin	Metformin_AML_074_01	208.26419	0.0
AML_075_01	Metformin	Metformin_AML_075_01	204.93985	0.0
AML_076_01	Metformin	Metformin_AML_076_01	206.03618	1.1
AML_076_02	Metformin	Metformin_AML_076_02	199.64687	0.0
AML_077_01	Metformin	Metformin_AML_077_01	210.33456	0.0
AML_078_02	Metformin	Metformin_AML_078_02	204.01627	0.0
AML_084_01	Metformin	Metformin_AML_084_01	202.40428	0.0
AML_086_02	Metformin	Metformin_AML_086_02	208.18773	0.4
AML_098_01	Metformin	Metformin_AML_098_01	204.5863	1.4
AML_100_01	Metformin	Metformin_AML_100_01	204.76329	0.5
AML_101_01	Metformin	Metformin_AML_101_01	202.98094	0.0
AML_101_02	Metformin	Metformin_AML_101_02	209.97827	0.0
AML_102_01	Metformin	Metformin_AML_102_01	201.74074	0.0
AML_103_01	Metformin	Metformin_AML_103_01	199.84886	0.0
AML_103_02	Metformin	Metformin_AML_103_02	196.58934	0.0
AML_104_01	Metformin	Metformin_AML_104_01	202.21826	0.0
AML_108_01	Metformin	Metformin_AML_108_01	196.38092	0.2
AML_109_01	Metformin	Metformin_AML_109_01	203.05475	0.0
AML_110_01	Metformin	Metformin_AML_110_01	200.46986	0.2
AML_112_01	Metformin	Metformin_AML_112_01	201.0176	1.9
AML_112_02	Metformin	Metformin_AML_112_02	205.10081	0.0
AML_113_01	Metformin	Metformin_AML_113_01	197.73778	0.0
AML_114_01	Metformin	Metformin_AML_114_01	195.51175	0.0
AML_115_01	Metformin	Metformin_AML_115_01	198.35522	0.0
AML_116_01	Metformin	Metformin_AML_116_01	208.27522	1.7
AML_117_01	Metformin	Metformin_AML_117_01	199.95226	0.0
AML_119_01	Metformin	Metformin_AML_119_01	201.6669	0.6
AML_122_01	Metformin	Metformin_AML_122_01	211.73222	1.5
AML_123_01	Metformin	Metformin_AML_123_01	210.64378	0.0
AML_124_01	Metformin	Metformin_AML_124_01	207.81767	0.0
AML_125_01	Metformin	Metformin_AML_125_01	204.43446	0.0
AML_126_01	Metformin	Metformin_AML_126_01	203.48843	0.0
AML_127_01	Metformin	Metformin_AML_127_01	204.21573	0.0
AML_128_01	Metformin	Metformin_AML_128_01	206.21875	0.0
AML_131_01	Metformin	Metformin_AML_131_01	209.1854	1.3
AML_133_01	Metformin	Metformin_AML_133_01	206.12715	0.2
AML_134_01	Metformin	Metformin_AML_134_01	206.69081	2.9
AML_135_01	Metformin	Metformin_AML_135_01	205.02205	0.0
AML_138_01	Metformin	Metformin_AML_138_01	204.71426	0.0
AML_139_01	Metformin	Metformin_AML_139_01	213.98947	0.0
AML_140_01	Metformin	Metformin_AML_140_01	203.60872	0.0
AML_142_01	Metformin	Metformin_AML_142_01	200.78722	0.0
AML_143_01	Metformin	Metformin_AML_143_01	204.86569	0.0
AML_144_01	Metformin	Metformin_AML_144_01	211.6684	0.0
AML_146_01	Metformin	Metformin_AML_146_01	208.73096	0.0
AML_147_01	Metformin	Metformin_AML_147_01	206.5227	0.0
AML_151_01	Metformin	Metformin_AML_151_01	200.13155	0.0
AML_152_01	Metformin	Metformin_AML_152_01	202.08337	0.0
AML_153_01	Metformin	Metformin_AML_153_01	198.53134	0.0
AML_156_01	Metformin	Metformin_AML_156_01	203.04538	0.0
AML_157_01	Metformin	Metformin_AML_157_01	204.76318	0.0
AML_157_02	Metformin	Metformin_AML_157_02	206.2279	0.0
AML_158_01	Metformin	Metformin_AML_158_01	208.36436	0.1
AML_159_01	Metformin	Metformin_AML_159_01	205.47543	0.0
AML_160_01	Metformin	Metformin_AML_160_01	199.24011	0.0
AML_161_01	Metformin	Metformin_AML_161_01	198.13327	0.0
AML_175_01	Metformin	Metformin_AML_175_01	205.56886	0.0
AML_183_01	Metformin	Metformin_AML_183_01	207.4339	1.1
AML_183_02	Metformin	Metformin_AML_183_02	202.71864	0.0
AML_183_03	Metformin	Metformin_AML_183_03	202.80824	0.0
AML_001_01	Midostaurin	Midostaurin_AML_001_01	215.13342	0.0
AML_001_03	Midostaurin	Midostaurin_AML_001_03	212.49431	11.5
AML_002_01	Midostaurin	Midostaurin_AML_002_01	213.68634	2.5
AML_003_02	Midostaurin	Midostaurin_AML_003_02	209.49687	6.6
AML_004_01	Midostaurin	Midostaurin_AML_004_01	214.39882	6.2
AML_006_02	Midostaurin	Midostaurin_AML_006_02	217.95241	1.7
AML_007_01	Midostaurin	Midostaurin_AML_007_01	215.60068	7.4
AML_007_02	Midostaurin	Midostaurin_AML_007_02	219.5231	3.7
AML_012_01	Midostaurin	Midostaurin_AML_012_01	209.6826	19.5
AML_013_01	Midostaurin	Midostaurin_AML_013_01	211.16118	22.2
AML_014_01	Midostaurin	Midostaurin_AML_014_01	213.63103	12.8
AML_015_01	Midostaurin	Midostaurin_AML_015_01	213.87085	20.3
AML_015_02	Midostaurin	Midostaurin_AML_015_02	213.22147	21.4
AML_015_03	Midostaurin	Midostaurin_AML_015_03	213.78056	29.6
AML_015_04	Midostaurin	Midostaurin_AML_015_04	210.24837	34.4
AML_018_01	Midostaurin	Midostaurin_AML_018_01	206.0392	29.6
AML_019_01	Midostaurin	Midostaurin_AML_019_01	212.79437	6.8
AML_020_01	Midostaurin	Midostaurin_AML_020_01	221.86156	0.0
AML_023_01	Midostaurin	Midostaurin_AML_023_01	207.95865	9.0
AML_023_03	Midostaurin	Midostaurin_AML_023_03	206.46432	4.8
AML_023_04	Midostaurin	Midostaurin_AML_023_04	211.44588	9.7
AML_024_01	Midostaurin	Midostaurin_AML_024_01	211.78703	9.0
AML_025_01	Midostaurin	Midostaurin_AML_025_01	217.90662	6.1
AML_026_01	Midostaurin	Midostaurin_AML_026_01	219.01773	3.5
AML_028_01	Midostaurin	Midostaurin_AML_028_01	202.2924	10.3
AML_028_04	Midostaurin	Midostaurin_AML_028_04	200.44719	29.5
AML_029_01	Midostaurin	Midostaurin_AML_029_01	212.75017	3.4
AML_030_01	Midostaurin	Midostaurin_AML_030_01	203.98584	5.9
AML_032_01	Midostaurin	Midostaurin_AML_032_01	215.6529	6.4
AML_033_01	Midostaurin	Midostaurin_AML_033_01	210.72972	13.6
AML_033_02	Midostaurin	Midostaurin_AML_033_02	206.08838	13.2
AML_035_02	Midostaurin	Midostaurin_AML_035_02	220.16052	11.7
AML_035_04	Midostaurin	Midostaurin_AML_035_04	218.92957	10.8
AML_036_01	Midostaurin	Midostaurin_AML_036_01	214.08745	6.6
AML_040_01	Midostaurin	Midostaurin_AML_040_01	210.53674	12.4
AML_041_01	Midostaurin	Midostaurin_AML_041_01	213.06577	9.0
AML_042_01	Midostaurin	Midostaurin_AML_042_01	219.12479	0.1
AML_043_02	Midostaurin	Midostaurin_AML_043_02	207.72093	11.0
AML_045_01	Midostaurin	Midostaurin_AML_045_01	213.67093	3.1
AML_046_01	Midostaurin	Midostaurin_AML_046_01	204.39413	31.5
AML_051_01	Midostaurin	Midostaurin_AML_051_01	203.94818	0.0
AML_052_01	Midostaurin	Midostaurin_AML_052_01	218.4031	6.0
AML_053_01	Midostaurin	Midostaurin_AML_053_01	220.50342	6.4
AML_054_01	Midostaurin	Midostaurin_AML_054_01	210.17987	0.0
AML_057_01	Midostaurin	Midostaurin_AML_057_01	215.17859	6.9
AML_058_01	Midostaurin	Midostaurin_AML_058_01	206.14258	6.4
AML_059_01	Midostaurin	Midostaurin_AML_059_01	209.16689	7.4
AML_060_01	Midostaurin	Midostaurin_AML_060_01	214.19981	0.0
AML_061_01	Midostaurin	Midostaurin_AML_061_01	213.90237	2.6
AML_062_01	Midostaurin	Midostaurin_AML_062_01	205.35707	13.1
AML_064_01	Midostaurin	Midostaurin_AML_064_01	217.38078	1.0
AML_065_01	Midostaurin	Midostaurin_AML_065_01	205.88744	11.9
AML_067_01	Midostaurin	Midostaurin_AML_067_01	209.68964	12.9
AML_070_01	Midostaurin	Midostaurin_AML_070_01	218.0075	1.1
AML_072_01	Midostaurin	Midostaurin_AML_072_01	214.59312	0.0
AML_073_01	Midostaurin	Midostaurin_AML_073_01	213.12056	7.3
AML_074_01	Midostaurin	Midostaurin_AML_074_01	217.24228	4.2
AML_075_01	Midostaurin	Midostaurin_AML_075_01	214.74449	5.8
AML_076_01	Midostaurin	Midostaurin_AML_076_01	210.81758	7.9
AML_076_02	Midostaurin	Midostaurin_AML_076_02	204.71182	12.2
AML_077_01	Midostaurin	Midostaurin_AML_077_01	217.11018	10.8
AML_078_02	Midostaurin	Midostaurin_AML_078_02	206.1702	5.8
AML_084_01	Midostaurin	Midostaurin_AML_084_01	203.98778	12.7
AML_086_02	Midostaurin	Midostaurin_AML_086_02	213.73112	10.3
AML_098_01	Midostaurin	Midostaurin_AML_098_01	210.97885	3.4
AML_100_01	Midostaurin	Midostaurin_AML_100_01	210.71324	4.5
AML_101_01	Midostaurin	Midostaurin_AML_101_01	207.78235	13.6
AML_101_02	Midostaurin	Midostaurin_AML_101_02	217.88812	3.3
AML_102_01	Midostaurin	Midostaurin_AML_102_01	204.7716	3.7
AML_103_01	Midostaurin	Midostaurin_AML_103_01	204.90182	6.8
AML_103_02	Midostaurin	Midostaurin_AML_103_02	203.43306	9.2
AML_104_01	Midostaurin	Midostaurin_AML_104_01	208.38106	10.5
AML_108_01	Midostaurin	Midostaurin_AML_108_01	204.0635	9.9
AML_109_01	Midostaurin	Midostaurin_AML_109_01	209.83911	2.9
AML_110_01	Midostaurin	Midostaurin_AML_110_01	208.76547	10.6
AML_112_01	Midostaurin	Midostaurin_AML_112_01	203.3589	8.0
AML_112_02	Midostaurin	Midostaurin_AML_112_02	210.47571	7.3
AML_113_01	Midostaurin	Midostaurin_AML_113_01	206.33351	17.8
AML_114_01	Midostaurin	Midostaurin_AML_114_01	202.46065	4.9
AML_115_01	Midostaurin	Midostaurin_AML_115_01	201.72594	15.9
AML_116_01	Midostaurin	Midostaurin_AML_116_01	217.80013	8.5
AML_117_01	Midostaurin	Midostaurin_AML_117_01	207.30331	3.4
AML_119_01	Midostaurin	Midostaurin_AML_119_01	202.89655	7.3
AML_120_03	Midostaurin	Midostaurin_AML_120_03	213.10957	24.1
AML_122_01	Midostaurin	Midostaurin_AML_122_01	217.8587	8.9
AML_123_01	Midostaurin	Midostaurin_AML_123_01	216.61322	5.8
AML_124_01	Midostaurin	Midostaurin_AML_124_01	211.71815	14.3
AML_125_01	Midostaurin	Midostaurin_AML_125_01	216.60442	5.3
AML_126_01	Midostaurin	Midostaurin_AML_126_01	210.23415	10.5
AML_127_01	Midostaurin	Midostaurin_AML_127_01	212.65076	10.9
AML_128_01	Midostaurin	Midostaurin_AML_128_01	214.03667	6.5
AML_129_03	Midostaurin	Midostaurin_AML_129_03	205.24954	8.5
AML_131_01	Midostaurin	Midostaurin_AML_131_01	218.0621	5.2
AML_133_01	Midostaurin	Midostaurin_AML_133_01	214.21382	2.7
AML_134_01	Midostaurin	Midostaurin_AML_134_01	214.01588	0.0
AML_135_01	Midostaurin	Midostaurin_AML_135_01	211.6005	7.0
AML_138_01	Midostaurin	Midostaurin_AML_138_01	213.4872	11.0
AML_139_01	Midostaurin	Midostaurin_AML_139_01	223.84074	12.2
AML_140_01	Midostaurin	Midostaurin_AML_140_01	211.95224	11.3
AML_142_01	Midostaurin	Midostaurin_AML_142_01	209.3118	10.6
AML_143_01	Midostaurin	Midostaurin_AML_143_01	214.19907	4.5
AML_144_01	Midostaurin	Midostaurin_AML_144_01	220.25781	5.5
AML_146_01	Midostaurin	Midostaurin_AML_146_01	219.4363	3.3
AML_147_01	Midostaurin	Midostaurin_AML_147_01	212.90366	7.2
AML_151_01	Midostaurin	Midostaurin_AML_151_01	204.68393	9.4
AML_152_01	Midostaurin	Midostaurin_AML_152_01	208.46353	8.8
AML_153_01	Midostaurin	Midostaurin_AML_153_01	208.24951	0.0
AML_156_01	Midostaurin	Midostaurin_AML_156_01	209.01657	11.3
AML_157_01	Midostaurin	Midostaurin_AML_157_01	216.35153	16.9
AML_157_02	Midostaurin	Midostaurin_AML_157_02	215.90121	14.3
AML_158_01	Midostaurin	Midostaurin_AML_158_01	217.84303	7.1
AML_159_01	Midostaurin	Midostaurin_AML_159_01	214.80197	10.3
AML_160_01	Midostaurin	Midostaurin_AML_160_01	204.3653	8.8
AML_161_01	Midostaurin	Midostaurin_AML_161_01	203.42944	16.2
AML_175_01	Midostaurin	Midostaurin_AML_175_01	215.51912	2.9
AML_183_01	Midostaurin	Midostaurin_AML_183_01	219.78595	6.2
AML_183_02	Midostaurin	Midostaurin_AML_183_02	213.75446	10.1
AML_183_03	Midostaurin	Midostaurin_AML_183_03	205.61293	8.7
AML_001_01	MK-2206	MK-2206_AML_001_01	215.33359	0.0
AML_001_03	MK-2206	MK-2206_AML_001_03	211.52058	3.7
AML_002_01	MK-2206	MK-2206_AML_002_01	219.85666	8.1
AML_003_02	MK-2206	MK-2206_AML_003_02	204.03415	2.1
AML_004_01	MK-2206	MK-2206_AML_004_01	219.52089	5.5
AML_006_02	MK-2206	MK-2206_AML_006_02	217.44078	4.4
AML_007_01	MK-2206	MK-2206_AML_007_01	212.48288	4.0
AML_007_02	MK-2206	MK-2206_AML_007_02	214.52982	4.0
AML_012_01	MK-2206	MK-2206_AML_012_01	218.55612	7.1
AML_013_01	MK-2206	MK-2206_AML_013_01	225.52336	16.1
AML_014_01	MK-2206	MK-2206_AML_014_01	216.99083	10.6
AML_015_01	MK-2206	MK-2206_AML_015_01	216.46234	0.7
AML_015_02	MK-2206	MK-2206_AML_015_02	214.07549	5.9
AML_015_03	MK-2206	MK-2206_AML_015_03	211.54227	5.2
AML_015_04	MK-2206	MK-2206_AML_015_04	215.51353	1.9
AML_018_01	MK-2206	MK-2206_AML_018_01	208.00243	20.1
AML_019_01	MK-2206	MK-2206_AML_019_01	213.53131	4.2
AML_020_01	MK-2206	MK-2206_AML_020_01	221.82361	0.0
AML_022_01	MK-2206	MK-2206_AML_022_01	207.58691	11.8
AML_023_01	MK-2206	MK-2206_AML_023_01	211.0122	9.0
AML_023_03	MK-2206	MK-2206_AML_023_03	205.78554	0.0
AML_023_04	MK-2206	MK-2206_AML_023_04	208.64636	2.1
AML_024_01	MK-2206	MK-2206_AML_024_01	217.66118	4.1
AML_025_01	MK-2206	MK-2206_AML_025_01	217.88503	3.8
AML_026_01	MK-2206	MK-2206_AML_026_01	218.54135	3.4
AML_028_01	MK-2206	MK-2206_AML_028_01	214.41344	0.0
AML_028_04	MK-2206	MK-2206_AML_028_04	206.2197	6.5
AML_029_01	MK-2206	MK-2206_AML_029_01	212.19449	1.7
AML_030_01	MK-2206	MK-2206_AML_030_01	209.44006	2.7
AML_032_01	MK-2206	MK-2206_AML_032_01	219.60117	1.7
AML_033_01	MK-2206	MK-2206_AML_033_01	220.30522	2.1
AML_033_02	MK-2206	MK-2206_AML_033_02	214.36543	5.3
AML_035_02	MK-2206	MK-2206_AML_035_02	220.53897	1.7
AML_035_04	MK-2206	MK-2206_AML_035_04	216.64595	1.7
AML_036_01	MK-2206	MK-2206_AML_036_01	213.40102	0.1
AML_040_01	MK-2206	MK-2206_AML_040_01	216.01334	6.2
AML_041_01	MK-2206	MK-2206_AML_041_01	210.03961	3.3
AML_042_01	MK-2206	MK-2206_AML_042_01	212.73996	6.1
AML_043_02	MK-2206	MK-2206_AML_043_02	214.12799	2.1
AML_045_01	MK-2206	MK-2206_AML_045_01	217.07692	2.3
AML_046_01	MK-2206	MK-2206_AML_046_01	215.25905	15.3
AML_051_01	MK-2206	MK-2206_AML_051_01	213.78636	1.1
AML_052_01	MK-2206	MK-2206_AML_052_01	222.92616	4.2
AML_053_01	MK-2206	MK-2206_AML_053_01	217.91313	8.2
AML_054_01	MK-2206	MK-2206_AML_054_01	219.87262	10.7
AML_057_01	MK-2206	MK-2206_AML_057_01	210.35712	3.6
AML_058_01	MK-2206	MK-2206_AML_058_01	212.51	4.8
AML_059_01	MK-2206	MK-2206_AML_059_01	214.99307	6.6
AML_060_01	MK-2206	MK-2206_AML_060_01	222.5902	9.3
AML_061_01	MK-2206	MK-2206_AML_061_01	218.93513	4.4
AML_064_01	MK-2206	MK-2206_AML_064_01	211.96011	11.5
AML_065_01	MK-2206	MK-2206_AML_065_01	207.16002	5.7
AML_067_01	MK-2206	MK-2206_AML_067_01	206.3272	4.6
AML_070_01	MK-2206	MK-2206_AML_070_01	217.73863	2.8
AML_072_01	MK-2206	MK-2206_AML_072_01	218.46045	0.0
AML_073_01	MK-2206	MK-2206_AML_073_01	213.41957	2.1
AML_074_01	MK-2206	MK-2206_AML_074_01	218.88812	5.9
AML_075_01	MK-2206	MK-2206_AML_075_01	214.91974	4.5
AML_076_01	MK-2206	MK-2206_AML_076_01	209.50752	3.4
AML_076_02	MK-2206	MK-2206_AML_076_02	211.74179	3.7
AML_077_01	MK-2206	MK-2206_AML_077_01	218.81763	6.5
AML_078_02	MK-2206	MK-2206_AML_078_02	208.25394	6.6
AML_084_01	MK-2206	MK-2206_AML_084_01	214.88899	6.5
AML_086_02	MK-2206	MK-2206_AML_086_02	217.14354	5.7
AML_098_01	MK-2206	MK-2206_AML_098_01	212.18622	9.0
AML_100_01	MK-2206	MK-2206_AML_100_01	210.42947	6.0
AML_101_01	MK-2206	MK-2206_AML_101_01	211.00127	12.7
AML_101_02	MK-2206	MK-2206_AML_101_02	215.57768	2.8
AML_102_01	MK-2206	MK-2206_AML_102_01	207.07169	1.4
AML_103_01	MK-2206	MK-2206_AML_103_01	208.08722	6.5
AML_103_02	MK-2206	MK-2206_AML_103_02	211.93497	5.4
AML_104_01	MK-2206	MK-2206_AML_104_01	208.21353	3.3
AML_108_01	MK-2206	MK-2206_AML_108_01	206.64946	9.1
AML_109_01	MK-2206	MK-2206_AML_109_01	214.3066	6.5
AML_110_01	MK-2206	MK-2206_AML_110_01	211.22607	8.2
AML_112_01	MK-2206	MK-2206_AML_112_01	208.53255	5.6
AML_112_02	MK-2206	MK-2206_AML_112_02	210.19458	5.8
AML_113_01	MK-2206	MK-2206_AML_113_01	211.60023	7.2
AML_114_01	MK-2206	MK-2206_AML_114_01	203.12291	4.4
AML_115_01	MK-2206	MK-2206_AML_115_01	209.40466	10.5
AML_116_01	MK-2206	MK-2206_AML_116_01	218.46335	5.3
AML_117_01	MK-2206	MK-2206_AML_117_01	211.80374	5.5
AML_119_01	MK-2206	MK-2206_AML_119_01	207.24942	3.7
AML_120_01	MK-2206	MK-2206_AML_120_01	210.15195	16.6
AML_120_03	MK-2206	MK-2206_AML_120_03	209.60307	9.0
AML_122_01	MK-2206	MK-2206_AML_122_01	213.473	1.9
AML_123_01	MK-2206	MK-2206_AML_123_01	217.28648	5.9
AML_124_01	MK-2206	MK-2206_AML_124_01	215.32024	9.3
AML_125_01	MK-2206	MK-2206_AML_125_01	222.38235	0.0
AML_126_01	MK-2206	MK-2206_AML_126_01	212.42549	8.2
AML_127_01	MK-2206	MK-2206_AML_127_01	211.51128	2.9
AML_128_01	MK-2206	MK-2206_AML_128_01	217.29669	3.5
AML_129_02	MK-2206	MK-2206_AML_129_02	212.67975	10.2
AML_129_03	MK-2206	MK-2206_AML_129_03	212.48326	3.9
AML_131_01	MK-2206	MK-2206_AML_131_01	212.7748	5.5
AML_133_01	MK-2206	MK-2206_AML_133_01	219.4647	4.7
AML_134_01	MK-2206	MK-2206_AML_134_01	217.56604	3.0
AML_135_01	MK-2206	MK-2206_AML_135_01	211.69217	7.7
AML_138_01	MK-2206	MK-2206_AML_138_01	215.78316	3.2
AML_139_01	MK-2206	MK-2206_AML_139_01	219.34627	10.7
AML_140_01	MK-2206	MK-2206_AML_140_01	215.24417	8.1
AML_142_01	MK-2206	MK-2206_AML_142_01	215.14467	8.2
AML_143_01	MK-2206	MK-2206_AML_143_01	215.83893	2.8
AML_144_01	MK-2206	MK-2206_AML_144_01	219.6509	6.5
AML_146_01	MK-2206	MK-2206_AML_146_01	219.8403	6.6
AML_147_01	MK-2206	MK-2206_AML_147_01	213.0873	5.9
AML_151_01	MK-2206	MK-2206_AML_151_01	207.25166	6.6
AML_152_01	MK-2206	MK-2206_AML_152_01	216.15712	6.4
AML_153_01	MK-2206	MK-2206_AML_153_01	211.07918	5.7
AML_156_01	MK-2206	MK-2206_AML_156_01	215.93645	7.0
AML_157_01	MK-2206	MK-2206_AML_157_01	212.21672	11.2
AML_157_02	MK-2206	MK-2206_AML_157_02	214.01369	10.8
AML_158_01	MK-2206	MK-2206_AML_158_01	217.23274	5.0
AML_159_01	MK-2206	MK-2206_AML_159_01	216.97972	4.0
AML_160_01	MK-2206	MK-2206_AML_160_01	205.77649	8.6
AML_161_01	MK-2206	MK-2206_AML_161_01	210.89743	10.9
AML_175_01	MK-2206	MK-2206_AML_175_01	217.04272	3.4
AML_179_01	MK-2206	MK-2206_AML_179_01	227.81158	5.4
AML_183_01	MK-2206	MK-2206_AML_183_01	213.07893	1.8
AML_183_02	MK-2206	MK-2206_AML_183_02	209.96922	6.5
AML_183_03	MK-2206	MK-2206_AML_183_03	206.2131	6.7
AML_184_01	MK-2206	MK-2206_AML_184_01	210.40231	8.2
AML_185_01	MK-2206	MK-2206_AML_185_01	226.42543	2.3
AML_001_01	Motesanib	Motesanib_AML_001_01	239.70212	0.0
AML_001_03	Motesanib	Motesanib_AML_001_03	233.42363	0.0
AML_002_01	Motesanib	Motesanib_AML_002_01	241.61592	1.3
AML_003_02	Motesanib	Motesanib_AML_003_02	230.63394	0.0
AML_004_01	Motesanib	Motesanib_AML_004_01	240.50043	1.1
AML_006_02	Motesanib	Motesanib_AML_006_02	237.27182	0.1
AML_007_01	Motesanib	Motesanib_AML_007_01	231.28854	0.0
AML_007_02	Motesanib	Motesanib_AML_007_02	236.71779	0.0
AML_012_01	Motesanib	Motesanib_AML_012_01	241.2846	0.1
AML_013_01	Motesanib	Motesanib_AML_013_01	251.64674	6.4
AML_014_01	Motesanib	Motesanib_AML_014_01	240.79674	0.0
AML_015_01	Motesanib	Motesanib_AML_015_01	239.39882	18.2
AML_015_02	Motesanib	Motesanib_AML_015_02	231.82971	9.6
AML_015_03	Motesanib	Motesanib_AML_015_03	238.95824	23.6
AML_015_04	Motesanib	Motesanib_AML_015_04	241.74913	28.3
AML_018_01	Motesanib	Motesanib_AML_018_01	228.73357	0.4
AML_019_01	Motesanib	Motesanib_AML_019_01	236.91316	0.0
AML_020_01	Motesanib	Motesanib_AML_020_01	248.6063	0.0
AML_022_01	Motesanib	Motesanib_AML_022_01	225.42752	0.0
AML_023_01	Motesanib	Motesanib_AML_023_01	228.06471	0.0
AML_023_03	Motesanib	Motesanib_AML_023_03	224.54678	0.0
AML_023_04	Motesanib	Motesanib_AML_023_04	228.99008	0.0
AML_024_01	Motesanib	Motesanib_AML_024_01	236.9802	0.0
AML_025_01	Motesanib	Motesanib_AML_025_01	242.28792	0.5
AML_026_01	Motesanib	Motesanib_AML_026_01	241.56615	1.1
AML_028_01	Motesanib	Motesanib_AML_028_01	233.29858	0.0
AML_028_04	Motesanib	Motesanib_AML_028_04	225.08006	3.3
AML_029_01	Motesanib	Motesanib_AML_029_01	236.57516	5.7
AML_030_01	Motesanib	Motesanib_AML_030_01	228.23729	0.0
AML_032_01	Motesanib	Motesanib_AML_032_01	241.79654	0.0
AML_033_01	Motesanib	Motesanib_AML_033_01	248.8651	0.5
AML_033_02	Motesanib	Motesanib_AML_033_02	236.94893	0.0
AML_035_02	Motesanib	Motesanib_AML_035_02	246.53554	0.0
AML_035_04	Motesanib	Motesanib_AML_035_04	241.34256	0.0
AML_036_01	Motesanib	Motesanib_AML_036_01	233.71811	0.0
AML_040_01	Motesanib	Motesanib_AML_040_01	236.60666	4.6
AML_041_01	Motesanib	Motesanib_AML_041_01	230.78842	3.4
AML_042_01	Motesanib	Motesanib_AML_042_01	232.29875	1.7
AML_043_02	Motesanib	Motesanib_AML_043_02	237.72888	0.0
AML_045_01	Motesanib	Motesanib_AML_045_01	240.05713	0.0
AML_046_01	Motesanib	Motesanib_AML_046_01	237.09062	11.7
AML_051_01	Motesanib	Motesanib_AML_051_01	234.18771	0.0
AML_052_01	Motesanib	Motesanib_AML_052_01	249.74356	2.3
AML_053_01	Motesanib	Motesanib_AML_053_01	243.46852	0.0
AML_054_01	Motesanib	Motesanib_AML_054_01	241.72424	0.0
AML_057_01	Motesanib	Motesanib_AML_057_01	228.64154	1.7
AML_058_01	Motesanib	Motesanib_AML_058_01	232.39977	3.9
AML_059_01	Motesanib	Motesanib_AML_059_01	237.02058	0.4
AML_060_01	Motesanib	Motesanib_AML_060_01	244.76422	0.5
AML_061_01	Motesanib	Motesanib_AML_061_01	241.31404	0.0
AML_062_01	Motesanib	Motesanib_AML_062_01	223.6564	2.1
AML_064_01	Motesanib	Motesanib_AML_064_01	230.59743	0.0
AML_065_01	Motesanib	Motesanib_AML_065_01	227.30638	5.5
AML_067_01	Motesanib	Motesanib_AML_067_01	227.41162	5.6
AML_070_01	Motesanib	Motesanib_AML_070_01	238.72139	0.4
AML_072_01	Motesanib	Motesanib_AML_072_01	248.02736	3.0
AML_073_01	Motesanib	Motesanib_AML_073_01	240.7184	1.4
AML_074_01	Motesanib	Motesanib_AML_074_01	237.31383	0.0
AML_075_01	Motesanib	Motesanib_AML_075_01	233.92477	0.2
AML_076_01	Motesanib	Motesanib_AML_076_01	231.82376	0.0
AML_076_02	Motesanib	Motesanib_AML_076_02	232.9464	0.0
AML_077_01	Motesanib	Motesanib_AML_077_01	244.18318	0.0
AML_078_02	Motesanib	Motesanib_AML_078_02	227.662	0.0
AML_084_01	Motesanib	Motesanib_AML_084_01	237.04561	0.0
AML_086_02	Motesanib	Motesanib_AML_086_02	241.54019	0.6
AML_098_01	Motesanib	Motesanib_AML_098_01	231.17522	0.0
AML_100_01	Motesanib	Motesanib_AML_100_01	232.49223	0.5
AML_101_01	Motesanib	Motesanib_AML_101_01	228.82713	8.5
AML_101_02	Motesanib	Motesanib_AML_101_02	241.74002	0.5
AML_102_01	Motesanib	Motesanib_AML_102_01	224.48018	0.0
AML_103_01	Motesanib	Motesanib_AML_103_01	221.58218	0.2
AML_103_02	Motesanib	Motesanib_AML_103_02	232.89977	0.5
AML_104_01	Motesanib	Motesanib_AML_104_01	229.49052	0.0
AML_108_01	Motesanib	Motesanib_AML_108_01	226.52957	0.0
AML_109_01	Motesanib	Motesanib_AML_109_01	238.60934	0.0
AML_110_01	Motesanib	Motesanib_AML_110_01	235.03806	0.8
AML_112_01	Motesanib	Motesanib_AML_112_01	226.36465	3.8
AML_112_02	Motesanib	Motesanib_AML_112_02	228.64783	0.3
AML_113_01	Motesanib	Motesanib_AML_113_01	231.95432	5.9
AML_114_01	Motesanib	Motesanib_AML_114_01	227.00916	0.0
AML_115_01	Motesanib	Motesanib_AML_115_01	229.03821	7.4
AML_116_01	Motesanib	Motesanib_AML_116_01	238.93228	0.0
AML_117_01	Motesanib	Motesanib_AML_117_01	236.49275	0.0
AML_119_01	Motesanib	Motesanib_AML_119_01	229.16374	0.0
AML_120_01	Motesanib	Motesanib_AML_120_01	232.50433	6.1
AML_120_03	Motesanib	Motesanib_AML_120_03	234.41623	6.0
AML_122_01	Motesanib	Motesanib_AML_122_01	230.74365	0.0
AML_123_01	Motesanib	Motesanib_AML_123_01	240.02779	0.0
AML_124_01	Motesanib	Motesanib_AML_124_01	237.37503	3.7
AML_125_01	Motesanib	Motesanib_AML_125_01	242.80363	0.0
AML_126_01	Motesanib	Motesanib_AML_126_01	230.48163	0.0
AML_127_01	Motesanib	Motesanib_AML_127_01	231.47943	0.0
AML_128_01	Motesanib	Motesanib_AML_128_01	244.2221	0.1
AML_129_02	Motesanib	Motesanib_AML_129_02	235.20953	0.2
AML_129_03	Motesanib	Motesanib_AML_129_03	232.06772	0.0
AML_131_01	Motesanib	Motesanib_AML_131_01	233.80893	0.0
AML_133_01	Motesanib	Motesanib_AML_133_01	242.4039	0.0
AML_134_01	Motesanib	Motesanib_AML_134_01	236.95139	3.0
AML_135_01	Motesanib	Motesanib_AML_135_01	241.65945	2.8
AML_138_01	Motesanib	Motesanib_AML_138_01	240.8056	2.2
AML_139_01	Motesanib	Motesanib_AML_139_01	247.12192	0.0
AML_140_01	Motesanib	Motesanib_AML_140_01	235.47148	0.0
AML_142_01	Motesanib	Motesanib_AML_142_01	238.35011	0.0
AML_143_01	Motesanib	Motesanib_AML_143_01	239.0611	0.0
AML_144_01	Motesanib	Motesanib_AML_144_01	242.65211	0.0
AML_146_01	Motesanib	Motesanib_AML_146_01	241.273	0.0
AML_147_01	Motesanib	Motesanib_AML_147_01	233.35138	2.8
AML_151_01	Motesanib	Motesanib_AML_151_01	228.76767	0.0
AML_152_01	Motesanib	Motesanib_AML_152_01	237.27565	0.0
AML_153_01	Motesanib	Motesanib_AML_153_01	233.72598	0.0
AML_156_01	Motesanib	Motesanib_AML_156_01	235.60863	0.0
AML_157_01	Motesanib	Motesanib_AML_157_01	235.50462	1.8
AML_157_02	Motesanib	Motesanib_AML_157_02	239.43245	2.1
AML_158_01	Motesanib	Motesanib_AML_158_01	241.15758	0.0
AML_159_01	Motesanib	Motesanib_AML_159_01	242.75224	0.7
AML_160_01	Motesanib	Motesanib_AML_160_01	225.082	0.0
AML_161_01	Motesanib	Motesanib_AML_161_01	231.97664	0.0
AML_175_01	Motesanib	Motesanib_AML_175_01	237.24486	0.0
AML_179_01	Motesanib	Motesanib_AML_179_01	250.96886	0.0
AML_183_01	Motesanib	Motesanib_AML_183_01	234.22269	0.0
AML_183_02	Motesanib	Motesanib_AML_183_02	226.1799	0.0
AML_183_03	Motesanib	Motesanib_AML_183_03	225.30824	0.0
AML_184_01	Motesanib	Motesanib_AML_184_01	229.65689	1.1
AML_185_01	Motesanib	Motesanib_AML_185_01	253.49124	0.0
AML_001_03	Neratinib	Neratinib_AML_001_03	182.72417	7.2
AML_003_02	Neratinib	Neratinib_AML_003_02	187.1313	3.6
AML_004_01	Neratinib	Neratinib_AML_004_01	183.58588	4.1
AML_006_02	Neratinib	Neratinib_AML_006_02	184.79385	5.0
AML_007_01	Neratinib	Neratinib_AML_007_01	193.20462	0.3
AML_007_02	Neratinib	Neratinib_AML_007_02	192.78636	0.0
AML_012_01	Neratinib	Neratinib_AML_012_01	182.98804	1.2
AML_013_01	Neratinib	Neratinib_AML_013_01	182.2026	5.0
AML_014_01	Neratinib	Neratinib_AML_014_01	180.52849	0.5
AML_015_01	Neratinib	Neratinib_AML_015_01	181.37671	4.6
AML_015_02	Neratinib	Neratinib_AML_015_02	187.74854	1.6
AML_015_03	Neratinib	Neratinib_AML_015_03	186.30052	4.5
AML_015_04	Neratinib	Neratinib_AML_015_04	182.60895	7.0
AML_018_01	Neratinib	Neratinib_AML_018_01	183.36382	7.4
AML_019_01	Neratinib	Neratinib_AML_019_01	179.15508	6.2
AML_020_01	Neratinib	Neratinib_AML_020_01	187.77533	3.9
AML_023_04	Neratinib	Neratinib_AML_023_04	188.2816	0.0
AML_024_01	Neratinib	Neratinib_AML_024_01	176.63712	0.6
AML_025_01	Neratinib	Neratinib_AML_025_01	188.7296	5.4
AML_026_01	Neratinib	Neratinib_AML_026_01	185.39494	2.9
AML_028_01	Neratinib	Neratinib_AML_028_01	174.1096	4.5
AML_028_04	Neratinib	Neratinib_AML_028_04	180.89484	7.1
AML_029_01	Neratinib	Neratinib_AML_029_01	185.84558	6.1
AML_030_01	Neratinib	Neratinib_AML_030_01	180.63379	2.5
AML_032_01	Neratinib	Neratinib_AML_032_01	184.86526	0.7
AML_033_01	Neratinib	Neratinib_AML_033_01	180.05739	0.9
AML_033_02	Neratinib	Neratinib_AML_033_02	182.34138	1.6
AML_035_02	Neratinib	Neratinib_AML_035_02	186.21571	0.1
AML_035_04	Neratinib	Neratinib_AML_035_04	191.00127	1.1
AML_036_01	Neratinib	Neratinib_AML_036_01	187.71095	0.0
AML_040_01	Neratinib	Neratinib_AML_040_01	176.65677	8.0
AML_041_01	Neratinib	Neratinib_AML_041_01	187.8447	5.2
AML_042_01	Neratinib	Neratinib_AML_042_01	192.67543	6.2
AML_043_02	Neratinib	Neratinib_AML_043_02	181.42911	2.1
AML_045_01	Neratinib	Neratinib_AML_045_01	186.10188	2.8
AML_046_01	Neratinib	Neratinib_AML_046_01	174.49605	8.4
AML_051_01	Neratinib	Neratinib_AML_051_01	173.71689	3.2
AML_052_01	Neratinib	Neratinib_AML_052_01	185.65106	3.2
AML_053_01	Neratinib	Neratinib_AML_053_01	188.4074	3.7
AML_054_01	Neratinib	Neratinib_AML_054_01	178.23369	6.6
AML_057_01	Neratinib	Neratinib_AML_057_01	190.21971	2.8
AML_058_01	Neratinib	Neratinib_AML_058_01	178.45015	4.6
AML_059_01	Neratinib	Neratinib_AML_059_01	174.88988	4.7
AML_060_01	Neratinib	Neratinib_AML_060_01	178.5655	5.5
AML_061_01	Neratinib	Neratinib_AML_061_01	178.07033	3.0
AML_062_01	Neratinib	Neratinib_AML_062_01	184.34111	6.6
AML_064_01	Neratinib	Neratinib_AML_064_01	198.84541	4.4
AML_065_01	Neratinib	Neratinib_AML_065_01	180.35143	5.0
AML_067_01	Neratinib	Neratinib_AML_067_01	183.24513	5.3
AML_070_01	Neratinib	Neratinib_AML_070_01	186.49911	2.1
AML_072_01	Neratinib	Neratinib_AML_072_01	182.51547	4.0
AML_073_01	Neratinib	Neratinib_AML_073_01	183.66072	6.1
AML_074_01	Neratinib	Neratinib_AML_074_01	186.15369	2.3
AML_075_01	Neratinib	Neratinib_AML_075_01	182.38464	4.5
AML_076_01	Neratinib	Neratinib_AML_076_01	189.36612	3.3
AML_076_02	Neratinib	Neratinib_AML_076_02	177.43883	8.5
AML_077_01	Neratinib	Neratinib_AML_077_01	182.13441	4.2
AML_078_02	Neratinib	Neratinib_AML_078_02	183.1393	4.3
AML_084_01	Neratinib	Neratinib_AML_084_01	173.97443	9.9
AML_086_02	Neratinib	Neratinib_AML_086_02	183.41327	4.6
AML_098_01	Neratinib	Neratinib_AML_098_01	188.78964	0.0
AML_100_01	Neratinib	Neratinib_AML_100_01	178.44354	1.4
AML_101_01	Neratinib	Neratinib_AML_101_01	187.74605	3.7
AML_101_02	Neratinib	Neratinib_AML_101_02	188.60382	2.7
AML_102_01	Neratinib	Neratinib_AML_102_01	181.50189	3.2
AML_103_01	Neratinib	Neratinib_AML_103_01	190.30722	1.6
AML_103_02	Neratinib	Neratinib_AML_103_02	180.84206	5.2
AML_104_01	Neratinib	Neratinib_AML_104_01	180.97504	1.2
AML_108_01	Neratinib	Neratinib_AML_108_01	174.72455	4.9
AML_109_01	Neratinib	Neratinib_AML_109_01	179.70232	4.5
AML_110_01	Neratinib	Neratinib_AML_110_01	170.805	4.3
AML_112_01	Neratinib	Neratinib_AML_112_01	177.38046	3.5
AML_112_02	Neratinib	Neratinib_AML_112_02	185.08055	3.1
AML_113_01	Neratinib	Neratinib_AML_113_01	183.87366	2.8
AML_114_01	Neratinib	Neratinib_AML_114_01	178.15813	4.9
AML_115_01	Neratinib	Neratinib_AML_115_01	175.68967	8.2
AML_116_01	Neratinib	Neratinib_AML_116_01	184.3757	1.4
AML_117_01	Neratinib	Neratinib_AML_117_01	177.88501	3.0
AML_119_01	Neratinib	Neratinib_AML_119_01	183.03223	1.6
AML_120_03	Neratinib	Neratinib_AML_120_03	186.55821	0.0
AML_122_01	Neratinib	Neratinib_AML_122_01	201.88968	0.7
AML_123_01	Neratinib	Neratinib_AML_123_01	184.83359	5.2
AML_124_01	Neratinib	Neratinib_AML_124_01	180.36153	6.1
AML_125_01	Neratinib	Neratinib_AML_125_01	176.4664	15.9
AML_126_01	Neratinib	Neratinib_AML_126_01	183.5229	4.1
AML_127_01	Neratinib	Neratinib_AML_127_01	186.70155	3.7
AML_128_01	Neratinib	Neratinib_AML_128_01	184.12671	5.1
AML_131_01	Neratinib	Neratinib_AML_131_01	193.47072	0.1
AML_133_01	Neratinib	Neratinib_AML_133_01	186.7372	1.8
AML_134_01	Neratinib	Neratinib_AML_134_01	182.32376	3.8
AML_135_01	Neratinib	Neratinib_AML_135_01	183.25905	5.8
AML_138_01	Neratinib	Neratinib_AML_138_01	181.13515	8.8
AML_139_01	Neratinib	Neratinib_AML_139_01	189.45149	1.9
AML_140_01	Neratinib	Neratinib_AML_140_01	179.14143	2.5
AML_142_01	Neratinib	Neratinib_AML_142_01	179.83284	5.9
AML_143_01	Neratinib	Neratinib_AML_143_01	179.03008	1.4
AML_144_01	Neratinib	Neratinib_AML_144_01	188.09172	4.1
AML_146_01	Neratinib	Neratinib_AML_146_01	184.91464	0.9
AML_147_01	Neratinib	Neratinib_AML_147_01	183.1299	3.2
AML_151_01	Neratinib	Neratinib_AML_151_01	184.1894	11.2
AML_152_01	Neratinib	Neratinib_AML_152_01	179.73914	1.9
AML_153_01	Neratinib	Neratinib_AML_153_01	180.38452	6.2
AML_156_01	Neratinib	Neratinib_AML_156_01	178.21075	3.1
AML_157_01	Neratinib	Neratinib_AML_157_01	189.64842	0.7
AML_157_02	Neratinib	Neratinib_AML_157_02	188.04973	3.8
AML_158_01	Neratinib	Neratinib_AML_158_01	186.42485	2.6
AML_159_01	Neratinib	Neratinib_AML_159_01	180.2432	5.7
AML_160_01	Neratinib	Neratinib_AML_160_01	183.82144	4.1
AML_161_01	Neratinib	Neratinib_AML_161_01	173.86058	2.7
AML_175_01	Neratinib	Neratinib_AML_175_01	183.83504	1.4
AML_183_01	Neratinib	Neratinib_AML_183_01	190.59402	1.4
AML_183_02	Neratinib	Neratinib_AML_183_02	184.39452	3.7
AML_183_03	Neratinib	Neratinib_AML_183_03	185.92068	1.7
AML_001_01	Nilotinib	Nilotinib_AML_001_01	232.38914	0.0
AML_001_03	Nilotinib	Nilotinib_AML_001_03	225.48183	0.0
AML_002_01	Nilotinib	Nilotinib_AML_002_01	241.94485	0.0
AML_003_02	Nilotinib	Nilotinib_AML_003_02	234.17369	4.3
AML_004_01	Nilotinib	Nilotinib_AML_004_01	230.25703	2.8
AML_006_02	Nilotinib	Nilotinib_AML_006_02	228.13185	1.5
AML_007_01	Nilotinib	Nilotinib_AML_007_01	222.31262	0.0
AML_007_02	Nilotinib	Nilotinib_AML_007_02	226.66663	0.0
AML_012_01	Nilotinib	Nilotinib_AML_012_01	241.24936	0.0
AML_013_01	Nilotinib	Nilotinib_AML_013_01	246.1448	0.7
AML_014_01	Nilotinib	Nilotinib_AML_014_01	234.7183	0.0
AML_015_01	Nilotinib	Nilotinib_AML_015_01	237.65732	21.6
AML_015_02	Nilotinib	Nilotinib_AML_015_02	225.59367	12.4
AML_015_03	Nilotinib	Nilotinib_AML_015_03	230.69783	25.9
AML_015_04	Nilotinib	Nilotinib_AML_015_04	240.606	37.1
AML_018_01	Nilotinib	Nilotinib_AML_018_01	231.91476	0.0
AML_019_01	Nilotinib	Nilotinib_AML_019_01	235.85258	2.5
AML_020_01	Nilotinib	Nilotinib_AML_020_01	244.6825	2.2
AML_022_01	Nilotinib	Nilotinib_AML_022_01	217.49826	4.3
AML_023_01	Nilotinib	Nilotinib_AML_023_01	219.21602	0.0
AML_023_03	Nilotinib	Nilotinib_AML_023_03	218.48659	0.0
AML_023_04	Nilotinib	Nilotinib_AML_023_04	222.04214	0.0
AML_024_01	Nilotinib	Nilotinib_AML_024_01	237.38036	0.0
AML_025_01	Nilotinib	Nilotinib_AML_025_01	234.47057	0.0
AML_026_01	Nilotinib	Nilotinib_AML_026_01	229.48549	0.0
AML_028_01	Nilotinib	Nilotinib_AML_028_01	232.35152	0.7
AML_028_04	Nilotinib	Nilotinib_AML_028_04	231.72836	0.0
AML_029_01	Nilotinib	Nilotinib_AML_029_01	224.45285	0.0
AML_030_01	Nilotinib	Nilotinib_AML_030_01	217.76875	0.0
AML_032_01	Nilotinib	Nilotinib_AML_032_01	236.63841	0.0
AML_033_01	Nilotinib	Nilotinib_AML_033_01	240.56128	0.0
AML_033_02	Nilotinib	Nilotinib_AML_033_02	240.29367	1.7
AML_035_02	Nilotinib	Nilotinib_AML_035_02	239.32088	0.0
AML_035_04	Nilotinib	Nilotinib_AML_035_04	241.30528	0.0
AML_036_01	Nilotinib	Nilotinib_AML_036_01	224.29744	0.0
AML_040_01	Nilotinib	Nilotinib_AML_040_01	226.15286	11.7
AML_041_01	Nilotinib	Nilotinib_AML_041_01	218.88467	5.1
AML_042_01	Nilotinib	Nilotinib_AML_042_01	224.61363	7.2
AML_043_02	Nilotinib	Nilotinib_AML_043_02	240.21	0.0
AML_045_01	Nilotinib	Nilotinib_AML_045_01	233.26006	1.9
AML_046_01	Nilotinib	Nilotinib_AML_046_01	235.82074	9.5
AML_051_01	Nilotinib	Nilotinib_AML_051_01	230.46475	0.1
AML_052_01	Nilotinib	Nilotinib_AML_052_01	239.48743	0.0
AML_053_01	Nilotinib	Nilotinib_AML_053_01	232.72183	0.0
AML_054_01	Nilotinib	Nilotinib_AML_054_01	239.83383	6.7
AML_057_01	Nilotinib	Nilotinib_AML_057_01	221.29196	6.4
AML_058_01	Nilotinib	Nilotinib_AML_058_01	226.05402	6.5
AML_059_01	Nilotinib	Nilotinib_AML_059_01	232.74779	6.1
AML_060_01	Nilotinib	Nilotinib_AML_060_01	240.43796	0.2
AML_061_01	Nilotinib	Nilotinib_AML_061_01	232.10774	2.8
AML_062_01	Nilotinib	Nilotinib_AML_062_01	218.19968	7.4
AML_064_01	Nilotinib	Nilotinib_AML_064_01	221.9979	0.0
AML_065_01	Nilotinib	Nilotinib_AML_065_01	221.08583	7.6
AML_067_01	Nilotinib	Nilotinib_AML_067_01	214.7591	7.5
AML_070_01	Nilotinib	Nilotinib_AML_070_01	225.73575	0.1
AML_072_01	Nilotinib	Nilotinib_AML_072_01	237.20877	0.0
AML_073_01	Nilotinib	Nilotinib_AML_073_01	236.19865	0.6
AML_074_01	Nilotinib	Nilotinib_AML_074_01	223.88069	0.2
AML_075_01	Nilotinib	Nilotinib_AML_075_01	224.57233	0.0
AML_076_01	Nilotinib	Nilotinib_AML_076_01	222.88272	0.0
AML_076_02	Nilotinib	Nilotinib_AML_076_02	228.32254	0.0
AML_077_01	Nilotinib	Nilotinib_AML_077_01	235.19487	0.0
AML_078_02	Nilotinib	Nilotinib_AML_078_02	217.05592	0.0
AML_084_01	Nilotinib	Nilotinib_AML_084_01	232.41235	4.2
AML_086_02	Nilotinib	Nilotinib_AML_086_02	239.01059	0.9
AML_098_01	Nilotinib	Nilotinib_AML_098_01	220.48618	0.0
AML_100_01	Nilotinib	Nilotinib_AML_100_01	222.48901	0.0
AML_101_01	Nilotinib	Nilotinib_AML_101_01	230.58047	12.8
AML_101_02	Nilotinib	Nilotinib_AML_101_02	236.20993	3.1
AML_102_01	Nilotinib	Nilotinib_AML_102_01	211.63379	0.0
AML_103_01	Nilotinib	Nilotinib_AML_103_01	214.13905	0.0
AML_103_02	Nilotinib	Nilotinib_AML_103_02	237.00804	3.0
AML_104_01	Nilotinib	Nilotinib_AML_104_01	220.38892	0.0
AML_108_01	Nilotinib	Nilotinib_AML_108_01	218.53154	0.9
AML_109_01	Nilotinib	Nilotinib_AML_109_01	237.0787	0.0
AML_110_01	Nilotinib	Nilotinib_AML_110_01	227.53929	0.6
AML_112_01	Nilotinib	Nilotinib_AML_112_01	213.45966	1.5
AML_112_02	Nilotinib	Nilotinib_AML_112_02	219.51654	0.5
AML_113_01	Nilotinib	Nilotinib_AML_113_01	230.63269	0.9
AML_114_01	Nilotinib	Nilotinib_AML_114_01	216.4078	0.6
AML_115_01	Nilotinib	Nilotinib_AML_115_01	222.96162	6.4
AML_116_01	Nilotinib	Nilotinib_AML_116_01	226.85121	0.0
AML_117_01	Nilotinib	Nilotinib_AML_117_01	223.87805	0.7
AML_119_01	Nilotinib	Nilotinib_AML_119_01	214.37225	1.9
AML_120_01	Nilotinib	Nilotinib_AML_120_01	225.83871	7.5
AML_120_03	Nilotinib	Nilotinib_AML_120_03	228.87695	7.4
AML_122_01	Nilotinib	Nilotinib_AML_122_01	224.10678	0.0
AML_123_01	Nilotinib	Nilotinib_AML_123_01	227.07205	0.0
AML_124_01	Nilotinib	Nilotinib_AML_124_01	228.11015	0.0
AML_125_01	Nilotinib	Nilotinib_AML_125_01	238.75067	19.8
AML_126_01	Nilotinib	Nilotinib_AML_126_01	222.28984	0.0
AML_127_01	Nilotinib	Nilotinib_AML_127_01	222.1547	0.0
AML_128_01	Nilotinib	Nilotinib_AML_128_01	236.1506	0.0
AML_129_02	Nilotinib	Nilotinib_AML_129_02	228.2263	7.8
AML_129_03	Nilotinib	Nilotinib_AML_129_03	229.72124	0.0
AML_131_01	Nilotinib	Nilotinib_AML_131_01	221.74063	0.0
AML_133_01	Nilotinib	Nilotinib_AML_133_01	241.84315	0.0
AML_134_01	Nilotinib	Nilotinib_AML_134_01	240.52075	0.0
AML_135_01	Nilotinib	Nilotinib_AML_135_01	234.4947	0.0
AML_138_01	Nilotinib	Nilotinib_AML_138_01	236.0797	0.0
AML_139_01	Nilotinib	Nilotinib_AML_139_01	233.14746	2.6
AML_140_01	Nilotinib	Nilotinib_AML_140_01	224.17978	0.0
AML_142_01	Nilotinib	Nilotinib_AML_142_01	239.7638	6.7
AML_143_01	Nilotinib	Nilotinib_AML_143_01	229.49622	6.7
AML_144_01	Nilotinib	Nilotinib_AML_144_01	238.44183	5.8
AML_146_01	Nilotinib	Nilotinib_AML_146_01	231.94122	0.0
AML_147_01	Nilotinib	Nilotinib_AML_147_01	226.3087	2.0
AML_151_01	Nilotinib	Nilotinib_AML_151_01	222.2195	12.1
AML_152_01	Nilotinib	Nilotinib_AML_152_01	230.84724	1.2
AML_153_01	Nilotinib	Nilotinib_AML_153_01	234.91498	0.0
AML_156_01	Nilotinib	Nilotinib_AML_156_01	232.5645	4.9
AML_157_01	Nilotinib	Nilotinib_AML_157_01	225.64038	0.0
AML_157_02	Nilotinib	Nilotinib_AML_157_02	226.46138	1.8
AML_158_01	Nilotinib	Nilotinib_AML_158_01	230.81482	0.3
AML_159_01	Nilotinib	Nilotinib_AML_159_01	231.76857	3.4
AML_160_01	Nilotinib	Nilotinib_AML_160_01	220.69437	0.0
AML_161_01	Nilotinib	Nilotinib_AML_161_01	232.76204	1.6
AML_175_01	Nilotinib	Nilotinib_AML_175_01	224.21953	0.0
AML_179_01	Nilotinib	Nilotinib_AML_179_01	244.67558	0.0
AML_183_01	Nilotinib	Nilotinib_AML_183_01	224.24352	0.0
AML_183_02	Nilotinib	Nilotinib_AML_183_02	217.75345	0.0
AML_183_03	Nilotinib	Nilotinib_AML_183_03	217.36008	0.0
AML_184_01	Nilotinib	Nilotinib_AML_184_01	216.29471	7.8
AML_185_01	Nilotinib	Nilotinib_AML_185_01	245.07591	0.0
AML_004_01	NVP-AEW541	NVP-AEW541_AML_004_01	213.9328	9.2
AML_019_01	NVP-AEW541	NVP-AEW541_AML_019_01	209.4924	8.8
AML_025_01	NVP-AEW541	NVP-AEW541_AML_025_01	218.94559	6.6
AML_026_01	NVP-AEW541	NVP-AEW541_AML_026_01	221.44383	6.6
AML_029_01	NVP-AEW541	NVP-AEW541_AML_029_01	217.51744	4.4
AML_030_01	NVP-AEW541	NVP-AEW541_AML_030_01	212.85483	6.6
AML_033_01	NVP-AEW541	NVP-AEW541_AML_033_01	214.25867	8.7
AML_033_02	NVP-AEW541	NVP-AEW541_AML_033_02	204.0973	9.1
AML_041_01	NVP-AEW541	NVP-AEW541_AML_041_01	222.87306	6.5
AML_042_01	NVP-AEW541	NVP-AEW541_AML_042_01	222.642	16.2
AML_043_02	NVP-AEW541	NVP-AEW541_AML_043_02	206.53577	7.1
AML_046_01	NVP-AEW541	NVP-AEW541_AML_046_01	210.94235	28.3
AML_052_01	NVP-AEW541	NVP-AEW541_AML_052_01	218.86176	10.4
AML_057_01	NVP-AEW541	NVP-AEW541_AML_057_01	223.50548	5.9
AML_058_01	NVP-AEW541	NVP-AEW541_AML_058_01	213.20656	7.2
AML_059_01	NVP-AEW541	NVP-AEW541_AML_059_01	213.59883	11.8
AML_060_01	NVP-AEW541	NVP-AEW541_AML_060_01	214.27313	14.1
AML_061_01	NVP-AEW541	NVP-AEW541_AML_061_01	214.9362	10.5
AML_062_01	NVP-AEW541	NVP-AEW541_AML_062_01	216.77243	15.9
AML_064_01	NVP-AEW541	NVP-AEW541_AML_064_01	223.97125	10.9
AML_065_01	NVP-AEW541	NVP-AEW541_AML_065_01	216.40291	9.3
AML_067_01	NVP-AEW541	NVP-AEW541_AML_067_01	218.7312	7.7
AML_070_01	NVP-AEW541	NVP-AEW541_AML_070_01	217.3709	7.6
AML_072_01	NVP-AEW541	NVP-AEW541_AML_072_01	216.517	1.5
AML_073_01	NVP-AEW541	NVP-AEW541_AML_073_01	216.15395	5.1
AML_074_01	NVP-AEW541	NVP-AEW541_AML_074_01	220.27586	6.4
AML_075_01	NVP-AEW541	NVP-AEW541_AML_075_01	217.34305	2.3
AML_076_01	NVP-AEW541	NVP-AEW541_AML_076_01	220.84604	4.1
AML_076_02	NVP-AEW541	NVP-AEW541_AML_076_02	209.80516	0.0
AML_077_01	NVP-AEW541	NVP-AEW541_AML_077_01	219.15724	9.0
AML_078_02	NVP-AEW541	NVP-AEW541_AML_078_02	218.80455	5.4
AML_086_02	NVP-AEW541	NVP-AEW541_AML_086_02	215.0691	1.4
AML_098_01	NVP-AEW541	NVP-AEW541_AML_098_01	219.31512	8.8
AML_100_01	NVP-AEW541	NVP-AEW541_AML_100_01	219.15651	7.2
AML_101_01	NVP-AEW541	NVP-AEW541_AML_101_01	211.3827	11.8
AML_101_02	NVP-AEW541	NVP-AEW541_AML_101_02	217.38564	5.4
AML_102_01	NVP-AEW541	NVP-AEW541_AML_102_01	217.24947	4.6
AML_103_01	NVP-AEW541	NVP-AEW541_AML_103_01	215.47823	5.3
AML_103_02	NVP-AEW541	NVP-AEW541_AML_103_02	202.04616	9.0
AML_104_01	NVP-AEW541	NVP-AEW541_AML_104_01	218.49272	3.0
AML_108_01	NVP-AEW541	NVP-AEW541_AML_108_01	213.3759	8.6
AML_109_01	NVP-AEW541	NVP-AEW541_AML_109_01	207.03938	8.3
AML_110_01	NVP-AEW541	NVP-AEW541_AML_110_01	212.71481	8.2
AML_112_01	NVP-AEW541	NVP-AEW541_AML_112_01	213.17226	5.4
AML_112_02	NVP-AEW541	NVP-AEW541_AML_112_02	219.18782	5.8
AML_113_01	NVP-AEW541	NVP-AEW541_AML_113_01	210.1034	7.2
AML_114_01	NVP-AEW541	NVP-AEW541_AML_114_01	209.86385	6.8
AML_115_01	NVP-AEW541	NVP-AEW541_AML_115_01	210.43105	9.2
AML_116_01	NVP-AEW541	NVP-AEW541_AML_116_01	219.33937	5.0
AML_117_01	NVP-AEW541	NVP-AEW541_AML_117_01	215.01761	10.2
AML_119_01	NVP-AEW541	NVP-AEW541_AML_119_01	215.91176	4.8
AML_122_01	NVP-AEW541	NVP-AEW541_AML_122_01	226.45218	4.9
AML_123_01	NVP-AEW541	NVP-AEW541_AML_123_01	220.27489	8.8
AML_124_01	NVP-AEW541	NVP-AEW541_AML_124_01	218.48845	12.2
AML_125_01	NVP-AEW541	NVP-AEW541_AML_125_01	214.4259	3.3
AML_126_01	NVP-AEW541	NVP-AEW541_AML_126_01	214.40216	0.0
AML_127_01	NVP-AEW541	NVP-AEW541_AML_127_01	220.65744	0.0
AML_128_01	NVP-AEW541	NVP-AEW541_AML_128_01	218.88553	4.8
AML_131_01	NVP-AEW541	NVP-AEW541_AML_131_01	223.70065	4.6
AML_133_01	NVP-AEW541	NVP-AEW541_AML_133_01	211.56886	7.9
AML_134_01	NVP-AEW541	NVP-AEW541_AML_134_01	211.46751	2.6
AML_135_01	NVP-AEW541	NVP-AEW541_AML_135_01	215.18219	12.8
AML_138_01	NVP-AEW541	NVP-AEW541_AML_138_01	213.46983	3.0
AML_139_01	NVP-AEW541	NVP-AEW541_AML_139_01	224.62207	9.0
AML_140_01	NVP-AEW541	NVP-AEW541_AML_140_01	217.44724	5.6
AML_142_01	NVP-AEW541	NVP-AEW541_AML_142_01	206.2608	5.5
AML_143_01	NVP-AEW541	NVP-AEW541_AML_143_01	215.40887	5.8
AML_144_01	NVP-AEW541	NVP-AEW541_AML_144_01	221.4863	9.1
AML_146_01	NVP-AEW541	NVP-AEW541_AML_146_01	217.77684	6.1
AML_147_01	NVP-AEW541	NVP-AEW541_AML_147_01	220.80011	8.7
AML_151_01	NVP-AEW541	NVP-AEW541_AML_151_01	214.35999	14.0
AML_152_01	NVP-AEW541	NVP-AEW541_AML_152_01	214.3612	7.4
AML_153_01	NVP-AEW541	NVP-AEW541_AML_153_01	202.75784	5.3
AML_156_01	NVP-AEW541	NVP-AEW541_AML_156_01	213.08931	7.4
AML_157_01	NVP-AEW541	NVP-AEW541_AML_157_01	220.81482	8.6
AML_157_02	NVP-AEW541	NVP-AEW541_AML_157_02	220.6888	6.7
AML_158_01	NVP-AEW541	NVP-AEW541_AML_158_01	221.65778	8.5
AML_159_01	NVP-AEW541	NVP-AEW541_AML_159_01	216.76208	9.8
AML_160_01	NVP-AEW541	NVP-AEW541_AML_160_01	214.93393	6.8
AML_161_01	NVP-AEW541	NVP-AEW541_AML_161_01	204.64975	8.3
AML_183_01	NVP-AEW541	NVP-AEW541_AML_183_01	220.52904	4.9
AML_183_02	NVP-AEW541	NVP-AEW541_AML_183_02	220.22096	0.0
AML_183_03	NVP-AEW541	NVP-AEW541_AML_183_03	218.30917	6.1
AML_001_01	Olaparib	Olaparib_AML_001_01	242.60544	0.1
AML_001_03	Olaparib	Olaparib_AML_001_03	239.47481	6.1
AML_002_01	Olaparib	Olaparib_AML_002_01	238.15697	0.9
AML_003_02	Olaparib	Olaparib_AML_003_02	229.3218	4.6
AML_004_01	Olaparib	Olaparib_AML_004_01	238.97893	1.9
AML_006_02	Olaparib	Olaparib_AML_006_02	242.68098	0.0
AML_007_01	Olaparib	Olaparib_AML_007_01	242.20177	0.0
AML_007_02	Olaparib	Olaparib_AML_007_02	245.65984	0.8
AML_012_01	Olaparib	Olaparib_AML_012_01	228.79523	1.1
AML_013_01	Olaparib	Olaparib_AML_013_01	241.30803	1.0
AML_014_01	Olaparib	Olaparib_AML_014_01	235.5582	2.3
AML_015_01	Olaparib	Olaparib_AML_015_01	238.27316	4.9
AML_015_02	Olaparib	Olaparib_AML_015_02	237.14873	2.0
AML_015_03	Olaparib	Olaparib_AML_015_03	240.01338	1.5
AML_015_04	Olaparib	Olaparib_AML_015_04	238.56474	9.4
AML_018_01	Olaparib	Olaparib_AML_018_01	226.54799	8.0
AML_019_01	Olaparib	Olaparib_AML_019_01	230.53355	1.9
AML_020_01	Olaparib	Olaparib_AML_020_01	239.61197	1.4
AML_022_01	Olaparib	Olaparib_AML_022_01	236.29881	0.0
AML_023_01	Olaparib	Olaparib_AML_023_01	239.98659	0.0
AML_023_03	Olaparib	Olaparib_AML_023_03	238.69492	0.0
AML_023_04	Olaparib	Olaparib_AML_023_04	239.92476	0.1
AML_024_01	Olaparib	Olaparib_AML_024_01	236.18512	4.6
AML_025_01	Olaparib	Olaparib_AML_025_01	239.99208	2.7
AML_026_01	Olaparib	Olaparib_AML_026_01	246.06578	0.0
AML_028_01	Olaparib	Olaparib_AML_028_01	235.41673	0.0
AML_028_04	Olaparib	Olaparib_AML_028_04	222.73376	5.3
AML_029_01	Olaparib	Olaparib_AML_029_01	239.36365	0.0
AML_030_01	Olaparib	Olaparib_AML_030_01	236.27043	0.5
AML_032_01	Olaparib	Olaparib_AML_032_01	240.52629	4.8
AML_033_01	Olaparib	Olaparib_AML_033_01	241.92474	1.5
AML_033_02	Olaparib	Olaparib_AML_033_02	230.28015	1.4
AML_035_02	Olaparib	Olaparib_AML_035_02	241.34402	0.2
AML_035_04	Olaparib	Olaparib_AML_035_04	233.77307	0.0
AML_036_01	Olaparib	Olaparib_AML_036_01	240.86133	2.3
AML_040_01	Olaparib	Olaparib_AML_040_01	240.26263	0.0
AML_041_01	Olaparib	Olaparib_AML_041_01	244.00844	0.2
AML_042_01	Olaparib	Olaparib_AML_042_01	241.67526	1.0
AML_043_02	Olaparib	Olaparib_AML_043_02	226.65564	5.8
AML_045_01	Olaparib	Olaparib_AML_045_01	236.54895	0.0
AML_046_01	Olaparib	Olaparib_AML_046_01	235.18529	0.0
AML_051_01	Olaparib	Olaparib_AML_051_01	237.64758	0.0
AML_052_01	Olaparib	Olaparib_AML_052_01	242.26984	2.6
AML_053_01	Olaparib	Olaparib_AML_053_01	241.87419	0.1
AML_054_01	Olaparib	Olaparib_AML_054_01	233.19441	2.0
AML_057_01	Olaparib	Olaparib_AML_057_01	242.56372	0.4
AML_058_01	Olaparib	Olaparib_AML_058_01	234.1119	1.0
AML_059_01	Olaparib	Olaparib_AML_059_01	238.13846	1.0
AML_060_01	Olaparib	Olaparib_AML_060_01	238.1023	3.1
AML_061_01	Olaparib	Olaparib_AML_061_01	239.75517	0.0
AML_062_01	Olaparib	Olaparib_AML_062_01	237.32027	0.0
AML_064_01	Olaparib	Olaparib_AML_064_01	240.71855	1.4
AML_065_01	Olaparib	Olaparib_AML_065_01	239.91223	2.3
AML_067_01	Olaparib	Olaparib_AML_067_01	242.52406	3.2
AML_070_01	Olaparib	Olaparib_AML_070_01	242.05249	1.1
AML_072_01	Olaparib	Olaparib_AML_072_01	242.49243	0.7
AML_073_01	Olaparib	Olaparib_AML_073_01	237.60655	1.4
AML_074_01	Olaparib	Olaparib_AML_074_01	246.58391	2.6
AML_075_01	Olaparib	Olaparib_AML_075_01	241.892	1.9
AML_076_01	Olaparib	Olaparib_AML_076_01	241.16013	3.2
AML_076_02	Olaparib	Olaparib_AML_076_02	233.08693	2.9
AML_077_01	Olaparib	Olaparib_AML_077_01	244.29254	4.7
AML_078_02	Olaparib	Olaparib_AML_078_02	241.04756	4.0
AML_084_01	Olaparib	Olaparib_AML_084_01	236.1542	5.0
AML_086_02	Olaparib	Olaparib_AML_086_02	239.36911	2.8
AML_098_01	Olaparib	Olaparib_AML_098_01	239.6064	6.2
AML_100_01	Olaparib	Olaparib_AML_100_01	242.48201	1.6
AML_101_01	Olaparib	Olaparib_AML_101_01	231.10585	0.0
AML_101_02	Olaparib	Olaparib_AML_101_02	239.58832	0.0
AML_102_01	Olaparib	Olaparib_AML_102_01	239.10233	1.0
AML_103_01	Olaparib	Olaparib_AML_103_01	232.82979	2.2
AML_103_02	Olaparib	Olaparib_AML_103_02	223.13614	3.6
AML_104_01	Olaparib	Olaparib_AML_104_01	241.8125	3.2
AML_108_01	Olaparib	Olaparib_AML_108_01	236.9808	4.0
AML_109_01	Olaparib	Olaparib_AML_109_01	231.89055	0.0
AML_110_01	Olaparib	Olaparib_AML_110_01	239.07428	7.5
AML_112_01	Olaparib	Olaparib_AML_112_01	238.6841	0.9
AML_112_02	Olaparib	Olaparib_AML_112_02	238.9876	1.3
AML_113_01	Olaparib	Olaparib_AML_113_01	230.12875	3.4
AML_114_01	Olaparib	Olaparib_AML_114_01	235.60919	0.0
AML_115_01	Olaparib	Olaparib_AML_115_01	236.82411	5.2
AML_116_01	Olaparib	Olaparib_AML_116_01	244.39337	2.2
AML_117_01	Olaparib	Olaparib_AML_117_01	239.94214	2.5
AML_119_01	Olaparib	Olaparib_AML_119_01	240.36456	3.1
AML_120_01	Olaparib	Olaparib_AML_120_01	238.23842	4.2
AML_120_03	Olaparib	Olaparib_AML_120_03	240.28075	3.6
AML_122_01	Olaparib	Olaparib_AML_122_01	242.48053	3.4
AML_123_01	Olaparib	Olaparib_AML_123_01	245.61913	2.7
AML_124_01	Olaparib	Olaparib_AML_124_01	241.00938	4.9
AML_125_01	Olaparib	Olaparib_AML_125_01	237.84389	5.7
AML_126_01	Olaparib	Olaparib_AML_126_01	236.88263	2.9
AML_127_01	Olaparib	Olaparib_AML_127_01	240.91837	2.0
AML_128_01	Olaparib	Olaparib_AML_128_01	243.68484	2.9
AML_129_02	Olaparib	Olaparib_AML_129_02	240.65921	0.0
AML_129_03	Olaparib	Olaparib_AML_129_03	239.11176	0.0
AML_131_01	Olaparib	Olaparib_AML_131_01	242.5982	0.0
AML_133_01	Olaparib	Olaparib_AML_133_01	232.49599	3.3
AML_134_01	Olaparib	Olaparib_AML_134_01	232.83255	5.6
AML_135_01	Olaparib	Olaparib_AML_135_01	239.03471	3.1
AML_138_01	Olaparib	Olaparib_AML_138_01	236.02765	2.8
AML_139_01	Olaparib	Olaparib_AML_139_01	246.56451	4.7
AML_140_01	Olaparib	Olaparib_AML_140_01	242.35294	1.4
AML_142_01	Olaparib	Olaparib_AML_142_01	226.48857	7.3
AML_143_01	Olaparib	Olaparib_AML_143_01	239.87204	4.4
AML_144_01	Olaparib	Olaparib_AML_144_01	243.69821	3.4
AML_146_01	Olaparib	Olaparib_AML_146_01	241.30998	3.7
AML_147_01	Olaparib	Olaparib_AML_147_01	242.79597	2.5
AML_151_01	Olaparib	Olaparib_AML_151_01	234.83414	4.8
AML_152_01	Olaparib	Olaparib_AML_152_01	239.0794	4.4
AML_153_01	Olaparib	Olaparib_AML_153_01	224.0658	6.1
AML_156_01	Olaparib	Olaparib_AML_156_01	237.12534	4.6
AML_157_01	Olaparib	Olaparib_AML_157_01	239.453	4.0
AML_157_02	Olaparib	Olaparib_AML_157_02	242.31853	2.6
AML_158_01	Olaparib	Olaparib_AML_158_01	243.62251	3.1
AML_159_01	Olaparib	Olaparib_AML_159_01	239.52249	1.7
AML_160_01	Olaparib	Olaparib_AML_160_01	234.88432	0.5
AML_161_01	Olaparib	Olaparib_AML_161_01	227.44792	11.3
AML_175_01	Olaparib	Olaparib_AML_175_01	242.62651	1.3
AML_179_01	Olaparib	Olaparib_AML_179_01	239.05408	0.3
AML_183_01	Olaparib	Olaparib_AML_183_01	244.65208	2.6
AML_183_02	Olaparib	Olaparib_AML_183_02	241.41566	2.3
AML_183_03	Olaparib	Olaparib_AML_183_03	239.04068	3.3
AML_184_01	Olaparib	Olaparib_AML_184_01	241.12425	0.0
AML_185_01	Olaparib	Olaparib_AML_185_01	243.3072	2.2
AML_001_01	Palbociclib	Palbociclib_AML_001_01	231.12247	1.2
AML_001_03	Palbociclib	Palbociclib_AML_001_03	236.3263	6.2
AML_002_01	Palbociclib	Palbociclib_AML_002_01	221.34862	5.3
AML_003_02	Palbociclib	Palbociclib_AML_003_02	218.88647	11.6
AML_004_01	Palbociclib	Palbociclib_AML_004_01	227.20615	6.7
AML_006_02	Palbociclib	Palbociclib_AML_006_02	235.88216	1.8
AML_007_01	Palbociclib	Palbociclib_AML_007_01	237.3968	1.7
AML_007_02	Palbociclib	Palbociclib_AML_007_02	241.35052	0.1
AML_012_01	Palbociclib	Palbociclib_AML_012_01	211.63092	8.8
AML_013_01	Palbociclib	Palbociclib_AML_013_01	222.495	12.8
AML_014_01	Palbociclib	Palbociclib_AML_014_01	224.64601	8.8
AML_015_01	Palbociclib	Palbociclib_AML_015_01	224.7456	5.3
AML_015_02	Palbociclib	Palbociclib_AML_015_02	234.50183	1.6
AML_015_03	Palbociclib	Palbociclib_AML_015_03	233.7399	6.5
AML_015_04	Palbociclib	Palbociclib_AML_015_04	225.74156	5.3
AML_018_01	Palbociclib	Palbociclib_AML_018_01	215.8407	14.2
AML_019_01	Palbociclib	Palbociclib_AML_019_01	218.09145	5.6
AML_020_01	Palbociclib	Palbociclib_AML_020_01	222.71143	5.2
AML_022_01	Palbociclib	Palbociclib_AML_022_01	233.68431	4.2
AML_023_01	Palbociclib	Palbociclib_AML_023_01	238.46944	5.0
AML_023_03	Palbociclib	Palbociclib_AML_023_03	235.97913	0.6
AML_023_04	Palbociclib	Palbociclib_AML_023_04	232.92487	4.6
AML_024_01	Palbociclib	Palbociclib_AML_024_01	221.84409	3.2
AML_025_01	Palbociclib	Palbociclib_AML_025_01	232.61296	4.3
AML_026_01	Palbociclib	Palbociclib_AML_026_01	241.75565	2.3
AML_028_01	Palbociclib	Palbociclib_AML_028_01	224.43944	7.3
AML_028_04	Palbociclib	Palbociclib_AML_028_04	210.1014	6.7
AML_029_01	Palbociclib	Palbociclib_AML_029_01	238.91812	3.8
AML_030_01	Palbociclib	Palbociclib_AML_030_01	235.24974	2.0
AML_032_01	Palbociclib	Palbociclib_AML_032_01	225.35239	4.8
AML_033_01	Palbociclib	Palbociclib_AML_033_01	223.08192	7.0
AML_033_02	Palbociclib	Palbociclib_AML_033_02	210.24042	6.7
AML_035_02	Palbociclib	Palbociclib_AML_035_02	230.79724	12.6
AML_035_04	Palbociclib	Palbociclib_AML_035_04	220.88647	12.0
AML_036_01	Palbociclib	Palbociclib_AML_036_01	235.71825	9.8
AML_040_01	Palbociclib	Palbociclib_AML_040_01	232.22763	6.8
AML_041_01	Palbociclib	Palbociclib_AML_041_01	241.36584	3.5
AML_042_01	Palbociclib	Palbociclib_AML_042_01	238.59859	2.1
AML_043_02	Palbociclib	Palbociclib_AML_043_02	210.72592	5.6
AML_045_01	Palbociclib	Palbociclib_AML_045_01	230.51044	0.0
AML_046_01	Palbociclib	Palbociclib_AML_046_01	217.20148	11.4
AML_051_01	Palbociclib	Palbociclib_AML_051_01	224.9968	0.0
AML_052_01	Palbociclib	Palbociclib_AML_052_01	227.06993	6.9
AML_053_01	Palbociclib	Palbociclib_AML_053_01	232.88918	5.3
AML_054_01	Palbociclib	Palbociclib_AML_054_01	214.82513	9.8
AML_057_01	Palbociclib	Palbociclib_AML_057_01	239.55034	1.0
AML_058_01	Palbociclib	Palbociclib_AML_058_01	226.38663	5.1
AML_059_01	Palbociclib	Palbociclib_AML_059_01	226.8967	3.4
AML_060_01	Palbociclib	Palbociclib_AML_060_01	222.50067	5.6
AML_061_01	Palbociclib	Palbociclib_AML_061_01	227.5741	1.3
AML_062_01	Palbociclib	Palbociclib_AML_062_01	230.39774	3.0
AML_064_01	Palbociclib	Palbociclib_AML_064_01	236.34221	3.5
AML_065_01	Palbociclib	Palbociclib_AML_065_01	231.72992	3.7
AML_067_01	Palbociclib	Palbociclib_AML_067_01	240.35559	6.3
AML_070_01	Palbociclib	Palbociclib_AML_070_01	237.7816	5.8
AML_072_01	Palbociclib	Palbociclib_AML_072_01	227.35242	4.7
AML_073_01	Palbociclib	Palbociclib_AML_073_01	227.26164	1.9
AML_074_01	Palbociclib	Palbociclib_AML_074_01	246.02011	8.4
AML_075_01	Palbociclib	Palbociclib_AML_075_01	237.70567	4.1
AML_076_01	Palbociclib	Palbociclib_AML_076_01	236.54266	4.9
AML_076_02	Palbociclib	Palbociclib_AML_076_02	220.62366	7.3
AML_077_01	Palbociclib	Palbociclib_AML_077_01	230.0373	11.2
AML_078_02	Palbociclib	Palbociclib_AML_078_02	239.10442	5.8
AML_084_01	Palbociclib	Palbociclib_AML_084_01	226.3655	8.0
AML_086_02	Palbociclib	Palbociclib_AML_086_02	227.72795	8.3
AML_098_01	Palbociclib	Palbociclib_AML_098_01	235.1773	3.7
AML_100_01	Palbociclib	Palbociclib_AML_100_01	239.31926	3.8
AML_101_01	Palbociclib	Palbociclib_AML_101_01	219.22002	4.7
AML_101_02	Palbociclib	Palbociclib_AML_101_02	229.85794	6.2
AML_102_01	Palbociclib	Palbociclib_AML_102_01	240.23434	3.4
AML_103_01	Palbociclib	Palbociclib_AML_103_01	228.26831	3.7
AML_103_02	Palbociclib	Palbociclib_AML_103_02	208.78357	8.5
AML_104_01	Palbociclib	Palbociclib_AML_104_01	237.84311	6.0
AML_108_01	Palbociclib	Palbociclib_AML_108_01	232.883	6.6
AML_109_01	Palbociclib	Palbociclib_AML_109_01	218.17964	1.2
AML_110_01	Palbociclib	Palbociclib_AML_110_01	232.83727	6.6
AML_112_01	Palbociclib	Palbociclib_AML_112_01	234.7537	6.2
AML_112_02	Palbociclib	Palbociclib_AML_112_02	236.37518	4.0
AML_113_01	Palbociclib	Palbociclib_AML_113_01	220.97838	7.4
AML_114_01	Palbociclib	Palbociclib_AML_114_01	232.59795	3.8
AML_115_01	Palbociclib	Palbociclib_AML_115_01	228.9391	4.9
AML_116_01	Palbociclib	Palbociclib_AML_116_01	235.11093	4.9
AML_117_01	Palbociclib	Palbociclib_AML_117_01	234.20638	3.3
AML_119_01	Palbociclib	Palbociclib_AML_119_01	238.66202	5.8
AML_120_01	Palbociclib	Palbociclib_AML_120_01	229.6231	7.3
AML_120_03	Palbociclib	Palbociclib_AML_120_03	232.12514	10.5
AML_122_01	Palbociclib	Palbociclib_AML_122_01	239.53442	1.6
AML_123_01	Palbociclib	Palbociclib_AML_123_01	241.03293	10.1
AML_124_01	Palbociclib	Palbociclib_AML_124_01	234.92836	13.8
AML_125_01	Palbociclib	Palbociclib_AML_125_01	224.49606	23.5
AML_126_01	Palbociclib	Palbociclib_AML_126_01	236.49991	7.9
AML_127_01	Palbociclib	Palbociclib_AML_127_01	234.84895	10.4
AML_128_01	Palbociclib	Palbociclib_AML_128_01	232.7536	4.3
AML_129_02	Palbociclib	Palbociclib_AML_129_02	229.22691	0.0
AML_129_03	Palbociclib	Palbociclib_AML_129_03	226.68503	0.8
AML_131_01	Palbociclib	Palbociclib_AML_131_01	236.30264	5.4
AML_133_01	Palbociclib	Palbociclib_AML_133_01	214.76108	8.3
AML_134_01	Palbociclib	Palbociclib_AML_134_01	217.60449	4.8
AML_135_01	Palbociclib	Palbociclib_AML_135_01	227.6647	5.5
AML_138_01	Palbociclib	Palbociclib_AML_138_01	223.92104	12.3
AML_139_01	Palbociclib	Palbociclib_AML_139_01	233.41695	5.3
AML_140_01	Palbociclib	Palbociclib_AML_140_01	236.97072	4.7
AML_142_01	Palbociclib	Palbociclib_AML_142_01	210.48824	9.6
AML_143_01	Palbociclib	Palbociclib_AML_143_01	230.48856	7.4
AML_144_01	Palbociclib	Palbociclib_AML_144_01	233.61237	10.4
AML_146_01	Palbociclib	Palbociclib_AML_146_01	233.69647	4.7
AML_147_01	Palbociclib	Palbociclib_AML_147_01	236.28809	3.8
AML_151_01	Palbociclib	Palbociclib_AML_151_01	226.87628	10.6
AML_152_01	Palbociclib	Palbociclib_AML_152_01	226.25905	9.5
AML_153_01	Palbociclib	Palbociclib_AML_153_01	210.10022	6.9
AML_156_01	Palbociclib	Palbociclib_AML_156_01	224.37637	6.8
AML_157_01	Palbociclib	Palbociclib_AML_157_01	233.08008	5.9
AML_157_02	Palbociclib	Palbociclib_AML_157_02	234.69576	7.5
AML_158_01	Palbociclib	Palbociclib_AML_158_01	236.27719	5.9
AML_159_01	Palbociclib	Palbociclib_AML_159_01	230.84418	8.1
AML_160_01	Palbociclib	Palbociclib_AML_160_01	230.2092	8.2
AML_161_01	Palbociclib	Palbociclib_AML_161_01	212.7601	12.5
AML_175_01	Palbociclib	Palbociclib_AML_175_01	241.52374	3.1
AML_179_01	Palbociclib	Palbociclib_AML_179_01	222.52048	4.0
AML_183_01	Palbociclib	Palbociclib_AML_183_01	239.22523	3.5
AML_183_02	Palbociclib	Palbociclib_AML_183_02	243.33804	5.3
AML_183_03	Palbociclib	Palbociclib_AML_183_03	232.53453	3.8
AML_184_01	Palbociclib	Palbociclib_AML_184_01	239.953	5.9
AML_185_01	Palbociclib	Palbociclib_AML_185_01	229.23181	3.7
AML_001_01	Panobinostat	Panobinostat_AML_001_01	145.16888	9.7
AML_001_03	Panobinostat	Panobinostat_AML_001_03	118.49797	26.0
AML_002_01	Panobinostat	Panobinostat_AML_002_01	153.2177	33.2
AML_003_02	Panobinostat	Panobinostat_AML_003_02	149.71393	23.5
AML_004_01	Panobinostat	Panobinostat_AML_004_01	131.11362	26.1
AML_006_02	Panobinostat	Panobinostat_AML_006_02	120.62002	24.1
AML_007_01	Panobinostat	Panobinostat_AML_007_01	125.40531	22.9
AML_007_02	Panobinostat	Panobinostat_AML_007_02	118.52032	21.4
AML_012_01	Panobinostat	Panobinostat_AML_012_01	180.43729	24.1
AML_013_01	Panobinostat	Panobinostat_AML_013_01	155.37924	30.0
AML_014_01	Panobinostat	Panobinostat_AML_014_01	133.495	28.6
AML_015_01	Panobinostat	Panobinostat_AML_015_01	137.87015	23.5
AML_015_02	Panobinostat	Panobinostat_AML_015_02	127.69774	24.0
AML_015_03	Panobinostat	Panobinostat_AML_015_03	130.9685	27.5
AML_015_04	Panobinostat	Panobinostat_AML_015_04	142.29527	28.1
AML_018_01	Panobinostat	Panobinostat_AML_018_01	151.33734	33.0
AML_019_01	Panobinostat	Panobinostat_AML_019_01	150.97757	19.3
AML_020_01	Panobinostat	Panobinostat_AML_020_01	160.05437	16.4
AML_022_01	Panobinostat	Panobinostat_AML_022_01	141.56387	39.9
AML_023_01	Panobinostat	Panobinostat_AML_023_01	125.1842	38.1
AML_023_03	Panobinostat	Panobinostat_AML_023_03	136.0368	31.0
AML_023_04	Panobinostat	Panobinostat_AML_023_04	131.90079	25.7
AML_024_01	Panobinostat	Panobinostat_AML_024_01	142.53976	22.3
AML_025_01	Panobinostat	Panobinostat_AML_025_01	133.21701	22.2
AML_026_01	Panobinostat	Panobinostat_AML_026_01	121.89938	16.4
AML_028_01	Panobinostat	Panobinostat_AML_028_01	130.62746	24.1
AML_028_04	Panobinostat	Panobinostat_AML_028_04	170.99182	34.2
AML_029_01	Panobinostat	Panobinostat_AML_029_01	123.346794	20.4
AML_030_01	Panobinostat	Panobinostat_AML_030_01	126.862724	21.1
AML_032_01	Panobinostat	Panobinostat_AML_032_01	136.12096	15.1
AML_033_01	Panobinostat	Panobinostat_AML_033_01	140.91342	18.8
AML_033_02	Panobinostat	Panobinostat_AML_033_02	174.35356	19.2
AML_035_02	Panobinostat	Panobinostat_AML_035_02	137.73846	17.1
AML_035_04	Panobinostat	Panobinostat_AML_035_04	165.90561	20.8
AML_036_01	Panobinostat	Panobinostat_AML_036_01	118.57381	18.6
AML_040_01	Panobinostat	Panobinostat_AML_040_01	111.57758	30.0
AML_041_01	Panobinostat	Panobinostat_AML_041_01	123.81349	17.2
AML_042_01	Panobinostat	Panobinostat_AML_042_01	123.617775	26.2
AML_043_02	Panobinostat	Panobinostat_AML_043_02	175.3616	24.1
AML_045_01	Panobinostat	Panobinostat_AML_045_01	139.49164	20.6
AML_046_01	Panobinostat	Panobinostat_AML_046_01	156.36084	27.5
AML_051_01	Panobinostat	Panobinostat_AML_051_01	132.16718	14.6
AML_052_01	Panobinostat	Panobinostat_AML_052_01	131.02002	21.1
AML_053_01	Panobinostat	Panobinostat_AML_053_01	124.8797	23.9
AML_054_01	Panobinostat	Panobinostat_AML_054_01	164.10878	34.2
AML_057_01	Panobinostat	Panobinostat_AML_057_01	117.880356	24.5
AML_058_01	Panobinostat	Panobinostat_AML_058_01	132.05438	22.5
AML_059_01	Panobinostat	Panobinostat_AML_059_01	126.40692	23.8
AML_060_01	Panobinostat	Panobinostat_AML_060_01	144.42564	29.3
AML_061_01	Panobinostat	Panobinostat_AML_061_01	125.77682	27.2
AML_062_01	Panobinostat	Panobinostat_AML_062_01	129.18219	25.1
AML_064_01	Panobinostat	Panobinostat_AML_064_01	131.40538	18.4
AML_065_01	Panobinostat	Panobinostat_AML_065_01	122.81445	24.5
AML_067_01	Panobinostat	Panobinostat_AML_067_01	112.15603	25.9
AML_070_01	Panobinostat	Panobinostat_AML_070_01	115.73696	20.3
AML_072_01	Panobinostat	Panobinostat_AML_072_01	132.41669	15.8
AML_073_01	Panobinostat	Panobinostat_AML_073_01	141.08469	16.2
AML_074_01	Panobinostat	Panobinostat_AML_074_01	103.94291	21.0
AML_075_01	Panobinostat	Panobinostat_AML_075_01	120.83475	24.3
AML_076_01	Panobinostat	Panobinostat_AML_076_01	136.42491	17.8
AML_076_02	Panobinostat	Panobinostat_AML_076_02	144.90782	23.1
AML_077_01	Panobinostat	Panobinostat_AML_077_01	135.94458	21.5
AML_078_02	Panobinostat	Panobinostat_AML_078_02	126.21368	23.0
AML_084_01	Panobinostat	Panobinostat_AML_084_01	134.32979	27.7
AML_086_02	Panobinostat	Panobinostat_AML_086_02	145.59853	20.3
AML_098_01	Panobinostat	Panobinostat_AML_098_01	130.23628	16.7
AML_100_01	Panobinostat	Panobinostat_AML_100_01	112.90804	19.4
AML_101_01	Panobinostat	Panobinostat_AML_101_01	163.95757	24.0
AML_101_02	Panobinostat	Panobinostat_AML_101_02	150.14015	18.9
AML_102_01	Panobinostat	Panobinostat_AML_102_01	118.14582	20.0
AML_103_01	Panobinostat	Panobinostat_AML_103_01	140.49988	21.0
AML_103_02	Panobinostat	Panobinostat_AML_103_02	172.9939	26.4
AML_104_01	Panobinostat	Panobinostat_AML_104_01	114.28405	15.8
AML_108_01	Panobinostat	Panobinostat_AML_108_01	121.94289	23.4
AML_109_01	Panobinostat	Panobinostat_AML_109_01	140.20592	23.7
AML_110_01	Panobinostat	Panobinostat_AML_110_01	105.0387	23.4
AML_112_01	Panobinostat	Panobinostat_AML_112_01	126.75876	22.2
AML_112_02	Panobinostat	Panobinostat_AML_112_02	132.05939	23.3
AML_113_01	Panobinostat	Panobinostat_AML_113_01	153.71428	24.8
AML_114_01	Panobinostat	Panobinostat_AML_114_01	113.161415	20.8
AML_115_01	Panobinostat	Panobinostat_AML_115_01	122.72412	25.6
AML_116_01	Panobinostat	Panobinostat_AML_116_01	108.18609	21.7
AML_117_01	Panobinostat	Panobinostat_AML_117_01	113.56891	18.0
AML_119_01	Panobinostat	Panobinostat_AML_119_01	122.4021	21.6
AML_120_01	Panobinostat	Panobinostat_AML_120_01	125.38971	37.8
AML_120_03	Panobinostat	Panobinostat_AML_120_03	125.81274	28.8
AML_122_01	Panobinostat	Panobinostat_AML_122_01	137.12427	24.4
AML_123_01	Panobinostat	Panobinostat_AML_123_01	119.61951	21.3
AML_124_01	Panobinostat	Panobinostat_AML_124_01	125.09647	24.0
AML_125_01	Panobinostat	Panobinostat_AML_125_01	137.81259	21.1
AML_126_01	Panobinostat	Panobinostat_AML_126_01	132.20682	25.4
AML_127_01	Panobinostat	Panobinostat_AML_127_01	123.73712	23.3
AML_128_01	Panobinostat	Panobinostat_AML_128_01	136.59688	19.0
AML_129_02	Panobinostat	Panobinostat_AML_129_02	127.4302	37.6
AML_129_03	Panobinostat	Panobinostat_AML_129_03	135.49911	25.9
AML_131_01	Panobinostat	Panobinostat_AML_131_01	137.11194	16.3
AML_133_01	Panobinostat	Panobinostat_AML_133_01	175.46811	23.6
AML_134_01	Panobinostat	Panobinostat_AML_134_01	163.77623	15.2
AML_135_01	Panobinostat	Panobinostat_AML_135_01	138.2375	25.6
AML_138_01	Panobinostat	Panobinostat_AML_138_01	154.73778	20.7
AML_139_01	Panobinostat	Panobinostat_AML_139_01	130.83598	26.9
AML_140_01	Panobinostat	Panobinostat_AML_140_01	116.59981	22.3
AML_142_01	Panobinostat	Panobinostat_AML_142_01	171.2865	26.6
AML_143_01	Panobinostat	Panobinostat_AML_143_01	117.143555	19.9
AML_144_01	Panobinostat	Panobinostat_AML_144_01	139.87338	21.4
AML_146_01	Panobinostat	Panobinostat_AML_146_01	127.57536	18.6
AML_147_01	Panobinostat	Panobinostat_AML_147_01	119.55697	18.4
AML_151_01	Panobinostat	Panobinostat_AML_151_01	136.88272	26.1
AML_152_01	Panobinostat	Panobinostat_AML_152_01	137.73524	21.3
AML_153_01	Panobinostat	Panobinostat_AML_153_01	176.43558	13.3
AML_156_01	Panobinostat	Panobinostat_AML_156_01	151.91084	24.5
AML_157_01	Panobinostat	Panobinostat_AML_157_01	130.67465	24.0
AML_157_02	Panobinostat	Panobinostat_AML_157_02	125.881485	24.8
AML_158_01	Panobinostat	Panobinostat_AML_158_01	130.72536	20.8
AML_159_01	Panobinostat	Panobinostat_AML_159_01	126.93317	23.1
AML_160_01	Panobinostat	Panobinostat_AML_160_01	137.2703	23.1
AML_161_01	Panobinostat	Panobinostat_AML_161_01	159.6594	21.9
AML_175_01	Panobinostat	Panobinostat_AML_175_01	121.51146	19.9
AML_179_01	Panobinostat	Panobinostat_AML_179_01	144.58559	33.0
AML_183_01	Panobinostat	Panobinostat_AML_183_01	113.26814	17.8
AML_183_02	Panobinostat	Panobinostat_AML_183_02	109.64838	20.9
AML_183_03	Panobinostat	Panobinostat_AML_183_03	130.72556	17.8
AML_184_01	Panobinostat	Panobinostat_AML_184_01	106.58538	29.4
AML_185_01	Panobinostat	Panobinostat_AML_185_01	144.97739	24.1
AML_001_01	Pazopanib	Pazopanib_AML_001_01	229.11069	0.0
AML_001_03	Pazopanib	Pazopanib_AML_001_03	225.28993	0.0
AML_002_01	Pazopanib	Pazopanib_AML_002_01	222.55118	8.5
AML_003_02	Pazopanib	Pazopanib_AML_003_02	218.74178	0.0
AML_004_01	Pazopanib	Pazopanib_AML_004_01	221.33292	4.1
AML_006_02	Pazopanib	Pazopanib_AML_006_02	227.27208	2.0
AML_007_01	Pazopanib	Pazopanib_AML_007_01	227.60728	0.0
AML_007_02	Pazopanib	Pazopanib_AML_007_02	230.39407	0.0
AML_012_01	Pazopanib	Pazopanib_AML_012_01	217.85081	3.7
AML_013_01	Pazopanib	Pazopanib_AML_013_01	226.76715	4.4
AML_014_01	Pazopanib	Pazopanib_AML_014_01	224.12169	0.0
AML_015_01	Pazopanib	Pazopanib_AML_015_01	226.6807	20.7
AML_015_02	Pazopanib	Pazopanib_AML_015_02	222.12395	15.0
AML_015_03	Pazopanib	Pazopanib_AML_015_03	227.81087	24.2
AML_015_04	Pazopanib	Pazopanib_AML_015_04	225.811	31.8
AML_018_01	Pazopanib	Pazopanib_AML_018_01	215.9352	6.1
AML_019_01	Pazopanib	Pazopanib_AML_019_01	219.02979	0.0
AML_020_01	Pazopanib	Pazopanib_AML_020_01	232.44849	4.0
AML_022_01	Pazopanib	Pazopanib_AML_022_01	217.93353	1.1
AML_023_01	Pazopanib	Pazopanib_AML_023_01	219.191	6.9
AML_023_03	Pazopanib	Pazopanib_AML_023_03	221.08406	3.9
AML_023_04	Pazopanib	Pazopanib_AML_023_04	223.06445	3.3
AML_024_01	Pazopanib	Pazopanib_AML_024_01	219.98398	2.5
AML_025_01	Pazopanib	Pazopanib_AML_025_01	231.22345	4.4
AML_026_01	Pazopanib	Pazopanib_AML_026_01	229.32437	1.5
AML_028_01	Pazopanib	Pazopanib_AML_028_01	217.06232	0.0
AML_028_04	Pazopanib	Pazopanib_AML_028_04	209.04726	5.9
AML_029_01	Pazopanib	Pazopanib_AML_029_01	228.47075	1.4
AML_030_01	Pazopanib	Pazopanib_AML_030_01	218.34895	0.0
AML_032_01	Pazopanib	Pazopanib_AML_032_01	226.30405	0.0
AML_033_01	Pazopanib	Pazopanib_AML_033_01	226.97408	1.6
AML_033_02	Pazopanib	Pazopanib_AML_033_02	215.36902	2.1
AML_035_02	Pazopanib	Pazopanib_AML_035_02	230.25462	0.0
AML_035_04	Pazopanib	Pazopanib_AML_035_04	227.31886	0.0
AML_036_01	Pazopanib	Pazopanib_AML_036_01	224.56526	0.0
AML_040_01	Pazopanib	Pazopanib_AML_040_01	219.54153	5.6
AML_041_01	Pazopanib	Pazopanib_AML_041_01	225.57658	5.7
AML_042_01	Pazopanib	Pazopanib_AML_042_01	228.23802	0.4
AML_043_02	Pazopanib	Pazopanib_AML_043_02	217.92844	0.0
AML_045_01	Pazopanib	Pazopanib_AML_045_01	226.12088	0.9
AML_046_01	Pazopanib	Pazopanib_AML_046_01	217.3544	11.9
AML_051_01	Pazopanib	Pazopanib_AML_051_01	219.11115	2.0
AML_052_01	Pazopanib	Pazopanib_AML_052_01	230.00479	0.1
AML_053_01	Pazopanib	Pazopanib_AML_053_01	229.23656	0.0
AML_054_01	Pazopanib	Pazopanib_AML_054_01	219.77612	10.0
AML_057_01	Pazopanib	Pazopanib_AML_057_01	227.17592	6.9
AML_058_01	Pazopanib	Pazopanib_AML_058_01	217.96434	5.8
AML_059_01	Pazopanib	Pazopanib_AML_059_01	220.44891	5.4
AML_060_01	Pazopanib	Pazopanib_AML_060_01	224.5025	3.2
AML_061_01	Pazopanib	Pazopanib_AML_061_01	223.97672	1.0
AML_062_01	Pazopanib	Pazopanib_AML_062_01	219.20076	10.1
AML_064_01	Pazopanib	Pazopanib_AML_064_01	229.29184	0.0
AML_065_01	Pazopanib	Pazopanib_AML_065_01	220.58044	2.7
AML_067_01	Pazopanib	Pazopanib_AML_067_01	221.49535	8.9
AML_070_01	Pazopanib	Pazopanib_AML_070_01	226.29086	0.0
AML_072_01	Pazopanib	Pazopanib_AML_072_01	228.19533	1.3
AML_073_01	Pazopanib	Pazopanib_AML_073_01	224.56874	0.0
AML_074_01	Pazopanib	Pazopanib_AML_074_01	225.05565	0.6
AML_075_01	Pazopanib	Pazopanib_AML_075_01	224.43399	0.0
AML_076_01	Pazopanib	Pazopanib_AML_076_01	226.87695	0.0
AML_076_02	Pazopanib	Pazopanib_AML_076_02	216.32967	1.3
AML_077_01	Pazopanib	Pazopanib_AML_077_01	229.20107	0.0
AML_078_02	Pazopanib	Pazopanib_AML_078_02	220.02316	2.9
AML_084_01	Pazopanib	Pazopanib_AML_084_01	216.67084	0.0
AML_086_02	Pazopanib	Pazopanib_AML_086_02	225.03853	3.5
AML_098_01	Pazopanib	Pazopanib_AML_098_01	221.46735	0.0
AML_100_01	Pazopanib	Pazopanib_AML_100_01	224.48822	3.5
AML_101_01	Pazopanib	Pazopanib_AML_101_01	215.59679	12.6
AML_101_02	Pazopanib	Pazopanib_AML_101_02	228.47144	0.4
AML_102_01	Pazopanib	Pazopanib_AML_102_01	217.82042	0.0
AML_103_01	Pazopanib	Pazopanib_AML_103_01	217.13527	1.6
AML_103_02	Pazopanib	Pazopanib_AML_103_02	213.62897	5.9
AML_104_01	Pazopanib	Pazopanib_AML_104_01	222.99258	0.0
AML_108_01	Pazopanib	Pazopanib_AML_108_01	215.85492	0.1
AML_109_01	Pazopanib	Pazopanib_AML_109_01	220.90628	0.6
AML_110_01	Pazopanib	Pazopanib_AML_110_01	217.59914	3.5
AML_112_01	Pazopanib	Pazopanib_AML_112_01	215.88301	7.4
AML_112_02	Pazopanib	Pazopanib_AML_112_02	221.67143	2.7
AML_113_01	Pazopanib	Pazopanib_AML_113_01	218.27415	3.7
AML_114_01	Pazopanib	Pazopanib_AML_114_01	216.68729	1.4
AML_115_01	Pazopanib	Pazopanib_AML_115_01	215.85045	10.7
AML_116_01	Pazopanib	Pazopanib_AML_116_01	225.27687	0.0
AML_117_01	Pazopanib	Pazopanib_AML_117_01	222.64966	2.6
AML_119_01	Pazopanib	Pazopanib_AML_119_01	217.52245	0.4
AML_120_01	Pazopanib	Pazopanib_AML_120_01	223.1508	16.7
AML_120_03	Pazopanib	Pazopanib_AML_120_03	226.25186	11.3
AML_122_01	Pazopanib	Pazopanib_AML_122_01	229.82224	4.4
AML_123_01	Pazopanib	Pazopanib_AML_123_01	227.47156	4.5
AML_124_01	Pazopanib	Pazopanib_AML_124_01	223.59836	1.6
AML_125_01	Pazopanib	Pazopanib_AML_125_01	225.89098	22.2
AML_126_01	Pazopanib	Pazopanib_AML_126_01	222.92664	4.6
AML_127_01	Pazopanib	Pazopanib_AML_127_01	223.80766	0.0
AML_128_01	Pazopanib	Pazopanib_AML_128_01	227.80939	2.6
AML_129_02	Pazopanib	Pazopanib_AML_129_02	221.54124	10.8
AML_129_03	Pazopanib	Pazopanib_AML_129_03	219.72095	4.6
AML_131_01	Pazopanib	Pazopanib_AML_131_01	229.32474	0.0
AML_133_01	Pazopanib	Pazopanib_AML_133_01	222.34811	0.0
AML_134_01	Pazopanib	Pazopanib_AML_134_01	222.34428	0.8
AML_135_01	Pazopanib	Pazopanib_AML_135_01	225.7855	2.6
AML_138_01	Pazopanib	Pazopanib_AML_138_01	221.89561	0.0
AML_139_01	Pazopanib	Pazopanib_AML_139_01	233.65303	0.0
AML_140_01	Pazopanib	Pazopanib_AML_140_01	221.41005	2.6
AML_142_01	Pazopanib	Pazopanib_AML_142_01	219.10873	2.9
AML_143_01	Pazopanib	Pazopanib_AML_143_01	220.29662	0.0
AML_144_01	Pazopanib	Pazopanib_AML_144_01	230.68628	0.0
AML_146_01	Pazopanib	Pazopanib_AML_146_01	224.98279	0.2
AML_147_01	Pazopanib	Pazopanib_AML_147_01	224.56084	7.9
AML_151_01	Pazopanib	Pazopanib_AML_151_01	220.21631	3.2
AML_152_01	Pazopanib	Pazopanib_AML_152_01	220.81319	0.2
AML_153_01	Pazopanib	Pazopanib_AML_153_01	213.3744	1.6
AML_156_01	Pazopanib	Pazopanib_AML_156_01	220.58255	4.0
AML_157_01	Pazopanib	Pazopanib_AML_157_01	228.4402	5.0
AML_157_02	Pazopanib	Pazopanib_AML_157_02	228.475	7.5
AML_158_01	Pazopanib	Pazopanib_AML_158_01	228.82521	1.2
AML_159_01	Pazopanib	Pazopanib_AML_159_01	225.02481	2.6
AML_160_01	Pazopanib	Pazopanib_AML_160_01	219.00636	5.2
AML_161_01	Pazopanib	Pazopanib_AML_161_01	213.23297	5.9
AML_175_01	Pazopanib	Pazopanib_AML_175_01	224.16153	0.0
AML_179_01	Pazopanib	Pazopanib_AML_179_01	227.20517	8.5
AML_183_01	Pazopanib	Pazopanib_AML_183_01	226.71434	0.5
AML_183_02	Pazopanib	Pazopanib_AML_183_02	221.78755	1.4
AML_183_03	Pazopanib	Pazopanib_AML_183_03	220.7013	1.7
AML_184_01	Pazopanib	Pazopanib_AML_184_01	218.01747	5.4
AML_185_01	Pazopanib	Pazopanib_AML_185_01	232.29872	0.0
AML_004_01	CI-1040	CI-1040_AML_004_01	203.03348	3.5
AML_019_01	CI-1040	CI-1040_AML_019_01	192.56006	1.7
AML_025_01	CI-1040	CI-1040_AML_025_01	202.60571	9.2
AML_026_01	CI-1040	CI-1040_AML_026_01	205.75278	6.6
AML_029_01	CI-1040	CI-1040_AML_029_01	199.9254	7.0
AML_030_01	CI-1040	CI-1040_AML_030_01	193.67426	4.9
AML_033_01	CI-1040	CI-1040_AML_033_01	203.51186	7.3
AML_033_02	CI-1040	CI-1040_AML_033_02	198.69617	9.0
AML_041_01	CI-1040	CI-1040_AML_041_01	201.03815	8.7
AML_042_01	CI-1040	CI-1040_AML_042_01	202.23045	12.9
AML_043_02	CI-1040	CI-1040_AML_043_02	200.25032	6.4
AML_046_01	CI-1040	CI-1040_AML_046_01	192.90106	9.9
AML_052_01	CI-1040	CI-1040_AML_052_01	207.69429	0.4
AML_057_01	CI-1040	CI-1040_AML_057_01	200.57872	10.7
AML_058_01	CI-1040	CI-1040_AML_058_01	197.0978	7.4
AML_059_01	CI-1040	CI-1040_AML_059_01	194.59991	6.8
AML_060_01	CI-1040	CI-1040_AML_060_01	202.75754	6.2
AML_061_01	CI-1040	CI-1040_AML_061_01	201.65948	8.7
AML_062_01	CI-1040	CI-1040_AML_062_01	194.3683	19.0
AML_064_01	CI-1040	CI-1040_AML_064_01	195.78125	16.3
AML_065_01	CI-1040	CI-1040_AML_065_01	191.84967	13.9
AML_067_01	CI-1040	CI-1040_AML_067_01	193.69301	9.5
AML_070_01	CI-1040	CI-1040_AML_070_01	207.72237	2.2
AML_072_01	CI-1040	CI-1040_AML_072_01	203.02554	2.2
AML_073_01	CI-1040	CI-1040_AML_073_01	201.4813	12.2
AML_074_01	CI-1040	CI-1040_AML_074_01	207.04294	6.6
AML_075_01	CI-1040	CI-1040_AML_075_01	201.55254	8.4
AML_076_01	CI-1040	CI-1040_AML_076_01	198.9341	3.3
AML_076_02	CI-1040	CI-1040_AML_076_02	195.36336	7.0
AML_077_01	CI-1040	CI-1040_AML_077_01	203.34045	8.3
AML_078_02	CI-1040	CI-1040_AML_078_02	195.6871	8.9
AML_086_02	CI-1040	CI-1040_AML_086_02	201.57626	7.5
AML_098_01	CI-1040	CI-1040_AML_098_01	199.25052	4.0
AML_100_01	CI-1040	CI-1040_AML_100_01	197.71281	3.7
AML_101_01	CI-1040	CI-1040_AML_101_01	197.03474	12.4
AML_101_02	CI-1040	CI-1040_AML_101_02	202.08098	1.3
AML_102_01	CI-1040	CI-1040_AML_102_01	191.93692	17.4
AML_103_01	CI-1040	CI-1040_AML_103_01	191.51512	7.1
AML_103_02	CI-1040	CI-1040_AML_103_02	196.26956	8.2
AML_104_01	CI-1040	CI-1040_AML_104_01	194.87955	5.6
AML_108_01	CI-1040	CI-1040_AML_108_01	191.11537	6.9
AML_109_01	CI-1040	CI-1040_AML_109_01	193.90193	4.2
AML_110_01	CI-1040	CI-1040_AML_110_01	193.50092	6.5
AML_112_01	CI-1040	CI-1040_AML_112_01	191.84073	5.8
AML_112_02	CI-1040	CI-1040_AML_112_02	197.57066	7.9
AML_113_01	CI-1040	CI-1040_AML_113_01	190.49333	6.0
AML_114_01	CI-1040	CI-1040_AML_114_01	193.7346	5.2
AML_115_01	CI-1040	CI-1040_AML_115_01	188.78711	11.8
AML_116_01	CI-1040	CI-1040_AML_116_01	203.89995	5.4
AML_117_01	CI-1040	CI-1040_AML_117_01	202.05247	5.4
AML_119_01	CI-1040	CI-1040_AML_119_01	195.98624	8.0
AML_122_01	CI-1040	CI-1040_AML_122_01	197.95653	1.6
AML_123_01	CI-1040	CI-1040_AML_123_01	205.5444	6.9
AML_124_01	CI-1040	CI-1040_AML_124_01	202.3625	11.1
AML_125_01	CI-1040	CI-1040_AML_125_01	198.93462	4.1
AML_126_01	CI-1040	CI-1040_AML_126_01	195.8529	5.7
AML_127_01	CI-1040	CI-1040_AML_127_01	200.55762	7.3
AML_128_01	CI-1040	CI-1040_AML_128_01	204.61958	5.1
AML_131_01	CI-1040	CI-1040_AML_131_01	199.98068	4.2
AML_133_01	CI-1040	CI-1040_AML_133_01	203.97252	14.1
AML_134_01	CI-1040	CI-1040_AML_134_01	198.72342	12.2
AML_135_01	CI-1040	CI-1040_AML_135_01	197.65215	15.9
AML_138_01	CI-1040	CI-1040_AML_138_01	198.34415	11.9
AML_139_01	CI-1040	CI-1040_AML_139_01	202.70125	4.1
AML_140_01	CI-1040	CI-1040_AML_140_01	197.62117	5.3
AML_142_01	CI-1040	CI-1040_AML_142_01	196.52603	4.5
AML_143_01	CI-1040	CI-1040_AML_143_01	200.28764	6.5
AML_144_01	CI-1040	CI-1040_AML_144_01	200.6006	13.8
AML_146_01	CI-1040	CI-1040_AML_146_01	205.47636	2.4
AML_147_01	CI-1040	CI-1040_AML_147_01	201.62358	5.7
AML_151_01	CI-1040	CI-1040_AML_151_01	190.2407	18.0
AML_152_01	CI-1040	CI-1040_AML_152_01	197.84953	4.9
AML_153_01	CI-1040	CI-1040_AML_153_01	190.96785	0.6
AML_156_01	CI-1040	CI-1040_AML_156_01	194.56146	8.0
AML_157_01	CI-1040	CI-1040_AML_157_01	199.20044	11.9
AML_157_02	CI-1040	CI-1040_AML_157_02	198.47258	8.5
AML_158_01	CI-1040	CI-1040_AML_158_01	204.24301	7.5
AML_159_01	CI-1040	CI-1040_AML_159_01	201.66716	8.4
AML_160_01	CI-1040	CI-1040_AML_160_01	189.04556	6.9
AML_161_01	CI-1040	CI-1040_AML_161_01	190.91927	12.0
AML_183_01	CI-1040	CI-1040_AML_183_01	202.6348	2.5
AML_183_02	CI-1040	CI-1040_AML_183_02	197.42291	4.7
AML_183_03	CI-1040	CI-1040_AML_183_03	192.4578	5.0
AML_004_01	Pelitinib	Pelitinib_AML_004_01	174.50542	9.3
AML_019_01	Pelitinib	Pelitinib_AML_019_01	170.00966	9.1
AML_025_01	Pelitinib	Pelitinib_AML_025_01	176.9248	7.0
AML_026_01	Pelitinib	Pelitinib_AML_026_01	178.56886	3.9
AML_029_01	Pelitinib	Pelitinib_AML_029_01	178.96759	7.4
AML_030_01	Pelitinib	Pelitinib_AML_030_01	171.72166	4.6
AML_033_01	Pelitinib	Pelitinib_AML_033_01	170.21713	6.5
AML_033_02	Pelitinib	Pelitinib_AML_033_02	168.14268	7.9
AML_041_01	Pelitinib	Pelitinib_AML_041_01	183.43027	4.7
AML_042_01	Pelitinib	Pelitinib_AML_042_01	184.56673	9.2
AML_043_02	Pelitinib	Pelitinib_AML_043_02	169.42003	6.9
AML_046_01	Pelitinib	Pelitinib_AML_046_01	164.72766	18.0
AML_052_01	Pelitinib	Pelitinib_AML_052_01	172.30043	6.6
AML_057_01	Pelitinib	Pelitinib_AML_057_01	182.95828	6.6
AML_058_01	Pelitinib	Pelitinib_AML_058_01	169.07297	6.0
AML_059_01	Pelitinib	Pelitinib_AML_059_01	164.43117	10.2
AML_060_01	Pelitinib	Pelitinib_AML_060_01	167.61607	12.0
AML_061_01	Pelitinib	Pelitinib_AML_061_01	167.26205	10.1
AML_062_01	Pelitinib	Pelitinib_AML_062_01	175.1472	8.2
AML_064_01	Pelitinib	Pelitinib_AML_064_01	191.93896	9.1
AML_065_01	Pelitinib	Pelitinib_AML_065_01	168.67468	8.2
AML_067_01	Pelitinib	Pelitinib_AML_067_01	176.53297	9.3
AML_070_01	Pelitinib	Pelitinib_AML_070_01	178.25119	5.4
AML_072_01	Pelitinib	Pelitinib_AML_072_01	171.7688	7.8
AML_073_01	Pelitinib	Pelitinib_AML_073_01	173.1943	9.0
AML_074_01	Pelitinib	Pelitinib_AML_074_01	179.04576	8.9
AML_075_01	Pelitinib	Pelitinib_AML_075_01	178.14029	8.3
AML_076_01	Pelitinib	Pelitinib_AML_076_01	182.04393	6.4
AML_076_02	Pelitinib	Pelitinib_AML_076_02	166.3872	15.7
AML_077_01	Pelitinib	Pelitinib_AML_077_01	172.99287	8.3
AML_078_02	Pelitinib	Pelitinib_AML_078_02	177.02261	8.7
AML_086_02	Pelitinib	Pelitinib_AML_086_02	172.24524	10.7
AML_098_01	Pelitinib	Pelitinib_AML_098_01	179.48814	6.4
AML_100_01	Pelitinib	Pelitinib_AML_100_01	169.84892	4.5
AML_101_01	Pelitinib	Pelitinib_AML_101_01	177.65254	6.0
AML_101_02	Pelitinib	Pelitinib_AML_101_02	180.72487	2.3
AML_102_01	Pelitinib	Pelitinib_AML_102_01	175.38576	7.2
AML_103_01	Pelitinib	Pelitinib_AML_103_01	182.55933	7.2
AML_103_02	Pelitinib	Pelitinib_AML_103_02	169.32277	9.6
AML_104_01	Pelitinib	Pelitinib_AML_104_01	174.8753	5.0
AML_108_01	Pelitinib	Pelitinib_AML_108_01	166.20462	11.4
AML_109_01	Pelitinib	Pelitinib_AML_109_01	170.20703	1.4
AML_110_01	Pelitinib	Pelitinib_AML_110_01	164.65529	12.8
AML_112_01	Pelitinib	Pelitinib_AML_112_01	172.38684	11.7
AML_112_02	Pelitinib	Pelitinib_AML_112_02	180.39339	9.0
AML_113_01	Pelitinib	Pelitinib_AML_113_01	171.34366	9.1
AML_114_01	Pelitinib	Pelitinib_AML_114_01	168.33946	5.5
AML_115_01	Pelitinib	Pelitinib_AML_115_01	164.81949	10.1
AML_116_01	Pelitinib	Pelitinib_AML_116_01	175.85843	6.8
AML_117_01	Pelitinib	Pelitinib_AML_117_01	168.65057	6.8
AML_119_01	Pelitinib	Pelitinib_AML_119_01	174.19032	7.1
AML_122_01	Pelitinib	Pelitinib_AML_122_01	196.43156	6.2
AML_123_01	Pelitinib	Pelitinib_AML_123_01	175.99875	6.9
AML_124_01	Pelitinib	Pelitinib_AML_124_01	171.26274	10.0
AML_125_01	Pelitinib	Pelitinib_AML_125_01	167.22064	7.9
AML_126_01	Pelitinib	Pelitinib_AML_126_01	177.06825	10.5
AML_127_01	Pelitinib	Pelitinib_AML_127_01	177.89455	6.8
AML_128_01	Pelitinib	Pelitinib_AML_128_01	173.53471	8.9
AML_131_01	Pelitinib	Pelitinib_AML_131_01	186.75543	6.0
AML_133_01	Pelitinib	Pelitinib_AML_133_01	173.42809	7.7
AML_134_01	Pelitinib	Pelitinib_AML_134_01	173.7374	7.6
AML_135_01	Pelitinib	Pelitinib_AML_135_01	171.17351	13.3
AML_138_01	Pelitinib	Pelitinib_AML_138_01	175.86618	11.3
AML_139_01	Pelitinib	Pelitinib_AML_139_01	181.6632	6.1
AML_140_01	Pelitinib	Pelitinib_AML_140_01	173.55707	6.9
AML_142_01	Pelitinib	Pelitinib_AML_142_01	167.47025	10.4
AML_143_01	Pelitinib	Pelitinib_AML_143_01	170.96648	6.7
AML_144_01	Pelitinib	Pelitinib_AML_144_01	177.80408	8.4
AML_146_01	Pelitinib	Pelitinib_AML_146_01	177.44312	4.3
AML_147_01	Pelitinib	Pelitinib_AML_147_01	174.70784	7.1
AML_151_01	Pelitinib	Pelitinib_AML_151_01	173.9007	12.3
AML_152_01	Pelitinib	Pelitinib_AML_152_01	169.40445	8.3
AML_153_01	Pelitinib	Pelitinib_AML_153_01	171.6239	6.1
AML_156_01	Pelitinib	Pelitinib_AML_156_01	168.18205	8.5
AML_157_01	Pelitinib	Pelitinib_AML_157_01	180.40082	5.8
AML_157_02	Pelitinib	Pelitinib_AML_157_02	176.81769	9.2
AML_158_01	Pelitinib	Pelitinib_AML_158_01	178.88434	6.1
AML_159_01	Pelitinib	Pelitinib_AML_159_01	171.30518	9.0
AML_160_01	Pelitinib	Pelitinib_AML_160_01	173.70242	7.6
AML_161_01	Pelitinib	Pelitinib_AML_161_01	165.344	8.0
AML_183_01	Pelitinib	Pelitinib_AML_183_01	182.76611	4.1
AML_183_02	Pelitinib	Pelitinib_AML_183_02	178.28514	9.9
AML_183_03	Pelitinib	Pelitinib_AML_183_03	175.8177	5.8
AML_004_01	PH-797804	PH-797804_AML_004_01	212.02895	0.7
AML_019_01	PH-797804	PH-797804_AML_019_01	212.82436	1.7
AML_025_01	PH-797804	PH-797804_AML_025_01	218.73904	0.0
AML_026_01	PH-797804	PH-797804_AML_026_01	220.35127	0.0
AML_029_01	PH-797804	PH-797804_AML_029_01	213.27917	0.0
AML_030_01	PH-797804	PH-797804_AML_030_01	207.23808	0.0
AML_033_01	PH-797804	PH-797804_AML_033_01	218.46204	0.1
AML_033_02	PH-797804	PH-797804_AML_033_02	212.5659	1.7
AML_041_01	PH-797804	PH-797804_AML_041_01	215.57803	0.0
AML_042_01	PH-797804	PH-797804_AML_042_01	217.03108	1.6
AML_043_02	PH-797804	PH-797804_AML_043_02	211.65408	0.0
AML_046_01	PH-797804	PH-797804_AML_046_01	209.7207	10.3
AML_052_01	PH-797804	PH-797804_AML_052_01	218.99974	0.0
AML_057_01	PH-797804	PH-797804_AML_057_01	216.1384	1.8
AML_058_01	PH-797804	PH-797804_AML_058_01	208.29115	6.3
AML_059_01	PH-797804	PH-797804_AML_059_01	212.25687	3.3
AML_060_01	PH-797804	PH-797804_AML_060_01	216.89938	3.6
AML_061_01	PH-797804	PH-797804_AML_061_01	214.20854	6.2
AML_062_01	PH-797804	PH-797804_AML_062_01	207.28839	2.2
AML_064_01	PH-797804	PH-797804_AML_064_01	218.73302	0.0
AML_065_01	PH-797804	PH-797804_AML_065_01	207.24059	6.3
AML_067_01	PH-797804	PH-797804_AML_067_01	210.63687	3.5
AML_070_01	PH-797804	PH-797804_AML_070_01	217.70612	0.0
AML_072_01	PH-797804	PH-797804_AML_072_01	218.61299	0.9
AML_073_01	PH-797804	PH-797804_AML_073_01	217.28716	0.0
AML_074_01	PH-797804	PH-797804_AML_074_01	216.51393	0.0
AML_075_01	PH-797804	PH-797804_AML_075_01	214.07883	2.4
AML_076_01	PH-797804	PH-797804_AML_076_01	216.13148	0.0
AML_076_02	PH-797804	PH-797804_AML_076_02	206.02406	1.2
AML_077_01	PH-797804	PH-797804_AML_077_01	219.6766	0.0
AML_078_02	PH-797804	PH-797804_AML_078_02	209.99179	0.0
AML_086_02	PH-797804	PH-797804_AML_086_02	216.91872	1.8
AML_098_01	PH-797804	PH-797804_AML_098_01	214.88675	0.0
AML_100_01	PH-797804	PH-797804_AML_100_01	212.49586	0.0
AML_101_01	PH-797804	PH-797804_AML_101_01	209.46234	11.7
AML_101_02	PH-797804	PH-797804_AML_101_02	219.68878	0.0
AML_102_01	PH-797804	PH-797804_AML_102_01	206.95682	0.0
AML_103_01	PH-797804	PH-797804_AML_103_01	208.67606	0.0
AML_103_02	PH-797804	PH-797804_AML_103_02	205.25139	1.7
AML_104_01	PH-797804	PH-797804_AML_104_01	210.57385	0.0
AML_108_01	PH-797804	PH-797804_AML_108_01	203.47057	0.0
AML_109_01	PH-797804	PH-797804_AML_109_01	211.35324	0.0
AML_110_01	PH-797804	PH-797804_AML_110_01	207.4676	0.0
AML_112_01	PH-797804	PH-797804_AML_112_01	204.85727	0.0
AML_112_02	PH-797804	PH-797804_AML_112_02	211.16495	0.0
AML_113_01	PH-797804	PH-797804_AML_113_01	206.07974	0.0
AML_114_01	PH-797804	PH-797804_AML_114_01	205.00423	0.0
AML_115_01	PH-797804	PH-797804_AML_115_01	205.14954	0.0
AML_116_01	PH-797804	PH-797804_AML_116_01	214.84714	0.0
AML_117_01	PH-797804	PH-797804_AML_117_01	210.46841	0.0
AML_119_01	PH-797804	PH-797804_AML_119_01	209.318	0.0
AML_122_01	PH-797804	PH-797804_AML_122_01	220.54585	0.0
AML_123_01	PH-797804	PH-797804_AML_123_01	217.43655	0.0
AML_124_01	PH-797804	PH-797804_AML_124_01	213.59001	0.0
AML_125_01	PH-797804	PH-797804_AML_125_01	214.42296	0.0
AML_126_01	PH-797804	PH-797804_AML_126_01	213.33237	1.2
AML_127_01	PH-797804	PH-797804_AML_127_01	212.39055	0.0
AML_128_01	PH-797804	PH-797804_AML_128_01	217.17201	1.7
AML_131_01	PH-797804	PH-797804_AML_131_01	217.68991	0.0
AML_133_01	PH-797804	PH-797804_AML_133_01	214.39989	6.2
AML_134_01	PH-797804	PH-797804_AML_134_01	217.29372	0.0
AML_135_01	PH-797804	PH-797804_AML_135_01	214.78532	0.0
AML_138_01	PH-797804	PH-797804_AML_138_01	215.38948	0.0
AML_139_01	PH-797804	PH-797804_AML_139_01	221.66922	0.0
AML_140_01	PH-797804	PH-797804_AML_140_01	209.8403	0.0
AML_142_01	PH-797804	PH-797804_AML_142_01	208.86104	5.0
AML_143_01	PH-797804	PH-797804_AML_143_01	212.78409	0.0
AML_144_01	PH-797804	PH-797804_AML_144_01	220.2307	1.0
AML_146_01	PH-797804	PH-797804_AML_146_01	217.2526	0.0
AML_147_01	PH-797804	PH-797804_AML_147_01	212.52432	0.0
AML_151_01	PH-797804	PH-797804_AML_151_01	206.6498	12.4
AML_152_01	PH-797804	PH-797804_AML_152_01	211.49768	0.0
AML_153_01	PH-797804	PH-797804_AML_153_01	208.94806	0.0
AML_156_01	PH-797804	PH-797804_AML_156_01	209.75858	4.9
AML_157_01	PH-797804	PH-797804_AML_157_01	214.71014	0.0
AML_157_02	PH-797804	PH-797804_AML_157_02	214.1258	0.0
AML_158_01	PH-797804	PH-797804_AML_158_01	218.27393	0.0
AML_159_01	PH-797804	PH-797804_AML_159_01	213.70358	0.0
AML_160_01	PH-797804	PH-797804_AML_160_01	205.87323	0.0
AML_161_01	PH-797804	PH-797804_AML_161_01	205.66086	0.0
AML_183_01	PH-797804	PH-797804_AML_183_01	215.01033	0.0
AML_183_02	PH-797804	PH-797804_AML_183_02	212.09615	0.0
AML_183_03	PH-797804	PH-797804_AML_183_03	210.38737	0.0
AML_001_01	Quizartinib	Quizartinib_AML_001_01	188.23463	0.0
AML_001_03	Quizartinib	Quizartinib_AML_001_03	180.15497	2.8
AML_002_01	Quizartinib	Quizartinib_AML_002_01	182.26537	2.0
AML_003_02	Quizartinib	Quizartinib_AML_003_02	187.91287	0.0
AML_004_01	Quizartinib	Quizartinib_AML_004_01	180.10968	3.2
AML_006_02	Quizartinib	Quizartinib_AML_006_02	182.50534	0.0
AML_007_01	Quizartinib	Quizartinib_AML_007_01	181.6032	0.0
AML_007_02	Quizartinib	Quizartinib_AML_007_02	182.5053	0.0
AML_012_01	Quizartinib	Quizartinib_AML_012_01	176.07683	21.9
AML_013_01	Quizartinib	Quizartinib_AML_013_01	178.64716	23.3
AML_014_01	Quizartinib	Quizartinib_AML_014_01	174.43126	0.0
AML_015_01	Quizartinib	Quizartinib_AML_015_01	176.2078	15.8
AML_015_02	Quizartinib	Quizartinib_AML_015_02	180.8337	9.7
AML_015_03	Quizartinib	Quizartinib_AML_015_03	177.04932	23.1
AML_015_04	Quizartinib	Quizartinib_AML_015_04	178.43356	30.9
AML_018_01	Quizartinib	Quizartinib_AML_018_01	172.94861	20.7
AML_019_01	Quizartinib	Quizartinib_AML_019_01	181.84058	4.5
AML_020_01	Quizartinib	Quizartinib_AML_020_01	188.29605	1.4
AML_022_01	Quizartinib	Quizartinib_AML_022_01	171.10538	6.5
AML_023_01	Quizartinib	Quizartinib_AML_023_01	175.75746	0.0
AML_023_03	Quizartinib	Quizartinib_AML_023_03	175.8128	0.3
AML_023_04	Quizartinib	Quizartinib_AML_023_04	181.99985	1.7
AML_024_01	Quizartinib	Quizartinib_AML_024_01	173.84334	0.0
AML_025_01	Quizartinib	Quizartinib_AML_025_01	188.52147	0.0
AML_026_01	Quizartinib	Quizartinib_AML_026_01	183.55971	0.0
AML_028_01	Quizartinib	Quizartinib_AML_028_01	171.12247	10.2
AML_028_04	Quizartinib	Quizartinib_AML_028_04	175.44362	28.6
AML_029_01	Quizartinib	Quizartinib_AML_029_01	180.91693	0.2
AML_030_01	Quizartinib	Quizartinib_AML_030_01	172.87115	0.0
AML_032_01	Quizartinib	Quizartinib_AML_032_01	181.3998	3.1
AML_033_01	Quizartinib	Quizartinib_AML_033_01	175.80066	8.3
AML_033_02	Quizartinib	Quizartinib_AML_033_02	172.35727	10.5
AML_035_02	Quizartinib	Quizartinib_AML_035_02	188.27478	0.0
AML_035_04	Quizartinib	Quizartinib_AML_035_04	189.68962	0.0
AML_036_01	Quizartinib	Quizartinib_AML_036_01	178.35886	0.0
AML_040_01	Quizartinib	Quizartinib_AML_040_01	170.83907	1.0
AML_041_01	Quizartinib	Quizartinib_AML_041_01	181.12073	5.4
AML_042_01	Quizartinib	Quizartinib_AML_042_01	184.48718	1.0
AML_043_02	Quizartinib	Quizartinib_AML_043_02	177.26527	2.0
AML_045_01	Quizartinib	Quizartinib_AML_045_01	186.7117	0.0
AML_046_01	Quizartinib	Quizartinib_AML_046_01	170.14037	37.3
AML_051_01	Quizartinib	Quizartinib_AML_051_01	169.75253	2.5
AML_052_01	Quizartinib	Quizartinib_AML_052_01	182.49187	2.0
AML_053_01	Quizartinib	Quizartinib_AML_053_01	186.52618	0.0
AML_054_01	Quizartinib	Quizartinib_AML_054_01	173.27179	12.6
AML_057_01	Quizartinib	Quizartinib_AML_057_01	181.2019	1.5
AML_058_01	Quizartinib	Quizartinib_AML_058_01	171.37436	3.3
AML_059_01	Quizartinib	Quizartinib_AML_059_01	170.83856	1.8
AML_060_01	Quizartinib	Quizartinib_AML_060_01	179.54372	4.0
AML_061_01	Quizartinib	Quizartinib_AML_061_01	175.6932	6.3
AML_062_01	Quizartinib	Quizartinib_AML_062_01	169.00558	17.4
AML_064_01	Quizartinib	Quizartinib_AML_064_01	185.67331	0.2
AML_065_01	Quizartinib	Quizartinib_AML_065_01	168.42444	7.8
AML_067_01	Quizartinib	Quizartinib_AML_067_01	171.52132	7.7
AML_070_01	Quizartinib	Quizartinib_AML_070_01	182.506	0.0
AML_072_01	Quizartinib	Quizartinib_AML_072_01	182.94624	3.4
AML_073_01	Quizartinib	Quizartinib_AML_073_01	183.5652	2.3
AML_074_01	Quizartinib	Quizartinib_AML_074_01	173.80411	0.3
AML_075_01	Quizartinib	Quizartinib_AML_075_01	177.42535	3.0
AML_076_01	Quizartinib	Quizartinib_AML_076_01	184.24771	0.4
AML_076_02	Quizartinib	Quizartinib_AML_076_02	165.63023	4.5
AML_077_01	Quizartinib	Quizartinib_AML_077_01	184.919	1.4
AML_078_02	Quizartinib	Quizartinib_AML_078_02	171.149	0.6
AML_084_01	Quizartinib	Quizartinib_AML_084_01	172.93654	10.9
AML_086_02	Quizartinib	Quizartinib_AML_086_02	180.94666	0.8
AML_098_01	Quizartinib	Quizartinib_AML_098_01	177.41054	1.5
AML_100_01	Quizartinib	Quizartinib_AML_100_01	171.10179	1.8
AML_101_01	Quizartinib	Quizartinib_AML_101_01	181.25375	13.1
AML_101_02	Quizartinib	Quizartinib_AML_101_02	190.8562	0.0
AML_102_01	Quizartinib	Quizartinib_AML_102_01	168.80669	0.2
AML_103_01	Quizartinib	Quizartinib_AML_103_01	173.97386	0.3
AML_103_02	Quizartinib	Quizartinib_AML_103_02	172.26479	6.0
AML_104_01	Quizartinib	Quizartinib_AML_104_01	170.85663	0.0
AML_108_01	Quizartinib	Quizartinib_AML_108_01	163.68927	3.5
AML_109_01	Quizartinib	Quizartinib_AML_109_01	178.3932	0.0
AML_110_01	Quizartinib	Quizartinib_AML_110_01	165.31575	1.2
AML_112_01	Quizartinib	Quizartinib_AML_112_01	165.87903	3.4
AML_112_02	Quizartinib	Quizartinib_AML_112_02	175.81697	1.6
AML_113_01	Quizartinib	Quizartinib_AML_113_01	174.26184	2.8
AML_114_01	Quizartinib	Quizartinib_AML_114_01	163.84799	2.1
AML_115_01	Quizartinib	Quizartinib_AML_115_01	164.36055	2.2
AML_116_01	Quizartinib	Quizartinib_AML_116_01	176.18254	2.0
AML_117_01	Quizartinib	Quizartinib_AML_117_01	168.32617	0.0
AML_119_01	Quizartinib	Quizartinib_AML_119_01	165.38545	2.6
AML_120_01	Quizartinib	Quizartinib_AML_120_01	177.71562	9.5
AML_120_03	Quizartinib	Quizartinib_AML_120_03	180.49574	12.9
AML_122_01	Quizartinib	Quizartinib_AML_122_01	189.67876	0.0
AML_123_01	Quizartinib	Quizartinib_AML_123_01	177.96748	1.2
AML_124_01	Quizartinib	Quizartinib_AML_124_01	175.79152	5.0
AML_125_01	Quizartinib	Quizartinib_AML_125_01	178.95984	0.0
AML_126_01	Quizartinib	Quizartinib_AML_126_01	185.05467	0.0
AML_127_01	Quizartinib	Quizartinib_AML_127_01	175.81213	0.0
AML_128_01	Quizartinib	Quizartinib_AML_128_01	184.7316	1.7
AML_129_02	Quizartinib	Quizartinib_AML_129_02	171.35179	19.4
AML_129_03	Quizartinib	Quizartinib_AML_129_03	173.02655	0.0
AML_131_01	Quizartinib	Quizartinib_AML_131_01	180.59073	1.8
AML_133_01	Quizartinib	Quizartinib_AML_133_01	184.00029	5.4
AML_134_01	Quizartinib	Quizartinib_AML_134_01	187.76576	4.2
AML_135_01	Quizartinib	Quizartinib_AML_135_01	176.53555	0.4
AML_138_01	Quizartinib	Quizartinib_AML_138_01	183.40056	0.6
AML_139_01	Quizartinib	Quizartinib_AML_139_01	183.6552	3.7
AML_140_01	Quizartinib	Quizartinib_AML_140_01	171.13155	0.4
AML_142_01	Quizartinib	Quizartinib_AML_142_01	175.89261	10.1
AML_143_01	Quizartinib	Quizartinib_AML_143_01	176.34586	1.5
AML_144_01	Quizartinib	Quizartinib_AML_144_01	189.02638	1.6
AML_146_01	Quizartinib	Quizartinib_AML_146_01	184.1906	0.1
AML_147_01	Quizartinib	Quizartinib_AML_147_01	177.46121	2.1
AML_151_01	Quizartinib	Quizartinib_AML_151_01	169.97382	3.1
AML_152_01	Quizartinib	Quizartinib_AML_152_01	172.60634	0.8
AML_153_01	Quizartinib	Quizartinib_AML_153_01	180.21802	0.0
AML_156_01	Quizartinib	Quizartinib_AML_156_01	174.18764	1.5
AML_157_01	Quizartinib	Quizartinib_AML_157_01	183.96422	7.2
AML_157_02	Quizartinib	Quizartinib_AML_157_02	179.99187	6.2
AML_158_01	Quizartinib	Quizartinib_AML_158_01	182.86014	0.0
AML_159_01	Quizartinib	Quizartinib_AML_159_01	178.97197	0.8
AML_160_01	Quizartinib	Quizartinib_AML_160_01	168.9108	0.9
AML_161_01	Quizartinib	Quizartinib_AML_161_01	170.3944	0.6
AML_175_01	Quizartinib	Quizartinib_AML_175_01	180.63239	0.0
AML_179_01	Quizartinib	Quizartinib_AML_179_01	180.21227	11.7
AML_183_01	Quizartinib	Quizartinib_AML_183_01	180.79137	2.7
AML_183_02	Quizartinib	Quizartinib_AML_183_02	176.15042	0.0
AML_183_03	Quizartinib	Quizartinib_AML_183_03	173.64218	0.0
AML_184_01	Quizartinib	Quizartinib_AML_184_01	166.85304	0.0
AML_185_01	Quizartinib	Quizartinib_AML_185_01	189.64323	0.1
AML_001_03	Ralimetinib	Ralimetinib_AML_001_03	196.45486	10.0
AML_003_02	Ralimetinib	Ralimetinib_AML_003_02	198.23355	7.5
AML_004_01	Ralimetinib	Ralimetinib_AML_004_01	197.69507	3.4
AML_013_01	Ralimetinib	Ralimetinib_AML_013_01	202.06693	20.0
AML_015_01	Ralimetinib	Ralimetinib_AML_015_01	199.041	1.1
AML_015_02	Ralimetinib	Ralimetinib_AML_015_02	197.03397	1.5
AML_015_03	Ralimetinib	Ralimetinib_AML_015_03	197.62524	2.6
AML_015_04	Ralimetinib	Ralimetinib_AML_015_04	201.12917	10.0
AML_018_01	Ralimetinib	Ralimetinib_AML_018_01	191.68085	5.4
AML_019_01	Ralimetinib	Ralimetinib_AML_019_01	198.23114	2.7
AML_020_01	Ralimetinib	Ralimetinib_AML_020_01	205.03528	2.8
AML_024_01	Ralimetinib	Ralimetinib_AML_024_01	201.69543	1.9
AML_025_01	Ralimetinib	Ralimetinib_AML_025_01	204.23369	0.0
AML_026_01	Ralimetinib	Ralimetinib_AML_026_01	202.47675	2.1
AML_028_01	Ralimetinib	Ralimetinib_AML_028_01	189.97804	0.7
AML_028_04	Ralimetinib	Ralimetinib_AML_028_04	191.46457	0.0
AML_029_01	Ralimetinib	Ralimetinib_AML_029_01	197.89552	1.0
AML_030_01	Ralimetinib	Ralimetinib_AML_030_01	190.19264	0.4
AML_032_01	Ralimetinib	Ralimetinib_AML_032_01	201.40997	1.7
AML_033_01	Ralimetinib	Ralimetinib_AML_033_01	202.42873	6.1
AML_033_02	Ralimetinib	Ralimetinib_AML_033_02	199.1122	2.9
AML_035_02	Ralimetinib	Ralimetinib_AML_035_02	204.86969	0.9
AML_035_04	Ralimetinib	Ralimetinib_AML_035_04	205.20145	0.2
AML_036_01	Ralimetinib	Ralimetinib_AML_036_01	197.64043	1.9
AML_040_01	Ralimetinib	Ralimetinib_AML_040_01	193.18248	22.6
AML_041_01	Ralimetinib	Ralimetinib_AML_041_01	200.99759	0.8
AML_042_01	Ralimetinib	Ralimetinib_AML_042_01	202.96503	6.0
AML_043_02	Ralimetinib	Ralimetinib_AML_043_02	198.4716	2.2
AML_045_01	Ralimetinib	Ralimetinib_AML_045_01	199.61684	1.5
AML_046_01	Ralimetinib	Ralimetinib_AML_046_01	195.70946	18.9
AML_051_01	Ralimetinib	Ralimetinib_AML_051_01	193.34897	1.6
AML_052_01	Ralimetinib	Ralimetinib_AML_052_01	201.0853	0.3
AML_053_01	Ralimetinib	Ralimetinib_AML_053_01	202.64914	6.2
AML_054_01	Ralimetinib	Ralimetinib_AML_054_01	197.63039	20.4
AML_057_01	Ralimetinib	Ralimetinib_AML_057_01	196.80902	3.3
AML_058_01	Ralimetinib	Ralimetinib_AML_058_01	191.63583	6.2
AML_059_01	Ralimetinib	Ralimetinib_AML_059_01	194.44234	9.5
AML_060_01	Ralimetinib	Ralimetinib_AML_060_01	201.7862	5.3
AML_061_01	Ralimetinib	Ralimetinib_AML_061_01	200.32071	2.3
AML_062_01	Ralimetinib	Ralimetinib_AML_062_01	190.5311	5.8
AML_064_01	Ralimetinib	Ralimetinib_AML_064_01	203.00682	0.0
AML_065_01	Ralimetinib	Ralimetinib_AML_065_01	192.86427	5.7
AML_067_01	Ralimetinib	Ralimetinib_AML_067_01	192.50357	3.6
AML_070_01	Ralimetinib	Ralimetinib_AML_070_01	201.0145	0.0
AML_072_01	Ralimetinib	Ralimetinib_AML_072_01	200.5088	0.3
AML_073_01	Ralimetinib	Ralimetinib_AML_073_01	198.27126	0.0
AML_074_01	Ralimetinib	Ralimetinib_AML_074_01	199.5733	1.6
AML_075_01	Ralimetinib	Ralimetinib_AML_075_01	198.36429	5.9
AML_076_01	Ralimetinib	Ralimetinib_AML_076_01	200.80528	0.2
AML_076_02	Ralimetinib	Ralimetinib_AML_076_02	194.05545	5.2
AML_077_01	Ralimetinib	Ralimetinib_AML_077_01	203.0024	0.5
AML_078_02	Ralimetinib	Ralimetinib_AML_078_02	193.16882	0.0
AML_084_01	Ralimetinib	Ralimetinib_AML_084_01	191.57776	4.5
AML_086_02	Ralimetinib	Ralimetinib_AML_086_02	203.8266	4.4
AML_098_01	Ralimetinib	Ralimetinib_AML_098_01	196.67526	0.0
AML_100_01	Ralimetinib	Ralimetinib_AML_100_01	195.50557	0.8
AML_101_01	Ralimetinib	Ralimetinib_AML_101_01	196.74715	13.4
AML_101_02	Ralimetinib	Ralimetinib_AML_101_02	204.36902	1.8
AML_102_01	Ralimetinib	Ralimetinib_AML_102_01	192.3432	2.7
AML_103_01	Ralimetinib	Ralimetinib_AML_103_01	192.21103	0.0
AML_103_02	Ralimetinib	Ralimetinib_AML_103_02	192.19156	6.5
AML_104_01	Ralimetinib	Ralimetinib_AML_104_01	193.09074	0.0
AML_108_01	Ralimetinib	Ralimetinib_AML_108_01	188.69571	4.1
AML_109_01	Ralimetinib	Ralimetinib_AML_109_01	197.98032	0.0
AML_110_01	Ralimetinib	Ralimetinib_AML_110_01	193.09804	1.4
AML_112_01	Ralimetinib	Ralimetinib_AML_112_01	192.90306	0.0
AML_112_02	Ralimetinib	Ralimetinib_AML_112_02	198.07437	0.3
AML_113_01	Ralimetinib	Ralimetinib_AML_113_01	193.09335	7.4
AML_114_01	Ralimetinib	Ralimetinib_AML_114_01	190.78886	1.6
AML_115_01	Ralimetinib	Ralimetinib_AML_115_01	189.83829	2.6
AML_116_01	Ralimetinib	Ralimetinib_AML_116_01	198.5095	0.1
AML_117_01	Ralimetinib	Ralimetinib_AML_117_01	192.26904	1.5
AML_119_01	Ralimetinib	Ralimetinib_AML_119_01	191.88454	1.2
AML_122_01	Ralimetinib	Ralimetinib_AML_122_01	203.99234	0.0
AML_123_01	Ralimetinib	Ralimetinib_AML_123_01	201.23795	0.0
AML_124_01	Ralimetinib	Ralimetinib_AML_124_01	197.56718	0.4
AML_125_01	Ralimetinib	Ralimetinib_AML_125_01	200.64136	1.9
AML_126_01	Ralimetinib	Ralimetinib_AML_126_01	197.55249	6.3
AML_127_01	Ralimetinib	Ralimetinib_AML_127_01	195.84108	1.5
AML_128_01	Ralimetinib	Ralimetinib_AML_128_01	198.15364	2.3
AML_131_01	Ralimetinib	Ralimetinib_AML_131_01	200.70383	0.0
AML_133_01	Ralimetinib	Ralimetinib_AML_133_01	199.77338	11.5
AML_134_01	Ralimetinib	Ralimetinib_AML_134_01	203.34123	1.0
AML_135_01	Ralimetinib	Ralimetinib_AML_135_01	197.02667	1.1
AML_138_01	Ralimetinib	Ralimetinib_AML_138_01	199.73018	0.0
AML_139_01	Ralimetinib	Ralimetinib_AML_139_01	206.45491	1.6
AML_140_01	Ralimetinib	Ralimetinib_AML_140_01	194.65233	0.4
AML_142_01	Ralimetinib	Ralimetinib_AML_142_01	195.4196	8.5
AML_143_01	Ralimetinib	Ralimetinib_AML_143_01	195.08185	1.2
AML_144_01	Ralimetinib	Ralimetinib_AML_144_01	203.31612	2.2
AML_146_01	Ralimetinib	Ralimetinib_AML_146_01	198.8492	0.0
AML_147_01	Ralimetinib	Ralimetinib_AML_147_01	194.7342	0.0
AML_151_01	Ralimetinib	Ralimetinib_AML_151_01	191.49164	20.1
AML_152_01	Ralimetinib	Ralimetinib_AML_152_01	196.37459	0.3
AML_153_01	Ralimetinib	Ralimetinib_AML_153_01	197.28073	0.0
AML_156_01	Ralimetinib	Ralimetinib_AML_156_01	194.24338	5.7
AML_157_01	Ralimetinib	Ralimetinib_AML_157_01	199.45013	0.1
AML_157_02	Ralimetinib	Ralimetinib_AML_157_02	197.49617	0.9
AML_158_01	Ralimetinib	Ralimetinib_AML_158_01	200.5313	0.3
AML_159_01	Ralimetinib	Ralimetinib_AML_159_01	196.53241	1.4
AML_160_01	Ralimetinib	Ralimetinib_AML_160_01	190.63878	0.2
AML_161_01	Ralimetinib	Ralimetinib_AML_161_01	192.6347	1.8
AML_175_01	Ralimetinib	Ralimetinib_AML_175_01	198.26424	3.4
AML_183_01	Ralimetinib	Ralimetinib_AML_183_01	199.74277	0.4
AML_183_02	Ralimetinib	Ralimetinib_AML_183_02	194.06476	0.3
AML_183_03	Ralimetinib	Ralimetinib_AML_183_03	194.33746	0.0
AML_001_01	Regorafenib	Regorafenib_AML_001_01	206.82257	1.2
AML_001_03	Regorafenib	Regorafenib_AML_001_03	202.25919	11.1
AML_002_01	Regorafenib	Regorafenib_AML_002_01	200.13893	8.5
AML_003_02	Regorafenib	Regorafenib_AML_003_02	205.5512	5.7
AML_004_01	Regorafenib	Regorafenib_AML_004_01	201.09024	4.1
AML_006_02	Regorafenib	Regorafenib_AML_006_02	207.2827	6.4
AML_007_01	Regorafenib	Regorafenib_AML_007_01	202.50182	10.4
AML_007_02	Regorafenib	Regorafenib_AML_007_02	206.49495	7.0
AML_012_01	Regorafenib	Regorafenib_AML_012_01	200.27872	16.4
AML_013_01	Regorafenib	Regorafenib_AML_013_01	201.89601	14.9
AML_014_01	Regorafenib	Regorafenib_AML_014_01	200.06676	9.1
AML_015_01	Regorafenib	Regorafenib_AML_015_01	202.65323	23.8
AML_015_02	Regorafenib	Regorafenib_AML_015_02	202.94757	14.3
AML_015_03	Regorafenib	Regorafenib_AML_015_03	202.3992	25.3
AML_015_04	Regorafenib	Regorafenib_AML_015_04	206.46382	40.8
AML_018_01	Regorafenib	Regorafenib_AML_018_01	195.10974	11.8
AML_019_01	Regorafenib	Regorafenib_AML_019_01	201.30705	7.2
AML_020_01	Regorafenib	Regorafenib_AML_020_01	207.82104	5.0
AML_023_01	Regorafenib	Regorafenib_AML_023_01	197.20384	12.5
AML_023_03	Regorafenib	Regorafenib_AML_023_03	195.98317	9.8
AML_023_04	Regorafenib	Regorafenib_AML_023_04	201.80908	8.0
AML_024_01	Regorafenib	Regorafenib_AML_024_01	196.7238	5.9
AML_025_01	Regorafenib	Regorafenib_AML_025_01	209.18513	2.6
AML_026_01	Regorafenib	Regorafenib_AML_026_01	207.84167	0.0
AML_028_01	Regorafenib	Regorafenib_AML_028_01	191.29877	4.4
AML_028_04	Regorafenib	Regorafenib_AML_028_04	194.97548	15.2
AML_029_01	Regorafenib	Regorafenib_AML_029_01	204.68376	3.2
AML_030_01	Regorafenib	Regorafenib_AML_030_01	193.48103	2.2
AML_032_01	Regorafenib	Regorafenib_AML_032_01	204.70634	3.6
AML_033_01	Regorafenib	Regorafenib_AML_033_01	203.94518	8.7
AML_033_02	Regorafenib	Regorafenib_AML_033_02	196.65619	8.9
AML_035_02	Regorafenib	Regorafenib_AML_035_02	210.03293	0.2
AML_035_04	Regorafenib	Regorafenib_AML_035_04	210.17795	0.0
AML_036_01	Regorafenib	Regorafenib_AML_036_01	198.23668	3.9
AML_040_01	Regorafenib	Regorafenib_AML_040_01	196.73187	12.8
AML_041_01	Regorafenib	Regorafenib_AML_041_01	201.97311	6.8
AML_042_01	Regorafenib	Regorafenib_AML_042_01	204.86337	10.0
AML_043_02	Regorafenib	Regorafenib_AML_043_02	201.31813	3.1
AML_045_01	Regorafenib	Regorafenib_AML_045_01	203.80757	4.2
AML_046_01	Regorafenib	Regorafenib_AML_046_01	192.74196	24.2
AML_051_01	Regorafenib	Regorafenib_AML_051_01	192.65309	4.7
AML_052_01	Regorafenib	Regorafenib_AML_052_01	205.85323	1.7
AML_053_01	Regorafenib	Regorafenib_AML_053_01	208.4755	3.7
AML_054_01	Regorafenib	Regorafenib_AML_054_01	197.1869	12.6
AML_057_01	Regorafenib	Regorafenib_AML_057_01	202.0155	9.1
AML_058_01	Regorafenib	Regorafenib_AML_058_01	193.42667	3.9
AML_059_01	Regorafenib	Regorafenib_AML_059_01	195.94527	6.6
AML_060_01	Regorafenib	Regorafenib_AML_060_01	201.70549	7.9
AML_061_01	Regorafenib	Regorafenib_AML_061_01	197.81168	6.9
AML_062_01	Regorafenib	Regorafenib_AML_062_01	192.55354	11.1
AML_064_01	Regorafenib	Regorafenib_AML_064_01	204.30923	9.0
AML_065_01	Regorafenib	Regorafenib_AML_065_01	194.811	13.9
AML_067_01	Regorafenib	Regorafenib_AML_067_01	195.08498	10.8
AML_070_01	Regorafenib	Regorafenib_AML_070_01	206.28096	0.0
AML_072_01	Regorafenib	Regorafenib_AML_072_01	205.6347	3.8
AML_073_01	Regorafenib	Regorafenib_AML_073_01	208.20415	0.8
AML_074_01	Regorafenib	Regorafenib_AML_074_01	201.46904	1.0
AML_075_01	Regorafenib	Regorafenib_AML_075_01	201.84244	7.2
AML_076_01	Regorafenib	Regorafenib_AML_076_01	202.69173	1.2
AML_076_02	Regorafenib	Regorafenib_AML_076_02	192.85251	9.4
AML_077_01	Regorafenib	Regorafenib_AML_077_01	208.30386	3.9
AML_078_02	Regorafenib	Regorafenib_AML_078_02	195.13226	1.6
AML_084_01	Regorafenib	Regorafenib_AML_084_01	194.58067	14.7
AML_086_02	Regorafenib	Regorafenib_AML_086_02	203.30841	5.4
AML_098_01	Regorafenib	Regorafenib_AML_098_01	196.63153	0.2
AML_100_01	Regorafenib	Regorafenib_AML_100_01	196.26105	1.5
AML_101_01	Regorafenib	Regorafenib_AML_101_01	196.62881	14.1
AML_101_02	Regorafenib	Regorafenib_AML_101_02	209.72557	4.4
AML_102_01	Regorafenib	Regorafenib_AML_102_01	189.7367	6.4
AML_103_01	Regorafenib	Regorafenib_AML_103_01	192.57552	2.2
AML_103_02	Regorafenib	Regorafenib_AML_103_02	194.37659	9.2
AML_104_01	Regorafenib	Regorafenib_AML_104_01	197.84961	1.2
AML_108_01	Regorafenib	Regorafenib_AML_108_01	191.71048	4.0
AML_109_01	Regorafenib	Regorafenib_AML_109_01	198.75452	2.2
AML_110_01	Regorafenib	Regorafenib_AML_110_01	196.9863	7.7
AML_112_01	Regorafenib	Regorafenib_AML_112_01	188.72417	4.9
AML_112_02	Regorafenib	Regorafenib_AML_112_02	197.01369	5.8
AML_113_01	Regorafenib	Regorafenib_AML_113_01	195.63046	5.6
AML_114_01	Regorafenib	Regorafenib_AML_114_01	191.51923	1.9
AML_115_01	Regorafenib	Regorafenib_AML_115_01	188.86626	10.3
AML_116_01	Regorafenib	Regorafenib_AML_116_01	203.23627	2.0
AML_117_01	Regorafenib	Regorafenib_AML_117_01	196.79276	4.1
AML_119_01	Regorafenib	Regorafenib_AML_119_01	192.60858	2.7
AML_120_03	Regorafenib	Regorafenib_AML_120_03	206.446	19.8
AML_122_01	Regorafenib	Regorafenib_AML_122_01	206.15207	2.5
AML_123_01	Regorafenib	Regorafenib_AML_123_01	203.07861	2.9
AML_124_01	Regorafenib	Regorafenib_AML_124_01	200.168	3.7
AML_125_01	Regorafenib	Regorafenib_AML_125_01	202.58319	18.0
AML_126_01	Regorafenib	Regorafenib_AML_126_01	201.3304	8.8
AML_127_01	Regorafenib	Regorafenib_AML_127_01	198.33734	3.7
AML_128_01	Regorafenib	Regorafenib_AML_128_01	207.29375	4.5
AML_129_03	Regorafenib	Regorafenib_AML_129_03	196.2622	7.7
AML_131_01	Regorafenib	Regorafenib_AML_131_01	203.57132	0.6
AML_133_01	Regorafenib	Regorafenib_AML_133_01	203.07584	9.4
AML_134_01	Regorafenib	Regorafenib_AML_134_01	204.36275	0.8
AML_135_01	Regorafenib	Regorafenib_AML_135_01	201.35881	5.0
AML_138_01	Regorafenib	Regorafenib_AML_138_01	202.0606	3.2
AML_139_01	Regorafenib	Regorafenib_AML_139_01	208.46262	2.7
AML_140_01	Regorafenib	Regorafenib_AML_140_01	198.72536	2.9
AML_142_01	Regorafenib	Regorafenib_AML_142_01	197.71085	10.8
AML_143_01	Regorafenib	Regorafenib_AML_143_01	199.1429	6.2
AML_144_01	Regorafenib	Regorafenib_AML_144_01	207.56398	8.9
AML_146_01	Regorafenib	Regorafenib_AML_146_01	205.24486	1.4
AML_147_01	Regorafenib	Regorafenib_AML_147_01	200.78635	5.6
AML_151_01	Regorafenib	Regorafenib_AML_151_01	192.5766	10.1
AML_152_01	Regorafenib	Regorafenib_AML_152_01	195.83359	2.5
AML_153_01	Regorafenib	Regorafenib_AML_153_01	200.65402	0.9
AML_156_01	Regorafenib	Regorafenib_AML_156_01	194.19742	7.6
AML_157_01	Regorafenib	Regorafenib_AML_157_01	203.93384	3.6
AML_157_02	Regorafenib	Regorafenib_AML_157_02	203.06592	5.8
AML_158_01	Regorafenib	Regorafenib_AML_158_01	204.2829	1.9
AML_159_01	Regorafenib	Regorafenib_AML_159_01	202.53162	3.7
AML_160_01	Regorafenib	Regorafenib_AML_160_01	193.5043	4.5
AML_161_01	Regorafenib	Regorafenib_AML_161_01	193.35428	4.8
AML_175_01	Regorafenib	Regorafenib_AML_175_01	202.10408	2.9
AML_183_01	Regorafenib	Regorafenib_AML_183_01	207.64093	3.0
AML_183_02	Regorafenib	Regorafenib_AML_183_02	199.72643	1.6
AML_183_03	Regorafenib	Regorafenib_AML_183_03	197.20148	0.8
AML_001_01	Ruxolitinib	Ruxolitinib_AML_001_01	240.88606	0.0
AML_001_03	Ruxolitinib	Ruxolitinib_AML_001_03	233.34195	10.2
AML_002_01	Ruxolitinib	Ruxolitinib_AML_002_01	235.07024	4.1
AML_003_02	Ruxolitinib	Ruxolitinib_AML_003_02	231.8724	23.3
AML_004_01	Ruxolitinib	Ruxolitinib_AML_004_01	230.40924	16.1
AML_006_02	Ruxolitinib	Ruxolitinib_AML_006_02	233.49568	1.1
AML_007_01	Ruxolitinib	Ruxolitinib_AML_007_01	235.58531	1.2
AML_007_02	Ruxolitinib	Ruxolitinib_AML_007_02	237.77599	0.3
AML_012_01	Ruxolitinib	Ruxolitinib_AML_012_01	233.7413	4.3
AML_013_01	Ruxolitinib	Ruxolitinib_AML_013_01	239.99864	13.6
AML_014_01	Ruxolitinib	Ruxolitinib_AML_014_01	233.80618	0.0
AML_015_01	Ruxolitinib	Ruxolitinib_AML_015_01	236.2708	6.4
AML_015_02	Ruxolitinib	Ruxolitinib_AML_015_02	230.44644	4.2
AML_015_03	Ruxolitinib	Ruxolitinib_AML_015_03	238.20425	3.3
AML_015_04	Ruxolitinib	Ruxolitinib_AML_015_04	242.39915	5.9
AML_018_01	Ruxolitinib	Ruxolitinib_AML_018_01	229.0636	32.9
AML_019_01	Ruxolitinib	Ruxolitinib_AML_019_01	230.96892	8.6
AML_020_01	Ruxolitinib	Ruxolitinib_AML_020_01	242.19943	2.9
AML_022_01	Ruxolitinib	Ruxolitinib_AML_022_01	228.83229	2.6
AML_023_01	Ruxolitinib	Ruxolitinib_AML_023_01	229.90205	4.9
AML_023_03	Ruxolitinib	Ruxolitinib_AML_023_03	231.95065	5.5
AML_023_04	Ruxolitinib	Ruxolitinib_AML_023_04	232.20206	3.3
AML_024_01	Ruxolitinib	Ruxolitinib_AML_024_01	235.35959	16.4
AML_025_01	Ruxolitinib	Ruxolitinib_AML_025_01	237.67184	16.5
AML_026_01	Ruxolitinib	Ruxolitinib_AML_026_01	234.8058	9.7
AML_028_01	Ruxolitinib	Ruxolitinib_AML_028_01	230.26904	2.4
AML_028_04	Ruxolitinib	Ruxolitinib_AML_028_04	227.36296	9.9
AML_029_01	Ruxolitinib	Ruxolitinib_AML_029_01	234.83759	10.8
AML_030_01	Ruxolitinib	Ruxolitinib_AML_030_01	228.9694	9.7
AML_032_01	Ruxolitinib	Ruxolitinib_AML_032_01	237.004	12.9
AML_033_01	Ruxolitinib	Ruxolitinib_AML_033_01	237.97328	23.1
AML_033_02	Ruxolitinib	Ruxolitinib_AML_033_02	233.54333	25.2
AML_035_02	Ruxolitinib	Ruxolitinib_AML_035_02	238.46005	17.9
AML_035_04	Ruxolitinib	Ruxolitinib_AML_035_04	236.85582	14.5
AML_036_01	Ruxolitinib	Ruxolitinib_AML_036_01	233.47307	12.7
AML_040_01	Ruxolitinib	Ruxolitinib_AML_040_01	229.8928	6.8
AML_041_01	Ruxolitinib	Ruxolitinib_AML_041_01	233.36333	1.4
AML_042_01	Ruxolitinib	Ruxolitinib_AML_042_01	234.05392	3.1
AML_043_02	Ruxolitinib	Ruxolitinib_AML_043_02	232.68762	22.1
AML_045_01	Ruxolitinib	Ruxolitinib_AML_045_01	235.0088	0.1
AML_046_01	Ruxolitinib	Ruxolitinib_AML_046_01	234.40755	6.9
AML_051_01	Ruxolitinib	Ruxolitinib_AML_051_01	232.17017	0.0
AML_052_01	Ruxolitinib	Ruxolitinib_AML_052_01	237.3139	13.6
AML_053_01	Ruxolitinib	Ruxolitinib_AML_053_01	235.4079	0.5
AML_054_01	Ruxolitinib	Ruxolitinib_AML_054_01	234.0864	3.3
AML_057_01	Ruxolitinib	Ruxolitinib_AML_057_01	233.89023	7.4
AML_058_01	Ruxolitinib	Ruxolitinib_AML_058_01	231.18645	4.5
AML_059_01	Ruxolitinib	Ruxolitinib_AML_059_01	235.00555	3.3
AML_060_01	Ruxolitinib	Ruxolitinib_AML_060_01	236.02673	4.2
AML_061_01	Ruxolitinib	Ruxolitinib_AML_061_01	232.76918	0.5
AML_062_01	Ruxolitinib	Ruxolitinib_AML_062_01	231.77356	14.4
AML_064_01	Ruxolitinib	Ruxolitinib_AML_064_01	236.04698	0.0
AML_065_01	Ruxolitinib	Ruxolitinib_AML_065_01	233.93541	4.2
AML_067_01	Ruxolitinib	Ruxolitinib_AML_067_01	230.34027	3.5
AML_070_01	Ruxolitinib	Ruxolitinib_AML_070_01	231.83473	9.9
AML_072_01	Ruxolitinib	Ruxolitinib_AML_072_01	235.45444	1.2
AML_073_01	Ruxolitinib	Ruxolitinib_AML_073_01	235.17636	0.0
AML_074_01	Ruxolitinib	Ruxolitinib_AML_074_01	232.33563	14.5
AML_075_01	Ruxolitinib	Ruxolitinib_AML_075_01	232.82237	1.4
AML_076_01	Ruxolitinib	Ruxolitinib_AML_076_01	238.24731	13.1
AML_076_02	Ruxolitinib	Ruxolitinib_AML_076_02	230.82439	20.2
AML_077_01	Ruxolitinib	Ruxolitinib_AML_077_01	238.15999	17.5
AML_078_02	Ruxolitinib	Ruxolitinib_AML_078_02	231.51942	14.5
AML_084_01	Ruxolitinib	Ruxolitinib_AML_084_01	229.79045	6.7
AML_086_02	Ruxolitinib	Ruxolitinib_AML_086_02	237.92229	18.3
AML_098_01	Ruxolitinib	Ruxolitinib_AML_098_01	229.8501	18.3
AML_100_01	Ruxolitinib	Ruxolitinib_AML_100_01	232.98607	11.3
AML_101_01	Ruxolitinib	Ruxolitinib_AML_101_01	230.15492	19.8
AML_101_02	Ruxolitinib	Ruxolitinib_AML_101_02	236.28374	8.5
AML_102_01	Ruxolitinib	Ruxolitinib_AML_102_01	227.43915	4.1
AML_103_01	Ruxolitinib	Ruxolitinib_AML_103_01	228.66992	17.8
AML_103_02	Ruxolitinib	Ruxolitinib_AML_103_02	229.51956	21.1
AML_104_01	Ruxolitinib	Ruxolitinib_AML_104_01	234.06114	14.4
AML_108_01	Ruxolitinib	Ruxolitinib_AML_108_01	229.10428	16.7
AML_109_01	Ruxolitinib	Ruxolitinib_AML_109_01	230.71489	5.4
AML_110_01	Ruxolitinib	Ruxolitinib_AML_110_01	231.50053	22.0
AML_112_01	Ruxolitinib	Ruxolitinib_AML_112_01	225.58553	5.7
AML_112_02	Ruxolitinib	Ruxolitinib_AML_112_02	231.11258	9.3
AML_113_01	Ruxolitinib	Ruxolitinib_AML_113_01	231.00475	22.6
AML_114_01	Ruxolitinib	Ruxolitinib_AML_114_01	226.19438	15.1
AML_115_01	Ruxolitinib	Ruxolitinib_AML_115_01	230.82484	17.8
AML_116_01	Ruxolitinib	Ruxolitinib_AML_116_01	231.45372	12.2
AML_117_01	Ruxolitinib	Ruxolitinib_AML_117_01	231.22832	9.2
AML_119_01	Ruxolitinib	Ruxolitinib_AML_119_01	227.91562	20.3
AML_120_01	Ruxolitinib	Ruxolitinib_AML_120_01	231.81343	6.9
AML_120_03	Ruxolitinib	Ruxolitinib_AML_120_03	235.02493	4.1
AML_122_01	Ruxolitinib	Ruxolitinib_AML_122_01	238.71759	8.2
AML_123_01	Ruxolitinib	Ruxolitinib_AML_123_01	234.12326	15.8
AML_124_01	Ruxolitinib	Ruxolitinib_AML_124_01	232.58476	19.5
AML_125_01	Ruxolitinib	Ruxolitinib_AML_125_01	233.35324	28.9
AML_126_01	Ruxolitinib	Ruxolitinib_AML_126_01	230.28368	24.7
AML_127_01	Ruxolitinib	Ruxolitinib_AML_127_01	233.33757	19.1
AML_128_01	Ruxolitinib	Ruxolitinib_AML_128_01	235.60976	19.0
AML_129_02	Ruxolitinib	Ruxolitinib_AML_129_02	234.73747	7.3
AML_129_03	Ruxolitinib	Ruxolitinib_AML_129_03	233.39973	4.6
AML_131_01	Ruxolitinib	Ruxolitinib_AML_131_01	236.21342	12.2
AML_133_01	Ruxolitinib	Ruxolitinib_AML_133_01	235.65486	23.5
AML_134_01	Ruxolitinib	Ruxolitinib_AML_134_01	232.80823	19.6
AML_135_01	Ruxolitinib	Ruxolitinib_AML_135_01	236.30803	16.0
AML_138_01	Ruxolitinib	Ruxolitinib_AML_138_01	235.19783	16.8
AML_139_01	Ruxolitinib	Ruxolitinib_AML_139_01	243.16628	14.8
AML_140_01	Ruxolitinib	Ruxolitinib_AML_140_01	231.28091	11.7
AML_142_01	Ruxolitinib	Ruxolitinib_AML_142_01	233.48317	25.9
AML_143_01	Ruxolitinib	Ruxolitinib_AML_143_01	231.04245	18.8
AML_144_01	Ruxolitinib	Ruxolitinib_AML_144_01	239.62787	15.5
AML_146_01	Ruxolitinib	Ruxolitinib_AML_146_01	232.7981	13.9
AML_147_01	Ruxolitinib	Ruxolitinib_AML_147_01	234.51424	14.5
AML_151_01	Ruxolitinib	Ruxolitinib_AML_151_01	232.81154	12.8
AML_152_01	Ruxolitinib	Ruxolitinib_AML_152_01	233.95409	19.2
AML_153_01	Ruxolitinib	Ruxolitinib_AML_153_01	226.99576	8.7
AML_156_01	Ruxolitinib	Ruxolitinib_AML_156_01	232.12636	21.7
AML_157_01	Ruxolitinib	Ruxolitinib_AML_157_01	236.60037	10.9
AML_157_02	Ruxolitinib	Ruxolitinib_AML_157_02	236.74652	11.0
AML_158_01	Ruxolitinib	Ruxolitinib_AML_158_01	236.1072	12.0
AML_159_01	Ruxolitinib	Ruxolitinib_AML_159_01	232.8403	16.5
AML_160_01	Ruxolitinib	Ruxolitinib_AML_160_01	232.80022	15.2
AML_161_01	Ruxolitinib	Ruxolitinib_AML_161_01	227.67932	26.1
AML_175_01	Ruxolitinib	Ruxolitinib_AML_175_01	232.09448	0.2
AML_179_01	Ruxolitinib	Ruxolitinib_AML_179_01	236.99985	11.1
AML_183_01	Ruxolitinib	Ruxolitinib_AML_183_01	233.5302	11.0
AML_183_02	Ruxolitinib	Ruxolitinib_AML_183_02	230.90604	13.6
AML_183_03	Ruxolitinib	Ruxolitinib_AML_183_03	231.99086	6.8
AML_184_01	Ruxolitinib	Ruxolitinib_AML_184_01	226.83272	6.7
AML_185_01	Ruxolitinib	Ruxolitinib_AML_185_01	241.73972	15.8
AML_001_01	Saracatinib	Saracatinib_AML_001_01	235.46375	0.0
AML_001_03	Saracatinib	Saracatinib_AML_001_03	228.06265	0.4
AML_002_01	Saracatinib	Saracatinib_AML_002_01	231.18536	6.1
AML_003_02	Saracatinib	Saracatinib_AML_003_02	227.73003	0.0
AML_004_01	Saracatinib	Saracatinib_AML_004_01	226.95009	1.4
AML_006_02	Saracatinib	Saracatinib_AML_006_02	232.50107	3.4
AML_007_01	Saracatinib	Saracatinib_AML_007_01	226.68506	0.2
AML_007_02	Saracatinib	Saracatinib_AML_007_02	230.99992	0.0
AML_012_01	Saracatinib	Saracatinib_AML_012_01	228.98364	3.4
AML_013_01	Saracatinib	Saracatinib_AML_013_01	234.95618	2.2
AML_014_01	Saracatinib	Saracatinib_AML_014_01	229.53725	0.2
AML_015_01	Saracatinib	Saracatinib_AML_015_01	232.37248	8.2
AML_015_02	Saracatinib	Saracatinib_AML_015_02	224.33452	6.6
AML_015_03	Saracatinib	Saracatinib_AML_015_03	231.31056	6.7
AML_015_04	Saracatinib	Saracatinib_AML_015_04	236.0197	16.5
AML_018_01	Saracatinib	Saracatinib_AML_018_01	220.39578	7.3
AML_019_01	Saracatinib	Saracatinib_AML_019_01	228.97844	3.6
AML_020_01	Saracatinib	Saracatinib_AML_020_01	238.69667	2.8
AML_023_01	Saracatinib	Saracatinib_AML_023_01	223.2795	9.7
AML_023_03	Saracatinib	Saracatinib_AML_023_03	224.1098	7.7
AML_023_04	Saracatinib	Saracatinib_AML_023_04	227.4554	5.5
AML_024_01	Saracatinib	Saracatinib_AML_024_01	231.41728	0.0
AML_025_01	Saracatinib	Saracatinib_AML_025_01	235.75504	0.8
AML_026_01	Saracatinib	Saracatinib_AML_026_01	232.71979	0.1
AML_028_01	Saracatinib	Saracatinib_AML_028_01	224.99684	2.1
AML_028_04	Saracatinib	Saracatinib_AML_028_04	223.12189	0.9
AML_029_01	Saracatinib	Saracatinib_AML_029_01	229.82185	1.2
AML_030_01	Saracatinib	Saracatinib_AML_030_01	221.9794	0.0
AML_032_01	Saracatinib	Saracatinib_AML_032_01	234.49797	0.0
AML_033_01	Saracatinib	Saracatinib_AML_033_01	234.13464	4.4
AML_033_02	Saracatinib	Saracatinib_AML_033_02	231.04895	2.3
AML_035_02	Saracatinib	Saracatinib_AML_035_02	236.78528	0.2
AML_035_04	Saracatinib	Saracatinib_AML_035_04	234.55185	0.7
AML_036_01	Saracatinib	Saracatinib_AML_036_01	228.30856	0.0
AML_040_01	Saracatinib	Saracatinib_AML_040_01	224.48274	12.0
AML_041_01	Saracatinib	Saracatinib_AML_041_01	228.20311	6.5
AML_042_01	Saracatinib	Saracatinib_AML_042_01	230.67473	4.6
AML_043_02	Saracatinib	Saracatinib_AML_043_02	229.33754	0.7
AML_045_01	Saracatinib	Saracatinib_AML_045_01	231.32683	0.0
AML_046_01	Saracatinib	Saracatinib_AML_046_01	227.23872	8.0
AML_051_01	Saracatinib	Saracatinib_AML_051_01	227.25919	0.0
AML_052_01	Saracatinib	Saracatinib_AML_052_01	235.50592	0.7
AML_053_01	Saracatinib	Saracatinib_AML_053_01	233.56934	1.6
AML_054_01	Saracatinib	Saracatinib_AML_054_01	229.22275	0.0
AML_057_01	Saracatinib	Saracatinib_AML_057_01	228.01523	3.7
AML_058_01	Saracatinib	Saracatinib_AML_058_01	224.23294	2.8
AML_059_01	Saracatinib	Saracatinib_AML_059_01	230.4328	6.4
AML_060_01	Saracatinib	Saracatinib_AML_060_01	233.72066	0.9
AML_061_01	Saracatinib	Saracatinib_AML_061_01	230.02606	0.0
AML_062_01	Saracatinib	Saracatinib_AML_062_01	223.71918	11.6
AML_064_01	Saracatinib	Saracatinib_AML_064_01	228.01466	0.0
AML_065_01	Saracatinib	Saracatinib_AML_065_01	225.19351	4.7
AML_067_01	Saracatinib	Saracatinib_AML_067_01	220.87698	9.5
AML_070_01	Saracatinib	Saracatinib_AML_070_01	230.22949	0.0
AML_072_01	Saracatinib	Saracatinib_AML_072_01	232.6123	2.4
AML_073_01	Saracatinib	Saracatinib_AML_073_01	233.5329	2.7
AML_074_01	Saracatinib	Saracatinib_AML_074_01	228.27539	4.1
AML_075_01	Saracatinib	Saracatinib_AML_075_01	228.33983	0.4
AML_076_01	Saracatinib	Saracatinib_AML_076_01	231.1439	1.0
AML_076_02	Saracatinib	Saracatinib_AML_076_02	222.71317	5.8
AML_077_01	Saracatinib	Saracatinib_AML_077_01	235.94582	0.0
AML_078_02	Saracatinib	Saracatinib_AML_078_02	222.67783	0.0
AML_084_01	Saracatinib	Saracatinib_AML_084_01	225.53482	0.6
AML_086_02	Saracatinib	Saracatinib_AML_086_02	234.64331	3.4
AML_098_01	Saracatinib	Saracatinib_AML_098_01	224.0121	0.0
AML_100_01	Saracatinib	Saracatinib_AML_100_01	227.17949	0.0
AML_101_01	Saracatinib	Saracatinib_AML_101_01	225.85675	6.9
AML_101_02	Saracatinib	Saracatinib_AML_101_02	233.55673	2.7
AML_102_01	Saracatinib	Saracatinib_AML_102_01	216.07315	0.0
AML_103_01	Saracatinib	Saracatinib_AML_103_01	221.61745	0.0
AML_103_02	Saracatinib	Saracatinib_AML_103_02	223.99619	4.8
AML_104_01	Saracatinib	Saracatinib_AML_104_01	224.23694	0.2
AML_108_01	Saracatinib	Saracatinib_AML_108_01	217.94397	2.6
AML_109_01	Saracatinib	Saracatinib_AML_109_01	227.29897	0.0
AML_110_01	Saracatinib	Saracatinib_AML_110_01	223.96906	1.5
AML_112_01	Saracatinib	Saracatinib_AML_112_01	216.90988	2.4
AML_112_02	Saracatinib	Saracatinib_AML_112_02	225.06912	4.9
AML_113_01	Saracatinib	Saracatinib_AML_113_01	223.7052	6.1
AML_114_01	Saracatinib	Saracatinib_AML_114_01	219.62375	1.1
AML_115_01	Saracatinib	Saracatinib_AML_115_01	221.34837	5.5
AML_116_01	Saracatinib	Saracatinib_AML_116_01	230.97214	0.0
AML_117_01	Saracatinib	Saracatinib_AML_117_01	227.22	1.0
AML_119_01	Saracatinib	Saracatinib_AML_119_01	220.24516	0.6
AML_120_01	Saracatinib	Saracatinib_AML_120_01	226.40024	9.8
AML_120_03	Saracatinib	Saracatinib_AML_120_03	230.36385	10.2
AML_122_01	Saracatinib	Saracatinib_AML_122_01	228.86977	0.0
AML_123_01	Saracatinib	Saracatinib_AML_123_01	230.23622	3.1
AML_124_01	Saracatinib	Saracatinib_AML_124_01	228.35855	1.6
AML_125_01	Saracatinib	Saracatinib_AML_125_01	232.4383	0.0
AML_126_01	Saracatinib	Saracatinib_AML_126_01	225.18974	0.0
AML_127_01	Saracatinib	Saracatinib_AML_127_01	226.53407	2.7
AML_128_01	Saracatinib	Saracatinib_AML_128_01	232.6343	0.9
AML_129_02	Saracatinib	Saracatinib_AML_129_02	228.4877	7.3
AML_129_03	Saracatinib	Saracatinib_AML_129_03	227.30481	5.5
AML_131_01	Saracatinib	Saracatinib_AML_131_01	229.01895	0.0
AML_133_01	Saracatinib	Saracatinib_AML_133_01	231.57135	0.0
AML_134_01	Saracatinib	Saracatinib_AML_134_01	232.20122	0.0
AML_135_01	Saracatinib	Saracatinib_AML_135_01	230.4178	0.0
AML_138_01	Saracatinib	Saracatinib_AML_138_01	230.39392	0.0
AML_139_01	Saracatinib	Saracatinib_AML_139_01	236.7088	3.8
AML_140_01	Saracatinib	Saracatinib_AML_140_01	223.95068	0.7
AML_142_01	Saracatinib	Saracatinib_AML_142_01	229.36577	0.0
AML_143_01	Saracatinib	Saracatinib_AML_143_01	226.70618	0.0
AML_144_01	Saracatinib	Saracatinib_AML_144_01	234.99554	0.0
AML_146_01	Saracatinib	Saracatinib_AML_146_01	230.32613	0.9
AML_147_01	Saracatinib	Saracatinib_AML_147_01	228.03526	1.9
AML_151_01	Saracatinib	Saracatinib_AML_151_01	224.22823	7.9
AML_152_01	Saracatinib	Saracatinib_AML_152_01	229.74933	0.2
AML_153_01	Saracatinib	Saracatinib_AML_153_01	223.94792	0.0
AML_156_01	Saracatinib	Saracatinib_AML_156_01	224.6681	0.0
AML_157_01	Saracatinib	Saracatinib_AML_157_01	230.0828	6.2
AML_157_02	Saracatinib	Saracatinib_AML_157_02	230.41444	5.3
AML_158_01	Saracatinib	Saracatinib_AML_158_01	233.03055	0.1
AML_159_01	Saracatinib	Saracatinib_AML_159_01	228.8623	1.8
AML_160_01	Saracatinib	Saracatinib_AML_160_01	222.54692	0.0
AML_161_01	Saracatinib	Saracatinib_AML_161_01	221.88905	2.0
AML_175_01	Saracatinib	Saracatinib_AML_175_01	227.06326	4.1
AML_179_01	Saracatinib	Saracatinib_AML_179_01	235.49733	1.6
AML_183_01	Saracatinib	Saracatinib_AML_183_01	229.88062	0.0
AML_183_02	Saracatinib	Saracatinib_AML_183_02	223.57285	0.6
AML_183_03	Saracatinib	Saracatinib_AML_183_03	223.14487	0.0
AML_184_01	Saracatinib	Saracatinib_AML_184_01	220.20488	7.4
AML_185_01	Saracatinib	Saracatinib_AML_185_01	238.67992	0.2
AML_004_01	Selinexor	Selinexor_AML_004_01	158.02779	23.6
AML_019_01	Selinexor	Selinexor_AML_019_01	156.36847	25.1
AML_025_01	Selinexor	Selinexor_AML_025_01	157.037	26.7
AML_026_01	Selinexor	Selinexor_AML_026_01	154.61362	18.8
AML_029_01	Selinexor	Selinexor_AML_029_01	154.28683	23.6
AML_030_01	Selinexor	Selinexor_AML_030_01	146.4457	20.7
AML_033_01	Selinexor	Selinexor_AML_033_01	154.88718	21.9
AML_033_02	Selinexor	Selinexor_AML_033_02	166.29868	23.0
AML_041_01	Selinexor	Selinexor_AML_041_01	160.04887	12.9
AML_042_01	Selinexor	Selinexor_AML_042_01	166.17195	21.2
AML_043_02	Selinexor	Selinexor_AML_043_02	166.57301	15.3
AML_046_01	Selinexor	Selinexor_AML_046_01	153.56271	33.1
AML_052_01	Selinexor	Selinexor_AML_052_01	157.34146	11.9
AML_057_01	Selinexor	Selinexor_AML_057_01	157.59706	19.2
AML_058_01	Selinexor	Selinexor_AML_058_01	150.31839	20.7
AML_059_01	Selinexor	Selinexor_AML_059_01	146.32858	24.2
AML_060_01	Selinexor	Selinexor_AML_060_01	154.7602	22.1
AML_061_01	Selinexor	Selinexor_AML_061_01	153.2287	23.7
AML_062_01	Selinexor	Selinexor_AML_062_01	158.66965	24.8
AML_064_01	Selinexor	Selinexor_AML_064_01	168.6702	18.5
AML_065_01	Selinexor	Selinexor_AML_065_01	146.55273	23.9
AML_067_01	Selinexor	Selinexor_AML_067_01	152.8124	21.7
AML_070_01	Selinexor	Selinexor_AML_070_01	153.71875	19.9
AML_072_01	Selinexor	Selinexor_AML_072_01	150.68752	15.9
AML_073_01	Selinexor	Selinexor_AML_073_01	156.47116	16.4
AML_074_01	Selinexor	Selinexor_AML_074_01	151.09218	18.6
AML_075_01	Selinexor	Selinexor_AML_075_01	158.73587	23.9
AML_076_01	Selinexor	Selinexor_AML_076_01	157.94284	20.2
AML_076_02	Selinexor	Selinexor_AML_076_02	153.14479	21.1
AML_077_01	Selinexor	Selinexor_AML_077_01	153.36487	23.3
AML_078_02	Selinexor	Selinexor_AML_078_02	155.0075	20.9
AML_086_02	Selinexor	Selinexor_AML_086_02	160.33524	25.8
AML_098_01	Selinexor	Selinexor_AML_098_01	163.48401	19.5
AML_100_01	Selinexor	Selinexor_AML_100_01	144.40227	15.9
AML_101_01	Selinexor	Selinexor_AML_101_01	167.87718	23.8
AML_101_02	Selinexor	Selinexor_AML_101_02	162.72806	21.9
AML_102_01	Selinexor	Selinexor_AML_102_01	152.18878	22.2
AML_103_01	Selinexor	Selinexor_AML_103_01	163.3756	17.6
AML_103_02	Selinexor	Selinexor_AML_103_02	165.48119	22.9
AML_104_01	Selinexor	Selinexor_AML_104_01	152.30379	21.7
AML_108_01	Selinexor	Selinexor_AML_108_01	149.89345	27.4
AML_109_01	Selinexor	Selinexor_AML_109_01	155.4628	31.3
AML_110_01	Selinexor	Selinexor_AML_110_01	142.162	29.2
AML_112_01	Selinexor	Selinexor_AML_112_01	152.65044	22.8
AML_112_02	Selinexor	Selinexor_AML_112_02	160.9942	20.4
AML_113_01	Selinexor	Selinexor_AML_113_01	155.79591	25.0
AML_114_01	Selinexor	Selinexor_AML_114_01	146.67796	25.9
AML_115_01	Selinexor	Selinexor_AML_115_01	143.19734	25.1
AML_116_01	Selinexor	Selinexor_AML_116_01	152.68417	29.2
AML_117_01	Selinexor	Selinexor_AML_117_01	143.59755	20.3
AML_119_01	Selinexor	Selinexor_AML_119_01	149.49547	22.3
AML_122_01	Selinexor	Selinexor_AML_122_01	174.72144	16.7
AML_123_01	Selinexor	Selinexor_AML_123_01	156.62843	19.6
AML_124_01	Selinexor	Selinexor_AML_124_01	153.05865	26.9
AML_125_01	Selinexor	Selinexor_AML_125_01	148.21127	24.5
AML_126_01	Selinexor	Selinexor_AML_126_01	158.22372	30.6
AML_127_01	Selinexor	Selinexor_AML_127_01	154.95654	18.3
AML_128_01	Selinexor	Selinexor_AML_128_01	151.43008	25.8
AML_131_01	Selinexor	Selinexor_AML_131_01	169.15811	16.4
AML_133_01	Selinexor	Selinexor_AML_133_01	172.1584	24.5
AML_134_01	Selinexor	Selinexor_AML_134_01	162.35825	29.2
AML_135_01	Selinexor	Selinexor_AML_135_01	154.14062	24.6
AML_138_01	Selinexor	Selinexor_AML_138_01	158.50682	22.7
AML_139_01	Selinexor	Selinexor_AML_139_01	160.53894	19.9
AML_140_01	Selinexor	Selinexor_AML_140_01	152.60231	20.2
AML_142_01	Selinexor	Selinexor_AML_142_01	159.95566	27.4
AML_143_01	Selinexor	Selinexor_AML_143_01	151.53944	23.3
AML_144_01	Selinexor	Selinexor_AML_144_01	157.80605	23.9
AML_146_01	Selinexor	Selinexor_AML_146_01	158.57355	16.9
AML_147_01	Selinexor	Selinexor_AML_147_01	155.31702	17.4
AML_151_01	Selinexor	Selinexor_AML_151_01	154.4298	23.4
AML_152_01	Selinexor	Selinexor_AML_152_01	152.04977	25.4
AML_153_01	Selinexor	Selinexor_AML_153_01	161.59259	21.8
AML_156_01	Selinexor	Selinexor_AML_156_01	153.34354	20.4
AML_157_01	Selinexor	Selinexor_AML_157_01	157.37953	22.7
AML_157_02	Selinexor	Selinexor_AML_157_02	156.33243	21.6
AML_158_01	Selinexor	Selinexor_AML_158_01	157.76129	22.2
AML_159_01	Selinexor	Selinexor_AML_159_01	151.88808	24.9
AML_160_01	Selinexor	Selinexor_AML_160_01	158.5355	19.4
AML_161_01	Selinexor	Selinexor_AML_161_01	156.99686	24.6
AML_183_01	Selinexor	Selinexor_AML_183_01	158.49486	23.4
AML_183_02	Selinexor	Selinexor_AML_183_02	155.63487	18.5
AML_183_03	Selinexor	Selinexor_AML_183_03	158.44904	17.4
AML_001_01	Selumetinib	Selumetinib_AML_001_01	215.0869	0.0
AML_001_03	Selumetinib	Selumetinib_AML_001_03	203.58646	24.9
AML_002_01	Selumetinib	Selumetinib_AML_002_01	226.6273	6.7
AML_003_02	Selumetinib	Selumetinib_AML_003_02	213.6366	19.8
AML_004_01	Selumetinib	Selumetinib_AML_004_01	217.3655	5.2
AML_006_02	Selumetinib	Selumetinib_AML_006_02	214.33502	1.2
AML_007_01	Selumetinib	Selumetinib_AML_007_01	201.31471	15.2
AML_007_02	Selumetinib	Selumetinib_AML_007_02	200.23074	15.3
AML_012_01	Selumetinib	Selumetinib_AML_012_01	233.66302	0.0
AML_013_01	Selumetinib	Selumetinib_AML_013_01	238.08405	3.9
AML_014_01	Selumetinib	Selumetinib_AML_014_01	217.92967	12.8
AML_015_01	Selumetinib	Selumetinib_AML_015_01	219.81253	8.3
AML_015_02	Selumetinib	Selumetinib_AML_015_02	210.51396	11.0
AML_015_03	Selumetinib	Selumetinib_AML_015_03	213.83795	15.7
AML_015_04	Selumetinib	Selumetinib_AML_015_04	225.01056	11.1
AML_018_01	Selumetinib	Selumetinib_AML_018_01	212.38474	7.2
AML_019_01	Selumetinib	Selumetinib_AML_019_01	220.63904	6.7
AML_020_01	Selumetinib	Selumetinib_AML_020_01	228.56902	0.0
AML_022_01	Selumetinib	Selumetinib_AML_022_01	203.4098	12.4
AML_023_01	Selumetinib	Selumetinib_AML_023_01	204.71556	8.3
AML_023_03	Selumetinib	Selumetinib_AML_023_03	201.08792	3.0
AML_023_04	Selumetinib	Selumetinib_AML_023_04	206.75082	1.3
AML_024_01	Selumetinib	Selumetinib_AML_024_01	226.04726	7.6
AML_025_01	Selumetinib	Selumetinib_AML_025_01	216.91542	10.0
AML_026_01	Selumetinib	Selumetinib_AML_026_01	213.73203	6.1
AML_028_01	Selumetinib	Selumetinib_AML_028_01	217.81845	0.3
AML_028_04	Selumetinib	Selumetinib_AML_028_04	222.16606	16.2
AML_029_01	Selumetinib	Selumetinib_AML_029_01	210.99286	8.3
AML_030_01	Selumetinib	Selumetinib_AML_030_01	205.58568	3.3
AML_032_01	Selumetinib	Selumetinib_AML_032_01	222.114	0.0
AML_033_01	Selumetinib	Selumetinib_AML_033_01	227.88531	7.6
AML_033_02	Selumetinib	Selumetinib_AML_033_02	233.03099	7.2
AML_035_02	Selumetinib	Selumetinib_AML_035_02	222.22249	12.1
AML_035_04	Selumetinib	Selumetinib_AML_035_04	227.36848	8.9
AML_036_01	Selumetinib	Selumetinib_AML_036_01	205.01926	1.1
AML_040_01	Selumetinib	Selumetinib_AML_040_01	212.94781	13.3
AML_041_01	Selumetinib	Selumetinib_AML_041_01	203.10216	7.3
AML_042_01	Selumetinib	Selumetinib_AML_042_01	207.56384	7.8
AML_043_02	Selumetinib	Selumetinib_AML_043_02	231.39719	7.0
AML_045_01	Selumetinib	Selumetinib_AML_045_01	217.41336	0.0
AML_046_01	Selumetinib	Selumetinib_AML_046_01	222.6113	10.2
AML_051_01	Selumetinib	Selumetinib_AML_051_01	214.39987	0.0
AML_052_01	Selumetinib	Selumetinib_AML_052_01	229.28093	2.5
AML_053_01	Selumetinib	Selumetinib_AML_053_01	213.11417	0.0
AML_054_01	Selumetinib	Selumetinib_AML_054_01	231.09938	0.0
AML_057_01	Selumetinib	Selumetinib_AML_057_01	201.91425	13.3
AML_058_01	Selumetinib	Selumetinib_AML_058_01	211.62807	11.3
AML_059_01	Selumetinib	Selumetinib_AML_059_01	214.54773	3.6
AML_060_01	Selumetinib	Selumetinib_AML_060_01	227.23663	0.9
AML_061_01	Selumetinib	Selumetinib_AML_061_01	217.25183	9.1
AML_062_01	Selumetinib	Selumetinib_AML_062_01	199.77124	17.1
AML_064_01	Selumetinib	Selumetinib_AML_064_01	196.87572	21.3
AML_065_01	Selumetinib	Selumetinib_AML_065_01	202.20111	20.8
AML_067_01	Selumetinib	Selumetinib_AML_067_01	197.9878	12.4
AML_070_01	Selumetinib	Selumetinib_AML_070_01	212.32378	1.6
AML_072_01	Selumetinib	Selumetinib_AML_072_01	223.04059	2.4
AML_073_01	Selumetinib	Selumetinib_AML_073_01	220.59267	3.4
AML_074_01	Selumetinib	Selumetinib_AML_074_01	212.85193	5.4
AML_075_01	Selumetinib	Selumetinib_AML_075_01	209.31573	14.4
AML_076_01	Selumetinib	Selumetinib_AML_076_01	205.44913	3.5
AML_076_02	Selumetinib	Selumetinib_AML_076_02	215.59491	4.6
AML_077_01	Selumetinib	Selumetinib_AML_077_01	222.72694	8.8
AML_078_02	Selumetinib	Selumetinib_AML_078_02	203.39632	7.2
AML_084_01	Selumetinib	Selumetinib_AML_084_01	222.04027	16.9
AML_086_02	Selumetinib	Selumetinib_AML_086_02	225.0594	5.3
AML_098_01	Selumetinib	Selumetinib_AML_098_01	202.12175	6.3
AML_100_01	Selumetinib	Selumetinib_AML_100_01	205.96507	5.7
AML_101_01	Selumetinib	Selumetinib_AML_101_01	218.2557	10.8
AML_101_02	Selumetinib	Selumetinib_AML_101_02	223.90648	2.1
AML_102_01	Selumetinib	Selumetinib_AML_102_01	193.98816	18.6
AML_103_01	Selumetinib	Selumetinib_AML_103_01	195.17172	9.9
AML_103_02	Selumetinib	Selumetinib_AML_103_02	228.31694	16.2
AML_104_01	Selumetinib	Selumetinib_AML_104_01	199.69826	6.1
AML_108_01	Selumetinib	Selumetinib_AML_108_01	201.96048	8.1
AML_109_01	Selumetinib	Selumetinib_AML_109_01	222.84528	4.8
AML_110_01	Selumetinib	Selumetinib_AML_110_01	208.62186	8.4
AML_112_01	Selumetinib	Selumetinib_AML_112_01	198.41832	6.3
AML_112_02	Selumetinib	Selumetinib_AML_112_02	201.47684	9.7
AML_113_01	Selumetinib	Selumetinib_AML_113_01	212.4994	8.4
AML_114_01	Selumetinib	Selumetinib_AML_114_01	200.38037	10.3
AML_115_01	Selumetinib	Selumetinib_AML_115_01	203.49669	14.0
AML_116_01	Selumetinib	Selumetinib_AML_116_01	216.14513	6.5
AML_117_01	Selumetinib	Selumetinib_AML_117_01	211.89557	1.6
AML_119_01	Selumetinib	Selumetinib_AML_119_01	204.10771	3.1
AML_120_01	Selumetinib	Selumetinib_AML_120_01	206.60931	4.8
AML_120_03	Selumetinib	Selumetinib_AML_120_03	208.25064	6.7
AML_122_01	Selumetinib	Selumetinib_AML_122_01	201.22987	5.1
AML_123_01	Selumetinib	Selumetinib_AML_123_01	216.70914	5.3
AML_124_01	Selumetinib	Selumetinib_AML_124_01	217.19426	9.9
AML_125_01	Selumetinib	Selumetinib_AML_125_01	222.0837	1.4
AML_126_01	Selumetinib	Selumetinib_AML_126_01	209.74318	6.2
AML_127_01	Selumetinib	Selumetinib_AML_127_01	205.65427	6.6
AML_128_01	Selumetinib	Selumetinib_AML_128_01	222.90399	3.7
AML_129_02	Selumetinib	Selumetinib_AML_129_02	211.165	4.8
AML_129_03	Selumetinib	Selumetinib_AML_129_03	212.11958	1.0
AML_131_01	Selumetinib	Selumetinib_AML_131_01	202.60095	4.9
AML_133_01	Selumetinib	Selumetinib_AML_133_01	234.35678	13.3
AML_134_01	Selumetinib	Selumetinib_AML_134_01	228.45442	9.8
AML_135_01	Selumetinib	Selumetinib_AML_135_01	220.39359	15.9
AML_138_01	Selumetinib	Selumetinib_AML_138_01	225.64096	12.7
AML_139_01	Selumetinib	Selumetinib_AML_139_01	219.0209	6.5
AML_140_01	Selumetinib	Selumetinib_AML_140_01	210.16147	6.4
AML_142_01	Selumetinib	Selumetinib_AML_142_01	230.82483	3.0
AML_143_01	Selumetinib	Selumetinib_AML_143_01	214.10104	2.5
AML_144_01	Selumetinib	Selumetinib_AML_144_01	215.60393	16.4
AML_146_01	Selumetinib	Selumetinib_AML_146_01	219.50708	4.3
AML_147_01	Selumetinib	Selumetinib_AML_147_01	209.91722	7.6
AML_151_01	Selumetinib	Selumetinib_AML_151_01	204.80978	11.9
AML_152_01	Selumetinib	Selumetinib_AML_152_01	213.61166	4.2
AML_153_01	Selumetinib	Selumetinib_AML_153_01	221.89742	2.6
AML_156_01	Selumetinib	Selumetinib_AML_156_01	216.5397	7.2
AML_157_01	Selumetinib	Selumetinib_AML_157_01	208.89055	10.4
AML_157_02	Selumetinib	Selumetinib_AML_157_02	212.34346	13.4
AML_158_01	Selumetinib	Selumetinib_AML_158_01	214.83258	6.0
AML_159_01	Selumetinib	Selumetinib_AML_159_01	217.49162	8.7
AML_160_01	Selumetinib	Selumetinib_AML_160_01	199.11578	7.1
AML_161_01	Selumetinib	Selumetinib_AML_161_01	221.42766	7.7
AML_175_01	Selumetinib	Selumetinib_AML_175_01	213.80759	0.0
AML_179_01	Selumetinib	Selumetinib_AML_179_01	233.92038	0.0
AML_183_01	Selumetinib	Selumetinib_AML_183_01	208.85423	1.8
AML_183_02	Selumetinib	Selumetinib_AML_183_02	199.92763	4.8
AML_183_03	Selumetinib	Selumetinib_AML_183_03	200.63159	6.2
AML_184_01	Selumetinib	Selumetinib_AML_184_01	203.73361	13.5
AML_185_01	Selumetinib	Selumetinib_AML_185_01	234.80743	11.7
AML_004_01	SGX-523	SGX-523_AML_004_01	246.04417	0.0
AML_019_01	SGX-523	SGX-523_AML_019_01	242.18733	0.0
AML_025_01	SGX-523	SGX-523_AML_025_01	249.38127	0.0
AML_026_01	SGX-523	SGX-523_AML_026_01	252.72624	0.0
AML_029_01	SGX-523	SGX-523_AML_029_01	247.44655	0.8
AML_030_01	SGX-523	SGX-523_AML_030_01	244.02126	0.0
AML_033_01	SGX-523	SGX-523_AML_033_01	250.22229	0.0
AML_033_02	SGX-523	SGX-523_AML_033_02	242.12422	0.0
AML_041_01	SGX-523	SGX-523_AML_041_01	250.22878	0.0
AML_042_01	SGX-523	SGX-523_AML_042_01	249.09906	0.0
AML_043_02	SGX-523	SGX-523_AML_043_02	242.06287	0.0
AML_046_01	SGX-523	SGX-523_AML_046_01	244.57681	5.3
AML_052_01	SGX-523	SGX-523_AML_052_01	251.77193	0.0
AML_057_01	SGX-523	SGX-523_AML_057_01	246.97168	0.0
AML_058_01	SGX-523	SGX-523_AML_058_01	242.65225	0.0
AML_059_01	SGX-523	SGX-523_AML_059_01	249.02065	0.0
AML_060_01	SGX-523	SGX-523_AML_060_01	246.9203	0.0
AML_061_01	SGX-523	SGX-523_AML_061_01	249.00705	0.1
AML_062_01	SGX-523	SGX-523_AML_062_01	243.86359	0.0
AML_064_01	SGX-523	SGX-523_AML_064_01	242.58157	0.0
AML_065_01	SGX-523	SGX-523_AML_065_01	247.66165	0.4
AML_067_01	SGX-523	SGX-523_AML_067_01	247.05087	0.0
AML_070_01	SGX-523	SGX-523_AML_070_01	248.29099	0.0
AML_072_01	SGX-523	SGX-523_AML_072_01	249.50046	0.0
AML_073_01	SGX-523	SGX-523_AML_073_01	249.2209	0.0
AML_074_01	SGX-523	SGX-523_AML_074_01	253.22226	0.0
AML_075_01	SGX-523	SGX-523_AML_075_01	248.45865	0.2
AML_076_01	SGX-523	SGX-523_AML_076_01	248.6349	0.0
AML_076_02	SGX-523	SGX-523_AML_076_02	241.61366	0.0
AML_077_01	SGX-523	SGX-523_AML_077_01	251.67815	0.1
AML_078_02	SGX-523	SGX-523_AML_078_02	246.60843	0.4
AML_086_02	SGX-523	SGX-523_AML_086_02	248.535	0.0
AML_098_01	SGX-523	SGX-523_AML_098_01	246.76736	0.1
AML_100_01	SGX-523	SGX-523_AML_100_01	249.93198	0.1
AML_101_01	SGX-523	SGX-523_AML_101_01	238.22668	0.0
AML_101_02	SGX-523	SGX-523_AML_101_02	245.3213	2.9
AML_102_01	SGX-523	SGX-523_AML_102_01	246.92389	0.1
AML_103_01	SGX-523	SGX-523_AML_103_01	237.04872	0.5
AML_103_02	SGX-523	SGX-523_AML_103_02	237.48149	0.0
AML_104_01	SGX-523	SGX-523_AML_104_01	250.94809	0.0
AML_108_01	SGX-523	SGX-523_AML_108_01	244.95248	0.7
AML_109_01	SGX-523	SGX-523_AML_109_01	239.63554	0.0
AML_110_01	SGX-523	SGX-523_AML_110_01	248.17337	1.6
AML_112_01	SGX-523	SGX-523_AML_112_01	242.59242	0.0
AML_112_02	SGX-523	SGX-523_AML_112_02	244.80142	0.0
AML_113_01	SGX-523	SGX-523_AML_113_01	241.44807	0.5
AML_114_01	SGX-523	SGX-523_AML_114_01	244.26842	0.1
AML_115_01	SGX-523	SGX-523_AML_115_01	247.63788	0.0
AML_116_01	SGX-523	SGX-523_AML_116_01	251.1428	0.1
AML_117_01	SGX-523	SGX-523_AML_117_01	247.72284	0.0
AML_119_01	SGX-523	SGX-523_AML_119_01	245.65488	0.0
AML_122_01	SGX-523	SGX-523_AML_122_01	244.40193	0.0
AML_123_01	SGX-523	SGX-523_AML_123_01	252.38934	2.1
AML_124_01	SGX-523	SGX-523_AML_124_01	249.86826	0.2
AML_125_01	SGX-523	SGX-523_AML_125_01	247.69946	0.0
AML_126_01	SGX-523	SGX-523_AML_126_01	242.43097	0.0
AML_127_01	SGX-523	SGX-523_AML_127_01	247.82947	0.0
AML_128_01	SGX-523	SGX-523_AML_128_01	250.60854	0.0
AML_131_01	SGX-523	SGX-523_AML_131_01	248.24301	0.0
AML_133_01	SGX-523	SGX-523_AML_133_01	242.44246	0.9
AML_134_01	SGX-523	SGX-523_AML_134_01	240.8297	0.6
AML_135_01	SGX-523	SGX-523_AML_135_01	249.93065	1.1
AML_138_01	SGX-523	SGX-523_AML_138_01	246.03952	0.0
AML_139_01	SGX-523	SGX-523_AML_139_01	253.91785	0.4
AML_140_01	SGX-523	SGX-523_AML_140_01	249.54176	0.0
AML_142_01	SGX-523	SGX-523_AML_142_01	241.52477	0.1
AML_143_01	SGX-523	SGX-523_AML_143_01	248.17981	0.0
AML_144_01	SGX-523	SGX-523_AML_144_01	249.54094	0.6
AML_146_01	SGX-523	SGX-523_AML_146_01	244.71645	0.0
AML_147_01	SGX-523	SGX-523_AML_147_01	249.16602	0.0
AML_151_01	SGX-523	SGX-523_AML_151_01	243.55476	0.3
AML_152_01	SGX-523	SGX-523_AML_152_01	249.20874	0.4
AML_153_01	SGX-523	SGX-523_AML_153_01	234.94008	0.0
AML_156_01	SGX-523	SGX-523_AML_156_01	244.59059	0.8
AML_157_01	SGX-523	SGX-523_AML_157_01	247.2236	2.7
AML_157_02	SGX-523	SGX-523_AML_157_02	249.8951	0.6
AML_158_01	SGX-523	SGX-523_AML_158_01	251.79013	1.3
AML_159_01	SGX-523	SGX-523_AML_159_01	248.93127	0.0
AML_160_01	SGX-523	SGX-523_AML_160_01	244.24443	0.4
AML_161_01	SGX-523	SGX-523_AML_161_01	238.62648	3.7
AML_183_01	SGX-523	SGX-523_AML_183_01	247.76302	0.0
AML_183_02	SGX-523	SGX-523_AML_183_02	246.7766	0.0
AML_183_03	SGX-523	SGX-523_AML_183_03	246.58751	0.1
AML_001_01	SNS-032	SNS-032_AML_001_01	145.2446	6.1
AML_001_03	SNS-032	SNS-032_AML_001_03	125.142525	32.9
AML_002_01	SNS-032	SNS-032_AML_002_01	147.05829	27.4
AML_003_02	SNS-032	SNS-032_AML_003_02	147.59773	18.6
AML_004_01	SNS-032	SNS-032_AML_004_01	133.70375	35.4
AML_006_02	SNS-032	SNS-032_AML_006_02	126.519264	19.3
AML_007_01	SNS-032	SNS-032_AML_007_01	125.27095	16.9
AML_007_02	SNS-032	SNS-032_AML_007_02	122.525826	19.8
AML_012_01	SNS-032	SNS-032_AML_012_01	152.64354	24.7
AML_013_01	SNS-032	SNS-032_AML_013_01	146.0616	26.9
AML_014_01	SNS-032	SNS-032_AML_014_01	129.41254	22.0
AML_015_01	SNS-032	SNS-032_AML_015_01	135.63487	28.3
AML_015_02	SNS-032	SNS-032_AML_015_02	126.94336	26.9
AML_015_03	SNS-032	SNS-032_AML_015_03	128.8923	35.6
AML_015_04	SNS-032	SNS-032_AML_015_04	136.70674	28.2
AML_018_01	SNS-032	SNS-032_AML_018_01	138.9251	29.6
AML_019_01	SNS-032	SNS-032_AML_019_01	145.5213	33.6
AML_020_01	SNS-032	SNS-032_AML_020_01	151.99416	26.5
AML_022_01	SNS-032	SNS-032_AML_022_01	125.245834	23.4
AML_023_01	SNS-032	SNS-032_AML_023_01	122.27657	30.6
AML_023_03	SNS-032	SNS-032_AML_023_03	125.56227	27.6
AML_023_04	SNS-032	SNS-032_AML_023_04	130.00371	16.5
AML_024_01	SNS-032	SNS-032_AML_024_01	141.47227	27.0
AML_025_01	SNS-032	SNS-032_AML_025_01	142.70152	27.0
AML_026_01	SNS-032	SNS-032_AML_026_01	124.75803	23.6
AML_028_01	SNS-032	SNS-032_AML_028_01	128.82074	11.4
AML_028_04	SNS-032	SNS-032_AML_028_04	145.38176	28.3
AML_029_01	SNS-032	SNS-032_AML_029_01	122.55036	32.4
AML_030_01	SNS-032	SNS-032_AML_030_01	121.66005	25.1
AML_032_01	SNS-032	SNS-032_AML_032_01	137.11641	24.4
AML_033_01	SNS-032	SNS-032_AML_033_01	139.52316	33.4
AML_033_02	SNS-032	SNS-032_AML_033_02	152.67805	32.6
AML_035_02	SNS-032	SNS-032_AML_035_02	143.16595	20.5
AML_035_04	SNS-032	SNS-032_AML_035_04	158.95796	27.7
AML_036_01	SNS-032	SNS-032_AML_036_01	126.0383	28.9
AML_041_01	SNS-032	SNS-032_AML_041_01	124.42434	14.9
AML_042_01	SNS-032	SNS-032_AML_042_01	126.4455	27.0
AML_043_02	SNS-032	SNS-032_AML_043_02	152.25912	31.7
AML_045_01	SNS-032	SNS-032_AML_045_01	139.28032	31.2
AML_046_01	SNS-032	SNS-032_AML_046_01	134.60272	36.2
AML_051_01	SNS-032	SNS-032_AML_051_01	128.31311	19.0
AML_052_01	SNS-032	SNS-032_AML_052_01	132.16249	34.7
AML_053_01	SNS-032	SNS-032_AML_053_01	138.07306	36.9
AML_054_01	SNS-032	SNS-032_AML_054_01	144.22868	45.0
AML_057_01	SNS-032	SNS-032_AML_057_01	124.423515	25.6
AML_058_01	SNS-032	SNS-032_AML_058_01	127.99115	26.3
AML_059_01	SNS-032	SNS-032_AML_059_01	126.575775	31.0
AML_060_01	SNS-032	SNS-032_AML_060_01	137.89294	31.0
AML_061_01	SNS-032	SNS-032_AML_061_01	125.83243	33.2
AML_062_01	SNS-032	SNS-032_AML_062_01	120.3651	33.4
AML_064_01	SNS-032	SNS-032_AML_064_01	126.04094	34.2
AML_065_01	SNS-032	SNS-032_AML_065_01	121.123856	31.7
AML_067_01	SNS-032	SNS-032_AML_067_01	112.940834	31.8
AML_070_01	SNS-032	SNS-032_AML_070_01	128.15825	24.7
AML_072_01	SNS-032	SNS-032_AML_072_01	137.56528	23.4
AML_073_01	SNS-032	SNS-032_AML_073_01	143.13693	5.2
AML_074_01	SNS-032	SNS-032_AML_074_01	112.97213	33.7
AML_075_01	SNS-032	SNS-032_AML_075_01	123.217026	28.4
AML_076_01	SNS-032	SNS-032_AML_076_01	130.88786	20.7
AML_076_02	SNS-032	SNS-032_AML_076_02	126.693	22.8
AML_077_01	SNS-032	SNS-032_AML_077_01	134.38316	26.2
AML_078_02	SNS-032	SNS-032_AML_078_02	120.06737	32.2
AML_084_01	SNS-032	SNS-032_AML_084_01	128.16884	32.1
AML_086_02	SNS-032	SNS-032_AML_086_02	144.93056	21.7
AML_098_01	SNS-032	SNS-032_AML_098_01	127.899536	29.3
AML_100_01	SNS-032	SNS-032_AML_100_01	116.37351	23.4
AML_101_01	SNS-032	SNS-032_AML_101_01	148.187	32.4
AML_101_02	SNS-032	SNS-032_AML_101_02	146.91728	26.6
AML_102_01	SNS-032	SNS-032_AML_102_01	114.119156	29.1
AML_103_01	SNS-032	SNS-032_AML_103_01	131.49886	31.6
AML_103_02	SNS-032	SNS-032_AML_103_02	148.80693	37.6
AML_104_01	SNS-032	SNS-032_AML_104_01	116.587425	21.1
AML_108_01	SNS-032	SNS-032_AML_108_01	115.50994	34.7
AML_109_01	SNS-032	SNS-032_AML_109_01	140.99399	30.8
AML_110_01	SNS-032	SNS-032_AML_110_01	115.530945	27.2
AML_112_01	SNS-032	SNS-032_AML_112_01	117.73124	31.0
AML_112_02	SNS-032	SNS-032_AML_112_02	125.15134	31.4
AML_113_01	SNS-032	SNS-032_AML_113_01	139.28241	37.3
AML_114_01	SNS-032	SNS-032_AML_114_01	113.46933	32.7
AML_115_01	SNS-032	SNS-032_AML_115_01	120.45991	32.4
AML_116_01	SNS-032	SNS-032_AML_116_01	116.02263	32.2
AML_117_01	SNS-032	SNS-032_AML_117_01	116.45664	23.3
AML_119_01	SNS-032	SNS-032_AML_119_01	115.04884	33.9
AML_120_01	SNS-032	SNS-032_AML_120_01	124.44797	29.6
AML_120_03	SNS-032	SNS-032_AML_120_03	127.92983	18.7
AML_122_01	SNS-032	SNS-032_AML_122_01	135.6677	35.9
AML_123_01	SNS-032	SNS-032_AML_123_01	122.69098	28.1
AML_124_01	SNS-032	SNS-032_AML_124_01	126.21321	28.0
AML_125_01	SNS-032	SNS-032_AML_125_01	137.4596	21.0
AML_126_01	SNS-032	SNS-032_AML_126_01	130.63875	40.3
AML_127_01	SNS-032	SNS-032_AML_127_01	123.28759	33.5
AML_128_01	SNS-032	SNS-032_AML_128_01	135.53041	26.5
AML_129_02	SNS-032	SNS-032_AML_129_02	126.42927	28.6
AML_129_03	SNS-032	SNS-032_AML_129_03	129.04768	26.8
AML_131_01	SNS-032	SNS-032_AML_131_01	130.29552	35.3
AML_133_01	SNS-032	SNS-032_AML_133_01	153.91	38.0
AML_134_01	SNS-032	SNS-032_AML_134_01	155.74739	23.4
AML_135_01	SNS-032	SNS-032_AML_135_01	132.36903	28.6
AML_138_01	SNS-032	SNS-032_AML_138_01	141.4644	30.2
AML_139_01	SNS-032	SNS-032_AML_139_01	131.55612	29.3
AML_140_01	SNS-032	SNS-032_AML_140_01	118.956055	26.3
AML_142_01	SNS-032	SNS-032_AML_142_01	148.24657	41.2
AML_143_01	SNS-032	SNS-032_AML_143_01	123.47626	27.5
AML_144_01	SNS-032	SNS-032_AML_144_01	138.0813	28.1
AML_146_01	SNS-032	SNS-032_AML_146_01	132.5194	31.2
AML_147_01	SNS-032	SNS-032_AML_147_01	123.49969	27.6
AML_151_01	SNS-032	SNS-032_AML_151_01	128.85776	38.3
AML_152_01	SNS-032	SNS-032_AML_152_01	129.35849	32.5
AML_153_01	SNS-032	SNS-032_AML_153_01	153.46698	9.6
AML_156_01	SNS-032	SNS-032_AML_156_01	132.62033	32.5
AML_157_01	SNS-032	SNS-032_AML_157_01	128.20221	34.3
AML_157_02	SNS-032	SNS-032_AML_157_02	119.79194	39.2
AML_158_01	SNS-032	SNS-032_AML_158_01	129.41743	28.2
AML_159_01	SNS-032	SNS-032_AML_159_01	128.3221	24.8
AML_160_01	SNS-032	SNS-032_AML_160_01	128.69003	33.8
AML_161_01	SNS-032	SNS-032_AML_161_01	142.49263	32.5
AML_175_01	SNS-032	SNS-032_AML_175_01	120.96236	28.4
AML_179_01	SNS-032	SNS-032_AML_179_01	142.39574	27.3
AML_183_01	SNS-032	SNS-032_AML_183_01	125.36673	23.1
AML_183_02	SNS-032	SNS-032_AML_183_02	113.694336	30.5
AML_183_03	SNS-032	SNS-032_AML_183_03	128.68694	30.1
AML_184_01	SNS-032	SNS-032_AML_184_01	104.18344	28.2
AML_185_01	SNS-032	SNS-032_AML_185_01	147.38261	24.7
AML_001_01	Sorafenib	Sorafenib_AML_001_01	213.16817	3.6
AML_001_03	Sorafenib	Sorafenib_AML_001_03	210.68211	0.0
AML_002_01	Sorafenib	Sorafenib_AML_002_01	205.31404	8.8
AML_003_02	Sorafenib	Sorafenib_AML_003_02	209.15915	0.0
AML_004_01	Sorafenib	Sorafenib_AML_004_01	208.59135	0.3
AML_006_02	Sorafenib	Sorafenib_AML_006_02	215.80272	0.0
AML_007_01	Sorafenib	Sorafenib_AML_007_01	213.68297	0.0
AML_007_02	Sorafenib	Sorafenib_AML_007_02	218.72946	0.0
AML_012_01	Sorafenib	Sorafenib_AML_012_01	202.61597	16.1
AML_013_01	Sorafenib	Sorafenib_AML_013_01	204.19742	17.6
AML_014_01	Sorafenib	Sorafenib_AML_014_01	206.63998	0.0
AML_015_01	Sorafenib	Sorafenib_AML_015_01	206.3898	13.4
AML_015_02	Sorafenib	Sorafenib_AML_015_02	210.6674	8.3
AML_015_03	Sorafenib	Sorafenib_AML_015_03	207.46675	16.7
AML_015_04	Sorafenib	Sorafenib_AML_015_04	207.58835	28.5
AML_018_01	Sorafenib	Sorafenib_AML_018_01	198.37186	14.1
AML_019_01	Sorafenib	Sorafenib_AML_019_01	208.77191	0.0
AML_020_01	Sorafenib	Sorafenib_AML_020_01	215.33298	0.0
AML_022_01	Sorafenib	Sorafenib_AML_022_01	199.68843	7.2
AML_023_01	Sorafenib	Sorafenib_AML_023_01	206.90987	13.2
AML_023_03	Sorafenib	Sorafenib_AML_023_03	202.25418	5.6
AML_023_04	Sorafenib	Sorafenib_AML_023_04	207.71498	4.7
AML_024_01	Sorafenib	Sorafenib_AML_024_01	199.23398	0.0
AML_025_01	Sorafenib	Sorafenib_AML_025_01	217.92215	0.0
AML_026_01	Sorafenib	Sorafenib_AML_026_01	215.84258	0.0
AML_028_01	Sorafenib	Sorafenib_AML_028_01	198.1154	2.6
AML_028_04	Sorafenib	Sorafenib_AML_028_04	194.83472	19.5
AML_029_01	Sorafenib	Sorafenib_AML_029_01	213.62267	0.0
AML_030_01	Sorafenib	Sorafenib_AML_030_01	200.76712	0.0
AML_032_01	Sorafenib	Sorafenib_AML_032_01	210.36194	0.0
AML_033_01	Sorafenib	Sorafenib_AML_033_01	205.26471	2.7
AML_033_02	Sorafenib	Sorafenib_AML_033_02	197.92746	1.3
AML_035_02	Sorafenib	Sorafenib_AML_035_02	216.33455	0.0
AML_035_04	Sorafenib	Sorafenib_AML_035_04	214.55775	0.0
AML_036_01	Sorafenib	Sorafenib_AML_036_01	206.01308	0.0
AML_040_01	Sorafenib	Sorafenib_AML_040_01	204.37051	2.3
AML_041_01	Sorafenib	Sorafenib_AML_041_01	211.28976	2.3
AML_042_01	Sorafenib	Sorafenib_AML_042_01	217.64275	0.0
AML_043_02	Sorafenib	Sorafenib_AML_043_02	202.43872	0.0
AML_045_01	Sorafenib	Sorafenib_AML_045_01	210.7029	0.0
AML_046_01	Sorafenib	Sorafenib_AML_046_01	196.2672	27.0
AML_051_01	Sorafenib	Sorafenib_AML_051_01	196.98454	0.9
AML_052_01	Sorafenib	Sorafenib_AML_052_01	213.33687	0.0
AML_053_01	Sorafenib	Sorafenib_AML_053_01	217.03682	0.0
AML_054_01	Sorafenib	Sorafenib_AML_054_01	199.55806	6.0
AML_057_01	Sorafenib	Sorafenib_AML_057_01	212.29314	0.0
AML_058_01	Sorafenib	Sorafenib_AML_058_01	198.73073	1.3
AML_059_01	Sorafenib	Sorafenib_AML_059_01	202.05132	3.5
AML_060_01	Sorafenib	Sorafenib_AML_060_01	208.68196	0.8
AML_061_01	Sorafenib	Sorafenib_AML_061_01	206.32202	0.0
AML_062_01	Sorafenib	Sorafenib_AML_062_01	197.52725	0.7
AML_064_01	Sorafenib	Sorafenib_AML_064_01	215.82397	0.0
AML_065_01	Sorafenib	Sorafenib_AML_065_01	199.66739	1.2
AML_067_01	Sorafenib	Sorafenib_AML_067_01	205.09962	3.1
AML_070_01	Sorafenib	Sorafenib_AML_070_01	215.17046	0.0
AML_072_01	Sorafenib	Sorafenib_AML_072_01	211.9379	0.0
AML_073_01	Sorafenib	Sorafenib_AML_073_01	213.48636	0.0
AML_074_01	Sorafenib	Sorafenib_AML_074_01	213.45465	0.0
AML_075_01	Sorafenib	Sorafenib_AML_075_01	209.95831	0.5
AML_076_01	Sorafenib	Sorafenib_AML_076_01	210.77786	0.0
AML_076_02	Sorafenib	Sorafenib_AML_076_02	194.83177	1.8
AML_077_01	Sorafenib	Sorafenib_AML_077_01	214.86858	0.0
AML_078_02	Sorafenib	Sorafenib_AML_078_02	203.83415	0.0
AML_084_01	Sorafenib	Sorafenib_AML_084_01	201.30606	3.7
AML_086_02	Sorafenib	Sorafenib_AML_086_02	208.75224	0.0
AML_098_01	Sorafenib	Sorafenib_AML_098_01	208.61407	0.0
AML_100_01	Sorafenib	Sorafenib_AML_100_01	206.43343	0.0
AML_101_01	Sorafenib	Sorafenib_AML_101_01	201.23483	8.5
AML_101_02	Sorafenib	Sorafenib_AML_101_02	218.81763	0.0
AML_102_01	Sorafenib	Sorafenib_AML_102_01	201.30862	0.0
AML_103_01	Sorafenib	Sorafenib_AML_103_01	198.81126	0.0
AML_103_02	Sorafenib	Sorafenib_AML_103_02	195.70444	0.0
AML_104_01	Sorafenib	Sorafenib_AML_104_01	207.73941	0.0
AML_108_01	Sorafenib	Sorafenib_AML_108_01	196.61304	0.0
AML_109_01	Sorafenib	Sorafenib_AML_109_01	206.23994	0.0
AML_110_01	Sorafenib	Sorafenib_AML_110_01	200.00511	0.0
AML_112_01	Sorafenib	Sorafenib_AML_112_01	197.77788	0.0
AML_112_02	Sorafenib	Sorafenib_AML_112_02	206.23085	0.0
AML_113_01	Sorafenib	Sorafenib_AML_113_01	198.98773	0.0
AML_114_01	Sorafenib	Sorafenib_AML_114_01	200.35274	0.0
AML_115_01	Sorafenib	Sorafenib_AML_115_01	194.47392	0.8
AML_116_01	Sorafenib	Sorafenib_AML_116_01	211.12674	0.0
AML_117_01	Sorafenib	Sorafenib_AML_117_01	207.83966	0.0
AML_119_01	Sorafenib	Sorafenib_AML_119_01	202.60274	0.0
AML_120_01	Sorafenib	Sorafenib_AML_120_01	209.10616	23.9
AML_120_03	Sorafenib	Sorafenib_AML_120_03	211.84203	11.2
AML_122_01	Sorafenib	Sorafenib_AML_122_01	217.20972	0.0
AML_123_01	Sorafenib	Sorafenib_AML_123_01	212.87149	0.0
AML_124_01	Sorafenib	Sorafenib_AML_124_01	206.48166	0.0
AML_125_01	Sorafenib	Sorafenib_AML_125_01	209.51451	0.0
AML_126_01	Sorafenib	Sorafenib_AML_126_01	209.99103	1.4
AML_127_01	Sorafenib	Sorafenib_AML_127_01	206.21361	0.0
AML_128_01	Sorafenib	Sorafenib_AML_128_01	214.46397	0.0
AML_129_02	Sorafenib	Sorafenib_AML_129_02	203.5393	22.7
AML_129_03	Sorafenib	Sorafenib_AML_129_03	198.85663	11.3
AML_131_01	Sorafenib	Sorafenib_AML_131_01	212.54637	0.0
AML_133_01	Sorafenib	Sorafenib_AML_133_01	206.27733	0.0
AML_134_01	Sorafenib	Sorafenib_AML_134_01	209.8346	0.0
AML_135_01	Sorafenib	Sorafenib_AML_135_01	209.33485	0.0
AML_138_01	Sorafenib	Sorafenib_AML_138_01	207.85529	0.0
AML_139_01	Sorafenib	Sorafenib_AML_139_01	216.8748	0.0
AML_140_01	Sorafenib	Sorafenib_AML_140_01	205.81325	0.0
AML_142_01	Sorafenib	Sorafenib_AML_142_01	199.61847	3.9
AML_143_01	Sorafenib	Sorafenib_AML_143_01	207.01091	0.0
AML_144_01	Sorafenib	Sorafenib_AML_144_01	214.9363	0.0
AML_146_01	Sorafenib	Sorafenib_AML_146_01	212.98477	0.0
AML_147_01	Sorafenib	Sorafenib_AML_147_01	207.71178	0.0
AML_151_01	Sorafenib	Sorafenib_AML_151_01	198.48521	1.0
AML_152_01	Sorafenib	Sorafenib_AML_152_01	203.07239	0.0
AML_153_01	Sorafenib	Sorafenib_AML_153_01	203.91211	0.0
AML_156_01	Sorafenib	Sorafenib_AML_156_01	201.67188	0.0
AML_157_01	Sorafenib	Sorafenib_AML_157_01	211.62054	0.5
AML_157_02	Sorafenib	Sorafenib_AML_157_02	212.44049	2.3
AML_158_01	Sorafenib	Sorafenib_AML_158_01	212.03075	0.0
AML_159_01	Sorafenib	Sorafenib_AML_159_01	210.58064	0.0
AML_160_01	Sorafenib	Sorafenib_AML_160_01	196.7639	0.0
AML_161_01	Sorafenib	Sorafenib_AML_161_01	194.2825	0.0
AML_175_01	Sorafenib	Sorafenib_AML_175_01	213.16339	0.0
AML_179_01	Sorafenib	Sorafenib_AML_179_01	210.456	18.1
AML_183_01	Sorafenib	Sorafenib_AML_183_01	214.53894	0.0
AML_183_02	Sorafenib	Sorafenib_AML_183_02	209.84007	0.0
AML_183_03	Sorafenib	Sorafenib_AML_183_03	203.02594	0.0
AML_184_01	Sorafenib	Sorafenib_AML_184_01	206.35054	1.9
AML_185_01	Sorafenib	Sorafenib_AML_185_01	217.20903	0.0
AML_001_01	Sunitinib	Sunitinib_AML_001_01	210.6815	0.0
AML_001_03	Sunitinib	Sunitinib_AML_001_03	210.15526	1.7
AML_002_01	Sunitinib	Sunitinib_AML_002_01	208.91226	4.7
AML_003_02	Sunitinib	Sunitinib_AML_003_02	208.83798	5.3
AML_004_01	Sunitinib	Sunitinib_AML_004_01	208.14673	3.4
AML_006_02	Sunitinib	Sunitinib_AML_006_02	216.13472	2.4
AML_007_01	Sunitinib	Sunitinib_AML_007_01	213.05925	1.7
AML_007_02	Sunitinib	Sunitinib_AML_007_02	218.52017	0.3
AML_012_01	Sunitinib	Sunitinib_AML_012_01	199.83156	23.2
AML_013_01	Sunitinib	Sunitinib_AML_013_01	204.66315	19.6
AML_014_01	Sunitinib	Sunitinib_AML_014_01	207.13725	7.4
AML_015_01	Sunitinib	Sunitinib_AML_015_01	208.60672	20.0
AML_015_02	Sunitinib	Sunitinib_AML_015_02	209.89087	15.0
AML_015_03	Sunitinib	Sunitinib_AML_015_03	210.62375	20.8
AML_015_04	Sunitinib	Sunitinib_AML_015_04	206.88345	31.1
AML_018_01	Sunitinib	Sunitinib_AML_018_01	197.36757	21.6
AML_019_01	Sunitinib	Sunitinib_AML_019_01	206.87234	0.4
AML_020_01	Sunitinib	Sunitinib_AML_020_01	217.08043	6.8
AML_022_01	Sunitinib	Sunitinib_AML_022_01	198.9666	12.9
AML_023_01	Sunitinib	Sunitinib_AML_023_01	205.5768	16.3
AML_023_03	Sunitinib	Sunitinib_AML_023_03	204.99487	2.6
AML_023_04	Sunitinib	Sunitinib_AML_023_04	210.69225	8.0
AML_024_01	Sunitinib	Sunitinib_AML_024_01	206.76869	2.6
AML_025_01	Sunitinib	Sunitinib_AML_025_01	216.45218	1.3
AML_026_01	Sunitinib	Sunitinib_AML_026_01	215.71692	0.3
AML_028_01	Sunitinib	Sunitinib_AML_028_01	197.80554	8.4
AML_028_04	Sunitinib	Sunitinib_AML_028_04	193.48587	22.2
AML_029_01	Sunitinib	Sunitinib_AML_029_01	211.63571	0.8
AML_030_01	Sunitinib	Sunitinib_AML_030_01	200.60197	0.0
AML_032_01	Sunitinib	Sunitinib_AML_032_01	211.65002	0.2
AML_033_01	Sunitinib	Sunitinib_AML_033_01	206.9378	5.4
AML_033_02	Sunitinib	Sunitinib_AML_033_02	199.42873	4.9
AML_035_02	Sunitinib	Sunitinib_AML_035_02	217.52017	0.0
AML_035_04	Sunitinib	Sunitinib_AML_035_04	215.15242	0.0
AML_036_01	Sunitinib	Sunitinib_AML_036_01	211.20972	0.0
AML_040_01	Sunitinib	Sunitinib_AML_040_01	207.647	11.3
AML_041_01	Sunitinib	Sunitinib_AML_041_01	212.41597	3.7
AML_042_01	Sunitinib	Sunitinib_AML_042_01	216.99335	6.6
AML_043_02	Sunitinib	Sunitinib_AML_043_02	202.40889	1.6
AML_045_01	Sunitinib	Sunitinib_AML_045_01	207.90749	0.6
AML_046_01	Sunitinib	Sunitinib_AML_046_01	200.13734	26.4
AML_051_01	Sunitinib	Sunitinib_AML_051_01	199.74826	2.9
AML_052_01	Sunitinib	Sunitinib_AML_052_01	212.56088	0.0
AML_053_01	Sunitinib	Sunitinib_AML_053_01	216.22652	4.9
AML_054_01	Sunitinib	Sunitinib_AML_054_01	203.18585	12.4
AML_057_01	Sunitinib	Sunitinib_AML_057_01	213.50569	4.9
AML_058_01	Sunitinib	Sunitinib_AML_058_01	200.41388	5.8
AML_059_01	Sunitinib	Sunitinib_AML_059_01	203.88705	4.8
AML_060_01	Sunitinib	Sunitinib_AML_060_01	208.40654	1.1
AML_061_01	Sunitinib	Sunitinib_AML_061_01	209.45639	3.5
AML_062_01	Sunitinib	Sunitinib_AML_062_01	200.83905	9.4
AML_064_01	Sunitinib	Sunitinib_AML_064_01	216.78513	2.1
AML_065_01	Sunitinib	Sunitinib_AML_065_01	202.31439	6.5
AML_067_01	Sunitinib	Sunitinib_AML_067_01	205.2771	11.3
AML_070_01	Sunitinib	Sunitinib_AML_070_01	216.35094	1.4
AML_072_01	Sunitinib	Sunitinib_AML_072_01	211.00397	0.0
AML_073_01	Sunitinib	Sunitinib_AML_073_01	210.9672	0.0
AML_074_01	Sunitinib	Sunitinib_AML_074_01	213.30998	0.0
AML_075_01	Sunitinib	Sunitinib_AML_075_01	211.356	3.3
AML_076_01	Sunitinib	Sunitinib_AML_076_01	211.198	0.0
AML_076_02	Sunitinib	Sunitinib_AML_076_02	197.73454	4.7
AML_077_01	Sunitinib	Sunitinib_AML_077_01	214.18748	0.5
AML_078_02	Sunitinib	Sunitinib_AML_078_02	203.32951	0.1
AML_084_01	Sunitinib	Sunitinib_AML_084_01	198.10887	12.9
AML_086_02	Sunitinib	Sunitinib_AML_086_02	206.50084	2.9
AML_098_01	Sunitinib	Sunitinib_AML_098_01	207.94508	0.0
AML_100_01	Sunitinib	Sunitinib_AML_100_01	207.53554	0.1
AML_101_01	Sunitinib	Sunitinib_AML_101_01	203.35655	11.8
AML_101_02	Sunitinib	Sunitinib_AML_101_02	214.58408	0.5
AML_102_01	Sunitinib	Sunitinib_AML_102_01	202.1387	0.0
AML_103_01	Sunitinib	Sunitinib_AML_103_01	202.07501	0.5
AML_103_02	Sunitinib	Sunitinib_AML_103_02	194.77919	4.0
AML_104_01	Sunitinib	Sunitinib_AML_104_01	209.8886	0.0
AML_108_01	Sunitinib	Sunitinib_AML_108_01	200.32529	1.3
AML_109_01	Sunitinib	Sunitinib_AML_109_01	205.46556	2.1
AML_110_01	Sunitinib	Sunitinib_AML_110_01	205.70782	2.9
AML_112_01	Sunitinib	Sunitinib_AML_112_01	199.80815	3.9
AML_112_02	Sunitinib	Sunitinib_AML_112_02	208.53696	2.5
AML_113_01	Sunitinib	Sunitinib_AML_113_01	201.21295	4.3
AML_114_01	Sunitinib	Sunitinib_AML_114_01	199.812	0.0
AML_115_01	Sunitinib	Sunitinib_AML_115_01	199.06412	7.3
AML_116_01	Sunitinib	Sunitinib_AML_116_01	212.91872	0.0
AML_117_01	Sunitinib	Sunitinib_AML_117_01	205.35487	0.3
AML_119_01	Sunitinib	Sunitinib_AML_119_01	198.85532	2.2
AML_120_01	Sunitinib	Sunitinib_AML_120_01	209.7074	25.0
AML_120_03	Sunitinib	Sunitinib_AML_120_03	213.01453	17.5
AML_122_01	Sunitinib	Sunitinib_AML_122_01	216.57445	0.0
AML_123_01	Sunitinib	Sunitinib_AML_123_01	213.50516	4.8
AML_124_01	Sunitinib	Sunitinib_AML_124_01	208.07835	4.1
AML_125_01	Sunitinib	Sunitinib_AML_125_01	211.46909	1.0
AML_126_01	Sunitinib	Sunitinib_AML_126_01	204.37	4.9
AML_127_01	Sunitinib	Sunitinib_AML_127_01	209.11432	0.0
AML_128_01	Sunitinib	Sunitinib_AML_128_01	211.88419	1.1
AML_129_02	Sunitinib	Sunitinib_AML_129_02	205.31627	22.3
AML_129_03	Sunitinib	Sunitinib_AML_129_03	203.44164	8.6
AML_131_01	Sunitinib	Sunitinib_AML_131_01	213.92096	0.0
AML_133_01	Sunitinib	Sunitinib_AML_133_01	207.72006	1.4
AML_134_01	Sunitinib	Sunitinib_AML_134_01	211.20613	0.3
AML_135_01	Sunitinib	Sunitinib_AML_135_01	207.77316	6.0
AML_138_01	Sunitinib	Sunitinib_AML_138_01	206.38657	1.0
AML_139_01	Sunitinib	Sunitinib_AML_139_01	219.0115	4.6
AML_140_01	Sunitinib	Sunitinib_AML_140_01	208.10062	0.1
AML_142_01	Sunitinib	Sunitinib_AML_142_01	200.63527	10.9
AML_143_01	Sunitinib	Sunitinib_AML_143_01	209.46852	0.0
AML_144_01	Sunitinib	Sunitinib_AML_144_01	216.67409	2.2
AML_146_01	Sunitinib	Sunitinib_AML_146_01	213.63542	0.0
AML_147_01	Sunitinib	Sunitinib_AML_147_01	211.4427	2.7
AML_151_01	Sunitinib	Sunitinib_AML_151_01	199.8245	4.0
AML_152_01	Sunitinib	Sunitinib_AML_152_01	205.42857	0.1
AML_153_01	Sunitinib	Sunitinib_AML_153_01	201.25311	0.2
AML_156_01	Sunitinib	Sunitinib_AML_156_01	201.5985	2.4
AML_157_01	Sunitinib	Sunitinib_AML_157_01	213.27243	7.1
AML_157_02	Sunitinib	Sunitinib_AML_157_02	213.11278	8.5
AML_158_01	Sunitinib	Sunitinib_AML_158_01	214.65044	0.7
AML_159_01	Sunitinib	Sunitinib_AML_159_01	210.86295	3.3
AML_160_01	Sunitinib	Sunitinib_AML_160_01	200.19695	2.6
AML_161_01	Sunitinib	Sunitinib_AML_161_01	196.86679	2.5
AML_175_01	Sunitinib	Sunitinib_AML_175_01	210.50061	1.0
AML_179_01	Sunitinib	Sunitinib_AML_179_01	211.20117	7.1
AML_183_01	Sunitinib	Sunitinib_AML_183_01	217.06131	0.0
AML_183_02	Sunitinib	Sunitinib_AML_183_02	208.97388	0.0
AML_183_03	Sunitinib	Sunitinib_AML_183_03	203.05437	0.0
AML_184_01	Sunitinib	Sunitinib_AML_184_01	203.14166	10.7
AML_185_01	Sunitinib	Sunitinib_AML_185_01	217.88197	0.6
AML_001_01	Tandutinib	Tandutinib_AML_001_01	217.09492	0.0
AML_001_03	Tandutinib	Tandutinib_AML_001_03	210.50871	0.0
AML_002_01	Tandutinib	Tandutinib_AML_002_01	210.847	2.8
AML_003_02	Tandutinib	Tandutinib_AML_003_02	209.22052	0.0
AML_004_01	Tandutinib	Tandutinib_AML_004_01	214.5325	0.1
AML_006_02	Tandutinib	Tandutinib_AML_006_02	218.45299	0.0
AML_007_01	Tandutinib	Tandutinib_AML_007_01	211.79582	0.0
AML_007_02	Tandutinib	Tandutinib_AML_007_02	214.55862	0.0
AML_012_01	Tandutinib	Tandutinib_AML_012_01	209.6432	7.0
AML_013_01	Tandutinib	Tandutinib_AML_013_01	215.65833	6.8
AML_014_01	Tandutinib	Tandutinib_AML_014_01	209.64018	0.5
AML_015_01	Tandutinib	Tandutinib_AML_015_01	212.65239	10.4
AML_015_02	Tandutinib	Tandutinib_AML_015_02	211.34473	7.8
AML_015_03	Tandutinib	Tandutinib_AML_015_03	213.22914	9.8
AML_015_04	Tandutinib	Tandutinib_AML_015_04	214.93811	18.0
AML_018_01	Tandutinib	Tandutinib_AML_018_01	204.25125	12.2
AML_019_01	Tandutinib	Tandutinib_AML_019_01	208.04613	1.1
AML_020_01	Tandutinib	Tandutinib_AML_020_01	219.67694	0.2
AML_023_01	Tandutinib	Tandutinib_AML_023_01	208.14719	8.9
AML_023_03	Tandutinib	Tandutinib_AML_023_03	205.835	0.0
AML_023_04	Tandutinib	Tandutinib_AML_023_04	211.33809	0.2
AML_024_01	Tandutinib	Tandutinib_AML_024_01	212.26355	0.0
AML_025_01	Tandutinib	Tandutinib_AML_025_01	218.23315	1.0
AML_026_01	Tandutinib	Tandutinib_AML_026_01	220.19939	0.0
AML_028_01	Tandutinib	Tandutinib_AML_028_01	205.94759	2.7
AML_028_04	Tandutinib	Tandutinib_AML_028_04	204.33954	12.5
AML_029_01	Tandutinib	Tandutinib_AML_029_01	211.40903	0.0
AML_030_01	Tandutinib	Tandutinib_AML_030_01	205.53644	0.0
AML_032_01	Tandutinib	Tandutinib_AML_032_01	216.89833	0.0
AML_033_01	Tandutinib	Tandutinib_AML_033_01	216.12051	2.9
AML_033_02	Tandutinib	Tandutinib_AML_033_02	210.13252	2.9
AML_035_02	Tandutinib	Tandutinib_AML_035_02	220.79968	0.0
AML_035_04	Tandutinib	Tandutinib_AML_035_04	214.78156	0.0
AML_036_01	Tandutinib	Tandutinib_AML_036_01	212.38736	0.0
AML_040_01	Tandutinib	Tandutinib_AML_040_01	210.15701	0.4
AML_041_01	Tandutinib	Tandutinib_AML_041_01	211.05818	1.1
AML_042_01	Tandutinib	Tandutinib_AML_042_01	214.88914	0.0
AML_043_02	Tandutinib	Tandutinib_AML_043_02	210.65665	0.1
AML_045_01	Tandutinib	Tandutinib_AML_045_01	213.38158	0.0
AML_046_01	Tandutinib	Tandutinib_AML_046_01	208.21686	12.5
AML_051_01	Tandutinib	Tandutinib_AML_051_01	208.2684	1.7
AML_052_01	Tandutinib	Tandutinib_AML_052_01	218.66774	0.0
AML_053_01	Tandutinib	Tandutinib_AML_053_01	219.10214	0.0
AML_054_01	Tandutinib	Tandutinib_AML_054_01	211.618	2.8
AML_057_01	Tandutinib	Tandutinib_AML_057_01	212.53578	2.7
AML_058_01	Tandutinib	Tandutinib_AML_058_01	208.15656	0.2
AML_059_01	Tandutinib	Tandutinib_AML_059_01	211.30421	2.2
AML_060_01	Tandutinib	Tandutinib_AML_060_01	216.75937	0.2
AML_061_01	Tandutinib	Tandutinib_AML_061_01	213.98251	0.0
AML_064_01	Tandutinib	Tandutinib_AML_064_01	209.50105	0.0
AML_065_01	Tandutinib	Tandutinib_AML_065_01	209.83218	3.2
AML_067_01	Tandutinib	Tandutinib_AML_067_01	206.605	4.5
AML_070_01	Tandutinib	Tandutinib_AML_070_01	216.74466	0.0
AML_072_01	Tandutinib	Tandutinib_AML_072_01	215.53044	0.0
AML_073_01	Tandutinib	Tandutinib_AML_073_01	214.17198	4.1
AML_074_01	Tandutinib	Tandutinib_AML_074_01	216.27213	1.2
AML_075_01	Tandutinib	Tandutinib_AML_075_01	213.62842	0.5
AML_076_01	Tandutinib	Tandutinib_AML_076_01	211.74135	0.0
AML_076_02	Tandutinib	Tandutinib_AML_076_02	207.20103	1.7
AML_077_01	Tandutinib	Tandutinib_AML_077_01	217.84683	0.3
AML_078_02	Tandutinib	Tandutinib_AML_078_02	207.38182	0.9
AML_084_01	Tandutinib	Tandutinib_AML_084_01	206.59851	0.9
AML_086_02	Tandutinib	Tandutinib_AML_086_02	215.51086	2.5
AML_098_01	Tandutinib	Tandutinib_AML_098_01	208.47614	0.5
AML_100_01	Tandutinib	Tandutinib_AML_100_01	211.07767	0.7
AML_101_01	Tandutinib	Tandutinib_AML_101_01	209.83878	4.2
AML_101_02	Tandutinib	Tandutinib_AML_101_02	217.06227	0.0
AML_102_01	Tandutinib	Tandutinib_AML_102_01	201.42043	0.0
AML_103_01	Tandutinib	Tandutinib_AML_103_01	203.4351	0.0
AML_103_02	Tandutinib	Tandutinib_AML_103_02	205.8497	2.7
AML_104_01	Tandutinib	Tandutinib_AML_104_01	208.57501	0.0
AML_108_01	Tandutinib	Tandutinib_AML_108_01	203.69897	1.7
AML_109_01	Tandutinib	Tandutinib_AML_109_01	207.69235	1.6
AML_110_01	Tandutinib	Tandutinib_AML_110_01	208.1102	2.3
AML_112_01	Tandutinib	Tandutinib_AML_112_01	202.02982	0.0
AML_112_02	Tandutinib	Tandutinib_AML_112_02	209.80333	2.2
AML_113_01	Tandutinib	Tandutinib_AML_113_01	204.27933	1.4
AML_114_01	Tandutinib	Tandutinib_AML_114_01	202.05702	0.0
AML_115_01	Tandutinib	Tandutinib_AML_115_01	205.60571	4.6
AML_116_01	Tandutinib	Tandutinib_AML_116_01	214.46585	0.0
AML_117_01	Tandutinib	Tandutinib_AML_117_01	209.53473	1.5
AML_119_01	Tandutinib	Tandutinib_AML_119_01	205.54456	0.5
AML_120_01	Tandutinib	Tandutinib_AML_120_01	212.0024	14.4
AML_120_03	Tandutinib	Tandutinib_AML_120_03	214.29617	5.3
AML_122_01	Tandutinib	Tandutinib_AML_122_01	211.4875	0.4
AML_123_01	Tandutinib	Tandutinib_AML_123_01	217.14723	1.2
AML_124_01	Tandutinib	Tandutinib_AML_124_01	215.40968	1.5
AML_125_01	Tandutinib	Tandutinib_AML_125_01	214.32109	0.4
AML_126_01	Tandutinib	Tandutinib_AML_126_01	207.08005	0.0
AML_127_01	Tandutinib	Tandutinib_AML_127_01	212.43443	0.1
AML_128_01	Tandutinib	Tandutinib_AML_128_01	215.17775	0.0
AML_129_02	Tandutinib	Tandutinib_AML_129_02	211.99588	5.4
AML_129_03	Tandutinib	Tandutinib_AML_129_03	210.40184	1.5
AML_131_01	Tandutinib	Tandutinib_AML_131_01	212.9051	0.2
AML_133_01	Tandutinib	Tandutinib_AML_133_01	212.53888	0.2
AML_134_01	Tandutinib	Tandutinib_AML_134_01	211.65636	0.5
AML_135_01	Tandutinib	Tandutinib_AML_135_01	214.19104	0.3
AML_138_01	Tandutinib	Tandutinib_AML_138_01	212.58574	2.1
AML_139_01	Tandutinib	Tandutinib_AML_139_01	223.52263	2.0
AML_140_01	Tandutinib	Tandutinib_AML_140_01	212.93858	0.4
AML_142_01	Tandutinib	Tandutinib_AML_142_01	208.8971	5.2
AML_143_01	Tandutinib	Tandutinib_AML_143_01	212.49545	0.2
AML_144_01	Tandutinib	Tandutinib_AML_144_01	217.78323	0.9
AML_146_01	Tandutinib	Tandutinib_AML_146_01	215.68457	0.0
AML_147_01	Tandutinib	Tandutinib_AML_147_01	213.91365	4.1
AML_151_01	Tandutinib	Tandutinib_AML_151_01	203.85176	0.0
AML_152_01	Tandutinib	Tandutinib_AML_152_01	211.76416	0.3
AML_153_01	Tandutinib	Tandutinib_AML_153_01	206.56236	0.1
AML_156_01	Tandutinib	Tandutinib_AML_156_01	209.42493	0.0
AML_157_01	Tandutinib	Tandutinib_AML_157_01	213.83928	3.2
AML_157_02	Tandutinib	Tandutinib_AML_157_02	214.9929	3.6
AML_158_01	Tandutinib	Tandutinib_AML_158_01	217.43423	0.2
AML_159_01	Tandutinib	Tandutinib_AML_159_01	213.74794	1.5
AML_160_01	Tandutinib	Tandutinib_AML_160_01	205.66096	2.0
AML_161_01	Tandutinib	Tandutinib_AML_161_01	205.69853	9.3
AML_175_01	Tandutinib	Tandutinib_AML_175_01	211.30653	0.0
AML_179_01	Tandutinib	Tandutinib_AML_179_01	216.11305	6.9
AML_183_01	Tandutinib	Tandutinib_AML_183_01	217.26263	0.0
AML_183_02	Tandutinib	Tandutinib_AML_183_02	206.98634	0.1
AML_183_03	Tandutinib	Tandutinib_AML_183_03	206.00882	0.5
AML_184_01	Tandutinib	Tandutinib_AML_184_01	206.27989	2.4
AML_185_01	Tandutinib	Tandutinib_AML_185_01	221.95062	0.0
AML_001_01	17-AAG	17-AAG_AML_001_01	190.33234	1.6
AML_001_03	17-AAG	17-AAG_AML_001_03	177.3357	19.6
AML_002_01	17-AAG	17-AAG_AML_002_01	186.37111	13.7
AML_003_02	17-AAG	17-AAG_AML_003_02	188.78215	11.3
AML_004_01	17-AAG	17-AAG_AML_004_01	181.03256	17.4
AML_006_02	17-AAG	17-AAG_AML_006_02	182.41527	11.9
AML_007_01	17-AAG	17-AAG_AML_007_01	174.15494	14.5
AML_007_02	17-AAG	17-AAG_AML_007_02	176.55513	19.1
AML_012_01	17-AAG	17-AAG_AML_012_01	187.89781	15.5
AML_013_01	17-AAG	17-AAG_AML_013_01	188.52855	13.0
AML_014_01	17-AAG	17-AAG_AML_014_01	176.76431	16.0
AML_015_01	17-AAG	17-AAG_AML_015_01	182.48105	20.5
AML_015_02	17-AAG	17-AAG_AML_015_02	179.41374	18.5
AML_015_03	17-AAG	17-AAG_AML_015_03	176.49742	26.5
AML_015_04	17-AAG	17-AAG_AML_015_04	187.13347	24.0
AML_018_01	17-AAG	17-AAG_AML_018_01	168.19463	21.8
AML_019_01	17-AAG	17-AAG_AML_019_01	184.74217	11.4
AML_020_01	17-AAG	17-AAG_AML_020_01	193.97417	4.3
AML_022_01	17-AAG	17-AAG_AML_022_01	163.73404	13.4
AML_023_01	17-AAG	17-AAG_AML_023_01	168.9707	18.4
AML_023_03	17-AAG	17-AAG_AML_023_03	169.4532	16.9
AML_023_04	17-AAG	17-AAG_AML_023_04	177.36476	14.3
AML_024_01	17-AAG	17-AAG_AML_024_01	183.72284	12.3
AML_025_01	17-AAG	17-AAG_AML_025_01	186.57251	13.9
AML_026_01	17-AAG	17-AAG_AML_026_01	181.74287	13.3
AML_028_01	17-AAG	17-AAG_AML_028_01	174.06342	11.7
AML_028_04	17-AAG	17-AAG_AML_028_04	177.7495	21.8
AML_029_01	17-AAG	17-AAG_AML_029_01	177.76772	10.5
AML_030_01	17-AAG	17-AAG_AML_030_01	167.45877	11.9
AML_032_01	17-AAG	17-AAG_AML_032_01	187.16432	8.0
AML_033_01	17-AAG	17-AAG_AML_033_01	184.53796	16.9
AML_033_02	17-AAG	17-AAG_AML_033_02	185.54091	19.0
AML_035_02	17-AAG	17-AAG_AML_035_02	190.01451	8.6
AML_035_04	17-AAG	17-AAG_AML_035_04	192.19698	11.9
AML_036_01	17-AAG	17-AAG_AML_036_01	173.53487	15.6
AML_040_01	17-AAG	17-AAG_AML_040_01	171.507	16.7
AML_041_01	17-AAG	17-AAG_AML_041_01	177.14389	11.0
AML_042_01	17-AAG	17-AAG_AML_042_01	181.18156	18.8
AML_043_02	17-AAG	17-AAG_AML_043_02	187.28938	10.7
AML_045_01	17-AAG	17-AAG_AML_045_01	185.92741	7.2
AML_046_01	17-AAG	17-AAG_AML_046_01	178.09738	27.8
AML_051_01	17-AAG	17-AAG_AML_051_01	172.31725	5.6
AML_052_01	17-AAG	17-AAG_AML_052_01	184.24045	18.4
AML_053_01	17-AAG	17-AAG_AML_053_01	187.85281	7.9
AML_054_01	17-AAG	17-AAG_AML_054_01	184.7843	18.6
AML_057_01	17-AAG	17-AAG_AML_057_01	175.87144	17.2
AML_058_01	17-AAG	17-AAG_AML_058_01	171.55453	11.0
AML_059_01	17-AAG	17-AAG_AML_059_01	172.65836	18.9
AML_060_01	17-AAG	17-AAG_AML_060_01	187.59894	20.7
AML_061_01	17-AAG	17-AAG_AML_061_01	179.2873	18.7
AML_062_01	17-AAG	17-AAG_AML_062_01	164.228	20.8
AML_064_01	17-AAG	17-AAG_AML_064_01	174.18849	21.2
AML_065_01	17-AAG	17-AAG_AML_065_01	168.51224	18.8
AML_067_01	17-AAG	17-AAG_AML_067_01	165.47607	19.3
AML_070_01	17-AAG	17-AAG_AML_070_01	182.92004	9.7
AML_072_01	17-AAG	17-AAG_AML_072_01	186.34335	8.8
AML_073_01	17-AAG	17-AAG_AML_073_01	188.7752	5.6
AML_074_01	17-AAG	17-AAG_AML_074_01	175.73184	13.4
AML_075_01	17-AAG	17-AAG_AML_075_01	176.90561	14.3
AML_076_01	17-AAG	17-AAG_AML_076_01	179.5698	12.6
AML_076_02	17-AAG	17-AAG_AML_076_02	172.9445	14.6
AML_077_01	17-AAG	17-AAG_AML_077_01	186.16193	18.0
AML_078_02	17-AAG	17-AAG_AML_078_02	166.38722	17.0
AML_084_01	17-AAG	17-AAG_AML_084_01	175.88237	19.6
AML_086_02	17-AAG	17-AAG_AML_086_02	185.9116	7.7
AML_098_01	17-AAG	17-AAG_AML_098_01	171.2009	14.7
AML_100_01	17-AAG	17-AAG_AML_100_01	170.6419	11.1
AML_101_01	17-AAG	17-AAG_AML_101_01	182.02475	23.8
AML_101_02	17-AAG	17-AAG_AML_101_02	191.42078	1.1
AML_102_01	17-AAG	17-AAG_AML_102_01	160.86908	17.1
AML_103_01	17-AAG	17-AAG_AML_103_01	164.5024	17.9
AML_103_02	17-AAG	17-AAG_AML_103_02	180.14377	24.0
AML_104_01	17-AAG	17-AAG_AML_104_01	168.18706	11.3
AML_108_01	17-AAG	17-AAG_AML_108_01	160.82666	21.9
AML_109_01	17-AAG	17-AAG_AML_109_01	180.192	4.4
AML_110_01	17-AAG	17-AAG_AML_110_01	170.9765	19.7
AML_112_01	17-AAG	17-AAG_AML_112_01	161.24376	19.3
AML_112_02	17-AAG	17-AAG_AML_112_02	170.929	18.8
AML_113_01	17-AAG	17-AAG_AML_113_01	173.22195	20.6
AML_114_01	17-AAG	17-AAG_AML_114_01	165.05981	11.6
AML_115_01	17-AAG	17-AAG_AML_115_01	163.66745	18.3
AML_116_01	17-AAG	17-AAG_AML_116_01	176.18405	16.3
AML_117_01	17-AAG	17-AAG_AML_117_01	171.74152	9.1
AML_119_01	17-AAG	17-AAG_AML_119_01	164.47649	12.6
AML_120_01	17-AAG	17-AAG_AML_120_01	176.56918	22.0
AML_120_03	17-AAG	17-AAG_AML_120_03	177.89264	24.1
AML_122_01	17-AAG	17-AAG_AML_122_01	178.29561	14.2
AML_123_01	17-AAG	17-AAG_AML_123_01	178.61139	12.4
AML_124_01	17-AAG	17-AAG_AML_124_01	178.56477	19.7
AML_125_01	17-AAG	17-AAG_AML_125_01	182.58116	11.5
AML_126_01	17-AAG	17-AAG_AML_126_01	175.29272	13.7
AML_127_01	17-AAG	17-AAG_AML_127_01	172.28836	16.1
AML_128_01	17-AAG	17-AAG_AML_128_01	184.72546	10.2
AML_129_02	17-AAG	17-AAG_AML_129_02	171.05856	24.2
AML_129_03	17-AAG	17-AAG_AML_129_03	175.60136	15.1
AML_131_01	17-AAG	17-AAG_AML_131_01	172.43033	14.2
AML_133_01	17-AAG	17-AAG_AML_133_01	192.0067	12.2
AML_134_01	17-AAG	17-AAG_AML_134_01	192.59415	7.7
AML_135_01	17-AAG	17-AAG_AML_135_01	180.50049	21.3
AML_138_01	17-AAG	17-AAG_AML_138_01	187.75066	16.1
AML_139_01	17-AAG	17-AAG_AML_139_01	185.70859	13.2
AML_140_01	17-AAG	17-AAG_AML_140_01	171.06757	16.8
AML_142_01	17-AAG	17-AAG_AML_142_01	187.27843	11.0
AML_143_01	17-AAG	17-AAG_AML_143_01	178.52448	15.2
AML_144_01	17-AAG	17-AAG_AML_144_01	185.14436	13.2
AML_146_01	17-AAG	17-AAG_AML_146_01	181.53978	15.0
AML_147_01	17-AAG	17-AAG_AML_147_01	175.64333	17.2
AML_151_01	17-AAG	17-AAG_AML_151_01	164.91887	25.5
AML_152_01	17-AAG	17-AAG_AML_152_01	177.69559	14.3
AML_153_01	17-AAG	17-AAG_AML_153_01	187.8072	2.6
AML_156_01	17-AAG	17-AAG_AML_156_01	175.36414	15.9
AML_157_01	17-AAG	17-AAG_AML_157_01	176.71431	25.1
AML_157_02	17-AAG	17-AAG_AML_157_02	173.00562	23.9
AML_158_01	17-AAG	17-AAG_AML_158_01	181.9948	14.3
AML_159_01	17-AAG	17-AAG_AML_159_01	181.51103	17.2
AML_160_01	17-AAG	17-AAG_AML_160_01	164.18307	19.0
AML_161_01	17-AAG	17-AAG_AML_161_01	175.71498	16.1
AML_175_01	17-AAG	17-AAG_AML_175_01	174.62074	6.0
AML_179_01	17-AAG	17-AAG_AML_179_01	189.55037	13.6
AML_183_01	17-AAG	17-AAG_AML_183_01	180.42865	17.2
AML_183_02	17-AAG	17-AAG_AML_183_02	168.66107	13.3
AML_183_03	17-AAG	17-AAG_AML_183_03	165.82297	20.5
AML_184_01	17-AAG	17-AAG_AML_184_01	164.3263	15.9
AML_185_01	17-AAG	17-AAG_AML_185_01	194.87988	11.0
AML_004_01	TG100-115	TG100-115_AML_004_01	236.12543	2.6
AML_019_01	TG100-115	TG100-115_AML_019_01	234.0671	1.6
AML_025_01	TG100-115	TG100-115_AML_025_01	240.82274	1.4
AML_026_01	TG100-115	TG100-115_AML_026_01	243.5167	0.2
AML_029_01	TG100-115	TG100-115_AML_029_01	238.79626	0.1
AML_030_01	TG100-115	TG100-115_AML_030_01	235.56693	0.3
AML_033_01	TG100-115	TG100-115_AML_033_01	243.27301	0.0
AML_033_02	TG100-115	TG100-115_AML_033_02	235.07677	0.4
AML_041_01	TG100-115	TG100-115_AML_041_01	239.92137	0.6
AML_042_01	TG100-115	TG100-115_AML_042_01	238.73822	2.9
AML_043_02	TG100-115	TG100-115_AML_043_02	236.20332	0.0
AML_046_01	TG100-115	TG100-115_AML_046_01	239.74171	1.6
AML_052_01	TG100-115	TG100-115_AML_052_01	242.89467	3.7
AML_057_01	TG100-115	TG100-115_AML_057_01	238.22865	3.9
AML_058_01	TG100-115	TG100-115_AML_058_01	233.98177	2.1
AML_059_01	TG100-115	TG100-115_AML_059_01	239.10007	2.3
AML_060_01	TG100-115	TG100-115_AML_060_01	240.29594	1.4
AML_061_01	TG100-115	TG100-115_AML_061_01	240.2009	0.7
AML_062_01	TG100-115	TG100-115_AML_062_01	234.83235	2.8
AML_064_01	TG100-115	TG100-115_AML_064_01	236.69754	3.2
AML_065_01	TG100-115	TG100-115_AML_065_01	237.45937	0.5
AML_067_01	TG100-115	TG100-115_AML_067_01	237.89073	3.6
AML_070_01	TG100-115	TG100-115_AML_070_01	240.03595	0.0
AML_072_01	TG100-115	TG100-115_AML_072_01	240.33405	0.0
AML_073_01	TG100-115	TG100-115_AML_073_01	238.01614	0.8
AML_074_01	TG100-115	TG100-115_AML_074_01	241.89427	2.2
AML_075_01	TG100-115	TG100-115_AML_075_01	239.54086	0.7
AML_076_01	TG100-115	TG100-115_AML_076_01	240.60931	0.0
AML_076_02	TG100-115	TG100-115_AML_076_02	234.35098	0.0
AML_077_01	TG100-115	TG100-115_AML_077_01	244.30663	4.0
AML_078_02	TG100-115	TG100-115_AML_078_02	237.61806	2.5
AML_086_02	TG100-115	TG100-115_AML_086_02	241.16522	1.6
AML_098_01	TG100-115	TG100-115_AML_098_01	235.42268	0.0
AML_100_01	TG100-115	TG100-115_AML_100_01	239.45753	0.8
AML_101_01	TG100-115	TG100-115_AML_101_01	229.62968	0.3
AML_101_02	TG100-115	TG100-115_AML_101_02	238.15974	1.6
AML_102_01	TG100-115	TG100-115_AML_102_01	235.9533	1.2
AML_103_01	TG100-115	TG100-115_AML_103_01	228.60635	2.8
AML_103_02	TG100-115	TG100-115_AML_103_02	230.36401	1.4
AML_104_01	TG100-115	TG100-115_AML_104_01	237.85393	0.0
AML_108_01	TG100-115	TG100-115_AML_108_01	234.75652	3.8
AML_109_01	TG100-115	TG100-115_AML_109_01	233.33699	0.5
AML_110_01	TG100-115	TG100-115_AML_110_01	237.87657	2.1
AML_112_01	TG100-115	TG100-115_AML_112_01	232.91277	5.0
AML_112_02	TG100-115	TG100-115_AML_112_02	235.9176	1.3
AML_113_01	TG100-115	TG100-115_AML_113_01	233.41919	4.2
AML_114_01	TG100-115	TG100-115_AML_114_01	230.93709	2.6
AML_115_01	TG100-115	TG100-115_AML_115_01	236.41467	7.0
AML_116_01	TG100-115	TG100-115_AML_116_01	239.55217	1.7
AML_117_01	TG100-115	TG100-115_AML_117_01	237.84131	0.9
AML_119_01	TG100-115	TG100-115_AML_119_01	234.40416	2.4
AML_122_01	TG100-115	TG100-115_AML_122_01	238.09796	0.2
AML_123_01	TG100-115	TG100-115_AML_123_01	240.87743	2.6
AML_124_01	TG100-115	TG100-115_AML_124_01	240.17552	1.7
AML_125_01	TG100-115	TG100-115_AML_125_01	239.25371	0.5
AML_126_01	TG100-115	TG100-115_AML_126_01	236.25247	3.8
AML_127_01	TG100-115	TG100-115_AML_127_01	236.83931	0.0
AML_128_01	TG100-115	TG100-115_AML_128_01	240.2929	1.7
AML_131_01	TG100-115	TG100-115_AML_131_01	237.75902	0.2
AML_133_01	TG100-115	TG100-115_AML_133_01	236.58392	2.4
AML_134_01	TG100-115	TG100-115_AML_134_01	236.46255	1.1
AML_135_01	TG100-115	TG100-115_AML_135_01	241.68213	2.4
AML_138_01	TG100-115	TG100-115_AML_138_01	239.07825	0.3
AML_139_01	TG100-115	TG100-115_AML_139_01	244.58253	4.9
AML_140_01	TG100-115	TG100-115_AML_140_01	238.64632	0.4
AML_142_01	TG100-115	TG100-115_AML_142_01	236.13863	3.5
AML_143_01	TG100-115	TG100-115_AML_143_01	236.03058	0.1
AML_144_01	TG100-115	TG100-115_AML_144_01	241.18835	3.8
AML_146_01	TG100-115	TG100-115_AML_146_01	236.96124	1.6
AML_147_01	TG100-115	TG100-115_AML_147_01	239.8669	2.0
AML_151_01	TG100-115	TG100-115_AML_151_01	233.70279	1.4
AML_152_01	TG100-115	TG100-115_AML_152_01	239.95703	0.7
AML_153_01	TG100-115	TG100-115_AML_153_01	229.33775	0.0
AML_156_01	TG100-115	TG100-115_AML_156_01	237.22992	1.5
AML_157_01	TG100-115	TG100-115_AML_157_01	239.57964	2.1
AML_157_02	TG100-115	TG100-115_AML_157_02	240.91647	2.7
AML_158_01	TG100-115	TG100-115_AML_158_01	241.76595	2.9
AML_159_01	TG100-115	TG100-115_AML_159_01	239.11568	2.6
AML_160_01	TG100-115	TG100-115_AML_160_01	235.85944	2.3
AML_161_01	TG100-115	TG100-115_AML_161_01	231.7537	2.6
AML_183_01	TG100-115	TG100-115_AML_183_01	241.08272	0.0
AML_183_02	TG100-115	TG100-115_AML_183_02	238.61832	2.0
AML_183_03	TG100-115	TG100-115_AML_183_03	234.20912	1.1
AML_001_01	Tivozanib	Tivozanib_AML_001_01	204.75624	0.0
AML_001_03	Tivozanib	Tivozanib_AML_001_03	198.96474	2.0
AML_002_01	Tivozanib	Tivozanib_AML_002_01	202.63799	11.2
AML_003_02	Tivozanib	Tivozanib_AML_003_02	201.20662	8.1
AML_004_01	Tivozanib	Tivozanib_AML_004_01	202.97252	9.1
AML_006_02	Tivozanib	Tivozanib_AML_006_02	205.0669	3.9
AML_007_01	Tivozanib	Tivozanib_AML_007_01	201.43434	0.0
AML_007_02	Tivozanib	Tivozanib_AML_007_02	209.49141	0.0
AML_012_01	Tivozanib	Tivozanib_AML_012_01	205.23036	11.4
AML_013_01	Tivozanib	Tivozanib_AML_013_01	207.60858	21.7
AML_014_01	Tivozanib	Tivozanib_AML_014_01	201.02809	0.0
AML_015_01	Tivozanib	Tivozanib_AML_015_01	206.82082	32.3
AML_015_02	Tivozanib	Tivozanib_AML_015_02	200.06387	27.4
AML_015_03	Tivozanib	Tivozanib_AML_015_03	207.68613	38.5
AML_015_04	Tivozanib	Tivozanib_AML_015_04	209.51654	44.6
AML_018_01	Tivozanib	Tivozanib_AML_018_01	192.47168	14.0
AML_019_01	Tivozanib	Tivozanib_AML_019_01	202.72751	2.8
AML_022_01	Tivozanib	Tivozanib_AML_022_01	192.09398	0.3
AML_023_01	Tivozanib	Tivozanib_AML_023_01	194.36478	15.9
AML_023_03	Tivozanib	Tivozanib_AML_023_03	192.95782	5.6
AML_023_04	Tivozanib	Tivozanib_AML_023_04	199.08571	10.4
AML_024_01	Tivozanib	Tivozanib_AML_024_01	201.49117	4.0
AML_025_01	Tivozanib	Tivozanib_AML_025_01	208.92397	0.2
AML_026_01	Tivozanib	Tivozanib_AML_026_01	204.3265	0.0
AML_028_01	Tivozanib	Tivozanib_AML_028_01	194.78212	5.4
AML_028_04	Tivozanib	Tivozanib_AML_028_04	194.99802	12.6
AML_029_01	Tivozanib	Tivozanib_AML_029_01	199.08995	2.2
AML_030_01	Tivozanib	Tivozanib_AML_030_01	190.51613	0.2
AML_032_01	Tivozanib	Tivozanib_AML_032_01	207.63667	0.0
AML_033_01	Tivozanib	Tivozanib_AML_033_01	208.01775	5.9
AML_033_02	Tivozanib	Tivozanib_AML_033_02	204.16502	5.9
AML_035_02	Tivozanib	Tivozanib_AML_035_02	211.86414	0.3
AML_035_04	Tivozanib	Tivozanib_AML_035_04	212.41573	0.0
AML_036_01	Tivozanib	Tivozanib_AML_036_01	199.11862	0.6
AML_040_01	Tivozanib	Tivozanib_AML_040_01	193.7349	15.5
AML_041_01	Tivozanib	Tivozanib_AML_041_01	202.41231	9.2
AML_042_01	Tivozanib	Tivozanib_AML_042_01	207.94675	5.3
AML_043_02	Tivozanib	Tivozanib_AML_043_02	203.36935	1.9
AML_045_01	Tivozanib	Tivozanib_AML_045_01	202.03612	0.0
AML_046_01	Tivozanib	Tivozanib_AML_046_01	196.11346	19.2
AML_051_01	Tivozanib	Tivozanib_AML_051_01	190.40756	3.2
AML_052_01	Tivozanib	Tivozanib_AML_052_01	207.61128	3.4
AML_053_01	Tivozanib	Tivozanib_AML_053_01	210.37543	6.3
AML_054_01	Tivozanib	Tivozanib_AML_054_01	201.18497	9.6
AML_057_01	Tivozanib	Tivozanib_AML_057_01	201.3716	9.2
AML_058_01	Tivozanib	Tivozanib_AML_058_01	193.58875	11.0
AML_059_01	Tivozanib	Tivozanib_AML_059_01	195.90448	12.2
AML_060_01	Tivozanib	Tivozanib_AML_060_01	205.9125	6.6
AML_061_01	Tivozanib	Tivozanib_AML_061_01	199.50429	4.2
AML_062_01	Tivozanib	Tivozanib_AML_062_01	190.3676	10.8
AML_064_01	Tivozanib	Tivozanib_AML_064_01	209.77167	1.0
AML_065_01	Tivozanib	Tivozanib_AML_065_01	190.69998	6.3
AML_067_01	Tivozanib	Tivozanib_AML_067_01	191.52032	11.0
AML_070_01	Tivozanib	Tivozanib_AML_070_01	208.35776	0.1
AML_072_01	Tivozanib	Tivozanib_AML_072_01	203.77032	0.4
AML_073_01	Tivozanib	Tivozanib_AML_073_01	207.31335	4.4
AML_074_01	Tivozanib	Tivozanib_AML_074_01	201.36136	2.4
AML_075_01	Tivozanib	Tivozanib_AML_075_01	201.72836	0.9
AML_076_01	Tivozanib	Tivozanib_AML_076_01	201.13142	0.4
AML_076_02	Tivozanib	Tivozanib_AML_076_02	189.6009	5.5
AML_077_01	Tivozanib	Tivozanib_AML_077_01	208.98906	1.7
AML_078_02	Tivozanib	Tivozanib_AML_078_02	193.62555	0.0
AML_084_01	Tivozanib	Tivozanib_AML_084_01	194.34477	5.9
AML_086_02	Tivozanib	Tivozanib_AML_086_02	204.7916	6.2
AML_098_01	Tivozanib	Tivozanib_AML_098_01	200.54126	0.0
AML_100_01	Tivozanib	Tivozanib_AML_100_01	192.62726	2.7
AML_101_01	Tivozanib	Tivozanib_AML_101_01	201.2639	19.5
AML_101_02	Tivozanib	Tivozanib_AML_101_02	211.82909	0.0
AML_102_01	Tivozanib	Tivozanib_AML_102_01	183.47314	0.0
AML_103_01	Tivozanib	Tivozanib_AML_103_01	193.25357	0.1
AML_103_02	Tivozanib	Tivozanib_AML_103_02	197.00853	7.6
AML_104_01	Tivozanib	Tivozanib_AML_104_01	190.12949	0.0
AML_108_01	Tivozanib	Tivozanib_AML_108_01	184.42426	1.7
AML_109_01	Tivozanib	Tivozanib_AML_109_01	201.44057	0.9
AML_110_01	Tivozanib	Tivozanib_AML_110_01	190.27803	4.4
AML_112_01	Tivozanib	Tivozanib_AML_112_01	187.19194	2.8
AML_112_02	Tivozanib	Tivozanib_AML_112_02	194.7169	2.5
AML_113_01	Tivozanib	Tivozanib_AML_113_01	195.5176	5.8
AML_114_01	Tivozanib	Tivozanib_AML_114_01	185.0288	0.0
AML_115_01	Tivozanib	Tivozanib_AML_115_01	184.27495	11.6
AML_116_01	Tivozanib	Tivozanib_AML_116_01	201.35754	0.0
AML_117_01	Tivozanib	Tivozanib_AML_117_01	190.9987	2.5
AML_119_01	Tivozanib	Tivozanib_AML_119_01	189.11656	0.1
AML_120_01	Tivozanib	Tivozanib_AML_120_01	199.30156	24.2
AML_120_03	Tivozanib	Tivozanib_AML_120_03	203.11331	23.0
AML_122_01	Tivozanib	Tivozanib_AML_122_01	210.74086	0.0
AML_123_01	Tivozanib	Tivozanib_AML_123_01	203.47333	3.7
AML_124_01	Tivozanib	Tivozanib_AML_124_01	198.78879	5.4
AML_125_01	Tivozanib	Tivozanib_AML_125_01	201.80783	1.8
AML_126_01	Tivozanib	Tivozanib_AML_126_01	196.47496	6.0
AML_127_01	Tivozanib	Tivozanib_AML_127_01	198.0384	4.4
AML_128_01	Tivozanib	Tivozanib_AML_128_01	204.66248	5.6
AML_129_02	Tivozanib	Tivozanib_AML_129_02	195.81703	17.1
AML_129_03	Tivozanib	Tivozanib_AML_129_03	195.87753	9.2
AML_131_01	Tivozanib	Tivozanib_AML_131_01	202.98518	0.0
AML_133_01	Tivozanib	Tivozanib_AML_133_01	207.39896	5.2
AML_134_01	Tivozanib	Tivozanib_AML_134_01	207.42131	0.0
AML_135_01	Tivozanib	Tivozanib_AML_135_01	199.81836	9.0
AML_138_01	Tivozanib	Tivozanib_AML_138_01	205.00604	2.3
AML_139_01	Tivozanib	Tivozanib_AML_139_01	213.32338	2.2
AML_140_01	Tivozanib	Tivozanib_AML_140_01	195.32152	1.2
AML_142_01	Tivozanib	Tivozanib_AML_142_01	199.90254	6.1
AML_143_01	Tivozanib	Tivozanib_AML_143_01	199.36884	2.1
AML_144_01	Tivozanib	Tivozanib_AML_144_01	210.81718	1.8
AML_146_01	Tivozanib	Tivozanib_AML_146_01	204.9948	0.0
AML_147_01	Tivozanib	Tivozanib_AML_147_01	200.20418	10.1
AML_151_01	Tivozanib	Tivozanib_AML_151_01	192.45491	10.6
AML_152_01	Tivozanib	Tivozanib_AML_152_01	194.24818	0.8
AML_153_01	Tivozanib	Tivozanib_AML_153_01	200.44566	0.0
AML_156_01	Tivozanib	Tivozanib_AML_156_01	194.81317	2.7
AML_157_01	Tivozanib	Tivozanib_AML_157_01	206.26678	6.4
AML_157_02	Tivozanib	Tivozanib_AML_157_02	201.57617	10.0
AML_158_01	Tivozanib	Tivozanib_AML_158_01	204.94266	1.7
AML_159_01	Tivozanib	Tivozanib_AML_159_01	201.05049	4.4
AML_160_01	Tivozanib	Tivozanib_AML_160_01	187.19542	1.3
AML_161_01	Tivozanib	Tivozanib_AML_161_01	193.0567	10.2
AML_175_01	Tivozanib	Tivozanib_AML_175_01	198.37286	0.0
AML_179_01	Tivozanib	Tivozanib_AML_179_01	206.21199	8.6
AML_183_01	Tivozanib	Tivozanib_AML_183_01	205.3356	0.8
AML_183_02	Tivozanib	Tivozanib_AML_183_02	196.89725	0.5
AML_183_03	Tivozanib	Tivozanib_AML_183_03	193.39459	0.0
AML_184_01	Tivozanib	Tivozanib_AML_184_01	190.88776	12.8
AML_185_01	Tivozanib	Tivozanib_AML_185_01	215.39977	0.0
AML_001_01	Tofacitinib	Tofacitinib_AML_001_01	227.14098	0.0
AML_001_03	Tofacitinib	Tofacitinib_AML_001_03	218.95103	4.9
AML_002_01	Tofacitinib	Tofacitinib_AML_002_01	222.53625	0.0
AML_003_02	Tofacitinib	Tofacitinib_AML_003_02	218.30202	12.4
AML_004_01	Tofacitinib	Tofacitinib_AML_004_01	219.29663	9.6
AML_006_02	Tofacitinib	Tofacitinib_AML_006_02	220.8619	0.0
AML_007_01	Tofacitinib	Tofacitinib_AML_007_01	217.97607	0.5
AML_007_02	Tofacitinib	Tofacitinib_AML_007_02	221.41757	0.0
AML_012_01	Tofacitinib	Tofacitinib_AML_012_01	224.22626	0.0
AML_013_01	Tofacitinib	Tofacitinib_AML_013_01	229.69804	0.0
AML_014_01	Tofacitinib	Tofacitinib_AML_014_01	219.46696	0.0
AML_015_01	Tofacitinib	Tofacitinib_AML_015_01	224.43417	0.3
AML_015_02	Tofacitinib	Tofacitinib_AML_015_02	217.68155	0.0
AML_015_03	Tofacitinib	Tofacitinib_AML_015_03	223.76141	0.0
AML_015_04	Tofacitinib	Tofacitinib_AML_015_04	228.90988	0.0
AML_018_01	Tofacitinib	Tofacitinib_AML_018_01	213.8828	17.1
AML_019_01	Tofacitinib	Tofacitinib_AML_019_01	219.415	4.2
AML_020_01	Tofacitinib	Tofacitinib_AML_020_01	231.90099	0.0
AML_022_01	Tofacitinib	Tofacitinib_AML_022_01	213.77298	0.0
AML_023_01	Tofacitinib	Tofacitinib_AML_023_01	214.23135	0.0
AML_023_03	Tofacitinib	Tofacitinib_AML_023_03	215.0949	0.0
AML_023_04	Tofacitinib	Tofacitinib_AML_023_04	215.0004	0.0
AML_024_01	Tofacitinib	Tofacitinib_AML_024_01	222.72606	8.9
AML_025_01	Tofacitinib	Tofacitinib_AML_025_01	222.90842	7.3
AML_026_01	Tofacitinib	Tofacitinib_AML_026_01	222.64417	3.9
AML_028_01	Tofacitinib	Tofacitinib_AML_028_01	217.03795	0.0
AML_028_04	Tofacitinib	Tofacitinib_AML_028_04	213.28708	1.3
AML_029_01	Tofacitinib	Tofacitinib_AML_029_01	219.516	4.0
AML_030_01	Tofacitinib	Tofacitinib_AML_030_01	214.47092	3.6
AML_032_01	Tofacitinib	Tofacitinib_AML_032_01	224.83525	5.4
AML_033_01	Tofacitinib	Tofacitinib_AML_033_01	225.72865	12.1
AML_033_02	Tofacitinib	Tofacitinib_AML_033_02	220.9178	13.4
AML_035_02	Tofacitinib	Tofacitinib_AML_035_02	227.83405	5.6
AML_035_04	Tofacitinib	Tofacitinib_AML_035_04	224.71446	5.4
AML_036_01	Tofacitinib	Tofacitinib_AML_036_01	217.14093	6.1
AML_040_01	Tofacitinib	Tofacitinib_AML_040_01	216.16614	0.0
AML_041_01	Tofacitinib	Tofacitinib_AML_041_01	218.16235	0.2
AML_042_01	Tofacitinib	Tofacitinib_AML_042_01	218.83237	0.0
AML_043_02	Tofacitinib	Tofacitinib_AML_043_02	221.9683	12.2
AML_045_01	Tofacitinib	Tofacitinib_AML_045_01	222.47108	0.0
AML_046_01	Tofacitinib	Tofacitinib_AML_046_01	220.72772	2.5
AML_051_01	Tofacitinib	Tofacitinib_AML_051_01	218.59589	0.0
AML_052_01	Tofacitinib	Tofacitinib_AML_052_01	224.63417	4.8
AML_053_01	Tofacitinib	Tofacitinib_AML_053_01	223.8704	0.0
AML_054_01	Tofacitinib	Tofacitinib_AML_054_01	221.16765	0.0
AML_057_01	Tofacitinib	Tofacitinib_AML_057_01	218.74927	1.8
AML_058_01	Tofacitinib	Tofacitinib_AML_058_01	216.46	0.0
AML_059_01	Tofacitinib	Tofacitinib_AML_059_01	221.95074	0.0
AML_060_01	Tofacitinib	Tofacitinib_AML_060_01	224.98798	0.0
AML_061_01	Tofacitinib	Tofacitinib_AML_061_01	218.71486	0.0
AML_062_01	Tofacitinib	Tofacitinib_AML_062_01	214.02873	0.0
AML_064_01	Tofacitinib	Tofacitinib_AML_064_01	218.82376	0.6
AML_065_01	Tofacitinib	Tofacitinib_AML_065_01	216.38644	0.1
AML_067_01	Tofacitinib	Tofacitinib_AML_067_01	213.3133	0.0
AML_070_01	Tofacitinib	Tofacitinib_AML_070_01	221.61465	2.0
AML_072_01	Tofacitinib	Tofacitinib_AML_072_01	223.89236	0.0
AML_073_01	Tofacitinib	Tofacitinib_AML_073_01	224.7918	0.2
AML_074_01	Tofacitinib	Tofacitinib_AML_074_01	219.64407	5.6
AML_075_01	Tofacitinib	Tofacitinib_AML_075_01	216.18465	0.0
AML_076_01	Tofacitinib	Tofacitinib_AML_076_01	221.85492	6.0
AML_076_02	Tofacitinib	Tofacitinib_AML_076_02	216.18105	6.4
AML_077_01	Tofacitinib	Tofacitinib_AML_077_01	226.18065	7.3
AML_078_02	Tofacitinib	Tofacitinib_AML_078_02	215.79622	4.4
AML_084_01	Tofacitinib	Tofacitinib_AML_084_01	218.0473	1.7
AML_086_02	Tofacitinib	Tofacitinib_AML_086_02	224.58946	6.5
AML_098_01	Tofacitinib	Tofacitinib_AML_098_01	214.88211	6.2
AML_100_01	Tofacitinib	Tofacitinib_AML_100_01	218.8642	4.4
AML_101_01	Tofacitinib	Tofacitinib_AML_101_01	216.78055	9.5
AML_101_02	Tofacitinib	Tofacitinib_AML_101_02	226.15793	0.7
AML_102_01	Tofacitinib	Tofacitinib_AML_102_01	210.39029	2.0
AML_103_01	Tofacitinib	Tofacitinib_AML_103_01	209.25671	8.2
AML_103_02	Tofacitinib	Tofacitinib_AML_103_02	217.2636	10.6
AML_104_01	Tofacitinib	Tofacitinib_AML_104_01	218.05537	6.8
AML_108_01	Tofacitinib	Tofacitinib_AML_108_01	213.19759	8.2
AML_109_01	Tofacitinib	Tofacitinib_AML_109_01	213.8984	0.0
AML_110_01	Tofacitinib	Tofacitinib_AML_110_01	216.96207	8.7
AML_112_01	Tofacitinib	Tofacitinib_AML_112_01	209.29613	0.4
AML_112_02	Tofacitinib	Tofacitinib_AML_112_02	215.6552	2.7
AML_113_01	Tofacitinib	Tofacitinib_AML_113_01	214.01057	12.0
AML_114_01	Tofacitinib	Tofacitinib_AML_114_01	207.44199	3.8
AML_115_01	Tofacitinib	Tofacitinib_AML_115_01	213.84267	7.9
AML_116_01	Tofacitinib	Tofacitinib_AML_116_01	217.52084	8.1
AML_117_01	Tofacitinib	Tofacitinib_AML_117_01	217.69025	5.0
AML_119_01	Tofacitinib	Tofacitinib_AML_119_01	214.82852	7.2
AML_120_01	Tofacitinib	Tofacitinib_AML_120_01	216.02245	0.0
AML_120_03	Tofacitinib	Tofacitinib_AML_120_03	221.04138	0.0
AML_122_01	Tofacitinib	Tofacitinib_AML_122_01	220.09216	3.7
AML_123_01	Tofacitinib	Tofacitinib_AML_123_01	222.10992	6.5
AML_124_01	Tofacitinib	Tofacitinib_AML_124_01	221.64136	7.6
AML_125_01	Tofacitinib	Tofacitinib_AML_125_01	220.3399	5.4
AML_126_01	Tofacitinib	Tofacitinib_AML_126_01	215.72243	11.9
AML_127_01	Tofacitinib	Tofacitinib_AML_127_01	216.44942	9.1
AML_128_01	Tofacitinib	Tofacitinib_AML_128_01	223.58347	8.1
AML_129_02	Tofacitinib	Tofacitinib_AML_129_02	218.61453	3.0
AML_129_03	Tofacitinib	Tofacitinib_AML_129_03	219.2141	1.4
AML_131_01	Tofacitinib	Tofacitinib_AML_131_01	216.18433	4.1
AML_133_01	Tofacitinib	Tofacitinib_AML_133_01	224.01608	11.4
AML_134_01	Tofacitinib	Tofacitinib_AML_134_01	219.38649	6.4
AML_135_01	Tofacitinib	Tofacitinib_AML_135_01	225.44807	3.7
AML_138_01	Tofacitinib	Tofacitinib_AML_138_01	224.15837	10.0
AML_139_01	Tofacitinib	Tofacitinib_AML_139_01	227.42583	7.1
AML_140_01	Tofacitinib	Tofacitinib_AML_140_01	216.87772	4.8
AML_142_01	Tofacitinib	Tofacitinib_AML_142_01	221.80322	13.3
AML_143_01	Tofacitinib	Tofacitinib_AML_143_01	216.78326	5.8
AML_144_01	Tofacitinib	Tofacitinib_AML_144_01	228.12558	6.1
AML_146_01	Tofacitinib	Tofacitinib_AML_146_01	220.00778	5.2
AML_147_01	Tofacitinib	Tofacitinib_AML_147_01	218.40588	3.8
AML_151_01	Tofacitinib	Tofacitinib_AML_151_01	215.82147	6.6
AML_152_01	Tofacitinib	Tofacitinib_AML_152_01	218.14334	8.2
AML_153_01	Tofacitinib	Tofacitinib_AML_153_01	216.76338	1.2
AML_156_01	Tofacitinib	Tofacitinib_AML_156_01	219.22202	8.3
AML_157_01	Tofacitinib	Tofacitinib_AML_157_01	219.59396	4.2
AML_157_02	Tofacitinib	Tofacitinib_AML_157_02	219.7713	3.8
AML_158_01	Tofacitinib	Tofacitinib_AML_158_01	223.45059	4.9
AML_159_01	Tofacitinib	Tofacitinib_AML_159_01	222.8105	4.4
AML_160_01	Tofacitinib	Tofacitinib_AML_160_01	217.77495	5.8
AML_161_01	Tofacitinib	Tofacitinib_AML_161_01	216.31831	11.3
AML_175_01	Tofacitinib	Tofacitinib_AML_175_01	218.69868	0.0
AML_179_01	Tofacitinib	Tofacitinib_AML_179_01	224.14314	0.0
AML_183_01	Tofacitinib	Tofacitinib_AML_183_01	219.1969	5.1
AML_183_02	Tofacitinib	Tofacitinib_AML_183_02	215.4532	6.7
AML_183_03	Tofacitinib	Tofacitinib_AML_183_03	214.30818	2.0
AML_184_01	Tofacitinib	Tofacitinib_AML_184_01	214.32816	0.7
AML_185_01	Tofacitinib	Tofacitinib_AML_185_01	232.09201	5.9
AML_004_01	Tozasertib	Tozasertib_AML_004_01	220.82622	12.7
AML_019_01	Tozasertib	Tozasertib_AML_019_01	224.17293	7.2
AML_025_01	Tozasertib	Tozasertib_AML_025_01	228.45856	2.3
AML_026_01	Tozasertib	Tozasertib_AML_026_01	228.53265	3.9
AML_029_01	Tozasertib	Tozasertib_AML_029_01	226.16095	1.2
AML_030_01	Tozasertib	Tozasertib_AML_030_01	219.9082	0.5
AML_033_01	Tozasertib	Tozasertib_AML_033_01	223.35788	23.2
AML_033_02	Tozasertib	Tozasertib_AML_033_02	218.5282	19.3
AML_041_01	Tozasertib	Tozasertib_AML_041_01	228.24887	1.1
AML_042_01	Tozasertib	Tozasertib_AML_042_01	226.97969	9.9
AML_043_02	Tozasertib	Tozasertib_AML_043_02	217.93672	16.0
AML_046_01	Tozasertib	Tozasertib_AML_046_01	217.95927	23.5
AML_052_01	Tozasertib	Tozasertib_AML_052_01	225.54396	7.9
AML_057_01	Tozasertib	Tozasertib_AML_057_01	226.45618	5.4
AML_058_01	Tozasertib	Tozasertib_AML_058_01	216.03351	8.0
AML_059_01	Tozasertib	Tozasertib_AML_059_01	221.04457	5.2
AML_060_01	Tozasertib	Tozasertib_AML_060_01	224.81943	0.0
AML_061_01	Tozasertib	Tozasertib_AML_061_01	222.32213	4.0
AML_062_01	Tozasertib	Tozasertib_AML_062_01	220.16232	15.8
AML_064_01	Tozasertib	Tozasertib_AML_064_01	226.6076	5.8
AML_065_01	Tozasertib	Tozasertib_AML_065_01	222.40163	9.4
AML_067_01	Tozasertib	Tozasertib_AML_067_01	221.11023	5.5
AML_070_01	Tozasertib	Tozasertib_AML_070_01	226.66891	5.1
AML_072_01	Tozasertib	Tozasertib_AML_072_01	225.17874	0.0
AML_073_01	Tozasertib	Tozasertib_AML_073_01	226.49101	0.0
AML_074_01	Tozasertib	Tozasertib_AML_074_01	224.85718	5.6
AML_075_01	Tozasertib	Tozasertib_AML_075_01	223.01334	3.9
AML_076_01	Tozasertib	Tozasertib_AML_076_01	228.69987	2.0
AML_076_02	Tozasertib	Tozasertib_AML_076_02	216.88214	0.0
AML_077_01	Tozasertib	Tozasertib_AML_077_01	229.87521	14.1
AML_078_02	Tozasertib	Tozasertib_AML_078_02	221.39731	3.1
AML_086_02	Tozasertib	Tozasertib_AML_086_02	224.23282	2.6
AML_098_01	Tozasertib	Tozasertib_AML_098_01	222.79204	6.9
AML_100_01	Tozasertib	Tozasertib_AML_100_01	224.3546	3.7
AML_101_01	Tozasertib	Tozasertib_AML_101_01	220.40698	9.6
AML_101_02	Tozasertib	Tozasertib_AML_101_02	229.91084	0.0
AML_102_01	Tozasertib	Tozasertib_AML_102_01	218.06636	2.0
AML_103_01	Tozasertib	Tozasertib_AML_103_01	217.32999	2.3
AML_103_02	Tozasertib	Tozasertib_AML_103_02	216.40169	16.0
AML_104_01	Tozasertib	Tozasertib_AML_104_01	223.46704	2.4
AML_108_01	Tozasertib	Tozasertib_AML_108_01	216.63263	6.2
AML_109_01	Tozasertib	Tozasertib_AML_109_01	221.5246	0.0
AML_110_01	Tozasertib	Tozasertib_AML_110_01	219.9819	14.1
AML_112_01	Tozasertib	Tozasertib_AML_112_01	215.36063	1.5
AML_112_02	Tozasertib	Tozasertib_AML_112_02	223.78035	2.5
AML_113_01	Tozasertib	Tozasertib_AML_113_01	215.22197	20.5
AML_114_01	Tozasertib	Tozasertib_AML_114_01	219.49646	1.3
AML_115_01	Tozasertib	Tozasertib_AML_115_01	219.44626	7.3
AML_116_01	Tozasertib	Tozasertib_AML_116_01	223.0566	4.6
AML_117_01	Tozasertib	Tozasertib_AML_117_01	222.80873	3.6
AML_119_01	Tozasertib	Tozasertib_AML_119_01	221.48799	3.3
AML_122_01	Tozasertib	Tozasertib_AML_122_01	229.59966	0.0
AML_123_01	Tozasertib	Tozasertib_AML_123_01	226.41275	5.5
AML_124_01	Tozasertib	Tozasertib_AML_124_01	222.3691	20.9
AML_125_01	Tozasertib	Tozasertib_AML_125_01	225.28781	15.5
AML_126_01	Tozasertib	Tozasertib_AML_126_01	221.92032	0.0
AML_127_01	Tozasertib	Tozasertib_AML_127_01	223.03465	11.9
AML_128_01	Tozasertib	Tozasertib_AML_128_01	227.57195	2.7
AML_131_01	Tozasertib	Tozasertib_AML_131_01	227.86794	3.8
AML_133_01	Tozasertib	Tozasertib_AML_133_01	223.95898	10.9
AML_134_01	Tozasertib	Tozasertib_AML_134_01	225.52417	1.7
AML_135_01	Tozasertib	Tozasertib_AML_135_01	225.931	5.5
AML_138_01	Tozasertib	Tozasertib_AML_138_01	224.9551	5.8
AML_139_01	Tozasertib	Tozasertib_AML_139_01	230.12347	8.5
AML_140_01	Tozasertib	Tozasertib_AML_140_01	221.76965	10.7
AML_142_01	Tozasertib	Tozasertib_AML_142_01	218.36143	13.1
AML_143_01	Tozasertib	Tozasertib_AML_143_01	223.05295	6.2
AML_144_01	Tozasertib	Tozasertib_AML_144_01	230.20078	7.5
AML_146_01	Tozasertib	Tozasertib_AML_146_01	224.63156	2.8
AML_147_01	Tozasertib	Tozasertib_AML_147_01	223.48494	4.8
AML_151_01	Tozasertib	Tozasertib_AML_151_01	218.67159	6.2
AML_152_01	Tozasertib	Tozasertib_AML_152_01	221.94444	14.9
AML_153_01	Tozasertib	Tozasertib_AML_153_01	217.24512	0.0
AML_156_01	Tozasertib	Tozasertib_AML_156_01	220.84521	8.6
AML_157_01	Tozasertib	Tozasertib_AML_157_01	225.69574	8.2
AML_157_02	Tozasertib	Tozasertib_AML_157_02	226.10536	6.5
AML_158_01	Tozasertib	Tozasertib_AML_158_01	229.28642	4.6
AML_159_01	Tozasertib	Tozasertib_AML_159_01	225.56238	6.3
AML_160_01	Tozasertib	Tozasertib_AML_160_01	221.56801	5.7
AML_161_01	Tozasertib	Tozasertib_AML_161_01	216.43881	23.8
AML_183_01	Tozasertib	Tozasertib_AML_183_01	226.43216	2.4
AML_183_02	Tozasertib	Tozasertib_AML_183_02	223.32533	0.0
AML_183_03	Tozasertib	Tozasertib_AML_183_03	222.96663	5.0
AML_001_01	Trametinib	Trametinib_AML_001_01	167.16104	0.0
AML_001_03	Trametinib	Trametinib_AML_001_03	158.94241	26.7
AML_002_01	Trametinib	Trametinib_AML_002_01	176.52293	8.2
AML_003_02	Trametinib	Trametinib_AML_003_02	170.81223	16.6
AML_004_01	Trametinib	Trametinib_AML_004_01	174.78065	6.2
AML_006_02	Trametinib	Trametinib_AML_006_02	181.02252	1.4
AML_007_01	Trametinib	Trametinib_AML_007_01	159.35214	19.5
AML_007_02	Trametinib	Trametinib_AML_007_02	160.65236	17.1
AML_012_01	Trametinib	Trametinib_AML_012_01	182.42822	0.1
AML_013_01	Trametinib	Trametinib_AML_013_01	186.43057	13.7
AML_014_01	Trametinib	Trametinib_AML_014_01	173.222	12.1
AML_015_01	Trametinib	Trametinib_AML_015_01	169.93613	12.8
AML_015_02	Trametinib	Trametinib_AML_015_02	177.45486	12.9
AML_015_03	Trametinib	Trametinib_AML_015_03	174.91078	18.2
AML_015_04	Trametinib	Trametinib_AML_015_04	172.75447	11.8
AML_018_01	Trametinib	Trametinib_AML_018_01	165.04007	21.9
AML_019_01	Trametinib	Trametinib_AML_019_01	172.27747	0.0
AML_020_01	Trametinib	Trametinib_AML_020_01	179.44643	0.0
AML_022_01	Trametinib	Trametinib_AML_022_01	160.13896	20.7
AML_023_01	Trametinib	Trametinib_AML_023_01	163.31348	15.7
AML_023_03	Trametinib	Trametinib_AML_023_03	158.47952	4.6
AML_023_04	Trametinib	Trametinib_AML_023_04	169.63445	4.3
AML_024_01	Trametinib	Trametinib_AML_024_01	170.83891	3.9
AML_025_01	Trametinib	Trametinib_AML_025_01	174.15276	10.2
AML_026_01	Trametinib	Trametinib_AML_026_01	166.56046	7.3
AML_028_01	Trametinib	Trametinib_AML_028_01	167.61232	1.8
AML_028_04	Trametinib	Trametinib_AML_028_04	173.44008	17.5
AML_029_01	Trametinib	Trametinib_AML_029_01	168.38985	9.3
AML_030_01	Trametinib	Trametinib_AML_030_01	153.36034	3.7
AML_032_01	Trametinib	Trametinib_AML_032_01	176.64066	4.9
AML_033_01	Trametinib	Trametinib_AML_033_01	178.83241	14.8
AML_033_02	Trametinib	Trametinib_AML_033_02	176.8633	8.9
AML_035_02	Trametinib	Trametinib_AML_035_02	174.16241	11.6
AML_035_04	Trametinib	Trametinib_AML_035_04	179.22002	11.8
AML_036_01	Trametinib	Trametinib_AML_036_01	168.33763	3.8
AML_040_01	Trametinib	Trametinib_AML_040_01	162.30212	14.5
AML_041_01	Trametinib	Trametinib_AML_041_01	161.16231	6.1
AML_042_01	Trametinib	Trametinib_AML_042_01	173.45715	14.8
AML_043_02	Trametinib	Trametinib_AML_043_02	178.47769	10.5
AML_045_01	Trametinib	Trametinib_AML_045_01	173.42178	0.0
AML_046_01	Trametinib	Trametinib_AML_046_01	168.78578	0.0
AML_051_01	Trametinib	Trametinib_AML_051_01	156.6715	0.3
AML_052_01	Trametinib	Trametinib_AML_052_01	181.53822	1.6
AML_053_01	Trametinib	Trametinib_AML_053_01	180.30643	0.4
AML_054_01	Trametinib	Trametinib_AML_054_01	173.67049	0.4
AML_057_01	Trametinib	Trametinib_AML_057_01	161.26157	16.0
AML_058_01	Trametinib	Trametinib_AML_058_01	166.17249	4.8
AML_059_01	Trametinib	Trametinib_AML_059_01	164.11795	3.7
AML_060_01	Trametinib	Trametinib_AML_060_01	180.68422	0.0
AML_061_01	Trametinib	Trametinib_AML_061_01	171.28554	4.4
AML_062_01	Trametinib	Trametinib_AML_062_01	159.34732	14.2
AML_064_01	Trametinib	Trametinib_AML_064_01	155.23671	21.1
AML_065_01	Trametinib	Trametinib_AML_065_01	150.17128	23.2
AML_067_01	Trametinib	Trametinib_AML_067_01	148.21074	10.5
AML_070_01	Trametinib	Trametinib_AML_070_01	178.8705	2.6
AML_072_01	Trametinib	Trametinib_AML_072_01	174.23906	0.0
AML_073_01	Trametinib	Trametinib_AML_073_01	175.43933	4.9
AML_074_01	Trametinib	Trametinib_AML_074_01	169.97206	8.7
AML_075_01	Trametinib	Trametinib_AML_075_01	171.72449	13.5
AML_076_01	Trametinib	Trametinib_AML_076_01	158.9856	5.2
AML_076_02	Trametinib	Trametinib_AML_076_02	168.62897	5.4
AML_077_01	Trametinib	Trametinib_AML_077_01	177.24252	10.0
AML_078_02	Trametinib	Trametinib_AML_078_02	156.50916	7.8
AML_084_01	Trametinib	Trametinib_AML_084_01	167.54906	12.1
AML_086_02	Trametinib	Trametinib_AML_086_02	178.51381	6.5
AML_098_01	Trametinib	Trametinib_AML_098_01	166.72299	6.3
AML_100_01	Trametinib	Trametinib_AML_100_01	158.25932	6.5
AML_101_01	Trametinib	Trametinib_AML_101_01	180.14368	15.6
AML_101_02	Trametinib	Trametinib_AML_101_02	179.76587	0.0
AML_102_01	Trametinib	Trametinib_AML_102_01	146.81543	20.6
AML_103_01	Trametinib	Trametinib_AML_103_01	155.34732	13.9
AML_103_02	Trametinib	Trametinib_AML_103_02	172.54839	15.0
AML_104_01	Trametinib	Trametinib_AML_104_01	152.50531	7.3
AML_108_01	Trametinib	Trametinib_AML_108_01	150.25078	11.7
AML_109_01	Trametinib	Trametinib_AML_109_01	170.58513	3.0
AML_110_01	Trametinib	Trametinib_AML_110_01	154.65303	6.7
AML_112_01	Trametinib	Trametinib_AML_112_01	149.8648	6.4
AML_112_02	Trametinib	Trametinib_AML_112_02	160.17358	11.2
AML_113_01	Trametinib	Trametinib_AML_113_01	169.08316	8.7
AML_114_01	Trametinib	Trametinib_AML_114_01	150.83846	11.9
AML_115_01	Trametinib	Trametinib_AML_115_01	148.0923	19.3
AML_116_01	Trametinib	Trametinib_AML_116_01	174.86526	7.6
AML_117_01	Trametinib	Trametinib_AML_117_01	162.33713	0.7
AML_119_01	Trametinib	Trametinib_AML_119_01	153.93962	9.0
AML_120_01	Trametinib	Trametinib_AML_120_01	167.05496	14.4
AML_120_03	Trametinib	Trametinib_AML_120_03	166.84729	11.7
AML_122_01	Trametinib	Trametinib_AML_122_01	163.42073	7.9
AML_123_01	Trametinib	Trametinib_AML_123_01	179.90598	9.6
AML_124_01	Trametinib	Trametinib_AML_124_01	173.5727	10.5
AML_125_01	Trametinib	Trametinib_AML_125_01	172.37016	8.2
AML_126_01	Trametinib	Trametinib_AML_126_01	168.20789	9.6
AML_127_01	Trametinib	Trametinib_AML_127_01	167.34532	8.6
AML_128_01	Trametinib	Trametinib_AML_128_01	172.79617	2.0
AML_129_02	Trametinib	Trametinib_AML_129_02	163.74023	11.7
AML_129_03	Trametinib	Trametinib_AML_129_03	167.84947	4.0
AML_131_01	Trametinib	Trametinib_AML_131_01	165.13573	8.2
AML_133_01	Trametinib	Trametinib_AML_133_01	188.15936	16.9
AML_134_01	Trametinib	Trametinib_AML_134_01	178.92169	12.6
AML_135_01	Trametinib	Trametinib_AML_135_01	168.34093	15.5
AML_138_01	Trametinib	Trametinib_AML_138_01	176.81342	14.7
AML_139_01	Trametinib	Trametinib_AML_139_01	184.40723	6.0
AML_140_01	Trametinib	Trametinib_AML_140_01	167.02888	7.9
AML_142_01	Trametinib	Trametinib_AML_142_01	174.99173	8.0
AML_143_01	Trametinib	Trametinib_AML_143_01	170.8029	3.2
AML_144_01	Trametinib	Trametinib_AML_144_01	175.82663	18.9
AML_146_01	Trametinib	Trametinib_AML_146_01	180.91379	5.3
AML_147_01	Trametinib	Trametinib_AML_147_01	166.7499	11.4
AML_151_01	Trametinib	Trametinib_AML_151_01	159.24107	16.7
AML_152_01	Trametinib	Trametinib_AML_152_01	166.43134	4.6
AML_153_01	Trametinib	Trametinib_AML_153_01	172.52518	0.0
AML_156_01	Trametinib	Trametinib_AML_156_01	163.95276	11.7
AML_157_01	Trametinib	Trametinib_AML_157_01	175.37138	9.1
AML_157_02	Trametinib	Trametinib_AML_157_02	174.8719	14.0
AML_158_01	Trametinib	Trametinib_AML_158_01	176.00505	8.8
AML_159_01	Trametinib	Trametinib_AML_159_01	174.39873	10.7
AML_160_01	Trametinib	Trametinib_AML_160_01	152.254	12.9
AML_161_01	Trametinib	Trametinib_AML_161_01	167.1034	10.0
AML_175_01	Trametinib	Trametinib_AML_175_01	168.7619	0.9
AML_179_01	Trametinib	Trametinib_AML_179_01	180.74286	0.0
AML_183_01	Trametinib	Trametinib_AML_183_01	169.04979	4.0
AML_183_02	Trametinib	Trametinib_AML_183_02	161.10164	10.6
AML_183_03	Trametinib	Trametinib_AML_183_03	158.57413	8.9
AML_184_01	Trametinib	Trametinib_AML_184_01	159.46194	19.3
AML_185_01	Trametinib	Trametinib_AML_185_01	183.72264	17.5
AML_001_01	Vandetanib	Vandetanib_AML_001_01	235.06061	3.8
AML_001_03	Vandetanib	Vandetanib_AML_001_03	230.81868	0.0
AML_002_01	Vandetanib	Vandetanib_AML_002_01	224.13617	9.0
AML_003_02	Vandetanib	Vandetanib_AML_003_02	221.25555	0.0
AML_004_01	Vandetanib	Vandetanib_AML_004_01	225.35168	0.0
AML_006_02	Vandetanib	Vandetanib_AML_006_02	232.71992	6.2
AML_007_01	Vandetanib	Vandetanib_AML_007_01	234.30652	5.1
AML_007_02	Vandetanib	Vandetanib_AML_007_02	235.82281	0.0
AML_012_01	Vandetanib	Vandetanib_AML_012_01	220.25772	0.7
AML_013_01	Vandetanib	Vandetanib_AML_013_01	226.94049	17.0
AML_014_01	Vandetanib	Vandetanib_AML_014_01	223.76254	0.0
AML_015_01	Vandetanib	Vandetanib_AML_015_01	228.93109	0.0
AML_015_02	Vandetanib	Vandetanib_AML_015_02	228.58607	0.0
AML_015_03	Vandetanib	Vandetanib_AML_015_03	232.86543	3.2
AML_015_04	Vandetanib	Vandetanib_AML_015_04	231.1344	8.2
AML_018_01	Vandetanib	Vandetanib_AML_018_01	215.16159	0.0
AML_019_01	Vandetanib	Vandetanib_AML_019_01	224.53925	1.3
AML_020_01	Vandetanib	Vandetanib_AML_020_01	233.46432	0.0
AML_022_01	Vandetanib	Vandetanib_AML_022_01	224.17422	7.7
AML_023_01	Vandetanib	Vandetanib_AML_023_01	228.4653	9.1
AML_023_03	Vandetanib	Vandetanib_AML_023_03	228.45923	7.9
AML_023_04	Vandetanib	Vandetanib_AML_023_04	228.20337	9.1
AML_024_01	Vandetanib	Vandetanib_AML_024_01	226.35518	2.5
AML_025_01	Vandetanib	Vandetanib_AML_025_01	234.65239	0.0
AML_026_01	Vandetanib	Vandetanib_AML_026_01	235.96179	0.1
AML_028_01	Vandetanib	Vandetanib_AML_028_01	221.99219	2.6
AML_028_04	Vandetanib	Vandetanib_AML_028_04	215.15248	10.1
AML_029_01	Vandetanib	Vandetanib_AML_029_01	233.78308	1.2
AML_030_01	Vandetanib	Vandetanib_AML_030_01	226.63782	0.0
AML_032_01	Vandetanib	Vandetanib_AML_032_01	230.83232	0.0
AML_033_01	Vandetanib	Vandetanib_AML_033_01	227.47874	0.3
AML_033_02	Vandetanib	Vandetanib_AML_033_02	217.1089	3.0
AML_035_02	Vandetanib	Vandetanib_AML_035_02	233.98665	0.0
AML_035_04	Vandetanib	Vandetanib_AML_035_04	230.12312	0.8
AML_036_01	Vandetanib	Vandetanib_AML_036_01	229.78728	0.0
AML_040_01	Vandetanib	Vandetanib_AML_040_01	227.44493	0.0
AML_041_01	Vandetanib	Vandetanib_AML_041_01	233.49678	0.0
AML_042_01	Vandetanib	Vandetanib_AML_042_01	233.5302	0.0
AML_043_02	Vandetanib	Vandetanib_AML_043_02	220.04568	0.0
AML_045_01	Vandetanib	Vandetanib_AML_045_01	229.02473	0.0
AML_046_01	Vandetanib	Vandetanib_AML_046_01	221.69908	5.3
AML_051_01	Vandetanib	Vandetanib_AML_051_01	225.83083	0.0
AML_052_01	Vandetanib	Vandetanib_AML_052_01	233.10034	0.0
AML_053_01	Vandetanib	Vandetanib_AML_053_01	232.6461	0.0
AML_054_01	Vandetanib	Vandetanib_AML_054_01	220.37816	0.1
AML_057_01	Vandetanib	Vandetanib_AML_057_01	232.71922	0.9
AML_058_01	Vandetanib	Vandetanib_AML_058_01	221.28058	0.0
AML_059_01	Vandetanib	Vandetanib_AML_059_01	226.11212	0.0
AML_060_01	Vandetanib	Vandetanib_AML_060_01	226.79634	0.0
AML_061_01	Vandetanib	Vandetanib_AML_061_01	226.45955	0.0
AML_062_01	Vandetanib	Vandetanib_AML_062_01	224.853	4.7
AML_064_01	Vandetanib	Vandetanib_AML_064_01	231.92989	0.0
AML_065_01	Vandetanib	Vandetanib_AML_065_01	226.50299	0.0
AML_067_01	Vandetanib	Vandetanib_AML_067_01	230.75424	1.0
AML_070_01	Vandetanib	Vandetanib_AML_070_01	231.99881	0.0
AML_072_01	Vandetanib	Vandetanib_AML_072_01	230.28143	0.0
AML_073_01	Vandetanib	Vandetanib_AML_073_01	228.78114	1.6
AML_074_01	Vandetanib	Vandetanib_AML_074_01	234.05743	2.2
AML_075_01	Vandetanib	Vandetanib_AML_075_01	231.5958	0.0
AML_076_01	Vandetanib	Vandetanib_AML_076_01	232.363	0.0
AML_076_02	Vandetanib	Vandetanib_AML_076_02	218.05157	2.5
AML_077_01	Vandetanib	Vandetanib_AML_077_01	232.10493	0.0
AML_078_02	Vandetanib	Vandetanib_AML_078_02	229.35419	0.4
AML_084_01	Vandetanib	Vandetanib_AML_084_01	222.5994	0.7
AML_086_02	Vandetanib	Vandetanib_AML_086_02	227.54068	3.3
AML_098_01	Vandetanib	Vandetanib_AML_098_01	228.02492	0.0
AML_100_01	Vandetanib	Vandetanib_AML_100_01	230.31847	0.4
AML_101_01	Vandetanib	Vandetanib_AML_101_01	220.27979	1.5
AML_101_02	Vandetanib	Vandetanib_AML_101_02	230.51729	2.2
AML_102_01	Vandetanib	Vandetanib_AML_102_01	227.77252	0.0
AML_103_01	Vandetanib	Vandetanib_AML_103_01	222.71169	0.0
AML_103_02	Vandetanib	Vandetanib_AML_103_02	216.31926	1.1
AML_104_01	Vandetanib	Vandetanib_AML_104_01	230.77655	0.0
AML_108_01	Vandetanib	Vandetanib_AML_108_01	222.98831	0.0
AML_109_01	Vandetanib	Vandetanib_AML_109_01	223.40921	1.4
AML_110_01	Vandetanib	Vandetanib_AML_110_01	224.7694	2.6
AML_112_01	Vandetanib	Vandetanib_AML_112_01	224.27603	3.7
AML_112_02	Vandetanib	Vandetanib_AML_112_02	228.42345	0.0
AML_113_01	Vandetanib	Vandetanib_AML_113_01	220.23943	0.9
AML_114_01	Vandetanib	Vandetanib_AML_114_01	223.09404	0.0
AML_115_01	Vandetanib	Vandetanib_AML_115_01	223.29979	6.1
AML_116_01	Vandetanib	Vandetanib_AML_116_01	230.93298	0.0
AML_117_01	Vandetanib	Vandetanib_AML_117_01	229.24472	0.0
AML_119_01	Vandetanib	Vandetanib_AML_119_01	226.3184	4.0
AML_120_01	Vandetanib	Vandetanib_AML_120_01	228.28572	5.1
AML_120_03	Vandetanib	Vandetanib_AML_120_03	230.50761	0.0
AML_122_01	Vandetanib	Vandetanib_AML_122_01	234.97981	0.0
AML_123_01	Vandetanib	Vandetanib_AML_123_01	233.40913	1.8
AML_124_01	Vandetanib	Vandetanib_AML_124_01	228.26443	0.0
AML_125_01	Vandetanib	Vandetanib_AML_125_01	227.65874	0.0
AML_126_01	Vandetanib	Vandetanib_AML_126_01	228.63568	1.4
AML_127_01	Vandetanib	Vandetanib_AML_127_01	228.9425	0.0
AML_128_01	Vandetanib	Vandetanib_AML_128_01	231.83694	1.6
AML_129_02	Vandetanib	Vandetanib_AML_129_02	227.607	14.5
AML_129_03	Vandetanib	Vandetanib_AML_129_03	224.79692	9.5
AML_131_01	Vandetanib	Vandetanib_AML_131_01	234.65079	0.0
AML_133_01	Vandetanib	Vandetanib_AML_133_01	220.9738	0.1
AML_134_01	Vandetanib	Vandetanib_AML_134_01	224.51651	0.1
AML_135_01	Vandetanib	Vandetanib_AML_135_01	227.46584	1.7
AML_138_01	Vandetanib	Vandetanib_AML_138_01	225.64284	1.4
AML_139_01	Vandetanib	Vandetanib_AML_139_01	235.9737	0.1
AML_140_01	Vandetanib	Vandetanib_AML_140_01	229.99362	0.0
AML_142_01	Vandetanib	Vandetanib_AML_142_01	219.41354	3.3
AML_143_01	Vandetanib	Vandetanib_AML_143_01	226.73259	0.4
AML_144_01	Vandetanib	Vandetanib_AML_144_01	233.02914	1.4
AML_146_01	Vandetanib	Vandetanib_AML_146_01	231.2017	0.0
AML_147_01	Vandetanib	Vandetanib_AML_147_01	231.13383	0.1
AML_151_01	Vandetanib	Vandetanib_AML_151_01	227.13976	0.7
AML_152_01	Vandetanib	Vandetanib_AML_152_01	226.78802	1.4
AML_153_01	Vandetanib	Vandetanib_AML_153_01	215.21751	0.4
AML_156_01	Vandetanib	Vandetanib_AML_156_01	223.26247	0.0
AML_157_01	Vandetanib	Vandetanib_AML_157_01	231.97057	0.2
AML_157_02	Vandetanib	Vandetanib_AML_157_02	230.58345	1.8
AML_158_01	Vandetanib	Vandetanib_AML_158_01	233.42145	0.0
AML_159_01	Vandetanib	Vandetanib_AML_159_01	228.55173	0.2
AML_160_01	Vandetanib	Vandetanib_AML_160_01	225.68579	3.0
AML_161_01	Vandetanib	Vandetanib_AML_161_01	216.51268	3.7
AML_175_01	Vandetanib	Vandetanib_AML_175_01	233.31696	0.0
AML_179_01	Vandetanib	Vandetanib_AML_179_01	228.90244	13.2
AML_183_01	Vandetanib	Vandetanib_AML_183_01	234.066	0.0
AML_183_02	Vandetanib	Vandetanib_AML_183_02	230.48238	0.0
AML_183_03	Vandetanib	Vandetanib_AML_183_03	227.99944	0.0
AML_184_01	Vandetanib	Vandetanib_AML_184_01	228.32571	6.7
AML_185_01	Vandetanib	Vandetanib_AML_185_01	234.85399	5.8
AML_001_01	Vatalanib	Vatalanib_AML_001_01	229.94695	1.0
AML_001_03	Vatalanib	Vatalanib_AML_001_03	228.90207	0.0
AML_002_01	Vatalanib	Vatalanib_AML_002_01	223.32977	5.9
AML_003_02	Vatalanib	Vatalanib_AML_003_02	219.21945	3.4
AML_004_01	Vatalanib	Vatalanib_AML_004_01	225.94624	0.0
AML_006_02	Vatalanib	Vatalanib_AML_006_02	230.96367	1.1
AML_007_01	Vatalanib	Vatalanib_AML_007_01	230.4837	0.0
AML_007_02	Vatalanib	Vatalanib_AML_007_02	233.83148	0.0
AML_012_01	Vatalanib	Vatalanib_AML_012_01	220.9141	0.0
AML_013_01	Vatalanib	Vatalanib_AML_013_01	224.61848	0.0
AML_014_01	Vatalanib	Vatalanib_AML_014_01	225.62138	0.0
AML_015_01	Vatalanib	Vatalanib_AML_015_01	225.45853	10.7
AML_015_02	Vatalanib	Vatalanib_AML_015_02	225.82928	5.5
AML_015_03	Vatalanib	Vatalanib_AML_015_03	227.73276	13.9
AML_015_04	Vatalanib	Vatalanib_AML_015_04	227.95029	18.9
AML_018_01	Vatalanib	Vatalanib_AML_018_01	213.66696	1.0
AML_019_01	Vatalanib	Vatalanib_AML_019_01	221.41914	0.0
AML_020_01	Vatalanib	Vatalanib_AML_020_01	230.47876	1.9
AML_022_01	Vatalanib	Vatalanib_AML_022_01	221.3941	0.4
AML_023_01	Vatalanib	Vatalanib_AML_023_01	225.341	5.8
AML_023_03	Vatalanib	Vatalanib_AML_023_03	224.65149	2.0
AML_023_04	Vatalanib	Vatalanib_AML_023_04	225.59192	2.7
AML_024_01	Vatalanib	Vatalanib_AML_024_01	223.0737	0.0
AML_025_01	Vatalanib	Vatalanib_AML_025_01	232.70233	0.0
AML_026_01	Vatalanib	Vatalanib_AML_026_01	231.41035	0.8
AML_028_01	Vatalanib	Vatalanib_AML_028_01	220.4329	0.0
AML_028_04	Vatalanib	Vatalanib_AML_028_04	213.08868	0.0
AML_029_01	Vatalanib	Vatalanib_AML_029_01	230.07912	0.4
AML_030_01	Vatalanib	Vatalanib_AML_030_01	223.2569	0.0
AML_032_01	Vatalanib	Vatalanib_AML_032_01	230.10143	0.0
AML_033_01	Vatalanib	Vatalanib_AML_033_01	226.9485	0.0
AML_033_02	Vatalanib	Vatalanib_AML_033_02	217.69002	0.2
AML_035_02	Vatalanib	Vatalanib_AML_035_02	230.32376	0.0
AML_035_04	Vatalanib	Vatalanib_AML_035_04	224.44815	0.0
AML_036_01	Vatalanib	Vatalanib_AML_036_01	227.76173	0.0
AML_040_01	Vatalanib	Vatalanib_AML_040_01	224.39487	0.0
AML_041_01	Vatalanib	Vatalanib_AML_041_01	230.13582	0.9
AML_042_01	Vatalanib	Vatalanib_AML_042_01	231.65027	0.0
AML_043_02	Vatalanib	Vatalanib_AML_043_02	217.98701	0.0
AML_045_01	Vatalanib	Vatalanib_AML_045_01	226.93303	0.0
AML_046_01	Vatalanib	Vatalanib_AML_046_01	218.89777	0.6
AML_051_01	Vatalanib	Vatalanib_AML_051_01	224.05173	0.0
AML_052_01	Vatalanib	Vatalanib_AML_052_01	229.1059	1.6
AML_053_01	Vatalanib	Vatalanib_AML_053_01	231.27718	0.0
AML_054_01	Vatalanib	Vatalanib_AML_054_01	218.34042	0.0
AML_057_01	Vatalanib	Vatalanib_AML_057_01	228.41754	2.7
AML_058_01	Vatalanib	Vatalanib_AML_058_01	218.44295	1.1
AML_059_01	Vatalanib	Vatalanib_AML_059_01	225.92833	1.5
AML_060_01	Vatalanib	Vatalanib_AML_060_01	224.29822	0.5
AML_061_01	Vatalanib	Vatalanib_AML_061_01	227.13739	0.1
AML_062_01	Vatalanib	Vatalanib_AML_062_01	223.79741	2.2
AML_064_01	Vatalanib	Vatalanib_AML_064_01	228.15904	0.0
AML_065_01	Vatalanib	Vatalanib_AML_065_01	224.52562	0.6
AML_067_01	Vatalanib	Vatalanib_AML_067_01	225.63176	2.0
AML_070_01	Vatalanib	Vatalanib_AML_070_01	230.86632	0.0
AML_072_01	Vatalanib	Vatalanib_AML_072_01	228.54225	0.0
AML_073_01	Vatalanib	Vatalanib_AML_073_01	227.75476	0.8
AML_074_01	Vatalanib	Vatalanib_AML_074_01	230.18799	0.0
AML_075_01	Vatalanib	Vatalanib_AML_075_01	228.84113	0.2
AML_076_01	Vatalanib	Vatalanib_AML_076_01	229.99065	0.0
AML_076_02	Vatalanib	Vatalanib_AML_076_02	219.42822	0.1
AML_077_01	Vatalanib	Vatalanib_AML_077_01	231.42236	0.0
AML_078_02	Vatalanib	Vatalanib_AML_078_02	224.73166	0.9
AML_084_01	Vatalanib	Vatalanib_AML_084_01	220.44138	1.1
AML_086_02	Vatalanib	Vatalanib_AML_086_02	226.99144	1.8
AML_098_01	Vatalanib	Vatalanib_AML_098_01	227.135	0.0
AML_100_01	Vatalanib	Vatalanib_AML_100_01	228.16797	1.0
AML_101_01	Vatalanib	Vatalanib_AML_101_01	221.15364	5.0
AML_101_02	Vatalanib	Vatalanib_AML_101_02	227.45967	0.7
AML_102_01	Vatalanib	Vatalanib_AML_102_01	223.06592	0.0
AML_103_01	Vatalanib	Vatalanib_AML_103_01	220.5617	0.0
AML_103_02	Vatalanib	Vatalanib_AML_103_02	213.3283	3.4
AML_104_01	Vatalanib	Vatalanib_AML_104_01	229.48679	0.0
AML_108_01	Vatalanib	Vatalanib_AML_108_01	221.80725	0.0
AML_109_01	Vatalanib	Vatalanib_AML_109_01	217.49191	0.2
AML_110_01	Vatalanib	Vatalanib_AML_110_01	224.38705	3.2
AML_112_01	Vatalanib	Vatalanib_AML_112_01	220.81543	1.7
AML_112_02	Vatalanib	Vatalanib_AML_112_02	226.20216	0.0
AML_113_01	Vatalanib	Vatalanib_AML_113_01	216.75839	0.8
AML_114_01	Vatalanib	Vatalanib_AML_114_01	218.3182	1.3
AML_115_01	Vatalanib	Vatalanib_AML_115_01	220.39253	1.4
AML_116_01	Vatalanib	Vatalanib_AML_116_01	228.65271	0.0
AML_117_01	Vatalanib	Vatalanib_AML_117_01	226.02908	0.0
AML_119_01	Vatalanib	Vatalanib_AML_119_01	223.40321	0.0
AML_120_01	Vatalanib	Vatalanib_AML_120_01	226.61583	6.3
AML_120_03	Vatalanib	Vatalanib_AML_120_03	228.97316	2.0
AML_122_01	Vatalanib	Vatalanib_AML_122_01	231.85638	0.0
AML_123_01	Vatalanib	Vatalanib_AML_123_01	231.22392	0.0
AML_124_01	Vatalanib	Vatalanib_AML_124_01	226.57379	0.0
AML_125_01	Vatalanib	Vatalanib_AML_125_01	224.89352	11.7
AML_126_01	Vatalanib	Vatalanib_AML_126_01	225.09451	0.0
AML_127_01	Vatalanib	Vatalanib_AML_127_01	225.92781	0.0
AML_128_01	Vatalanib	Vatalanib_AML_128_01	229.01387	0.0
AML_129_02	Vatalanib	Vatalanib_AML_129_02	225.99954	5.8
AML_129_03	Vatalanib	Vatalanib_AML_129_03	222.35767	4.9
AML_131_01	Vatalanib	Vatalanib_AML_131_01	229.70201	0.0
AML_133_01	Vatalanib	Vatalanib_AML_133_01	221.60622	0.2
AML_134_01	Vatalanib	Vatalanib_AML_134_01	220.06746	0.0
AML_135_01	Vatalanib	Vatalanib_AML_135_01	226.66257	0.2
AML_138_01	Vatalanib	Vatalanib_AML_138_01	225.55559	3.0
AML_139_01	Vatalanib	Vatalanib_AML_139_01	233.1383	0.0
AML_140_01	Vatalanib	Vatalanib_AML_140_01	225.2393	0.0
AML_142_01	Vatalanib	Vatalanib_AML_142_01	218.70226	2.1
AML_143_01	Vatalanib	Vatalanib_AML_143_01	226.73752	1.8
AML_144_01	Vatalanib	Vatalanib_AML_144_01	231.00502	0.0
AML_146_01	Vatalanib	Vatalanib_AML_146_01	227.96478	1.3
AML_147_01	Vatalanib	Vatalanib_AML_147_01	226.62767	2.4
AML_151_01	Vatalanib	Vatalanib_AML_151_01	219.66669	0.0
AML_152_01	Vatalanib	Vatalanib_AML_152_01	225.005	0.2
AML_153_01	Vatalanib	Vatalanib_AML_153_01	215.2283	2.5
AML_156_01	Vatalanib	Vatalanib_AML_156_01	220.5841	0.0
AML_157_01	Vatalanib	Vatalanib_AML_157_01	227.21104	0.0
AML_157_02	Vatalanib	Vatalanib_AML_157_02	229.21727	0.3
AML_158_01	Vatalanib	Vatalanib_AML_158_01	230.45882	0.0
AML_159_01	Vatalanib	Vatalanib_AML_159_01	227.60406	0.4
AML_160_01	Vatalanib	Vatalanib_AML_160_01	222.1106	0.8
AML_161_01	Vatalanib	Vatalanib_AML_161_01	213.95103	6.7
AML_175_01	Vatalanib	Vatalanib_AML_175_01	229.46097	0.0
AML_179_01	Vatalanib	Vatalanib_AML_179_01	226.9875	5.7
AML_183_01	Vatalanib	Vatalanib_AML_183_01	230.61852	0.0
AML_183_02	Vatalanib	Vatalanib_AML_183_02	228.55899	0.0
AML_183_03	Vatalanib	Vatalanib_AML_183_03	224.32942	1.1
AML_184_01	Vatalanib	Vatalanib_AML_184_01	224.51968	4.6
AML_185_01	Vatalanib	Vatalanib_AML_185_01	232.11215	3.7
AML_001_01	Vemurafenib	Vemurafenib_AML_001_01	244.73473	0.0
AML_001_03	Vemurafenib	Vemurafenib_AML_001_03	243.41049	0.6
AML_002_01	Vemurafenib	Vemurafenib_AML_002_01	239.95323	0.0
AML_003_02	Vemurafenib	Vemurafenib_AML_003_02	229.35	9.1
AML_004_01	Vemurafenib	Vemurafenib_AML_004_01	238.88422	1.8
AML_006_02	Vemurafenib	Vemurafenib_AML_006_02	243.74664	0.0
AML_007_01	Vemurafenib	Vemurafenib_AML_007_01	241.59961	0.0
AML_007_02	Vemurafenib	Vemurafenib_AML_007_02	245.86865	0.0
AML_012_01	Vemurafenib	Vemurafenib_AML_012_01	229.10765	0.0
AML_013_01	Vemurafenib	Vemurafenib_AML_013_01	241.23001	7.6
AML_014_01	Vemurafenib	Vemurafenib_AML_014_01	236.72333	0.0
AML_015_01	Vemurafenib	Vemurafenib_AML_015_01	240.30165	0.0
AML_015_02	Vemurafenib	Vemurafenib_AML_015_02	240.65125	0.0
AML_015_03	Vemurafenib	Vemurafenib_AML_015_03	241.76797	1.2
AML_015_04	Vemurafenib	Vemurafenib_AML_015_04	241.74174	3.8
AML_018_01	Vemurafenib	Vemurafenib_AML_018_01	226.02191	1.1
AML_019_01	Vemurafenib	Vemurafenib_AML_019_01	232.48825	5.2
AML_020_01	Vemurafenib	Vemurafenib_AML_020_01	241.40591	0.8
AML_022_01	Vemurafenib	Vemurafenib_AML_022_01	238.27838	0.0
AML_023_01	Vemurafenib	Vemurafenib_AML_023_01	241.72957	0.0
AML_023_03	Vemurafenib	Vemurafenib_AML_023_03	242.51352	0.0
AML_023_04	Vemurafenib	Vemurafenib_AML_023_04	240.95378	0.0
AML_024_01	Vemurafenib	Vemurafenib_AML_024_01	239.03595	3.0
AML_025_01	Vemurafenib	Vemurafenib_AML_025_01	243.75874	2.0
AML_026_01	Vemurafenib	Vemurafenib_AML_026_01	248.25826	0.4
AML_028_01	Vemurafenib	Vemurafenib_AML_028_01	235.52266	0.1
AML_028_04	Vemurafenib	Vemurafenib_AML_028_04	221.22963	0.0
AML_029_01	Vemurafenib	Vemurafenib_AML_029_01	243.1264	5.0
AML_030_01	Vemurafenib	Vemurafenib_AML_030_01	239.76653	0.3
AML_032_01	Vemurafenib	Vemurafenib_AML_032_01	241.52171	1.0
AML_033_01	Vemurafenib	Vemurafenib_AML_033_01	241.55493	2.9
AML_033_02	Vemurafenib	Vemurafenib_AML_033_02	229.55316	2.5
AML_035_02	Vemurafenib	Vemurafenib_AML_035_02	243.84021	0.0
AML_035_04	Vemurafenib	Vemurafenib_AML_035_04	235.78346	0.0
AML_036_01	Vemurafenib	Vemurafenib_AML_036_01	241.56058	3.6
AML_040_01	Vemurafenib	Vemurafenib_AML_040_01	241.9005	5.4
AML_041_01	Vemurafenib	Vemurafenib_AML_041_01	246.27614	1.7
AML_042_01	Vemurafenib	Vemurafenib_AML_042_01	243.90532	0.0
AML_043_02	Vemurafenib	Vemurafenib_AML_043_02	226.95393	3.1
AML_045_01	Vemurafenib	Vemurafenib_AML_045_01	241.79135	0.0
AML_046_01	Vemurafenib	Vemurafenib_AML_046_01	235.62189	7.5
AML_051_01	Vemurafenib	Vemurafenib_AML_051_01	239.8238	0.0
AML_052_01	Vemurafenib	Vemurafenib_AML_052_01	243.11102	1.1
AML_053_01	Vemurafenib	Vemurafenib_AML_053_01	243.12642	3.1
AML_054_01	Vemurafenib	Vemurafenib_AML_054_01	232.5221	1.3
AML_057_01	Vemurafenib	Vemurafenib_AML_057_01	243.28563	1.1
AML_058_01	Vemurafenib	Vemurafenib_AML_058_01	235.84715	1.6
AML_059_01	Vemurafenib	Vemurafenib_AML_059_01	240.6565	3.8
AML_060_01	Vemurafenib	Vemurafenib_AML_060_01	238.67712	1.6
AML_061_01	Vemurafenib	Vemurafenib_AML_061_01	242.40025	1.6
AML_062_01	Vemurafenib	Vemurafenib_AML_062_01	237.95555	3.6
AML_064_01	Vemurafenib	Vemurafenib_AML_064_01	240.31174	1.4
AML_065_01	Vemurafenib	Vemurafenib_AML_065_01	240.13687	0.7
AML_067_01	Vemurafenib	Vemurafenib_AML_067_01	243.39967	1.7
AML_070_01	Vemurafenib	Vemurafenib_AML_070_01	245.01363	0.4
AML_072_01	Vemurafenib	Vemurafenib_AML_072_01	243.95781	0.9
AML_073_01	Vemurafenib	Vemurafenib_AML_073_01	240.2874	2.0
AML_074_01	Vemurafenib	Vemurafenib_AML_074_01	249.97055	1.4
AML_075_01	Vemurafenib	Vemurafenib_AML_075_01	244.52457	1.2
AML_076_01	Vemurafenib	Vemurafenib_AML_076_01	243.99294	2.9
AML_076_02	Vemurafenib	Vemurafenib_AML_076_02	233.16422	0.7
AML_077_01	Vemurafenib	Vemurafenib_AML_077_01	244.74895	1.4
AML_078_02	Vemurafenib	Vemurafenib_AML_078_02	243.57881	0.2
AML_084_01	Vemurafenib	Vemurafenib_AML_084_01	237.22151	0.0
AML_086_02	Vemurafenib	Vemurafenib_AML_086_02	240.06822	2.4
AML_098_01	Vemurafenib	Vemurafenib_AML_098_01	239.97272	1.0
AML_100_01	Vemurafenib	Vemurafenib_AML_100_01	245.06383	0.8
AML_101_01	Vemurafenib	Vemurafenib_AML_101_01	228.72247	4.4
AML_101_02	Vemurafenib	Vemurafenib_AML_101_02	238.83044	1.1
AML_102_01	Vemurafenib	Vemurafenib_AML_102_01	242.49425	0.5
AML_103_01	Vemurafenib	Vemurafenib_AML_103_01	231.12878	2.8
AML_103_02	Vemurafenib	Vemurafenib_AML_103_02	227.10002	4.6
AML_104_01	Vemurafenib	Vemurafenib_AML_104_01	244.0792	0.6
AML_108_01	Vemurafenib	Vemurafenib_AML_108_01	239.52606	5.8
AML_109_01	Vemurafenib	Vemurafenib_AML_109_01	229.74442	1.8
AML_110_01	Vemurafenib	Vemurafenib_AML_110_01	243.43665	2.2
AML_112_01	Vemurafenib	Vemurafenib_AML_112_01	239.29633	2.3
AML_112_02	Vemurafenib	Vemurafenib_AML_112_02	239.99988	2.8
AML_113_01	Vemurafenib	Vemurafenib_AML_113_01	231.88104	3.6
AML_114_01	Vemurafenib	Vemurafenib_AML_114_01	236.73161	1.8
AML_115_01	Vemurafenib	Vemurafenib_AML_115_01	241.00604	1.6
AML_116_01	Vemurafenib	Vemurafenib_AML_116_01	245.46695	2.5
AML_117_01	Vemurafenib	Vemurafenib_AML_117_01	242.13509	0.4
AML_119_01	Vemurafenib	Vemurafenib_AML_119_01	240.32726	1.4
AML_120_01	Vemurafenib	Vemurafenib_AML_120_01	238.16534	0.0
AML_120_03	Vemurafenib	Vemurafenib_AML_120_03	241.30943	0.0
AML_122_01	Vemurafenib	Vemurafenib_AML_122_01	243.01376	0.0
AML_123_01	Vemurafenib	Vemurafenib_AML_123_01	247.99724	2.7
AML_124_01	Vemurafenib	Vemurafenib_AML_124_01	243.23566	3.0
AML_125_01	Vemurafenib	Vemurafenib_AML_125_01	240.65157	1.8
AML_126_01	Vemurafenib	Vemurafenib_AML_126_01	239.7402	1.5
AML_127_01	Vemurafenib	Vemurafenib_AML_127_01	242.21825	4.1
AML_128_01	Vemurafenib	Vemurafenib_AML_128_01	244.68034	1.5
AML_129_02	Vemurafenib	Vemurafenib_AML_129_02	242.50385	2.0
AML_129_03	Vemurafenib	Vemurafenib_AML_129_03	240.69981	0.0
AML_131_01	Vemurafenib	Vemurafenib_AML_131_01	240.98413	0.0
AML_133_01	Vemurafenib	Vemurafenib_AML_133_01	232.09778	0.0
AML_134_01	Vemurafenib	Vemurafenib_AML_134_01	233.55113	1.7
AML_135_01	Vemurafenib	Vemurafenib_AML_135_01	239.61644	0.9
AML_138_01	Vemurafenib	Vemurafenib_AML_138_01	237.83736	0.0
AML_139_01	Vemurafenib	Vemurafenib_AML_139_01	246.73816	0.9
AML_140_01	Vemurafenib	Vemurafenib_AML_140_01	244.45282	2.0
AML_142_01	Vemurafenib	Vemurafenib_AML_142_01	230.10371	0.0
AML_143_01	Vemurafenib	Vemurafenib_AML_143_01	241.65419	6.2
AML_144_01	Vemurafenib	Vemurafenib_AML_144_01	243.79675	0.6
AML_146_01	Vemurafenib	Vemurafenib_AML_146_01	242.20476	0.3
AML_147_01	Vemurafenib	Vemurafenib_AML_147_01	244.43971	0.3
AML_151_01	Vemurafenib	Vemurafenib_AML_151_01	234.79395	0.8
AML_152_01	Vemurafenib	Vemurafenib_AML_152_01	239.77884	1.5
AML_153_01	Vemurafenib	Vemurafenib_AML_153_01	223.40253	1.3
AML_156_01	Vemurafenib	Vemurafenib_AML_156_01	236.869	0.4
AML_157_01	Vemurafenib	Vemurafenib_AML_157_01	240.69969	0.3
AML_157_02	Vemurafenib	Vemurafenib_AML_157_02	242.76369	0.0
AML_158_01	Vemurafenib	Vemurafenib_AML_158_01	245.00685	0.3
AML_159_01	Vemurafenib	Vemurafenib_AML_159_01	242.57404	0.6
AML_160_01	Vemurafenib	Vemurafenib_AML_160_01	239.0049	0.2
AML_161_01	Vemurafenib	Vemurafenib_AML_161_01	228.99295	4.3
AML_175_01	Vemurafenib	Vemurafenib_AML_175_01	245.75635	0.0
AML_179_01	Vemurafenib	Vemurafenib_AML_179_01	240.70905	0.0
AML_183_01	Vemurafenib	Vemurafenib_AML_183_01	244.61623	2.3
AML_183_02	Vemurafenib	Vemurafenib_AML_183_02	245.06401	0.2
AML_183_03	Vemurafenib	Vemurafenib_AML_183_03	239.78267	1.4
AML_184_01	Vemurafenib	Vemurafenib_AML_184_01	243.37267	0.0
AML_185_01	Vemurafenib	Vemurafenib_AML_185_01	245.86772	1.8
AML_001_03	Venetoclax	Venetoclax_AML_001_03	174.24931	1.2
AML_003_02	Venetoclax	Venetoclax_AML_003_02	123.68006	18.6
AML_004_01	Venetoclax	Venetoclax_AML_004_01	151.51247	28.3
AML_013_01	Venetoclax	Venetoclax_AML_013_01	114.41642	34.6
AML_015_01	Venetoclax	Venetoclax_AML_015_01	118.529686	23.3
AML_015_02	Venetoclax	Venetoclax_AML_015_02	197.03944	4.3
AML_015_03	Venetoclax	Venetoclax_AML_015_03	161.6477	16.6
AML_015_04	Venetoclax	Venetoclax_AML_015_04	119.59463	35.2
AML_018_01	Venetoclax	Venetoclax_AML_018_01	155.84575	23.5
AML_020_01	Venetoclax	Venetoclax_AML_020_01	103.34344	30.0
AML_024_01	Venetoclax	Venetoclax_AML_024_01	118.59079	7.2
AML_026_01	Venetoclax	Venetoclax_AML_026_01	183.59319	10.1
AML_028_01	Venetoclax	Venetoclax_AML_028_01	124.254	22.0
AML_028_04	Venetoclax	Venetoclax_AML_028_04	132.46872	34.8
AML_030_01	Venetoclax	Venetoclax_AML_030_01	184.89261	11.8
AML_032_01	Venetoclax	Venetoclax_AML_032_01	132.21489	10.3
AML_033_01	Venetoclax	Venetoclax_AML_033_01	123.44892	10.8
AML_033_02	Venetoclax	Venetoclax_AML_033_02	114.77296	3.5
AML_035_02	Venetoclax	Venetoclax_AML_035_02	121.5084	0.0
AML_035_04	Venetoclax	Venetoclax_AML_035_04	121.44158	0.0
AML_036_01	Venetoclax	Venetoclax_AML_036_01	184.30057	3.4
AML_040_01	Venetoclax	Venetoclax_AML_040_01	165.97652	14.2
AML_041_01	Venetoclax	Venetoclax_AML_041_01	197.81052	8.5
AML_042_01	Venetoclax	Venetoclax_AML_042_01	192.83112	23.7
AML_043_02	Venetoclax	Venetoclax_AML_043_02	117.15557	2.5
AML_045_01	Venetoclax	Venetoclax_AML_045_01	155.02162	23.2
AML_046_01	Venetoclax	Venetoclax_AML_046_01	126.13288	42.2
AML_051_01	Venetoclax	Venetoclax_AML_051_01	136.4718	17.6
AML_053_01	Venetoclax	Venetoclax_AML_053_01	152.52347	14.7
AML_054_01	Venetoclax	Venetoclax_AML_054_01	105.91202	38.5
AML_057_01	Venetoclax	Venetoclax_AML_057_01	194.87694	10.1
AML_058_01	Venetoclax	Venetoclax_AML_058_01	158.10307	21.2
AML_059_01	Venetoclax	Venetoclax_AML_059_01	137.09126	31.9
AML_060_01	Venetoclax	Venetoclax_AML_060_01	104.10971	38.3
AML_061_01	Venetoclax	Venetoclax_AML_061_01	131.65688	32.4
AML_062_01	Venetoclax	Venetoclax_AML_062_01	193.31607	14.2
AML_064_01	Venetoclax	Venetoclax_AML_064_01	213.65405	6.0
AML_065_01	Venetoclax	Venetoclax_AML_065_01	169.25307	24.2
AML_067_01	Venetoclax	Venetoclax_AML_067_01	199.7173	12.7
AML_070_01	Venetoclax	Venetoclax_AML_070_01	173.6059	11.2
AML_072_01	Venetoclax	Venetoclax_AML_072_01	131.30196	26.7
AML_073_01	Venetoclax	Venetoclax_AML_073_01	130.1835	22.0
AML_074_01	Venetoclax	Venetoclax_AML_074_01	201.79855	5.8
AML_075_01	Venetoclax	Venetoclax_AML_075_01	186.18413	13.6
AML_076_01	Venetoclax	Venetoclax_AML_076_01	182.1849	8.0
AML_076_02	Venetoclax	Venetoclax_AML_076_02	144.6128	0.0
AML_077_01	Venetoclax	Venetoclax_AML_077_01	125.53562	7.9
AML_084_01	Venetoclax	Venetoclax_AML_084_01	141.54066	36.9
AML_086_02	Venetoclax	Venetoclax_AML_086_02	131.20363	13.9
AML_098_01	Venetoclax	Venetoclax_AML_098_01	194.0068	0.0
AML_100_01	Venetoclax	Venetoclax_AML_100_01	182.17734	13.2
AML_101_01	Venetoclax	Venetoclax_AML_101_01	139.5654	5.6
AML_101_02	Venetoclax	Venetoclax_AML_101_02	134.47235	4.1
AML_102_01	Venetoclax	Venetoclax_AML_102_01	204.07793	0.0
AML_103_01	Venetoclax	Venetoclax_AML_103_01	208.34354	0.0
AML_104_01	Venetoclax	Venetoclax_AML_104_01	195.07504	0.3
AML_108_01	Venetoclax	Venetoclax_AML_108_01	182.08781	0.0
AML_109_01	Venetoclax	Venetoclax_AML_109_01	118.917915	16.1
AML_110_01	Venetoclax	Venetoclax_AML_110_01	152.04483	0.9
AML_112_01	Venetoclax	Venetoclax_AML_112_01	194.42778	3.9
AML_113_01	Venetoclax	Venetoclax_AML_113_01	143.87428	13.6
AML_114_01	Venetoclax	Venetoclax_AML_114_01	191.2218	3.1
AML_115_01	Venetoclax	Venetoclax_AML_115_01	153.21692	17.8
AML_116_01	Venetoclax	Venetoclax_AML_116_01	177.34389	11.2
AML_117_01	Venetoclax	Venetoclax_AML_117_01	179.22711	12.6
AML_119_01	Venetoclax	Venetoclax_AML_119_01	204.00195	2.3
AML_122_01	Venetoclax	Venetoclax_AML_122_01	218.38228	0.3
AML_123_01	Venetoclax	Venetoclax_AML_123_01	181.46288	4.4
AML_124_01	Venetoclax	Venetoclax_AML_124_01	151.33557	5.4
AML_125_01	Venetoclax	Venetoclax_AML_125_01	112.82888	13.5
AML_126_01	Venetoclax	Venetoclax_AML_126_01	193.94131	17.8
AML_127_01	Venetoclax	Venetoclax_AML_127_01	189.05544	2.2
AML_128_01	Venetoclax	Venetoclax_AML_128_01	146.84306	12.1
AML_131_01	Venetoclax	Venetoclax_AML_131_01	205.83444	0.0
AML_142_01	Venetoclax	Venetoclax_AML_142_01	113.65833	29.6
AML_143_01	Venetoclax	Venetoclax_AML_143_01	153.42583	7.9
AML_144_01	Venetoclax	Venetoclax_AML_144_01	148.76962	0.6
AML_146_01	Venetoclax	Venetoclax_AML_146_01	170.89009	0.0
AML_147_01	Venetoclax	Venetoclax_AML_147_01	175.14781	9.6
AML_151_01	Venetoclax	Venetoclax_AML_151_01	188.53307	11.7
AML_152_01	Venetoclax	Venetoclax_AML_152_01	140.3715	0.0
AML_153_01	Venetoclax	Venetoclax_AML_153_01	120.01939	15.4
AML_156_01	Venetoclax	Venetoclax_AML_156_01	146.76656	15.9
AML_157_01	Venetoclax	Venetoclax_AML_157_01	188.66284	6.7
AML_157_02	Venetoclax	Venetoclax_AML_157_02	183.07332	2.1
AML_158_01	Venetoclax	Venetoclax_AML_158_01	173.07986	9.2
AML_159_01	Venetoclax	Venetoclax_AML_159_01	147.81238	15.1
AML_160_01	Venetoclax	Venetoclax_AML_160_01	182.47456	3.2
AML_161_01	Venetoclax	Venetoclax_AML_161_01	122.00701	0.0
AML_175_01	Venetoclax	Venetoclax_AML_175_01	199.3134	12.1
AML_183_01	Venetoclax	Venetoclax_AML_183_01	186.70627	1.8
AML_183_02	Venetoclax	Venetoclax_AML_183_02	202.85524	1.1
AML_001_01	Vismodegib	Vismodegib_AML_001_01	267.60895	0.3
AML_001_03	Vismodegib	Vismodegib_AML_001_03	266.14413	0.3
AML_002_01	Vismodegib	Vismodegib_AML_002_01	266.25998	0.0
AML_003_02	Vismodegib	Vismodegib_AML_003_02	253.57637	0.0
AML_004_01	Vismodegib	Vismodegib_AML_004_01	269.68185	0.0
AML_006_02	Vismodegib	Vismodegib_AML_006_02	268.80505	0.0
AML_007_01	Vismodegib	Vismodegib_AML_007_01	261.7448	0.0
AML_007_02	Vismodegib	Vismodegib_AML_007_02	265.27722	0.0
AML_012_01	Vismodegib	Vismodegib_AML_012_01	261.39993	0.0
AML_013_01	Vismodegib	Vismodegib_AML_013_01	268.35208	0.0
AML_014_01	Vismodegib	Vismodegib_AML_014_01	267.42908	0.0
AML_015_01	Vismodegib	Vismodegib_AML_015_01	267.58844	0.0
AML_015_02	Vismodegib	Vismodegib_AML_015_02	258.36142	0.0
AML_015_03	Vismodegib	Vismodegib_AML_015_03	264.56857	0.0
AML_015_04	Vismodegib	Vismodegib_AML_015_04	264.37738	0.0
AML_018_01	Vismodegib	Vismodegib_AML_018_01	254.46954	0.0
AML_019_01	Vismodegib	Vismodegib_AML_019_01	257.8394	1.3
AML_020_01	Vismodegib	Vismodegib_AML_020_01	267.79437	0.0
AML_022_01	Vismodegib	Vismodegib_AML_022_01	262.191	0.0
AML_023_01	Vismodegib	Vismodegib_AML_023_01	263.289	0.0
AML_023_03	Vismodegib	Vismodegib_AML_023_03	262.59354	0.0
AML_023_04	Vismodegib	Vismodegib_AML_023_04	263.12988	0.0
AML_024_01	Vismodegib	Vismodegib_AML_024_01	263.61035	2.0
AML_025_01	Vismodegib	Vismodegib_AML_025_01	266.19073	0.8
AML_026_01	Vismodegib	Vismodegib_AML_026_01	270.13467	0.0
AML_028_01	Vismodegib	Vismodegib_AML_028_01	264.88535	0.9
AML_028_04	Vismodegib	Vismodegib_AML_028_04	249.41083	0.0
AML_029_01	Vismodegib	Vismodegib_AML_029_01	266.25577	0.0
AML_030_01	Vismodegib	Vismodegib_AML_030_01	266.52823	0.0
AML_032_01	Vismodegib	Vismodegib_AML_032_01	267.37555	0.0
AML_033_01	Vismodegib	Vismodegib_AML_033_01	268.05807	1.4
AML_033_02	Vismodegib	Vismodegib_AML_033_02	255.86559	0.3
AML_035_02	Vismodegib	Vismodegib_AML_035_02	266.56784	0.0
AML_035_04	Vismodegib	Vismodegib_AML_035_04	255.96861	0.0
AML_036_01	Vismodegib	Vismodegib_AML_036_01	266.65442	0.8
AML_040_01	Vismodegib	Vismodegib_AML_040_01	268.46704	0.0
AML_041_01	Vismodegib	Vismodegib_AML_041_01	265.62268	0.0
AML_042_01	Vismodegib	Vismodegib_AML_042_01	265.0983	0.0
AML_043_02	Vismodegib	Vismodegib_AML_043_02	256.03278	0.7
AML_045_01	Vismodegib	Vismodegib_AML_045_01	265.94742	0.0
AML_046_01	Vismodegib	Vismodegib_AML_046_01	264.97528	1.3
AML_051_01	Vismodegib	Vismodegib_AML_051_01	267.12173	0.0
AML_052_01	Vismodegib	Vismodegib_AML_052_01	271.3369	0.0
AML_053_01	Vismodegib	Vismodegib_AML_053_01	267.71683	0.0
AML_054_01	Vismodegib	Vismodegib_AML_054_01	264.47925	0.0
AML_057_01	Vismodegib	Vismodegib_AML_057_01	266.23486	0.4
AML_058_01	Vismodegib	Vismodegib_AML_058_01	266.85638	0.0
AML_059_01	Vismodegib	Vismodegib_AML_059_01	269.27643	0.3
AML_060_01	Vismodegib	Vismodegib_AML_060_01	266.19727	0.0
AML_061_01	Vismodegib	Vismodegib_AML_061_01	269.59518	0.6
AML_062_01	Vismodegib	Vismodegib_AML_062_01	261.09882	2.3
AML_064_01	Vismodegib	Vismodegib_AML_064_01	255.00595	0.4
AML_065_01	Vismodegib	Vismodegib_AML_065_01	266.92474	0.0
AML_067_01	Vismodegib	Vismodegib_AML_067_01	266.98972	0.0
AML_070_01	Vismodegib	Vismodegib_AML_070_01	267.5508	0.0
AML_072_01	Vismodegib	Vismodegib_AML_072_01	270.90778	0.0
AML_073_01	Vismodegib	Vismodegib_AML_073_01	265.61285	0.6
AML_074_01	Vismodegib	Vismodegib_AML_074_01	270.67227	0.4
AML_075_01	Vismodegib	Vismodegib_AML_075_01	267.52844	0.0
AML_076_01	Vismodegib	Vismodegib_AML_076_01	265.7306	2.4
AML_076_02	Vismodegib	Vismodegib_AML_076_02	262.84094	0.0
AML_077_01	Vismodegib	Vismodegib_AML_077_01	270.91464	0.8
AML_078_02	Vismodegib	Vismodegib_AML_078_02	265.9938	0.0
AML_084_01	Vismodegib	Vismodegib_AML_084_01	263.9033	0.0
AML_086_02	Vismodegib	Vismodegib_AML_086_02	265.99857	1.1
AML_098_01	Vismodegib	Vismodegib_AML_098_01	263.89908	1.0
AML_100_01	Vismodegib	Vismodegib_AML_100_01	269.51468	0.1
AML_101_01	Vismodegib	Vismodegib_AML_101_01	258.62405	4.7
AML_101_02	Vismodegib	Vismodegib_AML_101_02	261.24774	0.0
AML_102_01	Vismodegib	Vismodegib_AML_102_01	263.1219	0.3
AML_103_01	Vismodegib	Vismodegib_AML_103_01	254.95334	0.4
AML_103_02	Vismodegib	Vismodegib_AML_103_02	252.84372	0.0
AML_104_01	Vismodegib	Vismodegib_AML_104_01	267.4973	0.0
AML_108_01	Vismodegib	Vismodegib_AML_108_01	265.23566	4.2
AML_109_01	Vismodegib	Vismodegib_AML_109_01	257.40408	0.0
AML_110_01	Vismodegib	Vismodegib_AML_110_01	270.01855	0.5
AML_112_01	Vismodegib	Vismodegib_AML_112_01	264.37473	0.4
AML_112_02	Vismodegib	Vismodegib_AML_112_02	261.53806	0.0
AML_113_01	Vismodegib	Vismodegib_AML_113_01	259.99008	0.7
AML_114_01	Vismodegib	Vismodegib_AML_114_01	261.1016	0.3
AML_115_01	Vismodegib	Vismodegib_AML_115_01	268.8568	0.0
AML_116_01	Vismodegib	Vismodegib_AML_116_01	269.27927	3.4
AML_117_01	Vismodegib	Vismodegib_AML_117_01	266.67526	1.6
AML_119_01	Vismodegib	Vismodegib_AML_119_01	264.3971	0.3
AML_120_01	Vismodegib	Vismodegib_AML_120_01	264.28317	0.0
AML_120_03	Vismodegib	Vismodegib_AML_120_03	264.26794	0.0
AML_122_01	Vismodegib	Vismodegib_AML_122_01	254.39511	0.0
AML_123_01	Vismodegib	Vismodegib_AML_123_01	272.42554	1.3
AML_124_01	Vismodegib	Vismodegib_AML_124_01	271.26547	2.9
AML_125_01	Vismodegib	Vismodegib_AML_125_01	267.23877	0.0
AML_126_01	Vismodegib	Vismodegib_AML_126_01	261.87427	0.3
AML_127_01	Vismodegib	Vismodegib_AML_127_01	266.3841	4.7
AML_128_01	Vismodegib	Vismodegib_AML_128_01	269.08508	0.0
AML_129_02	Vismodegib	Vismodegib_AML_129_02	270.76968	0.0
AML_129_03	Vismodegib	Vismodegib_AML_129_03	267.61493	0.0
AML_131_01	Vismodegib	Vismodegib_AML_131_01	261.8202	0.0
AML_133_01	Vismodegib	Vismodegib_AML_133_01	261.14682	0.0
AML_134_01	Vismodegib	Vismodegib_AML_134_01	257.9117	0.0
AML_135_01	Vismodegib	Vismodegib_AML_135_01	268.18002	2.3
AML_138_01	Vismodegib	Vismodegib_AML_138_01	264.11746	0.0
AML_139_01	Vismodegib	Vismodegib_AML_139_01	268.97726	0.1
AML_140_01	Vismodegib	Vismodegib_AML_140_01	268.71225	0.0
AML_142_01	Vismodegib	Vismodegib_AML_142_01	257.7973	0.0
AML_143_01	Vismodegib	Vismodegib_AML_143_01	269.00314	0.0
AML_144_01	Vismodegib	Vismodegib_AML_144_01	268.7808	0.0
AML_146_01	Vismodegib	Vismodegib_AML_146_01	269.26303	0.0
AML_147_01	Vismodegib	Vismodegib_AML_147_01	269.22458	0.0
AML_151_01	Vismodegib	Vismodegib_AML_151_01	259.87772	0.0
AML_152_01	Vismodegib	Vismodegib_AML_152_01	267.8061	0.0
AML_153_01	Vismodegib	Vismodegib_AML_153_01	253.57307	0.0
AML_156_01	Vismodegib	Vismodegib_AML_156_01	265.6894	0.0
AML_157_01	Vismodegib	Vismodegib_AML_157_01	261.86966	2.7
AML_157_02	Vismodegib	Vismodegib_AML_157_02	264.66385	0.0
AML_158_01	Vismodegib	Vismodegib_AML_158_01	269.2406	0.1
AML_159_01	Vismodegib	Vismodegib_AML_159_01	269.15692	0.3
AML_160_01	Vismodegib	Vismodegib_AML_160_01	262.30478	0.0
AML_161_01	Vismodegib	Vismodegib_AML_161_01	256.2809	0.0
AML_175_01	Vismodegib	Vismodegib_AML_175_01	269.7818	0.0
AML_179_01	Vismodegib	Vismodegib_AML_179_01	266.82892	0.0
AML_183_01	Vismodegib	Vismodegib_AML_183_01	265.4624	1.8
AML_183_02	Vismodegib	Vismodegib_AML_183_02	264.1793	0.0
AML_183_03	Vismodegib	Vismodegib_AML_183_03	263.71744	0.0
AML_184_01	Vismodegib	Vismodegib_AML_184_01	267.9907	0.0
AML_185_01	Vismodegib	Vismodegib_AML_185_01	270.04272	0.2
AML_001_03	Volasertib	Volasertib_AML_001_03	171.54976	14.6
AML_003_02	Volasertib	Volasertib_AML_003_02	185.28459	16.5
AML_004_01	Volasertib	Volasertib_AML_004_01	173.35092	7.2
AML_006_02	Volasertib	Volasertib_AML_006_02	173.17848	1.2
AML_007_01	Volasertib	Volasertib_AML_007_01	176.05006	3.9
AML_007_02	Volasertib	Volasertib_AML_007_02	174.43794	0.4
AML_012_01	Volasertib	Volasertib_AML_012_01	185.45058	0.2
AML_013_01	Volasertib	Volasertib_AML_013_01	182.20697	5.0
AML_014_01	Volasertib	Volasertib_AML_014_01	169.89139	10.0
AML_015_01	Volasertib	Volasertib_AML_015_01	174.48663	10.7
AML_015_02	Volasertib	Volasertib_AML_015_02	177.98279	6.8
AML_015_03	Volasertib	Volasertib_AML_015_03	175.83347	13.7
AML_015_04	Volasertib	Volasertib_AML_015_04	183.42459	6.5
AML_018_01	Volasertib	Volasertib_AML_018_01	179.27507	14.1
AML_019_01	Volasertib	Volasertib_AML_019_01	180.52612	2.2
AML_020_01	Volasertib	Volasertib_AML_020_01	182.95398	3.5
AML_023_04	Volasertib	Volasertib_AML_023_04	178.66454	8.3
AML_024_01	Volasertib	Volasertib_AML_024_01	174.50677	7.3
AML_025_01	Volasertib	Volasertib_AML_025_01	177.0623	5.0
AML_026_01	Volasertib	Volasertib_AML_026_01	173.42575	2.1
AML_028_01	Volasertib	Volasertib_AML_028_01	170.56892	2.9
AML_028_04	Volasertib	Volasertib_AML_028_04	186.42253	9.9
AML_029_01	Volasertib	Volasertib_AML_029_01	174.68056	2.2
AML_030_01	Volasertib	Volasertib_AML_030_01	169.35559	2.0
AML_032_01	Volasertib	Volasertib_AML_032_01	176.24059	7.5
AML_033_01	Volasertib	Volasertib_AML_033_01	179.36772	22.5
AML_033_02	Volasertib	Volasertib_AML_033_02	187.11305	19.4
AML_035_02	Volasertib	Volasertib_AML_035_02	178.12788	17.5
AML_035_04	Volasertib	Volasertib_AML_035_04	189.08388	13.5
AML_036_01	Volasertib	Volasertib_AML_036_01	171.96243	13.0
AML_040_01	Volasertib	Volasertib_AML_040_01	168.0677	7.8
AML_041_01	Volasertib	Volasertib_AML_041_01	176.59422	2.4
AML_042_01	Volasertib	Volasertib_AML_042_01	178.51474	5.6
AML_043_02	Volasertib	Volasertib_AML_043_02	184.27312	15.0
AML_045_01	Volasertib	Volasertib_AML_045_01	178.9076	0.0
AML_046_01	Volasertib	Volasertib_AML_046_01	176.11424	1.8
AML_051_01	Volasertib	Volasertib_AML_051_01	170.30798	1.9
AML_052_01	Volasertib	Volasertib_AML_052_01	174.83502	11.1
AML_053_01	Volasertib	Volasertib_AML_053_01	177.98582	10.1
AML_054_01	Volasertib	Volasertib_AML_054_01	178.44879	10.7
AML_057_01	Volasertib	Volasertib_AML_057_01	173.15707	5.2
AML_058_01	Volasertib	Volasertib_AML_058_01	171.94543	2.5
AML_059_01	Volasertib	Volasertib_AML_059_01	168.61238	2.1
AML_060_01	Volasertib	Volasertib_AML_060_01	176.84378	1.5
AML_061_01	Volasertib	Volasertib_AML_061_01	170.56425	5.0
AML_062_01	Volasertib	Volasertib_AML_062_01	174.61104	5.4
AML_064_01	Volasertib	Volasertib_AML_064_01	180.26003	6.6
AML_065_01	Volasertib	Volasertib_AML_065_01	171.03195	7.2
AML_067_01	Volasertib	Volasertib_AML_067_01	168.59137	6.4
AML_070_01	Volasertib	Volasertib_AML_070_01	174.01134	6.3
AML_072_01	Volasertib	Volasertib_AML_072_01	175.27063	0.0
AML_073_01	Volasertib	Volasertib_AML_073_01	178.61868	1.3
AML_074_01	Volasertib	Volasertib_AML_074_01	171.26353	5.8
AML_075_01	Volasertib	Volasertib_AML_075_01	171.64189	5.4
AML_076_01	Volasertib	Volasertib_AML_076_01	178.80159	6.8
AML_076_02	Volasertib	Volasertib_AML_076_02	173.44685	4.5
AML_077_01	Volasertib	Volasertib_AML_077_01	177.10255	9.6
AML_078_02	Volasertib	Volasertib_AML_078_02	171.42975	3.3
AML_084_01	Volasertib	Volasertib_AML_084_01	173.0832	6.2
AML_086_02	Volasertib	Volasertib_AML_086_02	179.4024	5.2
AML_098_01	Volasertib	Volasertib_AML_098_01	172.04573	5.4
AML_100_01	Volasertib	Volasertib_AML_100_01	167.86417	2.6
AML_101_01	Volasertib	Volasertib_AML_101_01	183.2286	6.6
AML_101_02	Volasertib	Volasertib_AML_101_02	184.49536	0.4
AML_102_01	Volasertib	Volasertib_AML_102_01	168.40865	3.8
AML_103_01	Volasertib	Volasertib_AML_103_01	177.54674	5.0
AML_103_02	Volasertib	Volasertib_AML_103_02	185.38226	15.9
AML_104_01	Volasertib	Volasertib_AML_104_01	170.28445	2.9
AML_108_01	Volasertib	Volasertib_AML_108_01	167.23361	7.7
AML_109_01	Volasertib	Volasertib_AML_109_01	178.50435	1.1
AML_110_01	Volasertib	Volasertib_AML_110_01	167.27438	11.9
AML_112_01	Volasertib	Volasertib_AML_112_01	165.22037	4.6
AML_112_02	Volasertib	Volasertib_AML_112_02	173.0625	4.5
AML_113_01	Volasertib	Volasertib_AML_113_01	176.34297	13.8
AML_114_01	Volasertib	Volasertib_AML_114_01	168.54404	0.2
AML_115_01	Volasertib	Volasertib_AML_115_01	167.02553	5.3
AML_116_01	Volasertib	Volasertib_AML_116_01	169.84915	6.2
AML_117_01	Volasertib	Volasertib_AML_117_01	168.60806	1.1
AML_119_01	Volasertib	Volasertib_AML_119_01	169.12975	6.0
AML_120_03	Volasertib	Volasertib_AML_120_03	177.67732	9.8
AML_122_01	Volasertib	Volasertib_AML_122_01	183.83401	1.0
AML_123_01	Volasertib	Volasertib_AML_123_01	170.3137	4.9
AML_124_01	Volasertib	Volasertib_AML_124_01	172.26335	16.6
AML_125_01	Volasertib	Volasertib_AML_125_01	170.77608	14.7
AML_126_01	Volasertib	Volasertib_AML_126_01	175.5257	6.0
AML_127_01	Volasertib	Volasertib_AML_127_01	172.28568	10.9
AML_128_01	Volasertib	Volasertib_AML_128_01	176.65836	3.8
AML_131_01	Volasertib	Volasertib_AML_131_01	178.84837	3.4
AML_133_01	Volasertib	Volasertib_AML_133_01	187.32683	2.7
AML_134_01	Volasertib	Volasertib_AML_134_01	186.27058	1.7
AML_135_01	Volasertib	Volasertib_AML_135_01	177.93686	5.7
AML_138_01	Volasertib	Volasertib_AML_138_01	180.19012	9.6
AML_139_01	Volasertib	Volasertib_AML_139_01	177.78203	4.4
AML_140_01	Volasertib	Volasertib_AML_140_01	168.78224	9.1
AML_142_01	Volasertib	Volasertib_AML_142_01	182.911	4.5
AML_143_01	Volasertib	Volasertib_AML_143_01	169.47977	4.7
AML_144_01	Volasertib	Volasertib_AML_144_01	177.72957	8.6
AML_146_01	Volasertib	Volasertib_AML_146_01	173.28973	1.9
AML_147_01	Volasertib	Volasertib_AML_147_01	171.79224	1.9
AML_151_01	Volasertib	Volasertib_AML_151_01	173.77007	7.1
AML_152_01	Volasertib	Volasertib_AML_152_01	173.25154	16.3
AML_153_01	Volasertib	Volasertib_AML_153_01	185.3903	0.0
AML_156_01	Volasertib	Volasertib_AML_156_01	175.22433	5.9
AML_157_01	Volasertib	Volasertib_AML_157_01	177.15868	7.4
AML_157_02	Volasertib	Volasertib_AML_157_02	176.08687	5.6
AML_158_01	Volasertib	Volasertib_AML_158_01	174.6504	4.6
AML_159_01	Volasertib	Volasertib_AML_159_01	173.03526	8.3
AML_160_01	Volasertib	Volasertib_AML_160_01	173.08865	2.5
AML_161_01	Volasertib	Volasertib_AML_161_01	177.33797	18.3
AML_175_01	Volasertib	Volasertib_AML_175_01	170.61414	2.7
AML_183_01	Volasertib	Volasertib_AML_183_01	174.01912	4.7
AML_183_02	Volasertib	Volasertib_AML_183_02	169.69466	4.9
AML_183_03	Volasertib	Volasertib_AML_183_03	174.69946	4.7
