sample_id	inhibitor	primary_key	predicted_auc	DSS
AML_001_01	Afatinib	Afatinib_AML_001_01	192.59708	5.7
AML_001_03	Afatinib	Afatinib_AML_001_03	190.1594	0.2
AML_002_01	Afatinib	Afatinib_AML_002_01	189.12633	9.1
AML_003_02	Afatinib	Afatinib_AML_003_02	190.63385	4.9
AML_004_01	Afatinib	Afatinib_AML_004_01	185.59558	1.8
AML_006_02	Afatinib	Afatinib_AML_006_02	185.32288	7.8
AML_007_01	Afatinib	Afatinib_AML_007_01	192.03084	6.4
AML_007_02	Afatinib	Afatinib_AML_007_02	193.326	0.0
AML_012_01	Afatinib	Afatinib_AML_012_01	189.81345	0.0
AML_013_01	Afatinib	Afatinib_AML_013_01	183.24887	0.9
AML_014_01	Afatinib	Afatinib_AML_014_01	187.499	0.1
AML_015_01	Afatinib	Afatinib_AML_015_01	189.12526	0.5
AML_015_02	Afatinib	Afatinib_AML_015_02	194.90633	0.1
AML_015_03	Afatinib	Afatinib_AML_015_03	194.33484	0.1
AML_015_04	Afatinib	Afatinib_AML_015_04	188.3341	2.8
AML_018_01	Afatinib	Afatinib_AML_018_01	190.60628	2.5
AML_019_01	Afatinib	Afatinib_AML_019_01	187.2592	1.7
AML_020_01	Afatinib	Afatinib_AML_020_01	192.04309	5.3
AML_022_01	Afatinib	Afatinib_AML_022_01	189.24019	11.5
AML_023_01	Afatinib	Afatinib_AML_023_01	186.21893	9.3
AML_023_03	Afatinib	Afatinib_AML_023_03	188.36668	9.2
AML_023_04	Afatinib	Afatinib_AML_023_04	190.46191	11.0
AML_024_01	Afatinib	Afatinib_AML_024_01	184.15828	1.6
AML_025_01	Afatinib	Afatinib_AML_025_01	193.69975	4.7
AML_026_01	Afatinib	Afatinib_AML_026_01	186.73978	0.2
AML_028_01	Afatinib	Afatinib_AML_028_01	188.25261	1.3
AML_028_04	Afatinib	Afatinib_AML_028_04	185.97372	3.6
AML_029_01	Afatinib	Afatinib_AML_029_01	188.24612	1.5
AML_030_01	Afatinib	Afatinib_AML_030_01	180.39122	0.3
AML_032_01	Afatinib	Afatinib_AML_032_01	191.3358	0.0
AML_033_01	Afatinib	Afatinib_AML_033_01	188.03654	0.1
AML_033_02	Afatinib	Afatinib_AML_033_02	181.87672	1.3
AML_035_02	Afatinib	Afatinib_AML_035_02	194.29968	0.0
AML_035_04	Afatinib	Afatinib_AML_035_04	194.15068	0.0
AML_036_01	Afatinib	Afatinib_AML_036_01	190.49702	0.0
AML_040_01	Afatinib	Afatinib_AML_040_01	179.12395	4.2
AML_041_01	Afatinib	Afatinib_AML_041_01	189.3694	1.1
AML_042_01	Afatinib	Afatinib_AML_042_01	189.0112	3.1
AML_043_02	Afatinib	Afatinib_AML_043_02	192.06877	0.0
AML_045_01	Afatinib	Afatinib_AML_045_01	191.13615	0.2
AML_046_01	Afatinib	Afatinib_AML_046_01	183.06369	5.9
AML_051_01	Afatinib	Afatinib_AML_051_01	182.76143	0.0
AML_052_01	Afatinib	Afatinib_AML_052_01	186.53868	1.0
AML_053_01	Afatinib	Afatinib_AML_053_01	195.60309	2.2
AML_054_01	Afatinib	Afatinib_AML_054_01	184.77237	5.1
AML_057_01	Afatinib	Afatinib_AML_057_01	190.09218	0.7
AML_058_01	Afatinib	Afatinib_AML_058_01	187.82227	1.7
AML_059_01	Afatinib	Afatinib_AML_059_01	182.66235	1.8
AML_060_01	Afatinib	Afatinib_AML_060_01	186.2277	2.3
AML_061_01	Afatinib	Afatinib_AML_061_01	179.81757	1.4
AML_062_01	Afatinib	Afatinib_AML_062_01	184.02351	4.0
AML_064_01	Afatinib	Afatinib_AML_064_01	190.2953	4.0
AML_065_01	Afatinib	Afatinib_AML_065_01	182.81706	2.0
AML_067_01	Afatinib	Afatinib_AML_067_01	186.64227	3.0
AML_070_01	Afatinib	Afatinib_AML_070_01	182.32558	0.6
AML_072_01	Afatinib	Afatinib_AML_072_01	191.39163	0.7
AML_073_01	Afatinib	Afatinib_AML_073_01	192.95662	2.3
AML_074_01	Afatinib	Afatinib_AML_074_01	182.12292	2.4
AML_075_01	Afatinib	Afatinib_AML_075_01	181.62085	3.0
AML_076_01	Afatinib	Afatinib_AML_076_01	192.96013	0.1
AML_076_02	Afatinib	Afatinib_AML_076_02	179.17213	2.7
AML_077_01	Afatinib	Afatinib_AML_077_01	186.38269	2.2
AML_078_02	Afatinib	Afatinib_AML_078_02	190.03798	2.3
AML_084_01	Afatinib	Afatinib_AML_084_01	183.32988	5.0
AML_086_02	Afatinib	Afatinib_AML_086_02	192.33972	1.9
AML_098_01	Afatinib	Afatinib_AML_098_01	183.50363	0.0
AML_100_01	Afatinib	Afatinib_AML_100_01	185.89256	1.1
AML_101_01	Afatinib	Afatinib_AML_101_01	184.34337	3.5
AML_101_02	Afatinib	Afatinib_AML_101_02	197.03984	0.0
AML_102_01	Afatinib	Afatinib_AML_102_01	184.22879	0.3
AML_103_01	Afatinib	Afatinib_AML_103_01	184.14647	0.0
AML_103_02	Afatinib	Afatinib_AML_103_02	185.79832	2.9
AML_104_01	Afatinib	Afatinib_AML_104_01	186.4554	0.0
AML_108_01	Afatinib	Afatinib_AML_108_01	182.17711	2.1
AML_109_01	Afatinib	Afatinib_AML_109_01	181.76645	1.0
AML_110_01	Afatinib	Afatinib_AML_110_01	184.09021	1.9
AML_112_01	Afatinib	Afatinib_AML_112_01	181.21405	1.3
AML_112_02	Afatinib	Afatinib_AML_112_02	189.3935	1.3
AML_113_01	Afatinib	Afatinib_AML_113_01	189.17111	4.9
AML_114_01	Afatinib	Afatinib_AML_114_01	181.33258	0.0
AML_115_01	Afatinib	Afatinib_AML_115_01	179.42796	3.3
AML_116_01	Afatinib	Afatinib_AML_116_01	179.77884	0.1
AML_117_01	Afatinib	Afatinib_AML_117_01	186.85522	0.7
AML_119_01	Afatinib	Afatinib_AML_119_01	181.16228	2.4
AML_120_01	Afatinib	Afatinib_AML_120_01	186.3043	8.3
AML_120_03	Afatinib	Afatinib_AML_120_03	191.36241	0.0
AML_122_01	Afatinib	Afatinib_AML_122_01	196.18219	0.0
AML_123_01	Afatinib	Afatinib_AML_123_01	186.06044	6.5
AML_124_01	Afatinib	Afatinib_AML_124_01	184.3588	2.7
AML_125_01	Afatinib	Afatinib_AML_125_01	187.14282	22.1
AML_126_01	Afatinib	Afatinib_AML_126_01	188.61035	3.4
AML_127_01	Afatinib	Afatinib_AML_127_01	184.6927	1.8
AML_128_01	Afatinib	Afatinib_AML_128_01	189.84283	1.9
AML_129_02	Afatinib	Afatinib_AML_129_02	183.51733	9.5
AML_129_03	Afatinib	Afatinib_AML_129_03	185.9899	6.4
AML_131_01	Afatinib	Afatinib_AML_131_01	190.90001	0.8
AML_133_01	Afatinib	Afatinib_AML_133_01	189.2209	0.5
AML_134_01	Afatinib	Afatinib_AML_134_01	191.4622	0.1
AML_135_01	Afatinib	Afatinib_AML_135_01	191.80865	1.5
AML_138_01	Afatinib	Afatinib_AML_138_01	193.1012	2.7
AML_139_01	Afatinib	Afatinib_AML_139_01	195.60646	2.2
AML_140_01	Afatinib	Afatinib_AML_140_01	188.10576	1.4
AML_142_01	Afatinib	Afatinib_AML_142_01	190.2298	5.3
AML_143_01	Afatinib	Afatinib_AML_143_01	187.49394	2.4
AML_144_01	Afatinib	Afatinib_AML_144_01	193.75482	3.5
AML_146_01	Afatinib	Afatinib_AML_146_01	188.6257	2.0
AML_147_01	Afatinib	Afatinib_AML_147_01	191.33006	1.8
AML_151_01	Afatinib	Afatinib_AML_151_01	184.63202	5.4
AML_152_01	Afatinib	Afatinib_AML_152_01	186.6058	2.5
AML_153_01	Afatinib	Afatinib_AML_153_01	188.66264	1.3
AML_156_01	Afatinib	Afatinib_AML_156_01	185.99455	1.6
AML_157_01	Afatinib	Afatinib_AML_157_01	194.26732	0.2
AML_157_02	Afatinib	Afatinib_AML_157_02	191.76892	1.2
AML_158_01	Afatinib	Afatinib_AML_158_01	195.34344	0.9
AML_159_01	Afatinib	Afatinib_AML_159_01	191.34738	2.9
AML_160_01	Afatinib	Afatinib_AML_160_01	191.23184	1.2
AML_161_01	Afatinib	Afatinib_AML_161_01	188.02625	1.6
AML_175_01	Afatinib	Afatinib_AML_175_01	185.57115	0.0
AML_179_01	Afatinib	Afatinib_AML_179_01	183.40955	9.5
AML_183_01	Afatinib	Afatinib_AML_183_01	187.67958	0.0
AML_183_02	Afatinib	Afatinib_AML_183_02	181.30098	1.4
AML_183_03	Afatinib	Afatinib_AML_183_03	188.27332	1.5
AML_184_01	Afatinib	Afatinib_AML_184_01	181.70471	9.2
AML_185_01	Afatinib	Afatinib_AML_185_01	193.03125	7.8
AML_004_01	AGI-5198	AGI-5198_AML_004_01	243.01949	1.7
AML_019_01	AGI-5198	AGI-5198_AML_019_01	232.65399	0.5
AML_025_01	AGI-5198	AGI-5198_AML_025_01	247.2814	0.9
AML_026_01	AGI-5198	AGI-5198_AML_026_01	247.82181	0.0
AML_029_01	AGI-5198	AGI-5198_AML_029_01	239.59528	0.8
AML_030_01	AGI-5198	AGI-5198_AML_030_01	236.15863	1.0
AML_033_01	AGI-5198	AGI-5198_AML_033_01	238.4472	0.0
AML_033_02	AGI-5198	AGI-5198_AML_033_02	227.45575	0.0
AML_041_01	AGI-5198	AGI-5198_AML_041_01	243.60855	0.0
AML_042_01	AGI-5198	AGI-5198_AML_042_01	240.4999	0.0
AML_043_02	AGI-5198	AGI-5198_AML_043_02	230.81267	0.0
AML_046_01	AGI-5198	AGI-5198_AML_046_01	235.22588	0.5
AML_052_01	AGI-5198	AGI-5198_AML_052_01	239.25258	0.0
AML_057_01	AGI-5198	AGI-5198_AML_057_01	245.2449	0.0
AML_058_01	AGI-5198	AGI-5198_AML_058_01	240.49757	0.0
AML_059_01	AGI-5198	AGI-5198_AML_059_01	239.90758	0.3
AML_060_01	AGI-5198	AGI-5198_AML_060_01	237.36018	0.4
AML_061_01	AGI-5198	AGI-5198_AML_061_01	238.996	0.1
AML_062_01	AGI-5198	AGI-5198_AML_062_01	234.53645	0.3
AML_064_01	AGI-5198	AGI-5198_AML_064_01	237.20369	1.2
AML_065_01	AGI-5198	AGI-5198_AML_065_01	238.02582	0.0
AML_067_01	AGI-5198	AGI-5198_AML_067_01	242.16922	0.4
AML_070_01	AGI-5198	AGI-5198_AML_070_01	240.7016	0.0
AML_072_01	AGI-5198	AGI-5198_AML_072_01	242.85266	0.0
AML_073_01	AGI-5198	AGI-5198_AML_073_01	240.64305	0.3
AML_074_01	AGI-5198	AGI-5198_AML_074_01	244.53232	1.3
AML_075_01	AGI-5198	AGI-5198_AML_075_01	237.38712	0.0
AML_076_01	AGI-5198	AGI-5198_AML_076_01	242.88434	0.0
AML_076_02	AGI-5198	AGI-5198_AML_076_02	233.84528	0.0
AML_077_01	AGI-5198	AGI-5198_AML_077_01	240.16187	0.0
AML_078_02	AGI-5198	AGI-5198_AML_078_02	242.6617	0.1
AML_086_02	AGI-5198	AGI-5198_AML_086_02	241.84135	1.4
AML_098_01	AGI-5198	AGI-5198_AML_098_01	238.63022	0.0
AML_100_01	AGI-5198	AGI-5198_AML_100_01	245.30899	0.0
AML_101_01	AGI-5198	AGI-5198_AML_101_01	232.20467	0.0
AML_101_02	AGI-5198	AGI-5198_AML_101_02	240.42014	0.6
AML_102_01	AGI-5198	AGI-5198_AML_102_01	240.16385	0.0
AML_103_01	AGI-5198	AGI-5198_AML_103_01	229.83607	0.0
AML_103_02	AGI-5198	AGI-5198_AML_103_02	230.67915	3.5
AML_104_01	AGI-5198	AGI-5198_AML_104_01	245.07822	0.0
AML_108_01	AGI-5198	AGI-5198_AML_108_01	241.05254	0.3
AML_109_01	AGI-5198	AGI-5198_AML_109_01	233.40872	0.3
AML_110_01	AGI-5198	AGI-5198_AML_110_01	241.97624	0.0
AML_112_01	AGI-5198	AGI-5198_AML_112_01	237.5069	1.2
AML_112_02	AGI-5198	AGI-5198_AML_112_02	241.18288	0.0
AML_113_01	AGI-5198	AGI-5198_AML_113_01	239.79977	0.0
AML_114_01	AGI-5198	AGI-5198_AML_114_01	239.20753	1.5
AML_115_01	AGI-5198	AGI-5198_AML_115_01	240.04166	0.4
AML_116_01	AGI-5198	AGI-5198_AML_116_01	239.57622	0.7
AML_117_01	AGI-5198	AGI-5198_AML_117_01	245.20473	1.8
AML_119_01	AGI-5198	AGI-5198_AML_119_01	236.14793	2.3
AML_122_01	AGI-5198	AGI-5198_AML_122_01	241.7995	1.1
AML_123_01	AGI-5198	AGI-5198_AML_123_01	248.68555	0.3
AML_124_01	AGI-5198	AGI-5198_AML_124_01	243.68332	1.8
AML_125_01	AGI-5198	AGI-5198_AML_125_01	242.0359	0.0
AML_126_01	AGI-5198	AGI-5198_AML_126_01	238.04187	0.0
AML_127_01	AGI-5198	AGI-5198_AML_127_01	239.92981	0.0
AML_128_01	AGI-5198	AGI-5198_AML_128_01	241.7085	0.5
AML_131_01	AGI-5198	AGI-5198_AML_131_01	242.083	0.0
AML_133_01	AGI-5198	AGI-5198_AML_133_01	235.02136	0.0
AML_134_01	AGI-5198	AGI-5198_AML_134_01	235.06891	0.6
AML_135_01	AGI-5198	AGI-5198_AML_135_01	245.52602	0.1
AML_138_01	AGI-5198	AGI-5198_AML_138_01	240.58932	1.2
AML_139_01	AGI-5198	AGI-5198_AML_139_01	250.60793	1.5
AML_140_01	AGI-5198	AGI-5198_AML_140_01	247.76013	1.8
AML_142_01	AGI-5198	AGI-5198_AML_142_01	231.80898	0.1
AML_143_01	AGI-5198	AGI-5198_AML_143_01	241.209	0.0
AML_144_01	AGI-5198	AGI-5198_AML_144_01	249.40489	1.1
AML_146_01	AGI-5198	AGI-5198_AML_146_01	242.41441	0.4
AML_147_01	AGI-5198	AGI-5198_AML_147_01	246.15967	1.6
AML_151_01	AGI-5198	AGI-5198_AML_151_01	238.67824	1.2
AML_152_01	AGI-5198	AGI-5198_AML_152_01	243.67441	1.2
AML_153_01	AGI-5198	AGI-5198_AML_153_01	229.87828	0.0
AML_156_01	AGI-5198	AGI-5198_AML_156_01	237.99835	0.6
AML_157_01	AGI-5198	AGI-5198_AML_157_01	241.38184	1.4
AML_157_02	AGI-5198	AGI-5198_AML_157_02	240.80067	0.0
AML_158_01	AGI-5198	AGI-5198_AML_158_01	248.879	0.2
AML_159_01	AGI-5198	AGI-5198_AML_159_01	244.51317	0.0
AML_160_01	AGI-5198	AGI-5198_AML_160_01	241.4977	0.0
AML_161_01	AGI-5198	AGI-5198_AML_161_01	237.97957	0.1
AML_183_01	AGI-5198	AGI-5198_AML_183_01	246.7877	0.0
AML_183_02	AGI-5198	AGI-5198_AML_183_02	238.0272	0.0
AML_183_03	AGI-5198	AGI-5198_AML_183_03	238.13708	0.2
AML_004_01	AGI-6780	AGI-6780_AML_004_01	233.7958	0.0
AML_019_01	AGI-6780	AGI-6780_AML_019_01	218.01396	2.9
AML_025_01	AGI-6780	AGI-6780_AML_025_01	237.79613	0.1
AML_026_01	AGI-6780	AGI-6780_AML_026_01	241.28252	0.4
AML_029_01	AGI-6780	AGI-6780_AML_029_01	232.3371	4.2
AML_030_01	AGI-6780	AGI-6780_AML_030_01	229.7051	0.4
AML_033_01	AGI-6780	AGI-6780_AML_033_01	229.04506	1.0
AML_033_02	AGI-6780	AGI-6780_AML_033_02	211.57324	0.1
AML_041_01	AGI-6780	AGI-6780_AML_041_01	235.53548	1.3
AML_042_01	AGI-6780	AGI-6780_AML_042_01	234.49026	3.5
AML_043_02	AGI-6780	AGI-6780_AML_043_02	216.02136	0.1
AML_046_01	AGI-6780	AGI-6780_AML_046_01	220.64445	4.3
AML_052_01	AGI-6780	AGI-6780_AML_052_01	229.81479	0.0
AML_057_01	AGI-6780	AGI-6780_AML_057_01	235.54375	0.0
AML_058_01	AGI-6780	AGI-6780_AML_058_01	232.06476	1.4
AML_059_01	AGI-6780	AGI-6780_AML_059_01	229.67926	1.3
AML_060_01	AGI-6780	AGI-6780_AML_060_01	225.16132	4.3
AML_061_01	AGI-6780	AGI-6780_AML_061_01	228.41382	0.1
AML_062_01	AGI-6780	AGI-6780_AML_062_01	227.40497	5.9
AML_064_01	AGI-6780	AGI-6780_AML_064_01	230.53218	2.3
AML_065_01	AGI-6780	AGI-6780_AML_065_01	229.01897	2.3
AML_067_01	AGI-6780	AGI-6780_AML_067_01	235.11018	0.7
AML_070_01	AGI-6780	AGI-6780_AML_070_01	231.62978	2.8
AML_072_01	AGI-6780	AGI-6780_AML_072_01	231.86601	1.8
AML_073_01	AGI-6780	AGI-6780_AML_073_01	227.3939	0.0
AML_074_01	AGI-6780	AGI-6780_AML_074_01	237.32278	1.5
AML_075_01	AGI-6780	AGI-6780_AML_075_01	228.95248	0.8
AML_076_01	AGI-6780	AGI-6780_AML_076_01	233.09387	1.3
AML_076_02	AGI-6780	AGI-6780_AML_076_02	225.64478	0.0
AML_077_01	AGI-6780	AGI-6780_AML_077_01	228.07657	0.7
AML_078_02	AGI-6780	AGI-6780_AML_078_02	235.45876	0.2
AML_086_02	AGI-6780	AGI-6780_AML_086_02	231.74069	0.5
AML_098_01	AGI-6780	AGI-6780_AML_098_01	230.17961	1.7
AML_100_01	AGI-6780	AGI-6780_AML_100_01	237.4478	1.0
AML_101_01	AGI-6780	AGI-6780_AML_101_01	219.73392	1.1
AML_101_02	AGI-6780	AGI-6780_AML_101_02	227.2935	0.8
AML_102_01	AGI-6780	AGI-6780_AML_102_01	232.2533	0.6
AML_103_01	AGI-6780	AGI-6780_AML_103_01	223.25778	0.8
AML_103_02	AGI-6780	AGI-6780_AML_103_02	214.56284	1.4
AML_104_01	AGI-6780	AGI-6780_AML_104_01	237.56718	0.3
AML_108_01	AGI-6780	AGI-6780_AML_108_01	233.49335	4.1
AML_109_01	AGI-6780	AGI-6780_AML_109_01	220.8481	0.0
AML_110_01	AGI-6780	AGI-6780_AML_110_01	232.70377	0.2
AML_112_01	AGI-6780	AGI-6780_AML_112_01	228.60275	0.1
AML_112_02	AGI-6780	AGI-6780_AML_112_02	231.26947	0.9
AML_113_01	AGI-6780	AGI-6780_AML_113_01	227.92122	4.2
AML_114_01	AGI-6780	AGI-6780_AML_114_01	232.72047	0.1
AML_115_01	AGI-6780	AGI-6780_AML_115_01	230.036	2.7
AML_116_01	AGI-6780	AGI-6780_AML_116_01	230.892	2.3
AML_117_01	AGI-6780	AGI-6780_AML_117_01	238.76683	0.0
AML_119_01	AGI-6780	AGI-6780_AML_119_01	231.10037	0.5
AML_122_01	AGI-6780	AGI-6780_AML_122_01	234.76102	0.5
AML_123_01	AGI-6780	AGI-6780_AML_123_01	241.37251	2.3
AML_124_01	AGI-6780	AGI-6780_AML_124_01	236.14882	0.7
AML_125_01	AGI-6780	AGI-6780_AML_125_01	230.3679	0.0
AML_126_01	AGI-6780	AGI-6780_AML_126_01	229.34444	0.5
AML_127_01	AGI-6780	AGI-6780_AML_127_01	232.80328	0.4
AML_128_01	AGI-6780	AGI-6780_AML_128_01	232.05188	0.0
AML_131_01	AGI-6780	AGI-6780_AML_131_01	235.7243	1.1
AML_133_01	AGI-6780	AGI-6780_AML_133_01	222.30681	0.0
AML_134_01	AGI-6780	AGI-6780_AML_134_01	219.70064	0.0
AML_135_01	AGI-6780	AGI-6780_AML_135_01	234.9215	0.0
AML_138_01	AGI-6780	AGI-6780_AML_138_01	226.41231	1.5
AML_139_01	AGI-6780	AGI-6780_AML_139_01	241.53775	2.0
AML_140_01	AGI-6780	AGI-6780_AML_140_01	238.7843	0.7
AML_142_01	AGI-6780	AGI-6780_AML_142_01	217.21925	0.0
AML_143_01	AGI-6780	AGI-6780_AML_143_01	232.48769	0.0
AML_144_01	AGI-6780	AGI-6780_AML_144_01	238.94962	0.2
AML_146_01	AGI-6780	AGI-6780_AML_146_01	231.66817	0.0
AML_147_01	AGI-6780	AGI-6780_AML_147_01	236.73491	0.3
AML_151_01	AGI-6780	AGI-6780_AML_151_01	229.51178	0.3
AML_152_01	AGI-6780	AGI-6780_AML_152_01	233.11719	0.5
AML_153_01	AGI-6780	AGI-6780_AML_153_01	213.04433	0.0
AML_156_01	AGI-6780	AGI-6780_AML_156_01	226.19748	1.1
AML_157_01	AGI-6780	AGI-6780_AML_157_01	232.92162	2.8
AML_157_02	AGI-6780	AGI-6780_AML_157_02	234.52626	1.0
AML_158_01	AGI-6780	AGI-6780_AML_158_01	239.97737	0.6
AML_159_01	AGI-6780	AGI-6780_AML_159_01	235.97208	0.7
AML_160_01	AGI-6780	AGI-6780_AML_160_01	231.08456	0.1
AML_161_01	AGI-6780	AGI-6780_AML_161_01	223.5662	0.0
AML_183_01	AGI-6780	AGI-6780_AML_183_01	237.89873	0.1
AML_183_02	AGI-6780	AGI-6780_AML_183_02	230.3143	1.6
AML_183_03	AGI-6780	AGI-6780_AML_183_03	228.28181	0.3
AML_001_01	Alisertib	Alisertib_AML_001_01	236.25961	0.0
AML_001_03	Alisertib	Alisertib_AML_001_03	233.65128	18.8
AML_002_01	Alisertib	Alisertib_AML_002_01	225.13542	1.3
AML_003_02	Alisertib	Alisertib_AML_003_02	218.93687	10.5
AML_004_01	Alisertib	Alisertib_AML_004_01	231.81537	8.9
AML_006_02	Alisertib	Alisertib_AML_006_02	229.83371	0.5
AML_007_01	Alisertib	Alisertib_AML_007_01	233.07162	4.7
AML_007_02	Alisertib	Alisertib_AML_007_02	234.46065	3.2
AML_012_01	Alisertib	Alisertib_AML_012_01	219.3266	3.0
AML_013_01	Alisertib	Alisertib_AML_013_01	222.6957	11.1
AML_014_01	Alisertib	Alisertib_AML_014_01	230.96814	7.4
AML_015_01	Alisertib	Alisertib_AML_015_01	234.12102	12.6
AML_015_02	Alisertib	Alisertib_AML_015_02	228.6791	6.0
AML_015_03	Alisertib	Alisertib_AML_015_03	233.44011	12.4
AML_015_04	Alisertib	Alisertib_AML_015_04	227.62631	5.7
AML_018_01	Alisertib	Alisertib_AML_018_01	222.81435	22.4
AML_019_01	Alisertib	Alisertib_AML_019_01	220.47644	3.9
AML_020_01	Alisertib	Alisertib_AML_020_01	230.51515	0.0
AML_022_01	Alisertib	Alisertib_AML_022_01	226.66397	0.8
AML_023_01	Alisertib	Alisertib_AML_023_01	225.27266	3.6
AML_023_03	Alisertib	Alisertib_AML_023_03	223.22954	2.6
AML_023_04	Alisertib	Alisertib_AML_023_04	225.06273	8.6
AML_024_01	Alisertib	Alisertib_AML_024_01	231.17561	12.9
AML_025_01	Alisertib	Alisertib_AML_025_01	236.60959	2.0
AML_026_01	Alisertib	Alisertib_AML_026_01	234.71873	1.7
AML_028_01	Alisertib	Alisertib_AML_028_01	229.50969	6.5
AML_028_04	Alisertib	Alisertib_AML_028_04	215.85245	4.3
AML_029_01	Alisertib	Alisertib_AML_029_01	227.96208	4.6
AML_030_01	Alisertib	Alisertib_AML_030_01	223.88138	2.2
AML_032_01	Alisertib	Alisertib_AML_032_01	230.64604	6.0
AML_033_01	Alisertib	Alisertib_AML_033_01	226.31119	18.3
AML_033_02	Alisertib	Alisertib_AML_033_02	213.08873	13.3
AML_035_02	Alisertib	Alisertib_AML_035_02	233.82216	13.9
AML_035_04	Alisertib	Alisertib_AML_035_04	221.40523	12.7
AML_036_01	Alisertib	Alisertib_AML_036_01	234.01251	9.4
AML_040_01	Alisertib	Alisertib_AML_040_01	227.44019	5.0
AML_041_01	Alisertib	Alisertib_AML_041_01	230.34193	5.1
AML_042_01	Alisertib	Alisertib_AML_042_01	230.75009	5.3
AML_043_02	Alisertib	Alisertib_AML_043_02	220.49324	13.2
AML_045_01	Alisertib	Alisertib_AML_045_01	231.32544	0.0
AML_046_01	Alisertib	Alisertib_AML_046_01	219.94153	11.3
AML_051_01	Alisertib	Alisertib_AML_051_01	225.11507	0.0
AML_052_01	Alisertib	Alisertib_AML_052_01	229.55487	9.8
AML_053_01	Alisertib	Alisertib_AML_053_01	240.0253	3.3
AML_054_01	Alisertib	Alisertib_AML_054_01	222.3914	1.5
AML_057_01	Alisertib	Alisertib_AML_057_01	233.41522	3.1
AML_058_01	Alisertib	Alisertib_AML_058_01	230.15944	7.9
AML_059_01	Alisertib	Alisertib_AML_059_01	228.08391	6.7
AML_060_01	Alisertib	Alisertib_AML_060_01	225.363	0.5
AML_061_01	Alisertib	Alisertib_AML_061_01	227.66309	3.7
AML_062_01	Alisertib	Alisertib_AML_062_01	222.51122	12.8
AML_064_01	Alisertib	Alisertib_AML_064_01	228.15701	0.0
AML_065_01	Alisertib	Alisertib_AML_065_01	224.90445	6.0
AML_067_01	Alisertib	Alisertib_AML_067_01	229.88762	3.8
AML_070_01	Alisertib	Alisertib_AML_070_01	230.73071	2.5
AML_072_01	Alisertib	Alisertib_AML_072_01	232.53746	3.1
AML_073_01	Alisertib	Alisertib_AML_073_01	229.20125	6.8
AML_074_01	Alisertib	Alisertib_AML_074_01	230.43666	1.9
AML_075_01	Alisertib	Alisertib_AML_075_01	228.41145	4.4
AML_076_01	Alisertib	Alisertib_AML_076_01	229.3311	6.5
AML_076_02	Alisertib	Alisertib_AML_076_02	220.79408	3.5
AML_077_01	Alisertib	Alisertib_AML_077_01	228.47212	10.8
AML_078_02	Alisertib	Alisertib_AML_078_02	231.19572	4.5
AML_084_01	Alisertib	Alisertib_AML_084_01	221.87563	1.9
AML_086_02	Alisertib	Alisertib_AML_086_02	229.07062	7.0
AML_098_01	Alisertib	Alisertib_AML_098_01	228.08003	8.2
AML_100_01	Alisertib	Alisertib_AML_100_01	230.96854	2.3
AML_101_01	Alisertib	Alisertib_AML_101_01	219.3851	5.3
AML_101_02	Alisertib	Alisertib_AML_101_02	229.11478	0.7
AML_102_01	Alisertib	Alisertib_AML_102_01	225.13745	2.9
AML_103_01	Alisertib	Alisertib_AML_103_01	219.83331	2.9
AML_103_02	Alisertib	Alisertib_AML_103_02	218.80933	10.1
AML_104_01	Alisertib	Alisertib_AML_104_01	232.0243	3.3
AML_108_01	Alisertib	Alisertib_AML_108_01	229.45123	4.1
AML_109_01	Alisertib	Alisertib_AML_109_01	219.40913	3.3
AML_110_01	Alisertib	Alisertib_AML_110_01	229.42094	14.1
AML_112_01	Alisertib	Alisertib_AML_112_01	226.23732	3.8
AML_112_02	Alisertib	Alisertib_AML_112_02	228.37323	1.3
AML_113_01	Alisertib	Alisertib_AML_113_01	226.29794	15.0
AML_114_01	Alisertib	Alisertib_AML_114_01	225.88594	3.4
AML_115_01	Alisertib	Alisertib_AML_115_01	225.70598	4.8
AML_116_01	Alisertib	Alisertib_AML_116_01	227.33485	1.3
AML_117_01	Alisertib	Alisertib_AML_117_01	231.45923	3.2
AML_119_01	Alisertib	Alisertib_AML_119_01	224.33905	2.5
AML_120_01	Alisertib	Alisertib_AML_120_01	228.94759	8.4
AML_120_03	Alisertib	Alisertib_AML_120_03	228.74417	13.0
AML_122_01	Alisertib	Alisertib_AML_122_01	232.76018	3.8
AML_123_01	Alisertib	Alisertib_AML_123_01	234.88982	7.4
AML_124_01	Alisertib	Alisertib_AML_124_01	232.98769	17.8
AML_125_01	Alisertib	Alisertib_AML_125_01	230.61282	12.8
AML_126_01	Alisertib	Alisertib_AML_126_01	227.33032	5.1
AML_127_01	Alisertib	Alisertib_AML_127_01	227.18478	14.1
AML_128_01	Alisertib	Alisertib_AML_128_01	229.13394	5.3
AML_129_02	Alisertib	Alisertib_AML_129_02	228.86206	3.9
AML_129_03	Alisertib	Alisertib_AML_129_03	226.81882	3.6
AML_131_01	Alisertib	Alisertib_AML_131_01	231.22513	0.4
AML_133_01	Alisertib	Alisertib_AML_133_01	223.83304	3.1
AML_134_01	Alisertib	Alisertib_AML_134_01	222.02661	7.4
AML_135_01	Alisertib	Alisertib_AML_135_01	230.97025	10.2
AML_138_01	Alisertib	Alisertib_AML_138_01	229.49736	3.3
AML_139_01	Alisertib	Alisertib_AML_139_01	237.73569	1.5
AML_140_01	Alisertib	Alisertib_AML_140_01	233.29184	4.9
AML_142_01	Alisertib	Alisertib_AML_142_01	221.3172	3.0
AML_143_01	Alisertib	Alisertib_AML_143_01	231.3602	5.5
AML_144_01	Alisertib	Alisertib_AML_144_01	238.75027	7.3
AML_146_01	Alisertib	Alisertib_AML_146_01	233.0361	0.6
AML_147_01	Alisertib	Alisertib_AML_147_01	234.88786	2.9
AML_151_01	Alisertib	Alisertib_AML_151_01	224.96599	4.0
AML_152_01	Alisertib	Alisertib_AML_152_01	231.44653	8.8
AML_153_01	Alisertib	Alisertib_AML_153_01	219.57602	2.2
AML_156_01	Alisertib	Alisertib_AML_156_01	224.2557	5.0
AML_157_01	Alisertib	Alisertib_AML_157_01	231.61374	10.1
AML_157_02	Alisertib	Alisertib_AML_157_02	232.62856	20.8
AML_158_01	Alisertib	Alisertib_AML_158_01	237.22772	2.0
AML_159_01	Alisertib	Alisertib_AML_159_01	234.13844	6.6
AML_160_01	Alisertib	Alisertib_AML_160_01	227.74965	2.5
AML_161_01	Alisertib	Alisertib_AML_161_01	225.72571	20.0
AML_175_01	Alisertib	Alisertib_AML_175_01	232.37079	0.7
AML_179_01	Alisertib	Alisertib_AML_179_01	223.80984	0.0
AML_183_01	Alisertib	Alisertib_AML_183_01	235.75882	4.3
AML_183_02	Alisertib	Alisertib_AML_183_02	226.15118	1.9
AML_183_03	Alisertib	Alisertib_AML_183_03	225.23541	2.3
AML_184_01	Alisertib	Alisertib_AML_184_01	228.35228	5.0
AML_185_01	Alisertib	Alisertib_AML_185_01	231.77856	0.0
AML_004_01	AT7519	AT7519_AML_004_01	152.81262	21.8
AML_019_01	AT7519	AT7519_AML_019_01	166.45348	26.9
AML_025_01	AT7519	AT7519_AML_025_01	164.75516	20.6
AML_026_01	AT7519	AT7519_AML_026_01	158.86177	16.0
AML_029_01	AT7519	AT7519_AML_029_01	156.46815	23.8
AML_030_01	AT7519	AT7519_AML_030_01	153.61194	18.4
AML_033_01	AT7519	AT7519_AML_033_01	163.57257	21.2
AML_033_02	AT7519	AT7519_AML_033_02	163.95361	19.3
AML_041_01	AT7519	AT7519_AML_041_01	156.23254	10.1
AML_042_01	AT7519	AT7519_AML_042_01	158.40233	15.4
AML_043_02	AT7519	AT7519_AML_043_02	171.13658	19.5
AML_046_01	AT7519	AT7519_AML_046_01	154.2476	23.9
AML_052_01	AT7519	AT7519_AML_052_01	158.48495	21.8
AML_057_01	AT7519	AT7519_AML_057_01	154.76181	18.1
AML_058_01	AT7519	AT7519_AML_058_01	151.60657	17.0
AML_059_01	AT7519	AT7519_AML_059_01	153.47711	21.2
AML_060_01	AT7519	AT7519_AML_060_01	166.10799	22.1
AML_061_01	AT7519	AT7519_AML_061_01	152.46953	22.1
AML_062_01	AT7519	AT7519_AML_062_01	150.21895	22.5
AML_064_01	AT7519	AT7519_AML_064_01	155.43173	22.5
AML_065_01	AT7519	AT7519_AML_065_01	149.37146	19.3
AML_067_01	AT7519	AT7519_AML_067_01	153.8079	20.3
AML_070_01	AT7519	AT7519_AML_070_01	156.4388	12.6
AML_072_01	AT7519	AT7519_AML_072_01	164.57303	15.8
AML_073_01	AT7519	AT7519_AML_073_01	167.32666	3.3
AML_074_01	AT7519	AT7519_AML_074_01	149.44968	21.5
AML_075_01	AT7519	AT7519_AML_075_01	149.85194	18.3
AML_076_01	AT7519	AT7519_AML_076_01	161.55687	13.3
AML_077_01	AT7519	AT7519_AML_077_01	158.88814	21.0
AML_078_02	AT7519	AT7519_AML_078_02	158.35976	23.9
AML_086_02	AT7519	AT7519_AML_086_02	168.2044	0.0
AML_098_01	AT7519	AT7519_AML_098_01	148.64853	22.8
AML_100_01	AT7519	AT7519_AML_100_01	149.40283	17.9
AML_101_01	AT7519	AT7519_AML_101_01	161.80972	22.1
AML_101_02	AT7519	AT7519_AML_101_02	174.13284	15.7
AML_102_01	AT7519	AT7519_AML_102_01	149.0951	21.6
AML_103_01	AT7519	AT7519_AML_103_01	150.24106	23.1
AML_103_02	AT7519	AT7519_AML_103_02	164.16534	26.5
AML_104_01	AT7519	AT7519_AML_104_01	153.25443	17.2
AML_108_01	AT7519	AT7519_AML_108_01	147.46613	27.3
AML_109_01	AT7519	AT7519_AML_109_01	158.96129	25.2
AML_110_01	AT7519	AT7519_AML_110_01	152.13528	19.9
AML_112_01	AT7519	AT7519_AML_112_01	150.30408	23.6
AML_112_02	AT7519	AT7519_AML_112_02	154.9119	25.7
AML_113_01	AT7519	AT7519_AML_113_01	152.70393	34.5
AML_114_01	AT7519	AT7519_AML_114_01	149.68082	25.5
AML_115_01	AT7519	AT7519_AML_115_01	148.09157	19.3
AML_116_01	AT7519	AT7519_AML_116_01	145.26736	24.3
AML_117_01	AT7519	AT7519_AML_117_01	157.48198	18.3
AML_119_01	AT7519	AT7519_AML_119_01	148.53122	23.7
AML_122_01	AT7519	AT7519_AML_122_01	161.92792	24.7
AML_123_01	AT7519	AT7519_AML_123_01	153.843	15.2
AML_124_01	AT7519	AT7519_AML_124_01	157.71861	18.8
AML_125_01	AT7519	AT7519_AML_125_01	157.69334	17.9
AML_126_01	AT7519	AT7519_AML_126_01	159.14447	26.0
AML_127_01	AT7519	AT7519_AML_127_01	146.99663	0.0
AML_128_01	AT7519	AT7519_AML_128_01	163.89069	16.2
AML_131_01	AT7519	AT7519_AML_131_01	153.88411	32.1
AML_133_01	AT7519	AT7519_AML_133_01	170.11491	25.5
AML_134_01	AT7519	AT7519_AML_134_01	175.74602	14.9
AML_135_01	AT7519	AT7519_AML_135_01	158.33038	24.3
AML_138_01	AT7519	AT7519_AML_138_01	171.20032	18.8
AML_139_01	AT7519	AT7519_AML_139_01	157.80235	31.2
AML_140_01	AT7519	AT7519_AML_140_01	153.54607	22.2
AML_142_01	AT7519	AT7519_AML_142_01	170.42117	29.3
AML_143_01	AT7519	AT7519_AML_143_01	155.43294	19.7
AML_144_01	AT7519	AT7519_AML_144_01	163.45242	21.1
AML_146_01	AT7519	AT7519_AML_146_01	160.30533	22.5
AML_147_01	AT7519	AT7519_AML_147_01	156.93379	19.0
AML_151_01	AT7519	AT7519_AML_151_01	150.73137	31.9
AML_152_01	AT7519	AT7519_AML_152_01	154.40602	25.2
AML_153_01	AT7519	AT7519_AML_153_01	171.89714	8.3
AML_156_01	AT7519	AT7519_AML_156_01	157.85202	23.7
AML_157_01	AT7519	AT7519_AML_157_01	153.66454	28.8
AML_157_02	AT7519	AT7519_AML_157_02	155.80261	26.8
AML_158_01	AT7519	AT7519_AML_158_01	160.53712	22.5
AML_159_01	AT7519	AT7519_AML_159_01	161.27399	17.6
AML_160_01	AT7519	AT7519_AML_160_01	155.90865	21.4
AML_161_01	AT7519	AT7519_AML_161_01	161.444	18.7
AML_183_01	AT7519	AT7519_AML_183_01	152.68994	19.8
AML_183_03	AT7519	AT7519_AML_183_03	151.9532	19.9
AML_001_01	Axitinib	Axitinib_AML_001_01	214.92722	0.0
AML_001_03	Axitinib	Axitinib_AML_001_03	212.17993	7.1
AML_002_01	Axitinib	Axitinib_AML_002_01	210.86926	8.3
AML_003_02	Axitinib	Axitinib_AML_003_02	210.48901	4.2
AML_004_01	Axitinib	Axitinib_AML_004_01	208.11029	7.5
AML_006_02	Axitinib	Axitinib_AML_006_02	208.34663	3.9
AML_007_01	Axitinib	Axitinib_AML_007_01	207.54709	1.4
AML_007_02	Axitinib	Axitinib_AML_007_02	211.48055	0.0
AML_012_01	Axitinib	Axitinib_AML_012_01	208.32481	6.4
AML_013_01	Axitinib	Axitinib_AML_013_01	208.12042	2.1
AML_014_01	Axitinib	Axitinib_AML_014_01	209.1815	6.1
AML_015_01	Axitinib	Axitinib_AML_015_01	211.68921	21.0
AML_015_02	Axitinib	Axitinib_AML_015_02	211.18387	15.0
AML_015_03	Axitinib	Axitinib_AML_015_03	208.48555	29.9
AML_015_04	Axitinib	Axitinib_AML_015_04	208.1672	40.7
AML_018_01	Axitinib	Axitinib_AML_018_01	204.72269	5.7
AML_019_01	Axitinib	Axitinib_AML_019_01	210.3433	3.3
AML_020_01	Axitinib	Axitinib_AML_020_01	216.74207	2.9
AML_022_01	Axitinib	Axitinib_AML_022_01	201.06018	3.7
AML_023_01	Axitinib	Axitinib_AML_023_01	201.37332	11.4
AML_023_03	Axitinib	Axitinib_AML_023_03	202.42944	0.0
AML_023_04	Axitinib	Axitinib_AML_023_04	204.98907	8.7
AML_024_01	Axitinib	Axitinib_AML_024_01	213.22247	5.2
AML_025_01	Axitinib	Axitinib_AML_025_01	218.22232	3.8
AML_026_01	Axitinib	Axitinib_AML_026_01	209.70137	2.6
AML_028_01	Axitinib	Axitinib_AML_028_01	210.05917	0.0
AML_028_04	Axitinib	Axitinib_AML_028_04	203.71437	0.7
AML_029_01	Axitinib	Axitinib_AML_029_01	205.92181	1.3
AML_030_01	Axitinib	Axitinib_AML_030_01	196.91086	2.5
AML_032_01	Axitinib	Axitinib_AML_032_01	214.17615	0.1
AML_033_01	Axitinib	Axitinib_AML_033_01	209.17574	11.3
AML_033_02	Axitinib	Axitinib_AML_033_02	201.06226	9.9
AML_035_02	Axitinib	Axitinib_AML_035_02	219.7469	2.7
AML_035_04	Axitinib	Axitinib_AML_035_04	214.18236	0.4
AML_036_01	Axitinib	Axitinib_AML_036_01	206.76581	2.7
AML_040_01	Axitinib	Axitinib_AML_040_01	197.81732	11.3
AML_041_01	Axitinib	Axitinib_AML_041_01	205.43626	6.6
AML_042_01	Axitinib	Axitinib_AML_042_01	208.48141	6.7
AML_043_02	Axitinib	Axitinib_AML_043_02	209.52931	5.4
AML_045_01	Axitinib	Axitinib_AML_045_01	213.6051	1.9
AML_046_01	Axitinib	Axitinib_AML_046_01	200.80966	14.4
AML_051_01	Axitinib	Axitinib_AML_051_01	203.45033	2.8
AML_052_01	Axitinib	Axitinib_AML_052_01	210.37666	3.1
AML_053_01	Axitinib	Axitinib_AML_053_01	221.20207	1.8
AML_054_01	Axitinib	Axitinib_AML_054_01	208.719	7.7
AML_057_01	Axitinib	Axitinib_AML_057_01	205.98874	6.8
AML_058_01	Axitinib	Axitinib_AML_058_01	206.29251	4.6
AML_059_01	Axitinib	Axitinib_AML_059_01	202.89803	6.1
AML_060_01	Axitinib	Axitinib_AML_060_01	211.5811	6.2
AML_061_01	Axitinib	Axitinib_AML_061_01	202.90079	4.9
AML_062_01	Axitinib	Axitinib_AML_062_01	196.73055	7.3
AML_064_01	Axitinib	Axitinib_AML_064_01	203.05258	0.0
AML_065_01	Axitinib	Axitinib_AML_065_01	196.07442	7.4
AML_067_01	Axitinib	Axitinib_AML_067_01	200.52364	7.4
AML_070_01	Axitinib	Axitinib_AML_070_01	207.18611	0.3
AML_072_01	Axitinib	Axitinib_AML_072_01	217.00458	3.7
AML_073_01	Axitinib	Axitinib_AML_073_01	216.02805	4.4
AML_074_01	Axitinib	Axitinib_AML_074_01	200.41461	2.1
AML_075_01	Axitinib	Axitinib_AML_075_01	201.73465	3.0
AML_076_01	Axitinib	Axitinib_AML_076_01	210.61156	4.1
AML_076_02	Axitinib	Axitinib_AML_076_02	196.98373	4.1
AML_077_01	Axitinib	Axitinib_AML_077_01	210.7946	8.0
AML_078_02	Axitinib	Axitinib_AML_078_02	205.55724	0.0
AML_084_01	Axitinib	Axitinib_AML_084_01	203.65729	7.5
AML_086_02	Axitinib	Axitinib_AML_086_02	214.46829	5.0
AML_098_01	Axitinib	Axitinib_AML_098_01	198.53178	4.5
AML_100_01	Axitinib	Axitinib_AML_100_01	205.30032	2.6
AML_101_01	Axitinib	Axitinib_AML_101_01	202.52144	14.9
AML_101_02	Axitinib	Axitinib_AML_101_02	216.47894	0.6
AML_102_01	Axitinib	Axitinib_AML_102_01	196.7317	3.2
AML_103_01	Axitinib	Axitinib_AML_103_01	193.0748	4.1
AML_103_02	Axitinib	Axitinib_AML_103_02	202.73302	6.7
AML_104_01	Axitinib	Axitinib_AML_104_01	204.89473	2.1
AML_108_01	Axitinib	Axitinib_AML_108_01	198.75497	6.3
AML_109_01	Axitinib	Axitinib_AML_109_01	203.40544	0.0
AML_110_01	Axitinib	Axitinib_AML_110_01	205.79927	6.8
AML_112_01	Axitinib	Axitinib_AML_112_01	197.44096	5.1
AML_112_02	Axitinib	Axitinib_AML_112_02	203.05292	5.4
AML_113_01	Axitinib	Axitinib_AML_113_01	205.26886	6.0
AML_114_01	Axitinib	Axitinib_AML_114_01	198.76588	1.0
AML_115_01	Axitinib	Axitinib_AML_115_01	195.67072	13.7
AML_116_01	Axitinib	Axitinib_AML_116_01	200.47491	3.8
AML_117_01	Axitinib	Axitinib_AML_117_01	209.35875	1.8
AML_119_01	Axitinib	Axitinib_AML_119_01	192.70744	1.4
AML_120_01	Axitinib	Axitinib_AML_120_01	206.48204	12.9
AML_120_03	Axitinib	Axitinib_AML_120_03	211.19913	13.1
AML_122_01	Axitinib	Axitinib_AML_122_01	209.152	0.0
AML_123_01	Axitinib	Axitinib_AML_123_01	208.9839	7.3
AML_124_01	Axitinib	Axitinib_AML_124_01	207.4865	7.5
AML_125_01	Axitinib	Axitinib_AML_125_01	210.79747	5.6
AML_126_01	Axitinib	Axitinib_AML_126_01	205.46655	4.8
AML_127_01	Axitinib	Axitinib_AML_127_01	198.98264	3.8
AML_128_01	Axitinib	Axitinib_AML_128_01	212.47778	2.3
AML_129_02	Axitinib	Axitinib_AML_129_02	202.55109	13.2
AML_129_03	Axitinib	Axitinib_AML_129_03	204.06262	4.4
AML_131_01	Axitinib	Axitinib_AML_131_01	204.7091	1.7
AML_133_01	Axitinib	Axitinib_AML_133_01	211.50752	2.8
AML_134_01	Axitinib	Axitinib_AML_134_01	215.26257	0.2
AML_135_01	Axitinib	Axitinib_AML_135_01	212.43785	10.1
AML_138_01	Axitinib	Axitinib_AML_138_01	217.84381	2.6
AML_139_01	Axitinib	Axitinib_AML_139_01	216.50583	1.3
AML_140_01	Axitinib	Axitinib_AML_140_01	207.37044	5.0
AML_142_01	Axitinib	Axitinib_AML_142_01	210.08742	2.8
AML_143_01	Axitinib	Axitinib_AML_143_01	209.36462	1.1
AML_144_01	Axitinib	Axitinib_AML_144_01	219.39928	4.2
AML_146_01	Axitinib	Axitinib_AML_146_01	211.90208	0.1
AML_147_01	Axitinib	Axitinib_AML_147_01	209.92531	6.4
AML_151_01	Axitinib	Axitinib_AML_151_01	199.72932	3.7
AML_152_01	Axitinib	Axitinib_AML_152_01	208.45969	4.4
AML_153_01	Axitinib	Axitinib_AML_153_01	209.7286	1.3
AML_156_01	Axitinib	Axitinib_AML_156_01	204.03357	1.5
AML_157_01	Axitinib	Axitinib_AML_157_01	209.30371	4.3
AML_157_02	Axitinib	Axitinib_AML_157_02	208.03522	9.3
AML_158_01	Axitinib	Axitinib_AML_158_01	217.77066	4.6
AML_159_01	Axitinib	Axitinib_AML_159_01	214.74779	5.9
AML_160_01	Axitinib	Axitinib_AML_160_01	202.71112	4.0
AML_161_01	Axitinib	Axitinib_AML_161_01	208.46034	5.4
AML_175_01	Axitinib	Axitinib_AML_175_01	204.93942	1.2
AML_179_01	Axitinib	Axitinib_AML_179_01	209.42079	4.1
AML_183_01	Axitinib	Axitinib_AML_183_01	208.25604	3.5
AML_183_02	Axitinib	Axitinib_AML_183_02	196.4566	0.2
AML_183_03	Axitinib	Axitinib_AML_183_03	200.28645	0.8
AML_184_01	Axitinib	Axitinib_AML_184_01	196.8192	8.6
AML_185_01	Axitinib	Axitinib_AML_185_01	220.42677	3.8
AML_001_03	AZD1480	AZD1480_AML_001_03	226.53462	3.7
AML_003_02	AZD1480	AZD1480_AML_003_02	215.51237	10.6
AML_004_01	AZD1480	AZD1480_AML_004_01	225.94048	8.4
AML_006_02	AZD1480	AZD1480_AML_006_02	222.6724	0.0
AML_007_01	AZD1480	AZD1480_AML_007_01	224.97083	0.1
AML_007_02	AZD1480	AZD1480_AML_007_02	227.30446	0.0
AML_012_01	AZD1480	AZD1480_AML_012_01	221.06	3.9
AML_013_01	AZD1480	AZD1480_AML_013_01	224.10089	6.8
AML_014_01	AZD1480	AZD1480_AML_014_01	227.52914	0.0
AML_015_01	AZD1480	AZD1480_AML_015_01	227.58536	4.0
AML_015_02	AZD1480	AZD1480_AML_015_02	221.96729	2.4
AML_015_03	AZD1480	AZD1480_AML_015_03	227.91237	2.6
AML_015_04	AZD1480	AZD1480_AML_015_04	222.01414	3.6
AML_018_01	AZD1480	AZD1480_AML_018_01	219.71051	20.8
AML_019_01	AZD1480	AZD1480_AML_019_01	219.91681	2.6
AML_020_01	AZD1480	AZD1480_AML_020_01	228.38057	0.0
AML_023_04	AZD1480	AZD1480_AML_023_04	219.66594	0.5
AML_024_01	AZD1480	AZD1480_AML_024_01	227.12192	7.5
AML_025_01	AZD1480	AZD1480_AML_025_01	232.96272	6.8
AML_026_01	AZD1480	AZD1480_AML_026_01	228.7373	3.5
AML_028_01	AZD1480	AZD1480_AML_028_01	225.19138	2.5
AML_028_04	AZD1480	AZD1480_AML_028_04	213.09319	5.4
AML_029_01	AZD1480	AZD1480_AML_029_01	220.96277	3.7
AML_030_01	AZD1480	AZD1480_AML_030_01	216.13654	1.9
AML_032_01	AZD1480	AZD1480_AML_032_01	227.85396	6.0
AML_033_01	AZD1480	AZD1480_AML_033_01	223.76208	12.4
AML_033_02	AZD1480	AZD1480_AML_033_02	213.11342	11.4
AML_035_02	AZD1480	AZD1480_AML_035_02	232.53185	6.7
AML_035_04	AZD1480	AZD1480_AML_035_04	222.75931	5.3
AML_036_01	AZD1480	AZD1480_AML_036_01	227.39717	5.1
AML_040_01	AZD1480	AZD1480_AML_040_01	222.20561	4.3
AML_041_01	AZD1480	AZD1480_AML_041_01	221.47163	0.7
AML_042_01	AZD1480	AZD1480_AML_042_01	221.48506	3.2
AML_043_02	AZD1480	AZD1480_AML_043_02	222.31953	9.6
AML_045_01	AZD1480	AZD1480_AML_045_01	226.94392	0.0
AML_046_01	AZD1480	AZD1480_AML_046_01	215.65784	9.2
AML_051_01	AZD1480	AZD1480_AML_051_01	220.50508	0.2
AML_052_01	AZD1480	AZD1480_AML_052_01	226.99031	3.9
AML_053_01	AZD1480	AZD1480_AML_053_01	233.74086	0.2
AML_054_01	AZD1480	AZD1480_AML_054_01	221.74419	0.3
AML_057_01	AZD1480	AZD1480_AML_057_01	225.8739	4.3
AML_058_01	AZD1480	AZD1480_AML_058_01	225.46288	0.0
AML_059_01	AZD1480	AZD1480_AML_059_01	222.10463	1.5
AML_060_01	AZD1480	AZD1480_AML_060_01	225.81123	0.0
AML_061_01	AZD1480	AZD1480_AML_061_01	221.61009	0.0
AML_062_01	AZD1480	AZD1480_AML_062_01	214.66608	5.9
AML_064_01	AZD1480	AZD1480_AML_064_01	219.62416	0.0
AML_065_01	AZD1480	AZD1480_AML_065_01	216.54341	3.5
AML_067_01	AZD1480	AZD1480_AML_067_01	220.26825	1.4
AML_070_01	AZD1480	AZD1480_AML_070_01	222.10262	1.9
AML_072_01	AZD1480	AZD1480_AML_072_01	230.33858	0.0
AML_073_01	AZD1480	AZD1480_AML_073_01	227.02042	0.1
AML_074_01	AZD1480	AZD1480_AML_074_01	223.25029	3.4
AML_075_01	AZD1480	AZD1480_AML_075_01	217.96355	0.0
AML_076_01	AZD1480	AZD1480_AML_076_01	222.61522	5.8
AML_076_02	AZD1480	AZD1480_AML_076_02	215.2329	5.7
AML_077_01	AZD1480	AZD1480_AML_077_01	220.88315	5.8
AML_078_02	AZD1480	AZD1480_AML_078_02	221.44151	2.2
AML_084_01	AZD1480	AZD1480_AML_084_01	215.97649	2.9
AML_086_02	AZD1480	AZD1480_AML_086_02	225.95781	5.9
AML_098_01	AZD1480	AZD1480_AML_098_01	219.73827	4.9
AML_100_01	AZD1480	AZD1480_AML_100_01	223.06665	3.2
AML_101_01	AZD1480	AZD1480_AML_101_01	216.1096	9.2
AML_101_02	AZD1480	AZD1480_AML_101_02	227.29242	0.6
AML_102_01	AZD1480	AZD1480_AML_102_01	216.04694	0.6
AML_103_01	AZD1480	AZD1480_AML_103_01	211.5798	6.6
AML_103_02	AZD1480	AZD1480_AML_103_02	217.05144	9.1
AML_104_01	AZD1480	AZD1480_AML_104_01	223.9711	5.2
AML_108_01	AZD1480	AZD1480_AML_108_01	219.57425	5.9
AML_109_01	AZD1480	AZD1480_AML_109_01	215.09526	0.2
AML_110_01	AZD1480	AZD1480_AML_110_01	221.6625	8.2
AML_112_01	AZD1480	AZD1480_AML_112_01	217.25446	1.1
AML_112_02	AZD1480	AZD1480_AML_112_02	221.48395	1.8
AML_113_01	AZD1480	AZD1480_AML_113_01	220.13724	10.8
AML_114_01	AZD1480	AZD1480_AML_114_01	217.5267	4.1
AML_115_01	AZD1480	AZD1480_AML_115_01	218.6543	7.7
AML_116_01	AZD1480	AZD1480_AML_116_01	219.33003	9.4
AML_117_01	AZD1480	AZD1480_AML_117_01	226.05823	2.7
AML_119_01	AZD1480	AZD1480_AML_119_01	214.25188	7.1
AML_120_03	AZD1480	AZD1480_AML_120_03	224.62773	1.8
AML_122_01	AZD1480	AZD1480_AML_122_01	223.75284	0.0
AML_123_01	AZD1480	AZD1480_AML_123_01	226.33499	4.3
AML_124_01	AZD1480	AZD1480_AML_124_01	225.14168	6.6
AML_125_01	AZD1480	AZD1480_AML_125_01	226.00395	5.5
AML_126_01	AZD1480	AZD1480_AML_126_01	219.50485	10.0
AML_127_01	AZD1480	AZD1480_AML_127_01	220.11356	6.3
AML_128_01	AZD1480	AZD1480_AML_128_01	224.9839	5.8
AML_131_01	AZD1480	AZD1480_AML_131_01	224.81822	4.3
AML_133_01	AZD1480	AZD1480_AML_133_01	223.84283	8.6
AML_134_01	AZD1480	AZD1480_AML_134_01	220.93134	6.2
AML_135_01	AZD1480	AZD1480_AML_135_01	228.0793	3.7
AML_138_01	AZD1480	AZD1480_AML_138_01	228.14027	7.0
AML_139_01	AZD1480	AZD1480_AML_139_01	235.44601	6.4
AML_140_01	AZD1480	AZD1480_AML_140_01	229.1528	5.3
AML_142_01	AZD1480	AZD1480_AML_142_01	222.56467	11.1
AML_143_01	AZD1480	AZD1480_AML_143_01	224.31857	3.2
AML_144_01	AZD1480	AZD1480_AML_144_01	235.18057	4.7
AML_146_01	AZD1480	AZD1480_AML_146_01	229.43692	2.9
AML_147_01	AZD1480	AZD1480_AML_147_01	229.50633	4.2
AML_151_01	AZD1480	AZD1480_AML_151_01	221.37527	6.3
AML_152_01	AZD1480	AZD1480_AML_152_01	227.47597	7.0
AML_153_01	AZD1480	AZD1480_AML_153_01	217.85217	0.0
AML_156_01	AZD1480	AZD1480_AML_156_01	220.37988	6.6
AML_157_01	AZD1480	AZD1480_AML_157_01	225.64746	6.4
AML_157_02	AZD1480	AZD1480_AML_157_02	225.48488	6.2
AML_158_01	AZD1480	AZD1480_AML_158_01	232.26445	4.5
AML_159_01	AZD1480	AZD1480_AML_159_01	228.93411	5.5
AML_160_01	AZD1480	AZD1480_AML_160_01	222.09586	5.5
AML_161_01	AZD1480	AZD1480_AML_161_01	222.5211	8.9
AML_175_01	AZD1480	AZD1480_AML_175_01	224.25835	1.4
AML_183_01	AZD1480	AZD1480_AML_183_01	227.80019	3.8
AML_183_02	AZD1480	AZD1480_AML_183_02	216.544	5.2
AML_183_03	AZD1480	AZD1480_AML_183_03	217.4122	3.2
AML_001_01	AZD1152-HQPA	AZD1152-HQPA_AML_001_01	223.74582	0.0
AML_001_03	AZD1152-HQPA	AZD1152-HQPA_AML_001_03	223.39925	8.5
AML_002_01	AZD1152-HQPA	AZD1152-HQPA_AML_002_01	208.66884	0.0
AML_003_02	AZD1152-HQPA	AZD1152-HQPA_AML_003_02	201.87115	0.0
AML_004_01	AZD1152-HQPA	AZD1152-HQPA_AML_004_01	217.57864	5.3
AML_006_02	AZD1152-HQPA	AZD1152-HQPA_AML_006_02	217.3304	0.0
AML_007_01	AZD1152-HQPA	AZD1152-HQPA_AML_007_01	223.11568	6.6
AML_007_02	AZD1152-HQPA	AZD1152-HQPA_AML_007_02	223.61888	2.7
AML_012_01	AZD1152-HQPA	AZD1152-HQPA_AML_012_01	196.33177	6.8
AML_013_01	AZD1152-HQPA	AZD1152-HQPA_AML_013_01	202.18	4.3
AML_014_01	AZD1152-HQPA	AZD1152-HQPA_AML_014_01	214.01543	8.9
AML_015_01	AZD1152-HQPA	AZD1152-HQPA_AML_015_01	216.4392	7.7
AML_015_02	AZD1152-HQPA	AZD1152-HQPA_AML_015_02	218.61	2.2
AML_015_03	AZD1152-HQPA	AZD1152-HQPA_AML_015_03	218.10577	4.1
AML_015_04	AZD1152-HQPA	AZD1152-HQPA_AML_015_04	208.54297	2.3
AML_018_01	AZD1152-HQPA	AZD1152-HQPA_AML_018_01	204.58867	14.1
AML_019_01	AZD1152-HQPA	AZD1152-HQPA_AML_019_01	202.2183	0.0
AML_020_01	AZD1152-HQPA	AZD1152-HQPA_AML_020_01	212.46342	0.0
AML_022_01	AZD1152-HQPA	AZD1152-HQPA_AML_022_01	214.88992	3.3
AML_023_01	AZD1152-HQPA	AZD1152-HQPA_AML_023_01	214.42279	2.9
AML_023_03	AZD1152-HQPA	AZD1152-HQPA_AML_023_03	211.55888	0.2
AML_023_04	AZD1152-HQPA	AZD1152-HQPA_AML_023_04	211.32465	6.7
AML_024_01	AZD1152-HQPA	AZD1152-HQPA_AML_024_01	215.75714	7.7
AML_025_01	AZD1152-HQPA	AZD1152-HQPA_AML_025_01	225.39128	0.0
AML_026_01	AZD1152-HQPA	AZD1152-HQPA_AML_026_01	224.16457	0.0
AML_028_01	AZD1152-HQPA	AZD1152-HQPA_AML_028_01	215.1837	2.6
AML_028_04	AZD1152-HQPA	AZD1152-HQPA_AML_028_04	197.23582	8.6
AML_029_01	AZD1152-HQPA	AZD1152-HQPA_AML_029_01	215.64697	0.0
AML_030_01	AZD1152-HQPA	AZD1152-HQPA_AML_030_01	212.26909	0.0
AML_032_01	AZD1152-HQPA	AZD1152-HQPA_AML_032_01	215.8973	5.9
AML_033_01	AZD1152-HQPA	AZD1152-HQPA_AML_033_01	210.16478	15.7
AML_033_02	AZD1152-HQPA	AZD1152-HQPA_AML_033_02	189.98277	12.1
AML_035_02	AZD1152-HQPA	AZD1152-HQPA_AML_035_02	219.35326	3.2
AML_035_04	AZD1152-HQPA	AZD1152-HQPA_AML_035_04	203.67128	0.0
AML_036_01	AZD1152-HQPA	AZD1152-HQPA_AML_036_01	221.54463	4.9
AML_040_01	AZD1152-HQPA	AZD1152-HQPA_AML_040_01	212.11736	0.1
AML_041_01	AZD1152-HQPA	AZD1152-HQPA_AML_041_01	220.81053	0.0
AML_042_01	AZD1152-HQPA	AZD1152-HQPA_AML_042_01	220.99738	0.0
AML_043_02	AZD1152-HQPA	AZD1152-HQPA_AML_043_02	195.53505	10.8
AML_045_01	AZD1152-HQPA	AZD1152-HQPA_AML_045_01	218.84264	0.0
AML_046_01	AZD1152-HQPA	AZD1152-HQPA_AML_046_01	200.21474	12.6
AML_051_01	AZD1152-HQPA	AZD1152-HQPA_AML_051_01	210.11478	2.1
AML_052_01	AZD1152-HQPA	AZD1152-HQPA_AML_052_01	214.47237	5.8
AML_053_01	AZD1152-HQPA	AZD1152-HQPA_AML_053_01	229.09781	0.2
AML_054_01	AZD1152-HQPA	AZD1152-HQPA_AML_054_01	201.06622	0.0
AML_057_01	AZD1152-HQPA	AZD1152-HQPA_AML_057_01	221.47513	0.0
AML_058_01	AZD1152-HQPA	AZD1152-HQPA_AML_058_01	213.53622	3.0
AML_059_01	AZD1152-HQPA	AZD1152-HQPA_AML_059_01	211.26329	0.2
AML_060_01	AZD1152-HQPA	AZD1152-HQPA_AML_060_01	209.07033	0.0
AML_061_01	AZD1152-HQPA	AZD1152-HQPA_AML_061_01	211.23508	0.8
AML_062_01	AZD1152-HQPA	AZD1152-HQPA_AML_062_01	211.23497	1.1
AML_064_01	AZD1152-HQPA	AZD1152-HQPA_AML_064_01	217.04343	0.0
AML_065_01	AZD1152-HQPA	AZD1152-HQPA_AML_065_01	209.56403	2.8
AML_067_01	AZD1152-HQPA	AZD1152-HQPA_AML_067_01	217.5575	0.2
AML_070_01	AZD1152-HQPA	AZD1152-HQPA_AML_070_01	220.20047	3.4
AML_072_01	AZD1152-HQPA	AZD1152-HQPA_AML_072_01	218.64117	0.0
AML_073_01	AZD1152-HQPA	AZD1152-HQPA_AML_073_01	216.92876	0.0
AML_074_01	AZD1152-HQPA	AZD1152-HQPA_AML_074_01	216.43855	0.0
AML_075_01	AZD1152-HQPA	AZD1152-HQPA_AML_075_01	215.62508	0.0
AML_076_01	AZD1152-HQPA	AZD1152-HQPA_AML_076_01	219.47234	1.1
AML_076_02	AZD1152-HQPA	AZD1152-HQPA_AML_076_02	204.59111	0.0
AML_077_01	AZD1152-HQPA	AZD1152-HQPA_AML_077_01	215.31442	9.7
AML_078_02	AZD1152-HQPA	AZD1152-HQPA_AML_078_02	220.42502	0.0
AML_084_01	AZD1152-HQPA	AZD1152-HQPA_AML_084_01	208.31424	0.0
AML_086_02	AZD1152-HQPA	AZD1152-HQPA_AML_086_02	212.90012	0.4
AML_098_01	AZD1152-HQPA	AZD1152-HQPA_AML_098_01	216.598	4.3
AML_100_01	AZD1152-HQPA	AZD1152-HQPA_AML_100_01	218.49455	0.0
AML_101_01	AZD1152-HQPA	AZD1152-HQPA_AML_101_01	203.3387	2.9
AML_101_02	AZD1152-HQPA	AZD1152-HQPA_AML_101_02	214.55278	0.0
AML_102_01	AZD1152-HQPA	AZD1152-HQPA_AML_102_01	212.73802	0.0
AML_103_01	AZD1152-HQPA	AZD1152-HQPA_AML_103_01	209.65262	0.0
AML_103_02	AZD1152-HQPA	AZD1152-HQPA_AML_103_02	198.59566	8.0
AML_104_01	AZD1152-HQPA	AZD1152-HQPA_AML_104_01	220.42955	0.0
AML_108_01	AZD1152-HQPA	AZD1152-HQPA_AML_108_01	217.6176	1.5
AML_109_01	AZD1152-HQPA	AZD1152-HQPA_AML_109_01	202.6327	0.0
AML_110_01	AZD1152-HQPA	AZD1152-HQPA_AML_110_01	218.09705	5.6
AML_112_01	AZD1152-HQPA	AZD1152-HQPA_AML_112_01	215.65616	0.0
AML_112_02	AZD1152-HQPA	AZD1152-HQPA_AML_112_02	218.06537	0.0
AML_113_01	AZD1152-HQPA	AZD1152-HQPA_AML_113_01	207.90308	13.4
AML_114_01	AZD1152-HQPA	AZD1152-HQPA_AML_114_01	212.7248	0.0
AML_115_01	AZD1152-HQPA	AZD1152-HQPA_AML_115_01	211.4085	0.0
AML_116_01	AZD1152-HQPA	AZD1152-HQPA_AML_116_01	213.41052	0.0
AML_117_01	AZD1152-HQPA	AZD1152-HQPA_AML_117_01	219.42055	0.0
AML_119_01	AZD1152-HQPA	AZD1152-HQPA_AML_119_01	210.12323	0.0
AML_120_01	AZD1152-HQPA	AZD1152-HQPA_AML_120_01	216.17499	14.2
AML_120_03	AZD1152-HQPA	AZD1152-HQPA_AML_120_03	217.46175	13.8
AML_122_01	AZD1152-HQPA	AZD1152-HQPA_AML_122_01	222.39865	0.2
AML_123_01	AZD1152-HQPA	AZD1152-HQPA_AML_123_01	221.8795	1.4
AML_124_01	AZD1152-HQPA	AZD1152-HQPA_AML_124_01	220.15746	17.6
AML_125_01	AZD1152-HQPA	AZD1152-HQPA_AML_125_01	215.15872	9.1
AML_126_01	AZD1152-HQPA	AZD1152-HQPA_AML_126_01	214.90279	1.8
AML_127_01	AZD1152-HQPA	AZD1152-HQPA_AML_127_01	214.21474	6.2
AML_128_01	AZD1152-HQPA	AZD1152-HQPA_AML_128_01	217.40593	0.7
AML_129_02	AZD1152-HQPA	AZD1152-HQPA_AML_129_02	212.12325	12.8
AML_129_03	AZD1152-HQPA	AZD1152-HQPA_AML_129_03	207.60185	1.9
AML_131_01	AZD1152-HQPA	AZD1152-HQPA_AML_131_01	220.67577	0.0
AML_133_01	AZD1152-HQPA	AZD1152-HQPA_AML_133_01	204.10774	1.3
AML_134_01	AZD1152-HQPA	AZD1152-HQPA_AML_134_01	208.09915	0.0
AML_135_01	AZD1152-HQPA	AZD1152-HQPA_AML_135_01	214.74956	0.0
AML_138_01	AZD1152-HQPA	AZD1152-HQPA_AML_138_01	215.63326	0.0
AML_139_01	AZD1152-HQPA	AZD1152-HQPA_AML_139_01	223.52902	0.1
AML_140_01	AZD1152-HQPA	AZD1152-HQPA_AML_140_01	219.7634	3.2
AML_142_01	AZD1152-HQPA	AZD1152-HQPA_AML_142_01	199.02426	1.7
AML_143_01	AZD1152-HQPA	AZD1152-HQPA_AML_143_01	217.92207	0.0
AML_144_01	AZD1152-HQPA	AZD1152-HQPA_AML_144_01	225.04475	7.4
AML_146_01	AZD1152-HQPA	AZD1152-HQPA_AML_146_01	220.56613	0.0
AML_147_01	AZD1152-HQPA	AZD1152-HQPA_AML_147_01	221.75365	0.0
AML_151_01	AZD1152-HQPA	AZD1152-HQPA_AML_151_01	209.42523	5.3
AML_152_01	AZD1152-HQPA	AZD1152-HQPA_AML_152_01	214.92702	8.5
AML_153_01	AZD1152-HQPA	AZD1152-HQPA_AML_153_01	200.90974	0.0
AML_156_01	AZD1152-HQPA	AZD1152-HQPA_AML_156_01	207.89555	0.1
AML_157_01	AZD1152-HQPA	AZD1152-HQPA_AML_157_01	216.33118	0.7
AML_157_02	AZD1152-HQPA	AZD1152-HQPA_AML_157_02	218.53352	1.0
AML_158_01	AZD1152-HQPA	AZD1152-HQPA_AML_158_01	225.74747	1.4
AML_159_01	AZD1152-HQPA	AZD1152-HQPA_AML_159_01	220.55704	4.7
AML_160_01	AZD1152-HQPA	AZD1152-HQPA_AML_160_01	211.10051	0.0
AML_161_01	AZD1152-HQPA	AZD1152-HQPA_AML_161_01	204.48302	14.3
AML_175_01	AZD1152-HQPA	AZD1152-HQPA_AML_175_01	220.87924	0.0
AML_179_01	AZD1152-HQPA	AZD1152-HQPA_AML_179_01	205.75291	1.8
AML_183_01	AZD1152-HQPA	AZD1152-HQPA_AML_183_01	225.51959	0.9
AML_183_02	AZD1152-HQPA	AZD1152-HQPA_AML_183_02	214.41104	1.0
AML_183_03	AZD1152-HQPA	AZD1152-HQPA_AML_183_03	213.80061	0.0
AML_184_01	AZD1152-HQPA	AZD1152-HQPA_AML_184_01	214.56921	6.1
AML_185_01	AZD1152-HQPA	AZD1152-HQPA_AML_185_01	216.37195	0.0
AML_004_01	Birinapant	Birinapant_AML_004_01	215.67123	9.6
AML_019_01	Birinapant	Birinapant_AML_019_01	212.09105	15.3
AML_025_01	Birinapant	Birinapant_AML_025_01	218.49873	1.4
AML_026_01	Birinapant	Birinapant_AML_026_01	216.50095	3.0
AML_029_01	Birinapant	Birinapant_AML_029_01	210.80354	3.7
AML_030_01	Birinapant	Birinapant_AML_030_01	206.20685	5.3
AML_033_01	Birinapant	Birinapant_AML_033_01	211.97906	16.6
AML_033_02	Birinapant	Birinapant_AML_033_02	208.20567	15.5
AML_041_01	Birinapant	Birinapant_AML_041_01	208.95067	3.5
AML_042_01	Birinapant	Birinapant_AML_042_01	210.30261	3.2
AML_043_02	Birinapant	Birinapant_AML_043_02	213.67412	3.7
AML_046_01	Birinapant	Birinapant_AML_046_01	209.17685	7.9
AML_052_01	Birinapant	Birinapant_AML_052_01	214.35663	5.8
AML_057_01	Birinapant	Birinapant_AML_057_01	213.0226	6.6
AML_058_01	Birinapant	Birinapant_AML_058_01	214.35666	9.3
AML_059_01	Birinapant	Birinapant_AML_059_01	212.0458	7.5
AML_060_01	Birinapant	Birinapant_AML_060_01	216.9271	6.4
AML_061_01	Birinapant	Birinapant_AML_061_01	210.14108	12.4
AML_062_01	Birinapant	Birinapant_AML_062_01	205.09106	11.7
AML_064_01	Birinapant	Birinapant_AML_064_01	207.71716	16.3
AML_065_01	Birinapant	Birinapant_AML_065_01	207.69351	11.6
AML_067_01	Birinapant	Birinapant_AML_067_01	208.89677	10.9
AML_070_01	Birinapant	Birinapant_AML_070_01	209.87572	1.3
AML_072_01	Birinapant	Birinapant_AML_072_01	217.97336	0.7
AML_073_01	Birinapant	Birinapant_AML_073_01	215.45645	0.0
AML_074_01	Birinapant	Birinapant_AML_074_01	210.2922	6.6
AML_075_01	Birinapant	Birinapant_AML_075_01	206.66638	8.0
AML_076_01	Birinapant	Birinapant_AML_076_01	211.1301	4.6
AML_076_02	Birinapant	Birinapant_AML_076_02	207.76392	4.7
AML_077_01	Birinapant	Birinapant_AML_077_01	211.30783	6.8
AML_078_02	Birinapant	Birinapant_AML_078_02	211.32433	2.7
AML_086_02	Birinapant	Birinapant_AML_086_02	214.77615	0.0
AML_098_01	Birinapant	Birinapant_AML_098_01	210.45227	8.6
AML_100_01	Birinapant	Birinapant_AML_100_01	211.44055	3.4
AML_101_01	Birinapant	Birinapant_AML_101_01	209.59789	16.3
AML_101_02	Birinapant	Birinapant_AML_101_02	216.24002	0.1
AML_102_01	Birinapant	Birinapant_AML_102_01	205.83731	1.9
AML_103_01	Birinapant	Birinapant_AML_103_01	201.07835	6.2
AML_103_02	Birinapant	Birinapant_AML_103_02	211.87947	22.2
AML_104_01	Birinapant	Birinapant_AML_104_01	208.94707	3.5
AML_108_01	Birinapant	Birinapant_AML_108_01	206.96811	0.0
AML_109_01	Birinapant	Birinapant_AML_109_01	208.01758	0.0
AML_110_01	Birinapant	Birinapant_AML_110_01	209.98445	1.6
AML_112_01	Birinapant	Birinapant_AML_112_01	206.84062	2.7
AML_112_02	Birinapant	Birinapant_AML_112_02	210.7203	7.5
AML_113_01	Birinapant	Birinapant_AML_113_01	211.24815	2.1
AML_114_01	Birinapant	Birinapant_AML_114_01	206.28496	0.1
AML_115_01	Birinapant	Birinapant_AML_115_01	206.98413	6.6
AML_116_01	Birinapant	Birinapant_AML_116_01	207.7226	4.8
AML_117_01	Birinapant	Birinapant_AML_117_01	214.25931	0.2
AML_119_01	Birinapant	Birinapant_AML_119_01	203.92648	8.1
AML_122_01	Birinapant	Birinapant_AML_122_01	212.10611	4.5
AML_123_01	Birinapant	Birinapant_AML_123_01	215.70831	3.8
AML_124_01	Birinapant	Birinapant_AML_124_01	213.90947	4.8
AML_125_01	Birinapant	Birinapant_AML_125_01	215.67213	5.6
AML_126_01	Birinapant	Birinapant_AML_126_01	211.62596	7.6
AML_127_01	Birinapant	Birinapant_AML_127_01	209.94711	7.5
AML_128_01	Birinapant	Birinapant_AML_128_01	217.57697	1.8
AML_131_01	Birinapant	Birinapant_AML_131_01	210.7482	3.7
AML_133_01	Birinapant	Birinapant_AML_133_01	213.84647	2.8
AML_134_01	Birinapant	Birinapant_AML_134_01	213.92719	0.0
AML_135_01	Birinapant	Birinapant_AML_135_01	216.23758	0.0
AML_138_01	Birinapant	Birinapant_AML_138_01	216.0845	1.9
AML_139_01	Birinapant	Birinapant_AML_139_01	219.8319	2.6
AML_140_01	Birinapant	Birinapant_AML_140_01	215.22061	1.9
AML_142_01	Birinapant	Birinapant_AML_142_01	214.3485	4.5
AML_143_01	Birinapant	Birinapant_AML_143_01	213.67789	8.9
AML_144_01	Birinapant	Birinapant_AML_144_01	222.34953	4.4
AML_146_01	Birinapant	Birinapant_AML_146_01	217.94409	4.9
AML_147_01	Birinapant	Birinapant_AML_147_01	215.08195	4.4
AML_151_01	Birinapant	Birinapant_AML_151_01	212.04218	6.7
AML_152_01	Birinapant	Birinapant_AML_152_01	214.08775	2.6
AML_153_01	Birinapant	Birinapant_AML_153_01	211.82721	0.0
AML_156_01	Birinapant	Birinapant_AML_156_01	212.50406	1.2
AML_157_01	Birinapant	Birinapant_AML_157_01	211.29729	10.3
AML_157_02	Birinapant	Birinapant_AML_157_02	212.20042	14.7
AML_158_01	Birinapant	Birinapant_AML_158_01	218.71136	4.6
AML_159_01	Birinapant	Birinapant_AML_159_01	217.94893	2.5
AML_160_01	Birinapant	Birinapant_AML_160_01	212.2938	10.8
AML_161_01	Birinapant	Birinapant_AML_161_01	214.5995	10.2
AML_183_01	Birinapant	Birinapant_AML_183_01	213.7798	1.0
AML_183_02	Birinapant	Birinapant_AML_183_02	205.5053	6.9
AML_183_03	Birinapant	Birinapant_AML_183_03	206.73982	0.8
AML_001_01	BMS-754807	BMS-754807_AML_001_01	219.47911	0.0
AML_001_03	BMS-754807	BMS-754807_AML_001_03	215.4341	5.8
AML_002_01	BMS-754807	BMS-754807_AML_002_01	213.38873	4.7
AML_003_02	BMS-754807	BMS-754807_AML_003_02	206.31372	18.2
AML_004_01	BMS-754807	BMS-754807_AML_004_01	215.40105	11.7
AML_006_02	BMS-754807	BMS-754807_AML_006_02	212.3335	6.0
AML_007_01	BMS-754807	BMS-754807_AML_007_01	213.60153	6.7
AML_007_02	BMS-754807	BMS-754807_AML_007_02	215.98619	4.3
AML_012_01	BMS-754807	BMS-754807_AML_012_01	209.6411	7.3
AML_013_01	BMS-754807	BMS-754807_AML_013_01	210.01497	23.6
AML_014_01	BMS-754807	BMS-754807_AML_014_01	212.331	14.3
AML_015_01	BMS-754807	BMS-754807_AML_015_01	215.6644	6.3
AML_015_02	BMS-754807	BMS-754807_AML_015_02	213.594	10.3
AML_015_03	BMS-754807	BMS-754807_AML_015_03	214.92267	16.1
AML_015_04	BMS-754807	BMS-754807_AML_015_04	210.70015	6.9
AML_018_01	BMS-754807	BMS-754807_AML_018_01	208.95203	17.3
AML_019_01	BMS-754807	BMS-754807_AML_019_01	210.66179	6.1
AML_020_01	BMS-754807	BMS-754807_AML_020_01	216.27155	5.8
AML_022_01	BMS-754807	BMS-754807_AML_022_01	206.24194	5.5
AML_023_01	BMS-754807	BMS-754807_AML_023_01	206.693	4.8
AML_023_03	BMS-754807	BMS-754807_AML_023_03	207.21776	1.5
AML_023_04	BMS-754807	BMS-754807_AML_023_04	208.60521	8.3
AML_024_01	BMS-754807	BMS-754807_AML_024_01	215.95728	12.2
AML_025_01	BMS-754807	BMS-754807_AML_025_01	220.64687	4.2
AML_026_01	BMS-754807	BMS-754807_AML_026_01	217.29572	3.7
AML_028_01	BMS-754807	BMS-754807_AML_028_01	215.29198	9.1
AML_028_04	BMS-754807	BMS-754807_AML_028_04	205.262	10.3
AML_029_01	BMS-754807	BMS-754807_AML_029_01	210.83733	4.7
AML_030_01	BMS-754807	BMS-754807_AML_030_01	204.74747	3.4
AML_032_01	BMS-754807	BMS-754807_AML_032_01	217.66924	5.0
AML_033_01	BMS-754807	BMS-754807_AML_033_01	210.64061	15.1
AML_033_02	BMS-754807	BMS-754807_AML_033_02	202.71838	14.2
AML_035_02	BMS-754807	BMS-754807_AML_035_02	221.09572	7.7
AML_035_04	BMS-754807	BMS-754807_AML_035_04	211.58394	9.1
AML_036_01	BMS-754807	BMS-754807_AML_036_01	213.96912	6.2
AML_040_01	BMS-754807	BMS-754807_AML_040_01	209.8992	11.9
AML_041_01	BMS-754807	BMS-754807_AML_041_01	211.31723	3.3
AML_042_01	BMS-754807	BMS-754807_AML_042_01	211.39796	12.9
AML_043_02	BMS-754807	BMS-754807_AML_043_02	211.09784	11.3
AML_045_01	BMS-754807	BMS-754807_AML_045_01	216.25826	0.0
AML_046_01	BMS-754807	BMS-754807_AML_046_01	203.82864	25.5
AML_051_01	BMS-754807	BMS-754807_AML_051_01	211.07	0.2
AML_052_01	BMS-754807	BMS-754807_AML_052_01	214.61035	16.2
AML_053_01	BMS-754807	BMS-754807_AML_053_01	223.0111	15.9
AML_054_01	BMS-754807	BMS-754807_AML_054_01	208.8693	20.3
AML_057_01	BMS-754807	BMS-754807_AML_057_01	216.13437	4.5
AML_058_01	BMS-754807	BMS-754807_AML_058_01	213.00334	9.6
AML_059_01	BMS-754807	BMS-754807_AML_059_01	210.52779	10.7
AML_060_01	BMS-754807	BMS-754807_AML_060_01	213.17215	13.8
AML_061_01	BMS-754807	BMS-754807_AML_061_01	208.57149	8.6
AML_062_01	BMS-754807	BMS-754807_AML_062_01	202.71689	4.0
AML_064_01	BMS-754807	BMS-754807_AML_064_01	207.8439	1.4
AML_065_01	BMS-754807	BMS-754807_AML_065_01	204.09502	6.1
AML_067_01	BMS-754807	BMS-754807_AML_067_01	210.44402	4.8
AML_070_01	BMS-754807	BMS-754807_AML_070_01	211.9483	3.5
AML_072_01	BMS-754807	BMS-754807_AML_072_01	219.58932	0.0
AML_073_01	BMS-754807	BMS-754807_AML_073_01	216.18527	2.6
AML_074_01	BMS-754807	BMS-754807_AML_074_01	210.47314	2.2
AML_075_01	BMS-754807	BMS-754807_AML_075_01	206.43175	11.8
AML_076_01	BMS-754807	BMS-754807_AML_076_01	213.25714	2.3
AML_076_02	BMS-754807	BMS-754807_AML_076_02	203.11356	4.2
AML_077_01	BMS-754807	BMS-754807_AML_077_01	211.36145	14.5
AML_078_02	BMS-754807	BMS-754807_AML_078_02	212.21594	8.2
AML_084_01	BMS-754807	BMS-754807_AML_084_01	206.45544	8.2
AML_086_02	BMS-754807	BMS-754807_AML_086_02	215.42606	5.8
AML_098_01	BMS-754807	BMS-754807_AML_098_01	209.41374	8.1
AML_100_01	BMS-754807	BMS-754807_AML_100_01	213.98468	2.9
AML_101_01	BMS-754807	BMS-754807_AML_101_01	205.19315	11.8
AML_101_02	BMS-754807	BMS-754807_AML_101_02	215.84146	2.5
AML_102_01	BMS-754807	BMS-754807_AML_102_01	205.13747	0.0
AML_103_01	BMS-754807	BMS-754807_AML_103_01	199.61502	2.8
AML_103_02	BMS-754807	BMS-754807_AML_103_02	206.53851	9.1
AML_104_01	BMS-754807	BMS-754807_AML_104_01	212.61166	2.3
AML_108_01	BMS-754807	BMS-754807_AML_108_01	208.37015	6.1
AML_109_01	BMS-754807	BMS-754807_AML_109_01	206.05798	7.8
AML_110_01	BMS-754807	BMS-754807_AML_110_01	212.13313	9.8
AML_112_01	BMS-754807	BMS-754807_AML_112_01	206.53976	4.6
AML_112_02	BMS-754807	BMS-754807_AML_112_02	211.01527	2.9
AML_113_01	BMS-754807	BMS-754807_AML_113_01	210.00568	11.1
AML_114_01	BMS-754807	BMS-754807_AML_114_01	206.42032	3.6
AML_115_01	BMS-754807	BMS-754807_AML_115_01	205.83199	4.9
AML_116_01	BMS-754807	BMS-754807_AML_116_01	209.03722	4.0
AML_117_01	BMS-754807	BMS-754807_AML_117_01	215.43471	5.2
AML_119_01	BMS-754807	BMS-754807_AML_119_01	201.37051	4.5
AML_120_01	BMS-754807	BMS-754807_AML_120_01	212.3634	8.1
AML_120_03	BMS-754807	BMS-754807_AML_120_03	212.94455	10.2
AML_122_01	BMS-754807	BMS-754807_AML_122_01	213.52092	4.3
AML_123_01	BMS-754807	BMS-754807_AML_123_01	214.94194	12.2
AML_124_01	BMS-754807	BMS-754807_AML_124_01	212.4276	20.7
AML_125_01	BMS-754807	BMS-754807_AML_125_01	216.53778	6.5
AML_126_01	BMS-754807	BMS-754807_AML_126_01	210.14311	10.7
AML_127_01	BMS-754807	BMS-754807_AML_127_01	208.38472	8.6
AML_128_01	BMS-754807	BMS-754807_AML_128_01	213.7134	6.6
AML_129_02	BMS-754807	BMS-754807_AML_129_02	209.45796	6.5
AML_129_03	BMS-754807	BMS-754807_AML_129_03	208.51982	0.4
AML_131_01	BMS-754807	BMS-754807_AML_131_01	211.88571	4.0
AML_133_01	BMS-754807	BMS-754807_AML_133_01	210.86984	0.0
AML_134_01	BMS-754807	BMS-754807_AML_134_01	214.12184	1.5
AML_135_01	BMS-754807	BMS-754807_AML_135_01	213.37779	18.1
AML_138_01	BMS-754807	BMS-754807_AML_138_01	215.93883	5.9
AML_139_01	BMS-754807	BMS-754807_AML_139_01	220.4007	4.4
AML_140_01	BMS-754807	BMS-754807_AML_140_01	216.82207	7.2
AML_142_01	BMS-754807	BMS-754807_AML_142_01	210.06567	3.4
AML_143_01	BMS-754807	BMS-754807_AML_143_01	214.3663	3.7
AML_144_01	BMS-754807	BMS-754807_AML_144_01	221.87549	10.2
AML_146_01	BMS-754807	BMS-754807_AML_146_01	220.21085	4.4
AML_147_01	BMS-754807	BMS-754807_AML_147_01	217.74667	3.6
AML_151_01	BMS-754807	BMS-754807_AML_151_01	206.83894	3.4
AML_152_01	BMS-754807	BMS-754807_AML_152_01	213.3756	8.5
AML_153_01	BMS-754807	BMS-754807_AML_153_01	208.92274	1.8
AML_156_01	BMS-754807	BMS-754807_AML_156_01	209.90549	10.4
AML_157_01	BMS-754807	BMS-754807_AML_157_01	213.97049	7.7
AML_157_02	BMS-754807	BMS-754807_AML_157_02	214.65439	6.2
AML_158_01	BMS-754807	BMS-754807_AML_158_01	221.09853	7.7
AML_159_01	BMS-754807	BMS-754807_AML_159_01	219.69832	11.5
AML_160_01	BMS-754807	BMS-754807_AML_160_01	210.30473	2.8
AML_161_01	BMS-754807	BMS-754807_AML_161_01	211.08624	16.1
AML_175_01	BMS-754807	BMS-754807_AML_175_01	214.46262	3.4
AML_179_01	BMS-754807	BMS-754807_AML_179_01	211.36736	4.8
AML_183_01	BMS-754807	BMS-754807_AML_183_01	214.42549	4.9
AML_183_02	BMS-754807	BMS-754807_AML_183_02	205.80113	4.3
AML_183_03	BMS-754807	BMS-754807_AML_183_03	206.157	2.8
AML_184_01	BMS-754807	BMS-754807_AML_184_01	208.60738	7.9
AML_185_01	BMS-754807	BMS-754807_AML_185_01	220.88057	4.3
AML_001_01	Bosutinib	Bosutinib_AML_001_01	220.02985	8.2
AML_001_03	Bosutinib	Bosutinib_AML_001_03	221.35057	9.2
AML_002_01	Bosutinib	Bosutinib_AML_002_01	214.85333	11.4
AML_003_02	Bosutinib	Bosutinib_AML_003_02	210.37344	3.9
AML_004_01	Bosutinib	Bosutinib_AML_004_01	217.37592	8.5
AML_006_02	Bosutinib	Bosutinib_AML_006_02	215.10736	7.8
AML_007_01	Bosutinib	Bosutinib_AML_007_01	216.24152	9.9
AML_007_02	Bosutinib	Bosutinib_AML_007_02	219.95586	8.4
AML_012_01	Bosutinib	Bosutinib_AML_012_01	215.53008	9.5
AML_013_01	Bosutinib	Bosutinib_AML_013_01	213.52943	7.3
AML_014_01	Bosutinib	Bosutinib_AML_014_01	219.57724	10.4
AML_015_01	Bosutinib	Bosutinib_AML_015_01	218.73097	11.1
AML_015_02	Bosutinib	Bosutinib_AML_015_02	217.2944	14.5
AML_015_03	Bosutinib	Bosutinib_AML_015_03	217.711	16.9
AML_015_04	Bosutinib	Bosutinib_AML_015_04	211.99783	20.2
AML_018_01	Bosutinib	Bosutinib_AML_018_01	213.07672	15.3
AML_019_01	Bosutinib	Bosutinib_AML_019_01	210.67221	10.7
AML_020_01	Bosutinib	Bosutinib_AML_020_01	219.8487	7.0
AML_022_01	Bosutinib	Bosutinib_AML_022_01	209.92577	10.4
AML_023_01	Bosutinib	Bosutinib_AML_023_01	207.18959	11.5
AML_023_03	Bosutinib	Bosutinib_AML_023_03	208.63889	10.9
AML_023_04	Bosutinib	Bosutinib_AML_023_04	210.42415	9.7
AML_024_01	Bosutinib	Bosutinib_AML_024_01	217.16585	4.6
AML_025_01	Bosutinib	Bosutinib_AML_025_01	223.89548	9.1
AML_026_01	Bosutinib	Bosutinib_AML_026_01	218.4664	7.1
AML_028_01	Bosutinib	Bosutinib_AML_028_01	215.59807	6.9
AML_028_04	Bosutinib	Bosutinib_AML_028_04	206.497	11.0
AML_029_01	Bosutinib	Bosutinib_AML_029_01	212.77585	8.6
AML_030_01	Bosutinib	Bosutinib_AML_030_01	204.73872	8.0
AML_032_01	Bosutinib	Bosutinib_AML_032_01	220.60321	7.9
AML_033_01	Bosutinib	Bosutinib_AML_033_01	216.15167	9.8
AML_033_02	Bosutinib	Bosutinib_AML_033_02	205.05338	9.7
AML_035_02	Bosutinib	Bosutinib_AML_035_02	224.06812	8.1
AML_035_04	Bosutinib	Bosutinib_AML_035_04	215.13708	8.5
AML_036_01	Bosutinib	Bosutinib_AML_036_01	217.43481	7.7
AML_040_01	Bosutinib	Bosutinib_AML_040_01	209.32799	15.2
AML_041_01	Bosutinib	Bosutinib_AML_041_01	211.76205	9.0
AML_042_01	Bosutinib	Bosutinib_AML_042_01	214.90688	9.7
AML_043_02	Bosutinib	Bosutinib_AML_043_02	215.5007	9.7
AML_045_01	Bosutinib	Bosutinib_AML_045_01	219.77008	4.5
AML_046_01	Bosutinib	Bosutinib_AML_046_01	206.3567	12.9
AML_051_01	Bosutinib	Bosutinib_AML_051_01	210.80386	3.9
AML_052_01	Bosutinib	Bosutinib_AML_052_01	219.49025	8.2
AML_053_01	Bosutinib	Bosutinib_AML_053_01	228.2526	7.4
AML_054_01	Bosutinib	Bosutinib_AML_054_01	214.02115	3.8
AML_057_01	Bosutinib	Bosutinib_AML_057_01	213.96759	11.8
AML_058_01	Bosutinib	Bosutinib_AML_058_01	216.4809	7.7
AML_059_01	Bosutinib	Bosutinib_AML_059_01	213.17625	8.6
AML_060_01	Bosutinib	Bosutinib_AML_060_01	216.29268	3.8
AML_061_01	Bosutinib	Bosutinib_AML_061_01	211.76193	4.2
AML_062_01	Bosutinib	Bosutinib_AML_062_01	205.39905	14.1
AML_064_01	Bosutinib	Bosutinib_AML_064_01	212.00035	5.4
AML_065_01	Bosutinib	Bosutinib_AML_065_01	204.67982	11.9
AML_067_01	Bosutinib	Bosutinib_AML_067_01	208.86389	12.1
AML_070_01	Bosutinib	Bosutinib_AML_070_01	213.98984	9.4
AML_072_01	Bosutinib	Bosutinib_AML_072_01	222.40048	4.6
AML_073_01	Bosutinib	Bosutinib_AML_073_01	218.5992	10.9
AML_074_01	Bosutinib	Bosutinib_AML_074_01	208.98277	8.7
AML_075_01	Bosutinib	Bosutinib_AML_075_01	209.60803	6.4
AML_076_01	Bosutinib	Bosutinib_AML_076_01	214.6365	9.8
AML_076_02	Bosutinib	Bosutinib_AML_076_02	206.44774	13.0
AML_077_01	Bosutinib	Bosutinib_AML_077_01	213.47412	10.4
AML_078_02	Bosutinib	Bosutinib_AML_078_02	212.51628	8.1
AML_084_01	Bosutinib	Bosutinib_AML_084_01	206.92871	13.5
AML_086_02	Bosutinib	Bosutinib_AML_086_02	217.46808	10.9
AML_098_01	Bosutinib	Bosutinib_AML_098_01	209.72375	5.8
AML_100_01	Bosutinib	Bosutinib_AML_100_01	212.79245	8.2
AML_101_01	Bosutinib	Bosutinib_AML_101_01	207.08739	9.3
AML_101_02	Bosutinib	Bosutinib_AML_101_02	219.75494	7.7
AML_102_01	Bosutinib	Bosutinib_AML_102_01	203.15582	8.0
AML_103_01	Bosutinib	Bosutinib_AML_103_01	201.68423	9.1
AML_103_02	Bosutinib	Bosutinib_AML_103_02	210.07144	8.3
AML_104_01	Bosutinib	Bosutinib_AML_104_01	211.28445	6.9
AML_108_01	Bosutinib	Bosutinib_AML_108_01	206.23311	10.4
AML_109_01	Bosutinib	Bosutinib_AML_109_01	207.79303	9.1
AML_110_01	Bosutinib	Bosutinib_AML_110_01	210.9107	11.2
AML_112_01	Bosutinib	Bosutinib_AML_112_01	205.4541	10.2
AML_112_02	Bosutinib	Bosutinib_AML_112_02	210.1052	9.5
AML_113_01	Bosutinib	Bosutinib_AML_113_01	213.4131	11.2
AML_114_01	Bosutinib	Bosutinib_AML_114_01	203.05183	5.9
AML_115_01	Bosutinib	Bosutinib_AML_115_01	206.284	16.7
AML_116_01	Bosutinib	Bosutinib_AML_116_01	206.50963	9.2
AML_117_01	Bosutinib	Bosutinib_AML_117_01	214.54564	9.7
AML_119_01	Bosutinib	Bosutinib_AML_119_01	200.39577	8.1
AML_120_01	Bosutinib	Bosutinib_AML_120_01	213.33258	11.2
AML_120_03	Bosutinib	Bosutinib_AML_120_03	215.30472	11.3
AML_122_01	Bosutinib	Bosutinib_AML_122_01	217.91315	5.2
AML_123_01	Bosutinib	Bosutinib_AML_123_01	217.27441	11.0
AML_124_01	Bosutinib	Bosutinib_AML_124_01	215.61919	11.9
AML_125_01	Bosutinib	Bosutinib_AML_125_01	217.1978	7.9
AML_126_01	Bosutinib	Bosutinib_AML_126_01	211.60072	8.6
AML_127_01	Bosutinib	Bosutinib_AML_127_01	208.2826	8.9
AML_128_01	Bosutinib	Bosutinib_AML_128_01	216.93512	9.3
AML_129_02	Bosutinib	Bosutinib_AML_129_02	210.85628	11.6
AML_129_03	Bosutinib	Bosutinib_AML_129_03	211.76154	11.4
AML_131_01	Bosutinib	Bosutinib_AML_131_01	215.09906	5.8
AML_133_01	Bosutinib	Bosutinib_AML_133_01	217.18805	6.8
AML_134_01	Bosutinib	Bosutinib_AML_134_01	215.34146	5.1
AML_135_01	Bosutinib	Bosutinib_AML_135_01	217.25119	13.3
AML_138_01	Bosutinib	Bosutinib_AML_138_01	219.11589	9.7
AML_139_01	Bosutinib	Bosutinib_AML_139_01	224.53268	9.5
AML_140_01	Bosutinib	Bosutinib_AML_140_01	215.96585	9.1
AML_142_01	Bosutinib	Bosutinib_AML_142_01	215.74823	8.8
AML_143_01	Bosutinib	Bosutinib_AML_143_01	215.35759	4.7
AML_144_01	Bosutinib	Bosutinib_AML_144_01	226.55843	7.2
AML_146_01	Bosutinib	Bosutinib_AML_146_01	219.4579	5.6
AML_147_01	Bosutinib	Bosutinib_AML_147_01	218.71939	10.0
AML_151_01	Bosutinib	Bosutinib_AML_151_01	210.83917	9.5
AML_152_01	Bosutinib	Bosutinib_AML_152_01	216.05017	9.2
AML_153_01	Bosutinib	Bosutinib_AML_153_01	211.0486	5.9
AML_156_01	Bosutinib	Bosutinib_AML_156_01	210.81346	10.0
AML_157_01	Bosutinib	Bosutinib_AML_157_01	217.9013	11.3
AML_157_02	Bosutinib	Bosutinib_AML_157_02	217.05768	11.6
AML_158_01	Bosutinib	Bosutinib_AML_158_01	224.5505	9.6
AML_159_01	Bosutinib	Bosutinib_AML_159_01	222.1973	12.2
AML_160_01	Bosutinib	Bosutinib_AML_160_01	211.55188	10.4
AML_161_01	Bosutinib	Bosutinib_AML_161_01	215.01224	12.5
AML_175_01	Bosutinib	Bosutinib_AML_175_01	213.04663	8.6
AML_179_01	Bosutinib	Bosutinib_AML_179_01	214.75537	11.1
AML_183_01	Bosutinib	Bosutinib_AML_183_01	216.69138	5.6
AML_183_02	Bosutinib	Bosutinib_AML_183_02	204.25415	9.8
AML_183_03	Bosutinib	Bosutinib_AML_183_03	207.26938	9.9
AML_184_01	Bosutinib	Bosutinib_AML_184_01	208.58017	11.3
AML_185_01	Bosutinib	Bosutinib_AML_185_01	223.3396	8.9
AML_001_03	Cabozantinib	Cabozantinib_AML_001_03	203.98842	0.0
AML_003_02	Cabozantinib	Cabozantinib_AML_003_02	191.3543	0.0
AML_004_01	Cabozantinib	Cabozantinib_AML_004_01	199.51695	5.3
AML_006_02	Cabozantinib	Cabozantinib_AML_006_02	200.93391	0.0
AML_007_01	Cabozantinib	Cabozantinib_AML_007_01	202.44936	0.0
AML_007_02	Cabozantinib	Cabozantinib_AML_007_02	204.37144	0.0
AML_012_01	Cabozantinib	Cabozantinib_AML_012_01	186.59872	15.2
AML_013_01	Cabozantinib	Cabozantinib_AML_013_01	187.33037	16.4
AML_014_01	Cabozantinib	Cabozantinib_AML_014_01	198.98254	0.2
AML_015_01	Cabozantinib	Cabozantinib_AML_015_01	198.23587	10.6
AML_015_02	Cabozantinib	Cabozantinib_AML_015_02	206.07448	9.3
AML_015_03	Cabozantinib	Cabozantinib_AML_015_03	198.36333	9.6
AML_015_04	Cabozantinib	Cabozantinib_AML_015_04	188.5585	19.1
AML_018_01	Cabozantinib	Cabozantinib_AML_018_01	192.54346	13.4
AML_019_01	Cabozantinib	Cabozantinib_AML_019_01	192.99216	1.7
AML_020_01	Cabozantinib	Cabozantinib_AML_020_01	199.98866	0.0
AML_023_04	Cabozantinib	Cabozantinib_AML_023_04	192.89067	4.4
AML_024_01	Cabozantinib	Cabozantinib_AML_024_01	199.99413	0.0
AML_025_01	Cabozantinib	Cabozantinib_AML_025_01	208.6906	0.9
AML_026_01	Cabozantinib	Cabozantinib_AML_026_01	206.31607	0.0
AML_028_01	Cabozantinib	Cabozantinib_AML_028_01	196.22845	6.8
AML_028_04	Cabozantinib	Cabozantinib_AML_028_04	185.3989	24.1
AML_029_01	Cabozantinib	Cabozantinib_AML_029_01	201.15063	0.0
AML_030_01	Cabozantinib	Cabozantinib_AML_030_01	192.26363	0.0
AML_032_01	Cabozantinib	Cabozantinib_AML_032_01	202.71133	0.0
AML_033_01	Cabozantinib	Cabozantinib_AML_033_01	195.63564	3.9
AML_033_02	Cabozantinib	Cabozantinib_AML_033_02	173.9194	6.0
AML_035_02	Cabozantinib	Cabozantinib_AML_035_02	206.10378	0.0
AML_035_04	Cabozantinib	Cabozantinib_AML_035_04	193.47926	0.0
AML_036_01	Cabozantinib	Cabozantinib_AML_036_01	198.90044	0.0
AML_040_01	Cabozantinib	Cabozantinib_AML_040_01	185.08348	5.4
AML_041_01	Cabozantinib	Cabozantinib_AML_041_01	201.87819	3.1
AML_042_01	Cabozantinib	Cabozantinib_AML_042_01	202.85477	4.2
AML_043_02	Cabozantinib	Cabozantinib_AML_043_02	186.53105	0.0
AML_045_01	Cabozantinib	Cabozantinib_AML_045_01	202.85208	0.0
AML_046_01	Cabozantinib	Cabozantinib_AML_046_01	179.81624	25.9
AML_051_01	Cabozantinib	Cabozantinib_AML_051_01	189.78174	1.3
AML_052_01	Cabozantinib	Cabozantinib_AML_052_01	200.0584	0.0
AML_053_01	Cabozantinib	Cabozantinib_AML_053_01	213.64165	4.8
AML_054_01	Cabozantinib	Cabozantinib_AML_054_01	189.49577	11.9
AML_057_01	Cabozantinib	Cabozantinib_AML_057_01	198.94745	4.3
AML_058_01	Cabozantinib	Cabozantinib_AML_058_01	193.56464	1.8
AML_059_01	Cabozantinib	Cabozantinib_AML_059_01	190.38902	2.1
AML_060_01	Cabozantinib	Cabozantinib_AML_060_01	192.78767	0.9
AML_061_01	Cabozantinib	Cabozantinib_AML_061_01	191.30373	0.7
AML_062_01	Cabozantinib	Cabozantinib_AML_062_01	188.10103	7.8
AML_064_01	Cabozantinib	Cabozantinib_AML_064_01	198.23248	1.5
AML_065_01	Cabozantinib	Cabozantinib_AML_065_01	186.36816	5.2
AML_067_01	Cabozantinib	Cabozantinib_AML_067_01	197.4761	7.1
AML_070_01	Cabozantinib	Cabozantinib_AML_070_01	202.82285	2.9
AML_072_01	Cabozantinib	Cabozantinib_AML_072_01	205.08446	0.0
AML_073_01	Cabozantinib	Cabozantinib_AML_073_01	202.73732	2.4
AML_074_01	Cabozantinib	Cabozantinib_AML_074_01	195.41115	1.1
AML_075_01	Cabozantinib	Cabozantinib_AML_075_01	198.4539	0.6
AML_076_01	Cabozantinib	Cabozantinib_AML_076_01	201.3239	0.0
AML_076_02	Cabozantinib	Cabozantinib_AML_076_02	185.70155	4.2
AML_077_01	Cabozantinib	Cabozantinib_AML_077_01	197.66142	0.0
AML_078_02	Cabozantinib	Cabozantinib_AML_078_02	199.99585	0.0
AML_084_01	Cabozantinib	Cabozantinib_AML_084_01	191.79276	12.8
AML_086_02	Cabozantinib	Cabozantinib_AML_086_02	199.81793	0.8
AML_098_01	Cabozantinib	Cabozantinib_AML_098_01	192.70975	0.0
AML_100_01	Cabozantinib	Cabozantinib_AML_100_01	195.77908	0.4
AML_101_01	Cabozantinib	Cabozantinib_AML_101_01	190.68939	11.3
AML_101_02	Cabozantinib	Cabozantinib_AML_101_02	204.55348	0.0
AML_102_01	Cabozantinib	Cabozantinib_AML_102_01	187.2457	0.0
AML_103_01	Cabozantinib	Cabozantinib_AML_103_01	186.20827	0.0
AML_103_02	Cabozantinib	Cabozantinib_AML_103_02	178.8974	3.6
AML_104_01	Cabozantinib	Cabozantinib_AML_104_01	200.03629	0.0
AML_108_01	Cabozantinib	Cabozantinib_AML_108_01	192.78302	2.5
AML_109_01	Cabozantinib	Cabozantinib_AML_109_01	187.74617	0.0
AML_110_01	Cabozantinib	Cabozantinib_AML_110_01	198.42827	3.1
AML_112_01	Cabozantinib	Cabozantinib_AML_112_01	190.65233	0.2
AML_112_02	Cabozantinib	Cabozantinib_AML_112_02	194.78163	1.0
AML_113_01	Cabozantinib	Cabozantinib_AML_113_01	194.3549	0.0
AML_114_01	Cabozantinib	Cabozantinib_AML_114_01	190.44452	0.0
AML_115_01	Cabozantinib	Cabozantinib_AML_115_01	187.57501	3.2
AML_116_01	Cabozantinib	Cabozantinib_AML_116_01	192.66289	0.0
AML_117_01	Cabozantinib	Cabozantinib_AML_117_01	201.60638	0.0
AML_119_01	Cabozantinib	Cabozantinib_AML_119_01	187.3409	0.0
AML_120_03	Cabozantinib	Cabozantinib_AML_120_03	199.82681	10.2
AML_122_01	Cabozantinib	Cabozantinib_AML_122_01	206.22073	0.0
AML_123_01	Cabozantinib	Cabozantinib_AML_123_01	203.62065	4.9
AML_124_01	Cabozantinib	Cabozantinib_AML_124_01	199.82028	2.5
AML_125_01	Cabozantinib	Cabozantinib_AML_125_01	197.7485	0.0
AML_126_01	Cabozantinib	Cabozantinib_AML_126_01	201.0082	2.3
AML_127_01	Cabozantinib	Cabozantinib_AML_127_01	190.85187	0.0
AML_128_01	Cabozantinib	Cabozantinib_AML_128_01	202.49704	0.1
AML_131_01	Cabozantinib	Cabozantinib_AML_131_01	197.94167	0.0
AML_133_01	Cabozantinib	Cabozantinib_AML_133_01	192.68819	1.9
AML_134_01	Cabozantinib	Cabozantinib_AML_134_01	200.52017	0.0
AML_135_01	Cabozantinib	Cabozantinib_AML_135_01	199.80472	2.1
AML_138_01	Cabozantinib	Cabozantinib_AML_138_01	202.01965	1.5
AML_139_01	Cabozantinib	Cabozantinib_AML_139_01	206.06575	2.1
AML_140_01	Cabozantinib	Cabozantinib_AML_140_01	196.52393	0.0
AML_142_01	Cabozantinib	Cabozantinib_AML_142_01	188.16797	10.0
AML_143_01	Cabozantinib	Cabozantinib_AML_143_01	199.47983	0.0
AML_144_01	Cabozantinib	Cabozantinib_AML_144_01	208.75325	0.0
AML_146_01	Cabozantinib	Cabozantinib_AML_146_01	204.7954	0.0
AML_147_01	Cabozantinib	Cabozantinib_AML_147_01	200.91324	6.3
AML_151_01	Cabozantinib	Cabozantinib_AML_151_01	187.8936	1.0
AML_152_01	Cabozantinib	Cabozantinib_AML_152_01	194.55002	0.0
AML_153_01	Cabozantinib	Cabozantinib_AML_153_01	188.86671	0.7
AML_156_01	Cabozantinib	Cabozantinib_AML_156_01	190.35611	0.0
AML_157_01	Cabozantinib	Cabozantinib_AML_157_01	199.92056	5.5
AML_157_02	Cabozantinib	Cabozantinib_AML_157_02	200.41313	6.7
AML_158_01	Cabozantinib	Cabozantinib_AML_158_01	210.01244	0.0
AML_159_01	Cabozantinib	Cabozantinib_AML_159_01	205.65189	1.1
AML_160_01	Cabozantinib	Cabozantinib_AML_160_01	192.76036	2.2
AML_161_01	Cabozantinib	Cabozantinib_AML_161_01	189.28119	0.0
AML_175_01	Cabozantinib	Cabozantinib_AML_175_01	200.7808	0.0
AML_183_01	Cabozantinib	Cabozantinib_AML_183_01	204.68965	0.0
AML_183_02	Cabozantinib	Cabozantinib_AML_183_02	192.51682	0.0
AML_183_03	Cabozantinib	Cabozantinib_AML_183_03	192.88191	0.0
AML_001_01	Canertinib	Canertinib_AML_001_01	220.56055	8.0
AML_001_03	Canertinib	Canertinib_AML_001_03	222.45557	9.2
AML_002_01	Canertinib	Canertinib_AML_002_01	208.35716	12.8
AML_003_02	Canertinib	Canertinib_AML_003_02	203.99806	8.1
AML_004_01	Canertinib	Canertinib_AML_004_01	218.72963	9.4
AML_006_02	Canertinib	Canertinib_AML_006_02	217.64615	7.9
AML_007_01	Canertinib	Canertinib_AML_007_01	222.90378	6.7
AML_007_02	Canertinib	Canertinib_AML_007_02	223.9067	7.3
AML_012_01	Canertinib	Canertinib_AML_012_01	202.32274	12.6
AML_013_01	Canertinib	Canertinib_AML_013_01	206.44368	11.4
AML_014_01	Canertinib	Canertinib_AML_014_01	215.98965	10.5
AML_015_01	Canertinib	Canertinib_AML_015_01	218.15997	9.7
AML_015_02	Canertinib	Canertinib_AML_015_02	218.17859	8.3
AML_015_03	Canertinib	Canertinib_AML_015_03	218.68744	11.7
AML_015_04	Canertinib	Canertinib_AML_015_04	209.17113	16.8
AML_018_01	Canertinib	Canertinib_AML_018_01	207.76103	13.6
AML_019_01	Canertinib	Canertinib_AML_019_01	204.7763	10.3
AML_020_01	Canertinib	Canertinib_AML_020_01	212.12582	9.0
AML_022_01	Canertinib	Canertinib_AML_022_01	216.58478	5.0
AML_023_01	Canertinib	Canertinib_AML_023_01	215.15729	12.0
AML_023_03	Canertinib	Canertinib_AML_023_03	212.14656	10.4
AML_023_04	Canertinib	Canertinib_AML_023_04	212.78494	11.0
AML_024_01	Canertinib	Canertinib_AML_024_01	214.69109	9.4
AML_025_01	Canertinib	Canertinib_AML_025_01	224.65579	9.2
AML_026_01	Canertinib	Canertinib_AML_026_01	222.7135	6.1
AML_028_01	Canertinib	Canertinib_AML_028_01	214.88043	9.9
AML_028_04	Canertinib	Canertinib_AML_028_04	199.83627	15.1
AML_029_01	Canertinib	Canertinib_AML_029_01	216.78886	9.7
AML_030_01	Canertinib	Canertinib_AML_030_01	212.79024	8.3
AML_032_01	Canertinib	Canertinib_AML_032_01	217.79715	7.3
AML_033_01	Canertinib	Canertinib_AML_033_01	213.50594	9.7
AML_033_02	Canertinib	Canertinib_AML_033_02	193.05911	10.5
AML_035_02	Canertinib	Canertinib_AML_035_02	219.38951	7.1
AML_035_04	Canertinib	Canertinib_AML_035_04	204.95879	9.7
AML_036_01	Canertinib	Canertinib_AML_036_01	221.8658	11.2
AML_040_01	Canertinib	Canertinib_AML_040_01	213.99786	11.5
AML_041_01	Canertinib	Canertinib_AML_041_01	220.4497	3.9
AML_042_01	Canertinib	Canertinib_AML_042_01	219.805	9.9
AML_043_02	Canertinib	Canertinib_AML_043_02	201.43001	9.9
AML_045_01	Canertinib	Canertinib_AML_045_01	218.76346	6.2
AML_046_01	Canertinib	Canertinib_AML_046_01	201.76819	19.1
AML_051_01	Canertinib	Canertinib_AML_051_01	212.30212	6.9
AML_052_01	Canertinib	Canertinib_AML_052_01	216.80716	16.2
AML_053_01	Canertinib	Canertinib_AML_053_01	227.41423	8.8
AML_054_01	Canertinib	Canertinib_AML_054_01	204.73209	15.1
AML_057_01	Canertinib	Canertinib_AML_057_01	221.3949	8.9
AML_058_01	Canertinib	Canertinib_AML_058_01	216.72125	8.5
AML_059_01	Canertinib	Canertinib_AML_059_01	213.70119	11.6
AML_060_01	Canertinib	Canertinib_AML_060_01	208.88995	11.3
AML_061_01	Canertinib	Canertinib_AML_061_01	211.00165	9.1
AML_062_01	Canertinib	Canertinib_AML_062_01	210.88058	13.2
AML_064_01	Canertinib	Canertinib_AML_064_01	217.59277	4.9
AML_065_01	Canertinib	Canertinib_AML_065_01	209.15028	11.1
AML_067_01	Canertinib	Canertinib_AML_067_01	217.65373	12.7
AML_070_01	Canertinib	Canertinib_AML_070_01	218.2184	10.1
AML_072_01	Canertinib	Canertinib_AML_072_01	220.06104	14.3
AML_073_01	Canertinib	Canertinib_AML_073_01	216.19447	8.9
AML_074_01	Canertinib	Canertinib_AML_074_01	216.92955	9.8
AML_075_01	Canertinib	Canertinib_AML_075_01	215.20277	11.7
AML_076_01	Canertinib	Canertinib_AML_076_01	217.99704	9.4
AML_076_02	Canertinib	Canertinib_AML_076_02	206.8457	10.3
AML_077_01	Canertinib	Canertinib_AML_077_01	213.32996	10.3
AML_078_02	Canertinib	Canertinib_AML_078_02	219.31349	9.9
AML_084_01	Canertinib	Canertinib_AML_084_01	206.88939	13.9
AML_086_02	Canertinib	Canertinib_AML_086_02	214.82185	11.1
AML_098_01	Canertinib	Canertinib_AML_098_01	216.14253	7.8
AML_100_01	Canertinib	Canertinib_AML_100_01	219.056	8.7
AML_101_01	Canertinib	Canertinib_AML_101_01	203.18152	10.4
AML_101_02	Canertinib	Canertinib_AML_101_02	214.09991	8.8
AML_102_01	Canertinib	Canertinib_AML_102_01	212.87074	8.9
AML_103_01	Canertinib	Canertinib_AML_103_01	209.10919	6.5
AML_103_02	Canertinib	Canertinib_AML_103_02	199.95457	11.0
AML_104_01	Canertinib	Canertinib_AML_104_01	220.63922	8.8
AML_108_01	Canertinib	Canertinib_AML_108_01	217.08435	10.5
AML_109_01	Canertinib	Canertinib_AML_109_01	202.70631	8.7
AML_110_01	Canertinib	Canertinib_AML_110_01	216.9281	11.1
AML_112_01	Canertinib	Canertinib_AML_112_01	215.84195	9.3
AML_112_02	Canertinib	Canertinib_AML_112_02	217.93932	10.2
AML_113_01	Canertinib	Canertinib_AML_113_01	209.91928	18.4
AML_114_01	Canertinib	Canertinib_AML_114_01	212.40329	5.5
AML_115_01	Canertinib	Canertinib_AML_115_01	210.56047	13.1
AML_116_01	Canertinib	Canertinib_AML_116_01	213.11736	10.4
AML_117_01	Canertinib	Canertinib_AML_117_01	218.84425	8.8
AML_119_01	Canertinib	Canertinib_AML_119_01	212.28163	8.5
AML_120_01	Canertinib	Canertinib_AML_120_01	217.49394	7.4
AML_120_03	Canertinib	Canertinib_AML_120_03	217.59682	8.4
AML_122_01	Canertinib	Canertinib_AML_122_01	222.1283	9.3
AML_123_01	Canertinib	Canertinib_AML_123_01	221.35632	9.6
AML_124_01	Canertinib	Canertinib_AML_124_01	218.11954	12.3
AML_125_01	Canertinib	Canertinib_AML_125_01	216.00752	5.4
AML_126_01	Canertinib	Canertinib_AML_126_01	214.71054	13.2
AML_127_01	Canertinib	Canertinib_AML_127_01	217.1481	10.6
AML_128_01	Canertinib	Canertinib_AML_128_01	217.38434	10.7
AML_129_02	Canertinib	Canertinib_AML_129_02	214.29143	9.0
AML_129_03	Canertinib	Canertinib_AML_129_03	209.33167	9.6
AML_131_01	Canertinib	Canertinib_AML_131_01	220.51373	10.5
AML_133_01	Canertinib	Canertinib_AML_133_01	206.91556	12.5
AML_134_01	Canertinib	Canertinib_AML_134_01	205.37494	9.3
AML_135_01	Canertinib	Canertinib_AML_135_01	215.1485	8.5
AML_138_01	Canertinib	Canertinib_AML_138_01	215.15729	9.6
AML_139_01	Canertinib	Canertinib_AML_139_01	222.16795	11.4
AML_140_01	Canertinib	Canertinib_AML_140_01	221.17395	8.5
AML_142_01	Canertinib	Canertinib_AML_142_01	204.09723	14.5
AML_143_01	Canertinib	Canertinib_AML_143_01	217.91339	8.1
AML_144_01	Canertinib	Canertinib_AML_144_01	223.05101	10.3
AML_146_01	Canertinib	Canertinib_AML_146_01	219.29613	10.0
AML_147_01	Canertinib	Canertinib_AML_147_01	221.94156	6.1
AML_151_01	Canertinib	Canertinib_AML_151_01	209.88852	15.0
AML_152_01	Canertinib	Canertinib_AML_152_01	215.90842	9.9
AML_153_01	Canertinib	Canertinib_AML_153_01	201.98198	8.8
AML_156_01	Canertinib	Canertinib_AML_156_01	208.03107	11.2
AML_157_01	Canertinib	Canertinib_AML_157_01	217.7653	13.1
AML_157_02	Canertinib	Canertinib_AML_157_02	220.88664	13.4
AML_158_01	Canertinib	Canertinib_AML_158_01	224.27048	9.8
AML_159_01	Canertinib	Canertinib_AML_159_01	220.73743	9.7
AML_160_01	Canertinib	Canertinib_AML_160_01	211.87619	11.5
AML_161_01	Canertinib	Canertinib_AML_161_01	207.02623	10.1
AML_175_01	Canertinib	Canertinib_AML_175_01	220.5536	8.7
AML_179_01	Canertinib	Canertinib_AML_179_01	207.44249	10.0
AML_183_01	Canertinib	Canertinib_AML_183_01	223.5687	7.4
AML_183_02	Canertinib	Canertinib_AML_183_02	214.88144	9.0
AML_183_03	Canertinib	Canertinib_AML_183_03	214.64523	6.5
AML_184_01	Canertinib	Canertinib_AML_184_01	217.29996	11.2
AML_185_01	Canertinib	Canertinib_AML_185_01	216.76077	7.5
AML_001_01	Cediranib	Cediranib_AML_001_01	246.46658	4.5
AML_001_03	Cediranib	Cediranib_AML_001_03	240.01613	0.0
AML_002_01	Cediranib	Cediranib_AML_002_01	243.01123	8.4
AML_003_02	Cediranib	Cediranib_AML_003_02	235.5862	0.0
AML_004_01	Cediranib	Cediranib_AML_004_01	244.88934	0.0
AML_006_02	Cediranib	Cediranib_AML_006_02	239.81041	0.1
AML_007_01	Cediranib	Cediranib_AML_007_01	237.34572	1.9
AML_007_02	Cediranib	Cediranib_AML_007_02	239.14801	0.0
AML_012_01	Cediranib	Cediranib_AML_012_01	243.76295	0.0
AML_013_01	Cediranib	Cediranib_AML_013_01	248.12238	0.0
AML_014_01	Cediranib	Cediranib_AML_014_01	244.81967	0.0
AML_015_01	Cediranib	Cediranib_AML_015_01	246.36282	7.8
AML_015_02	Cediranib	Cediranib_AML_015_02	237.3966	10.2
AML_015_03	Cediranib	Cediranib_AML_015_03	241.58696	9.6
AML_015_04	Cediranib	Cediranib_AML_015_04	242.32704	19.4
AML_018_01	Cediranib	Cediranib_AML_018_01	235.62016	5.9
AML_019_01	Cediranib	Cediranib_AML_019_01	239.92416	0.0
AML_020_01	Cediranib	Cediranib_AML_020_01	247.7917	0.0
AML_022_01	Cediranib	Cediranib_AML_022_01	234.16634	5.0
AML_023_01	Cediranib	Cediranib_AML_023_01	231.84534	10.5
AML_023_03	Cediranib	Cediranib_AML_023_03	233.08073	6.3
AML_023_04	Cediranib	Cediranib_AML_023_04	233.3763	0.5
AML_024_01	Cediranib	Cediranib_AML_024_01	247.5575	0.0
AML_025_01	Cediranib	Cediranib_AML_025_01	247.24895	0.0
AML_026_01	Cediranib	Cediranib_AML_026_01	245.52132	0.0
AML_028_01	Cediranib	Cediranib_AML_028_01	244.52962	0.0
AML_028_04	Cediranib	Cediranib_AML_028_04	234.4152	0.0
AML_029_01	Cediranib	Cediranib_AML_029_01	238.74121	0.4
AML_030_01	Cediranib	Cediranib_AML_030_01	233.04077	0.0
AML_032_01	Cediranib	Cediranib_AML_032_01	247.36414	0.0
AML_033_01	Cediranib	Cediranib_AML_033_01	244.33508	0.0
AML_033_02	Cediranib	Cediranib_AML_033_02	239.24103	0.2
AML_035_02	Cediranib	Cediranib_AML_035_02	248.01611	0.0
AML_035_04	Cediranib	Cediranib_AML_035_04	241.76141	0.0
AML_036_01	Cediranib	Cediranib_AML_036_01	242.17377	0.0
AML_040_01	Cediranib	Cediranib_AML_040_01	242.97603	0.0
AML_041_01	Cediranib	Cediranib_AML_041_01	234.6088	0.0
AML_042_01	Cediranib	Cediranib_AML_042_01	234.68349	0.0
AML_043_02	Cediranib	Cediranib_AML_043_02	245.57594	5.0
AML_045_01	Cediranib	Cediranib_AML_045_01	243.6818	0.1
AML_046_01	Cediranib	Cediranib_AML_046_01	237.68918	0.0
AML_051_01	Cediranib	Cediranib_AML_051_01	240.6803	0.0
AML_052_01	Cediranib	Cediranib_AML_052_01	246.55562	0.0
AML_053_01	Cediranib	Cediranib_AML_053_01	248.91315	0.1
AML_054_01	Cediranib	Cediranib_AML_054_01	243.33984	0.0
AML_057_01	Cediranib	Cediranib_AML_057_01	238.14494	1.0
AML_058_01	Cediranib	Cediranib_AML_058_01	243.31125	0.0
AML_059_01	Cediranib	Cediranib_AML_059_01	241.87442	0.1
AML_060_01	Cediranib	Cediranib_AML_060_01	246.52928	0.0
AML_061_01	Cediranib	Cediranib_AML_061_01	241.2369	0.0
AML_062_01	Cediranib	Cediranib_AML_062_01	228.42715	0.0
AML_064_01	Cediranib	Cediranib_AML_064_01	231.14345	0.0
AML_065_01	Cediranib	Cediranib_AML_065_01	232.3711	0.0
AML_067_01	Cediranib	Cediranib_AML_067_01	233.1225	0.0
AML_070_01	Cediranib	Cediranib_AML_070_01	239.41373	0.0
AML_072_01	Cediranib	Cediranib_AML_072_01	248.02585	0.0
AML_073_01	Cediranib	Cediranib_AML_073_01	243.5435	0.0
AML_074_01	Cediranib	Cediranib_AML_074_01	237.91174	2.3
AML_075_01	Cediranib	Cediranib_AML_075_01	234.177	0.0
AML_076_01	Cediranib	Cediranib_AML_076_01	236.39294	0.0
AML_076_02	Cediranib	Cediranib_AML_076_02	234.79265	0.1
AML_077_01	Cediranib	Cediranib_AML_077_01	240.74965	0.0
AML_078_02	Cediranib	Cediranib_AML_078_02	233.9061	0.4
AML_084_01	Cediranib	Cediranib_AML_084_01	235.08606	0.0
AML_086_02	Cediranib	Cediranib_AML_086_02	243.4181	2.1
AML_098_01	Cediranib	Cediranib_AML_098_01	234.89339	1.8
AML_100_01	Cediranib	Cediranib_AML_100_01	240.5117	0.0
AML_101_01	Cediranib	Cediranib_AML_101_01	234.62645	7.3
AML_101_02	Cediranib	Cediranib_AML_101_02	244.1369	6.7
AML_102_01	Cediranib	Cediranib_AML_102_01	231.18523	0.0
AML_103_01	Cediranib	Cediranib_AML_103_01	223.93158	0.0
AML_103_02	Cediranib	Cediranib_AML_103_02	241.57883	0.2
AML_104_01	Cediranib	Cediranib_AML_104_01	237.02275	0.0
AML_108_01	Cediranib	Cediranib_AML_108_01	234.61264	0.0
AML_109_01	Cediranib	Cediranib_AML_109_01	238.04599	0.0
AML_110_01	Cediranib	Cediranib_AML_110_01	239.05731	0.0
AML_112_01	Cediranib	Cediranib_AML_112_01	232.64975	0.0
AML_112_02	Cediranib	Cediranib_AML_112_02	235.1528	0.0
AML_113_01	Cediranib	Cediranib_AML_113_01	237.2503	0.0
AML_114_01	Cediranib	Cediranib_AML_114_01	234.22652	0.0
AML_115_01	Cediranib	Cediranib_AML_115_01	234.89955	0.0
AML_116_01	Cediranib	Cediranib_AML_116_01	237.25058	0.0
AML_117_01	Cediranib	Cediranib_AML_117_01	242.28143	0.1
AML_119_01	Cediranib	Cediranib_AML_119_01	230.67899	2.6
AML_120_01	Cediranib	Cediranib_AML_120_01	237.89772	8.9
AML_120_03	Cediranib	Cediranib_AML_120_03	238.73865	1.2
AML_122_01	Cediranib	Cediranib_AML_122_01	235.27586	0.0
AML_123_01	Cediranib	Cediranib_AML_123_01	244.52621	1.4
AML_124_01	Cediranib	Cediranib_AML_124_01	242.68451	0.0
AML_125_01	Cediranib	Cediranib_AML_125_01	245.08966	0.0
AML_126_01	Cediranib	Cediranib_AML_126_01	236.38866	0.0
AML_127_01	Cediranib	Cediranib_AML_127_01	237.21805	0.0
AML_128_01	Cediranib	Cediranib_AML_128_01	243.64821	0.3
AML_129_02	Cediranib	Cediranib_AML_129_02	240.80124	7.0
AML_129_03	Cediranib	Cediranib_AML_129_03	240.4639	9.0
AML_131_01	Cediranib	Cediranib_AML_131_01	234.60567	0.0
AML_133_01	Cediranib	Cediranib_AML_133_01	244.21213	0.0
AML_134_01	Cediranib	Cediranib_AML_134_01	240.08551	0.0
AML_135_01	Cediranib	Cediranib_AML_135_01	242.49861	0.0
AML_138_01	Cediranib	Cediranib_AML_138_01	244.89723	0.0
AML_139_01	Cediranib	Cediranib_AML_139_01	249.74352	0.2
AML_140_01	Cediranib	Cediranib_AML_140_01	244.03883	0.4
AML_142_01	Cediranib	Cediranib_AML_142_01	243.89676	0.0
AML_143_01	Cediranib	Cediranib_AML_143_01	242.00255	0.0
AML_144_01	Cediranib	Cediranib_AML_144_01	250.69545	0.5
AML_146_01	Cediranib	Cediranib_AML_146_01	246.71	0.0
AML_147_01	Cediranib	Cediranib_AML_147_01	243.11685	5.2
AML_151_01	Cediranib	Cediranib_AML_151_01	237.08401	5.0
AML_152_01	Cediranib	Cediranib_AML_152_01	243.71208	1.0
AML_153_01	Cediranib	Cediranib_AML_153_01	239.90929	4.2
AML_156_01	Cediranib	Cediranib_AML_156_01	239.37929	1.3
AML_157_01	Cediranib	Cediranib_AML_157_01	238.49606	2.6
AML_157_02	Cediranib	Cediranib_AML_157_02	239.77246	7.4
AML_158_01	Cediranib	Cediranib_AML_158_01	246.58482	2.3
AML_159_01	Cediranib	Cediranib_AML_159_01	246.55396	1.4
AML_160_01	Cediranib	Cediranib_AML_160_01	234.77737	5.1
AML_161_01	Cediranib	Cediranib_AML_161_01	243.4949	5.3
AML_175_01	Cediranib	Cediranib_AML_175_01	241.37747	0.0
AML_179_01	Cediranib	Cediranib_AML_179_01	244.83464	12.4
AML_183_01	Cediranib	Cediranib_AML_183_01	240.62706	0.0
AML_183_02	Cediranib	Cediranib_AML_183_02	230.98781	0.0
AML_183_03	Cediranib	Cediranib_AML_183_03	230.6526	0.0
AML_184_01	Cediranib	Cediranib_AML_184_01	238.52406	1.0
AML_185_01	Cediranib	Cediranib_AML_185_01	249.90013	0.4
AML_001_03	Crenolanib	Crenolanib_AML_001_03	221.53499	9.9
AML_003_02	Crenolanib	Crenolanib_AML_003_02	208.67722	5.0
AML_004_01	Crenolanib	Crenolanib_AML_004_01	218.57986	10.6
AML_013_01	Crenolanib	Crenolanib_AML_013_01	210.55107	18.7
AML_015_01	Crenolanib	Crenolanib_AML_015_01	216.21991	19.6
AML_015_02	Crenolanib	Crenolanib_AML_015_02	219.0953	24.8
AML_015_03	Crenolanib	Crenolanib_AML_015_03	216.4854	38.1
AML_015_04	Crenolanib	Crenolanib_AML_015_04	207.90182	40.3
AML_018_01	Crenolanib	Crenolanib_AML_018_01	210.35297	25.6
AML_019_01	Crenolanib	Crenolanib_AML_019_01	209.66418	8.3
AML_020_01	Crenolanib	Crenolanib_AML_020_01	217.80568	5.0
AML_024_01	Crenolanib	Crenolanib_AML_024_01	217.63028	4.7
AML_025_01	Crenolanib	Crenolanib_AML_025_01	225.69974	8.7
AML_026_01	Crenolanib	Crenolanib_AML_026_01	222.77504	8.3
AML_028_01	Crenolanib	Crenolanib_AML_028_01	216.12614	11.8
AML_028_04	Crenolanib	Crenolanib_AML_028_04	203.23206	30.4
AML_029_01	Crenolanib	Crenolanib_AML_029_01	216.66057	8.0
AML_030_01	Crenolanib	Crenolanib_AML_030_01	211.31137	8.3
AML_032_01	Crenolanib	Crenolanib_AML_032_01	218.66092	7.7
AML_033_01	Crenolanib	Crenolanib_AML_033_01	211.85909	9.5
AML_033_02	Crenolanib	Crenolanib_AML_033_02	197.2263	9.2
AML_035_02	Crenolanib	Crenolanib_AML_035_02	222.21518	10.0
AML_035_04	Crenolanib	Crenolanib_AML_035_04	212.0603	10.7
AML_036_01	Crenolanib	Crenolanib_AML_036_01	219.75427	8.4
AML_041_01	Crenolanib	Crenolanib_AML_041_01	215.64935	7.4
AML_042_01	Crenolanib	Crenolanib_AML_042_01	218.71817	4.9
AML_043_02	Crenolanib	Crenolanib_AML_043_02	206.6898	8.4
AML_045_01	Crenolanib	Crenolanib_AML_045_01	219.87408	4.1
AML_046_01	Crenolanib	Crenolanib_AML_046_01	202.46762	32.0
AML_051_01	Crenolanib	Crenolanib_AML_051_01	210.71133	5.0
AML_052_01	Crenolanib	Crenolanib_AML_052_01	220.4826	9.2
AML_053_01	Crenolanib	Crenolanib_AML_053_01	228.44484	8.9
AML_054_01	Crenolanib	Crenolanib_AML_054_01	211.61565	3.6
AML_057_01	Crenolanib	Crenolanib_AML_057_01	216.53493	11.2
AML_058_01	Crenolanib	Crenolanib_AML_058_01	216.3496	7.2
AML_059_01	Crenolanib	Crenolanib_AML_059_01	211.81674	8.6
AML_060_01	Crenolanib	Crenolanib_AML_060_01	213.62433	4.9
AML_061_01	Crenolanib	Crenolanib_AML_061_01	213.16675	6.7
AML_062_01	Crenolanib	Crenolanib_AML_062_01	206.65842	15.1
AML_064_01	Crenolanib	Crenolanib_AML_064_01	215.053	9.0
AML_065_01	Crenolanib	Crenolanib_AML_065_01	204.98376	9.4
AML_067_01	Crenolanib	Crenolanib_AML_067_01	213.81598	13.0
AML_070_01	Crenolanib	Crenolanib_AML_070_01	219.41011	8.1
AML_072_01	Crenolanib	Crenolanib_AML_072_01	222.04309	4.9
AML_073_01	Crenolanib	Crenolanib_AML_073_01	217.53525	3.3
AML_074_01	Crenolanib	Crenolanib_AML_074_01	213.0214	11.6
AML_075_01	Crenolanib	Crenolanib_AML_075_01	214.33583	4.6
AML_076_01	Crenolanib	Crenolanib_AML_076_01	215.42282	8.4
AML_076_02	Crenolanib	Crenolanib_AML_076_02	206.6106	11.9
AML_077_01	Crenolanib	Crenolanib_AML_077_01	214.62473	10.7
AML_078_02	Crenolanib	Crenolanib_AML_078_02	215.65309	10.3
AML_084_01	Crenolanib	Crenolanib_AML_084_01	205.56564	5.5
AML_086_02	Crenolanib	Crenolanib_AML_086_02	216.04921	10.7
AML_098_01	Crenolanib	Crenolanib_AML_098_01	214.61526	9.1
AML_100_01	Crenolanib	Crenolanib_AML_100_01	216.5153	8.7
AML_101_01	Crenolanib	Crenolanib_AML_101_01	205.53134	12.3
AML_101_02	Crenolanib	Crenolanib_AML_101_02	217.50002	8.3
AML_102_01	Crenolanib	Crenolanib_AML_102_01	208.75352	6.6
AML_103_01	Crenolanib	Crenolanib_AML_103_01	204.76437	11.3
AML_103_02	Crenolanib	Crenolanib_AML_103_02	203.67105	13.2
AML_104_01	Crenolanib	Crenolanib_AML_104_01	216.49788	12.4
AML_108_01	Crenolanib	Crenolanib_AML_108_01	212.48613	10.1
AML_109_01	Crenolanib	Crenolanib_AML_109_01	206.28912	3.9
AML_110_01	Crenolanib	Crenolanib_AML_110_01	215.71988	8.8
AML_112_01	Crenolanib	Crenolanib_AML_112_01	211.15727	11.5
AML_112_02	Crenolanib	Crenolanib_AML_112_02	212.88435	8.6
AML_113_01	Crenolanib	Crenolanib_AML_113_01	214.20044	18.8
AML_114_01	Crenolanib	Crenolanib_AML_114_01	209.41913	8.9
AML_115_01	Crenolanib	Crenolanib_AML_115_01	207.941	22.0
AML_116_01	Crenolanib	Crenolanib_AML_116_01	213.20312	10.3
AML_117_01	Crenolanib	Crenolanib_AML_117_01	218.88734	6.7
AML_119_01	Crenolanib	Crenolanib_AML_119_01	206.38385	10.2
AML_122_01	Crenolanib	Crenolanib_AML_122_01	220.06175	9.1
AML_123_01	Crenolanib	Crenolanib_AML_123_01	222.42769	13.8
AML_124_01	Crenolanib	Crenolanib_AML_124_01	219.50772	15.5
AML_125_01	Crenolanib	Crenolanib_AML_125_01	218.50085	45.8
AML_126_01	Crenolanib	Crenolanib_AML_126_01	216.67174	11.5
AML_127_01	Crenolanib	Crenolanib_AML_127_01	212.41307	10.7
AML_128_01	Crenolanib	Crenolanib_AML_128_01	217.17181	8.3
AML_131_01	Crenolanib	Crenolanib_AML_131_01	216.89328	10.6
AML_133_01	Crenolanib	Crenolanib_AML_133_01	212.7738	3.8
AML_134_01	Crenolanib	Crenolanib_AML_134_01	213.62009	6.3
AML_135_01	Crenolanib	Crenolanib_AML_135_01	215.68794	5.0
AML_138_01	Crenolanib	Crenolanib_AML_138_01	217.42862	8.9
AML_139_01	Crenolanib	Crenolanib_AML_139_01	225.45538	14.0
AML_140_01	Crenolanib	Crenolanib_AML_140_01	218.82135	10.3
AML_142_01	Crenolanib	Crenolanib_AML_142_01	209.87128	12.3
AML_143_01	Crenolanib	Crenolanib_AML_143_01	217.21962	9.5
AML_144_01	Crenolanib	Crenolanib_AML_144_01	226.24786	10.4
AML_146_01	Crenolanib	Crenolanib_AML_146_01	223.27705	9.6
AML_147_01	Crenolanib	Crenolanib_AML_147_01	219.13985	13.6
AML_151_01	Crenolanib	Crenolanib_AML_151_01	211.04909	13.6
AML_152_01	Crenolanib	Crenolanib_AML_152_01	216.42743	10.2
AML_153_01	Crenolanib	Crenolanib_AML_153_01	208.5752	4.6
AML_156_01	Crenolanib	Crenolanib_AML_156_01	210.40228	9.8
AML_157_01	Crenolanib	Crenolanib_AML_157_01	218.45738	19.4
AML_157_02	Crenolanib	Crenolanib_AML_157_02	218.98195	17.4
AML_158_01	Crenolanib	Crenolanib_AML_158_01	225.57489	9.8
AML_159_01	Crenolanib	Crenolanib_AML_159_01	222.5769	9.5
AML_160_01	Crenolanib	Crenolanib_AML_160_01	211.3731	10.8
AML_161_01	Crenolanib	Crenolanib_AML_161_01	210.85422	9.8
AML_175_01	Crenolanib	Crenolanib_AML_175_01	219.00946	7.6
AML_183_01	Crenolanib	Crenolanib_AML_183_01	220.34993	9.6
AML_183_02	Crenolanib	Crenolanib_AML_183_02	211.16457	12.2
AML_183_03	Crenolanib	Crenolanib_AML_183_03	209.98409	9.5
AML_001_01	Crizotinib	Crizotinib_AML_001_01	212.53981	0.0
AML_001_03	Crizotinib	Crizotinib_AML_001_03	213.05014	0.1
AML_002_01	Crizotinib	Crizotinib_AML_002_01	206.78271	9.7
AML_003_02	Crizotinib	Crizotinib_AML_003_02	208.49197	3.5
AML_004_01	Crizotinib	Crizotinib_AML_004_01	206.35898	5.2
AML_006_02	Crizotinib	Crizotinib_AML_006_02	205.66383	8.7
AML_007_01	Crizotinib	Crizotinib_AML_007_01	207.69609	5.9
AML_007_02	Crizotinib	Crizotinib_AML_007_02	211.4716	0.0
AML_012_01	Crizotinib	Crizotinib_AML_012_01	204.23091	0.0
AML_013_01	Crizotinib	Crizotinib_AML_013_01	199.68892	3.3
AML_014_01	Crizotinib	Crizotinib_AML_014_01	206.84659	0.0
AML_015_01	Crizotinib	Crizotinib_AML_015_01	209.83733	0.0
AML_015_02	Crizotinib	Crizotinib_AML_015_02	209.47723	0.2
AML_015_03	Crizotinib	Crizotinib_AML_015_03	208.37894	2.7
AML_015_04	Crizotinib	Crizotinib_AML_015_04	207.88693	1.1
AML_018_01	Crizotinib	Crizotinib_AML_018_01	204.28256	3.1
AML_019_01	Crizotinib	Crizotinib_AML_019_01	204.37679	0.9
AML_020_01	Crizotinib	Crizotinib_AML_020_01	213.863	1.0
AML_022_01	Crizotinib	Crizotinib_AML_022_01	204.01614	7.9
AML_023_01	Crizotinib	Crizotinib_AML_023_01	199.66249	10.2
AML_023_03	Crizotinib	Crizotinib_AML_023_03	202.72235	8.8
AML_023_04	Crizotinib	Crizotinib_AML_023_04	204.49142	10.2
AML_024_01	Crizotinib	Crizotinib_AML_024_01	209.70943	0.6
AML_025_01	Crizotinib	Crizotinib_AML_025_01	214.89145	1.7
AML_026_01	Crizotinib	Crizotinib_AML_026_01	208.7566	0.2
AML_028_01	Crizotinib	Crizotinib_AML_028_01	207.60493	0.0
AML_028_04	Crizotinib	Crizotinib_AML_028_04	200.90872	0.0
AML_029_01	Crizotinib	Crizotinib_AML_029_01	203.43964	1.0
AML_030_01	Crizotinib	Crizotinib_AML_030_01	196.75436	0.5
AML_032_01	Crizotinib	Crizotinib_AML_032_01	211.33401	1.8
AML_033_01	Crizotinib	Crizotinib_AML_033_01	205.4421	4.3
AML_033_02	Crizotinib	Crizotinib_AML_033_02	196.62067	4.0
AML_035_02	Crizotinib	Crizotinib_AML_035_02	217.29962	0.2
AML_035_04	Crizotinib	Crizotinib_AML_035_04	210.91571	0.0
AML_036_01	Crizotinib	Crizotinib_AML_036_01	208.40091	2.4
AML_040_01	Crizotinib	Crizotinib_AML_040_01	197.62852	0.6
AML_041_01	Crizotinib	Crizotinib_AML_041_01	207.2993	0.0
AML_042_01	Crizotinib	Crizotinib_AML_042_01	207.39056	0.6
AML_043_02	Crizotinib	Crizotinib_AML_043_02	206.45206	0.6
AML_045_01	Crizotinib	Crizotinib_AML_045_01	211.70427	0.0
AML_046_01	Crizotinib	Crizotinib_AML_046_01	199.54933	2.8
AML_051_01	Crizotinib	Crizotinib_AML_051_01	201.81996	0.4
AML_052_01	Crizotinib	Crizotinib_AML_052_01	205.51677	0.2
AML_053_01	Crizotinib	Crizotinib_AML_053_01	218.44049	1.1
AML_054_01	Crizotinib	Crizotinib_AML_054_01	202.83444	5.2
AML_057_01	Crizotinib	Crizotinib_AML_057_01	208.20969	0.3
AML_058_01	Crizotinib	Crizotinib_AML_058_01	205.99896	2.0
AML_059_01	Crizotinib	Crizotinib_AML_059_01	202.2174	6.9
AML_060_01	Crizotinib	Crizotinib_AML_060_01	205.66354	3.6
AML_061_01	Crizotinib	Crizotinib_AML_061_01	203.27138	3.0
AML_062_01	Crizotinib	Crizotinib_AML_062_01	197.16872	0.0
AML_064_01	Crizotinib	Crizotinib_AML_064_01	200.88892	0.0
AML_065_01	Crizotinib	Crizotinib_AML_065_01	199.21504	0.2
AML_067_01	Crizotinib	Crizotinib_AML_067_01	203.62785	0.6
AML_070_01	Crizotinib	Crizotinib_AML_070_01	203.44592	1.1
AML_072_01	Crizotinib	Crizotinib_AML_072_01	212.48724	1.1
AML_073_01	Crizotinib	Crizotinib_AML_073_01	211.73447	0.0
AML_074_01	Crizotinib	Crizotinib_AML_074_01	199.61157	1.2
AML_075_01	Crizotinib	Crizotinib_AML_075_01	201.82289	0.1
AML_076_01	Crizotinib	Crizotinib_AML_076_01	209.83783	0.0
AML_076_02	Crizotinib	Crizotinib_AML_076_02	195.81526	0.5
AML_077_01	Crizotinib	Crizotinib_AML_077_01	207.34456	2.9
AML_078_02	Crizotinib	Crizotinib_AML_078_02	206.66927	0.5
AML_084_01	Crizotinib	Crizotinib_AML_084_01	199.76033	0.0
AML_086_02	Crizotinib	Crizotinib_AML_086_02	209.90262	1.9
AML_098_01	Crizotinib	Crizotinib_AML_098_01	199.31766	0.1
AML_100_01	Crizotinib	Crizotinib_AML_100_01	206.26413	0.6
AML_101_01	Crizotinib	Crizotinib_AML_101_01	201.09636	0.1
AML_101_02	Crizotinib	Crizotinib_AML_101_02	212.70454	0.8
AML_102_01	Crizotinib	Crizotinib_AML_102_01	196.06224	0.4
AML_103_01	Crizotinib	Crizotinib_AML_103_01	193.52155	0.4
AML_103_02	Crizotinib	Crizotinib_AML_103_02	199.00826	2.9
AML_104_01	Crizotinib	Crizotinib_AML_104_01	206.5049	0.0
AML_108_01	Crizotinib	Crizotinib_AML_108_01	200.92499	2.5
AML_109_01	Crizotinib	Crizotinib_AML_109_01	199.83345	1.1
AML_110_01	Crizotinib	Crizotinib_AML_110_01	204.58478	3.2
AML_112_01	Crizotinib	Crizotinib_AML_112_01	197.5077	0.1
AML_112_02	Crizotinib	Crizotinib_AML_112_02	204.4464	2.4
AML_113_01	Crizotinib	Crizotinib_AML_113_01	206.23505	4.6
AML_114_01	Crizotinib	Crizotinib_AML_114_01	195.74072	1.8
AML_115_01	Crizotinib	Crizotinib_AML_115_01	198.21579	2.2
AML_116_01	Crizotinib	Crizotinib_AML_116_01	199.33333	3.6
AML_117_01	Crizotinib	Crizotinib_AML_117_01	205.8487	1.2
AML_119_01	Crizotinib	Crizotinib_AML_119_01	192.3955	0.4
AML_120_01	Crizotinib	Crizotinib_AML_120_01	205.68976	8.8
AML_120_03	Crizotinib	Crizotinib_AML_120_03	210.10597	0.0
AML_122_01	Crizotinib	Crizotinib_AML_122_01	207.72243	0.0
AML_123_01	Crizotinib	Crizotinib_AML_123_01	207.34221	1.7
AML_124_01	Crizotinib	Crizotinib_AML_124_01	206.0057	3.3
AML_125_01	Crizotinib	Crizotinib_AML_125_01	208.45016	0.0
AML_126_01	Crizotinib	Crizotinib_AML_126_01	203.7102	4.6
AML_127_01	Crizotinib	Crizotinib_AML_127_01	200.89697	1.1
AML_128_01	Crizotinib	Crizotinib_AML_128_01	207.89963	3.2
AML_129_02	Crizotinib	Crizotinib_AML_129_02	204.60701	8.7
AML_129_03	Crizotinib	Crizotinib_AML_129_03	205.42223	11.7
AML_131_01	Crizotinib	Crizotinib_AML_131_01	206.31813	0.2
AML_133_01	Crizotinib	Crizotinib_AML_133_01	207.30763	3.8
AML_134_01	Crizotinib	Crizotinib_AML_134_01	209.10135	3.8
AML_135_01	Crizotinib	Crizotinib_AML_135_01	210.72903	1.1
AML_138_01	Crizotinib	Crizotinib_AML_138_01	213.43335	0.3
AML_139_01	Crizotinib	Crizotinib_AML_139_01	215.40218	2.7
AML_140_01	Crizotinib	Crizotinib_AML_140_01	207.37056	1.1
AML_142_01	Crizotinib	Crizotinib_AML_142_01	205.6248	5.9
AML_143_01	Crizotinib	Crizotinib_AML_143_01	207.41321	0.0
AML_144_01	Crizotinib	Crizotinib_AML_144_01	216.3506	2.7
AML_146_01	Crizotinib	Crizotinib_AML_146_01	208.58298	0.0
AML_147_01	Crizotinib	Crizotinib_AML_147_01	210.75188	0.2
AML_151_01	Crizotinib	Crizotinib_AML_151_01	199.76495	0.8
AML_152_01	Crizotinib	Crizotinib_AML_152_01	208.02687	0.4
AML_153_01	Crizotinib	Crizotinib_AML_153_01	204.52243	0.0
AML_156_01	Crizotinib	Crizotinib_AML_156_01	201.29535	1.1
AML_157_01	Crizotinib	Crizotinib_AML_157_01	209.00977	3.1
AML_157_02	Crizotinib	Crizotinib_AML_157_02	207.29173	1.9
AML_158_01	Crizotinib	Crizotinib_AML_158_01	215.56436	1.0
AML_159_01	Crizotinib	Crizotinib_AML_159_01	212.01494	1.0
AML_160_01	Crizotinib	Crizotinib_AML_160_01	206.24991	0.5
AML_161_01	Crizotinib	Crizotinib_AML_161_01	206.11903	1.2
AML_175_01	Crizotinib	Crizotinib_AML_175_01	205.02911	0.3
AML_179_01	Crizotinib	Crizotinib_AML_179_01	203.16347	6.9
AML_183_01	Crizotinib	Crizotinib_AML_183_01	207.21338	0.0
AML_183_02	Crizotinib	Crizotinib_AML_183_02	197.33322	0.9
AML_183_03	Crizotinib	Crizotinib_AML_183_03	201.87634	0.4
AML_184_01	Crizotinib	Crizotinib_AML_184_01	197.61642	8.5
AML_185_01	Crizotinib	Crizotinib_AML_185_01	216.25758	9.9
AML_001_01	Dasatinib	Dasatinib_AML_001_01	203.21072	0.0
AML_001_03	Dasatinib	Dasatinib_AML_001_03	200.5032	0.0
AML_002_01	Dasatinib	Dasatinib_AML_002_01	203.96198	11.1
AML_003_02	Dasatinib	Dasatinib_AML_003_02	199.10593	0.0
AML_004_01	Dasatinib	Dasatinib_AML_004_01	196.05125	7.9
AML_006_02	Dasatinib	Dasatinib_AML_006_02	194.05727	5.6
AML_007_01	Dasatinib	Dasatinib_AML_007_01	193.40543	3.7
AML_007_02	Dasatinib	Dasatinib_AML_007_02	196.69228	0.0
AML_012_01	Dasatinib	Dasatinib_AML_012_01	202.67683	1.9
AML_013_01	Dasatinib	Dasatinib_AML_013_01	203.69366	6.8
AML_014_01	Dasatinib	Dasatinib_AML_014_01	199.12982	0.0
AML_015_01	Dasatinib	Dasatinib_AML_015_01	203.87218	22.1
AML_015_02	Dasatinib	Dasatinib_AML_015_02	199.07237	23.4
AML_015_03	Dasatinib	Dasatinib_AML_015_03	200.42667	24.7
AML_015_04	Dasatinib	Dasatinib_AML_015_04	200.68202	32.5
AML_018_01	Dasatinib	Dasatinib_AML_018_01	194.9828	18.5
AML_019_01	Dasatinib	Dasatinib_AML_019_01	200.76657	2.4
AML_020_01	Dasatinib	Dasatinib_AML_020_01	208.18553	0.0
AML_022_01	Dasatinib	Dasatinib_AML_022_01	186.1933	14.9
AML_023_01	Dasatinib	Dasatinib_AML_023_01	183.18097	25.5
AML_023_03	Dasatinib	Dasatinib_AML_023_03	185.89787	12.0
AML_023_04	Dasatinib	Dasatinib_AML_023_04	189.34491	8.8
AML_024_01	Dasatinib	Dasatinib_AML_024_01	208.07553	0.0
AML_025_01	Dasatinib	Dasatinib_AML_025_01	206.9695	7.2
AML_026_01	Dasatinib	Dasatinib_AML_026_01	199.43765	2.1
AML_028_01	Dasatinib	Dasatinib_AML_028_01	201.11414	1.0
AML_028_04	Dasatinib	Dasatinib_AML_028_04	194.11781	0.0
AML_029_01	Dasatinib	Dasatinib_AML_029_01	193.47578	0.0
AML_030_01	Dasatinib	Dasatinib_AML_030_01	183.21915	0.2
AML_032_01	Dasatinib	Dasatinib_AML_032_01	206.18118	0.0
AML_033_01	Dasatinib	Dasatinib_AML_033_01	202.3669	9.1
AML_033_02	Dasatinib	Dasatinib_AML_033_02	195.73926	6.4
AML_035_02	Dasatinib	Dasatinib_AML_035_02	209.82208	0.0
AML_035_04	Dasatinib	Dasatinib_AML_035_04	205.9012	0.0
AML_036_01	Dasatinib	Dasatinib_AML_036_01	193.87953	0.0
AML_040_01	Dasatinib	Dasatinib_AML_040_01	186.19363	22.4
AML_041_01	Dasatinib	Dasatinib_AML_041_01	190.15202	12.8
AML_042_01	Dasatinib	Dasatinib_AML_042_01	193.89554	12.9
AML_043_02	Dasatinib	Dasatinib_AML_043_02	204.69331	4.6
AML_045_01	Dasatinib	Dasatinib_AML_045_01	203.2926	0.0
AML_046_01	Dasatinib	Dasatinib_AML_046_01	191.52371	13.0
AML_051_01	Dasatinib	Dasatinib_AML_051_01	192.55714	0.0
AML_052_01	Dasatinib	Dasatinib_AML_052_01	202.39835	0.0
AML_053_01	Dasatinib	Dasatinib_AML_053_01	210.89532	0.8
AML_054_01	Dasatinib	Dasatinib_AML_054_01	200.67305	0.0
AML_057_01	Dasatinib	Dasatinib_AML_057_01	191.22493	17.7
AML_058_01	Dasatinib	Dasatinib_AML_058_01	194.02463	6.9
AML_059_01	Dasatinib	Dasatinib_AML_059_01	192.90985	5.6
AML_060_01	Dasatinib	Dasatinib_AML_060_01	202.97858	1.7
AML_061_01	Dasatinib	Dasatinib_AML_061_01	192.60306	4.5
AML_062_01	Dasatinib	Dasatinib_AML_062_01	179.45024	15.8
AML_064_01	Dasatinib	Dasatinib_AML_064_01	188.63124	0.0
AML_065_01	Dasatinib	Dasatinib_AML_065_01	179.09065	13.8
AML_067_01	Dasatinib	Dasatinib_AML_067_01	183.65791	20.1
AML_070_01	Dasatinib	Dasatinib_AML_070_01	193.96759	0.0
AML_072_01	Dasatinib	Dasatinib_AML_072_01	207.19139	1.2
AML_073_01	Dasatinib	Dasatinib_AML_073_01	205.7122	5.4
AML_074_01	Dasatinib	Dasatinib_AML_074_01	186.34058	3.0
AML_075_01	Dasatinib	Dasatinib_AML_075_01	186.52629	4.7
AML_076_01	Dasatinib	Dasatinib_AML_076_01	196.12051	3.4
AML_076_02	Dasatinib	Dasatinib_AML_076_02	184.44221	2.8
AML_077_01	Dasatinib	Dasatinib_AML_077_01	197.76645	2.6
AML_078_02	Dasatinib	Dasatinib_AML_078_02	190.61217	0.0
AML_084_01	Dasatinib	Dasatinib_AML_084_01	193.85081	8.7
AML_086_02	Dasatinib	Dasatinib_AML_086_02	207.44255	6.1
AML_098_01	Dasatinib	Dasatinib_AML_098_01	182.77214	0.0
AML_100_01	Dasatinib	Dasatinib_AML_100_01	189.82272	4.6
AML_101_01	Dasatinib	Dasatinib_AML_101_01	193.43942	13.9
AML_101_02	Dasatinib	Dasatinib_AML_101_02	208.95602	0.0
AML_102_01	Dasatinib	Dasatinib_AML_102_01	176.29533	0.0
AML_103_01	Dasatinib	Dasatinib_AML_103_01	176.21889	8.1
AML_103_02	Dasatinib	Dasatinib_AML_103_02	197.53387	2.9
AML_104_01	Dasatinib	Dasatinib_AML_104_01	188.43724	0.0
AML_108_01	Dasatinib	Dasatinib_AML_108_01	180.66692	7.3
AML_109_01	Dasatinib	Dasatinib_AML_109_01	193.3379	3.2
AML_110_01	Dasatinib	Dasatinib_AML_110_01	192.83334	6.8
AML_112_01	Dasatinib	Dasatinib_AML_112_01	177.8586	14.4
AML_112_02	Dasatinib	Dasatinib_AML_112_02	188.05568	8.3
AML_113_01	Dasatinib	Dasatinib_AML_113_01	194.0762	14.0
AML_114_01	Dasatinib	Dasatinib_AML_114_01	180.70262	2.4
AML_115_01	Dasatinib	Dasatinib_AML_115_01	181.17311	19.0
AML_116_01	Dasatinib	Dasatinib_AML_116_01	184.7653	0.0
AML_117_01	Dasatinib	Dasatinib_AML_117_01	195.30753	0.0
AML_119_01	Dasatinib	Dasatinib_AML_119_01	172.94753	2.7
AML_120_01	Dasatinib	Dasatinib_AML_120_01	192.3182	35.0
AML_120_03	Dasatinib	Dasatinib_AML_120_03	197.46977	23.1
AML_122_01	Dasatinib	Dasatinib_AML_122_01	195.78491	0.0
AML_123_01	Dasatinib	Dasatinib_AML_123_01	195.45871	7.1
AML_124_01	Dasatinib	Dasatinib_AML_124_01	197.02037	5.4
AML_125_01	Dasatinib	Dasatinib_AML_125_01	201.34094	0.7
AML_126_01	Dasatinib	Dasatinib_AML_126_01	190.4965	6.8
AML_127_01	Dasatinib	Dasatinib_AML_127_01	182.20868	4.5
AML_128_01	Dasatinib	Dasatinib_AML_128_01	203.52045	3.0
AML_129_02	Dasatinib	Dasatinib_AML_129_02	188.79004	21.4
AML_129_03	Dasatinib	Dasatinib_AML_129_03	192.58113	8.5
AML_131_01	Dasatinib	Dasatinib_AML_131_01	188.36165	0.0
AML_133_01	Dasatinib	Dasatinib_AML_133_01	206.20688	0.5
AML_134_01	Dasatinib	Dasatinib_AML_134_01	206.86365	0.0
AML_135_01	Dasatinib	Dasatinib_AML_135_01	202.52045	9.9
AML_138_01	Dasatinib	Dasatinib_AML_138_01	209.98637	2.1
AML_139_01	Dasatinib	Dasatinib_AML_139_01	208.27226	8.9
AML_140_01	Dasatinib	Dasatinib_AML_140_01	194.88249	4.8
AML_142_01	Dasatinib	Dasatinib_AML_142_01	203.6062	1.5
AML_143_01	Dasatinib	Dasatinib_AML_143_01	196.34175	0.0
AML_144_01	Dasatinib	Dasatinib_AML_144_01	212.1069	0.0
AML_146_01	Dasatinib	Dasatinib_AML_146_01	203.8625	0.0
AML_147_01	Dasatinib	Dasatinib_AML_147_01	196.11285	8.5
AML_151_01	Dasatinib	Dasatinib_AML_151_01	189.0424	5.7
AML_152_01	Dasatinib	Dasatinib_AML_152_01	196.81702	2.0
AML_153_01	Dasatinib	Dasatinib_AML_153_01	199.95897	0.3
AML_156_01	Dasatinib	Dasatinib_AML_156_01	194.56615	5.0
AML_157_01	Dasatinib	Dasatinib_AML_157_01	197.20097	15.0
AML_157_02	Dasatinib	Dasatinib_AML_157_02	197.45021	15.4
AML_158_01	Dasatinib	Dasatinib_AML_158_01	208.07753	4.2
AML_159_01	Dasatinib	Dasatinib_AML_159_01	205.6325	8.2
AML_160_01	Dasatinib	Dasatinib_AML_160_01	189.07224	2.8
AML_161_01	Dasatinib	Dasatinib_AML_161_01	198.86902	5.9
AML_175_01	Dasatinib	Dasatinib_AML_175_01	190.70618	5.4
AML_179_01	Dasatinib	Dasatinib_AML_179_01	201.78732	2.7
AML_183_01	Dasatinib	Dasatinib_AML_183_01	192.18945	0.0
AML_183_02	Dasatinib	Dasatinib_AML_183_02	179.16757	2.7
AML_183_03	Dasatinib	Dasatinib_AML_183_03	184.55252	3.5
AML_184_01	Dasatinib	Dasatinib_AML_184_01	180.62227	17.0
AML_185_01	Dasatinib	Dasatinib_AML_185_01	212.5276	0.1
AML_001_01	Doramapimod	Doramapimod_AML_001_01	205.24223	0.2
AML_001_03	Doramapimod	Doramapimod_AML_001_03	203.62741	4.6
AML_002_01	Doramapimod	Doramapimod_AML_002_01	202.76227	4.4
AML_003_02	Doramapimod	Doramapimod_AML_003_02	202.24516	16.7
AML_004_01	Doramapimod	Doramapimod_AML_004_01	199.32558	9.3
AML_006_02	Doramapimod	Doramapimod_AML_006_02	196.52174	5.4
AML_007_01	Doramapimod	Doramapimod_AML_007_01	201.17934	0.0
AML_007_02	Doramapimod	Doramapimod_AML_007_02	204.81017	0.0
AML_012_01	Doramapimod	Doramapimod_AML_012_01	203.52654	4.6
AML_013_01	Doramapimod	Doramapimod_AML_013_01	203.11261	21.5
AML_014_01	Doramapimod	Doramapimod_AML_014_01	203.4046	0.7
AML_015_01	Doramapimod	Doramapimod_AML_015_01	204.0357	6.9
AML_015_02	Doramapimod	Doramapimod_AML_015_02	205.79002	0.1
AML_015_03	Doramapimod	Doramapimod_AML_015_03	204.58394	2.5
AML_015_04	Doramapimod	Doramapimod_AML_015_04	202.96384	7.3
AML_018_01	Doramapimod	Doramapimod_AML_018_01	200.4987	1.8
AML_019_01	Doramapimod	Doramapimod_AML_019_01	202.85823	5.0
AML_020_01	Doramapimod	Doramapimod_AML_020_01	209.40804	0.8
AML_022_01	Doramapimod	Doramapimod_AML_022_01	194.76149	0.0
AML_023_01	Doramapimod	Doramapimod_AML_023_01	190.8425	0.0
AML_023_03	Doramapimod	Doramapimod_AML_023_03	193.44339	0.0
AML_023_04	Doramapimod	Doramapimod_AML_023_04	195.21286	0.0
AML_024_01	Doramapimod	Doramapimod_AML_024_01	206.18016	0.0
AML_025_01	Doramapimod	Doramapimod_AML_025_01	208.82037	0.7
AML_026_01	Doramapimod	Doramapimod_AML_026_01	201.48637	0.0
AML_028_01	Doramapimod	Doramapimod_AML_028_01	203.24492	0.7
AML_028_04	Doramapimod	Doramapimod_AML_028_04	197.49551	4.0
AML_029_01	Doramapimod	Doramapimod_AML_029_01	198.53903	10.2
AML_030_01	Doramapimod	Doramapimod_AML_030_01	189.9664	2.9
AML_032_01	Doramapimod	Doramapimod_AML_032_01	207.08658	0.0
AML_033_01	Doramapimod	Doramapimod_AML_033_01	202.24097	3.4
AML_033_02	Doramapimod	Doramapimod_AML_033_02	197.13142	3.2
AML_035_02	Doramapimod	Doramapimod_AML_035_02	210.02827	0.0
AML_035_04	Doramapimod	Doramapimod_AML_035_04	207.59456	0.0
AML_036_01	Doramapimod	Doramapimod_AML_036_01	199.77248	0.0
AML_040_01	Doramapimod	Doramapimod_AML_040_01	189.04967	14.3
AML_041_01	Doramapimod	Doramapimod_AML_041_01	197.48804	0.0
AML_042_01	Doramapimod	Doramapimod_AML_042_01	198.24216	3.0
AML_043_02	Doramapimod	Doramapimod_AML_043_02	204.60925	3.6
AML_045_01	Doramapimod	Doramapimod_AML_045_01	206.40135	2.7
AML_046_01	Doramapimod	Doramapimod_AML_046_01	194.60526	9.8
AML_051_01	Doramapimod	Doramapimod_AML_051_01	197.46066	2.6
AML_052_01	Doramapimod	Doramapimod_AML_052_01	202.07394	4.5
AML_053_01	Doramapimod	Doramapimod_AML_053_01	210.82904	7.8
AML_054_01	Doramapimod	Doramapimod_AML_054_01	202.23807	18.5
AML_057_01	Doramapimod	Doramapimod_AML_057_01	198.45436	5.1
AML_058_01	Doramapimod	Doramapimod_AML_058_01	198.7065	7.5
AML_059_01	Doramapimod	Doramapimod_AML_059_01	196.88376	10.4
AML_060_01	Doramapimod	Doramapimod_AML_060_01	204.32324	7.6
AML_061_01	Doramapimod	Doramapimod_AML_061_01	194.8205	6.9
AML_062_01	Doramapimod	Doramapimod_AML_062_01	188.8566	3.6
AML_064_01	Doramapimod	Doramapimod_AML_064_01	196.62627	0.0
AML_065_01	Doramapimod	Doramapimod_AML_065_01	188.60822	3.9
AML_067_01	Doramapimod	Doramapimod_AML_067_01	191.60919	4.3
AML_070_01	Doramapimod	Doramapimod_AML_070_01	196.90413	3.4
AML_072_01	Doramapimod	Doramapimod_AML_072_01	208.02184	8.0
AML_073_01	Doramapimod	Doramapimod_AML_073_01	207.6749	3.5
AML_074_01	Doramapimod	Doramapimod_AML_074_01	191.57356	4.4
AML_075_01	Doramapimod	Doramapimod_AML_075_01	192.65114	5.6
AML_076_01	Doramapimod	Doramapimod_AML_076_01	199.79195	0.0
AML_076_02	Doramapimod	Doramapimod_AML_076_02	190.14241	5.4
AML_077_01	Doramapimod	Doramapimod_AML_077_01	200.06401	1.6
AML_078_02	Doramapimod	Doramapimod_AML_078_02	196.90521	0.4
AML_084_01	Doramapimod	Doramapimod_AML_084_01	197.18909	0.6
AML_086_02	Doramapimod	Doramapimod_AML_086_02	206.20122	6.7
AML_098_01	Doramapimod	Doramapimod_AML_098_01	191.29655	0.0
AML_100_01	Doramapimod	Doramapimod_AML_100_01	193.98032	2.2
AML_101_01	Doramapimod	Doramapimod_AML_101_01	196.2189	14.3
AML_101_02	Doramapimod	Doramapimod_AML_101_02	208.89417	9.1
AML_102_01	Doramapimod	Doramapimod_AML_102_01	187.7083	0.0
AML_103_01	Doramapimod	Doramapimod_AML_103_01	186.8085	0.0
AML_103_02	Doramapimod	Doramapimod_AML_103_02	199.20575	8.0
AML_104_01	Doramapimod	Doramapimod_AML_104_01	194.19043	0.8
AML_108_01	Doramapimod	Doramapimod_AML_108_01	188.10474	0.2
AML_109_01	Doramapimod	Doramapimod_AML_109_01	197.07782	1.1
AML_110_01	Doramapimod	Doramapimod_AML_110_01	195.23973	2.2
AML_112_01	Doramapimod	Doramapimod_AML_112_01	189.75797	0.0
AML_112_02	Doramapimod	Doramapimod_AML_112_02	195.85751	0.0
AML_113_01	Doramapimod	Doramapimod_AML_113_01	200.64513	1.4
AML_114_01	Doramapimod	Doramapimod_AML_114_01	187.6224	0.0
AML_115_01	Doramapimod	Doramapimod_AML_115_01	188.29865	4.0
AML_116_01	Doramapimod	Doramapimod_AML_116_01	189.12239	0.7
AML_117_01	Doramapimod	Doramapimod_AML_117_01	198.17906	4.3
AML_119_01	Doramapimod	Doramapimod_AML_119_01	184.89954	5.4
AML_120_01	Doramapimod	Doramapimod_AML_120_01	196.0041	0.0
AML_120_03	Doramapimod	Doramapimod_AML_120_03	200.02736	0.0
AML_122_01	Doramapimod	Doramapimod_AML_122_01	203.64487	0.0
AML_123_01	Doramapimod	Doramapimod_AML_123_01	198.54478	1.1
AML_124_01	Doramapimod	Doramapimod_AML_124_01	199.0323	0.5
AML_125_01	Doramapimod	Doramapimod_AML_125_01	200.94537	15.5
AML_126_01	Doramapimod	Doramapimod_AML_126_01	198.16922	10.8
AML_127_01	Doramapimod	Doramapimod_AML_127_01	191.27621	1.3
AML_128_01	Doramapimod	Doramapimod_AML_128_01	205.04951	7.7
AML_129_02	Doramapimod	Doramapimod_AML_129_02	194.20517	9.2
AML_129_03	Doramapimod	Doramapimod_AML_129_03	196.48169	7.2
AML_131_01	Doramapimod	Doramapimod_AML_131_01	196.49745	0.0
AML_133_01	Doramapimod	Doramapimod_AML_133_01	204.19977	17.4
AML_134_01	Doramapimod	Doramapimod_AML_134_01	207.15565	3.4
AML_135_01	Doramapimod	Doramapimod_AML_135_01	204.26596	4.3
AML_138_01	Doramapimod	Doramapimod_AML_138_01	209.16618	0.0
AML_139_01	Doramapimod	Doramapimod_AML_139_01	209.02045	6.1
AML_140_01	Doramapimod	Doramapimod_AML_140_01	197.83603	0.0
AML_142_01	Doramapimod	Doramapimod_AML_142_01	204.79027	19.7
AML_143_01	Doramapimod	Doramapimod_AML_143_01	199.84192	4.8
AML_144_01	Doramapimod	Doramapimod_AML_144_01	210.73232	9.6
AML_146_01	Doramapimod	Doramapimod_AML_146_01	204.0097	2.7
AML_147_01	Doramapimod	Doramapimod_AML_147_01	201.32077	1.9
AML_151_01	Doramapimod	Doramapimod_AML_151_01	195.50122	16.7
AML_152_01	Doramapimod	Doramapimod_AML_152_01	199.59601	4.1
AML_153_01	Doramapimod	Doramapimod_AML_153_01	202.35898	1.7
AML_156_01	Doramapimod	Doramapimod_AML_156_01	196.05806	13.9
AML_157_01	Doramapimod	Doramapimod_AML_157_01	203.68156	0.0
AML_157_02	Doramapimod	Doramapimod_AML_157_02	201.85182	7.9
AML_158_01	Doramapimod	Doramapimod_AML_158_01	209.06335	1.3
AML_159_01	Doramapimod	Doramapimod_AML_159_01	206.08424	5.1
AML_160_01	Doramapimod	Doramapimod_AML_160_01	197.51155	1.7
AML_161_01	Doramapimod	Doramapimod_AML_161_01	202.2314	7.2
AML_175_01	Doramapimod	Doramapimod_AML_175_01	195.92441	4.7
AML_179_01	Doramapimod	Doramapimod_AML_179_01	202.40619	0.0
AML_183_01	Doramapimod	Doramapimod_AML_183_01	196.28714	0.0
AML_183_02	Doramapimod	Doramapimod_AML_183_02	185.72977	1.6
AML_183_03	Doramapimod	Doramapimod_AML_183_03	193.2131	0.0
AML_184_01	Doramapimod	Doramapimod_AML_184_01	187.70724	9.6
AML_185_01	Doramapimod	Doramapimod_AML_185_01	210.75275	3.7
AML_001_01	Dovitinib	Dovitinib_AML_001_01	177.42258	0.0
AML_001_03	Dovitinib	Dovitinib_AML_001_03	180.53549	0.5
AML_002_01	Dovitinib	Dovitinib_AML_002_01	171.07237	0.2
AML_003_02	Dovitinib	Dovitinib_AML_003_02	165.86646	7.5
AML_004_01	Dovitinib	Dovitinib_AML_004_01	172.36389	3.2
AML_006_02	Dovitinib	Dovitinib_AML_006_02	180.79404	0.1
AML_007_01	Dovitinib	Dovitinib_AML_007_01	183.69684	0.0
AML_007_02	Dovitinib	Dovitinib_AML_007_02	186.68652	0.0
AML_012_01	Dovitinib	Dovitinib_AML_012_01	162.73633	7.0
AML_013_01	Dovitinib	Dovitinib_AML_013_01	163.20238	11.1
AML_014_01	Dovitinib	Dovitinib_AML_014_01	169.40851	0.0
AML_015_01	Dovitinib	Dovitinib_AML_015_01	170.83807	6.1
AML_015_02	Dovitinib	Dovitinib_AML_015_02	182.79721	3.6
AML_015_03	Dovitinib	Dovitinib_AML_015_03	172.88821	8.1
AML_015_04	Dovitinib	Dovitinib_AML_015_04	160.28471	9.5
AML_018_01	Dovitinib	Dovitinib_AML_018_01	165.08958	10.4
AML_019_01	Dovitinib	Dovitinib_AML_019_01	165.93427	0.7
AML_020_01	Dovitinib	Dovitinib_AML_020_01	171.19185	3.0
AML_022_01	Dovitinib	Dovitinib_AML_022_01	173.90082	0.0
AML_023_01	Dovitinib	Dovitinib_AML_023_01	176.03696	0.0
AML_023_03	Dovitinib	Dovitinib_AML_023_03	172.33237	0.0
AML_023_04	Dovitinib	Dovitinib_AML_023_04	171.94406	1.9
AML_024_01	Dovitinib	Dovitinib_AML_024_01	171.96342	2.3
AML_025_01	Dovitinib	Dovitinib_AML_025_01	182.83217	0.4
AML_026_01	Dovitinib	Dovitinib_AML_026_01	183.85043	1.3
AML_028_01	Dovitinib	Dovitinib_AML_028_01	171.52875	9.0
AML_028_04	Dovitinib	Dovitinib_AML_028_04	160.36891	12.8
AML_029_01	Dovitinib	Dovitinib_AML_029_01	177.58748	0.9
AML_030_01	Dovitinib	Dovitinib_AML_030_01	169.64879	0.4
AML_032_01	Dovitinib	Dovitinib_AML_032_01	173.88263	0.0
AML_033_01	Dovitinib	Dovitinib_AML_033_01	166.87961	3.4
AML_033_02	Dovitinib	Dovitinib_AML_033_02	150.94424	2.8
AML_035_02	Dovitinib	Dovitinib_AML_035_02	179.29948	0.0
AML_035_04	Dovitinib	Dovitinib_AML_035_04	167.52524	0.2
AML_036_01	Dovitinib	Dovitinib_AML_036_01	176.61499	2.6
AML_040_01	Dovitinib	Dovitinib_AML_040_01	161.68225	2.5
AML_041_01	Dovitinib	Dovitinib_AML_041_01	180.21	1.0
AML_042_01	Dovitinib	Dovitinib_AML_042_01	182.16539	0.4
AML_043_02	Dovitinib	Dovitinib_AML_043_02	161.75813	0.9
AML_045_01	Dovitinib	Dovitinib_AML_045_01	178.172	0.0
AML_046_01	Dovitinib	Dovitinib_AML_046_01	154.41658	16.9
AML_051_01	Dovitinib	Dovitinib_AML_051_01	163.39496	1.1
AML_052_01	Dovitinib	Dovitinib_AML_052_01	173.22398	0.0
AML_053_01	Dovitinib	Dovitinib_AML_053_01	187.89206	3.8
AML_054_01	Dovitinib	Dovitinib_AML_054_01	161.89793	3.9
AML_057_01	Dovitinib	Dovitinib_AML_057_01	179.62422	0.2
AML_058_01	Dovitinib	Dovitinib_AML_058_01	167.78809	4.5
AML_059_01	Dovitinib	Dovitinib_AML_059_01	163.88918	4.1
AML_060_01	Dovitinib	Dovitinib_AML_060_01	166.35677	2.3
AML_061_01	Dovitinib	Dovitinib_AML_061_01	166.02303	2.9
AML_062_01	Dovitinib	Dovitinib_AML_062_01	166.14996	6.0
AML_064_01	Dovitinib	Dovitinib_AML_064_01	181.5144	0.0
AML_065_01	Dovitinib	Dovitinib_AML_065_01	164.10936	3.6
AML_067_01	Dovitinib	Dovitinib_AML_067_01	177.23053	2.8
AML_070_01	Dovitinib	Dovitinib_AML_070_01	179.10405	0.0
AML_072_01	Dovitinib	Dovitinib_AML_072_01	180.4683	0.2
AML_073_01	Dovitinib	Dovitinib_AML_073_01	176.06454	0.0
AML_074_01	Dovitinib	Dovitinib_AML_074_01	176.31464	0.0
AML_075_01	Dovitinib	Dovitinib_AML_075_01	174.78485	0.0
AML_076_01	Dovitinib	Dovitinib_AML_076_01	181.13017	0.0
AML_076_02	Dovitinib	Dovitinib_AML_076_02	158.87947	2.2
AML_077_01	Dovitinib	Dovitinib_AML_077_01	173.50223	0.3
AML_078_02	Dovitinib	Dovitinib_AML_078_02	180.13748	0.0
AML_084_01	Dovitinib	Dovitinib_AML_084_01	167.03122	4.6
AML_086_02	Dovitinib	Dovitinib_AML_086_02	176.3871	0.2
AML_098_01	Dovitinib	Dovitinib_AML_098_01	171.0211	0.0
AML_100_01	Dovitinib	Dovitinib_AML_100_01	172.99963	0.6
AML_101_01	Dovitinib	Dovitinib_AML_101_01	165.05487	5.8
AML_101_02	Dovitinib	Dovitinib_AML_101_02	180.61899	3.0
AML_102_01	Dovitinib	Dovitinib_AML_102_01	171.84889	0.0
AML_103_01	Dovitinib	Dovitinib_AML_103_01	167.97878	0.0
AML_103_02	Dovitinib	Dovitinib_AML_103_02	155.69035	2.6
AML_104_01	Dovitinib	Dovitinib_AML_104_01	180.3981	0.0
AML_108_01	Dovitinib	Dovitinib_AML_108_01	171.06943	0.3
AML_109_01	Dovitinib	Dovitinib_AML_109_01	162.76253	2.0
AML_110_01	Dovitinib	Dovitinib_AML_110_01	174.2493	0.7
AML_112_01	Dovitinib	Dovitinib_AML_112_01	171.06123	1.3
AML_112_02	Dovitinib	Dovitinib_AML_112_02	175.94319	0.0
AML_113_01	Dovitinib	Dovitinib_AML_113_01	164.51674	1.3
AML_114_01	Dovitinib	Dovitinib_AML_114_01	170.95802	0.5
AML_115_01	Dovitinib	Dovitinib_AML_115_01	164.1635	0.4
AML_116_01	Dovitinib	Dovitinib_AML_116_01	169.85461	0.8
AML_117_01	Dovitinib	Dovitinib_AML_117_01	181.23515	0.0
AML_119_01	Dovitinib	Dovitinib_AML_119_01	169.5303	0.0
AML_120_01	Dovitinib	Dovitinib_AML_120_01	171.40152	2.6
AML_120_03	Dovitinib	Dovitinib_AML_120_03	175.63974	4.6
AML_122_01	Dovitinib	Dovitinib_AML_122_01	189.42328	0.0
AML_123_01	Dovitinib	Dovitinib_AML_123_01	182.66904	0.9
AML_124_01	Dovitinib	Dovitinib_AML_124_01	175.31735	1.5
AML_125_01	Dovitinib	Dovitinib_AML_125_01	171.94057	0.0
AML_126_01	Dovitinib	Dovitinib_AML_126_01	179.82918	2.7
AML_127_01	Dovitinib	Dovitinib_AML_127_01	168.20276	0.0
AML_128_01	Dovitinib	Dovitinib_AML_128_01	177.21207	0.3
AML_129_02	Dovitinib	Dovitinib_AML_129_02	163.14856	5.0
AML_129_03	Dovitinib	Dovitinib_AML_129_03	163.88297	2.8
AML_131_01	Dovitinib	Dovitinib_AML_131_01	179.03513	0.0
AML_133_01	Dovitinib	Dovitinib_AML_133_01	166.96516	1.2
AML_134_01	Dovitinib	Dovitinib_AML_134_01	174.67233	1.8
AML_135_01	Dovitinib	Dovitinib_AML_135_01	175.76826	1.7
AML_138_01	Dovitinib	Dovitinib_AML_138_01	175.17241	3.4
AML_139_01	Dovitinib	Dovitinib_AML_139_01	182.01866	4.5
AML_140_01	Dovitinib	Dovitinib_AML_140_01	175.7188	0.6
AML_142_01	Dovitinib	Dovitinib_AML_142_01	162.97517	4.6
AML_143_01	Dovitinib	Dovitinib_AML_143_01	173.5053	0.0
AML_144_01	Dovitinib	Dovitinib_AML_144_01	184.87302	0.7
AML_146_01	Dovitinib	Dovitinib_AML_146_01	180.91096	0.0
AML_147_01	Dovitinib	Dovitinib_AML_147_01	178.63467	1.1
AML_151_01	Dovitinib	Dovitinib_AML_151_01	162.21872	1.7
AML_152_01	Dovitinib	Dovitinib_AML_152_01	168.1594	0.5
AML_153_01	Dovitinib	Dovitinib_AML_153_01	163.14754	0.0
AML_156_01	Dovitinib	Dovitinib_AML_156_01	168.23181	0.0
AML_157_01	Dovitinib	Dovitinib_AML_157_01	173.69298	2.1
AML_157_02	Dovitinib	Dovitinib_AML_157_02	177.00317	3.4
AML_158_01	Dovitinib	Dovitinib_AML_158_01	184.6422	0.8
AML_159_01	Dovitinib	Dovitinib_AML_159_01	180.7649	1.4
AML_160_01	Dovitinib	Dovitinib_AML_160_01	172.4332	1.2
AML_161_01	Dovitinib	Dovitinib_AML_161_01	163.53543	0.0
AML_175_01	Dovitinib	Dovitinib_AML_175_01	183.21095	1.1
AML_179_01	Dovitinib	Dovitinib_AML_179_01	162.9716	5.1
AML_183_01	Dovitinib	Dovitinib_AML_183_01	181.54648	0.0
AML_183_02	Dovitinib	Dovitinib_AML_183_02	173.27109	0.0
AML_183_03	Dovitinib	Dovitinib_AML_183_03	169.4114	2.3
AML_184_01	Dovitinib	Dovitinib_AML_184_01	175.76558	0.5
AML_185_01	Dovitinib	Dovitinib_AML_185_01	177.72075	0.8
AML_019_01	Entospletinib	Entospletinib_AML_019_01	207.89345	0.0
AML_025_01	Entospletinib	Entospletinib_AML_025_01	218.05673	0.1
AML_026_01	Entospletinib	Entospletinib_AML_026_01	212.81801	0.0
AML_029_01	Entospletinib	Entospletinib_AML_029_01	209.0549	0.0
AML_030_01	Entospletinib	Entospletinib_AML_030_01	202.02136	0.0
AML_033_01	Entospletinib	Entospletinib_AML_033_01	208.56418	3.6
AML_033_02	Entospletinib	Entospletinib_AML_033_02	198.306	2.3
AML_043_02	Entospletinib	Entospletinib_AML_043_02	204.99268	0.0
AML_052_01	Entospletinib	Entospletinib_AML_052_01	209.77612	0.0
AML_070_01	Entospletinib	Entospletinib_AML_070_01	207.62708	0.0
AML_074_01	Entospletinib	Entospletinib_AML_074_01	205.59293	0.0
AML_076_02	Entospletinib	Entospletinib_AML_076_02	200.4452	0.0
AML_078_02	Entospletinib	Entospletinib_AML_078_02	208.56683	0.0
AML_086_02	Entospletinib	Entospletinib_AML_086_02	214.01903	0.0
AML_098_01	Entospletinib	Entospletinib_AML_098_01	204.78789	0.0
AML_100_01	Entospletinib	Entospletinib_AML_100_01	207.20743	0.0
AML_101_01	Entospletinib	Entospletinib_AML_101_01	203.18752	4.6
AML_101_02	Entospletinib	Entospletinib_AML_101_02	215.15659	0.7
AML_102_01	Entospletinib	Entospletinib_AML_102_01	202.32713	0.0
AML_103_01	Entospletinib	Entospletinib_AML_103_01	199.5166	0.0
AML_103_02	Entospletinib	Entospletinib_AML_103_02	201.97617	0.0
AML_104_01	Entospletinib	Entospletinib_AML_104_01	208.9387	0.0
AML_108_01	Entospletinib	Entospletinib_AML_108_01	205.9162	1.3
AML_109_01	Entospletinib	Entospletinib_AML_109_01	205.06169	0.0
AML_110_01	Entospletinib	Entospletinib_AML_110_01	206.94043	1.6
AML_112_01	Entospletinib	Entospletinib_AML_112_01	202.15346	0.5
AML_112_02	Entospletinib	Entospletinib_AML_112_02	206.74298	0.0
AML_113_01	Entospletinib	Entospletinib_AML_113_01	209.8154	5.5
AML_114_01	Entospletinib	Entospletinib_AML_114_01	201.19368	0.0
AML_115_01	Entospletinib	Entospletinib_AML_115_01	202.31898	0.0
AML_116_01	Entospletinib	Entospletinib_AML_116_01	203.92232	1.8
AML_117_01	Entospletinib	Entospletinib_AML_117_01	210.2852	0.0
AML_119_01	Entospletinib	Entospletinib_AML_119_01	197.60791	0.2
AML_122_01	Entospletinib	Entospletinib_AML_122_01	213.78712	0.0
AML_123_01	Entospletinib	Entospletinib_AML_123_01	212.00673	0.0
AML_124_01	Entospletinib	Entospletinib_AML_124_01	209.93874	0.0
AML_125_01	Entospletinib	Entospletinib_AML_125_01	211.63884	0.0
AML_126_01	Entospletinib	Entospletinib_AML_126_01	208.10904	5.6
AML_127_01	Entospletinib	Entospletinib_AML_127_01	203.12856	0.0
AML_128_01	Entospletinib	Entospletinib_AML_128_01	211.52878	0.0
AML_131_01	Entospletinib	Entospletinib_AML_131_01	210.37341	0.0
AML_133_01	Entospletinib	Entospletinib_AML_133_01	210.77516	0.0
AML_134_01	Entospletinib	Entospletinib_AML_134_01	212.93777	0.0
AML_135_01	Entospletinib	Entospletinib_AML_135_01	212.01016	0.5
AML_138_01	Entospletinib	Entospletinib_AML_138_01	215.32677	0.0
AML_139_01	Entospletinib	Entospletinib_AML_139_01	219.13974	0.0
AML_140_01	Entospletinib	Entospletinib_AML_140_01	210.40816	0.0
AML_142_01	Entospletinib	Entospletinib_AML_142_01	207.42398	0.0
AML_143_01	Entospletinib	Entospletinib_AML_143_01	209.8837	0.0
AML_144_01	Entospletinib	Entospletinib_AML_144_01	219.2908	0.0
AML_146_01	Entospletinib	Entospletinib_AML_146_01	212.74016	0.0
AML_147_01	Entospletinib	Entospletinib_AML_147_01	212.15442	0.0
AML_151_01	Entospletinib	Entospletinib_AML_151_01	205.54147	0.0
AML_152_01	Entospletinib	Entospletinib_AML_152_01	211.50948	0.0
AML_153_01	Entospletinib	Entospletinib_AML_153_01	206.37645	0.0
AML_156_01	Entospletinib	Entospletinib_AML_156_01	205.16486	3.5
AML_157_01	Entospletinib	Entospletinib_AML_157_01	212.71489	0.0
AML_157_02	Entospletinib	Entospletinib_AML_157_02	212.04099	0.0
AML_158_01	Entospletinib	Entospletinib_AML_158_01	218.8772	0.0
AML_159_01	Entospletinib	Entospletinib_AML_159_01	214.41388	0.0
AML_160_01	Entospletinib	Entospletinib_AML_160_01	207.36342	0.0
AML_161_01	Entospletinib	Entospletinib_AML_161_01	208.30553	3.5
AML_183_02	Entospletinib	Entospletinib_AML_183_02	200.59395	0.5
AML_183_03	Entospletinib	Entospletinib_AML_183_03	204.02919	0.0
AML_001_01	Erlotinib	Erlotinib_AML_001_01	224.48303	0.0
AML_001_03	Erlotinib	Erlotinib_AML_001_03	227.63907	3.7
AML_002_01	Erlotinib	Erlotinib_AML_002_01	215.64842	1.7
AML_003_02	Erlotinib	Erlotinib_AML_003_02	210.49928	1.9
AML_004_01	Erlotinib	Erlotinib_AML_004_01	223.59018	3.9
AML_006_02	Erlotinib	Erlotinib_AML_006_02	222.73505	0.8
AML_007_01	Erlotinib	Erlotinib_AML_007_01	227.52895	2.9
AML_007_02	Erlotinib	Erlotinib_AML_007_02	229.56487	2.9
AML_012_01	Erlotinib	Erlotinib_AML_012_01	209.93935	6.8
AML_013_01	Erlotinib	Erlotinib_AML_013_01	213.17282	7.4
AML_014_01	Erlotinib	Erlotinib_AML_014_01	224.88351	0.3
AML_015_01	Erlotinib	Erlotinib_AML_015_01	223.75876	4.6
AML_015_02	Erlotinib	Erlotinib_AML_015_02	224.125	2.6
AML_015_03	Erlotinib	Erlotinib_AML_015_03	224.5382	4.1
AML_015_04	Erlotinib	Erlotinib_AML_015_04	215.08795	7.4
AML_018_01	Erlotinib	Erlotinib_AML_018_01	216.32013	4.8
AML_019_01	Erlotinib	Erlotinib_AML_019_01	212.342	5.5
AML_020_01	Erlotinib	Erlotinib_AML_020_01	220.33554	0.8
AML_022_01	Erlotinib	Erlotinib_AML_022_01	221.73378	0.0
AML_023_01	Erlotinib	Erlotinib_AML_023_01	219.9633	1.7
AML_023_03	Erlotinib	Erlotinib_AML_023_03	218.84128	0.9
AML_023_04	Erlotinib	Erlotinib_AML_023_04	219.2757	1.1
AML_024_01	Erlotinib	Erlotinib_AML_024_01	219.85399	4.1
AML_025_01	Erlotinib	Erlotinib_AML_025_01	227.69066	3.6
AML_026_01	Erlotinib	Erlotinib_AML_026_01	226.9481	0.0
AML_028_01	Erlotinib	Erlotinib_AML_028_01	220.30417	1.7
AML_028_04	Erlotinib	Erlotinib_AML_028_04	205.27829	7.2
AML_029_01	Erlotinib	Erlotinib_AML_029_01	220.88101	4.1
AML_030_01	Erlotinib	Erlotinib_AML_030_01	217.12674	2.1
AML_032_01	Erlotinib	Erlotinib_AML_032_01	221.74603	1.6
AML_033_01	Erlotinib	Erlotinib_AML_033_01	219.62267	6.4
AML_033_02	Erlotinib	Erlotinib_AML_033_02	202.42029	5.5
AML_035_02	Erlotinib	Erlotinib_AML_035_02	225.22345	0.0
AML_035_04	Erlotinib	Erlotinib_AML_035_04	213.63724	0.1
AML_036_01	Erlotinib	Erlotinib_AML_036_01	227.87236	1.0
AML_040_01	Erlotinib	Erlotinib_AML_040_01	219.26398	4.8
AML_041_01	Erlotinib	Erlotinib_AML_041_01	223.96445	2.5
AML_042_01	Erlotinib	Erlotinib_AML_042_01	224.95627	3.7
AML_043_02	Erlotinib	Erlotinib_AML_043_02	211.20465	1.9
AML_045_01	Erlotinib	Erlotinib_AML_045_01	222.80786	0.4
AML_046_01	Erlotinib	Erlotinib_AML_046_01	209.83412	11.1
AML_051_01	Erlotinib	Erlotinib_AML_051_01	216.58769	1.1
AML_052_01	Erlotinib	Erlotinib_AML_052_01	222.32675	3.6
AML_053_01	Erlotinib	Erlotinib_AML_053_01	233.58882	0.5
AML_054_01	Erlotinib	Erlotinib_AML_054_01	212.92766	5.2
AML_057_01	Erlotinib	Erlotinib_AML_057_01	225.39621	3.8
AML_058_01	Erlotinib	Erlotinib_AML_058_01	221.26546	3.5
AML_059_01	Erlotinib	Erlotinib_AML_059_01	218.42043	6.4
AML_060_01	Erlotinib	Erlotinib_AML_060_01	215.65308	3.8
AML_061_01	Erlotinib	Erlotinib_AML_061_01	219.78456	2.8
AML_062_01	Erlotinib	Erlotinib_AML_062_01	215.01538	5.4
AML_064_01	Erlotinib	Erlotinib_AML_064_01	221.95013	1.0
AML_065_01	Erlotinib	Erlotinib_AML_065_01	215.40866	3.6
AML_067_01	Erlotinib	Erlotinib_AML_067_01	223.05383	4.1
AML_070_01	Erlotinib	Erlotinib_AML_070_01	223.78102	2.8
AML_072_01	Erlotinib	Erlotinib_AML_072_01	225.64871	0.7
AML_073_01	Erlotinib	Erlotinib_AML_073_01	221.67229	7.0
AML_074_01	Erlotinib	Erlotinib_AML_074_01	223.76886	2.5
AML_075_01	Erlotinib	Erlotinib_AML_075_01	220.89342	0.6
AML_076_01	Erlotinib	Erlotinib_AML_076_01	223.2337	3.2
AML_076_02	Erlotinib	Erlotinib_AML_076_02	213.02382	8.0
AML_077_01	Erlotinib	Erlotinib_AML_077_01	219.71552	4.4
AML_078_02	Erlotinib	Erlotinib_AML_078_02	224.5428	2.5
AML_084_01	Erlotinib	Erlotinib_AML_084_01	213.42473	7.0
AML_086_02	Erlotinib	Erlotinib_AML_086_02	221.49663	6.8
AML_098_01	Erlotinib	Erlotinib_AML_098_01	221.76689	0.0
AML_100_01	Erlotinib	Erlotinib_AML_100_01	225.27187	3.1
AML_101_01	Erlotinib	Erlotinib_AML_101_01	210.45122	3.8
AML_101_02	Erlotinib	Erlotinib_AML_101_02	220.60463	2.4
AML_102_01	Erlotinib	Erlotinib_AML_102_01	218.87244	4.2
AML_103_01	Erlotinib	Erlotinib_AML_103_01	214.53735	3.7
AML_103_02	Erlotinib	Erlotinib_AML_103_02	208.03001	6.7
AML_104_01	Erlotinib	Erlotinib_AML_104_01	225.40366	4.7
AML_108_01	Erlotinib	Erlotinib_AML_108_01	223.02373	6.2
AML_109_01	Erlotinib	Erlotinib_AML_109_01	211.961	4.2
AML_110_01	Erlotinib	Erlotinib_AML_110_01	221.76562	7.2
AML_112_01	Erlotinib	Erlotinib_AML_112_01	219.0674	4.8
AML_112_02	Erlotinib	Erlotinib_AML_112_02	222.05316	2.8
AML_113_01	Erlotinib	Erlotinib_AML_113_01	217.43489	5.0
AML_114_01	Erlotinib	Erlotinib_AML_114_01	219.01053	4.0
AML_115_01	Erlotinib	Erlotinib_AML_115_01	216.90459	5.2
AML_116_01	Erlotinib	Erlotinib_AML_116_01	219.66869	2.0
AML_117_01	Erlotinib	Erlotinib_AML_117_01	225.25722	4.4
AML_119_01	Erlotinib	Erlotinib_AML_119_01	216.88457	2.8
AML_120_01	Erlotinib	Erlotinib_AML_120_01	222.55788	0.9
AML_120_03	Erlotinib	Erlotinib_AML_120_03	223.7407	4.8
AML_122_01	Erlotinib	Erlotinib_AML_122_01	226.57962	1.9
AML_123_01	Erlotinib	Erlotinib_AML_123_01	227.63118	3.7
AML_124_01	Erlotinib	Erlotinib_AML_124_01	223.4208	5.7
AML_125_01	Erlotinib	Erlotinib_AML_125_01	222.44403	24.8
AML_126_01	Erlotinib	Erlotinib_AML_126_01	219.76143	3.2
AML_127_01	Erlotinib	Erlotinib_AML_127_01	221.11276	3.6
AML_128_01	Erlotinib	Erlotinib_AML_128_01	222.71388	4.9
AML_129_02	Erlotinib	Erlotinib_AML_129_02	221.69948	5.2
AML_129_03	Erlotinib	Erlotinib_AML_129_03	218.25711	5.5
AML_131_01	Erlotinib	Erlotinib_AML_131_01	225.57748	1.9
AML_133_01	Erlotinib	Erlotinib_AML_133_01	216.18082	1.3
AML_134_01	Erlotinib	Erlotinib_AML_134_01	214.20378	6.1
AML_135_01	Erlotinib	Erlotinib_AML_135_01	224.61855	6.2
AML_138_01	Erlotinib	Erlotinib_AML_138_01	220.02615	6.9
AML_139_01	Erlotinib	Erlotinib_AML_139_01	230.0546	2.3
AML_140_01	Erlotinib	Erlotinib_AML_140_01	226.76228	4.3
AML_142_01	Erlotinib	Erlotinib_AML_142_01	211.31787	5.8
AML_143_01	Erlotinib	Erlotinib_AML_143_01	221.8468	3.4
AML_144_01	Erlotinib	Erlotinib_AML_144_01	228.71295	4.2
AML_146_01	Erlotinib	Erlotinib_AML_146_01	223.05714	1.3
AML_147_01	Erlotinib	Erlotinib_AML_147_01	227.2189	1.7
AML_151_01	Erlotinib	Erlotinib_AML_151_01	217.91924	5.3
AML_152_01	Erlotinib	Erlotinib_AML_152_01	221.8236	2.3
AML_153_01	Erlotinib	Erlotinib_AML_153_01	209.36804	2.2
AML_156_01	Erlotinib	Erlotinib_AML_156_01	215.28333	1.6
AML_157_01	Erlotinib	Erlotinib_AML_157_01	224.346	1.8
AML_157_02	Erlotinib	Erlotinib_AML_157_02	226.16434	2.4
AML_158_01	Erlotinib	Erlotinib_AML_158_01	229.2396	2.7
AML_159_01	Erlotinib	Erlotinib_AML_159_01	225.24704	5.9
AML_160_01	Erlotinib	Erlotinib_AML_160_01	219.16322	2.1
AML_161_01	Erlotinib	Erlotinib_AML_161_01	212.92017	1.8
AML_175_01	Erlotinib	Erlotinib_AML_175_01	224.47127	0.2
AML_179_01	Erlotinib	Erlotinib_AML_179_01	214.40297	1.7
AML_183_01	Erlotinib	Erlotinib_AML_183_01	228.57437	3.5
AML_183_02	Erlotinib	Erlotinib_AML_183_02	220.22684	2.0
AML_183_03	Erlotinib	Erlotinib_AML_183_03	220.35234	2.3
AML_184_01	Erlotinib	Erlotinib_AML_184_01	222.72784	1.5
AML_185_01	Erlotinib	Erlotinib_AML_185_01	223.1297	0.0
AML_001_01	Foretinib	Foretinib_AML_001_01	168.22656	2.6
AML_001_03	Foretinib	Foretinib_AML_001_03	171.4259	2.7
AML_002_01	Foretinib	Foretinib_AML_002_01	170.035	8.4
AML_003_02	Foretinib	Foretinib_AML_003_02	166.83635	1.0
AML_004_01	Foretinib	Foretinib_AML_004_01	164.58192	4.7
AML_006_02	Foretinib	Foretinib_AML_006_02	168.5936	3.8
AML_007_01	Foretinib	Foretinib_AML_007_01	168.79149	2.5
AML_007_02	Foretinib	Foretinib_AML_007_02	172.28554	2.7
AML_012_01	Foretinib	Foretinib_AML_012_01	164.91049	24.9
AML_013_01	Foretinib	Foretinib_AML_013_01	160.9333	26.5
AML_014_01	Foretinib	Foretinib_AML_014_01	168.0269	7.0
AML_015_01	Foretinib	Foretinib_AML_015_01	162.04198	21.7
AML_015_02	Foretinib	Foretinib_AML_015_02	175.72124	16.6
AML_015_03	Foretinib	Foretinib_AML_015_03	167.90025	23.2
AML_015_04	Foretinib	Foretinib_AML_015_04	160.78696	31.2
AML_018_01	Foretinib	Foretinib_AML_018_01	165.09622	25.1
AML_019_01	Foretinib	Foretinib_AML_019_01	167.53662	3.0
AML_020_01	Foretinib	Foretinib_AML_020_01	172.83408	1.5
AML_022_01	Foretinib	Foretinib_AML_022_01	160.0915	12.7
AML_023_01	Foretinib	Foretinib_AML_023_01	158.17451	19.0
AML_023_03	Foretinib	Foretinib_AML_023_03	160.42368	15.0
AML_023_04	Foretinib	Foretinib_AML_023_04	164.67662	10.1
AML_024_01	Foretinib	Foretinib_AML_024_01	167.18494	4.2
AML_025_01	Foretinib	Foretinib_AML_025_01	176.5517	2.3
AML_026_01	Foretinib	Foretinib_AML_026_01	168.14574	1.4
AML_028_01	Foretinib	Foretinib_AML_028_01	164.13445	12.3
AML_028_04	Foretinib	Foretinib_AML_028_04	160.40475	28.0
AML_029_01	Foretinib	Foretinib_AML_029_01	165.67368	0.8
AML_030_01	Foretinib	Foretinib_AML_030_01	153.37393	0.5
AML_032_01	Foretinib	Foretinib_AML_032_01	172.20493	2.6
AML_033_01	Foretinib	Foretinib_AML_033_01	162.96472	7.3
AML_033_02	Foretinib	Foretinib_AML_033_02	148.95764	7.2
AML_035_02	Foretinib	Foretinib_AML_035_02	176.87434	2.0
AML_035_04	Foretinib	Foretinib_AML_035_04	173.68878	0.0
AML_036_01	Foretinib	Foretinib_AML_036_01	164.06625	3.0
AML_040_01	Foretinib	Foretinib_AML_040_01	147.36053	13.3
AML_041_01	Foretinib	Foretinib_AML_041_01	164.46155	5.7
AML_042_01	Foretinib	Foretinib_AML_042_01	169.03477	5.4
AML_043_02	Foretinib	Foretinib_AML_043_02	166.32083	3.2
AML_045_01	Foretinib	Foretinib_AML_045_01	170.57915	0.0
AML_046_01	Foretinib	Foretinib_AML_046_01	148.16685	37.3
AML_051_01	Foretinib	Foretinib_AML_051_01	157.51595	5.5
AML_052_01	Foretinib	Foretinib_AML_052_01	166.63281	3.0
AML_053_01	Foretinib	Foretinib_AML_053_01	179.24925	5.5
AML_054_01	Foretinib	Foretinib_AML_054_01	162.28943	12.4
AML_057_01	Foretinib	Foretinib_AML_057_01	163.71512	8.5
AML_058_01	Foretinib	Foretinib_AML_058_01	158.8052	7.3
AML_059_01	Foretinib	Foretinib_AML_059_01	156.58731	6.2
AML_060_01	Foretinib	Foretinib_AML_060_01	166.05382	2.5
AML_061_01	Foretinib	Foretinib_AML_061_01	159.8344	7.8
AML_062_01	Foretinib	Foretinib_AML_062_01	152.423	13.8
AML_064_01	Foretinib	Foretinib_AML_064_01	166.05122	4.4
AML_065_01	Foretinib	Foretinib_AML_065_01	151.71619	10.2
AML_067_01	Foretinib	Foretinib_AML_067_01	157.83234	11.1
AML_070_01	Foretinib	Foretinib_AML_070_01	167.18169	0.9
AML_072_01	Foretinib	Foretinib_AML_072_01	174.50342	3.7
AML_073_01	Foretinib	Foretinib_AML_073_01	174.01982	2.6
AML_074_01	Foretinib	Foretinib_AML_074_01	155.3229	4.2
AML_075_01	Foretinib	Foretinib_AML_075_01	162.81165	4.3
AML_076_01	Foretinib	Foretinib_AML_076_01	169.7159	1.5
AML_076_02	Foretinib	Foretinib_AML_076_02	152.27777	4.7
AML_077_01	Foretinib	Foretinib_AML_077_01	165.87639	3.3
AML_078_02	Foretinib	Foretinib_AML_078_02	163.11769	2.6
AML_084_01	Foretinib	Foretinib_AML_084_01	162.85442	14.8
AML_086_02	Foretinib	Foretinib_AML_086_02	173.67455	2.1
AML_098_01	Foretinib	Foretinib_AML_098_01	156.6015	3.6
AML_100_01	Foretinib	Foretinib_AML_100_01	157.73126	2.8
AML_101_01	Foretinib	Foretinib_AML_101_01	163.63498	12.7
AML_101_02	Foretinib	Foretinib_AML_101_02	177.23138	0.0
AML_102_01	Foretinib	Foretinib_AML_102_01	150.06627	0.0
AML_103_01	Foretinib	Foretinib_AML_103_01	153.4489	0.9
AML_103_02	Foretinib	Foretinib_AML_103_02	152.85645	5.8
AML_104_01	Foretinib	Foretinib_AML_104_01	160.05763	0.0
AML_108_01	Foretinib	Foretinib_AML_108_01	151.24884	2.5
AML_109_01	Foretinib	Foretinib_AML_109_01	156.71982	3.4
AML_110_01	Foretinib	Foretinib_AML_110_01	160.59334	5.1
AML_112_01	Foretinib	Foretinib_AML_112_01	152.44147	4.0
AML_112_02	Foretinib	Foretinib_AML_112_02	161.72366	2.4
AML_113_01	Foretinib	Foretinib_AML_113_01	162.80247	6.5
AML_114_01	Foretinib	Foretinib_AML_114_01	150.45259	0.0
AML_115_01	Foretinib	Foretinib_AML_115_01	150.5742	8.0
AML_116_01	Foretinib	Foretinib_AML_116_01	153.28998	0.0
AML_117_01	Foretinib	Foretinib_AML_117_01	165.61975	5.0
AML_119_01	Foretinib	Foretinib_AML_119_01	146.35281	4.0
AML_120_01	Foretinib	Foretinib_AML_120_01	159.73155	27.0
AML_120_03	Foretinib	Foretinib_AML_120_03	167.49716	20.8
AML_122_01	Foretinib	Foretinib_AML_122_01	176.09488	0.0
AML_123_01	Foretinib	Foretinib_AML_123_01	165.4855	4.5
AML_124_01	Foretinib	Foretinib_AML_124_01	164.15175	6.2
AML_125_01	Foretinib	Foretinib_AML_125_01	167.93808	2.1
AML_126_01	Foretinib	Foretinib_AML_126_01	166.96942	7.0
AML_127_01	Foretinib	Foretinib_AML_127_01	154.4156	2.2
AML_128_01	Foretinib	Foretinib_AML_128_01	171.25587	1.6
AML_129_02	Foretinib	Foretinib_AML_129_02	152.95236	27.3
AML_129_03	Foretinib	Foretinib_AML_129_03	155.7941	12.6
AML_131_01	Foretinib	Foretinib_AML_131_01	163.3764	2.5
AML_133_01	Foretinib	Foretinib_AML_133_01	170.37303	4.1
AML_134_01	Foretinib	Foretinib_AML_134_01	177.20401	0.0
AML_135_01	Foretinib	Foretinib_AML_135_01	168.57121	6.8
AML_138_01	Foretinib	Foretinib_AML_138_01	175.61205	2.4
AML_139_01	Foretinib	Foretinib_AML_139_01	172.07294	5.3
AML_140_01	Foretinib	Foretinib_AML_140_01	161.54083	3.3
AML_142_01	Foretinib	Foretinib_AML_142_01	165.73184	8.5
AML_143_01	Foretinib	Foretinib_AML_143_01	165.52478	0.4
AML_144_01	Foretinib	Foretinib_AML_144_01	175.35559	2.4
AML_146_01	Foretinib	Foretinib_AML_146_01	171.47368	0.0
AML_147_01	Foretinib	Foretinib_AML_147_01	167.78462	3.2
AML_151_01	Foretinib	Foretinib_AML_151_01	155.44644	7.1
AML_152_01	Foretinib	Foretinib_AML_152_01	161.18234	2.3
AML_153_01	Foretinib	Foretinib_AML_153_01	168.6928	0.0
AML_156_01	Foretinib	Foretinib_AML_156_01	160.70068	1.6
AML_157_01	Foretinib	Foretinib_AML_157_01	166.5914	14.1
AML_157_02	Foretinib	Foretinib_AML_157_02	164.25412	13.5
AML_158_01	Foretinib	Foretinib_AML_158_01	176.80069	3.0
AML_159_01	Foretinib	Foretinib_AML_159_01	172.63715	6.5
AML_160_01	Foretinib	Foretinib_AML_160_01	162.83626	0.7
AML_161_01	Foretinib	Foretinib_AML_161_01	164.21762	4.0
AML_175_01	Foretinib	Foretinib_AML_175_01	161.69821	1.7
AML_179_01	Foretinib	Foretinib_AML_179_01	165.4135	8.9
AML_183_01	Foretinib	Foretinib_AML_183_01	164.56987	0.0
AML_183_02	Foretinib	Foretinib_AML_183_02	151.78883	0.5
AML_183_03	Foretinib	Foretinib_AML_183_03	156.94658	4.2
AML_184_01	Foretinib	Foretinib_AML_184_01	147.87752	11.6
AML_185_01	Foretinib	Foretinib_AML_185_01	180.40276	0.0
AML_001_01	Gefitinib	Gefitinib_AML_001_01	241.44696	0.0
AML_001_03	Gefitinib	Gefitinib_AML_001_03	239.07481	5.0
AML_002_01	Gefitinib	Gefitinib_AML_002_01	230.26544	3.3
AML_003_02	Gefitinib	Gefitinib_AML_003_02	226.67049	4.3
AML_004_01	Gefitinib	Gefitinib_AML_004_01	236.25859	4.9
AML_006_02	Gefitinib	Gefitinib_AML_006_02	233.65694	0.8
AML_007_01	Gefitinib	Gefitinib_AML_007_01	238.02959	1.1
AML_007_02	Gefitinib	Gefitinib_AML_007_02	238.99881	0.2
AML_012_01	Gefitinib	Gefitinib_AML_012_01	225.77383	7.1
AML_013_01	Gefitinib	Gefitinib_AML_013_01	229.8865	8.0
AML_014_01	Gefitinib	Gefitinib_AML_014_01	236.83038	0.5
AML_015_01	Gefitinib	Gefitinib_AML_015_01	237.91595	2.2
AML_015_02	Gefitinib	Gefitinib_AML_015_02	235.22266	2.5
AML_015_03	Gefitinib	Gefitinib_AML_015_03	236.78818	6.6
AML_015_04	Gefitinib	Gefitinib_AML_015_04	231.81673	8.3
AML_018_01	Gefitinib	Gefitinib_AML_018_01	229.48744	7.9
AML_019_01	Gefitinib	Gefitinib_AML_019_01	227.80096	6.6
AML_020_01	Gefitinib	Gefitinib_AML_020_01	237.22653	2.0
AML_022_01	Gefitinib	Gefitinib_AML_022_01	233.49817	1.7
AML_023_01	Gefitinib	Gefitinib_AML_023_01	229.43974	1.4
AML_023_03	Gefitinib	Gefitinib_AML_023_03	230.07172	1.2
AML_023_04	Gefitinib	Gefitinib_AML_023_04	230.73386	1.1
AML_024_01	Gefitinib	Gefitinib_AML_024_01	235.8103	0.1
AML_025_01	Gefitinib	Gefitinib_AML_025_01	242.5436	4.4
AML_026_01	Gefitinib	Gefitinib_AML_026_01	240.30551	1.9
AML_028_01	Gefitinib	Gefitinib_AML_028_01	234.8929	2.6
AML_028_04	Gefitinib	Gefitinib_AML_028_04	223.45383	7.5
AML_029_01	Gefitinib	Gefitinib_AML_029_01	234.70813	2.9
AML_030_01	Gefitinib	Gefitinib_AML_030_01	229.20409	1.4
AML_032_01	Gefitinib	Gefitinib_AML_032_01	238.08359	0.0
AML_033_01	Gefitinib	Gefitinib_AML_033_01	235.51753	3.2
AML_033_02	Gefitinib	Gefitinib_AML_033_02	219.45406	6.1
AML_035_02	Gefitinib	Gefitinib_AML_035_02	240.74167	0.6
AML_035_04	Gefitinib	Gefitinib_AML_035_04	227.40088	0.1
AML_036_01	Gefitinib	Gefitinib_AML_036_01	238.71217	0.8
AML_040_01	Gefitinib	Gefitinib_AML_040_01	232.32684	6.9
AML_041_01	Gefitinib	Gefitinib_AML_041_01	236.28229	1.4
AML_042_01	Gefitinib	Gefitinib_AML_042_01	236.38696	4.7
AML_043_02	Gefitinib	Gefitinib_AML_043_02	226.2263	2.3
AML_045_01	Gefitinib	Gefitinib_AML_045_01	237.99535	1.8
AML_046_01	Gefitinib	Gefitinib_AML_046_01	225.4924	10.6
AML_051_01	Gefitinib	Gefitinib_AML_051_01	231.09964	3.0
AML_052_01	Gefitinib	Gefitinib_AML_052_01	235.92592	2.3
AML_053_01	Gefitinib	Gefitinib_AML_053_01	245.51904	5.6
AML_054_01	Gefitinib	Gefitinib_AML_054_01	228.14615	7.1
AML_057_01	Gefitinib	Gefitinib_AML_057_01	237.6407	3.4
AML_058_01	Gefitinib	Gefitinib_AML_058_01	235.90877	3.9
AML_059_01	Gefitinib	Gefitinib_AML_059_01	232.55217	6.1
AML_060_01	Gefitinib	Gefitinib_AML_060_01	232.31665	2.2
AML_061_01	Gefitinib	Gefitinib_AML_061_01	232.37712	1.2
AML_062_01	Gefitinib	Gefitinib_AML_062_01	227.52959	7.6
AML_064_01	Gefitinib	Gefitinib_AML_064_01	231.23709	1.5
AML_065_01	Gefitinib	Gefitinib_AML_065_01	229.96011	3.0
AML_067_01	Gefitinib	Gefitinib_AML_067_01	232.6339	4.3
AML_070_01	Gefitinib	Gefitinib_AML_070_01	235.01686	2.0
AML_072_01	Gefitinib	Gefitinib_AML_072_01	240.13513	1.4
AML_073_01	Gefitinib	Gefitinib_AML_073_01	236.91246	5.4
AML_074_01	Gefitinib	Gefitinib_AML_074_01	234.19485	4.7
AML_075_01	Gefitinib	Gefitinib_AML_075_01	230.9666	3.7
AML_076_01	Gefitinib	Gefitinib_AML_076_01	236.14952	1.7
AML_076_02	Gefitinib	Gefitinib_AML_076_02	226.14311	7.8
AML_077_01	Gefitinib	Gefitinib_AML_077_01	232.84724	3.2
AML_078_02	Gefitinib	Gefitinib_AML_078_02	235.33472	1.3
AML_084_01	Gefitinib	Gefitinib_AML_084_01	228.14127	6.1
AML_086_02	Gefitinib	Gefitinib_AML_086_02	237.30818	6.2
AML_098_01	Gefitinib	Gefitinib_AML_098_01	230.58797	0.0
AML_100_01	Gefitinib	Gefitinib_AML_100_01	237.08963	3.5
AML_101_01	Gefitinib	Gefitinib_AML_101_01	224.78613	5.4
AML_101_02	Gefitinib	Gefitinib_AML_101_02	236.45303	2.3
AML_102_01	Gefitinib	Gefitinib_AML_102_01	229.12793	1.8
AML_103_01	Gefitinib	Gefitinib_AML_103_01	224.43106	2.7
AML_103_02	Gefitinib	Gefitinib_AML_103_02	223.53084	4.5
AML_104_01	Gefitinib	Gefitinib_AML_104_01	236.54732	0.7
AML_108_01	Gefitinib	Gefitinib_AML_108_01	233.99701	4.0
AML_109_01	Gefitinib	Gefitinib_AML_109_01	227.15456	3.3
AML_110_01	Gefitinib	Gefitinib_AML_110_01	234.75075	7.4
AML_112_01	Gefitinib	Gefitinib_AML_112_01	229.71642	5.0
AML_112_02	Gefitinib	Gefitinib_AML_112_02	233.80228	4.2
AML_113_01	Gefitinib	Gefitinib_AML_113_01	232.1694	6.9
AML_114_01	Gefitinib	Gefitinib_AML_114_01	229.60675	2.2
AML_115_01	Gefitinib	Gefitinib_AML_115_01	231.17586	5.0
AML_116_01	Gefitinib	Gefitinib_AML_116_01	230.61615	2.0
AML_117_01	Gefitinib	Gefitinib_AML_117_01	238.12	4.4
AML_119_01	Gefitinib	Gefitinib_AML_119_01	227.06891	2.7
AML_120_01	Gefitinib	Gefitinib_AML_120_01	233.51361	1.6
AML_120_03	Gefitinib	Gefitinib_AML_120_03	235.86908	2.6
AML_122_01	Gefitinib	Gefitinib_AML_122_01	236.97961	0.1
AML_123_01	Gefitinib	Gefitinib_AML_123_01	239.69986	4.7
AML_124_01	Gefitinib	Gefitinib_AML_124_01	236.24974	5.5
AML_125_01	Gefitinib	Gefitinib_AML_125_01	236.60516	16.3
AML_126_01	Gefitinib	Gefitinib_AML_126_01	231.00064	6.3
AML_127_01	Gefitinib	Gefitinib_AML_127_01	233.0513	6.2
AML_128_01	Gefitinib	Gefitinib_AML_128_01	237.58836	3.7
AML_129_02	Gefitinib	Gefitinib_AML_129_02	233.85051	5.7
AML_129_03	Gefitinib	Gefitinib_AML_129_03	231.67952	1.8
AML_131_01	Gefitinib	Gefitinib_AML_131_01	237.06818	3.1
AML_133_01	Gefitinib	Gefitinib_AML_133_01	232.557	3.2
AML_134_01	Gefitinib	Gefitinib_AML_134_01	230.81303	6.4
AML_135_01	Gefitinib	Gefitinib_AML_135_01	238.11584	3.0
AML_138_01	Gefitinib	Gefitinib_AML_138_01	236.02838	5.3
AML_139_01	Gefitinib	Gefitinib_AML_139_01	243.76653	3.4
AML_140_01	Gefitinib	Gefitinib_AML_140_01	237.70148	2.6
AML_142_01	Gefitinib	Gefitinib_AML_142_01	226.91165	7.6
AML_143_01	Gefitinib	Gefitinib_AML_143_01	234.44444	5.3
AML_144_01	Gefitinib	Gefitinib_AML_144_01	242.91948	4.9
AML_146_01	Gefitinib	Gefitinib_AML_146_01	237.60828	3.0
AML_147_01	Gefitinib	Gefitinib_AML_147_01	240.02414	2.5
AML_151_01	Gefitinib	Gefitinib_AML_151_01	230.46538	7.1
AML_152_01	Gefitinib	Gefitinib_AML_152_01	237.98357	4.2
AML_153_01	Gefitinib	Gefitinib_AML_153_01	224.47595	4.4
AML_156_01	Gefitinib	Gefitinib_AML_156_01	229.73361	2.9
AML_157_01	Gefitinib	Gefitinib_AML_157_01	235.8674	2.7
AML_157_02	Gefitinib	Gefitinib_AML_157_02	235.84917	4.0
AML_158_01	Gefitinib	Gefitinib_AML_158_01	242.3836	2.6
AML_159_01	Gefitinib	Gefitinib_AML_159_01	239.9258	4.6
AML_160_01	Gefitinib	Gefitinib_AML_160_01	232.53912	4.1
AML_161_01	Gefitinib	Gefitinib_AML_161_01	230.17558	3.1
AML_175_01	Gefitinib	Gefitinib_AML_175_01	237.32074	0.3
AML_179_01	Gefitinib	Gefitinib_AML_179_01	230.74387	2.7
AML_183_01	Gefitinib	Gefitinib_AML_183_01	238.83176	0.8
AML_183_02	Gefitinib	Gefitinib_AML_183_02	228.29764	2.9
AML_183_03	Gefitinib	Gefitinib_AML_183_03	230.57118	1.8
AML_184_01	Gefitinib	Gefitinib_AML_184_01	233.2663	3.0
AML_185_01	Gefitinib	Gefitinib_AML_185_01	240.00995	1.1
AML_004_01	GSK-1838705A	GSK-1838705A_AML_004_01	216.17917	3.4
AML_019_01	GSK-1838705A	GSK-1838705A_AML_019_01	205.19684	0.9
AML_025_01	GSK-1838705A	GSK-1838705A_AML_025_01	221.68141	0.0
AML_026_01	GSK-1838705A	GSK-1838705A_AML_026_01	217.72554	0.1
AML_029_01	GSK-1838705A	GSK-1838705A_AML_029_01	213.27165	0.1
AML_030_01	GSK-1838705A	GSK-1838705A_AML_030_01	208.44852	0.7
AML_033_01	GSK-1838705A	GSK-1838705A_AML_033_01	211.83615	2.5
AML_033_02	GSK-1838705A	GSK-1838705A_AML_033_02	197.13121	2.2
AML_041_01	GSK-1838705A	GSK-1838705A_AML_041_01	216.97325	0.0
AML_042_01	GSK-1838705A	GSK-1838705A_AML_042_01	215.97205	4.8
AML_043_02	GSK-1838705A	GSK-1838705A_AML_043_02	207.00937	0.0
AML_046_01	GSK-1838705A	GSK-1838705A_AML_046_01	203.371	9.8
AML_052_01	GSK-1838705A	GSK-1838705A_AML_052_01	214.28491	5.5
AML_057_01	GSK-1838705A	GSK-1838705A_AML_057_01	218.82771	0.0
AML_058_01	GSK-1838705A	GSK-1838705A_AML_058_01	215.59169	3.6
AML_059_01	GSK-1838705A	GSK-1838705A_AML_059_01	211.55498	3.2
AML_060_01	GSK-1838705A	GSK-1838705A_AML_060_01	208.83864	6.5
AML_061_01	GSK-1838705A	GSK-1838705A_AML_061_01	210.62085	4.3
AML_062_01	GSK-1838705A	GSK-1838705A_AML_062_01	209.73807	1.7
AML_064_01	GSK-1838705A	GSK-1838705A_AML_064_01	216.62833	0.0
AML_065_01	GSK-1838705A	GSK-1838705A_AML_065_01	208.56752	2.6
AML_067_01	GSK-1838705A	GSK-1838705A_AML_067_01	217.02493	1.6
AML_070_01	GSK-1838705A	GSK-1838705A_AML_070_01	214.43533	3.2
AML_072_01	GSK-1838705A	GSK-1838705A_AML_072_01	217.06168	0.0
AML_073_01	GSK-1838705A	GSK-1838705A_AML_073_01	212.77016	0.0
AML_074_01	GSK-1838705A	GSK-1838705A_AML_074_01	214.62909	0.0
AML_075_01	GSK-1838705A	GSK-1838705A_AML_075_01	212.35732	3.8
AML_076_01	GSK-1838705A	GSK-1838705A_AML_076_01	215.13374	0.0
AML_076_02	GSK-1838705A	GSK-1838705A_AML_076_02	206.20567	0.0
AML_077_01	GSK-1838705A	GSK-1838705A_AML_077_01	209.66115	3.6
AML_078_02	GSK-1838705A	GSK-1838705A_AML_078_02	216.69283	0.0
AML_086_02	GSK-1838705A	GSK-1838705A_AML_086_02	213.87271	0.0
AML_098_01	GSK-1838705A	GSK-1838705A_AML_098_01	214.15744	0.5
AML_100_01	GSK-1838705A	GSK-1838705A_AML_100_01	215.57927	0.6
AML_101_01	GSK-1838705A	GSK-1838705A_AML_101_01	203.89166	1.6
AML_101_02	GSK-1838705A	GSK-1838705A_AML_101_02	214.62054	4.4
AML_102_01	GSK-1838705A	GSK-1838705A_AML_102_01	212.01141	1.0
AML_103_01	GSK-1838705A	GSK-1838705A_AML_103_01	209.20265	0.4
AML_103_02	GSK-1838705A	GSK-1838705A_AML_103_02	203.39894	2.3
AML_104_01	GSK-1838705A	GSK-1838705A_AML_104_01	218.48183	0.5
AML_108_01	GSK-1838705A	GSK-1838705A_AML_108_01	215.38884	3.3
AML_109_01	GSK-1838705A	GSK-1838705A_AML_109_01	202.95006	0.0
AML_110_01	GSK-1838705A	GSK-1838705A_AML_110_01	212.84045	0.0
AML_112_01	GSK-1838705A	GSK-1838705A_AML_112_01	212.51207	0.1
AML_112_02	GSK-1838705A	GSK-1838705A_AML_112_02	215.10234	1.0
AML_113_01	GSK-1838705A	GSK-1838705A_AML_113_01	213.36008	2.3
AML_114_01	GSK-1838705A	GSK-1838705A_AML_114_01	208.96638	0.6
AML_115_01	GSK-1838705A	GSK-1838705A_AML_115_01	211.4741	2.7
AML_116_01	GSK-1838705A	GSK-1838705A_AML_116_01	210.29628	0.5
AML_117_01	GSK-1838705A	GSK-1838705A_AML_117_01	215.35928	3.9
AML_119_01	GSK-1838705A	GSK-1838705A_AML_119_01	209.10907	5.5
AML_122_01	GSK-1838705A	GSK-1838705A_AML_122_01	220.3854	1.5
AML_123_01	GSK-1838705A	GSK-1838705A_AML_123_01	218.2978	3.2
AML_124_01	GSK-1838705A	GSK-1838705A_AML_124_01	215.00897	7.4
AML_125_01	GSK-1838705A	GSK-1838705A_AML_125_01	213.78618	0.0
AML_126_01	GSK-1838705A	GSK-1838705A_AML_126_01	211.84102	5.1
AML_127_01	GSK-1838705A	GSK-1838705A_AML_127_01	214.91344	0.0
AML_128_01	GSK-1838705A	GSK-1838705A_AML_128_01	212.37	2.1
AML_131_01	GSK-1838705A	GSK-1838705A_AML_131_01	219.43718	0.0
AML_133_01	GSK-1838705A	GSK-1838705A_AML_133_01	208.53362	5.3
AML_134_01	GSK-1838705A	GSK-1838705A_AML_134_01	207.71188	1.7
AML_135_01	GSK-1838705A	GSK-1838705A_AML_135_01	216.80739	8.1
AML_138_01	GSK-1838705A	GSK-1838705A_AML_138_01	212.69872	0.0
AML_139_01	GSK-1838705A	GSK-1838705A_AML_139_01	223.9339	0.2
AML_140_01	GSK-1838705A	GSK-1838705A_AML_140_01	219.68893	0.5
AML_142_01	GSK-1838705A	GSK-1838705A_AML_142_01	205.86253	4.7
AML_143_01	GSK-1838705A	GSK-1838705A_AML_143_01	214.1171	0.0
AML_144_01	GSK-1838705A	GSK-1838705A_AML_144_01	222.53452	2.8
AML_146_01	GSK-1838705A	GSK-1838705A_AML_146_01	218.5116	0.2
AML_147_01	GSK-1838705A	GSK-1838705A_AML_147_01	220.34491	0.0
AML_151_01	GSK-1838705A	GSK-1838705A_AML_151_01	213.93713	4.7
AML_152_01	GSK-1838705A	GSK-1838705A_AML_152_01	214.9108	1.4
AML_153_01	GSK-1838705A	GSK-1838705A_AML_153_01	203.5615	0.0
AML_156_01	GSK-1838705A	GSK-1838705A_AML_156_01	208.18329	0.6
AML_157_01	GSK-1838705A	GSK-1838705A_AML_157_01	219.18561	0.0
AML_157_02	GSK-1838705A	GSK-1838705A_AML_157_02	219.66127	1.2
AML_158_01	GSK-1838705A	GSK-1838705A_AML_158_01	222.73108	3.0
AML_159_01	GSK-1838705A	GSK-1838705A_AML_159_01	218.5036	3.4
AML_160_01	GSK-1838705A	GSK-1838705A_AML_160_01	213.77173	0.0
AML_161_01	GSK-1838705A	GSK-1838705A_AML_161_01	209.77634	1.4
AML_183_01	GSK-1838705A	GSK-1838705A_AML_183_01	220.21796	0.2
AML_183_02	GSK-1838705A	GSK-1838705A_AML_183_02	213.40073	0.0
AML_183_03	GSK-1838705A	GSK-1838705A_AML_183_03	213.85086	0.0
AML_004_01	GSK-1904529A	GSK-1904529A_AML_004_01	232.26474	7.8
AML_019_01	GSK-1904529A	GSK-1904529A_AML_019_01	218.8898	1.8
AML_025_01	GSK-1904529A	GSK-1904529A_AML_025_01	237.17186	0.0
AML_026_01	GSK-1904529A	GSK-1904529A_AML_026_01	237.31578	0.5
AML_029_01	GSK-1904529A	GSK-1904529A_AML_029_01	230.18802	0.0
AML_030_01	GSK-1904529A	GSK-1904529A_AML_030_01	226.16144	0.0
AML_033_01	GSK-1904529A	GSK-1904529A_AML_033_01	226.99901	1.9
AML_033_02	GSK-1904529A	GSK-1904529A_AML_033_02	212.97964	0.0
AML_041_01	GSK-1904529A	GSK-1904529A_AML_041_01	232.12778	0.0
AML_042_01	GSK-1904529A	GSK-1904529A_AML_042_01	232.6764	13.4
AML_043_02	GSK-1904529A	GSK-1904529A_AML_043_02	218.68106	0.0
AML_046_01	GSK-1904529A	GSK-1904529A_AML_046_01	218.99925	17.6
AML_052_01	GSK-1904529A	GSK-1904529A_AML_052_01	230.754	10.3
AML_057_01	GSK-1904529A	GSK-1904529A_AML_057_01	233.43332	0.0
AML_058_01	GSK-1904529A	GSK-1904529A_AML_058_01	229.18805	8.0
AML_059_01	GSK-1904529A	GSK-1904529A_AML_059_01	227.32959	3.2
AML_060_01	GSK-1904529A	GSK-1904529A_AML_060_01	223.99997	7.5
AML_061_01	GSK-1904529A	GSK-1904529A_AML_061_01	226.62518	7.2
AML_062_01	GSK-1904529A	GSK-1904529A_AML_062_01	223.1378	6.5
AML_064_01	GSK-1904529A	GSK-1904529A_AML_064_01	229.79076	6.3
AML_065_01	GSK-1904529A	GSK-1904529A_AML_065_01	223.9409	3.6
AML_067_01	GSK-1904529A	GSK-1904529A_AML_067_01	230.69005	0.7
AML_070_01	GSK-1904529A	GSK-1904529A_AML_070_01	233.97258	0.0
AML_072_01	GSK-1904529A	GSK-1904529A_AML_072_01	232.63542	0.0
AML_073_01	GSK-1904529A	GSK-1904529A_AML_073_01	226.79117	0.0
AML_074_01	GSK-1904529A	GSK-1904529A_AML_074_01	232.91946	0.0
AML_075_01	GSK-1904529A	GSK-1904529A_AML_075_01	230.13644	10.0
AML_076_01	GSK-1904529A	GSK-1904529A_AML_076_01	229.68376	0.0
AML_076_02	GSK-1904529A	GSK-1904529A_AML_076_02	221.48625	0.0
AML_077_01	GSK-1904529A	GSK-1904529A_AML_077_01	228.13043	5.5
AML_078_02	GSK-1904529A	GSK-1904529A_AML_078_02	231.09117	0.0
AML_086_02	GSK-1904529A	GSK-1904529A_AML_086_02	226.4439	0.0
AML_098_01	GSK-1904529A	GSK-1904529A_AML_098_01	228.76622	0.4
AML_100_01	GSK-1904529A	GSK-1904529A_AML_100_01	232.55878	0.0
AML_101_01	GSK-1904529A	GSK-1904529A_AML_101_01	218.37279	6.8
AML_101_02	GSK-1904529A	GSK-1904529A_AML_101_02	226.70216	0.0
AML_102_01	GSK-1904529A	GSK-1904529A_AML_102_01	226.4883	0.0
AML_103_01	GSK-1904529A	GSK-1904529A_AML_103_01	221.08167	0.0
AML_103_02	GSK-1904529A	GSK-1904529A_AML_103_02	216.73364	0.0
AML_104_01	GSK-1904529A	GSK-1904529A_AML_104_01	233.85724	0.0
AML_108_01	GSK-1904529A	GSK-1904529A_AML_108_01	230.23808	0.0
AML_109_01	GSK-1904529A	GSK-1904529A_AML_109_01	218.93295	0.0
AML_110_01	GSK-1904529A	GSK-1904529A_AML_110_01	231.53072	0.0
AML_112_01	GSK-1904529A	GSK-1904529A_AML_112_01	228.8399	0.0
AML_112_02	GSK-1904529A	GSK-1904529A_AML_112_02	229.37088	0.0
AML_113_01	GSK-1904529A	GSK-1904529A_AML_113_01	223.5843	0.0
AML_114_01	GSK-1904529A	GSK-1904529A_AML_114_01	226.8385	0.0
AML_115_01	GSK-1904529A	GSK-1904529A_AML_115_01	226.57184	0.0
AML_116_01	GSK-1904529A	GSK-1904529A_AML_116_01	227.88173	0.0
AML_117_01	GSK-1904529A	GSK-1904529A_AML_117_01	233.38515	2.3
AML_119_01	GSK-1904529A	GSK-1904529A_AML_119_01	225.92546	2.1
AML_122_01	GSK-1904529A	GSK-1904529A_AML_122_01	233.65495	0.0
AML_123_01	GSK-1904529A	GSK-1904529A_AML_123_01	237.49292	0.0
AML_124_01	GSK-1904529A	GSK-1904529A_AML_124_01	233.6059	14.0
AML_125_01	GSK-1904529A	GSK-1904529A_AML_125_01	230.37923	0.0
AML_126_01	GSK-1904529A	GSK-1904529A_AML_126_01	227.26576	6.3
AML_127_01	GSK-1904529A	GSK-1904529A_AML_127_01	230.2884	0.0
AML_128_01	GSK-1904529A	GSK-1904529A_AML_128_01	230.19514	3.7
AML_131_01	GSK-1904529A	GSK-1904529A_AML_131_01	231.83893	0.0
AML_133_01	GSK-1904529A	GSK-1904529A_AML_133_01	221.71172	9.3
AML_134_01	GSK-1904529A	GSK-1904529A_AML_134_01	221.90334	0.0
AML_135_01	GSK-1904529A	GSK-1904529A_AML_135_01	230.51086	18.8
AML_138_01	GSK-1904529A	GSK-1904529A_AML_138_01	227.14185	0.0
AML_139_01	GSK-1904529A	GSK-1904529A_AML_139_01	238.98567	0.1
AML_140_01	GSK-1904529A	GSK-1904529A_AML_140_01	234.60197	0.0
AML_142_01	GSK-1904529A	GSK-1904529A_AML_142_01	219.49289	0.0
AML_143_01	GSK-1904529A	GSK-1904529A_AML_143_01	231.49084	0.0
AML_144_01	GSK-1904529A	GSK-1904529A_AML_144_01	237.56584	2.8
AML_146_01	GSK-1904529A	GSK-1904529A_AML_146_01	235.18343	0.0
AML_147_01	GSK-1904529A	GSK-1904529A_AML_147_01	233.93819	0.0
AML_151_01	GSK-1904529A	GSK-1904529A_AML_151_01	224.85931	3.1
AML_152_01	GSK-1904529A	GSK-1904529A_AML_152_01	228.52994	0.0
AML_153_01	GSK-1904529A	GSK-1904529A_AML_153_01	216.9312	0.0
AML_156_01	GSK-1904529A	GSK-1904529A_AML_156_01	223.49075	0.0
AML_157_01	GSK-1904529A	GSK-1904529A_AML_157_01	231.4105	0.0
AML_157_02	GSK-1904529A	GSK-1904529A_AML_157_02	233.26828	0.0
AML_158_01	GSK-1904529A	GSK-1904529A_AML_158_01	237.35196	5.5
AML_159_01	GSK-1904529A	GSK-1904529A_AML_159_01	234.3594	10.0
AML_160_01	GSK-1904529A	GSK-1904529A_AML_160_01	225.76848	0.0
AML_161_01	GSK-1904529A	GSK-1904529A_AML_161_01	222.47243	3.3
AML_183_01	GSK-1904529A	GSK-1904529A_AML_183_01	238.32675	0.0
AML_183_02	GSK-1904529A	GSK-1904529A_AML_183_02	229.09918	0.0
AML_183_03	GSK-1904529A	GSK-1904529A_AML_183_03	225.56018	0.0
AML_001_03	Ibrutinib	Ibrutinib_AML_001_03	219.22737	0.0
AML_003_02	Ibrutinib	Ibrutinib_AML_003_02	213.42807	0.0
AML_004_01	Ibrutinib	Ibrutinib_AML_004_01	215.9873	0.0
AML_006_02	Ibrutinib	Ibrutinib_AML_006_02	213.94164	0.0
AML_007_01	Ibrutinib	Ibrutinib_AML_007_01	210.68428	0.0
AML_007_02	Ibrutinib	Ibrutinib_AML_007_02	212.48991	0.0
AML_012_01	Ibrutinib	Ibrutinib_AML_012_01	211.2737	1.7
AML_013_01	Ibrutinib	Ibrutinib_AML_013_01	213.5927	2.9
AML_014_01	Ibrutinib	Ibrutinib_AML_014_01	214.39601	0.0
AML_015_01	Ibrutinib	Ibrutinib_AML_015_01	221.2392	1.1
AML_015_02	Ibrutinib	Ibrutinib_AML_015_02	215.12566	0.0
AML_015_03	Ibrutinib	Ibrutinib_AML_015_03	214.12741	0.0
AML_015_04	Ibrutinib	Ibrutinib_AML_015_04	214.79417	1.5
AML_018_01	Ibrutinib	Ibrutinib_AML_018_01	206.53464	2.3
AML_019_01	Ibrutinib	Ibrutinib_AML_019_01	215.42198	0.0
AML_020_01	Ibrutinib	Ibrutinib_AML_020_01	222.15736	0.0
AML_023_04	Ibrutinib	Ibrutinib_AML_023_04	208.61903	0.0
AML_024_01	Ibrutinib	Ibrutinib_AML_024_01	220.32228	0.0
AML_025_01	Ibrutinib	Ibrutinib_AML_025_01	224.24538	0.0
AML_026_01	Ibrutinib	Ibrutinib_AML_026_01	221.16032	0.0
AML_028_01	Ibrutinib	Ibrutinib_AML_028_01	218.27654	0.0
AML_028_04	Ibrutinib	Ibrutinib_AML_028_04	210.3589	5.3
AML_029_01	Ibrutinib	Ibrutinib_AML_029_01	213.97871	0.0
AML_030_01	Ibrutinib	Ibrutinib_AML_030_01	208.05632	0.0
AML_032_01	Ibrutinib	Ibrutinib_AML_032_01	220.49748	0.0
AML_033_01	Ibrutinib	Ibrutinib_AML_033_01	215.20064	1.5
AML_033_02	Ibrutinib	Ibrutinib_AML_033_02	204.65913	1.8
AML_035_02	Ibrutinib	Ibrutinib_AML_035_02	224.83273	0.0
AML_035_04	Ibrutinib	Ibrutinib_AML_035_04	217.73192	0.0
AML_036_01	Ibrutinib	Ibrutinib_AML_036_01	212.49123	0.0
AML_040_01	Ibrutinib	Ibrutinib_AML_040_01	208.7374	2.8
AML_041_01	Ibrutinib	Ibrutinib_AML_041_01	212.27827	5.7
AML_042_01	Ibrutinib	Ibrutinib_AML_042_01	213.41454	0.0
AML_043_02	Ibrutinib	Ibrutinib_AML_043_02	211.98349	0.0
AML_045_01	Ibrutinib	Ibrutinib_AML_045_01	220.793	0.0
AML_046_01	Ibrutinib	Ibrutinib_AML_046_01	207.62091	7.1
AML_051_01	Ibrutinib	Ibrutinib_AML_051_01	211.6395	0.0
AML_052_01	Ibrutinib	Ibrutinib_AML_052_01	216.2078	0.0
AML_053_01	Ibrutinib	Ibrutinib_AML_053_01	225.49716	0.0
AML_054_01	Ibrutinib	Ibrutinib_AML_054_01	213.26906	2.2
AML_057_01	Ibrutinib	Ibrutinib_AML_057_01	214.31316	6.1
AML_058_01	Ibrutinib	Ibrutinib_AML_058_01	212.71635	0.0
AML_059_01	Ibrutinib	Ibrutinib_AML_059_01	212.54387	3.6
AML_060_01	Ibrutinib	Ibrutinib_AML_060_01	215.50359	0.0
AML_061_01	Ibrutinib	Ibrutinib_AML_061_01	209.75462	0.0
AML_062_01	Ibrutinib	Ibrutinib_AML_062_01	200.12157	5.3
AML_064_01	Ibrutinib	Ibrutinib_AML_064_01	204.32005	0.0
AML_065_01	Ibrutinib	Ibrutinib_AML_065_01	205.3085	5.4
AML_067_01	Ibrutinib	Ibrutinib_AML_067_01	207.01549	0.3
AML_070_01	Ibrutinib	Ibrutinib_AML_070_01	215.05911	0.0
AML_072_01	Ibrutinib	Ibrutinib_AML_072_01	222.31613	0.0
AML_073_01	Ibrutinib	Ibrutinib_AML_073_01	220.97964	1.2
AML_074_01	Ibrutinib	Ibrutinib_AML_074_01	210.59286	0.0
AML_075_01	Ibrutinib	Ibrutinib_AML_075_01	209.93695	0.0
AML_076_01	Ibrutinib	Ibrutinib_AML_076_01	215.19456	0.5
AML_076_02	Ibrutinib	Ibrutinib_AML_076_02	205.06068	0.2
AML_077_01	Ibrutinib	Ibrutinib_AML_077_01	215.06184	0.2
AML_078_02	Ibrutinib	Ibrutinib_AML_078_02	211.47647	0.0
AML_084_01	Ibrutinib	Ibrutinib_AML_084_01	210.91446	0.0
AML_086_02	Ibrutinib	Ibrutinib_AML_086_02	217.8533	0.0
AML_098_01	Ibrutinib	Ibrutinib_AML_098_01	206.40533	0.0
AML_100_01	Ibrutinib	Ibrutinib_AML_100_01	214.60373	0.0
AML_101_01	Ibrutinib	Ibrutinib_AML_101_01	210.28433	1.5
AML_101_02	Ibrutinib	Ibrutinib_AML_101_02	220.40648	0.0
AML_102_01	Ibrutinib	Ibrutinib_AML_102_01	200.65791	0.0
AML_103_01	Ibrutinib	Ibrutinib_AML_103_01	195.86519	0.0
AML_103_02	Ibrutinib	Ibrutinib_AML_103_02	209.82669	2.4
AML_104_01	Ibrutinib	Ibrutinib_AML_104_01	211.94064	0.0
AML_108_01	Ibrutinib	Ibrutinib_AML_108_01	206.76297	1.5
AML_109_01	Ibrutinib	Ibrutinib_AML_109_01	211.45166	0.0
AML_110_01	Ibrutinib	Ibrutinib_AML_110_01	214.84503	2.8
AML_112_01	Ibrutinib	Ibrutinib_AML_112_01	207.28728	0.0
AML_112_02	Ibrutinib	Ibrutinib_AML_112_02	210.62712	0.0
AML_113_01	Ibrutinib	Ibrutinib_AML_113_01	209.14017	0.5
AML_114_01	Ibrutinib	Ibrutinib_AML_114_01	203.30414	0.0
AML_115_01	Ibrutinib	Ibrutinib_AML_115_01	206.81458	0.1
AML_116_01	Ibrutinib	Ibrutinib_AML_116_01	209.34648	3.8
AML_117_01	Ibrutinib	Ibrutinib_AML_117_01	217.08444	0.2
AML_119_01	Ibrutinib	Ibrutinib_AML_119_01	198.7041	0.0
AML_120_03	Ibrutinib	Ibrutinib_AML_120_03	214.57642	0.1
AML_122_01	Ibrutinib	Ibrutinib_AML_122_01	209.61232	0.0
AML_123_01	Ibrutinib	Ibrutinib_AML_123_01	217.0766	0.0
AML_124_01	Ibrutinib	Ibrutinib_AML_124_01	217.2755	0.0
AML_125_01	Ibrutinib	Ibrutinib_AML_125_01	218.46356	0.0
AML_126_01	Ibrutinib	Ibrutinib_AML_126_01	211.06288	1.6
AML_127_01	Ibrutinib	Ibrutinib_AML_127_01	206.6722	0.0
AML_128_01	Ibrutinib	Ibrutinib_AML_128_01	220.8357	0.0
AML_131_01	Ibrutinib	Ibrutinib_AML_131_01	209.57393	0.0
AML_133_01	Ibrutinib	Ibrutinib_AML_133_01	213.49855	0.3
AML_134_01	Ibrutinib	Ibrutinib_AML_134_01	217.44852	0.0
AML_135_01	Ibrutinib	Ibrutinib_AML_135_01	218.61517	2.2
AML_138_01	Ibrutinib	Ibrutinib_AML_138_01	221.36047	0.0
AML_139_01	Ibrutinib	Ibrutinib_AML_139_01	223.05309	0.0
AML_140_01	Ibrutinib	Ibrutinib_AML_140_01	215.7508	0.0
AML_142_01	Ibrutinib	Ibrutinib_AML_142_01	212.35654	1.0
AML_143_01	Ibrutinib	Ibrutinib_AML_143_01	214.97935	0.0
AML_144_01	Ibrutinib	Ibrutinib_AML_144_01	224.15953	0.0
AML_146_01	Ibrutinib	Ibrutinib_AML_146_01	221.28917	0.0
AML_147_01	Ibrutinib	Ibrutinib_AML_147_01	217.44571	0.0
AML_151_01	Ibrutinib	Ibrutinib_AML_151_01	205.87344	0.7
AML_152_01	Ibrutinib	Ibrutinib_AML_152_01	215.35167	0.0
AML_153_01	Ibrutinib	Ibrutinib_AML_153_01	213.95529	0.0
AML_156_01	Ibrutinib	Ibrutinib_AML_156_01	211.36452	0.0
AML_157_01	Ibrutinib	Ibrutinib_AML_157_01	211.66455	0.5
AML_157_02	Ibrutinib	Ibrutinib_AML_157_02	213.41069	0.0
AML_158_01	Ibrutinib	Ibrutinib_AML_158_01	223.02687	0.0
AML_159_01	Ibrutinib	Ibrutinib_AML_159_01	221.95795	0.0
AML_160_01	Ibrutinib	Ibrutinib_AML_160_01	208.45364	0.0
AML_161_01	Ibrutinib	Ibrutinib_AML_161_01	213.65356	0.0
AML_175_01	Ibrutinib	Ibrutinib_AML_175_01	216.1934	0.0
AML_183_01	Ibrutinib	Ibrutinib_AML_183_01	216.92233	0.0
AML_183_02	Ibrutinib	Ibrutinib_AML_183_02	203.24338	0.0
AML_183_03	Ibrutinib	Ibrutinib_AML_183_03	204.88347	0.0
AML_001_01	Idelalisib	Idelalisib_AML_001_01	208.4695	0.3
AML_001_03	Idelalisib	Idelalisib_AML_001_03	207.4899	5.1
AML_002_01	Idelalisib	Idelalisib_AML_002_01	203.94832	6.5
AML_003_02	Idelalisib	Idelalisib_AML_003_02	199.42508	7.3
AML_004_01	Idelalisib	Idelalisib_AML_004_01	203.91261	7.8
AML_006_02	Idelalisib	Idelalisib_AML_006_02	203.83145	5.7
AML_007_01	Idelalisib	Idelalisib_AML_007_01	201.20801	4.6
AML_007_02	Idelalisib	Idelalisib_AML_007_02	204.57529	1.3
AML_012_01	Idelalisib	Idelalisib_AML_012_01	201.0576	7.7
AML_013_01	Idelalisib	Idelalisib_AML_013_01	202.40486	27.9
AML_014_01	Idelalisib	Idelalisib_AML_014_01	203.22523	14.7
AML_015_01	Idelalisib	Idelalisib_AML_015_01	207.39377	6.3
AML_015_02	Idelalisib	Idelalisib_AML_015_02	206.35138	11.7
AML_015_03	Idelalisib	Idelalisib_AML_015_03	203.67293	16.1
AML_015_04	Idelalisib	Idelalisib_AML_015_04	202.42154	9.1
AML_018_01	Idelalisib	Idelalisib_AML_018_01	197.38873	21.2
AML_019_01	Idelalisib	Idelalisib_AML_019_01	202.46175	2.7
AML_020_01	Idelalisib	Idelalisib_AML_020_01	207.78404	0.0
AML_022_01	Idelalisib	Idelalisib_AML_022_01	197.38972	4.5
AML_023_01	Idelalisib	Idelalisib_AML_023_01	196.19417	6.2
AML_023_03	Idelalisib	Idelalisib_AML_023_03	195.08037	7.2
AML_023_04	Idelalisib	Idelalisib_AML_023_04	198.10532	5.1
AML_024_01	Idelalisib	Idelalisib_AML_024_01	209.23933	5.2
AML_025_01	Idelalisib	Idelalisib_AML_025_01	212.285	6.2
AML_026_01	Idelalisib	Idelalisib_AML_026_01	208.93631	2.7
AML_028_01	Idelalisib	Idelalisib_AML_028_01	205.73654	10.3
AML_028_04	Idelalisib	Idelalisib_AML_028_04	196.27945	10.7
AML_029_01	Idelalisib	Idelalisib_AML_029_01	202.47537	4.3
AML_030_01	Idelalisib	Idelalisib_AML_030_01	196.3887	2.2
AML_032_01	Idelalisib	Idelalisib_AML_032_01	209.31628	0.0
AML_033_01	Idelalisib	Idelalisib_AML_033_01	207.0211	3.3
AML_033_02	Idelalisib	Idelalisib_AML_033_02	194.69652	6.4
AML_035_02	Idelalisib	Idelalisib_AML_035_02	212.98479	0.0
AML_035_04	Idelalisib	Idelalisib_AML_035_04	203.3885	2.2
AML_036_01	Idelalisib	Idelalisib_AML_036_01	201.81647	2.9
AML_040_01	Idelalisib	Idelalisib_AML_040_01	195.45686	16.6
AML_041_01	Idelalisib	Idelalisib_AML_041_01	201.65625	5.6
AML_042_01	Idelalisib	Idelalisib_AML_042_01	201.81682	3.1
AML_043_02	Idelalisib	Idelalisib_AML_043_02	202.24501	6.3
AML_045_01	Idelalisib	Idelalisib_AML_045_01	207.98076	0.0
AML_046_01	Idelalisib	Idelalisib_AML_046_01	195.8884	21.3
AML_051_01	Idelalisib	Idelalisib_AML_051_01	199.35104	0.2
AML_052_01	Idelalisib	Idelalisib_AML_052_01	207.23492	2.5
AML_053_01	Idelalisib	Idelalisib_AML_053_01	214.0474	11.0
AML_054_01	Idelalisib	Idelalisib_AML_054_01	199.92921	15.2
AML_057_01	Idelalisib	Idelalisib_AML_057_01	202.80783	8.5
AML_058_01	Idelalisib	Idelalisib_AML_058_01	201.67879	11.3
AML_059_01	Idelalisib	Idelalisib_AML_059_01	199.76361	10.3
AML_060_01	Idelalisib	Idelalisib_AML_060_01	205.86922	10.0
AML_061_01	Idelalisib	Idelalisib_AML_061_01	199.03954	4.3
AML_062_01	Idelalisib	Idelalisib_AML_062_01	191.78662	17.4
AML_064_01	Idelalisib	Idelalisib_AML_064_01	198.17694	8.6
AML_065_01	Idelalisib	Idelalisib_AML_065_01	193.99956	5.9
AML_067_01	Idelalisib	Idelalisib_AML_067_01	198.96365	4.6
AML_070_01	Idelalisib	Idelalisib_AML_070_01	204.21414	1.8
AML_072_01	Idelalisib	Idelalisib_AML_072_01	211.80072	0.7
AML_073_01	Idelalisib	Idelalisib_AML_073_01	208.16881	5.0
AML_074_01	Idelalisib	Idelalisib_AML_074_01	199.99081	4.7
AML_075_01	Idelalisib	Idelalisib_AML_075_01	198.99628	5.3
AML_076_01	Idelalisib	Idelalisib_AML_076_01	203.39621	2.4
AML_076_02	Idelalisib	Idelalisib_AML_076_02	193.78966	6.5
AML_077_01	Idelalisib	Idelalisib_AML_077_01	202.06543	6.2
AML_078_02	Idelalisib	Idelalisib_AML_078_02	200.83519	5.9
AML_084_01	Idelalisib	Idelalisib_AML_084_01	198.6326	11.1
AML_086_02	Idelalisib	Idelalisib_AML_086_02	208.24847	7.0
AML_098_01	Idelalisib	Idelalisib_AML_098_01	195.3073	1.7
AML_100_01	Idelalisib	Idelalisib_AML_100_01	201.79155	4.5
AML_101_01	Idelalisib	Idelalisib_AML_101_01	196.87457	14.7
AML_101_02	Idelalisib	Idelalisib_AML_101_02	210.14804	4.6
AML_102_01	Idelalisib	Idelalisib_AML_102_01	192.40668	0.5
AML_103_01	Idelalisib	Idelalisib_AML_103_01	190.08318	3.0
AML_103_02	Idelalisib	Idelalisib_AML_103_02	198.33905	6.5
AML_104_01	Idelalisib	Idelalisib_AML_104_01	201.87001	1.0
AML_108_01	Idelalisib	Idelalisib_AML_108_01	196.14635	6.6
AML_109_01	Idelalisib	Idelalisib_AML_109_01	198.38683	4.3
AML_110_01	Idelalisib	Idelalisib_AML_110_01	202.1229	8.7
AML_112_01	Idelalisib	Idelalisib_AML_112_01	195.0601	5.2
AML_112_02	Idelalisib	Idelalisib_AML_112_02	198.7984	5.1
AML_113_01	Idelalisib	Idelalisib_AML_113_01	196.26013	6.6
AML_114_01	Idelalisib	Idelalisib_AML_114_01	195.73245	3.1
AML_115_01	Idelalisib	Idelalisib_AML_115_01	193.13515	10.2
AML_116_01	Idelalisib	Idelalisib_AML_116_01	197.4599	3.0
AML_117_01	Idelalisib	Idelalisib_AML_117_01	204.32468	4.8
AML_119_01	Idelalisib	Idelalisib_AML_119_01	191.62512	5.5
AML_120_01	Idelalisib	Idelalisib_AML_120_01	201.50174	14.9
AML_120_03	Idelalisib	Idelalisib_AML_120_03	203.68571	12.1
AML_122_01	Idelalisib	Idelalisib_AML_122_01	203.10733	1.0
AML_123_01	Idelalisib	Idelalisib_AML_123_01	204.50883	7.2
AML_124_01	Idelalisib	Idelalisib_AML_124_01	203.97359	8.5
AML_125_01	Idelalisib	Idelalisib_AML_125_01	206.52295	21.1
AML_126_01	Idelalisib	Idelalisib_AML_126_01	201.19121	12.2
AML_127_01	Idelalisib	Idelalisib_AML_127_01	196.78854	5.5
AML_128_01	Idelalisib	Idelalisib_AML_128_01	207.6569	5.7
AML_129_02	Idelalisib	Idelalisib_AML_129_02	198.20181	8.2
AML_129_03	Idelalisib	Idelalisib_AML_129_03	197.24661	6.7
AML_131_01	Idelalisib	Idelalisib_AML_131_01	199.67578	1.1
AML_133_01	Idelalisib	Idelalisib_AML_133_01	204.15714	10.8
AML_134_01	Idelalisib	Idelalisib_AML_134_01	205.67079	1.6
AML_135_01	Idelalisib	Idelalisib_AML_135_01	205.93195	10.3
AML_138_01	Idelalisib	Idelalisib_AML_138_01	209.5961	2.2
AML_139_01	Idelalisib	Idelalisib_AML_139_01	209.53651	9.7
AML_140_01	Idelalisib	Idelalisib_AML_140_01	203.70436	4.5
AML_142_01	Idelalisib	Idelalisib_AML_142_01	201.19962	13.1
AML_143_01	Idelalisib	Idelalisib_AML_143_01	204.50148	2.3
AML_144_01	Idelalisib	Idelalisib_AML_144_01	213.74274	9.3
AML_146_01	Idelalisib	Idelalisib_AML_146_01	208.92369	1.7
AML_147_01	Idelalisib	Idelalisib_AML_147_01	205.87636	6.1
AML_151_01	Idelalisib	Idelalisib_AML_151_01	193.22646	4.1
AML_152_01	Idelalisib	Idelalisib_AML_152_01	203.42435	5.0
AML_153_01	Idelalisib	Idelalisib_AML_153_01	200.7766	5.6
AML_156_01	Idelalisib	Idelalisib_AML_156_01	198.28116	9.9
AML_157_01	Idelalisib	Idelalisib_AML_157_01	201.9565	9.6
AML_157_02	Idelalisib	Idelalisib_AML_157_02	203.40468	8.5
AML_158_01	Idelalisib	Idelalisib_AML_158_01	210.36157	5.8
AML_159_01	Idelalisib	Idelalisib_AML_159_01	209.48825	5.7
AML_160_01	Idelalisib	Idelalisib_AML_160_01	197.46852	8.6
AML_161_01	Idelalisib	Idelalisib_AML_161_01	201.14929	12.7
AML_175_01	Idelalisib	Idelalisib_AML_175_01	202.07478	4.0
AML_179_01	Idelalisib	Idelalisib_AML_179_01	205.2042	2.7
AML_183_01	Idelalisib	Idelalisib_AML_183_01	203.66171	1.0
AML_183_02	Idelalisib	Idelalisib_AML_183_02	196.10013	3.7
AML_183_03	Idelalisib	Idelalisib_AML_183_03	193.64322	4.2
AML_184_01	Idelalisib	Idelalisib_AML_184_01	195.90257	12.5
AML_185_01	Idelalisib	Idelalisib_AML_185_01	213.47943	2.6
AML_001_01	Imatinib	Imatinib_AML_001_01	233.87262	0.0
AML_001_03	Imatinib	Imatinib_AML_001_03	232.5671	0.1
AML_002_01	Imatinib	Imatinib_AML_002_01	224.15735	5.5
AML_003_02	Imatinib	Imatinib_AML_003_02	222.34892	0.0
AML_004_01	Imatinib	Imatinib_AML_004_01	228.99261	4.7
AML_006_02	Imatinib	Imatinib_AML_006_02	227.84274	0.0
AML_007_01	Imatinib	Imatinib_AML_007_01	230.43277	0.0
AML_007_02	Imatinib	Imatinib_AML_007_02	231.10243	0.0
AML_012_01	Imatinib	Imatinib_AML_012_01	221.54842	1.5
AML_013_01	Imatinib	Imatinib_AML_013_01	224.4241	0.0
AML_014_01	Imatinib	Imatinib_AML_014_01	230.80049	0.0
AML_015_01	Imatinib	Imatinib_AML_015_01	234.03468	21.6
AML_015_02	Imatinib	Imatinib_AML_015_02	227.67633	13.5
AML_015_03	Imatinib	Imatinib_AML_015_03	231.81047	27.1
AML_015_04	Imatinib	Imatinib_AML_015_04	227.19803	39.6
AML_018_01	Imatinib	Imatinib_AML_018_01	223.16957	4.6
AML_019_01	Imatinib	Imatinib_AML_019_01	222.02138	4.4
AML_020_01	Imatinib	Imatinib_AML_020_01	233.07169	0.0
AML_022_01	Imatinib	Imatinib_AML_022_01	224.1614	1.8
AML_023_01	Imatinib	Imatinib_AML_023_01	220.59329	8.8
AML_023_03	Imatinib	Imatinib_AML_023_03	220.09991	2.0
AML_023_04	Imatinib	Imatinib_AML_023_04	221.84569	3.2
AML_024_01	Imatinib	Imatinib_AML_024_01	231.19907	0.0
AML_025_01	Imatinib	Imatinib_AML_025_01	236.74838	0.8
AML_026_01	Imatinib	Imatinib_AML_026_01	233.09897	0.1
AML_028_01	Imatinib	Imatinib_AML_028_01	229.21587	0.1
AML_028_04	Imatinib	Imatinib_AML_028_04	217.45001	6.7
AML_029_01	Imatinib	Imatinib_AML_029_01	226.1837	5.3
AML_030_01	Imatinib	Imatinib_AML_030_01	219.56783	0.9
AML_032_01	Imatinib	Imatinib_AML_032_01	231.17754	0.0
AML_033_01	Imatinib	Imatinib_AML_033_01	228.20602	2.5
AML_033_02	Imatinib	Imatinib_AML_033_02	215.55728	0.8
AML_035_02	Imatinib	Imatinib_AML_035_02	235.68542	0.0
AML_035_04	Imatinib	Imatinib_AML_035_04	224.51743	0.0
AML_036_01	Imatinib	Imatinib_AML_036_01	230.87259	0.0
AML_040_01	Imatinib	Imatinib_AML_040_01	225.06021	5.7
AML_041_01	Imatinib	Imatinib_AML_041_01	227.08319	7.2
AML_042_01	Imatinib	Imatinib_AML_042_01	227.16968	5.3
AML_043_02	Imatinib	Imatinib_AML_043_02	224.10585	1.2
AML_045_01	Imatinib	Imatinib_AML_045_01	230.94365	2.2
AML_046_01	Imatinib	Imatinib_AML_046_01	219.61057	7.8
AML_051_01	Imatinib	Imatinib_AML_051_01	224.44135	0.5
AML_052_01	Imatinib	Imatinib_AML_052_01	230.59238	2.6
AML_053_01	Imatinib	Imatinib_AML_053_01	238.72932	0.0
AML_054_01	Imatinib	Imatinib_AML_054_01	224.17581	2.7
AML_057_01	Imatinib	Imatinib_AML_057_01	228.32506	2.5
AML_058_01	Imatinib	Imatinib_AML_058_01	228.1045	6.0
AML_059_01	Imatinib	Imatinib_AML_059_01	226.23853	3.2
AML_060_01	Imatinib	Imatinib_AML_060_01	227.06909	2.8
AML_061_01	Imatinib	Imatinib_AML_061_01	225.04477	0.0
AML_062_01	Imatinib	Imatinib_AML_062_01	217.58228	0.0
AML_064_01	Imatinib	Imatinib_AML_064_01	221.33076	0.0
AML_065_01	Imatinib	Imatinib_AML_065_01	219.5998	5.6
AML_067_01	Imatinib	Imatinib_AML_067_01	224.01147	5.9
AML_070_01	Imatinib	Imatinib_AML_070_01	227.46457	1.1
AML_072_01	Imatinib	Imatinib_AML_072_01	233.59515	2.7
AML_073_01	Imatinib	Imatinib_AML_073_01	229.57603	3.3
AML_074_01	Imatinib	Imatinib_AML_074_01	223.90181	3.3
AML_075_01	Imatinib	Imatinib_AML_075_01	224.48764	0.0
AML_076_01	Imatinib	Imatinib_AML_076_01	228.74956	2.1
AML_076_02	Imatinib	Imatinib_AML_076_02	218.81093	1.7
AML_077_01	Imatinib	Imatinib_AML_077_01	226.97484	1.3
AML_078_02	Imatinib	Imatinib_AML_078_02	226.44608	0.6
AML_084_01	Imatinib	Imatinib_AML_084_01	222.04204	0.7
AML_086_02	Imatinib	Imatinib_AML_086_02	229.57347	2.6
AML_098_01	Imatinib	Imatinib_AML_098_01	222.15475	2.9
AML_100_01	Imatinib	Imatinib_AML_100_01	228.2067	3.0
AML_101_01	Imatinib	Imatinib_AML_101_01	218.67712	12.4
AML_101_02	Imatinib	Imatinib_AML_101_02	229.80782	2.2
AML_102_01	Imatinib	Imatinib_AML_102_01	217.42097	1.6
AML_103_01	Imatinib	Imatinib_AML_103_01	213.91457	2.6
AML_103_02	Imatinib	Imatinib_AML_103_02	219.80185	1.2
AML_104_01	Imatinib	Imatinib_AML_104_01	228.05699	0.8
AML_108_01	Imatinib	Imatinib_AML_108_01	223.31245	7.2
AML_109_01	Imatinib	Imatinib_AML_109_01	220.94647	3.5
AML_110_01	Imatinib	Imatinib_AML_110_01	227.34373	2.5
AML_112_01	Imatinib	Imatinib_AML_112_01	221.38005	4.2
AML_112_02	Imatinib	Imatinib_AML_112_02	225.42699	6.7
AML_113_01	Imatinib	Imatinib_AML_113_01	226.49014	6.2
AML_114_01	Imatinib	Imatinib_AML_114_01	220.5672	1.3
AML_115_01	Imatinib	Imatinib_AML_115_01	220.56625	7.0
AML_116_01	Imatinib	Imatinib_AML_116_01	223.5111	2.5
AML_117_01	Imatinib	Imatinib_AML_117_01	229.59952	3.0
AML_119_01	Imatinib	Imatinib_AML_119_01	216.81743	0.3
AML_120_01	Imatinib	Imatinib_AML_120_01	225.05792	9.9
AML_120_03	Imatinib	Imatinib_AML_120_03	226.99095	9.4
AML_122_01	Imatinib	Imatinib_AML_122_01	227.53918	2.4
AML_123_01	Imatinib	Imatinib_AML_123_01	232.09804	4.4
AML_124_01	Imatinib	Imatinib_AML_124_01	229.71544	5.0
AML_125_01	Imatinib	Imatinib_AML_125_01	229.4117	0.7
AML_126_01	Imatinib	Imatinib_AML_126_01	224.26247	2.0
AML_127_01	Imatinib	Imatinib_AML_127_01	223.86948	4.5
AML_128_01	Imatinib	Imatinib_AML_128_01	230.71216	1.1
AML_129_02	Imatinib	Imatinib_AML_129_02	226.73618	4.3
AML_129_03	Imatinib	Imatinib_AML_129_03	225.17783	0.0
AML_131_01	Imatinib	Imatinib_AML_131_01	226.79964	2.9
AML_133_01	Imatinib	Imatinib_AML_133_01	225.79765	0.0
AML_134_01	Imatinib	Imatinib_AML_134_01	224.73883	1.0
AML_135_01	Imatinib	Imatinib_AML_135_01	231.54822	4.8
AML_138_01	Imatinib	Imatinib_AML_138_01	231.15115	0.0
AML_139_01	Imatinib	Imatinib_AML_139_01	238.38354	4.5
AML_140_01	Imatinib	Imatinib_AML_140_01	230.602	2.2
AML_142_01	Imatinib	Imatinib_AML_142_01	222.54912	0.0
AML_143_01	Imatinib	Imatinib_AML_143_01	228.29298	0.0
AML_144_01	Imatinib	Imatinib_AML_144_01	236.48563	2.2
AML_146_01	Imatinib	Imatinib_AML_146_01	231.75983	2.6
AML_147_01	Imatinib	Imatinib_AML_147_01	231.02063	5.0
AML_151_01	Imatinib	Imatinib_AML_151_01	222.65251	1.4
AML_152_01	Imatinib	Imatinib_AML_152_01	229.65167	1.4
AML_153_01	Imatinib	Imatinib_AML_153_01	221.23666	0.6
AML_156_01	Imatinib	Imatinib_AML_156_01	223.10548	1.9
AML_157_01	Imatinib	Imatinib_AML_157_01	230.2117	5.4
AML_157_02	Imatinib	Imatinib_AML_157_02	229.85173	5.9
AML_158_01	Imatinib	Imatinib_AML_158_01	236.4784	2.1
AML_159_01	Imatinib	Imatinib_AML_159_01	233.48094	2.4
AML_160_01	Imatinib	Imatinib_AML_160_01	222.67297	4.2
AML_161_01	Imatinib	Imatinib_AML_161_01	224.88824	1.2
AML_175_01	Imatinib	Imatinib_AML_175_01	229.02016	0.0
AML_179_01	Imatinib	Imatinib_AML_179_01	224.16342	1.5
AML_183_01	Imatinib	Imatinib_AML_183_01	231.73004	1.2
AML_183_02	Imatinib	Imatinib_AML_183_02	219.45996	3.5
AML_183_03	Imatinib	Imatinib_AML_183_03	220.8794	2.5
AML_184_01	Imatinib	Imatinib_AML_184_01	224.18127	3.8
AML_185_01	Imatinib	Imatinib_AML_185_01	234.06464	1.6
AML_004_01	JNJ-38877605	JNJ-38877605_AML_004_01	238.4517	0.0
AML_019_01	JNJ-38877605	JNJ-38877605_AML_019_01	228.60713	2.3
AML_025_01	JNJ-38877605	JNJ-38877605_AML_025_01	242.55673	1.9
AML_026_01	JNJ-38877605	JNJ-38877605_AML_026_01	240.03587	0.6
AML_029_01	JNJ-38877605	JNJ-38877605_AML_029_01	234.7269	0.0
AML_030_01	JNJ-38877605	JNJ-38877605_AML_030_01	229.75423	0.7
AML_033_01	JNJ-38877605	JNJ-38877605_AML_033_01	234.88127	2.2
AML_033_02	JNJ-38877605	JNJ-38877605_AML_033_02	225.79915	0.4
AML_041_01	JNJ-38877605	JNJ-38877605_AML_041_01	237.28131	0.0
AML_042_01	JNJ-38877605	JNJ-38877605_AML_042_01	236.03099	0.0
AML_043_02	JNJ-38877605	JNJ-38877605_AML_043_02	230.25491	0.2
AML_046_01	JNJ-38877605	JNJ-38877605_AML_046_01	230.39127	0.7
AML_052_01	JNJ-38877605	JNJ-38877605_AML_052_01	235.4902	1.7
AML_057_01	JNJ-38877605	JNJ-38877605_AML_057_01	238.23816	0.9
AML_058_01	JNJ-38877605	JNJ-38877605_AML_058_01	237.11037	0.0
AML_059_01	JNJ-38877605	JNJ-38877605_AML_059_01	234.16896	0.1
AML_060_01	JNJ-38877605	JNJ-38877605_AML_060_01	232.70326	0.0
AML_061_01	JNJ-38877605	JNJ-38877605_AML_061_01	233.49428	0.0
AML_062_01	JNJ-38877605	JNJ-38877605_AML_062_01	229.67844	1.7
AML_064_01	JNJ-38877605	JNJ-38877605_AML_064_01	231.67087	1.6
AML_065_01	JNJ-38877605	JNJ-38877605_AML_065_01	230.83658	2.5
AML_067_01	JNJ-38877605	JNJ-38877605_AML_067_01	234.76193	2.5
AML_070_01	JNJ-38877605	JNJ-38877605_AML_070_01	235.22115	0.4
AML_072_01	JNJ-38877605	JNJ-38877605_AML_072_01	238.93082	0.0
AML_073_01	JNJ-38877605	JNJ-38877605_AML_073_01	234.40282	0.7
AML_074_01	JNJ-38877605	JNJ-38877605_AML_074_01	236.191	2.5
AML_075_01	JNJ-38877605	JNJ-38877605_AML_075_01	233.02036	0.0
AML_076_01	JNJ-38877605	JNJ-38877605_AML_076_01	237.26752	0.1
AML_076_02	JNJ-38877605	JNJ-38877605_AML_076_02	229.77344	1.5
AML_077_01	JNJ-38877605	JNJ-38877605_AML_077_01	233.69107	4.1
AML_078_02	JNJ-38877605	JNJ-38877605_AML_078_02	235.60065	1.7
AML_086_02	JNJ-38877605	JNJ-38877605_AML_086_02	236.3637	3.2
AML_098_01	JNJ-38877605	JNJ-38877605_AML_098_01	233.21246	0.0
AML_100_01	JNJ-38877605	JNJ-38877605_AML_100_01	238.28833	2.0
AML_101_01	JNJ-38877605	JNJ-38877605_AML_101_01	227.87967	0.0
AML_101_02	JNJ-38877605	JNJ-38877605_AML_101_02	235.11171	0.0
AML_102_01	JNJ-38877605	JNJ-38877605_AML_102_01	231.49818	0.0
AML_103_01	JNJ-38877605	JNJ-38877605_AML_103_01	226.18056	3.9
AML_103_02	JNJ-38877605	JNJ-38877605_AML_103_02	228.83914	0.7
AML_104_01	JNJ-38877605	JNJ-38877605_AML_104_01	239.40697	3.8
AML_108_01	JNJ-38877605	JNJ-38877605_AML_108_01	235.94482	5.1
AML_109_01	JNJ-38877605	JNJ-38877605_AML_109_01	228.63528	0.3
AML_110_01	JNJ-38877605	JNJ-38877605_AML_110_01	236.90562	3.6
AML_112_01	JNJ-38877605	JNJ-38877605_AML_112_01	230.96474	4.7
AML_112_02	JNJ-38877605	JNJ-38877605_AML_112_02	234.8498	1.7
AML_113_01	JNJ-38877605	JNJ-38877605_AML_113_01	235.0174	5.0
AML_114_01	JNJ-38877605	JNJ-38877605_AML_114_01	232.20872	0.6
AML_115_01	JNJ-38877605	JNJ-38877605_AML_115_01	233.46689	4.3
AML_116_01	JNJ-38877605	JNJ-38877605_AML_116_01	232.76869	1.7
AML_117_01	JNJ-38877605	JNJ-38877605_AML_117_01	237.30971	0.0
AML_119_01	JNJ-38877605	JNJ-38877605_AML_119_01	229.36523	1.0
AML_122_01	JNJ-38877605	JNJ-38877605_AML_122_01	235.48874	1.2
AML_123_01	JNJ-38877605	JNJ-38877605_AML_123_01	240.66321	3.2
AML_124_01	JNJ-38877605	JNJ-38877605_AML_124_01	237.39905	2.6
AML_125_01	JNJ-38877605	JNJ-38877605_AML_125_01	236.10141	2.0
AML_126_01	JNJ-38877605	JNJ-38877605_AML_126_01	232.43286	0.8
AML_127_01	JNJ-38877605	JNJ-38877605_AML_127_01	235.00677	0.3
AML_128_01	JNJ-38877605	JNJ-38877605_AML_128_01	235.7217	0.7
AML_131_01	JNJ-38877605	JNJ-38877605_AML_131_01	237.07103	0.5
AML_133_01	JNJ-38877605	JNJ-38877605_AML_133_01	232.8666	0.7
AML_134_01	JNJ-38877605	JNJ-38877605_AML_134_01	228.84447	0.0
AML_135_01	JNJ-38877605	JNJ-38877605_AML_135_01	238.83041	3.4
AML_138_01	JNJ-38877605	JNJ-38877605_AML_138_01	236.1243	3.3
AML_139_01	JNJ-38877605	JNJ-38877605_AML_139_01	245.12096	2.7
AML_140_01	JNJ-38877605	JNJ-38877605_AML_140_01	240.24695	1.7
AML_142_01	JNJ-38877605	JNJ-38877605_AML_142_01	231.52188	2.9
AML_143_01	JNJ-38877605	JNJ-38877605_AML_143_01	237.72331	0.5
AML_144_01	JNJ-38877605	JNJ-38877605_AML_144_01	243.50931	4.2
AML_146_01	JNJ-38877605	JNJ-38877605_AML_146_01	236.34381	2.7
AML_147_01	JNJ-38877605	JNJ-38877605_AML_147_01	240.01143	1.2
AML_151_01	JNJ-38877605	JNJ-38877605_AML_151_01	234.41791	0.6
AML_152_01	JNJ-38877605	JNJ-38877605_AML_152_01	239.70988	0.5
AML_153_01	JNJ-38877605	JNJ-38877605_AML_153_01	226.26558	3.2
AML_156_01	JNJ-38877605	JNJ-38877605_AML_156_01	231.5502	2.1
AML_157_01	JNJ-38877605	JNJ-38877605_AML_157_01	238.16129	3.1
AML_157_02	JNJ-38877605	JNJ-38877605_AML_157_02	238.45122	2.8
AML_158_01	JNJ-38877605	JNJ-38877605_AML_158_01	243.18951	1.2
AML_159_01	JNJ-38877605	JNJ-38877605_AML_159_01	240.4782	1.0
AML_160_01	JNJ-38877605	JNJ-38877605_AML_160_01	235.15338	2.7
AML_161_01	JNJ-38877605	JNJ-38877605_AML_161_01	234.36151	1.2
AML_183_01	JNJ-38877605	JNJ-38877605_AML_183_01	241.11818	2.2
AML_183_02	JNJ-38877605	JNJ-38877605_AML_183_02	231.92685	1.5
AML_183_03	JNJ-38877605	JNJ-38877605_AML_183_03	232.43495	2.7
AML_001_03	JQ1	JQ1_AML_001_03	163.88701	22.9
AML_003_02	JQ1	JQ1_AML_003_02	169.38124	20.7
AML_004_01	JQ1	JQ1_AML_004_01	159.98488	15.5
AML_006_02	JQ1	JQ1_AML_006_02	161.40486	17.8
AML_007_01	JQ1	JQ1_AML_007_01	163.82307	10.1
AML_007_02	JQ1	JQ1_AML_007_02	163.98975	12.3
AML_012_01	JQ1	JQ1_AML_012_01	171.36676	5.6
AML_013_01	JQ1	JQ1_AML_013_01	172.18375	15.9
AML_014_01	JQ1	JQ1_AML_014_01	160.2725	20.8
AML_015_01	JQ1	JQ1_AML_015_01	167.93852	9.1
AML_015_02	JQ1	JQ1_AML_015_02	175.24243	17.8
AML_015_03	JQ1	JQ1_AML_015_03	166.60281	17.5
AML_015_04	JQ1	JQ1_AML_015_04	170.53229	13.0
AML_018_01	JQ1	JQ1_AML_018_01	165.06128	26.4
AML_019_01	JQ1	JQ1_AML_019_01	171.15262	6.2
AML_020_01	JQ1	JQ1_AML_020_01	171.56836	4.1
AML_023_04	JQ1	JQ1_AML_023_04	163.02881	15.6
AML_024_01	JQ1	JQ1_AML_024_01	169.21199	2.5
AML_025_01	JQ1	JQ1_AML_025_01	171.17606	17.2
AML_026_01	JQ1	JQ1_AML_026_01	170.86195	9.9
AML_028_01	JQ1	JQ1_AML_028_01	167.27505	9.5
AML_028_04	JQ1	JQ1_AML_028_04	169.06264	20.2
AML_029_01	JQ1	JQ1_AML_029_01	167.97215	14.9
AML_030_01	JQ1	JQ1_AML_030_01	162.84644	11.4
AML_032_01	JQ1	JQ1_AML_032_01	171.80594	3.8
AML_033_01	JQ1	JQ1_AML_033_01	172.42802	12.5
AML_033_02	JQ1	JQ1_AML_033_02	166.85709	13.8
AML_035_02	JQ1	JQ1_AML_035_02	172.33548	17.3
AML_035_04	JQ1	JQ1_AML_035_04	173.49628	14.3
AML_036_01	JQ1	JQ1_AML_036_01	157.388	10.9
AML_040_01	JQ1	JQ1_AML_040_01	152.91418	22.6
AML_041_01	JQ1	JQ1_AML_041_01	162.66974	10.6
AML_042_01	JQ1	JQ1_AML_042_01	167.2423	16.5
AML_043_02	JQ1	JQ1_AML_043_02	173.29298	19.3
AML_045_01	JQ1	JQ1_AML_045_01	168.00427	6.9
AML_046_01	JQ1	JQ1_AML_046_01	162.69635	9.2
AML_051_01	JQ1	JQ1_AML_051_01	162.45938	6.7
AML_052_01	JQ1	JQ1_AML_052_01	165.75288	18.5
AML_053_01	JQ1	JQ1_AML_053_01	173.00616	11.2
AML_054_01	JQ1	JQ1_AML_054_01	166.86407	14.0
AML_057_01	JQ1	JQ1_AML_057_01	162.50389	20.2
AML_058_01	JQ1	JQ1_AML_058_01	160.61618	10.7
AML_059_01	JQ1	JQ1_AML_059_01	161.51521	13.6
AML_060_01	JQ1	JQ1_AML_060_01	170.28186	14.6
AML_061_01	JQ1	JQ1_AML_061_01	157.94771	14.6
AML_062_01	JQ1	JQ1_AML_062_01	155.98526	16.0
AML_064_01	JQ1	JQ1_AML_064_01	163.95398	22.4
AML_065_01	JQ1	JQ1_AML_065_01	158.37924	18.8
AML_067_01	JQ1	JQ1_AML_067_01	159.20027	21.1
AML_070_01	JQ1	JQ1_AML_070_01	165.13023	6.2
AML_072_01	JQ1	JQ1_AML_072_01	172.54073	3.5
AML_073_01	JQ1	JQ1_AML_073_01	174.49934	6.1
AML_074_01	JQ1	JQ1_AML_074_01	159.48401	11.2
AML_075_01	JQ1	JQ1_AML_075_01	161.23276	17.2
AML_076_01	JQ1	JQ1_AML_076_01	169.17102	11.1
AML_076_02	JQ1	JQ1_AML_076_02	158.45488	15.0
AML_077_01	JQ1	JQ1_AML_077_01	167.30049	15.8
AML_078_02	JQ1	JQ1_AML_078_02	166.39987	16.6
AML_084_01	JQ1	JQ1_AML_084_01	167.10152	19.2
AML_086_02	JQ1	JQ1_AML_086_02	174.99933	12.7
AML_098_01	JQ1	JQ1_AML_098_01	154.40121	8.1
AML_100_01	JQ1	JQ1_AML_100_01	160.2849	11.8
AML_101_01	JQ1	JQ1_AML_101_01	169.25807	19.8
AML_101_02	JQ1	JQ1_AML_101_02	178.74031	5.8
AML_102_01	JQ1	JQ1_AML_102_01	156.3857	16.2
AML_103_01	JQ1	JQ1_AML_103_01	157.01793	19.9
AML_103_02	JQ1	JQ1_AML_103_02	166.52802	18.7
AML_104_01	JQ1	JQ1_AML_104_01	162.05408	13.8
AML_108_01	JQ1	JQ1_AML_108_01	154.34868	20.8
AML_109_01	JQ1	JQ1_AML_109_01	167.28351	12.6
AML_110_01	JQ1	JQ1_AML_110_01	162.50743	14.3
AML_112_01	JQ1	JQ1_AML_112_01	158.11612	16.3
AML_112_02	JQ1	JQ1_AML_112_02	162.57527	20.1
AML_113_01	JQ1	JQ1_AML_113_01	159.09969	22.1
AML_114_01	JQ1	JQ1_AML_114_01	159.32349	10.7
AML_115_01	JQ1	JQ1_AML_115_01	154.88463	24.3
AML_116_01	JQ1	JQ1_AML_116_01	153.81363	14.6
AML_117_01	JQ1	JQ1_AML_117_01	168.40462	5.2
AML_119_01	JQ1	JQ1_AML_119_01	156.52081	17.3
AML_120_03	JQ1	JQ1_AML_120_03	166.50284	22.3
AML_122_01	JQ1	JQ1_AML_122_01	170.8466	10.5
AML_123_01	JQ1	JQ1_AML_123_01	162.39505	11.4
AML_124_01	JQ1	JQ1_AML_124_01	166.16571	20.6
AML_125_01	JQ1	JQ1_AML_125_01	164.06946	11.8
AML_126_01	JQ1	JQ1_AML_126_01	167.46477	19.4
AML_127_01	JQ1	JQ1_AML_127_01	155.03674	16.1
AML_128_01	JQ1	JQ1_AML_128_01	174.4998	13.4
AML_131_01	JQ1	JQ1_AML_131_01	161.5008	13.4
AML_133_01	JQ1	JQ1_AML_133_01	172.91301	14.7
AML_134_01	JQ1	JQ1_AML_134_01	176.12236	17.5
AML_135_01	JQ1	JQ1_AML_135_01	171.85365	19.7
AML_138_01	JQ1	JQ1_AML_138_01	173.56291	14.9
AML_139_01	JQ1	JQ1_AML_139_01	167.69244	16.1
AML_140_01	JQ1	JQ1_AML_140_01	161.68188	16.6
AML_142_01	JQ1	JQ1_AML_142_01	171.52725	17.3
AML_143_01	JQ1	JQ1_AML_143_01	163.21205	16.8
AML_144_01	JQ1	JQ1_AML_144_01	170.43114	17.2
AML_146_01	JQ1	JQ1_AML_146_01	165.5244	12.7
AML_147_01	JQ1	JQ1_AML_147_01	165.11707	14.0
AML_151_01	JQ1	JQ1_AML_151_01	156.7653	21.7
AML_152_01	JQ1	JQ1_AML_152_01	163.28276	12.3
AML_153_01	JQ1	JQ1_AML_153_01	170.75288	8.7
AML_156_01	JQ1	JQ1_AML_156_01	163.22847	22.6
AML_157_01	JQ1	JQ1_AML_157_01	160.77324	20.3
AML_157_02	JQ1	JQ1_AML_157_02	164.5673	19.5
AML_158_01	JQ1	JQ1_AML_158_01	167.05466	11.6
AML_159_01	JQ1	JQ1_AML_159_01	169.35649	14.6
AML_160_01	JQ1	JQ1_AML_160_01	163.1047	16.8
AML_161_01	JQ1	JQ1_AML_161_01	165.3155	18.4
AML_175_01	JQ1	JQ1_AML_175_01	163.45934	6.7
AML_183_01	JQ1	JQ1_AML_183_01	163.52841	15.3
AML_183_02	JQ1	JQ1_AML_183_02	153.97859	17.1
AML_183_03	JQ1	JQ1_AML_183_03	158.86057	15.9
AML_004_01	KW-2449	KW-2449_AML_004_01	215.1325	4.2
AML_019_01	KW-2449	KW-2449_AML_019_01	200.40376	0.0
AML_025_01	KW-2449	KW-2449_AML_025_01	226.17366	0.1
AML_026_01	KW-2449	KW-2449_AML_026_01	224.89203	0.0
AML_029_01	KW-2449	KW-2449_AML_029_01	217.11536	0.0
AML_030_01	KW-2449	KW-2449_AML_030_01	211.20758	0.0
AML_033_01	KW-2449	KW-2449_AML_033_01	211.47964	7.7
AML_033_02	KW-2449	KW-2449_AML_033_02	187.39243	6.0
AML_041_01	KW-2449	KW-2449_AML_041_01	219.77432	1.5
AML_042_01	KW-2449	KW-2449_AML_042_01	220.6375	3.0
AML_043_02	KW-2449	KW-2449_AML_043_02	193.7408	4.5
AML_046_01	KW-2449	KW-2449_AML_046_01	195.1589	18.4
AML_052_01	KW-2449	KW-2449_AML_052_01	215.24962	1.9
AML_057_01	KW-2449	KW-2449_AML_057_01	219.39957	1.0
AML_058_01	KW-2449	KW-2449_AML_058_01	212.55	3.0
AML_059_01	KW-2449	KW-2449_AML_059_01	209.55365	4.0
AML_060_01	KW-2449	KW-2449_AML_060_01	204.52612	1.1
AML_061_01	KW-2449	KW-2449_AML_061_01	207.5176	2.7
AML_062_01	KW-2449	KW-2449_AML_062_01	208.36005	7.2
AML_064_01	KW-2449	KW-2449_AML_064_01	217.17336	0.1
AML_065_01	KW-2449	KW-2449_AML_065_01	206.57008	4.5
AML_067_01	KW-2449	KW-2449_AML_067_01	219.51297	3.2
AML_070_01	KW-2449	KW-2449_AML_070_01	219.83478	0.6
AML_072_01	KW-2449	KW-2449_AML_072_01	220.32378	0.0
AML_073_01	KW-2449	KW-2449_AML_073_01	215.77393	0.0
AML_074_01	KW-2449	KW-2449_AML_074_01	215.89005	0.0
AML_075_01	KW-2449	KW-2449_AML_075_01	214.20624	0.1
AML_076_01	KW-2449	KW-2449_AML_076_01	218.77017	1.5
AML_076_02	KW-2449	KW-2449_AML_076_02	199.79411	3.7
AML_077_01	KW-2449	KW-2449_AML_077_01	214.09418	2.8
AML_078_02	KW-2449	KW-2449_AML_078_02	220.61125	0.0
AML_086_02	KW-2449	KW-2449_AML_086_02	213.04102	0.9
AML_098_01	KW-2449	KW-2449_AML_098_01	212.63245	0.1
AML_100_01	KW-2449	KW-2449_AML_100_01	219.04144	0.0
AML_101_01	KW-2449	KW-2449_AML_101_01	199.94534	6.6
AML_101_02	KW-2449	KW-2449_AML_101_02	214.90033	0.0
AML_102_01	KW-2449	KW-2449_AML_102_01	210.55878	0.0
AML_103_01	KW-2449	KW-2449_AML_103_01	206.8816	1.0
AML_103_02	KW-2449	KW-2449_AML_103_02	194.11977	6.2
AML_104_01	KW-2449	KW-2449_AML_104_01	220.41798	0.0
AML_108_01	KW-2449	KW-2449_AML_108_01	215.02708	1.0
AML_109_01	KW-2449	KW-2449_AML_109_01	201.34561	0.0
AML_110_01	KW-2449	KW-2449_AML_110_01	216.99109	3.5
AML_112_01	KW-2449	KW-2449_AML_112_01	212.11461	2.7
AML_112_02	KW-2449	KW-2449_AML_112_02	215.1408	0.0
AML_113_01	KW-2449	KW-2449_AML_113_01	210.15506	4.8
AML_114_01	KW-2449	KW-2449_AML_114_01	212.41653	0.2
AML_115_01	KW-2449	KW-2449_AML_115_01	205.30573	3.0
AML_116_01	KW-2449	KW-2449_AML_116_01	209.87105	1.6
AML_117_01	KW-2449	KW-2449_AML_117_01	220.1492	1.1
AML_119_01	KW-2449	KW-2449_AML_119_01	209.93082	0.2
AML_122_01	KW-2449	KW-2449_AML_122_01	224.22253	0.0
AML_123_01	KW-2449	KW-2449_AML_123_01	224.3017	2.9
AML_124_01	KW-2449	KW-2449_AML_124_01	218.2167	4.9
AML_125_01	KW-2449	KW-2449_AML_125_01	210.47192	2.6
AML_126_01	KW-2449	KW-2449_AML_126_01	216.82983	6.6
AML_127_01	KW-2449	KW-2449_AML_127_01	214.68517	3.2
AML_128_01	KW-2449	KW-2449_AML_128_01	218.007	0.6
AML_131_01	KW-2449	KW-2449_AML_131_01	219.3605	0.5
AML_133_01	KW-2449	KW-2449_AML_133_01	201.2362	3.3
AML_134_01	KW-2449	KW-2449_AML_134_01	209.06818	0.0
AML_135_01	KW-2449	KW-2449_AML_135_01	214.36613	1.7
AML_138_01	KW-2449	KW-2449_AML_138_01	214.2688	1.3
AML_139_01	KW-2449	KW-2449_AML_139_01	225.29297	4.6
AML_140_01	KW-2449	KW-2449_AML_140_01	218.32378	1.3
AML_142_01	KW-2449	KW-2449_AML_142_01	196.58853	7.3
AML_143_01	KW-2449	KW-2449_AML_143_01	215.74811	0.2
AML_144_01	KW-2449	KW-2449_AML_144_01	223.52505	1.0
AML_146_01	KW-2449	KW-2449_AML_146_01	216.32822	0.0
AML_147_01	KW-2449	KW-2449_AML_147_01	219.13573	0.9
AML_151_01	KW-2449	KW-2449_AML_151_01	207.66513	0.8
AML_152_01	KW-2449	KW-2449_AML_152_01	212.59521	1.5
AML_153_01	KW-2449	KW-2449_AML_153_01	196.17049	0.0
AML_156_01	KW-2449	KW-2449_AML_156_01	203.1313	1.7
AML_157_01	KW-2449	KW-2449_AML_157_01	216.78493	3.8
AML_157_02	KW-2449	KW-2449_AML_157_02	220.21625	5.5
AML_158_01	KW-2449	KW-2449_AML_158_01	226.71675	1.1
AML_159_01	KW-2449	KW-2449_AML_159_01	222.36002	1.6
AML_160_01	KW-2449	KW-2449_AML_160_01	211.46255	1.3
AML_161_01	KW-2449	KW-2449_AML_161_01	201.4348	2.7
AML_183_01	KW-2449	KW-2449_AML_183_01	223.42038	0.0
AML_183_02	KW-2449	KW-2449_AML_183_02	214.0104	2.3
AML_183_03	KW-2449	KW-2449_AML_183_03	212.24869	0.0
AML_001_01	Lapatinib	Lapatinib_AML_001_01	228.84598	0.0
AML_001_03	Lapatinib	Lapatinib_AML_001_03	231.53835	0.0
AML_002_01	Lapatinib	Lapatinib_AML_002_01	220.24535	1.3
AML_003_02	Lapatinib	Lapatinib_AML_003_02	216.18378	0.0
AML_004_01	Lapatinib	Lapatinib_AML_004_01	227.80595	0.2
AML_006_02	Lapatinib	Lapatinib_AML_006_02	226.95152	1.2
AML_007_01	Lapatinib	Lapatinib_AML_007_01	231.2223	0.3
AML_007_02	Lapatinib	Lapatinib_AML_007_02	232.28447	0.0
AML_012_01	Lapatinib	Lapatinib_AML_012_01	213.74562	0.0
AML_013_01	Lapatinib	Lapatinib_AML_013_01	218.41278	0.0
AML_014_01	Lapatinib	Lapatinib_AML_014_01	229.39798	0.0
AML_015_01	Lapatinib	Lapatinib_AML_015_01	229.06494	0.0
AML_015_02	Lapatinib	Lapatinib_AML_015_02	226.5791	0.0
AML_015_03	Lapatinib	Lapatinib_AML_015_03	228.55215	0.2
AML_015_04	Lapatinib	Lapatinib_AML_015_04	221.51851	0.0
AML_018_01	Lapatinib	Lapatinib_AML_018_01	220.33162	0.0
AML_019_01	Lapatinib	Lapatinib_AML_019_01	216.30983	0.0
AML_020_01	Lapatinib	Lapatinib_AML_020_01	225.57892	0.0
AML_022_01	Lapatinib	Lapatinib_AML_022_01	225.13216	3.0
AML_023_01	Lapatinib	Lapatinib_AML_023_01	223.3847	1.1
AML_023_03	Lapatinib	Lapatinib_AML_023_03	222.67007	0.2
AML_023_04	Lapatinib	Lapatinib_AML_023_04	223.48146	0.0
AML_024_01	Lapatinib	Lapatinib_AML_024_01	223.66844	0.0
AML_025_01	Lapatinib	Lapatinib_AML_025_01	232.44403	0.0
AML_026_01	Lapatinib	Lapatinib_AML_026_01	229.51947	0.0
AML_028_01	Lapatinib	Lapatinib_AML_028_01	224.37186	0.0
AML_028_04	Lapatinib	Lapatinib_AML_028_04	210.44641	0.0
AML_029_01	Lapatinib	Lapatinib_AML_029_01	224.70876	0.3
AML_030_01	Lapatinib	Lapatinib_AML_030_01	220.23364	0.0
AML_032_01	Lapatinib	Lapatinib_AML_032_01	227.30922	0.0
AML_033_01	Lapatinib	Lapatinib_AML_033_01	224.37076	0.0
AML_033_02	Lapatinib	Lapatinib_AML_033_02	206.30748	0.0
AML_035_02	Lapatinib	Lapatinib_AML_035_02	231.10822	0.0
AML_035_04	Lapatinib	Lapatinib_AML_035_04	218.30746	0.0
AML_036_01	Lapatinib	Lapatinib_AML_036_01	231.50742	0.0
AML_040_01	Lapatinib	Lapatinib_AML_040_01	223.56671	0.0
AML_041_01	Lapatinib	Lapatinib_AML_041_01	228.21191	0.0
AML_042_01	Lapatinib	Lapatinib_AML_042_01	228.67917	0.0
AML_043_02	Lapatinib	Lapatinib_AML_043_02	214.6171	0.0
AML_045_01	Lapatinib	Lapatinib_AML_045_01	226.532	0.0
AML_046_01	Lapatinib	Lapatinib_AML_046_01	214.858	0.0
AML_051_01	Lapatinib	Lapatinib_AML_051_01	221.55545	0.0
AML_052_01	Lapatinib	Lapatinib_AML_052_01	225.54906	0.0
AML_053_01	Lapatinib	Lapatinib_AML_053_01	237.02382	0.0
AML_054_01	Lapatinib	Lapatinib_AML_054_01	216.30696	0.0
AML_057_01	Lapatinib	Lapatinib_AML_057_01	228.84395	0.0
AML_058_01	Lapatinib	Lapatinib_AML_058_01	225.65912	0.0
AML_059_01	Lapatinib	Lapatinib_AML_059_01	223.23816	0.8
AML_060_01	Lapatinib	Lapatinib_AML_060_01	220.24265	0.4
AML_061_01	Lapatinib	Lapatinib_AML_061_01	223.20923	0.0
AML_062_01	Lapatinib	Lapatinib_AML_062_01	219.77466	0.3
AML_064_01	Lapatinib	Lapatinib_AML_064_01	225.2264	0.0
AML_065_01	Lapatinib	Lapatinib_AML_065_01	220.83261	0.0
AML_067_01	Lapatinib	Lapatinib_AML_067_01	225.31949	0.0
AML_070_01	Lapatinib	Lapatinib_AML_070_01	227.64374	0.2
AML_072_01	Lapatinib	Lapatinib_AML_072_01	228.33905	0.1
AML_073_01	Lapatinib	Lapatinib_AML_073_01	224.76585	0.0
AML_074_01	Lapatinib	Lapatinib_AML_074_01	225.40906	0.0
AML_075_01	Lapatinib	Lapatinib_AML_075_01	225.29495	0.0
AML_076_01	Lapatinib	Lapatinib_AML_076_01	227.39807	0.0
AML_076_02	Lapatinib	Lapatinib_AML_076_02	217.31096	0.0
AML_077_01	Lapatinib	Lapatinib_AML_077_01	224.67436	0.0
AML_078_02	Lapatinib	Lapatinib_AML_078_02	227.72331	0.0
AML_084_01	Lapatinib	Lapatinib_AML_084_01	219.60788	0.0
AML_086_02	Lapatinib	Lapatinib_AML_086_02	226.05502	0.0
AML_098_01	Lapatinib	Lapatinib_AML_098_01	224.04468	0.0
AML_100_01	Lapatinib	Lapatinib_AML_100_01	227.88506	0.0
AML_101_01	Lapatinib	Lapatinib_AML_101_01	214.47795	0.0
AML_101_02	Lapatinib	Lapatinib_AML_101_02	224.95305	0.1
AML_102_01	Lapatinib	Lapatinib_AML_102_01	222.93245	1.0
AML_103_01	Lapatinib	Lapatinib_AML_103_01	217.86041	0.0
AML_103_02	Lapatinib	Lapatinib_AML_103_02	211.57353	0.0
AML_104_01	Lapatinib	Lapatinib_AML_104_01	228.54193	0.0
AML_108_01	Lapatinib	Lapatinib_AML_108_01	226.23206	1.5
AML_109_01	Lapatinib	Lapatinib_AML_109_01	217.14243	0.0
AML_110_01	Lapatinib	Lapatinib_AML_110_01	226.69463	0.0
AML_112_01	Lapatinib	Lapatinib_AML_112_01	222.78387	0.0
AML_112_02	Lapatinib	Lapatinib_AML_112_02	225.52338	0.3
AML_113_01	Lapatinib	Lapatinib_AML_113_01	222.57869	0.0
AML_114_01	Lapatinib	Lapatinib_AML_114_01	220.7581	0.2
AML_115_01	Lapatinib	Lapatinib_AML_115_01	222.24547	0.0
AML_116_01	Lapatinib	Lapatinib_AML_116_01	222.59769	0.0
AML_117_01	Lapatinib	Lapatinib_AML_117_01	227.72832	0.0
AML_119_01	Lapatinib	Lapatinib_AML_119_01	218.88362	1.6
AML_120_01	Lapatinib	Lapatinib_AML_120_01	226.62491	2.7
AML_120_03	Lapatinib	Lapatinib_AML_120_03	228.76523	0.0
AML_122_01	Lapatinib	Lapatinib_AML_122_01	229.55505	0.0
AML_123_01	Lapatinib	Lapatinib_AML_123_01	230.50029	0.0
AML_124_01	Lapatinib	Lapatinib_AML_124_01	228.84482	0.0
AML_125_01	Lapatinib	Lapatinib_AML_125_01	226.1729	0.0
AML_126_01	Lapatinib	Lapatinib_AML_126_01	222.39503	0.0
AML_127_01	Lapatinib	Lapatinib_AML_127_01	224.9769	0.0
AML_128_01	Lapatinib	Lapatinib_AML_128_01	226.35002	0.2
AML_129_02	Lapatinib	Lapatinib_AML_129_02	226.36931	1.7
AML_129_03	Lapatinib	Lapatinib_AML_129_03	222.67874	2.1
AML_131_01	Lapatinib	Lapatinib_AML_131_01	229.70811	0.0
AML_133_01	Lapatinib	Lapatinib_AML_133_01	221.25731	0.0
AML_134_01	Lapatinib	Lapatinib_AML_134_01	218.89247	0.0
AML_135_01	Lapatinib	Lapatinib_AML_135_01	227.65553	0.0
AML_138_01	Lapatinib	Lapatinib_AML_138_01	226.27786	0.0
AML_139_01	Lapatinib	Lapatinib_AML_139_01	234.60048	0.6
AML_140_01	Lapatinib	Lapatinib_AML_140_01	229.79584	0.0
AML_142_01	Lapatinib	Lapatinib_AML_142_01	216.39897	0.0
AML_143_01	Lapatinib	Lapatinib_AML_143_01	226.26158	0.0
AML_144_01	Lapatinib	Lapatinib_AML_144_01	232.472	0.0
AML_146_01	Lapatinib	Lapatinib_AML_146_01	228.67477	0.0
AML_147_01	Lapatinib	Lapatinib_AML_147_01	230.39282	0.0
AML_151_01	Lapatinib	Lapatinib_AML_151_01	222.24612	0.0
AML_152_01	Lapatinib	Lapatinib_AML_152_01	226.88979	0.0
AML_153_01	Lapatinib	Lapatinib_AML_153_01	214.54848	0.0
AML_156_01	Lapatinib	Lapatinib_AML_156_01	218.85208	0.0
AML_157_01	Lapatinib	Lapatinib_AML_157_01	229.28246	0.1
AML_157_02	Lapatinib	Lapatinib_AML_157_02	229.14137	0.0
AML_158_01	Lapatinib	Lapatinib_AML_158_01	233.62228	0.0
AML_159_01	Lapatinib	Lapatinib_AML_159_01	229.82143	0.0
AML_160_01	Lapatinib	Lapatinib_AML_160_01	222.82538	0.0
AML_161_01	Lapatinib	Lapatinib_AML_161_01	217.72044	0.0
AML_175_01	Lapatinib	Lapatinib_AML_175_01	226.54164	0.0
AML_179_01	Lapatinib	Lapatinib_AML_179_01	219.62637	0.8
AML_183_01	Lapatinib	Lapatinib_AML_183_01	232.31871	0.0
AML_183_02	Lapatinib	Lapatinib_AML_183_02	222.55804	0.0
AML_183_03	Lapatinib	Lapatinib_AML_183_03	224.44513	0.0
AML_184_01	Lapatinib	Lapatinib_AML_184_01	223.63582	2.7
AML_185_01	Lapatinib	Lapatinib_AML_185_01	229.53044	0.7
AML_001_01	Lenalidomide	Lenalidomide_AML_001_01	239.79724	0.0
AML_001_03	Lenalidomide	Lenalidomide_AML_001_03	235.73819	3.7
AML_002_01	Lenalidomide	Lenalidomide_AML_002_01	231.53497	0.0
AML_003_02	Lenalidomide	Lenalidomide_AML_003_02	222.4339	1.6
AML_004_01	Lenalidomide	Lenalidomide_AML_004_01	238.56488	4.4
AML_006_02	Lenalidomide	Lenalidomide_AML_006_02	236.19621	0.1
AML_007_01	Lenalidomide	Lenalidomide_AML_007_01	236.82895	0.0
AML_007_02	Lenalidomide	Lenalidomide_AML_007_02	237.44374	0.0
AML_012_01	Lenalidomide	Lenalidomide_AML_012_01	225.07178	7.8
AML_013_01	Lenalidomide	Lenalidomide_AML_013_01	232.24852	0.0
AML_014_01	Lenalidomide	Lenalidomide_AML_014_01	236.45554	0.0
AML_015_01	Lenalidomide	Lenalidomide_AML_015_01	238.15315	2.2
AML_015_02	Lenalidomide	Lenalidomide_AML_015_02	233.83559	11.1
AML_015_03	Lenalidomide	Lenalidomide_AML_015_03	238.31721	10.7
AML_015_04	Lenalidomide	Lenalidomide_AML_015_04	231.14055	9.7
AML_018_01	Lenalidomide	Lenalidomide_AML_018_01	229.24567	0.1
AML_019_01	Lenalidomide	Lenalidomide_AML_019_01	227.7266	6.3
AML_020_01	Lenalidomide	Lenalidomide_AML_020_01	235.96614	3.7
AML_022_01	Lenalidomide	Lenalidomide_AML_022_01	234.41458	0.0
AML_023_01	Lenalidomide	Lenalidomide_AML_023_01	231.77785	0.0
AML_023_03	Lenalidomide	Lenalidomide_AML_023_03	230.52167	0.0
AML_023_04	Lenalidomide	Lenalidomide_AML_023_04	230.87057	0.5
AML_024_01	Lenalidomide	Lenalidomide_AML_024_01	235.83133	0.0
AML_025_01	Lenalidomide	Lenalidomide_AML_025_01	242.28436	0.0
AML_026_01	Lenalidomide	Lenalidomide_AML_026_01	243.74591	0.0
AML_028_01	Lenalidomide	Lenalidomide_AML_028_01	237.28384	1.6
AML_028_04	Lenalidomide	Lenalidomide_AML_028_04	221.86378	4.9
AML_029_01	Lenalidomide	Lenalidomide_AML_029_01	234.62935	0.5
AML_030_01	Lenalidomide	Lenalidomide_AML_030_01	229.3865	0.3
AML_032_01	Lenalidomide	Lenalidomide_AML_032_01	238.8259	0.0
AML_033_01	Lenalidomide	Lenalidomide_AML_033_01	233.00864	0.0
AML_033_02	Lenalidomide	Lenalidomide_AML_033_02	219.19699	0.2
AML_035_02	Lenalidomide	Lenalidomide_AML_035_02	238.98996	0.6
AML_035_04	Lenalidomide	Lenalidomide_AML_035_04	226.01987	0.0
AML_036_01	Lenalidomide	Lenalidomide_AML_036_01	240.79018	1.0
AML_040_01	Lenalidomide	Lenalidomide_AML_040_01	238.91884	2.7
AML_041_01	Lenalidomide	Lenalidomide_AML_041_01	236.04634	0.3
AML_042_01	Lenalidomide	Lenalidomide_AML_042_01	235.49207	4.6
AML_043_02	Lenalidomide	Lenalidomide_AML_043_02	224.43338	1.8
AML_045_01	Lenalidomide	Lenalidomide_AML_045_01	238.10172	2.9
AML_046_01	Lenalidomide	Lenalidomide_AML_046_01	225.74472	9.2
AML_051_01	Lenalidomide	Lenalidomide_AML_051_01	231.26195	0.0
AML_052_01	Lenalidomide	Lenalidomide_AML_052_01	237.61107	0.5
AML_053_01	Lenalidomide	Lenalidomide_AML_053_01	244.41383	0.0
AML_054_01	Lenalidomide	Lenalidomide_AML_054_01	228.34456	5.1
AML_057_01	Lenalidomide	Lenalidomide_AML_057_01	238.90092	3.0
AML_058_01	Lenalidomide	Lenalidomide_AML_058_01	236.82098	1.8
AML_059_01	Lenalidomide	Lenalidomide_AML_059_01	233.78577	1.5
AML_060_01	Lenalidomide	Lenalidomide_AML_060_01	232.6434	6.7
AML_061_01	Lenalidomide	Lenalidomide_AML_061_01	232.66158	2.1
AML_062_01	Lenalidomide	Lenalidomide_AML_062_01	228.51944	6.6
AML_064_01	Lenalidomide	Lenalidomide_AML_064_01	231.65146	7.5
AML_065_01	Lenalidomide	Lenalidomide_AML_065_01	230.40402	3.1
AML_067_01	Lenalidomide	Lenalidomide_AML_067_01	235.41501	1.4
AML_070_01	Lenalidomide	Lenalidomide_AML_070_01	234.94337	2.1
AML_072_01	Lenalidomide	Lenalidomide_AML_072_01	239.54298	8.0
AML_073_01	Lenalidomide	Lenalidomide_AML_073_01	235.6391	2.0
AML_074_01	Lenalidomide	Lenalidomide_AML_074_01	240.34216	3.5
AML_075_01	Lenalidomide	Lenalidomide_AML_075_01	231.49423	1.1
AML_076_01	Lenalidomide	Lenalidomide_AML_076_01	233.99568	0.0
AML_076_02	Lenalidomide	Lenalidomide_AML_076_02	228.31721	3.6
AML_077_01	Lenalidomide	Lenalidomide_AML_077_01	233.44731	2.1
AML_078_02	Lenalidomide	Lenalidomide_AML_078_02	236.67273	1.6
AML_084_01	Lenalidomide	Lenalidomide_AML_084_01	226.36188	0.0
AML_086_02	Lenalidomide	Lenalidomide_AML_086_02	235.91176	2.2
AML_098_01	Lenalidomide	Lenalidomide_AML_098_01	234.63211	0.0
AML_100_01	Lenalidomide	Lenalidomide_AML_100_01	239.90288	2.0
AML_101_01	Lenalidomide	Lenalidomide_AML_101_01	227.5595	7.3
AML_101_02	Lenalidomide	Lenalidomide_AML_101_02	234.25972	1.4
AML_102_01	Lenalidomide	Lenalidomide_AML_102_01	233.60808	0.1
AML_103_01	Lenalidomide	Lenalidomide_AML_103_01	227.25302	3.1
AML_103_02	Lenalidomide	Lenalidomide_AML_103_02	224.3007	0.0
AML_104_01	Lenalidomide	Lenalidomide_AML_104_01	236.90039	0.0
AML_108_01	Lenalidomide	Lenalidomide_AML_108_01	235.56374	3.0
AML_109_01	Lenalidomide	Lenalidomide_AML_109_01	225.39908	7.9
AML_110_01	Lenalidomide	Lenalidomide_AML_110_01	234.97768	6.0
AML_112_01	Lenalidomide	Lenalidomide_AML_112_01	230.35849	6.9
AML_112_02	Lenalidomide	Lenalidomide_AML_112_02	233.97281	4.0
AML_113_01	Lenalidomide	Lenalidomide_AML_113_01	233.04726	3.2
AML_114_01	Lenalidomide	Lenalidomide_AML_114_01	234.64725	0.0
AML_115_01	Lenalidomide	Lenalidomide_AML_115_01	232.13268	10.7
AML_116_01	Lenalidomide	Lenalidomide_AML_116_01	233.06172	0.2
AML_117_01	Lenalidomide	Lenalidomide_AML_117_01	240.74551	2.0
AML_119_01	Lenalidomide	Lenalidomide_AML_119_01	233.30226	1.9
AML_120_01	Lenalidomide	Lenalidomide_AML_120_01	234.31024	0.0
AML_120_03	Lenalidomide	Lenalidomide_AML_120_03	235.07297	0.0
AML_122_01	Lenalidomide	Lenalidomide_AML_122_01	234.37802	0.0
AML_123_01	Lenalidomide	Lenalidomide_AML_123_01	242.61356	5.0
AML_124_01	Lenalidomide	Lenalidomide_AML_124_01	238.19424	2.6
AML_125_01	Lenalidomide	Lenalidomide_AML_125_01	238.3399	0.0
AML_126_01	Lenalidomide	Lenalidomide_AML_126_01	233.10196	0.7
AML_127_01	Lenalidomide	Lenalidomide_AML_127_01	236.29623	3.4
AML_128_01	Lenalidomide	Lenalidomide_AML_128_01	237.6423	6.7
AML_129_02	Lenalidomide	Lenalidomide_AML_129_02	234.63272	7.4
AML_129_03	Lenalidomide	Lenalidomide_AML_129_03	232.68848	0.6
AML_131_01	Lenalidomide	Lenalidomide_AML_131_01	237.56636	0.0
AML_133_01	Lenalidomide	Lenalidomide_AML_133_01	230.12878	7.5
AML_134_01	Lenalidomide	Lenalidomide_AML_134_01	227.9799	5.6
AML_135_01	Lenalidomide	Lenalidomide_AML_135_01	238.81259	2.0
AML_138_01	Lenalidomide	Lenalidomide_AML_138_01	235.07368	0.0
AML_139_01	Lenalidomide	Lenalidomide_AML_139_01	245.95108	0.4
AML_140_01	Lenalidomide	Lenalidomide_AML_140_01	240.786	7.6
AML_142_01	Lenalidomide	Lenalidomide_AML_142_01	226.43433	15.1
AML_143_01	Lenalidomide	Lenalidomide_AML_143_01	236.95042	0.0
AML_144_01	Lenalidomide	Lenalidomide_AML_144_01	243.60873	7.7
AML_146_01	Lenalidomide	Lenalidomide_AML_146_01	239.1772	5.6
AML_147_01	Lenalidomide	Lenalidomide_AML_147_01	240.65889	6.8
AML_151_01	Lenalidomide	Lenalidomide_AML_151_01	233.50995	15.5
AML_152_01	Lenalidomide	Lenalidomide_AML_152_01	236.83171	0.1
AML_153_01	Lenalidomide	Lenalidomide_AML_153_01	223.21292	6.1
AML_156_01	Lenalidomide	Lenalidomide_AML_156_01	231.96162	0.0
AML_157_01	Lenalidomide	Lenalidomide_AML_157_01	236.41196	4.2
AML_157_02	Lenalidomide	Lenalidomide_AML_157_02	238.04353	3.0
AML_158_01	Lenalidomide	Lenalidomide_AML_158_01	241.78049	0.0
AML_159_01	Lenalidomide	Lenalidomide_AML_159_01	240.11746	0.0
AML_160_01	Lenalidomide	Lenalidomide_AML_160_01	234.46556	1.7
AML_161_01	Lenalidomide	Lenalidomide_AML_161_01	230.59761	1.2
AML_175_01	Lenalidomide	Lenalidomide_AML_175_01	241.10051	0.0
AML_179_01	Lenalidomide	Lenalidomide_AML_179_01	230.11076	11.3
AML_183_01	Lenalidomide	Lenalidomide_AML_183_01	240.14177	0.0
AML_183_02	Lenalidomide	Lenalidomide_AML_183_02	233.08743	0.0
AML_183_03	Lenalidomide	Lenalidomide_AML_183_03	230.5722	0.0
AML_184_01	Lenalidomide	Lenalidomide_AML_184_01	239.38942	0.0
AML_185_01	Lenalidomide	Lenalidomide_AML_185_01	238.8153	0.0
AML_004_01	Lenvatinib	Lenvatinib_AML_004_01	197.87497	1.3
AML_019_01	Lenvatinib	Lenvatinib_AML_019_01	198.98505	1.0
AML_025_01	Lenvatinib	Lenvatinib_AML_025_01	207.1775	0.0
AML_026_01	Lenvatinib	Lenvatinib_AML_026_01	199.27545	0.0
AML_029_01	Lenvatinib	Lenvatinib_AML_029_01	196.84941	0.0
AML_030_01	Lenvatinib	Lenvatinib_AML_030_01	186.71335	0.0
AML_033_01	Lenvatinib	Lenvatinib_AML_033_01	198.35303	2.0
AML_033_02	Lenvatinib	Lenvatinib_AML_033_02	189.52652	4.3
AML_041_01	Lenvatinib	Lenvatinib_AML_041_01	195.79213	2.6
AML_042_01	Lenvatinib	Lenvatinib_AML_042_01	197.17938	3.4
AML_043_02	Lenvatinib	Lenvatinib_AML_043_02	200.86765	0.0
AML_046_01	Lenvatinib	Lenvatinib_AML_046_01	188.47958	12.5
AML_052_01	Lenvatinib	Lenvatinib_AML_052_01	199.83527	0.0
AML_057_01	Lenvatinib	Lenvatinib_AML_057_01	195.90282	3.7
AML_058_01	Lenvatinib	Lenvatinib_AML_058_01	194.83603	3.1
AML_059_01	Lenvatinib	Lenvatinib_AML_059_01	192.09015	4.6
AML_060_01	Lenvatinib	Lenvatinib_AML_060_01	198.55304	3.5
AML_061_01	Lenvatinib	Lenvatinib_AML_061_01	192.74861	5.4
AML_062_01	Lenvatinib	Lenvatinib_AML_062_01	186.05132	7.2
AML_064_01	Lenvatinib	Lenvatinib_AML_064_01	196.0798	0.0
AML_065_01	Lenvatinib	Lenvatinib_AML_065_01	186.79976	4.7
AML_067_01	Lenvatinib	Lenvatinib_AML_067_01	190.5084	6.3
AML_070_01	Lenvatinib	Lenvatinib_AML_070_01	195.83861	0.0
AML_072_01	Lenvatinib	Lenvatinib_AML_072_01	204.47403	1.6
AML_073_01	Lenvatinib	Lenvatinib_AML_073_01	205.56133	0.4
AML_074_01	Lenvatinib	Lenvatinib_AML_074_01	190.36282	0.6
AML_075_01	Lenvatinib	Lenvatinib_AML_075_01	192.92284	2.6
AML_076_01	Lenvatinib	Lenvatinib_AML_076_01	198.89848	0.1
AML_076_02	Lenvatinib	Lenvatinib_AML_076_02	189.28638	2.6
AML_077_01	Lenvatinib	Lenvatinib_AML_077_01	196.95312	0.0
AML_078_02	Lenvatinib	Lenvatinib_AML_078_02	196.11319	0.0
AML_086_02	Lenvatinib	Lenvatinib_AML_086_02	205.89479	1.5
AML_098_01	Lenvatinib	Lenvatinib_AML_098_01	190.2268	0.0
AML_100_01	Lenvatinib	Lenvatinib_AML_100_01	192.03528	0.2
AML_101_01	Lenvatinib	Lenvatinib_AML_101_01	193.90598	11.6
AML_101_02	Lenvatinib	Lenvatinib_AML_101_02	207.63925	0.0
AML_102_01	Lenvatinib	Lenvatinib_AML_102_01	185.58205	0.0
AML_103_01	Lenvatinib	Lenvatinib_AML_103_01	185.41179	0.0
AML_103_02	Lenvatinib	Lenvatinib_AML_103_02	193.21938	2.8
AML_104_01	Lenvatinib	Lenvatinib_AML_104_01	194.55815	0.0
AML_108_01	Lenvatinib	Lenvatinib_AML_108_01	189.14705	0.0
AML_109_01	Lenvatinib	Lenvatinib_AML_109_01	192.83543	0.0
AML_110_01	Lenvatinib	Lenvatinib_AML_110_01	195.73051	1.5
AML_112_01	Lenvatinib	Lenvatinib_AML_112_01	185.9777	1.3
AML_112_02	Lenvatinib	Lenvatinib_AML_112_02	194.25221	0.3
AML_113_01	Lenvatinib	Lenvatinib_AML_113_01	195.0835	1.6
AML_114_01	Lenvatinib	Lenvatinib_AML_114_01	185.78851	0.0
AML_115_01	Lenvatinib	Lenvatinib_AML_115_01	186.70229	5.7
AML_116_01	Lenvatinib	Lenvatinib_AML_116_01	188.5697	0.0
AML_117_01	Lenvatinib	Lenvatinib_AML_117_01	197.55402	0.4
AML_119_01	Lenvatinib	Lenvatinib_AML_119_01	181.90749	0.8
AML_122_01	Lenvatinib	Lenvatinib_AML_122_01	201.29825	0.0
AML_123_01	Lenvatinib	Lenvatinib_AML_123_01	198.44955	0.0
AML_124_01	Lenvatinib	Lenvatinib_AML_124_01	197.82097	0.8
AML_125_01	Lenvatinib	Lenvatinib_AML_125_01	198.9889	0.0
AML_126_01	Lenvatinib	Lenvatinib_AML_126_01	194.74	1.5
AML_127_01	Lenvatinib	Lenvatinib_AML_127_01	188.70506	0.0
AML_128_01	Lenvatinib	Lenvatinib_AML_128_01	202.67363	1.5
AML_131_01	Lenvatinib	Lenvatinib_AML_131_01	196.48265	0.0
AML_133_01	Lenvatinib	Lenvatinib_AML_133_01	203.27553	4.3
AML_134_01	Lenvatinib	Lenvatinib_AML_134_01	205.39574	0.0
AML_135_01	Lenvatinib	Lenvatinib_AML_135_01	202.1973	2.1
AML_138_01	Lenvatinib	Lenvatinib_AML_138_01	207.81006	1.6
AML_139_01	Lenvatinib	Lenvatinib_AML_139_01	209.45706	0.8
AML_140_01	Lenvatinib	Lenvatinib_AML_140_01	197.85986	0.0
AML_142_01	Lenvatinib	Lenvatinib_AML_142_01	200.5438	4.3
AML_143_01	Lenvatinib	Lenvatinib_AML_143_01	197.77864	0.0
AML_144_01	Lenvatinib	Lenvatinib_AML_144_01	208.7357	2.0
AML_146_01	Lenvatinib	Lenvatinib_AML_146_01	202.9501	0.0
AML_147_01	Lenvatinib	Lenvatinib_AML_147_01	199.7988	1.6
AML_151_01	Lenvatinib	Lenvatinib_AML_151_01	193.82997	7.4
AML_152_01	Lenvatinib	Lenvatinib_AML_152_01	197.58418	0.1
AML_153_01	Lenvatinib	Lenvatinib_AML_153_01	198.02353	0.0
AML_156_01	Lenvatinib	Lenvatinib_AML_156_01	194.3473	0.9
AML_157_01	Lenvatinib	Lenvatinib_AML_157_01	199.82979	2.3
AML_157_02	Lenvatinib	Lenvatinib_AML_157_02	198.811	1.8
AML_158_01	Lenvatinib	Lenvatinib_AML_158_01	208.33249	0.0
AML_159_01	Lenvatinib	Lenvatinib_AML_159_01	204.82234	0.4
AML_160_01	Lenvatinib	Lenvatinib_AML_160_01	196.42155	0.0
AML_161_01	Lenvatinib	Lenvatinib_AML_161_01	196.94688	0.5
AML_183_01	Lenvatinib	Lenvatinib_AML_183_01	197.36719	0.0
AML_183_02	Lenvatinib	Lenvatinib_AML_183_02	186.99277	0.0
AML_183_03	Lenvatinib	Lenvatinib_AML_183_03	190.03818	0.0
AML_001_01	Lestaurtinib	Lestaurtinib_AML_001_01	192.48352	4.7
AML_001_03	Lestaurtinib	Lestaurtinib_AML_001_03	192.16827	13.7
AML_002_01	Lestaurtinib	Lestaurtinib_AML_002_01	191.65855	14.3
AML_003_02	Lestaurtinib	Lestaurtinib_AML_003_02	188.72188	13.3
AML_004_01	Lestaurtinib	Lestaurtinib_AML_004_01	186.3629	12.6
AML_006_02	Lestaurtinib	Lestaurtinib_AML_006_02	188.4575	7.1
AML_007_01	Lestaurtinib	Lestaurtinib_AML_007_01	187.95279	10.9
AML_007_02	Lestaurtinib	Lestaurtinib_AML_007_02	192.11725	9.7
AML_012_01	Lestaurtinib	Lestaurtinib_AML_012_01	192.2979	18.9
AML_013_01	Lestaurtinib	Lestaurtinib_AML_013_01	185.38486	21.7
AML_014_01	Lestaurtinib	Lestaurtinib_AML_014_01	186.60861	12.3
AML_015_01	Lestaurtinib	Lestaurtinib_AML_015_01	188.44633	19.3
AML_015_02	Lestaurtinib	Lestaurtinib_AML_015_02	192.82281	17.3
AML_015_03	Lestaurtinib	Lestaurtinib_AML_015_03	188.72156	28.2
AML_015_04	Lestaurtinib	Lestaurtinib_AML_015_04	186.05003	23.7
AML_018_01	Lestaurtinib	Lestaurtinib_AML_018_01	186.72206	30.3
AML_019_01	Lestaurtinib	Lestaurtinib_AML_019_01	190.72356	9.4
AML_020_01	Lestaurtinib	Lestaurtinib_AML_020_01	196.52022	0.0
AML_023_01	Lestaurtinib	Lestaurtinib_AML_023_01	179.54909	22.1
AML_023_03	Lestaurtinib	Lestaurtinib_AML_023_03	181.63322	16.5
AML_023_04	Lestaurtinib	Lestaurtinib_AML_023_04	183.20885	8.7
AML_024_01	Lestaurtinib	Lestaurtinib_AML_024_01	189.29153	14.2
AML_025_01	Lestaurtinib	Lestaurtinib_AML_025_01	196.43875	11.1
AML_026_01	Lestaurtinib	Lestaurtinib_AML_026_01	190.99994	7.4
AML_028_01	Lestaurtinib	Lestaurtinib_AML_028_01	187.31262	7.6
AML_028_04	Lestaurtinib	Lestaurtinib_AML_028_04	184.26837	23.2
AML_029_01	Lestaurtinib	Lestaurtinib_AML_029_01	185.32869	7.5
AML_030_01	Lestaurtinib	Lestaurtinib_AML_030_01	179.1616	4.7
AML_032_01	Lestaurtinib	Lestaurtinib_AML_032_01	192.77449	8.6
AML_033_01	Lestaurtinib	Lestaurtinib_AML_033_01	186.9243	18.7
AML_033_02	Lestaurtinib	Lestaurtinib_AML_033_02	182.21329	18.2
AML_035_02	Lestaurtinib	Lestaurtinib_AML_035_02	198.48492	8.6
AML_035_04	Lestaurtinib	Lestaurtinib_AML_035_04	195.75186	9.2
AML_036_01	Lestaurtinib	Lestaurtinib_AML_036_01	187.86708	10.5
AML_040_01	Lestaurtinib	Lestaurtinib_AML_040_01	175.44409	11.4
AML_041_01	Lestaurtinib	Lestaurtinib_AML_041_01	184.08723	6.4
AML_042_01	Lestaurtinib	Lestaurtinib_AML_042_01	187.79619	9.0
AML_043_02	Lestaurtinib	Lestaurtinib_AML_043_02	194.02022	14.4
AML_045_01	Lestaurtinib	Lestaurtinib_AML_045_01	192.58739	2.2
AML_046_01	Lestaurtinib	Lestaurtinib_AML_046_01	178.87242	25.9
AML_051_01	Lestaurtinib	Lestaurtinib_AML_051_01	182.59023	0.0
AML_052_01	Lestaurtinib	Lestaurtinib_AML_052_01	191.65416	11.1
AML_053_01	Lestaurtinib	Lestaurtinib_AML_053_01	199.70438	10.2
AML_054_01	Lestaurtinib	Lestaurtinib_AML_054_01	187.48804	14.8
AML_057_01	Lestaurtinib	Lestaurtinib_AML_057_01	186.23293	12.6
AML_058_01	Lestaurtinib	Lestaurtinib_AML_058_01	186.47433	7.4
AML_059_01	Lestaurtinib	Lestaurtinib_AML_059_01	183.4436	10.8
AML_060_01	Lestaurtinib	Lestaurtinib_AML_060_01	191.0005	6.0
AML_061_01	Lestaurtinib	Lestaurtinib_AML_061_01	183.67865	8.5
AML_062_01	Lestaurtinib	Lestaurtinib_AML_062_01	176.08725	17.0
AML_064_01	Lestaurtinib	Lestaurtinib_AML_064_01	182.90215	9.4
AML_065_01	Lestaurtinib	Lestaurtinib_AML_065_01	177.33557	15.6
AML_067_01	Lestaurtinib	Lestaurtinib_AML_067_01	181.00957	10.4
AML_070_01	Lestaurtinib	Lestaurtinib_AML_070_01	187.65411	8.0
AML_072_01	Lestaurtinib	Lestaurtinib_AML_072_01	195.6365	0.0
AML_073_01	Lestaurtinib	Lestaurtinib_AML_073_01	194.43002	0.2
AML_074_01	Lestaurtinib	Lestaurtinib_AML_074_01	181.6206	9.4
AML_075_01	Lestaurtinib	Lestaurtinib_AML_075_01	182.11673	7.7
AML_076_01	Lestaurtinib	Lestaurtinib_AML_076_01	187.75685	11.3
AML_076_02	Lestaurtinib	Lestaurtinib_AML_076_02	176.80176	19.2
AML_077_01	Lestaurtinib	Lestaurtinib_AML_077_01	186.61456	12.4
AML_078_02	Lestaurtinib	Lestaurtinib_AML_078_02	184.80202	10.0
AML_084_01	Lestaurtinib	Lestaurtinib_AML_084_01	181.88795	20.1
AML_086_02	Lestaurtinib	Lestaurtinib_AML_086_02	192.42229	10.9
AML_098_01	Lestaurtinib	Lestaurtinib_AML_098_01	180.38759	7.7
AML_100_01	Lestaurtinib	Lestaurtinib_AML_100_01	185.18729	7.5
AML_101_01	Lestaurtinib	Lestaurtinib_AML_101_01	182.4323	17.4
AML_101_02	Lestaurtinib	Lestaurtinib_AML_101_02	199.07602	1.5
AML_102_01	Lestaurtinib	Lestaurtinib_AML_102_01	175.80238	7.8
AML_103_01	Lestaurtinib	Lestaurtinib_AML_103_01	175.93167	11.7
AML_103_02	Lestaurtinib	Lestaurtinib_AML_103_02	185.99716	19.3
AML_104_01	Lestaurtinib	Lestaurtinib_AML_104_01	184.04335	11.2
AML_108_01	Lestaurtinib	Lestaurtinib_AML_108_01	177.48415	15.3
AML_109_01	Lestaurtinib	Lestaurtinib_AML_109_01	181.44762	12.2
AML_110_01	Lestaurtinib	Lestaurtinib_AML_110_01	184.20172	19.0
AML_112_01	Lestaurtinib	Lestaurtinib_AML_112_01	176.91179	11.0
AML_112_02	Lestaurtinib	Lestaurtinib_AML_112_02	183.06354	11.6
AML_113_01	Lestaurtinib	Lestaurtinib_AML_113_01	185.26491	18.2
AML_114_01	Lestaurtinib	Lestaurtinib_AML_114_01	177.81482	10.5
AML_115_01	Lestaurtinib	Lestaurtinib_AML_115_01	174.50334	17.2
AML_116_01	Lestaurtinib	Lestaurtinib_AML_116_01	180.38037	12.0
AML_117_01	Lestaurtinib	Lestaurtinib_AML_117_01	187.16971	6.8
AML_119_01	Lestaurtinib	Lestaurtinib_AML_119_01	173.84203	13.9
AML_120_01	Lestaurtinib	Lestaurtinib_AML_120_01	185.34268	31.1
AML_120_03	Lestaurtinib	Lestaurtinib_AML_120_03	188.34943	19.0
AML_122_01	Lestaurtinib	Lestaurtinib_AML_122_01	191.4076	6.6
AML_123_01	Lestaurtinib	Lestaurtinib_AML_123_01	187.42458	8.2
AML_124_01	Lestaurtinib	Lestaurtinib_AML_124_01	187.0947	13.9
AML_125_01	Lestaurtinib	Lestaurtinib_AML_125_01	188.49664	11.0
AML_126_01	Lestaurtinib	Lestaurtinib_AML_126_01	187.23708	17.4
AML_127_01	Lestaurtinib	Lestaurtinib_AML_127_01	181.59482	15.0
AML_128_01	Lestaurtinib	Lestaurtinib_AML_128_01	190.67062	12.3
AML_129_02	Lestaurtinib	Lestaurtinib_AML_129_02	179.41101	30.1
AML_129_03	Lestaurtinib	Lestaurtinib_AML_129_03	182.99744	12.8
AML_131_01	Lestaurtinib	Lestaurtinib_AML_131_01	184.48967	8.5
AML_133_01	Lestaurtinib	Lestaurtinib_AML_133_01	193.18445	11.7
AML_134_01	Lestaurtinib	Lestaurtinib_AML_134_01	193.38676	12.6
AML_135_01	Lestaurtinib	Lestaurtinib_AML_135_01	190.10849	16.6
AML_138_01	Lestaurtinib	Lestaurtinib_AML_138_01	196.71555	17.8
AML_139_01	Lestaurtinib	Lestaurtinib_AML_139_01	197.15536	16.5
AML_140_01	Lestaurtinib	Lestaurtinib_AML_140_01	186.20872	14.3
AML_142_01	Lestaurtinib	Lestaurtinib_AML_142_01	194.15157	19.0
AML_143_01	Lestaurtinib	Lestaurtinib_AML_143_01	188.08289	10.4
AML_144_01	Lestaurtinib	Lestaurtinib_AML_144_01	197.33351	12.0
AML_146_01	Lestaurtinib	Lestaurtinib_AML_146_01	195.09871	8.7
AML_147_01	Lestaurtinib	Lestaurtinib_AML_147_01	188.02835	11.8
AML_151_01	Lestaurtinib	Lestaurtinib_AML_151_01	181.82423	11.8
AML_152_01	Lestaurtinib	Lestaurtinib_AML_152_01	185.96274	14.1
AML_153_01	Lestaurtinib	Lestaurtinib_AML_153_01	194.25737	0.0
AML_156_01	Lestaurtinib	Lestaurtinib_AML_156_01	184.21669	12.8
AML_157_01	Lestaurtinib	Lestaurtinib_AML_157_01	188.05649	17.8
AML_157_02	Lestaurtinib	Lestaurtinib_AML_157_02	188.79968	15.8
AML_158_01	Lestaurtinib	Lestaurtinib_AML_158_01	195.18663	11.2
AML_159_01	Lestaurtinib	Lestaurtinib_AML_159_01	194.80263	14.1
AML_160_01	Lestaurtinib	Lestaurtinib_AML_160_01	186.24734	11.2
AML_161_01	Lestaurtinib	Lestaurtinib_AML_161_01	190.16772	15.8
AML_175_01	Lestaurtinib	Lestaurtinib_AML_175_01	186.29167	0.0
AML_179_01	Lestaurtinib	Lestaurtinib_AML_179_01	187.87155	16.9
AML_183_01	Lestaurtinib	Lestaurtinib_AML_183_01	186.35043	8.7
AML_183_02	Lestaurtinib	Lestaurtinib_AML_183_02	177.28883	10.9
AML_183_03	Lestaurtinib	Lestaurtinib_AML_183_03	179.06631	9.4
AML_184_01	Lestaurtinib	Lestaurtinib_AML_184_01	177.81432	18.2
AML_185_01	Lestaurtinib	Lestaurtinib_AML_185_01	196.5782	16.6
AML_001_03	Linifanib	Linifanib_AML_001_03	217.98706	0.0
AML_003_02	Linifanib	Linifanib_AML_003_02	217.433	1.3
AML_004_01	Linifanib	Linifanib_AML_004_01	217.44312	2.3
AML_006_02	Linifanib	Linifanib_AML_006_02	216.78134	0.8
AML_007_01	Linifanib	Linifanib_AML_007_01	214.60066	0.0
AML_007_02	Linifanib	Linifanib_AML_007_02	216.7723	0.0
AML_012_01	Linifanib	Linifanib_AML_012_01	219.75963	9.4
AML_013_01	Linifanib	Linifanib_AML_013_01	223.89935	8.0
AML_014_01	Linifanib	Linifanib_AML_014_01	217.63425	0.0
AML_015_01	Linifanib	Linifanib_AML_015_01	220.90614	7.2
AML_015_02	Linifanib	Linifanib_AML_015_02	219.0833	5.8
AML_015_03	Linifanib	Linifanib_AML_015_03	215.41722	4.5
AML_015_04	Linifanib	Linifanib_AML_015_04	214.84721	21.8
AML_018_01	Linifanib	Linifanib_AML_018_01	212.69495	0.7
AML_019_01	Linifanib	Linifanib_AML_019_01	219.84573	0.0
AML_020_01	Linifanib	Linifanib_AML_020_01	224.89899	0.0
AML_023_04	Linifanib	Linifanib_AML_023_04	207.80641	0.0
AML_024_01	Linifanib	Linifanib_AML_024_01	221.19304	0.0
AML_025_01	Linifanib	Linifanib_AML_025_01	225.64793	0.0
AML_026_01	Linifanib	Linifanib_AML_026_01	221.13992	0.0
AML_028_01	Linifanib	Linifanib_AML_028_01	219.61119	5.4
AML_028_04	Linifanib	Linifanib_AML_028_04	213.40251	14.4
AML_029_01	Linifanib	Linifanib_AML_029_01	216.99117	0.0
AML_030_01	Linifanib	Linifanib_AML_030_01	208.95157	0.0
AML_032_01	Linifanib	Linifanib_AML_032_01	222.9849	0.0
AML_033_01	Linifanib	Linifanib_AML_033_01	219.46425	2.0
AML_033_02	Linifanib	Linifanib_AML_033_02	211.59424	0.1
AML_035_02	Linifanib	Linifanib_AML_035_02	225.74004	0.0
AML_035_04	Linifanib	Linifanib_AML_035_04	222.07913	0.0
AML_036_01	Linifanib	Linifanib_AML_036_01	212.46573	0.0
AML_040_01	Linifanib	Linifanib_AML_040_01	210.23941	5.7
AML_041_01	Linifanib	Linifanib_AML_041_01	211.72116	3.0
AML_042_01	Linifanib	Linifanib_AML_042_01	214.46103	2.0
AML_043_02	Linifanib	Linifanib_AML_043_02	220.0588	0.0
AML_045_01	Linifanib	Linifanib_AML_045_01	222.73561	0.0
AML_046_01	Linifanib	Linifanib_AML_046_01	207.74265	17.7
AML_051_01	Linifanib	Linifanib_AML_051_01	212.16826	0.1
AML_052_01	Linifanib	Linifanib_AML_052_01	224.36093	0.0
AML_053_01	Linifanib	Linifanib_AML_053_01	227.62807	2.0
AML_054_01	Linifanib	Linifanib_AML_054_01	219.93152	3.6
AML_057_01	Linifanib	Linifanib_AML_057_01	211.77257	0.0
AML_058_01	Linifanib	Linifanib_AML_058_01	213.1982	4.5
AML_059_01	Linifanib	Linifanib_AML_059_01	213.08029	1.2
AML_060_01	Linifanib	Linifanib_AML_060_01	220.34802	1.6
AML_061_01	Linifanib	Linifanib_AML_061_01	210.07065	0.0
AML_062_01	Linifanib	Linifanib_AML_062_01	200.73001	1.3
AML_064_01	Linifanib	Linifanib_AML_064_01	209.02278	0.1
AML_065_01	Linifanib	Linifanib_AML_065_01	203.36636	2.7
AML_067_01	Linifanib	Linifanib_AML_067_01	207.46603	3.3
AML_070_01	Linifanib	Linifanib_AML_070_01	216.74368	0.0
AML_072_01	Linifanib	Linifanib_AML_072_01	224.18333	0.0
AML_073_01	Linifanib	Linifanib_AML_073_01	222.89578	0.4
AML_074_01	Linifanib	Linifanib_AML_074_01	211.4963	0.0
AML_075_01	Linifanib	Linifanib_AML_075_01	211.26265	0.5
AML_076_01	Linifanib	Linifanib_AML_076_01	215.17465	0.0
AML_076_02	Linifanib	Linifanib_AML_076_02	210.94904	0.0
AML_077_01	Linifanib	Linifanib_AML_077_01	217.03627	0.0
AML_078_02	Linifanib	Linifanib_AML_078_02	212.57634	0.0
AML_084_01	Linifanib	Linifanib_AML_084_01	213.45654	6.9
AML_086_02	Linifanib	Linifanib_AML_086_02	221.84572	0.0
AML_098_01	Linifanib	Linifanib_AML_098_01	210.1778	0.0
AML_100_01	Linifanib	Linifanib_AML_100_01	213.26672	0.0
AML_101_01	Linifanib	Linifanib_AML_101_01	213.36168	4.8
AML_101_02	Linifanib	Linifanib_AML_101_02	226.38693	0.0
AML_102_01	Linifanib	Linifanib_AML_102_01	202.01163	0.2
AML_103_01	Linifanib	Linifanib_AML_103_01	199.81104	0.0
AML_103_02	Linifanib	Linifanib_AML_103_02	216.41403	0.3
AML_104_01	Linifanib	Linifanib_AML_104_01	211.24026	0.0
AML_108_01	Linifanib	Linifanib_AML_108_01	205.88443	0.5
AML_109_01	Linifanib	Linifanib_AML_109_01	213.98216	0.4
AML_110_01	Linifanib	Linifanib_AML_110_01	212.36592	0.0
AML_112_01	Linifanib	Linifanib_AML_112_01	206.24374	0.0
AML_112_02	Linifanib	Linifanib_AML_112_02	210.3999	0.0
AML_113_01	Linifanib	Linifanib_AML_113_01	211.37556	2.2
AML_114_01	Linifanib	Linifanib_AML_114_01	207.26881	0.0
AML_115_01	Linifanib	Linifanib_AML_115_01	203.24036	0.0
AML_116_01	Linifanib	Linifanib_AML_116_01	208.70337	1.7
AML_117_01	Linifanib	Linifanib_AML_117_01	219.23482	0.0
AML_119_01	Linifanib	Linifanib_AML_119_01	203.28963	0.0
AML_120_03	Linifanib	Linifanib_AML_120_03	215.52486	6.9
AML_122_01	Linifanib	Linifanib_AML_122_01	215.53113	0.1
AML_123_01	Linifanib	Linifanib_AML_123_01	218.45517	0.0
AML_124_01	Linifanib	Linifanib_AML_124_01	219.04453	1.0
AML_125_01	Linifanib	Linifanib_AML_125_01	220.17075	0.0
AML_126_01	Linifanib	Linifanib_AML_126_01	216.8698	1.2
AML_127_01	Linifanib	Linifanib_AML_127_01	206.88277	0.0
AML_128_01	Linifanib	Linifanib_AML_128_01	223.9594	0.0
AML_131_01	Linifanib	Linifanib_AML_131_01	210.47069	0.0
AML_133_01	Linifanib	Linifanib_AML_133_01	220.30043	0.0
AML_134_01	Linifanib	Linifanib_AML_134_01	224.69696	0.0
AML_135_01	Linifanib	Linifanib_AML_135_01	219.06487	0.9
AML_138_01	Linifanib	Linifanib_AML_138_01	227.48735	0.0
AML_139_01	Linifanib	Linifanib_AML_139_01	224.05403	0.0
AML_140_01	Linifanib	Linifanib_AML_140_01	215.48792	0.5
AML_142_01	Linifanib	Linifanib_AML_142_01	219.77875	0.0
AML_143_01	Linifanib	Linifanib_AML_143_01	215.22662	0.0
AML_144_01	Linifanib	Linifanib_AML_144_01	226.20793	0.0
AML_146_01	Linifanib	Linifanib_AML_146_01	221.99098	0.0
AML_147_01	Linifanib	Linifanib_AML_147_01	215.01404	0.1
AML_151_01	Linifanib	Linifanib_AML_151_01	209.1076	0.7
AML_152_01	Linifanib	Linifanib_AML_152_01	215.54065	0.0
AML_153_01	Linifanib	Linifanib_AML_153_01	220.47543	0.0
AML_156_01	Linifanib	Linifanib_AML_156_01	215.19691	0.0
AML_157_01	Linifanib	Linifanib_AML_157_01	214.28728	3.0
AML_157_02	Linifanib	Linifanib_AML_157_02	217.68987	0.9
AML_158_01	Linifanib	Linifanib_AML_158_01	224.85428	0.0
AML_159_01	Linifanib	Linifanib_AML_159_01	224.09486	0.0
AML_160_01	Linifanib	Linifanib_AML_160_01	208.94173	0.0
AML_161_01	Linifanib	Linifanib_AML_161_01	218.53313	0.0
AML_175_01	Linifanib	Linifanib_AML_175_01	215.1937	0.0
AML_183_01	Linifanib	Linifanib_AML_183_01	215.58331	0.0
AML_183_02	Linifanib	Linifanib_AML_183_02	205.94109	0.0
AML_183_03	Linifanib	Linifanib_AML_183_03	205.81137	0.0
AML_001_01	Masitinib	Masitinib_AML_001_01	219.10591	2.3
AML_001_03	Masitinib	Masitinib_AML_001_03	218.77594	3.1
AML_002_01	Masitinib	Masitinib_AML_002_01	212.39061	7.7
AML_003_02	Masitinib	Masitinib_AML_003_02	212.63307	3.9
AML_004_01	Masitinib	Masitinib_AML_004_01	213.42476	7.4
AML_006_02	Masitinib	Masitinib_AML_006_02	213.2587	0.0
AML_007_01	Masitinib	Masitinib_AML_007_01	213.92525	1.7
AML_007_02	Masitinib	Masitinib_AML_007_02	217.09064	3.8
AML_012_01	Masitinib	Masitinib_AML_012_01	210.2217	1.9
AML_013_01	Masitinib	Masitinib_AML_013_01	210.32866	0.4
AML_014_01	Masitinib	Masitinib_AML_014_01	213.64038	1.0
AML_015_01	Masitinib	Masitinib_AML_015_01	216.01038	26.0
AML_015_02	Masitinib	Masitinib_AML_015_02	215.85571	16.2
AML_015_03	Masitinib	Masitinib_AML_015_03	214.29277	29.7
AML_015_04	Masitinib	Masitinib_AML_015_04	212.26125	41.9
AML_018_01	Masitinib	Masitinib_AML_018_01	207.65823	5.6
AML_019_01	Masitinib	Masitinib_AML_019_01	211.59348	5.9
AML_020_01	Masitinib	Masitinib_AML_020_01	218.8119	0.0
AML_022_01	Masitinib	Masitinib_AML_022_01	209.36691	7.8
AML_023_01	Masitinib	Masitinib_AML_023_01	206.28896	12.0
AML_023_03	Masitinib	Masitinib_AML_023_03	206.3169	8.0
AML_023_04	Masitinib	Masitinib_AML_023_04	208.57195	5.6
AML_024_01	Masitinib	Masitinib_AML_024_01	217.02246	4.5
AML_025_01	Masitinib	Masitinib_AML_025_01	221.80804	4.0
AML_026_01	Masitinib	Masitinib_AML_026_01	217.36089	2.9
AML_028_01	Masitinib	Masitinib_AML_028_01	214.90605	1.2
AML_028_04	Masitinib	Masitinib_AML_028_04	207.03625	7.2
AML_029_01	Masitinib	Masitinib_AML_029_01	212.2438	5.9
AML_030_01	Masitinib	Masitinib_AML_030_01	203.57608	1.4
AML_032_01	Masitinib	Masitinib_AML_032_01	218.93132	1.8
AML_033_01	Masitinib	Masitinib_AML_033_01	214.87645	6.3
AML_033_02	Masitinib	Masitinib_AML_033_02	203.11546	5.1
AML_035_02	Masitinib	Masitinib_AML_035_02	222.39725	0.2
AML_035_04	Masitinib	Masitinib_AML_035_04	215.58086	0.1
AML_036_01	Masitinib	Masitinib_AML_036_01	214.18465	0.4
AML_041_01	Masitinib	Masitinib_AML_041_01	213.17662	7.3
AML_042_01	Masitinib	Masitinib_AML_042_01	212.87341	4.7
AML_043_02	Masitinib	Masitinib_AML_043_02	211.6779	4.1
AML_045_01	Masitinib	Masitinib_AML_045_01	217.23276	3.3
AML_046_01	Masitinib	Masitinib_AML_046_01	205.35179	8.0
AML_051_01	Masitinib	Masitinib_AML_051_01	207.70251	4.3
AML_052_01	Masitinib	Masitinib_AML_052_01	216.18544	3.2
AML_053_01	Masitinib	Masitinib_AML_053_01	225.33893	2.2
AML_054_01	Masitinib	Masitinib_AML_054_01	210.4638	7.4
AML_057_01	Masitinib	Masitinib_AML_057_01	212.66542	6.8
AML_058_01	Masitinib	Masitinib_AML_058_01	211.19823	4.6
AML_059_01	Masitinib	Masitinib_AML_059_01	207.46698	6.5
AML_060_01	Masitinib	Masitinib_AML_060_01	213.98787	7.8
AML_061_01	Masitinib	Masitinib_AML_061_01	209.29411	6.0
AML_062_01	Masitinib	Masitinib_AML_062_01	203.06514	7.3
AML_064_01	Masitinib	Masitinib_AML_064_01	208.39331	4.7
AML_065_01	Masitinib	Masitinib_AML_065_01	203.2727	5.7
AML_067_01	Masitinib	Masitinib_AML_067_01	207.5848	9.0
AML_070_01	Masitinib	Masitinib_AML_070_01	213.01802	3.1
AML_072_01	Masitinib	Masitinib_AML_072_01	221.43146	2.9
AML_073_01	Masitinib	Masitinib_AML_073_01	220.03487	4.4
AML_074_01	Masitinib	Masitinib_AML_074_01	208.64915	6.4
AML_075_01	Masitinib	Masitinib_AML_075_01	208.35695	3.1
AML_076_01	Masitinib	Masitinib_AML_076_01	214.11496	3.5
AML_076_02	Masitinib	Masitinib_AML_076_02	201.57588	3.9
AML_077_01	Masitinib	Masitinib_AML_077_01	214.96808	2.8
AML_078_02	Masitinib	Masitinib_AML_078_02	212.20132	1.8
AML_084_01	Masitinib	Masitinib_AML_084_01	208.46655	5.2
AML_086_02	Masitinib	Masitinib_AML_086_02	218.56508	5.4
AML_098_01	Masitinib	Masitinib_AML_098_01	204.92854	5.7
AML_100_01	Masitinib	Masitinib_AML_100_01	212.01782	4.0
AML_101_01	Masitinib	Masitinib_AML_101_01	206.23697	15.1
AML_101_02	Masitinib	Masitinib_AML_101_02	219.44318	5.0
AML_102_01	Masitinib	Masitinib_AML_102_01	202.6777	1.4
AML_103_01	Masitinib	Masitinib_AML_103_01	199.47556	5.0
AML_103_02	Masitinib	Masitinib_AML_103_02	206.74225	4.1
AML_104_01	Masitinib	Masitinib_AML_104_01	211.84949	3.0
AML_108_01	Masitinib	Masitinib_AML_108_01	206.01007	6.9
AML_109_01	Masitinib	Masitinib_AML_109_01	206.36389	3.5
AML_110_01	Masitinib	Masitinib_AML_110_01	211.66264	5.1
AML_112_01	Masitinib	Masitinib_AML_112_01	203.65268	5.3
AML_112_02	Masitinib	Masitinib_AML_112_02	210.20332	7.8
AML_113_01	Masitinib	Masitinib_AML_113_01	208.21512	7.3
AML_114_01	Masitinib	Masitinib_AML_114_01	206.27031	3.9
AML_115_01	Masitinib	Masitinib_AML_115_01	203.30661	9.0
AML_116_01	Masitinib	Masitinib_AML_116_01	207.27075	4.1
AML_117_01	Masitinib	Masitinib_AML_117_01	216.90962	5.5
AML_119_01	Masitinib	Masitinib_AML_119_01	200.98251	3.0
AML_120_01	Masitinib	Masitinib_AML_120_01	210.25638	15.5
AML_120_03	Masitinib	Masitinib_AML_120_03	214.31496	12.6
AML_122_01	Masitinib	Masitinib_AML_122_01	214.06816	6.5
AML_123_01	Masitinib	Masitinib_AML_123_01	217.02676	6.5
AML_124_01	Masitinib	Masitinib_AML_124_01	213.30428	7.8
AML_125_01	Masitinib	Masitinib_AML_125_01	214.50568	2.0
AML_126_01	Masitinib	Masitinib_AML_126_01	209.85316	4.0
AML_127_01	Masitinib	Masitinib_AML_127_01	205.63956	7.6
AML_128_01	Masitinib	Masitinib_AML_128_01	218.157	3.5
AML_129_02	Masitinib	Masitinib_AML_129_02	207.85817	8.3
AML_129_03	Masitinib	Masitinib_AML_129_03	208.68333	8.5
AML_131_01	Masitinib	Masitinib_AML_131_01	210.94446	5.4
AML_133_01	Masitinib	Masitinib_AML_133_01	214.40927	0.0
AML_134_01	Masitinib	Masitinib_AML_134_01	215.5904	1.9
AML_135_01	Masitinib	Masitinib_AML_135_01	217.93082	6.8
AML_138_01	Masitinib	Masitinib_AML_138_01	219.9925	2.8
AML_139_01	Masitinib	Masitinib_AML_139_01	220.93752	7.0
AML_140_01	Masitinib	Masitinib_AML_140_01	214.54309	4.0
AML_142_01	Masitinib	Masitinib_AML_142_01	212.0107	1.7
AML_143_01	Masitinib	Masitinib_AML_143_01	214.221	3.8
AML_144_01	Masitinib	Masitinib_AML_144_01	223.81944	4.2
AML_146_01	Masitinib	Masitinib_AML_146_01	218.41257	5.7
AML_147_01	Masitinib	Masitinib_AML_147_01	216.07303	5.5
AML_151_01	Masitinib	Masitinib_AML_151_01	204.85205	3.9
AML_152_01	Masitinib	Masitinib_AML_152_01	213.00122	2.3
AML_153_01	Masitinib	Masitinib_AML_153_01	210.79073	2.4
AML_156_01	Masitinib	Masitinib_AML_156_01	207.07024	4.5
AML_157_01	Masitinib	Masitinib_AML_157_01	212.43938	6.3
AML_157_02	Masitinib	Masitinib_AML_157_02	213.72264	8.7
AML_158_01	Masitinib	Masitinib_AML_158_01	221.44266	4.5
AML_159_01	Masitinib	Masitinib_AML_159_01	219.6251	5.4
AML_160_01	Masitinib	Masitinib_AML_160_01	208.51549	5.0
AML_161_01	Masitinib	Masitinib_AML_161_01	212.02554	5.5
AML_175_01	Masitinib	Masitinib_AML_175_01	210.87016	2.1
AML_179_01	Masitinib	Masitinib_AML_179_01	213.20862	10.0
AML_183_01	Masitinib	Masitinib_AML_183_01	215.2136	2.6
AML_183_02	Masitinib	Masitinib_AML_183_02	203.59015	7.1
AML_183_03	Masitinib	Masitinib_AML_183_03	206.49467	2.3
AML_184_01	Masitinib	Masitinib_AML_184_01	206.16597	8.2
AML_185_01	Masitinib	Masitinib_AML_185_01	224.32098	6.9
AML_001_03	Metformin	Metformin_AML_001_03	201.95981	0.0
AML_003_02	Metformin	Metformin_AML_003_02	197.79944	0.0
AML_004_01	Metformin	Metformin_AML_004_01	201.47186	0.0
AML_013_01	Metformin	Metformin_AML_013_01	200.48079	0.0
AML_015_01	Metformin	Metformin_AML_015_01	202.79462	0.0
AML_015_02	Metformin	Metformin_AML_015_02	205.52501	0.0
AML_015_03	Metformin	Metformin_AML_015_03	204.5266	0.0
AML_015_04	Metformin	Metformin_AML_015_04	201.89082	0.8
AML_018_01	Metformin	Metformin_AML_018_01	196.27922	0.0
AML_019_01	Metformin	Metformin_AML_019_01	198.77528	1.7
AML_020_01	Metformin	Metformin_AML_020_01	204.20824	0.0
AML_024_01	Metformin	Metformin_AML_024_01	205.0332	0.0
AML_025_01	Metformin	Metformin_AML_025_01	208.40816	0.0
AML_026_01	Metformin	Metformin_AML_026_01	204.97127	0.0
AML_028_01	Metformin	Metformin_AML_028_01	201.04848	1.8
AML_028_04	Metformin	Metformin_AML_028_04	193.31644	0.0
AML_029_01	Metformin	Metformin_AML_029_01	200.58	0.0
AML_030_01	Metformin	Metformin_AML_030_01	192.86261	0.1
AML_032_01	Metformin	Metformin_AML_032_01	204.50919	1.7
AML_033_01	Metformin	Metformin_AML_033_01	199.8577	0.0
AML_033_02	Metformin	Metformin_AML_033_02	193.45311	0.0
AML_035_02	Metformin	Metformin_AML_035_02	210.23041	0.0
AML_035_04	Metformin	Metformin_AML_035_04	202.75029	0.0
AML_036_01	Metformin	Metformin_AML_036_01	202.79343	4.6
AML_040_01	Metformin	Metformin_AML_040_01	194.41829	0.0
AML_041_01	Metformin	Metformin_AML_041_01	201.85127	0.2
AML_042_01	Metformin	Metformin_AML_042_01	200.53424	0.0
AML_043_02	Metformin	Metformin_AML_043_02	200.23969	0.0
AML_045_01	Metformin	Metformin_AML_045_01	203.60318	0.0
AML_046_01	Metformin	Metformin_AML_046_01	195.39087	0.7
AML_051_01	Metformin	Metformin_AML_051_01	197.01537	0.3
AML_052_01	Metformin	Metformin_AML_052_01	201.17365	0.0
AML_053_01	Metformin	Metformin_AML_053_01	210.30211	0.0
AML_054_01	Metformin	Metformin_AML_054_01	198.38116	0.0
AML_057_01	Metformin	Metformin_AML_057_01	203.16318	0.0
AML_058_01	Metformin	Metformin_AML_058_01	199.3827	0.3
AML_059_01	Metformin	Metformin_AML_059_01	197.34663	0.0
AML_060_01	Metformin	Metformin_AML_060_01	203.91719	0.0
AML_061_01	Metformin	Metformin_AML_061_01	197.97792	0.0
AML_062_01	Metformin	Metformin_AML_062_01	192.67285	1.8
AML_064_01	Metformin	Metformin_AML_064_01	199.05751	0.0
AML_065_01	Metformin	Metformin_AML_065_01	193.48088	0.0
AML_067_01	Metformin	Metformin_AML_067_01	198.50475	0.0
AML_070_01	Metformin	Metformin_AML_070_01	199.75066	0.0
AML_072_01	Metformin	Metformin_AML_072_01	206.82497	0.0
AML_073_01	Metformin	Metformin_AML_073_01	204.38419	0.0
AML_074_01	Metformin	Metformin_AML_074_01	198.63765	0.0
AML_075_01	Metformin	Metformin_AML_075_01	195.97151	0.0
AML_076_01	Metformin	Metformin_AML_076_01	204.66309	1.1
AML_076_02	Metformin	Metformin_AML_076_02	191.87767	0.0
AML_077_01	Metformin	Metformin_AML_077_01	200.80602	0.0
AML_078_02	Metformin	Metformin_AML_078_02	201.96329	0.0
AML_084_01	Metformin	Metformin_AML_084_01	195.5006	0.0
AML_086_02	Metformin	Metformin_AML_086_02	205.40106	0.4
AML_098_01	Metformin	Metformin_AML_098_01	195.78157	1.4
AML_100_01	Metformin	Metformin_AML_100_01	202.59605	0.5
AML_101_01	Metformin	Metformin_AML_101_01	194.15755	0.0
AML_101_02	Metformin	Metformin_AML_101_02	206.69212	0.0
AML_102_01	Metformin	Metformin_AML_102_01	193.69746	0.0
AML_103_01	Metformin	Metformin_AML_103_01	190.55615	0.0
AML_103_02	Metformin	Metformin_AML_103_02	194.45766	0.0
AML_104_01	Metformin	Metformin_AML_104_01	201.83153	0.0
AML_108_01	Metformin	Metformin_AML_108_01	196.79701	0.2
AML_109_01	Metformin	Metformin_AML_109_01	193.46107	0.0
AML_110_01	Metformin	Metformin_AML_110_01	199.7709	0.2
AML_112_01	Metformin	Metformin_AML_112_01	193.66512	1.9
AML_112_02	Metformin	Metformin_AML_112_02	199.69568	0.0
AML_113_01	Metformin	Metformin_AML_113_01	199.05313	0.0
AML_114_01	Metformin	Metformin_AML_114_01	194.54803	0.0
AML_115_01	Metformin	Metformin_AML_115_01	193.98917	0.0
AML_116_01	Metformin	Metformin_AML_116_01	196.88568	1.7
AML_117_01	Metformin	Metformin_AML_117_01	203.72343	0.0
AML_119_01	Metformin	Metformin_AML_119_01	193.37517	0.6
AML_122_01	Metformin	Metformin_AML_122_01	205.88979	1.5
AML_123_01	Metformin	Metformin_AML_123_01	204.14061	0.0
AML_124_01	Metformin	Metformin_AML_124_01	200.477	0.0
AML_125_01	Metformin	Metformin_AML_125_01	202.36578	0.0
AML_126_01	Metformin	Metformin_AML_126_01	200.14635	0.0
AML_127_01	Metformin	Metformin_AML_127_01	198.04588	0.0
AML_128_01	Metformin	Metformin_AML_128_01	204.0585	0.0
AML_131_01	Metformin	Metformin_AML_131_01	201.18237	1.3
AML_133_01	Metformin	Metformin_AML_133_01	199.73155	0.2
AML_134_01	Metformin	Metformin_AML_134_01	202.97453	2.9
AML_135_01	Metformin	Metformin_AML_135_01	204.309	0.0
AML_138_01	Metformin	Metformin_AML_138_01	205.24019	0.0
AML_139_01	Metformin	Metformin_AML_139_01	209.27829	0.0
AML_140_01	Metformin	Metformin_AML_140_01	205.07294	0.0
AML_142_01	Metformin	Metformin_AML_142_01	200.50491	0.0
AML_143_01	Metformin	Metformin_AML_143_01	203.47829	0.0
AML_144_01	Metformin	Metformin_AML_144_01	209.0022	0.0
AML_146_01	Metformin	Metformin_AML_146_01	203.98248	0.0
AML_147_01	Metformin	Metformin_AML_147_01	205.35303	0.0
AML_151_01	Metformin	Metformin_AML_151_01	197.23354	0.0
AML_152_01	Metformin	Metformin_AML_152_01	201.06068	0.0
AML_153_01	Metformin	Metformin_AML_153_01	197.33885	0.0
AML_156_01	Metformin	Metformin_AML_156_01	195.98131	0.0
AML_157_01	Metformin	Metformin_AML_157_01	201.99982	0.0
AML_157_02	Metformin	Metformin_AML_157_02	203.75064	0.0
AML_158_01	Metformin	Metformin_AML_158_01	208.45728	0.1
AML_159_01	Metformin	Metformin_AML_159_01	206.81416	0.0
AML_160_01	Metformin	Metformin_AML_160_01	198.2718	0.0
AML_161_01	Metformin	Metformin_AML_161_01	199.95877	0.0
AML_175_01	Metformin	Metformin_AML_175_01	203.5838	0.0
AML_183_01	Metformin	Metformin_AML_183_01	202.8004	1.1
AML_183_02	Metformin	Metformin_AML_183_02	193.20473	0.0
AML_183_03	Metformin	Metformin_AML_183_03	195.27402	0.0
AML_001_01	Midostaurin	Midostaurin_AML_001_01	213.1626	0.0
AML_001_03	Midostaurin	Midostaurin_AML_001_03	214.01811	11.5
AML_002_01	Midostaurin	Midostaurin_AML_002_01	208.12103	2.5
AML_003_02	Midostaurin	Midostaurin_AML_003_02	204.25739	6.6
AML_004_01	Midostaurin	Midostaurin_AML_004_01	211.90575	6.2
AML_006_02	Midostaurin	Midostaurin_AML_006_02	210.08495	1.7
AML_007_01	Midostaurin	Midostaurin_AML_007_01	210.68446	7.4
AML_007_02	Midostaurin	Midostaurin_AML_007_02	214.19995	3.7
AML_012_01	Midostaurin	Midostaurin_AML_012_01	205.64584	19.5
AML_013_01	Midostaurin	Midostaurin_AML_013_01	203.6404	22.2
AML_014_01	Midostaurin	Midostaurin_AML_014_01	213.11298	12.8
AML_015_01	Midostaurin	Midostaurin_AML_015_01	211.92862	20.3
AML_015_02	Midostaurin	Midostaurin_AML_015_02	211.15683	21.4
AML_015_03	Midostaurin	Midostaurin_AML_015_03	211.79692	29.6
AML_015_04	Midostaurin	Midostaurin_AML_015_04	204.60387	34.4
AML_018_01	Midostaurin	Midostaurin_AML_018_01	205.77426	29.6
AML_019_01	Midostaurin	Midostaurin_AML_019_01	205.56262	6.8
AML_020_01	Midostaurin	Midostaurin_AML_020_01	213.19034	0.0
AML_023_01	Midostaurin	Midostaurin_AML_023_01	202.22366	9.0
AML_023_03	Midostaurin	Midostaurin_AML_023_03	202.3103	4.8
AML_023_04	Midostaurin	Midostaurin_AML_023_04	203.42848	9.7
AML_024_01	Midostaurin	Midostaurin_AML_024_01	213.18747	9.0
AML_025_01	Midostaurin	Midostaurin_AML_025_01	218.46234	6.1
AML_026_01	Midostaurin	Midostaurin_AML_026_01	215.2865	3.5
AML_028_01	Midostaurin	Midostaurin_AML_028_01	209.66261	10.3
AML_028_04	Midostaurin	Midostaurin_AML_028_04	199.04828	29.5
AML_029_01	Midostaurin	Midostaurin_AML_029_01	207.28296	3.4
AML_030_01	Midostaurin	Midostaurin_AML_030_01	201.48376	5.9
AML_032_01	Midostaurin	Midostaurin_AML_032_01	213.78104	6.4
AML_033_01	Midostaurin	Midostaurin_AML_033_01	207.62393	13.6
AML_033_02	Midostaurin	Midostaurin_AML_033_02	193.41467	13.2
AML_035_02	Midostaurin	Midostaurin_AML_035_02	215.91803	11.7
AML_035_04	Midostaurin	Midostaurin_AML_035_04	206.85994	10.8
AML_036_01	Midostaurin	Midostaurin_AML_036_01	212.50764	6.6
AML_040_01	Midostaurin	Midostaurin_AML_040_01	203.60611	12.4
AML_041_01	Midostaurin	Midostaurin_AML_041_01	207.41005	9.0
AML_042_01	Midostaurin	Midostaurin_AML_042_01	210.45995	0.1
AML_043_02	Midostaurin	Midostaurin_AML_043_02	205.95085	11.0
AML_045_01	Midostaurin	Midostaurin_AML_045_01	213.75029	3.1
AML_046_01	Midostaurin	Midostaurin_AML_046_01	197.5339	31.5
AML_051_01	Midostaurin	Midostaurin_AML_051_01	204.7524	0.0
AML_052_01	Midostaurin	Midostaurin_AML_052_01	214.9005	6.0
AML_053_01	Midostaurin	Midostaurin_AML_053_01	223.23557	6.4
AML_054_01	Midostaurin	Midostaurin_AML_054_01	206.72635	0.0
AML_057_01	Midostaurin	Midostaurin_AML_057_01	209.3655	6.9
AML_058_01	Midostaurin	Midostaurin_AML_058_01	209.69034	6.4
AML_059_01	Midostaurin	Midostaurin_AML_059_01	206.69357	7.4
AML_060_01	Midostaurin	Midostaurin_AML_060_01	209.74084	0.0
AML_061_01	Midostaurin	Midostaurin_AML_061_01	206.54466	2.6
AML_062_01	Midostaurin	Midostaurin_AML_062_01	199.0489	13.1
AML_064_01	Midostaurin	Midostaurin_AML_064_01	206.56377	1.0
AML_065_01	Midostaurin	Midostaurin_AML_065_01	199.24948	11.9
AML_067_01	Midostaurin	Midostaurin_AML_067_01	205.09288	12.9
AML_070_01	Midostaurin	Midostaurin_AML_070_01	211.91379	1.1
AML_072_01	Midostaurin	Midostaurin_AML_072_01	215.92108	0.0
AML_073_01	Midostaurin	Midostaurin_AML_073_01	211.25868	7.3
AML_074_01	Midostaurin	Midostaurin_AML_074_01	207.24954	4.2
AML_075_01	Midostaurin	Midostaurin_AML_075_01	206.0522	5.8
AML_076_01	Midostaurin	Midostaurin_AML_076_01	206.88632	7.9
AML_076_02	Midostaurin	Midostaurin_AML_076_02	200.21524	12.2
AML_077_01	Midostaurin	Midostaurin_AML_077_01	206.76976	10.8
AML_078_02	Midostaurin	Midostaurin_AML_078_02	207.2596	5.8
AML_084_01	Midostaurin	Midostaurin_AML_084_01	200.15372	12.7
AML_086_02	Midostaurin	Midostaurin_AML_086_02	210.4553	10.3
AML_098_01	Midostaurin	Midostaurin_AML_098_01	205.43057	3.4
AML_100_01	Midostaurin	Midostaurin_AML_100_01	208.53316	4.5
AML_101_01	Midostaurin	Midostaurin_AML_101_01	200.54997	13.6
AML_101_02	Midostaurin	Midostaurin_AML_101_02	213.3087	3.3
AML_102_01	Midostaurin	Midostaurin_AML_102_01	199.1288	3.7
AML_103_01	Midostaurin	Midostaurin_AML_103_01	197.15535	6.8
AML_103_02	Midostaurin	Midostaurin_AML_103_02	200.10422	9.2
AML_104_01	Midostaurin	Midostaurin_AML_104_01	208.7474	10.5
AML_108_01	Midostaurin	Midostaurin_AML_108_01	202.87213	9.9
AML_109_01	Midostaurin	Midostaurin_AML_109_01	199.9092	2.9
AML_110_01	Midostaurin	Midostaurin_AML_110_01	207.79556	10.6
AML_112_01	Midostaurin	Midostaurin_AML_112_01	201.15121	8.0
AML_112_02	Midostaurin	Midostaurin_AML_112_02	204.94952	7.3
AML_113_01	Midostaurin	Midostaurin_AML_113_01	208.7652	17.8
AML_114_01	Midostaurin	Midostaurin_AML_114_01	201.65446	4.9
AML_115_01	Midostaurin	Midostaurin_AML_115_01	200.16885	15.9
AML_116_01	Midostaurin	Midostaurin_AML_116_01	204.72182	8.5
AML_117_01	Midostaurin	Midostaurin_AML_117_01	210.8462	3.4
AML_119_01	Midostaurin	Midostaurin_AML_119_01	196.94498	7.3
AML_120_03	Midostaurin	Midostaurin_AML_120_03	209.14688	24.1
AML_122_01	Midostaurin	Midostaurin_AML_122_01	213.01454	8.9
AML_123_01	Midostaurin	Midostaurin_AML_123_01	213.47868	5.8
AML_124_01	Midostaurin	Midostaurin_AML_124_01	212.03633	14.3
AML_125_01	Midostaurin	Midostaurin_AML_125_01	213.05394	5.3
AML_126_01	Midostaurin	Midostaurin_AML_126_01	207.71178	10.5
AML_127_01	Midostaurin	Midostaurin_AML_127_01	205.0507	10.9
AML_128_01	Midostaurin	Midostaurin_AML_128_01	210.00023	6.5
AML_129_03	Midostaurin	Midostaurin_AML_129_03	204.35722	8.5
AML_131_01	Midostaurin	Midostaurin_AML_131_01	208.41994	5.2
AML_133_01	Midostaurin	Midostaurin_AML_133_01	207.88086	2.7
AML_134_01	Midostaurin	Midostaurin_AML_134_01	208.03734	0.0
AML_135_01	Midostaurin	Midostaurin_AML_135_01	209.89748	7.0
AML_138_01	Midostaurin	Midostaurin_AML_138_01	211.18803	11.0
AML_139_01	Midostaurin	Midostaurin_AML_139_01	220.20586	12.2
AML_140_01	Midostaurin	Midostaurin_AML_140_01	211.79878	11.3
AML_142_01	Midostaurin	Midostaurin_AML_142_01	206.92061	10.6
AML_143_01	Midostaurin	Midostaurin_AML_143_01	211.11649	4.5
AML_144_01	Midostaurin	Midostaurin_AML_144_01	219.80334	5.5
AML_146_01	Midostaurin	Midostaurin_AML_146_01	216.04118	3.3
AML_147_01	Midostaurin	Midostaurin_AML_147_01	212.29054	7.2
AML_151_01	Midostaurin	Midostaurin_AML_151_01	204.32277	9.4
AML_152_01	Midostaurin	Midostaurin_AML_152_01	210.11992	8.8
AML_153_01	Midostaurin	Midostaurin_AML_153_01	204.70976	0.0
AML_156_01	Midostaurin	Midostaurin_AML_156_01	204.54175	11.3
AML_157_01	Midostaurin	Midostaurin_AML_157_01	212.85812	16.9
AML_157_02	Midostaurin	Midostaurin_AML_157_02	213.49449	14.3
AML_158_01	Midostaurin	Midostaurin_AML_158_01	219.57253	7.1
AML_159_01	Midostaurin	Midostaurin_AML_159_01	216.71481	10.3
AML_160_01	Midostaurin	Midostaurin_AML_160_01	206.40787	8.8
AML_161_01	Midostaurin	Midostaurin_AML_161_01	209.42459	16.2
AML_175_01	Midostaurin	Midostaurin_AML_175_01	210.05127	2.9
AML_183_01	Midostaurin	Midostaurin_AML_183_01	212.42699	6.2
AML_183_02	Midostaurin	Midostaurin_AML_183_02	202.47032	10.1
AML_183_03	Midostaurin	Midostaurin_AML_183_03	200.74396	8.7
AML_001_01	MK-2206	MK-2206_AML_001_01	214.18185	0.0
AML_001_03	MK-2206	MK-2206_AML_001_03	207.15334	3.7
AML_002_01	MK-2206	MK-2206_AML_002_01	212.44751	8.1
AML_003_02	MK-2206	MK-2206_AML_003_02	204.57889	2.1
AML_004_01	MK-2206	MK-2206_AML_004_01	212.56429	5.5
AML_006_02	MK-2206	MK-2206_AML_006_02	206.604	4.4
AML_007_01	MK-2206	MK-2206_AML_007_01	202.3074	4.0
AML_007_02	MK-2206	MK-2206_AML_007_02	205.83496	4.0
AML_012_01	MK-2206	MK-2206_AML_012_01	216.65843	7.1
AML_013_01	MK-2206	MK-2206_AML_013_01	217.67953	16.1
AML_014_01	MK-2206	MK-2206_AML_014_01	209.27742	10.6
AML_015_01	MK-2206	MK-2206_AML_015_01	213.84338	0.7
AML_015_02	MK-2206	MK-2206_AML_015_02	209.74051	5.9
AML_015_03	MK-2206	MK-2206_AML_015_03	209.20004	5.2
AML_015_04	MK-2206	MK-2206_AML_015_04	208.88208	1.9
AML_018_01	MK-2206	MK-2206_AML_018_01	205.5145	20.1
AML_019_01	MK-2206	MK-2206_AML_019_01	210.7916	4.2
AML_020_01	MK-2206	MK-2206_AML_020_01	215.41438	0.0
AML_022_01	MK-2206	MK-2206_AML_022_01	199.7402	11.8
AML_023_01	MK-2206	MK-2206_AML_023_01	200.19644	9.0
AML_023_03	MK-2206	MK-2206_AML_023_03	199.65265	0.0
AML_023_04	MK-2206	MK-2206_AML_023_04	202.21123	2.1
AML_024_01	MK-2206	MK-2206_AML_024_01	217.81627	4.1
AML_025_01	MK-2206	MK-2206_AML_025_01	216.36337	3.8
AML_026_01	MK-2206	MK-2206_AML_026_01	212.41293	3.4
AML_028_01	MK-2206	MK-2206_AML_028_01	213.58575	0.0
AML_028_04	MK-2206	MK-2206_AML_028_04	204.20757	6.5
AML_029_01	MK-2206	MK-2206_AML_029_01	206.72035	1.7
AML_030_01	MK-2206	MK-2206_AML_030_01	199.98946	2.7
AML_032_01	MK-2206	MK-2206_AML_032_01	216.56958	1.7
AML_033_01	MK-2206	MK-2206_AML_033_01	212.40926	2.1
AML_033_02	MK-2206	MK-2206_AML_033_02	207.48282	5.3
AML_035_02	MK-2206	MK-2206_AML_035_02	216.12492	1.7
AML_035_04	MK-2206	MK-2206_AML_035_04	211.38963	1.7
AML_036_01	MK-2206	MK-2206_AML_036_01	206.65096	0.1
AML_040_01	MK-2206	MK-2206_AML_040_01	207.38686	6.2
AML_041_01	MK-2206	MK-2206_AML_041_01	201.29756	3.3
AML_042_01	MK-2206	MK-2206_AML_042_01	201.56699	6.1
AML_043_02	MK-2206	MK-2206_AML_043_02	215.41272	2.1
AML_045_01	MK-2206	MK-2206_AML_045_01	212.03557	2.3
AML_046_01	MK-2206	MK-2206_AML_046_01	205.82214	15.3
AML_051_01	MK-2206	MK-2206_AML_051_01	207.33363	1.1
AML_052_01	MK-2206	MK-2206_AML_052_01	218.65463	4.2
AML_053_01	MK-2206	MK-2206_AML_053_01	215.5318	8.2
AML_054_01	MK-2206	MK-2206_AML_054_01	214.5118	10.7
AML_057_01	MK-2206	MK-2206_AML_057_01	204.21967	3.6
AML_058_01	MK-2206	MK-2206_AML_058_01	210.92284	4.8
AML_059_01	MK-2206	MK-2206_AML_059_01	208.84766	6.6
AML_060_01	MK-2206	MK-2206_AML_060_01	215.56303	9.3
AML_061_01	MK-2206	MK-2206_AML_061_01	205.67563	4.4
AML_064_01	MK-2206	MK-2206_AML_064_01	200.66388	11.5
AML_065_01	MK-2206	MK-2206_AML_065_01	199.19223	5.7
AML_067_01	MK-2206	MK-2206_AML_067_01	200.30095	4.6
AML_070_01	MK-2206	MK-2206_AML_070_01	205.34215	2.8
AML_072_01	MK-2206	MK-2206_AML_072_01	217.144	0.0
AML_073_01	MK-2206	MK-2206_AML_073_01	212.00441	2.1
AML_074_01	MK-2206	MK-2206_AML_074_01	207.45135	5.9
AML_075_01	MK-2206	MK-2206_AML_075_01	199.73448	4.5
AML_076_01	MK-2206	MK-2206_AML_076_01	203.61543	3.4
AML_076_02	MK-2206	MK-2206_AML_076_02	204.46161	3.7
AML_077_01	MK-2206	MK-2206_AML_077_01	207.92795	6.5
AML_078_02	MK-2206	MK-2206_AML_078_02	202.76506	6.6
AML_084_01	MK-2206	MK-2206_AML_084_01	203.1132	6.5
AML_086_02	MK-2206	MK-2206_AML_086_02	213.91425	5.7
AML_098_01	MK-2206	MK-2206_AML_098_01	203.2183	9.0
AML_100_01	MK-2206	MK-2206_AML_100_01	204.7235	6.0
AML_101_01	MK-2206	MK-2206_AML_101_01	204.42857	12.7
AML_101_02	MK-2206	MK-2206_AML_101_02	215.58427	2.8
AML_102_01	MK-2206	MK-2206_AML_102_01	194.9028	1.4
AML_103_01	MK-2206	MK-2206_AML_103_01	193.6157	6.5
AML_103_02	MK-2206	MK-2206_AML_103_02	212.41017	5.4
AML_104_01	MK-2206	MK-2206_AML_104_01	201.01945	3.3
AML_108_01	MK-2206	MK-2206_AML_108_01	199.50237	9.1
AML_109_01	MK-2206	MK-2206_AML_109_01	203.65126	6.5
AML_110_01	MK-2206	MK-2206_AML_110_01	203.5921	8.2
AML_112_01	MK-2206	MK-2206_AML_112_01	199.70853	5.6
AML_112_02	MK-2206	MK-2206_AML_112_02	203.03871	5.8
AML_113_01	MK-2206	MK-2206_AML_113_01	205.50598	7.2
AML_114_01	MK-2206	MK-2206_AML_114_01	198.6481	4.4
AML_115_01	MK-2206	MK-2206_AML_115_01	199.30437	10.5
AML_116_01	MK-2206	MK-2206_AML_116_01	203.56036	5.3
AML_117_01	MK-2206	MK-2206_AML_117_01	208.70084	5.5
AML_119_01	MK-2206	MK-2206_AML_119_01	196.79816	3.7
AML_120_01	MK-2206	MK-2206_AML_120_01	204.24348	16.6
AML_120_03	MK-2206	MK-2206_AML_120_03	205.20377	9.0
AML_122_01	MK-2206	MK-2206_AML_122_01	204.12444	1.9
AML_123_01	MK-2206	MK-2206_AML_123_01	207.60158	5.9
AML_124_01	MK-2206	MK-2206_AML_124_01	208.28139	9.3
AML_125_01	MK-2206	MK-2206_AML_125_01	213.1968	0.0
AML_126_01	MK-2206	MK-2206_AML_126_01	205.84984	8.2
AML_127_01	MK-2206	MK-2206_AML_127_01	201.00925	2.9
AML_128_01	MK-2206	MK-2206_AML_128_01	212.09483	3.5
AML_129_02	MK-2206	MK-2206_AML_129_02	204.89532	10.2
AML_129_03	MK-2206	MK-2206_AML_129_03	205.58508	3.9
AML_131_01	MK-2206	MK-2206_AML_131_01	201.51642	5.5
AML_133_01	MK-2206	MK-2206_AML_133_01	216.02678	4.7
AML_134_01	MK-2206	MK-2206_AML_134_01	213.16975	3.0
AML_135_01	MK-2206	MK-2206_AML_135_01	209.0688	7.7
AML_138_01	MK-2206	MK-2206_AML_138_01	215.30554	3.2
AML_139_01	MK-2206	MK-2206_AML_139_01	213.92574	10.7
AML_140_01	MK-2206	MK-2206_AML_140_01	211.99547	8.1
AML_142_01	MK-2206	MK-2206_AML_142_01	216.04216	8.2
AML_143_01	MK-2206	MK-2206_AML_143_01	208.9049	2.8
AML_144_01	MK-2206	MK-2206_AML_144_01	218.31831	6.5
AML_146_01	MK-2206	MK-2206_AML_146_01	215.59898	6.6
AML_147_01	MK-2206	MK-2206_AML_147_01	209.28381	5.9
AML_151_01	MK-2206	MK-2206_AML_151_01	202.75528	6.6
AML_152_01	MK-2206	MK-2206_AML_152_01	209.62671	6.4
AML_153_01	MK-2206	MK-2206_AML_153_01	212.11421	5.7
AML_156_01	MK-2206	MK-2206_AML_156_01	207.94586	7.0
AML_157_01	MK-2206	MK-2206_AML_157_01	205.8354	11.2
AML_157_02	MK-2206	MK-2206_AML_157_02	209.86618	10.8
AML_158_01	MK-2206	MK-2206_AML_158_01	212.7125	5.0
AML_159_01	MK-2206	MK-2206_AML_159_01	213.13693	4.0
AML_160_01	MK-2206	MK-2206_AML_160_01	202.17842	8.6
AML_161_01	MK-2206	MK-2206_AML_161_01	212.22517	10.9
AML_175_01	MK-2206	MK-2206_AML_175_01	206.41023	3.4
AML_179_01	MK-2206	MK-2206_AML_179_01	214.25679	5.4
AML_183_01	MK-2206	MK-2206_AML_183_01	206.78018	1.8
AML_183_02	MK-2206	MK-2206_AML_183_02	199.27922	6.5
AML_183_03	MK-2206	MK-2206_AML_183_03	197.10556	6.7
AML_184_01	MK-2206	MK-2206_AML_184_01	203.81857	8.2
AML_185_01	MK-2206	MK-2206_AML_185_01	220.89903	2.3
AML_001_01	Motesanib	Motesanib_AML_001_01	233.37834	0.0
AML_001_03	Motesanib	Motesanib_AML_001_03	227.50436	0.0
AML_002_01	Motesanib	Motesanib_AML_002_01	229.02383	1.3
AML_003_02	Motesanib	Motesanib_AML_003_02	223.62352	0.0
AML_004_01	Motesanib	Motesanib_AML_004_01	231.56703	1.1
AML_006_02	Motesanib	Motesanib_AML_006_02	228.03677	0.1
AML_007_01	Motesanib	Motesanib_AML_007_01	224.30698	0.0
AML_007_02	Motesanib	Motesanib_AML_007_02	226.26779	0.0
AML_012_01	Motesanib	Motesanib_AML_012_01	232.90112	0.1
AML_013_01	Motesanib	Motesanib_AML_013_01	236.49442	6.4
AML_014_01	Motesanib	Motesanib_AML_014_01	232.36961	0.0
AML_015_01	Motesanib	Motesanib_AML_015_01	234.55745	18.2
AML_015_02	Motesanib	Motesanib_AML_015_02	226.40114	9.6
AML_015_03	Motesanib	Motesanib_AML_015_03	230.45116	23.6
AML_015_04	Motesanib	Motesanib_AML_015_04	229.01268	28.3
AML_018_01	Motesanib	Motesanib_AML_018_01	225.16986	0.4
AML_019_01	Motesanib	Motesanib_AML_019_01	226.01973	0.0
AML_020_01	Motesanib	Motesanib_AML_020_01	235.55904	0.0
AML_022_01	Motesanib	Motesanib_AML_022_01	218.1187	0.0
AML_023_01	Motesanib	Motesanib_AML_023_01	218.40808	0.0
AML_023_03	Motesanib	Motesanib_AML_023_03	217.50748	0.0
AML_023_04	Motesanib	Motesanib_AML_023_04	219.44266	0.0
AML_024_01	Motesanib	Motesanib_AML_024_01	237.46515	0.0
AML_025_01	Motesanib	Motesanib_AML_025_01	235.41055	0.5
AML_026_01	Motesanib	Motesanib_AML_026_01	232.44926	1.1
AML_028_01	Motesanib	Motesanib_AML_028_01	230.64346	0.0
AML_028_04	Motesanib	Motesanib_AML_028_04	218.73256	3.3
AML_029_01	Motesanib	Motesanib_AML_029_01	226.03702	5.7
AML_030_01	Motesanib	Motesanib_AML_030_01	218.5296	0.0
AML_032_01	Motesanib	Motesanib_AML_032_01	235.34358	0.0
AML_033_01	Motesanib	Motesanib_AML_033_01	234.29376	0.5
AML_033_02	Motesanib	Motesanib_AML_033_02	224.34767	0.0
AML_035_02	Motesanib	Motesanib_AML_035_02	237.29457	0.0
AML_035_04	Motesanib	Motesanib_AML_035_04	228.48692	0.0
AML_036_01	Motesanib	Motesanib_AML_036_01	227.91606	0.0
AML_040_01	Motesanib	Motesanib_AML_040_01	225.92902	4.6
AML_041_01	Motesanib	Motesanib_AML_041_01	221.51697	3.4
AML_042_01	Motesanib	Motesanib_AML_042_01	223.09892	1.7
AML_043_02	Motesanib	Motesanib_AML_043_02	231.25809	0.0
AML_045_01	Motesanib	Motesanib_AML_045_01	230.88762	0.0
AML_046_01	Motesanib	Motesanib_AML_046_01	221.88759	11.7
AML_051_01	Motesanib	Motesanib_AML_051_01	226.21912	0.0
AML_052_01	Motesanib	Motesanib_AML_052_01	236.90204	2.3
AML_053_01	Motesanib	Motesanib_AML_053_01	238.61833	0.0
AML_054_01	Motesanib	Motesanib_AML_054_01	232.69884	0.0
AML_057_01	Motesanib	Motesanib_AML_057_01	222.82874	1.7
AML_058_01	Motesanib	Motesanib_AML_058_01	230.18259	3.9
AML_059_01	Motesanib	Motesanib_AML_059_01	228.20206	0.4
AML_060_01	Motesanib	Motesanib_AML_060_01	235.1872	0.5
AML_061_01	Motesanib	Motesanib_AML_061_01	226.99197	0.0
AML_062_01	Motesanib	Motesanib_AML_062_01	214.31717	2.1
AML_064_01	Motesanib	Motesanib_AML_064_01	219.50682	0.0
AML_065_01	Motesanib	Motesanib_AML_065_01	215.91992	5.5
AML_067_01	Motesanib	Motesanib_AML_067_01	218.28723	5.6
AML_070_01	Motesanib	Motesanib_AML_070_01	226.71606	0.4
AML_072_01	Motesanib	Motesanib_AML_072_01	238.04884	3.0
AML_073_01	Motesanib	Motesanib_AML_073_01	231.6562	1.4
AML_074_01	Motesanib	Motesanib_AML_074_01	223.02742	0.0
AML_075_01	Motesanib	Motesanib_AML_075_01	220.93195	0.2
AML_076_01	Motesanib	Motesanib_AML_076_01	223.16844	0.0
AML_076_02	Motesanib	Motesanib_AML_076_02	221.77829	0.0
AML_077_01	Motesanib	Motesanib_AML_077_01	227.65988	0.0
AML_078_02	Motesanib	Motesanib_AML_078_02	221.40875	0.0
AML_084_01	Motesanib	Motesanib_AML_084_01	222.58955	0.0
AML_086_02	Motesanib	Motesanib_AML_086_02	232.34798	0.6
AML_098_01	Motesanib	Motesanib_AML_098_01	220.26831	0.0
AML_100_01	Motesanib	Motesanib_AML_100_01	225.22348	0.5
AML_101_01	Motesanib	Motesanib_AML_101_01	220.76118	8.5
AML_101_02	Motesanib	Motesanib_AML_101_02	232.16536	0.5
AML_102_01	Motesanib	Motesanib_AML_102_01	213.6423	0.0
AML_103_01	Motesanib	Motesanib_AML_103_01	210.71046	0.2
AML_103_02	Motesanib	Motesanib_AML_103_02	227.15952	0.5
AML_104_01	Motesanib	Motesanib_AML_104_01	221.54439	0.0
AML_108_01	Motesanib	Motesanib_AML_108_01	219.17699	0.0
AML_109_01	Motesanib	Motesanib_AML_109_01	222.85284	0.0
AML_110_01	Motesanib	Motesanib_AML_110_01	224.32535	0.8
AML_112_01	Motesanib	Motesanib_AML_112_01	216.23468	3.8
AML_112_02	Motesanib	Motesanib_AML_112_02	219.33853	0.3
AML_113_01	Motesanib	Motesanib_AML_113_01	225.6757	5.9
AML_114_01	Motesanib	Motesanib_AML_114_01	217.47446	0.0
AML_115_01	Motesanib	Motesanib_AML_115_01	217.15146	7.4
AML_116_01	Motesanib	Motesanib_AML_116_01	221.54485	0.0
AML_117_01	Motesanib	Motesanib_AML_117_01	229.62927	0.0
AML_119_01	Motesanib	Motesanib_AML_119_01	216.04001	0.0
AML_120_01	Motesanib	Motesanib_AML_120_01	224.98831	6.1
AML_120_03	Motesanib	Motesanib_AML_120_03	225.82285	6.0
AML_122_01	Motesanib	Motesanib_AML_122_01	223.4109	0.0
AML_123_01	Motesanib	Motesanib_AML_123_01	230.24464	0.0
AML_124_01	Motesanib	Motesanib_AML_124_01	229.97084	3.7
AML_125_01	Motesanib	Motesanib_AML_125_01	229.74806	0.0
AML_126_01	Motesanib	Motesanib_AML_126_01	223.61543	0.0
AML_127_01	Motesanib	Motesanib_AML_127_01	221.21452	0.0
AML_128_01	Motesanib	Motesanib_AML_128_01	232.58493	0.1
AML_129_02	Motesanib	Motesanib_AML_129_02	225.11801	0.2
AML_129_03	Motesanib	Motesanib_AML_129_03	223.96959	0.0
AML_131_01	Motesanib	Motesanib_AML_131_01	222.92145	0.0
AML_133_01	Motesanib	Motesanib_AML_133_01	233.25368	0.0
AML_134_01	Motesanib	Motesanib_AML_134_01	228.35591	3.0
AML_135_01	Motesanib	Motesanib_AML_135_01	230.8643	2.8
AML_138_01	Motesanib	Motesanib_AML_138_01	234.59688	2.2
AML_139_01	Motesanib	Motesanib_AML_139_01	238.2431	0.0
AML_140_01	Motesanib	Motesanib_AML_140_01	229.79984	0.0
AML_142_01	Motesanib	Motesanib_AML_142_01	231.58752	0.0
AML_143_01	Motesanib	Motesanib_AML_143_01	228.23793	0.0
AML_144_01	Motesanib	Motesanib_AML_144_01	237.9663	0.0
AML_146_01	Motesanib	Motesanib_AML_146_01	235.4793	0.0
AML_147_01	Motesanib	Motesanib_AML_147_01	227.37964	2.8
AML_151_01	Motesanib	Motesanib_AML_151_01	222.1495	0.0
AML_152_01	Motesanib	Motesanib_AML_152_01	230.10498	0.0
AML_153_01	Motesanib	Motesanib_AML_153_01	226.97011	0.0
AML_156_01	Motesanib	Motesanib_AML_156_01	222.19476	0.0
AML_157_01	Motesanib	Motesanib_AML_157_01	227.5622	1.8
AML_157_02	Motesanib	Motesanib_AML_157_02	230.18666	2.1
AML_158_01	Motesanib	Motesanib_AML_158_01	234.65614	0.0
AML_159_01	Motesanib	Motesanib_AML_159_01	234.11539	0.7
AML_160_01	Motesanib	Motesanib_AML_160_01	219.2002	0.0
AML_161_01	Motesanib	Motesanib_AML_161_01	229.37851	0.0
AML_175_01	Motesanib	Motesanib_AML_175_01	226.47261	0.0
AML_179_01	Motesanib	Motesanib_AML_179_01	232.85574	0.0
AML_183_01	Motesanib	Motesanib_AML_183_01	227.9745	0.0
AML_183_02	Motesanib	Motesanib_AML_183_02	216.33899	0.0
AML_183_03	Motesanib	Motesanib_AML_183_03	216.45207	0.0
AML_184_01	Motesanib	Motesanib_AML_184_01	222.24617	1.1
AML_185_01	Motesanib	Motesanib_AML_185_01	238.80411	0.0
AML_001_03	Neratinib	Neratinib_AML_001_03	184.7321	7.2
AML_003_02	Neratinib	Neratinib_AML_003_02	178.55698	3.6
AML_004_01	Neratinib	Neratinib_AML_004_01	181.76758	4.1
AML_006_02	Neratinib	Neratinib_AML_006_02	181.17589	5.0
AML_007_01	Neratinib	Neratinib_AML_007_01	187.69379	0.3
AML_007_02	Neratinib	Neratinib_AML_007_02	189.1922	0.0
AML_012_01	Neratinib	Neratinib_AML_012_01	180.43442	1.2
AML_013_01	Neratinib	Neratinib_AML_013_01	176.37122	5.0
AML_014_01	Neratinib	Neratinib_AML_014_01	179.8565	0.5
AML_015_01	Neratinib	Neratinib_AML_015_01	181.03589	4.6
AML_015_02	Neratinib	Neratinib_AML_015_02	191.55557	1.6
AML_015_03	Neratinib	Neratinib_AML_015_03	185.65614	4.5
AML_015_04	Neratinib	Neratinib_AML_015_04	176.88379	7.0
AML_018_01	Neratinib	Neratinib_AML_018_01	180.74577	7.4
AML_019_01	Neratinib	Neratinib_AML_019_01	179.01064	6.2
AML_020_01	Neratinib	Neratinib_AML_020_01	182.48947	3.9
AML_023_04	Neratinib	Neratinib_AML_023_04	182.12115	0.0
AML_024_01	Neratinib	Neratinib_AML_024_01	178.3538	0.6
AML_025_01	Neratinib	Neratinib_AML_025_01	188.22342	5.4
AML_026_01	Neratinib	Neratinib_AML_026_01	183.22269	2.9
AML_028_01	Neratinib	Neratinib_AML_028_01	180.73404	4.5
AML_028_04	Neratinib	Neratinib_AML_028_04	177.72412	7.1
AML_029_01	Neratinib	Neratinib_AML_029_01	181.59085	6.1
AML_030_01	Neratinib	Neratinib_AML_030_01	175.53584	2.5
AML_032_01	Neratinib	Neratinib_AML_032_01	184.72375	0.7
AML_033_01	Neratinib	Neratinib_AML_033_01	180.8533	0.9
AML_033_02	Neratinib	Neratinib_AML_033_02	168.89304	1.6
AML_035_02	Neratinib	Neratinib_AML_035_02	187.14015	0.1
AML_035_04	Neratinib	Neratinib_AML_035_04	183.06624	1.1
AML_036_01	Neratinib	Neratinib_AML_036_01	184.37773	0.0
AML_040_01	Neratinib	Neratinib_AML_040_01	169.91129	8.0
AML_041_01	Neratinib	Neratinib_AML_041_01	183.34622	5.2
AML_042_01	Neratinib	Neratinib_AML_042_01	185.03734	6.2
AML_043_02	Neratinib	Neratinib_AML_043_02	180.21985	2.1
AML_045_01	Neratinib	Neratinib_AML_045_01	186.17665	2.8
AML_046_01	Neratinib	Neratinib_AML_046_01	171.74985	8.4
AML_051_01	Neratinib	Neratinib_AML_051_01	177.30632	3.2
AML_052_01	Neratinib	Neratinib_AML_052_01	181.861	3.2
AML_053_01	Neratinib	Neratinib_AML_053_01	191.93446	3.7
AML_054_01	Neratinib	Neratinib_AML_054_01	177.79875	6.6
AML_057_01	Neratinib	Neratinib_AML_057_01	184.71587	2.8
AML_058_01	Neratinib	Neratinib_AML_058_01	180.92838	4.6
AML_059_01	Neratinib	Neratinib_AML_059_01	177.10312	4.7
AML_060_01	Neratinib	Neratinib_AML_060_01	178.79631	5.5
AML_061_01	Neratinib	Neratinib_AML_061_01	174.80887	3.0
AML_062_01	Neratinib	Neratinib_AML_062_01	178.86438	6.6
AML_064_01	Neratinib	Neratinib_AML_064_01	188.81839	4.4
AML_065_01	Neratinib	Neratinib_AML_065_01	173.99992	5.0
AML_067_01	Neratinib	Neratinib_AML_067_01	182.61983	5.3
AML_070_01	Neratinib	Neratinib_AML_070_01	180.26526	2.1
AML_072_01	Neratinib	Neratinib_AML_072_01	185.23029	4.0
AML_073_01	Neratinib	Neratinib_AML_073_01	185.57584	6.1
AML_074_01	Neratinib	Neratinib_AML_074_01	178.14658	2.3
AML_075_01	Neratinib	Neratinib_AML_075_01	177.82552	4.5
AML_076_01	Neratinib	Neratinib_AML_076_01	185.0738	3.3
AML_076_02	Neratinib	Neratinib_AML_076_02	173.6454	8.5
AML_077_01	Neratinib	Neratinib_AML_077_01	180.6155	4.2
AML_078_02	Neratinib	Neratinib_AML_078_02	184.87932	4.3
AML_084_01	Neratinib	Neratinib_AML_084_01	175.50821	9.9
AML_086_02	Neratinib	Neratinib_AML_086_02	185.92993	4.6
AML_098_01	Neratinib	Neratinib_AML_098_01	180.72133	0.0
AML_100_01	Neratinib	Neratinib_AML_100_01	178.25366	1.4
AML_101_01	Neratinib	Neratinib_AML_101_01	178.38956	3.7
AML_101_02	Neratinib	Neratinib_AML_101_02	188.90646	2.7
AML_102_01	Neratinib	Neratinib_AML_102_01	176.40244	3.2
AML_103_01	Neratinib	Neratinib_AML_103_01	179.56837	1.6
AML_103_02	Neratinib	Neratinib_AML_103_02	174.80342	5.2
AML_104_01	Neratinib	Neratinib_AML_104_01	180.89383	1.2
AML_108_01	Neratinib	Neratinib_AML_108_01	175.08258	4.9
AML_109_01	Neratinib	Neratinib_AML_109_01	172.53809	4.5
AML_110_01	Neratinib	Neratinib_AML_110_01	179.23593	4.3
AML_112_01	Neratinib	Neratinib_AML_112_01	174.99579	3.5
AML_112_02	Neratinib	Neratinib_AML_112_02	182.29555	3.1
AML_113_01	Neratinib	Neratinib_AML_113_01	180.87155	2.8
AML_114_01	Neratinib	Neratinib_AML_114_01	174.83626	4.9
AML_115_01	Neratinib	Neratinib_AML_115_01	173.0024	8.2
AML_116_01	Neratinib	Neratinib_AML_116_01	173.04947	1.4
AML_117_01	Neratinib	Neratinib_AML_117_01	182.358	3.0
AML_119_01	Neratinib	Neratinib_AML_119_01	174.47527	1.6
AML_120_03	Neratinib	Neratinib_AML_120_03	184.26645	0.0
AML_122_01	Neratinib	Neratinib_AML_122_01	193.44583	0.7
AML_123_01	Neratinib	Neratinib_AML_123_01	182.86436	5.2
AML_124_01	Neratinib	Neratinib_AML_124_01	180.59859	6.1
AML_125_01	Neratinib	Neratinib_AML_125_01	178.69861	15.9
AML_126_01	Neratinib	Neratinib_AML_126_01	183.09607	4.1
AML_127_01	Neratinib	Neratinib_AML_127_01	177.99625	3.7
AML_128_01	Neratinib	Neratinib_AML_128_01	183.41747	5.1
AML_131_01	Neratinib	Neratinib_AML_131_01	188.19751	0.1
AML_133_01	Neratinib	Neratinib_AML_133_01	180.95331	1.8
AML_134_01	Neratinib	Neratinib_AML_134_01	182.22008	3.8
AML_135_01	Neratinib	Neratinib_AML_135_01	183.872	5.8
AML_138_01	Neratinib	Neratinib_AML_138_01	185.39626	8.8
AML_139_01	Neratinib	Neratinib_AML_139_01	189.0244	1.9
AML_140_01	Neratinib	Neratinib_AML_140_01	181.33104	2.5
AML_142_01	Neratinib	Neratinib_AML_142_01	181.62312	5.9
AML_143_01	Neratinib	Neratinib_AML_143_01	183.41574	1.4
AML_144_01	Neratinib	Neratinib_AML_144_01	190.91156	4.1
AML_146_01	Neratinib	Neratinib_AML_146_01	184.21327	0.9
AML_147_01	Neratinib	Neratinib_AML_147_01	185.34589	3.2
AML_151_01	Neratinib	Neratinib_AML_151_01	179.62756	11.2
AML_152_01	Neratinib	Neratinib_AML_152_01	179.02742	1.9
AML_153_01	Neratinib	Neratinib_AML_153_01	178.09972	6.2
AML_156_01	Neratinib	Neratinib_AML_156_01	176.6431	3.1
AML_157_01	Neratinib	Neratinib_AML_157_01	186.86172	0.7
AML_157_02	Neratinib	Neratinib_AML_157_02	185.6259	3.8
AML_158_01	Neratinib	Neratinib_AML_158_01	189.09727	2.6
AML_159_01	Neratinib	Neratinib_AML_159_01	186.92477	5.7
AML_160_01	Neratinib	Neratinib_AML_160_01	183.29395	4.1
AML_161_01	Neratinib	Neratinib_AML_161_01	178.33064	2.7
AML_175_01	Neratinib	Neratinib_AML_175_01	180.93073	1.4
AML_183_01	Neratinib	Neratinib_AML_183_01	184.53235	1.4
AML_183_02	Neratinib	Neratinib_AML_183_02	176.62057	3.7
AML_183_03	Neratinib	Neratinib_AML_183_03	181.20183	1.7
AML_001_01	Nilotinib	Nilotinib_AML_001_01	234.11777	0.0
AML_001_03	Nilotinib	Nilotinib_AML_001_03	228.29292	0.0
AML_002_01	Nilotinib	Nilotinib_AML_002_01	235.83698	0.0
AML_003_02	Nilotinib	Nilotinib_AML_003_02	232.92229	4.3
AML_004_01	Nilotinib	Nilotinib_AML_004_01	232.05663	2.8
AML_006_02	Nilotinib	Nilotinib_AML_006_02	227.36452	1.5
AML_007_01	Nilotinib	Nilotinib_AML_007_01	222.42192	0.0
AML_007_02	Nilotinib	Nilotinib_AML_007_02	223.72075	0.0
AML_012_01	Nilotinib	Nilotinib_AML_012_01	238.88557	0.0
AML_013_01	Nilotinib	Nilotinib_AML_013_01	238.9449	0.7
AML_014_01	Nilotinib	Nilotinib_AML_014_01	233.51926	0.0
AML_015_01	Nilotinib	Nilotinib_AML_015_01	236.93246	21.6
AML_015_02	Nilotinib	Nilotinib_AML_015_02	225.10341	12.4
AML_015_03	Nilotinib	Nilotinib_AML_015_03	230.23338	25.9
AML_015_04	Nilotinib	Nilotinib_AML_015_04	235.63464	37.1
AML_018_01	Nilotinib	Nilotinib_AML_018_01	229.3078	0.0
AML_019_01	Nilotinib	Nilotinib_AML_019_01	234.03017	2.5
AML_020_01	Nilotinib	Nilotinib_AML_020_01	241.1796	2.2
AML_022_01	Nilotinib	Nilotinib_AML_022_01	218.41017	4.3
AML_023_01	Nilotinib	Nilotinib_AML_023_01	218.20357	0.0
AML_023_03	Nilotinib	Nilotinib_AML_023_03	219.9251	0.0
AML_023_04	Nilotinib	Nilotinib_AML_023_04	222.65964	0.0
AML_024_01	Nilotinib	Nilotinib_AML_024_01	237.65819	0.0
AML_025_01	Nilotinib	Nilotinib_AML_025_01	235.1124	0.0
AML_026_01	Nilotinib	Nilotinib_AML_026_01	229.27197	0.0
AML_028_01	Nilotinib	Nilotinib_AML_028_01	233.95337	0.7
AML_028_04	Nilotinib	Nilotinib_AML_028_04	231.18898	0.0
AML_029_01	Nilotinib	Nilotinib_AML_029_01	225.06883	0.0
AML_030_01	Nilotinib	Nilotinib_AML_030_01	218.89305	0.0
AML_032_01	Nilotinib	Nilotinib_AML_032_01	236.65906	0.0
AML_033_01	Nilotinib	Nilotinib_AML_033_01	234.79439	0.0
AML_033_02	Nilotinib	Nilotinib_AML_033_02	234.68976	1.7
AML_035_02	Nilotinib	Nilotinib_AML_035_02	239.18692	0.0
AML_035_04	Nilotinib	Nilotinib_AML_035_04	238.16003	0.0
AML_036_01	Nilotinib	Nilotinib_AML_036_01	225.2421	0.0
AML_040_01	Nilotinib	Nilotinib_AML_040_01	226.05342	11.7
AML_041_01	Nilotinib	Nilotinib_AML_041_01	220.71259	5.1
AML_042_01	Nilotinib	Nilotinib_AML_042_01	222.64018	7.2
AML_043_02	Nilotinib	Nilotinib_AML_043_02	240.63736	0.0
AML_045_01	Nilotinib	Nilotinib_AML_045_01	233.51434	1.9
AML_046_01	Nilotinib	Nilotinib_AML_046_01	231.38795	9.5
AML_051_01	Nilotinib	Nilotinib_AML_051_01	229.89613	0.1
AML_052_01	Nilotinib	Nilotinib_AML_052_01	235.36269	0.0
AML_053_01	Nilotinib	Nilotinib_AML_053_01	235.02481	0.0
AML_054_01	Nilotinib	Nilotinib_AML_054_01	238.1736	6.7
AML_057_01	Nilotinib	Nilotinib_AML_057_01	223.94244	6.4
AML_058_01	Nilotinib	Nilotinib_AML_058_01	230.64627	6.5
AML_059_01	Nilotinib	Nilotinib_AML_059_01	230.10707	6.1
AML_060_01	Nilotinib	Nilotinib_AML_060_01	237.55252	0.2
AML_061_01	Nilotinib	Nilotinib_AML_061_01	227.14056	2.8
AML_062_01	Nilotinib	Nilotinib_AML_062_01	213.55646	7.4
AML_064_01	Nilotinib	Nilotinib_AML_064_01	217.34291	0.0
AML_065_01	Nilotinib	Nilotinib_AML_065_01	220.44298	7.6
AML_067_01	Nilotinib	Nilotinib_AML_067_01	215.40205	7.5
AML_070_01	Nilotinib	Nilotinib_AML_070_01	225.28436	0.1
AML_072_01	Nilotinib	Nilotinib_AML_072_01	238.01305	0.0
AML_073_01	Nilotinib	Nilotinib_AML_073_01	235.36705	0.6
AML_074_01	Nilotinib	Nilotinib_AML_074_01	221.95558	0.2
AML_075_01	Nilotinib	Nilotinib_AML_075_01	221.18933	0.0
AML_076_01	Nilotinib	Nilotinib_AML_076_01	224.47673	0.0
AML_076_02	Nilotinib	Nilotinib_AML_076_02	225.4168	0.0
AML_077_01	Nilotinib	Nilotinib_AML_077_01	230.80878	0.0
AML_078_02	Nilotinib	Nilotinib_AML_078_02	220.65788	0.0
AML_084_01	Nilotinib	Nilotinib_AML_084_01	226.36177	4.2
AML_086_02	Nilotinib	Nilotinib_AML_086_02	234.73856	0.9
AML_098_01	Nilotinib	Nilotinib_AML_098_01	219.31601	0.0
AML_100_01	Nilotinib	Nilotinib_AML_100_01	224.5651	0.0
AML_101_01	Nilotinib	Nilotinib_AML_101_01	228.65608	12.8
AML_101_02	Nilotinib	Nilotinib_AML_101_02	237.4503	3.1
AML_102_01	Nilotinib	Nilotinib_AML_102_01	214.1679	0.0
AML_103_01	Nilotinib	Nilotinib_AML_103_01	209.39677	0.0
AML_103_02	Nilotinib	Nilotinib_AML_103_02	237.47446	3.0
AML_104_01	Nilotinib	Nilotinib_AML_104_01	220.1726	0.0
AML_108_01	Nilotinib	Nilotinib_AML_108_01	218.08186	0.9
AML_109_01	Nilotinib	Nilotinib_AML_109_01	230.70152	0.0
AML_110_01	Nilotinib	Nilotinib_AML_110_01	224.17491	0.6
AML_112_01	Nilotinib	Nilotinib_AML_112_01	216.34302	1.5
AML_112_02	Nilotinib	Nilotinib_AML_112_02	221.04788	0.5
AML_113_01	Nilotinib	Nilotinib_AML_113_01	228.63283	0.9
AML_114_01	Nilotinib	Nilotinib_AML_114_01	216.70483	0.6
AML_115_01	Nilotinib	Nilotinib_AML_115_01	221.18091	6.4
AML_116_01	Nilotinib	Nilotinib_AML_116_01	222.11273	0.0
AML_117_01	Nilotinib	Nilotinib_AML_117_01	226.4454	0.7
AML_119_01	Nilotinib	Nilotinib_AML_119_01	212.55748	1.9
AML_120_01	Nilotinib	Nilotinib_AML_120_01	225.46854	7.5
AML_120_03	Nilotinib	Nilotinib_AML_120_03	226.82988	7.4
AML_122_01	Nilotinib	Nilotinib_AML_122_01	220.70706	0.0
AML_123_01	Nilotinib	Nilotinib_AML_123_01	228.217	0.0
AML_124_01	Nilotinib	Nilotinib_AML_124_01	230.92815	0.0
AML_125_01	Nilotinib	Nilotinib_AML_125_01	234.09958	19.8
AML_126_01	Nilotinib	Nilotinib_AML_126_01	222.08203	0.0
AML_127_01	Nilotinib	Nilotinib_AML_127_01	220.38686	0.0
AML_128_01	Nilotinib	Nilotinib_AML_128_01	233.71452	0.0
AML_129_02	Nilotinib	Nilotinib_AML_129_02	227.58739	7.8
AML_129_03	Nilotinib	Nilotinib_AML_129_03	229.38342	0.0
AML_131_01	Nilotinib	Nilotinib_AML_131_01	220.07758	0.0
AML_133_01	Nilotinib	Nilotinib_AML_133_01	238.00955	0.0
AML_134_01	Nilotinib	Nilotinib_AML_134_01	235.80699	0.0
AML_135_01	Nilotinib	Nilotinib_AML_135_01	233.4325	0.0
AML_138_01	Nilotinib	Nilotinib_AML_138_01	238.52661	0.0
AML_139_01	Nilotinib	Nilotinib_AML_139_01	237.15254	2.6
AML_140_01	Nilotinib	Nilotinib_AML_140_01	229.3286	0.0
AML_142_01	Nilotinib	Nilotinib_AML_142_01	238.65247	6.7
AML_143_01	Nilotinib	Nilotinib_AML_143_01	228.89964	6.7
AML_144_01	Nilotinib	Nilotinib_AML_144_01	239.60707	5.8
AML_146_01	Nilotinib	Nilotinib_AML_146_01	235.07828	0.0
AML_147_01	Nilotinib	Nilotinib_AML_147_01	228.76219	2.0
AML_151_01	Nilotinib	Nilotinib_AML_151_01	225.47986	12.1
AML_152_01	Nilotinib	Nilotinib_AML_152_01	232.18513	1.2
AML_153_01	Nilotinib	Nilotinib_AML_153_01	236.05992	0.0
AML_156_01	Nilotinib	Nilotinib_AML_156_01	230.98256	4.9
AML_157_01	Nilotinib	Nilotinib_AML_157_01	228.26399	0.0
AML_157_02	Nilotinib	Nilotinib_AML_157_02	228.83504	1.8
AML_158_01	Nilotinib	Nilotinib_AML_158_01	233.93077	0.3
AML_159_01	Nilotinib	Nilotinib_AML_159_01	234.38817	3.4
AML_160_01	Nilotinib	Nilotinib_AML_160_01	225.0887	0.0
AML_161_01	Nilotinib	Nilotinib_AML_161_01	237.30838	1.6
AML_175_01	Nilotinib	Nilotinib_AML_175_01	224.7168	0.0
AML_179_01	Nilotinib	Nilotinib_AML_179_01	236.45367	0.0
AML_183_01	Nilotinib	Nilotinib_AML_183_01	226.99188	0.0
AML_183_02	Nilotinib	Nilotinib_AML_183_02	215.35103	0.0
AML_183_03	Nilotinib	Nilotinib_AML_183_03	217.69035	0.0
AML_184_01	Nilotinib	Nilotinib_AML_184_01	219.05968	7.8
AML_185_01	Nilotinib	Nilotinib_AML_185_01	242.70546	0.0
AML_004_01	NVP-AEW541	NVP-AEW541_AML_004_01	214.77657	9.2
AML_019_01	NVP-AEW541	NVP-AEW541_AML_019_01	204.25037	8.8
AML_025_01	NVP-AEW541	NVP-AEW541_AML_025_01	220.39339	6.6
AML_026_01	NVP-AEW541	NVP-AEW541_AML_026_01	218.57811	6.6
AML_029_01	NVP-AEW541	NVP-AEW541_AML_029_01	213.09001	4.4
AML_030_01	NVP-AEW541	NVP-AEW541_AML_030_01	208.41336	6.6
AML_033_01	NVP-AEW541	NVP-AEW541_AML_033_01	211.20427	8.7
AML_033_02	NVP-AEW541	NVP-AEW541_AML_033_02	194.18192	9.1
AML_041_01	NVP-AEW541	NVP-AEW541_AML_041_01	215.76959	6.5
AML_042_01	NVP-AEW541	NVP-AEW541_AML_042_01	214.1582	16.2
AML_043_02	NVP-AEW541	NVP-AEW541_AML_043_02	201.52565	7.1
AML_046_01	NVP-AEW541	NVP-AEW541_AML_046_01	200.86642	28.3
AML_052_01	NVP-AEW541	NVP-AEW541_AML_052_01	213.9016	10.4
AML_057_01	NVP-AEW541	NVP-AEW541_AML_057_01	217.62807	5.9
AML_058_01	NVP-AEW541	NVP-AEW541_AML_058_01	213.18372	7.2
AML_059_01	NVP-AEW541	NVP-AEW541_AML_059_01	210.56401	11.8
AML_060_01	NVP-AEW541	NVP-AEW541_AML_060_01	206.96399	14.1
AML_061_01	NVP-AEW541	NVP-AEW541_AML_061_01	207.57236	10.5
AML_062_01	NVP-AEW541	NVP-AEW541_AML_062_01	208.01646	15.9
AML_064_01	NVP-AEW541	NVP-AEW541_AML_064_01	214.47128	10.9
AML_065_01	NVP-AEW541	NVP-AEW541_AML_065_01	206.10721	9.3
AML_067_01	NVP-AEW541	NVP-AEW541_AML_067_01	216.07655	7.7
AML_070_01	NVP-AEW541	NVP-AEW541_AML_070_01	212.94682	7.6
AML_072_01	NVP-AEW541	NVP-AEW541_AML_072_01	216.94753	1.5
AML_073_01	NVP-AEW541	NVP-AEW541_AML_073_01	211.92018	5.1
AML_074_01	NVP-AEW541	NVP-AEW541_AML_074_01	212.72467	6.4
AML_075_01	NVP-AEW541	NVP-AEW541_AML_075_01	210.64568	2.3
AML_076_01	NVP-AEW541	NVP-AEW541_AML_076_01	212.91852	4.1
AML_076_02	NVP-AEW541	NVP-AEW541_AML_076_02	203.47435	0.0
AML_077_01	NVP-AEW541	NVP-AEW541_AML_077_01	209.39761	9.0
AML_078_02	NVP-AEW541	NVP-AEW541_AML_078_02	215.9808	5.4
AML_086_02	NVP-AEW541	NVP-AEW541_AML_086_02	210.74088	1.4
AML_098_01	NVP-AEW541	NVP-AEW541_AML_098_01	212.8425	8.8
AML_100_01	NVP-AEW541	NVP-AEW541_AML_100_01	214.72214	7.2
AML_101_01	NVP-AEW541	NVP-AEW541_AML_101_01	201.26157	11.8
AML_101_02	NVP-AEW541	NVP-AEW541_AML_101_02	211.42198	5.4
AML_102_01	NVP-AEW541	NVP-AEW541_AML_102_01	210.9476	4.6
AML_103_01	NVP-AEW541	NVP-AEW541_AML_103_01	206.41428	5.3
AML_103_02	NVP-AEW541	NVP-AEW541_AML_103_02	200.6011	9.0
AML_104_01	NVP-AEW541	NVP-AEW541_AML_104_01	214.94647	3.0
AML_108_01	NVP-AEW541	NVP-AEW541_AML_108_01	214.88063	8.6
AML_109_01	NVP-AEW541	NVP-AEW541_AML_109_01	201.59134	8.3
AML_110_01	NVP-AEW541	NVP-AEW541_AML_110_01	213.28645	8.2
AML_112_01	NVP-AEW541	NVP-AEW541_AML_112_01	212.42587	5.4
AML_112_02	NVP-AEW541	NVP-AEW541_AML_112_02	212.80688	5.8
AML_113_01	NVP-AEW541	NVP-AEW541_AML_113_01	209.63339	7.2
AML_114_01	NVP-AEW541	NVP-AEW541_AML_114_01	207.9579	6.8
AML_115_01	NVP-AEW541	NVP-AEW541_AML_115_01	207.5052	9.2
AML_116_01	NVP-AEW541	NVP-AEW541_AML_116_01	209.76088	5.0
AML_117_01	NVP-AEW541	NVP-AEW541_AML_117_01	214.4023	10.2
AML_119_01	NVP-AEW541	NVP-AEW541_AML_119_01	206.61322	4.8
AML_122_01	NVP-AEW541	NVP-AEW541_AML_122_01	219.57625	4.9
AML_123_01	NVP-AEW541	NVP-AEW541_AML_123_01	218.37056	8.8
AML_124_01	NVP-AEW541	NVP-AEW541_AML_124_01	214.27791	12.2
AML_125_01	NVP-AEW541	NVP-AEW541_AML_125_01	214.50655	3.3
AML_126_01	NVP-AEW541	NVP-AEW541_AML_126_01	213.21652	0.0
AML_127_01	NVP-AEW541	NVP-AEW541_AML_127_01	213.12708	0.0
AML_128_01	NVP-AEW541	NVP-AEW541_AML_128_01	213.63329	4.8
AML_131_01	NVP-AEW541	NVP-AEW541_AML_131_01	216.74802	4.6
AML_133_01	NVP-AEW541	NVP-AEW541_AML_133_01	205.24698	7.9
AML_134_01	NVP-AEW541	NVP-AEW541_AML_134_01	208.39372	2.6
AML_135_01	NVP-AEW541	NVP-AEW541_AML_135_01	209.95863	12.8
AML_138_01	NVP-AEW541	NVP-AEW541_AML_138_01	211.59982	3.0
AML_139_01	NVP-AEW541	NVP-AEW541_AML_139_01	220.41168	9.0
AML_140_01	NVP-AEW541	NVP-AEW541_AML_140_01	216.91478	5.6
AML_142_01	NVP-AEW541	NVP-AEW541_AML_142_01	202.7809	5.5
AML_143_01	NVP-AEW541	NVP-AEW541_AML_143_01	214.33665	5.8
AML_144_01	NVP-AEW541	NVP-AEW541_AML_144_01	220.4442	9.1
AML_146_01	NVP-AEW541	NVP-AEW541_AML_146_01	216.4295	6.1
AML_147_01	NVP-AEW541	NVP-AEW541_AML_147_01	218.59625	8.7
AML_151_01	NVP-AEW541	NVP-AEW541_AML_151_01	208.57059	14.0
AML_152_01	NVP-AEW541	NVP-AEW541_AML_152_01	212.97156	7.4
AML_153_01	NVP-AEW541	NVP-AEW541_AML_153_01	201.30318	5.3
AML_156_01	NVP-AEW541	NVP-AEW541_AML_156_01	206.46416	7.4
AML_157_01	NVP-AEW541	NVP-AEW541_AML_157_01	215.58337	8.6
AML_157_02	NVP-AEW541	NVP-AEW541_AML_157_02	218.63461	6.7
AML_158_01	NVP-AEW541	NVP-AEW541_AML_158_01	220.01224	8.5
AML_159_01	NVP-AEW541	NVP-AEW541_AML_159_01	217.65047	9.8
AML_160_01	NVP-AEW541	NVP-AEW541_AML_160_01	211.07831	6.8
AML_161_01	NVP-AEW541	NVP-AEW541_AML_161_01	204.8139	8.3
AML_183_01	NVP-AEW541	NVP-AEW541_AML_183_01	217.7158	4.9
AML_183_02	NVP-AEW541	NVP-AEW541_AML_183_02	212.4534	0.0
AML_183_03	NVP-AEW541	NVP-AEW541_AML_183_03	210.62598	6.1
AML_001_01	Olaparib	Olaparib_AML_001_01	235.95695	0.1
AML_001_03	Olaparib	Olaparib_AML_001_03	233.0809	6.1
AML_002_01	Olaparib	Olaparib_AML_002_01	227.92438	0.9
AML_003_02	Olaparib	Olaparib_AML_003_02	219.33342	4.6
AML_004_01	Olaparib	Olaparib_AML_004_01	232.62509	1.9
AML_006_02	Olaparib	Olaparib_AML_006_02	228.2659	0.0
AML_007_01	Olaparib	Olaparib_AML_007_01	228.67102	0.0
AML_007_02	Olaparib	Olaparib_AML_007_02	232.85312	0.8
AML_012_01	Olaparib	Olaparib_AML_012_01	220.83348	1.1
AML_013_01	Olaparib	Olaparib_AML_013_01	228.49298	1.0
AML_014_01	Olaparib	Olaparib_AML_014_01	229.16739	2.3
AML_015_01	Olaparib	Olaparib_AML_015_01	232.04066	4.9
AML_015_02	Olaparib	Olaparib_AML_015_02	226.10588	2.0
AML_015_03	Olaparib	Olaparib_AML_015_03	230.6028	1.5
AML_015_04	Olaparib	Olaparib_AML_015_04	227.03102	9.4
AML_018_01	Olaparib	Olaparib_AML_018_01	222.82089	8.0
AML_019_01	Olaparib	Olaparib_AML_019_01	223.54868	1.9
AML_020_01	Olaparib	Olaparib_AML_020_01	229.69	1.4
AML_022_01	Olaparib	Olaparib_AML_022_01	225.14474	0.0
AML_023_01	Olaparib	Olaparib_AML_023_01	222.55464	0.0
AML_023_03	Olaparib	Olaparib_AML_023_03	222.6464	0.0
AML_023_04	Olaparib	Olaparib_AML_023_04	223.50726	0.1
AML_024_01	Olaparib	Olaparib_AML_024_01	232.6771	4.6
AML_025_01	Olaparib	Olaparib_AML_025_01	236.52301	2.7
AML_026_01	Olaparib	Olaparib_AML_026_01	235.6745	0.0
AML_028_01	Olaparib	Olaparib_AML_028_01	232.27878	0.0
AML_028_04	Olaparib	Olaparib_AML_028_04	217.04543	5.3
AML_029_01	Olaparib	Olaparib_AML_029_01	225.16641	0.0
AML_030_01	Olaparib	Olaparib_AML_030_01	221.17247	0.5
AML_032_01	Olaparib	Olaparib_AML_032_01	231.888	4.8
AML_033_01	Olaparib	Olaparib_AML_033_01	225.31189	1.5
AML_033_02	Olaparib	Olaparib_AML_033_02	217.63403	1.4
AML_035_02	Olaparib	Olaparib_AML_035_02	236.29132	0.2
AML_035_04	Olaparib	Olaparib_AML_035_04	223.23619	0.0
AML_036_01	Olaparib	Olaparib_AML_036_01	234.73584	2.3
AML_040_01	Olaparib	Olaparib_AML_040_01	229.69958	0.0
AML_041_01	Olaparib	Olaparib_AML_041_01	229.13828	0.2
AML_042_01	Olaparib	Olaparib_AML_042_01	227.47836	1.0
AML_043_02	Olaparib	Olaparib_AML_043_02	223.13965	5.8
AML_045_01	Olaparib	Olaparib_AML_045_01	231.87894	0.0
AML_046_01	Olaparib	Olaparib_AML_046_01	224.21327	0.0
AML_051_01	Olaparib	Olaparib_AML_051_01	225.53645	0.0
AML_052_01	Olaparib	Olaparib_AML_052_01	230.80121	2.6
AML_053_01	Olaparib	Olaparib_AML_053_01	237.22646	0.1
AML_054_01	Olaparib	Olaparib_AML_054_01	224.7896	2.0
AML_057_01	Olaparib	Olaparib_AML_057_01	233.54073	0.4
AML_058_01	Olaparib	Olaparib_AML_058_01	229.98128	1.0
AML_059_01	Olaparib	Olaparib_AML_059_01	228.5687	1.0
AML_060_01	Olaparib	Olaparib_AML_060_01	229.92587	3.1
AML_061_01	Olaparib	Olaparib_AML_061_01	228.22871	0.0
AML_062_01	Olaparib	Olaparib_AML_062_01	220.59839	0.0
AML_064_01	Olaparib	Olaparib_AML_064_01	223.1789	1.4
AML_065_01	Olaparib	Olaparib_AML_065_01	224.60547	2.3
AML_067_01	Olaparib	Olaparib_AML_067_01	230.24759	3.2
AML_070_01	Olaparib	Olaparib_AML_070_01	226.97523	1.1
AML_072_01	Olaparib	Olaparib_AML_072_01	233.34882	0.7
AML_073_01	Olaparib	Olaparib_AML_073_01	227.45045	1.4
AML_074_01	Olaparib	Olaparib_AML_074_01	230.78085	2.6
AML_075_01	Olaparib	Olaparib_AML_075_01	222.88692	1.9
AML_076_01	Olaparib	Olaparib_AML_076_01	227.28302	3.2
AML_076_02	Olaparib	Olaparib_AML_076_02	221.60294	2.9
AML_077_01	Olaparib	Olaparib_AML_077_01	226.99612	4.7
AML_078_02	Olaparib	Olaparib_AML_078_02	229.94595	4.0
AML_084_01	Olaparib	Olaparib_AML_084_01	222.37355	5.0
AML_086_02	Olaparib	Olaparib_AML_086_02	229.8361	2.8
AML_098_01	Olaparib	Olaparib_AML_098_01	226.61423	6.2
AML_100_01	Olaparib	Olaparib_AML_100_01	232.47348	1.6
AML_101_01	Olaparib	Olaparib_AML_101_01	219.5301	0.0
AML_101_02	Olaparib	Olaparib_AML_101_02	228.59608	0.0
AML_102_01	Olaparib	Olaparib_AML_102_01	223.391	1.0
AML_103_01	Olaparib	Olaparib_AML_103_01	214.3553	2.2
AML_103_02	Olaparib	Olaparib_AML_103_02	221.02579	3.6
AML_104_01	Olaparib	Olaparib_AML_104_01	231.35744	3.2
AML_108_01	Olaparib	Olaparib_AML_108_01	229.5758	4.0
AML_109_01	Olaparib	Olaparib_AML_109_01	221.10635	0.0
AML_110_01	Olaparib	Olaparib_AML_110_01	229.07355	7.5
AML_112_01	Olaparib	Olaparib_AML_112_01	223.45506	0.9
AML_112_02	Olaparib	Olaparib_AML_112_02	228.48175	1.3
AML_113_01	Olaparib	Olaparib_AML_113_01	227.44077	3.4
AML_114_01	Olaparib	Olaparib_AML_114_01	224.50838	0.0
AML_115_01	Olaparib	Olaparib_AML_115_01	223.9515	5.2
AML_116_01	Olaparib	Olaparib_AML_116_01	227.52522	2.2
AML_117_01	Olaparib	Olaparib_AML_117_01	231.0966	2.5
AML_119_01	Olaparib	Olaparib_AML_119_01	221.2043	3.1
AML_120_01	Olaparib	Olaparib_AML_120_01	228.24236	4.2
AML_120_03	Olaparib	Olaparib_AML_120_03	228.35904	3.6
AML_122_01	Olaparib	Olaparib_AML_122_01	226.82445	3.4
AML_123_01	Olaparib	Olaparib_AML_123_01	234.65028	2.7
AML_124_01	Olaparib	Olaparib_AML_124_01	230.35605	4.9
AML_125_01	Olaparib	Olaparib_AML_125_01	233.65071	5.7
AML_126_01	Olaparib	Olaparib_AML_126_01	223.68462	2.9
AML_127_01	Olaparib	Olaparib_AML_127_01	227.78775	2.0
AML_128_01	Olaparib	Olaparib_AML_128_01	229.60727	2.9
AML_129_02	Olaparib	Olaparib_AML_129_02	229.6228	0.0
AML_129_03	Olaparib	Olaparib_AML_129_03	226.59555	0.0
AML_131_01	Olaparib	Olaparib_AML_131_01	228.25893	0.0
AML_133_01	Olaparib	Olaparib_AML_133_01	223.65817	3.3
AML_134_01	Olaparib	Olaparib_AML_134_01	225.62343	5.6
AML_135_01	Olaparib	Olaparib_AML_135_01	228.75171	3.1
AML_138_01	Olaparib	Olaparib_AML_138_01	231.0388	2.8
AML_139_01	Olaparib	Olaparib_AML_139_01	238.11331	4.7
AML_140_01	Olaparib	Olaparib_AML_140_01	237.93852	1.4
AML_142_01	Olaparib	Olaparib_AML_142_01	223.16501	7.3
AML_143_01	Olaparib	Olaparib_AML_143_01	232.07585	4.4
AML_144_01	Olaparib	Olaparib_AML_144_01	239.98808	3.4
AML_146_01	Olaparib	Olaparib_AML_146_01	234.58798	3.7
AML_147_01	Olaparib	Olaparib_AML_147_01	236.75058	2.5
AML_151_01	Olaparib	Olaparib_AML_151_01	227.12274	4.8
AML_152_01	Olaparib	Olaparib_AML_152_01	233.07156	4.4
AML_153_01	Olaparib	Olaparib_AML_153_01	219.64644	6.1
AML_156_01	Olaparib	Olaparib_AML_156_01	226.29541	4.6
AML_157_01	Olaparib	Olaparib_AML_157_01	228.99289	4.0
AML_157_02	Olaparib	Olaparib_AML_157_02	231.36893	2.6
AML_158_01	Olaparib	Olaparib_AML_158_01	237.46994	3.1
AML_159_01	Olaparib	Olaparib_AML_159_01	235.8541	1.7
AML_160_01	Olaparib	Olaparib_AML_160_01	230.34622	0.5
AML_161_01	Olaparib	Olaparib_AML_161_01	228.67264	11.3
AML_175_01	Olaparib	Olaparib_AML_175_01	234.30733	1.3
AML_179_01	Olaparib	Olaparib_AML_179_01	226.45662	0.3
AML_183_01	Olaparib	Olaparib_AML_183_01	233.88423	2.6
AML_183_02	Olaparib	Olaparib_AML_183_02	224.40579	2.3
AML_183_03	Olaparib	Olaparib_AML_183_03	224.58505	3.3
AML_184_01	Olaparib	Olaparib_AML_184_01	231.5316	0.0
AML_185_01	Olaparib	Olaparib_AML_185_01	235.2434	2.2
AML_001_01	Palbociclib	Palbociclib_AML_001_01	238.41489	1.2
AML_001_03	Palbociclib	Palbociclib_AML_001_03	243.02763	6.2
AML_002_01	Palbociclib	Palbociclib_AML_002_01	226.09349	5.3
AML_003_02	Palbociclib	Palbociclib_AML_003_02	219.52174	11.6
AML_004_01	Palbociclib	Palbociclib_AML_004_01	237.31024	6.7
AML_006_02	Palbociclib	Palbociclib_AML_006_02	241.75084	1.8
AML_007_01	Palbociclib	Palbociclib_AML_007_01	244.41565	1.7
AML_007_02	Palbociclib	Palbociclib_AML_007_02	244.69455	0.1
AML_012_01	Palbociclib	Palbociclib_AML_012_01	211.65994	8.8
AML_013_01	Palbociclib	Palbociclib_AML_013_01	222.78748	12.8
AML_014_01	Palbociclib	Palbociclib_AML_014_01	231.65515	8.8
AML_015_01	Palbociclib	Palbociclib_AML_015_01	233.46947	5.3
AML_015_02	Palbociclib	Palbociclib_AML_015_02	238.4156	1.6
AML_015_03	Palbociclib	Palbociclib_AML_015_03	237.24945	6.5
AML_015_04	Palbociclib	Palbociclib_AML_015_04	224.82274	5.3
AML_018_01	Palbociclib	Palbociclib_AML_018_01	223.59865	14.2
AML_019_01	Palbociclib	Palbociclib_AML_019_01	219.1526	5.6
AML_020_01	Palbociclib	Palbociclib_AML_020_01	227.17247	5.2
AML_022_01	Palbociclib	Palbociclib_AML_022_01	240.03789	4.2
AML_023_01	Palbociclib	Palbociclib_AML_023_01	239.51448	5.0
AML_023_03	Palbociclib	Palbociclib_AML_023_03	235.81479	0.6
AML_023_04	Palbociclib	Palbociclib_AML_023_04	234.61427	4.6
AML_024_01	Palbociclib	Palbociclib_AML_024_01	228.81921	3.2
AML_025_01	Palbociclib	Palbociclib_AML_025_01	242.15054	4.3
AML_026_01	Palbociclib	Palbociclib_AML_026_01	248.35782	2.3
AML_028_01	Palbociclib	Palbociclib_AML_028_01	233.33679	7.3
AML_028_04	Palbociclib	Palbociclib_AML_028_04	216.7177	6.7
AML_029_01	Palbociclib	Palbociclib_AML_029_01	240.64877	3.8
AML_030_01	Palbociclib	Palbociclib_AML_030_01	239.3805	2.0
AML_032_01	Palbociclib	Palbociclib_AML_032_01	232.94025	4.8
AML_033_01	Palbociclib	Palbociclib_AML_033_01	230.68117	7.0
AML_033_02	Palbociclib	Palbociclib_AML_033_02	210.2417	6.7
AML_035_02	Palbociclib	Palbociclib_AML_035_02	234.07921	12.6
AML_035_04	Palbociclib	Palbociclib_AML_035_04	216.4982	12.0
AML_036_01	Palbociclib	Palbociclib_AML_036_01	243.16402	9.8
AML_040_01	Palbociclib	Palbociclib_AML_040_01	236.74156	6.8
AML_041_01	Palbociclib	Palbociclib_AML_041_01	244.93567	3.5
AML_042_01	Palbociclib	Palbociclib_AML_042_01	244.5415	2.1
AML_043_02	Palbociclib	Palbociclib_AML_043_02	212.23857	5.6
AML_045_01	Palbociclib	Palbociclib_AML_045_01	235.56082	0.0
AML_046_01	Palbociclib	Palbociclib_AML_046_01	222.74046	11.4
AML_051_01	Palbociclib	Palbociclib_AML_051_01	229.37953	0.0
AML_052_01	Palbociclib	Palbociclib_AML_052_01	232.28465	6.9
AML_053_01	Palbociclib	Palbociclib_AML_053_01	244.00833	5.3
AML_054_01	Palbociclib	Palbociclib_AML_054_01	220.96365	9.8
AML_057_01	Palbociclib	Palbociclib_AML_057_01	244.18048	1.0
AML_058_01	Palbociclib	Palbociclib_AML_058_01	234.48247	5.1
AML_059_01	Palbociclib	Palbociclib_AML_059_01	232.84915	3.4
AML_060_01	Palbociclib	Palbociclib_AML_060_01	225.40678	5.6
AML_061_01	Palbociclib	Palbociclib_AML_061_01	233.78809	1.3
AML_062_01	Palbociclib	Palbociclib_AML_062_01	233.79424	3.0
AML_064_01	Palbociclib	Palbociclib_AML_064_01	239.641	3.5
AML_065_01	Palbociclib	Palbociclib_AML_065_01	235.9484	3.7
AML_067_01	Palbociclib	Palbociclib_AML_067_01	244.82463	6.3
AML_070_01	Palbociclib	Palbociclib_AML_070_01	242.30487	5.8
AML_072_01	Palbociclib	Palbociclib_AML_072_01	236.52841	4.7
AML_073_01	Palbociclib	Palbociclib_AML_073_01	233.6386	1.9
AML_074_01	Palbociclib	Palbociclib_AML_074_01	244.80348	8.4
AML_075_01	Palbociclib	Palbociclib_AML_075_01	240.9997	4.1
AML_076_01	Palbociclib	Palbociclib_AML_076_01	240.13579	4.9
AML_076_02	Palbociclib	Palbociclib_AML_076_02	226.17079	7.3
AML_077_01	Palbociclib	Palbociclib_AML_077_01	235.29459	11.2
AML_078_02	Palbociclib	Palbociclib_AML_078_02	245.12013	5.8
AML_084_01	Palbociclib	Palbociclib_AML_084_01	229.33989	8.0
AML_086_02	Palbociclib	Palbociclib_AML_086_02	233.96959	8.3
AML_098_01	Palbociclib	Palbociclib_AML_098_01	238.3421	3.7
AML_100_01	Palbociclib	Palbociclib_AML_100_01	244.62363	3.8
AML_101_01	Palbociclib	Palbociclib_AML_101_01	226.00499	4.7
AML_101_02	Palbociclib	Palbociclib_AML_101_02	232.2079	6.2
AML_102_01	Palbociclib	Palbociclib_AML_102_01	241.2919	3.4
AML_103_01	Palbociclib	Palbociclib_AML_103_01	232.7731	3.7
AML_103_02	Palbociclib	Palbociclib_AML_103_02	211.47624	8.5
AML_104_01	Palbociclib	Palbociclib_AML_104_01	246.11514	6.0
AML_108_01	Palbociclib	Palbociclib_AML_108_01	241.96147	6.6
AML_109_01	Palbociclib	Palbociclib_AML_109_01	224.94685	1.2
AML_110_01	Palbociclib	Palbociclib_AML_110_01	240.23589	6.6
AML_112_01	Palbociclib	Palbociclib_AML_112_01	240.64838	6.2
AML_112_02	Palbociclib	Palbociclib_AML_112_02	240.19124	4.0
AML_113_01	Palbociclib	Palbociclib_AML_113_01	227.72675	7.4
AML_114_01	Palbociclib	Palbociclib_AML_114_01	241.61766	3.8
AML_115_01	Palbociclib	Palbociclib_AML_115_01	238.1167	4.9
AML_116_01	Palbociclib	Palbociclib_AML_116_01	239.55458	4.9
AML_117_01	Palbociclib	Palbociclib_AML_117_01	243.17259	3.3
AML_119_01	Palbociclib	Palbociclib_AML_119_01	241.61183	5.8
AML_120_01	Palbociclib	Palbociclib_AML_120_01	235.90408	7.3
AML_120_03	Palbociclib	Palbociclib_AML_120_03	236.14899	10.5
AML_122_01	Palbociclib	Palbociclib_AML_122_01	243.91113	1.6
AML_123_01	Palbociclib	Palbociclib_AML_123_01	248.27512	10.1
AML_124_01	Palbociclib	Palbociclib_AML_124_01	242.34384	13.8
AML_125_01	Palbociclib	Palbociclib_AML_125_01	235.65369	23.5
AML_126_01	Palbociclib	Palbociclib_AML_126_01	239.44519	7.9
AML_127_01	Palbociclib	Palbociclib_AML_127_01	239.95894	10.4
AML_128_01	Palbociclib	Palbociclib_AML_128_01	238.19234	4.3
AML_129_02	Palbociclib	Palbociclib_AML_129_02	234.62373	0.0
AML_129_03	Palbociclib	Palbociclib_AML_129_03	231.58969	0.8
AML_131_01	Palbociclib	Palbociclib_AML_131_01	241.44217	5.4
AML_133_01	Palbociclib	Palbociclib_AML_133_01	219.9307	8.3
AML_134_01	Palbociclib	Palbociclib_AML_134_01	223.96274	4.8
AML_135_01	Palbociclib	Palbociclib_AML_135_01	238.34666	5.5
AML_138_01	Palbociclib	Palbociclib_AML_138_01	227.34311	12.3
AML_139_01	Palbociclib	Palbociclib_AML_139_01	240.82463	5.3
AML_140_01	Palbociclib	Palbociclib_AML_140_01	243.39594	4.7
AML_142_01	Palbociclib	Palbociclib_AML_142_01	213.90343	9.6
AML_143_01	Palbociclib	Palbociclib_AML_143_01	236.92995	7.4
AML_144_01	Palbociclib	Palbociclib_AML_144_01	241.66333	10.4
AML_146_01	Palbociclib	Palbociclib_AML_146_01	239.51367	4.7
AML_147_01	Palbociclib	Palbociclib_AML_147_01	242.00586	3.8
AML_151_01	Palbociclib	Palbociclib_AML_151_01	230.80786	10.6
AML_152_01	Palbociclib	Palbociclib_AML_152_01	235.11833	9.5
AML_153_01	Palbociclib	Palbociclib_AML_153_01	214.64151	6.9
AML_156_01	Palbociclib	Palbociclib_AML_156_01	229.54778	6.8
AML_157_01	Palbociclib	Palbociclib_AML_157_01	235.94444	5.9
AML_157_02	Palbociclib	Palbociclib_AML_157_02	240.05112	7.5
AML_158_01	Palbociclib	Palbociclib_AML_158_01	242.98395	5.9
AML_159_01	Palbociclib	Palbociclib_AML_159_01	238.98863	8.1
AML_160_01	Palbociclib	Palbociclib_AML_160_01	235.2024	8.2
AML_161_01	Palbociclib	Palbociclib_AML_161_01	222.41783	12.5
AML_175_01	Palbociclib	Palbociclib_AML_175_01	248.41333	3.1
AML_179_01	Palbociclib	Palbociclib_AML_179_01	223.21732	4.0
AML_183_01	Palbociclib	Palbociclib_AML_183_01	246.90916	3.5
AML_183_02	Palbociclib	Palbociclib_AML_183_02	243.45375	5.3
AML_183_03	Palbociclib	Palbociclib_AML_183_03	237.22523	3.8
AML_184_01	Palbociclib	Palbociclib_AML_184_01	245.60255	5.9
AML_185_01	Palbociclib	Palbociclib_AML_185_01	231.3468	3.7
AML_001_01	Panobinostat	Panobinostat_AML_001_01	140.39732	9.7
AML_001_03	Panobinostat	Panobinostat_AML_001_03	121.834366	26.0
AML_002_01	Panobinostat	Panobinostat_AML_002_01	160.126	33.2
AML_003_02	Panobinostat	Panobinostat_AML_003_02	160.95805	23.5
AML_004_01	Panobinostat	Panobinostat_AML_004_01	128.86897	26.1
AML_006_02	Panobinostat	Panobinostat_AML_006_02	122.84668	24.1
AML_007_01	Panobinostat	Panobinostat_AML_007_01	124.67438	22.9
AML_007_02	Panobinostat	Panobinostat_AML_007_02	121.18148	21.4
AML_012_01	Panobinostat	Panobinostat_AML_012_01	179.74329	24.1
AML_013_01	Panobinostat	Panobinostat_AML_013_01	172.21622	30.0
AML_014_01	Panobinostat	Panobinostat_AML_014_01	129.19148	28.6
AML_015_01	Panobinostat	Panobinostat_AML_015_01	144.09319	23.5
AML_015_02	Panobinostat	Panobinostat_AML_015_02	146.59842	24.0
AML_015_03	Panobinostat	Panobinostat_AML_015_03	143.56277	27.5
AML_015_04	Panobinostat	Panobinostat_AML_015_04	157.68057	28.1
AML_018_01	Panobinostat	Panobinostat_AML_018_01	151.08038	33.0
AML_019_01	Panobinostat	Panobinostat_AML_019_01	165.71217	19.3
AML_020_01	Panobinostat	Panobinostat_AML_020_01	162.93242	16.4
AML_022_01	Panobinostat	Panobinostat_AML_022_01	126.89421	39.9
AML_023_01	Panobinostat	Panobinostat_AML_023_01	129.74591	38.1
AML_023_03	Panobinostat	Panobinostat_AML_023_03	140.07623	31.0
AML_023_04	Panobinostat	Panobinostat_AML_023_04	141.06177	25.7
AML_024_01	Panobinostat	Panobinostat_AML_024_01	147.90761	22.3
AML_025_01	Panobinostat	Panobinostat_AML_025_01	135.67255	22.2
AML_026_01	Panobinostat	Panobinostat_AML_026_01	124.681465	16.4
AML_028_01	Panobinostat	Panobinostat_AML_028_01	142.29674	24.1
AML_028_04	Panobinostat	Panobinostat_AML_028_04	168.09734	34.2
AML_029_01	Panobinostat	Panobinostat_AML_029_01	127.87463	20.4
AML_030_01	Panobinostat	Panobinostat_AML_030_01	122.355225	21.1
AML_032_01	Panobinostat	Panobinostat_AML_032_01	141.60986	15.1
AML_033_01	Panobinostat	Panobinostat_AML_033_01	143.64969	18.8
AML_033_02	Panobinostat	Panobinostat_AML_033_02	177.9008	19.2
AML_035_02	Panobinostat	Panobinostat_AML_035_02	142.88547	17.1
AML_035_04	Panobinostat	Panobinostat_AML_035_04	174.295	20.8
AML_036_01	Panobinostat	Panobinostat_AML_036_01	119.56135	18.6
AML_040_01	Panobinostat	Panobinostat_AML_040_01	122.51527	30.0
AML_041_01	Panobinostat	Panobinostat_AML_041_01	123.59596	17.2
AML_042_01	Panobinostat	Panobinostat_AML_042_01	123.67397	26.2
AML_043_02	Panobinostat	Panobinostat_AML_043_02	183.9604	24.1
AML_045_01	Panobinostat	Panobinostat_AML_045_01	136.94174	20.6
AML_046_01	Panobinostat	Panobinostat_AML_046_01	153.52715	27.5
AML_051_01	Panobinostat	Panobinostat_AML_051_01	137.30264	14.6
AML_052_01	Panobinostat	Panobinostat_AML_052_01	136.65038	21.1
AML_053_01	Panobinostat	Panobinostat_AML_053_01	127.86991	23.9
AML_054_01	Panobinostat	Panobinostat_AML_054_01	166.19179	34.2
AML_057_01	Panobinostat	Panobinostat_AML_057_01	125.20053	24.5
AML_058_01	Panobinostat	Panobinostat_AML_058_01	135.8714	22.5
AML_059_01	Panobinostat	Panobinostat_AML_059_01	135.879	23.8
AML_060_01	Panobinostat	Panobinostat_AML_060_01	158.01996	29.3
AML_061_01	Panobinostat	Panobinostat_AML_061_01	126.36008	27.2
AML_062_01	Panobinostat	Panobinostat_AML_062_01	135.71083	25.1
AML_064_01	Panobinostat	Panobinostat_AML_064_01	132.29433	18.4
AML_065_01	Panobinostat	Panobinostat_AML_065_01	133.35954	24.5
AML_067_01	Panobinostat	Panobinostat_AML_067_01	123.97485	25.9
AML_070_01	Panobinostat	Panobinostat_AML_070_01	116.75995	20.3
AML_072_01	Panobinostat	Panobinostat_AML_072_01	139.13577	15.8
AML_073_01	Panobinostat	Panobinostat_AML_073_01	149.08879	16.2
AML_074_01	Panobinostat	Panobinostat_AML_074_01	114.33688	21.0
AML_075_01	Panobinostat	Panobinostat_AML_075_01	116.53746	24.3
AML_076_01	Panobinostat	Panobinostat_AML_076_01	136.78615	17.8
AML_076_02	Panobinostat	Panobinostat_AML_076_02	145.81598	23.1
AML_077_01	Panobinostat	Panobinostat_AML_077_01	137.54202	21.5
AML_078_02	Panobinostat	Panobinostat_AML_078_02	132.31384	23.0
AML_084_01	Panobinostat	Panobinostat_AML_084_01	143.96506	27.7
AML_086_02	Panobinostat	Panobinostat_AML_086_02	152.77357	20.3
AML_098_01	Panobinostat	Panobinostat_AML_098_01	124.46454	16.7
AML_100_01	Panobinostat	Panobinostat_AML_100_01	116.304665	19.4
AML_101_01	Panobinostat	Panobinostat_AML_101_01	161.32883	24.0
AML_101_02	Panobinostat	Panobinostat_AML_101_02	162.57458	18.9
AML_102_01	Panobinostat	Panobinostat_AML_102_01	124.49943	20.0
AML_103_01	Panobinostat	Panobinostat_AML_103_01	133.68564	21.0
AML_103_02	Panobinostat	Panobinostat_AML_103_02	176.85619	26.4
AML_104_01	Panobinostat	Panobinostat_AML_104_01	115.70099	15.8
AML_108_01	Panobinostat	Panobinostat_AML_108_01	122.602615	23.4
AML_109_01	Panobinostat	Panobinostat_AML_109_01	149.05266	23.7
AML_110_01	Panobinostat	Panobinostat_AML_110_01	120.03047	23.4
AML_112_01	Panobinostat	Panobinostat_AML_112_01	125.17616	22.2
AML_112_02	Panobinostat	Panobinostat_AML_112_02	133.44106	23.3
AML_113_01	Panobinostat	Panobinostat_AML_113_01	143.59007	24.8
AML_114_01	Panobinostat	Panobinostat_AML_114_01	114.02057	20.8
AML_115_01	Panobinostat	Panobinostat_AML_115_01	127.23971	25.6
AML_116_01	Panobinostat	Panobinostat_AML_116_01	115.72797	21.7
AML_117_01	Panobinostat	Panobinostat_AML_117_01	119.049934	18.0
AML_119_01	Panobinostat	Panobinostat_AML_119_01	122.807816	21.6
AML_120_01	Panobinostat	Panobinostat_AML_120_01	121.49413	37.8
AML_120_03	Panobinostat	Panobinostat_AML_120_03	131.42331	28.8
AML_122_01	Panobinostat	Panobinostat_AML_122_01	136.67404	24.4
AML_123_01	Panobinostat	Panobinostat_AML_123_01	116.9009	21.3
AML_124_01	Panobinostat	Panobinostat_AML_124_01	125.933754	24.0
AML_125_01	Panobinostat	Panobinostat_AML_125_01	136.20303	21.1
AML_126_01	Panobinostat	Panobinostat_AML_126_01	135.19951	25.4
AML_127_01	Panobinostat	Panobinostat_AML_127_01	119.34161	23.3
AML_128_01	Panobinostat	Panobinostat_AML_128_01	138.26668	19.0
AML_129_02	Panobinostat	Panobinostat_AML_129_02	127.53577	37.6
AML_129_03	Panobinostat	Panobinostat_AML_129_03	140.57065	25.9
AML_131_01	Panobinostat	Panobinostat_AML_131_01	131.7172	16.3
AML_133_01	Panobinostat	Panobinostat_AML_133_01	171.69821	23.6
AML_134_01	Panobinostat	Panobinostat_AML_134_01	169.99524	15.2
AML_135_01	Panobinostat	Panobinostat_AML_135_01	140.76614	25.6
AML_138_01	Panobinostat	Panobinostat_AML_138_01	160.42612	20.7
AML_139_01	Panobinostat	Panobinostat_AML_139_01	132.27995	26.9
AML_140_01	Panobinostat	Panobinostat_AML_140_01	128.36867	22.3
AML_142_01	Panobinostat	Panobinostat_AML_142_01	181.13681	26.6
AML_143_01	Panobinostat	Panobinostat_AML_143_01	127.33247	19.9
AML_144_01	Panobinostat	Panobinostat_AML_144_01	139.27254	21.4
AML_146_01	Panobinostat	Panobinostat_AML_146_01	135.18181	18.6
AML_147_01	Panobinostat	Panobinostat_AML_147_01	130.2591	18.4
AML_151_01	Panobinostat	Panobinostat_AML_151_01	143.15883	26.1
AML_152_01	Panobinostat	Panobinostat_AML_152_01	133.32576	21.3
AML_153_01	Panobinostat	Panobinostat_AML_153_01	176.7177	13.3
AML_156_01	Panobinostat	Panobinostat_AML_156_01	152.42853	24.5
AML_157_01	Panobinostat	Panobinostat_AML_157_01	138.5461	24.0
AML_157_02	Panobinostat	Panobinostat_AML_157_02	134.55553	24.8
AML_158_01	Panobinostat	Panobinostat_AML_158_01	133.61293	20.8
AML_159_01	Panobinostat	Panobinostat_AML_159_01	135.21426	23.1
AML_160_01	Panobinostat	Panobinostat_AML_160_01	144.24962	23.1
AML_161_01	Panobinostat	Panobinostat_AML_161_01	162.27931	21.9
AML_175_01	Panobinostat	Panobinostat_AML_175_01	117.98575	19.9
AML_179_01	Panobinostat	Panobinostat_AML_179_01	157.65927	33.0
AML_183_01	Panobinostat	Panobinostat_AML_183_01	114.44151	17.8
AML_183_02	Panobinostat	Panobinostat_AML_183_02	113.90065	20.9
AML_183_03	Panobinostat	Panobinostat_AML_183_03	129.93886	17.8
AML_184_01	Panobinostat	Panobinostat_AML_184_01	107.7475	29.4
AML_185_01	Panobinostat	Panobinostat_AML_185_01	156.74731	24.1
AML_001_01	Pazopanib	Pazopanib_AML_001_01	225.45753	0.0
AML_001_03	Pazopanib	Pazopanib_AML_001_03	225.82603	0.0
AML_002_01	Pazopanib	Pazopanib_AML_002_01	217.4844	8.5
AML_003_02	Pazopanib	Pazopanib_AML_003_02	213.38	0.0
AML_004_01	Pazopanib	Pazopanib_AML_004_01	220.65727	4.1
AML_006_02	Pazopanib	Pazopanib_AML_006_02	219.145	2.0
AML_007_01	Pazopanib	Pazopanib_AML_007_01	223.99214	0.0
AML_007_02	Pazopanib	Pazopanib_AML_007_02	225.50943	0.0
AML_012_01	Pazopanib	Pazopanib_AML_012_01	215.94882	3.7
AML_013_01	Pazopanib	Pazopanib_AML_013_01	217.6383	4.4
AML_014_01	Pazopanib	Pazopanib_AML_014_01	225.24602	0.0
AML_015_01	Pazopanib	Pazopanib_AML_015_01	223.19997	20.7
AML_015_02	Pazopanib	Pazopanib_AML_015_02	221.7377	15.0
AML_015_03	Pazopanib	Pazopanib_AML_015_03	223.97733	24.2
AML_015_04	Pazopanib	Pazopanib_AML_015_04	217.34036	31.8
AML_018_01	Pazopanib	Pazopanib_AML_018_01	216.57008	6.1
AML_019_01	Pazopanib	Pazopanib_AML_019_01	215.80054	0.0
AML_020_01	Pazopanib	Pazopanib_AML_020_01	223.5471	4.0
AML_022_01	Pazopanib	Pazopanib_AML_022_01	217.48083	1.1
AML_023_01	Pazopanib	Pazopanib_AML_023_01	213.75316	6.9
AML_023_03	Pazopanib	Pazopanib_AML_023_03	213.3374	3.9
AML_023_04	Pazopanib	Pazopanib_AML_023_04	215.48605	3.3
AML_024_01	Pazopanib	Pazopanib_AML_024_01	222.61092	2.5
AML_025_01	Pazopanib	Pazopanib_AML_025_01	229.32736	4.4
AML_026_01	Pazopanib	Pazopanib_AML_026_01	224.62622	1.5
AML_028_01	Pazopanib	Pazopanib_AML_028_01	220.31395	0.0
AML_028_04	Pazopanib	Pazopanib_AML_028_04	209.19525	5.9
AML_029_01	Pazopanib	Pazopanib_AML_029_01	219.3497	1.4
AML_030_01	Pazopanib	Pazopanib_AML_030_01	211.44298	0.0
AML_032_01	Pazopanib	Pazopanib_AML_032_01	223.85	0.0
AML_033_01	Pazopanib	Pazopanib_AML_033_01	220.87494	1.6
AML_033_02	Pazopanib	Pazopanib_AML_033_02	206.53667	2.1
AML_035_02	Pazopanib	Pazopanib_AML_035_02	226.66234	0.0
AML_035_04	Pazopanib	Pazopanib_AML_035_04	217.08646	0.0
AML_036_01	Pazopanib	Pazopanib_AML_036_01	223.56888	0.0
AML_040_01	Pazopanib	Pazopanib_AML_040_01	214.24927	5.6
AML_041_01	Pazopanib	Pazopanib_AML_041_01	219.02803	5.7
AML_042_01	Pazopanib	Pazopanib_AML_042_01	221.05017	0.4
AML_043_02	Pazopanib	Pazopanib_AML_043_02	216.10197	0.0
AML_045_01	Pazopanib	Pazopanib_AML_045_01	223.80115	0.9
AML_046_01	Pazopanib	Pazopanib_AML_046_01	209.6175	11.9
AML_051_01	Pazopanib	Pazopanib_AML_051_01	215.10126	2.0
AML_052_01	Pazopanib	Pazopanib_AML_052_01	224.01935	0.1
AML_053_01	Pazopanib	Pazopanib_AML_053_01	232.6156	0.0
AML_054_01	Pazopanib	Pazopanib_AML_054_01	217.77373	10.0
AML_057_01	Pazopanib	Pazopanib_AML_057_01	220.85147	6.9
AML_058_01	Pazopanib	Pazopanib_AML_058_01	220.86256	5.8
AML_059_01	Pazopanib	Pazopanib_AML_059_01	216.22011	5.4
AML_060_01	Pazopanib	Pazopanib_AML_060_01	218.63597	3.2
AML_061_01	Pazopanib	Pazopanib_AML_061_01	217.47139	1.0
AML_062_01	Pazopanib	Pazopanib_AML_062_01	210.73665	10.1
AML_064_01	Pazopanib	Pazopanib_AML_064_01	217.4219	0.0
AML_065_01	Pazopanib	Pazopanib_AML_065_01	210.78703	2.7
AML_067_01	Pazopanib	Pazopanib_AML_067_01	216.0606	8.9
AML_070_01	Pazopanib	Pazopanib_AML_070_01	220.2876	0.0
AML_072_01	Pazopanib	Pazopanib_AML_072_01	227.18837	1.3
AML_073_01	Pazopanib	Pazopanib_AML_073_01	223.64163	0.0
AML_074_01	Pazopanib	Pazopanib_AML_074_01	215.60979	0.6
AML_075_01	Pazopanib	Pazopanib_AML_075_01	217.27177	0.0
AML_076_01	Pazopanib	Pazopanib_AML_076_01	219.86739	0.0
AML_076_02	Pazopanib	Pazopanib_AML_076_02	210.94994	1.3
AML_077_01	Pazopanib	Pazopanib_AML_077_01	219.15327	0.0
AML_078_02	Pazopanib	Pazopanib_AML_078_02	218.81902	2.9
AML_084_01	Pazopanib	Pazopanib_AML_084_01	213.67609	0.0
AML_086_02	Pazopanib	Pazopanib_AML_086_02	222.8525	3.5
AML_098_01	Pazopanib	Pazopanib_AML_098_01	214.98462	0.0
AML_100_01	Pazopanib	Pazopanib_AML_100_01	218.88443	3.5
AML_101_01	Pazopanib	Pazopanib_AML_101_01	210.68001	12.6
AML_101_02	Pazopanib	Pazopanib_AML_101_02	223.1758	0.4
AML_102_01	Pazopanib	Pazopanib_AML_102_01	211.02043	0.0
AML_103_01	Pazopanib	Pazopanib_AML_103_01	208.64087	1.6
AML_103_02	Pazopanib	Pazopanib_AML_103_02	209.78224	5.9
AML_104_01	Pazopanib	Pazopanib_AML_104_01	218.85327	0.0
AML_108_01	Pazopanib	Pazopanib_AML_108_01	216.76451	0.1
AML_109_01	Pazopanib	Pazopanib_AML_109_01	212.23047	0.6
AML_110_01	Pazopanib	Pazopanib_AML_110_01	218.42494	3.5
AML_112_01	Pazopanib	Pazopanib_AML_112_01	212.75003	7.4
AML_112_02	Pazopanib	Pazopanib_AML_112_02	217.21819	2.7
AML_113_01	Pazopanib	Pazopanib_AML_113_01	219.37048	3.7
AML_114_01	Pazopanib	Pazopanib_AML_114_01	213.12282	1.4
AML_115_01	Pazopanib	Pazopanib_AML_115_01	211.83826	10.7
AML_116_01	Pazopanib	Pazopanib_AML_116_01	214.18604	0.0
AML_117_01	Pazopanib	Pazopanib_AML_117_01	220.8179	2.6
AML_119_01	Pazopanib	Pazopanib_AML_119_01	209.24799	0.4
AML_120_01	Pazopanib	Pazopanib_AML_120_01	219.85425	16.7
AML_120_03	Pazopanib	Pazopanib_AML_120_03	221.94557	11.3
AML_122_01	Pazopanib	Pazopanib_AML_122_01	222.40677	4.4
AML_123_01	Pazopanib	Pazopanib_AML_123_01	223.67189	4.5
AML_124_01	Pazopanib	Pazopanib_AML_124_01	221.80722	1.6
AML_125_01	Pazopanib	Pazopanib_AML_125_01	222.78354	22.2
AML_126_01	Pazopanib	Pazopanib_AML_126_01	216.79694	4.6
AML_127_01	Pazopanib	Pazopanib_AML_127_01	215.8362	0.0
AML_128_01	Pazopanib	Pazopanib_AML_128_01	222.50604	2.6
AML_129_02	Pazopanib	Pazopanib_AML_129_02	217.87852	10.8
AML_129_03	Pazopanib	Pazopanib_AML_129_03	216.13919	4.6
AML_131_01	Pazopanib	Pazopanib_AML_131_01	220.40076	0.0
AML_133_01	Pazopanib	Pazopanib_AML_133_01	220.60391	0.0
AML_134_01	Pazopanib	Pazopanib_AML_134_01	218.62978	0.8
AML_135_01	Pazopanib	Pazopanib_AML_135_01	223.36769	2.6
AML_138_01	Pazopanib	Pazopanib_AML_138_01	222.33708	0.0
AML_139_01	Pazopanib	Pazopanib_AML_139_01	231.6556	0.0
AML_140_01	Pazopanib	Pazopanib_AML_140_01	222.59564	2.6
AML_142_01	Pazopanib	Pazopanib_AML_142_01	217.17747	2.9
AML_143_01	Pazopanib	Pazopanib_AML_143_01	219.78925	0.0
AML_144_01	Pazopanib	Pazopanib_AML_144_01	230.26059	0.0
AML_146_01	Pazopanib	Pazopanib_AML_146_01	224.58327	0.2
AML_147_01	Pazopanib	Pazopanib_AML_147_01	223.99568	7.9
AML_151_01	Pazopanib	Pazopanib_AML_151_01	215.3539	3.2
AML_152_01	Pazopanib	Pazopanib_AML_152_01	221.40547	0.2
AML_153_01	Pazopanib	Pazopanib_AML_153_01	212.50374	1.6
AML_156_01	Pazopanib	Pazopanib_AML_156_01	214.09944	4.0
AML_157_01	Pazopanib	Pazopanib_AML_157_01	223.4538	5.0
AML_157_02	Pazopanib	Pazopanib_AML_157_02	223.18839	7.5
AML_158_01	Pazopanib	Pazopanib_AML_158_01	229.79128	1.2
AML_159_01	Pazopanib	Pazopanib_AML_159_01	226.09586	2.6
AML_160_01	Pazopanib	Pazopanib_AML_160_01	215.68094	5.2
AML_161_01	Pazopanib	Pazopanib_AML_161_01	217.05405	5.9
AML_175_01	Pazopanib	Pazopanib_AML_175_01	219.18057	0.0
AML_179_01	Pazopanib	Pazopanib_AML_179_01	217.3022	8.5
AML_183_01	Pazopanib	Pazopanib_AML_183_01	222.76176	0.5
AML_183_02	Pazopanib	Pazopanib_AML_183_02	211.48524	1.4
AML_183_03	Pazopanib	Pazopanib_AML_183_03	213.04785	1.7
AML_184_01	Pazopanib	Pazopanib_AML_184_01	215.36963	5.4
AML_185_01	Pazopanib	Pazopanib_AML_185_01	227.50644	0.0
AML_004_01	CI-1040	CI-1040_AML_004_01	201.13287	3.5
AML_019_01	CI-1040	CI-1040_AML_019_01	196.08131	1.7
AML_025_01	CI-1040	CI-1040_AML_025_01	204.71777	9.2
AML_026_01	CI-1040	CI-1040_AML_026_01	203.5692	6.6
AML_029_01	CI-1040	CI-1040_AML_029_01	196.79391	7.0
AML_030_01	CI-1040	CI-1040_AML_030_01	189.80878	4.9
AML_033_01	CI-1040	CI-1040_AML_033_01	203.62823	7.3
AML_033_02	CI-1040	CI-1040_AML_033_02	190.21104	9.0
AML_041_01	CI-1040	CI-1040_AML_041_01	189.96175	8.7
AML_042_01	CI-1040	CI-1040_AML_042_01	192.73972	12.9
AML_043_02	CI-1040	CI-1040_AML_043_02	197.80591	6.4
AML_046_01	CI-1040	CI-1040_AML_046_01	189.40509	9.9
AML_052_01	CI-1040	CI-1040_AML_052_01	207.13011	0.4
AML_057_01	CI-1040	CI-1040_AML_057_01	192.21918	10.7
AML_058_01	CI-1040	CI-1040_AML_058_01	197.81906	7.4
AML_059_01	CI-1040	CI-1040_AML_059_01	195.63199	6.8
AML_060_01	CI-1040	CI-1040_AML_060_01	202.57352	6.2
AML_061_01	CI-1040	CI-1040_AML_061_01	191.00197	8.7
AML_062_01	CI-1040	CI-1040_AML_062_01	182.26056	19.0
AML_064_01	CI-1040	CI-1040_AML_064_01	185.63432	16.3
AML_065_01	CI-1040	CI-1040_AML_065_01	182.35045	13.9
AML_067_01	CI-1040	CI-1040_AML_067_01	186.95898	9.5
AML_070_01	CI-1040	CI-1040_AML_070_01	198.60762	2.2
AML_072_01	CI-1040	CI-1040_AML_072_01	206.97003	2.2
AML_073_01	CI-1040	CI-1040_AML_073_01	202.34286	12.2
AML_074_01	CI-1040	CI-1040_AML_074_01	198.08765	6.6
AML_075_01	CI-1040	CI-1040_AML_075_01	190.52798	8.4
AML_076_01	CI-1040	CI-1040_AML_076_01	191.04228	3.3
AML_076_02	CI-1040	CI-1040_AML_076_02	188.54636	7.0
AML_077_01	CI-1040	CI-1040_AML_077_01	197.50618	8.3
AML_078_02	CI-1040	CI-1040_AML_078_02	192.36998	8.9
AML_086_02	CI-1040	CI-1040_AML_086_02	203.35162	7.5
AML_098_01	CI-1040	CI-1040_AML_098_01	188.36365	4.0
AML_100_01	CI-1040	CI-1040_AML_100_01	193.88147	3.7
AML_101_01	CI-1040	CI-1040_AML_101_01	191.99913	12.4
AML_101_02	CI-1040	CI-1040_AML_101_02	204.47299	1.3
AML_102_01	CI-1040	CI-1040_AML_102_01	181.98317	17.4
AML_103_01	CI-1040	CI-1040_AML_103_01	177.03482	7.1
AML_103_02	CI-1040	CI-1040_AML_103_02	195.13164	8.2
AML_104_01	CI-1040	CI-1040_AML_104_01	190.20285	5.6
AML_108_01	CI-1040	CI-1040_AML_108_01	185.55524	6.9
AML_109_01	CI-1040	CI-1040_AML_109_01	192.25432	4.2
AML_110_01	CI-1040	CI-1040_AML_110_01	193.59746	6.5
AML_112_01	CI-1040	CI-1040_AML_112_01	186.68524	5.8
AML_112_02	CI-1040	CI-1040_AML_112_02	188.4139	7.9
AML_113_01	CI-1040	CI-1040_AML_113_01	187.02339	6.0
AML_114_01	CI-1040	CI-1040_AML_114_01	189.66655	5.2
AML_115_01	CI-1040	CI-1040_AML_115_01	181.73099	11.8
AML_116_01	CI-1040	CI-1040_AML_116_01	193.71088	5.4
AML_117_01	CI-1040	CI-1040_AML_117_01	201.4402	5.4
AML_119_01	CI-1040	CI-1040_AML_119_01	186.00583	8.0
AML_122_01	CI-1040	CI-1040_AML_122_01	190.66603	1.6
AML_123_01	CI-1040	CI-1040_AML_123_01	201.0135	6.9
AML_124_01	CI-1040	CI-1040_AML_124_01	201.45871	11.1
AML_125_01	CI-1040	CI-1040_AML_125_01	201.03134	4.1
AML_126_01	CI-1040	CI-1040_AML_126_01	194.9097	5.7
AML_127_01	CI-1040	CI-1040_AML_127_01	189.74637	7.3
AML_128_01	CI-1040	CI-1040_AML_128_01	204.2012	5.1
AML_131_01	CI-1040	CI-1040_AML_131_01	187.7794	4.2
AML_133_01	CI-1040	CI-1040_AML_133_01	193.34895	14.1
AML_134_01	CI-1040	CI-1040_AML_134_01	198.66115	12.2
AML_135_01	CI-1040	CI-1040_AML_135_01	197.99289	15.9
AML_138_01	CI-1040	CI-1040_AML_138_01	201.84825	11.9
AML_139_01	CI-1040	CI-1040_AML_139_01	204.06122	4.1
AML_140_01	CI-1040	CI-1040_AML_140_01	199.04312	5.3
AML_142_01	CI-1040	CI-1040_AML_142_01	196.26001	4.5
AML_143_01	CI-1040	CI-1040_AML_143_01	199.31932	6.5
AML_144_01	CI-1040	CI-1040_AML_144_01	205.87646	13.8
AML_146_01	CI-1040	CI-1040_AML_146_01	207.75984	2.4
AML_147_01	CI-1040	CI-1040_AML_147_01	197.31604	5.7
AML_151_01	CI-1040	CI-1040_AML_151_01	186.20613	18.0
AML_152_01	CI-1040	CI-1040_AML_152_01	195.14238	4.9
AML_153_01	CI-1040	CI-1040_AML_153_01	196.39047	0.6
AML_156_01	CI-1040	CI-1040_AML_156_01	190.50029	8.0
AML_157_01	CI-1040	CI-1040_AML_157_01	192.95435	11.9
AML_157_02	CI-1040	CI-1040_AML_157_02	199.29076	8.5
AML_158_01	CI-1040	CI-1040_AML_158_01	201.84984	7.5
AML_159_01	CI-1040	CI-1040_AML_159_01	204.95607	8.4
AML_160_01	CI-1040	CI-1040_AML_160_01	184.76537	6.9
AML_161_01	CI-1040	CI-1040_AML_161_01	195.90208	12.0
AML_183_01	CI-1040	CI-1040_AML_183_01	198.72646	2.5
AML_183_02	CI-1040	CI-1040_AML_183_02	188.23695	4.7
AML_183_03	CI-1040	CI-1040_AML_183_03	184.02383	5.0
AML_004_01	Pelitinib	Pelitinib_AML_004_01	174.17879	9.3
AML_019_01	Pelitinib	Pelitinib_AML_019_01	166.59085	9.1
AML_025_01	Pelitinib	Pelitinib_AML_025_01	182.72034	7.0
AML_026_01	Pelitinib	Pelitinib_AML_026_01	178.07692	3.9
AML_029_01	Pelitinib	Pelitinib_AML_029_01	176.8846	7.4
AML_030_01	Pelitinib	Pelitinib_AML_030_01	170.30733	4.6
AML_033_01	Pelitinib	Pelitinib_AML_033_01	171.06024	6.5
AML_033_02	Pelitinib	Pelitinib_AML_033_02	155.32309	7.9
AML_041_01	Pelitinib	Pelitinib_AML_041_01	179.42778	4.7
AML_042_01	Pelitinib	Pelitinib_AML_042_01	179.9655	9.2
AML_043_02	Pelitinib	Pelitinib_AML_043_02	164.2392	6.9
AML_046_01	Pelitinib	Pelitinib_AML_046_01	159.20943	18.0
AML_052_01	Pelitinib	Pelitinib_AML_052_01	171.66907	6.6
AML_057_01	Pelitinib	Pelitinib_AML_057_01	179.68385	6.6
AML_058_01	Pelitinib	Pelitinib_AML_058_01	172.64548	6.0
AML_059_01	Pelitinib	Pelitinib_AML_059_01	167.03485	10.2
AML_060_01	Pelitinib	Pelitinib_AML_060_01	167.57228	12.0
AML_061_01	Pelitinib	Pelitinib_AML_061_01	166.71762	10.1
AML_062_01	Pelitinib	Pelitinib_AML_062_01	169.99872	8.2
AML_064_01	Pelitinib	Pelitinib_AML_064_01	182.48282	9.1
AML_065_01	Pelitinib	Pelitinib_AML_065_01	167.08305	8.2
AML_067_01	Pelitinib	Pelitinib_AML_067_01	177.4873	9.3
AML_070_01	Pelitinib	Pelitinib_AML_070_01	174.95294	5.4
AML_072_01	Pelitinib	Pelitinib_AML_072_01	178.56856	7.8
AML_073_01	Pelitinib	Pelitinib_AML_073_01	177.9104	9.0
AML_074_01	Pelitinib	Pelitinib_AML_074_01	172.18365	8.9
AML_075_01	Pelitinib	Pelitinib_AML_075_01	174.52531	8.3
AML_076_01	Pelitinib	Pelitinib_AML_076_01	181.27173	6.4
AML_076_02	Pelitinib	Pelitinib_AML_076_02	163.46638	15.7
AML_077_01	Pelitinib	Pelitinib_AML_077_01	173.43405	8.3
AML_078_02	Pelitinib	Pelitinib_AML_078_02	180.1085	8.7
AML_086_02	Pelitinib	Pelitinib_AML_086_02	176.1939	10.7
AML_098_01	Pelitinib	Pelitinib_AML_098_01	171.75728	6.4
AML_100_01	Pelitinib	Pelitinib_AML_100_01	173.03004	4.5
AML_101_01	Pelitinib	Pelitinib_AML_101_01	167.57153	6.0
AML_101_02	Pelitinib	Pelitinib_AML_101_02	179.74283	2.3
AML_102_01	Pelitinib	Pelitinib_AML_102_01	171.93098	7.2
AML_103_01	Pelitinib	Pelitinib_AML_103_01	172.65184	7.2
AML_103_02	Pelitinib	Pelitinib_AML_103_02	161.54059	9.6
AML_104_01	Pelitinib	Pelitinib_AML_104_01	177.51938	5.0
AML_108_01	Pelitinib	Pelitinib_AML_108_01	169.85335	11.4
AML_109_01	Pelitinib	Pelitinib_AML_109_01	162.1919	1.4
AML_110_01	Pelitinib	Pelitinib_AML_110_01	173.66084	12.8
AML_112_01	Pelitinib	Pelitinib_AML_112_01	170.84073	11.7
AML_112_02	Pelitinib	Pelitinib_AML_112_02	176.50165	9.0
AML_113_01	Pelitinib	Pelitinib_AML_113_01	166.62277	9.1
AML_114_01	Pelitinib	Pelitinib_AML_114_01	168.52982	5.5
AML_115_01	Pelitinib	Pelitinib_AML_115_01	166.47197	10.1
AML_116_01	Pelitinib	Pelitinib_AML_116_01	166.5077	6.8
AML_117_01	Pelitinib	Pelitinib_AML_117_01	175.48744	6.8
AML_119_01	Pelitinib	Pelitinib_AML_119_01	169.2587	7.1
AML_122_01	Pelitinib	Pelitinib_AML_122_01	187.27512	6.2
AML_123_01	Pelitinib	Pelitinib_AML_123_01	177.28622	6.9
AML_124_01	Pelitinib	Pelitinib_AML_124_01	173.767	10.0
AML_125_01	Pelitinib	Pelitinib_AML_125_01	170.87445	7.9
AML_126_01	Pelitinib	Pelitinib_AML_126_01	179.64108	10.5
AML_127_01	Pelitinib	Pelitinib_AML_127_01	171.51836	6.8
AML_128_01	Pelitinib	Pelitinib_AML_128_01	178.00337	8.9
AML_131_01	Pelitinib	Pelitinib_AML_131_01	180.32245	6.0
AML_133_01	Pelitinib	Pelitinib_AML_133_01	168.81822	7.7
AML_134_01	Pelitinib	Pelitinib_AML_134_01	172.65575	7.6
AML_135_01	Pelitinib	Pelitinib_AML_135_01	174.75198	13.3
AML_138_01	Pelitinib	Pelitinib_AML_138_01	177.98679	11.3
AML_139_01	Pelitinib	Pelitinib_AML_139_01	178.89334	6.1
AML_140_01	Pelitinib	Pelitinib_AML_140_01	174.97136	6.9
AML_142_01	Pelitinib	Pelitinib_AML_142_01	165.60909	10.4
AML_143_01	Pelitinib	Pelitinib_AML_143_01	175.31717	6.7
AML_144_01	Pelitinib	Pelitinib_AML_144_01	180.64864	8.4
AML_146_01	Pelitinib	Pelitinib_AML_146_01	177.09233	4.3
AML_147_01	Pelitinib	Pelitinib_AML_147_01	179.59084	7.1
AML_151_01	Pelitinib	Pelitinib_AML_151_01	168.25203	12.3
AML_152_01	Pelitinib	Pelitinib_AML_152_01	171.11633	8.3
AML_153_01	Pelitinib	Pelitinib_AML_153_01	167.34883	6.1
AML_156_01	Pelitinib	Pelitinib_AML_156_01	166.21739	8.5
AML_157_01	Pelitinib	Pelitinib_AML_157_01	176.50485	5.8
AML_157_02	Pelitinib	Pelitinib_AML_157_02	177.05515	9.2
AML_158_01	Pelitinib	Pelitinib_AML_158_01	182.23196	6.1
AML_159_01	Pelitinib	Pelitinib_AML_159_01	179.14383	9.0
AML_160_01	Pelitinib	Pelitinib_AML_160_01	174.13983	7.6
AML_161_01	Pelitinib	Pelitinib_AML_161_01	165.50603	8.0
AML_183_01	Pelitinib	Pelitinib_AML_183_01	180.17885	4.1
AML_183_02	Pelitinib	Pelitinib_AML_183_02	172.72159	9.9
AML_183_03	Pelitinib	Pelitinib_AML_183_03	175.57452	5.8
AML_004_01	PH-797804	PH-797804_AML_004_01	212.67365	0.7
AML_019_01	PH-797804	PH-797804_AML_019_01	206.60089	1.7
AML_025_01	PH-797804	PH-797804_AML_025_01	218.66911	0.0
AML_026_01	PH-797804	PH-797804_AML_026_01	216.2421	0.0
AML_029_01	PH-797804	PH-797804_AML_029_01	209.01114	0.0
AML_030_01	PH-797804	PH-797804_AML_030_01	202.45273	0.0
AML_033_01	PH-797804	PH-797804_AML_033_01	210.2717	0.1
AML_033_02	PH-797804	PH-797804_AML_033_02	197.63472	1.7
AML_041_01	PH-797804	PH-797804_AML_041_01	209.06203	0.0
AML_042_01	PH-797804	PH-797804_AML_042_01	210.18155	1.6
AML_043_02	PH-797804	PH-797804_AML_043_02	206.95044	0.0
AML_046_01	PH-797804	PH-797804_AML_046_01	201.25558	10.3
AML_052_01	PH-797804	PH-797804_AML_052_01	212.22652	0.0
AML_057_01	PH-797804	PH-797804_AML_057_01	212.51512	1.8
AML_058_01	PH-797804	PH-797804_AML_058_01	210.9177	6.3
AML_059_01	PH-797804	PH-797804_AML_059_01	208.21442	3.3
AML_060_01	PH-797804	PH-797804_AML_060_01	211.33652	3.6
AML_061_01	PH-797804	PH-797804_AML_061_01	207.71991	6.2
AML_062_01	PH-797804	PH-797804_AML_062_01	200.89793	2.2
AML_064_01	PH-797804	PH-797804_AML_064_01	209.34758	0.0
AML_065_01	PH-797804	PH-797804_AML_065_01	203.57063	6.3
AML_067_01	PH-797804	PH-797804_AML_067_01	206.51292	3.5
AML_070_01	PH-797804	PH-797804_AML_070_01	209.89616	0.0
AML_072_01	PH-797804	PH-797804_AML_072_01	218.07037	0.9
AML_073_01	PH-797804	PH-797804_AML_073_01	213.45892	0.0
AML_074_01	PH-797804	PH-797804_AML_074_01	207.53632	0.0
AML_075_01	PH-797804	PH-797804_AML_075_01	205.43657	2.4
AML_076_01	PH-797804	PH-797804_AML_076_01	210.45247	0.0
AML_076_02	PH-797804	PH-797804_AML_076_02	203.2434	1.2
AML_077_01	PH-797804	PH-797804_AML_077_01	209.44066	0.0
AML_078_02	PH-797804	PH-797804_AML_078_02	210.69763	0.0
AML_086_02	PH-797804	PH-797804_AML_086_02	212.6278	1.8
AML_098_01	PH-797804	PH-797804_AML_098_01	207.7004	0.0
AML_100_01	PH-797804	PH-797804_AML_100_01	209.76854	0.0
AML_101_01	PH-797804	PH-797804_AML_101_01	201.1575	11.7
AML_101_02	PH-797804	PH-797804_AML_101_02	215.0575	0.0
AML_102_01	PH-797804	PH-797804_AML_102_01	201.45491	0.0
AML_103_01	PH-797804	PH-797804_AML_103_01	198.93288	0.0
AML_103_02	PH-797804	PH-797804_AML_103_02	204.15442	1.7
AML_104_01	PH-797804	PH-797804_AML_104_01	208.56981	0.0
AML_108_01	PH-797804	PH-797804_AML_108_01	205.90521	0.0
AML_109_01	PH-797804	PH-797804_AML_109_01	202.79062	0.0
AML_110_01	PH-797804	PH-797804_AML_110_01	208.59901	0.0
AML_112_01	PH-797804	PH-797804_AML_112_01	203.08788	0.0
AML_112_02	PH-797804	PH-797804_AML_112_02	207.83626	0.0
AML_113_01	PH-797804	PH-797804_AML_113_01	207.62555	0.0
AML_114_01	PH-797804	PH-797804_AML_114_01	203.51624	0.0
AML_115_01	PH-797804	PH-797804_AML_115_01	204.38977	0.0
AML_116_01	PH-797804	PH-797804_AML_116_01	205.43254	0.0
AML_117_01	PH-797804	PH-797804_AML_117_01	212.8705	0.0
AML_119_01	PH-797804	PH-797804_AML_119_01	201.90442	0.0
AML_122_01	PH-797804	PH-797804_AML_122_01	212.9523	0.0
AML_123_01	PH-797804	PH-797804_AML_123_01	214.93132	0.0
AML_124_01	PH-797804	PH-797804_AML_124_01	213.19621	0.0
AML_125_01	PH-797804	PH-797804_AML_125_01	212.21855	0.0
AML_126_01	PH-797804	PH-797804_AML_126_01	208.96735	1.2
AML_127_01	PH-797804	PH-797804_AML_127_01	205.76819	0.0
AML_128_01	PH-797804	PH-797804_AML_128_01	213.2964	1.7
AML_131_01	PH-797804	PH-797804_AML_131_01	211.15459	0.0
AML_133_01	PH-797804	PH-797804_AML_133_01	208.26158	6.2
AML_134_01	PH-797804	PH-797804_AML_134_01	210.30318	0.0
AML_135_01	PH-797804	PH-797804_AML_135_01	213.05608	0.0
AML_138_01	PH-797804	PH-797804_AML_138_01	213.59062	0.0
AML_139_01	PH-797804	PH-797804_AML_139_01	220.54268	0.0
AML_140_01	PH-797804	PH-797804_AML_140_01	213.24484	0.0
AML_142_01	PH-797804	PH-797804_AML_142_01	207.15933	5.0
AML_143_01	PH-797804	PH-797804_AML_143_01	211.42888	0.0
AML_144_01	PH-797804	PH-797804_AML_144_01	221.94115	1.0
AML_146_01	PH-797804	PH-797804_AML_146_01	214.40616	0.0
AML_147_01	PH-797804	PH-797804_AML_147_01	214.22636	0.0
AML_151_01	PH-797804	PH-797804_AML_151_01	206.40282	12.4
AML_152_01	PH-797804	PH-797804_AML_152_01	212.5483	0.0
AML_153_01	PH-797804	PH-797804_AML_153_01	205.3499	0.0
AML_156_01	PH-797804	PH-797804_AML_156_01	206.04709	4.9
AML_157_01	PH-797804	PH-797804_AML_157_01	212.28658	0.0
AML_157_02	PH-797804	PH-797804_AML_157_02	213.66743	0.0
AML_158_01	PH-797804	PH-797804_AML_158_01	219.5164	0.0
AML_159_01	PH-797804	PH-797804_AML_159_01	216.98831	0.0
AML_160_01	PH-797804	PH-797804_AML_160_01	206.21155	0.0
AML_161_01	PH-797804	PH-797804_AML_161_01	209.37361	0.0
AML_183_01	PH-797804	PH-797804_AML_183_01	213.05135	0.0
AML_183_02	PH-797804	PH-797804_AML_183_02	202.61111	0.0
AML_183_03	PH-797804	PH-797804_AML_183_03	204.00589	0.0
AML_001_01	Quizartinib	Quizartinib_AML_001_01	183.43478	0.0
AML_001_03	Quizartinib	Quizartinib_AML_001_03	186.04442	2.8
AML_002_01	Quizartinib	Quizartinib_AML_002_01	179.24454	2.0
AML_003_02	Quizartinib	Quizartinib_AML_003_02	178.34601	0.0
AML_004_01	Quizartinib	Quizartinib_AML_004_01	175.72244	3.2
AML_006_02	Quizartinib	Quizartinib_AML_006_02	177.70448	0.0
AML_007_01	Quizartinib	Quizartinib_AML_007_01	181.71667	0.0
AML_007_02	Quizartinib	Quizartinib_AML_007_02	184.47769	0.0
AML_012_01	Quizartinib	Quizartinib_AML_012_01	172.0012	21.9
AML_013_01	Quizartinib	Quizartinib_AML_013_01	169.67578	23.3
AML_014_01	Quizartinib	Quizartinib_AML_014_01	176.88615	0.0
AML_015_01	Quizartinib	Quizartinib_AML_015_01	179.30371	15.8
AML_015_02	Quizartinib	Quizartinib_AML_015_02	186.59795	9.7
AML_015_03	Quizartinib	Quizartinib_AML_015_03	177.57185	23.1
AML_015_04	Quizartinib	Quizartinib_AML_015_04	171.66647	30.9
AML_018_01	Quizartinib	Quizartinib_AML_018_01	172.47763	20.7
AML_019_01	Quizartinib	Quizartinib_AML_019_01	179.48438	4.5
AML_020_01	Quizartinib	Quizartinib_AML_020_01	180.7359	1.4
AML_022_01	Quizartinib	Quizartinib_AML_022_01	175.11778	6.5
AML_023_01	Quizartinib	Quizartinib_AML_023_01	172.66493	0.0
AML_023_03	Quizartinib	Quizartinib_AML_023_03	173.20175	0.3
AML_023_04	Quizartinib	Quizartinib_AML_023_04	174.97366	1.7
AML_024_01	Quizartinib	Quizartinib_AML_024_01	179.76793	0.0
AML_025_01	Quizartinib	Quizartinib_AML_025_01	188.55952	0.0
AML_026_01	Quizartinib	Quizartinib_AML_026_01	181.12636	0.0
AML_028_01	Quizartinib	Quizartinib_AML_028_01	179.90804	10.2
AML_028_04	Quizartinib	Quizartinib_AML_028_04	172.6642	28.6
AML_029_01	Quizartinib	Quizartinib_AML_029_01	178.41718	0.2
AML_030_01	Quizartinib	Quizartinib_AML_030_01	170.0752	0.0
AML_032_01	Quizartinib	Quizartinib_AML_032_01	183.85721	3.1
AML_033_01	Quizartinib	Quizartinib_AML_033_01	176.76064	8.3
AML_033_02	Quizartinib	Quizartinib_AML_033_02	159.50343	10.5
AML_035_02	Quizartinib	Quizartinib_AML_035_02	188.68472	0.0
AML_035_04	Quizartinib	Quizartinib_AML_035_04	181.29034	0.0
AML_036_01	Quizartinib	Quizartinib_AML_036_01	177.07173	0.0
AML_040_01	Quizartinib	Quizartinib_AML_040_01	164.19276	1.0
AML_041_01	Quizartinib	Quizartinib_AML_041_01	177.81155	5.4
AML_042_01	Quizartinib	Quizartinib_AML_042_01	180.25175	1.0
AML_043_02	Quizartinib	Quizartinib_AML_043_02	173.09996	2.0
AML_045_01	Quizartinib	Quizartinib_AML_045_01	183.7651	0.0
AML_046_01	Quizartinib	Quizartinib_AML_046_01	162.93561	37.3
AML_051_01	Quizartinib	Quizartinib_AML_051_01	171.29344	2.5
AML_052_01	Quizartinib	Quizartinib_AML_052_01	177.52095	2.0
AML_053_01	Quizartinib	Quizartinib_AML_053_01	189.90814	0.0
AML_054_01	Quizartinib	Quizartinib_AML_054_01	170.1601	12.6
AML_057_01	Quizartinib	Quizartinib_AML_057_01	178.29681	1.5
AML_058_01	Quizartinib	Quizartinib_AML_058_01	174.19565	3.3
AML_059_01	Quizartinib	Quizartinib_AML_059_01	169.58606	1.8
AML_060_01	Quizartinib	Quizartinib_AML_060_01	174.73415	4.0
AML_061_01	Quizartinib	Quizartinib_AML_061_01	170.47705	6.3
AML_062_01	Quizartinib	Quizartinib_AML_062_01	166.16565	17.4
AML_064_01	Quizartinib	Quizartinib_AML_064_01	177.64902	0.2
AML_065_01	Quizartinib	Quizartinib_AML_065_01	165.5897	7.8
AML_067_01	Quizartinib	Quizartinib_AML_067_01	173.01999	7.7
AML_070_01	Quizartinib	Quizartinib_AML_070_01	178.59566	0.0
AML_072_01	Quizartinib	Quizartinib_AML_072_01	185.8817	3.4
AML_073_01	Quizartinib	Quizartinib_AML_073_01	186.94891	2.3
AML_074_01	Quizartinib	Quizartinib_AML_074_01	170.41687	0.3
AML_075_01	Quizartinib	Quizartinib_AML_075_01	173.29597	3.0
AML_076_01	Quizartinib	Quizartinib_AML_076_01	182.09929	0.4
AML_076_02	Quizartinib	Quizartinib_AML_076_02	163.61412	4.5
AML_077_01	Quizartinib	Quizartinib_AML_077_01	178.01027	1.4
AML_078_02	Quizartinib	Quizartinib_AML_078_02	178.96992	0.6
AML_084_01	Quizartinib	Quizartinib_AML_084_01	174.79846	10.9
AML_086_02	Quizartinib	Quizartinib_AML_086_02	182.57243	0.8
AML_098_01	Quizartinib	Quizartinib_AML_098_01	169.40219	1.5
AML_100_01	Quizartinib	Quizartinib_AML_100_01	174.32433	1.8
AML_101_01	Quizartinib	Quizartinib_AML_101_01	172.45607	13.1
AML_101_02	Quizartinib	Quizartinib_AML_101_02	188.49945	0.0
AML_102_01	Quizartinib	Quizartinib_AML_102_01	167.32718	0.2
AML_103_01	Quizartinib	Quizartinib_AML_103_01	167.13673	0.3
AML_103_02	Quizartinib	Quizartinib_AML_103_02	165.78787	6.0
AML_104_01	Quizartinib	Quizartinib_AML_104_01	174.37848	0.0
AML_108_01	Quizartinib	Quizartinib_AML_108_01	167.3374	3.5
AML_109_01	Quizartinib	Quizartinib_AML_109_01	170.63904	0.0
AML_110_01	Quizartinib	Quizartinib_AML_110_01	176.16267	1.2
AML_112_01	Quizartinib	Quizartinib_AML_112_01	169.14433	3.4
AML_112_02	Quizartinib	Quizartinib_AML_112_02	176.39073	1.6
AML_113_01	Quizartinib	Quizartinib_AML_113_01	170.95576	2.8
AML_114_01	Quizartinib	Quizartinib_AML_114_01	165.0106	2.1
AML_115_01	Quizartinib	Quizartinib_AML_115_01	165.71727	2.2
AML_116_01	Quizartinib	Quizartinib_AML_116_01	168.86232	2.0
AML_117_01	Quizartinib	Quizartinib_AML_117_01	178.82393	0.0
AML_119_01	Quizartinib	Quizartinib_AML_119_01	160.61127	2.6
AML_120_01	Quizartinib	Quizartinib_AML_120_01	174.92337	9.5
AML_120_03	Quizartinib	Quizartinib_AML_120_03	180.33403	12.9
AML_122_01	Quizartinib	Quizartinib_AML_122_01	185.02905	0.0
AML_123_01	Quizartinib	Quizartinib_AML_123_01	177.84328	1.2
AML_124_01	Quizartinib	Quizartinib_AML_124_01	176.59694	5.0
AML_125_01	Quizartinib	Quizartinib_AML_125_01	179.8409	0.0
AML_126_01	Quizartinib	Quizartinib_AML_126_01	180.42532	0.0
AML_127_01	Quizartinib	Quizartinib_AML_127_01	168.18013	0.0
AML_128_01	Quizartinib	Quizartinib_AML_128_01	184.00612	1.7
AML_129_02	Quizartinib	Quizartinib_AML_129_02	168.61444	19.4
AML_129_03	Quizartinib	Quizartinib_AML_129_03	170.83649	0.0
AML_131_01	Quizartinib	Quizartinib_AML_131_01	175.6587	1.8
AML_133_01	Quizartinib	Quizartinib_AML_133_01	178.1231	5.4
AML_134_01	Quizartinib	Quizartinib_AML_134_01	185.44417	4.2
AML_135_01	Quizartinib	Quizartinib_AML_135_01	179.7059	0.4
AML_138_01	Quizartinib	Quizartinib_AML_138_01	187.58827	0.6
AML_139_01	Quizartinib	Quizartinib_AML_139_01	183.76112	3.7
AML_140_01	Quizartinib	Quizartinib_AML_140_01	177.08075	0.4
AML_142_01	Quizartinib	Quizartinib_AML_142_01	173.41309	10.1
AML_143_01	Quizartinib	Quizartinib_AML_143_01	176.49876	1.5
AML_144_01	Quizartinib	Quizartinib_AML_144_01	189.32416	1.6
AML_146_01	Quizartinib	Quizartinib_AML_146_01	183.67717	0.1
AML_147_01	Quizartinib	Quizartinib_AML_147_01	180.51248	2.1
AML_151_01	Quizartinib	Quizartinib_AML_151_01	168.1139	3.1
AML_152_01	Quizartinib	Quizartinib_AML_152_01	173.62941	0.8
AML_153_01	Quizartinib	Quizartinib_AML_153_01	177.18588	0.0
AML_156_01	Quizartinib	Quizartinib_AML_156_01	174.19218	1.5
AML_157_01	Quizartinib	Quizartinib_AML_157_01	176.51071	7.2
AML_157_02	Quizartinib	Quizartinib_AML_157_02	178.12779	6.2
AML_158_01	Quizartinib	Quizartinib_AML_158_01	187.74802	0.0
AML_159_01	Quizartinib	Quizartinib_AML_159_01	185.86049	0.8
AML_160_01	Quizartinib	Quizartinib_AML_160_01	175.95732	0.9
AML_161_01	Quizartinib	Quizartinib_AML_161_01	171.53102	0.6
AML_175_01	Quizartinib	Quizartinib_AML_175_01	177.28316	0.0
AML_179_01	Quizartinib	Quizartinib_AML_179_01	174.33844	11.7
AML_183_01	Quizartinib	Quizartinib_AML_183_01	177.24567	2.7
AML_183_02	Quizartinib	Quizartinib_AML_183_02	169.2957	0.0
AML_183_03	Quizartinib	Quizartinib_AML_183_03	170.56778	0.0
AML_184_01	Quizartinib	Quizartinib_AML_184_01	166.07564	0.0
AML_185_01	Quizartinib	Quizartinib_AML_185_01	189.63293	0.1
AML_001_03	Ralimetinib	Ralimetinib_AML_001_03	208.65356	10.0
AML_003_02	Ralimetinib	Ralimetinib_AML_003_02	205.16797	7.5
AML_004_01	Ralimetinib	Ralimetinib_AML_004_01	208.69096	3.4
AML_013_01	Ralimetinib	Ralimetinib_AML_013_01	207.07216	20.0
AML_015_01	Ralimetinib	Ralimetinib_AML_015_01	208.22595	1.1
AML_015_02	Ralimetinib	Ralimetinib_AML_015_02	208.1401	1.5
AML_015_03	Ralimetinib	Ralimetinib_AML_015_03	208.88318	2.6
AML_015_04	Ralimetinib	Ralimetinib_AML_015_04	204.81792	10.0
AML_018_01	Ralimetinib	Ralimetinib_AML_018_01	206.4746	5.4
AML_019_01	Ralimetinib	Ralimetinib_AML_019_01	205.53725	2.7
AML_020_01	Ralimetinib	Ralimetinib_AML_020_01	212.14532	2.8
AML_024_01	Ralimetinib	Ralimetinib_AML_024_01	210.08517	1.9
AML_025_01	Ralimetinib	Ralimetinib_AML_025_01	213.35263	0.0
AML_026_01	Ralimetinib	Ralimetinib_AML_026_01	211.22417	2.1
AML_028_01	Ralimetinib	Ralimetinib_AML_028_01	206.61755	0.7
AML_028_04	Ralimetinib	Ralimetinib_AML_028_04	200.66273	0.0
AML_029_01	Ralimetinib	Ralimetinib_AML_029_01	205.85143	1.0
AML_030_01	Ralimetinib	Ralimetinib_AML_030_01	202.31166	0.4
AML_032_01	Ralimetinib	Ralimetinib_AML_032_01	211.02109	1.7
AML_033_01	Ralimetinib	Ralimetinib_AML_033_01	208.85628	6.1
AML_033_02	Ralimetinib	Ralimetinib_AML_033_02	200.767	2.9
AML_035_02	Ralimetinib	Ralimetinib_AML_035_02	214.82176	0.9
AML_035_04	Ralimetinib	Ralimetinib_AML_035_04	211.44087	0.2
AML_036_01	Ralimetinib	Ralimetinib_AML_036_01	210.13435	1.9
AML_040_01	Ralimetinib	Ralimetinib_AML_040_01	201.94246	22.6
AML_041_01	Ralimetinib	Ralimetinib_AML_041_01	206.68546	0.8
AML_042_01	Ralimetinib	Ralimetinib_AML_042_01	206.56172	6.0
AML_043_02	Ralimetinib	Ralimetinib_AML_043_02	207.79337	2.2
AML_045_01	Ralimetinib	Ralimetinib_AML_045_01	208.36923	1.5
AML_046_01	Ralimetinib	Ralimetinib_AML_046_01	202.73938	18.9
AML_051_01	Ralimetinib	Ralimetinib_AML_051_01	203.88538	1.6
AML_052_01	Ralimetinib	Ralimetinib_AML_052_01	208.14603	0.3
AML_053_01	Ralimetinib	Ralimetinib_AML_053_01	216.84222	6.2
AML_054_01	Ralimetinib	Ralimetinib_AML_054_01	206.08057	20.4
AML_057_01	Ralimetinib	Ralimetinib_AML_057_01	208.08144	3.3
AML_058_01	Ralimetinib	Ralimetinib_AML_058_01	207.39258	6.2
AML_059_01	Ralimetinib	Ralimetinib_AML_059_01	206.06134	9.5
AML_060_01	Ralimetinib	Ralimetinib_AML_060_01	210.84067	5.3
AML_061_01	Ralimetinib	Ralimetinib_AML_061_01	205.66188	2.3
AML_062_01	Ralimetinib	Ralimetinib_AML_062_01	201.19608	5.8
AML_064_01	Ralimetinib	Ralimetinib_AML_064_01	203.36185	0.0
AML_065_01	Ralimetinib	Ralimetinib_AML_065_01	201.23056	5.7
AML_067_01	Ralimetinib	Ralimetinib_AML_067_01	204.0812	3.6
AML_070_01	Ralimetinib	Ralimetinib_AML_070_01	206.92685	0.0
AML_072_01	Ralimetinib	Ralimetinib_AML_072_01	214.1109	0.3
AML_073_01	Ralimetinib	Ralimetinib_AML_073_01	209.12607	0.0
AML_074_01	Ralimetinib	Ralimetinib_AML_074_01	204.08257	1.6
AML_075_01	Ralimetinib	Ralimetinib_AML_075_01	202.62573	5.9
AML_076_01	Ralimetinib	Ralimetinib_AML_076_01	208.94766	0.2
AML_076_02	Ralimetinib	Ralimetinib_AML_076_02	202.0302	5.2
AML_077_01	Ralimetinib	Ralimetinib_AML_077_01	205.8754	0.5
AML_078_02	Ralimetinib	Ralimetinib_AML_078_02	205.97969	0.0
AML_084_01	Ralimetinib	Ralimetinib_AML_084_01	202.86346	4.5
AML_086_02	Ralimetinib	Ralimetinib_AML_086_02	210.79933	4.4
AML_098_01	Ralimetinib	Ralimetinib_AML_098_01	205.57452	0.0
AML_100_01	Ralimetinib	Ralimetinib_AML_100_01	207.71786	0.8
AML_101_01	Ralimetinib	Ralimetinib_AML_101_01	199.73535	13.4
AML_101_02	Ralimetinib	Ralimetinib_AML_101_02	209.25809	1.8
AML_102_01	Ralimetinib	Ralimetinib_AML_102_01	200.62456	2.7
AML_103_01	Ralimetinib	Ralimetinib_AML_103_01	199.5342	0.0
AML_103_02	Ralimetinib	Ralimetinib_AML_103_02	204.06111	6.5
AML_104_01	Ralimetinib	Ralimetinib_AML_104_01	205.82208	0.0
AML_108_01	Ralimetinib	Ralimetinib_AML_108_01	203.58775	4.1
AML_109_01	Ralimetinib	Ralimetinib_AML_109_01	202.26306	0.0
AML_110_01	Ralimetinib	Ralimetinib_AML_110_01	207.5177	1.4
AML_112_01	Ralimetinib	Ralimetinib_AML_112_01	201.38275	0.0
AML_112_02	Ralimetinib	Ralimetinib_AML_112_02	206.25618	0.3
AML_113_01	Ralimetinib	Ralimetinib_AML_113_01	206.69812	7.4
AML_114_01	Ralimetinib	Ralimetinib_AML_114_01	202.66576	1.6
AML_115_01	Ralimetinib	Ralimetinib_AML_115_01	202.14833	2.6
AML_116_01	Ralimetinib	Ralimetinib_AML_116_01	204.14981	0.1
AML_117_01	Ralimetinib	Ralimetinib_AML_117_01	211.7326	1.5
AML_119_01	Ralimetinib	Ralimetinib_AML_119_01	199.57312	1.2
AML_122_01	Ralimetinib	Ralimetinib_AML_122_01	208.4665	0.0
AML_123_01	Ralimetinib	Ralimetinib_AML_123_01	210.61102	0.0
AML_124_01	Ralimetinib	Ralimetinib_AML_124_01	207.22643	0.4
AML_125_01	Ralimetinib	Ralimetinib_AML_125_01	210.31674	1.9
AML_126_01	Ralimetinib	Ralimetinib_AML_126_01	206.0764	6.3
AML_127_01	Ralimetinib	Ralimetinib_AML_127_01	204.96039	1.5
AML_128_01	Ralimetinib	Ralimetinib_AML_128_01	210.22456	2.3
AML_131_01	Ralimetinib	Ralimetinib_AML_131_01	206.26248	0.0
AML_133_01	Ralimetinib	Ralimetinib_AML_133_01	209.47856	11.5
AML_134_01	Ralimetinib	Ralimetinib_AML_134_01	207.94025	1.0
AML_135_01	Ralimetinib	Ralimetinib_AML_135_01	211.08469	1.1
AML_138_01	Ralimetinib	Ralimetinib_AML_138_01	213.01294	0.0
AML_139_01	Ralimetinib	Ralimetinib_AML_139_01	214.10837	1.6
AML_140_01	Ralimetinib	Ralimetinib_AML_140_01	210.55281	0.4
AML_142_01	Ralimetinib	Ralimetinib_AML_142_01	206.74033	8.5
AML_143_01	Ralimetinib	Ralimetinib_AML_143_01	209.24756	1.2
AML_144_01	Ralimetinib	Ralimetinib_AML_144_01	214.0591	2.2
AML_146_01	Ralimetinib	Ralimetinib_AML_146_01	210.95885	0.0
AML_147_01	Ralimetinib	Ralimetinib_AML_147_01	209.08824	0.0
AML_151_01	Ralimetinib	Ralimetinib_AML_151_01	204.53146	20.1
AML_152_01	Ralimetinib	Ralimetinib_AML_152_01	207.13742	0.3
AML_153_01	Ralimetinib	Ralimetinib_AML_153_01	205.5085	0.0
AML_156_01	Ralimetinib	Ralimetinib_AML_156_01	204.5436	5.7
AML_157_01	Ralimetinib	Ralimetinib_AML_157_01	209.32228	0.1
AML_157_02	Ralimetinib	Ralimetinib_AML_157_02	206.75473	0.9
AML_158_01	Ralimetinib	Ralimetinib_AML_158_01	213.50279	0.3
AML_159_01	Ralimetinib	Ralimetinib_AML_159_01	211.88593	1.4
AML_160_01	Ralimetinib	Ralimetinib_AML_160_01	205.8793	0.2
AML_161_01	Ralimetinib	Ralimetinib_AML_161_01	206.66682	1.8
AML_175_01	Ralimetinib	Ralimetinib_AML_175_01	208.66537	3.4
AML_183_01	Ralimetinib	Ralimetinib_AML_183_01	208.74028	0.4
AML_183_02	Ralimetinib	Ralimetinib_AML_183_02	199.30986	0.3
AML_183_03	Ralimetinib	Ralimetinib_AML_183_03	200.80013	0.0
AML_001_01	Regorafenib	Regorafenib_AML_001_01	205.45258	1.2
AML_001_03	Regorafenib	Regorafenib_AML_001_03	208.15593	11.1
AML_002_01	Regorafenib	Regorafenib_AML_002_01	198.55882	8.5
AML_003_02	Regorafenib	Regorafenib_AML_003_02	198.54094	5.7
AML_004_01	Regorafenib	Regorafenib_AML_004_01	200.93822	4.1
AML_006_02	Regorafenib	Regorafenib_AML_006_02	202.81366	6.4
AML_007_01	Regorafenib	Regorafenib_AML_007_01	203.14662	10.4
AML_007_02	Regorafenib	Regorafenib_AML_007_02	204.85889	7.0
AML_012_01	Regorafenib	Regorafenib_AML_012_01	195.23947	16.4
AML_013_01	Regorafenib	Regorafenib_AML_013_01	193.37585	14.9
AML_014_01	Regorafenib	Regorafenib_AML_014_01	201.37054	9.1
AML_015_01	Regorafenib	Regorafenib_AML_015_01	202.88515	23.8
AML_015_02	Regorafenib	Regorafenib_AML_015_02	206.00418	14.3
AML_015_03	Regorafenib	Regorafenib_AML_015_03	201.98471	25.3
AML_015_04	Regorafenib	Regorafenib_AML_015_04	197.14456	40.8
AML_018_01	Regorafenib	Regorafenib_AML_018_01	197.66573	11.8
AML_019_01	Regorafenib	Regorafenib_AML_019_01	197.18236	7.2
AML_020_01	Regorafenib	Regorafenib_AML_020_01	202.57755	5.0
AML_023_01	Regorafenib	Regorafenib_AML_023_01	195.2506	12.5
AML_023_03	Regorafenib	Regorafenib_AML_023_03	196.8533	9.8
AML_023_04	Regorafenib	Regorafenib_AML_023_04	198.26764	8.0
AML_024_01	Regorafenib	Regorafenib_AML_024_01	201.28693	5.9
AML_025_01	Regorafenib	Regorafenib_AML_025_01	210.9985	2.6
AML_026_01	Regorafenib	Regorafenib_AML_026_01	205.61963	0.0
AML_028_01	Regorafenib	Regorafenib_AML_028_01	201.63103	4.4
AML_028_04	Regorafenib	Regorafenib_AML_028_04	193.08508	15.2
AML_029_01	Regorafenib	Regorafenib_AML_029_01	201.63902	3.2
AML_030_01	Regorafenib	Regorafenib_AML_030_01	192.6549	2.2
AML_032_01	Regorafenib	Regorafenib_AML_032_01	206.42963	3.6
AML_033_01	Regorafenib	Regorafenib_AML_033_01	201.1116	8.7
AML_033_02	Regorafenib	Regorafenib_AML_033_02	186.26689	8.9
AML_035_02	Regorafenib	Regorafenib_AML_035_02	209.33272	0.2
AML_035_04	Regorafenib	Regorafenib_AML_035_04	200.4997	0.0
AML_036_01	Regorafenib	Regorafenib_AML_036_01	200.31738	3.9
AML_040_01	Regorafenib	Regorafenib_AML_040_01	191.5364	12.8
AML_041_01	Regorafenib	Regorafenib_AML_041_01	201.53506	6.8
AML_042_01	Regorafenib	Regorafenib_AML_042_01	202.94518	10.0
AML_043_02	Regorafenib	Regorafenib_AML_043_02	195.9005	3.1
AML_045_01	Regorafenib	Regorafenib_AML_045_01	206.16977	4.2
AML_046_01	Regorafenib	Regorafenib_AML_046_01	188.69223	24.2
AML_051_01	Regorafenib	Regorafenib_AML_051_01	195.00917	4.7
AML_052_01	Regorafenib	Regorafenib_AML_052_01	201.36566	1.7
AML_053_01	Regorafenib	Regorafenib_AML_053_01	214.63647	3.7
AML_054_01	Regorafenib	Regorafenib_AML_054_01	194.53458	12.6
AML_057_01	Regorafenib	Regorafenib_AML_057_01	201.80861	9.1
AML_058_01	Regorafenib	Regorafenib_AML_058_01	198.80508	3.9
AML_059_01	Regorafenib	Regorafenib_AML_059_01	195.4051	6.6
AML_060_01	Regorafenib	Regorafenib_AML_060_01	197.38991	7.9
AML_061_01	Regorafenib	Regorafenib_AML_061_01	194.03201	6.9
AML_062_01	Regorafenib	Regorafenib_AML_062_01	190.44594	11.1
AML_064_01	Regorafenib	Regorafenib_AML_064_01	197.52734	9.0
AML_065_01	Regorafenib	Regorafenib_AML_065_01	190.567	13.9
AML_067_01	Regorafenib	Regorafenib_AML_067_01	195.67944	10.8
AML_070_01	Regorafenib	Regorafenib_AML_070_01	202.307	0.0
AML_072_01	Regorafenib	Regorafenib_AML_072_01	208.28743	3.8
AML_073_01	Regorafenib	Regorafenib_AML_073_01	207.10239	0.8
AML_074_01	Regorafenib	Regorafenib_AML_074_01	195.56146	1.0
AML_075_01	Regorafenib	Regorafenib_AML_075_01	198.38187	7.2
AML_076_01	Regorafenib	Regorafenib_AML_076_01	203.8748	1.2
AML_076_02	Regorafenib	Regorafenib_AML_076_02	188.4961	9.4
AML_077_01	Regorafenib	Regorafenib_AML_077_01	200.57584	3.9
AML_078_02	Regorafenib	Regorafenib_AML_078_02	200.95636	1.6
AML_084_01	Regorafenib	Regorafenib_AML_084_01	194.37581	14.7
AML_086_02	Regorafenib	Regorafenib_AML_086_02	203.68036	5.4
AML_098_01	Regorafenib	Regorafenib_AML_098_01	194.5951	0.2
AML_100_01	Regorafenib	Regorafenib_AML_100_01	199.25143	1.5
AML_101_01	Regorafenib	Regorafenib_AML_101_01	194.01549	14.1
AML_101_02	Regorafenib	Regorafenib_AML_101_02	206.1731	4.4
AML_102_01	Regorafenib	Regorafenib_AML_102_01	191.0745	6.4
AML_103_01	Regorafenib	Regorafenib_AML_103_01	188.07396	2.2
AML_103_02	Regorafenib	Regorafenib_AML_103_02	189.43973	9.2
AML_104_01	Regorafenib	Regorafenib_AML_104_01	200.41135	1.2
AML_108_01	Regorafenib	Regorafenib_AML_108_01	192.42937	4.0
AML_109_01	Regorafenib	Regorafenib_AML_109_01	194.02368	2.2
AML_110_01	Regorafenib	Regorafenib_AML_110_01	198.59157	7.7
AML_112_01	Regorafenib	Regorafenib_AML_112_01	192.2977	4.9
AML_112_02	Regorafenib	Regorafenib_AML_112_02	197.77467	5.8
AML_113_01	Regorafenib	Regorafenib_AML_113_01	197.87738	5.6
AML_114_01	Regorafenib	Regorafenib_AML_114_01	190.64896	1.9
AML_115_01	Regorafenib	Regorafenib_AML_115_01	190.34944	10.3
AML_116_01	Regorafenib	Regorafenib_AML_116_01	194.28769	2.0
AML_117_01	Regorafenib	Regorafenib_AML_117_01	202.18135	4.1
AML_119_01	Regorafenib	Regorafenib_AML_119_01	187.6037	2.7
AML_120_03	Regorafenib	Regorafenib_AML_120_03	202.12503	19.8
AML_122_01	Regorafenib	Regorafenib_AML_122_01	204.11925	2.5
AML_123_01	Regorafenib	Regorafenib_AML_123_01	204.54753	2.9
AML_124_01	Regorafenib	Regorafenib_AML_124_01	200.84012	3.7
AML_125_01	Regorafenib	Regorafenib_AML_125_01	201.20181	18.0
AML_126_01	Regorafenib	Regorafenib_AML_126_01	200.8647	8.8
AML_127_01	Regorafenib	Regorafenib_AML_127_01	193.90875	3.7
AML_128_01	Regorafenib	Regorafenib_AML_128_01	204.01479	4.5
AML_129_03	Regorafenib	Regorafenib_AML_129_03	195.55208	7.7
AML_131_01	Regorafenib	Regorafenib_AML_131_01	199.46036	0.6
AML_133_01	Regorafenib	Regorafenib_AML_133_01	197.76387	9.4
AML_134_01	Regorafenib	Regorafenib_AML_134_01	201.8397	0.8
AML_135_01	Regorafenib	Regorafenib_AML_135_01	203.07329	5.0
AML_138_01	Regorafenib	Regorafenib_AML_138_01	206.5534	3.2
AML_139_01	Regorafenib	Regorafenib_AML_139_01	209.57356	2.7
AML_140_01	Regorafenib	Regorafenib_AML_140_01	201.44801	2.9
AML_142_01	Regorafenib	Regorafenib_AML_142_01	195.23651	10.8
AML_143_01	Regorafenib	Regorafenib_AML_143_01	200.54202	6.2
AML_144_01	Regorafenib	Regorafenib_AML_144_01	209.46527	8.9
AML_146_01	Regorafenib	Regorafenib_AML_146_01	204.8862	1.4
AML_147_01	Regorafenib	Regorafenib_AML_147_01	203.66547	5.6
AML_151_01	Regorafenib	Regorafenib_AML_151_01	192.69911	10.1
AML_152_01	Regorafenib	Regorafenib_AML_152_01	200.72983	2.5
AML_153_01	Regorafenib	Regorafenib_AML_153_01	196.53006	0.9
AML_156_01	Regorafenib	Regorafenib_AML_156_01	194.99348	7.6
AML_157_01	Regorafenib	Regorafenib_AML_157_01	202.1858	3.6
AML_157_02	Regorafenib	Regorafenib_AML_157_02	201.67073	5.8
AML_158_01	Regorafenib	Regorafenib_AML_158_01	210.13501	1.9
AML_159_01	Regorafenib	Regorafenib_AML_159_01	207.1537	3.7
AML_160_01	Regorafenib	Regorafenib_AML_160_01	196.67227	4.5
AML_161_01	Regorafenib	Regorafenib_AML_161_01	195.95995	4.8
AML_175_01	Regorafenib	Regorafenib_AML_175_01	201.26584	2.9
AML_183_01	Regorafenib	Regorafenib_AML_183_01	203.82503	3.0
AML_183_02	Regorafenib	Regorafenib_AML_183_02	193.27966	1.6
AML_183_03	Regorafenib	Regorafenib_AML_183_03	194.01372	0.8
AML_001_01	Ruxolitinib	Ruxolitinib_AML_001_01	234.63907	0.0
AML_001_03	Ruxolitinib	Ruxolitinib_AML_001_03	232.81831	10.2
AML_002_01	Ruxolitinib	Ruxolitinib_AML_002_01	228.89427	4.1
AML_003_02	Ruxolitinib	Ruxolitinib_AML_003_02	224.97078	23.3
AML_004_01	Ruxolitinib	Ruxolitinib_AML_004_01	231.93895	16.1
AML_006_02	Ruxolitinib	Ruxolitinib_AML_006_02	226.57538	1.1
AML_007_01	Ruxolitinib	Ruxolitinib_AML_007_01	230.49324	1.2
AML_007_02	Ruxolitinib	Ruxolitinib_AML_007_02	232.18506	0.3
AML_012_01	Ruxolitinib	Ruxolitinib_AML_012_01	227.29233	4.3
AML_013_01	Ruxolitinib	Ruxolitinib_AML_013_01	229.2891	13.6
AML_014_01	Ruxolitinib	Ruxolitinib_AML_014_01	231.74329	0.0
AML_015_01	Ruxolitinib	Ruxolitinib_AML_015_01	234.28835	6.4
AML_015_02	Ruxolitinib	Ruxolitinib_AML_015_02	228.81987	4.2
AML_015_03	Ruxolitinib	Ruxolitinib_AML_015_03	232.79953	3.3
AML_015_04	Ruxolitinib	Ruxolitinib_AML_015_04	228.75554	5.9
AML_018_01	Ruxolitinib	Ruxolitinib_AML_018_01	226.57443	32.9
AML_019_01	Ruxolitinib	Ruxolitinib_AML_019_01	226.80673	8.6
AML_020_01	Ruxolitinib	Ruxolitinib_AML_020_01	234.53812	2.9
AML_022_01	Ruxolitinib	Ruxolitinib_AML_022_01	225.10474	2.6
AML_023_01	Ruxolitinib	Ruxolitinib_AML_023_01	221.95035	4.9
AML_023_03	Ruxolitinib	Ruxolitinib_AML_023_03	222.90883	5.5
AML_023_04	Ruxolitinib	Ruxolitinib_AML_023_04	224.30264	3.3
AML_024_01	Ruxolitinib	Ruxolitinib_AML_024_01	232.7654	16.4
AML_025_01	Ruxolitinib	Ruxolitinib_AML_025_01	235.95502	16.5
AML_026_01	Ruxolitinib	Ruxolitinib_AML_026_01	231.69698	9.7
AML_028_01	Ruxolitinib	Ruxolitinib_AML_028_01	229.8368	2.4
AML_028_04	Ruxolitinib	Ruxolitinib_AML_028_04	222.83609	9.9
AML_029_01	Ruxolitinib	Ruxolitinib_AML_029_01	227.82486	10.8
AML_030_01	Ruxolitinib	Ruxolitinib_AML_030_01	221.74306	9.7
AML_032_01	Ruxolitinib	Ruxolitinib_AML_032_01	232.41187	12.9
AML_033_01	Ruxolitinib	Ruxolitinib_AML_033_01	230.24554	23.1
AML_033_02	Ruxolitinib	Ruxolitinib_AML_033_02	221.82161	25.2
AML_035_02	Ruxolitinib	Ruxolitinib_AML_035_02	235.2572	17.9
AML_035_04	Ruxolitinib	Ruxolitinib_AML_035_04	227.10332	14.5
AML_036_01	Ruxolitinib	Ruxolitinib_AML_036_01	231.35934	12.7
AML_040_01	Ruxolitinib	Ruxolitinib_AML_040_01	225.66777	6.8
AML_041_01	Ruxolitinib	Ruxolitinib_AML_041_01	227.60126	1.4
AML_042_01	Ruxolitinib	Ruxolitinib_AML_042_01	228.18994	3.1
AML_043_02	Ruxolitinib	Ruxolitinib_AML_043_02	228.99498	22.1
AML_045_01	Ruxolitinib	Ruxolitinib_AML_045_01	232.87253	0.1
AML_046_01	Ruxolitinib	Ruxolitinib_AML_046_01	224.66939	6.9
AML_051_01	Ruxolitinib	Ruxolitinib_AML_051_01	226.44597	0.0
AML_052_01	Ruxolitinib	Ruxolitinib_AML_052_01	231.96692	13.6
AML_053_01	Ruxolitinib	Ruxolitinib_AML_053_01	237.48776	0.5
AML_054_01	Ruxolitinib	Ruxolitinib_AML_054_01	228.67926	3.3
AML_057_01	Ruxolitinib	Ruxolitinib_AML_057_01	229.38701	7.4
AML_058_01	Ruxolitinib	Ruxolitinib_AML_058_01	230.80533	4.5
AML_059_01	Ruxolitinib	Ruxolitinib_AML_059_01	227.83786	3.3
AML_060_01	Ruxolitinib	Ruxolitinib_AML_060_01	230.73598	4.2
AML_061_01	Ruxolitinib	Ruxolitinib_AML_061_01	225.41284	0.5
AML_062_01	Ruxolitinib	Ruxolitinib_AML_062_01	220.70436	14.4
AML_064_01	Ruxolitinib	Ruxolitinib_AML_064_01	225.2674	0.0
AML_065_01	Ruxolitinib	Ruxolitinib_AML_065_01	222.37325	4.2
AML_067_01	Ruxolitinib	Ruxolitinib_AML_067_01	225.38086	3.5
AML_070_01	Ruxolitinib	Ruxolitinib_AML_070_01	226.30179	9.9
AML_072_01	Ruxolitinib	Ruxolitinib_AML_072_01	234.51588	1.2
AML_073_01	Ruxolitinib	Ruxolitinib_AML_073_01	231.89627	0.0
AML_074_01	Ruxolitinib	Ruxolitinib_AML_074_01	225.02135	14.5
AML_075_01	Ruxolitinib	Ruxolitinib_AML_075_01	223.89424	1.4
AML_076_01	Ruxolitinib	Ruxolitinib_AML_076_01	229.00151	13.1
AML_076_02	Ruxolitinib	Ruxolitinib_AML_076_02	222.54854	20.2
AML_077_01	Ruxolitinib	Ruxolitinib_AML_077_01	227.4464	17.5
AML_078_02	Ruxolitinib	Ruxolitinib_AML_078_02	228.03395	14.5
AML_084_01	Ruxolitinib	Ruxolitinib_AML_084_01	223.72316	6.7
AML_086_02	Ruxolitinib	Ruxolitinib_AML_086_02	231.25453	18.3
AML_098_01	Ruxolitinib	Ruxolitinib_AML_098_01	223.91954	18.3
AML_100_01	Ruxolitinib	Ruxolitinib_AML_100_01	228.39217	11.3
AML_101_01	Ruxolitinib	Ruxolitinib_AML_101_01	223.52473	19.8
AML_101_02	Ruxolitinib	Ruxolitinib_AML_101_02	232.17758	8.5
AML_102_01	Ruxolitinib	Ruxolitinib_AML_102_01	221.1387	4.1
AML_103_01	Ruxolitinib	Ruxolitinib_AML_103_01	217.36998	17.8
AML_103_02	Ruxolitinib	Ruxolitinib_AML_103_02	225.00546	21.1
AML_104_01	Ruxolitinib	Ruxolitinib_AML_104_01	228.33069	14.4
AML_108_01	Ruxolitinib	Ruxolitinib_AML_108_01	224.84277	16.7
AML_109_01	Ruxolitinib	Ruxolitinib_AML_109_01	225.24123	5.4
AML_110_01	Ruxolitinib	Ruxolitinib_AML_110_01	226.135	22.0
AML_112_01	Ruxolitinib	Ruxolitinib_AML_112_01	222.5713	5.7
AML_112_02	Ruxolitinib	Ruxolitinib_AML_112_02	226.41766	9.3
AML_113_01	Ruxolitinib	Ruxolitinib_AML_113_01	229.53639	22.6
AML_114_01	Ruxolitinib	Ruxolitinib_AML_114_01	220.94223	15.1
AML_115_01	Ruxolitinib	Ruxolitinib_AML_115_01	223.86386	17.8
AML_116_01	Ruxolitinib	Ruxolitinib_AML_116_01	222.84186	12.2
AML_117_01	Ruxolitinib	Ruxolitinib_AML_117_01	227.94353	9.2
AML_119_01	Ruxolitinib	Ruxolitinib_AML_119_01	218.65633	20.3
AML_120_01	Ruxolitinib	Ruxolitinib_AML_120_01	227.86053	6.9
AML_120_03	Ruxolitinib	Ruxolitinib_AML_120_03	229.65833	4.1
AML_122_01	Ruxolitinib	Ruxolitinib_AML_122_01	229.92885	8.2
AML_123_01	Ruxolitinib	Ruxolitinib_AML_123_01	230.62152	15.8
AML_124_01	Ruxolitinib	Ruxolitinib_AML_124_01	229.51065	19.5
AML_125_01	Ruxolitinib	Ruxolitinib_AML_125_01	231.59163	28.9
AML_126_01	Ruxolitinib	Ruxolitinib_AML_126_01	225.29393	24.7
AML_127_01	Ruxolitinib	Ruxolitinib_AML_127_01	225.20851	19.1
AML_128_01	Ruxolitinib	Ruxolitinib_AML_128_01	230.59395	19.0
AML_129_02	Ruxolitinib	Ruxolitinib_AML_129_02	227.9113	7.3
AML_129_03	Ruxolitinib	Ruxolitinib_AML_129_03	228.3134	4.6
AML_131_01	Ruxolitinib	Ruxolitinib_AML_131_01	229.38367	12.2
AML_133_01	Ruxolitinib	Ruxolitinib_AML_133_01	230.50284	23.5
AML_134_01	Ruxolitinib	Ruxolitinib_AML_134_01	228.2977	19.6
AML_135_01	Ruxolitinib	Ruxolitinib_AML_135_01	232.1801	16.0
AML_138_01	Ruxolitinib	Ruxolitinib_AML_138_01	231.81383	16.8
AML_139_01	Ruxolitinib	Ruxolitinib_AML_139_01	238.87592	14.8
AML_140_01	Ruxolitinib	Ruxolitinib_AML_140_01	231.14455	11.7
AML_142_01	Ruxolitinib	Ruxolitinib_AML_142_01	228.86726	25.9
AML_143_01	Ruxolitinib	Ruxolitinib_AML_143_01	228.5566	18.8
AML_144_01	Ruxolitinib	Ruxolitinib_AML_144_01	238.25174	15.5
AML_146_01	Ruxolitinib	Ruxolitinib_AML_146_01	231.72047	13.9
AML_147_01	Ruxolitinib	Ruxolitinib_AML_147_01	232.90845	14.5
AML_151_01	Ruxolitinib	Ruxolitinib_AML_151_01	225.6014	12.8
AML_152_01	Ruxolitinib	Ruxolitinib_AML_152_01	231.45935	19.2
AML_153_01	Ruxolitinib	Ruxolitinib_AML_153_01	225.05142	8.7
AML_156_01	Ruxolitinib	Ruxolitinib_AML_156_01	226.33925	21.7
AML_157_01	Ruxolitinib	Ruxolitinib_AML_157_01	231.20273	10.9
AML_157_02	Ruxolitinib	Ruxolitinib_AML_157_02	231.3251	11.0
AML_158_01	Ruxolitinib	Ruxolitinib_AML_158_01	236.31631	12.0
AML_159_01	Ruxolitinib	Ruxolitinib_AML_159_01	232.98206	16.5
AML_160_01	Ruxolitinib	Ruxolitinib_AML_160_01	227.41605	15.2
AML_161_01	Ruxolitinib	Ruxolitinib_AML_161_01	229.02892	26.1
AML_175_01	Ruxolitinib	Ruxolitinib_AML_175_01	228.8444	0.2
AML_179_01	Ruxolitinib	Ruxolitinib_AML_179_01	228.42859	11.1
AML_183_01	Ruxolitinib	Ruxolitinib_AML_183_01	230.53122	11.0
AML_183_02	Ruxolitinib	Ruxolitinib_AML_183_02	220.72493	13.6
AML_183_03	Ruxolitinib	Ruxolitinib_AML_183_03	223.69873	6.8
AML_184_01	Ruxolitinib	Ruxolitinib_AML_184_01	224.14267	6.7
AML_185_01	Ruxolitinib	Ruxolitinib_AML_185_01	235.9964	15.8
AML_001_01	Saracatinib	Saracatinib_AML_001_01	229.45715	0.0
AML_001_03	Saracatinib	Saracatinib_AML_001_03	227.71597	0.4
AML_002_01	Saracatinib	Saracatinib_AML_002_01	225.60046	6.1
AML_003_02	Saracatinib	Saracatinib_AML_003_02	220.85445	0.0
AML_004_01	Saracatinib	Saracatinib_AML_004_01	225.48825	1.4
AML_006_02	Saracatinib	Saracatinib_AML_006_02	221.92886	3.4
AML_007_01	Saracatinib	Saracatinib_AML_007_01	222.39764	0.2
AML_007_02	Saracatinib	Saracatinib_AML_007_02	225.18546	0.0
AML_012_01	Saracatinib	Saracatinib_AML_012_01	223.87714	3.4
AML_013_01	Saracatinib	Saracatinib_AML_013_01	224.13928	2.2
AML_014_01	Saracatinib	Saracatinib_AML_014_01	228.63857	0.2
AML_015_01	Saracatinib	Saracatinib_AML_015_01	229.68521	8.2
AML_015_02	Saracatinib	Saracatinib_AML_015_02	222.41902	6.6
AML_015_03	Saracatinib	Saracatinib_AML_015_03	227.95065	6.7
AML_015_04	Saracatinib	Saracatinib_AML_015_04	224.64441	16.5
AML_018_01	Saracatinib	Saracatinib_AML_018_01	222.62773	7.3
AML_019_01	Saracatinib	Saracatinib_AML_019_01	223.43199	3.6
AML_020_01	Saracatinib	Saracatinib_AML_020_01	231.12881	2.8
AML_023_01	Saracatinib	Saracatinib_AML_023_01	215.35004	9.7
AML_023_03	Saracatinib	Saracatinib_AML_023_03	217.30019	7.7
AML_023_04	Saracatinib	Saracatinib_AML_023_04	219.3671	5.5
AML_024_01	Saracatinib	Saracatinib_AML_024_01	230.06764	0.0
AML_025_01	Saracatinib	Saracatinib_AML_025_01	232.43536	0.8
AML_026_01	Saracatinib	Saracatinib_AML_026_01	227.6308	0.1
AML_028_01	Saracatinib	Saracatinib_AML_028_01	226.94739	2.1
AML_028_04	Saracatinib	Saracatinib_AML_028_04	218.06914	0.9
AML_029_01	Saracatinib	Saracatinib_AML_029_01	220.12854	1.2
AML_030_01	Saracatinib	Saracatinib_AML_030_01	213.99854	0.0
AML_032_01	Saracatinib	Saracatinib_AML_032_01	228.46686	0.0
AML_033_01	Saracatinib	Saracatinib_AML_033_01	223.813	4.4
AML_033_02	Saracatinib	Saracatinib_AML_033_02	218.31572	2.3
AML_035_02	Saracatinib	Saracatinib_AML_035_02	232.58206	0.2
AML_035_04	Saracatinib	Saracatinib_AML_035_04	224.86215	0.7
AML_036_01	Saracatinib	Saracatinib_AML_036_01	225.37239	0.0
AML_040_01	Saracatinib	Saracatinib_AML_040_01	219.85458	12.0
AML_041_01	Saracatinib	Saracatinib_AML_041_01	220.31758	6.5
AML_042_01	Saracatinib	Saracatinib_AML_042_01	220.75021	4.6
AML_043_02	Saracatinib	Saracatinib_AML_043_02	226.73618	0.7
AML_045_01	Saracatinib	Saracatinib_AML_045_01	228.25055	0.0
AML_046_01	Saracatinib	Saracatinib_AML_046_01	218.562	8.0
AML_051_01	Saracatinib	Saracatinib_AML_051_01	220.68358	0.0
AML_052_01	Saracatinib	Saracatinib_AML_052_01	227.97241	0.7
AML_053_01	Saracatinib	Saracatinib_AML_053_01	234.30669	1.6
AML_054_01	Saracatinib	Saracatinib_AML_054_01	224.65126	0.0
AML_057_01	Saracatinib	Saracatinib_AML_057_01	223.15518	3.7
AML_058_01	Saracatinib	Saracatinib_AML_058_01	225.63548	2.8
AML_059_01	Saracatinib	Saracatinib_AML_059_01	221.8854	6.4
AML_060_01	Saracatinib	Saracatinib_AML_060_01	226.66415	0.9
AML_061_01	Saracatinib	Saracatinib_AML_061_01	221.9509	0.0
AML_062_01	Saracatinib	Saracatinib_AML_062_01	212.08951	11.6
AML_064_01	Saracatinib	Saracatinib_AML_064_01	217.73387	0.0
AML_065_01	Saracatinib	Saracatinib_AML_065_01	214.45404	4.7
AML_067_01	Saracatinib	Saracatinib_AML_067_01	216.26875	9.5
AML_070_01	Saracatinib	Saracatinib_AML_070_01	222.06747	0.0
AML_072_01	Saracatinib	Saracatinib_AML_072_01	229.87013	2.4
AML_073_01	Saracatinib	Saracatinib_AML_073_01	227.96329	2.7
AML_074_01	Saracatinib	Saracatinib_AML_074_01	218.2829	4.1
AML_075_01	Saracatinib	Saracatinib_AML_075_01	217.78394	0.4
AML_076_01	Saracatinib	Saracatinib_AML_076_01	221.8957	1.0
AML_076_02	Saracatinib	Saracatinib_AML_076_02	215.20709	5.8
AML_077_01	Saracatinib	Saracatinib_AML_077_01	222.61801	0.0
AML_078_02	Saracatinib	Saracatinib_AML_078_02	220.74266	0.0
AML_084_01	Saracatinib	Saracatinib_AML_084_01	216.4407	0.6
AML_086_02	Saracatinib	Saracatinib_AML_086_02	225.55849	3.4
AML_098_01	Saracatinib	Saracatinib_AML_098_01	217.86362	0.0
AML_100_01	Saracatinib	Saracatinib_AML_100_01	220.63834	0.0
AML_101_01	Saracatinib	Saracatinib_AML_101_01	217.02509	6.9
AML_101_02	Saracatinib	Saracatinib_AML_101_02	227.65155	2.7
AML_102_01	Saracatinib	Saracatinib_AML_102_01	211.53755	0.0
AML_103_01	Saracatinib	Saracatinib_AML_103_01	208.22198	0.0
AML_103_02	Saracatinib	Saracatinib_AML_103_02	220.64864	4.8
AML_104_01	Saracatinib	Saracatinib_AML_104_01	219.61424	0.2
AML_108_01	Saracatinib	Saracatinib_AML_108_01	216.49129	2.6
AML_109_01	Saracatinib	Saracatinib_AML_109_01	218.91545	0.0
AML_110_01	Saracatinib	Saracatinib_AML_110_01	220.07047	1.5
AML_112_01	Saracatinib	Saracatinib_AML_112_01	213.5987	2.4
AML_112_02	Saracatinib	Saracatinib_AML_112_02	219.51431	4.9
AML_113_01	Saracatinib	Saracatinib_AML_113_01	222.98154	6.1
AML_114_01	Saracatinib	Saracatinib_AML_114_01	211.98756	1.1
AML_115_01	Saracatinib	Saracatinib_AML_115_01	216.70168	5.5
AML_116_01	Saracatinib	Saracatinib_AML_116_01	216.56929	0.0
AML_117_01	Saracatinib	Saracatinib_AML_117_01	221.72871	1.0
AML_119_01	Saracatinib	Saracatinib_AML_119_01	208.61269	0.6
AML_120_01	Saracatinib	Saracatinib_AML_120_01	222.9728	9.8
AML_120_03	Saracatinib	Saracatinib_AML_120_03	224.40039	10.2
AML_122_01	Saracatinib	Saracatinib_AML_122_01	222.12907	0.0
AML_123_01	Saracatinib	Saracatinib_AML_123_01	225.50446	3.1
AML_124_01	Saracatinib	Saracatinib_AML_124_01	224.5009	1.6
AML_125_01	Saracatinib	Saracatinib_AML_125_01	228.33293	0.0
AML_126_01	Saracatinib	Saracatinib_AML_126_01	219.1957	0.0
AML_127_01	Saracatinib	Saracatinib_AML_127_01	217.37169	2.7
AML_128_01	Saracatinib	Saracatinib_AML_128_01	225.583	0.9
AML_129_02	Saracatinib	Saracatinib_AML_129_02	221.66936	7.3
AML_129_03	Saracatinib	Saracatinib_AML_129_03	222.95882	5.5
AML_131_01	Saracatinib	Saracatinib_AML_131_01	221.94402	0.0
AML_133_01	Saracatinib	Saracatinib_AML_133_01	226.8327	0.0
AML_134_01	Saracatinib	Saracatinib_AML_134_01	225.4857	0.0
AML_135_01	Saracatinib	Saracatinib_AML_135_01	226.97261	0.0
AML_138_01	Saracatinib	Saracatinib_AML_138_01	227.83556	0.0
AML_139_01	Saracatinib	Saracatinib_AML_139_01	233.80338	3.8
AML_140_01	Saracatinib	Saracatinib_AML_140_01	226.25374	0.7
AML_142_01	Saracatinib	Saracatinib_AML_142_01	225.55106	0.0
AML_143_01	Saracatinib	Saracatinib_AML_143_01	223.65884	0.0
AML_144_01	Saracatinib	Saracatinib_AML_144_01	235.4808	0.0
AML_146_01	Saracatinib	Saracatinib_AML_146_01	229.24739	0.9
AML_147_01	Saracatinib	Saracatinib_AML_147_01	227.49066	1.9
AML_151_01	Saracatinib	Saracatinib_AML_151_01	220.79488	7.9
AML_152_01	Saracatinib	Saracatinib_AML_152_01	225.73846	0.2
AML_153_01	Saracatinib	Saracatinib_AML_153_01	222.56847	0.0
AML_156_01	Saracatinib	Saracatinib_AML_156_01	222.19327	0.0
AML_157_01	Saracatinib	Saracatinib_AML_157_01	226.1394	6.2
AML_157_02	Saracatinib	Saracatinib_AML_157_02	224.1996	5.3
AML_158_01	Saracatinib	Saracatinib_AML_158_01	231.22769	0.1
AML_159_01	Saracatinib	Saracatinib_AML_159_01	228.75485	1.8
AML_160_01	Saracatinib	Saracatinib_AML_160_01	221.24432	0.0
AML_161_01	Saracatinib	Saracatinib_AML_161_01	225.0993	2.0
AML_175_01	Saracatinib	Saracatinib_AML_175_01	222.89758	4.1
AML_179_01	Saracatinib	Saracatinib_AML_179_01	224.28276	1.6
AML_183_01	Saracatinib	Saracatinib_AML_183_01	223.65483	0.0
AML_183_02	Saracatinib	Saracatinib_AML_183_02	210.84402	0.6
AML_183_03	Saracatinib	Saracatinib_AML_183_03	216.21472	0.0
AML_184_01	Saracatinib	Saracatinib_AML_184_01	215.96854	7.4
AML_185_01	Saracatinib	Saracatinib_AML_185_01	233.41502	0.2
AML_004_01	Selinexor	Selinexor_AML_004_01	148.92525	23.6
AML_019_01	Selinexor	Selinexor_AML_019_01	153.4369	25.1
AML_025_01	Selinexor	Selinexor_AML_025_01	153.10986	26.7
AML_026_01	Selinexor	Selinexor_AML_026_01	149.00331	18.8
AML_029_01	Selinexor	Selinexor_AML_029_01	148.84448	23.6
AML_030_01	Selinexor	Selinexor_AML_030_01	142.07033	20.7
AML_033_01	Selinexor	Selinexor_AML_033_01	146.0642	21.9
AML_033_02	Selinexor	Selinexor_AML_033_02	152.28789	23.0
AML_041_01	Selinexor	Selinexor_AML_041_01	152.6831	12.9
AML_042_01	Selinexor	Selinexor_AML_042_01	156.3899	21.2
AML_043_02	Selinexor	Selinexor_AML_043_02	160.59224	15.3
AML_046_01	Selinexor	Selinexor_AML_046_01	148.12947	33.1
AML_052_01	Selinexor	Selinexor_AML_052_01	148.06122	11.9
AML_057_01	Selinexor	Selinexor_AML_057_01	150.6879	19.2
AML_058_01	Selinexor	Selinexor_AML_058_01	145.84207	20.7
AML_059_01	Selinexor	Selinexor_AML_059_01	144.18507	24.2
AML_060_01	Selinexor	Selinexor_AML_060_01	154.47462	22.1
AML_061_01	Selinexor	Selinexor_AML_061_01	146.7705	23.7
AML_062_01	Selinexor	Selinexor_AML_062_01	153.46872	24.8
AML_064_01	Selinexor	Selinexor_AML_064_01	160.79199	18.5
AML_065_01	Selinexor	Selinexor_AML_065_01	146.8326	23.9
AML_067_01	Selinexor	Selinexor_AML_067_01	152.77045	21.7
AML_070_01	Selinexor	Selinexor_AML_070_01	148.5429	19.9
AML_072_01	Selinexor	Selinexor_AML_072_01	151.3834	15.9
AML_073_01	Selinexor	Selinexor_AML_073_01	154.59865	16.4
AML_074_01	Selinexor	Selinexor_AML_074_01	144.43437	18.6
AML_075_01	Selinexor	Selinexor_AML_075_01	148.63579	23.9
AML_076_01	Selinexor	Selinexor_AML_076_01	156.35979	20.2
AML_076_02	Selinexor	Selinexor_AML_076_02	147.66364	21.1
AML_077_01	Selinexor	Selinexor_AML_077_01	155.1781	23.3
AML_078_02	Selinexor	Selinexor_AML_078_02	157.94759	20.9
AML_086_02	Selinexor	Selinexor_AML_086_02	159.62013	25.8
AML_098_01	Selinexor	Selinexor_AML_098_01	149.66592	19.5
AML_100_01	Selinexor	Selinexor_AML_100_01	142.95105	15.9
AML_101_01	Selinexor	Selinexor_AML_101_01	154.98264	23.8
AML_101_02	Selinexor	Selinexor_AML_101_02	161.87724	21.9
AML_102_01	Selinexor	Selinexor_AML_102_01	150.48468	22.2
AML_103_01	Selinexor	Selinexor_AML_103_01	155.03685	17.6
AML_103_02	Selinexor	Selinexor_AML_103_02	153.7309	22.9
AML_104_01	Selinexor	Selinexor_AML_104_01	149.83878	21.7
AML_108_01	Selinexor	Selinexor_AML_108_01	146.26405	27.4
AML_109_01	Selinexor	Selinexor_AML_109_01	146.45863	31.3
AML_110_01	Selinexor	Selinexor_AML_110_01	146.10127	29.2
AML_112_01	Selinexor	Selinexor_AML_112_01	146.46991	22.8
AML_112_02	Selinexor	Selinexor_AML_112_02	155.49942	20.4
AML_113_01	Selinexor	Selinexor_AML_113_01	152.28745	25.0
AML_114_01	Selinexor	Selinexor_AML_114_01	147.253	25.9
AML_115_01	Selinexor	Selinexor_AML_115_01	145.12451	25.1
AML_116_01	Selinexor	Selinexor_AML_116_01	141.02698	29.2
AML_117_01	Selinexor	Selinexor_AML_117_01	151.09552	20.3
AML_119_01	Selinexor	Selinexor_AML_119_01	147.44492	22.3
AML_122_01	Selinexor	Selinexor_AML_122_01	168.29265	16.7
AML_123_01	Selinexor	Selinexor_AML_123_01	151.28218	19.6
AML_124_01	Selinexor	Selinexor_AML_124_01	152.53108	26.9
AML_125_01	Selinexor	Selinexor_AML_125_01	147.57185	24.5
AML_126_01	Selinexor	Selinexor_AML_126_01	154.73921	30.6
AML_127_01	Selinexor	Selinexor_AML_127_01	144.77444	18.3
AML_128_01	Selinexor	Selinexor_AML_128_01	152.2035	25.8
AML_131_01	Selinexor	Selinexor_AML_131_01	154.66586	16.4
AML_133_01	Selinexor	Selinexor_AML_133_01	158.88103	24.5
AML_134_01	Selinexor	Selinexor_AML_134_01	161.00958	29.2
AML_135_01	Selinexor	Selinexor_AML_135_01	154.46794	24.6
AML_138_01	Selinexor	Selinexor_AML_138_01	157.42062	22.7
AML_139_01	Selinexor	Selinexor_AML_139_01	153.33719	19.9
AML_140_01	Selinexor	Selinexor_AML_140_01	148.8649	20.2
AML_142_01	Selinexor	Selinexor_AML_142_01	160.57489	27.4
AML_143_01	Selinexor	Selinexor_AML_143_01	152.96187	23.3
AML_144_01	Selinexor	Selinexor_AML_144_01	158.73433	23.9
AML_146_01	Selinexor	Selinexor_AML_146_01	151.73073	16.9
AML_147_01	Selinexor	Selinexor_AML_147_01	153.04163	17.4
AML_151_01	Selinexor	Selinexor_AML_151_01	153.91536	23.4
AML_152_01	Selinexor	Selinexor_AML_152_01	147.62558	25.4
AML_153_01	Selinexor	Selinexor_AML_153_01	156.47838	21.8
AML_156_01	Selinexor	Selinexor_AML_156_01	151.02539	20.4
AML_157_01	Selinexor	Selinexor_AML_157_01	156.92076	22.7
AML_157_02	Selinexor	Selinexor_AML_157_02	153.12363	21.6
AML_158_01	Selinexor	Selinexor_AML_158_01	157.5413	22.2
AML_159_01	Selinexor	Selinexor_AML_159_01	153.3783	24.9
AML_160_01	Selinexor	Selinexor_AML_160_01	156.89507	19.4
AML_161_01	Selinexor	Selinexor_AML_161_01	153.45326	24.6
AML_183_01	Selinexor	Selinexor_AML_183_01	148.31042	23.4
AML_183_02	Selinexor	Selinexor_AML_183_02	146.54521	18.5
AML_183_03	Selinexor	Selinexor_AML_183_03	152.13594	17.4
AML_001_01	Selumetinib	Selumetinib_AML_001_01	215.39964	0.0
AML_001_03	Selumetinib	Selumetinib_AML_001_03	198.93808	24.9
AML_002_01	Selumetinib	Selumetinib_AML_002_01	221.45306	6.7
AML_003_02	Selumetinib	Selumetinib_AML_003_02	213.90335	19.8
AML_004_01	Selumetinib	Selumetinib_AML_004_01	214.84215	5.2
AML_006_02	Selumetinib	Selumetinib_AML_006_02	206.3065	1.2
AML_007_01	Selumetinib	Selumetinib_AML_007_01	192.96191	15.2
AML_007_02	Selumetinib	Selumetinib_AML_007_02	192.72658	15.3
AML_012_01	Selumetinib	Selumetinib_AML_012_01	230.56061	0.0
AML_013_01	Selumetinib	Selumetinib_AML_013_01	233.43655	3.9
AML_014_01	Selumetinib	Selumetinib_AML_014_01	209.56546	12.8
AML_015_01	Selumetinib	Selumetinib_AML_015_01	220.36644	8.3
AML_015_02	Selumetinib	Selumetinib_AML_015_02	208.78477	11.0
AML_015_03	Selumetinib	Selumetinib_AML_015_03	208.17636	15.7
AML_015_04	Selumetinib	Selumetinib_AML_015_04	219.32874	11.1
AML_018_01	Selumetinib	Selumetinib_AML_018_01	209.26857	7.2
AML_019_01	Selumetinib	Selumetinib_AML_019_01	219.93234	6.7
AML_020_01	Selumetinib	Selumetinib_AML_020_01	225.8743	0.0
AML_022_01	Selumetinib	Selumetinib_AML_022_01	189.5277	12.4
AML_023_01	Selumetinib	Selumetinib_AML_023_01	195.31287	8.3
AML_023_03	Selumetinib	Selumetinib_AML_023_03	194.89131	3.0
AML_023_04	Selumetinib	Selumetinib_AML_023_04	198.23271	1.3
AML_024_01	Selumetinib	Selumetinib_AML_024_01	223.17148	7.6
AML_025_01	Selumetinib	Selumetinib_AML_025_01	217.88023	10.0
AML_026_01	Selumetinib	Selumetinib_AML_026_01	213.82532	6.1
AML_028_01	Selumetinib	Selumetinib_AML_028_01	218.37724	0.3
AML_028_04	Selumetinib	Selumetinib_AML_028_04	217.94249	16.2
AML_029_01	Selumetinib	Selumetinib_AML_029_01	209.12057	8.3
AML_030_01	Selumetinib	Selumetinib_AML_030_01	199.75653	3.3
AML_032_01	Selumetinib	Selumetinib_AML_032_01	223.51265	0.0
AML_033_01	Selumetinib	Selumetinib_AML_033_01	222.83298	7.6
AML_033_02	Selumetinib	Selumetinib_AML_033_02	224.05841	7.2
AML_035_02	Selumetinib	Selumetinib_AML_035_02	221.25748	12.1
AML_035_04	Selumetinib	Selumetinib_AML_035_04	223.37938	8.9
AML_036_01	Selumetinib	Selumetinib_AML_036_01	197.00453	1.1
AML_040_01	Selumetinib	Selumetinib_AML_040_01	205.62846	13.3
AML_041_01	Selumetinib	Selumetinib_AML_041_01	195.4523	7.3
AML_042_01	Selumetinib	Selumetinib_AML_042_01	197.53764	7.8
AML_043_02	Selumetinib	Selumetinib_AML_043_02	230.93282	7.0
AML_045_01	Selumetinib	Selumetinib_AML_045_01	216.80528	0.0
AML_046_01	Selumetinib	Selumetinib_AML_046_01	214.2655	10.2
AML_051_01	Selumetinib	Selumetinib_AML_051_01	211.47456	0.0
AML_052_01	Selumetinib	Selumetinib_AML_052_01	224.07146	2.5
AML_053_01	Selumetinib	Selumetinib_AML_053_01	215.65204	0.0
AML_054_01	Selumetinib	Selumetinib_AML_054_01	226.49269	0.0
AML_057_01	Selumetinib	Selumetinib_AML_057_01	197.648	13.3
AML_058_01	Selumetinib	Selumetinib_AML_058_01	212.9531	11.3
AML_059_01	Selumetinib	Selumetinib_AML_059_01	213.61261	3.6
AML_060_01	Selumetinib	Selumetinib_AML_060_01	225.89615	0.9
AML_061_01	Selumetinib	Selumetinib_AML_061_01	203.59872	9.1
AML_062_01	Selumetinib	Selumetinib_AML_062_01	190.6041	17.1
AML_064_01	Selumetinib	Selumetinib_AML_064_01	189.39711	21.3
AML_065_01	Selumetinib	Selumetinib_AML_065_01	194.42517	20.8
AML_067_01	Selumetinib	Selumetinib_AML_067_01	192.08612	12.4
AML_070_01	Selumetinib	Selumetinib_AML_070_01	202.80148	1.6
AML_072_01	Selumetinib	Selumetinib_AML_072_01	223.86372	2.4
AML_073_01	Selumetinib	Selumetinib_AML_073_01	219.78012	3.4
AML_074_01	Selumetinib	Selumetinib_AML_074_01	203.4749	5.4
AML_075_01	Selumetinib	Selumetinib_AML_075_01	196.04651	14.4
AML_076_01	Selumetinib	Selumetinib_AML_076_01	202.335	3.5
AML_076_02	Selumetinib	Selumetinib_AML_076_02	207.14415	4.6
AML_077_01	Selumetinib	Selumetinib_AML_077_01	210.569	8.8
AML_078_02	Selumetinib	Selumetinib_AML_078_02	199.01	7.2
AML_084_01	Selumetinib	Selumetinib_AML_084_01	206.69429	16.9
AML_086_02	Selumetinib	Selumetinib_AML_086_02	218.98009	5.3
AML_098_01	Selumetinib	Selumetinib_AML_098_01	193.01408	6.3
AML_100_01	Selumetinib	Selumetinib_AML_100_01	202.76949	5.7
AML_101_01	Selumetinib	Selumetinib_AML_101_01	213.85466	10.8
AML_101_02	Selumetinib	Selumetinib_AML_101_02	224.59587	2.1
AML_102_01	Selumetinib	Selumetinib_AML_102_01	184.28038	18.6
AML_103_01	Selumetinib	Selumetinib_AML_103_01	182.21127	9.9
AML_103_02	Selumetinib	Selumetinib_AML_103_02	226.58728	16.2
AML_104_01	Selumetinib	Selumetinib_AML_104_01	195.33524	6.1
AML_108_01	Selumetinib	Selumetinib_AML_108_01	191.2051	8.1
AML_109_01	Selumetinib	Selumetinib_AML_109_01	213.21701	4.8
AML_110_01	Selumetinib	Selumetinib_AML_110_01	202.40887	8.4
AML_112_01	Selumetinib	Selumetinib_AML_112_01	193.72139	6.3
AML_112_02	Selumetinib	Selumetinib_AML_112_02	197.2181	9.7
AML_113_01	Selumetinib	Selumetinib_AML_113_01	205.52892	8.4
AML_114_01	Selumetinib	Selumetinib_AML_114_01	196.50418	10.3
AML_115_01	Selumetinib	Selumetinib_AML_115_01	194.48123	14.0
AML_116_01	Selumetinib	Selumetinib_AML_116_01	200.48192	6.5
AML_117_01	Selumetinib	Selumetinib_AML_117_01	211.78143	1.6
AML_119_01	Selumetinib	Selumetinib_AML_119_01	193.59691	3.1
AML_120_01	Selumetinib	Selumetinib_AML_120_01	200.24928	4.8
AML_120_03	Selumetinib	Selumetinib_AML_120_03	203.52486	6.7
AML_122_01	Selumetinib	Selumetinib_AML_122_01	194.90636	5.1
AML_123_01	Selumetinib	Selumetinib_AML_123_01	206.64236	5.3
AML_124_01	Selumetinib	Selumetinib_AML_124_01	210.79944	9.9
AML_125_01	Selumetinib	Selumetinib_AML_125_01	216.10573	1.4
AML_126_01	Selumetinib	Selumetinib_AML_126_01	205.66074	6.2
AML_127_01	Selumetinib	Selumetinib_AML_127_01	197.12079	6.6
AML_128_01	Selumetinib	Selumetinib_AML_128_01	218.84326	3.7
AML_129_02	Selumetinib	Selumetinib_AML_129_02	201.88628	4.8
AML_129_03	Selumetinib	Selumetinib_AML_129_03	206.26505	1.0
AML_131_01	Selumetinib	Selumetinib_AML_131_01	191.93324	4.9
AML_133_01	Selumetinib	Selumetinib_AML_133_01	224.47241	13.3
AML_134_01	Selumetinib	Selumetinib_AML_134_01	221.15437	9.8
AML_135_01	Selumetinib	Selumetinib_AML_135_01	214.07814	15.9
AML_138_01	Selumetinib	Selumetinib_AML_138_01	221.85455	12.7
AML_139_01	Selumetinib	Selumetinib_AML_139_01	217.5626	6.5
AML_140_01	Selumetinib	Selumetinib_AML_140_01	208.35445	6.4
AML_142_01	Selumetinib	Selumetinib_AML_142_01	228.1232	3.0
AML_143_01	Selumetinib	Selumetinib_AML_143_01	207.43465	2.5
AML_144_01	Selumetinib	Selumetinib_AML_144_01	221.40527	16.4
AML_146_01	Selumetinib	Selumetinib_AML_146_01	220.39766	4.3
AML_147_01	Selumetinib	Selumetinib_AML_147_01	206.1675	7.6
AML_151_01	Selumetinib	Selumetinib_AML_151_01	201.80598	11.9
AML_152_01	Selumetinib	Selumetinib_AML_152_01	209.86171	4.2
AML_153_01	Selumetinib	Selumetinib_AML_153_01	222.95549	2.6
AML_156_01	Selumetinib	Selumetinib_AML_156_01	211.92548	7.2
AML_157_01	Selumetinib	Selumetinib_AML_157_01	203.61763	10.4
AML_157_02	Selumetinib	Selumetinib_AML_157_02	211.50381	13.4
AML_158_01	Selumetinib	Selumetinib_AML_158_01	212.91531	6.0
AML_159_01	Selumetinib	Selumetinib_AML_159_01	217.92021	8.7
AML_160_01	Selumetinib	Selumetinib_AML_160_01	199.80402	7.1
AML_161_01	Selumetinib	Selumetinib_AML_161_01	222.18068	7.7
AML_175_01	Selumetinib	Selumetinib_AML_175_01	208.46234	0.0
AML_179_01	Selumetinib	Selumetinib_AML_179_01	225.09149	0.0
AML_183_01	Selumetinib	Selumetinib_AML_183_01	203.17482	1.8
AML_183_02	Selumetinib	Selumetinib_AML_183_02	190.75963	4.8
AML_183_03	Selumetinib	Selumetinib_AML_183_03	190.17355	6.2
AML_184_01	Selumetinib	Selumetinib_AML_184_01	198.15657	13.5
AML_185_01	Selumetinib	Selumetinib_AML_185_01	229.58784	11.7
AML_004_01	SGX-523	SGX-523_AML_004_01	246.76428	0.0
AML_019_01	SGX-523	SGX-523_AML_019_01	234.98523	0.0
AML_025_01	SGX-523	SGX-523_AML_025_01	250.86589	0.0
AML_026_01	SGX-523	SGX-523_AML_026_01	249.03973	0.0
AML_029_01	SGX-523	SGX-523_AML_029_01	241.3212	0.8
AML_030_01	SGX-523	SGX-523_AML_030_01	237.38995	0.0
AML_033_01	SGX-523	SGX-523_AML_033_01	244.02039	0.0
AML_033_02	SGX-523	SGX-523_AML_033_02	232.68268	0.0
AML_041_01	SGX-523	SGX-523_AML_041_01	243.04877	0.0
AML_042_01	SGX-523	SGX-523_AML_042_01	242.9001	0.0
AML_043_02	SGX-523	SGX-523_AML_043_02	235.78096	0.0
AML_046_01	SGX-523	SGX-523_AML_046_01	237.19095	5.3
AML_052_01	SGX-523	SGX-523_AML_052_01	244.26558	0.0
AML_057_01	SGX-523	SGX-523_AML_057_01	244.98029	0.0
AML_058_01	SGX-523	SGX-523_AML_058_01	244.64034	0.0
AML_059_01	SGX-523	SGX-523_AML_059_01	242.46834	0.0
AML_060_01	SGX-523	SGX-523_AML_060_01	241.95679	0.0
AML_061_01	SGX-523	SGX-523_AML_061_01	241.42874	0.1
AML_062_01	SGX-523	SGX-523_AML_062_01	234.64687	0.0
AML_064_01	SGX-523	SGX-523_AML_064_01	236.06644	0.0
AML_065_01	SGX-523	SGX-523_AML_065_01	237.05356	0.4
AML_067_01	SGX-523	SGX-523_AML_067_01	241.02487	0.0
AML_070_01	SGX-523	SGX-523_AML_070_01	242.69835	0.0
AML_072_01	SGX-523	SGX-523_AML_072_01	247.40868	0.0
AML_073_01	SGX-523	SGX-523_AML_073_01	241.88371	0.0
AML_074_01	SGX-523	SGX-523_AML_074_01	244.43771	0.0
AML_075_01	SGX-523	SGX-523_AML_075_01	240.3179	0.2
AML_076_01	SGX-523	SGX-523_AML_076_01	242.89288	0.0
AML_076_02	SGX-523	SGX-523_AML_076_02	236.82922	0.0
AML_077_01	SGX-523	SGX-523_AML_077_01	241.4395	0.1
AML_078_02	SGX-523	SGX-523_AML_078_02	241.17201	0.4
AML_086_02	SGX-523	SGX-523_AML_086_02	243.44455	0.0
AML_098_01	SGX-523	SGX-523_AML_098_01	239.86227	0.1
AML_100_01	SGX-523	SGX-523_AML_100_01	245.6023	0.1
AML_101_01	SGX-523	SGX-523_AML_101_01	233.89235	0.0
AML_101_02	SGX-523	SGX-523_AML_101_02	241.36331	2.9
AML_102_01	SGX-523	SGX-523_AML_102_01	237.28122	0.1
AML_103_01	SGX-523	SGX-523_AML_103_01	229.38092	0.5
AML_103_02	SGX-523	SGX-523_AML_103_02	234.61798	0.0
AML_104_01	SGX-523	SGX-523_AML_104_01	244.59985	0.0
AML_108_01	SGX-523	SGX-523_AML_108_01	243.10849	0.7
AML_109_01	SGX-523	SGX-523_AML_109_01	234.94453	0.0
AML_110_01	SGX-523	SGX-523_AML_110_01	244.72441	1.6
AML_112_01	SGX-523	SGX-523_AML_112_01	238.41913	0.0
AML_112_02	SGX-523	SGX-523_AML_112_02	240.19522	0.0
AML_113_01	SGX-523	SGX-523_AML_113_01	239.74411	0.5
AML_114_01	SGX-523	SGX-523_AML_114_01	240.63979	0.1
AML_115_01	SGX-523	SGX-523_AML_115_01	239.68968	0.0
AML_116_01	SGX-523	SGX-523_AML_116_01	241.50928	0.1
AML_117_01	SGX-523	SGX-523_AML_117_01	245.89108	0.0
AML_119_01	SGX-523	SGX-523_AML_119_01	236.308	0.0
AML_122_01	SGX-523	SGX-523_AML_122_01	240.28545	0.0
AML_123_01	SGX-523	SGX-523_AML_123_01	248.89055	2.1
AML_124_01	SGX-523	SGX-523_AML_124_01	245.94876	0.2
AML_125_01	SGX-523	SGX-523_AML_125_01	244.38356	0.0
AML_126_01	SGX-523	SGX-523_AML_126_01	238.54324	0.0
AML_127_01	SGX-523	SGX-523_AML_127_01	240.57236	0.0
AML_128_01	SGX-523	SGX-523_AML_128_01	245.26741	0.0
AML_131_01	SGX-523	SGX-523_AML_131_01	242.04878	0.0
AML_133_01	SGX-523	SGX-523_AML_133_01	239.88	0.9
AML_134_01	SGX-523	SGX-523_AML_134_01	236.84506	0.6
AML_135_01	SGX-523	SGX-523_AML_135_01	246.08563	1.1
AML_138_01	SGX-523	SGX-523_AML_138_01	244.4456	0.0
AML_139_01	SGX-523	SGX-523_AML_139_01	252.23415	0.4
AML_140_01	SGX-523	SGX-523_AML_140_01	248.63197	0.0
AML_142_01	SGX-523	SGX-523_AML_142_01	237.43588	0.1
AML_143_01	SGX-523	SGX-523_AML_143_01	245.53052	0.0
AML_144_01	SGX-523	SGX-523_AML_144_01	251.92317	0.6
AML_146_01	SGX-523	SGX-523_AML_146_01	245.42313	0.0
AML_147_01	SGX-523	SGX-523_AML_147_01	246.37144	0.0
AML_151_01	SGX-523	SGX-523_AML_151_01	239.08533	0.3
AML_152_01	SGX-523	SGX-523_AML_152_01	246.1941	0.4
AML_153_01	SGX-523	SGX-523_AML_153_01	232.7565	0.0
AML_156_01	SGX-523	SGX-523_AML_156_01	238.93547	0.8
AML_157_01	SGX-523	SGX-523_AML_157_01	242.00009	2.7
AML_157_02	SGX-523	SGX-523_AML_157_02	243.9022	0.6
AML_158_01	SGX-523	SGX-523_AML_158_01	250.07564	1.3
AML_159_01	SGX-523	SGX-523_AML_159_01	248.4666	0.0
AML_160_01	SGX-523	SGX-523_AML_160_01	238.42921	0.4
AML_161_01	SGX-523	SGX-523_AML_161_01	239.9919	3.7
AML_183_01	SGX-523	SGX-523_AML_183_01	249.51526	0.0
AML_183_02	SGX-523	SGX-523_AML_183_02	239.24599	0.0
AML_183_03	SGX-523	SGX-523_AML_183_03	237.56343	0.1
AML_001_01	SNS-032	SNS-032_AML_001_01	135.71939	6.1
AML_001_03	SNS-032	SNS-032_AML_001_03	122.84377	32.9
AML_002_01	SNS-032	SNS-032_AML_002_01	140.57915	27.4
AML_003_02	SNS-032	SNS-032_AML_003_02	143.08722	18.6
AML_004_01	SNS-032	SNS-032_AML_004_01	121.754074	35.4
AML_006_02	SNS-032	SNS-032_AML_006_02	122.52098	19.3
AML_007_01	SNS-032	SNS-032_AML_007_01	121.692116	16.9
AML_007_02	SNS-032	SNS-032_AML_007_02	122.0102	19.8
AML_012_01	SNS-032	SNS-032_AML_012_01	146.04364	24.7
AML_013_01	SNS-032	SNS-032_AML_013_01	143.04991	26.9
AML_014_01	SNS-032	SNS-032_AML_014_01	122.71049	22.0
AML_015_01	SNS-032	SNS-032_AML_015_01	130.90826	28.3
AML_015_02	SNS-032	SNS-032_AML_015_02	140.3101	26.9
AML_015_03	SNS-032	SNS-032_AML_015_03	126.935646	35.6
AML_015_04	SNS-032	SNS-032_AML_015_04	136.67209	28.2
AML_018_01	SNS-032	SNS-032_AML_018_01	130.9449	29.6
AML_019_01	SNS-032	SNS-032_AML_019_01	142.37332	33.6
AML_020_01	SNS-032	SNS-032_AML_020_01	144.60791	26.5
AML_022_01	SNS-032	SNS-032_AML_022_01	117.90405	23.4
AML_023_01	SNS-032	SNS-032_AML_023_01	120.949814	30.6
AML_023_03	SNS-032	SNS-032_AML_023_03	124.50822	27.6
AML_023_04	SNS-032	SNS-032_AML_023_04	126.798195	16.5
AML_024_01	SNS-032	SNS-032_AML_024_01	139.38441	27.0
AML_025_01	SNS-032	SNS-032_AML_025_01	133.70343	27.0
AML_026_01	SNS-032	SNS-032_AML_026_01	125.16088	23.6
AML_028_01	SNS-032	SNS-032_AML_028_01	131.13362	11.4
AML_028_04	SNS-032	SNS-032_AML_028_04	139.62457	28.3
AML_029_01	SNS-032	SNS-032_AML_029_01	122.51824	32.4
AML_030_01	SNS-032	SNS-032_AML_030_01	119.44547	25.1
AML_032_01	SNS-032	SNS-032_AML_032_01	133.38632	24.4
AML_033_01	SNS-032	SNS-032_AML_033_01	134.9101	33.4
AML_033_02	SNS-032	SNS-032_AML_033_02	142.52608	32.6
AML_035_02	SNS-032	SNS-032_AML_035_02	140.90979	20.5
AML_035_04	SNS-032	SNS-032_AML_035_04	152.54286	27.7
AML_036_01	SNS-032	SNS-032_AML_036_01	117.00815	28.9
AML_041_01	SNS-032	SNS-032_AML_041_01	122.57816	14.9
AML_042_01	SNS-032	SNS-032_AML_042_01	126.039116	27.0
AML_043_02	SNS-032	SNS-032_AML_043_02	148.25005	31.7
AML_045_01	SNS-032	SNS-032_AML_045_01	131.13037	31.2
AML_046_01	SNS-032	SNS-032_AML_046_01	127.46406	36.2
AML_051_01	SNS-032	SNS-032_AML_051_01	126.62718	19.0
AML_052_01	SNS-032	SNS-032_AML_052_01	127.2839	34.7
AML_053_01	SNS-032	SNS-032_AML_053_01	130.89201	36.9
AML_054_01	SNS-032	SNS-032_AML_054_01	138.25272	45.0
AML_057_01	SNS-032	SNS-032_AML_057_01	121.3797	25.6
AML_058_01	SNS-032	SNS-032_AML_058_01	122.569374	26.3
AML_059_01	SNS-032	SNS-032_AML_059_01	124.44896	31.0
AML_060_01	SNS-032	SNS-032_AML_060_01	139.79909	31.0
AML_061_01	SNS-032	SNS-032_AML_061_01	121.99856	33.2
AML_062_01	SNS-032	SNS-032_AML_062_01	117.91109	33.4
AML_064_01	SNS-032	SNS-032_AML_064_01	122.112	34.2
AML_065_01	SNS-032	SNS-032_AML_065_01	120.07379	31.7
AML_067_01	SNS-032	SNS-032_AML_067_01	118.943436	31.8
AML_070_01	SNS-032	SNS-032_AML_070_01	121.79037	24.7
AML_072_01	SNS-032	SNS-032_AML_072_01	136.78738	23.4
AML_073_01	SNS-032	SNS-032_AML_073_01	141.06313	5.2
AML_074_01	SNS-032	SNS-032_AML_074_01	114.71793	33.7
AML_075_01	SNS-032	SNS-032_AML_075_01	117.83097	28.4
AML_076_01	SNS-032	SNS-032_AML_076_01	132.51694	20.7
AML_076_02	SNS-032	SNS-032_AML_076_02	123.32595	22.8
AML_077_01	SNS-032	SNS-032_AML_077_01	130.66666	26.2
AML_078_02	SNS-032	SNS-032_AML_078_02	126.18396	32.2
AML_084_01	SNS-032	SNS-032_AML_084_01	131.36215	32.1
AML_086_02	SNS-032	SNS-032_AML_086_02	138.80728	21.7
AML_098_01	SNS-032	SNS-032_AML_098_01	113.75761	29.3
AML_100_01	SNS-032	SNS-032_AML_100_01	114.82432	23.4
AML_101_01	SNS-032	SNS-032_AML_101_01	137.75554	32.4
AML_101_02	SNS-032	SNS-032_AML_101_02	146.26825	26.6
AML_102_01	SNS-032	SNS-032_AML_102_01	116.44507	29.1
AML_103_01	SNS-032	SNS-032_AML_103_01	117.80933	31.6
AML_103_02	SNS-032	SNS-032_AML_103_02	139.86832	37.6
AML_104_01	SNS-032	SNS-032_AML_104_01	117.07215	21.1
AML_108_01	SNS-032	SNS-032_AML_108_01	114.37048	34.7
AML_109_01	SNS-032	SNS-032_AML_109_01	132.94412	30.8
AML_110_01	SNS-032	SNS-032_AML_110_01	119.6022	27.2
AML_112_01	SNS-032	SNS-032_AML_112_01	117.55137	31.0
AML_112_02	SNS-032	SNS-032_AML_112_02	124.23932	31.4
AML_113_01	SNS-032	SNS-032_AML_113_01	126.792175	37.3
AML_114_01	SNS-032	SNS-032_AML_114_01	113.36228	32.7
AML_115_01	SNS-032	SNS-032_AML_115_01	120.092445	32.4
AML_116_01	SNS-032	SNS-032_AML_116_01	112.13296	32.2
AML_117_01	SNS-032	SNS-032_AML_117_01	123.5147	23.3
AML_119_01	SNS-032	SNS-032_AML_119_01	111.716705	33.9
AML_120_01	SNS-032	SNS-032_AML_120_01	118.01344	29.6
AML_120_03	SNS-032	SNS-032_AML_120_03	126.71445	18.7
AML_122_01	SNS-032	SNS-032_AML_122_01	128.13658	35.9
AML_123_01	SNS-032	SNS-032_AML_123_01	118.576675	28.1
AML_124_01	SNS-032	SNS-032_AML_124_01	125.5214	28.0
AML_125_01	SNS-032	SNS-032_AML_125_01	129.97992	21.0
AML_126_01	SNS-032	SNS-032_AML_126_01	128.93762	40.3
AML_127_01	SNS-032	SNS-032_AML_127_01	113.4359	33.5
AML_128_01	SNS-032	SNS-032_AML_128_01	135.94418	26.5
AML_129_02	SNS-032	SNS-032_AML_129_02	118.19783	28.6
AML_129_03	SNS-032	SNS-032_AML_129_03	125.051	26.8
AML_131_01	SNS-032	SNS-032_AML_131_01	122.148964	35.3
AML_133_01	SNS-032	SNS-032_AML_133_01	142.66843	38.0
AML_134_01	SNS-032	SNS-032_AML_134_01	151.4007	23.4
AML_135_01	SNS-032	SNS-032_AML_135_01	131.29921	28.6
AML_138_01	SNS-032	SNS-032_AML_138_01	145.34839	30.2
AML_139_01	SNS-032	SNS-032_AML_139_01	125.314766	29.3
AML_140_01	SNS-032	SNS-032_AML_140_01	122.68869	26.3
AML_142_01	SNS-032	SNS-032_AML_142_01	147.71217	41.2
AML_143_01	SNS-032	SNS-032_AML_143_01	125.33575	27.5
AML_144_01	SNS-032	SNS-032_AML_144_01	133.43564	28.1
AML_146_01	SNS-032	SNS-032_AML_146_01	131.67831	31.2
AML_147_01	SNS-032	SNS-032_AML_147_01	126.20693	27.6
AML_151_01	SNS-032	SNS-032_AML_151_01	125.42992	38.3
AML_152_01	SNS-032	SNS-032_AML_152_01	123.43277	32.5
AML_153_01	SNS-032	SNS-032_AML_153_01	147.9805	9.6
AML_156_01	SNS-032	SNS-032_AML_156_01	131.9387	32.5
AML_157_01	SNS-032	SNS-032_AML_157_01	123.001526	34.3
AML_157_02	SNS-032	SNS-032_AML_157_02	123.589745	39.2
AML_158_01	SNS-032	SNS-032_AML_158_01	131.17607	28.2
AML_159_01	SNS-032	SNS-032_AML_159_01	132.767	24.8
AML_160_01	SNS-032	SNS-032_AML_160_01	129.0787	33.8
AML_161_01	SNS-032	SNS-032_AML_161_01	136.34071	32.5
AML_175_01	SNS-032	SNS-032_AML_175_01	120.45067	28.4
AML_179_01	SNS-032	SNS-032_AML_179_01	139.07869	27.3
AML_183_01	SNS-032	SNS-032_AML_183_01	118.56864	23.1
AML_183_02	SNS-032	SNS-032_AML_183_02	112.67045	30.5
AML_183_03	SNS-032	SNS-032_AML_183_03	122.347916	30.1
AML_184_01	SNS-032	SNS-032_AML_184_01	104.96273	28.2
AML_185_01	SNS-032	SNS-032_AML_185_01	147.38776	24.7
AML_001_01	Sorafenib	Sorafenib_AML_001_01	211.19565	3.6
AML_001_03	Sorafenib	Sorafenib_AML_001_03	213.5274	0.0
AML_002_01	Sorafenib	Sorafenib_AML_002_01	202.50494	8.8
AML_003_02	Sorafenib	Sorafenib_AML_003_02	202.50789	0.0
AML_004_01	Sorafenib	Sorafenib_AML_004_01	206.76878	0.3
AML_006_02	Sorafenib	Sorafenib_AML_006_02	209.79167	0.0
AML_007_01	Sorafenib	Sorafenib_AML_007_01	212.86232	0.0
AML_007_02	Sorafenib	Sorafenib_AML_007_02	214.94409	0.0
AML_012_01	Sorafenib	Sorafenib_AML_012_01	196.29689	16.1
AML_013_01	Sorafenib	Sorafenib_AML_013_01	196.58417	17.6
AML_014_01	Sorafenib	Sorafenib_AML_014_01	205.98685	0.0
AML_015_01	Sorafenib	Sorafenib_AML_015_01	206.60794	13.4
AML_015_02	Sorafenib	Sorafenib_AML_015_02	212.10304	8.3
AML_015_03	Sorafenib	Sorafenib_AML_015_03	204.89734	16.7
AML_015_04	Sorafenib	Sorafenib_AML_015_04	196.70866	28.5
AML_018_01	Sorafenib	Sorafenib_AML_018_01	197.84636	14.1
AML_019_01	Sorafenib	Sorafenib_AML_019_01	200.52579	0.0
AML_020_01	Sorafenib	Sorafenib_AML_020_01	208.41495	0.0
AML_022_01	Sorafenib	Sorafenib_AML_022_01	202.323	7.2
AML_023_01	Sorafenib	Sorafenib_AML_023_01	203.67834	13.2
AML_023_03	Sorafenib	Sorafenib_AML_023_03	202.0871	5.6
AML_023_04	Sorafenib	Sorafenib_AML_023_04	202.02988	4.7
AML_024_01	Sorafenib	Sorafenib_AML_024_01	205.65907	0.0
AML_025_01	Sorafenib	Sorafenib_AML_025_01	217.48035	0.0
AML_026_01	Sorafenib	Sorafenib_AML_026_01	214.38504	0.0
AML_028_01	Sorafenib	Sorafenib_AML_028_01	206.70493	2.6
AML_028_04	Sorafenib	Sorafenib_AML_028_04	193.98276	19.5
AML_029_01	Sorafenib	Sorafenib_AML_029_01	209.94363	0.0
AML_030_01	Sorafenib	Sorafenib_AML_030_01	201.90448	0.0
AML_032_01	Sorafenib	Sorafenib_AML_032_01	210.1139	0.0
AML_033_01	Sorafenib	Sorafenib_AML_033_01	205.85446	2.7
AML_033_02	Sorafenib	Sorafenib_AML_033_02	185.58415	1.3
AML_035_02	Sorafenib	Sorafenib_AML_035_02	214.34846	0.0
AML_035_04	Sorafenib	Sorafenib_AML_035_04	203.69293	0.0
AML_036_01	Sorafenib	Sorafenib_AML_036_01	209.51147	0.0
AML_040_01	Sorafenib	Sorafenib_AML_040_01	195.61919	2.3
AML_041_01	Sorafenib	Sorafenib_AML_041_01	210.00682	2.3
AML_042_01	Sorafenib	Sorafenib_AML_042_01	211.94633	0.0
AML_043_02	Sorafenib	Sorafenib_AML_043_02	195.11426	0.0
AML_045_01	Sorafenib	Sorafenib_AML_045_01	211.86522	0.0
AML_046_01	Sorafenib	Sorafenib_AML_046_01	190.3318	27.0
AML_051_01	Sorafenib	Sorafenib_AML_051_01	199.21452	0.9
AML_052_01	Sorafenib	Sorafenib_AML_052_01	208.1888	0.0
AML_053_01	Sorafenib	Sorafenib_AML_053_01	222.08678	0.0
AML_054_01	Sorafenib	Sorafenib_AML_054_01	197.92464	6.0
AML_057_01	Sorafenib	Sorafenib_AML_057_01	208.62953	0.0
AML_058_01	Sorafenib	Sorafenib_AML_058_01	203.32993	1.3
AML_059_01	Sorafenib	Sorafenib_AML_059_01	198.39813	3.5
AML_060_01	Sorafenib	Sorafenib_AML_060_01	201.21541	0.8
AML_061_01	Sorafenib	Sorafenib_AML_061_01	200.36526	0.0
AML_062_01	Sorafenib	Sorafenib_AML_062_01	197.49677	0.7
AML_064_01	Sorafenib	Sorafenib_AML_064_01	204.82896	0.0
AML_065_01	Sorafenib	Sorafenib_AML_065_01	195.78789	1.2
AML_067_01	Sorafenib	Sorafenib_AML_067_01	204.96634	3.1
AML_070_01	Sorafenib	Sorafenib_AML_070_01	209.52895	0.0
AML_072_01	Sorafenib	Sorafenib_AML_072_01	214.62154	0.0
AML_073_01	Sorafenib	Sorafenib_AML_073_01	212.77536	0.0
AML_074_01	Sorafenib	Sorafenib_AML_074_01	203.51492	0.0
AML_075_01	Sorafenib	Sorafenib_AML_075_01	205.12325	0.5
AML_076_01	Sorafenib	Sorafenib_AML_076_01	211.24301	0.0
AML_076_02	Sorafenib	Sorafenib_AML_076_02	192.92122	1.8
AML_077_01	Sorafenib	Sorafenib_AML_077_01	208.9121	0.0
AML_078_02	Sorafenib	Sorafenib_AML_078_02	209.95506	0.0
AML_084_01	Sorafenib	Sorafenib_AML_084_01	200.05684	3.7
AML_086_02	Sorafenib	Sorafenib_AML_086_02	208.30898	0.0
AML_098_01	Sorafenib	Sorafenib_AML_098_01	200.52525	0.0
AML_100_01	Sorafenib	Sorafenib_AML_100_01	207.76035	0.0
AML_101_01	Sorafenib	Sorafenib_AML_101_01	195.9776	8.5
AML_101_02	Sorafenib	Sorafenib_AML_101_02	211.46771	0.0
AML_102_01	Sorafenib	Sorafenib_AML_102_01	199.47061	0.0
AML_103_01	Sorafenib	Sorafenib_AML_103_01	195.22005	0.0
AML_103_02	Sorafenib	Sorafenib_AML_103_02	187.80937	0.0
AML_104_01	Sorafenib	Sorafenib_AML_104_01	209.41428	0.0
AML_108_01	Sorafenib	Sorafenib_AML_108_01	200.99884	0.0
AML_109_01	Sorafenib	Sorafenib_AML_109_01	197.80128	0.0
AML_110_01	Sorafenib	Sorafenib_AML_110_01	207.02853	0.0
AML_112_01	Sorafenib	Sorafenib_AML_112_01	201.55492	0.0
AML_112_02	Sorafenib	Sorafenib_AML_112_02	205.14388	0.0
AML_113_01	Sorafenib	Sorafenib_AML_113_01	202.59082	0.0
AML_114_01	Sorafenib	Sorafenib_AML_114_01	201.22916	0.0
AML_115_01	Sorafenib	Sorafenib_AML_115_01	194.33415	0.8
AML_116_01	Sorafenib	Sorafenib_AML_116_01	201.7268	0.0
AML_117_01	Sorafenib	Sorafenib_AML_117_01	212.23233	0.0
AML_119_01	Sorafenib	Sorafenib_AML_119_01	196.2429	0.0
AML_120_01	Sorafenib	Sorafenib_AML_120_01	205.48325	23.9
AML_120_03	Sorafenib	Sorafenib_AML_120_03	208.86024	11.2
AML_122_01	Sorafenib	Sorafenib_AML_122_01	213.53842	0.0
AML_123_01	Sorafenib	Sorafenib_AML_123_01	213.16246	0.0
AML_124_01	Sorafenib	Sorafenib_AML_124_01	208.07787	0.0
AML_125_01	Sorafenib	Sorafenib_AML_125_01	205.61537	0.0
AML_126_01	Sorafenib	Sorafenib_AML_126_01	209.24228	1.4
AML_127_01	Sorafenib	Sorafenib_AML_127_01	200.53035	0.0
AML_128_01	Sorafenib	Sorafenib_AML_128_01	211.9473	0.0
AML_129_02	Sorafenib	Sorafenib_AML_129_02	200.51129	22.7
AML_129_03	Sorafenib	Sorafenib_AML_129_03	197.95016	11.3
AML_131_01	Sorafenib	Sorafenib_AML_131_01	208.12308	0.0
AML_133_01	Sorafenib	Sorafenib_AML_133_01	201.66934	0.0
AML_134_01	Sorafenib	Sorafenib_AML_134_01	207.13089	0.0
AML_135_01	Sorafenib	Sorafenib_AML_135_01	208.60378	0.0
AML_138_01	Sorafenib	Sorafenib_AML_138_01	210.4968	0.0
AML_139_01	Sorafenib	Sorafenib_AML_139_01	215.08147	0.0
AML_140_01	Sorafenib	Sorafenib_AML_140_01	206.541	0.0
AML_142_01	Sorafenib	Sorafenib_AML_142_01	197.18681	3.9
AML_143_01	Sorafenib	Sorafenib_AML_143_01	208.33401	0.0
AML_144_01	Sorafenib	Sorafenib_AML_144_01	216.68134	0.0
AML_146_01	Sorafenib	Sorafenib_AML_146_01	210.66261	0.0
AML_147_01	Sorafenib	Sorafenib_AML_147_01	209.37444	0.0
AML_151_01	Sorafenib	Sorafenib_AML_151_01	194.75525	1.0
AML_152_01	Sorafenib	Sorafenib_AML_152_01	204.93762	0.0
AML_153_01	Sorafenib	Sorafenib_AML_153_01	199.5787	0.0
AML_156_01	Sorafenib	Sorafenib_AML_156_01	197.99724	0.0
AML_157_01	Sorafenib	Sorafenib_AML_157_01	207.47707	0.5
AML_157_02	Sorafenib	Sorafenib_AML_157_02	208.35231	2.3
AML_158_01	Sorafenib	Sorafenib_AML_158_01	216.68297	0.0
AML_159_01	Sorafenib	Sorafenib_AML_159_01	212.66608	0.0
AML_160_01	Sorafenib	Sorafenib_AML_160_01	200.21329	0.0
AML_161_01	Sorafenib	Sorafenib_AML_161_01	196.75462	0.0
AML_175_01	Sorafenib	Sorafenib_AML_175_01	211.30995	0.0
AML_179_01	Sorafenib	Sorafenib_AML_179_01	200.91077	18.1
AML_183_01	Sorafenib	Sorafenib_AML_183_01	213.07147	0.0
AML_183_02	Sorafenib	Sorafenib_AML_183_02	200.96425	0.0
AML_183_03	Sorafenib	Sorafenib_AML_183_03	201.24384	0.0
AML_184_01	Sorafenib	Sorafenib_AML_184_01	202.41647	1.9
AML_185_01	Sorafenib	Sorafenib_AML_185_01	214.41255	0.0
AML_001_01	Sunitinib	Sunitinib_AML_001_01	211.61266	0.0
AML_001_03	Sunitinib	Sunitinib_AML_001_03	216.06734	1.7
AML_002_01	Sunitinib	Sunitinib_AML_002_01	203.65456	4.7
AML_003_02	Sunitinib	Sunitinib_AML_003_02	201.78766	5.3
AML_004_01	Sunitinib	Sunitinib_AML_004_01	208.7865	3.4
AML_006_02	Sunitinib	Sunitinib_AML_006_02	210.48344	2.4
AML_007_01	Sunitinib	Sunitinib_AML_007_01	212.70918	1.7
AML_007_02	Sunitinib	Sunitinib_AML_007_02	215.51443	0.3
AML_012_01	Sunitinib	Sunitinib_AML_012_01	197.35294	23.2
AML_013_01	Sunitinib	Sunitinib_AML_013_01	197.45528	19.6
AML_014_01	Sunitinib	Sunitinib_AML_014_01	209.53784	7.4
AML_015_01	Sunitinib	Sunitinib_AML_015_01	208.7934	20.0
AML_015_02	Sunitinib	Sunitinib_AML_015_02	212.35085	15.0
AML_015_03	Sunitinib	Sunitinib_AML_015_03	210.09662	20.8
AML_015_04	Sunitinib	Sunitinib_AML_015_04	199.20906	31.1
AML_018_01	Sunitinib	Sunitinib_AML_018_01	202.57593	21.6
AML_019_01	Sunitinib	Sunitinib_AML_019_01	202.09354	0.4
AML_020_01	Sunitinib	Sunitinib_AML_020_01	209.24037	6.8
AML_022_01	Sunitinib	Sunitinib_AML_022_01	205.43668	12.9
AML_023_01	Sunitinib	Sunitinib_AML_023_01	203.63464	16.3
AML_023_03	Sunitinib	Sunitinib_AML_023_03	200.7096	2.6
AML_023_04	Sunitinib	Sunitinib_AML_023_04	203.709	8.0
AML_024_01	Sunitinib	Sunitinib_AML_024_01	208.30424	2.6
AML_025_01	Sunitinib	Sunitinib_AML_025_01	217.48152	1.3
AML_026_01	Sunitinib	Sunitinib_AML_026_01	213.6287	0.3
AML_028_01	Sunitinib	Sunitinib_AML_028_01	207.74153	8.4
AML_028_04	Sunitinib	Sunitinib_AML_028_04	195.33571	22.2
AML_029_01	Sunitinib	Sunitinib_AML_029_01	207.25372	0.8
AML_030_01	Sunitinib	Sunitinib_AML_030_01	200.30948	0.0
AML_032_01	Sunitinib	Sunitinib_AML_032_01	210.42183	0.2
AML_033_01	Sunitinib	Sunitinib_AML_033_01	203.18283	5.4
AML_033_02	Sunitinib	Sunitinib_AML_033_02	186.46819	4.9
AML_035_02	Sunitinib	Sunitinib_AML_035_02	215.99127	0.0
AML_035_04	Sunitinib	Sunitinib_AML_035_04	204.6566	0.0
AML_036_01	Sunitinib	Sunitinib_AML_036_01	212.06488	0.0
AML_040_01	Sunitinib	Sunitinib_AML_040_01	200.47891	11.3
AML_041_01	Sunitinib	Sunitinib_AML_041_01	209.06427	3.7
AML_042_01	Sunitinib	Sunitinib_AML_042_01	211.85233	6.6
AML_043_02	Sunitinib	Sunitinib_AML_043_02	198.74358	1.6
AML_045_01	Sunitinib	Sunitinib_AML_045_01	211.48337	0.6
AML_046_01	Sunitinib	Sunitinib_AML_046_01	191.89114	26.4
AML_051_01	Sunitinib	Sunitinib_AML_051_01	200.194	2.9
AML_052_01	Sunitinib	Sunitinib_AML_052_01	209.38623	0.0
AML_053_01	Sunitinib	Sunitinib_AML_053_01	222.14961	4.9
AML_054_01	Sunitinib	Sunitinib_AML_054_01	200.2174	12.4
AML_057_01	Sunitinib	Sunitinib_AML_057_01	210.21378	4.9
AML_058_01	Sunitinib	Sunitinib_AML_058_01	205.85913	5.8
AML_059_01	Sunitinib	Sunitinib_AML_059_01	201.76463	4.8
AML_060_01	Sunitinib	Sunitinib_AML_060_01	203.39304	1.1
AML_061_01	Sunitinib	Sunitinib_AML_061_01	203.40823	3.5
AML_062_01	Sunitinib	Sunitinib_AML_062_01	198.35178	9.4
AML_064_01	Sunitinib	Sunitinib_AML_064_01	206.95824	2.1
AML_065_01	Sunitinib	Sunitinib_AML_065_01	196.27332	6.5
AML_067_01	Sunitinib	Sunitinib_AML_067_01	206.25877	11.3
AML_070_01	Sunitinib	Sunitinib_AML_070_01	211.72766	1.4
AML_072_01	Sunitinib	Sunitinib_AML_072_01	214.10025	0.0
AML_073_01	Sunitinib	Sunitinib_AML_073_01	210.38544	0.0
AML_074_01	Sunitinib	Sunitinib_AML_074_01	206.08261	0.0
AML_075_01	Sunitinib	Sunitinib_AML_075_01	207.50371	3.3
AML_076_01	Sunitinib	Sunitinib_AML_076_01	208.09644	0.0
AML_076_02	Sunitinib	Sunitinib_AML_076_02	194.90594	4.7
AML_077_01	Sunitinib	Sunitinib_AML_077_01	206.89082	0.5
AML_078_02	Sunitinib	Sunitinib_AML_078_02	209.05508	0.1
AML_084_01	Sunitinib	Sunitinib_AML_084_01	198.81427	12.9
AML_086_02	Sunitinib	Sunitinib_AML_086_02	207.8528	2.9
AML_098_01	Sunitinib	Sunitinib_AML_098_01	203.29568	0.0
AML_100_01	Sunitinib	Sunitinib_AML_100_01	208.2474	0.1
AML_101_01	Sunitinib	Sunitinib_AML_101_01	196.53125	11.8
AML_101_02	Sunitinib	Sunitinib_AML_101_02	209.46426	0.5
AML_102_01	Sunitinib	Sunitinib_AML_102_01	199.43358	0.0
AML_103_01	Sunitinib	Sunitinib_AML_103_01	197.29086	0.5
AML_103_02	Sunitinib	Sunitinib_AML_103_02	192.28523	4.0
AML_104_01	Sunitinib	Sunitinib_AML_104_01	208.97383	0.0
AML_108_01	Sunitinib	Sunitinib_AML_108_01	204.40585	1.3
AML_109_01	Sunitinib	Sunitinib_AML_109_01	198.19432	2.1
AML_110_01	Sunitinib	Sunitinib_AML_110_01	207.81084	2.9
AML_112_01	Sunitinib	Sunitinib_AML_112_01	202.33263	3.9
AML_112_02	Sunitinib	Sunitinib_AML_112_02	206.39954	2.5
AML_113_01	Sunitinib	Sunitinib_AML_113_01	204.57414	4.3
AML_114_01	Sunitinib	Sunitinib_AML_114_01	199.27728	0.0
AML_115_01	Sunitinib	Sunitinib_AML_115_01	197.47331	7.3
AML_116_01	Sunitinib	Sunitinib_AML_116_01	201.92213	0.0
AML_117_01	Sunitinib	Sunitinib_AML_117_01	210.20026	0.3
AML_119_01	Sunitinib	Sunitinib_AML_119_01	195.20697	2.2
AML_120_01	Sunitinib	Sunitinib_AML_120_01	208.22914	25.0
AML_120_03	Sunitinib	Sunitinib_AML_120_03	210.0625	17.5
AML_122_01	Sunitinib	Sunitinib_AML_122_01	213.4136	0.0
AML_123_01	Sunitinib	Sunitinib_AML_123_01	212.6526	4.8
AML_124_01	Sunitinib	Sunitinib_AML_124_01	209.34193	4.1
AML_125_01	Sunitinib	Sunitinib_AML_125_01	209.19247	1.0
AML_126_01	Sunitinib	Sunitinib_AML_126_01	206.96913	4.9
AML_127_01	Sunitinib	Sunitinib_AML_127_01	203.68887	0.0
AML_128_01	Sunitinib	Sunitinib_AML_128_01	209.62416	1.1
AML_129_02	Sunitinib	Sunitinib_AML_129_02	202.70432	22.3
AML_129_03	Sunitinib	Sunitinib_AML_129_03	200.55336	8.6
AML_131_01	Sunitinib	Sunitinib_AML_131_01	208.89116	0.0
AML_133_01	Sunitinib	Sunitinib_AML_133_01	204.22542	1.4
AML_134_01	Sunitinib	Sunitinib_AML_134_01	206.18143	0.3
AML_135_01	Sunitinib	Sunitinib_AML_135_01	208.25395	6.0
AML_138_01	Sunitinib	Sunitinib_AML_138_01	209.73204	1.0
AML_139_01	Sunitinib	Sunitinib_AML_139_01	217.4291	4.6
AML_140_01	Sunitinib	Sunitinib_AML_140_01	210.96872	0.1
AML_142_01	Sunitinib	Sunitinib_AML_142_01	199.01593	10.9
AML_143_01	Sunitinib	Sunitinib_AML_143_01	208.91399	0.0
AML_144_01	Sunitinib	Sunitinib_AML_144_01	218.664	2.2
AML_146_01	Sunitinib	Sunitinib_AML_146_01	214.1162	0.0
AML_147_01	Sunitinib	Sunitinib_AML_147_01	212.41776	2.7
AML_151_01	Sunitinib	Sunitinib_AML_151_01	200.81116	4.0
AML_152_01	Sunitinib	Sunitinib_AML_152_01	207.06326	0.1
AML_153_01	Sunitinib	Sunitinib_AML_153_01	200.16246	0.2
AML_156_01	Sunitinib	Sunitinib_AML_156_01	200.91454	2.4
AML_157_01	Sunitinib	Sunitinib_AML_157_01	211.44608	7.1
AML_157_02	Sunitinib	Sunitinib_AML_157_02	209.98943	8.5
AML_158_01	Sunitinib	Sunitinib_AML_158_01	219.15945	0.7
AML_159_01	Sunitinib	Sunitinib_AML_159_01	215.20157	3.3
AML_160_01	Sunitinib	Sunitinib_AML_160_01	204.22249	2.6
AML_161_01	Sunitinib	Sunitinib_AML_161_01	200.96664	2.5
AML_175_01	Sunitinib	Sunitinib_AML_175_01	209.28856	1.0
AML_179_01	Sunitinib	Sunitinib_AML_179_01	201.44852	7.1
AML_183_01	Sunitinib	Sunitinib_AML_183_01	212.84244	0.0
AML_183_02	Sunitinib	Sunitinib_AML_183_02	202.94556	0.0
AML_183_03	Sunitinib	Sunitinib_AML_183_03	203.1623	0.0
AML_184_01	Sunitinib	Sunitinib_AML_184_01	202.75351	10.7
AML_185_01	Sunitinib	Sunitinib_AML_185_01	214.23615	0.6
AML_001_01	Tandutinib	Tandutinib_AML_001_01	213.92148	0.0
AML_001_03	Tandutinib	Tandutinib_AML_001_03	212.24529	0.0
AML_002_01	Tandutinib	Tandutinib_AML_002_01	208.7972	2.8
AML_003_02	Tandutinib	Tandutinib_AML_003_02	205.71774	0.0
AML_004_01	Tandutinib	Tandutinib_AML_004_01	211.47333	0.1
AML_006_02	Tandutinib	Tandutinib_AML_006_02	209.79942	0.0
AML_007_01	Tandutinib	Tandutinib_AML_007_01	208.0979	0.0
AML_007_02	Tandutinib	Tandutinib_AML_007_02	210.78683	0.0
AML_012_01	Tandutinib	Tandutinib_AML_012_01	207.463	7.0
AML_013_01	Tandutinib	Tandutinib_AML_013_01	207.0073	6.8
AML_014_01	Tandutinib	Tandutinib_AML_014_01	210.14552	0.5
AML_015_01	Tandutinib	Tandutinib_AML_015_01	214.1594	10.4
AML_015_02	Tandutinib	Tandutinib_AML_015_02	209.50877	7.8
AML_015_03	Tandutinib	Tandutinib_AML_015_03	209.56654	9.8
AML_015_04	Tandutinib	Tandutinib_AML_015_04	207.06839	18.0
AML_018_01	Tandutinib	Tandutinib_AML_018_01	204.42535	12.2
AML_019_01	Tandutinib	Tandutinib_AML_019_01	206.0216	1.1
AML_020_01	Tandutinib	Tandutinib_AML_020_01	214.65202	0.2
AML_023_01	Tandutinib	Tandutinib_AML_023_01	200.94406	8.9
AML_023_03	Tandutinib	Tandutinib_AML_023_03	201.0652	0.0
AML_023_04	Tandutinib	Tandutinib_AML_023_04	203.51915	0.2
AML_024_01	Tandutinib	Tandutinib_AML_024_01	212.9619	0.0
AML_025_01	Tandutinib	Tandutinib_AML_025_01	217.16545	1.0
AML_026_01	Tandutinib	Tandutinib_AML_026_01	215.50632	0.0
AML_028_01	Tandutinib	Tandutinib_AML_028_01	210.88136	2.7
AML_028_04	Tandutinib	Tandutinib_AML_028_04	202.03722	12.5
AML_029_01	Tandutinib	Tandutinib_AML_029_01	207.15852	0.0
AML_030_01	Tandutinib	Tandutinib_AML_030_01	200.55553	0.0
AML_032_01	Tandutinib	Tandutinib_AML_032_01	214.00703	0.0
AML_033_01	Tandutinib	Tandutinib_AML_033_01	210.02316	2.9
AML_033_02	Tandutinib	Tandutinib_AML_033_02	199.68663	2.9
AML_035_02	Tandutinib	Tandutinib_AML_035_02	218.54935	0.0
AML_035_04	Tandutinib	Tandutinib_AML_035_04	210.18341	0.0
AML_036_01	Tandutinib	Tandutinib_AML_036_01	211.12846	0.0
AML_040_01	Tandutinib	Tandutinib_AML_040_01	203.29167	0.4
AML_041_01	Tandutinib	Tandutinib_AML_041_01	206.02396	1.1
AML_042_01	Tandutinib	Tandutinib_AML_042_01	208.69151	0.0
AML_043_02	Tandutinib	Tandutinib_AML_043_02	209.60509	0.1
AML_045_01	Tandutinib	Tandutinib_AML_045_01	214.20306	0.0
AML_046_01	Tandutinib	Tandutinib_AML_046_01	200.4132	12.5
AML_051_01	Tandutinib	Tandutinib_AML_051_01	205.75154	1.7
AML_052_01	Tandutinib	Tandutinib_AML_052_01	211.32494	0.0
AML_053_01	Tandutinib	Tandutinib_AML_053_01	221.72252	0.0
AML_054_01	Tandutinib	Tandutinib_AML_054_01	207.61877	2.8
AML_057_01	Tandutinib	Tandutinib_AML_057_01	208.38582	2.7
AML_058_01	Tandutinib	Tandutinib_AML_058_01	208.98616	0.2
AML_059_01	Tandutinib	Tandutinib_AML_059_01	207.01234	2.2
AML_060_01	Tandutinib	Tandutinib_AML_060_01	210.98248	0.2
AML_061_01	Tandutinib	Tandutinib_AML_061_01	206.08813	0.0
AML_064_01	Tandutinib	Tandutinib_AML_064_01	202.55128	0.0
AML_065_01	Tandutinib	Tandutinib_AML_065_01	199.67293	3.2
AML_067_01	Tandutinib	Tandutinib_AML_067_01	204.05461	4.5
AML_070_01	Tandutinib	Tandutinib_AML_070_01	210.02104	0.0
AML_072_01	Tandutinib	Tandutinib_AML_072_01	215.55275	0.0
AML_073_01	Tandutinib	Tandutinib_AML_073_01	211.68535	4.1
AML_074_01	Tandutinib	Tandutinib_AML_074_01	205.49515	1.2
AML_075_01	Tandutinib	Tandutinib_AML_075_01	204.78835	0.5
AML_076_01	Tandutinib	Tandutinib_AML_076_01	208.56152	0.0
AML_076_02	Tandutinib	Tandutinib_AML_076_02	200.96172	1.7
AML_077_01	Tandutinib	Tandutinib_AML_077_01	209.0949	0.3
AML_078_02	Tandutinib	Tandutinib_AML_078_02	206.12126	0.9
AML_084_01	Tandutinib	Tandutinib_AML_084_01	200.97137	0.9
AML_086_02	Tandutinib	Tandutinib_AML_086_02	212.40253	2.5
AML_098_01	Tandutinib	Tandutinib_AML_098_01	200.60219	0.5
AML_100_01	Tandutinib	Tandutinib_AML_100_01	209.50475	0.7
AML_101_01	Tandutinib	Tandutinib_AML_101_01	201.11311	4.2
AML_101_02	Tandutinib	Tandutinib_AML_101_02	213.06563	0.0
AML_102_01	Tandutinib	Tandutinib_AML_102_01	197.35803	0.0
AML_103_01	Tandutinib	Tandutinib_AML_103_01	194.19786	0.0
AML_103_02	Tandutinib	Tandutinib_AML_103_02	203.10812	2.7
AML_104_01	Tandutinib	Tandutinib_AML_104_01	207.02037	0.0
AML_108_01	Tandutinib	Tandutinib_AML_108_01	204.00917	1.7
AML_109_01	Tandutinib	Tandutinib_AML_109_01	202.02415	1.6
AML_110_01	Tandutinib	Tandutinib_AML_110_01	208.5361	2.3
AML_112_01	Tandutinib	Tandutinib_AML_112_01	201.27913	0.0
AML_112_02	Tandutinib	Tandutinib_AML_112_02	204.3322	2.2
AML_113_01	Tandutinib	Tandutinib_AML_113_01	207.1775	1.4
AML_114_01	Tandutinib	Tandutinib_AML_114_01	200.73763	0.0
AML_115_01	Tandutinib	Tandutinib_AML_115_01	200.72958	4.6
AML_116_01	Tandutinib	Tandutinib_AML_116_01	203.72675	0.0
AML_117_01	Tandutinib	Tandutinib_AML_117_01	209.86671	1.5
AML_119_01	Tandutinib	Tandutinib_AML_119_01	197.33508	0.5
AML_120_01	Tandutinib	Tandutinib_AML_120_01	206.90735	14.4
AML_120_03	Tandutinib	Tandutinib_AML_120_03	208.68103	5.3
AML_122_01	Tandutinib	Tandutinib_AML_122_01	207.70267	0.4
AML_123_01	Tandutinib	Tandutinib_AML_123_01	212.87373	1.2
AML_124_01	Tandutinib	Tandutinib_AML_124_01	211.85384	1.5
AML_125_01	Tandutinib	Tandutinib_AML_125_01	212.1463	0.4
AML_126_01	Tandutinib	Tandutinib_AML_126_01	206.22661	0.0
AML_127_01	Tandutinib	Tandutinib_AML_127_01	203.851	0.1
AML_128_01	Tandutinib	Tandutinib_AML_128_01	211.07303	0.0
AML_129_02	Tandutinib	Tandutinib_AML_129_02	206.66971	5.4
AML_129_03	Tandutinib	Tandutinib_AML_129_03	205.6542	1.5
AML_131_01	Tandutinib	Tandutinib_AML_131_01	205.61755	0.2
AML_133_01	Tandutinib	Tandutinib_AML_133_01	209.39877	0.2
AML_134_01	Tandutinib	Tandutinib_AML_134_01	207.50188	0.5
AML_135_01	Tandutinib	Tandutinib_AML_135_01	211.60088	0.3
AML_138_01	Tandutinib	Tandutinib_AML_138_01	212.3989	2.1
AML_139_01	Tandutinib	Tandutinib_AML_139_01	217.462	2.0
AML_140_01	Tandutinib	Tandutinib_AML_140_01	210.54594	0.4
AML_142_01	Tandutinib	Tandutinib_AML_142_01	209.92897	5.2
AML_143_01	Tandutinib	Tandutinib_AML_143_01	211.1602	0.2
AML_144_01	Tandutinib	Tandutinib_AML_144_01	219.67801	0.9
AML_146_01	Tandutinib	Tandutinib_AML_146_01	213.18037	0.0
AML_147_01	Tandutinib	Tandutinib_AML_147_01	212.21022	4.1
AML_151_01	Tandutinib	Tandutinib_AML_151_01	202.05498	0.0
AML_152_01	Tandutinib	Tandutinib_AML_152_01	211.06401	0.3
AML_153_01	Tandutinib	Tandutinib_AML_153_01	205.77544	0.1
AML_156_01	Tandutinib	Tandutinib_AML_156_01	204.60062	0.0
AML_157_01	Tandutinib	Tandutinib_AML_157_01	208.17946	3.2
AML_157_02	Tandutinib	Tandutinib_AML_157_02	211.04109	3.6
AML_158_01	Tandutinib	Tandutinib_AML_158_01	218.2646	0.2
AML_159_01	Tandutinib	Tandutinib_AML_159_01	216.73807	1.5
AML_160_01	Tandutinib	Tandutinib_AML_160_01	204.96489	2.0
AML_161_01	Tandutinib	Tandutinib_AML_161_01	209.76083	9.3
AML_175_01	Tandutinib	Tandutinib_AML_175_01	209.64519	0.0
AML_179_01	Tandutinib	Tandutinib_AML_179_01	207.27298	6.9
AML_183_01	Tandutinib	Tandutinib_AML_183_01	211.42392	0.0
AML_183_02	Tandutinib	Tandutinib_AML_183_02	199.67659	0.1
AML_183_03	Tandutinib	Tandutinib_AML_183_03	200.32784	0.5
AML_184_01	Tandutinib	Tandutinib_AML_184_01	203.0765	2.4
AML_185_01	Tandutinib	Tandutinib_AML_185_01	217.2662	0.0
AML_001_01	17-AAG	17-AAG_AML_001_01	185.53	1.6
AML_001_03	17-AAG	17-AAG_AML_001_03	180.40727	19.6
AML_002_01	17-AAG	17-AAG_AML_002_01	184.0474	13.7
AML_003_02	17-AAG	17-AAG_AML_003_02	181.49261	11.3
AML_004_01	17-AAG	17-AAG_AML_004_01	179.72495	17.4
AML_006_02	17-AAG	17-AAG_AML_006_02	179.3585	11.9
AML_007_01	17-AAG	17-AAG_AML_007_01	173.26892	14.5
AML_007_02	17-AAG	17-AAG_AML_007_02	174.80684	19.1
AML_012_01	17-AAG	17-AAG_AML_012_01	182.5721	15.5
AML_013_01	17-AAG	17-AAG_AML_013_01	183.30733	13.0
AML_014_01	17-AAG	17-AAG_AML_014_01	173.32278	16.0
AML_015_01	17-AAG	17-AAG_AML_015_01	181.75041	20.5
AML_015_02	17-AAG	17-AAG_AML_015_02	182.94579	18.5
AML_015_03	17-AAG	17-AAG_AML_015_03	173.00525	26.5
AML_015_04	17-AAG	17-AAG_AML_015_04	177.84242	24.0
AML_018_01	17-AAG	17-AAG_AML_018_01	167.3986	21.8
AML_019_01	17-AAG	17-AAG_AML_019_01	182.89471	11.4
AML_020_01	17-AAG	17-AAG_AML_020_01	191.61377	4.3
AML_022_01	17-AAG	17-AAG_AML_022_01	165.94043	13.4
AML_023_01	17-AAG	17-AAG_AML_023_01	168.33963	18.4
AML_023_03	17-AAG	17-AAG_AML_023_03	168.10466	16.9
AML_023_04	17-AAG	17-AAG_AML_023_04	168.7343	14.3
AML_024_01	17-AAG	17-AAG_AML_024_01	185.8967	12.3
AML_025_01	17-AAG	17-AAG_AML_025_01	187.23886	13.9
AML_026_01	17-AAG	17-AAG_AML_026_01	183.55069	13.3
AML_028_01	17-AAG	17-AAG_AML_028_01	181.93611	11.7
AML_028_04	17-AAG	17-AAG_AML_028_04	177.57224	21.8
AML_029_01	17-AAG	17-AAG_AML_029_01	178.0703	10.5
AML_030_01	17-AAG	17-AAG_AML_030_01	169.26154	11.9
AML_032_01	17-AAG	17-AAG_AML_032_01	186.92867	8.0
AML_033_01	17-AAG	17-AAG_AML_033_01	183.24835	16.9
AML_033_02	17-AAG	17-AAG_AML_033_02	173.87778	19.0
AML_035_02	17-AAG	17-AAG_AML_035_02	189.65642	8.6
AML_035_04	17-AAG	17-AAG_AML_035_04	188.05563	11.9
AML_036_01	17-AAG	17-AAG_AML_036_01	169.65305	15.6
AML_040_01	17-AAG	17-AAG_AML_040_01	161.89655	16.7
AML_041_01	17-AAG	17-AAG_AML_041_01	175.42683	11.0
AML_042_01	17-AAG	17-AAG_AML_042_01	178.43503	18.8
AML_043_02	17-AAG	17-AAG_AML_043_02	183.04216	10.7
AML_045_01	17-AAG	17-AAG_AML_045_01	182.79556	7.2
AML_046_01	17-AAG	17-AAG_AML_046_01	168.0238	27.8
AML_051_01	17-AAG	17-AAG_AML_051_01	174.63943	5.6
AML_052_01	17-AAG	17-AAG_AML_052_01	182.98091	18.4
AML_053_01	17-AAG	17-AAG_AML_053_01	187.8166	7.9
AML_054_01	17-AAG	17-AAG_AML_054_01	181.98053	18.6
AML_057_01	17-AAG	17-AAG_AML_057_01	171.20036	17.2
AML_058_01	17-AAG	17-AAG_AML_058_01	173.85313	11.0
AML_059_01	17-AAG	17-AAG_AML_059_01	174.18048	18.9
AML_060_01	17-AAG	17-AAG_AML_060_01	183.69235	20.7
AML_061_01	17-AAG	17-AAG_AML_061_01	171.33144	18.7
AML_062_01	17-AAG	17-AAG_AML_062_01	160.4462	20.8
AML_064_01	17-AAG	17-AAG_AML_064_01	167.15843	21.2
AML_065_01	17-AAG	17-AAG_AML_065_01	164.27051	18.8
AML_067_01	17-AAG	17-AAG_AML_067_01	166.95584	19.3
AML_070_01	17-AAG	17-AAG_AML_070_01	180.85486	9.7
AML_072_01	17-AAG	17-AAG_AML_072_01	190.15018	8.8
AML_073_01	17-AAG	17-AAG_AML_073_01	189.52695	5.6
AML_074_01	17-AAG	17-AAG_AML_074_01	171.82071	13.4
AML_075_01	17-AAG	17-AAG_AML_075_01	174.33609	14.3
AML_076_01	17-AAG	17-AAG_AML_076_01	179.19362	12.6
AML_076_02	17-AAG	17-AAG_AML_076_02	168.0468	14.6
AML_077_01	17-AAG	17-AAG_AML_077_01	180.98721	18.0
AML_078_02	17-AAG	17-AAG_AML_078_02	175.14586	17.0
AML_084_01	17-AAG	17-AAG_AML_084_01	176.86911	19.6
AML_086_02	17-AAG	17-AAG_AML_086_02	188.04543	7.7
AML_098_01	17-AAG	17-AAG_AML_098_01	163.56618	14.7
AML_100_01	17-AAG	17-AAG_AML_100_01	174.01718	11.1
AML_101_01	17-AAG	17-AAG_AML_101_01	176.2142	23.8
AML_101_02	17-AAG	17-AAG_AML_101_02	190.51935	1.1
AML_102_01	17-AAG	17-AAG_AML_102_01	159.14236	17.1
AML_103_01	17-AAG	17-AAG_AML_103_01	157.57065	17.9
AML_103_02	17-AAG	17-AAG_AML_103_02	173.51447	24.0
AML_104_01	17-AAG	17-AAG_AML_104_01	172.63669	11.3
AML_108_01	17-AAG	17-AAG_AML_108_01	164.1925	21.9
AML_109_01	17-AAG	17-AAG_AML_109_01	174.36134	4.4
AML_110_01	17-AAG	17-AAG_AML_110_01	176.6182	19.7
AML_112_01	17-AAG	17-AAG_AML_112_01	165.86784	19.3
AML_112_02	17-AAG	17-AAG_AML_112_02	170.51234	18.8
AML_113_01	17-AAG	17-AAG_AML_113_01	165.06784	20.6
AML_114_01	17-AAG	17-AAG_AML_114_01	167.36955	11.6
AML_115_01	17-AAG	17-AAG_AML_115_01	165.10294	18.3
AML_116_01	17-AAG	17-AAG_AML_116_01	171.16019	16.3
AML_117_01	17-AAG	17-AAG_AML_117_01	181.05438	9.1
AML_119_01	17-AAG	17-AAG_AML_119_01	159.79607	12.6
AML_120_01	17-AAG	17-AAG_AML_120_01	172.43105	22.0
AML_120_03	17-AAG	17-AAG_AML_120_03	176.10896	24.1
AML_122_01	17-AAG	17-AAG_AML_122_01	175.37459	14.2
AML_123_01	17-AAG	17-AAG_AML_123_01	179.24487	12.4
AML_124_01	17-AAG	17-AAG_AML_124_01	179.60474	19.7
AML_125_01	17-AAG	17-AAG_AML_125_01	181.14134	11.5
AML_126_01	17-AAG	17-AAG_AML_126_01	176.58025	13.7
AML_127_01	17-AAG	17-AAG_AML_127_01	164.9501	16.1
AML_128_01	17-AAG	17-AAG_AML_128_01	187.26881	10.2
AML_129_02	17-AAG	17-AAG_AML_129_02	169.26498	24.2
AML_129_03	17-AAG	17-AAG_AML_129_03	170.21373	15.1
AML_131_01	17-AAG	17-AAG_AML_131_01	169.1569	14.2
AML_133_01	17-AAG	17-AAG_AML_133_01	185.99974	12.2
AML_134_01	17-AAG	17-AAG_AML_134_01	190.6242	7.7
AML_135_01	17-AAG	17-AAG_AML_135_01	181.05525	21.3
AML_138_01	17-AAG	17-AAG_AML_138_01	191.90962	16.1
AML_139_01	17-AAG	17-AAG_AML_139_01	180.2569	13.2
AML_140_01	17-AAG	17-AAG_AML_140_01	173.36841	16.8
AML_142_01	17-AAG	17-AAG_AML_142_01	183.4188	11.0
AML_143_01	17-AAG	17-AAG_AML_143_01	178.90141	15.2
AML_144_01	17-AAG	17-AAG_AML_144_01	188.77602	13.2
AML_146_01	17-AAG	17-AAG_AML_146_01	184.14229	15.0
AML_147_01	17-AAG	17-AAG_AML_147_01	178.57552	17.2
AML_151_01	17-AAG	17-AAG_AML_151_01	162.24644	25.5
AML_152_01	17-AAG	17-AAG_AML_152_01	174.7125	14.3
AML_153_01	17-AAG	17-AAG_AML_153_01	184.7728	2.6
AML_156_01	17-AAG	17-AAG_AML_156_01	174.10788	15.9
AML_157_01	17-AAG	17-AAG_AML_157_01	169.22878	25.1
AML_157_02	17-AAG	17-AAG_AML_157_02	174.21863	23.9
AML_158_01	17-AAG	17-AAG_AML_158_01	186.28528	14.3
AML_159_01	17-AAG	17-AAG_AML_159_01	187.57686	17.2
AML_160_01	17-AAG	17-AAG_AML_160_01	169.12448	19.0
AML_161_01	17-AAG	17-AAG_AML_161_01	177.53687	16.1
AML_175_01	17-AAG	17-AAG_AML_175_01	177.46317	6.0
AML_179_01	17-AAG	17-AAG_AML_179_01	183.23315	13.6
AML_183_01	17-AAG	17-AAG_AML_183_01	180.33984	17.2
AML_183_02	17-AAG	17-AAG_AML_183_02	166.03278	13.3
AML_183_03	17-AAG	17-AAG_AML_183_03	165.86044	20.5
AML_184_01	17-AAG	17-AAG_AML_184_01	163.51666	15.9
AML_185_01	17-AAG	17-AAG_AML_185_01	195.80595	11.0
AML_004_01	TG100-115	TG100-115_AML_004_01	237.55392	2.6
AML_019_01	TG100-115	TG100-115_AML_019_01	232.0255	1.6
AML_025_01	TG100-115	TG100-115_AML_025_01	242.16656	1.4
AML_026_01	TG100-115	TG100-115_AML_026_01	239.6884	0.2
AML_029_01	TG100-115	TG100-115_AML_029_01	233.3512	0.1
AML_030_01	TG100-115	TG100-115_AML_030_01	227.26224	0.3
AML_033_01	TG100-115	TG100-115_AML_033_01	236.2314	0.0
AML_033_02	TG100-115	TG100-115_AML_033_02	228.58682	0.4
AML_041_01	TG100-115	TG100-115_AML_041_01	231.55746	0.6
AML_042_01	TG100-115	TG100-115_AML_042_01	231.23714	2.9
AML_043_02	TG100-115	TG100-115_AML_043_02	234.2912	0.0
AML_046_01	TG100-115	TG100-115_AML_046_01	230.07457	1.6
AML_052_01	TG100-115	TG100-115_AML_052_01	238.14207	3.7
AML_057_01	TG100-115	TG100-115_AML_057_01	234.7916	3.9
AML_058_01	TG100-115	TG100-115_AML_058_01	235.73932	2.1
AML_059_01	TG100-115	TG100-115_AML_059_01	234.69818	2.3
AML_060_01	TG100-115	TG100-115_AML_060_01	236.9573	1.4
AML_061_01	TG100-115	TG100-115_AML_061_01	232.76407	0.7
AML_062_01	TG100-115	TG100-115_AML_062_01	224.66568	2.8
AML_064_01	TG100-115	TG100-115_AML_064_01	226.17136	3.2
AML_065_01	TG100-115	TG100-115_AML_065_01	226.60933	0.5
AML_067_01	TG100-115	TG100-115_AML_067_01	230.92891	3.6
AML_070_01	TG100-115	TG100-115_AML_070_01	234.20042	0.0
AML_072_01	TG100-115	TG100-115_AML_072_01	241.16046	0.0
AML_073_01	TG100-115	TG100-115_AML_073_01	236.12877	0.8
AML_074_01	TG100-115	TG100-115_AML_074_01	233.6722	2.2
AML_075_01	TG100-115	TG100-115_AML_075_01	230.49086	0.7
AML_076_01	TG100-115	TG100-115_AML_076_01	233.96893	0.0
AML_076_02	TG100-115	TG100-115_AML_076_02	227.59088	0.0
AML_077_01	TG100-115	TG100-115_AML_077_01	232.9578	4.0
AML_078_02	TG100-115	TG100-115_AML_078_02	231.44293	2.5
AML_086_02	TG100-115	TG100-115_AML_086_02	237.05917	1.6
AML_098_01	TG100-115	TG100-115_AML_098_01	228.93452	0.0
AML_100_01	TG100-115	TG100-115_AML_100_01	235.96008	0.8
AML_101_01	TG100-115	TG100-115_AML_101_01	226.53688	0.3
AML_101_02	TG100-115	TG100-115_AML_101_02	236.3566	1.6
AML_102_01	TG100-115	TG100-115_AML_102_01	226.71481	1.2
AML_103_01	TG100-115	TG100-115_AML_103_01	219.3057	2.8
AML_103_02	TG100-115	TG100-115_AML_103_02	229.63109	1.4
AML_104_01	TG100-115	TG100-115_AML_104_01	235.60852	0.0
AML_108_01	TG100-115	TG100-115_AML_108_01	231.01125	3.8
AML_109_01	TG100-115	TG100-115_AML_109_01	229.21721	0.5
AML_110_01	TG100-115	TG100-115_AML_110_01	234.42506	2.1
AML_112_01	TG100-115	TG100-115_AML_112_01	227.91344	5.0
AML_112_02	TG100-115	TG100-115_AML_112_02	231.09438	1.3
AML_113_01	TG100-115	TG100-115_AML_113_01	230.78712	4.2
AML_114_01	TG100-115	TG100-115_AML_114_01	228.42203	2.6
AML_115_01	TG100-115	TG100-115_AML_115_01	228.19109	7.0
AML_116_01	TG100-115	TG100-115_AML_116_01	231.75479	1.7
AML_117_01	TG100-115	TG100-115_AML_117_01	236.4772	0.9
AML_119_01	TG100-115	TG100-115_AML_119_01	224.44865	2.4
AML_122_01	TG100-115	TG100-115_AML_122_01	231.82454	0.2
AML_123_01	TG100-115	TG100-115_AML_123_01	239.1712	2.6
AML_124_01	TG100-115	TG100-115_AML_124_01	236.53587	1.7
AML_125_01	TG100-115	TG100-115_AML_125_01	238.62344	0.5
AML_126_01	TG100-115	TG100-115_AML_126_01	229.97607	3.8
AML_127_01	TG100-115	TG100-115_AML_127_01	231.31874	0.0
AML_128_01	TG100-115	TG100-115_AML_128_01	237.23613	1.7
AML_131_01	TG100-115	TG100-115_AML_131_01	232.02905	0.2
AML_133_01	TG100-115	TG100-115_AML_133_01	234.54034	2.4
AML_134_01	TG100-115	TG100-115_AML_134_01	232.87244	1.1
AML_135_01	TG100-115	TG100-115_AML_135_01	237.11359	2.4
AML_138_01	TG100-115	TG100-115_AML_138_01	239.12042	0.3
AML_139_01	TG100-115	TG100-115_AML_139_01	243.56293	4.9
AML_140_01	TG100-115	TG100-115_AML_140_01	240.35796	0.4
AML_142_01	TG100-115	TG100-115_AML_142_01	232.81094	3.5
AML_143_01	TG100-115	TG100-115_AML_143_01	236.02402	0.1
AML_144_01	TG100-115	TG100-115_AML_144_01	243.77325	3.8
AML_146_01	TG100-115	TG100-115_AML_146_01	240.26971	1.6
AML_147_01	TG100-115	TG100-115_AML_147_01	238.55724	2.0
AML_151_01	TG100-115	TG100-115_AML_151_01	231.25865	1.4
AML_152_01	TG100-115	TG100-115_AML_152_01	237.6651	0.7
AML_153_01	TG100-115	TG100-115_AML_153_01	231.00964	0.0
AML_156_01	TG100-115	TG100-115_AML_156_01	231.80083	1.5
AML_157_01	TG100-115	TG100-115_AML_157_01	233.78258	2.1
AML_157_02	TG100-115	TG100-115_AML_157_02	234.4029	2.7
AML_158_01	TG100-115	TG100-115_AML_158_01	242.19269	2.9
AML_159_01	TG100-115	TG100-115_AML_159_01	240.56613	2.6
AML_160_01	TG100-115	TG100-115_AML_160_01	230.23688	2.3
AML_161_01	TG100-115	TG100-115_AML_161_01	233.86356	2.6
AML_183_01	TG100-115	TG100-115_AML_183_01	238.61057	0.0
AML_183_02	TG100-115	TG100-115_AML_183_02	228.16666	2.0
AML_183_03	TG100-115	TG100-115_AML_183_03	226.92859	1.1
AML_001_01	Tivozanib	Tivozanib_AML_001_01	204.76709	0.0
AML_001_03	Tivozanib	Tivozanib_AML_001_03	207.3106	2.0
AML_002_01	Tivozanib	Tivozanib_AML_002_01	202.2544	11.2
AML_003_02	Tivozanib	Tivozanib_AML_003_02	197.79738	8.1
AML_004_01	Tivozanib	Tivozanib_AML_004_01	200.7254	9.1
AML_006_02	Tivozanib	Tivozanib_AML_006_02	200.39072	3.9
AML_007_01	Tivozanib	Tivozanib_AML_007_01	204.79817	0.0
AML_007_02	Tivozanib	Tivozanib_AML_007_02	208.75676	0.0
AML_012_01	Tivozanib	Tivozanib_AML_012_01	201.48203	11.4
AML_013_01	Tivozanib	Tivozanib_AML_013_01	200.84007	21.7
AML_014_01	Tivozanib	Tivozanib_AML_014_01	206.20909	0.0
AML_015_01	Tivozanib	Tivozanib_AML_015_01	203.84221	32.3
AML_015_02	Tivozanib	Tivozanib_AML_015_02	204.11632	27.4
AML_015_03	Tivozanib	Tivozanib_AML_015_03	205.8104	38.5
AML_015_04	Tivozanib	Tivozanib_AML_015_04	198.78645	44.6
AML_018_01	Tivozanib	Tivozanib_AML_018_01	200.11896	14.0
AML_019_01	Tivozanib	Tivozanib_AML_019_01	198.93372	2.8
AML_022_01	Tivozanib	Tivozanib_AML_022_01	196.7509	0.3
AML_023_01	Tivozanib	Tivozanib_AML_023_01	191.69054	15.9
AML_023_03	Tivozanib	Tivozanib_AML_023_03	192.53981	5.6
AML_023_04	Tivozanib	Tivozanib_AML_023_04	195.4794	10.4
AML_024_01	Tivozanib	Tivozanib_AML_024_01	207.47534	4.0
AML_025_01	Tivozanib	Tivozanib_AML_025_01	211.71228	0.2
AML_026_01	Tivozanib	Tivozanib_AML_026_01	203.53731	0.0
AML_028_01	Tivozanib	Tivozanib_AML_028_01	205.00017	5.4
AML_028_04	Tivozanib	Tivozanib_AML_028_04	194.13524	12.6
AML_029_01	Tivozanib	Tivozanib_AML_029_01	198.24593	2.2
AML_030_01	Tivozanib	Tivozanib_AML_030_01	187.9649	0.2
AML_032_01	Tivozanib	Tivozanib_AML_032_01	207.96365	0.0
AML_033_01	Tivozanib	Tivozanib_AML_033_01	202.95934	5.9
AML_033_02	Tivozanib	Tivozanib_AML_033_02	190.29341	5.9
AML_035_02	Tivozanib	Tivozanib_AML_035_02	212.06238	0.3
AML_035_04	Tivozanib	Tivozanib_AML_035_04	202.922	0.0
AML_036_01	Tivozanib	Tivozanib_AML_036_01	203.79234	0.6
AML_040_01	Tivozanib	Tivozanib_AML_040_01	189.89117	15.5
AML_041_01	Tivozanib	Tivozanib_AML_041_01	198.71642	9.2
AML_042_01	Tivozanib	Tivozanib_AML_042_01	201.36432	5.3
AML_043_02	Tivozanib	Tivozanib_AML_043_02	203.4267	1.9
AML_045_01	Tivozanib	Tivozanib_AML_045_01	205.29677	0.0
AML_046_01	Tivozanib	Tivozanib_AML_046_01	190.81528	19.2
AML_051_01	Tivozanib	Tivozanib_AML_051_01	194.2695	3.2
AML_052_01	Tivozanib	Tivozanib_AML_052_01	204.07033	3.4
AML_053_01	Tivozanib	Tivozanib_AML_053_01	216.53545	6.3
AML_054_01	Tivozanib	Tivozanib_AML_054_01	199.55624	9.6
AML_057_01	Tivozanib	Tivozanib_AML_057_01	200.5113	9.2
AML_058_01	Tivozanib	Tivozanib_AML_058_01	197.50717	11.0
AML_059_01	Tivozanib	Tivozanib_AML_059_01	195.29346	12.2
AML_060_01	Tivozanib	Tivozanib_AML_060_01	201.14018	6.6
AML_061_01	Tivozanib	Tivozanib_AML_061_01	197.18019	4.2
AML_062_01	Tivozanib	Tivozanib_AML_062_01	190.89256	10.8
AML_064_01	Tivozanib	Tivozanib_AML_064_01	200.82997	1.0
AML_065_01	Tivozanib	Tivozanib_AML_065_01	187.3361	6.3
AML_067_01	Tivozanib	Tivozanib_AML_067_01	195.62979	11.0
AML_070_01	Tivozanib	Tivozanib_AML_070_01	200.32948	0.1
AML_072_01	Tivozanib	Tivozanib_AML_072_01	208.95006	0.4
AML_073_01	Tivozanib	Tivozanib_AML_073_01	207.03268	4.4
AML_074_01	Tivozanib	Tivozanib_AML_074_01	191.06241	2.4
AML_075_01	Tivozanib	Tivozanib_AML_075_01	196.50908	0.9
AML_076_01	Tivozanib	Tivozanib_AML_076_01	201.54076	0.4
AML_076_02	Tivozanib	Tivozanib_AML_076_02	189.42618	5.5
AML_077_01	Tivozanib	Tivozanib_AML_077_01	200.26495	1.7
AML_078_02	Tivozanib	Tivozanib_AML_078_02	199.46422	0.0
AML_084_01	Tivozanib	Tivozanib_AML_084_01	197.15244	5.9
AML_086_02	Tivozanib	Tivozanib_AML_086_02	206.96217	6.2
AML_098_01	Tivozanib	Tivozanib_AML_098_01	194.34409	0.0
AML_100_01	Tivozanib	Tivozanib_AML_100_01	196.16873	2.7
AML_101_01	Tivozanib	Tivozanib_AML_101_01	193.43301	19.5
AML_101_02	Tivozanib	Tivozanib_AML_101_02	208.34972	0.0
AML_102_01	Tivozanib	Tivozanib_AML_102_01	188.25563	0.0
AML_103_01	Tivozanib	Tivozanib_AML_103_01	189.68349	0.1
AML_103_02	Tivozanib	Tivozanib_AML_103_02	194.03435	7.6
AML_104_01	Tivozanib	Tivozanib_AML_104_01	196.26715	0.0
AML_108_01	Tivozanib	Tivozanib_AML_108_01	192.30447	1.7
AML_109_01	Tivozanib	Tivozanib_AML_109_01	193.07994	0.9
AML_110_01	Tivozanib	Tivozanib_AML_110_01	198.81525	4.4
AML_112_01	Tivozanib	Tivozanib_AML_112_01	190.15625	2.8
AML_112_02	Tivozanib	Tivozanib_AML_112_02	196.60435	2.5
AML_113_01	Tivozanib	Tivozanib_AML_113_01	201.63423	5.8
AML_114_01	Tivozanib	Tivozanib_AML_114_01	190.62077	0.0
AML_115_01	Tivozanib	Tivozanib_AML_115_01	187.87221	11.6
AML_116_01	Tivozanib	Tivozanib_AML_116_01	190.47478	0.0
AML_117_01	Tivozanib	Tivozanib_AML_117_01	201.7753	2.5
AML_119_01	Tivozanib	Tivozanib_AML_119_01	185.03043	0.1
AML_120_01	Tivozanib	Tivozanib_AML_120_01	198.98624	24.2
AML_120_03	Tivozanib	Tivozanib_AML_120_03	202.5267	23.0
AML_122_01	Tivozanib	Tivozanib_AML_122_01	206.41325	0.0
AML_123_01	Tivozanib	Tivozanib_AML_123_01	201.75392	3.7
AML_124_01	Tivozanib	Tivozanib_AML_124_01	200.37701	5.4
AML_125_01	Tivozanib	Tivozanib_AML_125_01	203.31117	1.8
AML_126_01	Tivozanib	Tivozanib_AML_126_01	196.54523	6.0
AML_127_01	Tivozanib	Tivozanib_AML_127_01	191.66945	4.4
AML_128_01	Tivozanib	Tivozanib_AML_128_01	204.87614	5.6
AML_129_02	Tivozanib	Tivozanib_AML_129_02	194.01544	17.1
AML_129_03	Tivozanib	Tivozanib_AML_129_03	193.65079	9.2
AML_131_01	Tivozanib	Tivozanib_AML_131_01	200.49733	0.0
AML_133_01	Tivozanib	Tivozanib_AML_133_01	205.36264	5.2
AML_134_01	Tivozanib	Tivozanib_AML_134_01	204.8541	0.0
AML_135_01	Tivozanib	Tivozanib_AML_135_01	204.57484	9.0
AML_138_01	Tivozanib	Tivozanib_AML_138_01	209.10532	2.3
AML_139_01	Tivozanib	Tivozanib_AML_139_01	212.18877	2.2
AML_140_01	Tivozanib	Tivozanib_AML_140_01	201.09152	1.2
AML_142_01	Tivozanib	Tivozanib_AML_142_01	202.23387	6.1
AML_143_01	Tivozanib	Tivozanib_AML_143_01	202.2337	2.1
AML_144_01	Tivozanib	Tivozanib_AML_144_01	213.88846	1.8
AML_146_01	Tivozanib	Tivozanib_AML_146_01	206.7196	0.0
AML_147_01	Tivozanib	Tivozanib_AML_147_01	203.2203	10.1
AML_151_01	Tivozanib	Tivozanib_AML_151_01	196.42996	10.6
AML_152_01	Tivozanib	Tivozanib_AML_152_01	198.35323	0.8
AML_153_01	Tivozanib	Tivozanib_AML_153_01	197.59415	0.0
AML_156_01	Tivozanib	Tivozanib_AML_156_01	194.62529	2.7
AML_157_01	Tivozanib	Tivozanib_AML_157_01	204.63316	6.4
AML_157_02	Tivozanib	Tivozanib_AML_157_02	204.78665	10.0
AML_158_01	Tivozanib	Tivozanib_AML_158_01	212.45383	1.7
AML_159_01	Tivozanib	Tivozanib_AML_159_01	208.16008	4.4
AML_160_01	Tivozanib	Tivozanib_AML_160_01	197.41075	1.3
AML_161_01	Tivozanib	Tivozanib_AML_161_01	198.93185	10.2
AML_175_01	Tivozanib	Tivozanib_AML_175_01	196.49667	0.0
AML_179_01	Tivozanib	Tivozanib_AML_179_01	201.28523	8.6
AML_183_01	Tivozanib	Tivozanib_AML_183_01	201.40912	0.8
AML_183_02	Tivozanib	Tivozanib_AML_183_02	189.33359	0.5
AML_183_03	Tivozanib	Tivozanib_AML_183_03	194.3139	0.0
AML_184_01	Tivozanib	Tivozanib_AML_184_01	190.37054	12.8
AML_185_01	Tivozanib	Tivozanib_AML_185_01	214.41594	0.0
AML_001_01	Tofacitinib	Tofacitinib_AML_001_01	224.67096	0.0
AML_001_03	Tofacitinib	Tofacitinib_AML_001_03	220.826	4.9
AML_002_01	Tofacitinib	Tofacitinib_AML_002_01	217.36264	0.0
AML_003_02	Tofacitinib	Tofacitinib_AML_003_02	215.47946	12.4
AML_004_01	Tofacitinib	Tofacitinib_AML_004_01	219.65935	9.6
AML_006_02	Tofacitinib	Tofacitinib_AML_006_02	217.27698	0.0
AML_007_01	Tofacitinib	Tofacitinib_AML_007_01	217.29077	0.5
AML_007_02	Tofacitinib	Tofacitinib_AML_007_02	217.95042	0.0
AML_012_01	Tofacitinib	Tofacitinib_AML_012_01	219.05434	0.0
AML_013_01	Tofacitinib	Tofacitinib_AML_013_01	221.4284	0.0
AML_014_01	Tofacitinib	Tofacitinib_AML_014_01	218.98143	0.0
AML_015_01	Tofacitinib	Tofacitinib_AML_015_01	224.37524	0.3
AML_015_02	Tofacitinib	Tofacitinib_AML_015_02	217.90964	0.0
AML_015_03	Tofacitinib	Tofacitinib_AML_015_03	219.85092	0.0
AML_015_04	Tofacitinib	Tofacitinib_AML_015_04	220.94955	0.0
AML_018_01	Tofacitinib	Tofacitinib_AML_018_01	212.61261	17.1
AML_019_01	Tofacitinib	Tofacitinib_AML_019_01	216.2445	4.2
AML_020_01	Tofacitinib	Tofacitinib_AML_020_01	226.12842	0.0
AML_022_01	Tofacitinib	Tofacitinib_AML_022_01	211.69458	0.0
AML_023_01	Tofacitinib	Tofacitinib_AML_023_01	210.36526	0.0
AML_023_03	Tofacitinib	Tofacitinib_AML_023_03	208.50978	0.0
AML_023_04	Tofacitinib	Tofacitinib_AML_023_04	210.73137	0.0
AML_024_01	Tofacitinib	Tofacitinib_AML_024_01	222.66806	8.9
AML_025_01	Tofacitinib	Tofacitinib_AML_025_01	226.17938	7.3
AML_026_01	Tofacitinib	Tofacitinib_AML_026_01	222.3201	3.9
AML_028_01	Tofacitinib	Tofacitinib_AML_028_01	220.60294	0.0
AML_028_04	Tofacitinib	Tofacitinib_AML_028_04	212.66092	1.3
AML_029_01	Tofacitinib	Tofacitinib_AML_029_01	216.28105	4.0
AML_030_01	Tofacitinib	Tofacitinib_AML_030_01	209.74161	3.6
AML_032_01	Tofacitinib	Tofacitinib_AML_032_01	222.93073	5.4
AML_033_01	Tofacitinib	Tofacitinib_AML_033_01	221.20346	12.1
AML_033_02	Tofacitinib	Tofacitinib_AML_033_02	213.73648	13.4
AML_035_02	Tofacitinib	Tofacitinib_AML_035_02	225.80043	5.6
AML_035_04	Tofacitinib	Tofacitinib_AML_035_04	218.62326	5.4
AML_036_01	Tofacitinib	Tofacitinib_AML_036_01	217.43817	6.1
AML_040_01	Tofacitinib	Tofacitinib_AML_040_01	214.60306	0.0
AML_041_01	Tofacitinib	Tofacitinib_AML_041_01	215.44136	0.2
AML_042_01	Tofacitinib	Tofacitinib_AML_042_01	215.81801	0.0
AML_043_02	Tofacitinib	Tofacitinib_AML_043_02	219.07597	12.2
AML_045_01	Tofacitinib	Tofacitinib_AML_045_01	221.66792	0.0
AML_046_01	Tofacitinib	Tofacitinib_AML_046_01	214.75104	2.5
AML_051_01	Tofacitinib	Tofacitinib_AML_051_01	215.8267	0.0
AML_052_01	Tofacitinib	Tofacitinib_AML_052_01	221.59018	4.8
AML_053_01	Tofacitinib	Tofacitinib_AML_053_01	226.21367	0.0
AML_054_01	Tofacitinib	Tofacitinib_AML_054_01	218.57376	0.0
AML_057_01	Tofacitinib	Tofacitinib_AML_057_01	216.18137	1.8
AML_058_01	Tofacitinib	Tofacitinib_AML_058_01	219.53748	0.0
AML_059_01	Tofacitinib	Tofacitinib_AML_059_01	216.77094	0.0
AML_060_01	Tofacitinib	Tofacitinib_AML_060_01	219.83546	0.0
AML_061_01	Tofacitinib	Tofacitinib_AML_061_01	213.68526	0.0
AML_062_01	Tofacitinib	Tofacitinib_AML_062_01	207.56924	0.0
AML_064_01	Tofacitinib	Tofacitinib_AML_064_01	211.13916	0.6
AML_065_01	Tofacitinib	Tofacitinib_AML_065_01	209.39374	0.1
AML_067_01	Tofacitinib	Tofacitinib_AML_067_01	212.3069	0.0
AML_070_01	Tofacitinib	Tofacitinib_AML_070_01	216.87686	2.0
AML_072_01	Tofacitinib	Tofacitinib_AML_072_01	225.10725	0.0
AML_073_01	Tofacitinib	Tofacitinib_AML_073_01	221.92526	0.2
AML_074_01	Tofacitinib	Tofacitinib_AML_074_01	214.99577	5.6
AML_075_01	Tofacitinib	Tofacitinib_AML_075_01	213.85323	0.0
AML_076_01	Tofacitinib	Tofacitinib_AML_076_01	218.23244	6.0
AML_076_02	Tofacitinib	Tofacitinib_AML_076_02	211.28104	6.4
AML_077_01	Tofacitinib	Tofacitinib_AML_077_01	217.53093	7.3
AML_078_02	Tofacitinib	Tofacitinib_AML_078_02	215.83914	4.4
AML_084_01	Tofacitinib	Tofacitinib_AML_084_01	213.9095	1.7
AML_086_02	Tofacitinib	Tofacitinib_AML_086_02	222.32928	6.5
AML_098_01	Tofacitinib	Tofacitinib_AML_098_01	209.95782	6.2
AML_100_01	Tofacitinib	Tofacitinib_AML_100_01	217.53555	4.4
AML_101_01	Tofacitinib	Tofacitinib_AML_101_01	211.82431	9.5
AML_101_02	Tofacitinib	Tofacitinib_AML_101_02	223.60759	0.7
AML_102_01	Tofacitinib	Tofacitinib_AML_102_01	206.38902	2.0
AML_103_01	Tofacitinib	Tofacitinib_AML_103_01	203.15144	8.2
AML_103_02	Tofacitinib	Tofacitinib_AML_103_02	216.21014	10.6
AML_104_01	Tofacitinib	Tofacitinib_AML_104_01	216.68228	6.8
AML_108_01	Tofacitinib	Tofacitinib_AML_108_01	213.69778	8.2
AML_109_01	Tofacitinib	Tofacitinib_AML_109_01	214.66176	0.0
AML_110_01	Tofacitinib	Tofacitinib_AML_110_01	217.64574	8.7
AML_112_01	Tofacitinib	Tofacitinib_AML_112_01	211.17336	0.4
AML_112_02	Tofacitinib	Tofacitinib_AML_112_02	214.16551	2.7
AML_113_01	Tofacitinib	Tofacitinib_AML_113_01	215.19666	12.0
AML_114_01	Tofacitinib	Tofacitinib_AML_114_01	210.074	3.8
AML_115_01	Tofacitinib	Tofacitinib_AML_115_01	211.12888	7.9
AML_116_01	Tofacitinib	Tofacitinib_AML_116_01	212.93324	8.1
AML_117_01	Tofacitinib	Tofacitinib_AML_117_01	219.71765	5.0
AML_119_01	Tofacitinib	Tofacitinib_AML_119_01	207.08649	7.2
AML_120_01	Tofacitinib	Tofacitinib_AML_120_01	214.38951	0.0
AML_120_03	Tofacitinib	Tofacitinib_AML_120_03	216.03131	0.0
AML_122_01	Tofacitinib	Tofacitinib_AML_122_01	216.56201	3.7
AML_123_01	Tofacitinib	Tofacitinib_AML_123_01	220.0399	6.5
AML_124_01	Tofacitinib	Tofacitinib_AML_124_01	219.88208	7.6
AML_125_01	Tofacitinib	Tofacitinib_AML_125_01	219.04852	5.4
AML_126_01	Tofacitinib	Tofacitinib_AML_126_01	213.11052	11.9
AML_127_01	Tofacitinib	Tofacitinib_AML_127_01	213.48969	9.1
AML_128_01	Tofacitinib	Tofacitinib_AML_128_01	222.43869	8.1
AML_129_02	Tofacitinib	Tofacitinib_AML_129_02	216.67215	3.0
AML_129_03	Tofacitinib	Tofacitinib_AML_129_03	215.68965	1.4
AML_131_01	Tofacitinib	Tofacitinib_AML_131_01	214.29727	4.1
AML_133_01	Tofacitinib	Tofacitinib_AML_133_01	219.42728	11.4
AML_134_01	Tofacitinib	Tofacitinib_AML_134_01	218.9192	6.4
AML_135_01	Tofacitinib	Tofacitinib_AML_135_01	221.9806	3.7
AML_138_01	Tofacitinib	Tofacitinib_AML_138_01	224.47667	10.0
AML_139_01	Tofacitinib	Tofacitinib_AML_139_01	224.95448	7.1
AML_140_01	Tofacitinib	Tofacitinib_AML_140_01	220.37216	4.8
AML_142_01	Tofacitinib	Tofacitinib_AML_142_01	219.37451	13.3
AML_143_01	Tofacitinib	Tofacitinib_AML_143_01	218.9355	5.8
AML_144_01	Tofacitinib	Tofacitinib_AML_144_01	228.1299	6.1
AML_146_01	Tofacitinib	Tofacitinib_AML_146_01	220.92921	5.2
AML_147_01	Tofacitinib	Tofacitinib_AML_147_01	220.6705	3.8
AML_151_01	Tofacitinib	Tofacitinib_AML_151_01	212.30759	6.6
AML_152_01	Tofacitinib	Tofacitinib_AML_152_01	219.87842	8.2
AML_153_01	Tofacitinib	Tofacitinib_AML_153_01	214.78682	1.2
AML_156_01	Tofacitinib	Tofacitinib_AML_156_01	215.00688	8.3
AML_157_01	Tofacitinib	Tofacitinib_AML_157_01	216.7645	4.2
AML_157_02	Tofacitinib	Tofacitinib_AML_157_02	219.57126	3.8
AML_158_01	Tofacitinib	Tofacitinib_AML_158_01	225.4783	4.9
AML_159_01	Tofacitinib	Tofacitinib_AML_159_01	223.54475	4.4
AML_160_01	Tofacitinib	Tofacitinib_AML_160_01	213.36386	5.8
AML_161_01	Tofacitinib	Tofacitinib_AML_161_01	219.78139	11.3
AML_175_01	Tofacitinib	Tofacitinib_AML_175_01	217.98512	0.0
AML_179_01	Tofacitinib	Tofacitinib_AML_179_01	218.89047	0.0
AML_183_01	Tofacitinib	Tofacitinib_AML_183_01	220.3057	5.1
AML_183_02	Tofacitinib	Tofacitinib_AML_183_02	209.88747	6.7
AML_183_03	Tofacitinib	Tofacitinib_AML_183_03	210.27328	2.0
AML_184_01	Tofacitinib	Tofacitinib_AML_184_01	213.25858	0.7
AML_185_01	Tofacitinib	Tofacitinib_AML_185_01	226.6871	5.9
AML_004_01	Tozasertib	Tozasertib_AML_004_01	217.43471	12.7
AML_019_01	Tozasertib	Tozasertib_AML_019_01	213.86765	7.2
AML_025_01	Tozasertib	Tozasertib_AML_025_01	227.31583	2.3
AML_026_01	Tozasertib	Tozasertib_AML_026_01	223.69574	3.9
AML_029_01	Tozasertib	Tozasertib_AML_029_01	218.73993	1.2
AML_030_01	Tozasertib	Tozasertib_AML_030_01	211.64026	0.5
AML_033_01	Tozasertib	Tozasertib_AML_033_01	218.22714	23.2
AML_033_02	Tozasertib	Tozasertib_AML_033_02	204.74089	19.3
AML_041_01	Tozasertib	Tozasertib_AML_041_01	220.5532	1.1
AML_042_01	Tozasertib	Tozasertib_AML_042_01	218.86078	9.9
AML_043_02	Tozasertib	Tozasertib_AML_043_02	211.13673	16.0
AML_046_01	Tozasertib	Tozasertib_AML_046_01	208.78792	23.5
AML_052_01	Tozasertib	Tozasertib_AML_052_01	219.1719	7.9
AML_057_01	Tozasertib	Tozasertib_AML_057_01	220.23038	5.4
AML_058_01	Tozasertib	Tozasertib_AML_058_01	216.23094	8.0
AML_059_01	Tozasertib	Tozasertib_AML_059_01	212.44745	5.2
AML_060_01	Tozasertib	Tozasertib_AML_060_01	215.92729	0.0
AML_061_01	Tozasertib	Tozasertib_AML_061_01	213.5533	4.0
AML_062_01	Tozasertib	Tozasertib_AML_062_01	210.82771	15.8
AML_064_01	Tozasertib	Tozasertib_AML_064_01	215.87885	5.8
AML_065_01	Tozasertib	Tozasertib_AML_065_01	210.6336	9.4
AML_067_01	Tozasertib	Tozasertib_AML_067_01	217.18893	5.5
AML_070_01	Tozasertib	Tozasertib_AML_070_01	219.03693	5.1
AML_072_01	Tozasertib	Tozasertib_AML_072_01	223.70541	0.0
AML_073_01	Tozasertib	Tozasertib_AML_073_01	223.62598	0.0
AML_074_01	Tozasertib	Tozasertib_AML_074_01	214.4331	5.6
AML_075_01	Tozasertib	Tozasertib_AML_075_01	214.33322	3.9
AML_076_01	Tozasertib	Tozasertib_AML_076_01	222.4346	2.0
AML_076_02	Tozasertib	Tozasertib_AML_076_02	206.64418	0.0
AML_077_01	Tozasertib	Tozasertib_AML_077_01	219.7417	14.1
AML_078_02	Tozasertib	Tozasertib_AML_078_02	219.54117	3.1
AML_086_02	Tozasertib	Tozasertib_AML_086_02	221.32524	2.6
AML_098_01	Tozasertib	Tozasertib_AML_098_01	213.476	6.9
AML_100_01	Tozasertib	Tozasertib_AML_100_01	219.04683	3.7
AML_101_01	Tozasertib	Tozasertib_AML_101_01	209.51077	9.6
AML_101_02	Tozasertib	Tozasertib_AML_101_02	222.49617	0.0
AML_102_01	Tozasertib	Tozasertib_AML_102_01	213.4464	2.0
AML_103_01	Tozasertib	Tozasertib_AML_103_01	207.79445	2.3
AML_103_02	Tozasertib	Tozasertib_AML_103_02	207.65582	16.0
AML_104_01	Tozasertib	Tozasertib_AML_104_01	220.27246	2.4
AML_108_01	Tozasertib	Tozasertib_AML_108_01	214.91629	6.2
AML_109_01	Tozasertib	Tozasertib_AML_109_01	210.28696	0.0
AML_110_01	Tozasertib	Tozasertib_AML_110_01	217.61409	14.1
AML_112_01	Tozasertib	Tozasertib_AML_112_01	212.91646	1.5
AML_112_02	Tozasertib	Tozasertib_AML_112_02	216.76384	2.5
AML_113_01	Tozasertib	Tozasertib_AML_113_01	215.23354	20.5
AML_114_01	Tozasertib	Tozasertib_AML_114_01	214.31895	1.3
AML_115_01	Tozasertib	Tozasertib_AML_115_01	210.91849	7.3
AML_116_01	Tozasertib	Tozasertib_AML_116_01	213.88159	4.6
AML_117_01	Tozasertib	Tozasertib_AML_117_01	222.36731	3.6
AML_119_01	Tozasertib	Tozasertib_AML_119_01	210.87373	3.3
AML_122_01	Tozasertib	Tozasertib_AML_122_01	222.24991	0.0
AML_123_01	Tozasertib	Tozasertib_AML_123_01	223.56744	5.5
AML_124_01	Tozasertib	Tozasertib_AML_124_01	219.65492	20.9
AML_125_01	Tozasertib	Tozasertib_AML_125_01	219.73453	15.5
AML_126_01	Tozasertib	Tozasertib_AML_126_01	217.32213	0.0
AML_127_01	Tozasertib	Tozasertib_AML_127_01	213.30466	11.9
AML_128_01	Tozasertib	Tozasertib_AML_128_01	222.63132	2.7
AML_131_01	Tozasertib	Tozasertib_AML_131_01	220.0052	3.8
AML_133_01	Tozasertib	Tozasertib_AML_133_01	214.83038	10.9
AML_134_01	Tozasertib	Tozasertib_AML_134_01	218.82565	1.7
AML_135_01	Tozasertib	Tozasertib_AML_135_01	221.77588	5.5
AML_138_01	Tozasertib	Tozasertib_AML_138_01	221.9492	5.8
AML_139_01	Tozasertib	Tozasertib_AML_139_01	226.38214	8.5
AML_140_01	Tozasertib	Tozasertib_AML_140_01	220.19485	10.7
AML_142_01	Tozasertib	Tozasertib_AML_142_01	211.12593	13.1
AML_143_01	Tozasertib	Tozasertib_AML_143_01	218.77505	6.2
AML_144_01	Tozasertib	Tozasertib_AML_144_01	228.60995	7.5
AML_146_01	Tozasertib	Tozasertib_AML_146_01	221.09627	2.8
AML_147_01	Tozasertib	Tozasertib_AML_147_01	221.26273	4.8
AML_151_01	Tozasertib	Tozasertib_AML_151_01	210.77002	6.2
AML_152_01	Tozasertib	Tozasertib_AML_152_01	218.5507	14.9
AML_153_01	Tozasertib	Tozasertib_AML_153_01	211.94768	0.0
AML_156_01	Tozasertib	Tozasertib_AML_156_01	212.74002	8.6
AML_157_01	Tozasertib	Tozasertib_AML_157_01	219.22078	8.2
AML_157_02	Tozasertib	Tozasertib_AML_157_02	220.51326	6.5
AML_158_01	Tozasertib	Tozasertib_AML_158_01	226.9687	4.6
AML_159_01	Tozasertib	Tozasertib_AML_159_01	223.44055	6.3
AML_160_01	Tozasertib	Tozasertib_AML_160_01	215.24124	5.7
AML_161_01	Tozasertib	Tozasertib_AML_161_01	214.48013	23.8
AML_183_01	Tozasertib	Tozasertib_AML_183_01	222.1882	2.4
AML_183_02	Tozasertib	Tozasertib_AML_183_02	212.72002	0.0
AML_183_03	Tozasertib	Tozasertib_AML_183_03	214.00447	5.0
AML_001_01	Trametinib	Trametinib_AML_001_01	169.09312	0.0
AML_001_03	Trametinib	Trametinib_AML_001_03	156.60104	26.7
AML_002_01	Trametinib	Trametinib_AML_002_01	179.73192	8.2
AML_003_02	Trametinib	Trametinib_AML_003_02	167.76106	16.6
AML_004_01	Trametinib	Trametinib_AML_004_01	175.3416	6.2
AML_006_02	Trametinib	Trametinib_AML_006_02	175.129	1.4
AML_007_01	Trametinib	Trametinib_AML_007_01	157.17789	19.5
AML_007_02	Trametinib	Trametinib_AML_007_02	157.31471	17.1
AML_012_01	Trametinib	Trametinib_AML_012_01	185.94977	0.1
AML_013_01	Trametinib	Trametinib_AML_013_01	184.38683	13.7
AML_014_01	Trametinib	Trametinib_AML_014_01	167.34505	12.1
AML_015_01	Trametinib	Trametinib_AML_015_01	172.74011	12.8
AML_015_02	Trametinib	Trametinib_AML_015_02	177.17235	12.9
AML_015_03	Trametinib	Trametinib_AML_015_03	169.57246	18.2
AML_015_04	Trametinib	Trametinib_AML_015_04	169.72491	11.8
AML_018_01	Trametinib	Trametinib_AML_018_01	171.65915	21.9
AML_019_01	Trametinib	Trametinib_AML_019_01	177.71638	0.0
AML_020_01	Trametinib	Trametinib_AML_020_01	181.9123	0.0
AML_022_01	Trametinib	Trametinib_AML_022_01	149.84738	20.7
AML_023_01	Trametinib	Trametinib_AML_023_01	159.51828	15.7
AML_023_03	Trametinib	Trametinib_AML_023_03	157.35509	4.6
AML_023_04	Trametinib	Trametinib_AML_023_04	163.07318	4.3
AML_024_01	Trametinib	Trametinib_AML_024_01	177.80154	3.9
AML_025_01	Trametinib	Trametinib_AML_025_01	173.47539	10.2
AML_026_01	Trametinib	Trametinib_AML_026_01	169.1726	7.3
AML_028_01	Trametinib	Trametinib_AML_028_01	173.62265	1.8
AML_028_04	Trametinib	Trametinib_AML_028_04	171.1733	17.5
AML_029_01	Trametinib	Trametinib_AML_029_01	168.66325	9.3
AML_030_01	Trametinib	Trametinib_AML_030_01	155.0783	3.7
AML_032_01	Trametinib	Trametinib_AML_032_01	181.01283	4.9
AML_033_01	Trametinib	Trametinib_AML_033_01	179.45172	14.8
AML_033_02	Trametinib	Trametinib_AML_033_02	170.65112	8.9
AML_035_02	Trametinib	Trametinib_AML_035_02	178.66884	11.6
AML_035_04	Trametinib	Trametinib_AML_035_04	177.90918	11.8
AML_036_01	Trametinib	Trametinib_AML_036_01	160.42621	3.8
AML_040_01	Trametinib	Trametinib_AML_040_01	155.0585	14.5
AML_041_01	Trametinib	Trametinib_AML_041_01	156.72185	6.1
AML_042_01	Trametinib	Trametinib_AML_042_01	164.37471	14.8
AML_043_02	Trametinib	Trametinib_AML_043_02	183.90443	10.5
AML_045_01	Trametinib	Trametinib_AML_045_01	175.38838	0.0
AML_046_01	Trametinib	Trametinib_AML_046_01	164.45609	0.0
AML_051_01	Trametinib	Trametinib_AML_051_01	164.05522	0.3
AML_052_01	Trametinib	Trametinib_AML_052_01	183.74342	1.6
AML_053_01	Trametinib	Trametinib_AML_053_01	183.06314	0.4
AML_054_01	Trametinib	Trametinib_AML_054_01	179.90686	0.4
AML_057_01	Trametinib	Trametinib_AML_057_01	159.39076	16.0
AML_058_01	Trametinib	Trametinib_AML_058_01	170.61183	4.8
AML_059_01	Trametinib	Trametinib_AML_059_01	166.75888	3.7
AML_060_01	Trametinib	Trametinib_AML_060_01	182.67114	0.0
AML_061_01	Trametinib	Trametinib_AML_061_01	163.82014	4.4
AML_062_01	Trametinib	Trametinib_AML_062_01	152.4112	14.2
AML_064_01	Trametinib	Trametinib_AML_064_01	154.19597	21.1
AML_065_01	Trametinib	Trametinib_AML_065_01	149.28137	23.2
AML_067_01	Trametinib	Trametinib_AML_067_01	152.83235	10.5
AML_070_01	Trametinib	Trametinib_AML_070_01	168.69429	2.6
AML_072_01	Trametinib	Trametinib_AML_072_01	184.48044	0.0
AML_073_01	Trametinib	Trametinib_AML_073_01	180.96126	4.9
AML_074_01	Trametinib	Trametinib_AML_074_01	164.94347	8.7
AML_075_01	Trametinib	Trametinib_AML_075_01	157.0741	13.5
AML_076_01	Trametinib	Trametinib_AML_076_01	162.52899	5.2
AML_076_02	Trametinib	Trametinib_AML_076_02	165.41418	5.4
AML_077_01	Trametinib	Trametinib_AML_077_01	173.21422	10.0
AML_078_02	Trametinib	Trametinib_AML_078_02	159.45189	7.8
AML_084_01	Trametinib	Trametinib_AML_084_01	162.99208	12.1
AML_086_02	Trametinib	Trametinib_AML_086_02	184.0826	6.5
AML_098_01	Trametinib	Trametinib_AML_098_01	155.48724	6.3
AML_100_01	Trametinib	Trametinib_AML_100_01	162.48604	6.5
AML_101_01	Trametinib	Trametinib_AML_101_01	173.40204	15.6
AML_101_02	Trametinib	Trametinib_AML_101_02	187.43753	0.0
AML_102_01	Trametinib	Trametinib_AML_102_01	145.88441	20.6
AML_103_01	Trametinib	Trametinib_AML_103_01	144.97684	13.9
AML_103_02	Trametinib	Trametinib_AML_103_02	174.48651	15.0
AML_104_01	Trametinib	Trametinib_AML_104_01	154.24532	7.3
AML_108_01	Trametinib	Trametinib_AML_108_01	149.81767	11.7
AML_109_01	Trametinib	Trametinib_AML_109_01	170.41257	3.0
AML_110_01	Trametinib	Trametinib_AML_110_01	162.26517	6.7
AML_112_01	Trametinib	Trametinib_AML_112_01	151.24501	6.4
AML_112_02	Trametinib	Trametinib_AML_112_02	159.3595	11.2
AML_113_01	Trametinib	Trametinib_AML_113_01	168.459	8.7
AML_114_01	Trametinib	Trametinib_AML_114_01	155.54904	11.9
AML_115_01	Trametinib	Trametinib_AML_115_01	146.41739	19.3
AML_116_01	Trametinib	Trametinib_AML_116_01	164.08296	7.6
AML_117_01	Trametinib	Trametinib_AML_117_01	174.11661	0.7
AML_119_01	Trametinib	Trametinib_AML_119_01	148.24129	9.0
AML_120_01	Trametinib	Trametinib_AML_120_01	161.3042	14.4
AML_120_03	Trametinib	Trametinib_AML_120_03	166.34901	11.7
AML_122_01	Trametinib	Trametinib_AML_122_01	160.51077	7.9
AML_123_01	Trametinib	Trametinib_AML_123_01	169.34598	9.6
AML_124_01	Trametinib	Trametinib_AML_124_01	172.70015	10.5
AML_125_01	Trametinib	Trametinib_AML_125_01	176.62314	8.2
AML_126_01	Trametinib	Trametinib_AML_126_01	167.9032	9.6
AML_127_01	Trametinib	Trametinib_AML_127_01	158.34117	8.6
AML_128_01	Trametinib	Trametinib_AML_128_01	178.22134	2.0
AML_129_02	Trametinib	Trametinib_AML_129_02	157.80038	11.7
AML_129_03	Trametinib	Trametinib_AML_129_03	160.39807	4.0
AML_131_01	Trametinib	Trametinib_AML_131_01	157.60223	8.2
AML_133_01	Trametinib	Trametinib_AML_133_01	179.94447	16.9
AML_134_01	Trametinib	Trametinib_AML_134_01	180.67458	12.6
AML_135_01	Trametinib	Trametinib_AML_135_01	173.29558	15.5
AML_138_01	Trametinib	Trametinib_AML_138_01	180.55345	14.7
AML_139_01	Trametinib	Trametinib_AML_139_01	181.30408	6.0
AML_140_01	Trametinib	Trametinib_AML_140_01	167.37486	7.9
AML_142_01	Trametinib	Trametinib_AML_142_01	185.15417	8.0
AML_143_01	Trametinib	Trametinib_AML_143_01	173.72084	3.2
AML_144_01	Trametinib	Trametinib_AML_144_01	181.27084	18.9
AML_146_01	Trametinib	Trametinib_AML_146_01	183.25182	5.3
AML_147_01	Trametinib	Trametinib_AML_147_01	168.26338	11.4
AML_151_01	Trametinib	Trametinib_AML_151_01	158.85071	16.7
AML_152_01	Trametinib	Trametinib_AML_152_01	167.53137	4.6
AML_153_01	Trametinib	Trametinib_AML_153_01	178.63898	0.0
AML_156_01	Trametinib	Trametinib_AML_156_01	167.4184	11.7
AML_157_01	Trametinib	Trametinib_AML_157_01	166.87509	9.1
AML_157_02	Trametinib	Trametinib_AML_157_02	174.25766	14.0
AML_158_01	Trametinib	Trametinib_AML_158_01	178.57309	8.8
AML_159_01	Trametinib	Trametinib_AML_159_01	179.66553	10.7
AML_160_01	Trametinib	Trametinib_AML_160_01	160.06812	12.9
AML_161_01	Trametinib	Trametinib_AML_161_01	175.19897	10.0
AML_175_01	Trametinib	Trametinib_AML_175_01	167.29977	0.9
AML_179_01	Trametinib	Trametinib_AML_179_01	182.2934	0.0
AML_183_01	Trametinib	Trametinib_AML_183_01	164.66254	4.0
AML_183_02	Trametinib	Trametinib_AML_183_02	151.60805	10.6
AML_183_03	Trametinib	Trametinib_AML_183_03	150.22955	8.9
AML_184_01	Trametinib	Trametinib_AML_184_01	154.10657	19.3
AML_185_01	Trametinib	Trametinib_AML_185_01	188.0113	17.5
AML_001_01	Vandetanib	Vandetanib_AML_001_01	226.49109	3.8
AML_001_03	Vandetanib	Vandetanib_AML_001_03	226.97379	0.0
AML_002_01	Vandetanib	Vandetanib_AML_002_01	215.30043	9.0
AML_003_02	Vandetanib	Vandetanib_AML_003_02	211.23204	0.0
AML_004_01	Vandetanib	Vandetanib_AML_004_01	222.50838	0.0
AML_006_02	Vandetanib	Vandetanib_AML_006_02	222.74352	6.2
AML_007_01	Vandetanib	Vandetanib_AML_007_01	228.16641	5.1
AML_007_02	Vandetanib	Vandetanib_AML_007_02	229.7964	0.0
AML_012_01	Vandetanib	Vandetanib_AML_012_01	210.15422	0.7
AML_013_01	Vandetanib	Vandetanib_AML_013_01	213.13402	17.0
AML_014_01	Vandetanib	Vandetanib_AML_014_01	223.65472	0.0
AML_015_01	Vandetanib	Vandetanib_AML_015_01	222.8368	0.0
AML_015_02	Vandetanib	Vandetanib_AML_015_02	222.95113	0.0
AML_015_03	Vandetanib	Vandetanib_AML_015_03	224.71416	3.2
AML_015_04	Vandetanib	Vandetanib_AML_015_04	214.91617	8.2
AML_018_01	Vandetanib	Vandetanib_AML_018_01	214.59918	0.0
AML_019_01	Vandetanib	Vandetanib_AML_019_01	213.46844	1.3
AML_020_01	Vandetanib	Vandetanib_AML_020_01	220.73756	0.0
AML_022_01	Vandetanib	Vandetanib_AML_022_01	221.60506	7.7
AML_023_01	Vandetanib	Vandetanib_AML_023_01	218.95628	9.1
AML_023_03	Vandetanib	Vandetanib_AML_023_03	218.01065	7.9
AML_023_04	Vandetanib	Vandetanib_AML_023_04	220.14134	9.1
AML_024_01	Vandetanib	Vandetanib_AML_024_01	221.15553	2.5
AML_025_01	Vandetanib	Vandetanib_AML_025_01	230.88402	0.0
AML_026_01	Vandetanib	Vandetanib_AML_026_01	228.78275	0.1
AML_028_01	Vandetanib	Vandetanib_AML_028_01	221.49677	2.6
AML_028_04	Vandetanib	Vandetanib_AML_028_04	205.83571	10.1
AML_029_01	Vandetanib	Vandetanib_AML_029_01	222.64465	1.2
AML_030_01	Vandetanib	Vandetanib_AML_030_01	217.66713	0.0
AML_032_01	Vandetanib	Vandetanib_AML_032_01	223.11118	0.0
AML_033_01	Vandetanib	Vandetanib_AML_033_01	218.53189	0.3
AML_033_02	Vandetanib	Vandetanib_AML_033_02	199.84938	3.0
AML_035_02	Vandetanib	Vandetanib_AML_035_02	226.29926	0.0
AML_035_04	Vandetanib	Vandetanib_AML_035_04	213.99481	0.8
AML_036_01	Vandetanib	Vandetanib_AML_036_01	227.8279	0.0
AML_040_01	Vandetanib	Vandetanib_AML_040_01	219.8479	0.0
AML_041_01	Vandetanib	Vandetanib_AML_041_01	224.19133	0.0
AML_042_01	Vandetanib	Vandetanib_AML_042_01	226.01279	0.0
AML_043_02	Vandetanib	Vandetanib_AML_043_02	209.31494	0.0
AML_045_01	Vandetanib	Vandetanib_AML_045_01	224.03386	0.0
AML_046_01	Vandetanib	Vandetanib_AML_046_01	207.9134	5.3
AML_051_01	Vandetanib	Vandetanib_AML_051_01	215.47342	0.0
AML_052_01	Vandetanib	Vandetanib_AML_052_01	222.45007	0.0
AML_053_01	Vandetanib	Vandetanib_AML_053_01	233.75682	0.0
AML_054_01	Vandetanib	Vandetanib_AML_054_01	210.96739	0.1
AML_057_01	Vandetanib	Vandetanib_AML_057_01	226.98956	0.9
AML_058_01	Vandetanib	Vandetanib_AML_058_01	220.48297	0.0
AML_059_01	Vandetanib	Vandetanib_AML_059_01	217.37761	0.0
AML_060_01	Vandetanib	Vandetanib_AML_060_01	215.62645	0.0
AML_061_01	Vandetanib	Vandetanib_AML_061_01	217.66682	0.0
AML_062_01	Vandetanib	Vandetanib_AML_062_01	214.03955	4.7
AML_064_01	Vandetanib	Vandetanib_AML_064_01	222.4604	0.0
AML_065_01	Vandetanib	Vandetanib_AML_065_01	214.8793	0.0
AML_067_01	Vandetanib	Vandetanib_AML_067_01	222.58054	1.0
AML_070_01	Vandetanib	Vandetanib_AML_070_01	224.99333	0.0
AML_072_01	Vandetanib	Vandetanib_AML_072_01	225.94974	0.0
AML_073_01	Vandetanib	Vandetanib_AML_073_01	222.17656	1.6
AML_074_01	Vandetanib	Vandetanib_AML_074_01	222.109	2.2
AML_075_01	Vandetanib	Vandetanib_AML_075_01	220.30046	0.0
AML_076_01	Vandetanib	Vandetanib_AML_076_01	221.59708	0.0
AML_076_02	Vandetanib	Vandetanib_AML_076_02	212.31241	2.5
AML_077_01	Vandetanib	Vandetanib_AML_077_01	219.68794	0.0
AML_078_02	Vandetanib	Vandetanib_AML_078_02	224.70882	0.4
AML_084_01	Vandetanib	Vandetanib_AML_084_01	212.36371	0.7
AML_086_02	Vandetanib	Vandetanib_AML_086_02	221.46846	3.3
AML_098_01	Vandetanib	Vandetanib_AML_098_01	219.94841	0.0
AML_100_01	Vandetanib	Vandetanib_AML_100_01	225.12617	0.4
AML_101_01	Vandetanib	Vandetanib_AML_101_01	208.82715	1.5
AML_101_02	Vandetanib	Vandetanib_AML_101_02	221.17923	2.2
AML_102_01	Vandetanib	Vandetanib_AML_102_01	218.68683	0.0
AML_103_01	Vandetanib	Vandetanib_AML_103_01	213.32846	0.0
AML_103_02	Vandetanib	Vandetanib_AML_103_02	207.02542	1.1
AML_104_01	Vandetanib	Vandetanib_AML_104_01	224.93701	0.0
AML_108_01	Vandetanib	Vandetanib_AML_108_01	221.18686	0.0
AML_109_01	Vandetanib	Vandetanib_AML_109_01	211.7819	1.4
AML_110_01	Vandetanib	Vandetanib_AML_110_01	220.91933	2.6
AML_112_01	Vandetanib	Vandetanib_AML_112_01	219.95679	3.7
AML_112_02	Vandetanib	Vandetanib_AML_112_02	222.00691	0.0
AML_113_01	Vandetanib	Vandetanib_AML_113_01	217.04617	0.9
AML_114_01	Vandetanib	Vandetanib_AML_114_01	218.88039	0.0
AML_115_01	Vandetanib	Vandetanib_AML_115_01	215.27199	6.1
AML_116_01	Vandetanib	Vandetanib_AML_116_01	219.13622	0.0
AML_117_01	Vandetanib	Vandetanib_AML_117_01	226.21965	0.0
AML_119_01	Vandetanib	Vandetanib_AML_119_01	215.44286	4.0
AML_120_01	Vandetanib	Vandetanib_AML_120_01	223.21378	5.1
AML_120_03	Vandetanib	Vandetanib_AML_120_03	223.03952	0.0
AML_122_01	Vandetanib	Vandetanib_AML_122_01	228.07132	0.0
AML_123_01	Vandetanib	Vandetanib_AML_123_01	228.00525	1.8
AML_124_01	Vandetanib	Vandetanib_AML_124_01	224.13014	0.0
AML_125_01	Vandetanib	Vandetanib_AML_125_01	222.97523	0.0
AML_126_01	Vandetanib	Vandetanib_AML_126_01	220.59366	1.4
AML_127_01	Vandetanib	Vandetanib_AML_127_01	220.11267	0.0
AML_128_01	Vandetanib	Vandetanib_AML_128_01	223.08891	1.6
AML_129_02	Vandetanib	Vandetanib_AML_129_02	219.04533	14.5
AML_129_03	Vandetanib	Vandetanib_AML_129_03	216.57193	9.5
AML_131_01	Vandetanib	Vandetanib_AML_131_01	226.0857	0.0
AML_133_01	Vandetanib	Vandetanib_AML_133_01	216.25842	0.1
AML_134_01	Vandetanib	Vandetanib_AML_134_01	215.33893	0.1
AML_135_01	Vandetanib	Vandetanib_AML_135_01	223.88425	1.7
AML_138_01	Vandetanib	Vandetanib_AML_138_01	220.83493	1.4
AML_139_01	Vandetanib	Vandetanib_AML_139_01	231.03606	0.1
AML_140_01	Vandetanib	Vandetanib_AML_140_01	226.18745	0.0
AML_142_01	Vandetanib	Vandetanib_AML_142_01	210.99547	3.3
AML_143_01	Vandetanib	Vandetanib_AML_143_01	221.54709	0.4
AML_144_01	Vandetanib	Vandetanib_AML_144_01	230.4625	1.4
AML_146_01	Vandetanib	Vandetanib_AML_146_01	224.63731	0.0
AML_147_01	Vandetanib	Vandetanib_AML_147_01	227.31781	0.1
AML_151_01	Vandetanib	Vandetanib_AML_151_01	215.00832	0.7
AML_152_01	Vandetanib	Vandetanib_AML_152_01	221.45753	1.4
AML_153_01	Vandetanib	Vandetanib_AML_153_01	211.05937	0.4
AML_156_01	Vandetanib	Vandetanib_AML_156_01	214.68094	0.0
AML_157_01	Vandetanib	Vandetanib_AML_157_01	223.9458	0.2
AML_157_02	Vandetanib	Vandetanib_AML_157_02	224.74326	1.8
AML_158_01	Vandetanib	Vandetanib_AML_158_01	230.78075	0.0
AML_159_01	Vandetanib	Vandetanib_AML_159_01	226.6079	0.2
AML_160_01	Vandetanib	Vandetanib_AML_160_01	218.34651	3.0
AML_161_01	Vandetanib	Vandetanib_AML_161_01	213.81053	3.7
AML_175_01	Vandetanib	Vandetanib_AML_175_01	225.17903	0.0
AML_179_01	Vandetanib	Vandetanib_AML_179_01	214.78069	13.2
AML_183_01	Vandetanib	Vandetanib_AML_183_01	228.04996	0.0
AML_183_02	Vandetanib	Vandetanib_AML_183_02	218.578	0.0
AML_183_03	Vandetanib	Vandetanib_AML_183_03	218.51517	0.0
AML_184_01	Vandetanib	Vandetanib_AML_184_01	221.5506	6.7
AML_185_01	Vandetanib	Vandetanib_AML_185_01	225.12791	5.8
AML_001_01	Vatalanib	Vatalanib_AML_001_01	227.8896	1.0
AML_001_03	Vatalanib	Vatalanib_AML_001_03	227.58073	0.0
AML_002_01	Vatalanib	Vatalanib_AML_002_01	218.84225	5.9
AML_003_02	Vatalanib	Vatalanib_AML_003_02	215.25621	3.4
AML_004_01	Vatalanib	Vatalanib_AML_004_01	224.39122	0.0
AML_006_02	Vatalanib	Vatalanib_AML_006_02	223.6891	1.1
AML_007_01	Vatalanib	Vatalanib_AML_007_01	227.1689	0.0
AML_007_02	Vatalanib	Vatalanib_AML_007_02	228.7066	0.0
AML_012_01	Vatalanib	Vatalanib_AML_012_01	215.07204	0.0
AML_013_01	Vatalanib	Vatalanib_AML_013_01	219.26175	0.0
AML_014_01	Vatalanib	Vatalanib_AML_014_01	223.16768	0.0
AML_015_01	Vatalanib	Vatalanib_AML_015_01	226.63425	10.7
AML_015_02	Vatalanib	Vatalanib_AML_015_02	223.55775	5.5
AML_015_03	Vatalanib	Vatalanib_AML_015_03	225.06967	13.9
AML_015_04	Vatalanib	Vatalanib_AML_015_04	218.66498	18.9
AML_018_01	Vatalanib	Vatalanib_AML_018_01	216.46445	1.0
AML_019_01	Vatalanib	Vatalanib_AML_019_01	214.98494	0.0
AML_020_01	Vatalanib	Vatalanib_AML_020_01	224.75194	1.9
AML_022_01	Vatalanib	Vatalanib_AML_022_01	220.34677	0.4
AML_023_01	Vatalanib	Vatalanib_AML_023_01	217.75291	5.8
AML_023_03	Vatalanib	Vatalanib_AML_023_03	216.66324	2.0
AML_023_04	Vatalanib	Vatalanib_AML_023_04	217.97528	2.7
AML_024_01	Vatalanib	Vatalanib_AML_024_01	225.28314	0.0
AML_025_01	Vatalanib	Vatalanib_AML_025_01	230.95483	0.0
AML_026_01	Vatalanib	Vatalanib_AML_026_01	227.98216	0.8
AML_028_01	Vatalanib	Vatalanib_AML_028_01	222.97559	0.0
AML_028_04	Vatalanib	Vatalanib_AML_028_04	210.16881	0.0
AML_029_01	Vatalanib	Vatalanib_AML_029_01	222.61392	0.4
AML_030_01	Vatalanib	Vatalanib_AML_030_01	215.9622	0.0
AML_032_01	Vatalanib	Vatalanib_AML_032_01	226.25656	0.0
AML_033_01	Vatalanib	Vatalanib_AML_033_01	222.44427	0.0
AML_033_02	Vatalanib	Vatalanib_AML_033_02	206.36626	0.2
AML_035_02	Vatalanib	Vatalanib_AML_035_02	228.14441	0.0
AML_035_04	Vatalanib	Vatalanib_AML_035_04	216.33156	0.0
AML_036_01	Vatalanib	Vatalanib_AML_036_01	227.05823	0.0
AML_040_01	Vatalanib	Vatalanib_AML_040_01	219.24677	0.0
AML_041_01	Vatalanib	Vatalanib_AML_041_01	224.07729	0.9
AML_042_01	Vatalanib	Vatalanib_AML_042_01	223.74286	0.0
AML_043_02	Vatalanib	Vatalanib_AML_043_02	215.61751	0.0
AML_045_01	Vatalanib	Vatalanib_AML_045_01	224.87482	0.0
AML_046_01	Vatalanib	Vatalanib_AML_046_01	212.45905	0.6
AML_051_01	Vatalanib	Vatalanib_AML_051_01	219.03513	0.0
AML_052_01	Vatalanib	Vatalanib_AML_052_01	224.92722	1.6
AML_053_01	Vatalanib	Vatalanib_AML_053_01	233.19182	0.0
AML_054_01	Vatalanib	Vatalanib_AML_054_01	216.34589	0.0
AML_057_01	Vatalanib	Vatalanib_AML_057_01	225.27733	2.7
AML_058_01	Vatalanib	Vatalanib_AML_058_01	222.05185	1.1
AML_059_01	Vatalanib	Vatalanib_AML_059_01	219.881	1.5
AML_060_01	Vatalanib	Vatalanib_AML_060_01	219.64322	0.5
AML_061_01	Vatalanib	Vatalanib_AML_061_01	220.30116	0.1
AML_062_01	Vatalanib	Vatalanib_AML_062_01	214.84274	2.2
AML_064_01	Vatalanib	Vatalanib_AML_064_01	220.64336	0.0
AML_065_01	Vatalanib	Vatalanib_AML_065_01	214.24011	0.6
AML_067_01	Vatalanib	Vatalanib_AML_067_01	221.5332	2.0
AML_070_01	Vatalanib	Vatalanib_AML_070_01	224.06377	0.0
AML_072_01	Vatalanib	Vatalanib_AML_072_01	228.18579	0.0
AML_073_01	Vatalanib	Vatalanib_AML_073_01	223.99098	0.8
AML_074_01	Vatalanib	Vatalanib_AML_074_01	221.93785	0.0
AML_075_01	Vatalanib	Vatalanib_AML_075_01	220.73251	0.2
AML_076_01	Vatalanib	Vatalanib_AML_076_01	223.30627	0.0
AML_076_02	Vatalanib	Vatalanib_AML_076_02	213.425	0.1
AML_077_01	Vatalanib	Vatalanib_AML_077_01	221.94594	0.0
AML_078_02	Vatalanib	Vatalanib_AML_078_02	224.22696	0.9
AML_084_01	Vatalanib	Vatalanib_AML_084_01	216.34485	1.1
AML_086_02	Vatalanib	Vatalanib_AML_086_02	222.80623	1.8
AML_098_01	Vatalanib	Vatalanib_AML_098_01	219.20137	0.0
AML_100_01	Vatalanib	Vatalanib_AML_100_01	224.72937	1.0
AML_101_01	Vatalanib	Vatalanib_AML_101_01	212.22083	5.0
AML_101_02	Vatalanib	Vatalanib_AML_101_02	224.89069	0.7
AML_102_01	Vatalanib	Vatalanib_AML_102_01	215.53284	0.0
AML_103_01	Vatalanib	Vatalanib_AML_103_01	212.30396	0.0
AML_103_02	Vatalanib	Vatalanib_AML_103_02	210.2962	3.4
AML_104_01	Vatalanib	Vatalanib_AML_104_01	225.04413	0.0
AML_108_01	Vatalanib	Vatalanib_AML_108_01	220.25372	0.0
AML_109_01	Vatalanib	Vatalanib_AML_109_01	212.76056	0.2
AML_110_01	Vatalanib	Vatalanib_AML_110_01	222.00499	3.2
AML_112_01	Vatalanib	Vatalanib_AML_112_01	217.04303	1.7
AML_112_02	Vatalanib	Vatalanib_AML_112_02	221.22374	0.0
AML_113_01	Vatalanib	Vatalanib_AML_113_01	218.50987	0.8
AML_114_01	Vatalanib	Vatalanib_AML_114_01	217.619	1.3
AML_115_01	Vatalanib	Vatalanib_AML_115_01	215.27733	1.4
AML_116_01	Vatalanib	Vatalanib_AML_116_01	217.4753	0.0
AML_117_01	Vatalanib	Vatalanib_AML_117_01	226.09096	0.0
AML_119_01	Vatalanib	Vatalanib_AML_119_01	215.25554	0.0
AML_120_01	Vatalanib	Vatalanib_AML_120_01	220.68336	6.3
AML_120_03	Vatalanib	Vatalanib_AML_120_03	222.6446	2.0
AML_122_01	Vatalanib	Vatalanib_AML_122_01	226.41121	0.0
AML_123_01	Vatalanib	Vatalanib_AML_123_01	227.43903	0.0
AML_124_01	Vatalanib	Vatalanib_AML_124_01	224.27034	0.0
AML_125_01	Vatalanib	Vatalanib_AML_125_01	223.6855	11.7
AML_126_01	Vatalanib	Vatalanib_AML_126_01	221.92778	0.0
AML_127_01	Vatalanib	Vatalanib_AML_127_01	219.94366	0.0
AML_128_01	Vatalanib	Vatalanib_AML_128_01	224.3414	0.0
AML_129_02	Vatalanib	Vatalanib_AML_129_02	221.51114	5.8
AML_129_03	Vatalanib	Vatalanib_AML_129_03	218.47826	4.9
AML_131_01	Vatalanib	Vatalanib_AML_131_01	223.6695	0.0
AML_133_01	Vatalanib	Vatalanib_AML_133_01	219.65453	0.2
AML_134_01	Vatalanib	Vatalanib_AML_134_01	219.10233	0.0
AML_135_01	Vatalanib	Vatalanib_AML_135_01	223.95534	0.2
AML_138_01	Vatalanib	Vatalanib_AML_138_01	223.79536	3.0
AML_139_01	Vatalanib	Vatalanib_AML_139_01	231.49413	0.0
AML_140_01	Vatalanib	Vatalanib_AML_140_01	225.63326	0.0
AML_142_01	Vatalanib	Vatalanib_AML_142_01	215.72073	2.1
AML_143_01	Vatalanib	Vatalanib_AML_143_01	223.27159	1.8
AML_144_01	Vatalanib	Vatalanib_AML_144_01	231.55756	0.0
AML_146_01	Vatalanib	Vatalanib_AML_146_01	226.39636	1.3
AML_147_01	Vatalanib	Vatalanib_AML_147_01	226.36266	2.4
AML_151_01	Vatalanib	Vatalanib_AML_151_01	216.1262	0.0
AML_152_01	Vatalanib	Vatalanib_AML_152_01	223.44057	0.2
AML_153_01	Vatalanib	Vatalanib_AML_153_01	214.18031	2.5
AML_156_01	Vatalanib	Vatalanib_AML_156_01	216.2935	0.0
AML_157_01	Vatalanib	Vatalanib_AML_157_01	224.20773	0.0
AML_157_02	Vatalanib	Vatalanib_AML_157_02	226.40881	0.3
AML_158_01	Vatalanib	Vatalanib_AML_158_01	230.16502	0.0
AML_159_01	Vatalanib	Vatalanib_AML_159_01	227.28358	0.4
AML_160_01	Vatalanib	Vatalanib_AML_160_01	217.59094	0.8
AML_161_01	Vatalanib	Vatalanib_AML_161_01	217.30101	6.7
AML_175_01	Vatalanib	Vatalanib_AML_175_01	223.46925	0.0
AML_179_01	Vatalanib	Vatalanib_AML_179_01	219.40639	5.7
AML_183_01	Vatalanib	Vatalanib_AML_183_01	228.41248	0.0
AML_183_02	Vatalanib	Vatalanib_AML_183_02	216.85876	0.0
AML_183_03	Vatalanib	Vatalanib_AML_183_03	216.94138	1.1
AML_184_01	Vatalanib	Vatalanib_AML_184_01	221.37262	4.6
AML_185_01	Vatalanib	Vatalanib_AML_185_01	228.29604	3.7
AML_001_01	Vemurafenib	Vemurafenib_AML_001_01	241.98454	0.0
AML_001_03	Vemurafenib	Vemurafenib_AML_001_03	241.19595	0.6
AML_002_01	Vemurafenib	Vemurafenib_AML_002_01	232.95795	0.0
AML_003_02	Vemurafenib	Vemurafenib_AML_003_02	225.43674	9.1
AML_004_01	Vemurafenib	Vemurafenib_AML_004_01	238.59958	1.8
AML_006_02	Vemurafenib	Vemurafenib_AML_006_02	238.33353	0.0
AML_007_01	Vemurafenib	Vemurafenib_AML_007_01	240.24117	0.0
AML_007_02	Vemurafenib	Vemurafenib_AML_007_02	241.94589	0.0
AML_012_01	Vemurafenib	Vemurafenib_AML_012_01	225.91049	0.0
AML_013_01	Vemurafenib	Vemurafenib_AML_013_01	233.3691	7.6
AML_014_01	Vemurafenib	Vemurafenib_AML_014_01	238.76558	0.0
AML_015_01	Vemurafenib	Vemurafenib_AML_015_01	241.12274	0.0
AML_015_02	Vemurafenib	Vemurafenib_AML_015_02	236.49239	0.0
AML_015_03	Vemurafenib	Vemurafenib_AML_015_03	240.33205	1.2
AML_015_04	Vemurafenib	Vemurafenib_AML_015_04	234.2796	3.8
AML_018_01	Vemurafenib	Vemurafenib_AML_018_01	228.13551	1.1
AML_019_01	Vemurafenib	Vemurafenib_AML_019_01	226.19374	5.2
AML_020_01	Vemurafenib	Vemurafenib_AML_020_01	237.60416	0.8
AML_022_01	Vemurafenib	Vemurafenib_AML_022_01	234.97841	0.0
AML_023_01	Vemurafenib	Vemurafenib_AML_023_01	232.3305	0.0
AML_023_03	Vemurafenib	Vemurafenib_AML_023_03	231.06587	0.0
AML_023_04	Vemurafenib	Vemurafenib_AML_023_04	232.08917	0.0
AML_024_01	Vemurafenib	Vemurafenib_AML_024_01	236.01332	3.0
AML_025_01	Vemurafenib	Vemurafenib_AML_025_01	244.95096	2.0
AML_026_01	Vemurafenib	Vemurafenib_AML_026_01	242.95453	0.4
AML_028_01	Vemurafenib	Vemurafenib_AML_028_01	236.34282	0.1
AML_028_04	Vemurafenib	Vemurafenib_AML_028_04	221.48248	0.0
AML_029_01	Vemurafenib	Vemurafenib_AML_029_01	235.62729	5.0
AML_030_01	Vemurafenib	Vemurafenib_AML_030_01	232.82181	0.3
AML_032_01	Vemurafenib	Vemurafenib_AML_032_01	238.91624	1.0
AML_033_01	Vemurafenib	Vemurafenib_AML_033_01	235.03568	2.9
AML_033_02	Vemurafenib	Vemurafenib_AML_033_02	222.95474	2.5
AML_035_02	Vemurafenib	Vemurafenib_AML_035_02	240.76686	0.0
AML_035_04	Vemurafenib	Vemurafenib_AML_035_04	227.85301	0.0
AML_036_01	Vemurafenib	Vemurafenib_AML_036_01	241.3645	3.6
AML_040_01	Vemurafenib	Vemurafenib_AML_040_01	238.70677	5.4
AML_041_01	Vemurafenib	Vemurafenib_AML_041_01	238.33989	1.7
AML_042_01	Vemurafenib	Vemurafenib_AML_042_01	238.55328	0.0
AML_043_02	Vemurafenib	Vemurafenib_AML_043_02	225.41579	3.1
AML_045_01	Vemurafenib	Vemurafenib_AML_045_01	237.87383	0.0
AML_046_01	Vemurafenib	Vemurafenib_AML_046_01	228.22546	7.5
AML_051_01	Vemurafenib	Vemurafenib_AML_051_01	233.67598	0.0
AML_052_01	Vemurafenib	Vemurafenib_AML_052_01	236.74406	1.1
AML_053_01	Vemurafenib	Vemurafenib_AML_053_01	247.08932	3.1
AML_054_01	Vemurafenib	Vemurafenib_AML_054_01	229.17015	1.3
AML_057_01	Vemurafenib	Vemurafenib_AML_057_01	239.80179	1.1
AML_058_01	Vemurafenib	Vemurafenib_AML_058_01	236.5657	1.6
AML_059_01	Vemurafenib	Vemurafenib_AML_059_01	234.58546	3.8
AML_060_01	Vemurafenib	Vemurafenib_AML_060_01	233.60115	1.6
AML_061_01	Vemurafenib	Vemurafenib_AML_061_01	235.8682	1.6
AML_062_01	Vemurafenib	Vemurafenib_AML_062_01	229.05397	3.6
AML_064_01	Vemurafenib	Vemurafenib_AML_064_01	233.46954	1.4
AML_065_01	Vemurafenib	Vemurafenib_AML_065_01	231.78023	0.7
AML_067_01	Vemurafenib	Vemurafenib_AML_067_01	237.88724	1.7
AML_070_01	Vemurafenib	Vemurafenib_AML_070_01	239.84631	0.4
AML_072_01	Vemurafenib	Vemurafenib_AML_072_01	239.22919	0.9
AML_073_01	Vemurafenib	Vemurafenib_AML_073_01	236.25307	2.0
AML_074_01	Vemurafenib	Vemurafenib_AML_074_01	239.85855	1.4
AML_075_01	Vemurafenib	Vemurafenib_AML_075_01	236.3378	1.2
AML_076_01	Vemurafenib	Vemurafenib_AML_076_01	238.18643	2.9
AML_076_02	Vemurafenib	Vemurafenib_AML_076_02	229.16035	0.7
AML_077_01	Vemurafenib	Vemurafenib_AML_077_01	234.32477	1.4
AML_078_02	Vemurafenib	Vemurafenib_AML_078_02	238.43393	0.2
AML_084_01	Vemurafenib	Vemurafenib_AML_084_01	229.74748	0.0
AML_086_02	Vemurafenib	Vemurafenib_AML_086_02	235.82419	2.4
AML_098_01	Vemurafenib	Vemurafenib_AML_098_01	234.70406	1.0
AML_100_01	Vemurafenib	Vemurafenib_AML_100_01	241.13828	0.8
AML_101_01	Vemurafenib	Vemurafenib_AML_101_01	227.25987	4.4
AML_101_02	Vemurafenib	Vemurafenib_AML_101_02	235.31984	1.1
AML_102_01	Vemurafenib	Vemurafenib_AML_102_01	234.21237	0.5
AML_103_01	Vemurafenib	Vemurafenib_AML_103_01	227.68216	2.8
AML_103_02	Vemurafenib	Vemurafenib_AML_103_02	225.85938	4.6
AML_104_01	Vemurafenib	Vemurafenib_AML_104_01	241.26584	0.6
AML_108_01	Vemurafenib	Vemurafenib_AML_108_01	237.67726	5.8
AML_109_01	Vemurafenib	Vemurafenib_AML_109_01	227.38672	1.8
AML_110_01	Vemurafenib	Vemurafenib_AML_110_01	238.04199	2.2
AML_112_01	Vemurafenib	Vemurafenib_AML_112_01	234.36217	2.3
AML_112_02	Vemurafenib	Vemurafenib_AML_112_02	236.01645	2.8
AML_113_01	Vemurafenib	Vemurafenib_AML_113_01	232.13614	3.6
AML_114_01	Vemurafenib	Vemurafenib_AML_114_01	235.83571	1.8
AML_115_01	Vemurafenib	Vemurafenib_AML_115_01	233.98233	1.6
AML_116_01	Vemurafenib	Vemurafenib_AML_116_01	235.74933	2.5
AML_117_01	Vemurafenib	Vemurafenib_AML_117_01	241.55557	0.4
AML_119_01	Vemurafenib	Vemurafenib_AML_119_01	233.44234	1.4
AML_120_01	Vemurafenib	Vemurafenib_AML_120_01	234.99928	0.0
AML_120_03	Vemurafenib	Vemurafenib_AML_120_03	235.0592	0.0
AML_122_01	Vemurafenib	Vemurafenib_AML_122_01	238.42035	0.0
AML_123_01	Vemurafenib	Vemurafenib_AML_123_01	243.89384	2.7
AML_124_01	Vemurafenib	Vemurafenib_AML_124_01	240.54572	3.0
AML_125_01	Vemurafenib	Vemurafenib_AML_125_01	236.65495	1.8
AML_126_01	Vemurafenib	Vemurafenib_AML_126_01	233.67186	1.5
AML_127_01	Vemurafenib	Vemurafenib_AML_127_01	236.40665	4.1
AML_128_01	Vemurafenib	Vemurafenib_AML_128_01	238.24863	1.5
AML_129_02	Vemurafenib	Vemurafenib_AML_129_02	236.16972	2.0
AML_129_03	Vemurafenib	Vemurafenib_AML_129_03	234.2264	0.0
AML_131_01	Vemurafenib	Vemurafenib_AML_131_01	238.80185	0.0
AML_133_01	Vemurafenib	Vemurafenib_AML_133_01	231.19011	0.0
AML_134_01	Vemurafenib	Vemurafenib_AML_134_01	228.68178	1.7
AML_135_01	Vemurafenib	Vemurafenib_AML_135_01	238.97046	0.9
AML_138_01	Vemurafenib	Vemurafenib_AML_138_01	237.30617	0.0
AML_139_01	Vemurafenib	Vemurafenib_AML_139_01	245.75717	0.9
AML_140_01	Vemurafenib	Vemurafenib_AML_140_01	243.21535	2.0
AML_142_01	Vemurafenib	Vemurafenib_AML_142_01	226.56891	0.0
AML_143_01	Vemurafenib	Vemurafenib_AML_143_01	237.05241	6.2
AML_144_01	Vemurafenib	Vemurafenib_AML_144_01	245.72717	0.6
AML_146_01	Vemurafenib	Vemurafenib_AML_146_01	240.04521	0.3
AML_147_01	Vemurafenib	Vemurafenib_AML_147_01	240.93047	0.3
AML_151_01	Vemurafenib	Vemurafenib_AML_151_01	233.39832	0.8
AML_152_01	Vemurafenib	Vemurafenib_AML_152_01	240.39197	1.5
AML_153_01	Vemurafenib	Vemurafenib_AML_153_01	222.94897	1.3
AML_156_01	Vemurafenib	Vemurafenib_AML_156_01	232.453	0.4
AML_157_01	Vemurafenib	Vemurafenib_AML_157_01	237.41365	0.3
AML_157_02	Vemurafenib	Vemurafenib_AML_157_02	239.64067	0.0
AML_158_01	Vemurafenib	Vemurafenib_AML_158_01	244.92206	0.3
AML_159_01	Vemurafenib	Vemurafenib_AML_159_01	241.44012	0.6
AML_160_01	Vemurafenib	Vemurafenib_AML_160_01	233.77643	0.2
AML_161_01	Vemurafenib	Vemurafenib_AML_161_01	231.33243	4.3
AML_175_01	Vemurafenib	Vemurafenib_AML_175_01	242.43512	0.0
AML_179_01	Vemurafenib	Vemurafenib_AML_179_01	231.07007	0.0
AML_183_01	Vemurafenib	Vemurafenib_AML_183_01	244.48898	2.3
AML_183_02	Vemurafenib	Vemurafenib_AML_183_02	235.76904	0.2
AML_183_03	Vemurafenib	Vemurafenib_AML_183_03	232.45647	1.4
AML_184_01	Vemurafenib	Vemurafenib_AML_184_01	237.95848	0.0
AML_185_01	Vemurafenib	Vemurafenib_AML_185_01	239.6411	1.8
AML_001_03	Venetoclax	Venetoclax_AML_001_03	177.8613	1.2
AML_003_02	Venetoclax	Venetoclax_AML_003_02	119.043495	18.6
AML_004_01	Venetoclax	Venetoclax_AML_004_01	149.86363	28.3
AML_013_01	Venetoclax	Venetoclax_AML_013_01	121.263885	34.6
AML_015_01	Venetoclax	Venetoclax_AML_015_01	130.27228	23.3
AML_015_02	Venetoclax	Venetoclax_AML_015_02	197.71999	4.3
AML_015_03	Venetoclax	Venetoclax_AML_015_03	182.67934	16.6
AML_015_04	Venetoclax	Venetoclax_AML_015_04	121.75447	35.2
AML_018_01	Venetoclax	Venetoclax_AML_018_01	160.45692	23.5
AML_020_01	Venetoclax	Venetoclax_AML_020_01	113.96553	30.0
AML_024_01	Venetoclax	Venetoclax_AML_024_01	115.54266	7.2
AML_026_01	Venetoclax	Venetoclax_AML_026_01	176.44719	10.1
AML_028_01	Venetoclax	Venetoclax_AML_028_01	131.59007	22.0
AML_028_04	Venetoclax	Venetoclax_AML_028_04	123.4484	34.8
AML_030_01	Venetoclax	Venetoclax_AML_030_01	181.12154	11.8
AML_032_01	Venetoclax	Venetoclax_AML_032_01	129.13605	10.3
AML_033_01	Venetoclax	Venetoclax_AML_033_01	128.25853	10.8
AML_033_02	Venetoclax	Venetoclax_AML_033_02	104.19324	3.5
AML_035_02	Venetoclax	Venetoclax_AML_035_02	138.08894	0.0
AML_035_04	Venetoclax	Venetoclax_AML_035_04	125.46806	0.0
AML_036_01	Venetoclax	Venetoclax_AML_036_01	192.68105	3.4
AML_040_01	Venetoclax	Venetoclax_AML_040_01	164.65457	14.2
AML_041_01	Venetoclax	Venetoclax_AML_041_01	197.32863	8.5
AML_042_01	Venetoclax	Venetoclax_AML_042_01	193.58562	23.7
AML_043_02	Venetoclax	Venetoclax_AML_043_02	111.456696	2.5
AML_045_01	Venetoclax	Venetoclax_AML_045_01	145.73781	23.2
AML_046_01	Venetoclax	Venetoclax_AML_046_01	126.12365	42.2
AML_051_01	Venetoclax	Venetoclax_AML_051_01	140.16617	17.6
AML_053_01	Venetoclax	Venetoclax_AML_053_01	164.669	14.7
AML_054_01	Venetoclax	Venetoclax_AML_054_01	112.02244	38.5
AML_057_01	Venetoclax	Venetoclax_AML_057_01	195.88847	10.1
AML_058_01	Venetoclax	Venetoclax_AML_058_01	150.68573	21.2
AML_059_01	Venetoclax	Venetoclax_AML_059_01	141.14519	31.9
AML_060_01	Venetoclax	Venetoclax_AML_060_01	115.59266	38.3
AML_061_01	Venetoclax	Venetoclax_AML_061_01	137.42177	32.4
AML_062_01	Venetoclax	Venetoclax_AML_062_01	194.56136	14.2
AML_064_01	Venetoclax	Venetoclax_AML_064_01	209.78767	6.0
AML_065_01	Venetoclax	Venetoclax_AML_065_01	167.35376	24.2
AML_067_01	Venetoclax	Venetoclax_AML_067_01	202.66246	12.7
AML_070_01	Venetoclax	Venetoclax_AML_070_01	167.7157	11.2
AML_072_01	Venetoclax	Venetoclax_AML_072_01	131.74112	26.7
AML_073_01	Venetoclax	Venetoclax_AML_073_01	127.41858	22.0
AML_074_01	Venetoclax	Venetoclax_AML_074_01	193.611	5.8
AML_075_01	Venetoclax	Venetoclax_AML_075_01	178.74623	13.6
AML_076_01	Venetoclax	Venetoclax_AML_076_01	175.86415	8.0
AML_076_02	Venetoclax	Venetoclax_AML_076_02	144.44437	0.0
AML_077_01	Venetoclax	Venetoclax_AML_077_01	138.82878	7.9
AML_084_01	Venetoclax	Venetoclax_AML_084_01	138.98676	36.9
AML_086_02	Venetoclax	Venetoclax_AML_086_02	129.75563	13.9
AML_098_01	Venetoclax	Venetoclax_AML_098_01	196.34824	0.0
AML_100_01	Venetoclax	Venetoclax_AML_100_01	176.47415	13.2
AML_101_01	Venetoclax	Venetoclax_AML_101_01	144.92847	5.6
AML_101_02	Venetoclax	Venetoclax_AML_101_02	137.89102	4.1
AML_102_01	Venetoclax	Venetoclax_AML_102_01	202.14714	0.0
AML_103_01	Venetoclax	Venetoclax_AML_103_01	201.43855	0.0
AML_104_01	Venetoclax	Venetoclax_AML_104_01	197.60916	0.3
AML_108_01	Venetoclax	Venetoclax_AML_108_01	187.338	0.0
AML_109_01	Venetoclax	Venetoclax_AML_109_01	117.8368	16.1
AML_110_01	Venetoclax	Venetoclax_AML_110_01	169.37936	0.9
AML_112_01	Venetoclax	Venetoclax_AML_112_01	192.04655	3.9
AML_113_01	Venetoclax	Venetoclax_AML_113_01	151.6161	13.6
AML_114_01	Venetoclax	Venetoclax_AML_114_01	186.29962	3.1
AML_115_01	Venetoclax	Venetoclax_AML_115_01	161.61159	17.8
AML_116_01	Venetoclax	Venetoclax_AML_116_01	171.5043	11.2
AML_117_01	Venetoclax	Venetoclax_AML_117_01	177.00421	12.6
AML_119_01	Venetoclax	Venetoclax_AML_119_01	202.26494	2.3
AML_122_01	Venetoclax	Venetoclax_AML_122_01	213.7446	0.3
AML_123_01	Venetoclax	Venetoclax_AML_123_01	186.32742	4.4
AML_124_01	Venetoclax	Venetoclax_AML_124_01	161.99129	5.4
AML_125_01	Venetoclax	Venetoclax_AML_125_01	125.503174	13.5
AML_126_01	Venetoclax	Venetoclax_AML_126_01	187.0669	17.8
AML_127_01	Venetoclax	Venetoclax_AML_127_01	191.29814	2.2
AML_128_01	Venetoclax	Venetoclax_AML_128_01	147.16692	12.1
AML_131_01	Venetoclax	Venetoclax_AML_131_01	202.8112	0.0
AML_142_01	Venetoclax	Venetoclax_AML_142_01	117.89906	29.6
AML_143_01	Venetoclax	Venetoclax_AML_143_01	158.40265	7.9
AML_144_01	Venetoclax	Venetoclax_AML_144_01	153.58151	0.6
AML_146_01	Venetoclax	Venetoclax_AML_146_01	168.05838	0.0
AML_147_01	Venetoclax	Venetoclax_AML_147_01	176.922	9.6
AML_151_01	Venetoclax	Venetoclax_AML_151_01	184.82964	11.7
AML_152_01	Venetoclax	Venetoclax_AML_152_01	137.8647	0.0
AML_153_01	Venetoclax	Venetoclax_AML_153_01	109.1505	15.4
AML_156_01	Venetoclax	Venetoclax_AML_156_01	145.70427	15.9
AML_157_01	Venetoclax	Venetoclax_AML_157_01	187.72916	6.7
AML_157_02	Venetoclax	Venetoclax_AML_157_02	185.67871	2.1
AML_158_01	Venetoclax	Venetoclax_AML_158_01	165.89253	9.2
AML_159_01	Venetoclax	Venetoclax_AML_159_01	148.77953	15.1
AML_160_01	Venetoclax	Venetoclax_AML_160_01	180.56863	3.2
AML_161_01	Venetoclax	Venetoclax_AML_161_01	120.379906	0.0
AML_175_01	Venetoclax	Venetoclax_AML_175_01	192.08891	12.1
AML_183_01	Venetoclax	Venetoclax_AML_183_01	193.09286	1.8
AML_183_02	Venetoclax	Venetoclax_AML_183_02	200.36023	1.1
AML_001_01	Vismodegib	Vismodegib_AML_001_01	264.2154	0.3
AML_001_03	Vismodegib	Vismodegib_AML_001_03	259.57922	0.3
AML_002_01	Vismodegib	Vismodegib_AML_002_01	257.8687	0.0
AML_003_02	Vismodegib	Vismodegib_AML_003_02	245.15594	0.0
AML_004_01	Vismodegib	Vismodegib_AML_004_01	265.60876	0.0
AML_006_02	Vismodegib	Vismodegib_AML_006_02	257.97076	0.0
AML_007_01	Vismodegib	Vismodegib_AML_007_01	255.02177	0.0
AML_007_02	Vismodegib	Vismodegib_AML_007_02	254.99927	0.0
AML_012_01	Vismodegib	Vismodegib_AML_012_01	253.93797	0.0
AML_013_01	Vismodegib	Vismodegib_AML_013_01	263.45163	0.0
AML_014_01	Vismodegib	Vismodegib_AML_014_01	260.6489	0.0
AML_015_01	Vismodegib	Vismodegib_AML_015_01	263.61185	0.0
AML_015_02	Vismodegib	Vismodegib_AML_015_02	251.65077	0.0
AML_015_03	Vismodegib	Vismodegib_AML_015_03	258.97104	0.0
AML_015_04	Vismodegib	Vismodegib_AML_015_04	256.27664	0.0
AML_018_01	Vismodegib	Vismodegib_AML_018_01	250.73961	0.0
AML_019_01	Vismodegib	Vismodegib_AML_019_01	250.53275	1.3
AML_020_01	Vismodegib	Vismodegib_AML_020_01	259.9777	0.0
AML_022_01	Vismodegib	Vismodegib_AML_022_01	254.99625	0.0
AML_023_01	Vismodegib	Vismodegib_AML_023_01	251.75366	0.0
AML_023_03	Vismodegib	Vismodegib_AML_023_03	251.34653	0.0
AML_023_04	Vismodegib	Vismodegib_AML_023_04	252.27258	0.0
AML_024_01	Vismodegib	Vismodegib_AML_024_01	262.88107	2.0
AML_025_01	Vismodegib	Vismodegib_AML_025_01	262.66608	0.8
AML_026_01	Vismodegib	Vismodegib_AML_026_01	266.1971	0.0
AML_028_01	Vismodegib	Vismodegib_AML_028_01	260.28625	0.9
AML_028_04	Vismodegib	Vismodegib_AML_028_04	245.42581	0.0
AML_029_01	Vismodegib	Vismodegib_AML_029_01	254.86723	0.0
AML_030_01	Vismodegib	Vismodegib_AML_030_01	254.53473	0.0
AML_032_01	Vismodegib	Vismodegib_AML_032_01	262.64258	0.0
AML_033_01	Vismodegib	Vismodegib_AML_033_01	258.8176	1.4
AML_033_02	Vismodegib	Vismodegib_AML_033_02	250.32297	0.3
AML_035_02	Vismodegib	Vismodegib_AML_035_02	259.82333	0.0
AML_035_04	Vismodegib	Vismodegib_AML_035_04	244.61256	0.0
AML_036_01	Vismodegib	Vismodegib_AML_036_01	261.07346	0.8
AML_040_01	Vismodegib	Vismodegib_AML_040_01	265.6991	0.0
AML_041_01	Vismodegib	Vismodegib_AML_041_01	257.45828	0.0
AML_042_01	Vismodegib	Vismodegib_AML_042_01	255.62715	0.0
AML_043_02	Vismodegib	Vismodegib_AML_043_02	251.90984	0.7
AML_045_01	Vismodegib	Vismodegib_AML_045_01	260.10168	0.0
AML_046_01	Vismodegib	Vismodegib_AML_046_01	255.91089	1.3
AML_051_01	Vismodegib	Vismodegib_AML_051_01	259.60065	0.0
AML_052_01	Vismodegib	Vismodegib_AML_052_01	262.7942	0.0
AML_053_01	Vismodegib	Vismodegib_AML_053_01	264.7023	0.0
AML_054_01	Vismodegib	Vismodegib_AML_054_01	260.46927	0.0
AML_057_01	Vismodegib	Vismodegib_AML_057_01	260.5303	0.4
AML_058_01	Vismodegib	Vismodegib_AML_058_01	261.9569	0.0
AML_059_01	Vismodegib	Vismodegib_AML_059_01	261.51743	0.3
AML_060_01	Vismodegib	Vismodegib_AML_060_01	259.06232	0.0
AML_061_01	Vismodegib	Vismodegib_AML_061_01	258.7043	0.6
AML_062_01	Vismodegib	Vismodegib_AML_062_01	250.06743	2.3
AML_064_01	Vismodegib	Vismodegib_AML_064_01	247.99107	0.4
AML_065_01	Vismodegib	Vismodegib_AML_065_01	254.88007	0.0
AML_067_01	Vismodegib	Vismodegib_AML_067_01	256.01242	0.0
AML_070_01	Vismodegib	Vismodegib_AML_070_01	256.86584	0.0
AML_072_01	Vismodegib	Vismodegib_AML_072_01	263.78622	0.0
AML_073_01	Vismodegib	Vismodegib_AML_073_01	255.68646	0.6
AML_074_01	Vismodegib	Vismodegib_AML_074_01	261.95123	0.4
AML_075_01	Vismodegib	Vismodegib_AML_075_01	253.09444	0.0
AML_076_01	Vismodegib	Vismodegib_AML_076_01	254.78201	2.4
AML_076_02	Vismodegib	Vismodegib_AML_076_02	256.89856	0.0
AML_077_01	Vismodegib	Vismodegib_AML_077_01	258.8808	0.8
AML_078_02	Vismodegib	Vismodegib_AML_078_02	255.44615	0.0
AML_084_01	Vismodegib	Vismodegib_AML_084_01	251.41617	0.0
AML_086_02	Vismodegib	Vismodegib_AML_086_02	258.30682	1.1
AML_098_01	Vismodegib	Vismodegib_AML_098_01	257.83252	1.0
AML_100_01	Vismodegib	Vismodegib_AML_100_01	262.72098	0.1
AML_101_01	Vismodegib	Vismodegib_AML_101_01	252.54774	4.7
AML_101_02	Vismodegib	Vismodegib_AML_101_02	253.97821	0.0
AML_102_01	Vismodegib	Vismodegib_AML_102_01	253.31125	0.3
AML_103_01	Vismodegib	Vismodegib_AML_103_01	244.74481	0.4
AML_103_02	Vismodegib	Vismodegib_AML_103_02	251.93773	0.0
AML_104_01	Vismodegib	Vismodegib_AML_104_01	258.21375	0.0
AML_108_01	Vismodegib	Vismodegib_AML_108_01	259.5627	4.2
AML_109_01	Vismodegib	Vismodegib_AML_109_01	251.88354	0.0
AML_110_01	Vismodegib	Vismodegib_AML_110_01	259.00784	0.5
AML_112_01	Vismodegib	Vismodegib_AML_112_01	254.96814	0.4
AML_112_02	Vismodegib	Vismodegib_AML_112_02	255.88881	0.0
AML_113_01	Vismodegib	Vismodegib_AML_113_01	258.5019	0.7
AML_114_01	Vismodegib	Vismodegib_AML_114_01	253.82535	0.3
AML_115_01	Vismodegib	Vismodegib_AML_115_01	257.15894	0.0
AML_116_01	Vismodegib	Vismodegib_AML_116_01	258.97946	3.4
AML_117_01	Vismodegib	Vismodegib_AML_117_01	260.61484	1.6
AML_119_01	Vismodegib	Vismodegib_AML_119_01	252.27649	0.3
AML_120_01	Vismodegib	Vismodegib_AML_120_01	255.69284	0.0
AML_120_03	Vismodegib	Vismodegib_AML_120_03	254.68822	0.0
AML_122_01	Vismodegib	Vismodegib_AML_122_01	248.04004	0.0
AML_123_01	Vismodegib	Vismodegib_AML_123_01	266.1028	1.3
AML_124_01	Vismodegib	Vismodegib_AML_124_01	261.60312	2.9
AML_125_01	Vismodegib	Vismodegib_AML_125_01	262.431	0.0
AML_126_01	Vismodegib	Vismodegib_AML_126_01	253.98712	0.3
AML_127_01	Vismodegib	Vismodegib_AML_127_01	259.7882	4.7
AML_128_01	Vismodegib	Vismodegib_AML_128_01	260.3275	0.0
AML_129_02	Vismodegib	Vismodegib_AML_129_02	262.16843	0.0
AML_129_03	Vismodegib	Vismodegib_AML_129_03	258.162	0.0
AML_131_01	Vismodegib	Vismodegib_AML_131_01	255.33989	0.0
AML_133_01	Vismodegib	Vismodegib_AML_133_01	257.28952	0.0
AML_134_01	Vismodegib	Vismodegib_AML_134_01	251.36575	0.0
AML_135_01	Vismodegib	Vismodegib_AML_135_01	258.8345	2.3
AML_138_01	Vismodegib	Vismodegib_AML_138_01	259.0862	0.0
AML_139_01	Vismodegib	Vismodegib_AML_139_01	266.4641	0.1
AML_140_01	Vismodegib	Vismodegib_AML_140_01	264.02243	0.0
AML_142_01	Vismodegib	Vismodegib_AML_142_01	253.38524	0.0
AML_143_01	Vismodegib	Vismodegib_AML_143_01	260.6648	0.0
AML_144_01	Vismodegib	Vismodegib_AML_144_01	264.808	0.0
AML_146_01	Vismodegib	Vismodegib_AML_146_01	264.6011	0.0
AML_147_01	Vismodegib	Vismodegib_AML_147_01	261.2935	0.0
AML_151_01	Vismodegib	Vismodegib_AML_151_01	257.19766	0.0
AML_152_01	Vismodegib	Vismodegib_AML_152_01	262.3027	0.0
AML_153_01	Vismodegib	Vismodegib_AML_153_01	249.71121	0.0
AML_156_01	Vismodegib	Vismodegib_AML_156_01	257.90872	0.0
AML_157_01	Vismodegib	Vismodegib_AML_157_01	256.0658	2.7
AML_157_02	Vismodegib	Vismodegib_AML_157_02	256.9991	0.0
AML_158_01	Vismodegib	Vismodegib_AML_158_01	264.53223	0.1
AML_159_01	Vismodegib	Vismodegib_AML_159_01	263.12622	0.3
AML_160_01	Vismodegib	Vismodegib_AML_160_01	256.0948	0.0
AML_161_01	Vismodegib	Vismodegib_AML_161_01	256.7057	0.0
AML_175_01	Vismodegib	Vismodegib_AML_175_01	265.6427	0.0
AML_179_01	Vismodegib	Vismodegib_AML_179_01	257.3753	0.0
AML_183_01	Vismodegib	Vismodegib_AML_183_01	262.31952	1.8
AML_183_02	Vismodegib	Vismodegib_AML_183_02	253.81367	0.0
AML_183_03	Vismodegib	Vismodegib_AML_183_03	253.32022	0.0
AML_184_01	Vismodegib	Vismodegib_AML_184_01	260.06555	0.0
AML_185_01	Vismodegib	Vismodegib_AML_185_01	263.09628	0.2
AML_001_03	Volasertib	Volasertib_AML_001_03	175.38074	14.6
AML_003_02	Volasertib	Volasertib_AML_003_02	183.87454	16.5
AML_004_01	Volasertib	Volasertib_AML_004_01	171.52153	7.2
AML_006_02	Volasertib	Volasertib_AML_006_02	172.64333	1.2
AML_007_01	Volasertib	Volasertib_AML_007_01	173.92744	3.9
AML_007_02	Volasertib	Volasertib_AML_007_02	175.9106	0.4
AML_012_01	Volasertib	Volasertib_AML_012_01	181.25174	0.2
AML_013_01	Volasertib	Volasertib_AML_013_01	176.05821	5.0
AML_014_01	Volasertib	Volasertib_AML_014_01	171.24077	10.0
AML_015_01	Volasertib	Volasertib_AML_015_01	176.42943	10.7
AML_015_02	Volasertib	Volasertib_AML_015_02	180.55142	6.8
AML_015_03	Volasertib	Volasertib_AML_015_03	176.72246	13.7
AML_015_04	Volasertib	Volasertib_AML_015_04	179.19511	6.5
AML_018_01	Volasertib	Volasertib_AML_018_01	175.71829	14.1
AML_019_01	Volasertib	Volasertib_AML_019_01	181.15746	2.2
AML_020_01	Volasertib	Volasertib_AML_020_01	182.1879	3.5
AML_023_04	Volasertib	Volasertib_AML_023_04	175.901	8.3
AML_024_01	Volasertib	Volasertib_AML_024_01	173.45058	7.3
AML_025_01	Volasertib	Volasertib_AML_025_01	179.69853	5.0
AML_026_01	Volasertib	Volasertib_AML_026_01	174.99509	2.1
AML_028_01	Volasertib	Volasertib_AML_028_01	176.60791	2.9
AML_028_04	Volasertib	Volasertib_AML_028_04	180.28949	9.9
AML_029_01	Volasertib	Volasertib_AML_029_01	177.10867	2.2
AML_030_01	Volasertib	Volasertib_AML_030_01	170.55446	2.0
AML_032_01	Volasertib	Volasertib_AML_032_01	177.49846	7.5
AML_033_01	Volasertib	Volasertib_AML_033_01	176.25172	22.5
AML_033_02	Volasertib	Volasertib_AML_033_02	176.84633	19.4
AML_035_02	Volasertib	Volasertib_AML_035_02	180.95868	17.5
AML_035_04	Volasertib	Volasertib_AML_035_04	184.813	13.5
AML_036_01	Volasertib	Volasertib_AML_036_01	171.27234	13.0
AML_040_01	Volasertib	Volasertib_AML_040_01	165.30452	7.8
AML_041_01	Volasertib	Volasertib_AML_041_01	172.74625	2.4
AML_042_01	Volasertib	Volasertib_AML_042_01	173.68817	5.6
AML_043_02	Volasertib	Volasertib_AML_043_02	183.45877	15.0
AML_045_01	Volasertib	Volasertib_AML_045_01	179.00343	0.0
AML_046_01	Volasertib	Volasertib_AML_046_01	173.63007	1.8
AML_051_01	Volasertib	Volasertib_AML_051_01	173.80772	1.9
AML_052_01	Volasertib	Volasertib_AML_052_01	173.01527	11.1
AML_053_01	Volasertib	Volasertib_AML_053_01	178.42387	10.1
AML_054_01	Volasertib	Volasertib_AML_054_01	175.36261	10.7
AML_057_01	Volasertib	Volasertib_AML_057_01	173.96228	5.2
AML_058_01	Volasertib	Volasertib_AML_058_01	172.99211	2.5
AML_059_01	Volasertib	Volasertib_AML_059_01	170.35764	2.1
AML_060_01	Volasertib	Volasertib_AML_060_01	176.91295	1.5
AML_061_01	Volasertib	Volasertib_AML_061_01	166.35094	5.0
AML_062_01	Volasertib	Volasertib_AML_062_01	168.65706	5.4
AML_064_01	Volasertib	Volasertib_AML_064_01	174.22473	6.6
AML_065_01	Volasertib	Volasertib_AML_065_01	171.3328	7.2
AML_067_01	Volasertib	Volasertib_AML_067_01	171.86382	6.4
AML_070_01	Volasertib	Volasertib_AML_070_01	171.7932	6.3
AML_072_01	Volasertib	Volasertib_AML_072_01	178.48006	0.0
AML_073_01	Volasertib	Volasertib_AML_073_01	183.80481	1.3
AML_074_01	Volasertib	Volasertib_AML_074_01	171.65598	5.8
AML_075_01	Volasertib	Volasertib_AML_075_01	170.8917	5.4
AML_076_01	Volasertib	Volasertib_AML_076_01	180.10802	6.8
AML_076_02	Volasertib	Volasertib_AML_076_02	169.16898	4.5
AML_077_01	Volasertib	Volasertib_AML_077_01	173.44856	9.6
AML_078_02	Volasertib	Volasertib_AML_078_02	175.42007	3.3
AML_084_01	Volasertib	Volasertib_AML_084_01	175.5178	6.2
AML_086_02	Volasertib	Volasertib_AML_086_02	182.59682	5.2
AML_098_01	Volasertib	Volasertib_AML_098_01	168.58363	5.4
AML_100_01	Volasertib	Volasertib_AML_100_01	171.1127	2.6
AML_101_01	Volasertib	Volasertib_AML_101_01	177.63518	6.6
AML_101_02	Volasertib	Volasertib_AML_101_02	187.93527	0.4
AML_102_01	Volasertib	Volasertib_AML_102_01	170.6036	3.8
AML_103_01	Volasertib	Volasertib_AML_103_01	167.44548	5.0
AML_103_02	Volasertib	Volasertib_AML_103_02	177.54507	15.9
AML_104_01	Volasertib	Volasertib_AML_104_01	171.45413	2.9
AML_108_01	Volasertib	Volasertib_AML_108_01	166.5117	7.7
AML_109_01	Volasertib	Volasertib_AML_109_01	174.27982	1.1
AML_110_01	Volasertib	Volasertib_AML_110_01	170.41064	11.9
AML_112_01	Volasertib	Volasertib_AML_112_01	168.00908	4.6
AML_112_02	Volasertib	Volasertib_AML_112_02	172.8999	4.5
AML_113_01	Volasertib	Volasertib_AML_113_01	172.62729	13.8
AML_114_01	Volasertib	Volasertib_AML_114_01	166.00674	0.2
AML_115_01	Volasertib	Volasertib_AML_115_01	168.1716	5.3
AML_116_01	Volasertib	Volasertib_AML_116_01	164.69157	6.2
AML_117_01	Volasertib	Volasertib_AML_117_01	174.1835	1.1
AML_119_01	Volasertib	Volasertib_AML_119_01	167.08429	6.0
AML_120_03	Volasertib	Volasertib_AML_120_03	175.01894	9.8
AML_122_01	Volasertib	Volasertib_AML_122_01	180.40523	1.0
AML_123_01	Volasertib	Volasertib_AML_123_01	171.61482	4.9
AML_124_01	Volasertib	Volasertib_AML_124_01	172.57385	16.6
AML_125_01	Volasertib	Volasertib_AML_125_01	171.64163	14.7
AML_126_01	Volasertib	Volasertib_AML_126_01	175.72281	6.0
AML_127_01	Volasertib	Volasertib_AML_127_01	168.84695	10.9
AML_128_01	Volasertib	Volasertib_AML_128_01	179.32043	3.8
AML_131_01	Volasertib	Volasertib_AML_131_01	173.38004	3.4
AML_133_01	Volasertib	Volasertib_AML_133_01	179.00703	2.7
AML_134_01	Volasertib	Volasertib_AML_134_01	183.0574	1.7
AML_135_01	Volasertib	Volasertib_AML_135_01	180.21696	5.7
AML_138_01	Volasertib	Volasertib_AML_138_01	184.50406	9.6
AML_139_01	Volasertib	Volasertib_AML_139_01	176.68742	4.4
AML_140_01	Volasertib	Volasertib_AML_140_01	171.90614	9.1
AML_142_01	Volasertib	Volasertib_AML_142_01	181.3046	4.5
AML_143_01	Volasertib	Volasertib_AML_143_01	171.81084	4.7
AML_144_01	Volasertib	Volasertib_AML_144_01	180.26709	8.6
AML_146_01	Volasertib	Volasertib_AML_146_01	172.517	1.9
AML_147_01	Volasertib	Volasertib_AML_147_01	176.37503	1.9
AML_151_01	Volasertib	Volasertib_AML_151_01	170.3112	7.1
AML_152_01	Volasertib	Volasertib_AML_152_01	172.82127	16.3
AML_153_01	Volasertib	Volasertib_AML_153_01	182.82965	0.0
AML_156_01	Volasertib	Volasertib_AML_156_01	174.62474	5.9
AML_157_01	Volasertib	Volasertib_AML_157_01	174.89061	7.4
AML_157_02	Volasertib	Volasertib_AML_157_02	174.85266	5.6
AML_158_01	Volasertib	Volasertib_AML_158_01	177.94653	4.6
AML_159_01	Volasertib	Volasertib_AML_159_01	178.33376	8.3
AML_160_01	Volasertib	Volasertib_AML_160_01	178.48232	2.5
AML_161_01	Volasertib	Volasertib_AML_161_01	178.36394	18.3
AML_175_01	Volasertib	Volasertib_AML_175_01	174.16158	2.7
AML_183_01	Volasertib	Volasertib_AML_183_01	172.08582	4.7
AML_183_02	Volasertib	Volasertib_AML_183_02	166.7798	4.9
AML_183_03	Volasertib	Volasertib_AML_183_03	171.09262	4.7
